s,code,name,signal_date,ym,window,nodip0,nodip3,tp,ret_pct,held_bars,nodip0_择时_logit,nodip0_择时_gbm,nodip0_个股_logit,nodip0_个股_gbm,nodip0_合并_logit,nodip0_合并_gbm,nodip3_择时_logit,nodip3_择时_gbm,nodip3_个股_logit,nodip3_个股_gbm,nodip3_合并_logit,nodip3_合并_gbm
0,600761,安徽合力,2008-06-30,2008-06,A,0,0,0,-40.9977,78,2.980451144311886e-15,0.06480170494762805,0.9368183962126061,0.19882566238380417,2.664028965552672e-11,0.16865088814823007,5.22335595879799e-15,0.15187665341001788,0.8265938661739117,0.27241674398581506,4.583508493772271e-15,0.4867715869640667
1,000810,创维数字,2008-07-04,2008-07,A,0,0,1,40.6716,201,0.3977869121582058,0.1389435307696934,0.6119148533533794,0.3004991528741404,0.5337663418933031,0.21546506188661776,0.6328387598990922,0.3599654881949316,0.6721548700417113,0.30707052276058977,0.7516083066004031,0.35514240730312224
2,600011,华能国际,2008-09-04,2008-09,A,0,0,1,43.7057,217,0.4548389447706785,0.09233776333849543,0.41098765866384135,0.07236864370522611,0.36234234504376944,0.12706420606259478,0.6935957821548373,0.2364969176097978,0.46041606649905176,0.06984846075724947,0.5712579334851161,0.22957604792412264
3,600712,南宁百货,2008-09-04,2008-09,A,0,0,1,40.4,126,0.4548389447706785,0.09233776333849543,0.7436781840724574,0.28772468282880703,0.7362018719023972,0.4054368330480966,0.6935957821548373,0.2364969176097978,0.6800815232185728,0.4805441761639666,0.776006873354482,0.582248417779859
4,600208,衢州发展,2008-09-23,2008-09,A,0,0,1,40.1028,41,0.5271466121817657,0.149077990369315,0.43880693376518015,0.25696507801392676,0.6121420195214303,0.46595119399287677,0.5793932018569605,0.6701110513667426,0.4756472743894036,0.1754550401580471,0.6086874039544513,0.5794340729550707
5,000636,风华高科,2008-09-24,2008-09,A,0,0,1,41.018,87,0.4659179217746951,0.2116380060687354,0.6352920630232735,0.30240239500184257,0.7545898766885675,0.5111857746539635,0.6792470154883714,0.5768094837004941,0.6699617383206776,0.12849984286061028,0.8716759380314825,0.2814755725484462
6,600184,光电股份,2008-09-24,2008-09,A,0,1,1,46.6346,27,0.4659179217746951,0.2116380060687354,0.5859031054851676,0.19174860173127994,0.5867896027499764,0.4085707272782919,0.6792470154883714,0.5768094837004941,0.5298234065598741,0.3042484424087179,0.5549307177251371,0.3444802005631608
7,600874,创业环保,2008-09-24,2008-09,A,0,0,1,41.0462,95,0.4659179217746951,0.2116380060687354,0.7557829320387925,0.15684569834120637,0.7094782047018574,0.23601811857581753,0.6792470154883714,0.5768094837004941,0.58695893100409,0.2026675368673728,0.5952502472485892,0.39045863024836736
8,002082,ST万邦,2008-09-26,2008-09,A,0,0,1,47.541,89,0.365034198032852,0.1699809110289287,0.5946521590941849,0.07828410752243302,0.6613456601546588,0.09740690632668365,0.35032343389490117,0.4358380459757158,0.47499666851023375,0.2367557670741844,0.4632549313507154,0.4550290717413735
9,600724,宁波富达,2008-09-26,2008-09,A,0,0,1,43.8725,85,0.365034198032852,0.1699809110289287,0.5800378132939054,0.3909743008310016,0.5540005171702722,0.5072993398448404,0.35032343389490117,0.4358380459757158,0.375575006407806,0.2353956786887228,0.3104958084329651,0.3917863711640614
10,600229,城市传媒,2008-10-28,2008-10,A,0,0,1,44.6469,66,0.4248111866736637,0.0162910703629104,0.5570292668787317,0.11095845019966276,0.38778006072952764,0.05635061044921388,0.3054126765028079,0.11251539501344575,0.40008944473089936,0.33693079454012714,0.15262188184496975,0.1835274158455082
11,600037,歌华有线,2008-11-11,2008-11,A,0,1,1,42.9772,60,0.031418688294094096,0.021343601615978966,0.20209859519001144,0.028275699190532695,0.019237117884431876,0.030429517453028646,0.1713144928604876,0.17681302603942217,0.39257674058447845,0.10619646781198816,0.18741677659654238,0.15937270944642776
12,600287,苏豪时尚,2008-11-12,2008-11,A,1,1,1,41.9753,55,0.021887869721376442,0.01693847909584182,0.15131490528595656,0.025142925139983424,0.00798670977882892,0.011844836704139923,0.18819277205836968,0.11347986330471127,0.33920048295570154,0.18887060048430054,0.16676020485727994,0.10773124085502724
13,600869,远东股份,2008-11-12,2008-11,A,1,1,1,42.6443,20,0.021887869721376442,0.01693847909584182,0.46131949659169696,0.08348383867644431,0.047647411334143616,0.020682330561720513,0.18819277205836968,0.11347986330471127,0.5151612778954772,0.10611450962846013,0.34691188240991366,0.0927860459404924
14,300002,神州泰岳,2011-05-31,2011-05,A,0,0,0,-40.6752,141,0.37307202967267145,0.2132285543119879,0.15848304202937105,0.013141625983946626,0.28576058906395774,0.021758220896436618,0.395323432150255,0.06096229169202642,0.4247529826469809,0.18881686494831917,0.47116619066671345,0.23817227434420732
15,002107,沃华医药,2011-06-27,2011-06,A,0,0,1,44.752,774,0.12876281882119306,0.005752170442077908,0.03256426072768445,0.005540478053145176,0.007816254382478422,0.005840229358569158,0.19060814346194319,0.03959072882084357,0.11301100643777008,0.028699030949236246,0.06928200710129508,0.011733846444093823
16,600664,哈药股份,2011-06-28,2011-06,A,0,0,0,-40.7368,179,0.13955653925722922,0.005752170442077908,0.06713641741019927,0.006636582974887649,0.018813080986771532,0.006599469402349765,0.18098808569998434,0.01182599540489491,0.26352029595484944,0.021339808346337346,0.1782527620578069,0.011417917021252486
17,601328,交通银行,2011-08-11,2011-08,A,0,0,1,48.3736,797,0.031462734921342245,0.01011583463201143,0.025927271032359867,0.009274783980117846,0.0035155289391845135,0.007448192573240188,0.28461209269438714,0.014555662913228459,0.1525277559278623,0.09995126251415604,0.19149868259775105,0.020450663282531218
18,002309,中利集团,2011-10-28,2011-10,A,0,0,1,41.4501,367,0.1718517069768663,0.010511995205743542,0.16973481287467512,0.032537614474929935,0.09840363330101987,0.024074673403523875,0.41302090011027365,0.16156196256941122,0.258111899293744,0.06640475994486822,0.22217970894240693,0.05361981752648705
19,600439,ST瑞贝卡,2011-10-28,2011-10,A,0,0,0,-40.7354,253,0.1718517069768663,0.010511995205743542,0.5351143496628602,0.02109339113970683,0.461561374546777,0.026685532349848006,0.41302090011027365,0.16156196256941122,0.5917519878542269,0.09934554423701124,0.5804690766455237,0.08961429150475736
20,002242,九阳股份,2011-10-31,2011-10,A,0,0,1,44.1237,513,0.22932033456632112,0.014338082984853786,0.13298983897849384,0.009930325576093935,0.16480550919792922,0.014693161512473036,0.46561783415169516,0.015296344071382991,0.3826536168420504,0.030069235674091414,0.4618623147003257,0.010561022642754884
21,600392,盛和资源,2011-11-02,2011-11,A,0,0,0,-41.4634,35,0.07236023155179784,0.011750650629434672,0.1804264244296517,0.061577967529733914,0.03620704552594083,0.018834255067435936,0.22178157802531703,0.19865589578559448,0.24530734159047263,0.2491424379986747,0.11887430545619411,0.10135907283726565
22,601818,光大银行,2011-12-22,2011-12,A,0,0,1,42.3279,272,0.3024323640588535,0.05023108905863993,0.030809291192547935,0.006618039741303978,0.09182832333852974,0.007071930061960871,0.3133216899208106,0.1400413800819912,0.13742073431380492,0.023709048215119446,0.18422554143791714,0.030570642147900198
23,600704,物产中大,2011-12-26,2011-12,A,0,0,1,41.3212,47,0.31100546139356317,0.06782708916518328,0.10795178246218676,0.04668846784779821,0.18387303420100926,0.042979430084206786,0.34621300907065494,0.15514067886654345,0.3195704069723695,0.20765272357342232,0.377495431455777,0.07140442294933481
24,002354,天娱数科,2012-01-06,2012-01,A,0,0,1,44.6705,402,0.32680478892519393,0.01838562096920166,0.198120548226035,0.07037023966240945,0.18389537838023337,0.038135802479596075,0.4163772010531897,0.06251338937085539,0.3145114365202689,0.18654101426499786,0.2811285743341326,0.1652620363236337
25,000421,南京公用,2012-01-11,2012-01,A,0,0,1,43.3769,514,0.4323823553918361,0.04499150666158112,0.2072976248221632,0.04566326554023964,0.25829907275897684,0.07543872852483083,0.552894615297404,0.41361226216199154,0.431475285317848,0.07181383399581183,0.5871230785734587,0.22980258807779214
26,000912,泸天化,2012-01-11,2012-01,A,0,0,1,46.0457,729,0.4323823553918361,0.04499150666158112,0.27113461717709403,0.02252282880076269,0.287000044351054,0.04031524966548685,0.552894615297404,0.41361226216199154,0.4128863167267611,0.2834074784829053,0.5581839568425159,0.43199059407647156
27,002312,川发龙蟒,2012-01-11,2012-01,A,0,0,1,42.2764,37,0.4323823553918361,0.04499150666158112,0.44809984903114447,0.31344125205849344,0.500826722960515,0.3030593473591895,0.552894615297404,0.41361226216199154,0.4814242481905737,0.34665975597902443,0.5640361141560895,0.3390500935262986
28,002363,隆基机械,2012-01-11,2012-01,A,0,0,1,41.9079,467,0.4323823553918361,0.04499150666158112,0.12026211817547384,0.1426435309040324,0.14237400356234908,0.1469155600392458,0.552894615297404,0.41361226216199154,0.29158885138499624,0.09212571050496565,0.4267998840122483,0.23172049897474384
29,002398,垒知集团,2012-01-11,2012-01,A,0,0,1,41.2145,72,0.4323823553918361,0.04499150666158112,0.30201839983149714,0.2281756824615182,0.3070248702303622,0.21471569714884897,0.552894615297404,0.41361226216199154,0.4244672643876077,0.27559192664721127,0.5641801634012643,0.4965119121742442
30,002434,万里扬,2012-01-11,2012-01,A,0,0,1,45.1238,568,0.4323823553918361,0.04499150666158112,0.3249214329791774,0.0977579590329511,0.37195985757825667,0.12758247568861739,0.552894615297404,0.41361226216199154,0.468953245253596,0.3653702453885562,0.6197945124475368,0.5085987517835843
31,002444,巨星科技,2012-01-11,2012-01,A,0,0,1,40.3397,318,0.4323823553918361,0.04499150666158112,0.19775278548408343,0.08435612616368694,0.21312828348370985,0.1290478922197448,0.552894615297404,0.41361226216199154,0.32380054953809234,0.21054751365250862,0.4382786101860084,0.5591789177711209
32,002543,万和电气,2012-01-11,2012-01,A,0,0,1,41.6989,458,0.4323823553918361,0.04499150666158112,0.10728105511406635,0.01047857961131975,0.12770489966944312,0.02955776990009394,0.552894615297404,0.41361226216199154,0.32042330907733735,0.13360925217988806,0.4654076710213125,0.16980448286415742
33,300010,ST豆神,2012-01-11,2012-01,A,0,0,0,-40.5314,212,0.4323823553918361,0.04499150666158112,0.8174797461751709,0.08587953359387376,0.8193594012005191,0.08899653981730181,0.552894615297404,0.41361226216199154,0.7948273749845352,0.44784124694962524,0.8629280787288715,0.5263499541928653
34,600075,新疆天业,2012-01-11,2012-01,A,0,0,0,-40.8339,498,0.4323823553918361,0.04499150666158112,0.30612470503684225,0.05936005982903747,0.3328930149735745,0.06651478517324082,0.552894615297404,0.41361226216199154,0.4485436943803429,0.2253160024924458,0.6006221753527307,0.4395877692647582
35,600158,中体产业,2012-01-11,2012-01,A,0,0,1,41.3819,408,0.4323823553918361,0.04499150666158112,0.11036659656282555,0.026159183657549278,0.12579067826933057,0.042827292000908734,0.552894615297404,0.41361226216199154,0.1635498878939046,0.1341510397709577,0.2460544378636246,0.13626301158765972
36,600237,铜峰电子,2012-01-11,2012-01,A,0,0,1,41.5303,515,0.4323823553918361,0.04499150666158112,0.32157997912009556,0.06651156437382245,0.34311020346053156,0.13603381512323134,0.552894615297404,0.41361226216199154,0.43046678724841964,0.21205245025391037,0.5459262044354385,0.34850304668876697
37,600257,大湖股份,2012-01-11,2012-01,A,0,0,1,42.5633,417,0.4323823553918361,0.04499150666158112,0.2441125931061667,0.10052865041504466,0.2322107321338265,0.11403833488642964,0.552894615297404,0.41361226216199154,0.4457740545036414,0.2228569112089199,0.510027449322845,0.261096675690285
38,600648,外高桥,2012-01-11,2012-01,A,0,0,1,44.1642,275,0.4323823553918361,0.04499150666158112,0.23514962129688227,0.03385662238751752,0.23970203266339746,0.05770613915782545,0.552894615297404,0.41361226216199154,0.4165347203680208,0.15019208058469063,0.5150537522760709,0.30840867444331344
39,600862,中航高科,2012-01-11,2012-01,A,0,0,1,41.7607,74,0.4323823553918361,0.04499150666158112,0.4003647947661079,0.06375071427882595,0.40445386281958556,0.06851957209785982,0.552894615297404,0.41361226216199154,0.4776950726501055,0.1694059742754521,0.5623829453500343,0.21362402013616758
40,000404,长虹华意,2012-01-12,2012-01,A,0,0,1,42.6667,173,0.4220214764234458,0.026209130783867243,0.44960532275673676,0.32903528047461816,0.4086265662000439,0.2809411152477117,0.521489089025226,0.21894955993963588,0.5640885583127292,0.4828902784347836,0.5968705809125585,0.5354980895711402
41,000546,金圆股份,2012-01-12,2012-01,A,0,0,1,40.6542,53,0.4220214764234458,0.026209130783867243,0.6376059487087757,0.16747792079688995,0.6387081029564197,0.21775724283519907,0.521489089025226,0.21894955993963588,0.5752283432644713,0.46304019557591947,0.6228821519897532,0.5828636929119049
42,000551,创元科技,2012-01-12,2012-01,A,0,0,1,41.8764,261,0.4220214764234458,0.026209130783867243,0.2752942328728116,0.31868764841967784,0.21985884888494697,0.31355046120607927,0.521489089025226,0.21894955993963588,0.29304042888358267,0.2909760045179964,0.33430993372405543,0.4159516647932729
43,000619,海螺新材,2012-01-12,2012-01,A,0,0,1,41.5541,121,0.4220214764234458,0.026209130783867243,0.3318543442565204,0.00873004485843823,0.34675815625152073,0.030702069972005988,0.521489089025226,0.21894955993963588,0.46062741116970624,0.09347819255323403,0.5228832974034986,0.21757567510877568
44,000882,华联股份,2012-01-12,2012-01,A,0,0,1,47.7474,769,0.4220214764234458,0.026209130783867243,0.3853653065907051,0.024969034145417204,0.3926077417242051,0.06749732896398426,0.521489089025226,0.21894955993963588,0.4731228738908794,0.07620698067359173,0.5340600865809441,0.20795124706616952
45,002105,信隆健康,2012-01-12,2012-01,A,0,0,1,51.4114,419,0.4220214764234458,0.026209130783867243,0.3094879870854637,0.09003703610993277,0.2914511829198154,0.09665490943324107,0.521489089025226,0.21894955993963588,0.38615427737447855,0.11458245643104563,0.4488047573761293,0.27475831382736254
46,002106,莱宝高科,2012-01-12,2012-01,A,0,0,1,40.7431,273,0.4220214764234458,0.026209130783867243,0.3848976076041091,0.361948875481529,0.36684540881187877,0.32098489778640776,0.521489089025226,0.21894955993963588,0.306817199166423,0.20781939658454796,0.33368834438662,0.23530662211967945
47,002228,合兴包装,2012-01-12,2012-01,A,0,0,1,40.2511,536,0.4220214764234458,0.026209130783867243,0.3729451823874225,0.02037670328109806,0.38879301296923563,0.043644215711779816,0.521489089025226,0.21894955993963588,0.49653030103727386,0.14404955025648422,0.565168355421808,0.22964210765795995
48,002270,华明装备,2012-01-12,2012-01,A,0,0,1,48.5745,42,0.4220214764234458,0.026209130783867243,0.3834976424304945,0.3471271549304573,0.3729967683714552,0.37366729610054067,0.521489089025226,0.21894955993963588,0.502037485767067,0.4605128381034721,0.5259340492478936,0.46657232567632645
49,002286,保龄宝,2012-01-12,2012-01,A,0,0,1,46.7229,289,0.4220214764234458,0.026209130783867243,0.16444977343986078,0.013968571694440384,0.17397519679606605,0.035285113365631574,0.521489089025226,0.21894955993963588,0.30650148124811494,0.03551344261290095,0.3591807859235808,0.07544175387995095
50,002319,乐通股份,2012-01-12,2012-01,A,0,0,1,43.9608,232,0.4220214764234458,0.026209130783867243,0.3875128453649352,0.07436505175463484,0.41565279511497355,0.12054128923971659,0.521489089025226,0.21894955993963588,0.4695086432229516,0.2947569679762511,0.5500852162841965,0.40901811531926224
51,002370,亚太药业,2012-01-12,2012-01,A,0,0,1,49.9367,317,0.4220214764234458,0.026209130783867243,0.2710616538118639,0.053827632800065195,0.25446607744011085,0.06259686216389906,0.521489089025226,0.21894955993963588,0.4503157813519406,0.11782339351167793,0.4892832743649016,0.24769375912718672
52,002489,浙江永强,2012-01-12,2012-01,A,0,0,1,43.2995,67,0.4220214764234458,0.026209130783867243,0.24470101089728774,0.020880544267460655,0.2506521177836127,0.0372261009067185,0.521489089025226,0.21894955993963588,0.3458463826756429,0.04699822934476432,0.4211246593896501,0.185887017996748
53,002490,山东墨龙,2012-01-12,2012-01,A,0,0,1,41.3897,54,0.4220214764234458,0.026209130783867243,0.37938733785947176,0.05729486478265152,0.40374676687781547,0.08438984764853888,0.521489089025226,0.21894955993963588,0.46699468420739093,0.18567098715350272,0.5399738976537746,0.31257356999872865
54,002491,通鼎互联,2012-01-12,2012-01,A,0,0,1,40.8994,384,0.4220214764234458,0.026209130783867243,0.24112896734535771,0.01244516455666214,0.2740231074684652,0.029520975061675895,0.521489089025226,0.21894955993963588,0.3397467755594608,0.05579835974677364,0.40758099962974137,0.17005363919821292
55,002510,天汽模,2012-01-12,2012-01,A,0,0,1,44.2623,501,0.4220214764234458,0.026209130783867243,0.34991461250354905,0.012843996077205209,0.3620339765807396,0.0341319432616824,0.521489089025226,0.21894955993963588,0.4766020558143355,0.13496920360163625,0.5517918945901678,0.23739516421005963
56,002512,ST达华,2012-01-12,2012-01,A,0,0,1,40.3751,330,0.4220214764234458,0.026209130783867243,0.4283976274604027,0.028546838945795457,0.363519464002667,0.031002922083184396,0.521489089025226,0.21894955993963588,0.4228647659379271,0.17770004506604836,0.41225416348809824,0.1364508145165668
57,300088,长信科技,2012-01-12,2012-01,A,0,0,1,40.1569,98,0.4220214764234458,0.026209130783867243,0.4212297641602034,0.04797900440143739,0.42658982342649293,0.051793600198438795,0.521489089025226,0.21894955993963588,0.41619118873607946,0.10173672161883714,0.47234567539207245,0.20152796339906603
58,600105,永鼎股份,2012-01-12,2012-01,A,0,0,1,43.8879,640,0.4220214764234458,0.026209130783867243,0.4941843641993106,0.4446858137672795,0.4879655494871953,0.40996976702057897,0.521489089025226,0.21894955993963588,0.49954904330308014,0.43075376762967627,0.5601162401193168,0.43812143816699817
59,600488,津药药业,2012-01-12,2012-01,A,0,0,1,44.8717,271,0.4220214764234458,0.026209130783867243,0.2952978213034841,0.06556601574686391,0.31149452353755613,0.08930530930049467,0.521489089025226,0.21894955993963588,0.4801020341411316,0.17908602728522235,0.5714832511224365,0.2408147000839781
60,600530,ST交昂,2012-01-12,2012-01,A,0,0,1,40.0098,400,0.4220214764234458,0.026209130783867243,0.6990261562093979,0.02674396045723055,0.710983819605011,0.07168428040783885,0.521489089025226,0.21894955993963588,0.7232361986380047,0.18512978619393983,0.7548946241867899,0.29711040472436345
61,600558,大西洋,2012-01-12,2012-01,A,0,0,1,43.8854,510,0.4220214764234458,0.026209130783867243,0.23625731473309625,0.0829895526726522,0.2692959104309196,0.07624642919350759,0.521489089025226,0.21894955993963588,0.4257667227833232,0.2692930882566664,0.5103458114593262,0.3514779513504841
62,600590,泰豪科技,2012-01-12,2012-01,A,0,0,1,47.3087,639,0.4220214764234458,0.026209130783867243,0.22899258555773325,0.025240887489137227,0.24954337860139375,0.06780702201684849,0.521489089025226,0.21894955993963588,0.38790411985016,0.2561934535831138,0.4543245502885332,0.23357092582649103
63,600613,神奇制药,2012-01-12,2012-01,A,0,0,1,49.6984,15,0.4220214764234458,0.026209130783867243,0.4709640760749387,0.16301154070412327,0.442419601380104,0.16830604990071774,0.521489089025226,0.21894955993963588,0.5598773738757185,0.4346572917174106,0.6031933289280308,0.3555167470020563
64,601007,金陵饭店,2012-01-12,2012-01,A,0,0,1,42.3455,570,0.4220214764234458,0.026209130783867243,0.1889414544424971,0.015877961618076218,0.22244806319744123,0.02365203468565406,0.521489089025226,0.21894955993963588,0.3323552829732544,0.03612176174493982,0.4136696187772571,0.05356244553429718
65,300124,汇川技术,2012-01-20,2012-01,A,0,0,1,43.4169,314,0.24190093006406851,0.0032384036660758233,0.4006777943282753,0.17675715038268064,0.24620282902029003,0.08628539428892987,0.3348727647017964,0.0442059988445374,0.4572548359004364,0.2887557809459665,0.431252650699978,0.19769206577679443
66,300031,宝通科技,2012-02-01,2012-02,A,0,0,1,40.6212,447,0.24467915825898764,0.013740128289596984,0.2881882308865933,0.01864825999408244,0.2740218845333398,0.0182068543954391,0.3283643991541476,0.24213153318148833,0.29567930803518866,0.10893758008572645,0.34701388625003576,0.19624958739435266
67,300101,振芯科技,2012-02-02,2012-02,A,0,0,1,43.5685,232,0.12329048988629825,0.01855781996743823,0.5559017292173091,0.3191662333041583,0.28307702033372084,0.071185583454457,0.12748681942814344,0.08654746427317461,0.3215520158501338,0.3632145821598601,0.11882100339564412,0.15300026279043052
68,002238,天威视讯,2012-02-08,2012-02,A,0,0,0,-41.4754,156,0.09750793870490353,0.021246421602462404,0.0802510699951243,0.009363439789376876,0.025836397886340918,0.007595782794838504,0.0985188744440485,0.1100426779239077,0.1098668575231784,0.04581206462297013,0.03185529114511967,0.07313202492817288
69,002455,百川股份,2012-07-04,2012-07,A,0,0,1,42.0052,441,0.17420206604670507,0.0022465986581349366,0.13999271702754254,0.09958343927685954,0.22434380540047863,0.06669832614267221,0.2832503294017362,0.012085172190023296,0.26654057352013905,0.09127504294560357,0.2841248590304159,0.13904183677632567
70,600761,安徽合力,2012-07-12,2012-07,A,0,0,1,40.0936,308,0.17101856507352303,0.0023719603802855424,0.036671496130193965,0.004800903462658964,0.0518285764858133,0.0030171971455202557,0.362192785777376,0.032735584161820826,0.07597982354311943,0.03161241969036626,0.10633961238861234,0.024463752186670656
71,002132,恒星科技,2012-07-19,2012-07,A,0,0,1,40.1472,558,0.1546234919390504,0.01177099623977883,0.2379981438079338,0.03943616964346177,0.3416745679520725,0.044610215900638184,0.34735294323609717,0.12113868629117275,0.40946131657331836,0.17763915037000752,0.5135808641161175,0.1367597706533649
72,600293,三峡新材,2012-07-20,2012-07,A,0,0,1,51.9688,613,0.14243808415661452,0.00738709375063828,0.15370304053104633,0.015360725202993501,0.21070328294340365,0.016149051165937674,0.3090770167667305,0.03278254853812991,0.28472638778569787,0.07870638123063822,0.32900913409524724,0.08008549814550857
73,002048,宁波华翔,2012-08-03,2012-08,A,0,0,1,42.8571,191,0.07300272881560008,0.005847901763688449,0.0724854160180275,0.08264495923407295,0.047733522121665796,0.04282986477425342,0.34009664465439843,0.10044751915817822,0.3914534597974462,0.02964831739890408,0.45790951424816007,0.09007769626227204
74,300137,先河环保,2012-08-03,2012-08,A,0,0,1,40.8619,133,0.07300272881560008,0.005847901763688449,0.2443983008348382,0.05868812078731937,0.14668509210951527,0.02491717201785794,0.34009664465439843,0.10044751915817822,0.4456298577021862,0.20940234371017452,0.5581153634793525,0.27219279907050037
75,000850,华茂股份,2012-08-07,2012-08,A,0,0,1,40.7158,565,0.06971822980405537,0.008283018715565912,0.05328669411307861,0.03384864541553704,0.02930138616723191,0.01195977453331713,0.3033851052331831,0.06083730141156457,0.1365922283686525,0.05134256423315893,0.1765612679150577,0.03627551693228055
76,002334,英威腾,2012-08-07,2012-08,A,0,0,1,48.8906,61,0.06971822980405537,0.008283018715565912,0.05790041758090212,0.025518875774240644,0.03025376490824418,0.01649728823069074,0.3033851052331831,0.06083730141156457,0.08592027085934353,0.10660335326557484,0.11526439802354856,0.0840595388566436
77,600499,科达制造,2012-08-07,2012-08,A,0,0,1,51.3761,127,0.06971822980405537,0.008283018715565912,0.11193181675793475,0.014467822500103122,0.04785660679759633,0.011067518206257029,0.3033851052331831,0.06083730141156457,0.24602829500235737,0.15667166825077408,0.27141686239675944,0.1366947153232246
78,000011,深物业A,2012-08-08,2012-08,A,0,0,1,44.4625,191,0.08150871244618423,0.004527599638873412,0.09905267999426394,0.01579288456228008,0.06996741324560588,0.006730670670326912,0.2879263331090897,0.05677225689382581,0.19391125306045848,0.06810275637592322,0.24082545107252298,0.040840720626403725
79,000573,粤宏远Ａ,2012-08-08,2012-08,A,0,0,1,42.2043,248,0.08150871244618423,0.004527599638873412,0.08042845232456915,0.004848960602363847,0.03328709827689097,0.004182870851101911,0.2879263331090897,0.05677225689382581,0.1728214648587419,0.03576531175277033,0.19176569250479747,0.035773794530711195
80,002162,悦心健康,2012-08-08,2012-08,A,0,0,1,41.1392,535,0.08150871244618423,0.004527599638873412,0.326634070591685,0.05048107218605183,0.13400457880498937,0.016618300366146272,0.2879263331090897,0.05677225689382581,0.33309695246565785,0.0891987888678969,0.3468690752609106,0.05287925520520282
81,300013,新宁物流,2012-08-09,2012-08,A,0,0,1,45.5377,176,0.042336590148948396,0.0025583091868918474,0.1127993015492697,0.01524742067712652,0.03387606687809537,0.010168918007660569,0.27747369728444815,0.028582581814841725,0.2532468714768795,0.12107651963598706,0.2896391908671802,0.06960805597548325
82,600760,中航沈飞,2012-08-16,2012-08,A,0,0,1,40.2397,429,0.1431889919520503,0.07695445899134991,0.2662773443496706,0.10022589854400811,0.27151777590707343,0.050625113341483445,0.33466321090798673,0.11926176081418592,0.3161787648795248,0.41345440110707693,0.4216377147823975,0.37563492450592695
83,600664,哈药股份,2012-09-10,2012-09,A,0,0,1,42.5245,482,0.01896125458917483,0.009114430150309261,0.021603097319674917,0.029413050210488276,0.0036423808524878925,0.019410376650456387,0.22665610004142725,0.06861342749295313,0.09879722723224131,0.01900364293841752,0.08501033867460504,0.01920337173315114
84,601107,四川成渝,2012-09-10,2012-09,A,0,0,1,53.5091,545,0.01896125458917483,0.009114430150309261,0.08362884764330554,0.008651833793373954,0.015279963085745666,0.01092986341861561,0.22665610004142725,0.06861342749295313,0.24899056469096784,0.03111845136048275,0.25033743368522116,0.026508088928060888
85,000906,浙商中拓,2012-10-10,2012-10,A,0,0,1,43.4554,235,0.04579228203803936,0.00464647065872028,0.07030099538607101,0.004970693404751678,0.014873359745873718,0.004297928620342222,0.14618788485243156,0.020223619517966175,0.18728144679977277,0.0411769101675897,0.09529194353881351,0.023962676508980638
86,000966,长源电力,2012-10-10,2012-10,A,0,0,1,40.9575,69,0.04579228203803936,0.00464647065872028,0.015309697918516474,0.004289115849337259,0.005442258781815045,0.004121999425172534,0.14618788485243156,0.020223619517966175,0.05966349248305574,0.02868267301082029,0.06502975540692942,0.010142395085652536
87,002407,多氟多,2012-10-10,2012-10,A,0,0,1,46.9204,392,0.04579228203803936,0.00464647065872028,0.029452762052000182,0.0034022078993202684,0.009802875982380124,0.0029052693540369606,0.14618788485243156,0.020223619517966175,0.05194765293736214,0.05161976194924655,0.04059853618278601,0.025424955316769544
88,002559,亚威股份,2012-10-10,2012-10,A,0,0,1,45.1216,272,0.04579228203803936,0.00464647065872028,0.03610471137555742,0.003962246479333653,0.008668118110655789,0.004540576658009289,0.14618788485243156,0.020223619517966175,0.10570380425863014,0.010076024734567481,0.08113818734297462,0.00928749655908476
89,300021,大禹节水,2012-10-10,2012-10,A,0,0,1,42.2497,93,0.04579228203803936,0.00464647065872028,0.10549516888485207,0.010422863157456221,0.02383525464784557,0.005849993844472861,0.14618788485243156,0.020223619517966175,0.3425985591913851,0.05656377112918163,0.22560190988929738,0.037190432541682146
90,600875,东方电气,2012-10-10,2012-10,A,0,0,1,44.6143,532,0.04579228203803936,0.00464647065872028,0.07443262632094634,0.007975170453464396,0.015791420112971605,0.008036860314031025,0.14618788485243156,0.020223619517966175,0.3032313970289762,0.05074102844692381,0.1765709721632921,0.028038014871702373
91,002216,三全食品,2012-11-21,2012-11,A,0,0,1,41.3083,99,0.07155140298351707,0.007433075322340763,0.07220467074496571,0.02864731007795865,0.04008081967697839,0.031622763926205236,0.174764677235851,0.10705867471297324,0.15024187258639268,0.02953951401220504,0.07921132267705368,0.015394367980642684
92,000756,新华制药,2012-12-06,2012-12,A,0,0,1,41.1644,288,0.08210421188281748,0.01795999622006912,0.05377515266561059,0.0031169303340219776,0.02549110481944306,0.0033468455650899564,0.15131242581178286,0.04645678493103957,0.16710684014206398,0.02938565516277074,0.09415498703137185,0.02888237470633071
93,002281,光迅科技,2012-12-06,2012-12,A,1,1,1,42.492,56,0.08210421188281748,0.01795999622006912,0.07486808489345408,0.04598041254380988,0.03176025915249806,0.02427881277204025,0.15131242581178286,0.04645678493103957,0.1493550447949265,0.23338058619473387,0.06799948264216873,0.26789808071457
94,002431,ST棕榈,2012-12-06,2012-12,A,1,1,1,41.5916,43,0.08210421188281748,0.01795999622006912,0.10763494900462044,0.005776647215398233,0.04426645394147667,0.006212090555240934,0.15131242581178286,0.04645678493103957,0.2615493268940752,0.029446642506210575,0.11848800143658672,0.06449602828867075
95,002541,鸿路钢构,2012-12-06,2012-12,A,0,0,1,42.0986,384,0.08210421188281748,0.01795999622006912,0.04483635755859066,0.010383350246618168,0.01982921255423413,0.005504144495160445,0.15131242581178286,0.04645678493103957,0.13130446937523274,0.0348893700841622,0.07236392030869893,0.07769307340906974
96,600812,华北制药,2012-12-06,2012-12,A,0,0,1,41.7179,434,0.08210421188281748,0.01795999622006912,0.09023359023617722,0.005370713015264775,0.041084783227768595,0.006947698681413874,0.15131242581178286,0.04645678493103957,0.22532552953326757,0.026365283969049955,0.12160663015860568,0.043584816751708756
97,601666,平煤股份,2012-12-06,2012-12,A,0,0,0,-40.5866,265,0.08210421188281748,0.01795999622006912,0.045664212001610756,0.009912463747513135,0.0202708881209188,0.012059774938382029,0.15131242581178286,0.04645678493103957,0.17446881782878856,0.04751723317861458,0.08622410128983513,0.044226224997157275
98,600828,茂业商业,2012-12-07,2012-12,A,0,1,1,42.5474,199,0.05824458465042442,0.020544728597532837,0.06434656566611589,0.006886934901477778,0.017481427091811746,0.008393208669981259,0.08638525860219062,0.01625079763513018,0.20858342439541544,0.06952399001850375,0.058932675906287,0.04213176337363262
99,000430,张家界,2012-12-10,2012-12,A,0,0,1,41.3971,548,0.06998642982048144,0.010386852786597065,0.08033478753964002,0.005379801403486643,0.020294841835725257,0.004804684359783556,0.10198529696549155,0.01855381029906708,0.18991566534932014,0.03520173730475584,0.057189470898195184,0.0694182155054943
100,000933,神火股份,2012-12-10,2012-12,A,0,0,0,-40.8248,289,0.06998642982048144,0.010386852786597065,0.12390970630095768,0.012182906629447605,0.03900816295011872,0.01076313416630154,0.10198529696549155,0.01855381029906708,0.25899302422741033,0.03164150754537952,0.0874503050826878,0.06597818944592533
101,002301,齐心集团,2012-12-10,2012-12,A,0,1,1,45.3441,33,0.06998642982048144,0.010386852786597065,0.07611392950433525,0.007300722690963849,0.024397772020700273,0.008790255560657753,0.10198529696549155,0.01855381029906708,0.21249740892208202,0.04975973588732531,0.07858890390072663,0.10043587968015931
102,002342,巨力索具,2012-12-10,2012-12,A,0,0,1,47.1672,186,0.06998642982048144,0.010386852786597065,0.17142441719365095,0.05257587263850618,0.08088296717290575,0.01605402997881504,0.10198529696549155,0.01855381029906708,0.21272830206600424,0.13909376708176308,0.12314688189148221,0.16677378878496413
103,002343,慈文传媒,2012-12-10,2012-12,A,0,0,1,43.8076,399,0.06998642982048144,0.010386852786597065,0.053676216514339896,0.006334035987854403,0.019260169626461068,0.008491648781665166,0.10198529696549155,0.01855381029906708,0.155503468742489,0.0506804091220961,0.05786416979657477,0.05596200856354235
104,002414,高德红外,2012-12-10,2012-12,A,0,1,1,40.5197,110,0.06998642982048144,0.010386852786597065,0.10736712028315497,0.012647731306622051,0.026646793539123515,0.00962037629228405,0.10198529696549155,0.01855381029906708,0.23998103454508954,0.04060900543574353,0.08335198935781891,0.05845953946158451
105,002497,雅化集团,2012-12-10,2012-12,A,0,1,1,40.6844,32,0.06998642982048144,0.010386852786597065,0.05090776068285245,0.030949621042736394,0.011669642799250873,0.010394715165140221,0.10198529696549155,0.01855381029906708,0.10342778296891887,0.08714674635566148,0.02858987411014391,0.12520954773416018
106,002515,金字火腿,2012-12-10,2012-12,A,0,0,1,43.4018,198,0.06998642982048144,0.010386852786597065,0.07525054847496748,0.010270079946180987,0.01955720219942968,0.007883811368190604,0.10198529696549155,0.01855381029906708,0.23503977389629077,0.03821663569952153,0.08614512873245476,0.09549893719377492
107,600055,万东医疗,2012-12-10,2012-12,A,0,1,1,41.7671,31,0.06998642982048144,0.010386852786597065,0.1517194087570364,0.013539105622237313,0.05191547300804702,0.014383611580103338,0.10198529696549155,0.01855381029906708,0.24389889845830173,0.05504634346203522,0.08871270019769942,0.09251575670019074
108,600233,圆通速递,2012-12-10,2012-12,A,0,1,1,43.6031,68,0.06998642982048144,0.010386852786597065,0.10178579367054956,0.008385291167639655,0.033056058027453004,0.008650148255603186,0.10198529696549155,0.01855381029906708,0.27635310901079346,0.024935855185757142,0.08701899233411425,0.0526794782125247
109,600390,五矿资本,2012-12-10,2012-12,A,0,1,1,47.0528,93,0.06998642982048144,0.010386852786597065,0.13087483200062383,0.00675715405189646,0.033964488641984446,0.005191030793865241,0.10198529696549155,0.01855381029906708,0.2561041765185172,0.03212218400127209,0.07115935801068701,0.07426542723372578
110,600749,西藏旅游,2012-12-11,2012-12,A,0,0,1,41.4823,402,0.08321354560420598,0.015213779338456369,0.08812281729961353,0.015290956043476954,0.0430539630416463,0.011422860863023765,0.10669881345390643,0.019191328562424403,0.17672502795917786,0.03332574733453361,0.07544308608343149,0.06970790237591394
111,600779,水井坊,2012-12-11,2012-12,A,0,0,0,-41.0286,207,0.08321354560420598,0.015213779338456369,0.37926748987702263,0.019779796950675613,0.16862212426707116,0.005702870640723301,0.10669881345390643,0.019191328562424403,0.3661429293718216,0.2137709150577477,0.14067884992426496,0.043998144514433006
112,002234,民和股份,2013-04-19,2013-04,A,0,0,1,43.5294,70,0.05373623464347514,0.0071154131553166754,0.13122084085969848,0.018625776853432335,0.0416572736404496,0.019600342470534753,0.19370107559988722,0.025417067519017792,0.23411890654754913,0.09566812688619261,0.146414147347503,0.12284671646631536
113,300313,天山生物,2013-04-22,2013-04,A,0,0,1,41.0959,130,0.05699812305472212,0.006064420841149479,0.02768152140352305,0.008427021058033833,0.0073798624503466645,0.006744790378228246,0.21531675488581803,0.03268402159317144,0.11022950802543242,0.10247905672048183,0.07190213568967638,0.11164191556069747
114,600348,华阳股份,2013-04-22,2013-04,A,0,0,0,-40.4237,161,0.05699812305472212,0.006064420841149479,0.07317953303848027,0.010518373766886684,0.02431276930234533,0.009939804612787359,0.21531675488581803,0.03268402159317144,0.2658802376977936,0.05252289990209353,0.16933663810959892,0.041048413001261955
115,600812,华北制药,2013-07-02,2013-07,A,0,0,1,40.2894,300,0.17349953442998303,0.024407042158233097,0.15116928673723762,0.01003944291381641,0.13217642027291976,0.009294869341641407,0.32268484472055964,0.033877782917102035,0.23557670749705242,0.06109961527240905,0.24731219588598,0.07394599036649464
116,600031,三一重工,2013-07-15,2013-07,A,0,0,1,40.0845,351,0.1590998383676661,0.021426666624746418,0.4470668014418583,0.0450424106177261,0.35317692161029623,0.03458999502353685,0.4116267605619812,0.09072833879500493,0.557177541579719,0.11655614194344152,0.6658513865524877,0.2701143158306854
117,600239,ST云城,2013-07-15,2013-07,A,0,0,1,42.958,382,0.1590998383676661,0.021426666624746418,0.6417085866217311,0.040059323305565504,0.5690340930613196,0.02893351212854427,0.4116267605619812,0.09072833879500493,0.7617160320860399,0.20400170891884886,0.8419229658394918,0.2313644746017513
118,600313,农发种业,2013-07-15,2013-07,A,0,0,1,40.2385,83,0.1590998383676661,0.021426666624746418,0.15931368523201514,0.00712691477297356,0.11215389155423591,0.007237035308640944,0.4116267605619812,0.09072833879500493,0.21257328755344554,0.17907669221245584,0.28071649200293686,0.11327583114285435
119,600395,盘江股份,2013-07-15,2013-07,A,0,0,0,-40.625,150,0.1590998383676661,0.021426666624746418,0.4911631163711914,0.08430240729672757,0.41842985915811476,0.07376450413111339,0.4116267605619812,0.09072833879500493,0.5304004640172869,0.34189578624120104,0.6359476257023494,0.4595574400862075
120,600698,湖南天雁,2013-07-25,2013-07,A,0,0,1,52.9891,247,0.18868807251028147,0.031846000748999334,0.1577666913434182,0.0064941119188038025,0.17992649489545356,0.006147496003416669,0.27030922699891174,0.019410387517828406,0.20883551814786505,0.03800258375191295,0.3188347971131787,0.042476629709446
121,600779,水井坊,2013-11-08,2013-11,A,0,0,1,46.5226,388,0.17950166017599894,0.06659913064359849,0.0915764419805827,0.02220129769762141,0.131329780415844,0.06201322825240172,0.28593462565032307,0.08814995158499005,0.05637030531567967,0.02285694179960962,0.07308955175609955,0.053801256585394204
122,600299,安迪苏,2014-02-11,2014-02,A,0,0,1,46.2242,62,0.015788680985038113,0.002005684071329895,0.012703859983981733,0.005272628785437449,0.001961885022765344,0.0066353787954218715,0.13888681026074398,0.02999640493865263,0.05251599841281898,0.021730669481695983,0.060615525081426425,0.022626289889097494
123,600062,华润双鹤,2014-05-28,2014-05,A,0,0,1,42.7789,178,0.1453529869316581,0.011721457172667073,0.08001998434460919,0.008225296492548249,0.07882213104036107,0.0069077723919645515,0.19083288615319133,0.08273567270947091,0.23251395928746663,0.022165288076626072,0.12186494013387146,0.018384735922666443
124,300119,瑞普生物,2015-01-07,2015-01,A,0,0,1,52.8283,53,0.10195380819767093,0.011247832455673033,0.07199585543565018,0.007183042641632786,0.034586093029429325,0.0049478657394324615,0.38100114029963544,0.019361757324482212,0.2309917932609671,0.02108844269266442,0.2422404604283203,0.018009095560016408
125,300122,智飞生物,2015-09-11,2015-09,A,0,0,1,40.8687,21,0.49279276378700154,0.02884675502966239,0.8870717455146232,0.3850486424200717,0.6469963832500011,0.36052310315155367,0.33308636097693484,0.046861730497396795,0.7821540370517147,0.2822245168918109,0.373161117544612,0.21353213392018172
126,600714,金瑞矿业,2015-09-28,2015-09,A,1,1,1,41.1905,37,0.3078500926088253,0.04730794414495131,0.7212670679787553,0.19922247930924022,0.44572206255151847,0.20304811280851492,0.36505109164606847,0.11078344545079201,0.6426069276868492,0.22967799349553106,0.3239191300389058,0.18848773370235353
127,601857,中国石油,2016-01-29,2016-01,B,0,0,0,-40.011,1153,0.5028345221992377,0.3191088369359356,0.13135260825532688,0.011999962593061792,0.1536480163922053,0.01777003779829164,0.5331795993081188,0.10730005672737215,0.431678613639993,0.031572881438901655,0.47784823752424865,0.053274816323879065
128,600505,西昌电力,2016-02-03,2016-02,B,0,0,1,43.224,170,0.5900777230647666,0.10498843596709032,0.37454219289879287,0.027212953425709688,0.36914753553479684,0.02241129402803823,0.7131532396298365,0.42328702848629407,0.5397675330969196,0.15957818263929796,0.6952843019164198,0.10253043357637286
129,002648,卫星化学,2016-02-15,2016-02,B,0,0,1,48.4211,167,0.49394980395034516,0.14167456833729108,0.40674135366463215,0.035409294573196116,0.2780026081819689,0.043366887933396416,0.623873202912574,0.5595495296912009,0.37362435586458836,0.11929964450732883,0.4171406585294187,0.25499020211881646
130,002099,海翔药业,2017-05-18,2017-05,B,0,0,1,48.8137,461,0.013948361161593481,0.02010414272322644,0.07508978948632805,0.008206157582682883,0.005913197985218334,0.006915762698644888,0.04006253508096782,0.014158247754706017,0.24855407970675542,0.037254007311794714,0.044463783915717134,0.05900231588204478
131,600399,抚顺特钢,2017-06-06,2017-06,B,0,0,0,-40.2062,168,0.2523950928623009,0.005091398381841671,0.2585319239307941,0.00579880951975758,0.21445451249017355,0.007604508789299972,0.45146437673034573,0.057738636275882986,0.49455628696178044,0.029872428282357436,0.47439848786217514,0.025363307034887737
132,300360,炬华科技,2017-07-31,2017-07,B,0,0,0,-45.3541,210,0.11324050972082281,0.021730207271657413,0.10186769520791297,0.010049990945181966,0.041705994614418145,0.008976731376785712,0.4058032194440467,0.27829276958585236,0.3024081979837581,0.010708201539852958,0.3422604665036716,0.019047093755631957
133,600354,敦煌种业,2017-11-28,2017-11,B,0,0,0,-43.8621,210,0.25326108770879446,0.020113464515183716,0.04000371204087901,0.015982566852066796,0.11898428790162559,0.020554150585705706,0.3894968267724615,0.04563948279022373,0.3239809309946941,0.07578674811300229,0.40134739637091826,0.16569977477502407
134,603568,伟明环保,2017-12-11,2017-12,B,0,0,1,46.6693,369,0.044449725664470405,0.004712529502981026,0.013655253172853734,0.005277040111106159,0.0040509977463539315,0.005539282042953182,0.06203870931844817,0.027470671615683315,0.0462569220154277,0.0559841658022155,0.010822270381842337,0.05352135904371396
135,603601,再升科技,2018-01-18,2018-01,B,0,0,1,45.3961,492,0.18074344292460076,0.04068735151304451,0.058884993716393136,0.01938996139983774,0.09020537633383251,0.01103021258478039,0.3370566591782113,0.05643076155861229,0.21661754133991218,0.424347617081617,0.27933269202538025,0.20139756010115914
136,600841,动力新科,2018-02-08,2018-02,B,0,1,1,43.778,54,0.5488198409456624,0.03248933829835297,0.41210264205899333,0.03356602441783297,0.7063970054522479,0.07830540013428201,0.7585780845182725,0.05839664840854707,0.4842673853442879,0.141083295361923,0.8175370797130316,0.094770823139355
137,002015,协鑫能科,2018-02-13,2018-02,B,0,0,1,42.5455,725,0.2809388927882188,0.008379917003715506,0.3032503365692771,0.06280879216976584,0.2274616886574752,0.06184123128334436,0.6747514870800886,0.027408809851223556,0.4519207754738012,0.20426419948414384,0.6771716258308697,0.17512556929476078
138,002414,高德红外,2018-02-14,2018-02,B,0,0,1,49.8101,196,0.23496420209790622,0.016324978079083403,0.07055898214126131,0.029813974454600867,0.04865382373159732,0.038493628346736385,0.6452421176177568,0.16663544010014053,0.17598835283812816,0.15201035605255914,0.2963040993390606,0.14462606916990312
139,600860,京城股份,2018-02-14,2018-02,B,0,0,1,50.2636,267,0.23496420209790622,0.016324978079083403,0.09208053775480653,0.04424629355968664,0.061598598464562906,0.047527770325082166,0.6452421176177568,0.16663544010014053,0.3534822339002582,0.09356632828482671,0.547924197200768,0.12961679357879213
140,002441,众业达,2018-02-22,2018-02,B,0,0,1,47.8869,1071,0.17878543636296368,0.04607185988806322,0.20833866538349494,0.024586300762957085,0.11808911007281436,0.010127682351986281,0.5348671339066393,0.11429454465638489,0.5533722595558984,0.2441539850652536,0.5767142066289139,0.16108050902843432
141,300062,中能电气,2018-02-22,2018-02,B,0,0,1,46.4916,500,0.17878543636296368,0.04607185988806322,0.5003574436994336,0.07703517671651257,0.3715176018428486,0.05683763913075615,0.5348671339066393,0.11429454465638489,0.6324796822921739,0.39709947069143203,0.6771003373676281,0.2588813449897075
142,600191,华资实业,2018-02-22,2018-02,B,0,0,0,-43.2505,154,0.17878543636296368,0.04607185988806322,0.4431825430927941,0.1367033786193172,0.32994442481310904,0.07727997386025054,0.5348671339066393,0.11429454465638489,0.7489771246685241,0.41439031138408133,0.7899089677191973,0.21635410205055508
143,002364,中恒电气,2018-02-23,2018-02,B,1,1,1,41.9477,172,0.13799670619821414,0.04152213514386208,0.3536869190812593,0.0696973890610332,0.18760650780310328,0.06411099745472049,0.5037591209695905,0.13240515441425166,0.4548227926165178,0.32501040893981614,0.4636618594578724,0.18405827241646866
144,300153,科泰电源,2018-02-23,2018-02,B,0,0,0,-42.9039,471,0.13799670619821414,0.04152213514386208,0.5544655612821148,0.013973671700695118,0.27570698307134206,0.019731732675468926,0.5037591209695905,0.13240515441425166,0.6874167184992255,0.2736215758092467,0.6637320650956832,0.16754870240247113
145,002772,众兴菌业,2018-02-26,2018-02,B,0,0,1,51.5678,810,0.10963534911430003,0.05446870223946472,0.18884022649442528,0.06605611579075743,0.08490606644347333,0.026845036454888716,0.517694702822602,0.3295008636410923,0.4519749828210734,0.2070268806008477,0.5009459508246813,0.36391338894312547
146,300213,佳讯飞鸿,2018-02-26,2018-02,B,0,0,1,41.288,614,0.10963534911430003,0.05446870223946472,0.19323889284438628,0.07803537409684914,0.08316802097679302,0.03603620084423516,0.517694702822602,0.3295008636410923,0.39542576789374323,0.23703398334887707,0.427481593494162,0.12196044823601739
147,300334,津膜科技,2018-02-26,2018-02,B,0,0,0,-40.7169,152,0.10963534911430003,0.05446870223946472,0.6967170468829249,0.2094606398095997,0.33809410551629904,0.12824409918278568,0.517694702822602,0.3295008636410923,0.7697286262272376,0.6193264573523166,0.7722713206717533,0.3285258925455843
148,600149,廊坊发展,2018-02-26,2018-02,B,0,0,0,-40.9253,109,0.10963534911430003,0.05446870223946472,0.31096626317163406,0.018934893140974917,0.1424453772402948,0.02028095828198617,0.517694702822602,0.3295008636410923,0.48270778816008,0.22660491365094648,0.5169704067417584,0.16687132216125708
149,600679,上海凤凰,2018-02-26,2018-02,B,0,0,0,-42.5786,78,0.10963534911430003,0.05446870223946472,0.20274388300688465,0.03708520393911735,0.06857193872635399,0.034072080326161186,0.517694702822602,0.3295008636410923,0.3601110785147617,0.15845785718088914,0.3750381225988644,0.20969174716939376
150,600689,上海三毛,2018-02-26,2018-02,B,1,1,1,47.9437,19,0.10963534911430003,0.05446870223946472,0.28735065081308897,0.042797577329733605,0.10438409594668907,0.03137358798663145,0.517694702822602,0.3295008636410923,0.5102855518824955,0.3793806878556454,0.4733962625299438,0.34983188782171176
151,002786,银宝山新,2018-02-27,2018-02,B,0,0,1,43.2236,241,0.22365882736098067,0.05621784402741279,0.2835056533165774,0.019296285791270143,0.2903693628141565,0.042541621876957314,0.5573543186554213,0.23703029608979784,0.48663916669014134,0.09714987680040478,0.6253745555657528,0.35201030661909843
152,002852,道道全,2018-02-27,2018-02,B,0,0,1,53.5367,584,0.22365882736098067,0.05621784402741279,0.34088161201535305,0.01730378449918287,0.37369644385143247,0.040968949490199816,0.5573543186554213,0.23703029608979784,0.49453644848624545,0.18646996826514656,0.6477852350019051,0.3664015216016392
153,300183,东软载波,2018-02-27,2018-02,B,0,0,1,42.4449,576,0.22365882736098067,0.05621784402741279,0.24070866350390516,0.041289436097095886,0.19157136867579005,0.03138339384595144,0.5573543186554213,0.23703029608979784,0.3430566216850113,0.16615870974117905,0.46947130254160513,0.24322752625760227
154,300206,理邦仪器,2018-02-27,2018-02,B,0,0,1,41.3188,279,0.22365882736098067,0.05621784402741279,0.26120342737949354,0.01400126569233253,0.1934411792136291,0.010341252144553215,0.5573543186554213,0.23703029608979784,0.47973211836571966,0.09616541606745423,0.6049368290378175,0.27242511862187896
155,300421,力星股份,2018-02-27,2018-02,B,0,0,1,40.6546,278,0.22365882736098067,0.05621784402741279,0.3623557211708262,0.07200638065374472,0.31510867984170415,0.07084323884348344,0.5573543186554213,0.23703029608979784,0.43666378327315303,0.16736295378023097,0.5646930567789313,0.24382325102808314
156,300507,苏奥传感,2018-02-27,2018-02,B,1,1,1,47.811,24,0.22365882736098067,0.05621784402741279,0.445385063792139,0.15150684827391345,0.4549702002589018,0.14602970190511722,0.5573543186554213,0.23703029608979784,0.5781599037573242,0.37570925413170275,0.7281969324282122,0.443472018428289
157,600962,国投中鲁,2018-02-27,2018-02,B,0,1,1,45.4438,13,0.22365882736098067,0.05621784402741279,0.31873832577887196,0.12445513169759986,0.21705762020673852,0.09567199347388303,0.5573543186554213,0.23703029608979784,0.35151749392667303,0.28350845982596246,0.4369007276104083,0.1867017854463345
158,601872,招商轮船,2018-02-27,2018-02,B,0,0,1,48.6671,393,0.22365882736098067,0.05621784402741279,0.0681341914270958,0.007890306757040047,0.07817158499261619,0.014336022405410476,0.5573543186554213,0.23703029608979784,0.246090887862155,0.014032481230612038,0.39680118953038873,0.05390560337128098
159,603118,共进股份,2018-02-27,2018-02,B,0,0,1,47.8883,266,0.22365882736098067,0.05621784402741279,0.23491247551405645,0.022998805001637083,0.266677154243823,0.041878828477933526,0.5573543186554213,0.23703029608979784,0.3533173509467782,0.09728421601882567,0.5168542973688992,0.24576230380656583
160,603266,天龙股份,2018-02-27,2018-02,B,0,0,1,40.2855,267,0.22365882736098067,0.05621784402741279,0.18521273714437192,0.03754378887784009,0.17507184421442007,0.060193402576974656,0.5573543186554213,0.23703029608979784,0.27909611451747995,0.11414977260537558,0.4080316843416921,0.23466188636471993
161,603958,哈森股份,2018-02-27,2018-02,B,0,0,0,-40.2839,500,0.22365882736098067,0.05621784402741279,0.349669416428957,0.10537637988943963,0.35016578504330803,0.09021761072585364,0.5573543186554213,0.23703029608979784,0.4090749258597986,0.3010465259596831,0.5685395070937034,0.42801722581034657
162,000737,北方铜业,2018-02-28,2018-02,B,0,0,0,-41.3793,143,0.23505060780386208,0.031404464952058626,0.42797514660609026,0.054135540111117916,0.6609006095211866,0.05016072763447845,0.5545498296700864,0.18718946115449167,0.3334858992675009,0.3333050849091681,0.6229108033737369,0.3076967414254065
163,000823,超声电子,2018-02-28,2018-02,B,0,0,0,-41.4219,153,0.23505060780386208,0.031404464952058626,0.4578121633920558,0.22637398810357776,0.3073295590126529,0.20311227598151477,0.5545498296700864,0.18718946115449167,0.49653702733346033,0.5672864250992438,0.5462785508904983,0.3381984301692774
164,000852,石化机械,2018-02-28,2018-02,B,0,0,1,40.1985,134,0.23505060780386208,0.031404464952058626,0.427953194600292,0.12443131750295239,0.38974525251792347,0.08024085589244072,0.5545498296700864,0.18718946115449167,0.4938449024720814,0.5524950111913485,0.6135987892393765,0.4235329355141169
165,000936,华西股份,2018-02-28,2018-02,B,0,0,1,47.5939,246,0.23505060780386208,0.031404464952058626,0.11128013954295603,0.022251613420780577,0.11864214765953483,0.023537084278191255,0.5545498296700864,0.18718946115449167,0.21655754070863079,0.018738990072909186,0.31831738389877917,0.04458147762384842
166,002458,益生股份,2018-02-28,2018-02,B,0,0,1,40.0844,66,0.23505060780386208,0.031404464952058626,0.6233960612489212,0.12500100728906424,0.329131056990233,0.1828058507387722,0.5545498296700864,0.18718946115449167,0.4441816607726047,0.2621929117865433,0.4840090980695856,0.11987514546999946
167,002544,普天科技,2018-02-28,2018-02,B,0,0,1,42.3855,478,0.23505060780386208,0.031404464952058626,0.25883063985189186,0.03352204946756407,0.2044120682504872,0.04318936737021594,0.5545498296700864,0.18718946115449167,0.34733959889871063,0.19672021250899932,0.4538645400429216,0.26032997772975536
168,300220,金运激光,2018-02-28,2018-02,B,0,0,1,48.8532,261,0.23505060780386208,0.031404464952058626,0.5769405821478747,0.3745451543938822,0.41168488393277286,0.41799757982264674,0.5545498296700864,0.18718946115449167,0.5225898030622901,0.557426764651971,0.5939796540182232,0.5716634356330499
169,600556,天下秀,2018-02-28,2018-02,B,0,0,0,-40.5941,128,0.23505060780386208,0.031404464952058626,0.34899543694572893,0.06277031132413909,0.3738328406209422,0.145110727528602,0.5545498296700864,0.18718946115449167,0.39565434170343805,0.15367538774473438,0.6099561939928846,0.4652108087066876
170,002500,山西证券,2018-03-01,2018-03,B,0,0,0,-19.7728,2052,0.21359571210797304,0.044822949694671134,0.16960433152357487,0.006379347597765881,0.08317227140510405,0.005119552703277328,0.270124368797993,0.13853337155310264,0.3189849905681207,0.050250251180999406,0.23205750498673217,0.03150511392797915
171,603600,永艺股份,2018-03-01,2018-03,B,0,0,0,-40.9068,149,0.21359571210797304,0.044822949694671134,0.19480395163858055,0.0079339972359396,0.13027986949490153,0.011405807746135001,0.270124368797993,0.13853337155310264,0.3429931389139344,0.01839488323403942,0.2828459545923079,0.03482403614074617
172,000563,陕国投Ａ,2018-06-26,2018-06,B,0,0,1,45.1955,156,0.4413050013894211,0.010654299790841003,0.13189973076819064,0.0408896867955784,0.19777401554285254,0.0405356576335104,0.6260141214728746,0.022856364669524603,0.37927621065564215,0.13028567403430671,0.5488655822668242,0.10055736710498464
173,000591,太阳能,2018-06-26,2018-06,B,0,0,1,40.375,513,0.4413050013894211,0.010654299790841003,0.11633838244770642,0.019919285129251084,0.24654207663428507,0.022821061974952664,0.6260141214728746,0.022856364669524603,0.3602138375473453,0.031734189790668485,0.5228121484162634,0.03959336332008961
174,600679,上海凤凰,2018-06-27,2018-06,B,0,0,1,48.4689,177,0.5370313633654776,0.03184235393898805,0.20241917274125154,0.05777894600675777,0.34759808311756857,0.06812103868134728,0.6606756552076879,0.03696517200538434,0.38894818944521825,0.3344432991683677,0.6342811537242111,0.21985148041294783
175,300376,易事特,2018-06-28,2018-06,B,0,0,1,46.782,534,0.4788578780087562,0.050195350374112956,0.4332516376374086,0.024829349038151434,0.6117647741006362,0.04979768348350133,0.6282348905558195,0.036045009734756196,0.4129959300505987,0.14875311562451038,0.6249051414057424,0.2994228873694433
176,600495,晋西车轴,2018-06-29,2018-06,B,0,0,1,41.5014,163,0.23630267363978047,0.010709507285764966,0.3411496999815186,0.04711437433354378,0.2708768753559159,0.018035942317583795,0.5692002149813837,0.34813726534045697,0.5718441656507661,0.33625637343176784,0.6569770405062978,0.30563882603954007
177,600620,天宸股份,2018-06-29,2018-06,B,0,0,1,45.9123,177,0.23630267363978047,0.010709507285764966,0.3538060339840251,0.10765957281915729,0.29114049378781964,0.03516240233484954,0.5692002149813837,0.34813726534045697,0.5732685719792682,0.5201695484504328,0.6413360632950874,0.3943992829790126
178,603225,新凤鸣,2018-06-29,2018-06,B,0,0,1,47.4341,634,0.23630267363978047,0.010709507285764966,0.1278960011351257,0.03932208796635639,0.11238520307902708,0.016266757489436175,0.5692002149813837,0.34813726534045697,0.4612980289038621,0.3995007832112587,0.5285999642229106,0.33730262681276013
179,002048,宁波华翔,2018-07-03,2018-07,B,0,0,1,41.7183,369,0.3440050722964538,0.041314415444187985,0.1136026777562843,0.059776042365964094,0.14965563603278387,0.03417216342038166,0.6260647282133907,0.1637616134055897,0.26615770350888796,0.08603244925598955,0.4154697536851505,0.15091197975854487
180,002067,景兴纸业,2018-07-03,2018-07,B,0,0,1,41.9824,1746,0.3440050722964538,0.041314415444187985,0.27344078762135166,0.09815999445340032,0.3412033238668824,0.03815609222986197,0.6260647282133907,0.1637616134055897,0.5258285819669046,0.26105027795558694,0.6975140579539059,0.24665450718029464
181,002363,隆基机械,2018-07-03,2018-07,B,0,0,1,44.646,409,0.3440050722964538,0.041314415444187985,0.067329796649587,0.037633037822542154,0.0982127255192665,0.03790179423695048,0.6260647282133907,0.1637616134055897,0.20969265420761063,0.044462613074802836,0.35341124575938,0.0511658727902099
182,002703,浙江世宝,2018-07-03,2018-07,B,0,0,1,41.1043,185,0.3440050722964538,0.041314415444187985,0.42390133417321996,0.10014811377234063,0.551323442085098,0.07651019501906867,0.6260647282133907,0.1637616134055897,0.49101133498110255,0.5924002780481211,0.7177551974659191,0.2965802880706228
183,300472,ST新元,2018-07-03,2018-07,B,0,0,1,43.0582,371,0.3440050722964538,0.041314415444187985,0.5081644185111304,0.058335194270959914,0.6177777718123234,0.04747643364108549,0.6260647282133907,0.1637616134055897,0.5606859779530103,0.34183155264136766,0.748602217439115,0.3819375355109076
184,600302,ST标准,2018-07-03,2018-07,B,0,0,1,51.3699,177,0.3440050722964538,0.041314415444187985,0.6316942410923273,0.10270496377072368,0.6924774576786452,0.052555943109813555,0.6260647282133907,0.1637616134055897,0.6717681310849812,0.239952599112549,0.8040008551261467,0.1988203633377991
185,600765,中航重机,2018-07-04,2018-07,B,0,0,1,40.5685,174,0.3534353933790901,0.06648639938049296,0.5146104398113176,0.09280951453430122,0.7319512713218507,0.07407771691900734,0.5595301330641161,0.05208716979109052,0.3806770156148791,0.2837040767253618,0.6063556462086617,0.2141339095392147
186,601058,赛轮轮胎,2018-07-04,2018-07,B,0,0,1,45.7143,186,0.3534353933790901,0.06648639938049296,0.10477438112111896,0.009911861378765293,0.20839883110792978,0.01864306665735598,0.5595301330641161,0.05208716979109052,0.3034724661850125,0.015177719735167482,0.5203289729033039,0.0439852356016762
187,002443,金洲管道,2018-07-06,2018-07,B,0,0,1,45.4063,850,0.2510529897752038,0.06801506854376664,0.12733682025514073,0.01156890880627753,0.2070268071123158,0.032619458346486746,0.5040128354354618,0.026094274787520643,0.40790149106342277,0.055970403589797234,0.6190679341057249,0.03936250797922774
188,300286,安科瑞,2018-07-09,2018-07,B,0,0,1,45.6796,494,0.09591414018832506,0.022368156467169373,0.25773463463352153,0.005585950806189993,0.12166088262472023,0.007941645144204045,0.40088640790169267,0.036954599242289714,0.5167728638638828,0.024412453036447696,0.48787173385245036,0.04554738486733081
189,002584,西陇科学,2018-07-10,2018-07,B,0,0,0,-44.9766,66,0.15852832848383422,0.008692313630085671,0.8937085251969757,0.3444438259978078,0.8473373589749981,0.21613669011333106,0.4208918026009073,0.08218627156516368,0.5296162963688017,0.22472609328520957,0.6525619330494049,0.10595266438701562
190,600136,ST明诚,2018-07-10,2018-07,B,0,0,0,-41.2859,138,0.15852832848383422,0.008692313630085671,0.418602932266807,0.01224604243148913,0.3061463575180066,0.01142829348320085,0.4208918026009073,0.08218627156516368,0.4917434733646528,0.1271492392351032,0.5381209700986807,0.10705810504854314
191,601801,皖新传媒,2018-07-10,2018-07,B,0,0,1,42.2844,1169,0.15852832848383422,0.008692313630085671,0.1404850441625389,0.04597698589514746,0.12027074557198733,0.033148146951740204,0.4208918026009073,0.08218627156516368,0.38218795091769575,0.02408228281525655,0.431378348096105,0.020477752498617965
192,002600,领益智造,2018-07-11,2018-07,B,0,0,0,-40.0379,33,0.2246106483573793,0.02905572218505159,0.4050599016653428,0.046087846407474,0.4229821831557656,0.036024290287231094,0.36092166196393694,0.03457988189356126,0.4581053531580633,0.11681383939021864,0.5955394454430318,0.12777468086444307
193,000987,越秀资本,2018-07-23,2018-07,B,0,0,1,44.5333,132,0.06382697036235481,0.009085211157592577,0.11311374827248837,0.015056869938192953,0.037172653890594966,0.013011450860501216,0.2252339527628817,0.08666250551905483,0.3487874865481915,0.026565558307238817,0.25660209665715566,0.02599711555474555
194,002766,索菱股份,2018-07-24,2018-07,B,0,0,0,-40.205,126,0.050439895398151725,0.009395874574614162,0.2107899181200569,0.20468970779996043,0.06676679780803312,0.1591287191736554,0.22785739103176023,0.1005331754958558,0.34673755386238553,0.3143585346215726,0.30487726036334584,0.1015440828076802
195,002586,围海股份,2018-07-26,2018-07,B,0,0,0,-40.5438,239,0.09409515963868653,0.00485598268155086,0.05354881107525501,0.033269333825849456,0.02833471071053595,0.03082111322155059,0.2761358714516876,0.14459892216419087,0.14393565585677195,0.07052724189775957,0.15214443998605465,0.11751584148373583
196,002149,西部材料,2018-08-27,2018-08,B,0,0,1,44.4284,134,0.14580579772927002,0.005908103210706428,0.19528315357178358,0.007088324847160026,0.13987420294986416,0.005843087958843143,0.29844063722507164,0.046981706015614126,0.29731006298078927,0.038913395277566966,0.22852051245156169,0.014571171054202432
197,603855,华荣股份,2018-09-21,2018-09,B,0,0,1,42.1059,393,0.024715183714836206,0.001994523070834103,0.0749706016457895,0.04574495126314799,0.01648357528544275,0.025695943683168573,0.23376587142903993,0.10022430182379509,0.27901832915752395,0.045251868489092704,0.22108458367589015,0.03635499343793275
198,600285,羚锐制药,2018-09-26,2018-09,B,0,0,1,41.4318,439,0.04532609715605474,0.0028593235637313177,0.0383324398784347,0.012735896250096258,0.013898542270836851,0.011406001677700105,0.21297214615343904,0.14752803305597556,0.11935409761941485,0.060071320503755896,0.0795671600277503,0.06032431324659402
199,600557,康缘药业,2018-10-22,2018-10,B,0,0,1,48.0769,97,0.17875912111552414,0.03302174420261904,0.17192592893038472,0.04850430030956386,0.07722554903721573,0.06625153123390344,0.3167768615465258,0.3441683186735824,0.3686851047854882,0.21672054598821616,0.2473461884887096,0.19113215458147723
200,000803,山高环能,2018-10-23,2018-10,B,0,0,1,42.0,102,0.38672427436801776,0.055329079353438775,0.1777697699972003,0.07031276025434724,0.19074151261284664,0.08197842020760697,0.45021472309263794,0.0723060886738623,0.4494728643415692,0.36670323338062677,0.5494596879259116,0.21078227532881527
201,600211,西藏药业,2018-10-23,2018-10,B,0,1,1,46.9893,97,0.38672427436801776,0.055329079353438775,0.22715519587648478,0.058926402550653845,0.2209789631672266,0.09033446184643737,0.45021472309263794,0.0723060886738623,0.3719127622433364,0.18367594194263742,0.38283222810713113,0.2306203905579486
202,603987,康德莱,2018-10-23,2018-10,B,0,0,1,41.25,107,0.38672427436801776,0.055329079353438775,0.31793819624614755,0.053767419087288944,0.35511532841006305,0.07899979013656369,0.45021472309263794,0.0723060886738623,0.3892750581188286,0.3490893832138061,0.4589444014683398,0.15227424984850454
203,000915,华特达因,2018-10-24,2018-10,B,0,0,1,40.3919,76,0.2453665619577425,0.045321771394341404,0.3342722894520305,0.05820189955119595,0.21044315093388943,0.08365491423066838,0.29364101098665873,0.07675898335315424,0.4328121132899527,0.28523959402330373,0.32458193685581765,0.23443562516091113
204,002188,中天服务,2018-10-24,2018-10,B,0,1,1,44.3662,30,0.2453665619577425,0.045321771394341404,0.2815532114719275,0.12441606801438652,0.25105595655798485,0.17174219706511623,0.29364101098665873,0.07675898335315424,0.36426991010287235,0.2773386714793779,0.3296588777728114,0.12732339846822663
205,300442,润泽科技,2018-10-24,2018-10,B,0,0,1,48.6587,312,0.2453665619577425,0.045321771394341404,0.21712476501949796,0.09531998098606452,0.1303581143618004,0.1139542194677582,0.29364101098665873,0.07675898335315424,0.3038348467750656,0.21984120541691973,0.23397315955076947,0.06217177353954394
206,600371,万向德农,2018-10-24,2018-10,B,0,1,1,41.136,92,0.2453665619577425,0.045321771394341404,0.44820348625286804,0.18453755852127596,0.27003077280805304,0.20375317077708416,0.29364101098665873,0.07675898335315424,0.518181218408008,0.31228931334609034,0.3849044605342588,0.19523828647345617
207,600475,华光环能,2018-10-24,2018-10,B,0,0,1,41.7764,345,0.2453665619577425,0.045321771394341404,0.1412920887915383,0.018743675406935164,0.08744126858922008,0.021250185924403395,0.29364101098665873,0.07675898335315424,0.3069801457686043,0.11230081316707517,0.22727457617440622,0.03824139866961096
208,600986,浙文互联,2018-10-24,2018-10,B,0,0,1,46.8326,91,0.2453665619577425,0.045321771394341404,0.40132218823180776,0.10624867335698776,0.27024993021018323,0.2412912224383796,0.29364101098665873,0.07675898335315424,0.5405160247862524,0.3935584050704204,0.38490486910353006,0.2453983972981519
209,603168,莎普爱思,2018-10-24,2018-10,B,0,0,1,47.145,119,0.2453665619577425,0.045321771394341404,0.28254188176212147,0.08366438667611782,0.18434275361584365,0.09540310403965813,0.29364101098665873,0.07675898335315424,0.35101090107888205,0.1751124196366882,0.2561101292658382,0.09910485231345452
210,600232,金鹰股份,2018-10-26,2018-10,B,0,1,1,40.4063,10,0.35882689532340795,0.07084578131701418,0.2210260775826192,0.0178494299375214,0.21241293548204546,0.02419129645027459,0.412679702204352,0.05590079293220207,0.3264118868262803,0.12807204107099837,0.31570532615901964,0.0666391365913895
211,603199,九华旅游,2018-10-26,2018-10,B,0,0,1,41.9697,213,0.35882689532340795,0.07084578131701418,0.1584953816700654,0.01429366502417059,0.16802469676551096,0.018655037781542722,0.412679702204352,0.05590079293220207,0.3333762372133301,0.03613805058420086,0.33280309867168406,0.04996692459966714
212,300679,电连技术,2018-10-29,2018-10,B,1,1,1,52.6178,78,0.37119567354302785,0.010203937357379816,0.3310381334077986,0.06510775437659988,0.3737703003493723,0.036308241690939845,0.3623810656286261,0.02605429741921394,0.31872199259910766,0.18908403097689674,0.3279343497658706,0.18175946390416078
213,002265,建设工业,2018-10-31,2018-10,B,0,0,1,53.4676,99,0.23749194165659301,0.018005267746404877,0.22983945238120432,0.018769844363764866,0.16851250479669946,0.018813217181286816,0.3129186674780104,0.02824250252721108,0.27718137310123914,0.14014772498735617,0.20183114043842948,0.10718477725666117
214,002247,聚力文化,2018-11-02,2018-11,B,0,0,0,-40.4124,140,0.1841175958901907,0.018256883059792145,0.39476655884183376,0.23591089916902344,0.2309631042715857,0.12625331122479178,0.31833901975015927,0.2660311732883115,0.4577204637827496,0.6994553841494934,0.36011030865013993,0.613401860649172
215,600867,通化东宝,2018-11-02,2018-11,B,0,0,0,-40.4516,1423,0.1841175958901907,0.018256883059792145,0.4985835213849055,0.2634833955549326,0.20646367718635195,0.19051860651895022,0.31833901975015927,0.2660311732883115,0.5815398000493492,0.4418344677479958,0.4456153600237588,0.4255160422230322
216,000713,国投丰乐,2018-11-05,2018-11,B,0,0,1,41.9288,110,0.31454006061618106,0.010763905747720567,0.1754597463606175,0.05887848612092291,0.1435504459450583,0.046519877186268155,0.4962258010102132,0.16520685155220866,0.2956033640984776,0.1371824589734557,0.32978539701781595,0.1890461497155193
217,002568,百润股份,2018-11-06,2018-11,B,0,1,1,41.3793,67,0.29057121341707026,0.010763905747720567,0.252412806846431,0.019269319949130694,0.17024124409196847,0.024641205079574947,0.4473751134829233,0.0869545691341711,0.307895384693383,0.05817514913053946,0.3316746319123763,0.10260961597509206
218,600226,亨通股份,2018-11-15,2018-11,B,0,0,1,41.6667,83,0.29458837902141144,0.08914992978792459,0.21629381700555325,0.02009805815646145,0.22682737751853813,0.02250983747421163,0.4171179115595014,0.03245070926123031,0.23082462506368076,0.06170764159802963,0.3444951395705798,0.04062468895136215
219,000639,ST西王,2019-01-07,2019-01,B,0,1,1,40.3509,50,0.08569132589966001,0.007976766681145253,0.5006472874108525,0.04747048268589825,0.3636688443942399,0.03877032618987551,0.3555126827645814,0.2662067110589957,0.6672051919706836,0.20345928952578934,0.6673688097645103,0.25569018094388846
220,300558,贝达药业,2019-01-07,2019-01,B,0,1,1,44.6273,35,0.08569132589966001,0.007976766681145253,0.45776989210505303,0.12155797403868228,0.3169413323981084,0.14938814847081794,0.3555126827645814,0.2662067110589957,0.5152418600077108,0.10530197920499827,0.5616695105089369,0.13098714105458256
221,600399,抚顺特钢,2019-01-08,2019-01,B,0,0,1,42.8571,33,0.08013253651560602,0.004878190887476815,0.4389401015903449,0.1898753289070569,0.7749390353913431,0.19439530730129684,0.2876868896462116,0.04933554319361347,0.030237214874190246,0.48001571132008164,0.04399679042925,0.4058580863223602
222,002027,分众传媒,2019-01-10,2019-01,B,0,0,1,41.5539,393,0.0637091761152038,0.004564206254339462,0.24586713260386653,0.016222201058812318,0.12073633473353956,0.02098803218652185,0.3120480030130815,0.12549679349189838,0.3494372137550835,0.1658970569189575,0.3664521477876891,0.15237935521521281
223,600525,长园集团,2019-01-10,2019-01,B,0,0,1,44.181,27,0.0637091761152038,0.004564206254339462,0.5035614532200408,0.12147823791857902,0.2932826831899381,0.13550019310044978,0.3120480030130815,0.12549679349189838,0.44162429716865015,0.36695626363650136,0.48523568370027226,0.37625098775965493
224,002027,分众传媒,2019-05-31,2019-05,B,0,0,1,43.0814,301,0.1999551310729616,0.029357956254456873,0.060832909239603716,0.027750248640150074,0.05013491760116585,0.03311140384984102,0.3667254495447874,0.088616773189787,0.07551583513712253,0.03062202785600775,0.12432127791093452,0.026387531538476575
225,002603,以岭药业,2019-06-12,2019-06,B,0,0,1,41.7435,154,0.2862328108622031,0.02172642952658618,0.04573591780550799,0.019170688403453002,0.1035338233132669,0.019139438783204104,0.3437821017623232,0.1641546433510928,0.1553587942271583,0.20517519373807533,0.2684326427154403,0.2595219273588065
226,000639,ST西王,2019-06-13,2019-06,B,0,0,0,-41.5106,1130,0.2561493092353816,0.05837421398147056,0.08160003195535197,0.0346408322531729,0.1119414286330081,0.02282959611382234,0.36416723358068065,0.13820067114583484,0.1401370382969157,0.20042145499351252,0.16657232471300323,0.08012190847766891
227,603357,设计总院,2019-08-20,2019-08,B,0,0,1,50.7293,899,0.08491434717021645,0.0026775527596523416,0.029051696234982563,0.007434775515298097,0.007849227173252898,0.006754298106123727,0.14833634766148301,0.010407373564115677,0.0974890496708459,0.04128097454969309,0.06679526182878553,0.03373237713641932
228,603766,隆鑫通用,2019-08-20,2019-08,B,0,0,1,41.4131,516,0.08491434717021645,0.0026775527596523416,0.08954142195852474,0.0038195504373458194,0.027878194456090622,0.0060828528028735365,0.14833634766148301,0.010407373564115677,0.2125073260103807,0.016461926803747896,0.13188025646339654,0.035930179925111105
229,600179,安通控股,2020-02-18,2020-02,B,0,0,1,42.9951,161,0.04072440019157273,0.006887889978160816,0.05322111688397404,0.006092982973684131,0.0059200108230446,0.008096978436979863,0.261335087875934,0.2819560259440414,0.18344255742568977,0.057040251786185436,0.12960056061714267,0.07472456051531097
230,002356,鹏飞绿能,2020-03-27,2020-03,B,0,0,0,-41.2429,33,0.09383365500662441,0.018096333034322898,0.31027517533084176,0.03243621279170086,0.27649217533732606,0.06702873046303298,0.33124450246958115,0.04611459230373526,0.25687097054375235,0.26126787302038057,0.32443422968389396,0.14424683296453442
231,002319,乐通股份,2020-04-08,2020-04,B,0,0,1,42.8571,213,0.052954248538616196,0.0055770415918915016,0.11612796463851355,0.009037387623629623,0.04400573864303274,0.007182872653751513,0.23517564953101863,0.05043070252001552,0.2068348867031747,0.059452417599012895,0.18118294877903515,0.0631614049296503
232,600338,西藏珠峰,2020-04-08,2020-04,B,0,0,1,51.3253,58,0.052954248538616196,0.0055770415918915016,0.44576290097646587,0.011943760924564029,0.23067420612934986,0.013451184085042632,0.23517564953101863,0.05043070252001552,0.3842385814114352,0.03329002620454378,0.35814541924577686,0.029237410058606333
233,002003,伟星股份,2020-05-06,2020-05,B,0,1,1,40.0438,131,0.059453929261965674,0.05709879278583706,0.047666717291048676,0.012843405601031364,0.022156292539985044,0.008454585386806091,0.17568986159192845,0.019706240229165388,0.24235873583518366,0.172264194327708,0.19020276407408437,0.07150159200211761
234,002358,森源电气,2020-12-25,2020-12,B,0,0,0,-41.2998,84,0.2569339829947685,0.0211649487281973,0.24552977724031422,0.10050375432256048,0.3159139304277175,0.07752813709220381,0.3031366457675718,0.02255327826269815,0.5896252587740195,0.5716867393146109,0.538676478209487,0.37126528744423765
235,002243,力合科创,2020-12-30,2020-12,B,0,0,0,-40.6247,750,0.1995166136687782,0.02108772295319985,0.14885866665773972,0.10086632990380984,0.20335937329635406,0.04857626601208897,0.29895336945206313,0.06290229875612359,0.36955019147610924,0.0893834336704131,0.3822180439115931,0.048790961221414776
236,603496,恒为科技,2021-01-05,2021-01,B,0,0,0,-41.6807,315,0.12475050392535322,0.034603488423294824,0.25375972001961217,0.024567221795969905,0.15260625354012902,0.0175005740833646,0.22932598870662713,0.20640789681632207,0.3097429900914828,0.02971923778192957,0.1933198488724397,0.016156502508411642
237,600444,国机通用,2021-01-18,2021-01,B,0,0,1,40.5286,114,0.14378161146891857,0.01440885866654048,0.09069594399225733,0.008964238078798575,0.04717628752854781,0.014944703053462287,0.38004133012523117,0.04488484553165418,0.3248368329764202,0.13532165087180748,0.3120321203051999,0.12985097949713506
238,002783,凯龙股份,2021-01-19,2021-01,B,0,0,0,-12.9522,1354,0.3052479646904588,0.02427417297445929,0.34407687660485103,0.0375490994193185,0.3166041034667286,0.024092035742522243,0.4548082697498597,0.07921717515773435,0.3005741599269963,0.13516797365667377,0.37239540497559614,0.08930209109805966
239,300691,联合光电,2021-02-18,2021-02,B,0,1,1,43.9839,92,0.11417616372794955,0.011634284267239432,0.17821997796787412,0.016792164789966625,0.08256082988393541,0.023243996916659494,0.22293154419285133,0.0703887519700412,0.36267220370157266,0.08542438953490025,0.2760384696672829,0.11186558192882827
240,002229,鸿博股份,2021-02-19,2021-02,B,0,0,1,49.9162,476,0.12491067664241427,0.01166339113582408,0.0501362504649314,0.003736227369773906,0.022422855779591987,0.006492414165670413,0.2146823272630565,0.01824732364019278,0.23196747608611748,0.06110544230997726,0.16269458613870622,0.06398321559465035
241,002383,合众思壮,2021-02-19,2021-02,B,0,0,1,42.5569,43,0.12491067664241427,0.01166339113582408,0.378058300516719,0.3798742655779522,0.16115223906766854,0.13099350498258447,0.2146823272630565,0.01824732364019278,0.4086924827510663,0.30241184129066484,0.2754277214588852,0.22141760047911535
242,002396,星网锐捷,2021-02-19,2021-02,B,0,0,1,42.1004,111,0.12491067664241427,0.01166339113582408,0.05533405084363669,0.012071816856094377,0.020511344865730516,0.02051294604245692,0.2146823272630565,0.01824732364019278,0.24971617299235163,0.07000656290398127,0.1508130290041438,0.06391484239470258
243,002574,明牌珠宝,2021-02-19,2021-02,B,0,1,1,43.5443,133,0.12491067664241427,0.01166339113582408,0.0896128734146241,0.01744577072321819,0.03069642734995559,0.009885438806758651,0.2146823272630565,0.01824732364019278,0.24887571199776795,0.04515276365272652,0.17620156798415032,0.04974383545467428
244,002583,海能达,2021-02-19,2021-02,B,0,0,0,-40.3286,765,0.12491067664241427,0.01166339113582408,0.1342777916078437,0.018479970681072603,0.04883213386750574,0.02605705514259786,0.2146823272630565,0.01824732364019278,0.30064103534680975,0.04073112644878851,0.20797562883760057,0.09526105889725715
245,300270,中威电子,2021-02-19,2021-02,B,0,0,1,44.7876,77,0.12491067664241427,0.01166339113582408,0.27558091975350824,0.05734753493145221,0.08607074290376149,0.050289958001470174,0.2146823272630565,0.01824732364019278,0.5826499250273376,0.2380487775186587,0.362177613653605,0.09305989638294088
246,600530,ST交昂,2021-02-19,2021-02,B,1,1,1,44.1406,54,0.12491067664241427,0.01166339113582408,0.02157196610990463,0.02028101306076008,0.009306494090451723,0.025399870428408376,0.2146823272630565,0.01824732364019278,0.17287165750653524,0.20836012889616082,0.10752232287335835,0.1456277048252374
247,600756,浪潮软件,2021-02-19,2021-02,B,0,0,1,47.7656,227,0.12491067664241427,0.01166339113582408,0.08127158051630114,0.02222413027081202,0.02696036294247245,0.032229244122732176,0.2146823272630565,0.01824732364019278,0.30733802174809194,0.08297401075319254,0.19748936567383643,0.15514350590286108
248,603679,华体科技,2021-02-19,2021-02,B,0,0,0,-40.524,281,0.12491067664241427,0.01166339113582408,0.06795081648616505,0.008954686412993575,0.026562100690851097,0.021446497036394827,0.2146823272630565,0.01824732364019278,0.2116430227668101,0.050858556331816886,0.12965173997626955,0.056760493236829176
249,688058,宝兰德,2021-02-19,2021-02,B,0,0,1,59.4974,223,0.12491067664241427,0.01166339113582408,0.1026803139388089,0.02451622053087422,0.03153651480671057,0.01771545952161389,0.2146823272630565,0.01824732364019278,0.40669478784872803,0.1396707841684809,0.2139033705543255,0.0878786068609481
250,002592,ST八菱,2021-02-23,2021-02,B,0,1,1,45.3287,41,0.13402969936977369,0.008025688063270087,0.6277074395910288,0.08470546035967241,0.38118170277948293,0.03574550808006788,0.19766755144763382,0.006961772066319265,0.6776992721826471,0.3744769063130845,0.46240866045116624,0.15485179587093764
251,603220,中贝通信,2021-02-23,2021-02,B,0,0,1,40.8521,186,0.13402969936977369,0.008025688063270087,0.10152649516371019,0.009821855849549305,0.043218476215307625,0.01605380352840629,0.19766755144763382,0.006961772066319265,0.20101735136467774,0.047298181259690514,0.11332180097076058,0.02887021304056496
252,002058,紫竹高科,2021-03-26,2021-03,B,0,0,1,42.1891,299,0.08996058201164665,0.024026902829554966,0.24124481917061827,0.020526721972845097,0.09018445808443347,0.023747448308463308,0.3391632961192953,0.3098521356215721,0.4239972325366296,0.1868125080143101,0.378743980338559,0.20748821175716795
253,300061,旗天科技,2021-04-07,2021-04,B,0,1,1,62.259,10,0.03872219908943242,0.005188786263687932,0.33088855559189373,0.009964316425586057,0.06919109300899749,0.01644771964881667,0.13647376352271265,0.008594775395748119,0.578511891101511,0.16766331083746613,0.3559210350503719,0.0589068151160407
254,601020,华钰矿业,2021-05-25,2021-05,B,0,0,1,41.8539,57,0.019082965147783803,0.01046411248268096,0.48979289436635015,0.10049608828331422,0.07981817732822433,0.0867389031771271,0.14829816857243744,0.2513538495561659,0.43852421162121924,0.222523726509789,0.18391584852374887,0.22694912249418375
255,300429,强力新材,2021-10-18,2021-10,B,0,0,1,50.0266,501,0.11731478297514288,0.010295117438861932,0.05715032369080188,0.04266347221978122,0.03957003105503821,0.03600552051477001,0.43926983174784173,0.0798277396257366,0.14717768858125713,0.018267535916264004,0.2510781039117016,0.032282455974417625
256,300454,深信服,2022-01-18,2022-01,B,0,0,0,-40.0162,44,0.0757711789097116,0.017395590310973087,0.047525810645878554,0.011789396363210233,0.009766545815496531,0.014475029716710518,0.2419912849571571,0.010101215339630926,0.16712056103496967,0.145508076558515,0.10954573051189102,0.05269210995569711
257,603898,好莱客,2022-03-18,2022-03,B,0,0,1,42.7316,890,0.23157734010135056,0.06870272333134891,0.26400514218717996,0.07252479908835932,0.1905342394434098,0.07105640885763036,0.3719412802924744,0.127273470101208,0.3401630631791384,0.21449514458198748,0.27843148952668706,0.24337557197968543
258,688079,美迪凯,2022-03-18,2022-03,B,0,0,0,-41.4221,458,0.23157734010135056,0.06870272333134891,0.07866292800188943,0.030300386261882632,0.07912506943964422,0.01842220009024324,0.3719412802924744,0.127273470101208,0.39264260727554223,0.5394514183553798,0.37512171110789533,0.33592050096939796
259,600882,妙可蓝多,2022-03-22,2022-03,B,0,0,0,-40.4273,306,0.1121088820861066,0.007774913030523959,0.29899522754444563,0.09060465139952024,0.09776872293632657,0.11285979673214791,0.39356544500973084,0.05910944026694655,0.36166016538164186,0.42020310983028175,0.3224230002043971,0.24294145856008237
260,002082,ST万邦,2022-03-23,2022-03,B,0,0,0,-40.7616,383,0.12313236622783624,0.007946959854909761,0.16188367908472487,0.03372560818346516,0.08970768095756504,0.017429105653148452,0.36380371740641465,0.06964559403951924,0.1381717967233075,0.07182399661034403,0.11721048195950899,0.038925692388035685
261,300686,智动力,2022-04-28,2022-04,B,0,1,1,47.6294,129,0.37550784679002286,0.026999927258804905,0.19085584911609543,0.00871332028696707,0.28838106956319015,0.010340837115624904,0.39139328432000203,0.28152351455568847,0.4529586334491264,0.08890998833586171,0.3977696484604194,0.17443209263782827
262,300080,易成新能,2022-04-29,2022-04,B,1,1,1,55.0505,43,0.3963388594676638,0.04066580422599703,0.46492659240147766,0.03638102845994154,0.45413397491448737,0.03677641359514231,0.45502915613671463,0.14733398793725466,0.7595109806655422,0.3132098871463433,0.6883585942934508,0.2706419226498095
263,603387,基蛋生物,2022-04-29,2022-04,B,0,0,0,-41.4026,580,0.3963388594676638,0.04066580422599703,0.04929542681143667,0.005819386836087744,0.053152597257958935,0.008614197323060084,0.45502915613671463,0.14733398793725466,0.33411140821425583,0.06968371092820905,0.28838345086027845,0.06396316623938438
264,603520,司太立,2022-04-29,2022-04,B,0,0,0,-40.9777,90,0.3963388594676638,0.04066580422599703,0.1651809794201163,0.041365612632786514,0.14711866218717384,0.02358595456611726,0.45502915613671463,0.14733398793725466,0.45436093442281256,0.0985437360134647,0.3169849826962039,0.08358253491497349
265,000423,东阿阿胶,2022-05-05,2022-05,B,0,1,1,40.9954,173,0.3784647943147727,0.1908129769035103,0.15488964832737329,0.010662906191671834,0.11320735469871374,0.015224991590296576,0.3381944513614635,0.3477116330299519,0.23869507346509186,0.18319304475378387,0.1409841111618107,0.211936172643767
266,000550,江铃汽车,2022-05-05,2022-05,B,0,1,1,44.8276,17,0.3784647943147727,0.1908129769035103,0.25091157523590757,0.0317601044457087,0.2091413303993899,0.03787310958420155,0.3381944513614635,0.3477116330299519,0.3175753018768039,0.13653897185573632,0.20525075052110558,0.12991855410365732
267,002815,崇达技术,2022-05-05,2022-05,B,0,0,1,40.9864,791,0.3784647943147727,0.1908129769035103,0.3088742923608653,0.012338103084776293,0.26843864619367236,0.019271226758135897,0.3381944513614635,0.3477116330299519,0.5216305634919185,0.19603995402450086,0.40444978533585135,0.12496526287761503
268,600391,航发科技,2022-05-05,2022-05,B,0,0,1,44.5363,277,0.3784647943147727,0.1908129769035103,0.5012489617739484,0.10565632656618258,0.3781757006270317,0.10995831424570862,0.3381944513614635,0.3477116330299519,0.5367850809948587,0.2148128638180927,0.3976742699203618,0.19740042761297624
269,601233,桐昆股份,2022-05-05,2022-05,B,0,0,1,46.439,909,0.3784647943147727,0.1908129769035103,0.13147593927224466,0.017083091033633625,0.11145717592026069,0.017597819938167985,0.3381944513614635,0.3477116330299519,0.2929308614382545,0.054104853662916695,0.1952352520114922,0.05386138846527408
270,601698,中国卫通,2022-05-05,2022-05,B,0,0,1,40.2004,196,0.3784647943147727,0.1908129769035103,0.2394010372000497,0.09739794168195107,0.2083033632148379,0.07821942522645611,0.3381944513614635,0.3477116330299519,0.46380854409513395,0.17878613695819381,0.3503353937009352,0.12438411287813379
271,688314,康拓医疗,2022-05-05,2022-05,B,0,1,1,41.4244,67,0.3784647943147727,0.1908129769035103,0.19619708343340547,0.027691137816966613,0.1416406493941262,0.027097238201956825,0.3381944513614635,0.3477116330299519,0.377443043699595,0.07248650535424946,0.2550568540353537,0.09224950791268231
272,688517,金冠电气,2022-05-05,2022-05,B,0,0,1,46.3835,64,0.3784647943147727,0.1908129769035103,0.06649516830805526,0.026388091828594844,0.0611597783057196,0.030393091680302544,0.3381944513614635,0.3477116330299519,0.17578575394822465,0.1800280114486709,0.12391566218408247,0.13161225009038302
273,688526,科前生物,2022-05-05,2022-05,B,1,1,1,40.1931,30,0.3784647943147727,0.1908129769035103,0.21872856006434654,0.257931234689296,0.13333419790690704,0.25519305078642646,0.3381944513614635,0.3477116330299519,0.2926339870870473,0.27146113585006676,0.1941509963333123,0.2706790872899557
274,000590,古汉医药,2022-05-06,2022-05,B,0,1,1,41.8667,121,0.30045871379428996,0.0461283625134571,0.2704087565762546,0.009586551169504808,0.12667762240297722,0.012862751455690128,0.1970407907574088,0.0940678414885992,0.24077729961559807,0.04096856975256893,0.10208801272001772,0.03998595646299555
275,000988,华工科技,2022-05-06,2022-05,B,0,1,1,49.6741,36,0.30045871379428996,0.0461283625134571,0.25131285989601404,0.04161572230890887,0.11787906011617127,0.030071704068796706,0.1970407907574088,0.0940678414885992,0.2421781935200887,0.047971667023187385,0.10112857994612785,0.04170102021333427
276,002298,中电鑫龙,2022-05-06,2022-05,B,0,0,0,-41.0774,430,0.30045871379428996,0.0461283625134571,0.1457830390019618,0.02903213103912207,0.04465228516471832,0.019665511307891716,0.1970407907574088,0.0940678414885992,0.24965696813134033,0.06749631234548034,0.096489022367811,0.08275874122491955
277,002301,齐心集团,2022-05-06,2022-05,B,0,1,1,40.7279,214,0.30045871379428996,0.0461283625134571,0.15464702618568815,0.06919459435389202,0.056869546164195164,0.05033054500567055,0.1970407907574088,0.0940678414885992,0.1417483085887579,0.09212474229658023,0.054149339442973086,0.05315431338538794
278,002400,省广集团,2022-05-06,2022-05,B,0,0,1,42.2019,218,0.30045871379428996,0.0461283625134571,0.2933267916964304,0.005939328406684413,0.15100024081881425,0.006128913915037551,0.1970407907574088,0.0940678414885992,0.22690878396868988,0.05304026876217507,0.09990320552866339,0.04393290864768737
279,002773,康弘药业,2022-05-06,2022-05,B,0,1,1,40.5396,231,0.30045871379428996,0.0461283625134571,0.2594454297729503,0.0264211568425865,0.13871808827766133,0.01924920371456447,0.1970407907574088,0.0940678414885992,0.4263806958964211,0.12508714251627687,0.2302159030654474,0.07542767418368362
280,300095,华伍股份,2022-05-06,2022-05,B,1,1,1,41.5385,48,0.30045871379428996,0.0461283625134571,0.5479240680343908,0.05211640539731546,0.33867809457933545,0.04818887172855051,0.1970407907574088,0.0940678414885992,0.33626638471906567,0.11700407181460715,0.16305713590566095,0.06313297482924196
281,300120,经纬辉开,2022-05-06,2022-05,B,0,1,1,44.1708,231,0.30045871379428996,0.0461283625134571,0.4460873858883732,0.02140846790175056,0.2899583959420972,0.015274805697954417,0.1970407907574088,0.0940678414885992,0.5390669424594947,0.06786264725410941,0.29033917231315093,0.07505275860718479
282,300831,ST派瑞,2022-05-06,2022-05,B,1,1,1,40.0367,63,0.30045871379428996,0.0461283625134571,0.7972968656096849,0.07055784348609717,0.6673169898638159,0.06934861722589578,0.1970407907574088,0.0940678414885992,0.50192034933808,0.09120749150360735,0.2849445276304324,0.07522370452342386
283,300900,广联航空,2022-05-06,2022-05,B,1,1,1,42.9434,67,0.30045871379428996,0.0461283625134571,0.339381363846083,0.06361065996537332,0.1425594826232185,0.06463555968425008,0.1970407907574088,0.0940678414885992,0.46045218955009953,0.15700943251689037,0.21506747837264134,0.07467787585386025
284,600299,安迪苏,2022-05-06,2022-05,B,0,0,1,42.3001,646,0.30045871379428996,0.0461283625134571,0.07176739340577153,0.012001052953619865,0.03078177798515595,0.008488453932262902,0.1970407907574088,0.0940678414885992,0.1536853097132705,0.08296354995602132,0.05157787308544821,0.05604450724931528
285,600539,狮头股份,2022-05-06,2022-05,B,0,0,0,-41.7445,432,0.30045871379428996,0.0461283625134571,0.24078949068778344,0.017792669931885125,0.08504354949994353,0.017587264309667058,0.1970407907574088,0.0940678414885992,0.18736796068513073,0.11978689693616497,0.06415785532287743,0.11178675243135101
286,603879,永悦科技,2022-05-06,2022-05,B,0,0,1,48.3217,289,0.30045871379428996,0.0461283625134571,0.17807775996621492,0.00947650562315823,0.0700141326842825,0.012204517225779674,0.1970407907574088,0.0940678414885992,0.40693205741968275,0.10288502461055522,0.20885255926781207,0.05471077312940505
287,688358,祥生医疗,2022-05-06,2022-05,B,1,1,1,53.1355,55,0.30045871379428996,0.0461283625134571,0.07434490370485261,0.007858372201563386,0.031580160940967314,0.009899187768792042,0.1970407907574088,0.0940678414885992,0.23911934046805558,0.053432407039435165,0.10145978469027696,0.056435817890158745
288,688698,伟创电气,2022-05-06,2022-05,B,1,1,1,41.1526,50,0.30045871379428996,0.0461283625134571,0.06714860559001408,0.015882215421625746,0.025464878809167826,0.025682196749537346,0.1970407907574088,0.0940678414885992,0.2043564580350489,0.05710771118651322,0.08038782000200496,0.0314265933057122
289,002045,国光电器,2022-05-09,2022-05,B,1,1,1,41.3702,66,0.2997386339086446,0.10292756598010465,0.4157363540308565,0.04204930675860093,0.29076947306579976,0.06351032191082814,0.2377749614254389,0.31128475603458966,0.44408347965774436,0.15603391808345365,0.2606121833946339,0.04543098917959226
290,002623,亚玛顿,2022-05-09,2022-05,B,1,1,1,44.8118,10,0.2997386339086446,0.10292756598010465,0.5274088326662693,0.04426940757106468,0.3921155279569818,0.05542883485667069,0.2377749614254389,0.31128475603458966,0.35548057741995515,0.12979011579644203,0.20838187193806276,0.043383276677771816
291,003015,日久光电,2022-05-09,2022-05,B,1,1,1,49.1716,75,0.2997386339086446,0.10292756598010465,0.19906293306224165,0.019592010034171825,0.14072025487267834,0.017338088906193858,0.2377749614254389,0.31128475603458966,0.23849908721792076,0.03590571993673912,0.12672490190945793,0.016743588667989757
292,003042,中农联合,2022-05-09,2022-05,B,0,0,1,51.6268,121,0.2997386339086446,0.10292756598010465,0.11515483186102198,0.034073623751206004,0.04947484986883949,0.030441034849304206,0.2377749614254389,0.31128475603458966,0.16342993160459265,0.0668671300152323,0.07322368704338687,0.028618673901379548
293,300137,先河环保,2022-05-09,2022-05,B,0,0,1,41.1439,836,0.2997386339086446,0.10292756598010465,0.1273771293078966,0.04328775298642389,0.052347522759167604,0.0326907028774783,0.2377749614254389,0.31128475603458966,0.18628231030865636,0.20264216162692383,0.08014289240859243,0.07774916182093496
294,300303,聚飞光电,2022-05-09,2022-05,B,0,1,1,45.4711,223,0.2997386339086446,0.10292756598010465,0.36752002201993383,0.009289240173233954,0.27313353095216386,0.007625187787480499,0.2377749614254389,0.31128475603458966,0.4347036136402762,0.04349817746072449,0.2677375652461963,0.023163511496053828
295,300703,创源股份,2022-05-09,2022-05,B,1,1,1,40.9161,84,0.2997386339086446,0.10292756598010465,0.265271493729432,0.02948390057133534,0.16921432930695085,0.03631322955277324,0.2377749614254389,0.31128475603458966,0.405052640508926,0.14368263350582167,0.23420807453003056,0.03241757538455395
296,300992,泰福泵业,2022-05-09,2022-05,B,0,0,0,-43.9514,431,0.2997386339086446,0.10292756598010465,0.29757222380395354,0.11478911558577448,0.20075540697472266,0.06578228416777104,0.2377749614254389,0.31128475603458966,0.29492772941994533,0.17712351432573614,0.18073089065186043,0.05703186429869296
297,600131,国网信通,2022-05-09,2022-05,B,0,0,1,43.6422,131,0.2997386339086446,0.10292756598010465,0.4075938201675465,0.04525413258088175,0.23587714375384425,0.0434877163992636,0.2377749614254389,0.31128475603458966,0.4929962072152647,0.08861524482925584,0.26291428038353243,0.03676243972761381
298,603663,三祥新材,2022-05-09,2022-05,B,1,1,1,42.4028,28,0.2997386339086446,0.10292756598010465,0.3125751671512233,0.027546900881238474,0.1986637117544263,0.0353540803250966,0.2377749614254389,0.31128475603458966,0.44223659867381976,0.2762084121521191,0.2569806340013079,0.11116165255569585
299,603699,纽威股份,2022-05-09,2022-05,B,0,0,1,42.0312,134,0.2997386339086446,0.10292756598010465,0.2136321114259567,0.027975880607543704,0.13540483961410943,0.016353103674132837,0.2377749614254389,0.31128475603458966,0.42887289955687824,0.2508444108059042,0.22534948093662094,0.07628857361153074
300,688386,泛亚微透,2022-05-09,2022-05,B,0,1,1,50.0993,33,0.2997386339086446,0.10292756598010465,0.3310247545866987,0.06566234366192547,0.16350923654100813,0.061553030568952984,0.2377749614254389,0.31128475603458966,0.4150088136578268,0.23701584211964233,0.22588412644517805,0.06630354486265229
301,002730,电光科技,2022-05-10,2022-05,B,0,0,1,43.1846,640,0.3012250275007295,0.2277769047330052,0.2779904689413957,0.019378467654337567,0.16741468988777586,0.017081771727127663,0.24079514027790708,0.268402472959336,0.2058145309934864,0.07730991744418751,0.10456517244432026,0.056812318079552664
302,002791,坚朗五金,2022-05-10,2022-05,B,0,0,1,40.3568,35,0.3012250275007295,0.2277769047330052,0.468935591252114,0.1532736874641683,0.2710831993205087,0.17289338887639122,0.24079514027790708,0.268402472959336,0.25517491086613625,0.1205449844986406,0.12295597278914536,0.07852369681218696
303,300472,ST新元,2022-05-10,2022-05,B,0,1,1,50.3876,66,0.3012250275007295,0.2277769047330052,0.7575091354423604,0.17132951300655316,0.6420184038296781,0.18344775641564562,0.24079514027790708,0.268402472959336,0.4448458087185366,0.06621498981287173,0.2625902394646452,0.03213581423061334
304,300995,奇德新材,2022-05-10,2022-05,B,0,0,0,-40.4185,428,0.3012250275007295,0.2277769047330052,0.2241046979468033,0.04751264610185631,0.12240968354661855,0.07831967278944721,0.24079514027790708,0.268402472959336,0.3035893351953509,0.17716728797350179,0.15752029070910378,0.10593517283002221
305,600182,S佳通,2022-05-10,2022-05,B,0,0,1,40.7446,34,0.3012250275007295,0.2277769047330052,0.2682233958380392,0.022619789262713356,0.16264381104789344,0.027063333649741995,0.24079514027790708,0.268402472959336,0.3550597539685436,0.06304195106652748,0.20070393651060456,0.08443321105839696
306,600817,宇通重工,2022-05-10,2022-05,B,0,1,1,40.6801,11,0.3012250275007295,0.2277769047330052,0.38193977562886283,0.022064134850603493,0.27629726032858953,0.038242603045308174,0.24079514027790708,0.268402472959336,0.36345770352444406,0.10595461802342289,0.18539594337971374,0.1402776896342517
307,601607,上海医药,2022-05-10,2022-05,B,0,0,0,-1.3293,1042,0.3012250275007295,0.2277769047330052,0.046294735148464876,0.008038659248299275,0.025723998151252692,0.006296883175539873,0.24079514027790708,0.268402472959336,0.06728105961936925,0.03949663214753106,0.02845156853533576,0.050597943124589276
308,688058,宝兰德,2022-05-10,2022-05,B,0,0,0,-40.0074,428,0.3012250275007295,0.2277769047330052,0.09929134080021336,0.09743636534729314,0.04784167057385909,0.09968258674914177,0.24079514027790708,0.268402472959336,0.07898580212982896,0.11799381320289618,0.033201790433400734,0.06018740180208007
309,688258,卓易信息,2022-05-10,2022-05,B,0,0,1,44.2661,17,0.3012250275007295,0.2277769047330052,0.2755699701466457,0.07677003187319746,0.15083461366856465,0.06269103439911228,0.24079514027790708,0.268402472959336,0.36182493800759163,0.13522690165519255,0.1946243975410071,0.20156470260611611
310,002449,国星光电,2022-05-12,2022-05,B,1,1,1,45.6358,64,0.2805781605767703,0.3140515180841309,0.19803499803019567,0.016484426506885558,0.12193276292483729,0.01581007300912568,0.16617468352752474,0.27969427380007933,0.28335777932788525,0.17382724063343022,0.13471756029019144,0.0758762100271292
311,002757,南兴股份,2022-05-12,2022-05,B,0,0,1,43.7736,266,0.2805781605767703,0.3140515180841309,0.12651467908655262,0.07348566569847087,0.08083726837172661,0.04137929321039129,0.16617468352752474,0.27969427380007933,0.1129596628995663,0.05684942816391474,0.05247503578981569,0.031937518365319634
312,300074,华平股份,2022-05-12,2022-05,B,0,0,1,44.7674,343,0.2805781605767703,0.3140515180841309,0.3739536741336943,0.2151780880846585,0.2680455113708823,0.21110148613989146,0.16617468352752474,0.27969427380007933,0.2487520811546236,0.08443140327921858,0.1188060939859236,0.06075085026319897
313,300219,鸿利智汇,2022-05-12,2022-05,B,0,1,1,43.607,68,0.2805781605767703,0.3140515180841309,0.4016426455577439,0.2578112678602524,0.3342754870644966,0.2682863439067373,0.16617468352752474,0.27969427380007933,0.3346946404559617,0.1869750318937761,0.1803890631306991,0.14623091580619624
314,300468,四方精创,2022-05-12,2022-05,B,0,0,1,43.7159,222,0.2805781605767703,0.3140515180841309,0.20636365630937945,0.04639336328315292,0.15808730290951353,0.04825427400267141,0.16617468352752474,0.27969427380007933,0.16541303750158362,0.054235146149292396,0.07820945521824854,0.027251925386291412
315,300676,华大基因,2022-05-12,2022-05,B,0,0,0,-40.1457,422,0.2805781605767703,0.3140515180841309,0.23418950404716662,0.021755756344579578,0.1693308084753728,0.02046886792657449,0.16617468352752474,0.27969427380007933,0.22193276161290645,0.042087761968389224,0.10063560005443467,0.02652403971547392
316,300690,双一科技,2022-05-12,2022-05,B,1,1,1,42.1019,46,0.2805781605767703,0.3140515180841309,0.3551351934342029,0.2766040377381898,0.3000605109253757,0.2588506810934127,0.16617468352752474,0.27969427380007933,0.34081505130700435,0.16993874239994897,0.1881693544271356,0.09428333554527839
317,600418,江淮汽车,2022-05-12,2022-05,B,1,1,1,40.8602,7,0.2805781605767703,0.3140515180841309,0.47138858212419626,0.1791864104064279,0.4612834715056051,0.13794249987226684,0.16617468352752474,0.27969427380007933,0.35973002573762397,0.24455147393373466,0.2138825380116312,0.23859942984341118
318,601966,玲珑轮胎,2022-05-12,2022-05,B,1,1,1,41.3628,30,0.2805781605767703,0.3140515180841309,0.25549712458035656,0.09698791067101814,0.22572753790400285,0.1262716621300673,0.16617468352752474,0.27969427380007933,0.33070621732073924,0.35281627819247413,0.1615219791741251,0.2631704036145443
319,603109,神驰机电,2022-05-12,2022-05,B,1,1,1,42.4144,35,0.2805781605767703,0.3140515180841309,0.31580402446538886,0.0477528278582337,0.19218529345499288,0.06602448089593553,0.16617468352752474,0.27969427380007933,0.35337490586640424,0.2770234873162279,0.18140625268143024,0.10936623487310904
320,603458,勘设股份,2022-05-12,2022-05,B,0,0,0,-42.0107,426,0.2805781605767703,0.3140515180841309,0.11729139866373944,0.0030174902118979704,0.06155573551783111,0.003461385448272665,0.16617468352752474,0.27969427380007933,0.2161314780099487,0.026305465910318848,0.08550584424567637,0.023768472681681956
321,603881,数据港,2022-05-12,2022-05,B,0,0,1,40.0242,204,0.2805781605767703,0.3140515180841309,0.289605998087267,0.01864517590159871,0.23292912237545657,0.019719995151211717,0.16617468352752474,0.27969427380007933,0.2425537615410696,0.044107768714062606,0.11917495861351847,0.02949485842758439
322,688060,云涌科技,2022-05-12,2022-05,B,0,0,1,42.6919,128,0.2805781605767703,0.3140515180841309,0.09342441505783296,0.031237939920954708,0.05355246267632725,0.0198287728780653,0.16617468352752474,0.27969427380007933,0.3048646663111709,0.07937630661799594,0.12967346496365584,0.17632667034613514
323,688106,金宏气体,2022-05-12,2022-05,B,0,1,1,41.197,87,0.2805781605767703,0.3140515180841309,0.11914419839985402,0.0677610934884149,0.07365337827110512,0.0625025943307011,0.16617468352752474,0.27969427380007933,0.25539215422258016,0.2726936262218362,0.11768046254617327,0.13357225343726178
324,688216,气派科技,2022-05-12,2022-05,B,0,0,1,53.216,62,0.2805781605767703,0.3140515180841309,0.19337727062267915,0.08621116550129575,0.15520393196398477,0.09550885408585603,0.16617468352752474,0.27969427380007933,0.20820769977852593,0.22130713937185487,0.09708268180738745,0.1410412039352564
325,688355,明志科技,2022-05-12,2022-05,B,1,1,1,60.3777,69,0.2805781605767703,0.3140515180841309,0.084107366729581,0.06537034226265916,0.045917199482753385,0.07773787880848143,0.16617468352752474,0.27969427380007933,0.15685900372768727,0.08931974794869647,0.06552424521716368,0.05566332501305071
326,688218,江苏北人,2022-05-13,2022-05,B,0,1,1,44.0398,15,0.24933600357568103,0.22428721274093102,0.1049775775683775,0.008317411520880938,0.058438125085995225,0.009674854775128982,0.16112341109213332,0.22362770304145038,0.1983802707648419,0.03658624945206611,0.08843918975857568,0.03148407664831754
327,920242,建邦科技,2022-05-17,2022-05,B,0,0,1,40.056,320,0.1885553244311583,0.31921826394211306,0.11802625424917063,0.006066501739757122,0.06376340583955159,0.00870116536997324,0.1341055875246867,0.29949210719788844,0.13157255688819103,0.01711056381493629,0.05168425430988764,0.021677224472514318
328,000526,学大教育,2022-05-23,2022-05,B,0,0,1,48.8387,233,0.2026345292185945,0.1390018035121089,0.3451042122301238,0.0391176244659188,0.13061813043709086,0.03497909124801407,0.18115715366736712,0.17307512645024223,0.37669073054944296,0.1726982892949118,0.1712610792066984,0.0939759243077057
329,002833,弘亚数控,2022-10-13,2022-10,B,0,0,1,48.6202,166,0.10600089730747286,0.007032210610711153,0.031534511538097235,0.005991939051004322,0.012644608650149151,0.005331986578881155,0.19255018778848285,0.00750435212604547,0.11430931460675746,0.025215445245806805,0.0839223122656078,0.02052570786541812
330,002979,雷赛智能,2022-10-13,2022-10,B,1,1,1,43.5632,27,0.10600089730747286,0.007032210610711153,0.023832509000853635,0.008170755760289609,0.006895640976770223,0.006966224171981508,0.19255018778848285,0.00750435212604547,0.11308960446699191,0.0288950047250471,0.07083787786020565,0.03133172072890683
331,000532,华金资本,2022-10-14,2022-10,B,0,1,1,41.6791,308,0.08691004355923891,0.0041076055608506145,0.026215884871628896,0.0030222362073505198,0.006280626921718947,0.0032630751228161546,0.10775325707419268,0.004485809750331649,0.1789791837759455,0.08886035438727286,0.06675340579134205,0.02720656703906834
332,300021,大禹节水,2022-10-14,2022-10,B,0,0,1,41.3653,673,0.08691004355923891,0.0041076055608506145,0.00753449918862043,0.0033827982349211405,0.0013899704293307662,0.004235159750280092,0.10775325707419268,0.004485809750331649,0.07614882986676007,0.04620846218072409,0.022203109899523576,0.016257009549495344
333,300099,尤洛卡,2022-10-14,2022-10,B,0,0,1,47.2895,784,0.08691004355923891,0.0041076055608506145,0.05461005178774352,0.004244091086841278,0.01281189457238701,0.004940439532521823,0.10775325707419268,0.004485809750331649,0.16745103090905963,0.02238660114682699,0.06363593846298263,0.013781887335901428
334,300230,永利股份,2022-10-14,2022-10,B,0,0,1,51.0999,502,0.08691004355923891,0.0041076055608506145,0.026527001170055818,0.00897114279386326,0.006398193896991988,0.007260336690407045,0.10775325707419268,0.004485809750331649,0.1607114431316809,0.09740587455828996,0.07262266675142337,0.011637131787944807
335,300383,光环新网,2022-10-14,2022-10,B,0,0,1,45.5083,107,0.08691004355923891,0.0041076055608506145,0.09590993742355056,0.010231158955744071,0.018365278377647124,0.021684276894342075,0.10775325707419268,0.004485809750331649,0.31293999225755337,0.09100954152308173,0.11185728412439555,0.03314459636222568
336,300578,会畅科技,2022-10-14,2022-10,B,1,1,1,54.9897,104,0.08691004355923891,0.0041076055608506145,0.08777961413867608,0.008069834069810846,0.015496809097344216,0.006842946794269447,0.10775325707419268,0.004485809750331649,0.29176938926826435,0.07585286758337871,0.09195669180673745,0.014191987836340817
337,300768,迪普科技,2022-10-14,2022-10,B,0,1,1,57.6217,97,0.08691004355923891,0.0041076055608506145,0.0891006738791296,0.014854038067658129,0.013112403216929212,0.011147003534813986,0.10775325707419268,0.004485809750331649,0.26839147041466943,0.1844952172150672,0.07079564267557531,0.0391463893407343
338,603499,翔港科技,2022-10-14,2022-10,B,0,1,1,40.1685,70,0.08691004355923891,0.0041076055608506145,0.04657649964285343,0.003801717277632956,0.010701052801482789,0.0068676559704178445,0.10775325707419268,0.004485809750331649,0.11100212267759517,0.0774671760574053,0.04021573448253532,0.025958948443864843
339,603618,杭电股份,2022-10-14,2022-10,B,0,0,1,41.8542,579,0.08691004355923891,0.0041076055608506145,0.028963116563437724,0.0028854424208935416,0.007878873210145394,0.0038743466011463045,0.10775325707419268,0.004485809750331649,0.08858921917539077,0.015653714709078823,0.03485021698552113,0.010713767240527501
340,605488,福莱新材,2022-10-14,2022-10,B,0,0,1,52.9346,287,0.08691004355923891,0.0041076055608506145,0.03559285196701163,0.006065623731282985,0.006430195685846904,0.0070183542330038515,0.10775325707419268,0.004485809750331649,0.1292400090287327,0.0321633428259874,0.038364471343896374,0.012887826264260716
341,688339,亿华通-U,2022-10-14,2022-10,B,0,0,0,-40.8956,312,0.08691004355923891,0.0041076055608506145,0.017663998248998884,0.013084279035383057,0.004416633218012945,0.01621469321950805,0.10775325707419268,0.004485809750331649,0.13161887338125708,0.08613142117936554,0.05104752435854518,0.026869924235797933
342,000936,华西股份,2022-10-17,2022-10,B,0,0,1,48.4791,113,0.14944996583407602,0.007406592364862847,0.0022016407067513614,0.0025638870640044865,0.0005653683370833536,0.0027305694634838897,0.20168393049981181,0.00825545399784205,0.02784796136935503,0.03382937830779671,0.011357070400084985,0.010904110521083489
343,002174,游族网络,2022-10-17,2022-10,B,0,0,1,40.5852,59,0.14944996583407602,0.007406592364862847,0.07521285552503475,0.00790096480966412,0.02452118836475867,0.010955265824327131,0.20168393049981181,0.00825545399784205,0.30182552164033455,0.05180337464889387,0.19163744724525497,0.02261662373883043
344,002624,完美世界,2022-10-17,2022-10,B,0,0,1,45.6539,114,0.14944996583407602,0.007406592364862847,0.026301890815626516,0.0038322128219102653,0.00926033824029997,0.0044849176790239895,0.20168393049981181,0.00825545399784205,0.16459325816612005,0.06480917043836723,0.10543702668629631,0.01935874536041789
345,002626,金达威,2022-10-17,2022-10,B,0,0,0,-42.2133,321,0.14944996583407602,0.007406592364862847,0.0449023164623841,0.006728739752686525,0.014633012882108777,0.00801123943490487,0.20168393049981181,0.00825545399784205,0.2265671421045049,0.07286791831036289,0.13796636838789367,0.02971080666486898
346,300616,尚品宅配,2022-10-17,2022-10,B,0,0,1,40.7252,105,0.14944996583407602,0.007406592364862847,0.1541318749869613,0.0074428745298389595,0.04799617696340756,0.02136314922665714,0.20168393049981181,0.00825545399784205,0.44406849910681867,0.04538698816747727,0.2883642599531746,0.02366418215174836
347,300841,康华生物,2022-10-17,2022-10,B,0,0,0,-41.5144,320,0.14944996583407602,0.007406592364862847,0.059594056392731375,0.007112442996462675,0.018639853999028993,0.010843500260586933,0.20168393049981181,0.00825545399784205,0.1887031054320024,0.07574086845270457,0.12384660697074024,0.0276396111247045
348,300949,奥雅股份,2022-10-17,2022-10,B,0,0,1,54.185,137,0.14944996583407602,0.007406592364862847,0.11165981667041466,0.01232725087852234,0.034404054217751216,0.011673973792983485,0.20168393049981181,0.00825545399784205,0.3626899905943424,0.12538741215421248,0.21725004215725535,0.029747964182904093
349,300994,久祺股份,2022-10-17,2022-10,B,0,0,0,-40.2773,319,0.14944996583407602,0.007406592364862847,0.24320470601667732,0.051718087159033824,0.0872906610368558,0.02299280758798523,0.20168393049981181,0.00825545399784205,0.5558687352316407,0.13698293447018475,0.3759206476566056,0.07854307789405438
350,600223,福瑞达,2022-10-17,2022-10,B,0,0,1,45.6604,25,0.14944996583407602,0.007406592364862847,0.04636110676663368,0.02968588820871262,0.016279580908918363,0.02159160101913107,0.20168393049981181,0.00825545399784205,0.3944359753603855,0.15562717810106058,0.25378516139060897,0.09796657867487894
351,601377,兴业证券,2022-10-17,2022-10,B,0,0,1,42.1813,478,0.14944996583407602,0.007406592364862847,0.0408839814018295,0.007321567510634624,0.018478849611768364,0.009420850407230962,0.20168393049981181,0.00825545399784205,0.22960395208671786,0.10619864185969694,0.16479486172438396,0.026510396568596415
352,688117,圣诺生物,2022-10-17,2022-10,B,0,0,1,44.6055,94,0.14944996583407602,0.007406592364862847,0.07681912898938864,0.014013842793787836,0.025643981496237207,0.014143335748231666,0.20168393049981181,0.00825545399784205,0.26565850870137525,0.02723990338764857,0.18215948634048076,0.018781325715634636
353,920885,星辰科技,2022-10-26,2022-10,B,0,0,1,57.33,265,0.0900283830778609,0.010106932305177868,0.029485938970649547,0.005180293086949313,0.01302044045590187,0.006602085498748256,0.11720766073968707,0.006188204838103896,0.09839932141884082,0.026893175663400503,0.07831492294957507,0.02150128728241339
354,002080,中材科技,2022-11-08,2022-11,B,0,0,0,-40.0356,405,0.08181617060536703,0.0020952193950041866,0.05949181903156934,0.022707985751520596,0.01816174552368363,0.015260004330884834,0.09928992050137707,0.0031803616290055556,0.27293088466545923,0.0860985941166581,0.12853909759227455,0.04837246902296004
355,688609,九联科技,2023-01-04,2023-01,B,0,1,1,42.5899,66,0.044223231181865864,0.022529706755799135,0.042443030187636156,0.03001955231235023,0.01546871973878718,0.015434067534580652,0.14860697812066115,0.20107871262340124,0.24192867021541903,0.03295619067348156,0.11266795059411952,0.02913510460292766
356,002584,西陇科学,2023-05-22,2023-05,B,0,0,1,48.423,116,0.122473615508065,0.00536213460619934,0.07233711440911593,0.03462181319368831,0.058688498123132614,0.014653478981748326,0.24959534804060632,0.04184731534607145,0.09302092523671013,0.019220270851207914,0.06902885280101283,0.02660527241086225
357,000796,凯撒旅业,2023-05-23,2023-05,B,0,0,1,45.7853,344,0.1425471916311615,0.03686338194725123,0.5324781260653854,0.30105935410896795,0.40390332934685497,0.14959218241161146,0.2945319806927383,0.13093992943750385,0.5202372734663001,0.25719066928922035,0.4616331936699301,0.30224613216562446
358,688500,慧辰股份,2023-05-24,2023-05,B,0,0,1,40.4827,94,0.13211471386060106,0.03686338194725123,0.19265679894556537,0.10183230759270892,0.10168506244519807,0.0465283313380569,0.2824195188211481,0.12936235139997465,0.15154756078706197,0.12216724279197881,0.08441825613600819,0.07925343282843372
359,300373,扬杰科技,2023-08-31,2023-08,B,0,0,1,56.1578,262,0.1235966668663355,0.003303917862965699,0.13911415546669856,0.044869510343752916,0.09399179898478342,0.023049974298976286,0.2450658329404343,0.04172348955973251,0.28985833981104736,0.09777050660046836,0.22637416399631252,0.08013007921452447
360,688536,思瑞浦,2023-08-31,2023-08,B,0,0,0,-40.7625,95,0.1235966668663355,0.003303917862965699,0.0655582409736777,0.033521867154383246,0.034807474071051066,0.02955831917256513,0.2450658329404343,0.04172348955973251,0.25809947723708854,0.06506206588977388,0.17153760131212387,0.08893945456210775
361,603185,弘元绿能,2023-09-06,2023-09,B,0,0,0,-42.0124,98,0.1217252863463651,0.004016410013454428,0.08207457567226037,0.026269067843639554,0.06607488308284683,0.01865936905524302,0.3018874630185603,0.06838905848920242,0.23636079669070917,0.0631045482720919,0.25805560726251486,0.06457787456165096
362,300144,宋城演艺,2023-10-30,2023-10,B,0,0,0,-40.0235,630,0.1600598294419896,0.007576623452648417,0.15853082443567684,0.008824945090788381,0.16997258305123497,0.008612685590282661,0.33841648877332314,0.03500017983994006,0.33436813066785215,0.03935440082557914,0.34859739391415634,0.014793847960303825
363,600610,中毅达,2023-11-03,2023-11,B,0,0,0,-45.4787,67,0.043663800362598135,0.0013208248360418219,0.4594805123521031,0.10205758729295236,0.1917589007852472,0.05082502735255841,0.06288997515230899,0.00562966434676384,0.3778022349255724,0.1748092085985658,0.09141849711720575,0.13145470626500025
364,002025,航天电器,2023-12-26,2023-12,B,0,0,1,41.083,493,0.019944130149539253,0.011084158978543174,0.03208648485964678,0.004304258036963595,0.007442643346799114,0.006385708538319988,0.20246699861901,0.016614828122676804,0.347354960971964,0.03807077272289418,0.35898288611495033,0.04557484343123266
365,002088,鲁阳节能,2023-12-29,2023-12,B,0,0,0,-40.2267,614,0.02005724090662146,0.0018116601697416163,0.022087086567104695,0.006818895574846298,0.0038076825280978295,0.005516206600438817,0.19583614932493432,0.009118172073956122,0.2803376169419922,0.062379417233664414,0.251728808537857,0.02176093900920084
366,688508,芯朋微,2023-12-29,2023-12,B,0,0,0,-43.2432,25,0.02005724090662146,0.0018116601697416163,0.03886318292125655,0.0146237507345683,0.004442687911907231,0.013254185636138649,0.19583614932493437,0.009118172073956122,0.28890451128574146,0.14464179003295702,0.20609986797780522,0.03153569072764956
367,600166,福田汽车,2024-01-25,2024-01,B,0,0,1,41.1538,531,0.2548460057920171,0.05040366212219831,0.08623189723271725,0.021352126695392975,0.08910816770163833,0.022964363428025467,0.576021097756605,0.15938810114118668,0.4402706587380388,0.5155210557542375,0.5369281056425516,0.30131879273278966
368,000968,蓝焰控股,2024-01-26,2024-01,B,0,0,1,45.9113,501,0.15398913446720894,0.0673290421382955,0.09291366412018112,0.008095908731108756,0.03738349466714537,0.006140784485855848,0.3262895528960089,0.09602911752988834,0.3581096990864423,0.29264410184653433,0.288779782616702,0.1392624346940137
369,002092,中泰化学,2024-01-26,2024-01,B,0,0,1,41.5129,496,0.15398913446720894,0.0673290421382955,0.14103089154215537,0.034588310608288216,0.07441037296912781,0.026409058929908573,0.3262895528960089,0.09602911752988834,0.35822225011321185,0.1360670434523333,0.32735017895683105,0.08785664804894648
370,002265,建设工业,2024-01-26,2024-01,B,0,0,1,45.0718,204,0.15398913446720894,0.0673290421382955,0.036122398188887496,0.021308938272474116,0.017981669600547538,0.017165630886239153,0.3262895528960089,0.09602911752988834,0.11135678926287203,0.09487717350782718,0.09514101406079603,0.05792213679481465
371,002408,齐翔腾达,2024-01-26,2024-01,B,0,0,1,44.4012,528,0.15398913446720894,0.0673290421382955,0.09225537489151249,0.009928817928490933,0.052378493872702964,0.008151965222798678,0.3262895528960089,0.09602911752988834,0.36349447378361466,0.15168735525226948,0.33274825792832075,0.08566217616882806
372,600184,光电股份,2024-01-26,2024-01,B,0,0,1,45.0424,266,0.15398913446720894,0.0673290421382955,0.03054770420259768,0.012683437422398228,0.012160545916800729,0.01202096774326156,0.3262895528960089,0.09602911752988834,0.16975816808273778,0.18143091763864438,0.12358604572106344,0.09111784175138449
373,002468,申通快递,2024-02-06,2024-02,B,1,1,1,40.5634,61,0.4599757602435712,0.11351667027669947,0.2629013986445242,0.017777614625245824,0.1271648358610476,0.048174911794823895,0.8679679954926768,0.10185913961323778,0.7756361548756737,0.12414674844913917,0.925015510347107,0.2160194208220733
374,603279,景津装备,2024-02-06,2024-02,B,0,0,0,-21.0514,613,0.4599757602435712,0.11351667027669947,0.07419333538801917,0.005779661575164798,0.034705730489849373,0.006087506670467338,0.8679679954926768,0.10185913961323778,0.3028849558550459,0.06045336810398433,0.6772739642555211,0.15082164340988755
375,300957,贝泰妮,2024-02-07,2024-02,B,0,0,0,-40.8047,557,0.4996868969464968,0.08744103585229358,0.4073147570052981,0.015345407950614011,0.30757558641176996,0.00961041009191091,0.8593045487479123,0.1872787471540456,0.517023983086448,0.09056006014380984,0.8311022119153293,0.12833953176369048
376,301031,中熔电气,2024-02-07,2024-02,B,0,0,1,52.6802,377,0.4996868969464968,0.08744103585229358,0.07228387123297107,0.019882791944652367,0.03435859889982829,0.01350860351804294,0.8593045487479123,0.1872787471540456,0.14154164491320556,0.03480799578630396,0.3847025004377973,0.05273828673476073
377,000756,新华制药,2024-02-08,2024-02,B,0,0,0,-12.3445,611,0.930900468822833,0.1295235385478753,0.5606851649632881,0.15326274661755393,0.9181407375086849,0.09831621614596375,0.9851910455055882,0.25334456012566214,0.7596288213679038,0.7860687147879424,0.965838471782668,0.612584856558063
378,002201,九鼎新材,2024-02-08,2024-02,B,0,0,1,41.786,335,0.930900468822833,0.1295235385478753,0.8096377716335491,0.2381440864166208,0.9787145708816833,0.24000781812391112,0.9851910455055882,0.25334456012566214,0.9716449450566398,0.34371117563689746,0.997150497169225,0.5478374348955409
379,002534,西子洁能,2024-02-08,2024-02,B,1,1,1,43.2254,168,0.930900468822833,0.1295235385478753,0.7688015729289853,0.10876797854435569,0.9708366224925059,0.18981558436530918,0.9851910455055882,0.25334456012566214,0.9820253489543517,0.5559844044894705,0.9979218362420819,0.5330543492601831
380,002850,科达利,2024-02-08,2024-02,B,0,0,1,46.2176,51,0.930900468822833,0.1295235385478753,0.47402712543890274,0.011147729514082976,0.9036197542276341,0.03692531567422913,0.9851910455055882,0.25334456012566214,0.552827671800158,0.11628518407859968,0.9450557335830462,0.2663495396508174
381,002993,奥海科技,2024-02-08,2024-02,B,0,0,1,46.4804,200,0.930900468822833,0.1295235385478753,0.4285489726147587,0.014002255357699615,0.8119376865881588,0.013680616819980602,0.9851910455055882,0.25334456012566214,0.6259367484167786,0.10753099584592561,0.9405188772030103,0.15859724647276854
382,300034,钢研高纳,2024-02-08,2024-02,B,0,0,1,47.1665,463,0.930900468822833,0.1295235385478753,0.6321736932946382,0.03959975509271343,0.931159616206531,0.07215632320180634,0.9851910455055882,0.25334456012566214,0.8823970843700989,0.22910882887854792,0.9876537946219385,0.39994808964629636
383,300702,天宇股份,2024-02-08,2024-02,B,0,0,1,61.1085,312,0.930900468822833,0.1295235385478753,0.82902030399968,0.12036921955843555,0.9513738677444507,0.13690542273360548,0.9851910455055882,0.25334456012566214,0.9373541964741278,0.7064717495447989,0.9926653792494174,0.44778527808873675
384,300873,海晨股份,2024-02-08,2024-02,B,0,0,1,41.048,248,0.930900468822833,0.1295235385478753,0.490244826034606,0.031824994482532794,0.8934675869180201,0.07569665882390636,0.9851910455055882,0.25334456012566214,0.7449493915131966,0.03131910225752906,0.972827767874994,0.13170057254413267
385,603105,芯能科技,2024-02-08,2024-02,B,0,0,1,49.1824,507,0.930900468822833,0.1295235385478753,0.6798428291326514,0.16495157794707954,0.9530240122756354,0.08370618381039402,0.9851910455055882,0.25334456012566214,0.8918288887122435,0.30712066681106304,0.9865397387995388,0.4543005182117651
386,603486,科沃斯,2024-02-08,2024-02,B,0,1,1,50.1515,50,0.930900468822833,0.1295235385478753,0.6817498209930482,0.04955648995563018,0.962653619433851,0.1581948346732513,0.9851910455055882,0.25334456012566214,0.8149366512334432,0.5851082440481807,0.9831367815645117,0.6074663109668604
387,605168,三人行,2024-02-08,2024-02,B,0,0,1,41.9627,533,0.930900468822833,0.1295235385478753,0.347988501834747,0.025024890449133162,0.7733185779577412,0.029853349061644992,0.9851910455055882,0.25334456012566214,0.574619921975586,0.2645177338178636,0.9223239671395151,0.25647133019770174
388,605338,巴比食品,2024-02-08,2024-02,B,0,0,1,40.1563,369,0.930900468822833,0.1295235385478753,0.4340823762738282,0.023106923773347277,0.8867482306828122,0.0534285671500352,0.9851910455055882,0.25334456012566214,0.7661738008963473,0.05686303902355573,0.9775383499733337,0.15264298652443026
389,688027,国盾量子,2024-02-08,2024-02,B,0,1,1,40.77,13,0.930900468822833,0.1295235385478753,0.8021022507432385,0.019573108014436316,0.9270558268822274,0.02069876587609708,0.9851910455055882,0.25334456012566214,0.8768943532462379,0.056602542206095854,0.9742782124485309,0.1333285992430656
390,688246,嘉和美康,2024-02-08,2024-02,B,1,1,1,40.3104,21,0.930900468822833,0.1295235385478753,0.8847255739644319,0.06513838498587526,0.9860385592637998,0.1066253002921852,0.9851910455055882,0.25334456012566214,0.983831251432382,0.12597492074778413,0.9983760237081742,0.24498777511866301
391,688333,铂力特,2024-02-08,2024-02,B,0,0,1,49.6549,254,0.930900468822833,0.1295235385478753,0.46647394388614327,0.007138225217126185,0.848381686811658,0.024304603345947307,0.9851910455055882,0.25334456012566214,0.7216586328660608,0.014104121914725737,0.9610778541811011,0.04817636365570112
392,688466,金科环境,2024-02-08,2024-02,B,0,0,1,49.1059,241,0.930900468822833,0.1295235385478753,0.8197360197360227,0.10346813883987943,0.9543448010642754,0.09801674706750624,0.9851910455055882,0.25334456012566214,0.9892058517862725,0.3838991743911975,0.9986743776269076,0.5830407842530362
393,688625,呈和科技,2024-02-08,2024-02,B,0,0,1,44.0106,276,0.930900468822833,0.1295235385478753,0.16842405968177585,0.008876997217969832,0.5844013110301043,0.01496995825540638,0.9851910455055882,0.25334456012566214,0.7152280237508714,0.025906366510587697,0.9663218852949607,0.07689288728620203
394,000503,国新健康,2024-02-19,2024-02,B,0,0,1,52.3759,162,0.5343875209957515,0.025546202588295208,0.198529346919395,0.0681266647572241,0.13636354226495973,0.019920351527409213,0.9029378237671063,0.2423024555918822,0.6362325083511247,0.4899226358291067,0.7676057118070221,0.23467033169335935
395,000525,红太阳,2024-02-19,2024-02,B,0,0,1,40.9426,154,0.5343875209957515,0.025546202588295208,0.4474834659435175,0.007004025819551395,0.5478593815735229,0.010521514335885654,0.9029378237671063,0.2423024555918822,0.916736308120847,0.7708277269716695,0.9748686476351074,0.46312361602622804
396,002102,ST能特,2024-02-19,2024-02,B,1,1,1,40.6393,117,0.5343875209957515,0.025546202588295208,0.8420817783873072,0.016279029160839214,0.8527777571144256,0.0048228295945626914,0.9029378237671063,0.2423024555918822,0.9628218744693355,0.7025548667316055,0.9891511537364459,0.43854993817862153
397,002167,东方锆业,2024-02-19,2024-02,B,1,1,1,46.7949,30,0.5343875209957515,0.025546202588295208,0.46354265483384405,0.09334973309586214,0.517368708474045,0.01535388354260088,0.9029378237671063,0.2423024555918822,0.8454965015177955,0.4465618177389651,0.940520960400535,0.30048920625002307
398,002370,亚太药业,2024-02-19,2024-02,B,0,0,1,48.318,343,0.5343875209957515,0.025546202588295208,0.6357430880741175,0.10779608010515354,0.5523694342243349,0.10217834807795317,0.9029378237671063,0.2423024555918822,0.8813015477765259,0.6135010724778664,0.9400823776482947,0.3617597620790096
399,002527,新时达,2024-02-19,2024-02,B,0,0,1,41.0326,194,0.5343875209957515,0.025546202588295208,0.7652703532571644,0.33266630674557607,0.6985020225825048,0.06663520389528295,0.9029378237671063,0.2423024555918822,0.8930084862832985,0.2570812285609712,0.9566272392902909,0.23675057341288971
400,002582,好想你,2024-02-19,2024-02,B,0,0,1,41.0582,175,0.5343875209957515,0.025546202588295208,0.439288422075435,0.06121991692524045,0.3866466316031594,0.008561190168830104,0.9029378237671063,0.2423024555918822,0.8191601538796148,0.3255921867096851,0.9121936153381198,0.30481954506789366
401,002659,凯文教育,2024-02-19,2024-02,B,0,0,1,40.2367,151,0.5343875209957515,0.025546202588295208,0.7303246640926159,0.07908272339620231,0.7201177346746724,0.03709728084532992,0.9029378237671063,0.2423024555918822,0.9309239073643161,0.3933505147456985,0.9621767307543815,0.21170920897095
402,002881,美格智能,2024-02-19,2024-02,B,0,0,1,44.4799,197,0.5343875209957515,0.025546202588295208,0.48996302644723705,0.0944034747341862,0.557849612974108,0.10018700777983607,0.9029378237671063,0.2423024555918822,0.8039320727714233,0.2828218150768274,0.924810669159545,0.30891287149448576
403,300057,万顺新材,2024-02-19,2024-02,B,0,0,1,41.8552,177,0.5343875209957515,0.025546202588295208,0.7701047973868511,0.11357379461042219,0.7762661253230073,0.07067711172814005,0.9029378237671063,0.2423024555918822,0.9535433967735325,0.543791423498879,0.9821084454435143,0.3643489753103722
404,300095,华伍股份,2024-02-19,2024-02,B,0,0,1,64.4713,294,0.5343875209957515,0.025546202588295208,0.5981504525125024,0.06649717158921735,0.537368598435604,0.04470414165980515,0.9029378237671063,0.2423024555918822,0.9299556701450631,0.5525479178785913,0.9678016745129308,0.3154664443136992
405,300320,海达股份,2024-02-19,2024-02,B,1,1,1,48.1081,53,0.5343875209957515,0.025546202588295208,0.6090328434463819,0.03713335512319788,0.6199246172117623,0.03344350429046554,0.9029378237671063,0.2423024555918822,0.931653080228658,0.3654435028689886,0.9751075931308705,0.3850983877493605
406,300371,汇中股份,2024-02-19,2024-02,B,0,0,1,40.801,124,0.5343875209957515,0.025546202588295208,0.8979920893039399,0.2869777635240625,0.795593391475237,0.09738715005194279,0.9029378237671063,0.2423024555918822,0.9902790763892243,0.48369638916286833,0.992153020749856,0.41776119798904343
407,300467,迅游科技,2024-02-19,2024-02,B,1,1,1,54.4828,153,0.5343875209957515,0.025546202588295208,0.9274461101639018,0.054851941626869,0.8425954263952748,0.05469871157947306,0.9029378237671063,0.2423024555918822,0.9880852722930952,0.44719161488564724,0.9897926273217157,0.296957683031232
408,300485,赛升药业,2024-02-19,2024-02,B,0,0,1,43.7239,303,0.5343875209957515,0.025546202588295208,0.779696596562093,0.17272887732640588,0.7354149961782755,0.09829027391032637,0.9029378237671063,0.2423024555918822,0.9504813552037038,0.42997424656150524,0.9791372040009713,0.32627761684721124
409,300556,丝路视觉,2024-02-19,2024-02,B,0,0,0,-25.6762,610,0.5343875209957515,0.025546202588295208,0.938919355725895,0.017501647264022844,0.8449398594615741,0.021114200083025298,0.9029378237671063,0.2423024555918822,0.9478186952809745,0.17255688995227358,0.9189656699943827,0.13964385943251706
410,300629,新劲刚,2024-02-19,2024-02,B,0,0,1,45.8668,173,0.5343875209957515,0.025546202588295208,0.26506164813180094,0.02684435744112463,0.1581221721054054,0.013084467005236505,0.9029378237671063,0.2423024555918822,0.6098002264636501,0.12934732545175226,0.7270485319032086,0.05561505905408465
411,300636,同和药业,2024-02-19,2024-02,B,0,0,1,43.0093,49,0.5343875209957515,0.025546202588295208,0.7319445547563005,0.12678995312764765,0.7285339618934771,0.04552544494226446,0.9029378237671063,0.2423024555918822,0.895025240059511,0.20394845626802627,0.9630702648944466,0.375607183652297
412,300642,透景生命,2024-02-19,2024-02,B,0,0,1,50.365,179,0.5343875209957515,0.025546202588295208,0.8164475141153175,0.1813569315418619,0.760296068003307,0.0557640882749695,0.9029378237671063,0.2423024555918822,0.9769077820346912,0.49181089446138654,0.9893206551264959,0.341192652531253
413,300667,必创科技,2024-02-19,2024-02,B,0,0,1,42.5499,151,0.5343875209957515,0.025546202588295208,0.847396293224815,0.0830314114064435,0.7703618387907469,0.04212408991041541,0.9029378237671063,0.2423024555918822,0.968210529674211,0.25617492251332014,0.9830056086881966,0.34398518589862104
414,300684,中石科技,2024-02-19,2024-02,B,1,1,1,43.997,11,0.5343875209957515,0.025546202588295208,0.8590673115280187,0.08993024210973649,0.7870020500514504,0.03838688248262052,0.9029378237671063,0.2423024555918822,0.9459888445079861,0.23069663295690931,0.9712341922993963,0.2749414407970826
415,300712,永福股份,2024-02-19,2024-02,B,1,1,1,45.7418,55,0.5343875209957515,0.025546202588295208,0.8985536374510328,0.3683348356519126,0.8653444595668045,0.11397304545752053,0.9029378237671063,0.2423024555918822,0.9627745436211155,0.44365210353725787,0.9819395246343398,0.26054105618816276
416,300758,七彩化学,2024-02-19,2024-02,B,1,1,1,48.0057,31,0.5343875209957515,0.025546202588295208,0.8739055153783256,0.198562353047782,0.8182283907002426,0.09756395934421679,0.9029378237671063,0.2423024555918822,0.9761517966193771,0.3532655357121201,0.9880296987417396,0.26287359244927544
417,300853,申昊科技,2024-02-19,2024-02,B,0,0,1,41.2048,197,0.5343875209957515,0.025546202588295208,0.6531849422191127,0.13539937279128753,0.6258961217310467,0.07281889840196556,0.9029378237671063,0.2423024555918822,0.9281930865874501,0.34206222391133434,0.9688736559867319,0.23674870833991818
418,300863,卡倍亿,2024-02-19,2024-02,B,0,0,1,42.4798,85,0.5343875209957515,0.025546202588295208,0.45731091888754843,0.04547372516862911,0.40860336639238637,0.01938906791801715,0.9029378237671063,0.2423024555918822,0.7137205312111378,0.09599212728664934,0.8762222308174759,0.24015357068683627
419,300940,南极光,2024-02-19,2024-02,B,0,0,1,40.2484,175,0.5343875209957515,0.025546202588295208,0.840043604441859,0.05500592649022447,0.7931040155322906,0.06690333211268483,0.9029378237671063,0.2423024555918822,0.9697213322472025,0.6700393629910334,0.9858692416248395,0.3801500547696313
420,301045,天禄科技,2024-02-19,2024-02,B,0,0,1,43.2793,176,0.5343875209957515,0.025546202588295208,0.9336369168792518,0.20402703842752712,0.8613682891432308,0.04717067424636301,0.9029378237671063,0.2423024555918822,0.9847264722167856,0.38166314424695813,0.9878781363459473,0.39015706649833753
421,301088,戎美股份,2024-02-19,2024-02,B,0,0,1,55.543,191,0.5343875209957515,0.025546202588295208,0.7924991862108187,0.14087925853136357,0.7724294926330134,0.07230711253692824,0.9029378237671063,0.2423024555918822,0.9508250300328575,0.40087074288868935,0.9809008288771442,0.4000766207622646
422,301122,采纳股份,2024-02-19,2024-02,B,0,0,0,-41.2576,143,0.5343875209957515,0.025546202588295208,0.75340080406158,0.0801834502057463,0.6205964482094651,0.0532490627597558,0.9029378237671063,0.2423024555918822,0.8322589868482522,0.10118526272965972,0.9003672738725256,0.12612724335306716
423,301181,标榜股份,2024-02-19,2024-02,B,0,0,1,45.1357,246,0.5343875209957515,0.025546202588295208,0.8435938022351587,0.14361290248811592,0.7799437613907324,0.09134350723323961,0.9029378237671063,0.2423024555918822,0.9719106288116951,0.14778404414458501,0.9865094899660333,0.43543644462304004
424,301257,普蕊斯,2024-02-19,2024-02,B,0,0,1,42.0763,379,0.5343875209957515,0.025546202588295208,0.38693356337524176,0.012869880095347825,0.33608733696712245,0.02119014334064187,0.9029378237671063,0.2423024555918822,0.667998412785981,0.017968467454003226,0.8554462927719769,0.05967090518490072
425,301306,西测测试,2024-02-19,2024-02,B,1,1,1,43.9967,2,0.5343875209957515,0.025546202588295208,0.8459710671733593,0.12440883085945045,0.8197646060270625,0.06856715063627343,0.9029378237671063,0.2423024555918822,0.9579002817869278,0.3116665013840954,0.98063306991714,0.3983003199213942
426,301322,绿通科技,2024-02-19,2024-02,B,0,0,1,44.9472,311,0.5343875209957515,0.025546202588295208,0.6247364496077787,0.08254283336940327,0.5257311739561967,0.04673440492523821,0.9029378237671063,0.2423024555918822,0.791688381483374,0.1116012784262395,0.9133596283937446,0.2505608944111548
427,600338,西藏珠峰,2024-02-19,2024-02,B,0,0,1,40.7127,181,0.5343875209957515,0.025546202588295208,0.7205742932096589,0.14931821706061024,0.7683194177458909,0.17281249893877376,0.9029378237671063,0.2423024555918822,0.899201542345803,0.7099423723209743,0.9552152156713246,0.5042588481088146
428,600367,红星发展,2024-02-19,2024-02,B,1,1,1,42.316,50,0.5343875209957515,0.025546202588295208,0.5192597681862798,0.049020287474684406,0.5922413275773857,0.05508379391861467,0.9029378237671063,0.2423024555918822,0.9461561510294588,0.495715375511376,0.9764777126265287,0.39218699078704355
429,600488,津药药业,2024-02-19,2024-02,B,0,0,1,46.7065,512,0.5343875209957515,0.025546202588295208,0.21384407616941567,0.03503773308314298,0.17292252249789372,0.009312852900161867,0.9029378237671063,0.2423024555918822,0.8218543902891393,0.6587415565124605,0.9137456686415283,0.3909666910021028
430,600613,神奇制药,2024-02-19,2024-02,B,0,0,1,44.3914,167,0.5343875209957515,0.025546202588295208,0.4084140359859341,0.0861573576716826,0.3959381473427456,0.05123606460375712,0.9029378237671063,0.2423024555918822,0.8568006701222606,0.5964617968028592,0.9294379725402949,0.31646156029692574
431,603386,骏亚科技,2024-02-19,2024-02,B,0,0,1,48.2874,350,0.5343875209957515,0.025546202588295208,0.179583228819165,0.015227725192443467,0.1486716476368054,0.01134789850978591,0.9029378237671063,0.2423024555918822,0.6295526923876198,0.14360623808932804,0.7799233864568937,0.06272424560326087
432,603676,卫信康,2024-02-19,2024-02,B,0,0,1,40.397,168,0.5343875209957515,0.025546202588295208,0.4325603888673869,0.09410319915499084,0.48300774447872497,0.015231649931649919,0.9029378237671063,0.2423024555918822,0.773010510267023,0.4215618361245836,0.9161549608117394,0.41943431089840094
433,603678,火炬电子,2024-02-19,2024-02,B,0,1,1,41.7773,153,0.5343875209957515,0.025546202588295208,0.5383064849437218,0.10416634763616207,0.6611829272022731,0.015475599837240181,0.9029378237671063,0.2423024555918822,0.7314918391760888,0.16489866175982962,0.9120884749602508,0.18600420804938617
434,603701,德宏股份,2024-02-19,2024-02,B,0,0,1,43.9591,153,0.5343875209957515,0.025546202588295208,0.6384714934895528,0.4040453782728141,0.690670795221841,0.1181154014128958,0.9029378237671063,0.2423024555918822,0.8298502743799487,0.4384253733145583,0.9159672225917327,0.5072298847673176
435,603823,百合花,2024-02-19,2024-02,B,1,1,1,40.843,51,0.5343875209957515,0.025546202588295208,0.5636354484404361,0.16695045125268812,0.6153933483620443,0.07919988011108679,0.9029378237671063,0.2423024555918822,0.8774823746214717,0.3164659272075663,0.9546036030708974,0.26759271062971757
436,688055,龙腾光电,2024-02-19,2024-02,B,0,0,1,49.1429,177,0.5343875209957515,0.025546202588295208,0.6370927310260805,0.029036038044894828,0.5276072202322899,0.011379328522097264,0.9029378237671063,0.2423024555918822,0.9636052752050954,0.5494159528586962,0.9840048875745976,0.32168401920172457
437,688073,毕得医药,2024-02-19,2024-02,B,0,0,1,50.0747,233,0.5343875209957515,0.025546202588295208,0.7401130101603105,0.3368746200940219,0.7587616347981692,0.04598281260913933,0.9029378237671063,0.2423024555918822,0.8881831390983667,0.42873575413259535,0.9594494711023881,0.49033222718623676
438,688077,大地熊,2024-02-19,2024-02,B,0,0,1,64.8597,171,0.5343875209957515,0.025546202588295208,0.9661836988214358,0.5366249084619061,0.9321657708716075,0.2357846989459186,0.9029378237671063,0.2423024555918822,0.9893541247828435,0.6697919439305585,0.9919393141109378,0.3539718633158705
439,688116,天奈科技,2024-02-19,2024-02,B,0,1,1,45.2393,36,0.5343875209957515,0.025546202588295208,0.7041298559285013,0.025930224257548068,0.7317354658767968,0.1841775299452761,0.9029378237671063,0.2423024555918822,0.8324989301419743,0.04022774495548398,0.9357510844876302,0.12235744944461678
440,688132,邦彦技术,2024-02-19,2024-02,B,0,0,1,40.0,187,0.5343875209957515,0.025546202588295208,0.7897860934629359,0.21133964086152987,0.6881299804550423,0.10714682975161975,0.9029378237671063,0.2423024555918822,0.9676096098378076,0.21551353744557847,0.9814945287943654,0.2519766154031973
441,688138,清溢光电,2024-02-19,2024-02,B,0,1,1,40.8829,69,0.5343875209957515,0.025546202588295208,0.5661854344620934,0.0201729774769336,0.4283554979009476,0.024618184634848262,0.9029378237671063,0.2423024555918822,0.8991589162321466,0.2607108598970304,0.9383107573622376,0.22996342843812465
442,688186,广大特材,2024-02-19,2024-02,B,0,0,1,41.6851,227,0.5343875209957515,0.025546202588295208,0.8352769981699979,0.0470288186500061,0.7736793086239817,0.07074731166129918,0.9029378237671063,0.2423024555918822,0.9544009948717536,0.34231235778721747,0.9794868465618012,0.311247550366966
443,688196,卓越新能,2024-02-19,2024-02,B,0,0,1,62.9194,186,0.5343875209957515,0.025546202588295208,0.8212984610667355,0.3798402429313323,0.7657847576587005,0.04282100539890795,0.9029378237671063,0.2423024555918822,0.960348913041644,0.6867257708188466,0.9809576681991684,0.47300097858786655
444,688200,华峰测控,2024-02-19,2024-02,B,0,1,1,40.4762,52,0.5343875209957515,0.025546202588295208,0.6046221966950702,0.0352505952422067,0.6203718517946543,0.024648262047479313,0.9029378237671063,0.2423024555918822,0.7682863770459195,0.14331991589198562,0.9137910190921418,0.3546435924780454
445,688230,芯导科技,2024-02-19,2024-02,B,0,1,1,41.2709,83,0.5343875209957515,0.025546202588295208,0.8313322300396329,0.07198640277382051,0.7108427617293788,0.0427701745394542,0.9029378237671063,0.2423024555918822,0.9769570943965817,0.3746563148174823,0.9840435612157397,0.2807959887957636
446,688317,之江生物,2024-02-19,2024-02,B,0,0,1,46.9894,340,0.5343875209957515,0.025546202588295208,0.7103989469753506,0.03687804629008969,0.6443034643458965,0.13640562300441308,0.9029378237671063,0.2423024555918822,0.9213427393607997,0.24989017942339894,0.9654459837431747,0.2362021816793605
447,688321,微芯生物,2024-02-19,2024-02,B,1,1,1,43.1677,50,0.5343875209957515,0.025546202588295208,0.8451849491106392,0.056720075434338706,0.7578970296879198,0.10829691313705749,0.9029378237671063,0.2423024555918822,0.9442832662845579,0.31484760061017975,0.9672579356015084,0.24816007987708782
448,688330,宏力达,2024-02-19,2024-02,B,0,0,1,41.5904,372,0.5343875209957515,0.025546202588295208,0.7153705287980787,0.15237991609498736,0.6465509641653642,0.06403409908152889,0.9029378237671063,0.2423024555918822,0.9209045708202769,0.6597716886804139,0.9703893529207587,0.39286353439652155
449,688355,明志科技,2024-02-19,2024-02,B,0,0,1,47.8584,153,0.5343875209957515,0.025546202588295208,0.8709871856126339,0.4065861629183986,0.8369870926309411,0.1675851204894971,0.9029378237671063,0.2423024555918822,0.9662249971607333,0.34508318860141834,0.9834353988460011,0.4262005756441929
450,688391,钜泉科技,2024-02-19,2024-02,B,1,1,1,41.2689,25,0.5343875209957515,0.025546202588295208,0.7794331136401628,0.15660232508350316,0.7006914625977574,0.04748850407342797,0.9029378237671063,0.2423024555918822,0.9280084932504905,0.061142771476296945,0.962823615571566,0.22321863753926593
451,688432,有研硅,2024-02-19,2024-02,B,0,0,1,51.847,153,0.5343875209957515,0.025546202588295208,0.6351211021330362,0.05862765806113577,0.5719915395502845,0.021204704051842996,0.9029378237671063,0.2423024555918822,0.8161484383859612,0.20317931688282123,0.9249407882699926,0.3441710106482922
452,688433,华曙高科,2024-02-19,2024-02,B,1,1,1,44.2263,24,0.5343875209957515,0.025546202588295208,0.5803595745087444,0.06663290152124617,0.5331742197822845,0.07486804167712359,0.9029378237671063,0.2423024555918822,0.8554601752160406,0.07973767146400719,0.939657524311942,0.10062988339771443
453,688484,南芯科技,2024-02-19,2024-02,B,0,0,1,43.0598,153,0.5343875209957515,0.025546202588295208,0.5925660510907939,0.01967745845115131,0.5397212019555158,0.03360390075506286,0.9029378237671063,0.2423024555918822,0.8054556946245832,0.10144175087650306,0.9071537926477179,0.1475502530400408
454,688613,奥精医疗,2024-02-19,2024-02,B,0,0,1,42.1276,365,0.5343875209957515,0.025546202588295208,0.8053349883579314,0.10198875065622555,0.7342699637770358,0.20999244994274002,0.9029378237671063,0.2423024555918822,0.966295147981546,0.6975303275215107,0.9833723530256072,0.4139039218984503
455,688630,芯碁微装,2024-02-19,2024-02,B,0,0,1,40.4747,331,0.5343875209957515,0.025546202588295208,0.2423008985235726,0.017472820334464404,0.22890173128994934,0.014878656008954395,0.9029378237671063,0.2423024555918822,0.5514160952508487,0.008519256700122173,0.7601842025633911,0.04438426555714804
456,000541,佛山照明,2024-02-20,2024-02,B,0,0,1,45.9934,262,0.12642160428280952,0.030079125233597046,0.10275137883481755,0.010082378272813336,0.014757975006704843,0.004175953919334037,0.6025925407454256,0.16426098399892033,0.7112445168038003,0.3778413292697471,0.6177668880224156,0.28712123112383636
457,000665,湖北广电,2024-02-20,2024-02,B,0,0,1,40.1596,253,0.12642160428280952,0.030079125233597046,0.45292738587888165,0.046692358163500876,0.12888253762767812,0.06538252199859149,0.6025925407454256,0.16426098399892033,0.9362337852450208,0.25548712688800607,0.9036996385560505,0.2598477900985937
458,000711,京蓝科技,2024-02-20,2024-02,B,0,0,1,41.8182,476,0.12642160428280952,0.030079125233597046,0.7199287470865302,0.09165605131674198,0.3186349790871911,0.10039563412877615,0.6025925407454256,0.16426098399892033,0.9597927730434108,0.45178888846725845,0.9524823356839336,0.18707516477793446
459,001210,金房能源,2024-02-20,2024-02,B,0,0,1,40.0877,312,0.12642160428280952,0.030079125233597046,0.8476083514835395,0.06022326615123255,0.3619820101941846,0.024444258053369854,0.6025925407454256,0.16426098399892033,0.9569725478223899,0.2789948800228181,0.8924442282129467,0.22504360823276257
460,001332,锡装股份,2024-02-20,2024-02,B,0,0,1,42.2287,166,0.12642160428280952,0.030079125233597046,0.25360272439301873,0.040049446538343005,0.07507695876442741,0.05931909217849753,0.6025925407454256,0.16426098399892033,0.6235017175733883,0.1842301941024585,0.6030014005983099,0.1372495766736228
461,002009,天奇股份,2024-02-20,2024-02,B,1,1,1,50.7157,12,0.12642160428280952,0.030079125233597046,0.12316235202007134,0.012090193459045337,0.03798778757867662,0.058656725905243415,0.6025925407454256,0.16426098399892033,0.7181246523422465,0.04744294738470263,0.6608717011938094,0.07206141493728951
462,002012,凯恩股份,2024-02-20,2024-02,B,0,0,1,42.1174,167,0.12642160428280952,0.030079125233597046,0.4908289866389875,0.06900495820374225,0.16697422688358568,0.012485386849482707,0.6025925407454256,0.16426098399892033,0.9436661119021483,0.3290675680250345,0.9001904726954778,0.23197068781385494
463,002291,遥望科技,2024-02-20,2024-02,B,0,0,1,44.8819,201,0.12642160428280952,0.030079125233597046,0.43941753505799863,0.22311952605882154,0.1643607984186454,0.15320306120064958,0.6025925407454256,0.16426098399892033,0.7119382248911807,0.17344766331984654,0.65966390441028,0.26268001690064247
464,002406,远东传动,2024-02-20,2024-02,B,0,0,1,43.7631,166,0.12642160428280952,0.030079125233597046,0.1410029451421655,0.020413198060548303,0.023833276423540255,0.005380840704880234,0.6025925407454256,0.16426098399892033,0.655992758875089,0.12000127153706558,0.5837775657987041,0.21680760151017775
465,002413,雷科防务,2024-02-20,2024-02,B,0,0,1,41.6446,175,0.12642160428280952,0.030079125233597046,0.22153099155552788,0.10707404686710378,0.043067528798923366,0.04388555201768819,0.6025925407454256,0.16426098399892033,0.6752430401927283,0.15871975651499784,0.565786636909022,0.2072281622823682
466,002685,华东重机,2024-02-20,2024-02,B,0,0,1,47.8261,110,0.12642160428280952,0.030079125233597046,0.5098113812800277,0.26889934039592184,0.13221380096153854,0.09711354304607304,0.6025925407454256,0.16426098399892033,0.8838599066356881,0.29623632822773555,0.8265897749348865,0.3373487591893067
467,002865,钧达股份,2024-02-20,2024-02,B,0,0,1,42.0812,463,0.12642160428280952,0.030079125233597046,0.4076884325475139,0.23446287763403195,0.2017667636486207,0.04653459234275664,0.6025925407454256,0.16426098399892033,0.7103412679678763,0.15530696203244845,0.6914664309399121,0.2990462361053832
468,002923,润都股份,2024-02-20,2024-02,B,0,1,1,42.2197,11,0.12642160428280952,0.030079125233597046,0.49343155630251023,0.08255097388835779,0.1121618111813779,0.018727473481615388,0.6025925407454256,0.16426098399892033,0.8577129258436513,0.2544276069916507,0.7820895244975384,0.26739110371139735
469,002980,华盛昌,2024-02-20,2024-02,B,1,1,1,40.7271,23,0.12642160428280952,0.030079125233597046,0.7020334417971702,0.22847175878898043,0.23098059116897818,0.043501324403143624,0.6025925407454256,0.16426098399892033,0.8989118489747456,0.42410850514416637,0.8120450546751276,0.3980328155270913
470,300005,探路者,2024-02-20,2024-02,B,0,0,1,65.5124,152,0.12642160428280952,0.030079125233597046,0.580430024204771,0.07101235087699102,0.16200014005015498,0.1128234361190695,0.6025925407454256,0.16426098399892033,0.9206910765358535,0.05464537236116126,0.8772113388664722,0.16121001247304875
471,300020,ST银江,2024-02-20,2024-02,B,0,0,0,-42.6174,50,0.12642160428280952,0.030079125233597046,0.826057502850968,0.0074457423584931,0.34390481565681863,0.023640077298567968,0.6025925407454256,0.16426098399892033,0.9478307237928328,0.14237874753884683,0.9219741477587756,0.10379373487870759
472,300031,宝通科技,2024-02-20,2024-02,B,0,0,1,56.7666,152,0.12642160428280952,0.030079125233597046,0.1452993488298202,0.030105668880589603,0.02939042579120364,0.018155092808301316,0.6025925407454256,0.16426098399892033,0.5274793500401347,0.3262775605762114,0.47017857299093657,0.25681586279518887
473,300098,高新兴,2024-02-20,2024-02,B,0,0,1,60.2524,79,0.12642160428280952,0.030079125233597046,0.23301945667785445,0.004654159871914784,0.029717136830023395,0.006325285803694304,0.6025925407454256,0.16426098399892033,0.7799787950782754,0.08432387575756414,0.6747330251928918,0.07485651139214103
474,300100,双林股份,2024-02-20,2024-02,B,1,1,1,40.1449,41,0.12642160428280952,0.030079125233597046,0.23132880798543332,0.048718158463689834,0.029472484420397533,0.025599016612634282,0.6025925407454256,0.16426098399892033,0.7791021040459291,0.3030626206576606,0.6641671650260845,0.15181673538822998
475,300102,乾照光电,2024-02-20,2024-02,B,0,0,1,54.7264,152,0.12642160428280952,0.030079125233597046,0.20643006514903728,0.005960175273030052,0.025925647439058962,0.006923525743881803,0.6025925407454256,0.16426098399892033,0.8154879662638242,0.19999187454708314,0.7245079536769874,0.14818570090781338
476,300173,ST福能,2024-02-20,2024-02,B,0,0,1,43.0595,152,0.12642160428280952,0.030079125233597046,0.833545007508952,0.05047334978508823,0.3496476261090396,0.034321680229101044,0.6025925407454256,0.16426098399892033,0.967546823411847,0.44049350406674354,0.947609281295096,0.22433174765248007
477,300200,高盟新材,2024-02-20,2024-02,B,0,0,1,44.5378,66,0.12642160428280952,0.030079125233597046,0.3039236415410972,0.039418412394969744,0.06416958059754688,0.013321559237358543,0.6025925407454256,0.16426098399892033,0.8276738114793805,0.24458840217854874,0.7786184136838185,0.29660162228269815
478,300238,冠昊生物,2024-02-20,2024-02,B,0,0,1,48.2503,52,0.12642160428280952,0.030079125233597046,0.8209919730015572,0.3515846226389381,0.3134780217314333,0.08294302602442531,0.6025925407454256,0.16426098399892033,0.9696366452685042,0.5064038212379176,0.937821530595267,0.4510184886140069
479,300245,ST天玑,2024-02-20,2024-02,B,0,0,1,41.25,150,0.12642160428280952,0.030079125233597046,0.9582428450493231,0.2638058756341391,0.7459547544870442,0.22383045284347497,0.6025925407454256,0.16426098399892033,0.9922453580711965,0.2672360687830426,0.983781352944571,0.2756976611059406
480,300252,金信诺,2024-02-20,2024-02,B,1,1,1,41.4826,21,0.12642160428280952,0.030079125233597046,0.49202620173612077,0.1597969583503935,0.12691096713609018,0.0889307341721321,0.6025925407454256,0.16426098399892033,0.8660123634639427,0.26211085535202044,0.8116943889092264,0.19447538326871386
481,300258,精锻科技,2024-02-20,2024-02,B,0,0,1,47.9712,241,0.12642160428280952,0.030079125233597046,0.18435548328249993,0.005424688036857917,0.03311928592677902,0.005512623108741817,0.6025925407454256,0.16426098399892033,0.7013359521366902,0.035345963797165675,0.6336939437690102,0.13179567096055553
482,300265,通光线缆,2024-02-20,2024-02,B,0,0,1,48.6842,69,0.12642160428280952,0.030079125233597046,0.2626540318130805,0.05155963350482684,0.0559722420737338,0.013254194935137567,0.6025925407454256,0.16426098399892033,0.7321688399907723,0.19087421795781026,0.675751265161252,0.20599441993272094
483,300283,温州宏丰,2024-02-20,2024-02,B,1,1,1,40.5868,33,0.12642160428280952,0.030079125233597046,0.4337805040622647,0.07604474601411383,0.1044878459709898,0.014174433199452751,0.6025925407454256,0.16426098399892033,0.9267129021819092,0.5291847700403817,0.8795885476796176,0.3905873050233708
484,300299,富春股份,2024-02-20,2024-02,B,0,0,1,58.9327,185,0.12642160428280952,0.030079125233597046,0.6588007844103295,0.041172905320009556,0.2302343328013013,0.08042687298121626,0.6025925407454256,0.16426098399892033,0.8843863721850835,0.12213230670979107,0.8363226622143395,0.16561171053588117
485,300305,裕兴股份,2024-02-20,2024-02,B,0,0,1,48.6885,67,0.12642160428280952,0.030079125233597046,0.6864608819738914,0.2017600890706033,0.2630740362069848,0.10195589865724114,0.6025925407454256,0.16426098399892033,0.9725338386232975,0.47257893729099915,0.9521488938928384,0.3004194319151115
486,300310,宜通世纪,2024-02-20,2024-02,B,1,1,1,45.0867,32,0.12642160428280952,0.030079125233597046,0.34634679907539245,0.06841668094379226,0.05102491634754891,0.029182116681225556,0.6025925407454256,0.16426098399892033,0.8782119745871939,0.5596758820843094,0.8194827897208352,0.2046578085643548
487,300324,旋极信息,2024-02-20,2024-02,B,1,1,1,40.4167,16,0.12642160428280952,0.030079125233597046,0.4139847916456367,0.010032930463761951,0.07433183564828687,0.018661688778638826,0.6025925407454256,0.16426098399892033,0.8605812667983697,0.10214252449184134,0.7830486650268893,0.10063429246993498
488,300331,苏大维格,2024-02-20,2024-02,B,0,0,1,61.4024,152,0.12642160428280952,0.030079125233597046,0.32252200432496203,0.06527866917448427,0.06180825980822602,0.040617610287756546,0.6025925407454256,0.16426098399892033,0.6755289027556594,0.044143823004543566,0.5311524155495422,0.13187612855851183
489,300341,麦克奥迪,2024-02-20,2024-02,B,0,0,1,58.7709,151,0.12642160428280952,0.030079125233597046,0.3244405584285551,0.004876303796493623,0.06494011312632665,0.009917107519396626,0.6025925407454256,0.16426098399892033,0.8427580075098863,0.1370414086299019,0.7910265429846043,0.12911372231714388
490,300411,金盾股份,2024-02-20,2024-02,B,1,1,1,67.1772,11,0.12642160428280952,0.030079125233597046,0.5914556916020385,0.2016590336895403,0.13727307883010464,0.0485952034280234,0.6025925407454256,0.16426098399892033,0.9357465434071793,0.39189739939140084,0.8592219326989328,0.22544094817762642
491,300461,田中精机,2024-02-20,2024-02,B,0,0,1,53.4756,87,0.12642160428280952,0.030079125233597046,0.5386941128583079,0.1010816574543946,0.10021057846737451,0.026131125640077846,0.6025925407454256,0.16426098399892033,0.8982568145403793,0.243024565776742,0.73574169838566,0.221041937697949
492,300473,德尔股份,2024-02-20,2024-02,B,1,1,1,41.6303,33,0.12642160428280952,0.030079125233597046,0.2751320255835054,0.03368729397205337,0.04947778360175941,0.04378826745353853,0.6025925407454256,0.16426098399892033,0.7779818056436107,0.2524500857579547,0.7032729459654874,0.14093912986622398
493,300484,蓝海华腾,2024-02-20,2024-02,B,1,1,1,43.8144,16,0.12642160428280952,0.030079125233597046,0.6998172873495497,0.22507991072872455,0.21828102195562993,0.11196330761411859,0.6025925407454256,0.16426098399892033,0.9464496329673897,0.47816252967700157,0.8974122951056006,0.31610929445933883
494,300486,东杰智能,2024-02-20,2024-02,B,1,1,1,62.963,4,0.12642160428280952,0.030079125233597046,0.9280853847939603,0.37354613689839467,0.5361436739507173,0.13766337338442222,0.6025925407454256,0.16426098399892033,0.9801929287028566,0.4916740800520143,0.9458913619952013,0.3332730576068209
495,300507,苏奥传感,2024-02-20,2024-02,B,0,0,1,57.8135,152,0.12642160428280952,0.030079125233597046,0.1572654165268474,0.01301447313738679,0.018071725418929926,0.009291103520330768,0.6025925407454256,0.16426098399892033,0.3945478998723968,0.12540934146732155,0.28597711846440493,0.1903736077588973
496,300512,中亚股份,2024-02-20,2024-02,B,1,1,1,43.5572,5,0.12642160428280952,0.030079125233597046,0.5929255235918659,0.16913798084864123,0.16405607074678907,0.04278872636892478,0.6025925407454256,0.16426098399892033,0.9253622557648028,0.5464468762936219,0.8858287167293536,0.31400453944341117
497,300517,海波重科,2024-02-20,2024-02,B,0,0,1,43.4954,103,0.12642160428280952,0.030079125233597046,0.924406242348202,0.22477056036635526,0.5258938686318613,0.1579092178784088,0.6025925407454256,0.16426098399892033,0.9823330222751959,0.4146840901876033,0.9445203024926098,0.2794967139839638
498,300520,科大国创,2024-02-20,2024-02,B,0,1,1,40.1413,24,0.12642160428280952,0.030079125233597046,0.31667147025661807,0.05558656041324446,0.05845958147188697,0.03817527663683443,0.6025925407454256,0.16426098399892033,0.6774715975283226,0.042858585395982446,0.5369172433606335,0.1576707665280254
499,300542,新晨科技,2024-02-20,2024-02,B,1,1,1,63.7599,22,0.12642160428280952,0.030079125233597046,0.86970583673977,0.07890245106788353,0.4233924315945171,0.03919549623943525,0.6025925407454256,0.16426098399892033,0.9816425595155133,0.283174397520844,0.9599936330190079,0.3529679331509493
500,300546,雄帝科技,2024-02-20,2024-02,B,0,0,1,40.3438,92,0.12642160428280952,0.030079125233597046,0.8145584500799454,0.18832448658976345,0.3422046943712699,0.2039600024591636,0.6025925407454256,0.16426098399892033,0.9648208680768269,0.3595036034778007,0.9250906131389279,0.2587497278438838
501,300561,汇金科技,2024-02-20,2024-02,B,0,0,1,51.1957,147,0.12642160428280952,0.030079125233597046,0.5250708134282758,0.2041375049087212,0.11528957583296179,0.049490817110994074,0.6025925407454256,0.16426098399892033,0.822190523935249,0.3172380786825632,0.7171832873726501,0.41734561309143875
502,300563,神宇股份,2024-02-20,2024-02,B,1,1,1,43.9409,25,0.12642160428280952,0.030079125233597046,0.5711504201968339,0.14896104781648117,0.1137203023576152,0.016568290307967207,0.6025925407454256,0.16426098399892033,0.8910705950012039,0.19332860717690348,0.7959664870992129,0.2287392038588368
503,300586,美联新材,2024-02-20,2024-02,B,1,1,1,41.6667,30,0.12642160428280952,0.030079125233597046,0.6189398683358686,0.23852638211146604,0.2613395044079498,0.07053405314511377,0.6025925407454256,0.16426098399892033,0.8995723778967731,0.22261166153759895,0.887091983246559,0.2412137013893031
504,300605,恒锋信息,2024-02-20,2024-02,B,0,0,1,46.7303,151,0.12642160428280952,0.030079125233597046,0.7902118607674098,0.25882913404362495,0.26075319633447247,0.10097656598669627,0.6025925407454256,0.16426098399892033,0.9699855659109069,0.15799216346496267,0.9217753347059353,0.3239387472683314
505,300611,美力科技,2024-02-20,2024-02,B,0,0,1,56.6981,152,0.12642160428280952,0.030079125233597046,0.7108223600982058,0.07986957966719009,0.17782218740980446,0.022278423300179383,0.6025925407454256,0.16426098399892033,0.9533624662542323,0.20255493113651432,0.8956684507505166,0.20620871901081694
506,300622,博士眼镜,2024-02-20,2024-02,B,0,0,1,58.6892,119,0.12642160428280952,0.030079125233597046,0.18464858499952685,0.010228645013680253,0.04436249008698882,0.012571879147019958,0.6025925407454256,0.16426098399892033,0.8248036441080671,0.14537368175648208,0.7950222159980327,0.14670563544583362
507,300652,雷迪克,2024-02-20,2024-02,B,1,1,1,40.3263,22,0.12642160428280952,0.030079125233597046,0.3558667539059849,0.13499441326200537,0.05288060125262217,0.06122737941230245,0.6025925407454256,0.16426098399892033,0.8179808587354015,0.18310026657896158,0.6667621505353598,0.08102069341485121
508,300658,延江股份,2024-02-20,2024-02,B,0,0,1,41.1811,192,0.12642160428280952,0.030079125233597046,0.6683405941926142,0.11754135761997495,0.20698131773567743,0.05734411917651102,0.6025925407454256,0.16426098399892033,0.937127700735641,0.2728578751369344,0.881813761533948,0.22161099563167547
509,300662,科锐国际,2024-02-20,2024-02,B,0,0,1,63.6907,252,0.12642160428280952,0.030079125233597046,0.6510496177965318,0.24496110136154006,0.3367498762862335,0.06735947645603502,0.6025925407454256,0.16426098399892033,0.8654672353149575,0.6575744966579978,0.8664804171186601,0.3675675664352059
510,300766,每日互动,2024-02-20,2024-02,B,1,1,1,43.2749,8,0.12642160428280952,0.030079125233597046,0.7291385802655029,0.3607200911433867,0.22443321312479436,0.11574767806831848,0.6025925407454256,0.16426098399892033,0.8920033676328905,0.25032718989507124,0.8228817648723975,0.27561885886789167
511,300793,佳禾智能,2024-02-20,2024-02,B,0,0,1,40.03,196,0.12642160428280952,0.030079125233597046,0.1789835188363209,0.006166345016171842,0.03628377389256977,0.011094883649247898,0.6025925407454256,0.16426098399892033,0.4838267118713498,0.05452145736468691,0.4619603399228237,0.07319099515831284
512,300828,锐新科技,2024-02-20,2024-02,B,1,1,1,43.9447,151,0.12642160428280952,0.030079125233597046,0.7108427948408564,0.2072440122474222,0.15649758844387182,0.06252754300939645,0.6025925407454256,0.16426098399892033,0.902132502824647,0.3647043788128712,0.7561692248181835,0.2929181305519056
513,300883,龙利得,2024-02-20,2024-02,B,0,0,1,43.837,189,0.12642160428280952,0.030079125233597046,0.455616093696846,0.09928879974460668,0.08275846959314778,0.02768502251424477,0.6025925407454256,0.16426098399892033,0.8097679688781744,0.41935143482079756,0.7076079346210333,0.21712243471947001
514,300890,翔丰华,2024-02-20,2024-02,B,1,1,1,44.1336,25,0.12642160428280952,0.030079125233597046,0.4814203960212437,0.4425456604682941,0.15560661136015633,0.11086230993792225,0.6025925407454256,0.16426098399892033,0.8054390671829182,0.37913689620211194,0.7630147929752449,0.4358814832140302
515,300939,秋田微,2024-02-20,2024-02,B,0,0,1,42.4141,152,0.12642160428280952,0.030079125233597046,0.21196784528528195,0.0044570483343767345,0.02349356152392377,0.007965535375522866,0.6025925407454256,0.16426098399892033,0.5350177048278594,0.024663522315749937,0.4008129501006676,0.047628787414774915
516,300959,线上线下,2024-02-20,2024-02,B,0,0,1,43.1067,152,0.12642160428280952,0.030079125233597046,0.7748049299853984,0.08418840404408125,0.23400644330757184,0.026864551618844348,0.6025925407454256,0.16426098399892033,0.959388678061258,0.5316406387104475,0.9106161376095702,0.36399130331144747
517,300991,创益通,2024-02-20,2024-02,B,1,1,1,42.0019,20,0.12642160428280952,0.030079125233597046,0.9540076303342676,0.30309720253717515,0.5916610988772837,0.14290158845639084,0.6025925407454256,0.16426098399892033,0.9776935478542529,0.3459468866200759,0.9304560865247693,0.32608674278162075
518,301012,扬电科技,2024-02-20,2024-02,B,1,1,1,40.7774,17,0.12642160428280952,0.030079125233597046,0.8243255712545646,0.20648714820385075,0.41699109241870785,0.0823551123836177,0.6025925407454256,0.16426098399892033,0.950564333746079,0.48038907973413736,0.9048472278511612,0.3155823888081547
519,301020,密封科技,2024-02-20,2024-02,B,1,1,1,55.8207,8,0.12642160428280952,0.030079125233597046,0.5506898259306076,0.11874274390001079,0.120887440774673,0.035208470371170586,0.6025925407454256,0.16426098399892033,0.8768857847418036,0.17570192715799654,0.7990906545894533,0.2866882445815214
520,301028,鼎熔岩,2024-02-20,2024-02,B,1,1,1,43.5446,151,0.12642160428280952,0.030079125233597046,0.43347521653059073,0.04242421192505077,0.08683609077584847,0.011994732333449009,0.6025925407454256,0.16426098399892033,0.8291795526469855,0.26205632190791284,0.7535105151258082,0.16308952373050617
521,301036,双乐股份,2024-02-20,2024-02,B,1,1,1,57.5069,49,0.12642160428280952,0.030079125233597046,0.8196126303659282,0.21733147893005086,0.2410300860154019,0.06046394800100041,0.6025925407454256,0.16426098399892033,0.9750696325955706,0.2653061952251664,0.9303350395765116,0.31420469615662067
522,301041,金百泽,2024-02-20,2024-02,B,1,1,1,47.707,17,0.12642160428280952,0.030079125233597046,0.817954150770184,0.2847701943326477,0.2764079398604714,0.08518339966535639,0.6025925407454256,0.16426098399892033,0.9312021434649999,0.3639070529299412,0.8464752777279045,0.30306946355376857
523,301060,兰卫医学,2024-02-20,2024-02,B,1,1,1,40.7098,21,0.12642160428280952,0.030079125233597046,0.7115821063868654,0.07855804197664835,0.3237951253888691,0.15393829701715356,0.6025925407454256,0.16426098399892033,0.8558688223586943,0.17234221435453528,0.8354627910990475,0.1477357459423493
524,301070,开勒股份,2024-02-20,2024-02,B,1,1,1,42.7865,24,0.12642160428280952,0.030079125233597046,0.6717203797783967,0.0745244943512039,0.11316267608838403,0.019570409722495696,0.6025925407454256,0.16426098399892033,0.8756606435130855,0.1319477156410947,0.662630493814644,0.10464418120004017
525,301120,新特电气,2024-02-20,2024-02,B,1,1,1,44.7876,14,0.12642160428280952,0.030079125233597046,0.6216438006602076,0.14304194302547002,0.20694748642578983,0.06714673204814685,0.6025925407454256,0.16426098399892033,0.876319728208437,0.16265625716624596,0.8497082622676065,0.3510123824964443
526,301130,西点药业,2024-02-20,2024-02,B,1,1,1,40.0747,50,0.12642160428280952,0.030079125233597046,0.7297362595159932,0.16172489605986223,0.24199892573460374,0.02586027446032261,0.6025925407454256,0.16426098399892033,0.89913706053494,0.32115879333528513,0.8488715955515711,0.3290475678085048
527,301138,华研精机,2024-02-20,2024-02,B,1,1,1,40.8989,4,0.12642160428280952,0.030079125233597046,0.9277482649015618,0.3906173521112909,0.5310430533570598,0.08654232954522668,0.6025925407454256,0.16426098399892033,0.9830033032287249,0.3308682974468298,0.9590286462837267,0.2879798031608508
528,301148,嘉戎技术,2024-02-20,2024-02,B,1,1,1,53.4836,29,0.12642160428280952,0.030079125233597046,0.8738109170570801,0.2680974255400877,0.3942068334339798,0.06923234222625027,0.6025925407454256,0.16426098399892033,0.9710117155510399,0.30614115104648837,0.9300416446649673,0.30039974715260986
529,301185,鸥玛软件,2024-02-20,2024-02,B,0,0,1,49.5673,152,0.12642160428280952,0.030079125233597046,0.5706313578142391,0.12972672217397135,0.13197721756428915,0.042798574869900366,0.6025925407454256,0.16426098399892033,0.8520940903484078,0.07775261441928236,0.7945161821956807,0.14631354940644054
530,301197,工大科雅,2024-02-20,2024-02,B,0,0,1,44.7736,152,0.12642160428280952,0.030079125233597046,0.9233915450800437,0.2517347172431862,0.5172216935402286,0.11883245378951694,0.6025925407454256,0.16426098399892033,0.9816321763411778,0.3553307218001986,0.9518516483380896,0.32309246022308796
531,301208,中亦科技,2024-02-20,2024-02,B,0,0,1,44.2317,79,0.12642160428280952,0.030079125233597046,0.4888061915608489,0.040580798482377355,0.10418628749163125,0.04807892468664499,0.6025925407454256,0.16426098399892033,0.7472830761140162,0.06188049594092337,0.6159861585184524,0.09527369353644836
532,301222,浙江恒威,2024-02-20,2024-02,B,0,1,1,43.6584,152,0.12642160428280952,0.030079125233597046,0.5954549474795529,0.0918244075630221,0.12438357944298103,0.02381592836464887,0.6025925407454256,0.16426098399892033,0.878811645215616,0.46929723119025885,0.7899186705427699,0.22661065695282442
533,301335,天元宠物,2024-02-20,2024-02,B,0,1,1,40.2756,152,0.12642160428280952,0.030079125233597046,0.48217694629608465,0.07709560486123053,0.13053606516928615,0.06901502430380935,0.6025925407454256,0.16426098399892033,0.8864813772919158,0.15519934763327328,0.8470809683247855,0.05793774227719462
534,301339,通行宝,2024-02-20,2024-02,B,0,1,1,46.0219,59,0.12642160428280952,0.030079125233597046,0.464853800092247,0.08578671133339658,0.0949736088047158,0.0404245743054003,0.6025925407454256,0.16426098399892033,0.7719692998667809,0.23961323690528982,0.7042718941898606,0.2031675082999978
535,301359,东南电子,2024-02-20,2024-02,B,0,0,1,40.4813,63,0.12642160428280952,0.030079125233597046,0.8006023959929953,0.21413866109436194,0.28112266635310285,0.0996338344755541,0.6025925407454256,0.16426098399892033,0.9625939991706292,0.2972349283968362,0.9032952010544745,0.1714492142985361
536,301379,天山电子,2024-02-20,2024-02,B,1,1,1,40.9694,79,0.12642160428280952,0.030079125233597046,0.6689197375037423,0.3125192047480267,0.18822239687434203,0.06968958037376016,0.6025925407454256,0.16426098399892033,0.9062224542448885,0.3129106348095587,0.8357809771136119,0.3141531025577491
537,301398,星源卓镁,2024-02-20,2024-02,B,1,1,1,51.3272,15,0.12642160428280952,0.030079125233597046,0.5136617251464911,0.053463814327495585,0.09997149532437555,0.020445876019477813,0.6025925407454256,0.16426098399892033,0.7115578416831344,0.04912376105269861,0.6235785758552361,0.1433610560691175
538,600990,四创电子,2024-02-20,2024-02,B,1,1,1,48.8567,22,0.12642160428280952,0.030079125233597046,0.39582668577773966,0.18532659254253275,0.13070624045017282,0.10746385384474517,0.6025925407454256,0.16426098399892033,0.9270725073208036,0.4005758921190353,0.8823548835272101,0.35436449865580527
539,601615,明阳智能,2024-02-20,2024-02,B,0,0,1,47.5802,173,0.12642160428280952,0.030079125233597046,0.49030532075034744,0.2620494852447769,0.24175675845860745,0.06245241731113657,0.6025925407454256,0.16426098399892033,0.6998606292272935,0.2730337092017228,0.7017790315656622,0.37625232846595547
540,601999,出版传媒,2024-02-20,2024-02,B,0,0,1,42.6209,201,0.12642160428280952,0.030079125233597046,0.29170916474282527,0.01983312058848418,0.034660861572061295,0.010105982361006734,0.6025925407454256,0.16426098399892033,0.8078094595627511,0.37364150101109195,0.6068585376181623,0.1948034923397247
541,603161,科华控股,2024-02-20,2024-02,B,0,0,1,42.4386,178,0.12642160428280952,0.030079125233597046,0.10650230300830799,0.018743721348744333,0.019221037998289368,0.006917937394113542,0.6025925407454256,0.16426098399892033,0.5226906566422074,0.4121956241209628,0.40651286302881984,0.21102240187765522
542,603219,富佳股份,2024-02-20,2024-02,B,1,1,1,45.2148,18,0.12642160428280952,0.030079125233597046,0.3169335278630551,0.05186745722108169,0.054232550535705915,0.013621467214956154,0.6025925407454256,0.16426098399892033,0.5776904674425699,0.08852325582441893,0.4252788654459306,0.06177916092685048
543,603256,宏和科技,2024-02-20,2024-02,B,1,1,1,45.4232,25,0.12642160428280952,0.030079125233597046,0.6073986129973824,0.06938003511829542,0.14680165255506847,0.014118250594104214,0.6025925407454256,0.16426098399892033,0.855528282216197,0.284016836620485,0.7239173859194098,0.3223945045436142
544,603333,福华尚纬,2024-02-20,2024-02,B,0,0,1,43.1373,210,0.12642160428280952,0.030079125233597046,0.10531510828570773,0.020155139339045263,0.03012800655198299,0.019768650049796006,0.6025925407454256,0.16426098399892033,0.7409121859043413,0.12264653498222453,0.6637936827993007,0.1410925790398129
545,603345,安井食品,2024-02-20,2024-02,B,0,0,1,47.3895,531,0.12642160428280952,0.030079125233597046,0.24177017012112756,0.05583544027173613,0.07077705424895442,0.011428927622352624,0.6025925407454256,0.16426098399892033,0.5623350583045654,0.49077277097608035,0.5499581819877613,0.37517870409432896
546,603421,鼎信通讯,2024-02-20,2024-02,B,0,0,0,-41.0541,72,0.12642160428280952,0.030079125233597046,0.15536999890197978,0.03366797252354483,0.027927549211168193,0.018545852941888003,0.6025925407454256,0.16426098399892033,0.5919825919424548,0.5198971935829685,0.5307205088095212,0.26808522413239694
547,603489,八方股份,2024-02-20,2024-02,B,0,0,1,45.1272,502,0.12642160428280952,0.030079125233597046,0.3846846666225546,0.08709770503896344,0.16282961174409874,0.13333860214779336,0.6025925407454256,0.16426098399892033,0.5910853471720412,0.3479979962363628,0.5946766771097809,0.13862928895854754
548,603655,朗博科技,2024-02-20,2024-02,B,0,0,1,41.2769,55,0.12642160428280952,0.030079125233597046,0.8368680103027131,0.2037392940649191,0.47525608459570984,0.07750608340163481,0.6025925407454256,0.16426098399892033,0.9310241984397666,0.4146491359340627,0.8479393824171276,0.31610929445933883
549,603657,春光科技,2024-02-20,2024-02,B,1,1,1,52.5232,37,0.12642160428280952,0.030079125233597046,0.7784310192322849,0.08981239413378568,0.3709530649493883,0.027462888824737276,0.6025925407454256,0.16426098399892033,0.9486376688843973,0.3756453936950736,0.9050048132371954,0.2635540090227389
550,603861,白云电器,2024-02-20,2024-02,B,0,0,1,40.497,179,0.12642160428280952,0.030079125233597046,0.20993421444968677,0.053613239034446473,0.04164145227166656,0.024024552311368803,0.6025925407454256,0.16426098399892033,0.7549644271500756,0.3239416127963975,0.7002697547277255,0.2697336569720816
551,603869,ST智知,2024-02-20,2024-02,B,0,0,0,-40.274,85,0.12642160428280952,0.030079125233597046,0.7173681194044333,0.04284064102099916,0.2667137820785737,0.017762581664326878,0.6025925407454256,0.16426098399892033,0.83377234597716,0.16104897607183824,0.7808082617293504,0.15004982134395958
552,603937,丽岛新材,2024-02-20,2024-02,B,0,0,1,42.0151,346,0.12642160428280952,0.030079125233597046,0.7542473435794838,0.06141562462605652,0.32585797484001394,0.022545719900978946,0.6025925407454256,0.16426098399892033,0.9445941475188667,0.2394593552192828,0.8875591328569774,0.23077916933854964
553,603976,正川股份,2024-02-20,2024-02,B,0,0,1,46.0464,189,0.12642160428280952,0.030079125233597046,0.6084666077230154,0.19131483523652495,0.17923106593328758,0.0848007759401923,0.6025925407454256,0.16426098399892033,0.9284246203306744,0.17091223700678168,0.8728745139298382,0.21360204255555243
554,605286,同力天启,2024-02-20,2024-02,B,0,0,1,40.0599,165,0.12642160428280952,0.030079125233597046,0.17317871560461928,0.036440148161636904,0.04471287926790628,0.06545723409949064,0.6025925407454256,0.16426098399892033,0.4813032018031495,0.16955504636712868,0.48477538718287355,0.1571552740923902
555,605299,舒华体育,2024-02-20,2024-02,B,1,1,1,44.1019,33,0.12642160428280952,0.030079125233597046,0.4773616010966834,0.04787931164281513,0.14143512941734582,0.037392028597770535,0.6025925407454256,0.16426098399892033,0.8407597099170382,0.43185612678683566,0.8035993409904596,0.23386809608846895
556,688011,新光光电,2024-02-20,2024-02,B,0,0,1,48.1818,173,0.12642160428280952,0.030079125233597046,0.7873878461736359,0.30820445073472125,0.2413085425284131,0.24496936153403448,0.6025925407454256,0.16426098399892033,0.9835270248601278,0.5266980743915746,0.9512614249960022,0.30493358570969764
557,688028,沃尔德,2024-02-20,2024-02,B,0,0,1,45.1601,192,0.12642160428280952,0.030079125233597046,0.36613238814060195,0.17567185827057621,0.06663855533724998,0.09194150660386011,0.6025925407454256,0.16426098399892033,0.8985313584977301,0.07275889715381409,0.829191758485891,0.16331837357899126
558,688035,德邦科技,2024-02-20,2024-02,B,0,0,1,42.8945,363,0.12642160428280952,0.030079125233597046,0.4151363075904791,0.07871412299274566,0.10561253613544011,0.03858063009122297,0.6025925407454256,0.16426098399892033,0.7960589705783665,0.05800734203941134,0.6989956094357338,0.1749570665660851
559,688113,联测科技,2024-02-20,2024-02,B,1,1,1,42.8854,25,0.12642160428280952,0.030079125233597046,0.333305439698101,0.06350038134319824,0.04357854871610422,0.040470767730864665,0.6025925407454256,0.16426098399892033,0.9173151721863815,0.1276489919268711,0.8161251199805937,0.17879280863995822
560,688162,巨一科技,2024-02-20,2024-02,B,0,0,1,42.7403,202,0.12642160428280952,0.030079125233597046,0.7677694476226865,0.35136625139036676,0.38127132718941664,0.1531546484645318,0.6025925407454256,0.16426098399892033,0.9489376831711299,0.4946841798338118,0.9279162033250132,0.2917416399805737
561,688183,生益电子,2024-02-20,2024-02,B,0,1,1,40.0266,48,0.12642160428280952,0.030079125233597046,0.2930900636368348,0.02032161834288233,0.04157653946089301,0.017703360326111767,0.6025925407454256,0.16426098399892033,0.7130768084682707,0.02581769771582732,0.6018234657781849,0.17370122048939676
562,688189,ST南新,2024-02-20,2024-02,B,0,0,1,46.8705,340,0.12642160428280952,0.030079125233597046,0.8889497602289378,0.12621761669572984,0.48786301712606117,0.12190007888087365,0.6025925407454256,0.16426098399892033,0.9709721712111693,0.2975852594183472,0.9554875466896045,0.21501211083980296
563,688193,仁度生物,2024-02-20,2024-02,B,0,0,1,45.8615,169,0.12642160428280952,0.030079125233597046,0.737462339962905,0.09076200966895855,0.2442882619378227,0.03516830531960161,0.6025925407454256,0.16426098399892033,0.9765330105069906,0.4154708372168159,0.9461976441838975,0.2854201858042288
564,688238,和元生物,2024-02-20,2024-02,B,0,0,0,15.1899,609,0.12642160428280952,0.030079125233597046,0.539138129909928,0.14090884249662317,0.20702733919955799,0.05857086388639447,0.6025925407454256,0.16426098399892033,0.7642377890989613,0.11213515129111128,0.7009616544188407,0.23798035249440505
565,688251,井松智能,2024-02-20,2024-02,B,0,0,1,57.7001,152,0.12642160428280952,0.030079125233597046,0.7390849842832445,0.16782590577943707,0.24520696292887065,0.0779592693269308,0.6025925407454256,0.16426098399892033,0.9694036900631904,0.4066825132943032,0.9320567567268025,0.3131802812738662
566,688259,创耀科技,2024-02-20,2024-02,B,0,0,1,49.4461,176,0.12642160428280952,0.030079125233597046,0.3299449197535005,0.07864799202771243,0.0585960342648875,0.019744577661004365,0.6025925407454256,0.16426098399892033,0.7360126826153831,0.06685098652930792,0.6001499018672182,0.15246850061589298
567,688261,东微半导,2024-02-20,2024-02,B,0,0,0,-40.4878,143,0.12642160428280952,0.030079125233597046,0.39610245035684777,0.04624025817251799,0.1459840072856922,0.08655522469869832,0.6025925407454256,0.16426098399892033,0.6923424283745263,0.0416080157508326,0.6392846156159965,0.1008478551333924
568,688323,瑞华泰,2024-02-20,2024-02,B,0,0,1,42.9128,438,0.12642160428280952,0.030079125233597046,0.885246839996451,0.07333464556192795,0.5238530195158709,0.06358843090290717,0.6025925407454256,0.16426098399892033,0.9719656509410407,0.3832372770877061,0.9418279002904156,0.17572792837474677
569,688343,云天励飞-U,2024-02-20,2024-02,B,0,0,0,-40.1383,138,0.12642160428280952,0.030079125233597046,0.556695464042342,0.0802420880555278,0.17295815923385374,0.05998192516716844,0.6025925407454256,0.16426098399892033,0.7987067001352506,0.13731549031274037,0.7027028708476339,0.23931545045676053
570,688362,甬矽电子,2024-02-20,2024-02,B,0,0,1,52.1212,176,0.12642160428280952,0.030079125233597046,0.38932963211867505,0.029382220868655686,0.07583001867855027,0.06855545436145746,0.6025925407454256,0.16426098399892033,0.717083771844735,0.10347391615947328,0.6426614931859405,0.1418268692939374
571,688499,利元亨,2024-02-20,2024-02,B,0,0,1,53.2517,325,0.12642160428280952,0.030079125233597046,0.7787191736196405,0.32537960699424356,0.4727252626841253,0.16736990027505214,0.6025925407454256,0.16426098399892033,0.8955460338207255,0.4188030334893602,0.8749451300843598,0.4229784746296923
572,688655,迅捷兴,2024-02-20,2024-02,B,0,0,1,47.6296,152,0.12642160428280952,0.030079125233597046,0.9156089082010199,0.1408592677163421,0.49694978383176197,0.0636491978829896,0.6025925407454256,0.16426098399892033,0.9889450442376084,0.19647691171193785,0.9667446539000101,0.25316050573654836
573,688661,和林微纳,2024-02-20,2024-02,B,1,1,1,50.8165,23,0.12642160428280952,0.030079125233597046,0.6741057270362111,0.14524397110398157,0.2012738083848757,0.0477733338584539,0.6025925407454256,0.16426098399892033,0.8986723098557363,0.1668407107128288,0.8298839637836197,0.3144908942588317
574,688699,明微电子,2024-02-20,2024-02,B,0,0,1,46.6617,152,0.12642160428280952,0.030079125233597046,0.7207909077598693,0.11226189969472675,0.24140366118459078,0.0859669739439491,0.6025925407454256,0.16426098399892033,0.959346978089117,0.3425386332697529,0.9329735562818217,0.2184805641373794
575,688768,容知日新,2024-02-20,2024-02,B,0,0,1,46.4324,173,0.12642160428280952,0.030079125233597046,0.6392066777096009,0.10875676160416087,0.24852767142561466,0.04375931414084169,0.6025925407454256,0.16426098399892033,0.8908679875597515,0.12438858389188628,0.8622668456529633,0.18718147128118487
576,000815,美利云,2024-02-21,2024-02,B,1,1,1,43.2469,14,0.018868655505275184,0.02674095482020774,0.5638547410245098,0.1111126662714603,0.014972403523338479,0.09085052119305181,0.29736814631902414,0.1240173683514918,0.8845664162283096,0.3442828416807273,0.5200174142207858,0.3482599600622846
577,002213,大为股份,2024-02-21,2024-02,B,1,1,1,52.6835,21,0.018868655505275184,0.02674095482020774,0.5475019539634779,0.08445076754875179,0.012165357064449886,0.039028497326315595,0.29736814631902414,0.1240173683514918,0.8723753778595286,0.18951688322289348,0.47248478958928697,0.17668209139671542
578,002427,尤夫股份,2024-02-21,2024-02,B,0,0,1,52.381,265,0.018868655505275184,0.02674095482020774,0.6952992974608235,0.11102036402486114,0.02324141578952212,0.030868319548078327,0.29736814631902414,0.1240173683514918,0.9199547376763828,0.2467463569922874,0.6300868424904639,0.12388723646603203
579,002490,山东墨龙,2024-02-21,2024-02,B,0,0,0,-40.3909,71,0.018868655505275184,0.02674095482020774,0.37554207515423266,0.11392532086995134,0.004434102584137364,0.017346934617175232,0.29736814631902414,0.1240173683514918,0.6922889780824211,0.4130318554279994,0.24073594917611396,0.2617840292589285
580,002609,捷顺科技,2024-02-21,2024-02,B,0,0,1,49.9426,326,0.018868655505275184,0.02674095482020774,0.11606731055399207,0.003985310393818991,0.0012677241856151036,0.003918735721877295,0.29736814631902414,0.1240173683514918,0.3269400592669042,0.031247937136394878,0.0921694254707203,0.051895165234217625
581,002636,金安国纪,2024-02-21,2024-02,B,0,0,1,47.0007,151,0.018868655505275184,0.02674095482020774,0.5295068217016697,0.10021076335819426,0.01120021238844866,0.027205391272397576,0.29736814631902414,0.1240173683514918,0.8436622610423412,0.2666550429860707,0.4719236148313769,0.25048622823090827
582,002647,仁东控股,2024-02-21,2024-02,B,0,0,1,51.0441,151,0.018868655505275184,0.02674095482020774,0.4204475922728996,0.0629401963344769,0.0059582328551001235,0.01896336983826218,0.29736814631902414,0.1240173683514918,0.8009629637528962,0.1959746708819104,0.36534808177056893,0.1251158511375912
583,002729,好利科技,2024-02-21,2024-02,B,0,0,0,-40.9031,71,0.018868655505275184,0.02674095482020774,0.3562685958290294,0.01958705339331444,0.006299852615917,0.013032901633954664,0.29736814631902414,0.1240173683514918,0.6494390972786829,0.018924074800524583,0.1877926026484677,0.04084161956873382
584,002766,索菱股份,2024-02-21,2024-02,B,0,0,1,53.0769,80,0.018868655505275184,0.02674095482020774,0.3048876942062009,0.059542688252553724,0.0037291725510347467,0.029016448133082153,0.29736814631902414,0.1240173683514918,0.4253060709785893,0.029233907416237284,0.10552387613888425,0.04049972356642296
585,300506,名家汇,2024-02-21,2024-02,B,1,1,1,44.4099,12,0.018868655505275184,0.02674095482020774,0.9450933979419525,0.12985913756555628,0.09810713885281817,0.07864377212186581,0.29736814631902414,0.1240173683514918,0.9731818071614166,0.16641824171129316,0.7862259766580146,0.14444291393547123
586,301021,英诺激光,2024-02-21,2024-02,B,0,0,1,40.0647,103,0.018868655505275184,0.02674095482020774,0.5794981360426397,0.13215955331662857,0.01617509409111317,0.04837667766709649,0.29736814631902414,0.1240173683514918,0.7920850291598106,0.1535377532094102,0.39893141739392696,0.15158685547466652
587,301349,信德新材,2024-02-21,2024-02,B,0,0,1,44.7914,177,0.018868655505275184,0.02674095482020774,0.7361545734817401,0.241580618155435,0.0483355929766877,0.05282409363739476,0.29736814631902414,0.1240173683514918,0.9104401587991288,0.49509598227669344,0.7272676495834364,0.27642607102231725
588,600241,时代万恒,2024-02-21,2024-02,B,0,0,1,46.1794,326,0.018868655505275184,0.02674095482020774,0.11547442284826032,0.00934410258358774,0.0012914920306062183,0.007935438173463687,0.29736814631902414,0.1240173683514918,0.4879132279890396,0.014999471679355185,0.09646231763828855,0.029025103400676957
589,603261,立航科技,2024-02-21,2024-02,B,1,1,1,41.9955,11,0.018868655505275184,0.02674095482020774,0.4921623375902516,0.12096704163978776,0.013778275122805899,0.028777281949532,0.29736814631902414,0.1240173683514918,0.6020188138271877,0.34510783667960304,0.2146614419613642,0.19314678208499997
590,603269,海鸥股份,2024-02-21,2024-02,B,0,1,1,44.4981,19,0.018868655505275184,0.02674095482020774,0.27510080639253354,0.00559770457661071,0.0022780100615712845,0.004714752479917006,0.29736814631902414,0.1240173683514918,0.4411573738691302,0.009356501018734413,0.07531836970450334,0.030148101814740882
591,603569,长久物流,2024-02-21,2024-02,B,0,0,0,-29.7494,608,0.018868655505275184,0.02674095482020774,0.33015416122253227,0.01444760590785091,0.004509786584371318,0.0035868390900880205,0.29736814631902414,0.1240173683514918,0.5836743657888915,0.10598220092937262,0.21662849053386654,0.1381201013517629
592,603725,天安新材,2024-02-21,2024-02,B,1,1,1,44.0613,71,0.018868655505275184,0.02674095482020774,0.14788853821815132,0.02592121986792617,0.0011690280100676385,0.008507805634143474,0.29736814631902414,0.1240173683514918,0.27203121959953125,0.07685812639581427,0.046436770966762624,0.051245407202421975
593,603917,合力科技,2024-02-21,2024-02,B,0,0,0,-0.0285,608,0.018868655505275184,0.02674095482020774,0.6074171249611235,0.03147514424160334,0.01942516663323756,0.018778307728288413,0.29736814631902414,0.1240173683514918,0.8026840090293789,0.020125038430033014,0.3902013945787895,0.12381151664473128
594,688288,鸿泉技术,2024-02-21,2024-02,B,0,0,1,56.5857,80,0.018868655505275184,0.02674095482020774,0.8223841324154498,0.20231306383733907,0.033302178841466516,0.050140430426491925,0.29736814631902414,0.1240173683514918,0.96280909480768,0.4845080074553187,0.7262317697529455,0.2679532149414469
595,688662,富信科技,2024-02-21,2024-02,B,0,0,1,49.6809,151,0.018868655505275184,0.02674095482020774,0.6217846523628914,0.1400593104524712,0.013559285405962374,0.03526585824842835,0.29736814631902414,0.1240173683514918,0.9109474565473141,0.2267879880202595,0.5630402194375058,0.24186219094822262
596,688670,金迪克,2024-02-21,2024-02,B,0,0,0,-42.05,82,0.018868655505275184,0.02674095482020774,0.6380039492380555,0.11612061198282805,0.015050834255164597,0.017208087193961663,0.29736814631902414,0.1240173683514918,0.8641723619967465,0.06296170604889074,0.49189706014077805,0.17107248010102802
597,000546,金圆股份,2024-02-22,2024-02,B,0,0,1,40.868,446,0.47837115704925975,0.016976744652043452,0.03951534556036904,0.01110156658571209,0.026556784080925794,0.008826066420574126,0.9899196593197717,0.22626269837990032,0.24619326356184415,0.04115271123911167,0.9129156714405067,0.05846750271184293
598,000903,ST云动,2024-02-22,2024-02,B,1,1,1,42.1801,28,0.47837115704925975,0.016976744652043452,0.1176471973942062,0.005527580166413663,0.037948227985519015,0.003651735471063736,0.9899196593197717,0.22626269837990032,0.373353779370868,0.020781733008797793,0.9262653064022136,0.02673785520539233
599,000953,中哲精化,2024-02-22,2024-02,B,0,0,1,40.3458,112,0.47837115704925975,0.016976744652043452,0.13328210497651422,0.08995892825383378,0.05728427395543588,0.05325386965114462,0.9899196593197717,0.22626269837990032,0.6798493486231307,0.23679734678601128,0.9792802897899722,0.2068045638059669
600,000980,众泰汽车,2024-02-22,2024-02,B,0,0,0,-40.7725,91,0.47837115704925975,0.016976744652043452,0.44303180376379503,0.05698494209933877,0.19681815845521336,0.03713048833653855,0.9899196593197717,0.22626269837990032,0.8427878237563665,0.7872284750855153,0.9910036844545991,0.6419931878417716
601,001319,铭科精技,2024-02-22,2024-02,B,0,0,1,49.1588,169,0.47837115704925975,0.016976744652043452,0.2196718814481207,0.038363734286088226,0.06503443570943149,0.020685707458354817,0.9899196593197717,0.22626269837990032,0.3430920223908693,0.07249237475825929,0.9009238104279834,0.06137352759183171
602,002055,ST得润,2024-02-22,2024-02,B,1,1,1,40.2299,19,0.47837115704925975,0.016976744652043452,0.5786280010549707,0.0842369769491525,0.33398001015627526,0.04644909148458763,0.9899196593197717,0.22626269837990032,0.842539614829833,0.08911220746669578,0.9909111423021819,0.1681104591086647
603,002199,东晶电子,2024-02-22,2024-02,B,0,0,1,46.7601,78,0.47837115704925975,0.016976744652043452,0.07188932260829853,0.06799801292019611,0.027090541225164157,0.017002281745029303,0.9899196593197717,0.22626269837990032,0.2835491809279651,0.023539675087369063,0.8863689851520096,0.06521442063574229
604,002306,ST云网,2024-02-22,2024-02,B,0,0,1,43.77,194,0.47837115704925975,0.016976744652043452,0.08674826047462755,0.004292451782365344,0.0320252616659591,0.005854832403063924,0.9899196593197717,0.22626269837990032,0.16797732871677873,0.009159291579200429,0.8206532999179879,0.01638294789174383
605,002363,隆基机械,2024-02-22,2024-02,B,0,0,1,44.2436,260,0.47837115704925975,0.016976744652043452,0.02779213687571394,0.00526236820590999,0.006858881400423439,0.00852686671436869,0.9899196593197717,0.22626269837990032,0.08218331739401369,0.033713813037329884,0.6365449413338569,0.06937527642144053
606,002442,龙星科技,2024-02-22,2024-02,B,0,0,1,44.8757,210,0.47837115704925975,0.016976744652043452,0.01440070639210155,0.005383435946212749,0.0048331816834882605,0.005247219073440985,0.9899196593197717,0.22626269837990032,0.115437093701557,0.012511058376826782,0.754510566037224,0.02018338427426014
607,002846,英联股份,2024-02-22,2024-02,B,1,1,1,42.8981,32,0.47837115704925975,0.016976744652043452,0.11071918616515564,0.050644682215143,0.04310087010335811,0.018476224609330284,0.9899196593197717,0.22626269837990032,0.1943097565830926,0.034305036341917484,0.8446137773544878,0.068620120180405
608,002927,泰永长征,2024-02-22,2024-02,B,0,1,1,42.3432,52,0.47837115704925975,0.016976744652043452,0.020042963299428052,0.0027455162853769395,0.007027389240595529,0.0032848435336929787,0.9899196593197717,0.22626269837990032,0.06918023284509063,0.008906625918787351,0.6229515127386165,0.02018338427426014
609,300477,ST合纵,2024-02-22,2024-02,B,1,1,1,55.9055,28,0.47837115704925975,0.016976744652043452,0.7231105441202177,0.21866958733926814,0.5189786152065344,0.08839114745622814,0.9899196593197717,0.22626269837990032,0.801552278038326,0.18437300727061612,0.9906060570321058,0.17133802571706078
610,300505,川金诺,2024-02-22,2024-02,B,1,1,1,40.4715,40,0.47837115704925975,0.016976744652043452,0.12979288641844272,0.11179899303836592,0.09203541129735848,0.06416061577062483,0.9899196593197717,0.22626269837990032,0.40088278365500357,0.028077709754391143,0.9567275434532024,0.053771781522597234
611,300553,集智股份,2024-02-22,2024-02,B,1,1,1,49.0917,20,0.47837115704925975,0.016976744652043452,0.39753938955959023,0.03402093256191033,0.16817802053200961,0.018938182370140742,0.9899196593197717,0.22626269837990032,0.6328593043504522,0.07621063825878983,0.9710226305079737,0.13193157351609255
612,300745,欣锐科技,2024-02-22,2024-02,B,0,0,1,40.0789,408,0.47837115704925975,0.016976744652043452,0.47128919834667354,0.1453277258708895,0.24570133229928634,0.1345586004837906,0.9899196593197717,0.22626269837990032,0.6726418616630735,0.10168057852515038,0.9782939933574901,0.16590543634302504
613,300805,电声股份,2024-02-22,2024-02,B,0,0,1,40.5407,186,0.47837115704925975,0.016976744652043452,0.02300270424400465,0.007004423333836221,0.004602121420092277,0.007883477767937797,0.9899196593197717,0.22626269837990032,0.06473583789651102,0.02504371462965923,0.5897652088135773,0.024373025502967487
614,300928,华安鑫创,2024-02-22,2024-02,B,0,0,0,-23.2171,607,0.47837115704925975,0.016976744652043452,0.3765336118619626,0.039823707445109637,0.08074084780350818,0.010666949903577983,0.9899196593197717,0.22626269837990032,0.5547514484766772,0.12211277485427402,0.9300116969592775,0.11962390245702652
615,300978,东箭科技,2024-02-22,2024-02,B,0,0,1,48.7816,445,0.47837115704925975,0.016976744652043452,0.1250092533923535,0.008404179290237778,0.036955633904759755,0.009479619906955372,0.9899196593197717,0.22626269837990032,0.4589913015793072,0.012932956081148656,0.953160697594814,0.02517078816684345
616,600128,苏豪弘业,2024-02-22,2024-02,B,0,0,1,40.0892,197,0.47837115704925975,0.016976744652043452,0.011580945786311228,0.0036539098388936927,0.003140894499775356,0.002858348667408983,0.9899196593197717,0.22626269837990032,0.1330863294378856,0.020391068093899664,0.7145073075831928,0.02660674931330494
617,600159,大龙地产,2024-02-22,2024-02,B,0,0,0,-4.1509,607,0.47837115704925975,0.016976744652043452,0.030622120938388304,0.006001093599519758,0.01019256738861784,0.006884675610283082,0.9899196593197717,0.22626269837990032,0.26009853946567507,0.05965988229279069,0.8652250592007951,0.05675161470716769
618,600288,大恒科技,2024-02-22,2024-02,B,0,0,1,44.526,183,0.47837115704925975,0.016976744652043452,0.028377835212701808,0.00833904914986538,0.012290460969138153,0.009595563356736522,0.9899196593197717,0.22626269837990032,0.2330072368540965,0.03459164153448985,0.8487823665604443,0.042580757659936554
619,600327,大东方,2024-02-22,2024-02,B,0,0,1,42.0862,182,0.47837115704925975,0.016976744652043452,0.02107620496388667,0.0030251274801301117,0.008010087537500581,0.0024559800716637535,0.9899196593197717,0.22626269837990032,0.43028018194544687,0.06054241714425657,0.9453798012871449,0.07244037293235822
620,600753,ST海钦,2024-02-22,2024-02,B,0,0,1,40.3846,484,0.47837115704925975,0.016976744652043452,0.551098177125677,0.09372075749986057,0.3486530436210557,0.07709631415077603,0.9899196593197717,0.22626269837990032,0.7069895108102076,0.3161514341227572,0.9770996886983938,0.24466442839958172
621,600981,苏豪汇鸿,2024-02-22,2024-02,B,0,0,1,42.3284,431,0.47837115704925975,0.016976744652043452,0.013794495875852545,0.008095218842536098,0.003306399652068666,0.005467536150574257,0.9899196593197717,0.22626269837990032,0.2298769839126123,0.038408740690772485,0.8669593957075804,0.039762455146197
622,603002,宏昌电子,2024-02-22,2024-02,B,1,1,1,45.8333,21,0.47837115704925975,0.016976744652043452,0.022406964431954002,0.0032458261256629807,0.008974943971757169,0.0038581976058364824,0.9899196593197717,0.22626269837990032,0.09264934472570567,0.01377419264757775,0.7011640328114861,0.01934755709603666
623,603166,福达股份,2024-02-22,2024-02,B,0,0,1,45.4491,171,0.47837115704925975,0.016976744652043452,0.058730391039191795,0.011408151207157277,0.018261921832669253,0.013001235929136908,0.9899196593197717,0.22626269837990032,0.2640716423472868,0.06238717235750274,0.888443493057694,0.06730549306844649
624,603716,塞力医疗,2024-02-22,2024-02,B,0,1,1,46.4286,19,0.47837115704925975,0.016976744652043452,0.2073660564173348,0.08543002403358213,0.08206044740696958,0.04624335040699204,0.9899196593197717,0.22626269837990032,0.3607668423571861,0.0395069032490063,0.9161060483536293,0.08061346469544832
625,603955,大千生态,2024-02-22,2024-02,B,0,0,1,40.2351,173,0.47837115704925975,0.016976744652043452,0.04121172636530694,0.023020772388057574,0.02875393591846519,0.01225879737634192,0.9899196593197717,0.22626269837990032,0.1867591058950973,0.01290348802898751,0.8875511118724834,0.022107777077680496
626,605188,国光连锁,2024-02-22,2024-02,B,1,1,1,40.5616,29,0.47837115704925975,0.016976744652043452,0.08047924786596937,0.021605242810963945,0.034867896218603804,0.01284559785689689,0.9899196593197717,0.22626269837990032,0.09547767883678451,0.05636155943438121,0.7260695743195197,0.10916326907367588
627,605228,神通科技,2024-02-22,2024-02,B,0,0,1,40.5652,198,0.47837115704925975,0.016976744652043452,0.03347374957261542,0.009238384632038212,0.010252023935835568,0.004773676569506538,0.9899196593197717,0.22626269837990032,0.03832376601283535,0.014952762383251056,0.44483587532198515,0.016443938941701233
628,688020,方邦股份,2024-02-22,2024-02,B,0,0,1,44.094,60,0.47837115704925975,0.016976744652043452,0.250906123880354,0.10822682807960286,0.11387520203366562,0.03536758825088226,0.9899196593197717,0.22626269837990032,0.7228031969512634,0.21537393731210103,0.9803477453986558,0.14782361247647305
629,688071,华依科技,2024-02-22,2024-02,B,0,0,0,-40.2706,121,0.47837115704925975,0.016976744652043452,0.1106080890712621,0.04116582926357431,0.04631160627586346,0.021610120405863853,0.9899196593197717,0.22626269837990032,0.3625565272458574,0.06958573700909293,0.918615930194687,0.09355537941639566
630,688118,普元信息,2024-02-22,2024-02,B,0,0,1,42.0784,190,0.47837115704925975,0.016976744652043452,0.11992407467598039,0.08010588329672787,0.03360130882618962,0.02038584489940433,0.9899196593197717,0.22626269837990032,0.3351353572008519,0.11335811544441979,0.8795050195957858,0.09884138759012988
631,688419,耐科装备,2024-02-22,2024-02,B,0,0,1,41.0996,59,0.47837115704925975,0.016976744652043452,0.17745876709642328,0.056919675307618316,0.07048315827853849,0.025060793328923366,0.9899196593197717,0.22626269837990032,0.49892022807177794,0.11334901785546289,0.9503133384238723,0.14616137090005193
632,688667,菱电电控,2024-02-22,2024-02,B,0,0,0,-40.104,141,0.47837115704925975,0.016976744652043452,0.44182624669246723,0.039718840966664996,0.22758966577381998,0.0233437211092388,0.9899196593197717,0.22626269837990032,0.7800174136565118,0.12676661900275574,0.9859171248467351,0.16763095972919573
633,000757,浩物股份,2024-02-23,2024-02,B,0,0,1,42.7692,195,0.6343658007110825,0.050641280076323486,0.04390318877007048,0.01236325198625883,0.019074400272445405,0.013675561975266764,0.9914702297094655,0.2516867201064259,0.14905521050405296,0.024452247269683987,0.7938635301176616,0.07343745289357573
634,300204,舒泰神,2024-02-23,2024-02,B,0,0,1,51.5994,280,0.6343658007110825,0.050641280076323486,0.44837476449922126,0.012752164692182252,0.2710072459043023,0.06608473867419297,0.9914702297094655,0.2516867201064259,0.8129127252821441,0.025683430191279666,0.9903791625246434,0.06525250907803426
635,600302,ST标准,2024-02-23,2024-02,B,0,0,1,40.146,189,0.6343658007110825,0.050641280076323486,0.09699725627886775,0.006209583062980528,0.04901130559408414,0.004959216927190333,0.9914702297094655,0.2516867201064259,0.17697988848917007,0.03673083189140923,0.8220075714771583,0.07016198905971434
636,600678,ST金顶,2024-02-23,2024-02,B,1,1,1,49.2248,5,0.6343658007110825,0.050641280076323486,0.030991583984465238,0.01085334794300867,0.01455507213481316,0.014793727079669312,0.9914702297094655,0.2516867201064259,0.06571148929883464,0.05340889700093505,0.608765426869661,0.06388117619591646
637,688025,杰普特,2024-04-25,2024-04,B,0,0,1,45.3265,272,0.3524424177776385,0.009788913439721138,0.34314621557578906,0.1294243311997244,0.37830824607455016,0.0401790878069062,0.5147819173603427,0.2287449276054842,0.5796975637853278,0.1396241590636241,0.598760243732484,0.13808936075317305
638,300065,海兰信,2024-06-13,2024-06,B,0,0,1,61.2708,76,0.22102097148049965,0.022333180832187906,0.2663139483982859,0.039894635756098036,0.2626084026975124,0.030751520615712267,0.39040879235405,0.07496792849611393,0.3221970958874322,0.06341769073109459,0.38052006248376696,0.08894121679576893
639,600167,联美控股,2024-07-01,2024-07,B,0,1,1,47.1631,299,0.17608961240364074,0.003834807527735693,0.0260172712466156,0.01867094631636197,0.029670809004530892,0.016252864362242114,0.3524128424745188,0.04185932554188664,0.18220009959024852,0.056172883392311954,0.2053139269632557,0.02629367606542855
640,002758,浙农股份,2024-07-02,2024-07,B,0,0,0,3.2719,520,0.2036331684099158,0.011823001213038854,0.10378028868401405,0.020733006642315692,0.10649976249140852,0.015843468714051116,0.3294691519011467,0.0233301978446747,0.2740664796827456,0.03920319866851577,0.27606190338908587,0.02477901548459322
641,600227,赤天化,2024-07-05,2024-07,B,1,1,1,51.1628,59,0.20343204724773178,0.016643781806919503,0.3574482402477232,0.15707193921174048,0.41342791570104354,0.19431527372490442,0.40762374670793955,0.020193245637964256,0.5351371728313222,0.3707711509903405,0.6939980292960296,0.21511379540731412
642,301018,申菱环境,2024-07-12,2024-07,B,0,0,1,45.4355,55,0.17210346820820968,0.014266184504024126,0.15794273256897767,0.048824782278273735,0.14484018080823793,0.03847852321675183,0.3359754538969906,0.12637297130441016,0.39157705501621765,0.12965910369738262,0.4600968188471245,0.09280178772214986
643,601238,广汽集团,2024-07-12,2024-07,B,0,0,0,-34.3975,512,0.17210346820820968,0.014266184504024126,0.052601064661500434,0.01713197781640068,0.048603401223317085,0.015224430999103287,0.3359754538969906,0.12637297130441016,0.25465523164665693,0.11517542881536452,0.3150036409832171,0.08776271167953098
644,688217,睿昂基因,2024-08-06,2024-08,B,0,0,1,41.3306,38,0.16788148349061274,0.022830195837794033,0.29889041357169266,0.1441155748835462,0.2789483861759757,0.154143332116906,0.44117759436054776,0.37633383131629844,0.46382846977416065,0.33838172010782147,0.5724975118703802,0.47613887233004143
645,001270,铖昌科技,2025-02-12,2025-02,B,0,0,1,42.3871,124,0.35807198120998796,0.026092519424743884,0.4204116975434276,0.195304286639386,0.27114895141882395,0.07187436800137088,0.3379936623709426,0.019743414508917874,0.427140964654949,0.1641983368398269,0.3263697018905079,0.06044843421372592
646,300159,新研股份,2025-04-11,2025-04,B,1,1,1,40.4624,36,0.3425406927183876,0.040045096073852086,0.9317354274105416,0.758230184424886,0.9659869359565568,0.588586797049333,0.33352282355602797,0.2105193553238369,0.8279790363578757,0.525158744223145,0.7462407427890084,0.4330933495651664
647,603255,鼎际得,2025-05-06,2025-05,B,0,1,1,42.3749,83,0.3488807673809716,0.04563422672816938,0.04917815511363543,0.024893721044287623,0.04164474197846025,0.03468491731871883,0.3446052266864884,0.6602481300854914,0.12068836106980604,0.09432482131528776,0.1775828441342105,0.15641640847529736
648,000736,中交发展,2025-05-14,2025-05,B,1,1,1,44.7307,117,0.10862689152314718,0.004819040008086802,0.502225681428083,0.09194524487464038,0.254195049190032,0.028558495892922746,0.07824350802869427,0.013641462997041554,0.596555367694336,0.1174397209951031,0.23175835471401568,0.09129214520752396
649,002313,日海智能,2026-07-01,2026-07,B,0,0,0,9.8137,37,0.09084359891121523,0.037775407784969475,0.21807838524261566,0.05868233704348904,0.07806333000781286,0.04475127669375006,0.3650410747595182,0.06694363993768246,0.49826213182348844,0.19399647479462126,0.53390447729281,0.30475838704143504
650,603712,七一二,2026-07-01,2026-07,B,0,0,0,-14.5482,37,0.09084359891121523,0.037775407784969475,0.25030645360786896,0.023878032458877176,0.08019190815340016,0.03358881252073872,0.3650410747595182,0.06694363993768246,0.4301864682875393,0.18440922352207895,0.40862384249289135,0.26163730747381464
651,002880,卫光生物,2026-07-03,2026-07,B,0,0,0,-1.9954,35,0.05897639498067586,0.025750808312701542,0.14833245008273166,0.027828596072663535,0.018902631298162238,0.01170303827663429,0.32529002086668163,0.06143879037940976,0.3347684801334319,0.14287736841046464,0.24591152455130874,0.15783988460513673
652,600738,丽尚国潮,2026-07-06,2026-07,B,0,0,0,3.6269,34,0.049264803534101696,0.018882507115245972,0.11391553890929194,0.009195757457959893,0.015274831180775949,0.00770626623020981,0.25598122935104856,0.05844389227711392,0.3491014981521005,0.05257540944987696,0.24472133671713586,0.07249871162877779
653,603370,华新精科,2026-07-21,2026-07,B,0,0,0,-5.6962,23,0.12022008638929345,0.04129892268211408,0.09033035819399987,0.04490328064503726,0.03498878852103666,0.03745651512286997,0.2290070400663008,0.2203292616081795,0.17279331142531154,0.19239021952360377,0.07820779927081586,0.11159972255656109
654,000903,ST云动,2026-07-27,2026-07,B,0,1,0,9.1954,19,0.14097136859015935,0.02655344568081189,0.4221412570421775,0.08173344580152,0.20673564476581877,0.03720427181149228,0.31003914464872295,0.1328510489592376,0.4863294234128196,0.12362975279611892,0.34355792427911674,0.19464572877907615
655,300722,新余国科,2026-07-27,2026-07,B,0,1,0,-0.9488,19,0.14097136859015935,0.02655344568081189,0.2828502086701337,0.030789985821941816,0.0968324059528105,0.028518636303197124,0.3100391446487229,0.1328510489592376,0.45492290768459204,0.2594551708062807,0.3033090769375023,0.19283899865618603
656,920693,阿为特,2026-07-29,2026-07,B,0,0,0,-3.6207,17,0.10558671135572414,0.032505999359812014,0.18669240369232004,0.05071224725385029,0.05856272433925965,0.05787391418293049,0.21700161569218537,0.14186219891300106,0.20245015471161124,0.09479468334149074,0.11857303410713531,0.12834029920144652
659,688157,松井股份,2026-07-31,2026-07,B,0,1,0,2.6486,15,0.1464249557422477,0.026867599378777987,0.3787773530459539,0.137284015627591,0.16058194842984097,0.15922714315724135,0.2866572226309953,0.2730279215888652,0.5568540605183988,0.49075115166966277,0.389892375286564,0.4479274043032176
660,000519,中兵红箭,2026-08-03,2026-08,B,0,1,0,-0.977,14,0.12010843607135102,0.019188682782499147,0.1627774894024633,0.02575452930810424,0.07370967608732844,0.0383447901355476,0.37244810874539436,0.6104775082168102,0.13607939146183803,0.03940114854014656,0.12948955259951947,0.11327174541573878
662,603033,三维股份,2026-08-04,2026-08,B,0,0,0,-1.6861,13,0.1268464022465276,0.16480664048895113,0.17244424625220253,0.011705157251828817,0.0799834451786691,0.01605895436823358,0.4490698046035865,0.409096481871376,0.5805929967066792,0.046784174216324984,0.5581832646752923,0.16669511469342904
