weights,cap,panic_max_pos,partial,win,drop,final,cagr,max_dd,dd_p10,cagr_p10,cagr_p90,avg_exp,max_exp,n,n0,n1,n2,vol,min_cash
"(0, 0.03, 0)",0.8,,False,B,,1266107.692139993,0.07277028904570537,-0.21332783732741772,-0.21332893131271136,0.07270587634519665,0.07288170964895098,0.26466030868974166,0.7711630216944645,84.0,0.0,84.0,0.0,0.08657086717788866,0.22883697830553554
"(0, 0.03, 0)",0.8,,True,B,,1273916.9189421716,0.07339095317969524,-0.21332783732741772,-0.21332893131271136,0.0733074212318124,0.073454631230472,0.26611779634877797,0.7895583806248528,85.0,0.0,85.0,0.0,0.08725115268649565,0.21044161937514716
"(0, 0.03, 0)",0.95,,False,B,,1328896.2461759946,0.0776655495368811,-0.21332783732741772,-0.21332893131271136,0.07766520938708965,0.07766637873794661,0.2694624678660499,0.9288765832985493,89.0,0.0,89.0,0.0,0.08939663674380123,0.07112341670145078
"(0, 0.03, 0)",0.95,,True,B,,1338180.1095273695,0.07837149976404711,-0.21332783732741772,-0.21332893131271136,0.07837112135547822,0.07837243482505732,0.26948446429701,0.9477553129736459,90.0,0.0,90.0,0.0,0.08975245886760025,0.05224468702635411
"(0, 0.03, 0.02)",0.8,,False,B,,1619223.1057900363,0.09788317668546664,-0.2514058738605226,-0.25379888030976117,0.09626468211243547,0.09972312558149292,0.32253582301352823,0.807692852695264,136.0,0.0,75.0,61.0,0.11000677224830563,0.19230714730473591
"(0, 0.03, 0.02)",0.8,,True,B,,1625258.7871455923,0.0982675162689014,-0.25330975718492743,-0.2555774264518208,0.09622780547328558,0.10050235657770937,0.32535696680294224,0.8107359724608532,139.0,0.0,76.0,63.0,0.11093411768293053,0.1892640275391468
"(0, 0.03, 0.02)",0.95,,False,B,,1837202.1288005072,0.1110037482407229,-0.28243676089049746,-0.2824381332352784,0.10812980372031895,0.11253334358569508,0.3597705014848039,0.9459524708769489,158.0,0.0,79.0,79.0,0.12489906863626715,0.05404752912305098
"(0, 0.03, 0.02)",0.95,,True,B,,1868194.8588946566,0.11275349857807004,-0.2840851482046975,-0.2840859320233946,0.10957245847166741,0.11380349045130782,0.3652706549787176,0.952678225472559,163.0,0.0,81.0,82.0,0.12676799214245124,0.04732177452744102
"(0, 0.03, 0.04)",0.8,,False,B,,1639030.1329074148,0.09913951688739919,-0.25504288535330705,-0.25739863498413507,0.09565803357112994,0.10449259160488093,0.31620454676834536,0.8068681735601226,102.5,0.0,72.0,30.5,0.10943500312317095,0.1931318264398773
"(0, 0.03, 0.04)",0.8,,True,B,,1656559.584122684,0.10023987955554692,-0.2625368218826217,-0.2667009624173775,0.09710926631240002,0.10508886362617108,0.32146908204596086,0.8150646305707905,107.0,0.0,73.0,34.0,0.11161768626015714,0.1849353694292095
"(0, 0.03, 0.04)",0.95,,False,B,,1867215.239513479,0.11269854780857103,-0.28938239055541914,-0.30409759388743135,0.10578894156626686,0.11593516700354281,0.36114115955604803,0.9465035545867837,118.0,0.0,75.0,43.5,0.12670089251916275,0.05349644541321632
"(0, 0.03, 0.04)",0.95,,True,B,,1891095.8955558697,0.11402951761951918,-0.2952242978857594,-0.3103001245030263,0.10989907758798675,0.11726319957077691,0.3645841839664421,0.9543098208984571,123.5,0.0,76.0,47.0,0.12897047623560895,0.045690179101542855
"(0, 0.03, 0.08)",0.8,,False,B,,1598194.2267127759,0.09653390176285526,-0.251867620541593,-0.2609565801174996,0.08527878062796442,0.10603436106270359,0.31920329130283376,0.8057534795731065,86.5,0.0,73.0,14.0,0.1104153720099681,0.1942465204268935
"(0, 0.03, 0.08)",0.8,,True,B,,1640062.4178759386,0.09920112636509815,-0.2590481799761262,-0.27491875907351654,0.0898781257177121,0.106096018289208,0.32908055424780264,0.8170231081023742,89.5,0.0,72.0,17.0,0.11484928765907515,0.18297689189762573
"(0, 0.03, 0.08)",0.95,,False,B,,1782204.651731513,0.1078314526370091,-0.2966570898041515,-0.3074717474590275,0.10293536212003959,0.11508767931062336,0.36891593992130234,0.9380767891683408,93.5,0.0,73.0,20.0,0.12927893879804653,0.061923210831659185
"(0, 0.03, 0.08)",0.95,,True,B,,1891619.2177492369,0.11405748684063344,-0.30190078713433444,-0.31892779923096287,0.10545687337116458,0.1202259675149799,0.3773272708642589,0.9545708129366386,98.0,0.0,74.0,23.0,0.13298740583316437,0.04542918706336143
"(0, 0.04, 0)",0.8,,False,B,,1455223.657653904,0.08691042328602983,-0.2299347032855673,-0.2299363946336606,0.08669515822601633,0.08706552786628999,0.30822781990037956,0.7951903511488356,77.0,0.0,77.0,0.0,0.10122373809415466,0.2048096488511644
"(0, 0.04, 0)",0.8,,True,B,,1455223.657653904,0.08691042328602983,-0.2299347032855673,-0.2299363946336606,0.08669515822601633,0.08706552786628999,0.30822781990037956,0.7951903511488356,77.0,0.0,77.0,0.0,0.10122373809415466,0.2048096488511644
"(0, 0.04, 0)",0.95,,False,B,,1483555.0092935197,0.08888354715502,-0.25709919695566485,-0.2638609798321327,0.08781931620370784,0.08984378535132972,0.3314695672754182,0.9173491995846093,80.0,0.0,80.0,0.0,0.10957289179309973,0.08265080041539072
"(0, 0.04, 0)",0.95,,True,B,,1474285.014920772,0.08824172747082071,-0.27079737267539444,-0.27219804199782066,0.08721810115073239,0.08898061121404607,0.3376437229856589,0.9493695656173939,82.0,0.0,82.0,0.0,0.11118630250213085,0.05063043438260606
"(0, 0.04, 0.02)",0.8,,False,B,,1653494.1048493548,0.10004828448573999,-0.2498068599287634,-0.26051940375124155,0.0972543295340679,0.10212369747523423,0.3342738371127163,0.806460931620018,114.5,0.0,69.0,45.5,0.11268322480064061,0.19353906837998203
"(0, 0.04, 0.02)",0.8,,True,B,,1669053.2615751964,0.10101784404001535,-0.25472931260432746,-0.26314071728958843,0.0987220802467089,0.10310692574172031,0.3377522585970841,0.8153141061899222,117.5,0.0,71.0,46.0,0.11410059898561936,0.18468589381007777
"(0, 0.04, 0.02)",0.95,,False,B,,1875084.7368191108,0.1131388783217161,-0.2948667734053527,-0.2980150297238089,0.1097470967566105,0.11503532397046204,0.3845404378261275,0.9501421099496954,137.0,0.0,74.0,63.0,0.13099875872652328,0.049857890050304554
"(0, 0.04, 0.02)",0.95,,True,B,,1875313.2863383214,0.11315134552201966,-0.2973087061248457,-0.30029344025700255,0.1111560704506022,0.11523937688245318,0.3886651152654142,0.953069674937675,139.0,0.0,75.0,64.0,0.1320965140003545,0.046930325062325084
"(0, 0.04, 0.04)",0.8,,False,B,,1611117.3441665932,0.09736383272236704,-0.25301752481475165,-0.26254293739388845,0.09365100273364883,0.1030130763646061,0.338093282443651,0.7894457130597392,89.0,0.0,68.0,21.0,0.11449894540974778,0.2105542869402608
"(0, 0.04, 0.04)",0.8,,True,B,,1659403.3464753395,0.10041576177198719,-0.2595016202671915,-0.2702694445880402,0.09697119358308134,0.10524635349717125,0.3439457739007846,0.8153446764512557,93.5,0.0,69.5,24.0,0.11578356122935385,0.18465532354874434
"(0, 0.04, 0.04)",0.95,,False,B,,1890576.936398324,0.11399845532094,-0.302594650574616,-0.30782045446542805,0.11013496036760535,0.11769700433263126,0.38195248763748135,0.9514922692258733,104.0,0.0,72.0,32.5,0.13048884711241895,0.04850773077412683
"(0, 0.04, 0.04)",0.95,,True,B,,1911295.9531779243,0.11514346826152022,-0.30580879265449623,-0.3150334595440931,0.11058788695963358,0.12088356514493663,0.3862420860463732,0.9544284180168203,108.5,0.0,72.0,36.0,0.13288253376393783,0.04557158198317955
"(0, 0.04, 0.08)",0.8,,False,B,,1591327.1009296083,0.09608995678337884,-0.2523422569172947,-0.2664458690231437,0.09093560293072071,0.10916064996972327,0.3347632265521907,0.7891980104661546,78.5,0.0,69.0,10.0,0.1136435061212793,0.2108019895338455
"(0, 0.04, 0.08)",0.8,,True,B,,1641228.1429937063,0.09926824557754732,-0.26493513921573353,-0.27375882662309725,0.09288197931798496,0.11033259017749829,0.34798717412849844,0.8168262587415056,82.0,0.0,69.0,13.0,0.1186400250498229,0.1831737412584945
"(0, 0.04, 0.08)",0.95,,False,B,,1870323.9690622264,0.11287266649395333,-0.29630005585042946,-0.31584522985475944,0.09942206792733102,0.11847305701702056,0.38574448367620573,0.9407808481496296,86.0,0.0,71.0,16.0,0.13314113149237372,0.059219151850370494
"(0, 0.04, 0.08)",0.95,,True,B,,1889249.0451009623,0.11392507905586535,-0.30314729143938157,-0.32234585419477496,0.1045185395554534,0.12227827219552534,0.3924431702631405,0.9545734671806011,90.0,0.0,71.0,19.0,0.13681535432098726,0.04542653281939896
"(0, 0.06, 0)",0.8,,False,B,,1578321.6828724882,0.09524425650429513,-0.24913244297053166,-0.2551390819094139,0.09133199318687346,0.09914761433699597,0.3576009322048339,0.7905332476353791,64.0,0.0,64.0,0.0,0.11870217272645223,0.20946675236462084
"(0, 0.06, 0)",0.8,,True,B,,1634061.9847741928,0.09882556698917722,-0.25502026608265277,-0.26045443022755116,0.09369484083815927,0.10161970566999363,0.36909646340677693,0.8164299954070084,69.0,0.0,69.0,0.0,0.12206264346209045,0.1835700045929916
"(0, 0.06, 0)",0.95,,False,B,,1734972.578809443,0.10503677507532594,-0.27856455550267445,-0.28329262945427536,0.10365052796473388,0.10613615277570876,0.39560382954985773,0.90188329096758,70.0,0.0,70.0,0.0,0.13149654484401402,0.09811670903241992
"(0, 0.06, 0)",0.95,,True,B,,1765738.0602649148,0.10686531077114181,-0.29217053827465367,-0.29552858960791,0.10620957934654437,0.10932129122188812,0.411234358516257,0.9548239271390027,72.0,0.0,72.0,0.0,0.13581364953829794,0.04517607286099727
"(0, 0.06, 0.02)",0.8,,False,B,,1616600.1722610034,0.09771576379686886,-0.2663478026286851,-0.27342346741301693,0.09104691517062871,0.10193489700535893,0.3680719296179192,0.8139823828964858,77.0,0.0,62.0,16.0,0.12113892174308905,0.1860176171035141
"(0, 0.06, 0.02)",0.8,,True,B,,1656039.0028407727,0.10020689514240932,-0.2652912214712483,-0.26890877418983367,0.09673683481355862,0.10434290117169691,0.37480360300143867,0.8165407584469292,79.0,0.0,65.0,14.0,0.12360272972811495,0.1834592415530708
"(0, 0.06, 0.02)",0.95,,False,B,,1856309.214313535,0.11208565332260545,-0.29959152756853524,-0.3070790837409292,0.10928961307813104,0.11785147142292822,0.4185300030611745,0.9457885849619614,101.0,0.0,65.0,36.0,0.13938124077506614,0.054211415038038654
"(0, 0.06, 0.02)",0.95,,True,B,,1904494.072356602,0.11476945184790088,-0.3001780516598305,-0.30793354247655363,0.11314718989266029,0.11982273287282592,0.4224477669099816,0.954472389207037,104.0,0.0,68.0,36.0,0.141152538578953,0.04552761079296294
"(0, 0.06, 0.04)",0.8,,False,B,,1611938.8738582055,0.09741682850069255,-0.25928985489293305,-0.2748943470133124,0.09449946479407863,0.10456591611544726,0.3649312916362181,0.8090543525907059,69.0,0.0,62.0,7.0,0.12091659732587526,0.1909456474092941
"(0, 0.06, 0.04)",0.8,,True,B,,1660360.7148884356,0.10047692696755983,-0.2642570579394343,-0.275778821785358,0.09787351527776796,0.1063656696702057,0.3746814742727732,0.8167473878601568,73.0,0.0,65.5,8.0,0.12345323585530238,0.18325261213984312
"(0, 0.06, 0.04)",0.95,,False,B,,1872101.3806259441,0.1129720794836806,-0.30301251934635137,-0.31230660172312774,0.10753922278996238,0.11872310768970162,0.4177348984302756,0.9458706929316159,82.0,0.0,65.0,17.0,0.1398439733697112,0.05412930706838423
"(0, 0.06, 0.04)",0.95,,True,B,,1908888.1968960855,0.11501112330448193,-0.30479912957973443,-0.3152459641410672,0.11019154179828458,0.12134493237692193,0.4265986085821538,0.9545615376080736,85.5,0.0,66.0,19.0,0.14328941660988764,0.04543846239192634
"(0, 0.06, 0.08)",0.8,,False,B,,1634958.0496955756,0.0988823586566544,-0.2583060445578759,-0.2635121265969732,0.09563870049796248,0.10355579604408276,0.361781073682222,0.7935500588082751,65.0,0.0,63.0,2.0,0.11966797849759096,0.20644994119172486
"(0, 0.06, 0.08)",0.8,,True,B,,1666989.977363722,0.10088973735591722,-0.26072915694578996,-0.28329394983854334,0.0972356730143343,0.10737947151607795,0.37342150411578273,0.8183986095956836,70.0,0.0,65.5,5.0,0.123834276305815,0.18160139040431642
"(0, 0.06, 0.08)",0.95,,False,B,,1840308.619980466,0.11118033098443758,-0.29636485546527924,-0.31690218984099316,0.10380629619449869,0.12554231747597025,0.4140053840193655,0.9408231657606685,73.0,0.0,66.0,7.0,0.13935475417535215,0.0591768342393315
"(0, 0.06, 0.08)",0.95,,True,B,,1901303.690371092,0.11459373009217377,-0.31053474629055183,-0.32228251178584033,0.10939875556435372,0.12548616427563053,0.42621145977788955,0.9549785560463014,78.0,0.0,67.0,10.0,0.14413892360495562,0.04502144395369851
"(0, 0.08, 0)",0.8,,False,B,,1606505.2880263394,0.09706920319730938,-0.24193340450357415,-0.26885091879067347,0.08940693043745332,0.10970082053887097,0.3589367304660094,0.7933264181430142,50.0,0.0,50.0,0.0,0.12275380487034998,0.2066735818569858
"(0, 0.08, 0)",0.8,,True,B,,1648944.828955166,0.09976324133063541,-0.26466764686656497,-0.2920064136608617,0.09572989127946722,0.1077308338418846,0.3817034622862789,0.8189516895053341,56.0,0.0,56.0,0.0,0.12927368403642855,0.18104831049466585
"(0, 0.08, 0)",0.95,,False,B,,1815989.740476111,0.10979089037361267,-0.3024120747146272,-0.30632036448925815,0.10536490020654543,0.11754160944017082,0.43116742814730835,0.9454478157375826,60.0,0.0,60.0,0.0,0.1441274233780305,0.05455218426241727
"(0, 0.08, 0)",0.95,,True,B,,1846351.5146968863,0.11152304348090902,-0.3052184484110932,-0.3055483995451062,0.10827885234216536,0.11666013827893383,0.44352621050106666,0.954940317006904,64.0,0.0,64.0,0.0,0.14767719488522296,0.04505968299309601
"(0, 0.08, 0.02)",0.8,,False,B,,1603793.8448270953,0.09689367940787896,-0.2583368022799635,-0.2784738714455926,0.08999264977835589,0.11088084466075229,0.3665126094928687,0.8100804583399168,59.0,0.0,48.0,11.0,0.12400761655205794,0.18991954166008312
"(0, 0.08, 0.02)",0.8,,True,B,,1648944.828955166,0.09976324133063541,-0.26466764686656497,-0.2920064136608617,0.09572989127946722,0.1077308338418846,0.3817034622862789,0.8189516895053341,56.0,0.0,56.0,0.0,0.12927368403642855,0.18104831049466585
"(0, 0.08, 0.02)",0.95,,False,B,,1810163.0930597153,0.10945520211783266,-0.31902759290439386,-0.32739335124526425,0.10439448332989247,0.1161029383561588,0.4381449238655146,0.9500121975915814,67.0,0.0,58.5,8.5,0.14673868979441812,0.04998780240841856
"(0, 0.08, 0.02)",0.95,,True,B,,1861936.02031765,0.1124009083828742,-0.3169783836855707,-0.3235053982474059,0.10816184204136159,0.11723262292486705,0.44744433987782684,0.9551166500210652,70.0,0.0,63.0,7.0,0.1490815471639376,0.04488334997893478
"(0, 0.08, 0.04)",0.8,,False,B,,1609032.5523668048,0.09722717676253545,-0.2554667863251342,-0.28010386550601696,0.08992658457611799,0.1113843089513749,0.360340380428462,0.8085427130876036,53.0,0.0,49.0,3.0,0.12328285062815458,0.19145728691239638
"(0, 0.08, 0.04)",0.8,,True,B,,1648944.828955166,0.09976324133063541,-0.26466764686656497,-0.2920064136608617,0.09572989127946722,0.1077308338418846,0.3817034622862789,0.8189516895053341,56.0,0.0,56.0,0.0,0.12927368403642855,0.18104831049466585
"(0, 0.08, 0.04)",0.95,,False,B,,1844899.8175616828,0.11144085609116894,-0.304509365569632,-0.31971772171633045,0.10457601124323253,0.11737521668622244,0.4339108570538058,0.9426680805928236,62.0,0.0,59.0,2.5,0.14533020000618788,0.057331919407176336
"(0, 0.08, 0.04)",0.95,,True,B,,1867693.521768435,0.11272525662076904,-0.310889750398596,-0.3290216380767042,0.10869245690175804,0.11722815404387077,0.44807337047347245,0.955314268763692,66.5,0.0,62.0,4.0,0.14922657838069264,0.04468573123630805
"(0, 0.08, 0.08)",0.8,,False,B,,1606505.2880263394,0.09706920319730938,-0.24193340450357415,-0.26885091879067347,0.08940693043745332,0.10970082053887097,0.3589367304660094,0.7933264181430142,50.0,0.0,50.0,0.0,0.12275380487034998,0.2066735818569858
"(0, 0.08, 0.08)",0.8,,True,B,,1648944.828955166,0.09976324133063541,-0.26466764686656497,-0.2920064136608617,0.09572989127946722,0.1077308338418846,0.3817034622862789,0.8189516895053341,56.0,0.0,56.0,0.0,0.12927368403642855,0.18104831049466585
"(0, 0.08, 0.08)",0.95,,False,B,,1815989.740476111,0.10979089037361267,-0.3024120747146272,-0.30632036448925815,0.10536490020654543,0.11754160944017082,0.43116742814730835,0.9454478157375826,60.0,0.0,60.0,0.0,0.1441274233780305,0.05455218426241727
"(0, 0.08, 0.08)",0.95,,True,B,,1882219.8701296577,0.11353659759026558,-0.30750892471478825,-0.3297698459241793,0.10987186981147459,0.11917303844775032,0.4472222744971619,0.9554755362639817,64.0,0.0,62.0,2.0,0.14950541355464597,0.044524463736018274
"(0, 0.1, 0)",0.8,,False,B,,1565170.3128360838,0.09437939767599879,-0.24735399536885005,-0.2641847639036029,0.08205040301492343,0.11079038675170726,0.36287776753656353,0.7907681233808876,39.0,0.0,39.0,0.0,0.12893965916661904,0.2092318766191123
"(0, 0.1, 0)",0.8,,True,B,,1654198.024316445,0.10008769385518901,-0.2723365466055618,-0.29201097335452453,0.09178023871036067,0.1126041930133232,0.38354549580695363,0.8197934883828791,46.0,0.0,46.0,0.0,0.1358093905577722,0.18020651161712092
"(0, 0.1, 0)",0.95,,False,B,,1766835.3476173712,0.10692998998504522,-0.2905066625846379,-0.3218509476028981,0.09821944778022636,0.12413823905107875,0.4241324511698065,0.9477699291797537,47.5,0.0,47.5,0.0,0.14824133288873986,0.05223007082024637
"(0, 0.1, 0)",0.95,,True,B,,1857927.9075236681,0.1121767187863496,-0.310123015040397,-0.3407908473089751,0.10707320730864485,0.12800425257290504,0.4491859111632309,0.9556025341933314,54.0,0.0,54.0,0.0,0.15463051501690578,0.04439746580666861
"(0, 0.1, 0.02)",0.8,,False,B,,1591120.661096058,0.09606663555110162,-0.2625629658399092,-0.26926872139088226,0.08485730767979341,0.10811646242536528,0.363647977691593,0.8121389247636916,50.5,0.0,37.0,13.0,0.1284325847477446,0.18786107523630835
"(0, 0.1, 0.02)",0.8,,True,B,,1654198.024316445,0.10008769385518901,-0.2723365466055618,-0.29201097335452453,0.09178023871036067,0.1126041930133232,0.38354549580695363,0.8197934883828791,46.0,0.0,46.0,0.0,0.1358093905577722,0.18020651161712092
"(0, 0.1, 0.02)",0.95,,False,B,,1828178.5806956748,0.11048662405053988,-0.30526640420201623,-0.330881167402215,0.10184646108510458,0.1266398525852813,0.43116134037763165,0.9500461143922433,55.5,0.0,47.0,9.0,0.15009396677561737,0.04995388560775674
"(0, 0.1, 0.02)",0.95,,True,B,,1857927.9075236681,0.1121767187863496,-0.310123015040397,-0.3407908473089751,0.10707320730864485,0.12800425257290504,0.4491859111632309,0.9556025341933314,54.0,0.0,54.0,0.0,0.15463051501690578,0.04439746580666861
"(0, 0.1, 0.04)",0.8,,False,B,,1631713.9864870321,0.09867709847792638,-0.2583929474899535,-0.2802677224971583,0.08425787162850704,0.10855806996190247,0.3605059769587313,0.8133170407760566,43.5,0.0,38.0,6.0,0.12982977300436527,0.18668295922394343
"(0, 0.1, 0.04)",0.8,,True,B,,1654198.024316445,0.10008769385518901,-0.2723365466055618,-0.29201097335452453,0.09178023871036067,0.1126041930133232,0.38354549580695363,0.8197934883828791,46.0,0.0,46.0,0.0,0.1358093905577722,0.18020651161712092
"(0, 0.1, 0.04)",0.95,,False,B,,1834201.9844593252,0.1108255629491901,-0.3035167299646547,-0.3300335426642985,0.09597925186964092,0.12649580358671672,0.4264673930199329,0.9478280554218854,51.0,0.0,46.5,4.0,0.14954888928461016,0.0521719445781146
"(0, 0.1, 0.04)",0.95,,True,B,,1857927.9075236681,0.1121767187863496,-0.310123015040397,-0.3407908473089751,0.10707320730864485,0.12800425257290504,0.4491859111632309,0.9556025341933314,54.0,0.0,54.0,0.0,0.15463051501690578,0.04439746580666861
"(0, 0.1, 0.08)",0.8,,False,B,,1616430.9819847532,0.09770500444580121,-0.24415170801176816,-0.27609086172507286,0.08118075742579071,0.10652163844362157,0.35787615508581117,0.800043006556495,39.0,0.0,38.0,1.0,0.1285946859706871,0.19995699344350515
"(0, 0.1, 0.08)",0.8,,True,B,,1654198.024316445,0.10008769385518901,-0.2723365466055618,-0.29201097335452453,0.09178023871036067,0.1126041930133232,0.38354549580695363,0.8197934883828791,46.0,0.0,46.0,0.0,0.1358093905577722,0.18020651161712092
"(0, 0.1, 0.08)",0.95,,False,B,,1761476.2075002282,0.10661302081724366,-0.3032130873066225,-0.3218509476028981,0.09494488418484075,0.12099721707068237,0.4256430828343861,0.9488014437755532,48.0,0.0,47.5,1.0,0.14948798916207273,0.051198556224446905
"(0, 0.1, 0.08)",0.95,,True,B,,1857927.9075236681,0.1121767187863496,-0.310123015040397,-0.3407908473089751,0.10707320730864485,0.12800425257290504,0.4491859111632309,0.9556025341933314,54.0,0.0,54.0,0.0,0.15463051501690578,0.04439746580666861
"(0, 0.12, 0)",0.8,,False,B,,1519522.8297824601,0.09133859039114856,-0.23801340556179024,-0.2789787877554873,0.07598211846090848,0.10885763223129459,0.36354626099572507,0.8058291043224056,31.0,0.0,31.0,0.0,0.1313613089726216,0.19417089567759432
"(0, 0.12, 0)",0.8,,True,B,,1607942.5011328715,0.09715562773836461,-0.2687441755041174,-0.28025556297146326,0.08154838485506008,0.11697662963855353,0.39011344242379314,0.8203302152282996,39.0,0.0,39.0,0.0,0.13874056037028473,0.17966978477170042
"(0, 0.12, 0)",0.95,,False,B,,1802931.0504695736,0.10903704156985805,-0.2860338062447914,-0.3017632390687932,0.09331415583883125,0.12721101789140724,0.420750860049595,0.9377890773724906,39.0,0.0,39.0,0.0,0.1516555619006739,0.06221092262750944
"(0, 0.12, 0)",0.95,,True,B,,1895273.4888515288,0.11425614786302007,-0.31951101276724836,-0.3404432329878341,0.10346640354326268,0.12787794926279183,0.4519787797393594,0.9558063716425782,46.0,0.0,46.0,0.0,0.16166272076873459,0.04419362835742174
"(0, 0.12, 0.02)",0.8,,False,B,,1508933.8046829342,0.09062182116761852,-0.254244934172671,-0.2604629874428883,0.07269334811807489,0.10954245042352294,0.3689182937622744,0.8122499242730206,42.0,0.0,30.0,12.0,0.1315868943369281,0.18775007572697944
"(0, 0.12, 0.02)",0.8,,True,B,,1607942.5011328715,0.09715562773836461,-0.2687441755041174,-0.28025556297146326,0.08154838485506008,0.11697662963855353,0.39011344242379314,0.8203302152282996,39.0,0.0,39.0,0.0,0.13874056037028473,0.17966978477170042
"(0, 0.12, 0.02)",0.95,,False,B,,1819341.6800448312,0.10997382756698182,-0.30954372148439463,-0.3168989555870672,0.09652456426524167,0.12124660965784875,0.434926903568149,0.9510855664202349,53.0,0.0,37.0,16.0,0.1541416851661189,0.04891443357976506
"(0, 0.12, 0.02)",0.95,,True,B,,1895273.4888515288,0.11425614786302007,-0.31951101276724836,-0.3404432329878341,0.10346640354326268,0.12787794926279183,0.4519787797393594,0.9558063716425782,46.0,0.0,46.0,0.0,0.16166272076873459,0.04419362835742174
"(0, 0.12, 0.04)",0.8,,False,B,,1506002.1888118973,0.09041777347679236,-0.25531181023603267,-0.2631613920983243,0.07568453971416331,0.10262518857680267,0.3735329468793043,0.8054792401528621,35.0,0.0,30.5,4.5,0.13259148642919055,0.1945207598471378
"(0, 0.12, 0.04)",0.8,,True,B,,1607942.5011328715,0.09715562773836461,-0.2687441755041174,-0.28025556297146326,0.08154838485506008,0.11697662963855353,0.39011344242379314,0.8203302152282996,39.0,0.0,39.0,0.0,0.13874056037028473,0.17966978477170042
"(0, 0.12, 0.04)",0.95,,False,B,,1825490.0373662757,0.11033507460206537,-0.3050729267648195,-0.3160419510579095,0.09538623582207369,0.12298976108491166,0.4261618057185448,0.9462317743948703,44.0,0.0,37.0,6.0,0.1526117622566846,0.05376822560512981
"(0, 0.12, 0.04)",0.95,,True,B,,1895273.4888515288,0.11425614786302007,-0.31951101276724836,-0.3404432329878341,0.10346640354326268,0.12787794926279183,0.4519787797393594,0.9558063716425782,46.0,0.0,46.0,0.0,0.16166272076873459,0.04419362835742174
"(0, 0.12, 0.08)",0.8,,False,B,,1481333.2248808006,0.08872470385633113,-0.26350000488349773,-0.2685734184824893,0.06968317573033853,0.10751357559427509,0.37257231822078507,0.8045143994598776,32.5,0.0,31.0,2.0,0.13375591125336767,0.19548560054012235
"(0, 0.12, 0.08)",0.8,,True,B,,1607942.5011328715,0.09715562773836461,-0.2687441755041174,-0.28025556297146326,0.08154838485506008,0.11697662963855353,0.39011344242379314,0.8203302152282996,39.0,0.0,39.0,0.0,0.13874056037028473,0.17966978477170042
"(0, 0.12, 0.08)",0.95,,False,B,,1895280.016605454,0.11425716392820484,-0.2849582739622581,-0.3204827956302657,0.10125616838128973,0.12368643472654924,0.41715007452925246,0.9470933831917703,40.5,0.0,38.0,2.0,0.15212804407874472,0.052906616808229646
"(0, 0.12, 0.08)",0.95,,True,B,,1895273.4888515288,0.11425614786302007,-0.31951101276724836,-0.3404432329878341,0.10346640354326268,0.12787794926279183,0.4519787797393594,0.9558063716425782,46.0,0.0,46.0,0.0,0.16166272076873459,0.04419362835742174
"(0, 0.15, 0)",0.8,,False,B,,1456882.2341801245,0.08702205412729491,-0.2276158259478448,-0.23975123423702166,0.07276485194540493,0.10434276201181424,0.3651143915296778,0.782406378623342,25.5,0.0,25.5,0.0,0.13637012362610706,0.2175936213766581
"(0, 0.15, 0)",0.8,,True,B,,1550040.6104196326,0.0933809611238946,-0.2473952347757487,-0.27394456774245346,0.07413073950958553,0.11305612433057251,0.3948294323718328,0.8222216388331024,31.0,0.0,31.0,0.0,0.14415955445219247,0.1777783611668976
"(0, 0.15, 0)",0.95,,False,B,,1636747.294151341,0.09897197307628647,-0.29003724804056874,-0.29352447955852484,0.08050170695720638,0.11840049632481257,0.42104851101915064,0.9125655162711832,29.0,0.0,29.0,0.0,0.156521925973126,0.08743448372881665
"(0, 0.15, 0)",0.95,,True,B,,1827044.1538981276,0.11035925285541948,-0.30970561424740384,-0.3239352932194316,0.0898877304482768,0.1341005115840234,0.4616824210730631,0.9561308422548689,37.0,0.0,37.0,0.0,0.16704645179884953,0.04386915774513115
"(0, 0.15, 0.02)",0.8,,False,B,,1451514.300301151,0.08664640465470519,-0.23589649569242005,-0.24380135651838378,0.07353679464560363,0.10525604624731473,0.37964676522135143,0.8125865836454937,36.0,0.0,23.5,13.0,0.13756769091306809,0.18741341635450626
"(0, 0.15, 0.02)",0.8,,True,B,,1550040.6104196326,0.0933809611238946,-0.2473952347757487,-0.27394456774245346,0.07413073950958553,0.11305612433057251,0.3948294323718328,0.8222216388331024,31.0,0.0,31.0,0.0,0.14415955445219247,0.1777783611668976
"(0, 0.15, 0.02)",0.95,,False,B,,1698774.1346766357,0.10284412229561346,-0.2970633134010874,-0.3034014216187406,0.08221752582561688,0.12646339616539387,0.44377410903503545,0.9490059695140538,44.0,0.0,29.0,15.0,0.16016719460346796,0.05099403048594625
"(0, 0.15, 0.02)",0.95,,True,B,,1827044.1538981276,0.11035925285541948,-0.30970561424740384,-0.3239352932194316,0.0898877304482768,0.1341005115840234,0.4616824210730631,0.9561308422548689,37.0,0.0,37.0,0.0,0.16704645179884953,0.04386915774513115
"(0, 0.15, 0.04)",0.8,,False,B,,1480626.0427575225,0.08867798445422859,-0.23804895466653964,-0.2531103223892824,0.07646962335941643,0.10700770045667829,0.3740452956106449,0.8122858117327132,31.0,0.0,24.0,6.0,0.13814894201426697,0.1877141882672867
"(0, 0.15, 0.04)",0.8,,True,B,,1550040.6104196326,0.0933809611238946,-0.2473952347757487,-0.27394456774245346,0.07413073950958553,0.11305612433057251,0.3948294323718328,0.8222216388331024,31.0,0.0,31.0,0.0,0.14415955445219247,0.1777783611668976
"(0, 0.15, 0.04)",0.95,,False,B,,1732789.5556204838,0.10490306714275,-0.29574475020871094,-0.3034845179178298,0.08519354779871742,0.12638138091455772,0.4473730506107299,0.948161775982898,36.5,0.0,29.0,7.5,0.16163246629309655,0.05183822401710207
"(0, 0.15, 0.04)",0.95,,True,B,,1827044.1538981276,0.11035925285541948,-0.30970561424740384,-0.3239352932194316,0.0898877304482768,0.1341005115840234,0.4616824210730631,0.9561308422548689,37.0,0.0,37.0,0.0,0.16704645179884953,0.04386915774513115
"(0, 0.15, 0.08)",0.8,,False,B,,1543866.1885466124,0.0929726628507328,-0.22857238698903837,-0.25907040778368756,0.08022710541473028,0.10859667107433571,0.3729251035522309,0.8024358492993151,27.0,0.0,25.0,2.0,0.13856735099588144,0.1975641507006849
"(0, 0.15, 0.08)",0.8,,True,B,,1550040.6104196326,0.0933809611238946,-0.2473952347757487,-0.27394456774245346,0.07413073950958553,0.11305612433057251,0.3948294323718328,0.8222216388331024,31.0,0.0,31.0,0.0,0.14415955445219247,0.1777783611668976
"(0, 0.15, 0.08)",0.95,,False,B,,1697030.7151550213,0.10273648994382878,-0.2887002690350089,-0.299644654185469,0.08356972607171301,0.12485932126231176,0.4317086689080476,0.9392381980530693,31.0,0.0,29.0,2.0,0.15741695208811501,0.060761801946930566
"(0, 0.15, 0.08)",0.95,,True,B,,1827044.1538981276,0.11035925285541948,-0.30970561424740384,-0.3239352932194316,0.0898877304482768,0.1341005115840234,0.4616824210730631,0.9561308422548689,37.0,0.0,37.0,0.0,0.16704645179884953,0.04386915774513115
"(0, 0.2, 0)",0.8,,False,B,,1411912.725351824,0.08382485330371059,-0.26582962855369985,-0.3012023543315306,0.05778295346688722,0.10487663708520845,0.39300870534686616,0.7981748074383067,17.0,0.0,17.0,0.0,0.14547586646046376,0.20182519256169332
"(0, 0.2, 0)",0.8,,True,B,,1604086.4589690086,0.09691124053348998,-0.3000992682705848,-0.3255899450228448,0.051768627834455704,0.12286831017156297,0.40399116959063364,0.8246991762573486,22.0,0.0,22.0,0.0,0.15166663867424923,0.17530082374265155
"(0, 0.2, 0)",0.95,,False,B,,1566330.0087212427,0.09445135897611545,-0.3164428663209956,-0.3269046456201347,0.06329931631528596,0.13693874054127286,0.4238770804795349,0.9451342528512978,21.0,0.0,21.0,0.0,0.16214463633971277,0.054865747148702085
"(0, 0.2, 0)",0.95,,True,B,,1757231.184415273,0.10635177597412471,-0.30135926375942423,-0.31744131473095616,0.08489301436393233,0.13140331310894046,0.4725705462943167,0.9565708739454312,27.5,0.0,27.5,0.0,0.17662918252844279,0.043429126054568765
"(0, 0.2, 0.02)",0.8,,False,B,,1473675.9106645961,0.08819836757214095,-0.29666546467032345,-0.30035703683502973,0.061159724817372106,0.10732952069810647,0.391739185521635,0.8176641196135389,34.0,0.0,15.5,19.5,0.14524484681917435,0.1823358803864611
"(0, 0.2, 0.02)",0.8,,True,B,,1604086.4589690086,0.09691124053348998,-0.3000992682705848,-0.3255899450228448,0.051768627834455704,0.12286831017156297,0.40399116959063364,0.8246991762573486,22.0,0.0,22.0,0.0,0.15166663867424923,0.17530082374265155
"(0, 0.2, 0.02)",0.95,,False,B,,1629524.7018303531,0.09839198150633266,-0.33088850448672114,-0.364560985204611,0.060112567203596014,0.13731629254959776,0.4402186482712495,0.950287605030647,38.5,0.0,19.5,19.0,0.16448959785545814,0.04971239496935298
"(0, 0.2, 0.02)",0.95,,True,B,,1757231.184415273,0.10635177597412471,-0.30135926375942423,-0.31744131473095616,0.08489301436393233,0.13140331310894046,0.4725705462943167,0.9565708739454312,27.5,0.0,27.5,0.0,0.17662918252844279,0.043429126054568765
"(0, 0.2, 0.04)",0.8,,False,B,,1460496.9316644357,0.08727946845991597,-0.29660460763218016,-0.3093169171673088,0.059488982782480895,0.10661009096923109,0.38060578429186276,0.8124316614988306,24.0,0.0,15.5,9.0,0.14564813335007548,0.18756833850116938
"(0, 0.2, 0.04)",0.8,,True,B,,1604086.4589690086,0.09691124053348998,-0.3000992682705848,-0.3255899450228448,0.051768627834455704,0.12286831017156297,0.40399116959063364,0.8246991762573486,22.0,0.0,22.0,0.0,0.15166663867424923,0.17530082374265155
"(0, 0.2, 0.04)",0.95,,False,B,,1589133.5242776962,0.09589988729944998,-0.3351034216877194,-0.36331922946198497,0.05998038288089609,0.1355729525618679,0.44097321844338805,0.9486143020101061,27.0,0.0,20.0,7.5,0.1638777317284882,0.05138569798989389
"(0, 0.2, 0.04)",0.95,,True,B,,1757231.184415273,0.10635177597412471,-0.30135926375942423,-0.31744131473095616,0.08489301436393233,0.13140331310894046,0.4725705462943167,0.9565708739454312,27.5,0.0,27.5,0.0,0.17662918252844279,0.043429126054568765
"(0, 0.2, 0.08)",0.8,,False,B,,1476187.7887393977,0.08835879678566794,-0.291721941496521,-0.30267475572043406,0.0611584276774497,0.10732354475608555,0.38423209769392114,0.7978139778197273,20.0,0.0,16.0,4.0,0.14610186244137158,0.2021860221802726
"(0, 0.2, 0.08)",0.8,,True,B,,1604086.4589690086,0.09691124053348998,-0.3000992682705848,-0.3255899450228448,0.051768627834455704,0.12286831017156297,0.40399116959063364,0.8246991762573486,22.0,0.0,22.0,0.0,0.15166663867424923,0.17530082374265155
"(0, 0.2, 0.08)",0.95,,False,B,,1737052.2423035414,0.10512738578782521,-0.32603759760726786,-0.3539422387876732,0.06875991420337209,0.14021767499364018,0.4348639295381463,0.9477968766889848,24.0,0.0,21.0,2.5,0.16472881546879034,0.05220312331101523
"(0, 0.2, 0.08)",0.95,,True,B,,1757231.184415273,0.10635177597412471,-0.30135926375942423,-0.31744131473095616,0.08489301436393233,0.13140331310894046,0.4725705462943167,0.9565708739454312,27.5,0.0,27.5,0.0,0.17662918252844279,0.043429126054568765
"(0.01, 0.03, 0)",0.8,,False,B,,1415022.1499329181,0.08405002772697501,-0.2213261560182802,-0.22132707840327387,0.08404927985836937,0.08410737594523414,0.32508642788792974,0.8012979635056584,164.0,87.0,77.0,0.0,0.0975182064980145,0.19870203649434165
"(0.01, 0.03, 0)",0.8,,True,B,,1407204.7525504287,0.08348525849346844,-0.2232237904381149,-0.2253437354371899,0.08321220892652739,0.08391294501229196,0.3237760196840493,0.7976042772280068,163.0,84.0,79.0,0.0,0.09772140626957032,0.20239572277199322
"(0.01, 0.03, 0)",0.95,,False,B,,1428715.2832694226,0.08503248820712705,-0.2492905684122217,-0.24929165721494662,0.08487219440573335,0.08564936282768991,0.3415931422898798,0.9435578772209654,169.0,86.0,83.0,0.0,0.1039004871982717,0.056442122779034674
"(0.01, 0.03, 0)",0.95,,True,B,,1428715.2832694226,0.08503248820712705,-0.2492905684122217,-0.24929165721494662,0.08487219440573335,0.08564936282768991,0.3415931422898798,0.9435578772209654,169.0,86.0,83.0,0.0,0.1039004871982717,0.056442122779034674
"(0.01, 0.03, 0.02)",0.8,,False,B,,1657439.0568748303,0.10029489017493265,-0.24853382030695664,-0.25691295337715964,0.09921010241163246,0.10156595135150744,0.3571047826384339,0.8132281009082029,205.0,88.0,69.0,49.0,0.11271805463516421,0.1867718990917971
"(0.01, 0.03, 0.02)",0.8,,True,B,,1671470.413062861,0.10116772601308377,-0.24964702674259337,-0.2566388430077247,0.09956948659149276,0.10234831449421684,0.3599334755401701,0.8132281009082029,204.0,85.0,70.0,49.0,0.11362104035926823,0.1867718990917971
"(0.01, 0.03, 0.02)",0.95,,False,B,,1851637.736093867,0.1118218605981619,-0.29383427786694016,-0.2953887363733088,0.10989757778280389,0.11380404856454482,0.4091688872499014,0.9489478609408887,225.5,87.0,73.0,65.5,0.13077408222705872,0.05105213905911132
"(0.01, 0.03, 0.02)",0.95,,True,B,,1862632.8387990622,0.11244145462144772,-0.29383427786694016,-0.2953887363733088,0.11042652050151061,0.11454691257697462,0.40999215478036893,0.9512909725999417,227.0,86.0,74.0,67.0,0.1317053365632353,0.048709027400058336
"(0.01, 0.03, 0.04)",0.8,,False,B,,1653688.7889185452,0.1000596297637758,-0.24963493286082095,-0.25788038939740904,0.09519187139106429,0.10459327592557059,0.35984685322182264,0.8130211892239385,176.0,85.0,67.0,23.5,0.11352180640478071,0.18697881077606146
"(0.01, 0.03, 0.04)",0.8,,True,B,,1656038.7140656882,0.1002073871581497,-0.2537289817246394,-0.26547695924577186,0.09681721865650124,0.10519344210176858,0.3620823382547711,0.8130211892239385,178.0,84.0,69.0,25.0,0.11466156189913643,0.18697881077606146
"(0.01, 0.03, 0.04)",0.95,,False,B,,1864196.078636433,0.11252902013265731,-0.296943204738449,-0.3017975611880798,0.1098229991458118,0.11834419171872435,0.40157502090735586,0.9470439172457836,191.0,87.5,70.0,34.0,0.12874350086972516,0.05295608275421635
"(0.01, 0.03, 0.04)",0.95,,True,B,,1908272.5358180422,0.11497688999818523,-0.30078177602188755,-0.3108151418527073,0.1111180928652195,0.12052619660639545,0.40502842895729274,0.9539686469777111,194.0,85.0,71.0,38.0,0.13146978294444212,0.04603135302228897
"(0.01, 0.03, 0.08)",0.8,,False,B,,1622355.1681581365,0.09808222509136066,-0.25084501356488403,-0.2641026694768122,0.09205617064897845,0.10806135885957353,0.35712204293922917,0.802034208598766,165.0,86.0,69.0,11.0,0.1147530697728878,0.19796579140123396
"(0.01, 0.03, 0.08)",0.8,,True,B,,1628945.5508266715,0.09848787603056519,-0.2598045978184572,-0.2676162730667071,0.09340685461700934,0.10984869839117728,0.3616784165355157,0.8141189238521729,167.0,84.0,69.0,14.0,0.11656515181252025,0.18588107614782726
"(0.01, 0.03, 0.08)",0.95,,False,B,,1812508.689998427,0.10957695586476579,-0.2946346574395385,-0.3115123318782577,0.10243130154315469,0.11899552630355069,0.40310006087901595,0.9469811974161693,172.5,85.0,69.5,16.0,0.1319891333516902,0.05301880258383071
"(0.01, 0.03, 0.08)",0.95,,True,B,,1868416.4652948466,0.11276588222783668,-0.29979190175152887,-0.3168340544702462,0.10502558117202858,0.12205040860607308,0.40867465318903384,0.954119224994916,173.5,84.0,70.0,19.0,0.13564471056134292,0.04588077500508404
"(0.01, 0.04, 0)",0.8,,False,B,,1541117.2670868016,0.09278947201257737,-0.23394630413250023,-0.2360494912340777,0.09227248174472094,0.0950717704186917,0.3624363227016583,0.7957390941173359,159.0,88.0,71.0,0.0,0.10955072062381582,0.204260905882664
"(0.01, 0.04, 0)",0.8,,True,B,,1550400.3933253454,0.09340697133492204,-0.241737488380324,-0.2435728349436797,0.09306714245263274,0.0952092325723286,0.36612492968422794,0.8094150037329471,158.0,85.0,73.0,0.0,0.11094053560348016,0.1905849962670529
"(0.01, 0.04, 0)",0.95,,False,B,,1631236.465602071,0.09864685086130676,-0.26534555151873773,-0.26534724997923687,0.09857177448104551,0.09888029105860255,0.38076628250670574,0.9464253389885282,162.0,86.0,76.0,0.0,0.11777482861345082,0.053574661011471784
"(0.01, 0.04, 0)",0.95,,True,B,,1629972.1564547494,0.09856672553177381,-0.2686772219213796,-0.2686782289100619,0.0985134751714369,0.09875159540869247,0.3854425212008328,0.9491761050441937,162.0,85.0,77.0,0.0,0.11861795918447424,0.05082389495580627
"(0.01, 0.04, 0.02)",0.8,,False,B,,1666383.889336886,0.10085208722339545,-0.25630751451765765,-0.25902742886855373,0.09668406445861429,0.10382726980712272,0.37348826085417214,0.8045985371476279,181.0,86.5,64.0,30.0,0.11534569277045989,0.19540146285237214
"(0.01, 0.04, 0.02)",0.8,,True,B,,1670571.2874870426,0.10111176275358313,-0.2551213044765699,-0.2595426535979132,0.09883197852705128,0.10461987374656881,0.37641528986001327,0.8136265664018991,183.0,85.0,66.0,32.0,0.11668744160171948,0.18637343359810088
"(0.01, 0.04, 0.02)",0.95,,False,B,,1873868.9855826534,0.11307072737728263,-0.2990410642312843,-0.29941904025459043,0.1107288104169625,0.11407244552941469,0.4221920281001226,0.9535973604819412,208.0,88.0,68.0,52.0,0.13439040588500611,0.046402639518058696
"(0.01, 0.04, 0.02)",0.95,,True,B,,1899361.8166108038,0.11448639385696857,-0.29791398762814525,-0.30038672376491543,0.11286172785664425,0.1167215024050747,0.42747393974012604,0.9535973604819412,209.0,86.0,70.0,52.5,0.1356365200134979,0.046402639518058696
"(0.01, 0.04, 0.04)",0.8,,False,B,,1643020.3300442062,0.09939033334464187,-0.25302938137434844,-0.2642888199365376,0.0924245969193053,0.10319517445771072,0.37515075023769906,0.8039160834863708,165.0,88.0,63.5,14.5,0.11638165126674493,0.19608391651362922
"(0.01, 0.04, 0.04)",0.8,,True,B,,1675574.3132152576,0.10142142990467518,-0.2544501739189247,-0.2650280515756266,0.09501735332950556,0.10482877428574384,0.38094810683662494,0.8139695489798666,168.0,85.0,65.5,17.0,0.11851310399842249,0.18603045102013327
"(0.01, 0.04, 0.04)",0.95,,False,B,,1898943.8250705956,0.1144635198542513,-0.3001126312990156,-0.30634488697197565,0.10912186606508181,0.11929912095303626,0.4218442600862293,0.9535928844195023,180.0,88.0,66.0,26.0,0.1340887736626947,0.04640711558049772
"(0.01, 0.04, 0.04)",0.95,,True,B,,1929896.1881790513,0.11615980464169784,-0.3010398214303976,-0.30487028066720545,0.11150661845457632,0.11953141143990198,0.42616886457450565,0.9535928844195023,181.0,85.0,69.0,28.0,0.13585233965395496,0.04640711558049772
"(0.01, 0.04, 0.08)",0.8,,False,B,,1633184.5077580668,0.09876611703896965,-0.25359902928749345,-0.2764701237147219,0.0934735870729825,0.10828488732086332,0.36637355963770885,0.8041984452412656,158.0,87.0,64.5,7.0,0.11582085553891511,0.19580155475873431
"(0.01, 0.04, 0.08)",0.8,,True,B,,1656222.8471066272,0.10021871480844635,-0.2573785809331073,-0.2776466676198179,0.09460379073470841,0.11162899621952264,0.375228667019659,0.8140249816972038,160.0,84.0,66.5,10.0,0.1192814521866479,0.18597501830279622
"(0.01, 0.04, 0.08)",0.95,,False,B,,1836947.301982198,0.1109828882858026,-0.30261513072495966,-0.31377660692373655,0.10607163271885829,0.12133568710976754,0.42217445226409556,0.9536883673354992,166.0,88.0,66.0,12.0,0.13601744622089668,0.04631163266450078
"(0.01, 0.04, 0.08)",0.95,,True,B,,1888029.8447423012,0.113850334856615,-0.3041311912584371,-0.31481210469638304,0.106351048832801,0.12383072641570972,0.42966456055823593,0.9538909499686861,167.5,85.0,69.0,14.0,0.13924713857762344,0.04610905003131389
"(0.01, 0.06, 0)",0.8,,False,B,,1566054.1173325675,0.0944405788501389,-0.26525473321392984,-0.2682563269935102,0.08929937987971134,0.10085339037101707,0.389966195408165,0.7867864496853578,143.0,88.0,55.0,0.0,0.1199921802040165,0.21321355031464218
"(0.01, 0.06, 0)",0.8,,True,B,,1629365.335101569,0.09852824437212826,-0.2657811657263209,-0.2681110992378101,0.09410838311284042,0.10192626803647112,0.40070986798757036,0.8109208335306358,146.5,86.0,60.0,0.0,0.12375217968221275,0.1890791664693641
"(0.01, 0.06, 0)",0.95,,False,B,,1841343.2551059294,0.11123915535165929,-0.2835274242376612,-0.2895154663307186,0.10549905610128463,0.11512409409991141,0.4414449799625305,0.9414620478955089,153.0,88.0,65.0,0.0,0.13673099452893825,0.05853795210449111
"(0.01, 0.06, 0)",0.95,,True,B,,1858048.7970809015,0.11218290455204805,-0.2948817979992352,-0.29964445528729844,0.10900318458902869,0.1150396353978618,0.45098903522605355,0.9531006923518318,154.0,86.0,68.0,0.0,0.14102790519682046,0.04689930764816822
"(0.01, 0.06, 0.02)",0.8,,False,B,,1594415.039283589,0.0962898556520222,-0.26951120019400815,-0.28050200913553863,0.09000890900096636,0.1022497195963737,0.3916973525470223,0.8059815539808288,148.5,88.0,53.0,7.0,0.1206273315360837,0.19401844601917112
"(0.01, 0.06, 0.02)",0.8,,True,B,,1630138.666916241,0.09857671355524189,-0.26913222697428696,-0.27493543542210885,0.09402443516780519,0.10202708058803256,0.40241372712542195,0.8155791464699016,148.0,86.0,60.0,2.0,0.12404567480749776,0.1844208535300985
"(0.01, 0.06, 0.02)",0.95,,False,B,,1905848.356075721,0.11484396906915073,-0.3123812313081481,-0.3153648534759264,0.10847270943686911,0.11803083516023279,0.4542866907885656,0.95373423487724,170.0,88.0,61.5,20.5,0.14224233842641504,0.046265765122760066
"(0.01, 0.06, 0.02)",0.95,,True,B,,1926462.8221233115,0.11597283055119978,-0.3066377929119834,-0.315116916307877,0.11111385700419067,0.11965791904409326,0.45942353804396374,0.95373423487724,171.5,86.0,64.0,20.5,0.14438760395949896,0.046265765122760066
"(0.01, 0.06, 0.04)",0.8,,False,B,,1601079.6792819053,0.09672010815097887,-0.26525473321392984,-0.2682563269935102,0.0897610459203954,0.10364391153608381,0.39234716728478475,0.8010874396380746,144.0,87.0,54.5,2.0,0.1212178226338918,0.1989125603619254
"(0.01, 0.06, 0.04)",0.8,,True,B,,1639058.607453573,0.09914005204707865,-0.2664122869254195,-0.27732527168969207,0.09401729454140187,0.1027057750712969,0.4016823780459581,0.815364864638338,147.0,86.0,60.0,1.0,0.12393216026418957,0.18463513536166187
"(0.01, 0.06, 0.04)",0.95,,False,B,,1850896.1672041658,0.11177999760404866,-0.30954493243244907,-0.319399659462455,0.10777182014123106,0.11742684381244149,0.4512724595430185,0.9435577967884904,159.0,88.0,62.0,9.0,0.14119248890582675,0.056442203211509584
"(0.01, 0.06, 0.04)",0.95,,True,B,,1929188.0884206651,0.11611940582887614,-0.3044529748155794,-0.31574947922098073,0.1097192001687259,0.12031163929770061,0.4595650637355075,0.9543538072412568,161.0,86.0,64.0,11.0,0.14444928653580913,0.04564619275874314
"(0.01, 0.06, 0.08)",0.8,,False,B,,1566054.1173325675,0.0944405788501389,-0.26525473321392984,-0.2682563269935102,0.08929937987971134,0.10085339037101707,0.389966195408165,0.7867864496853578,143.0,88.0,55.0,0.0,0.1199921802040165,0.21321355031464218
"(0.01, 0.06, 0.08)",0.8,,True,B,,1639058.607453573,0.09914005204707865,-0.2664122869254195,-0.27732527168969207,0.09401729454140187,0.1027057750712969,0.4016823780459581,0.815364864638338,147.0,86.0,60.0,1.0,0.12393216026418957,0.18463513536166187
"(0.01, 0.06, 0.08)",0.95,,False,B,,1919744.7262704174,0.11560597867653755,-0.29455376319040666,-0.3243753062545246,0.10880143225781147,0.12026013574222019,0.4446997241090555,0.9479919894184455,154.0,88.0,63.0,3.0,0.140723244579678,0.05200801058155441
"(0.01, 0.06, 0.08)",0.95,,True,B,,1925574.646984165,0.11592446670372736,-0.30364400128494534,-0.3254133524839917,0.10982234352460503,0.1267999108108829,0.4563960633135795,0.9544907827316182,156.5,86.0,64.0,6.0,0.14471540776623837,0.045509217268381766
"(0.01, 0.08, 0)",0.8,,False,B,,1588720.9354916327,0.0959174848964175,-0.2544257695771807,-0.2669642824911976,0.08896196592556938,0.10756865818246772,0.38372912411419846,0.7995276113773666,129.0,88.0,42.0,0.0,0.12519591107361178,0.2004723886226334
"(0.01, 0.08, 0)",0.8,,True,B,,1636662.6335218386,0.09898914441986884,-0.25525112974026837,-0.2799950619424781,0.09199221531663586,0.11424395685120435,0.4002772856731094,0.8162198621053978,133.0,85.0,48.5,0.0,0.12894060137722993,0.18378013789460224
"(0.01, 0.08, 0)",0.95,,False,B,,1790224.2461870178,0.10829907654081072,-0.29846444117943494,-0.3253776755505551,0.10315451960296049,0.11889331580268558,0.4515925022723193,0.9278976948281783,139.0,88.0,51.0,0.0,0.14297056906832348,0.0721023051718216
"(0.01, 0.08, 0)",0.95,,True,B,,1872158.2935361296,0.11297462354059873,-0.31460544739123847,-0.32319149200087927,0.10612056781540784,0.12003218894872673,0.47205166705707735,0.9547227001863974,145.0,87.0,58.0,0.0,0.14927887760699476,0.04527729981360269
"(0.01, 0.08, 0.02)",0.8,,False,B,,1584004.6256057513,0.09561432569424744,-0.25946683673309345,-0.281654674112113,0.08733492317449416,0.11174665545064322,0.3916094094995452,0.8078793582942022,137.0,86.5,41.0,10.0,0.1254201470113248,0.19212064170579785
"(0.01, 0.08, 0.02)",0.8,,True,B,,1636662.6335218386,0.09898914441986884,-0.25525112974026837,-0.2799950619424781,0.09199221531663586,0.11424395685120435,0.4002772856731094,0.8162198621053978,133.0,85.0,48.5,0.0,0.12895101350111823,0.18378013789460224
"(0.01, 0.08, 0.02)",0.95,,False,B,,1845160.504653548,0.11145567813510937,-0.30991071552618993,-0.33225897736650434,0.10334100281377645,0.12028053488389419,0.45945472807998117,0.9542440827087071,147.0,88.0,50.0,9.0,0.14655996123725862,0.04575591729129286
"(0.01, 0.08, 0.02)",0.95,,True,B,,1872158.2935361296,0.11297462354059873,-0.31460544739123847,-0.32319149200087927,0.10612056781540784,0.12003218894872673,0.47205166705707735,0.9547227001863974,145.0,87.0,58.0,0.0,0.14927887760699476,0.04527729981360269
"(0.01, 0.08, 0.04)",0.8,,False,B,,1591778.5814043009,0.09611835295243065,-0.25721810964607567,-0.28943394431409886,0.0885105024578036,0.11106808707699238,0.38787299372842843,0.8070262107287216,132.0,87.0,41.0,4.0,0.12658519574104446,0.1929737892712784
"(0.01, 0.08, 0.04)",0.8,,True,B,,1636662.6335218386,0.09898914441986884,-0.25525112974026837,-0.2799950619424781,0.09199221531663586,0.11424395685120435,0.4002772856731094,0.8162198621053978,133.0,85.0,48.5,0.0,0.12895101350111823,0.18378013789460224
"(0.01, 0.08, 0.04)",0.95,,False,B,,1873203.922817307,0.11302282491060422,-0.3046892786036327,-0.32922282134748554,0.10601734440593043,0.12080754752241851,0.45557566662633675,0.9541887398006615,142.0,88.0,51.0,4.0,0.14554582206237865,0.04581126019933847
"(0.01, 0.08, 0.04)",0.95,,True,B,,1872158.2935361296,0.11297462354059873,-0.31460544739123847,-0.32319149200087927,0.10612056781540784,0.12003218894872673,0.47205166705707735,0.9547227001863974,145.0,87.0,58.0,0.0,0.14927887760699476,0.04527729981360269
"(0.01, 0.08, 0.08)",0.8,,False,B,,1588720.9354916327,0.0959174848964175,-0.2544257695771807,-0.2669642824911976,0.08896196592556938,0.10756865818246772,0.38372912411419846,0.7995276113773666,129.0,88.0,42.0,0.0,0.12519591107361178,0.2004723886226334
"(0.01, 0.08, 0.08)",0.8,,True,B,,1636662.6335218386,0.09898914441986884,-0.25525112974026837,-0.2799950619424781,0.09199221531663586,0.11424395685120435,0.4002772856731094,0.8162198621053978,133.0,85.0,48.5,0.0,0.12895101350111823,0.18378013789460224
"(0.01, 0.08, 0.08)",0.95,,False,B,,1790224.2461870178,0.10829907654081072,-0.29846444117943494,-0.3253776755505551,0.10315451960296049,0.11889331580268558,0.4515925022723193,0.9278976948281783,139.0,88.0,51.0,0.0,0.14297056906832348,0.0721023051718216
"(0.01, 0.08, 0.08)",0.95,,True,B,,1872158.2935361296,0.11297462354059873,-0.31460544739123847,-0.32319149200087927,0.10612056781540784,0.12003218894872673,0.47205166705707735,0.9547227001863974,145.0,87.0,58.0,0.0,0.14927887760699476,0.04527729981360269
"(0.01, 0.1, 0)",0.8,,False,B,,1536387.8753563298,0.09247358373101666,-0.2336325499965164,-0.25430280757496365,0.08042739040784445,0.11302020215300555,0.38466224134508,0.7980487173197381,120.5,88.0,32.5,0.0,0.12480252532589128,0.2019512826802619
"(0.01, 0.1, 0)",0.8,,True,B,,1623399.4611671153,0.09814836894666212,-0.25749664212001366,-0.2668406433741038,0.08318509501705477,0.11287099078334334,0.40933313944494676,0.8173141123622023,125.0,82.5,41.5,0.0,0.13173485498047077,0.18268588763779764
"(0.01, 0.1, 0)",0.95,,False,B,,1804834.6871918307,0.10914777741034298,-0.3065938692472804,-0.31366173666609104,0.09753060253349381,0.12432638594722359,0.4532017204504996,0.9434270071185707,128.5,88.0,41.0,0.0,0.1495592167894893,0.05657299288142926
"(0.01, 0.1, 0)",0.95,,True,B,,1868556.5929369773,0.11277370698846745,-0.3055691515364567,-0.3275297816527658,0.10443237669681742,0.13001879990984824,0.4690917594958851,0.9548357407668532,134.5,85.5,49.0,0.0,0.15415928005292862,0.045164259233146806
"(0.01, 0.1, 0.02)",0.8,,False,B,,1573996.820550397,0.09496088111463874,-0.2457557898776031,-0.2563717394505372,0.08690775483111338,0.11344239274238357,0.3974041454804864,0.8079896498663909,127.0,85.5,32.0,9.5,0.12858492377893113,0.19201035013360906
"(0.01, 0.1, 0.02)",0.8,,True,B,,1623399.4611671153,0.09814836894666212,-0.25749664212001366,-0.2668406433741038,0.08318509501705477,0.11287099078334334,0.40933313944494676,0.8173141123622023,125.0,82.5,41.5,0.0,0.13173485498047077,0.18268588763779764
"(0.01, 0.1, 0.02)",0.95,,False,B,,1795706.5544835501,0.1086154280436673,-0.3103380602015118,-0.33320366252671896,0.10031666694389405,0.1290300936315067,0.46048751179302694,0.9544473297993961,137.0,86.0,39.5,11.0,0.15047209474706819,0.04555267020060404
"(0.01, 0.1, 0.02)",0.95,,True,B,,1868556.5929369773,0.11277370698846745,-0.3055691515364567,-0.3275297816527658,0.10443237669681742,0.13001879990984824,0.4690917594958851,0.9548357407668532,134.5,85.5,49.0,0.0,0.15415928005292862,0.045164259233146806
"(0.01, 0.1, 0.04)",0.8,,False,B,,1529862.2694485404,0.09203587806640245,-0.25062650314003454,-0.2595500675750169,0.08362646706445657,0.10754821195459127,0.3983514714288869,0.8070165786577433,122.0,85.0,32.0,4.0,0.12879520786922977,0.19298342134225668
"(0.01, 0.1, 0.04)",0.8,,True,B,,1623399.4611671153,0.09814836894666212,-0.25749664212001366,-0.2668406433741038,0.08318509501705477,0.11287099078334334,0.40933313944494676,0.8173141123622023,125.0,82.5,41.5,0.0,0.13173485498047077,0.18268588763779764
"(0.01, 0.1, 0.04)",0.95,,False,B,,1834658.8069583103,0.11085907839155651,-0.30336953769423153,-0.34099374307171904,0.10197350562484278,0.1275368632709273,0.4554248125228496,0.9545409202544943,131.0,86.0,40.0,4.0,0.15187421619831515,0.04545907974550567
"(0.01, 0.1, 0.04)",0.95,,True,B,,1868556.5929369773,0.11277370698846745,-0.3055691515364567,-0.3275297816527658,0.10443237669681742,0.13001879990984824,0.4690917594958851,0.9548357407668532,134.5,85.5,49.0,0.0,0.15415928005292862,0.045164259233146806
"(0.01, 0.1, 0.08)",0.8,,False,B,,1552842.0140702953,0.09356878748593178,-0.25065343929590317,-0.2558291574751086,0.08168040580595373,0.11119504337754389,0.38962802639110766,0.8071403326684145,119.5,86.0,32.0,2.0,0.1275835075321955,0.19285966733158552
"(0.01, 0.1, 0.08)",0.8,,True,B,,1623399.4611671153,0.09814836894666212,-0.25749664212001366,-0.2668406433741038,0.08318509501705477,0.11287099078334334,0.40933313944494676,0.8173141123622023,125.0,82.5,41.5,0.0,0.13173485498047077,0.18268588763779764
"(0.01, 0.1, 0.08)",0.95,,False,B,,1787245.5599815703,0.10812321121541435,-0.3065938692472804,-0.3419852441967204,0.09675795629380039,0.12410826080309968,0.4531954658669498,0.9438863693190854,129.0,87.5,41.0,0.0,0.1504730050778034,0.05611363068091459
"(0.01, 0.1, 0.08)",0.95,,True,B,,1868556.5929369773,0.11277370698846745,-0.3055691515364567,-0.3275297816527658,0.10443237669681742,0.13001879990984824,0.4690917594958851,0.9548357407668532,134.5,85.5,49.0,0.0,0.15415928005292862,0.045164259233146806
"(0.01, 0.12, 0)",0.8,,False,B,,1445377.2634012587,0.08621595798432724,-0.2146480900380225,-0.24069909679549098,0.0703864626029248,0.10405571806564437,0.3841414445626876,0.8024300774140996,112.5,88.0,26.0,0.0,0.12726365913989968,0.1975699225859005
"(0.01, 0.12, 0)",0.8,,True,B,,1580689.40993864,0.09539124234696317,-0.24715836060610202,-0.25756092720871965,0.07849557057641421,0.11219472584928605,0.4112352093671061,0.8187940903332234,116.0,82.0,34.0,0.0,0.13594813459639754,0.18120590966677672
"(0.01, 0.12, 0)",0.95,,False,B,,1782070.9407312698,0.10782264504767969,-0.30525792031595583,-0.3146743723924349,0.08957333298831698,0.12684207748895368,0.4630063066452004,0.9546890445652105,119.5,86.0,34.0,0.0,0.15168033059600972,0.04531095543478954
"(0.01, 0.12, 0)",0.95,,True,B,,1856117.1207539043,0.11207482993590934,-0.30528214480916843,-0.31595490481213173,0.09496297097208088,0.1282626804783428,0.4774901070313974,0.9547480249903533,126.0,83.0,42.0,0.0,0.1574390454112982,0.045251975009646755
"(0.01, 0.12, 0.02)",0.8,,False,B,,1488756.4104005764,0.08924091645694443,-0.2283562222701983,-0.2406687875407409,0.07735704780711224,0.10647938172898892,0.39403966254615935,0.8064039250301314,120.0,84.5,25.5,11.5,0.13007061740327636,0.19359607496986866
"(0.01, 0.12, 0.02)",0.8,,True,B,,1580689.40993864,0.09539124234696317,-0.24715836060610202,-0.25756092720871965,0.07849557057641421,0.11219472584928605,0.4112352093671061,0.8187940903332234,116.0,82.0,34.0,0.0,0.13594813459639754,0.18120590966677672
"(0.01, 0.12, 0.02)",0.95,,False,B,,1755535.0238516512,0.106250165060639,-0.30525792031595583,-0.3156804909989328,0.09386799721470293,0.12944330010548952,0.46997755460546786,0.9546890445652105,126.0,84.5,33.5,8.0,0.15473779018060024,0.04531095543478954
"(0.01, 0.12, 0.02)",0.95,,True,B,,1856117.1207539043,0.11207482993590934,-0.30528214480916843,-0.31595490481213173,0.09496297097208088,0.1282626804783428,0.4774901070313974,0.9547480249903533,126.0,83.0,42.0,0.0,0.1574390454112982,0.045251975009646755
"(0.01, 0.12, 0.04)",0.8,,False,B,,1487326.7522808295,0.08914144574430893,-0.2344902218204104,-0.2602481887853455,0.07813848124740812,0.10254519712793782,0.395497639138464,0.807502249402898,114.0,84.0,25.5,5.5,0.13061398376699807,0.19249775059710206
"(0.01, 0.12, 0.04)",0.8,,True,B,,1580689.40993864,0.09539124234696317,-0.24715836060610202,-0.25756092720871965,0.07849557057641421,0.11219472584928605,0.4112352093671061,0.8187940903332234,116.0,82.0,34.0,0.0,0.13594813459639754,0.18120590966677672
"(0.01, 0.12, 0.04)",0.95,,False,B,,1792081.44265411,0.10840827384057339,-0.30525792031595583,-0.31625092837987623,0.09186698203968473,0.12924216897461593,0.46742954381574464,0.9546890445652105,122.0,86.0,34.0,3.0,0.15476601154077885,0.04531095543478954
"(0.01, 0.12, 0.04)",0.95,,True,B,,1856117.1207539043,0.11207482993590934,-0.30528214480916843,-0.31595490481213173,0.09496297097208088,0.1282626804783428,0.4774901070313974,0.9547480249903533,126.0,83.0,42.0,0.0,0.1574390454112982,0.045251975009646755
"(0.01, 0.12, 0.08)",0.8,,False,B,,1504956.0607333034,0.09034774124017497,-0.2365446642506086,-0.24553476275760103,0.07527427410555868,0.10487698975460677,0.39421159552713353,0.8070487345855324,111.0,84.0,26.0,2.0,0.13087010466158655,0.19295126541446767
"(0.01, 0.12, 0.08)",0.8,,True,B,,1580689.40993864,0.09539124234696317,-0.24715836060610202,-0.25756092720871965,0.07849557057641421,0.11219472584928605,0.4112352093671061,0.8187940903332234,116.0,82.0,34.0,0.0,0.13594813459639754,0.18120590966677672
"(0.01, 0.12, 0.08)",0.95,,False,B,,1805488.6601055013,0.10918338035025199,-0.30528214480916843,-0.31637238395172795,0.09202507962062119,0.12945588541408606,0.4651713146793629,0.9546890445652105,120.0,85.5,34.0,1.0,0.1541857200632558,0.04531095543478954
"(0.01, 0.12, 0.08)",0.95,,True,B,,1856117.1207539043,0.11207482993590934,-0.30528214480916843,-0.31595490481213173,0.09496297097208088,0.1282626804783428,0.4774901070313974,0.9547480249903533,126.0,83.0,42.0,0.0,0.1574390454112982,0.045251975009646755
"(0.01, 0.15, 0)",0.8,,False,B,,1443325.1914571696,0.0860078382467171,-0.2500857595096846,-0.2814573367330438,0.049025412134148946,0.10330203651948154,0.37663577109293095,0.7785237780662423,106.0,88.0,18.5,0.0,0.12837517888020103,0.22147622193375774
"(0.01, 0.15, 0)",0.8,,True,B,,1516290.007282631,0.0911206654432567,-0.25822649371988865,-0.2587492751176025,0.07449137751680142,0.11263559643327635,0.41925019621464765,0.8168509654588867,106.0,78.0,28.0,0.0,0.14055890980246544,0.1831490345411133
"(0.01, 0.15, 0)",0.95,,False,B,,1588654.293079743,0.0959147973197747,-0.25751968279993526,-0.2890321550022046,0.08454133856649795,0.1166775696567216,0.4423789896577134,0.937071877433322,112.0,88.0,25.0,0.0,0.15181280025433452,0.06292812256667804
"(0.01, 0.15, 0)",0.95,,True,B,,1784040.7848619884,0.1079370554382153,-0.28943437657222726,-0.307349126233656,0.08848620003284105,0.12908629679074762,0.482776167174193,0.9555143137619562,115.0,82.0,34.0,0.0,0.16330251166081816,0.04448568623804395
"(0.01, 0.15, 0.02)",0.8,,False,B,,1592161.6139410902,0.09613054983041891,-0.2799943480771226,-0.2946403852620765,0.05377060620614551,0.1094986408079132,0.396359051428647,0.8074989389210537,118.0,84.5,19.0,16.0,0.13390023051034922,0.1925010610789462
"(0.01, 0.15, 0.02)",0.8,,True,B,,1516290.007282631,0.0911206654432567,-0.25822649371988865,-0.2587492751176025,0.07449137751680142,0.11263559643327635,0.41925019621464765,0.8168509654588867,106.0,78.0,28.0,0.0,0.14055890980246544,0.1831490345411133
"(0.01, 0.15, 0.02)",0.95,,False,B,,1716572.5618095733,0.10392391641058507,-0.27056068708725384,-0.2797873074974072,0.08823930133217502,0.12029395238371603,0.4688564254183169,0.9480708837994399,125.0,84.5,25.0,18.0,0.1566139013788893,0.05192911620056005
"(0.01, 0.15, 0.02)",0.95,,True,B,,1784040.7848619884,0.1079370554382153,-0.28943437657222726,-0.307349126233656,0.08848620003284105,0.12908629679074762,0.482776167174193,0.9555143137619562,115.0,82.0,34.0,0.0,0.16330251166081816,0.04448568623804395
"(0.01, 0.15, 0.04)",0.8,,False,B,,1550493.0274618985,0.09313646070623205,-0.2748835597466467,-0.3006285137868735,0.060216311168402425,0.11262657752638461,0.3968437274657219,0.8066914337318309,110.0,84.0,19.0,8.0,0.13486719701838185,0.19330856626816895
"(0.01, 0.15, 0.04)",0.8,,True,B,,1516290.007282631,0.0911206654432567,-0.25822649371988865,-0.2587492751176025,0.07449137751680142,0.11263559643327635,0.41925019621464765,0.8168509654588867,106.0,78.0,28.0,0.0,0.14055890980246544,0.1831490345411133
"(0.01, 0.15, 0.04)",0.95,,False,B,,1691494.4214089303,0.10240184118914786,-0.276653219204005,-0.2899229133465828,0.08543800136939154,0.12124507067798147,0.4634991526533149,0.9469250346297298,116.5,84.0,25.0,8.0,0.1565526336548253,0.0530749653702702
"(0.01, 0.15, 0.04)",0.95,,True,B,,1784040.7848619884,0.1079370554382153,-0.28943437657222726,-0.307349126233656,0.08848620003284105,0.12908629679074762,0.482776167174193,0.9555143137619562,115.0,82.0,34.0,0.0,0.16330251166081816,0.04448568623804395
"(0.01, 0.15, 0.08)",0.8,,False,B,,1543684.7269166834,0.09257047096083582,-0.26789638055919823,-0.30302300490000544,0.05963130915915691,0.11157538174066069,0.38986276525438124,0.8065225668693384,105.0,84.0,18.5,3.0,0.1327031707977876,0.1934774331306616
"(0.01, 0.15, 0.08)",0.8,,True,B,,1516290.007282631,0.0911206654432567,-0.25822649371988865,-0.2587492751176025,0.07449137751680142,0.11263559643327635,0.41925019621464765,0.8168509654588867,106.0,78.0,28.0,0.0,0.14055890980246544,0.1831490345411133
"(0.01, 0.15, 0.08)",0.95,,False,B,,1691109.9443245055,0.10237832300422978,-0.27884473617978883,-0.3011437200032859,0.08360431933271247,0.1209133801473186,0.4575462729992488,0.947043393974762,111.0,84.0,25.0,3.0,0.156688069290639,0.05295660602523805
"(0.01, 0.15, 0.08)",0.95,,True,B,,1784040.7848619884,0.1079370554382153,-0.28943437657222726,-0.307349126233656,0.08848620003284105,0.12908629679074762,0.482776167174193,0.9555143137619562,115.0,82.0,34.0,0.0,0.16330251166081816,0.04448568623804395
"(0.01, 0.2, 0)",0.8,,False,B,,1403462.0927569643,0.08321377702186306,-0.28170872627664045,-0.2817199255377584,0.055232063950284065,0.0963973967600381,0.38759326997247556,0.7323034430374242,101.0,88.0,13.0,0.0,0.13675245376663497,0.26769655696257577
"(0.01, 0.2, 0)",0.8,,True,B,,1556250.0756262667,0.09379434839172285,-0.28375886751966994,-0.3084586551667547,0.060799919617413156,0.11095947708262432,0.43159747291995976,0.8176805493308916,99.0,77.0,22.5,0.0,0.15002496198804172,0.1823194506691084
"(0.01, 0.2, 0)",0.95,,False,B,,1730145.4318778757,0.10474640231841126,-0.31608006047054027,-0.3575697790661484,0.05721148269658727,0.12656924492786173,0.4665706485241149,0.9455895102408172,105.0,87.0,18.5,0.0,0.1625969281621671,0.05441048975918296
"(0.01, 0.2, 0)",0.95,,True,B,,1777809.0837022294,0.10756902429331217,-0.33150716685292675,-0.34354834807573675,0.0729899470613364,0.1331628428592536,0.4931319768595135,0.9550577972823278,105.0,78.0,28.0,0.0,0.17017634499365375,0.044942202717672235
"(0.01, 0.2, 0.02)",0.8,,False,B,,1495421.6666547537,0.0896998589139687,-0.29442698096416037,-0.2974410329383217,0.06512186859448965,0.10619925708784576,0.4056162808289711,0.8093762764254466,115.0,84.0,13.0,18.0,0.14290779364469913,0.1906237235745533
"(0.01, 0.2, 0.02)",0.8,,True,B,,1556250.0756262667,0.09379434839172285,-0.28375886751966994,-0.3084586551667547,0.060799919617413156,0.11095947708262432,0.43159747291995976,0.8176805493308916,99.0,77.0,22.5,0.0,0.15002496198804172,0.1823194506691084
"(0.01, 0.2, 0.02)",0.95,,False,B,,1703489.0233033313,0.10311347096699763,-0.316641313920735,-0.362295073203126,0.06563158876680922,0.1304114896022542,0.47258260304436117,0.9545056437247899,115.0,83.0,18.5,14.0,0.16363603215445036,0.045494356275210146
"(0.01, 0.2, 0.02)",0.95,,True,B,,1777809.0837022294,0.10756902429331217,-0.33150716685292675,-0.34354834807573675,0.0729899470613364,0.1331628428592536,0.4931319768595135,0.9550577972823278,105.0,78.0,28.0,0.0,0.17017634499365375,0.044942202717672235
"(0.01, 0.2, 0.04)",0.8,,False,B,,1499343.5272586271,0.08996407077195612,-0.298216123674706,-0.30168983733793836,0.06460632850552606,0.10395711203599341,0.4065901204374117,0.8105272446499969,105.5,84.0,13.0,9.0,0.1436888195485717,0.18947275535000305
"(0.01, 0.2, 0.04)",0.8,,True,B,,1556250.0756262667,0.09379434839172285,-0.28375886751966994,-0.3084586551667547,0.060799919617413156,0.11095947708262432,0.43159747291995976,0.8176805493308916,99.0,77.0,22.5,0.0,0.15002496198804172,0.1823194506691084
"(0.01, 0.2, 0.04)",0.95,,False,B,,1780444.619344987,0.10769886863448586,-0.3106814795784656,-0.3643852494396409,0.06570808488095967,0.1312558599975706,0.47160539372528887,0.9544681012846171,107.5,83.0,18.5,7.0,0.16403467935295502,0.04553189871538279
"(0.01, 0.2, 0.04)",0.95,,True,B,,1777809.0837022294,0.10756902429331217,-0.33150716685292675,-0.34354834807573675,0.0729899470613364,0.1331628428592536,0.4931319768595135,0.9550577972823278,105.0,78.0,28.0,0.0,0.17017634499365375,0.044942202717672235
"(0.01, 0.2, 0.08)",0.8,,False,B,,1486002.0734927645,0.08898024582219166,-0.2997914407446933,-0.3034335064906303,0.06348556030492938,0.10389691422083014,0.40288311533851007,0.8051828586614144,100.0,84.0,13.0,4.0,0.1428894750475596,0.19481714133858563
"(0.01, 0.2, 0.08)",0.8,,True,B,,1556250.0756262667,0.09379434839172285,-0.28375886751966994,-0.3084586551667547,0.060799919617413156,0.11095947708262432,0.43159747291995976,0.8176805493308916,99.0,77.0,22.5,0.0,0.15002496198804172,0.1823194506691084
"(0.01, 0.2, 0.08)",0.95,,False,B,,1792436.7793865283,0.1084126873744451,-0.3342234464134863,-0.3575697790661484,0.06674443886595774,0.1318202494307817,0.4628396194813597,0.9455900651493256,106.5,87.0,18.5,2.5,0.16369140414886743,0.05440993485067442
"(0.01, 0.2, 0.08)",0.95,,True,B,,1777809.0837022294,0.10756902429331217,-0.33150716685292675,-0.34354834807573675,0.0729899470613364,0.1331628428592536,0.4931319768595135,0.9550577972823278,105.0,78.0,28.0,0.0,0.17017634499365375,0.044942202717672235
"(0.02, 0.03, 0)",0.8,,False,B,,1508573.0794325415,0.09059774018841238,-0.23035793113925934,-0.23035885421301544,0.09051786475840522,0.09060977893398117,0.3771524436742365,0.7922349668264698,155.0,82.0,73.0,0.0,0.10830208143575476,0.2077650331735303
"(0.02, 0.03, 0)",0.8,,True,B,,1515337.9757039556,0.09105683424476663,-0.23035793113925934,-0.23035885421301544,0.09103418723487504,0.09106053614388727,0.37752986500822017,0.805001315663303,156.0,83.0,73.0,0.0,0.10851442074355053,0.19499868433669698
"(0.02, 0.03, 0)",0.95,,False,B,,1555666.306047442,0.09375576405858888,-0.25935024898769554,-0.2644621411974281,0.09328340640620374,0.09470624832247496,0.39700279702861274,0.9460018309212982,160.0,82.0,78.0,0.0,0.11575548870310085,0.05399816907870181
"(0.02, 0.03, 0)",0.95,,True,B,,1560227.3665468404,0.09405700673550499,-0.25935024898769554,-0.2644621411974281,0.09357719975032468,0.09499653282453509,0.39691828096157344,0.9518665289246991,161.0,83.0,78.0,0.0,0.11571024682750716,0.04813347107530081
"(0.02, 0.03, 0.02)",0.8,,False,B,,1625071.0422330936,0.09825541817962291,-0.2542145386917098,-0.2595145918401489,0.09451855910156053,0.10062648324801318,0.39034113850844165,0.8015763875763551,176.5,83.0,63.0,31.0,0.11483961114708655,0.19842361242364495
"(0.02, 0.03, 0.02)",0.8,,True,B,,1651356.2355173668,0.09991426438108109,-0.24912406230263906,-0.2538649116495407,0.09640772112265165,0.10212019600789497,0.39379542204199297,0.8121022075784248,180.0,82.0,65.0,32.5,0.11551277757506509,0.1878977924215754
"(0.02, 0.03, 0.02)",0.95,,False,B,,1867271.4650126905,0.11270175547453731,-0.2905350063617041,-0.2909133003913779,0.111623985969595,0.11411006923772075,0.44294952269819815,0.9522979931345823,205.0,85.0,67.0,53.0,0.13427132973547823,0.04770200686541772
"(0.02, 0.03, 0.02)",0.95,,True,B,,1878681.9815204148,0.11333957005800366,-0.29372301823477803,-0.29524948676068424,0.1116013428549901,0.11493943727482141,0.44566412041359393,0.9522979931345823,209.0,85.0,68.0,55.0,0.13544147072313872,0.04770200686541772
"(0.02, 0.03, 0.04)",0.8,,False,B,,1603667.6291751992,0.09688676363585158,-0.24796190024800374,-0.25339534237898587,0.09298864475766529,0.10244916716563694,0.3914514243149967,0.8017634762214,160.0,82.0,63.0,14.0,0.11557947746511132,0.19823652377860007
"(0.02, 0.03, 0.04)",0.8,,True,B,,1638891.263182634,0.09913062338208667,-0.2488491045807163,-0.25662705972390626,0.09412449982969821,0.1039384883714443,0.3945415974418629,0.8124377708291125,164.0,82.0,65.0,17.0,0.11710441048586222,0.18756222917088747
"(0.02, 0.03, 0.04)",0.95,,False,B,,1892290.305603144,0.11409325078001287,-0.29051474641780234,-0.29956571957482203,0.10897936441491234,0.11597605704396499,0.436752923269758,0.9522930429733394,174.0,82.0,66.0,26.0,0.13347390778164628,0.04770695702666048
"(0.02, 0.03, 0.04)",0.95,,True,B,,1892003.1765303097,0.11407974287111944,-0.29237334115656605,-0.2989683104865427,0.11047151075314618,0.11858966930103572,0.4417942565830244,0.9524043037282879,178.5,81.5,69.0,28.0,0.13482142851101644,0.047595696271712055
"(0.02, 0.03, 0.08)",0.8,,False,B,,1590217.3524934822,0.0960170105701641,-0.24438567936544137,-0.27058194694422466,0.09069278135505769,0.1064628565019527,0.3866581474497522,0.8015211536841811,153.0,82.0,64.5,7.0,0.11568579427135682,0.1984788463158189
"(0.02, 0.03, 0.08)",0.8,,True,B,,1621350.0468866858,0.09801748229300455,-0.24847462968637546,-0.27030327732355103,0.09248594811614756,0.10974408611095106,0.39343432227988206,0.8123191542133882,156.5,81.5,65.0,10.0,0.11789199265665223,0.18768084578661193
"(0.02, 0.03, 0.08)",0.95,,False,B,,1817071.6449059458,0.1098348126436951,-0.2966497521875715,-0.30493792086793253,0.10473381040075476,0.12344134352654972,0.4410841138079951,0.9523835869496531,161.0,82.0,67.0,13.0,0.13563575845456577,0.04761641305034689
"(0.02, 0.03, 0.08)",0.95,,True,B,,1865210.6504459812,0.11258164424075523,-0.297514486679139,-0.3070043308537589,0.1057271211984768,0.12306674928671422,0.44440455859587014,0.9529629908319072,165.0,82.0,69.0,15.0,0.1372734898278766,0.04703700916809278
"(0.02, 0.04, 0)",0.8,,False,B,,1597550.0996026928,0.09649242854880591,-0.23604743307247456,-0.2401397194283061,0.09277018884758455,0.09887004914397939,0.3971296861468493,0.8045194540694052,148.0,85.0,63.0,0.0,0.11466849206605606,0.19548054593059477
"(0.02, 0.04, 0)",0.8,,True,B,,1593126.3669837816,0.09620654317156241,-0.23935804899156654,-0.24276528517076737,0.09407814765156242,0.09837283115551923,0.40241152813585424,0.8078355075990213,149.0,82.0,67.0,0.0,0.11624992019829322,0.19216449240097874
"(0.02, 0.04, 0)",0.95,,False,B,,1738648.8441801877,0.10525683621949777,-0.27444174125618537,-0.2772006667028882,0.10489265454094088,0.10617422537033534,0.4405627437063825,0.9466917752840927,156.0,84.0,72.0,0.0,0.12940719642675208,0.05330822471590725
"(0.02, 0.04, 0)",0.95,,True,B,,1740773.9300953203,0.10538383815369723,-0.2775756110096465,-0.2794014381074929,0.1051426097419715,0.1059907723278504,0.4423987946618959,0.9515967712987254,157.0,84.0,73.0,0.0,0.1301015986163357,0.0484032287012745
"(0.02, 0.04, 0.02)",0.8,,False,B,,1632379.9689592724,0.09871924213265038,-0.25780488590340894,-0.2667006653126456,0.09477399852715791,0.10238742564917258,0.40504920145693524,0.8110642111905058,157.0,83.0,59.0,16.0,0.11875998540979338,0.1889357888094942
"(0.02, 0.04, 0.02)",0.8,,True,B,,1642131.1366344844,0.09933455540571157,-0.25393327710817865,-0.2589328211916351,0.09538329411326248,0.10278996842912988,0.4107467814529062,0.8110642111905058,160.0,82.0,62.5,16.0,0.12003478661243872,0.1889357888094942
"(0.02, 0.04, 0.02)",0.95,,False,B,,1887344.5099736676,0.11382109913927985,-0.29172139431166055,-0.30594482935622824,0.11118874803310111,0.11695120131929897,0.45423650800108456,0.9460251810084449,183.5,84.5,63.0,36.0,0.13602944569919223,0.05397481899155504
"(0.02, 0.04, 0.02)",0.95,,True,B,,1916762.7199732738,0.11544302169550447,-0.2939693721633199,-0.2989435978695392,0.11323195272840725,0.11737910312979664,0.457561133131401,0.953742607209052,187.0,84.0,65.5,38.0,0.13742810324503607,0.046257392790948024
"(0.02, 0.04, 0.04)",0.8,,False,B,,1618792.299476345,0.09785570290550627,-0.25004986743141505,-0.26089325614416153,0.09282536958243288,0.1030375307553251,0.4043648183071831,0.7982943102880805,150.0,83.5,60.0,6.0,0.1182157629311642,0.2017056897119195
"(0.02, 0.04, 0.04)",0.8,,True,B,,1647603.5175767145,0.09967902703753728,-0.25295188065680396,-0.2630067196437575,0.09503232164380326,0.10577003144687169,0.4083003568725146,0.8125409615657574,154.0,82.0,63.0,9.0,0.12001753545427646,0.18745903843424266
"(0.02, 0.04, 0.04)",0.95,,False,B,,1850058.8610993456,0.11173282568458842,-0.29448514298786127,-0.29849563840470966,0.10769057580241778,0.11734724767009874,0.4543669608844969,0.9451662230258395,164.0,84.0,63.0,17.0,0.13659501927276566,0.054833776974160364
"(0.02, 0.04, 0.04)",0.95,,True,B,,1877776.6195918527,0.11328894250480259,-0.29529245542529026,-0.3023132679108575,0.11011318483239238,0.11960672549534872,0.4589145778918963,0.9537999510983034,166.5,82.0,65.0,20.0,0.13874573898067688,0.04620004890169664
"(0.02, 0.04, 0.08)",0.8,,False,B,,1669963.037138924,0.10107370930366866,-0.2420563702759269,-0.2557901866591676,0.09665588814830758,0.10403988033117144,0.39857683962191126,0.8033753208290979,147.5,83.5,61.0,2.0,0.11656588905428047,0.19662467917090204
"(0.02, 0.04, 0.08)",0.8,,True,B,,1690559.1417727214,0.1023445026724914,-0.24695334356714982,-0.2728951418078691,0.0960019310264825,0.10573612878485783,0.40771219386079927,0.8130049058508366,150.5,83.0,61.0,5.5,0.1201356636326446,0.18699509414916343
"(0.02, 0.04, 0.08)",0.95,,False,B,,1831704.798841733,0.11068167800982665,-0.2873019359797713,-0.30904643405194593,0.10535845533266701,0.1231702061873053,0.45344600862055495,0.9467388703134729,156.0,83.0,65.5,7.0,0.1370168281324035,0.053261129686527034
"(0.02, 0.04, 0.08)",0.95,,True,B,,1896951.289583122,0.11435325282404085,-0.2973678085084174,-0.3110743213853451,0.10679529121301749,0.12418127402237959,0.4586782324653198,0.9538307959611507,157.0,82.0,65.0,10.0,0.13993341099644868,0.04616920403884925
"(0.02, 0.06, 0)",0.8,,False,B,,1572660.4704296812,0.09487261592459018,-0.24597322168681757,-0.2636106114950912,0.09033745891053638,0.10483438190726284,0.41447486180075793,0.7965642327345941,130.0,83.0,46.0,0.0,0.12188975356862809,0.2034357672654058
"(0.02, 0.06, 0)",0.8,,True,B,,1611153.8201951603,0.09736725149710923,-0.25719908664145585,-0.27973015053061134,0.09257384296313458,0.10577238385505741,0.4230627667940079,0.813781572649582,136.0,83.5,52.0,0.0,0.12432714170555391,0.186218427350418
"(0.02, 0.06, 0)",0.95,,False,B,,1824598.4551170361,0.11028356341444134,-0.2995592690017749,-0.3025516771007795,0.10699873843222593,0.11299713154829123,0.47437211196394047,0.9395463323595776,143.0,86.0,57.0,0.0,0.14107896666246303,0.06045366764042237
"(0.02, 0.06, 0)",0.95,,True,B,,1875514.445838057,0.11316266652049789,-0.2978999297818826,-0.29919447290744766,0.10922789656194076,0.11583283681585879,0.48029624833865936,0.9527606871766193,146.0,84.0,62.0,0.0,0.14392549034049334,0.04723931282338067
"(0.02, 0.06, 0.02)",0.8,,False,B,,1599290.6682354617,0.09660468027750335,-0.2523193737323149,-0.2689942302761893,0.09153914452845875,0.10655513077252954,0.4110494712455844,0.8119226117929692,135.0,84.5,45.0,6.0,0.12212410722198289,0.18807738820703074
"(0.02, 0.06, 0.02)",0.8,,True,B,,1611153.8201951603,0.09736725149710923,-0.25719908664145585,-0.27973015053061134,0.09257384296313458,0.10577238385505741,0.4230627667940079,0.813781572649582,136.0,83.5,52.0,0.0,0.12432714170555391,0.186218427350418
"(0.02, 0.06, 0.02)",0.95,,False,B,,1839504.5550466648,0.11113467412135414,-0.30936901248691057,-0.32029128993467304,0.10819479876518238,0.11380769234961848,0.47761045389345447,0.9516473095906435,147.5,86.0,55.5,6.0,0.14236611824659473,0.04835269040935659
"(0.02, 0.06, 0.02)",0.95,,True,B,,1893229.586663315,0.11414757786931207,-0.30884676174379,-0.3150727765489239,0.11061971939209861,0.11676131844825281,0.48432044136253893,0.9539853140982144,150.0,84.0,61.0,5.0,0.14497835465616504,0.04601468590178569
"(0.02, 0.06, 0.04)",0.8,,False,B,,1609279.8040513322,0.09724728268801597,-0.25802441186677977,-0.26937129344562166,0.09080321984970516,0.10646064026754472,0.41263031426756125,0.8123405914526975,131.5,83.5,45.0,2.0,0.12276666058729829,0.18765940854730234
"(0.02, 0.06, 0.04)",0.8,,True,B,,1611153.8201951603,0.09736725149710923,-0.25719908664145585,-0.27973015053061134,0.09257384296313458,0.10577238385505741,0.4230627667940079,0.813781572649582,136.0,83.5,52.0,0.0,0.12432714170555391,0.186218427350418
"(0.02, 0.06, 0.04)",0.95,,False,B,,1810235.0608369056,0.10945958954110857,-0.31297849582245874,-0.3259751148976236,0.10707307080826937,0.11219622232753335,0.4764337887064053,0.9416386554787164,145.0,87.0,56.0,3.0,0.14241362846000152,0.05836134452128366
"(0.02, 0.06, 0.04)",0.95,,True,B,,1894739.610301442,0.11423123719535866,-0.30648316256994146,-0.3211647338398856,0.11051450512811942,0.11674927709381953,0.48412294755699803,0.9541110035684399,149.0,84.0,61.0,3.0,0.14498585158194782,0.045888996431559984
"(0.02, 0.06, 0.08)",0.8,,False,B,,1572660.4704296812,0.09487261592459018,-0.24597322168681757,-0.2636106114950912,0.09033745891053638,0.10483438190726284,0.41447486180075793,0.7965642327345941,130.0,83.0,46.0,0.0,0.12188975356862809,0.2034357672654058
"(0.02, 0.06, 0.08)",0.8,,True,B,,1611153.8201951603,0.09736725149710923,-0.25719908664145585,-0.27973015053061134,0.09257384296313458,0.10577238385505741,0.4230627667940079,0.813781572649582,136.0,83.5,52.0,0.0,0.12432714170555391,0.186218427350418
"(0.02, 0.06, 0.08)",0.95,,False,B,,1824598.4551170361,0.11028356341444134,-0.2995592690017749,-0.3025516771007795,0.10699873843222593,0.11299713154829123,0.47437211196394047,0.9395463323595776,143.0,86.0,57.0,0.0,0.14107896666246303,0.06045366764042237
"(0.02, 0.06, 0.08)",0.95,,True,B,,1908027.5181145454,0.11496297567154412,-0.30567678782947044,-0.3217604780883392,0.11003548033807695,0.11906742220707554,0.4832018477401212,0.9540244339836481,148.0,84.0,61.0,2.0,0.1444250757122214,0.045975566016351846
"(0.02, 0.08, 0)",0.8,,False,B,,1548155.987360072,0.09325788993741302,-0.24944013461612302,-0.2626476459995948,0.07920897350803288,0.10446682067523651,0.4146917000360858,0.7988146855511931,116.0,81.0,35.0,0.0,0.12429819625826755,0.201185314448807
"(0.02, 0.08, 0)",0.8,,True,B,,1581785.6267603105,0.095469695666899,-0.2519342920973197,-0.2637422360162006,0.08345069488441637,0.10813787202616977,0.4261930364418084,0.814739923737508,124.0,81.0,42.5,0.0,0.12663211679824643,0.18526007626249194
"(0.02, 0.08, 0)",0.95,,False,B,,1767890.9793859208,0.10697636150413348,-0.2989015824699244,-0.32453623695830475,0.1000541792654432,0.12776851556170082,0.4765365425218958,0.9455801000219963,129.0,86.0,44.0,0.0,0.14559941858497574,0.05441989997800365
"(0.02, 0.08, 0)",0.95,,True,B,,1855257.5995961835,0.11202304574683353,-0.3028057856055257,-0.33102223744405496,0.10448578616087405,0.12664147321262362,0.4908252020179332,0.9542893083156271,135.0,84.0,51.0,0.0,0.14925563440293133,0.045710691684372924
"(0.02, 0.08, 0.02)",0.8,,False,B,,1547500.8424706866,0.09321426229468954,-0.2449883129453586,-0.2606633302989784,0.08066296174173834,0.10865335611345987,0.41841084195324674,0.812966597869202,121.0,81.0,34.0,5.5,0.12379735663148614,0.18703340213079803
"(0.02, 0.08, 0.02)",0.8,,True,B,,1581785.6267603105,0.095469695666899,-0.2519342920973197,-0.2637422360162006,0.08345069488441637,0.10813787202616977,0.4261930364418084,0.814739923737508,124.0,81.0,42.5,0.0,0.12663211679824643,0.18526007626249194
"(0.02, 0.08, 0.02)",0.95,,False,B,,1778773.4603665238,0.10763103213153191,-0.2997890203687103,-0.33166774968628754,0.10105232979515226,0.12785713075739116,0.4815564261897202,0.9476529018991904,133.0,85.0,44.0,5.0,0.1467503468324794,0.0523470981008096
"(0.02, 0.08, 0.02)",0.95,,True,B,,1855257.5995961835,0.11202304574683353,-0.3028057856055257,-0.33102223744405496,0.10448578616087405,0.12664147321262362,0.4908252020179332,0.9542893083156271,135.0,84.0,51.0,0.0,0.14925563440293133,0.045710691684372924
"(0.02, 0.08, 0.04)",0.8,,False,B,,1529070.0887455312,0.09198259497062133,-0.24926810743704786,-0.25832988205881513,0.08046109578668134,0.10723595099033217,0.41565058704751423,0.8010590897406109,117.0,81.5,34.0,1.0,0.12403379203237708,0.19894091025938915
"(0.02, 0.08, 0.04)",0.8,,True,B,,1581785.6267603105,0.095469695666899,-0.2519342920973197,-0.2637422360162006,0.08345069488441637,0.10813787202616977,0.4261930364418084,0.814739923737508,124.0,81.0,42.5,0.0,0.12663211679824643,0.18526007626249194
"(0.02, 0.08, 0.04)",0.95,,False,B,,1775575.4261497674,0.10744261462162386,-0.30287385875933176,-0.32453623695830475,0.10085264278056909,0.12765769796146503,0.4795014648826812,0.9484055477108546,129.5,85.5,44.0,2.0,0.14605840979996257,0.051594452289145415
"(0.02, 0.08, 0.04)",0.95,,True,B,,1855257.5995961835,0.11202304574683353,-0.3028057856055257,-0.33102223744405496,0.10448578616087405,0.12664147321262362,0.4908252020179332,0.9542893083156271,135.0,84.0,51.0,0.0,0.14925563440293133,0.045710691684372924
"(0.02, 0.08, 0.08)",0.8,,False,B,,1548155.987360072,0.09325788993741302,-0.24944013461612302,-0.2626476459995948,0.07920897350803288,0.10446682067523651,0.4146917000360858,0.7992012482566179,116.0,81.0,35.0,0.0,0.12429819625826755,0.20079875174338213
"(0.02, 0.08, 0.08)",0.8,,True,B,,1581785.6267603105,0.095469695666899,-0.2519342920973197,-0.2637422360162006,0.08345069488441637,0.10813787202616977,0.4261930364418084,0.814739923737508,124.0,81.0,42.5,0.0,0.12663211679824643,0.18526007626249194
"(0.02, 0.08, 0.08)",0.95,,False,B,,1767890.9793859208,0.10697636150413348,-0.2989015824699244,-0.32453623695830475,0.1000541792654432,0.12776851556170082,0.4765365425218958,0.9455801000219963,129.0,86.0,44.0,0.0,0.14559941858497574,0.05441989997800365
"(0.02, 0.08, 0.08)",0.95,,True,B,,1855257.5995961835,0.11202304574683353,-0.3028057856055257,-0.33102223744405496,0.10448578616087405,0.12664147321262362,0.4908252020179332,0.9542893083156271,135.0,84.0,51.0,0.0,0.14925563440293133,0.045710691684372924
"(0.02, 0.1, 0)",0.8,,False,B,,1526418.2357684202,0.09180218797318762,-0.2171241133716142,-0.22959630009519,0.07570812223584991,0.10615421697732966,0.4146584456310063,0.8011270833868536,110.5,85.5,26.5,0.0,0.12539078559779324,0.19887291661314638
"(0.02, 0.1, 0)",0.8,,True,B,,1561301.1526143434,0.0941268325168837,-0.24128917906894914,-0.2481213508451741,0.07866495558955924,0.10878571571191163,0.42973265316951764,0.8145688661040169,114.5,79.5,34.0,0.0,0.13076493347634635,0.18543113389598306
"(0.02, 0.1, 0)",0.95,,False,B,,1755077.7298118297,0.10623501991733231,-0.2898763083648503,-0.3061585415979043,0.08893967525319284,0.12206479429178849,0.4765419943656628,0.9399911841994791,118.5,83.0,35.0,0.0,0.14629066815298875,0.06000881580052089
"(0.02, 0.1, 0)",0.95,,True,B,,1835439.5922221495,0.1109026286459397,-0.30068724909772815,-0.3132732138125538,0.09777704711295314,0.1247800453139819,0.4971459671389113,0.9545234975055196,124.0,81.5,43.0,0.0,0.15216203146287038,0.04547650249448047
"(0.02, 0.1, 0.02)",0.8,,False,B,,1489639.7068441054,0.089295252208764,-0.22482265390430412,-0.24030253884021868,0.08148083127148524,0.10979327022426047,0.41456312318412264,0.8126134367071645,119.0,80.5,26.0,12.0,0.12672691676188505,0.1873865632928356
"(0.02, 0.1, 0.02)",0.8,,True,B,,1561301.1526143434,0.0941268325168837,-0.24128917906894914,-0.2481213508451741,0.07866495558955924,0.10878571571191163,0.42973265316951764,0.8145688661040169,114.5,79.5,34.0,0.0,0.13076493347634635,0.18543113389598306
"(0.02, 0.1, 0.02)",0.95,,False,B,,1765212.7936116909,0.10683158914480873,-0.29237103100161504,-0.30962149895579666,0.0903296058675092,0.12442778950822664,0.48376355543593613,0.9473373933133089,124.5,83.0,35.0,7.0,0.14867419016274053,0.052662606686691045
"(0.02, 0.1, 0.02)",0.95,,True,B,,1835439.5922221495,0.1109026286459397,-0.30068724909772815,-0.3132732138125538,0.09777704711295314,0.1247800453139819,0.4971459671389113,0.9545234975055196,124.0,81.5,43.0,0.0,0.15216203146287038,0.04547650249448047
"(0.02, 0.1, 0.04)",0.8,,False,B,,1517305.8042583705,0.09119002915949925,-0.22828445081892207,-0.23947212990973316,0.07993958685177376,0.10937754994999833,0.41374297342996,0.8128128268003039,110.5,80.0,26.5,5.0,0.12718487352659041,0.1871871731996962
"(0.02, 0.1, 0.04)",0.8,,True,B,,1561301.1526143434,0.0941268325168837,-0.24128917906894914,-0.2481213508451741,0.07866495558955924,0.10878571571191163,0.42973265316951764,0.8145688661040169,114.5,79.5,34.0,0.0,0.13076493347634635,0.18543113389598306
"(0.02, 0.1, 0.04)",0.95,,False,B,,1776396.105360275,0.10749207419898821,-0.28987618358642814,-0.3221934358904602,0.09170115655540782,0.12322122816143316,0.48255869461764844,0.946064819033841,120.0,83.0,35.0,2.0,0.14787399674242901,0.05393518096615905
"(0.02, 0.1, 0.04)",0.95,,True,B,,1835439.5922221495,0.1109026286459397,-0.30068724909772815,-0.3132732138125538,0.09777704711295314,0.1247800453139819,0.4971459671389113,0.9545234975055196,124.0,81.5,43.0,0.0,0.15216203146287038,0.04547650249448047
"(0.02, 0.1, 0.08)",0.8,,False,B,,1561459.3886864388,0.09413809493959513,-0.22956964531238516,-0.24134409704842005,0.07657936303389057,0.10713518743490809,0.41530175577205347,0.8126831534032368,108.0,81.5,26.5,2.0,0.1275990048929901,0.18731684659676315
"(0.02, 0.1, 0.08)",0.8,,True,B,,1561301.1526143434,0.0941268325168837,-0.24128917906894914,-0.2481213508451741,0.07866495558955924,0.10878571571191163,0.42973265316951764,0.8145688661040169,114.5,79.5,34.0,0.0,0.13076493347634635,0.18543113389598306
"(0.02, 0.1, 0.08)",0.95,,False,B,,1758320.4684295254,0.10642626938114508,-0.29266026367586134,-0.3080988289428501,0.09024985652718118,0.12473202922966341,0.4797370009858058,0.9430845408572314,121.0,83.0,35.0,1.0,0.1458443351750492,0.05691545914276863
"(0.02, 0.1, 0.08)",0.95,,True,B,,1835439.5922221495,0.1109026286459397,-0.30068724909772815,-0.3132732138125538,0.09777704711295314,0.1247800453139819,0.4971459671389113,0.9545234975055196,124.0,81.5,43.0,0.0,0.15216203146287038,0.04547650249448047
"(0.02, 0.12, 0)",0.8,,False,B,,1529486.1914872369,0.09201085844582224,-0.2439214369967036,-0.26782249764680943,0.06883138526227932,0.10524290248080587,0.4166911780234748,0.7982040988616619,106.0,86.0,21.0,0.0,0.12693249002426396,0.20179590113833817
"(0.02, 0.12, 0)",0.8,,True,B,,1506408.112623916,0.09045001351301374,-0.23402090143716137,-0.24918311901426785,0.07731540437795217,0.10638236650285954,0.4323627347810667,0.8145698075710137,107.0,78.5,30.0,0.0,0.13354359078359399,0.18543019242898637
"(0.02, 0.12, 0)",0.95,,False,B,,1740485.039034345,0.10536655380621407,-0.28694052897953065,-0.2911772333598326,0.08857153509992592,0.1225669137584466,0.4875604492598557,0.9448542527449932,110.5,82.0,28.5,0.0,0.15289482811992822,0.0551457472550067
"(0.02, 0.12, 0)",0.95,,True,B,,1819445.2290063156,0.10998400010163178,-0.29072339264570185,-0.29400842131499716,0.0925653784526651,0.12835190466975085,0.5009773241499902,0.9545133177446876,119.0,80.5,37.0,0.0,0.15623892705960263,0.045486682255312376
"(0.02, 0.12, 0.02)",0.8,,False,B,,1565537.2525255522,0.09440253845827262,-0.26683658317378023,-0.2775794218295162,0.06741778067049742,0.10997455530507645,0.4197820629252994,0.8118448097850346,114.5,80.5,21.0,14.0,0.1293139642761933,0.18815519021496538
"(0.02, 0.12, 0.02)",0.8,,True,B,,1506408.112623916,0.09045001351301374,-0.23402090143716137,-0.24918311901426785,0.07731540437795217,0.10638236650285954,0.4323627347810667,0.8145698075710137,107.0,78.5,30.0,0.0,0.13354359078359399,0.18543019242898637
"(0.02, 0.12, 0.02)",0.95,,False,B,,1740939.4194341062,0.10538635073488278,-0.28694052897953065,-0.29100040077543615,0.0911227354981912,0.12597384034270503,0.49103696802438657,0.9480875611224098,116.0,80.0,28.5,6.0,0.1539868262800224,0.05191243887759026
"(0.02, 0.12, 0.02)",0.95,,True,B,,1819445.2290063156,0.10998400010163178,-0.29072339264570185,-0.29400842131499716,0.0925653784526651,0.12835190466975085,0.5009773241499902,0.9545133177446876,119.0,80.5,37.0,0.0,0.15623892705960263,0.045486682255312376
"(0.02, 0.12, 0.04)",0.8,,False,B,,1537307.4318571019,0.09253479448964341,-0.2596013680683218,-0.2783446383813566,0.07446340567717044,0.10798234039840404,0.41770018290225275,0.8031436307935148,107.5,81.0,20.5,6.0,0.12873303053751012,0.1968563692064852
"(0.02, 0.12, 0.04)",0.8,,True,B,,1506408.112623916,0.09045001351301374,-0.23402090143716137,-0.24918311901426785,0.07731540437795217,0.10638236650285954,0.4323627347810667,0.8145698075710137,107.0,78.5,30.0,0.0,0.13354359078359399,0.18543019242898637
"(0.02, 0.12, 0.04)",0.95,,False,B,,1724932.942335495,0.1044305321729011,-0.2869438287030614,-0.29307287099649604,0.09031554864815372,0.12723972469767325,0.4920651141328477,0.9488876973352135,112.0,80.0,28.0,2.0,0.1539291155628062,0.051112302664786516
"(0.02, 0.12, 0.04)",0.95,,True,B,,1819445.2290063156,0.10998400010163178,-0.29072339264570185,-0.29400842131499716,0.0925653784526651,0.12835190466975085,0.5009773241499902,0.9545133177446876,119.0,80.5,37.0,0.0,0.15623892705960263,0.045486682255312376
"(0.02, 0.12, 0.08)",0.8,,False,B,,1519209.3440632932,0.09131572116797959,-0.26146567816050237,-0.2823281040487166,0.07717165586684345,0.10803299650539824,0.4239603099102405,0.8021852200892395,104.5,81.5,21.0,2.0,0.129180298652755,0.19781477991076052
"(0.02, 0.12, 0.08)",0.8,,True,B,,1506408.112623916,0.09045001351301374,-0.23402090143716137,-0.24918311901426785,0.07731540437795217,0.10638236650285954,0.4323627347810667,0.8145698075710137,107.0,78.5,30.0,0.0,0.13354359078359399,0.18543019242898637
"(0.02, 0.12, 0.08)",0.95,,False,B,,1713937.5090261642,0.10375940938486827,-0.2869438287030614,-0.2911772333598326,0.08944728633399941,0.1257319357581182,0.4875604492598557,0.9479862202724576,110.0,80.5,28.0,0.0,0.1530709519621884,0.052013779727542384
"(0.02, 0.12, 0.08)",0.95,,True,B,,1819445.2290063156,0.10998400010163178,-0.29072339264570185,-0.29400842131499716,0.0925653784526651,0.12835190466975085,0.5009773241499902,0.9545133177446876,119.0,80.5,37.0,0.0,0.15623892705960263,0.045486682255312376
"(0.02, 0.15, 0)",0.8,,False,B,,1464451.7662522048,0.08755518025758435,-0.25588131310674544,-0.25856787196095876,0.06264790251716687,0.10268258373242853,0.4155401448695909,0.7989652445839217,102.0,88.0,16.0,0.0,0.13024617440422726,0.2010347554160784
"(0.02, 0.15, 0)",0.8,,True,B,,1533206.1074323028,0.09226054644387738,-0.27375168876554945,-0.2907675289515547,0.058865589478298966,0.1111147933951397,0.43908413978743493,0.814591760084814,102.0,79.0,24.0,0.0,0.1383121356960528,0.18540823991518596
"(0.02, 0.15, 0)",0.95,,False,B,,1606649.7271317882,0.09707759105995006,-0.29894424712797596,-0.3154785184645833,0.07684673269667279,0.12371340167072205,0.48099162116304317,0.9411695968750813,107.0,88.0,20.5,0.0,0.1518366154829259,0.058830403124918745
"(0.02, 0.15, 0)",0.95,,True,B,,1721289.4409203632,0.10421396775478586,-0.2765810045095727,-0.2962038717936509,0.08858289512956878,0.12352563803669415,0.5048602901613362,0.9545660982490893,109.5,80.0,31.0,0.0,0.16065442883562425,0.04543390175091066
"(0.02, 0.15, 0.02)",0.8,,False,B,,1515157.8810382676,0.09103204869604242,-0.2668469908424763,-0.2719173801164043,0.06781218330075837,0.10534121338658543,0.42731372638540943,0.80519373466249,110.5,83.0,16.0,12.5,0.13303704004129524,0.19480626533751
"(0.02, 0.15, 0.02)",0.8,,True,B,,1533206.1074323028,0.09226054644387738,-0.27375168876554945,-0.2907675289515547,0.058865589478298966,0.1111147933951397,0.43908413978743493,0.814591760084814,102.0,79.0,24.0,0.0,0.1383121356960528,0.18540823991518596
"(0.02, 0.15, 0.02)",0.95,,False,B,,1744414.9721254278,0.10559116634558974,-0.3106760148348653,-0.33025108761188493,0.08025060501752743,0.12464360818216944,0.494023420137129,0.9494509805370444,119.5,82.0,20.0,16.5,0.1558554747938618,0.05054901946295562
"(0.02, 0.15, 0.02)",0.95,,True,B,,1721289.4409203632,0.10421396775478586,-0.2765810045095727,-0.2962038717936509,0.08858289512956878,0.12352563803669415,0.5048602901613362,0.9545660982490893,109.5,80.0,31.0,0.0,0.16065442883562425,0.04543390175091066
"(0.02, 0.15, 0.04)",0.8,,False,B,,1491375.6403317747,0.08942111947185294,-0.2690813699069393,-0.27784852422181516,0.07221248240913729,0.10943627425952918,0.42431822750736753,0.8037519542798717,102.5,81.5,16.0,7.0,0.13348700588246407,0.19624804572012833
"(0.02, 0.15, 0.04)",0.8,,True,B,,1533206.1074323028,0.09226054644387738,-0.27375168876554945,-0.2907675289515547,0.058865589478298966,0.1111147933951397,0.43908413978743493,0.814591760084814,102.0,79.0,24.0,0.0,0.1383121356960528,0.18540823991518596
"(0.02, 0.15, 0.04)",0.95,,False,B,,1689198.7077935524,0.10226105742931657,-0.3069624769738667,-0.3350914983287486,0.08271375160888113,0.12766394676527898,0.48622194858744694,0.9465650440419062,109.0,81.5,20.0,7.5,0.15621911763122798,0.053434955958093736
"(0.02, 0.15, 0.04)",0.95,,True,B,,1721289.4409203632,0.10421396775478586,-0.2765810045095727,-0.2962038717936509,0.08858289512956878,0.12352563803669415,0.5048602901613362,0.9545660982490893,109.5,80.0,31.0,0.0,0.16065442883562425,0.04543390175091066
"(0.02, 0.15, 0.08)",0.8,,False,B,,1493955.6740834792,0.08959147069413831,-0.2709980688941466,-0.2763318117067142,0.06614194939425425,0.11617439014476323,0.4184930585164408,0.8001207407008588,100.5,84.0,16.0,2.0,0.13299808322843631,0.19987925929914113
"(0.02, 0.15, 0.08)",0.8,,True,B,,1533206.1074323028,0.09226054644387738,-0.27375168876554945,-0.2907675289515547,0.058865589478298966,0.1111147933951397,0.43908413978743493,0.814591760084814,102.0,79.0,24.0,0.0,0.1383121356960528,0.18540823991518596
"(0.02, 0.15, 0.08)",0.95,,False,B,,1664991.2786535341,0.10076513854173452,-0.3023689344582453,-0.33482332782170626,0.08400883853665782,0.12468674275282342,0.49043239666155025,0.9431175154549085,106.5,83.0,20.5,2.0,0.1534860320176869,0.05688248454509159
"(0.02, 0.15, 0.08)",0.95,,True,B,,1721289.4409203632,0.10421396775478586,-0.2765810045095727,-0.2962038717936509,0.08858289512956878,0.12352563803669415,0.5048602901613362,0.9545660982490893,109.5,80.0,31.0,0.0,0.16065442883562425,0.04543390175091066
"(0.02, 0.2, 0)",0.8,,False,B,,1399251.137518641,0.08289899005114665,-0.25003813019328747,-0.25798771653156954,0.05981122023193046,0.10575567568115331,0.39825868243963347,0.8031575727641176,95.5,86.0,11.0,0.0,0.12751876263500161,0.1968424272358825
"(0.02, 0.2, 0)",0.8,,True,B,,1526625.5678999242,0.09181769792953409,-0.2922498883144838,-0.2929446136398379,0.0645435467199422,0.10611177148272702,0.4497963657396924,0.8151522547355448,97.0,78.0,19.5,0.0,0.14677209400931582,0.18484774526445524
"(0.02, 0.2, 0)",0.95,,False,B,,1645488.4421272432,0.0995458482845647,-0.3157553125815208,-0.31576481933918277,0.0701433078246021,0.11107340638974911,0.4745427075775577,0.9340778111504671,102.0,88.0,15.0,0.0,0.15404956488983437,0.06592218884953285
"(0.02, 0.2, 0)",0.95,,True,B,,1716835.710272146,0.10394481234573982,-0.3245330867427111,-0.34905771506617655,0.06629534089920082,0.12842097647607692,0.5164874432816173,0.9545060296405938,100.0,78.0,23.5,0.0,0.17051652732058642,0.04549397035940621
"(0.02, 0.2, 0.02)",0.8,,False,B,,1503715.5421763046,0.09026585588899216,-0.2772475541007274,-0.28255487701368603,0.0688456192951333,0.11825693382267802,0.41848195644630426,0.8113984440777102,111.5,81.0,11.0,22.0,0.1340639220998877,0.18860155592228978
"(0.02, 0.2, 0.02)",0.8,,True,B,,1526625.5678999242,0.09181769792953409,-0.2922498883144838,-0.2929446136398379,0.0645435467199422,0.10611177148272702,0.4497963657396924,0.8151522547355448,97.0,78.0,19.5,0.0,0.14677209400931582,0.18484774526445524
"(0.02, 0.2, 0.02)",0.95,,False,B,,1680089.7169803022,0.10170046192454485,-0.3262540598598112,-0.33028476015636826,0.0760781200685003,0.12519507932031315,0.49558807566960517,0.9483926549885204,119.0,82.0,14.0,24.0,0.16272333708148912,0.05160734501147967
"(0.02, 0.2, 0.02)",0.95,,True,B,,1716835.710272146,0.10394481234573982,-0.3245330867427111,-0.34905771506617655,0.06629534089920082,0.12842097647607692,0.5164874432816173,0.9545060296405938,100.0,78.0,23.5,0.0,0.17051652732058642,0.04549397035940621
"(0.02, 0.2, 0.04)",0.8,,False,B,,1501468.7349831646,0.09004705989018591,-0.2779325239385882,-0.2895678894776667,0.06703761508251635,0.11599841867849635,0.41450946591460613,0.7995611267161009,101.0,81.0,11.5,9.5,0.13193648110191547,0.20043887328389906
"(0.02, 0.2, 0.04)",0.8,,True,B,,1526625.5678999242,0.09181769792953409,-0.2922498883144838,-0.2929446136398379,0.0645435467199422,0.10611177148272702,0.4497963657396924,0.8151522547355448,97.0,78.0,19.5,0.0,0.14677209400931582,0.18484774526445524
"(0.02, 0.2, 0.04)",0.95,,False,B,,1755467.3592321454,0.10625464075137059,-0.3281023460916815,-0.3361424789576537,0.0798332417605466,0.12236083622701953,0.4889635092152783,0.9497083087152518,109.0,83.0,14.0,12.0,0.1612121036849823,0.05029169128474817
"(0.02, 0.2, 0.04)",0.95,,True,B,,1716835.710272146,0.10394481234573982,-0.3245330867427111,-0.34905771506617655,0.06629534089920082,0.12842097647607692,0.5164874432816173,0.9545060296405938,100.0,78.0,23.5,0.0,0.17051652732058642,0.04549397035940621
"(0.02, 0.2, 0.08)",0.8,,False,B,,1429360.8133511292,0.08507709347693992,-0.28485331657501434,-0.29517617422084136,0.06794084373036184,0.10551882499757803,0.41996211251200144,0.8020802388818178,95.0,81.0,11.0,4.0,0.1356401564512974,0.1979197611181822
"(0.02, 0.2, 0.08)",0.8,,True,B,,1526625.5678999242,0.09181769792953409,-0.2922498883144838,-0.2929446136398379,0.0645435467199422,0.10611177148272702,0.4497963657396924,0.8151522547355448,97.0,78.0,19.5,0.0,0.14677209400931582,0.18484774526445524
"(0.02, 0.2, 0.08)",0.95,,False,B,,1711958.116942459,0.10349980245654422,-0.33102360465361397,-0.33624447136199215,0.07754192595848405,0.11790522993308032,0.4866295630025892,0.947641061831509,102.0,82.0,14.5,5.0,0.1618693782743477,0.05235893816849108
"(0.02, 0.2, 0.08)",0.95,,True,B,,1716835.710272146,0.10394481234573982,-0.3245330867427111,-0.34905771506617655,0.06629534089920082,0.12842097647607692,0.5164874432816173,0.9545060296405938,100.0,78.0,23.5,0.0,0.17051652732058642,0.04549397035940621
"(0.03, 0.03, 0)",0.8,,False,B,,1546794.3631983476,0.09316737386812579,-0.22605752972255366,-0.22820483373464828,0.09174763881404184,0.09544002647494029,0.4119105069989973,0.8015201801273589,144.0,81.0,63.0,0.0,0.1139409684969933,0.19847981987264107
"(0.03, 0.03, 0)",0.8,,True,B,,1559414.1071176985,0.09400324707836405,-0.22932777600068588,-0.2317201881736492,0.09301322818639626,0.0952406022872641,0.418908216406362,0.8070069943467009,147.0,81.0,66.0,0.0,0.11564025242559935,0.1929930056532991
"(0.03, 0.03, 0)",0.95,,False,B,,1672898.3164748983,0.10125618677956605,-0.2635356355525084,-0.2635364505509777,0.10124337241778492,0.10137593361719074,0.4512128329947337,0.9461450460328491,154.0,81.0,73.0,0.0,0.12732182013233573,0.053854953967150884
"(0.03, 0.03, 0)",0.95,,True,B,,1688962.7973527974,0.10224662197638157,-0.26432440624225134,-0.2643256052682801,0.10216716998822425,0.1023263163295435,0.4517448934810903,0.951955373929484,156.0,82.0,74.0,0.0,0.12757434661152778,0.04804462607051602
"(0.03, 0.03, 0.02)",0.8,,False,B,,1584500.6550545045,0.09564682977435601,-0.24505961782222302,-0.25091528601787205,0.09289799447510413,0.09763331193721783,0.4220480586876071,0.8083992175666583,153.0,78.0,59.0,15.5,0.1184408610574508,0.19160078243334167
"(0.03, 0.03, 0.02)",0.8,,True,B,,1614887.0838013922,0.09760622928733587,-0.24463043405517843,-0.25049739244602737,0.09442582856417907,0.10013810611267107,0.4260774248962983,0.8083992175666583,157.0,80.0,61.0,17.0,0.12005755008201222,0.19160078243334167
"(0.03, 0.03, 0.02)",0.95,,False,B,,1849933.3513114518,0.11172576363171349,-0.2766064083886769,-0.2887950726080673,0.10902171506714653,0.11448256747407248,0.47357913481825825,0.9474442624023205,180.0,80.0,64.0,36.0,0.13685740671709684,0.052555737597679474
"(0.03, 0.03, 0.02)",0.95,,True,B,,1872032.5273949192,0.11296792372764464,-0.2855265953901862,-0.2916278958629864,0.11083798730314975,0.11526721364298012,0.4760818442909466,0.9533683896245131,185.0,82.0,65.0,38.0,0.13823367435660416,0.04663161037548698
"(0.03, 0.03, 0.04)",0.8,,False,B,,1582809.7697506305,0.09553683504972532,-0.2394826078446945,-0.2515001734699087,0.09364659902872444,0.10005656880476299,0.41858800811693236,0.7991692858004258,145.0,78.0,60.0,6.0,0.11829826013024926,0.20083071419957413
"(0.03, 0.03, 0.04)",0.8,,True,B,,1612410.6917400528,0.097447382147957,-0.2452431056349148,-0.2542736625441372,0.09401112203714417,0.10168163998474174,0.42490496495716146,0.8109007032767375,150.5,79.0,61.0,9.0,0.11979280782359894,0.1890992967232627
"(0.03, 0.03, 0.04)",0.95,,False,B,,1835401.514694089,0.11089932208314701,-0.282608505975557,-0.2886151375701112,0.10507486714375436,0.11652160957383832,0.4698236085260291,0.9471308732338191,159.5,79.0,64.0,17.5,0.13705732829368616,0.05286912676618098
"(0.03, 0.03, 0.04)",0.95,,True,B,,1851647.9421315063,0.11182248523630645,-0.28850968548663564,-0.29540108361441153,0.10797142232472552,0.11890747062180039,0.4743610871859977,0.9534063778612086,166.0,80.5,65.0,20.0,0.13894125101667987,0.046593622138791396
"(0.03, 0.03, 0.08)",0.8,,False,B,,1577288.3569007353,0.09517679254226974,-0.23148972195557377,-0.24024099143604938,0.09187636780767172,0.09968214541770741,0.41419153018925303,0.7913472164855828,141.0,78.0,61.0,2.0,0.11702845143147277,0.20865278351441713
"(0.03, 0.03, 0.08)",0.8,,True,B,,1646448.1950968874,0.0996064175024346,-0.24037158620788596,-0.26058970544013016,0.09376120081947932,0.10301950381855036,0.422007769340046,0.8111079515644639,145.5,79.0,61.0,5.0,0.12018693811500415,0.18889204843553611
"(0.03, 0.03, 0.08)",0.95,,False,B,,1785264.207715964,0.10801084329979127,-0.27959470150212085,-0.3023943397059443,0.10345417129047965,0.12072549229860301,0.4673712935487101,0.9447148227358804,152.0,79.0,66.0,8.0,0.13626564368909666,0.05528517726411957
"(0.03, 0.03, 0.08)",0.95,,True,B,,1849298.4165550326,0.11168818305431816,-0.28927192267926255,-0.2987086621109468,0.1057298985253526,0.12198312258388884,0.47481856300460834,0.9533868831683547,157.0,80.5,66.0,11.0,0.13915090500304464,0.046613116831645166
"(0.03, 0.04, 0)",0.8,,False,B,,1526453.0270914424,0.09180711237801853,-0.24445739811153072,-0.2515881332570028,0.09041886408146065,0.09375385752403284,0.4286377355439598,0.7999034955339897,132.0,79.0,53.5,0.0,0.12041694886529554,0.20009650446601043
"(0.03, 0.04, 0)",0.8,,True,B,,1576729.272549778,0.09514027814742398,-0.2477862521086156,-0.2523312959837269,0.09237197797910915,0.09731527966649516,0.43528207515860373,0.8059532996187687,137.5,80.0,57.0,0.0,0.12199369549063754,0.19404670038123123
"(0.03, 0.04, 0)",0.95,,False,B,,1783204.8716684165,0.10789053922015301,-0.268649429669967,-0.2717100615475642,0.10531816426786023,0.10954053996305169,0.4780866793950688,0.9455846629645217,146.5,81.0,65.5,0.0,0.13524055031049334,0.05441533703547835
"(0.03, 0.04, 0)",0.95,,True,B,,1792436.4544206047,0.10842892957573036,-0.276041659856059,-0.279102396973128,0.10622067686079859,0.10980121615723562,0.4797313903869873,0.9519853006293486,148.0,81.0,67.0,0.0,0.13627019400117946,0.04801469937065141
"(0.03, 0.04, 0.02)",0.8,,False,B,,1525715.367171798,0.09175748796387795,-0.25485504593182656,-0.2563707701152882,0.0898590026341723,0.09696933437459017,0.42813470020842676,0.799285960425032,135.0,79.0,52.0,4.0,0.12022622656125045,0.2007140395749681
"(0.03, 0.04, 0.02)",0.8,,True,B,,1580557.0141687125,0.09538992287565207,-0.2516627313006919,-0.2581669126835411,0.09278730634862942,0.09777911879535081,0.4355354092026994,0.8112342752884166,138.5,80.0,56.0,2.0,0.12239044270630361,0.1887657247115834
"(0.03, 0.04, 0.02)",0.95,,False,B,,1850592.1682045287,0.11176293151080807,-0.29422803041009415,-0.30084150598383713,0.10822959124539737,0.11456143610372593,0.4846748945552647,0.9510381939831981,161.5,81.0,60.0,21.0,0.13915020332405403,0.048961806016801945
"(0.03, 0.04, 0.02)",0.95,,True,B,,1869849.2785524384,0.11284614380394897,-0.29268993005007576,-0.29682067444117677,0.10932079035234091,0.11556077002195168,0.49214782937734375,0.9518064800660357,164.0,80.0,62.0,21.0,0.14157330349088243,0.04819351993396427
"(0.03, 0.04, 0.04)",0.8,,False,B,,1526453.0270914424,0.09180711237801853,-0.24445739811153072,-0.2515881332570028,0.09041886408146065,0.09375385752403284,0.4286377355439598,0.7999514724599235,132.0,79.0,53.5,0.0,0.12041694886529554,0.20004852754007652
"(0.03, 0.04, 0.04)",0.8,,True,B,,1580711.2597941563,0.09540013769315248,-0.25226374553772013,-0.2584467638011812,0.09256730924310339,0.09865376331951381,0.43437559842586027,0.8113199807996707,138.0,80.0,56.5,1.0,0.12233464642428282,0.18868001920032937
"(0.03, 0.04, 0.04)",0.95,,False,B,,1860197.808250226,0.11230451134642139,-0.2852711901979047,-0.29545429776554577,0.10882761893532984,0.1158857654480874,0.48401750558462153,0.9447420222626929,149.0,79.0,61.0,9.0,0.1386596645652211,0.055257977737307146
"(0.03, 0.04, 0.04)",0.95,,True,B,,1869699.6561578414,0.11283771453154423,-0.29165669294714264,-0.30131020067840447,0.10911568319162182,0.11819066113607302,0.49214228296528906,0.9534758384635345,153.0,80.0,62.0,12.0,0.14177190054472266,0.04652416153646556
"(0.03, 0.04, 0.08)",0.8,,False,B,,1526453.0270914424,0.09180711237801853,-0.24445739811153072,-0.2515881332570028,0.09041886408146065,0.09375385752403284,0.4286377355439598,0.7999034955339897,132.0,79.0,53.5,0.0,0.12041694886529554,0.20009650446601043
"(0.03, 0.04, 0.08)",0.8,,True,B,,1580711.2597941563,0.09540013769315248,-0.25226374553772013,-0.2584467638011812,0.09256730924310339,0.09865376331951381,0.43437559842586027,0.8113199807996707,138.0,80.0,56.5,1.0,0.12233464642428282,0.18868001920032937
"(0.03, 0.04, 0.08)",0.95,,False,B,,1895285.5062392745,0.11426112439540659,-0.28007936441253795,-0.3028337341856546,0.1064234070504146,0.1169292971335114,0.48049701229726927,0.9446120586530681,145.0,80.0,61.0,4.0,0.1392212126116972,0.05538794134693193
"(0.03, 0.04, 0.08)",0.95,,True,B,,1898990.3977209385,0.11446541939826971,-0.2877610425187881,-0.31272649682232945,0.10742665835489748,0.12091747672294036,0.48727194101829463,0.9534899387903699,150.0,79.0,62.0,7.0,0.1418350422089999,0.0465100612096301
"(0.03, 0.06, 0)",0.8,,False,B,,1524793.0426093643,0.09169536571344539,-0.23879670678041587,-0.24787038550465085,0.08388826130723526,0.103376175226485,0.432351788168186,0.800229685404831,117.0,78.5,38.5,0.0,0.1223386465085635,0.1997703145951691
"(0.03, 0.06, 0)",0.8,,True,B,,1548556.9706570038,0.09328455376774569,-0.24709550099457145,-0.2540321696289147,0.08728883724086196,0.10330202477391509,0.44249294106283416,0.8124241577768099,124.0,79.0,44.0,0.0,0.12472161391950673,0.18757584222319013
"(0.03, 0.06, 0)",0.95,,False,B,,1807085.0846367513,0.10927748449758301,-0.28957103089094033,-0.31718313586423397,0.10303792020442064,0.11328355873950782,0.5007175429356965,0.9493967242734662,130.5,82.0,48.0,0.0,0.14406529611571728,0.05060327572653379
"(0.03, 0.06, 0)",0.95,,True,B,,1796735.1457379535,0.10867834249363706,-0.29691243688472113,-0.31330481577256325,0.10444132445996061,0.1148102324980506,0.5092100484227282,0.9536322031867093,136.0,82.0,54.0,0.0,0.1469946642567666,0.0463677968132907
"(0.03, 0.06, 0.02)",0.8,,False,B,,1526648.9133250092,0.09181198905515975,-0.23862161518209318,-0.25526670644193894,0.08501366610926295,0.10444949606993091,0.43365275155881716,0.8027537963590801,120.0,78.0,38.0,4.0,0.12242405423189864,0.19724620364092
"(0.03, 0.06, 0.02)",0.8,,True,B,,1548556.9706570038,0.09328455376774569,-0.24709550099457145,-0.2540321696289147,0.08728883724086196,0.10330202477391509,0.44249294106283416,0.8124241577768099,124.0,79.0,44.0,0.0,0.12472161391950673,0.18757584222319013
"(0.03, 0.06, 0.02)",0.95,,False,B,,1803696.9931629128,0.10908207851436758,-0.2983310050246916,-0.31242651785136427,0.10294185719331064,0.11569979119430472,0.503119882406006,0.9512716630024292,133.0,80.5,48.0,4.0,0.14511845052289918,0.0487283369975709
"(0.03, 0.06, 0.02)",0.95,,True,B,,1796735.1457379535,0.10867834249363706,-0.29691243688472113,-0.31330481577256325,0.10444132445996061,0.1148102324980506,0.5092100484227282,0.9536322031867093,136.0,82.0,54.0,0.0,0.1469946642567666,0.0463677968132907
"(0.03, 0.06, 0.04)",0.8,,False,B,,1556654.627684645,0.09382098208735612,-0.23954297074832204,-0.25475907689986604,0.08313980999666856,0.10387340299497319,0.4357214706364322,0.8011510680355034,118.0,78.0,38.0,1.0,0.12269571174130856,0.1988489319644965
"(0.03, 0.06, 0.04)",0.8,,True,B,,1548556.9706570038,0.09328455376774569,-0.24709550099457145,-0.2540321696289147,0.08728883724086196,0.10330202477391509,0.44249294106283416,0.8124241577768099,124.0,79.0,44.0,0.0,0.12472161391950673,0.18757584222319013
"(0.03, 0.06, 0.04)",0.95,,False,B,,1809823.9089529105,0.10943582465071999,-0.3030494708433672,-0.31718313586423397,0.10110893465666722,0.11667152357611983,0.5039661349843496,0.9484469498930133,131.0,81.0,48.0,1.0,0.14505656763274902,0.051553050106986756
"(0.03, 0.06, 0.04)",0.95,,True,B,,1796735.1457379535,0.10867834249363706,-0.29691243688472113,-0.31330481577256325,0.10444132445996061,0.1148102324980506,0.5092100484227282,0.9536322031867093,136.0,82.0,54.0,0.0,0.1469946642567666,0.0463677968132907
"(0.03, 0.06, 0.08)",0.8,,False,B,,1524793.0426093643,0.09169536571344539,-0.23879670678041587,-0.24787038550465085,0.08388826130723526,0.103376175226485,0.432351788168186,0.800229685404831,117.0,78.5,38.5,0.0,0.1223386465085635,0.1997703145951691
"(0.03, 0.06, 0.08)",0.8,,True,B,,1548556.9706570038,0.09328455376774569,-0.24709550099457145,-0.2540321696289147,0.08728883724086196,0.10330202477391509,0.44249294106283416,0.8124241577768099,124.0,79.0,44.0,0.0,0.12472161391950673,0.18757584222319013
"(0.03, 0.06, 0.08)",0.95,,False,B,,1807085.0846367513,0.10927748449758301,-0.28957103089094033,-0.31718313586423397,0.10303792020442064,0.11328355873950782,0.5007175429356965,0.9493967242734662,130.5,82.0,48.0,0.0,0.14406529611571728,0.05060327572653379
"(0.03, 0.06, 0.08)",0.95,,True,B,,1796735.1457379535,0.10867834249363706,-0.29691243688472113,-0.31330481577256325,0.10444132445996061,0.1148102324980506,0.5092100484227282,0.9536322031867093,136.0,82.0,54.0,0.0,0.1469946642567666,0.0463677968132907
"(0.03, 0.08, 0)",0.8,,False,B,,1486250.0873815026,0.08904541044277337,-0.2215856715356424,-0.24627208136262238,0.07917929086254091,0.10559886145330753,0.4315652579481984,0.8033702856651046,107.0,80.0,27.5,0.0,0.12322148569409291,0.1966297143348954
"(0.03, 0.08, 0)",0.8,,True,B,,1529637.17085077,0.09202104251030807,-0.23879782986817322,-0.2479380338252834,0.07871508621594156,0.10460726804210317,0.44795448746927913,0.8126563059811787,114.0,78.5,34.0,0.0,0.12749963680897214,0.18734369401882134
"(0.03, 0.08, 0)",0.95,,False,B,,1748761.036536953,0.10585716380124122,-0.27918735721081933,-0.2897005192949851,0.0936813103791895,0.1213413228027878,0.49583128219437267,0.9471592100883476,118.0,80.0,38.0,0.0,0.14521301183786217,0.05284078991165241
"(0.03, 0.08, 0)",0.95,,True,B,,1782641.560064776,0.10785773522720876,-0.29634150763861405,-0.3057292123957879,0.10012757616633583,0.1200955216209732,0.5146332500452317,0.9539690602700266,124.0,81.0,44.0,0.0,0.14953071138142365,0.04603093972997348
"(0.03, 0.08, 0.02)",0.8,,False,B,,1486119.0267412527,0.08905976994914044,-0.22315568616872744,-0.24482208902890978,0.08184159093784804,0.10471524785799731,0.43390050487138787,0.801436913868225,112.5,77.0,27.5,9.0,0.12385937697745003,0.198563086131775
"(0.03, 0.08, 0.02)",0.8,,True,B,,1529637.17085077,0.09202104251030807,-0.23879782986817322,-0.2479380338252834,0.07871508621594156,0.10460726804210317,0.44795448746927913,0.8126563059811787,114.0,78.5,34.0,0.0,0.12749963680897214,0.18734369401882134
"(0.03, 0.08, 0.02)",0.95,,False,B,,1791344.8394974875,0.108364449753234,-0.28350925218089845,-0.29643663810004867,0.09519174950311571,0.12202981594812262,0.501023126385769,0.9515078557206266,127.0,79.0,38.0,9.0,0.14512343507908063,0.04849214427937345
"(0.03, 0.08, 0.02)",0.95,,True,B,,1782641.560064776,0.10785773522720876,-0.29634150763861405,-0.3057292123957879,0.10012757616633583,0.1200955216209732,0.5146332500452317,0.9539690602700266,124.0,81.0,44.0,0.0,0.14953071138142365,0.04603093972997348
"(0.03, 0.08, 0.04)",0.8,,False,B,,1505007.9144396973,0.09034852927237702,-0.22030374846499118,-0.2566745090018129,0.0824614181930677,0.10718962527767605,0.4317679348260821,0.7969148209177062,108.0,77.5,27.5,3.0,0.12422462557147348,0.20308517908229387
"(0.03, 0.08, 0.04)",0.8,,True,B,,1529637.17085077,0.09202104251030807,-0.23879782986817322,-0.2479380338252834,0.07871508621594156,0.10460726804210317,0.44795448746927913,0.8126563059811787,114.0,78.5,34.0,0.0,0.12749963680897214,0.18734369401882134
"(0.03, 0.08, 0.04)",0.95,,False,B,,1773626.0190045107,0.10732904047262504,-0.2819316933646717,-0.2998207987132802,0.09418360729834996,0.12409745952862263,0.5022471452146,0.9480681587564341,120.5,79.5,37.0,3.0,0.14606212170103225,0.05193184124356581
"(0.03, 0.08, 0.04)",0.95,,True,B,,1782641.560064776,0.10785773522720876,-0.29634150763861405,-0.3057292123957879,0.10012757616633583,0.1200955216209732,0.5146332500452317,0.9539690602700266,124.0,81.0,44.0,0.0,0.14953071138142365,0.04603093972997348
"(0.03, 0.08, 0.08)",0.8,,False,B,,1486250.0873815026,0.08904541044277337,-0.2215856715356424,-0.24627208136262238,0.07917929086254091,0.10559886145330753,0.4315652579481984,0.8033702856651046,107.0,80.0,27.5,0.0,0.12322148569409291,0.1966297143348954
"(0.03, 0.08, 0.08)",0.8,,True,B,,1529637.17085077,0.09202104251030807,-0.23879782986817322,-0.2479380338252834,0.07871508621594156,0.10460726804210317,0.44795448746927913,0.8126563059811787,114.0,78.5,34.0,0.0,0.12749963680897214,0.18734369401882134
"(0.03, 0.08, 0.08)",0.95,,False,B,,1748761.036536953,0.10585716380124122,-0.27918735721081933,-0.2897005192949851,0.0936813103791895,0.1213413228027878,0.49583128219437267,0.9471592100883476,118.0,80.0,38.0,0.0,0.14521301183786217,0.05284078991165241
"(0.03, 0.08, 0.08)",0.95,,True,B,,1782641.560064776,0.10785773522720876,-0.29634150763861405,-0.3057292123957879,0.10012757616633583,0.1200955216209732,0.5146332500452317,0.9539690602700266,124.0,81.0,44.0,0.0,0.14953071138142365,0.04603093972997348
"(0.03, 0.1, 0)",0.8,,False,B,,1449714.9535053186,0.08652241147341377,-0.252269737863184,-0.2548245001417603,0.07249500025593499,0.09958180775156303,0.433782343575815,0.7992880896531549,100.0,79.0,21.0,0.0,0.12493483757177448,0.2007119103468451
"(0.03, 0.1, 0)",0.8,,True,B,,1518371.001902091,0.09126205841956991,-0.2333668650830003,-0.256987169043901,0.07614761294885616,0.10455429162232839,0.44807398198913034,0.8125706120130374,105.0,77.5,29.0,0.0,0.12933929002049574,0.18742938798696274
"(0.03, 0.1, 0)",0.95,,False,B,,1663999.1909012552,0.10070373477223449,-0.27541061568264064,-0.29320205245090153,0.08226541228371811,0.12007705991760552,0.504364868590597,0.9472496513902935,108.0,79.0,29.5,0.0,0.148260918446656,0.05275034860970655
"(0.03, 0.1, 0)",0.95,,True,B,,1765429.5249049542,0.10684683838666365,-0.28410736631456057,-0.2918871927680662,0.09327076355799939,0.12536499681814908,0.5179211876087615,0.9539555600516796,117.0,79.0,36.5,0.0,0.15169466327972395,0.04604443994832043
"(0.03, 0.1, 0.02)",0.8,,False,B,,1500603.9097099893,0.09005220486323717,-0.25308226555638247,-0.2643294365888365,0.07425734908515007,0.10077114709437186,0.43883558326040945,0.8001057935892368,106.0,76.0,21.5,8.5,0.1256270244787212,0.19989420641076322
"(0.03, 0.1, 0.02)",0.8,,True,B,,1518371.001902091,0.09126205841956991,-0.2333668650830003,-0.256987169043901,0.07614761294885616,0.10455429162232839,0.44807398198913034,0.8125706120130374,105.0,77.5,29.0,0.0,0.12933929002049574,0.18742938798696274
"(0.03, 0.1, 0.02)",0.95,,False,B,,1687546.0827836469,0.10215740784892702,-0.28170441428537674,-0.29600266984762896,0.08822619481135938,0.12351885794811786,0.5065842254604482,0.9516120067324153,115.0,77.5,29.0,8.5,0.14924416192798545,0.04838799326758477
"(0.03, 0.1, 0.02)",0.95,,True,B,,1765429.5249049542,0.10684683838666365,-0.28410736631456057,-0.2918871927680662,0.09327076355799939,0.12536499681814908,0.5179211876087615,0.9539555600516796,117.0,79.0,36.5,0.0,0.15169466327972395,0.04604443994832043
"(0.03, 0.1, 0.04)",0.8,,False,B,,1524647.2828394198,0.0916849455992208,-0.2478542490232435,-0.26359594776436446,0.07462037066649327,0.10497946613140144,0.4358291991680514,0.8006438723608997,102.0,77.5,21.5,3.0,0.12586936150718736,0.19935612763910032
"(0.03, 0.1, 0.04)",0.8,,True,B,,1518371.001902091,0.09126205841956991,-0.2333668650830003,-0.256987169043901,0.07614761294885616,0.10455429162232839,0.44807398198913034,0.8125706120130374,105.0,77.5,29.0,0.0,0.12933929002049574,0.18742938798696274
"(0.03, 0.1, 0.04)",0.95,,False,B,,1703237.0025563485,0.10311857764815446,-0.276026727056695,-0.3034077290344237,0.08488467486310551,0.12191307889630132,0.5029895569561318,0.9470452446557718,110.5,77.0,29.5,3.0,0.14788741465996597,0.05295475534422811
"(0.03, 0.1, 0.04)",0.95,,True,B,,1765429.5249049542,0.10684683838666365,-0.28410736631456057,-0.2918871927680662,0.09327076355799939,0.12536499681814908,0.5179211876087615,0.9539555600516796,117.0,79.0,36.5,0.0,0.15169466327972395,0.04604443994832043
"(0.03, 0.1, 0.08)",0.8,,False,B,,1465903.3950826754,0.08765497243040388,-0.252269737863184,-0.2548245001417603,0.07249500025593499,0.10233696009872938,0.43396553756883705,0.7999646618857771,100.0,79.0,21.0,0.0,0.12454721642929491,0.20003533811422283
"(0.03, 0.1, 0.08)",0.8,,True,B,,1518371.001902091,0.09126205841956991,-0.2333668650830003,-0.256987169043901,0.07614761294885616,0.10455429162232839,0.44807398198913034,0.8125706120130374,105.0,77.5,29.0,0.0,0.12933929002049574,0.18742938798696274
"(0.03, 0.1, 0.08)",0.95,,False,B,,1727245.2815512803,0.1045727876937047,-0.27602388397958627,-0.3120831046103825,0.08458398479311587,0.12007705991760552,0.502871127832996,0.9464597819294851,109.0,79.0,29.0,1.0,0.14880169685920544,0.053540218070514886
"(0.03, 0.1, 0.08)",0.95,,True,B,,1765429.5249049542,0.10684683838666365,-0.28410736631456057,-0.2918871927680662,0.09327076355799939,0.12536499681814908,0.5179211876087615,0.9539555600516796,117.0,79.0,36.5,0.0,0.15169466327972395,0.04604443994832043
"(0.03, 0.12, 0)",0.8,,False,B,,1393933.023572233,0.08251862365411367,-0.24504827441243648,-0.2514994820665206,0.06754014196424703,0.10234833353878167,0.4339040297235054,0.7908682825857352,96.5,82.0,16.0,0.0,0.1246183072193835,0.20913171741426484
"(0.03, 0.12, 0)",0.8,,True,B,,1502861.797511515,0.09020760576733577,-0.26797159692391914,-0.2736073159140502,0.06524698700075134,0.10728706368604021,0.45382834217481527,0.8123031214809362,101.5,78.0,24.5,0.0,0.13247890449789235,0.18769687851906375
"(0.03, 0.12, 0)",0.95,,False,B,,1709673.972345042,0.10351080398626367,-0.2577096482566156,-0.31464200655457947,0.0809282404148034,0.11677126125485443,0.4995873301508858,0.9370171037037814,102.0,77.5,24.0,0.0,0.14906429457764075,0.06298289629621859
"(0.03, 0.12, 0)",0.95,,True,B,,1712096.4476857437,0.10365589989740354,-0.27041859753032627,-0.29323485138025956,0.09110491408238133,0.1205391704516533,0.5161281922491004,0.953997095663706,111.0,78.5,32.0,0.0,0.15407519474940845,0.04600290433629384
"(0.03, 0.12, 0.02)",0.8,,False,B,,1448876.453680959,0.086458471117552,-0.2531323404763558,-0.26859442576932674,0.06918406419654681,0.10448985355010135,0.44094163423838156,0.8026662214195358,107.0,78.0,16.0,14.0,0.12679723960178096,0.1973337785804642
"(0.03, 0.12, 0.02)",0.8,,True,B,,1502861.797511515,0.09020760576733577,-0.26797159692391914,-0.2736073159140502,0.06524698700075134,0.10728706368604021,0.45382834217481527,0.8123031214809362,101.5,78.0,24.5,0.0,0.13247890449789235,0.18769687851906375
"(0.03, 0.12, 0.02)",0.95,,False,B,,1747002.34068774,0.10575518966103414,-0.26504044375324887,-0.292345306655249,0.08563860901948302,0.12105079984511934,0.5004051298663541,0.9516565320502746,113.0,77.5,23.5,9.0,0.14963030376319753,0.048343467949725355
"(0.03, 0.12, 0.02)",0.95,,True,B,,1712096.4476857437,0.10365589989740354,-0.27041859753032627,-0.29323485138025956,0.09110491408238133,0.1205391704516533,0.5161281922491004,0.953997095663706,111.0,78.5,32.0,0.0,0.15407519474940845,0.04600290433629384
"(0.03, 0.12, 0.04)",0.8,,False,B,,1449426.7132253966,0.0864871557871979,-0.2538566471054651,-0.2638769008641889,0.0720080912896067,0.10650247295394585,0.43866654716910414,0.7998678233987948,99.5,79.0,16.0,6.0,0.1270279293725578,0.2001321766012052
"(0.03, 0.12, 0.04)",0.8,,True,B,,1502861.797511515,0.09020760576733577,-0.26797159692391914,-0.2736073159140502,0.06524698700075134,0.10728706368604021,0.45382834217481527,0.8123031214809362,101.5,78.0,24.5,0.0,0.13247890449789235,0.18769687851906375
"(0.03, 0.12, 0.04)",0.95,,False,B,,1733909.406453599,0.10497294477403574,-0.2577095650262479,-0.30359020266655323,0.08461143758501757,0.11877797370010412,0.5019969141269461,0.9426319244910188,104.0,77.5,23.5,2.5,0.14921035581053085,0.057368075508981264
"(0.03, 0.12, 0.04)",0.95,,True,B,,1712096.4476857437,0.10365589989740354,-0.27041859753032627,-0.29323485138025956,0.09110491408238133,0.1205391704516533,0.5161281922491004,0.953997095663706,111.0,78.5,32.0,0.0,0.15407519474940845,0.04600290433629384
"(0.03, 0.12, 0.08)",0.8,,False,B,,1503244.479000025,0.09022770377357425,-0.2586198330473653,-0.2627317712579773,0.07299733896367736,0.10649115762628453,0.43728844023622515,0.7979688693949045,97.5,80.0,16.0,2.0,0.1273300816068062,0.20203113060509548
"(0.03, 0.12, 0.08)",0.8,,True,B,,1502861.797511515,0.09020760576733577,-0.26797159692391914,-0.2736073159140502,0.06524698700075134,0.10728706368604021,0.45382834217481527,0.8123031214809362,101.5,78.0,24.5,0.0,0.13247890449789235,0.18769687851906375
"(0.03, 0.12, 0.08)",0.95,,False,B,,1715666.0103539322,0.10387416775663649,-0.2577096482566156,-0.29975556442811735,0.0873398875921261,0.11705100728139398,0.4999316428925574,0.9339979599341102,102.5,77.5,24.0,1.0,0.14906429457764075,0.06600204006588974
"(0.03, 0.12, 0.08)",0.95,,True,B,,1712096.4476857437,0.10365589989740354,-0.27041859753032627,-0.29323485138025956,0.09110491408238133,0.1205391704516533,0.5161281922491004,0.953997095663706,111.0,78.5,32.0,0.0,0.15407519474940845,0.04600290433629384
"(0.03, 0.15, 0)",0.8,,False,B,,1435887.7376733036,0.08554140064439664,-0.2638392957322485,-0.26384584292617297,0.06723472136930679,0.10187262361101508,0.43639879739535925,0.8003873816435554,92.5,78.0,13.5,0.0,0.13070278488981046,0.19961261835644462
"(0.03, 0.15, 0)",0.8,,True,B,,1494360.0712431376,0.08962404081441722,-0.263905966739093,-0.27294277135535694,0.06920562037895536,0.10218597050655383,0.46437192410695594,0.8115469249948223,98.0,77.5,21.0,0.0,0.13601545455570796,0.1884530750051777
"(0.03, 0.15, 0)",0.95,,False,B,,1648123.9269113543,0.09969124216738501,-0.298187896391158,-0.32332170387135906,0.07295532153980884,0.12379858897710504,0.5027432294166138,0.9412508949791853,97.5,79.5,19.0,0.0,0.15204761367931807,0.05874910502081469
"(0.03, 0.15, 0)",0.95,,True,B,,1731308.5041428842,0.10481616750987655,-0.310330785710443,-0.3194155343942372,0.07494946103206268,0.1238444083247904,0.5262320091087436,0.9539343555990951,105.0,78.5,28.0,0.0,0.15847722968035913,0.046065644400904986
"(0.03, 0.15, 0.02)",0.8,,False,B,,1463269.9629483153,0.08746878732845365,-0.2701724544948372,-0.27167013099337767,0.07321374459141443,0.10203394746801557,0.44263487233344334,0.8087120014838425,97.5,76.0,14.0,7.0,0.1337869751399408,0.19128799851615758
"(0.03, 0.15, 0.02)",0.8,,True,B,,1494360.0712431376,0.08962404081441722,-0.263905966739093,-0.27294277135535694,0.06920562037895536,0.10218597050655383,0.46437192410695594,0.8115469249948223,98.0,77.5,21.0,0.0,0.13601545455570796,0.1884530750051777
"(0.03, 0.15, 0.02)",0.95,,False,B,,1669005.5719760668,0.10101013275269066,-0.317200152473025,-0.33060414863533216,0.08039535417994481,0.1264581620683821,0.5138284690104256,0.9515065106700249,107.0,78.0,19.0,10.0,0.15483202152085657,0.048493489329975145
"(0.03, 0.15, 0.02)",0.95,,True,B,,1731308.5041428842,0.10481616750987655,-0.310330785710443,-0.3194155343942372,0.07494946103206268,0.1238444083247904,0.5262320091087436,0.9539343555990951,105.0,78.5,28.0,0.0,0.15847722968035913,0.046065644400904986
"(0.03, 0.15, 0.04)",0.8,,False,B,,1472927.570159303,0.08814283864087069,-0.2638392957322485,-0.26384584292617297,0.07163032790300539,0.10214343910760237,0.43985986868622273,0.8042213534227406,94.0,78.5,13.5,2.0,0.13264264348555077,0.1957786465772594
"(0.03, 0.15, 0.04)",0.8,,True,B,,1494360.0712431376,0.08962404081441722,-0.263905966739093,-0.27294277135535694,0.06920562037895536,0.10218597050655383,0.46437192410695594,0.8115469249948223,98.0,77.5,21.0,0.0,0.13601545455570796,0.1884530750051777
"(0.03, 0.15, 0.04)",0.95,,False,B,,1707191.9545342908,0.10324558928736072,-0.3154792282179849,-0.32332170387135906,0.07850654267615473,0.12429915141440379,0.5105758417715198,0.9445935507344351,100.0,77.0,19.0,4.0,0.1546392722943482,0.05540644926556494
"(0.03, 0.15, 0.04)",0.95,,True,B,,1731308.5041428842,0.10481616750987655,-0.310330785710443,-0.3194155343942372,0.07494946103206268,0.1238444083247904,0.5262320091087436,0.9539343555990951,105.0,78.5,28.0,0.0,0.15847722968035913,0.046065644400904986
"(0.03, 0.15, 0.08)",0.8,,False,B,,1449900.4511154743,0.08653519004256505,-0.26384491969119883,-0.26639236435920904,0.0705306008262643,0.10335595758617698,0.44195149347434204,0.7994554316646574,92.0,78.5,13.5,1.0,0.13221645048805025,0.20054456833534268
"(0.03, 0.15, 0.08)",0.8,,True,B,,1494360.0712431376,0.08962404081441722,-0.263905966739093,-0.27294277135535694,0.06920562037895536,0.10218597050655383,0.46437192410695594,0.8115469249948223,98.0,77.5,21.0,0.0,0.13601545455570796,0.1884530750051777
"(0.03, 0.15, 0.08)",0.95,,False,B,,1688307.2588399493,0.10216825161324883,-0.3084515468754002,-0.323575737815459,0.07715840217514398,0.12524707955959818,0.5057446365402203,0.9409121284566012,98.0,78.0,19.0,1.0,0.1531306928742493,0.05908787154339873
"(0.03, 0.15, 0.08)",0.95,,True,B,,1731308.5041428842,0.10481616750987655,-0.310330785710443,-0.3194155343942372,0.07494946103206268,0.1238444083247904,0.5262320091087436,0.9539343555990951,105.0,78.5,28.0,0.0,0.15847722968035913,0.046065644400904986
"(0.03, 0.2, 0)",0.8,,False,B,,1508750.5617853121,0.09060978909269823,-0.26788304669308777,-0.2752130636098027,0.07191410507520017,0.10299237949431345,0.43271178311885733,0.7967265902001506,90.5,81.0,10.0,0.0,0.13172588656898676,0.20327340979984945
"(0.03, 0.2, 0)",0.8,,True,B,,1536226.583567447,0.09244849354752771,-0.2818414873910615,-0.28658415406243254,0.06843130709158533,0.10481810192540122,0.4632706109379784,0.8133670078370359,93.0,77.0,17.0,0.0,0.14063342826506378,0.1866329921629642
"(0.03, 0.2, 0)",0.95,,False,B,,1617485.364237877,0.09777068426291025,-0.323544474221189,-0.323555528465696,0.07296204049744978,0.11569745447651883,0.5129399725334076,0.9458855110903817,93.0,80.0,13.0,0.0,0.16145514920085677,0.05411448890961845
"(0.03, 0.2, 0)",0.95,,True,B,,1722845.3761930764,0.10430690762503536,-0.3196798570514701,-0.332186891060893,0.07739667184120114,0.11895579376847143,0.5410876531952631,0.9536953236812925,98.0,78.0,21.0,0.0,0.16615893637368523,0.04630467631870751
"(0.03, 0.2, 0.02)",0.8,,False,B,,1552149.8690585333,0.09352087099191453,-0.27051536208072124,-0.2814454971705433,0.06628411310498375,0.10414933318560649,0.4385356022286303,0.8032907951429689,98.5,77.0,9.5,12.0,0.13349789215698488,0.19670920485703114
"(0.03, 0.2, 0.02)",0.8,,True,B,,1536226.583567447,0.09244849354752771,-0.2818414873910615,-0.28658415406243254,0.06843130709158533,0.10481810192540122,0.4632706109379784,0.8133670078370359,93.0,77.0,17.0,0.0,0.14063342826506378,0.1866329921629642
"(0.03, 0.2, 0.02)",0.95,,False,B,,1677496.9285933105,0.10152840649158179,-0.3290459280485051,-0.3307984874621134,0.0775212063547475,0.11976000561083902,0.5156516998649971,0.9513769591419224,100.5,77.0,13.0,9.0,0.16289074557847755,0.04862304085807759
"(0.03, 0.2, 0.02)",0.95,,True,B,,1722845.3761930764,0.10430690762503536,-0.3196798570514701,-0.332186891060893,0.07739667184120114,0.11895579376847143,0.5410876531952631,0.9536953236812925,98.0,78.0,21.0,0.0,0.16615893637368523,0.04630467631870751
"(0.03, 0.2, 0.04)",0.8,,False,B,,1568848.2113314453,0.09461821234651102,-0.26399018776289035,-0.2821169548781201,0.07322885592172142,0.10426084147990188,0.4344119322704616,0.8027986336482016,92.5,78.0,10.0,5.0,0.13240799455154365,0.1972013663517984
"(0.03, 0.2, 0.04)",0.8,,True,B,,1536226.583567447,0.09244849354752771,-0.2818414873910615,-0.28658415406243254,0.06843130709158533,0.10481810192540122,0.4632706109379784,0.8133670078370359,93.0,77.0,17.0,0.0,0.14063342826506378,0.1866329921629642
"(0.03, 0.2, 0.04)",0.95,,False,B,,1675852.3660303084,0.10140186279830088,-0.323544474221189,-0.323555528465696,0.08203153416341546,0.11811433952598005,0.5116467295488241,0.9459302425506017,96.0,79.5,13.0,4.0,0.16234647438136085,0.05406975744939836
"(0.03, 0.2, 0.04)",0.95,,True,B,,1722845.3761930764,0.10430690762503536,-0.3196798570514701,-0.332186891060893,0.07739667184120114,0.11895579376847143,0.5410876531952631,0.9536953236812925,98.0,78.0,21.0,0.0,0.16615893637368523,0.04630467631870751
"(0.03, 0.2, 0.08)",0.8,,False,B,,1541916.6506086397,0.09284146749469846,-0.26788304669308777,-0.2752130636098027,0.07303377604073416,0.10378346119486168,0.43722804885253574,0.7960289775073562,89.5,78.5,10.0,1.0,0.13296341849297463,0.20397102249264376
"(0.03, 0.2, 0.08)",0.8,,True,B,,1536226.583567447,0.09244849354752771,-0.2818414873910615,-0.28658415406243254,0.06843130709158533,0.10481810192540122,0.4632706109379784,0.8133670078370359,93.0,77.0,17.0,0.0,0.14063342826506378,0.1866329921629642
"(0.03, 0.2, 0.08)",0.95,,False,B,,1638895.6902259383,0.09911447583105915,-0.3235461448080871,-0.3235897638604604,0.07713527892466972,0.12060608831715806,0.5150871047038199,0.9458997287068469,93.0,80.0,13.0,1.0,0.1633362175385707,0.054100271293153125
"(0.03, 0.2, 0.08)",0.95,,True,B,,1722845.3761930764,0.10430690762503536,-0.3196798570514701,-0.332186891060893,0.07739667184120114,0.11895579376847143,0.5410876531952631,0.9536953236812925,98.0,78.0,21.0,0.0,0.16615893637368523,0.04630467631870751
"(0.04, 0.03, 0)",0.8,,False,B,,1481073.5557191102,0.08871189463967921,-0.2451304705588475,-0.2533981657805756,0.08675007532112604,0.09172573990143251,0.4449408297614684,0.8004347041476144,129.0,77.0,52.0,0.0,0.12138929730657022,0.19956529585238553
"(0.04, 0.03, 0)",0.8,,True,B,,1527516.092819465,0.09187862846722583,-0.24786286541674352,-0.2583240380371621,0.08949428903578235,0.09394847973777543,0.45077186227879207,0.8074302983072257,134.5,78.5,56.0,0.0,0.12340874162584023,0.19256970169277438
"(0.04, 0.03, 0)",0.95,,False,B,,1728285.733790244,0.10463548134808731,-0.26008483662726517,-0.2620701490374626,0.10214745190657452,0.10695560409477593,0.49553341392521855,0.9511701338921237,145.0,79.0,66.0,0.0,0.1363409568738811,0.0488298661078764
"(0.04, 0.03, 0)",0.95,,True,B,,1752715.0857549915,0.10609486991507444,-0.2658908045738212,-0.26813930737747205,0.10512746245317801,0.10693061280931455,0.4981851566789286,0.9522424941646017,149.0,81.0,68.0,0.0,0.13685265636779603,0.04775750583539831
"(0.04, 0.03, 0.02)",0.8,,False,B,,1502448.9908853709,0.09018051262494342,-0.23949671145594764,-0.251628444325437,0.08700802415311246,0.09361390265556373,0.44667769277006875,0.7996327860990979,133.0,75.0,53.0,5.0,0.12072972725639049,0.20036721390090206
"(0.04, 0.03, 0.02)",0.8,,True,B,,1535136.0646117474,0.09238975428338714,-0.24506870782473944,-0.2569765615045561,0.08982813106888721,0.0951968563333838,0.45240035613738167,0.8096100194339438,137.0,78.0,55.0,4.0,0.12380256609439277,0.19038998056605616
"(0.04, 0.03, 0.02)",0.95,,False,B,,1806385.435404888,0.10923738655086579,-0.2796380487384134,-0.2810050457513627,0.10641739712378587,0.1126933428679524,0.5031069913012635,0.9495673837948746,159.0,76.5,61.0,20.5,0.14061054268341439,0.05043261620512547
"(0.04, 0.03, 0.02)",0.95,,True,B,,1826065.437577269,0.11036864023510384,-0.2848067484071766,-0.28739312125738276,0.10797566664169753,0.11378125799574697,0.5065106215020965,0.9512563276635044,164.0,79.0,62.0,22.0,0.14232739276674153,0.048743672336495514
"(0.04, 0.03, 0.04)",0.8,,False,B,,1494925.3921575253,0.08966583719046672,-0.23578626519038448,-0.24987774803106305,0.08686164199106579,0.09240324781228888,0.4452515873934683,0.8004347041476144,130.0,76.0,52.5,1.0,0.12126119059618914,0.19956529585238553
"(0.04, 0.03, 0.04)",0.8,,True,B,,1540862.3591991346,0.09277245788016752,-0.24662898530947008,-0.2567925843588178,0.08997443889411919,0.09565214345444495,0.45178615322420823,0.809656900931027,136.0,78.0,55.0,2.0,0.12361782556614614,0.19034309906897298
"(0.04, 0.03, 0.04)",0.95,,False,B,,1812975.6947001033,0.10961739139891002,-0.28047490156840205,-0.2892179083915039,0.10520978172581485,0.1120899375599504,0.504560625063092,0.9459321415784141,148.0,77.0,62.0,10.0,0.14095462078834253,0.05406785842158586
"(0.04, 0.03, 0.04)",0.95,,True,B,,1822114.0865543291,0.11014142012627637,-0.28635184033281097,-0.29075645455210786,0.10663572742431267,0.11490184042742482,0.5075715349295836,0.9530967461638629,153.0,79.0,62.0,12.0,0.1424880190556331,0.046903253836137096
"(0.04, 0.03, 0.08)",0.8,,False,B,,1481073.5557191102,0.08871189463967921,-0.2451304705588475,-0.2533981657805756,0.08675007532112604,0.09172573990143251,0.4449408297614684,0.8004347041476144,129.0,77.0,52.0,0.0,0.12138929730657022,0.19956529585238553
"(0.04, 0.03, 0.08)",0.8,,True,B,,1536722.5027357896,0.09249594084189416,-0.24662898530947008,-0.2567925843588178,0.08997443889411919,0.09565160566620075,0.4520874550331474,0.809656900931027,135.0,78.0,55.0,2.0,0.12363872997145581,0.19034309906897298
"(0.04, 0.03, 0.08)",0.95,,False,B,,1829902.1582541023,0.11058775038392221,-0.27772241343534715,-0.291508230466342,0.10386890586169262,0.11516744911526247,0.4977940692328196,0.9473888006892899,144.0,77.0,62.0,4.5,0.14044349886312485,0.052611199310710004
"(0.04, 0.03, 0.08)",0.95,,True,B,,1857198.7619719328,0.11213124073258274,-0.28236916982216353,-0.2991237449768082,0.10603168126148528,0.11668153961781387,0.5045736703005288,0.9530621870909031,148.5,78.0,62.0,7.0,0.14277325832301307,0.04693781290909687
"(0.04, 0.04, 0)",0.8,,False,B,,1460091.0165567112,0.0872518423959221,-0.2390886004795496,-0.24975679708817441,0.08313227046954128,0.09537697665278354,0.44758500201942414,0.8061959742916944,118.0,75.5,43.0,0.0,0.12206824070685729,0.19380402570830563
"(0.04, 0.04, 0)",0.8,,True,B,,1501097.6702666867,0.0900880992516796,-0.24608052597536584,-0.2508296507882113,0.08602605789758533,0.09625001553427602,0.4553487906879532,0.8073057217217146,124.0,78.0,46.5,0.0,0.12434905748160395,0.19269427827828545
"(0.04, 0.04, 0)",0.95,,False,B,,1754425.7844168583,0.10619504490666487,-0.27709821650600114,-0.28420361103528297,0.10314399785765123,0.1094660016059125,0.5122536932614751,0.9460658437484553,135.0,79.0,57.0,0.0,0.1419501329681916,0.05393415625154471
"(0.04, 0.04, 0)",0.95,,True,B,,1794676.4359044444,0.10855914554553492,-0.28256497053962426,-0.28361425312980304,0.10670406930650941,0.11110427739400704,0.5186399795103644,0.9514360087478411,139.0,79.0,60.0,0.0,0.1437247431247476,0.04856399125215899
"(0.04, 0.04, 0.02)",0.8,,False,B,,1470207.7151636803,0.08795814877765784,-0.23575537726703144,-0.2552840148255539,0.08401450182943124,0.09801441734589338,0.45063097592214785,0.8061959742916944,120.0,75.0,43.0,2.0,0.12195165211589512,0.19380402570830563
"(0.04, 0.04, 0.02)",0.8,,True,B,,1501097.6702666867,0.0900880992516796,-0.24608052597536584,-0.2508296507882113,0.08602605789758533,0.09625001553427602,0.4553487906879532,0.8073057217217146,124.0,78.0,46.5,0.0,0.12434905748160395,0.19269427827828545
"(0.04, 0.04, 0.02)",0.95,,False,B,,1750175.826392488,0.10594038297722164,-0.28846945698639387,-0.2953518399722219,0.10187719262243985,0.11066041709589172,0.5132809425568948,0.9471216688500008,138.0,77.0,56.0,5.5,0.14290674565004932,0.05287833114999921
"(0.04, 0.04, 0.02)",0.95,,True,B,,1814905.3492396465,0.10972800816543293,-0.29077483919963865,-0.2927195373130142,0.10687941111151275,0.11211801723690504,0.5196604143558868,0.9531002077589807,145.0,79.0,59.0,7.0,0.14518427504288794,0.046899792241019304
"(0.04, 0.04, 0.04)",0.8,,False,B,,1460091.0165567112,0.0872518423959221,-0.2390886004795496,-0.24975679708817441,0.08313227046954128,0.09667309470893108,0.44758500201942414,0.8061959742916944,118.0,75.5,43.0,0.0,0.12206824070685729,0.19380402570830563
"(0.04, 0.04, 0.04)",0.8,,True,B,,1501097.6702666867,0.0900880992516796,-0.24608052597536584,-0.2508296507882113,0.08602605789758533,0.09625001553427602,0.4553487906879532,0.8073057217217146,124.0,78.0,46.5,0.0,0.12434905748160395,0.19269427827828545
"(0.04, 0.04, 0.04)",0.95,,False,B,,1769477.2730099296,0.10708561562345142,-0.2862462781139566,-0.28929922456948337,0.10373423267933975,0.11144968363658611,0.5128615944072346,0.9469503527250974,136.0,78.0,57.0,2.0,0.14255005190539716,0.05304964727490254
"(0.04, 0.04, 0.04)",0.95,,True,B,,1813309.550751538,0.10963590811233037,-0.288591509255352,-0.2981215712594602,0.10605925971887262,0.11247428184602278,0.5187575198648499,0.9531189415476553,141.5,79.0,58.0,4.0,0.14492853751891638,0.046881058452344734
"(0.04, 0.04, 0.08)",0.8,,False,B,,1460091.0165567112,0.0872518423959221,-0.2390886004795496,-0.24975679708817441,0.08313227046954128,0.09537697665278354,0.44758500201942414,0.8061959742916944,118.0,75.5,43.0,0.0,0.12206824070685729,0.19380402570830563
"(0.04, 0.04, 0.08)",0.8,,True,B,,1501097.6702666867,0.0900880992516796,-0.24608052597536584,-0.2508296507882113,0.08602605789758533,0.09625001553427602,0.4553487906879532,0.8073057217217146,124.0,78.0,46.5,0.0,0.12434905748160395,0.19269427827828545
"(0.04, 0.04, 0.08)",0.95,,False,B,,1754425.7844168583,0.10619504490666487,-0.27709821650600114,-0.28420361103528297,0.10314399785765123,0.10959697891468793,0.5122536932614751,0.9460658437484553,135.0,78.0,57.0,0.0,0.14194816657372678,0.05393415625154471
"(0.04, 0.04, 0.08)",0.95,,True,B,,1824754.9157110993,0.11029365562772842,-0.2935100422806316,-0.2991355682597084,0.10691566805350343,0.11404576919200997,0.5180284765600307,0.9532508545813754,139.0,79.0,58.0,2.0,0.1447552483895705,0.046749145418624696
"(0.04, 0.06, 0)",0.8,,False,B,,1445475.856387848,0.0862228133497196,-0.22912961879785337,-0.24621519633563027,0.07383312348918507,0.09220813077193282,0.45299429403549213,0.8070886888128141,105.0,75.0,30.0,0.0,0.12420942705587174,0.19291131118718585
"(0.04, 0.06, 0)",0.8,,True,B,,1482761.9977953462,0.08882692514497637,-0.23281836456053007,-0.2388319177164208,0.07927397004109245,0.09679202242571922,0.4611147794842656,0.8071406875626413,110.5,76.0,34.0,0.0,0.1256023747154445,0.1928593124373586
"(0.04, 0.06, 0)",0.95,,False,B,,1684397.6958122435,0.10196582909527674,-0.2770848947139314,-0.28833116804957853,0.09769915000680005,0.11388892500675647,0.5158289039455887,0.9444254926675921,119.0,78.0,41.0,0.0,0.14482638924993674,0.05557450733240793
"(0.04, 0.06, 0)",0.95,,True,B,,1747900.5960287296,0.10580849634554157,-0.28358315451040034,-0.2995274800106479,0.100454264747728,0.1184551036893664,0.5236789174947288,0.9533334296852303,125.0,79.0,46.0,0.0,0.14698335177742222,0.04666657031476974
"(0.04, 0.06, 0.02)",0.8,,False,B,,1469707.1995164496,0.0879087900007609,-0.23097454111649524,-0.2477087288921184,0.07540493172041904,0.09587755311229232,0.45554610857043126,0.8070886888128141,109.0,75.0,29.5,4.0,0.12454928512669994,0.19291131118718585
"(0.04, 0.06, 0.02)",0.8,,True,B,,1482761.9977953462,0.08882692514497637,-0.23281836456053007,-0.2388319177164208,0.07927397004109245,0.09679202242571922,0.4611147794842656,0.8071406875626413,110.5,76.0,34.0,0.0,0.1256023747154445,0.1928593124373586
"(0.04, 0.06, 0.02)",0.95,,False,B,,1712607.008452755,0.10368892054602474,-0.2820477933073543,-0.2918918169193694,0.0997391931895508,0.11281156288623978,0.5194495410943082,0.9493105333204962,122.0,77.0,40.5,5.0,0.14560969749686536,0.05068946667950376
"(0.04, 0.06, 0.02)",0.95,,True,B,,1747900.5960287296,0.10580849634554157,-0.28358315451040034,-0.2995274800106479,0.100454264747728,0.1184551036893664,0.5236789174947288,0.9533334296852303,125.0,79.0,46.0,0.0,0.14698335177742222,0.04666657031476974
"(0.04, 0.06, 0.04)",0.8,,False,B,,1445562.5693215947,0.08622914530591808,-0.22798968125738744,-0.23931408354722566,0.07562827783777615,0.09416885542671045,0.4542030725630407,0.8070886888128141,106.0,75.0,29.5,2.0,0.124011025778242,0.19291131118718585
"(0.04, 0.06, 0.04)",0.8,,True,B,,1482761.9977953462,0.08882692514497637,-0.23281836456053007,-0.2388319177164208,0.07927397004109245,0.09679202242571922,0.4611147794842656,0.8071406875626413,110.5,76.0,34.0,0.0,0.1256023747154445,0.1928593124373586
"(0.04, 0.06, 0.04)",0.95,,False,B,,1711394.6240509585,0.10361174871108014,-0.2772844358669105,-0.28751427109663535,0.09792897222281952,0.11670744497035178,0.5164529388526689,0.9487678162102244,120.0,78.0,41.0,1.0,0.14486431551014062,0.0512321837897756
"(0.04, 0.06, 0.04)",0.95,,True,B,,1747900.5960287296,0.10580849634554157,-0.28358315451040034,-0.2995274800106479,0.100454264747728,0.1184551036893664,0.5236789174947288,0.9533334296852303,125.0,79.0,46.0,0.0,0.14698335177742222,0.04666657031476974
"(0.04, 0.06, 0.08)",0.8,,False,B,,1445475.856387848,0.0862228133497196,-0.22912961879785337,-0.24621519633563027,0.07383312348918507,0.09220813077193282,0.45299429403549213,0.8070886888128141,105.0,75.0,30.0,0.0,0.12420942705587174,0.19291131118718585
"(0.04, 0.06, 0.08)",0.8,,True,B,,1482761.9977953462,0.08882692514497637,-0.23281836456053007,-0.2388319177164208,0.07927397004109245,0.09679202242571922,0.4611147794842656,0.8071406875626413,110.5,76.0,34.0,0.0,0.1256023747154445,0.1928593124373586
"(0.04, 0.06, 0.08)",0.95,,False,B,,1684397.6958122435,0.10196582909527674,-0.2770848947139314,-0.28833116804957853,0.09769915000680005,0.11388892500675647,0.5158289039455887,0.9444254926675921,119.0,78.0,41.0,0.0,0.14482638924993674,0.05557450733240793
"(0.04, 0.06, 0.08)",0.95,,True,B,,1747900.5960287296,0.10580849634554157,-0.28358315451040034,-0.2995274800106479,0.100454264747728,0.1184551036893664,0.5236789174947288,0.9533334296852303,125.0,79.0,46.0,0.0,0.14698335177742222,0.04666657031476974
"(0.04, 0.08, 0)",0.8,,False,B,,1431260.8534287894,0.08520500606731973,-0.24490535440447175,-0.25816801475857937,0.07152883837385313,0.09869989660309256,0.45599074013859675,0.8064827720248003,97.0,77.0,21.5,0.0,0.12449909292025275,0.19351722797519963
"(0.04, 0.08, 0)",0.8,,True,B,,1475085.1214441997,0.08829263578740276,-0.23315547162674094,-0.25348650066240447,0.0760636245809824,0.09831508673910716,0.46504785042405483,0.8106469901280831,103.0,76.0,28.0,0.0,0.12729577403419634,0.18935300987191708
"(0.04, 0.08, 0)",0.95,,False,B,,1612450.1413130648,0.09744501275254291,-0.27751542638228716,-0.2997967490632417,0.08418083741334828,0.1121829568883763,0.5264400432315521,0.9396727324203281,107.5,76.5,31.0,0.0,0.1465039778405141,0.060327267579671856
"(0.04, 0.08, 0)",0.95,,True,B,,1725059.55598708,0.1044409891057394,-0.2800804993898106,-0.2910989330860774,0.0935674519182518,0.12099580909982452,0.5338922815234994,0.9535556574970617,116.0,78.0,37.0,0.0,0.15005735082899024,0.046444342502938246
"(0.04, 0.08, 0.02)",0.8,,False,B,,1428920.267065912,0.08503785684228371,-0.2485491529972192,-0.2546728197770061,0.07185709941520706,0.10463590896729706,0.46020124948321245,0.806681174657661,103.0,75.5,20.0,7.5,0.12546891397085583,0.193318825342339
"(0.04, 0.08, 0.02)",0.8,,True,B,,1475085.1214441997,0.08829263578740276,-0.23315547162674094,-0.25348650066240447,0.0760636245809824,0.09831508673910716,0.46504785042405483,0.8106469901280831,103.0,76.0,28.0,0.0,0.12729577403419634,0.18935300987191708
"(0.04, 0.08, 0.02)",0.95,,False,B,,1657460.9099529898,0.10029558418606133,-0.2716290547562816,-0.2867843086882951,0.09083976679976147,0.11290320128562323,0.5225532712616724,0.947449474533576,113.0,76.0,31.0,7.0,0.14637610763291165,0.052550525466423956
"(0.04, 0.08, 0.02)",0.95,,True,B,,1725059.55598708,0.1044409891057394,-0.2800804993898106,-0.2910989330860774,0.0935674519182518,0.12099580909982452,0.5338922815234994,0.9535556574970617,116.0,78.0,37.0,0.0,0.15005735082899024,0.046444342502938246
"(0.04, 0.08, 0.04)",0.8,,False,B,,1460348.5762995214,0.08726954112969554,-0.23768548997993905,-0.25527242419599455,0.07307222286425301,0.10042405922987614,0.46012020149717203,0.8068067461673328,99.0,75.5,20.5,3.0,0.1255522217988057,0.19319325383266717
"(0.04, 0.08, 0.04)",0.8,,True,B,,1475085.1214441997,0.08829263578740276,-0.23315547162674094,-0.25348650066240447,0.0760636245809824,0.09831508673910716,0.46504785042405483,0.8106469901280831,103.0,76.0,28.0,0.0,0.12729577403419634,0.18935300987191708
"(0.04, 0.08, 0.04)",0.95,,False,B,,1646491.5005892562,0.09959982772367526,-0.27246522029594333,-0.29254078063119404,0.09035949565393545,0.115193833994867,0.5233068821635316,0.9448362774870949,109.0,77.5,30.5,3.0,0.14581672196994322,0.05516372251290512
"(0.04, 0.08, 0.04)",0.95,,True,B,,1725059.55598708,0.1044409891057394,-0.2800804993898106,-0.2910989330860774,0.0935674519182518,0.12099580909982452,0.5338922815234994,0.9535556574970617,116.0,78.0,37.0,0.0,0.15005735082899024,0.046444342502938246
"(0.04, 0.08, 0.08)",0.8,,False,B,,1431260.8534287894,0.08520500606731973,-0.24490535440447175,-0.25816801475857937,0.07152883837385313,0.09869989660309256,0.45599074013859675,0.8064827720248003,97.0,77.0,21.5,0.0,0.12449909292025275,0.19351722797519963
"(0.04, 0.08, 0.08)",0.8,,True,B,,1475085.1214441997,0.08829263578740276,-0.23315547162674094,-0.25348650066240447,0.0760636245809824,0.09831508673910716,0.46504785042405483,0.8106469901280831,103.0,76.0,28.0,0.0,0.12729577403419634,0.18935300987191708
"(0.04, 0.08, 0.08)",0.95,,False,B,,1612450.1413130648,0.09744501275254291,-0.27751542638228716,-0.2997967490632417,0.08418083741334828,0.1121829568883763,0.5264400432315521,0.9396727324203281,107.5,76.5,31.0,0.0,0.1465039778405141,0.060327267579671856
"(0.04, 0.08, 0.08)",0.95,,True,B,,1725059.55598708,0.1044409891057394,-0.2800804993898106,-0.2910989330860774,0.0935674519182518,0.12099580909982452,0.5338922815234994,0.9535556574970617,116.0,78.0,37.0,0.0,0.15005735082899024,0.046444342502938246
"(0.04, 0.1, 0)",0.8,,False,B,,1420394.9850251838,0.08439736029956335,-0.2346963526916931,-0.2689562573124443,0.07137222301417556,0.09925753516906706,0.4556997695438077,0.7949224753493167,93.0,78.0,16.0,0.0,0.12590244553496616,0.20507752465068335
"(0.04, 0.1, 0)",0.8,,True,B,,1467150.080370476,0.08774113619026513,-0.25675463373674107,-0.2695031847479878,0.07185140272532953,0.10049526253340522,0.47436109424859296,0.810057439165469,100.0,77.5,23.0,0.0,0.129471433701988,0.18994256083453098
"(0.04, 0.1, 0)",0.95,,False,B,,1630973.4387357016,0.09862957494475155,-0.2610300111992748,-0.30427166729679356,0.0815464518692867,0.1142852132746993,0.5177549646825365,0.943996548392759,101.0,77.0,24.5,0.0,0.1474571969983592,0.05600345160724092
"(0.04, 0.1, 0)",0.95,,True,B,,1704147.1641984936,0.10315781055487183,-0.2706319322009888,-0.30524871578208684,0.08933451448024225,0.11709911882257935,0.5353063407448302,0.9535533588749652,108.5,77.0,31.0,0.0,0.15149268020838308,0.04644664112503481
"(0.04, 0.1, 0.02)",0.8,,False,B,,1398077.2456195545,0.08282225591204084,-0.2463764822202626,-0.25288301987757933,0.07285859090976321,0.09931367633637808,0.4638506446113948,0.8055319892577759,99.5,75.5,15.0,8.0,0.12789100557235242,0.19446801074222414
"(0.04, 0.1, 0.02)",0.8,,True,B,,1467150.080370476,0.08774113619026513,-0.25675463373674107,-0.2695031847479878,0.07185140272532953,0.10049526253340522,0.47436109424859296,0.810057439165469,100.0,77.5,23.0,0.0,0.129471433701988,0.18994256083453098
"(0.04, 0.1, 0.02)",0.95,,False,B,,1678280.7162106996,0.10158134950147613,-0.2574582240802817,-0.2985677156481517,0.08494069662701424,0.11089391415165724,0.5252849424849977,0.9465973947797572,107.0,76.0,24.0,8.0,0.14922423116298197,0.053402605220242816
"(0.04, 0.1, 0.02)",0.95,,True,B,,1704147.1641984936,0.10315781055487183,-0.2706319322009888,-0.30524871578208684,0.08933451448024225,0.11709911882257935,0.5353063407448302,0.9535533588749652,108.5,77.0,31.0,0.0,0.15149268020838308,0.04644664112503481
"(0.04, 0.1, 0.04)",0.8,,False,B,,1449081.2768439003,0.08647763860844293,-0.2438624111867282,-0.272327693664702,0.07481067678864858,0.10238444436940201,0.4584891118063651,0.7964905730491216,96.0,76.0,15.5,3.0,0.1261934535431033,0.20350942695087826
"(0.04, 0.1, 0.04)",0.8,,True,B,,1467150.080370476,0.08774113619026513,-0.25675463373674107,-0.2695031847479878,0.07185140272532953,0.10049526253340522,0.47436109424859296,0.810057439165469,100.0,77.5,23.0,0.0,0.129471433701988,0.18994256083453098
"(0.04, 0.1, 0.04)",0.95,,False,B,,1662539.4846453464,0.10060095656080081,-0.2593878941829892,-0.3019400409553594,0.08651303293232068,0.11622119363528081,0.5250330716364748,0.9449228940424312,102.5,76.5,24.5,2.0,0.14833368629999177,0.05507710595756875
"(0.04, 0.1, 0.04)",0.95,,True,B,,1704147.1641984936,0.10315781055487183,-0.2706319322009888,-0.30524871578208684,0.08933451448024225,0.11709911882257935,0.5353063407448302,0.9535533588749652,108.5,77.0,31.0,0.0,0.15149268020838308,0.04644664112503481
"(0.04, 0.1, 0.08)",0.8,,False,B,,1444507.113466027,0.0861483985101229,-0.2346963526916931,-0.2490071600322222,0.0733050274134381,0.09975240763959292,0.4548776014510318,0.7950699415302601,94.0,78.0,15.5,0.0,0.12500569743260787,0.20493005846973986
"(0.04, 0.1, 0.08)",0.8,,True,B,,1467150.080370476,0.08774113619026513,-0.25675463373674107,-0.2695031847479878,0.07185140272532953,0.10049526253340522,0.47436109424859296,0.810057439165469,100.0,77.5,23.0,0.0,0.129471433701988,0.18994256083453098
"(0.04, 0.1, 0.08)",0.95,,False,B,,1622750.6082135402,0.09810443839142813,-0.2608008658447602,-0.3010765990058262,0.08602420389582059,0.1146854612149272,0.5207518752316732,0.9456992235044399,101.0,76.5,24.5,0.5,0.14809834555502677,0.05430077649556016
"(0.04, 0.1, 0.08)",0.95,,True,B,,1704147.1641984936,0.10315781055487183,-0.2706319322009888,-0.30524871578208684,0.08933451448024225,0.11709911882257935,0.5353063407448302,0.9535533588749652,108.5,77.0,31.0,0.0,0.15149268020838308,0.04644664112503481
"(0.04, 0.12, 0)",0.8,,False,B,,1390398.1258406872,0.08225785467625057,-0.2535004039298176,-0.25495925876443676,0.06835066212768837,0.09787171092793434,0.45360163508432605,0.8056247943843704,89.5,77.0,13.0,0.0,0.1268920496120513,0.19437520561562951
"(0.04, 0.12, 0)",0.8,,True,B,,1401016.5065987166,0.0830297101969919,-0.25350075506744035,-0.2678983084144137,0.06948118523720896,0.09978804582830283,0.47506978182696924,0.8076646029750083,94.5,77.0,19.0,0.0,0.13130450239056107,0.1923353970249916
"(0.04, 0.12, 0)",0.95,,False,B,,1645695.4868915994,0.09955678467719764,-0.30344149844582813,-0.3258228848429393,0.07324496948182317,0.11444903793676163,0.5234401734712695,0.946279500173807,96.0,76.0,19.5,0.0,0.1505139844854924,0.05372049982619294
"(0.04, 0.12, 0)",0.95,,True,B,,1699595.0963556406,0.10289727860059539,-0.29761900893378385,-0.3080008938804789,0.08208631984396612,0.11987462657120755,0.5399727322843476,0.9534266213853342,103.0,77.5,26.0,0.0,0.15348388997224904,0.04657337861466582
"(0.04, 0.12, 0.02)",0.8,,False,B,,1438463.2625669918,0.08572552187385507,-0.25350075506744035,-0.2655878264948812,0.06950097238247292,0.10215232515052733,0.4648480869548276,0.8056247995697139,97.0,75.5,12.5,9.0,0.12939875604241885,0.19437520043028608
"(0.04, 0.12, 0.02)",0.8,,True,B,,1401016.5065987166,0.0830297101969919,-0.25350075506744035,-0.2678983084144137,0.06948118523720896,0.09978804582830283,0.47506978182696924,0.8076646029750083,94.5,77.0,19.0,0.0,0.13130450239056107,0.1923353970249916
"(0.04, 0.12, 0.02)",0.95,,False,B,,1679002.7474063626,0.10163336373917753,-0.30316937615417805,-0.3125116025501326,0.08278774866507636,0.11643711437976628,0.5293824391783841,0.9477001683373636,102.0,75.0,19.5,6.0,0.15011335131998466,0.052299831662636284
"(0.04, 0.12, 0.02)",0.95,,True,B,,1699595.0963556406,0.10289727860059539,-0.29761900893378385,-0.3080008938804789,0.08208631984396612,0.11987462657120755,0.5399727322843476,0.9534266213853342,103.0,77.5,26.0,0.0,0.15348388997224904,0.04657337861466582
"(0.04, 0.12, 0.04)",0.8,,False,B,,1440698.7546390132,0.08586627650611256,-0.25350008751354003,-0.25350186421424026,0.07244084325904025,0.1026758667853364,0.4594570636539229,0.8056247995697139,91.5,76.5,13.0,3.0,0.12779731248604426,0.19437520043028608
"(0.04, 0.12, 0.04)",0.8,,True,B,,1401016.5065987166,0.0830297101969919,-0.25350075506744035,-0.2678983084144137,0.06948118523720896,0.09978804582830283,0.47506978182696924,0.8076646029750083,94.5,77.0,19.0,0.0,0.13130450239056107,0.1923353970249916
"(0.04, 0.12, 0.04)",0.95,,False,B,,1609139.8778365164,0.0972247663838195,-0.30344149844582813,-0.3256189311950551,0.07884239894893692,0.11461295850769547,0.5267057082838674,0.9456157910378372,98.0,75.0,19.5,2.5,0.15080461956467164,0.05438420896216285
"(0.04, 0.12, 0.04)",0.95,,True,B,,1699595.0963556406,0.10289727860059539,-0.29761900893378385,-0.3080008938804789,0.08208631984396612,0.11987462657120755,0.5399727322843476,0.9534266213853342,103.0,77.5,26.0,0.0,0.15348388997224904,0.04657337861466582
"(0.04, 0.12, 0.08)",0.8,,False,B,,1427682.3366151892,0.08495705875295823,-0.25350008751354003,-0.25350186421424026,0.0700347362610136,0.1013397356576382,0.4612092321885418,0.8056247974150512,90.0,76.5,13.0,1.0,0.12874156789459387,0.1943752025849487
"(0.04, 0.12, 0.08)",0.8,,True,B,,1401016.5065987166,0.0830297101969919,-0.25350075506744035,-0.2678983084144137,0.06948118523720896,0.09978804582830283,0.47506978182696924,0.8076646029750083,94.5,77.0,19.0,0.0,0.13130450239056107,0.1923353970249916
"(0.04, 0.12, 0.08)",0.95,,False,B,,1645695.4868915994,0.09955678467719764,-0.30344149844582813,-0.3258228848429393,0.07324496948182317,0.11444903793676163,0.5267564389617232,0.9467431774610958,96.0,75.0,19.5,0.0,0.15062918702095263,0.05325682253890417
"(0.04, 0.12, 0.08)",0.95,,True,B,,1699595.0963556406,0.10289727860059539,-0.29761900893378385,-0.3080008938804789,0.08208631984396612,0.11987462657120755,0.5399727322843476,0.9534266213853342,103.0,77.5,26.0,0.0,0.15348388997224904,0.04657337861466582
"(0.04, 0.15, 0)",0.8,,False,B,,1422436.9481176175,0.08458171930559988,-0.24451405931555692,-0.24986691052672608,0.06725289121091804,0.09713679697620577,0.4375259064812623,0.7973981269278314,87.5,77.5,10.0,0.0,0.1245585132061139,0.20260187307216854
"(0.04, 0.15, 0)",0.8,,True,B,,1456047.2534444588,0.08696728727720215,-0.26242905638056724,-0.27583797111019437,0.06738274885845288,0.10025827197205404,0.476762913342962,0.8096486192712038,92.0,77.0,16.5,0.0,0.13416644892066804,0.1903513807287962
"(0.04, 0.15, 0)",0.95,,False,B,,1619521.3258350657,0.09790214008470144,-0.295519204292873,-0.32672597941595666,0.07329794549558788,0.11362536097003209,0.5212540747290599,0.9511071706536802,91.0,77.0,14.0,0.0,0.15477906768695415,0.04889282934631976
"(0.04, 0.15, 0)",0.95,,True,B,,1688201.776757344,0.10217548617315864,-0.31483863055287997,-0.3202610096001905,0.07980001924478045,0.1186824078611316,0.5529695763164055,0.9532778314861879,98.0,76.5,21.5,0.0,0.15696073814746495,0.04672216851381207
"(0.04, 0.15, 0.02)",0.8,,False,B,,1440996.9313152041,0.08590467032515126,-0.25432392874088616,-0.26495111306879693,0.07064822940825569,0.1002568283775738,0.44993621886112356,0.8061534108709261,98.0,75.0,10.0,12.0,0.12708741014730596,0.19384658912907385
"(0.04, 0.15, 0.02)",0.8,,True,B,,1456047.2534444588,0.08696728727720215,-0.26242905638056724,-0.27583797111019437,0.06738274885845288,0.10025827197205404,0.476762913342962,0.8096486192712038,92.0,77.0,16.5,0.0,0.13416644892066804,0.1903513807287962
"(0.04, 0.15, 0.02)",0.95,,False,B,,1645883.7552634508,0.09956964135676394,-0.3055671572819671,-0.310574954095515,0.07429759078626205,0.11557912841829585,0.5303797718107016,0.9505287091712193,101.0,74.5,14.0,12.0,0.15505878023996722,0.04947129082878068
"(0.04, 0.15, 0.02)",0.95,,True,B,,1688201.776757344,0.10217548617315864,-0.31483863055287997,-0.3202610096001905,0.07980001924478045,0.1186824078611316,0.5529695763164055,0.9532778314861879,98.0,76.5,21.5,0.0,0.15696073814746495,0.04672216851381207
"(0.04, 0.15, 0.04)",0.8,,False,B,,1461458.3975304752,0.0873462325502673,-0.24258084785137218,-0.2599735249319254,0.07067102259438766,0.10154801433436049,0.44840837979253917,0.7990345173390605,91.0,75.0,10.0,5.0,0.12605314237986476,0.20096548266093955
"(0.04, 0.15, 0.04)",0.8,,True,B,,1456047.2534444588,0.08696728727720215,-0.26242905638056724,-0.27583797111019437,0.06738274885845288,0.10025827197205404,0.476762913342962,0.8096486192712038,92.0,77.0,16.5,0.0,0.13416644892066804,0.1903513807287962
"(0.04, 0.15, 0.04)",0.95,,False,B,,1649711.6747518051,0.09981068175360386,-0.30256566665264645,-0.30882610310652864,0.08344951723071978,0.1176003353654027,0.5225930806516077,0.9511745392184967,95.0,76.0,14.0,4.5,0.15524978071975207,0.048825460781503245
"(0.04, 0.15, 0.04)",0.95,,True,B,,1688201.776757344,0.10217548617315864,-0.31483863055287997,-0.3202610096001905,0.07980001924478045,0.1186824078611316,0.5529695763164055,0.9532778314861879,98.0,76.5,21.5,0.0,0.15696073814746495,0.04672216851381207
"(0.04, 0.15, 0.08)",0.8,,False,B,,1428428.9257435473,0.08501196084983265,-0.24451431550385883,-0.25039775035868295,0.06776681980697208,0.09830793597222712,0.44566774803318426,0.797414696560633,87.5,76.0,10.0,1.0,0.1262306364141103,0.20258530343936704
"(0.04, 0.15, 0.08)",0.8,,True,B,,1456047.2534444588,0.08696728727720215,-0.26242905638056724,-0.27583797111019437,0.06738274885845288,0.10025827197205404,0.476762913342962,0.8096486192712038,92.0,77.0,16.5,0.0,0.13416644892066804,0.1903513807287962
"(0.04, 0.15, 0.08)",0.95,,False,B,,1618895.334956373,0.0978595070970748,-0.29459721593334304,-0.3325722566357124,0.07644925388840722,0.11499094953119997,0.5262447523624232,0.9511082145571428,91.0,76.0,14.0,1.0,0.155102366378095,0.048891785442857216
"(0.04, 0.15, 0.08)",0.95,,True,B,,1688201.776757344,0.10217548617315864,-0.31483863055287997,-0.3202610096001905,0.07980001924478045,0.1186824078611316,0.5529695763164055,0.9532778314861879,98.0,76.5,21.5,0.0,0.15696073814746495,0.04672216851381207
"(0.04, 0.2, 0)",0.8,,False,B,,1268707.364921927,0.07297726551401873,-0.2544320795947668,-0.27812374174784393,0.06349535345032456,0.09518035513717671,0.4417635700344022,0.7894364295598212,82.5,77.0,7.0,0.0,0.12943681517333455,0.2105635704401788
"(0.04, 0.2, 0)",0.8,,True,B,,1504317.3834845866,0.090220591487578,-0.26986098400213143,-0.2788602275381409,0.0680622510538144,0.10195403008810232,0.4739449848072656,0.8107870173106538,89.0,76.0,14.0,0.0,0.13731010076417977,0.1892129826893463
"(0.04, 0.2, 0)",0.95,,False,B,,1639083.932284289,0.09913810108991128,-0.304313175267576,-0.3111657811025787,0.08349901503787656,0.11304783209678385,0.5145078403005545,0.943395029265314,89.5,81.0,10.0,0.0,0.150056085021112,0.05660497073468587
"(0.04, 0.2, 0)",0.95,,True,B,,1661881.7810018929,0.10056253967437934,-0.3205359056251068,-0.32392234725677077,0.07707302451972202,0.11614734422327823,0.5553728911004469,0.9534456754292088,93.5,76.5,18.0,0.0,0.16308702836829686,0.04655432457079124
"(0.04, 0.2, 0.02)",0.8,,False,B,,1477905.5565119288,0.08849252559644083,-0.25456559586821936,-0.28806337967894874,0.06813018325492955,0.10003909750194616,0.4482381317043972,0.8057024736214586,102.5,75.0,6.0,24.0,0.12995294998260756,0.19429752637854142
"(0.04, 0.2, 0.02)",0.8,,True,B,,1504317.3834845866,0.090220591487578,-0.26986098400213143,-0.2788602275381409,0.0680622510538144,0.10195403008810232,0.4739449848072656,0.8107870173106538,89.0,76.0,14.0,0.0,0.13731010076417977,0.1892129826893463
"(0.04, 0.2, 0.02)",0.95,,False,B,,1694434.3031350751,0.10257488972900397,-0.30977158884994865,-0.32024173353202745,0.08353873382478896,0.11728057257331613,0.5233437190754564,0.9481322429057834,104.5,76.0,10.0,19.0,0.15482262323093676,0.05186775709421665
"(0.04, 0.2, 0.02)",0.95,,True,B,,1661881.7810018929,0.10056253967437934,-0.3205359056251068,-0.32392234725677077,0.07707302451972202,0.11614734422327823,0.5553728911004469,0.9534456754292088,93.5,76.5,18.0,0.0,0.16308702836829686,0.04655432457079124
"(0.04, 0.2, 0.04)",0.8,,False,B,,1465545.8425628857,0.0876329608846993,-0.2592713702217172,-0.28877013015116404,0.06578271272713798,0.10226520924366088,0.44902031002641485,0.8065410057176774,89.0,74.5,6.0,8.0,0.13060856441792365,0.1934589942823226
"(0.04, 0.2, 0.04)",0.8,,True,B,,1504317.3834845866,0.090220591487578,-0.26986098400213143,-0.2788602275381409,0.0680622510538144,0.10195403008810232,0.4739449848072656,0.8107870173106538,89.0,76.0,14.0,0.0,0.13731010076417977,0.1892129826893463
"(0.04, 0.2, 0.04)",0.95,,False,B,,1723095.8153598122,0.10432240786118063,-0.3079071173164065,-0.3187652461242619,0.08169254937750445,0.11990796287531523,0.5249045327592448,0.9472743061363891,94.0,76.5,10.0,8.0,0.1546507467907027,0.05272569386361084
"(0.04, 0.2, 0.04)",0.95,,True,B,,1661881.7810018929,0.10056253967437934,-0.3205359056251068,-0.32392234725677077,0.07707302451972202,0.11614734422327823,0.5553728911004469,0.9534456754292088,93.5,76.5,18.0,0.0,0.16308702836829686,0.04655432457079124
"(0.04, 0.2, 0.08)",0.8,,False,B,,1403551.7054313342,0.08321834496312996,-0.2543816498968187,-0.2788113536807456,0.06796498224438996,0.10189937129197861,0.44438723332562313,0.8076630595257859,84.5,74.5,7.0,3.0,0.1288121842382828,0.19233694047421415
"(0.04, 0.2, 0.08)",0.8,,True,B,,1504317.3834845866,0.090220591487578,-0.26986098400213143,-0.2788602275381409,0.0680622510538144,0.10195403008810232,0.4739449848072656,0.8107870173106538,89.0,76.0,14.0,0.0,0.13731010076417977,0.1892129826893463
"(0.04, 0.2, 0.08)",0.95,,False,B,,1714735.542369202,0.10381415244401293,-0.30942757554373157,-0.3207280544111252,0.08054911166112624,0.11938663479600185,0.5216741821732099,0.9447715180291686,90.0,76.5,10.0,4.0,0.15433492020868056,0.05522848197083144
"(0.04, 0.2, 0.08)",0.95,,True,B,,1661881.7810018929,0.10056253967437934,-0.3205359056251068,-0.32392234725677077,0.07707302451972202,0.11614734422327823,0.5553728911004469,0.9534456754292088,93.5,76.5,18.0,0.0,0.16308702836829686,0.04655432457079124
"(0.06, 0.03, 0)",0.8,,False,B,,1440374.2133148094,0.08586217692244935,-0.25820575353482955,-0.27037827688786037,0.0801677562321063,0.09038185664359735,0.4857204570345494,0.7942956603601505,96.5,71.0,26.0,0.0,0.1286371490696368,0.20570433963984935
"(0.06, 0.03, 0)",0.8,,True,B,,1447714.648408171,0.08638118735549094,-0.2685303581665308,-0.274563647778788,0.08374976109572221,0.08892884954829035,0.4916084781949833,0.8101410332278356,102.5,75.0,28.0,0.0,0.13052168858107155,0.18985896677216452
"(0.06, 0.03, 0)",0.95,,False,B,,1593216.5662399558,0.09621142781247516,-0.30589084408491746,-0.31530272147576094,0.09169950472040218,0.10077832783319632,0.5491281589926886,0.9449350443154451,117.0,74.5,42.0,0.0,0.14776839163616223,0.05506495568455494
"(0.06, 0.03, 0)",0.95,,True,B,,1639595.1906009468,0.09917511654821087,-0.306412527106716,-0.31406907134820294,0.09516636989543155,0.1021460440594572,0.5581432326520295,0.9526262762846166,122.0,77.0,45.0,0.0,0.15010867505273745,0.047373723715383405
"(0.06, 0.03, 0.02)",0.8,,False,B,,1453895.4372865544,0.08681706075861018,-0.24786084244459483,-0.2708431385750718,0.08141304150212954,0.09227837546318307,0.48932369774594375,0.8006966736412859,101.5,69.0,27.0,5.0,0.128834663395425,0.19930332635871403
"(0.06, 0.03, 0.02)",0.8,,True,B,,1455670.0217101867,0.08694129974694575,-0.2623941142474315,-0.27527366349733245,0.08508187781973162,0.09022181364193312,0.4939702469239138,0.8101378687748387,107.0,74.0,28.0,5.5,0.1314810429008672,0.18986213122516127
"(0.06, 0.03, 0.02)",0.95,,False,B,,1619884.401874131,0.09792529706383568,-0.2992127922258129,-0.30847160237721105,0.09228760245947054,0.10215782976800185,0.5561028830942851,0.9476025736081208,122.0,73.0,42.5,7.0,0.14785581619869415,0.052397426391879186
"(0.06, 0.03, 0.02)",0.95,,True,B,,1635566.946207373,0.09892086549473522,-0.30498130362200915,-0.31508110902705055,0.09576965866789097,0.10349910146095262,0.5595339050345003,0.9526262762846166,126.0,76.0,45.0,4.0,0.1503814347192183,0.047373723715383405
"(0.06, 0.03, 0.04)",0.8,,False,B,,1435568.3387969416,0.08552062124353443,-0.2525436116259691,-0.27262703396850635,0.08017527427158258,0.09069190510589939,0.48901207265991686,0.7976093964700988,97.5,70.0,26.0,2.0,0.12842752555332956,0.20239060352990124
"(0.06, 0.03, 0.04)",0.8,,True,B,,1460318.8848261468,0.0872676577016277,-0.2660183070183052,-0.27547012180639435,0.0846455217377798,0.08989184799441068,0.49485315182141487,0.8101378687748387,105.0,74.0,28.0,3.0,0.13127848182487123,0.18986213122516127
"(0.06, 0.03, 0.04)",0.95,,False,B,,1609541.4426445207,0.09726402017819036,-0.2999303249893068,-0.3121055898419023,0.09287991834420943,0.10170951053479285,0.5516428867115066,0.9449740725384315,118.0,74.0,42.0,2.0,0.1476980580820199,0.055025927461568515
"(0.06, 0.03, 0.04)",0.95,,True,B,,1640339.156905201,0.09922207693234986,-0.3052233375086276,-0.3164812921034148,0.09686481463878718,0.10348291532636744,0.5610026849290738,0.9526262762846166,124.0,76.0,45.0,2.0,0.15043273438767474,0.047373723715383405
"(0.06, 0.03, 0.08)",0.8,,False,B,,1459330.889798547,0.087197357958547,-0.2557434561265768,-0.27568372766722576,0.07875863156143534,0.09088932034568378,0.4878659700958137,0.7971190660868845,96.0,70.0,26.0,1.0,0.12864964784135807,0.2028809339131155
"(0.06, 0.03, 0.08)",0.8,,True,B,,1464112.3096210244,0.08753310514397572,-0.26669893373862774,-0.2786329382312515,0.08441958014150497,0.09037931182122363,0.4955460268937161,0.8101378687748387,104.0,74.0,28.0,2.0,0.13138766447138706,0.18986213122516127
"(0.06, 0.03, 0.08)",0.95,,False,B,,1613549.563073929,0.09752076815719635,-0.2999552740051054,-0.31137518157820243,0.09322710750961782,0.10126692979129588,0.5513633666544164,0.9450831345995234,116.5,74.0,42.0,1.0,0.14749328124712163,0.05491686540047659
"(0.06, 0.03, 0.08)",0.95,,True,B,,1640985.9766193163,0.09926282202036596,-0.3054016655951456,-0.3183390260964739,0.09522208085976702,0.10285966878154544,0.5617350597705728,0.9526262762846166,123.0,76.0,45.0,1.0,0.15061061403531262,0.047373723715383405
"(0.06, 0.04, 0)",0.8,,False,B,,1410829.5727363122,0.08374469389419992,-0.26117427383461767,-0.27019661323990696,0.07925685677842462,0.0904700839908054,0.48813215799318477,0.7961131627490644,92.0,70.0,21.5,0.0,0.12952618631441543,0.2038868372509356
"(0.06, 0.04, 0)",0.8,,True,B,,1433911.7882562256,0.08540131635712311,-0.27102504079884804,-0.27777314460690594,0.08130129552023795,0.08947539120871806,0.49714211791658414,0.8100881130766857,98.0,74.0,24.0,0.0,0.1324793844361099,0.1899118869233143
"(0.06, 0.04, 0)",0.95,,False,B,,1571693.4060066957,0.09481048799580793,-0.3100240992978741,-0.32030071177144537,0.08946879958578771,0.10134125664071025,0.5536822264914549,0.9455144343454227,109.0,74.0,35.0,0.0,0.14945313647425854,0.054485565654577295
"(0.06, 0.04, 0)",0.95,,True,B,,1627012.2382173664,0.09837774491222395,-0.31247945623632556,-0.3206109449383598,0.09190858015139833,0.10475803740990657,0.5617081434948328,0.9527026944216592,115.0,76.0,38.5,0.0,0.1516846965395983,0.04729730557834071
"(0.06, 0.04, 0.02)",0.8,,False,B,,1447289.2552852174,0.08634128109501205,-0.2496112394172052,-0.2633292340392404,0.0790815115665823,0.0917748197317454,0.49102875510259225,0.800047111505102,96.0,69.5,21.0,5.0,0.12971949883083253,0.19995288849489798
"(0.06, 0.04, 0.02)",0.8,,True,B,,1445775.5624932111,0.08624465416132188,-0.2623304099103742,-0.27575984232587886,0.08186702708925393,0.09014502785960063,0.49832818407993174,0.8100881130766857,100.0,73.0,24.0,3.0,0.13198003577048048,0.1899118869233143
"(0.06, 0.04, 0.02)",0.95,,False,B,,1593158.0423154081,0.096205542402506,-0.3011199668767811,-0.3143916116742875,0.08792704115627606,0.10317388750340362,0.5547654040116714,0.9480178913042457,112.0,73.0,35.5,3.0,0.14837549744590178,0.05198210869575428
"(0.06, 0.04, 0.02)",0.95,,True,B,,1639303.5682721524,0.09915677721930594,-0.3077316982178493,-0.3154475117784631,0.09227020069075678,0.1054523284015901,0.5623529128776922,0.9527026944216592,117.0,76.0,38.5,2.0,0.15146440147800855,0.04729730557834071
"(0.06, 0.04, 0.04)",0.8,,False,B,,1423282.228732938,0.08464365646120386,-0.25650665017724783,-0.2677589477452344,0.07757341029349514,0.09128103811852058,0.48996531561194556,0.7971849397509227,92.0,70.0,22.0,1.0,0.1291519958729785,0.20281506024907725
"(0.06, 0.04, 0.04)",0.8,,True,B,,1449747.5487914789,0.08652493719629761,-0.2629892641376915,-0.27357424050113993,0.08152715331926504,0.09053726103538251,0.4985213719966173,0.8100881130766857,99.0,73.0,24.0,2.0,0.13189436956754225,0.1899118869233143
"(0.06, 0.04, 0.04)",0.95,,False,B,,1559333.2469280085,0.09399796768046731,-0.3022314500918765,-0.31399422299102875,0.08934218622851986,0.1028199036450819,0.5534347432231275,0.9461703421503491,110.0,73.0,35.5,1.0,0.1482081941671219,0.05382965784965085
"(0.06, 0.04, 0.04)",0.95,,True,B,,1629694.1951817225,0.09854837836683661,-0.30779013183921966,-0.3157394749941835,0.09199542462377677,0.1054331697022757,0.5627568375616179,0.9527026944216592,116.0,76.0,38.5,1.0,0.15156711935445077,0.04729730557834071
"(0.06, 0.04, 0.08)",0.8,,False,B,,1413928.8368149446,0.08396977616575219,-0.2591639696072228,-0.27019661323990696,0.07760447917619291,0.0912432778265502,0.48888200193120857,0.7967754545919817,92.0,70.0,22.0,0.0,0.12956452891356207,0.20322454540801832
"(0.06, 0.04, 0.08)",0.8,,True,B,,1453732.2412716746,0.08680529420515981,-0.26381808739087115,-0.2784165061558227,0.08130201371785517,0.09042115827394803,0.49857853613634684,0.8100881130766857,98.0,73.0,24.0,1.0,0.13179038416631803,0.1899118869233143
"(0.06, 0.04, 0.08)",0.95,,False,B,,1571693.4060066957,0.09481048799580793,-0.3100240992978741,-0.32030071177144537,0.08949775945254876,0.10134125664071025,0.5536822264914549,0.9455144343454227,109.0,74.0,35.0,0.0,0.14948771423467797,0.054485565654577295
"(0.06, 0.04, 0.08)",0.95,,True,B,,1631883.2441298836,0.09868750554210415,-0.30750858098123585,-0.31639936707999805,0.09201111060702463,0.1054331697022757,0.5627568375616179,0.9527026944216592,116.0,76.0,38.5,1.0,0.15159032280151752,0.04729730557834071
"(0.06, 0.06, 0)",0.8,,False,B,,1406143.394170544,0.08340791250895585,-0.25248960119080405,-0.2695322092214205,0.07768710045475755,0.09070325051386173,0.4893111316128892,0.8072097394410906,86.0,71.0,15.0,0.0,0.1286036150505809,0.19279026055890935
"(0.06, 0.06, 0)",0.8,,True,B,,1429528.546018032,0.0850883499854782,-0.25834770359747106,-0.27315596317119367,0.07980537056945895,0.09020514434943427,0.5027555985344316,0.8105984033464222,93.5,75.0,19.0,0.0,0.13268428326753434,0.1894015966535778
"(0.06, 0.06, 0)",0.95,,False,B,,1556606.8792776293,0.09381670368756367,-0.2909600355654137,-0.3113872335609414,0.08247626104511356,0.10074236014467677,0.5526903732338941,0.9395372570840265,99.0,74.0,25.0,0.0,0.14809619139416286,0.060462742915973616
"(0.06, 0.06, 0)",0.95,,True,B,,1596446.0572508404,0.09641979274416623,-0.2994976413945466,-0.31117958424552417,0.0883116874713642,0.10489488117717276,0.5684880903391041,0.952677353256286,105.0,75.0,30.0,0.0,0.15268511462626896,0.04732264674371404
"(0.06, 0.06, 0.02)",0.8,,False,B,,1416607.8318022264,0.08416320379406117,-0.24811216625386534,-0.26509817075355824,0.07827489383403297,0.09369578221808243,0.49219759102952904,0.8005829033680033,89.0,70.0,14.0,5.0,0.1297756766873273,0.19941709663199672
"(0.06, 0.06, 0.02)",0.8,,True,B,,1429528.546018032,0.0850883499854782,-0.25834770359747106,-0.27315596317119367,0.07980537056945895,0.09020514434943427,0.5027555985344316,0.8105984033464222,93.5,75.0,19.0,0.0,0.13268428326753434,0.1894015966535778
"(0.06, 0.06, 0.02)",0.95,,False,B,,1590429.4590017395,0.09603075359381485,-0.28705320889847263,-0.30247273094775984,0.0860015653968798,0.1052981847065076,0.5603757683871515,0.9469471735800123,104.0,73.0,25.0,5.0,0.14964250845036717,0.05305282641998759
"(0.06, 0.06, 0.02)",0.95,,True,B,,1596446.0572508404,0.09641979274416623,-0.2994976413945466,-0.31117958424552417,0.0883116874713642,0.10489488117717276,0.5684880903391041,0.952677353256286,105.0,75.0,30.0,0.0,0.15268511462626896,0.04732264674371404
"(0.06, 0.06, 0.04)",0.8,,False,B,,1404128.2943688303,0.0832612639963407,-0.253981009376428,-0.26485534029391056,0.07864762542472185,0.09005528155454959,0.48812845378772607,0.8072097394410906,86.5,70.5,15.0,1.0,0.12969336479973823,0.19279026055890935
"(0.06, 0.06, 0.04)",0.8,,True,B,,1429528.546018032,0.0850883499854782,-0.25834770359747106,-0.27315596317119367,0.07980537056945895,0.09020514434943427,0.5027555985344316,0.8105984033464222,93.5,75.0,19.0,0.0,0.13268428326753434,0.1894015966535778
"(0.06, 0.06, 0.04)",0.95,,False,B,,1599703.7318216735,0.0966310908722059,-0.2880711546319168,-0.3031216882102932,0.08805086339690334,0.10442543646997238,0.556579647615114,0.9445983196535263,100.0,73.0,25.0,2.0,0.1500308686411086,0.05540168034647373
"(0.06, 0.06, 0.04)",0.95,,True,B,,1596446.0572508404,0.09641979274416623,-0.2994976413945466,-0.31117958424552417,0.0883116874713642,0.10489488117717276,0.5684880903391041,0.952677353256286,105.0,75.0,30.0,0.0,0.15268511462626896,0.04732264674371404
"(0.06, 0.06, 0.08)",0.8,,False,B,,1406143.394170544,0.08340791250895585,-0.25248960119080405,-0.2695322092214205,0.07768710045475755,0.09070325051386173,0.4893111316128892,0.8072097394410906,86.0,71.0,15.0,0.0,0.1286036150505809,0.19279026055890935
"(0.06, 0.06, 0.08)",0.8,,True,B,,1429528.546018032,0.0850883499854782,-0.25834770359747106,-0.27315596317119367,0.07980537056945895,0.09020514434943427,0.5027555985344316,0.8105984033464222,93.5,75.0,19.0,0.0,0.13268428326753434,0.1894015966535778
"(0.06, 0.06, 0.08)",0.95,,False,B,,1556606.8792776293,0.09381670368756367,-0.2909600355654137,-0.3113872335609414,0.08247626104511356,0.10074236014467677,0.5526903732338941,0.9395372570840265,99.0,74.0,25.0,0.0,0.14809619139416286,0.060462742915973616
"(0.06, 0.06, 0.08)",0.95,,True,B,,1596446.0572508404,0.09641979274416623,-0.2994976413945466,-0.31117958424552417,0.0883116874713642,0.10489488117717276,0.5684880903391041,0.952677353256286,105.0,75.0,30.0,0.0,0.15268511462626896,0.04732264674371404
"(0.06, 0.08, 0)",0.8,,False,B,,1388731.8307539169,0.0821342800794308,-0.23780994336973704,-0.24645472216910394,0.07337614577603997,0.08989830179817337,0.48531260266133536,0.7933351241041857,81.5,71.0,10.0,0.0,0.12774377695731404,0.20666487589581428
"(0.06, 0.08, 0)",0.8,,True,B,,1416763.0146646593,0.08417534276579675,-0.2398789286378541,-0.2566494318005912,0.07969633742320326,0.09202103401344477,0.5044859251941729,0.8109520689479404,89.0,74.0,14.0,0.0,0.13250009686554598,0.1890479310520597
"(0.06, 0.08, 0)",0.95,,False,B,,1553539.3059955118,0.09361395531411931,-0.26901227320326554,-0.2912054814963522,0.08663406386099555,0.10464422794737903,0.557620178401667,0.9394341526260177,92.0,74.0,17.5,0.0,0.14756849321833224,0.06056584737398224
"(0.06, 0.08, 0)",0.95,,True,B,,1609192.5276131262,0.09724150561921663,-0.28441345229456266,-0.30226266487250525,0.0884100268779486,0.10715653313173738,0.5748975169035573,0.9525351722733424,99.0,75.5,24.0,0.0,0.1533076277061689,0.047464827726657624
"(0.06, 0.08, 0.02)",0.8,,False,B,,1434462.780783733,0.08544037110629887,-0.23339553060741258,-0.24509993160267055,0.07582914680855175,0.0907945632438261,0.49056823550676076,0.8009946607751686,88.0,70.0,10.0,8.0,0.12843095908584712,0.1990053392248313
"(0.06, 0.08, 0.02)",0.8,,True,B,,1416763.0146646593,0.08417534276579675,-0.2398789286378541,-0.2566494318005912,0.07969633742320326,0.09202103401344477,0.5044859251941729,0.8109520689479404,89.0,74.0,14.0,0.0,0.13250009686554598,0.1890479310520597
"(0.06, 0.08, 0.02)",0.95,,False,B,,1590431.4564328957,0.09602820553344116,-0.2804116692095808,-0.2991016203785812,0.0873739828764573,0.10837791953507303,0.5639892124584904,0.951128769083983,99.0,74.0,17.0,8.0,0.15030660611405153,0.04887123091601692
"(0.06, 0.08, 0.02)",0.95,,True,B,,1609192.5276131262,0.09724150561921663,-0.28441345229456266,-0.30226266487250525,0.0884100268779486,0.10715653313173738,0.5748975169035573,0.9525351722733424,99.0,75.5,24.0,0.0,0.1533076277061689,0.047464827726657624
"(0.06, 0.08, 0.04)",0.8,,False,B,,1449289.4725520168,0.08649239436354106,-0.2319922008989032,-0.24802909126859352,0.07887541011121073,0.09371778635339109,0.4879834538649108,0.8025823437112274,84.0,72.0,10.0,2.5,0.12836413584851197,0.19741765628877278
"(0.06, 0.08, 0.04)",0.8,,True,B,,1416763.0146646593,0.08417534276579675,-0.2398789286378541,-0.2566494318005912,0.07969633742320326,0.09202103401344477,0.5044859251941729,0.8109520689479404,89.0,74.0,14.0,0.0,0.13250009686554598,0.1890479310520597
"(0.06, 0.08, 0.04)",0.95,,False,B,,1583436.2308881725,0.09557632700757979,-0.2764527578643602,-0.2921548836995273,0.08957907076109613,0.1099184109347771,0.5616566353735826,0.9526186991311119,94.0,74.0,17.0,3.0,0.14897023609065552,0.047381300868888164
"(0.06, 0.08, 0.04)",0.95,,True,B,,1609192.5276131262,0.09724150561921663,-0.28441345229456266,-0.30226266487250525,0.0884100268779486,0.10715653313173738,0.5748975169035573,0.9525351722733424,99.0,75.5,24.0,0.0,0.1533076277061689,0.047464827726657624
"(0.06, 0.08, 0.08)",0.8,,False,B,,1388731.8307539169,0.0821342800794308,-0.23780994336973704,-0.24645472216910394,0.07337614577603997,0.08989830179817337,0.48531260266133536,0.7933351241041857,81.5,71.0,10.0,0.0,0.12774377695731404,0.20666487589581428
"(0.06, 0.08, 0.08)",0.8,,True,B,,1416763.0146646593,0.08417534276579675,-0.2398789286378541,-0.2566494318005912,0.07969633742320326,0.09202103401344477,0.5044859251941729,0.8109520689479404,89.0,74.0,14.0,0.0,0.13250009686554598,0.1890479310520597
"(0.06, 0.08, 0.08)",0.95,,False,B,,1553539.3059955118,0.09361395531411931,-0.26901227320326554,-0.2912054814963522,0.08663406386099555,0.10464422794737903,0.557620178401667,0.9394341526260177,92.0,74.0,17.5,0.0,0.14756849321833224,0.06056584737398224
"(0.06, 0.08, 0.08)",0.95,,True,B,,1609192.5276131262,0.09724150561921663,-0.28441345229456266,-0.30226266487250525,0.0884100268779486,0.10715653313173738,0.5748975169035573,0.9525351722733424,99.0,75.5,24.0,0.0,0.1533076277061689,0.047464827726657624
"(0.06, 0.1, 0)",0.8,,False,B,,1398745.2541545392,0.08287091300446925,-0.22529947202046424,-0.2588099391440287,0.07473727326854525,0.08964539067926057,0.4764751157420072,0.7977978960793846,80.0,73.0,7.0,0.0,0.12665265772676032,0.20220210392061536
"(0.06, 0.1, 0)",0.8,,True,B,,1433908.0952830776,0.08540229754110595,-0.23861888167778,-0.24930245118138755,0.07957515313759603,0.09354216565803375,0.5059651809154753,0.8114044927807829,87.0,74.0,13.0,0.0,0.13228412051158359,0.18859550721921714
"(0.06, 0.1, 0)",0.95,,False,B,,1578319.9716181764,0.09524235657081903,-0.2631716592855749,-0.2833039091462222,0.08508126737497912,0.10794806509837969,0.5515157609678931,0.947147862270324,88.5,75.0,13.0,0.0,0.14767074521672077,0.05285213772967603
"(0.06, 0.1, 0)",0.95,,True,B,,1602984.9210071864,0.09684251368658725,-0.2832527451884015,-0.30772316017461804,0.08711786999743798,0.1063614296195276,0.5788773889234828,0.9526513086455447,95.5,76.0,19.5,0.0,0.15458616614607584,0.0473486913544552
"(0.06, 0.1, 0.02)",0.8,,False,B,,1458890.9882594245,0.08716778390620294,-0.23208990078928193,-0.2430682910332217,0.07856870252875578,0.09189509733843151,0.488530167640865,0.8012216894707433,88.0,71.5,7.0,9.0,0.12761231116251093,0.19877831052925665
"(0.06, 0.1, 0.02)",0.8,,True,B,,1433908.0952830776,0.08540229754110595,-0.23861888167778,-0.24938590838261784,0.07951143280175003,0.09354216565803375,0.5059651809154753,0.8114044927807829,87.0,74.0,13.0,0.0,0.1322646153202683,0.18859550721921714
"(0.06, 0.1, 0.02)",0.95,,False,B,,1617963.3965826815,0.09780274266846412,-0.2787144744845959,-0.2914516849340872,0.08538544826996868,0.1104887210020197,0.5633401079512594,0.948810635115624,98.5,74.0,13.0,11.0,0.1491544063650131,0.05118936488437595
"(0.06, 0.1, 0.02)",0.95,,True,B,,1602984.9210071864,0.09684251368658725,-0.2832527451884015,-0.30772316017461804,0.08711786999743798,0.1063614296195276,0.5788773889234828,0.9526513086455447,95.5,76.0,19.5,0.0,0.15458616614607584,0.0473486913544552
"(0.06, 0.1, 0.04)",0.8,,False,B,,1439715.732168131,0.08581547053783878,-0.23476583229649495,-0.2709126606749832,0.07577621723160173,0.09472337726322613,0.4894497900977746,0.8014703296107397,83.0,71.5,7.0,4.0,0.12831017566945463,0.1985296703892604
"(0.06, 0.1, 0.04)",0.8,,True,B,,1433908.0952830776,0.08540229754110595,-0.23861888167778,-0.24938590838261784,0.07951143280175003,0.09354216565803375,0.5059651809154753,0.8114044927807829,87.0,74.0,13.0,0.0,0.1322646153202683,0.18859550721921714
"(0.06, 0.1, 0.04)",0.95,,False,B,,1615921.3445629827,0.0976540572235538,-0.2792772652427437,-0.2942116822777291,0.08628778799879769,0.11099793680653283,0.5618115435915674,0.948662030522833,91.0,74.0,13.0,4.0,0.14880459669607454,0.05133796947716696
"(0.06, 0.1, 0.04)",0.95,,True,B,,1602984.9210071864,0.09684251368658725,-0.2832527451884015,-0.30772316017461804,0.08711786999743798,0.1063614296195276,0.5788773889234828,0.9526513086455447,95.5,76.0,19.5,0.0,0.15458616614607584,0.0473486913544552
"(0.06, 0.1, 0.08)",0.8,,False,B,,1416984.3773654036,0.08419094381545267,-0.22510832732068087,-0.27394016884254296,0.07236922976267639,0.09226792926314825,0.483136137009091,0.8055147087828227,80.0,72.0,7.0,1.0,0.1273370900597862,0.19448529121717734
"(0.06, 0.1, 0.08)",0.8,,True,B,,1433908.0952830776,0.08540229754110595,-0.23861888167778,-0.24938590838261784,0.07951143280175003,0.09354216565803375,0.5059651809154753,0.8114044927807829,87.0,74.0,13.0,0.0,0.1322646153202683,0.18859550721921714
"(0.06, 0.1, 0.08)",0.95,,False,B,,1598128.927475983,0.09652696038648745,-0.27619432376381325,-0.28903145605288993,0.09072651494730839,0.10913434800947572,0.5585852908284921,0.9487029329932886,89.0,75.0,13.0,1.0,0.14941758248456172,0.05129706700671148
"(0.06, 0.1, 0.08)",0.95,,True,B,,1602984.9210071864,0.09684251368658725,-0.2832527451884015,-0.30772316017461804,0.08711786999743798,0.1063614296195276,0.5788773889234828,0.9526513086455447,95.5,76.0,19.5,0.0,0.15458616614607584,0.0473486913544552
"(0.06, 0.12, 0)",0.8,,False,B,,1331050.7355310356,0.07782972997282012,-0.23470231031918432,-0.27973716671908627,0.06578080564543749,0.0889865376729428,0.4905462442102013,0.7957802770641611,76.5,71.0,6.0,0.0,0.12867397823865404,0.20421972293583893
"(0.06, 0.12, 0)",0.8,,True,B,,1391172.3960464802,0.08231524061658746,-0.24095671779962247,-0.2562721396083438,0.0760618202249715,0.09528895147868746,0.5074496516746274,0.8111574900886301,86.5,74.0,12.0,0.0,0.13320708175218246,0.1888425099113698
"(0.06, 0.12, 0)",0.95,,False,B,,1458950.1771264432,0.08716319841781417,-0.27871429694297295,-0.3172827132748458,0.07736098878332312,0.10883375549019772,0.560889481129392,0.945776606198391,85.0,74.0,12.0,0.0,0.15163395432490645,0.054223393801609066
"(0.06, 0.12, 0)",0.95,,True,B,,1585222.1874353392,0.09569290977423284,-0.288201418987291,-0.3139252567892221,0.08200170282605404,0.10994563344668884,0.5821563431999819,0.9526925337949412,93.0,75.0,18.0,0.0,0.15590521858757023,0.04730746620505877
"(0.06, 0.12, 0.02)",0.8,,False,B,,1379378.9319558344,0.08145161317761251,-0.23990516221968883,-0.2698359169827736,0.07067060397033739,0.09175220437452672,0.4943439826967846,0.8030992956030789,84.0,70.0,6.0,7.0,0.12986789979247154,0.19690070439692103
"(0.06, 0.12, 0.02)",0.8,,True,B,,1391172.3960464802,0.08231524061658746,-0.24095671779962247,-0.2562721396083438,0.0760618202249715,0.09528895147868746,0.5074496516746274,0.8111574900886301,86.5,74.0,12.0,0.0,0.13320708175218246,0.1888425099113698
"(0.06, 0.12, 0.02)",0.95,,False,B,,1554335.903114662,0.09364300960934435,-0.2878620277921588,-0.3085297908508484,0.08328071683447405,0.1098553220872005,0.5702426021655405,0.9480773994849405,95.5,73.5,10.0,12.0,0.1519423903296392,0.05192260051505948
"(0.06, 0.12, 0.02)",0.95,,True,B,,1585222.1874353392,0.09569290977423284,-0.288201418987291,-0.3139252567892221,0.08200170282605404,0.10994563344668884,0.5821563431999819,0.9526925337949412,93.0,75.0,18.0,0.0,0.15590521858757023,0.04730746620505877
"(0.06, 0.12, 0.04)",0.8,,False,B,,1367526.6440804838,0.08057414074117064,-0.23280139839811242,-0.26995142355462354,0.07020745591958152,0.08936242296784044,0.4893949925449635,0.803528440393817,80.0,71.5,7.0,2.0,0.12868699037178508,0.19647155960618312
"(0.06, 0.12, 0.04)",0.8,,True,B,,1391172.3960464802,0.08231524061658746,-0.24095671779962247,-0.2562721396083438,0.0760618202249715,0.09528895147868746,0.5074496516746274,0.8111574900886301,86.5,74.0,12.0,0.0,0.13320708175218246,0.1888425099113698
"(0.06, 0.12, 0.04)",0.95,,False,B,,1494079.6298730178,0.0895909421714074,-0.28642831216133263,-0.32496133685394973,0.08259041163643968,0.1088921188327181,0.566216160676004,0.9468923276457217,89.0,73.0,11.0,4.0,0.1513739696143856,0.053107672354278254
"(0.06, 0.12, 0.04)",0.95,,True,B,,1585222.1874353392,0.09569290977423284,-0.288201418987291,-0.3139252567892221,0.08200170282605404,0.10994563344668884,0.5821563431999819,0.9526925337949412,93.0,75.0,18.0,0.0,0.15590521858757023,0.04730746620505877
"(0.06, 0.12, 0.08)",0.8,,False,B,,1373021.3498802993,0.08098172023654948,-0.2321812211409111,-0.27973716671908627,0.06578080564543749,0.08936242296784044,0.49140924036356715,0.7957802770641611,77.0,71.0,6.0,0.0,0.12883565091366245,0.20421972293583893
"(0.06, 0.12, 0.08)",0.8,,True,B,,1391172.3960464802,0.08231524061658746,-0.24095671779962247,-0.2562721396083438,0.0760618202249715,0.09528895147868746,0.5074496516746274,0.8111574900886301,86.5,74.0,12.0,0.0,0.13320708175218246,0.1888425099113698
"(0.06, 0.12, 0.08)",0.95,,False,B,,1486993.9601236433,0.08911790493008165,-0.2769330494718793,-0.32218385702387375,0.0796253512437469,0.10794788161374486,0.5654794828504597,0.945776606198391,86.0,73.0,11.0,1.0,0.15230684987846904,0.054223393801609066
"(0.06, 0.12, 0.08)",0.95,,True,B,,1585222.1874353392,0.09569290977423284,-0.288201418987291,-0.3139252567892221,0.08200170282605404,0.10994563344668884,0.5821563431999819,0.9526925337949412,93.0,75.0,18.0,0.0,0.15590521858757023,0.04730746620505877
"(0.06, 0.15, 0)",0.8,,False,B,,1412679.9608990909,0.08384839490914431,-0.24312842869563128,-0.2653017318863843,0.07905283474346161,0.09421882326862556,0.4706273738421072,0.7950107430987391,78.0,74.0,4.0,0.0,0.12630949609654832,0.204989256901261
"(0.06, 0.15, 0)",0.8,,True,B,,1419550.0391779747,0.08437561399332238,-0.24418313583840678,-0.26598311720667606,0.07302366997745821,0.09773238407603838,0.5063490152730561,0.810514941605363,84.5,74.5,10.0,0.0,0.13424732738881523,0.18948505839463708
"(0.06, 0.15, 0)",0.95,,False,B,,1498759.9611548418,0.08992839151852794,-0.26829864020147964,-0.32601713745380884,0.0788851387699944,0.10990559344710352,0.5509838719321358,0.9458788163983458,84.5,77.0,8.0,0.0,0.14919322066280982,0.05412118360165421
"(0.06, 0.15, 0)",0.95,,True,B,,1584610.6253023786,0.09565192504358921,-0.29525820638622696,-0.3181222047687103,0.07778485681786854,0.111907494136798,0.5821325704778922,0.952696028068293,90.5,75.5,15.0,0.0,0.15805373798975042,0.04730397193170701
"(0.06, 0.15, 0.02)",0.8,,False,B,,1434392.0040683225,0.08542224565367729,-0.2319384443170885,-0.26518534470362753,0.0784239355510937,0.10052408997305617,0.48146265903832947,0.8019107263743135,91.0,70.0,4.0,16.5,0.1265400701399364,0.19808927362568649
"(0.06, 0.15, 0.02)",0.8,,True,B,,1419550.0391779747,0.08437561399332238,-0.24418313583840678,-0.26598311720667606,0.07302366997745821,0.09773238407603838,0.5063490152730561,0.810514941605363,84.5,74.5,10.0,0.0,0.13424732738881523,0.18948505839463708
"(0.06, 0.15, 0.02)",0.95,,False,B,,1575639.5098348348,0.09506311952034285,-0.2828500538936565,-0.3321841877977047,0.0802142037296922,0.10743709346674749,0.5606236692791982,0.9486062217720588,98.5,74.0,7.5,16.5,0.14982623114398647,0.051393778227941195
"(0.06, 0.15, 0.02)",0.95,,True,B,,1584610.6253023786,0.09565192504358921,-0.29525820638622696,-0.3181222047687103,0.07778485681786854,0.111907494136798,0.5821325704778922,0.952696028068293,90.5,75.5,15.0,0.0,0.15805373798975042,0.04730397193170701
"(0.06, 0.15, 0.04)",0.8,,False,B,,1486246.9604061677,0.08902344994343792,-0.23207199718157817,-0.2628328585928094,0.07949006851082954,0.09868479292958048,0.47819955446739826,0.8021555099133382,82.5,72.0,4.0,7.0,0.12699183307157674,0.19784449008666177
"(0.06, 0.15, 0.04)",0.8,,True,B,,1419550.0391779747,0.08437561399332238,-0.24418313583840678,-0.26598311720667606,0.07302366997745821,0.09773238407603838,0.5063490152730561,0.810514941605363,84.5,74.5,10.0,0.0,0.13424732738881523,0.18948505839463708
"(0.06, 0.15, 0.04)",0.95,,False,B,,1611921.3783496686,0.09740487736209957,-0.2774508655978197,-0.32554479670973296,0.083769609524273,0.1086355815104777,0.5558032286489745,0.946906322204346,88.5,74.0,8.0,6.5,0.14966206621170913,0.05309367779565402
"(0.06, 0.15, 0.04)",0.95,,True,B,,1584610.6253023786,0.09565192504358921,-0.29525820638622696,-0.3181222047687103,0.07778485681786854,0.111907494136798,0.5821325704778922,0.952696028068293,90.5,75.5,15.0,0.0,0.15805373798975042,0.04730397193170701
"(0.06, 0.15, 0.08)",0.8,,False,B,,1438697.4490556964,0.0857391412696229,-0.22919738378738347,-0.2651470668082508,0.0756187411636624,0.09820865861573949,0.47223077798149804,0.7930398435644846,78.0,72.5,4.0,2.0,0.12532046595509344,0.2069601564355154
"(0.06, 0.15, 0.08)",0.8,,True,B,,1419550.0391779747,0.08437561399332238,-0.24418313583840678,-0.26598311720667606,0.07302366997745821,0.09773238407603838,0.5063490152730561,0.810514941605363,84.5,74.5,10.0,0.0,0.13424732738881523,0.18948505839463708
"(0.06, 0.15, 0.08)",0.95,,False,B,,1613392.8493722845,0.09748488237942254,-0.2678309603018024,-0.2978728892755037,0.0834524975053412,0.11101230085263436,0.5545903010894364,0.9458685043534925,85.0,75.0,7.0,2.0,0.14830460214794403,0.05413149564650756
"(0.06, 0.15, 0.08)",0.95,,True,B,,1584610.6253023786,0.09565192504358921,-0.29525820638622696,-0.3181222047687103,0.07778485681786854,0.111907494136798,0.5821325704778922,0.952696028068293,90.5,75.5,15.0,0.0,0.15805373798975042,0.04730397193170701
"(0.06, 0.2, 0)",0.8,,False,B,,1376140.6823591446,0.08074194102237864,-0.24105200666906423,-0.2657544857991472,0.06995956710974134,0.09439804864655828,0.46893159198376144,0.8016056563399847,76.5,74.0,3.0,0.0,0.12488717787804529,0.19839434366001535
"(0.06, 0.2, 0)",0.8,,True,B,,1394911.873895688,0.08258384341448566,-0.24716618182639988,-0.26636437130008084,0.06984832860148231,0.09918900786038624,0.5068439636173963,0.8106000285838071,82.0,74.0,8.0,0.0,0.13404020733763333,0.18939997141619289
"(0.06, 0.2, 0)",0.95,,False,B,,1552770.325861266,0.09356407875437489,-0.2833688968559409,-0.3049619398235062,0.07388798112234232,0.10803191763301585,0.5377445729590302,0.9432984819640946,81.0,75.5,5.0,0.0,0.14851032610742174,0.056701518035905354
"(0.06, 0.2, 0)",0.95,,True,B,,1553549.53718385,0.09361282418264616,-0.30399180914856494,-0.31873972816384644,0.0763541126771301,0.1151358155314391,0.5797137802347743,0.9531292864193587,86.0,75.0,12.0,0.0,0.15841578939843276,0.04687071358064133
"(0.06, 0.2, 0.02)",0.8,,False,B,,1409302.5286284322,0.08348591447641074,-0.24825849883263468,-0.27782994677151895,0.07034081361231677,0.09780624235045314,0.47846824286591166,0.8002087021742834,91.0,69.5,3.0,17.0,0.12617782441857678,0.1997912978257166
"(0.06, 0.2, 0.02)",0.8,,True,B,,1394911.873895688,0.08258384341448566,-0.24716618182639988,-0.26636437130008084,0.06984832860148231,0.09918900786038624,0.5068439636173963,0.8106000285838071,82.0,74.0,8.0,0.0,0.13404020733763333,0.18939997141619289
"(0.06, 0.2, 0.02)",0.95,,False,B,,1497552.8029586603,0.08984367884924294,-0.2945756851508061,-0.3070121438903984,0.07633354640492825,0.11377125657860042,0.544486754518116,0.9489124981953377,99.5,74.0,5.0,19.0,0.14988758905590238,0.0510875018046623
"(0.06, 0.2, 0.02)",0.95,,True,B,,1553549.53718385,0.09361282418264616,-0.30399180914856494,-0.31873972816384644,0.0763541126771301,0.1151358155314391,0.5797137802347743,0.9531292864193587,86.0,75.0,12.0,0.0,0.15841578939843276,0.04687071358064133
"(0.06, 0.2, 0.04)",0.8,,False,B,,1324129.2867283185,0.07729789051135005,-0.25802176205674626,-0.2865841434395399,0.0696254785380176,0.09870145027375594,0.4818265558597277,0.7989901223010348,79.0,70.0,3.0,7.0,0.12834805364711524,0.20100987769896506
"(0.06, 0.2, 0.04)",0.8,,True,B,,1394911.873895688,0.08258384341448566,-0.24716618182639988,-0.26636437130008084,0.06984832860148231,0.09918900786038624,0.5068439636173963,0.8106000285838071,82.0,74.0,8.0,0.0,0.13404020733763333,0.18939997141619289
"(0.06, 0.2, 0.04)",0.95,,False,B,,1539319.8957392331,0.09266185211486477,-0.2893634096624254,-0.3128203858729231,0.07879791880348572,0.11490108227460243,0.5446026445298557,0.9473980803808538,88.0,74.5,5.0,8.0,0.14986437673125175,0.05260191961914623
"(0.06, 0.2, 0.04)",0.95,,True,B,,1553549.53718385,0.09361282418264616,-0.30399180914856494,-0.31873972816384644,0.0763541126771301,0.1151358155314391,0.5797137802347743,0.9531292864193587,86.0,75.0,12.0,0.0,0.15841578939843276,0.04687071358064133
"(0.06, 0.2, 0.08)",0.8,,False,B,,1499771.425201387,0.0899976098991273,-0.23149355817563894,-0.2621364995521649,0.06900184280554929,0.09891549655607351,0.46184063360900107,0.7981959964081271,77.0,72.5,3.0,2.5,0.12464401769023575,0.2018040035918729
"(0.06, 0.2, 0.08)",0.8,,True,B,,1394911.873895688,0.08258384341448566,-0.24716618182639988,-0.26636437130008084,0.06984832860148231,0.09918900786038624,0.5068439636173963,0.8106000285838071,82.0,74.0,8.0,0.0,0.13404020733763333,0.18939997141619289
"(0.06, 0.2, 0.08)",0.95,,False,B,,1543022.7845836184,0.09291514252156263,-0.2890474724002703,-0.31639169624359476,0.08078699418267814,0.11687075568160582,0.5499212514462601,0.9493418555293471,83.0,73.0,5.0,3.5,0.15181836746796165,0.050658144470652915
"(0.06, 0.2, 0.08)",0.95,,True,B,,1553549.53718385,0.09361282418264616,-0.30399180914856494,-0.31873972816384644,0.0763541126771301,0.1151358155314391,0.5797137802347743,0.9531292864193587,86.0,75.0,12.0,0.0,0.15841578939843276,0.04687071358064133
