weights,cap,panic_max_pos,win,drop,final,cagr,max_dd,dd_p10,cagr_p10,cagr_p90,avg_exp,max_exp,n,n0,n1,n2,vol,min_cash
"(0, 0.02, 0)",0.9,15.0,B,,1120934.6933648651,0.060551267557703015,-0.14115239283019582,-0.14115286228935545,0.060551104889424764,0.06055164488932714,0.19402368187970845,0.726146380691734,95.0,0.0,95.0,0.0,0.06442924115021098,0.273853619308266
"(0, 0.02, 0)",0.9,,B,,1120934.6933648651,0.060551267557703015,-0.14115239283019582,-0.14115286228935545,0.060551104889424764,0.06055164488932714,0.19402368187970845,0.726146380691734,95.0,0.0,95.0,0.0,0.06442924115021098,0.273853619308266
"(0, 0.02, 0)",1.0,15.0,B,,1120934.6933648651,0.060551267557703015,-0.14115239283019582,-0.14115286228935545,0.060551104889424764,0.06055164488932714,0.19402368187970845,0.726146380691734,95.0,0.0,95.0,0.0,0.06442924115021098,0.273853619308266
"(0, 0.02, 0)",1.0,,B,,1120934.6933648651,0.060551267557703015,-0.14115239283019582,-0.14115286228935545,0.060551104889424764,0.06055164488932714,0.19402368187970845,0.726146380691734,95.0,0.0,95.0,0.0,0.06442924115021098,0.273853619308266
"(0, 0.02, 0.01)",0.9,15.0,B,,1131048.387148289,0.06144769027912289,-0.15191109354505883,-0.1535912424706988,0.061310315756443724,0.062022457493643345,0.1982356178451019,0.7558792726583411,99.0,0.0,95.0,4.0,0.06637927699776791,0.24412072734165888
"(0, 0.02, 0.01)",0.9,,B,,1603963.113111106,0.09690577112889298,-0.20946650467346106,-0.20946709139110462,0.09657957901234641,0.09770316691742745,0.297248968072491,0.9029131750898561,240.0,0.0,94.0,146.0,0.10466131629006806,0.09708682491014387
"(0, 0.02, 0.01)",1.0,15.0,B,,1131048.387148289,0.06144769027912289,-0.15191109354505883,-0.1535912424706988,0.061310315756443724,0.062022457493643345,0.1982356178451019,0.7558792726583411,99.0,0.0,95.0,4.0,0.06637927699776791,0.24412072734165888
"(0, 0.02, 0.01)",1.0,,B,,1669667.20461917,0.10105593439987426,-0.20946650467346106,-0.20946709139110462,0.10061843265335443,0.1014893013720358,0.302541010963443,0.9983368997577952,252.0,0.0,95.0,157.0,0.10961785530571197,0.0016631002422048246
"(0, 0.02, 0.02)",0.9,15.0,B,,1141163.2801378923,0.06233697461738563,-0.1631548063913394,-0.16634792647583702,0.0620636818489201,0.06347383655069976,0.2024196344096253,0.7856402802838067,99.0,0.0,95.0,4.0,0.06848585543017174,0.21435971971619333
"(0, 0.02, 0.02)",0.9,,B,,1688416.5835919653,0.10221296827959936,-0.26547661030030345,-0.26547742394842966,0.09958374967559747,0.10422076655694872,0.32421122309779726,0.8986970833796182,180.0,0.0,88.0,92.0,0.11389599787726948,0.1013029166203819
"(0, 0.02, 0.02)",1.0,15.0,B,,1141163.2801378923,0.06233697461738563,-0.1631548063913394,-0.16634792647583702,0.0620636818489201,0.06347383655069976,0.2024196344096253,0.7856402802838067,99.0,0.0,95.0,4.0,0.06848585543017174,0.21435971971619333
"(0, 0.02, 0.02)",1.0,,B,,1774930.592513178,0.10740590363159797,-0.2747434047820964,-0.27474422949776406,0.10647109682225186,0.10814466731396766,0.34396140443775924,0.9998547004116206,195.0,0.0,91.0,104.0,0.12196675138222127,0.0001452995883793738
"(0, 0.02, 0.03)",0.9,15.0,B,,1151277.9534580386,0.06321911704780436,-0.17408798744858417,-0.17899051275163003,0.06281204541739924,0.06490634709136937,0.20657681881318962,0.8154293616181619,99.0,0.0,95.0,4.0,0.07073463815407349,0.18457063838183813
"(0, 0.02, 0.03)",0.9,,B,,1728337.1375556346,0.10463857084510253,-0.27802393219406357,-0.27802588835434655,0.10224484827094335,0.1060788307401332,0.33094202614571366,0.9011693569548567,148.5,0.0,82.0,66.5,0.11766142894987294,0.09883064304514334
"(0, 0.02, 0.03)",1.0,15.0,B,,1151277.9534580386,0.06321911704780436,-0.17408798744858417,-0.17899051275163003,0.06281204541739924,0.06490634709136937,0.20657681881318962,0.8154293616181619,99.0,0.0,95.0,4.0,0.07073463815407349,0.18457063838183813
"(0, 0.02, 0.03)",1.0,,B,,1848384.4546340327,0.11163819863798952,-0.30165938626575434,-0.3023663314150399,0.10859057898860866,0.1140096794398309,0.36099224493335347,0.998837489870112,162.0,0.0,87.0,75.0,0.12865379126327406,0.001162510129888025
"(0, 0.02, 0.04)",0.9,15.0,B,,1161392.4071119102,0.06409423718193796,-0.1848260977739346,-0.19153306138637288,0.06355535500532668,0.06632049733954763,0.2107077807462224,0.8452465597878547,99.0,0.0,95.0,4.0,0.073112370001581,0.15475344021214538
"(0, 0.02, 0.04)",0.9,,B,,1771201.254968712,0.10718691292842841,-0.27634869055044425,-0.2844488794586079,0.10308980499541472,0.10927333695247983,0.3248231205375116,0.9033952388263292,132.0,0.0,81.0,51.0,0.1169865693187154,0.0966047611736709
"(0, 0.02, 0.04)",1.0,15.0,B,,1161392.4071119102,0.06409423718193796,-0.1848260977739346,-0.19153306138637288,0.06355535500532668,0.06632049733954763,0.2107077807462224,0.8452465597878547,99.0,0.0,95.0,4.0,0.073112370001581,0.15475344021214538
"(0, 0.02, 0.04)",1.0,,B,,1915461.662045162,0.11537185646893866,-0.3033489367623671,-0.3033526844980039,0.11105372573616583,0.11880102484454842,0.34930472750456,0.9975556736628398,142.0,0.0,83.0,59.0,0.1288870244932212,0.002444326337160186
"(0, 0.02, 0.06)",0.9,15.0,B,,1190405.5404979382,0.0665663261379883,-0.20652121457587036,-0.21673508379898987,0.06443988069220156,0.06959655574489412,0.21701694054270157,0.88263525333775,98.0,0.0,94.0,4.0,0.07706310618621712,0.11736474666224997
"(0, 0.02, 0.06)",0.9,,B,,1766440.858343841,0.10690648078264087,-0.2825087819220372,-0.28251542866951806,0.10206271080528873,0.1118159105830577,0.32502632692357747,0.8901658960324395,109.0,0.0,76.0,33.0,0.11785859972152155,0.10983410396756052
"(0, 0.02, 0.06)",1.0,15.0,B,,1181620.65543355,0.06582387394865541,-0.20652121457587036,-0.21673508379898987,0.06502709540524713,0.06909564804554466,0.21889339260413843,0.904965479593697,99.0,0.0,95.0,4.0,0.07809046816712514,0.09503452040630306
"(0, 0.02, 0.06)",1.0,,B,,1921510.3013838767,0.11570238123528087,-0.31446723933242127,-0.3218099674407087,0.10870783766033906,0.12208646999180121,0.3563929202340591,0.9975173173610752,118.0,0.0,80.0,38.0,0.13017177858179058,0.00248268263892477
"(0, 0.02, 0.08)",0.9,15.0,B,,1233568.1283446925,0.07014615791539414,-0.22697679724681802,-0.2422908278489583,0.06719770038637049,0.07465526890855563,0.2220683104013378,0.8775373099592229,96.0,0.0,91.0,5.0,0.08043624877966135,0.12246269004077716
"(0, 0.02, 0.08)",0.9,,B,,1747907.825896401,0.10580492313424728,-0.2835744633796021,-0.2987528508008189,0.09774838090447457,0.11375349531690063,0.3378035279080936,0.89153453706845,104.0,0.0,80.0,24.0,0.12105850058763228,0.10846546293155004
"(0, 0.02, 0.08)",1.0,15.0,B,,1227098.8851328427,0.06961597231689609,-0.22697679724681802,-0.2422908278489583,0.06655202982337313,0.07348707065460414,0.22685451726667594,0.9647545779338982,99.0,0.0,95.0,4.0,0.08267753008052317,0.03524542206610179
"(0, 0.02, 0.08)",1.0,,B,,1855966.2440892183,0.11206624222505979,-0.3067864727360102,-0.3222580368150392,0.10740335349841032,0.12195822956871316,0.3584061888841905,0.993028393774227,109.0,0.0,81.0,28.0,0.1326855088700861,0.00697160622577288
"(0, 0.02, 0.1)",0.9,15.0,B,,1236302.9692953988,0.07036911748420671,-0.24671609272410105,-0.26687582058332115,0.06803011412653996,0.07586364218878223,0.2299830850149459,0.8755187434484657,93.0,0.0,88.0,5.0,0.08515342835594848,0.12448125655153437
"(0, 0.02, 0.1)",0.9,,B,,1727750.4141950058,0.1046023548099656,-0.27729830802111055,-0.2979271620183744,0.09093933130686367,0.11193666984418604,0.33025400801953353,0.8872187124133581,96.0,0.0,78.0,18.0,0.1213999376509989,0.11278128758664191
"(0, 0.02, 0.1)",1.0,15.0,B,,1226656.6990556135,0.06958075209791204,-0.24671609272410105,-0.26687582058332115,0.06672478506359622,0.07414674806013341,0.23447163605152374,0.9819565243163255,97.0,0.0,93.0,4.0,0.08750615409336304,0.01804347568367451
"(0, 0.02, 0.1)",1.0,,B,,1878219.4096691413,0.11330882864758685,-0.30553992357288895,-0.31839997062063474,0.10220881584566377,0.12246105922059305,0.3646232984630584,0.9934618205677923,101.0,0.0,78.0,21.5,0.1331704799908116,0.006538179432207628
"(0, 0.02, 0.15)",0.9,15.0,B,,1322532.1687624624,0.07717879518474147,-0.27610712919371794,-0.3000659111318212,0.07182140365059801,0.0858057913187237,0.24733040205485607,0.8889933629289877,87.0,0.0,82.0,6.0,0.09644302957968479,0.11100663707101227
"(0, 0.02, 0.15)",0.9,,B,,1636212.4837207892,0.09896146718098786,-0.284999406063863,-0.31157170316307375,0.09225807985725054,0.11654626321139111,0.3310493567342241,0.8976274073972825,93.0,0.0,82.0,12.0,0.12436199425023686,0.10237259260271747
"(0, 0.02, 0.15)",1.0,15.0,B,,1301997.6311923615,0.07559461119357136,-0.29316741373451166,-0.3110121893672498,0.07342431377786655,0.08347279440994551,0.25003033024832727,0.998653799586398,92.0,0.0,87.0,5.0,0.10052947230539604,0.0013462004136020659
"(0, 0.02, 0.15)",1.0,,B,,1851878.7907648652,0.11179345011313724,-0.31521747485868185,-0.32672868687057144,0.09151515493374743,0.1266764563584365,0.36011635697109196,0.994536797310509,93.5,0.0,79.0,15.0,0.13717860797063403,0.005463202689491015
"(0, 0.03, 0)",0.9,15.0,B,,1304819.4926282153,0.07581370490801809,-0.21332783732741772,-0.21332893131271136,0.0758133655008055,0.07581453315734539,0.2683543981467488,0.8652851140110929,87.0,0.0,87.0,0.0,0.08897073865763139,0.13471488598890707
"(0, 0.03, 0)",0.9,,B,,1304819.4926282153,0.07581370490801809,-0.21332783732741772,-0.21332893131271136,0.0758133655008055,0.07581453315734539,0.2683543981467488,0.8652851140110929,87.0,0.0,87.0,0.0,0.08897073865763139,0.13471488598890707
"(0, 0.03, 0)",1.0,15.0,B,,1360018.6320021022,0.08001477655460443,-0.21332783732741772,-0.21332893131271136,0.08001443503248584,0.08001560741030742,0.2698238481338556,0.9917031580267375,91.0,0.0,91.0,0.0,0.09062452717628726,0.008296841973262607
"(0, 0.03, 0)",1.0,,B,,1360018.6320021022,0.08001477655460443,-0.21332783732741772,-0.21332893131271136,0.08001443503248584,0.08001560741030742,0.2698238481338556,0.9917031580267375,91.0,0.0,91.0,0.0,0.09062452717628726,0.008296841973262607
"(0, 0.03, 0.01)",0.9,15.0,B,,1310705.3677922278,0.07626918581199227,-0.22331195834332096,-0.225205465918561,0.07585857552945934,0.07705442401432469,0.27267138526065965,0.8648955640711213,91.0,0.0,86.0,5.0,0.09037922405229434,0.13510443592887872
"(0, 0.03, 0.01)",0.9,,B,,1726409.282046578,0.10452256224669876,-0.2609604415582021,-0.2620412631129432,0.10342031580021842,0.1056271413173994,0.3484536348793257,0.8979043451095018,208.0,0.0,83.0,126.0,0.11765284315285185,0.10209565489049824
"(0, 0.03, 0.01)",1.0,15.0,B,,1360417.0084927147,0.08004452861330236,-0.22331195834332096,-0.225205465918561,0.07923455542902294,0.08066737037214085,0.27414809721249656,0.9920402809943383,95.0,0.0,90.0,5.0,0.09186780086568555,0.007959719005661706
"(0, 0.03, 0.01)",1.0,,B,,1798368.3711282404,0.1087734623727129,-0.2790078990992995,-0.27900909437927096,0.10820926363920935,0.10953887261025759,0.3639858812001937,0.9905335617185838,227.0,0.0,85.0,142.0,0.12558188222222091,0.009466438281416183
"(0, 0.03, 0.02)",0.9,15.0,B,,1316052.8708041976,0.07668115870782355,-0.23387762530823197,-0.23742638424264637,0.0759716510930946,0.07744888683336157,0.27627608029446005,0.8641553396692174,90.0,0.0,85.0,5.0,0.09174386756052699,0.13584466033078257
"(0, 0.03, 0.02)",0.9,,B,,1758634.6026339768,0.1064457319383707,-0.2741767065446505,-0.2741780642253255,0.10558671848390519,0.10711212725682458,0.35235418740061963,0.902689273121369,150.0,0.0,78.0,72.0,0.12048073186402869,0.09731072687863099
"(0, 0.03, 0.02)",1.0,15.0,B,,1361453.8053441793,0.08012192925622585,-0.23387762530823197,-0.23742638424264637,0.07973590745538095,0.08137655037057123,0.2782171252890385,0.9921669870932572,94.0,0.0,89.0,5.0,0.09352352991516451,0.00783301290674265
"(0, 0.03, 0.02)",1.0,,B,,1908663.388595828,0.11499871390300642,-0.2961511141247291,-0.29615251080266497,0.11245452879511977,0.11790003645256567,0.3800436771816521,0.9961958005401229,168.0,0.0,81.0,87.0,0.13115061949519397,0.003804199459877141
"(0, 0.03, 0.03)",0.9,15.0,B,,1315590.8674241367,0.07664586950068264,-0.24428230940823237,-0.24961636986749025,0.07594471400681455,0.078657693031842,0.27850433069982605,0.8630824931550078,89.0,0.0,84.0,5.0,0.0928870307459666,0.1369175068449922
"(0, 0.03, 0.03)",0.9,,B,,1785440.72440817,0.10802120999227494,-0.2708742163695017,-0.28768240020228253,0.10546357566315294,0.11084887526808278,0.34232422694437875,0.890256282900249,128.0,0.0,75.0,53.0,0.12043897625647776,0.10974371709975098
"(0, 0.03, 0.03)",1.0,15.0,B,,1367400.4719233946,0.080564785467657,-0.24428230940823237,-0.24961636986749025,0.07989873481376297,0.08221237194391837,0.2820982253662228,0.9920410710627432,93.0,0.0,88.0,5.0,0.0953218539646731,0.0079589289372568
"(0, 0.03, 0.03)",1.0,,B,,1889805.0473042927,0.11395790373801307,-0.31044264581966374,-0.31198256199530877,0.1113549357525108,0.11668299169266175,0.38492278278099124,0.9953237527794021,139.5,0.0,77.0,62.5,0.13419305346780253,0.004676247220597956
"(0, 0.03, 0.04)",0.9,15.0,B,,1335322.3964293369,0.07815390420761881,-0.2487734722046827,-0.2587766673969728,0.07626084080527629,0.0791504167508886,0.28124369669850147,0.8619856076963277,88.0,0.0,83.0,5.0,0.09418920422583706,0.1380143923036723
"(0, 0.03, 0.04)",0.9,,B,,1769270.6954626555,0.10707345052389727,-0.2754129794506777,-0.29028994912628997,0.10375250534941512,0.11317224538226826,0.3473507998047188,0.8998198428749384,113.0,0.0,74.0,39.0,0.12077976640349611,0.10018015712506154
"(0, 0.03, 0.04)",1.0,15.0,B,,1369106.9037809218,0.08069160396082464,-0.25443163830000315,-0.2617114966029305,0.07994529647263575,0.08311382570045542,0.28646147230390917,0.9912815682969904,92.0,0.0,87.0,5.0,0.09738654010220238,0.008718431703009656
"(0, 0.03, 0.04)",1.0,,B,,1950905.4536516257,0.1172971330433894,-0.30332189790134817,-0.32234798851768703,0.11341816319649196,0.1190941666985202,0.3758313697867993,0.9900161938525435,124.0,0.0,76.0,48.0,0.13283886938975784,0.00998380614745658
"(0, 0.03, 0.06)",0.9,15.0,B,,1364999.1482060128,0.08038616220245909,-0.25771820693864617,-0.2705233066200181,0.07942113416665746,0.08415170633277709,0.28587360293553576,0.8895334479148177,87.0,0.0,82.0,6.0,0.09700242940531106,0.11046655208518236
"(0, 0.03, 0.06)",0.9,,B,,1757409.0952587444,0.10637318380005623,-0.28483793282581654,-0.29665109385134564,0.10175663029219213,0.1143282988910967,0.35291240840121996,0.8874069446904399,98.0,0.0,74.0,25.0,0.12266897592870049,0.11259305530956007
"(0, 0.03, 0.06)",1.0,15.0,B,,1374214.709335387,0.0810701998396286,-0.27421939800258227,-0.2856221648176363,0.08001608315637052,0.08467323639300747,0.29379506027231883,0.9892737858392557,90.0,0.0,85.0,5.0,0.10080579361931666,0.010726214160744294
"(0, 0.03, 0.06)",1.0,,B,,1933453.1259816373,0.11635314807355679,-0.3137585382691019,-0.31526478871915864,0.11162027469309332,0.12185385329470842,0.37866618650318384,0.9913210691348011,104.0,0.0,73.0,31.0,0.13334787509865717,0.008678930865198935
"(0, 0.03, 0.08)",0.9,15.0,B,,1417093.4819086823,0.08419919312752899,-0.2656286895352982,-0.27453126326581145,0.08114994289330206,0.08938948552411015,0.28908972744803635,0.8778986282167842,85.0,0.0,79.0,6.0,0.0988558331409311,0.12210137178321576
"(0, 0.03, 0.08)",0.9,,B,,1751684.0886718903,0.10602765646067713,-0.28011474550962995,-0.30195507893148305,0.09726591955191626,0.11493712409163141,0.34868040532195227,0.899929078236174,90.0,0.0,71.0,19.0,0.1238565495928774,0.1000709217638261
"(0, 0.03, 0.08)",1.0,15.0,B,,1416848.1250246638,0.08418121203208762,-0.2820114937947892,-0.3016017934223412,0.0805534679610973,0.08804954874396238,0.2973419606060608,0.9860700525884397,88.0,0.0,83.0,5.0,0.1031125797597987,0.013929947411560267
"(0, 0.03, 0.08)",1.0,,B,,1929228.2894571382,0.11612242834255937,-0.31050370942888056,-0.3295040898637141,0.10572723491186808,0.12152193505261476,0.38130569101966477,0.996484828402328,96.5,0.0,75.0,22.0,0.1351243103768079,0.003515171597671997
"(0, 0.03, 0.1)",0.9,15.0,B,,1438627.2946641778,0.08573834763253763,-0.2686879830777487,-0.2831553166940148,0.08364595206015073,0.09168974985092179,0.2860902250129013,0.8704597884517571,83.0,0.0,77.0,6.0,0.10074453039738786,0.12954021154824286
"(0, 0.03, 0.1)",0.9,,B,,1750521.6275127097,0.10593998358589118,-0.28292968664537516,-0.2943666097087882,0.09249575599383038,0.11917440181752902,0.3497894311271136,0.8957310014163942,88.5,0.0,74.0,15.0,0.12366124927484862,0.10426899858360594
"(0, 0.03, 0.1)",1.0,15.0,B,,1431113.0405264706,0.08520364651074497,-0.29325931450599213,-0.3106233457192465,0.08265010545834509,0.091290720025156,0.3017049291859643,0.9934063343336372,86.0,0.0,81.0,6.0,0.10650723543455104,0.006593665666362764
"(0, 0.03, 0.1)",1.0,,B,,1885479.3275041634,0.1137178513003122,-0.30787678441592087,-0.33046229716263636,0.1040724376982091,0.12395347569147078,0.3843415030920947,0.9797905415765863,92.0,0.0,74.0,17.0,0.1355195589105121,0.02020945842341372
"(0, 0.03, 0.15)",0.9,15.0,B,,1473975.3126554177,0.08822013761445724,-0.26673693961405787,-0.30987222036095385,0.079916016752036,0.09775670641471043,0.29679519402326804,0.8903276953986132,80.5,0.0,75.0,5.0,0.10549068478484028,0.10967230460138674
"(0, 0.03, 0.15)",0.9,,B,,1662458.3606591036,0.10060788909416074,-0.2720937504359119,-0.30987222036095385,0.08741043653365965,0.12642533720031826,0.34511561782352046,0.8919304219825953,83.5,0.0,75.0,9.0,0.126388745565716,0.1080695780174046
"(0, 0.03, 0.15)",1.0,15.0,B,,1525082.9554492964,0.09171490881565947,-0.3058523547234308,-0.3286559863850342,0.08811477284622135,0.10051458248103726,0.3094544708652268,0.9782392525763328,82.0,0.0,76.0,6.0,0.11539001494150711,0.021760747423667154
"(0, 0.03, 0.15)",1.0,,B,,1840780.860587033,0.11120619655733355,-0.3058523547234308,-0.3286559863850342,0.10104607039955271,0.13195833214840944,0.38043952686642235,0.9788462060777161,87.0,0.0,76.0,11.0,0.13668556388953434,0.02115379392228383
"(0, 0.04, 0)",0.9,15.0,B,,1489208.6314349566,0.08927320096070979,-0.24658162478870865,-0.2465833303261642,0.08906251673019974,0.08942501397974438,0.32744218936830866,0.8766696609709193,79.0,0.0,79.0,0.0,0.1070587940466812,0.12333033902908083
"(0, 0.04, 0)",0.9,,B,,1489208.6314349566,0.08927320096070979,-0.24658162478870865,-0.2465833303261642,0.08906251673019974,0.08942501397974438,0.32744218936830866,0.8766696609709193,79.0,0.0,79.0,0.0,0.1070587940466812,0.12333033902908083
"(0, 0.04, 0)",1.0,15.0,B,,1455238.6234834462,0.08691147473951555,-0.2834506224586811,-0.2834526289999711,0.08670053127202648,0.08706330590456493,0.34665789822408466,0.9983420785289641,82.0,0.0,82.0,0.0,0.11364329952587983,0.0016579214710358947
"(0, 0.04, 0)",1.0,,B,,1455238.6234834462,0.08691147473951555,-0.2834506224586811,-0.2834526289999711,0.08670053127202648,0.08706330590456493,0.34665789822408466,0.9983420785289641,82.0,0.0,82.0,0.0,0.11364329952587983,0.0016579214710358947
"(0, 0.04, 0.01)",0.9,15.0,B,,1494258.14311981,0.08962008613689643,-0.2485475182931915,-0.25242162706879684,0.0892396842514132,0.09091764543561373,0.325698045327826,0.8644710252920167,84.0,0.0,78.0,6.0,0.10649235635440099,0.13552897470798336
"(0, 0.04, 0.01)",0.9,,B,,1784011.7866807883,0.1079378342448728,-0.27285755697478015,-0.27285916966503826,0.10710466923859699,0.10849267069529396,0.3729345382460916,0.9028258761760521,167.0,0.0,76.0,91.0,0.12493846572739828,0.09717412382394786
"(0, 0.04, 0.01)",1.0,15.0,B,,1485961.1992445672,0.08904930039218784,-0.28038216573109526,-0.28409097682695494,0.0877245455322587,0.08981697217278162,0.3443262687225864,0.9863194087445477,86.0,0.0,81.0,5.0,0.11320618437249111,0.013680591255452387
"(0, 0.04, 0.01)",1.0,,B,,1949058.764050382,0.1171976279950605,-0.28933480461515443,-0.28933643990164915,0.11653439499945151,0.11855710554141582,0.39014897827542255,0.9980143150258367,198.0,0.0,78.0,120.0,0.13366009545241003,0.0019856849741633075
"(0, 0.04, 0.02)",0.9,15.0,B,,1512341.0023430195,0.09085367071849892,-0.2537917577174077,-0.25951506270571256,0.08972298627689854,0.09226103434960456,0.32702331996489886,0.8922957188270033,84.0,0.0,78.0,6.0,0.10716602718846902,0.10770428117299663
"(0, 0.04, 0.02)",0.9,,B,,1794270.1094528697,0.10853498060941702,-0.2856285468191465,-0.2886285403172194,0.10543707628802264,0.1101973407123796,0.3693410608255757,0.895878753579779,130.5,0.0,72.0,57.5,0.12584920776347197,0.10412124642022108
"(0, 0.04, 0.02)",1.0,15.0,B,,1525354.2905105534,0.09173318461213997,-0.279115319412253,-0.28648119815328443,0.09037315721478381,0.09246309495050538,0.34165792191241184,0.9944320706873289,86.0,0.0,80.0,6.0,0.11349731409236011,0.005567929312671146
"(0, 0.04, 0.02)",1.0,,B,,1916605.330855213,0.11543439345948736,-0.3125483581121647,-0.3145996414524885,0.11336091146602323,0.11868921720477195,0.4043849874338496,0.9994287791589151,144.0,0.0,75.0,69.0,0.13704485451712478,0.0005712208410848279
"(0, 0.04, 0.03)",0.9,15.0,B,,1520128.9601177298,0.09138083034028921,-0.25935006059007837,-0.26288597643187683,0.08984706857434717,0.09337905349413271,0.32402822909214546,0.8793840160920108,83.0,0.0,77.0,6.0,0.10732711123393666,0.12061598390798932
"(0, 0.04, 0.03)",0.9,,B,,1816288.501034215,0.1098080388059296,-0.2795916807822878,-0.2955281891074038,0.10541502990826401,0.11259924675935025,0.36460721003873714,0.9031422926305575,111.0,0.0,71.0,39.0,0.12410353400060944,0.09685770736944255
"(0, 0.04, 0.03)",1.0,15.0,B,,1553262.8352266313,0.0935967004735817,-0.2761075603483781,-0.2818485388251939,0.09206175715328549,0.09563180873732832,0.3423914276078368,0.9647661734756019,85.0,0.0,79.0,6.0,0.1135453748283895,0.03523382652439812
"(0, 0.04, 0.03)",1.0,,B,,1965816.7504968368,0.1180974845955397,-0.3037390019252813,-0.3193537024286212,0.1152320132701546,0.12211480443676788,0.3895550008035905,0.993881681328364,123.0,0.0,73.0,50.0,0.13579596019894474,0.006118318671636034
"(0, 0.04, 0.04)",0.9,15.0,B,,1522622.2172684302,0.09154907692490699,-0.2640516655577626,-0.2687203701863149,0.08980150024777307,0.09410865039834078,0.32609292738377427,0.8659663312346237,82.0,0.0,76.0,6.0,0.10795258762978964,0.1340336687653763
"(0, 0.04, 0.04)",0.9,,B,,1807044.933020298,0.10927505384431224,-0.28842204958454176,-0.29138395126675076,0.10558538868508757,0.11291714362870775,0.36895783838237267,0.9004617885333757,99.0,0.0,70.0,29.5,0.12641092625480646,0.09953821146662428
"(0, 0.04, 0.04)",1.0,15.0,B,,1572983.9061819152,0.0948953167733051,-0.28429662595612604,-0.29007401802018434,0.0923973987717254,0.09770696398537033,0.34602824434039736,0.9966822980450145,85.0,0.0,79.0,6.0,0.11465659201528072,0.003317701954985446
"(0, 0.04, 0.04)",1.0,,B,,1968385.2447658265,0.11823371425037976,-0.3132274767916297,-0.32212380732978496,0.11305908617395262,0.12327385827739,0.3978681577287386,0.9974298642367401,108.0,0.0,72.0,36.0,0.13641002417389242,0.0025701357632598237
"(0, 0.04, 0.06)",0.9,15.0,B,,1549952.3263805127,0.09337719575187098,-0.2714008280107872,-0.2838643731398667,0.09230920144262193,0.09706206840763883,0.33199010127947426,0.8793919137842379,81.0,0.0,75.0,6.0,0.11054921922193325,0.12060808621576219
"(0, 0.04, 0.06)",0.9,,B,,1744742.7504534745,0.10561351317314871,-0.28645165375579046,-0.2952311256565629,0.09983344961240359,0.1152687033725247,0.36909533415953244,0.8939790296115965,88.0,0.0,69.5,18.5,0.1264397327175819,0.1060209703884035
"(0, 0.04, 0.06)",1.0,15.0,B,,1586356.4362704493,0.09576751827716679,-0.2885728753662689,-0.29597128519650906,0.09261637551106956,0.09971031135942066,0.339032576128631,0.9678342557287737,83.0,0.0,77.0,6.0,0.1145286281599247,0.032165744271226315
"(0, 0.04, 0.06)",1.0,,B,,1959103.528735377,0.1177377763087154,-0.3123119933156758,-0.32439064134842555,0.11058431334394188,0.12486545068141229,0.3981677797996539,0.9934481151720502,95.0,0.0,71.5,24.0,0.1384144696543656,0.006551884827949846
"(0, 0.04, 0.08)",0.9,15.0,B,,1582302.6076343725,0.09549906094416183,-0.2754314026845711,-0.2912746783676467,0.09232385258781814,0.09992788012398471,0.3313238010612751,0.8918847639040918,79.0,0.0,73.0,6.0,0.1124276249138669,0.10811523609590819
"(0, 0.04, 0.08)",0.9,,B,,1763873.275174435,0.10675501750287597,-0.28209506084550134,-0.29641296213797574,0.09699305985125266,0.11657795513413578,0.36950447047809076,0.8905395026026428,84.0,0.0,71.0,13.5,0.12713908133853385,0.1094604973973573
"(0, 0.04, 0.08)",1.0,15.0,B,,1610503.930078749,0.09732573418826806,-0.2992726342899338,-0.3102578462645518,0.09270078850930405,0.10247224960747436,0.34571184653237985,0.983305945006971,82.0,0.0,76.0,6.0,0.11712897257478301,0.016694054993029096
"(0, 0.04, 0.08)",1.0,,B,,1894865.6676234622,0.1142382215803679,-0.30749541584526147,-0.3263546586173332,0.10638747542654614,0.12160685385737191,0.40060830985767476,0.9907926233360294,88.0,0.0,72.0,17.0,0.13833306042650317,0.009207376663970682
"(0, 0.04, 0.1)",0.9,15.0,B,,1625992.8467361876,0.0983138324104742,-0.27634145118705916,-0.29475668915594594,0.09279084228478454,0.10168151851121617,0.3328871530053186,0.8656220801217825,79.0,0.0,72.0,7.0,0.11317100126608645,0.13437791987821746
"(0, 0.04, 0.1)",0.9,,B,,1734778.451366181,0.1050142532012992,-0.27634145118705916,-0.29475668915594594,0.09827543070092774,0.11854296738738739,0.36924201831658254,0.8956646226915959,81.0,0.0,70.0,11.0,0.12783633488802465,0.10433537730840417
"(0, 0.04, 0.1)",1.0,15.0,B,,1636384.9616055947,0.09897251823961073,-0.3052645095970223,-0.32412400330819696,0.0973510294882407,0.10530661540641983,0.35059714328467395,0.9978368294388962,81.0,0.0,75.0,6.0,0.11972007809668242,0.002163170561103785
"(0, 0.04, 0.1)",1.0,,B,,1905893.3810649267,0.11483598414706508,-0.30999533447602273,-0.3212627626133413,0.10303989301971814,0.12522785553232452,0.39651385032513564,0.9822196005905199,85.0,0.0,72.0,14.0,0.13795845942766882,0.017780399409480015
"(0, 0.04, 0.15)",0.9,15.0,B,,1613414.42156466,0.09751195499426957,-0.2809918852928616,-0.31963282527518055,0.08823542012130499,0.10940176309734978,0.3331547723248829,0.8999352653784294,75.0,0.0,70.0,5.0,0.11473566843623839,0.10006473462157074
"(0, 0.04, 0.15)",0.9,,B,,1680229.4128372313,0.10170904641357359,-0.2809918852928616,-0.31963282527518055,0.09461312785745905,0.1253747405655985,0.3594169364672033,0.8999684665479533,76.5,0.0,70.0,7.0,0.1282873742408201,0.10003153345204674
"(0, 0.04, 0.15)",1.0,15.0,B,,1683467.1877369587,0.10190067595973329,-0.297716277347801,-0.3347808435806223,0.09204491984338763,0.11319119854568067,0.35542128543070495,0.9822268143548383,78.0,0.0,72.5,5.0,0.1220330101283632,0.017773185645161692
"(0, 0.04, 0.15)",1.0,,B,,1853424.9708897541,0.1119184659110053,-0.2981207589124458,-0.3347808435806223,0.09752539183482065,0.13452505819212554,0.38336837625414105,0.9822268143548383,81.0,0.0,72.5,8.5,0.13789436880040454,0.017773185645161692
"(0, 0.06, 0)",0.9,15.0,B,,1734972.578809443,0.10503677507532594,-0.27856455550267445,-0.28329262945427536,0.1016554177392934,0.10613615277570876,0.39546026253483824,0.900903718203288,70.0,0.0,70.0,0.0,0.1311309552794392,0.09909628179671215
"(0, 0.06, 0)",0.9,,B,,1734972.578809443,0.10503677507532594,-0.27856455550267445,-0.28329262945427536,0.1016554177392934,0.10613615277570876,0.39546026253483824,0.900903718203288,70.0,0.0,70.0,0.0,0.1311309552794392,0.09909628179671215
"(0, 0.06, 0)",1.0,15.0,B,,1789248.5980665556,0.1082433352661919,-0.29392054879176965,-0.2969974483157394,0.107417751304943,0.1097628415859923,0.41632464270175074,0.9872367884778135,72.0,0.0,72.0,0.0,0.1372039267767636,0.012763211522186528
"(0, 0.06, 0)",1.0,,B,,1789248.5980665556,0.1082433352661919,-0.29392054879176965,-0.2969974483157394,0.107417751304943,0.1097628415859923,0.41632464270175074,0.9872367884778135,72.0,0.0,72.0,0.0,0.1372039267767636,0.012763211522186528
"(0, 0.06, 0.01)",0.9,15.0,B,,1716618.541135159,0.10393121567988695,-0.2731101905907904,-0.2824909539510946,0.10124042172279127,0.10646756309656176,0.3909383955507387,0.8863262300432225,75.0,0.0,68.0,7.0,0.1277930175439328,0.11367376995677742
"(0, 0.06, 0.01)",0.9,,B,,1763693.4581772883,0.10674472764652876,-0.28821651881019617,-0.28822058227296365,0.10491688778628136,0.11123570646757933,0.4043258844698876,0.903724910667835,121.5,0.0,65.0,56.5,0.13344053694571195,0.09627508933216507
"(0, 0.06, 0.01)",1.0,15.0,B,,1812203.8164911033,0.10957305777089754,-0.3018569292399422,-0.3062749346037453,0.10717011485850773,0.11103778097019427,0.4212146873543681,0.9935356993199314,78.0,0.0,72.0,6.0,0.13912032241993705,0.006464300680068718
"(0, 0.06, 0.01)",1.0,,B,,1923007.4103815786,0.11578439748733094,-0.3100568399892343,-0.3159836827180766,0.11216415676476313,0.11845562995727661,0.4323205455980968,0.9957082846296599,142.5,0.0,67.0,75.5,0.14395801589550983,0.00429171537034001
"(0, 0.06, 0.02)",0.9,15.0,B,,1726590.866909183,0.10453270872101672,-0.278258174265712,-0.28365272711368406,0.10234237089333605,0.10793789093974104,0.3890936653829532,0.8869765760746696,75.0,0.0,68.0,7.0,0.12856683279335024,0.11302342392533035
"(0, 0.06, 0.02)",0.9,,B,,1813502.880042883,0.10964679267157673,-0.2858867128401177,-0.28589121540756984,0.1064432009265073,0.11439756864954702,0.4034308222442012,0.900004940118851,93.0,0.0,65.0,28.0,0.13346298936872897,0.09999505988114893
"(0, 0.06, 0.02)",1.0,15.0,B,,1833791.8090002518,0.11080968263746738,-0.29830658476207844,-0.30769836248779187,0.10755539528321938,0.11210555349939547,0.4121942390142799,0.9851378835878606,78.0,0.0,71.0,7.0,0.1369605686234283,0.014862116412139378
"(0, 0.06, 0.02)",1.0,,B,,1991800.7115318414,0.1194795790826535,-0.31047083862672936,-0.32127125817494273,0.11520209728622141,0.12200063184800107,0.4306729093239439,0.9965675441225981,110.0,0.0,67.0,43.5,0.14489565025877293,0.0034324558774019784
"(0, 0.06, 0.03)",0.9,15.0,B,,1739911.406360365,0.10533161851952388,-0.2781481677414407,-0.28647345109975825,0.10216079043620989,0.10877803711925559,0.3919678252423917,0.8898595912516754,74.0,0.0,67.0,7.0,0.12882087030327943,0.11014040874832456
"(0, 0.06, 0.03)",0.9,,B,,1790974.623815406,0.10834273539808315,-0.2858646964367818,-0.29330271756956,0.1027302545731881,0.11333171867226195,0.4017445684231186,0.9021146338217398,83.0,0.0,65.0,18.0,0.1328515586337608,0.0978853661782602
"(0, 0.06, 0.03)",1.0,15.0,B,,1828999.892258973,0.11053636024143154,-0.30109367443005114,-0.31051885820828373,0.10853613572522987,0.11499766143245979,0.41477494194717646,0.9843774256844471,77.0,0.0,70.0,7.0,0.136984386685349,0.015622574315552838
"(0, 0.06, 0.03)",1.0,,B,,1969847.2428686288,0.11831310344615098,-0.3221256213586821,-0.32213002231650456,0.11484826144475357,0.12318743677394954,0.43270343583155835,0.9983867925722929,94.5,0.0,66.0,29.0,0.1446966341278874,0.00161320742770705
"(0, 0.06, 0.04)",0.9,15.0,B,,1759918.3312986924,0.10652166537828833,-0.2833847338407948,-0.2922619111328326,0.1035149345331682,0.11061154590773774,0.39393798453502726,0.8908577372729498,74.0,0.0,67.0,7.0,0.13016562684633265,0.10914226272705016
"(0, 0.06, 0.04)",0.9,,B,,1789194.7555703835,0.10824007768248345,-0.28259826109895864,-0.3070196757921986,0.10135363228795183,0.11249400262960792,0.3999806241868383,0.8938508890066255,77.5,0.0,65.0,13.0,0.13331156410758668,0.10614911099337464
"(0, 0.06, 0.04)",1.0,15.0,B,,1825658.9512892365,0.1103453931199524,-0.3010042398164385,-0.3121730442470769,0.10738483023736092,0.11648054505582793,0.41202415471511233,0.9783597091197597,76.0,0.0,69.0,7.0,0.13649577747543407,0.02164029088024034
"(0, 0.06, 0.04)",1.0,,B,,1977775.4044287507,0.11873571540333916,-0.31540223737207407,-0.3270135068495093,0.11314719627350078,0.12686918826146026,0.43506023903882207,0.9999323614269022,86.5,0.0,66.0,21.0,0.14655717390482026,6.763857309785814e-05
"(0, 0.06, 0.06)",0.9,15.0,B,,1759451.5120154042,0.10649263534603115,-0.2838469031358507,-0.29682575948282647,0.1027061379724521,0.11196495754705059,0.3941200706144745,0.8848331253596137,72.0,0.0,66.0,6.0,0.1303902374261444,0.11516687464038636
"(0, 0.06, 0.06)",0.9,,B,,1768488.1566586301,0.10702724633149374,-0.2838469031358507,-0.29682575948282647,0.1027061379724521,0.11389287315551017,0.39966866439696486,0.8894271345721609,73.0,0.0,65.5,7.0,0.13278178006717206,0.11057286542783906
"(0, 0.06, 0.06)",1.0,15.0,B,,1853248.7639222993,0.11191273588729256,-0.3060582219688307,-0.32137619130402356,0.10776401070797545,0.11942622829913843,0.4144302141237778,0.9973413195343448,75.0,0.0,68.0,7.0,0.13771913767331131,0.002658680465655207
"(0, 0.06, 0.06)",1.0,,B,,1944698.65499694,0.11696099992690823,-0.32006129685791085,-0.3301106073079581,0.10772112800172262,0.12494185809534342,0.4358128424646899,0.9955711487874367,78.0,0.0,65.5,12.0,0.14635401870877038,0.004428851212563369
"(0, 0.06, 0.08)",0.9,15.0,B,,1771111.0984677854,0.10718147880583118,-0.2853839274043632,-0.2927279735216437,0.09981826562751495,0.11680891892901642,0.3964725834563091,0.8908564728759109,71.0,0.0,66.0,4.0,0.13158079367491876,0.10914352712408917
"(0, 0.06, 0.08)",0.9,,B,,1773714.6566581842,0.10733405033539767,-0.2853839274043632,-0.2927279735216437,0.09981826562751495,0.11723432084846497,0.3964725834563091,0.8919840784604584,71.0,0.0,66.0,5.0,0.1323808183859665,0.10801592153954168
"(0, 0.06, 0.08)",1.0,15.0,B,,1885830.7472047168,0.11373737792987537,-0.3192576189325026,-0.3309792766498122,0.10947947557244138,0.12195965085283601,0.4155644774375654,0.9896473694760028,74.0,0.0,66.5,7.0,0.13974140777295996,0.010352630523997125
"(0, 0.06, 0.08)",1.0,,B,,1950390.9046305274,0.11726843678953947,-0.3192576189325026,-0.3309792766498122,0.11071939306968963,0.1281326850723199,0.43346697391422556,0.995818163745607,76.0,0.0,66.0,10.0,0.14636232441587244,0.0041818362543929455
"(0, 0.06, 0.1)",0.9,15.0,B,,1754197.631879604,0.10618259153178422,-0.2778358663632195,-0.3047352780783541,0.09832330074011879,0.11619881540689916,0.39391673034847785,0.8839960022004671,69.0,0.0,64.5,4.0,0.13190030177086043,0.11600399779953288
"(0, 0.06, 0.1)",0.9,,B,,1757981.417414394,0.1064061190067086,-0.2778358663632195,-0.3047352780783541,0.09832330074011879,0.11619881540689916,0.39539786099038904,0.8842854035059675,69.0,0.0,64.5,4.5,0.13292089977789345,0.11571459649403248
"(0, 0.06, 0.1)",1.0,15.0,B,,1888955.4020332429,0.11390987835004707,-0.3072360549527328,-0.3372237773499205,0.10860508684771228,0.12487266080045922,0.41404698984972055,0.9870548355888226,72.5,0.0,66.5,6.0,0.13924061534250584,0.01294516441117742
"(0, 0.06, 0.1)",1.0,,B,,1924301.6847118128,0.11584619843432431,-0.3072360549527328,-0.3372237773499205,0.1096292488893202,0.12910078939051495,0.42759609947992666,0.9891087175678397,73.5,0.0,66.5,7.0,0.14600431767609695,0.010891282432160303
"(0, 0.06, 0.15)",0.9,15.0,B,,1819719.395018496,0.11000486027783718,-0.2802588004494716,-0.2905109555249198,0.10284593505868869,0.11724583876837473,0.388686981315211,0.8806734596426127,69.0,0.0,67.0,2.0,0.13020083950909211,0.1193265403573874
"(0, 0.06, 0.15)",0.9,,B,,1819719.395018496,0.11000486027783718,-0.2802588004494716,-0.2905109555249198,0.10284593505868869,0.11724583876837473,0.388686981315211,0.8806734596426127,69.0,0.0,67.0,2.0,0.13020083950909211,0.1193265403573874
"(0, 0.06, 0.15)",1.0,15.0,B,,1914552.75602214,0.11531228564814577,-0.3048240732046246,-0.34108048429017773,0.10253650939196848,0.1298741467585227,0.41640724759674475,0.9795793499967174,70.0,0.0,66.0,4.0,0.14081341345048523,0.02042065000328266
"(0, 0.06, 0.15)",1.0,,B,,1980732.7160173482,0.11889216054977347,-0.3048240732046246,-0.34108048429017773,0.10521266309148447,0.1373375211359048,0.42129107345789446,0.9910180814220086,71.0,0.0,66.0,5.0,0.14626040629258322,0.008981918577991303
"(0, 0.08, 0)",0.9,15.0,B,,1719862.2347085834,0.10412787959049519,-0.3024120747146272,-0.30632036448925815,0.09715413263605721,0.10989939111921014,0.41283311799890055,0.8920419057395547,57.0,0.0,57.0,0.0,0.13848752293033728,0.10795809426044531
"(0, 0.08, 0)",0.9,,B,,1719862.2347085834,0.10412787959049519,-0.3024120747146272,-0.30632036448925815,0.09715413263605721,0.10989939111921014,0.41283311799890055,0.8920419057395547,57.0,0.0,57.0,0.0,0.13848752293033728,0.10795809426044531
"(0, 0.08, 0)",1.0,15.0,B,,1820186.0835928014,0.11003178200238095,-0.3054720655488845,-0.30547902317973236,0.10730828768521325,0.1137596418967363,0.4441906640918425,0.9562996993864168,61.0,0.0,61.0,0.0,0.14755812412852476,0.04370030061358311
"(0, 0.08, 0)",1.0,,B,,1820186.0835928014,0.11003178200238095,-0.3054720655488845,-0.30547902317973236,0.10730828768521325,0.1137596418967363,0.4441906640918425,0.9562996993864168,61.0,0.0,61.0,0.0,0.14755812412852476,0.04370030061358311
"(0, 0.08, 0.01)",0.9,15.0,B,,1720035.4277614837,0.10413328109271647,-0.30826716997475584,-0.31329722434072094,0.0966304607083385,0.11192984410383389,0.415763275190573,0.9012459406344403,65.0,0.0,56.0,9.0,0.13949516124476394,0.09875405936555967
"(0, 0.08, 0.01)",0.9,,B,,1734144.0890119332,0.10498203353410152,-0.30826716997475584,-0.31329722434072094,0.0965276357857964,0.1119456613917792,0.41777337759131417,0.9062439192059858,71.0,0.0,56.0,14.5,0.139460018622635,0.0937560807940142
"(0, 0.08, 0.01)",1.0,15.0,B,,1864544.966676779,0.11254883025819562,-0.3138046759891777,-0.31629492190937,0.10844144730262421,0.11587096735744894,0.4483788283466893,0.9867344199931143,70.0,0.0,60.0,9.0,0.14932143051541358,0.013265580006885684
"(0, 0.08, 0.01)",1.0,,B,,1894875.053042021,0.11423815144104499,-0.3361704825604887,-0.3400449025630537,0.11060951356060415,0.12134010188728295,0.45939700536378897,0.9991509109029424,92.0,0.0,59.0,33.0,0.152892841244343,0.0008490890970576316
"(0, 0.08, 0.02)",0.9,15.0,B,,1702880.7039663696,0.10309783325628974,-0.30967555249392975,-0.3135838648513212,0.09656216411012923,0.11324198208875388,0.4175185834836487,0.903781413755083,62.0,0.0,56.0,6.0,0.1397113249036425,0.09621858624491708
"(0, 0.08, 0.02)",0.9,,B,,1709133.7588431654,0.10347746583979633,-0.30967555249392975,-0.3135838648513212,0.09657986597063857,0.1134787067559769,0.4177580865872416,0.9040668457715668,62.0,0.0,56.0,7.0,0.1397113249036425,0.09593315422843322
"(0, 0.08, 0.02)",1.0,15.0,B,,1861285.0313936248,0.11236571608084345,-0.32442203770430605,-0.32965714568570287,0.10898287585977895,0.11741492423994673,0.45064534674060885,0.9833068710947221,70.0,0.0,60.0,10.0,0.15050774103167405,0.016693128905277823
"(0, 0.08, 0.02)",1.0,,B,,1895990.0606157861,0.11430035860986887,-0.33516732678682054,-0.341612589646034,0.10744278220637235,0.11938959856844707,0.45770208728382855,0.9987844875048877,75.0,0.0,59.5,16.0,0.15247614379572788,0.0012155124951123664
"(0, 0.08, 0.03)",0.9,15.0,B,,1742411.8349795924,0.10548064149602143,-0.3024120747146272,-0.30632036448925815,0.09737863672269365,0.11265279109338093,0.4182626644938121,0.900756601733975,59.5,0.0,56.0,3.0,0.13906625767352154,0.09924339826602493
"(0, 0.08, 0.03)",0.9,,B,,1742411.8349795924,0.10548064149602143,-0.3024120747146272,-0.30632036448925815,0.09737863672269365,0.11265279109338093,0.4182626644938121,0.900756601733975,59.5,0.0,56.0,3.0,0.13906625767352154,0.09924339826602493
"(0, 0.08, 0.03)",1.0,15.0,B,,1863754.9927840661,0.11250448295749671,-0.3336210561204054,-0.34287934870736525,0.10813417006989294,0.1200059111490663,0.4526394591652747,0.9963106874337592,68.0,0.0,60.0,9.0,0.15201732798119266,0.0036893125662407563
"(0, 0.08, 0.03)",1.0,,B,,1855774.3323037107,0.11205549382748325,-0.3336210561204054,-0.34287934870736525,0.10821344959287822,0.1200059111490663,0.45474280235567555,0.9963106874337592,69.0,0.0,59.5,9.0,0.15212063486492985,0.0036893125662407563
"(0, 0.08, 0.04)",0.9,15.0,B,,1740575.11365858,0.10537030343855203,-0.3024120747146272,-0.30632036448925815,0.09879061448082713,0.1132238292425503,0.4141728375880839,0.9006622636161309,58.0,0.0,56.0,2.0,0.13867148385143063,0.09933773638386911
"(0, 0.08, 0.04)",0.9,,B,,1740575.11365858,0.10537030343855203,-0.3024120747146272,-0.30632036448925815,0.09879061448082713,0.1132238292425503,0.4141728375880839,0.9006622636161309,58.0,0.0,56.0,2.0,0.13867148385143063,0.09933773638386911
"(0, 0.08, 0.04)",1.0,15.0,B,,1909733.917095488,0.11505761089170852,-0.3203806151701583,-0.3470991737431694,0.10546906080401615,0.12130138273158153,0.4537774804745407,0.9981713150040191,66.0,0.0,60.0,6.0,0.15219985983776324,0.001828684995980837
"(0, 0.08, 0.04)",1.0,,B,,1909733.917095488,0.11505761089170852,-0.3203806151701583,-0.3470991737431694,0.10546906080401615,0.12130138273158153,0.4537774804745407,0.9981713150040191,66.0,0.0,60.0,6.0,0.15219985983776324,0.001828684995980837
"(0, 0.08, 0.06)",0.9,15.0,B,,1716652.1313230377,0.10391804743007327,-0.3024120747146272,-0.30632036448925815,0.0959419265729993,0.11168090179797481,0.4164975891738175,0.9008595207907603,57.5,0.0,57.0,1.0,0.13933685805501006,0.09914047920923971
"(0, 0.08, 0.06)",0.9,,B,,1716652.1313230377,0.10391804743007327,-0.3024120747146272,-0.30632036448925815,0.0959419265729993,0.11168090179797481,0.4164975891738175,0.9008595207907603,57.5,0.0,57.0,1.0,0.13933685805501006,0.09914047920923971
"(0, 0.08, 0.06)",1.0,15.0,B,,1840698.6553778786,0.11120257122443755,-0.3292342496525768,-0.348101764068715,0.10540843644750944,0.12111404667705164,0.45065879647244994,0.9971483869839137,63.0,0.0,60.0,3.0,0.15167391803582583,0.0028516130160862437
"(0, 0.08, 0.06)",1.0,,B,,1840698.6553778786,0.11120257122443755,-0.3292342496525768,-0.348101764068715,0.10540843644750944,0.12111404667705164,0.45065879647244994,0.9971483869839137,63.0,0.0,60.0,3.0,0.15167391803582583,0.0028516130160862437
"(0, 0.08, 0.08)",0.9,15.0,B,,1719862.2347085834,0.10412787959049519,-0.3024120747146272,-0.30632036448925815,0.09715413263605721,0.10989939111921014,0.41283311799890055,0.8920419057395547,57.0,0.0,57.0,0.0,0.13848752293033728,0.10795809426044531
"(0, 0.08, 0.08)",0.9,,B,,1719862.2347085834,0.10412787959049519,-0.3024120747146272,-0.30632036448925815,0.09715413263605721,0.10989939111921014,0.41283311799890055,0.8920419057395547,57.0,0.0,57.0,0.0,0.13848752293033728,0.10795809426044531
"(0, 0.08, 0.08)",1.0,15.0,B,,1885892.8399188998,0.11374071519136109,-0.3088390931580682,-0.33341817998266704,0.10862012847141582,0.12324381939160359,0.4509561795002161,0.9956704913277947,62.0,0.0,60.0,2.0,0.15056990580306046,0.004329508672205275
"(0, 0.08, 0.08)",1.0,,B,,1885892.8399188998,0.11374071519136109,-0.3088390931580682,-0.33341817998266704,0.10862012847141582,0.12324381939160359,0.4509561795002161,0.9956704913277947,62.0,0.0,60.0,2.0,0.15056990580306046,0.004329508672205275
"(0, 0.08, 0.1)",0.9,15.0,B,,1719862.2347085834,0.10412787959049519,-0.3024120747146272,-0.30632036448925815,0.09715413263605721,0.10989939111921014,0.41283311799890055,0.8920419057395547,57.0,0.0,57.0,0.0,0.13848752293033728,0.10795809426044531
"(0, 0.08, 0.1)",0.9,,B,,1719862.2347085834,0.10412787959049519,-0.3024120747146272,-0.30632036448925815,0.09715413263605721,0.10989939111921014,0.41283311799890055,0.8920419057395547,57.0,0.0,57.0,0.0,0.13848752293033728,0.10795809426044531
"(0, 0.08, 0.1)",1.0,15.0,B,,1900299.4440106896,0.11453773246140075,-0.3147484518749095,-0.3404448257866166,0.11007835945107283,0.12479518021034912,0.4508087154764754,0.9980635404669687,62.0,0.0,60.0,2.0,0.1522201768450434,0.0019364595330314247
"(0, 0.08, 0.1)",1.0,,B,,1900299.4440106896,0.11453773246140075,-0.3147484518749095,-0.3404448257866166,0.11007835945107283,0.12479518021034912,0.4508087154764754,0.9980635404669687,62.0,0.0,60.0,2.0,0.1522201768450434,0.0019364595330314247
"(0, 0.08, 0.15)",0.9,15.0,B,,1719862.2347085834,0.10412787959049519,-0.3024120747146272,-0.30632036448925815,0.09715413263605721,0.10989939111921014,0.41283311799890055,0.8920419057395547,57.0,0.0,57.0,0.0,0.13848752293033728,0.10795809426044531
"(0, 0.08, 0.15)",0.9,,B,,1719862.2347085834,0.10412787959049519,-0.3024120747146272,-0.30632036448925815,0.09715413263605721,0.10989939111921014,0.41283311799890055,0.8920419057395547,57.0,0.0,57.0,0.0,0.13848752293033728,0.10795809426044531
"(0, 0.08, 0.15)",1.0,15.0,B,,1820186.0835928014,0.11003178200238095,-0.3054720655488845,-0.30547902317973236,0.10730828768521325,0.1137596418967363,0.4441906640918425,0.9562996993864168,61.0,0.0,61.0,0.0,0.14755812412852476,0.04370030061358311
"(0, 0.08, 0.15)",1.0,,B,,1820186.0835928014,0.11003178200238095,-0.3054720655488845,-0.30547902317973236,0.10730828768521325,0.1137596418967363,0.4441906640918425,0.9562996993864168,61.0,0.0,61.0,0.0,0.14755812412852476,0.04370030061358311
"(0, 0.1, 0)",0.9,15.0,B,,1730252.842184382,0.1047532825368791,-0.27876390465295214,-0.2993115909752152,0.09658851454722153,0.11981604723556502,0.40616427394789945,0.8909041823169888,44.0,0.0,44.0,0.0,0.14204720506001448,0.10909581768301127
"(0, 0.1, 0)",0.9,,B,,1730252.842184382,0.1047532825368791,-0.27876390465295214,-0.2993115909752152,0.09658851454722153,0.11981604723556502,0.40616427394789945,0.8909041823169888,44.0,0.0,44.0,0.0,0.14204720506001448,0.10909581768301127
"(0, 0.1, 0)",1.0,15.0,B,,1912190.9834151312,0.1151865919047832,-0.2978459105380909,-0.3321235292975997,0.10935617212763611,0.1305400151781698,0.45623541654656397,0.9964204852562628,51.0,0.0,51.0,0.0,0.1549906762104022,0.003579514743737182
"(0, 0.1, 0)",1.0,,B,,1912190.9834151312,0.1151865919047832,-0.2978459105380909,-0.3321235292975997,0.10935617212763611,0.1305400151781698,0.45623541654656397,0.9964204852562628,51.0,0.0,51.0,0.0,0.1549906762104022,0.003579514743737182
"(0, 0.1, 0.01)",0.9,15.0,B,,1777129.485531637,0.10753458067297816,-0.29227192076371483,-0.3143540607310062,0.09728939994234287,0.1204773860162804,0.40505958008428,0.9023550115423531,63.5,0.0,43.0,20.0,0.14429426556829028,0.09764498845764702
"(0, 0.1, 0.01)",0.9,,B,,1769532.013718621,0.10708701315261249,-0.2987221639077479,-0.3102589622670757,0.10104102676863949,0.12296702848238596,0.40965643368338944,0.9048574012286736,72.0,0.0,42.5,30.0,0.14493528876284476,0.09514259877132633
"(0, 0.1, 0.01)",1.0,15.0,B,,1895937.6072546933,0.11429651004296926,-0.3079630611901658,-0.3357645012579137,0.1058651209852278,0.1297575337315314,0.45141968876566124,0.9956129311598287,65.0,0.0,49.0,15.0,0.1548763724480206,0.004387068840171317
"(0, 0.1, 0.01)",1.0,,B,,1932311.9854487218,0.11629011016063129,-0.31754667813367526,-0.34555096275453834,0.10558952531700157,0.12905270558705506,0.4541718950486613,0.9978932265417189,77.0,0.0,49.0,28.5,0.1558544374914882,0.00210677345828106
"(0, 0.1, 0.02)",0.9,15.0,B,,1790834.3266071198,0.10833564944285778,-0.2964920502694822,-0.3077090700164293,0.09806655223405916,0.11885591023129982,0.41068167946598777,0.9006465431833222,56.5,0.0,43.0,14.0,0.1443395359485975,0.09935345681667786
"(0, 0.1, 0.02)",0.9,,B,,1790834.3266071198,0.10833564944285778,-0.2964920502694822,-0.3077090700164293,0.09806655223405916,0.11885591023129982,0.41068167946598777,0.9006465431833222,56.5,0.0,43.0,14.0,0.1443395359485975,0.09935345681667786
"(0, 0.1, 0.02)",1.0,15.0,B,,1912437.7888790364,0.11520611588947827,-0.3177020621503467,-0.3411258161371458,0.10734791595393174,0.12819767638541577,0.45335538476864967,0.9945848364947178,61.0,0.0,49.0,12.0,0.15622765942262218,0.005415163505282062
"(0, 0.1, 0.02)",1.0,,B,,1912437.7888790364,0.11520611588947827,-0.31932441706002707,-0.3411258161371458,0.10734791595393174,0.12885784868302688,0.4560223471821491,0.996079416987018,62.0,0.0,49.0,12.5,0.15622765942262218,0.003920583012981965
"(0, 0.1, 0.03)",0.9,15.0,B,,1762277.5862044066,0.10665794572504317,-0.2950818931728305,-0.319023681141343,0.09426620236844963,0.12066900243862033,0.4068019054470675,0.9050065780005464,51.5,0.0,43.0,8.0,0.14331964052711654,0.09499342199945363
"(0, 0.1, 0.03)",0.9,,B,,1762277.5862044066,0.10665794572504317,-0.2950818931728305,-0.319023681141343,0.09426620236844963,0.12066900243862033,0.4068019054470675,0.9050065780005464,51.5,0.0,43.0,8.0,0.14331964052711654,0.09499342199945363
"(0, 0.1, 0.03)",1.0,15.0,B,,1912194.094874091,0.11519270371035817,-0.322241995884681,-0.3429919898183321,0.1066808918952794,0.13026120419385037,0.4543752285102748,0.9944325334815729,57.0,0.0,49.5,8.0,0.15521702859386016,0.005567466518427095
"(0, 0.1, 0.03)",1.0,,B,,1912194.094874091,0.11519270371035817,-0.322241995884681,-0.3429919898183321,0.1066808918952794,0.13026120419385037,0.4543752285102748,0.9944325334815729,57.0,0.0,49.5,8.0,0.15521702859386016,0.005567466518427095
"(0, 0.1, 0.04)",0.9,15.0,B,,1761872.6238221216,0.10663719753927525,-0.29191656694023516,-0.3224450187778681,0.09297078064776967,0.11935813751108491,0.40470307415740947,0.8986148401544856,49.0,0.0,43.0,6.0,0.1442940897649977,0.10138515984551444
"(0, 0.1, 0.04)",0.9,,B,,1761872.6238221216,0.10663719753927525,-0.29191656694023516,-0.3224450187778681,0.09297078064776967,0.11935813751108491,0.40470307415740947,0.8986148401544856,49.0,0.0,43.0,6.0,0.1442940897649977,0.10138515984551444
"(0, 0.1, 0.04)",1.0,15.0,B,,1960040.963554399,0.11778720907982676,-0.3150118232663774,-0.34460453876123237,0.10485108533659142,0.12774988396005876,0.4522811827266514,0.9955918019092567,54.0,0.0,50.0,5.0,0.15517630410241068,0.00440819809074332
"(0, 0.1, 0.04)",1.0,,B,,1960040.963554399,0.11778720907982676,-0.3150118232663774,-0.34460453876123237,0.10485108533659142,0.12774988396005876,0.4522811827266514,0.9955918019092567,54.0,0.0,50.0,5.0,0.15517630410241068,0.00440819809074332
"(0, 0.1, 0.06)",0.9,15.0,B,,1781265.352387976,0.10777710605684676,-0.2881613850944325,-0.3151817868191052,0.09606485443180927,0.11896504606702375,0.4044007149093851,0.8941681138752426,46.5,0.0,43.0,3.0,0.14350426459436144,0.10583188612475732
"(0, 0.1, 0.06)",0.9,,B,,1781265.352387976,0.10777710605684676,-0.2881613850944325,-0.3151817868191052,0.09606485443180927,0.11896504606702375,0.4044007149093851,0.8941681138752426,46.5,0.0,43.0,3.0,0.14350426459436144,0.10583188612475732
"(0, 0.1, 0.06)",1.0,15.0,B,,1934611.9900175568,0.11641455203514783,-0.3123870935601391,-0.3374129019488093,0.11219135567038988,0.13007229697011624,0.44967056039915176,0.9964825418396326,53.0,0.0,50.0,2.0,0.1544482227181393,0.0035174581603674227
"(0, 0.1, 0.06)",1.0,,B,,1934611.9900175568,0.11641455203514783,-0.3123870935601391,-0.3374129019488093,0.11219135567038988,0.13007229697011624,0.44967056039915176,0.9964825418396326,53.0,0.0,50.0,2.0,0.1544482227181393,0.0035174581603674227
"(0, 0.1, 0.08)",0.9,15.0,B,,1790424.879623469,0.1083117811639216,-0.27552465673561827,-0.3369694783879956,0.09432550279094584,0.11614422024112646,0.4046034952664021,0.9004679747018813,45.5,0.0,43.0,2.5,0.14404910108483848,0.09953202529811872
"(0, 0.1, 0.08)",0.9,,B,,1790424.879623469,0.1083117811639216,-0.27552465673561827,-0.3369694783879956,0.09432550279094584,0.11614422024112646,0.4046034952664021,0.9004679747018813,45.5,0.0,43.0,2.5,0.14404910108483848,0.09953202529811872
"(0, 0.1, 0.08)",1.0,15.0,B,,1927310.5818923714,0.11601902785425433,-0.3055114408368869,-0.344131215882475,0.10678473909679756,0.13071277278108273,0.4529274645726825,0.9935482282713601,51.0,0.0,50.0,1.0,0.15428306238654038,0.006451771728639846
"(0, 0.1, 0.08)",1.0,,B,,1927310.5818923714,0.11601902785425433,-0.3055114408368869,-0.344131215882475,0.10678473909679756,0.13071277278108273,0.4529274645726825,0.9935482282713601,51.0,0.0,50.0,1.0,0.15428306238654038,0.006451771728639846
"(0, 0.1, 0.1)",0.9,15.0,B,,1730252.842184382,0.1047532825368791,-0.27876390465295214,-0.2993115909752152,0.09658851454722153,0.11981604723556502,0.40616427394789945,0.8909041823169888,44.0,0.0,44.0,0.0,0.14204720506001448,0.10909581768301127
"(0, 0.1, 0.1)",0.9,,B,,1730252.842184382,0.1047532825368791,-0.27876390465295214,-0.2993115909752152,0.09658851454722153,0.11981604723556502,0.40616427394789945,0.8909041823169888,44.0,0.0,44.0,0.0,0.14204720506001448,0.10909581768301127
"(0, 0.1, 0.1)",1.0,15.0,B,,1912190.9834151312,0.1151865919047832,-0.2978459105380909,-0.3321235292975997,0.10935617212763611,0.1305400151781698,0.45623541654656397,0.9964204852562628,51.0,0.0,51.0,0.0,0.1549906762104022,0.003579514743737182
"(0, 0.1, 0.1)",1.0,,B,,1912190.9834151312,0.1151865919047832,-0.2978459105380909,-0.3321235292975997,0.10935617212763611,0.1305400151781698,0.45623541654656397,0.9964204852562628,51.0,0.0,51.0,0.0,0.1549906762104022,0.003579514743737182
"(0, 0.1, 0.15)",0.9,15.0,B,,1730252.842184382,0.1047532825368791,-0.27876390465295214,-0.2993115909752152,0.09658851454722153,0.11981604723556502,0.40616427394789945,0.8909041823169888,44.0,0.0,44.0,0.0,0.14204720506001448,0.10909581768301127
"(0, 0.1, 0.15)",0.9,,B,,1730252.842184382,0.1047532825368791,-0.27876390465295214,-0.2993115909752152,0.09658851454722153,0.11981604723556502,0.40616427394789945,0.8909041823169888,44.0,0.0,44.0,0.0,0.14204720506001448,0.10909581768301127
"(0, 0.1, 0.15)",1.0,15.0,B,,1912190.9834151312,0.1151865919047832,-0.2978459105380909,-0.3321235292975997,0.10935617212763611,0.1305400151781698,0.45623541654656397,0.9964204852562628,51.0,0.0,51.0,0.0,0.1549906762104022,0.003579514743737182
"(0, 0.1, 0.15)",1.0,,B,,1912190.9834151312,0.1151865919047832,-0.2978459105380909,-0.3321235292975997,0.10935617212763611,0.1305400151781698,0.45623541654656397,0.9964204852562628,51.0,0.0,51.0,0.0,0.1549906762104022,0.003579514743737182
"(0, 0.12, 0)",0.9,15.0,B,,1661801.7867062124,0.10055735279579991,-0.28407503591307215,-0.30024342147431343,0.08462924450098908,0.11624781160872609,0.4004495087162817,0.8985125719448656,36.5,0.0,36.5,0.0,0.1451651982034688,0.10148742805513446
"(0, 0.12, 0)",0.9,,B,,1661801.7867062124,0.10055735279579991,-0.28407503591307215,-0.30024342147431343,0.08462924450098908,0.11624781160872609,0.4004495087162817,0.8985125719448656,36.5,0.0,36.5,0.0,0.1451651982034688,0.10148742805513446
"(0, 0.12, 0)",1.0,15.0,B,,1820184.4816224205,0.11003106618144343,-0.324056170453481,-0.33291164073754265,0.10031156222047259,0.12783258877204354,0.4483383483799839,0.9877376198339116,41.0,0.0,41.0,0.0,0.16170982856451804,0.012262380166088386
"(0, 0.12, 0)",1.0,,B,,1820184.4816224205,0.11003106618144343,-0.324056170453481,-0.33291164073754265,0.10031156222047259,0.12783258877204354,0.4483383483799839,0.9877376198339116,41.0,0.0,41.0,0.0,0.16170982856451804,0.012262380166088386
"(0, 0.12, 0.01)",0.9,15.0,B,,1670110.999175813,0.10107265185863512,-0.29762791905946173,-0.30291998152627014,0.083772865579589,0.11848298715682992,0.41188987163057267,0.9019285144581559,56.0,0.0,35.0,21.0,0.14757244113356882,0.09807148554184422
"(0, 0.12, 0.01)",0.9,,B,,1663771.6610914632,0.10068316393668975,-0.29694223523821833,-0.30291998152627014,0.0864854677512237,0.11963146586129891,0.41514330318338566,0.9047806754312606,62.5,0.0,35.0,26.5,0.14721943076196167,0.09521932456873941
"(0, 0.12, 0.01)",1.0,15.0,B,,1843863.1310205865,0.11137959242139184,-0.33152493576260555,-0.34910523662098397,0.09847270061501141,0.12699647436846992,0.45126822338117734,0.991727306634778,58.5,0.0,40.0,19.5,0.16438484954929963,0.008272693365221944
"(0, 0.12, 0.01)",1.0,,B,,1822908.0857468331,0.11018747026691478,-0.33152493576260555,-0.34910523662098397,0.09956026318654679,0.1287824166221632,0.45801633581336504,0.9982590117432814,68.0,0.0,39.5,28.5,0.1636443562682502,0.0017409882567186714
"(0, 0.12, 0.02)",0.9,15.0,B,,1644770.4521896672,0.09947744582305562,-0.2974785364474397,-0.30549601786119046,0.08455451517913297,0.11264423304386884,0.409701114180729,0.9056804863465422,49.0,0.0,35.0,13.5,0.14605097943588002,0.09431951365345771
"(0, 0.12, 0.02)",0.9,,B,,1644770.4521896672,0.09947744582305562,-0.2974785364474397,-0.30549601786119046,0.08455451517913297,0.11264423304386884,0.409701114180729,0.9056804863465422,49.0,0.0,35.0,13.5,0.14605097943588002,0.09431951365345771
"(0, 0.12, 0.02)",1.0,15.0,B,,1847436.2699268227,0.11158438070799459,-0.3248449818131075,-0.3575796047431984,0.10072949130868361,0.12843142131475987,0.45643128089708174,0.9971943225929985,53.0,0.0,40.0,13.0,0.16366856435095753,0.00280567740700159
"(0, 0.12, 0.02)",1.0,,B,,1847436.2699268227,0.11158438070799459,-0.3248449818131075,-0.3575796047431984,0.10072949130868361,0.12843142131475987,0.45643128089708174,0.9971943225929985,53.0,0.0,40.0,13.0,0.16483217966380415,0.00280567740700159
"(0, 0.12, 0.03)",0.9,15.0,B,,1651382.8440342706,0.0999126513980505,-0.29534766149679087,-0.31166909041017976,0.08509318315619449,0.11209099650414606,0.4089763119058055,0.9016367558530076,43.5,0.0,35.0,9.0,0.14700910351139876,0.09836324414699239
"(0, 0.12, 0.03)",0.9,,B,,1651382.8440342706,0.0999126513980505,-0.29534766149679087,-0.31166909041017976,0.08509318315619449,0.11209099650414606,0.4089763119058055,0.9016367558530076,43.5,0.0,35.0,9.0,0.14700910351139876,0.09836324414699239
"(0, 0.12, 0.03)",1.0,15.0,B,,1878565.5826601572,0.11332351095866311,-0.32423160182548566,-0.35771315518885227,0.10105443206893867,0.13092343914333102,0.4561298260238661,0.9947836497091624,48.0,0.0,40.0,8.0,0.1617533941532004,0.0052163502908376125
"(0, 0.12, 0.03)",1.0,,B,,1878565.5826601572,0.11332351095866311,-0.32423160182548566,-0.35771315518885227,0.10105443206893867,0.13092343914333102,0.4561298260238661,0.9947836497091624,48.0,0.0,40.0,8.0,0.1617533941532004,0.0052163502908376125
"(0, 0.12, 0.04)",0.9,15.0,B,,1653581.1793913464,0.10004884347091758,-0.292151017607186,-0.31372575976446987,0.08672205821260906,0.11487179324151686,0.40534462146878325,0.8974721436392672,41.0,0.0,35.0,5.0,0.14611197916642188,0.1025278563607328
"(0, 0.12, 0.04)",0.9,,B,,1653581.1793913464,0.10004884347091758,-0.292151017607186,-0.31372575976446987,0.08672205821260906,0.11487179324151686,0.40534462146878325,0.8974721436392672,41.0,0.0,35.0,5.0,0.14611197916642188,0.1025278563607328
"(0, 0.12, 0.04)",1.0,15.0,B,,1821290.0438693925,0.11007514964690324,-0.3255215687434919,-0.3521056315282777,0.09998148850026542,0.1308151952947044,0.4541781258115596,0.9937588536482229,45.0,0.0,40.0,5.5,0.16045331701428805,0.006241146351776996
"(0, 0.12, 0.04)",1.0,,B,,1821290.0438693925,0.11007514964690324,-0.3255215687434919,-0.3521056315282777,0.09998148850026542,0.1308151952947044,0.4541781258115596,0.9937588536482229,45.0,0.0,40.0,5.5,0.16045331701428805,0.006241146351776996
"(0, 0.12, 0.06)",0.9,15.0,B,,1614288.0130671533,0.0975654924253635,-0.3018190717829434,-0.31538779390532473,0.08574049249363966,0.1179690018765418,0.4072739776543588,0.8945821288821512,38.0,0.0,36.0,2.5,0.14568097527402243,0.10541787111784884
"(0, 0.12, 0.06)",0.9,,B,,1614288.0130671533,0.0975654924253635,-0.3018190717829434,-0.31538779390532473,0.08574049249363966,0.1179690018765418,0.4072739776543588,0.8945821288821512,38.0,0.0,36.0,2.5,0.14568097527402243,0.10541787111784884
"(0, 0.12, 0.06)",1.0,15.0,B,,1821685.9388835179,0.11011700568066096,-0.3255215687434919,-0.35358072604993,0.10165396281378739,0.12638263112921191,0.44950924777796064,0.9796878585963338,42.5,0.0,40.5,2.0,0.1626697130196972,0.020312141403666314
"(0, 0.12, 0.06)",1.0,,B,,1821685.9388835179,0.11011700568066096,-0.3255215687434919,-0.35358072604993,0.10165396281378739,0.12638263112921191,0.44950924777796064,0.9796878585963338,42.5,0.0,40.5,2.0,0.1626697130196972,0.020312141403666314
"(0, 0.12, 0.08)",0.9,15.0,B,,1665080.5701129008,0.10077103709342483,-0.2852163048046323,-0.3034991579212571,0.08687477636877572,0.11652439257203633,0.40564045159095274,0.8970272050011684,37.0,0.0,36.0,1.0,0.1456284966838734,0.10297279499883166
"(0, 0.12, 0.08)",0.9,,B,,1665080.5701129008,0.10077103709342483,-0.2852163048046323,-0.3034991579212571,0.08687477636877572,0.11652439257203633,0.40564045159095274,0.8970272050011684,37.0,0.0,36.0,1.0,0.1456284966838734,0.10297279499883166
"(0, 0.12, 0.08)",1.0,15.0,B,,1822772.1360137286,0.11017905797138094,-0.32328089631425605,-0.36047376620992716,0.09934812328608782,0.1247611662337838,0.4479974491136063,0.9935678026514358,42.5,0.0,40.5,2.0,0.16277433909092673,0.006432197348564185
"(0, 0.12, 0.08)",1.0,,B,,1822772.1360137286,0.11017905797138094,-0.32328089631425605,-0.36047376620992716,0.09934812328608782,0.1247611662337838,0.4479974491136063,0.9935678026514358,42.5,0.0,40.5,2.0,0.16277433909092673,0.006432197348564185
"(0, 0.12, 0.1)",0.9,15.0,B,,1678018.2977814595,0.10157277603168924,-0.28385038364182863,-0.30973859185198466,0.08748419834808618,0.11815638417378474,0.40060957824311644,0.8998004060065434,37.0,0.0,35.0,1.0,0.1453555217837194,0.10019959399345657
"(0, 0.12, 0.1)",0.9,,B,,1678018.2977814595,0.10157277603168924,-0.28385038364182863,-0.30973859185198466,0.08748419834808618,0.11815638417378474,0.40060957824311644,0.8998004060065434,37.0,0.0,35.0,1.0,0.1453555217837194,0.10019959399345657
"(0, 0.12, 0.1)",1.0,15.0,B,,1884350.9597806982,0.1136549906733495,-0.32328089631425605,-0.36742662711024093,0.10032509960639842,0.13133430788731532,0.45008028565385383,0.9973043543041566,41.5,0.0,40.5,1.0,0.16297981438061304,0.0026956456958433664
"(0, 0.12, 0.1)",1.0,,B,,1884350.9597806982,0.1136549906733495,-0.32328089631425605,-0.36742662711024093,0.10032509960639842,0.13133430788731532,0.45008028565385383,0.9973043543041566,41.5,0.0,40.5,1.0,0.16297981438061304,0.0026956456958433664
"(0, 0.12, 0.15)",0.9,15.0,B,,1661801.7867062124,0.10055735279579991,-0.28407503591307215,-0.30024342147431343,0.08462924450098908,0.11624781160872609,0.4004495087162817,0.8985125719448656,36.5,0.0,36.5,0.0,0.1451651982034688,0.10148742805513446
"(0, 0.12, 0.15)",0.9,,B,,1661801.7867062124,0.10055735279579991,-0.28407503591307215,-0.30024342147431343,0.08462924450098908,0.11624781160872609,0.4004495087162817,0.8985125719448656,36.5,0.0,36.5,0.0,0.1451651982034688,0.10148742805513446
"(0, 0.12, 0.15)",1.0,15.0,B,,1820184.4816224205,0.11003106618144343,-0.324056170453481,-0.33291164073754265,0.10031156222047259,0.12783258877204354,0.4483383483799839,0.9877376198339116,41.0,0.0,41.0,0.0,0.16170982856451804,0.012262380166088386
"(0, 0.12, 0.15)",1.0,,B,,1820184.4816224205,0.11003106618144343,-0.324056170453481,-0.33291164073754265,0.10031156222047259,0.12783258877204354,0.4483383483799839,0.9877376198339116,41.0,0.0,41.0,0.0,0.16170982856451804,0.012262380166088386
"(0, 0.15, 0)",0.9,15.0,B,,1581338.128118007,0.09527393536778206,-0.2634104283578455,-0.28310521314121345,0.07872908207088973,0.11842480640840458,0.41490612430631646,0.8972735625126498,27.5,0.0,27.5,0.0,0.1489904963096243,0.10272643748735034
"(0, 0.15, 0)",0.9,,B,,1581338.128118007,0.09527393536778206,-0.2634104283578455,-0.28310521314121345,0.07872908207088973,0.11842480640840458,0.41490612430631646,0.8972735625126498,27.5,0.0,27.5,0.0,0.1489904963096243,0.10272643748735034
"(0, 0.15, 0)",1.0,15.0,B,,1784999.0147998398,0.10799492542017142,-0.2925876139896958,-0.321764305514726,0.09316254568778526,0.13057703267740425,0.45159532626122145,0.9949984757184096,31.5,0.0,31.5,0.0,0.164133403182946,0.005001524281590447
"(0, 0.15, 0)",1.0,,B,,1784999.0147998398,0.10799492542017142,-0.2925876139896958,-0.321764305514726,0.09316254568778526,0.13057703267740425,0.45159532626122145,0.9949984757184096,31.5,0.0,31.5,0.0,0.164133403182946,0.005001524281590447
"(0, 0.15, 0.01)",0.9,15.0,B,,1658289.7176379217,0.10012875532481391,-0.2507014103681132,-0.28243818599066567,0.08791998146025656,0.12487310822194318,0.42037189786450097,0.9062029415522652,56.0,0.0,27.0,29.0,0.15185767670657155,0.09379705844773482
"(0, 0.15, 0.01)",0.9,,B,,1622585.1047483385,0.09798467053444315,-0.2606343781991021,-0.282183258136134,0.08458592304915147,0.12050379838008274,0.41676734689035916,0.9063045368179711,61.5,0.0,26.0,35.5,0.15090138826708577,0.09369546318202893
"(0, 0.15, 0.01)",1.0,15.0,B,,1779683.993307958,0.10768274024698754,-0.310424131771147,-0.3277654038410894,0.08714315139216236,0.12745449267932504,0.45872124410098514,0.9977206008736603,53.5,0.0,30.0,24.0,0.16616355325572008,0.002279399126339654
"(0, 0.15, 0.01)",1.0,,B,,1796900.992126572,0.1086862463109265,-0.31219730061848827,-0.3179317756254338,0.08905147975953749,0.12415374942617527,0.4605908459103103,0.998240775994316,59.0,0.0,30.0,28.5,0.16600205260536188,0.0017592240056839904
"(0, 0.15, 0.02)",0.9,15.0,B,,1570006.4301079586,0.09469165366258525,-0.2635406391670652,-0.28541050757471265,0.08344381655392175,0.12241054792922798,0.41645128084884875,0.9024298785135709,43.5,0.0,26.0,17.0,0.15139438824091933,0.09757012148642907
"(0, 0.15, 0.02)",0.9,,B,,1570006.4301079586,0.09469165366258525,-0.2635406391670652,-0.28541050757471265,0.08344381655392175,0.12241054792922798,0.41645128084884875,0.9024298785135709,43.5,0.0,26.0,17.0,0.15139438824091933,0.09757012148642907
"(0, 0.15, 0.02)",1.0,15.0,B,,1784560.1560169815,0.1079698364718884,-0.31072288332922066,-0.3224333863750472,0.08850354566379588,0.1296566660692225,0.45865658165903034,0.997438555399399,43.0,0.0,30.0,13.0,0.16589105197415535,0.0025614446006009756
"(0, 0.15, 0.02)",1.0,,B,,1784560.1560169815,0.1079698364718884,-0.31072288332922066,-0.3224333863750472,0.08850354566379588,0.1296566660692225,0.45865658165903034,0.997438555399399,43.0,0.0,30.0,13.0,0.16589105197415535,0.0025614446006009756
"(0, 0.15, 0.03)",0.9,15.0,B,,1608132.501763661,0.09713275811055189,-0.2645087464800606,-0.29100343169435233,0.08246605723347888,0.12209900217425011,0.4164951169887954,0.902601227179034,37.0,0.0,26.0,11.0,0.15060945118942737,0.09739877282096598
"(0, 0.15, 0.03)",0.9,,B,,1608132.501763661,0.09713275811055189,-0.2645087464800606,-0.29100343169435233,0.08246605723347888,0.12209900217425011,0.4164951169887954,0.902601227179034,37.0,0.0,26.0,11.0,0.15060945118942737,0.09739877282096598
"(0, 0.15, 0.03)",1.0,15.0,B,,1791673.668733412,0.10838364156342162,-0.31166868511223283,-0.3253027137730946,0.08762922224742273,0.1297659510749221,0.4583129485160698,0.9960061222750858,39.0,0.0,30.0,9.0,0.16533967505613326,0.003993877724914195
"(0, 0.15, 0.03)",1.0,,B,,1791673.668733412,0.10838364156342162,-0.31166868511223283,-0.3253027137730946,0.08762922224742273,0.1297659510749221,0.4583129485160698,0.9960061222750858,39.0,0.0,30.0,9.0,0.16533967505613326,0.003993877724914195
"(0, 0.15, 0.04)",0.9,15.0,B,,1629574.4526834665,0.09850983996823903,-0.26281870671229846,-0.2870552336428483,0.08280851847728984,0.12105472246762153,0.4135998395808872,0.8986339263598646,34.0,0.0,26.0,8.5,0.1507596169521465,0.10136607364013529
"(0, 0.15, 0.04)",0.9,,B,,1629574.4526834665,0.09850983996823903,-0.26281870671229846,-0.2870552336428483,0.08280851847728984,0.12105472246762153,0.4135998395808872,0.8986339263598646,34.0,0.0,26.0,8.5,0.1507596169521465,0.10136607364013529
"(0, 0.15, 0.04)",1.0,15.0,B,,1835486.4180972022,0.11089728216867856,-0.30797012624214676,-0.31743277214117205,0.08349782830290638,0.12276615978706829,0.45800967625653943,0.9952522388503453,37.0,0.0,30.5,6.0,0.16472283889432499,0.004747761149654618
"(0, 0.15, 0.04)",1.0,,B,,1835486.4180972022,0.11089728216867856,-0.30797012624214676,-0.31743277214117205,0.08349782830290638,0.12276615978706829,0.45800967625653943,0.9952522388503453,37.0,0.0,30.5,6.0,0.16472283889432499,0.004747761149654618
"(0, 0.15, 0.06)",0.9,15.0,B,,1621049.7192108594,0.09798065316540316,-0.25981633916960006,-0.2830371287354316,0.08665516929722179,0.12209793062669216,0.4150251554689764,0.8935760032672737,31.5,0.0,27.0,4.0,0.15145332119153598,0.10642399673272628
"(0, 0.15, 0.06)",0.9,,B,,1621049.7192108594,0.09798065316540316,-0.25981633916960006,-0.2830371287354316,0.08665516929722179,0.12209793062669216,0.4150251554689764,0.8935760032672737,31.5,0.0,27.0,4.0,0.15145332119153598,0.10642399673272628
"(0, 0.15, 0.06)",1.0,15.0,B,,1809229.5931018686,0.10939109688843873,-0.30650345812950486,-0.31680731260161693,0.0881314996157008,0.13083249790476242,0.44767912883714867,0.9952485456450486,34.0,0.0,30.0,3.0,0.16420631777821443,0.004751454354951343
"(0, 0.15, 0.06)",1.0,,B,,1809229.5931018686,0.10939109688843873,-0.30650345812950486,-0.31680731260161693,0.0881314996157008,0.13083249790476242,0.44767912883714867,0.9952485456450486,34.0,0.0,30.0,3.0,0.16420631777821443,0.004751454354951343
"(0, 0.15, 0.08)",0.9,15.0,B,,1691410.1795009663,0.10230182131433418,-0.2522180277443603,-0.2776713420062297,0.088668088415189,0.12669931848833274,0.4112461538480051,0.903063962453007,29.5,0.0,27.0,2.0,0.14968885649025537,0.09693603754699298
"(0, 0.15, 0.08)",0.9,,B,,1691410.1795009663,0.10230182131433418,-0.2522180277443603,-0.2776713420062297,0.088668088415189,0.12669931848833274,0.4112461538480051,0.903063962453007,29.5,0.0,27.0,2.0,0.14968885649025537,0.09693603754699298
"(0, 0.15, 0.08)",1.0,15.0,B,,1792350.6816467848,0.10842342652682668,-0.31108329744648366,-0.3292976037891235,0.08579517526445693,0.13085294678023157,0.46174453588844405,0.986991568221667,33.0,0.0,31.0,2.0,0.1674165727221341,0.013008431778333038
"(0, 0.15, 0.08)",1.0,,B,,1792350.6816467848,0.10842342652682668,-0.31108329744648366,-0.3292976037891235,0.08579517526445693,0.13085294678023157,0.46174453588844405,0.986991568221667,33.0,0.0,31.0,2.0,0.1674165727221341,0.013008431778333038
"(0, 0.15, 0.1)",0.9,15.0,B,,1669257.2764119925,0.10095398000889333,-0.2591508901246813,-0.2832758129809593,0.08552197626718935,0.1232452084650163,0.41098897358677666,0.8909727945879131,28.5,0.0,27.5,1.0,0.14996732819784164,0.10902720541208694
"(0, 0.15, 0.1)",0.9,,B,,1669257.2764119925,0.10095398000889333,-0.2591508901246813,-0.2832758129809593,0.08552197626718935,0.1232452084650163,0.41098897358677666,0.8909727945879131,28.5,0.0,27.5,1.0,0.14996732819784164,0.10902720541208694
"(0, 0.15, 0.1)",1.0,15.0,B,,1752325.2818519466,0.10604647750417384,-0.32521276557135875,-0.3281693033384166,0.0791485728355106,0.12278424292444953,0.46333085937936896,0.9999346168254232,32.0,0.0,31.0,2.0,0.16621107945061758,6.53831745768636e-05
"(0, 0.15, 0.1)",1.0,,B,,1752325.2818519466,0.10604647750417384,-0.32521276557135875,-0.3281693033384166,0.0791485728355106,0.12278424292444953,0.46333085937936896,0.9999346168254232,32.0,0.0,31.0,2.0,0.16621107945061758,6.53831745768636e-05
"(0, 0.15, 0.15)",0.9,15.0,B,,1581338.128118007,0.09527393536778206,-0.2634104283578455,-0.28310521314121345,0.07872908207088973,0.11842480640840458,0.41490612430631646,0.8972735625126498,27.5,0.0,27.5,0.0,0.1489904963096243,0.10272643748735034
"(0, 0.15, 0.15)",0.9,,B,,1581338.128118007,0.09527393536778206,-0.2634104283578455,-0.28310521314121345,0.07872908207088973,0.11842480640840458,0.41490612430631646,0.8972735625126498,27.5,0.0,27.5,0.0,0.1489904963096243,0.10272643748735034
"(0, 0.15, 0.15)",1.0,15.0,B,,1784999.0147998398,0.10799492542017142,-0.2925876139896958,-0.321764305514726,0.09316254568778526,0.13057703267740425,0.45159532626122145,0.9949984757184096,31.5,0.0,31.5,0.0,0.164133403182946,0.005001524281590447
"(0, 0.15, 0.15)",1.0,,B,,1784999.0147998398,0.10799492542017142,-0.2925876139896958,-0.321764305514726,0.09316254568778526,0.13057703267740425,0.45159532626122145,0.9949984757184096,31.5,0.0,31.5,0.0,0.164133403182946,0.005001524281590447
"(0, 0.2, 0)",0.9,15.0,B,,1620398.181333387,0.09795813683755283,-0.2914631287796824,-0.32567704911599116,0.05342238261772958,0.12013082849583472,0.3961322155319341,0.863451660683539,19.5,0.0,19.5,0.0,0.1537757433957765,0.13654833931646101
"(0, 0.2, 0)",0.9,,B,,1620398.181333387,0.09795813683755283,-0.2914631287796824,-0.32567704911599116,0.05342238261772958,0.12013082849583472,0.3961322155319341,0.863451660683539,19.5,0.0,19.5,0.0,0.1537757433957765,0.13654833931646101
"(0, 0.2, 0)",1.0,15.0,B,,1750511.9453754304,0.10587167040783119,-0.3154972200941377,-0.37796041399551783,0.07692174758500522,0.136840582170253,0.4780294338634573,0.9995953891621232,22.5,0.0,22.5,0.0,0.17027970714599336,0.0004046108378767575
"(0, 0.2, 0)",1.0,,B,,1750511.9453754304,0.10587167040783119,-0.3154972200941377,-0.37796041399551783,0.07692174758500522,0.136840582170253,0.4780294338634573,0.9995953891621232,22.5,0.0,22.5,0.0,0.17027970714599336,0.0004046108378767575
"(0, 0.2, 0.01)",0.9,15.0,B,,1633927.6708122562,0.09881704687873083,-0.29703944903104157,-0.3503923208970981,0.0521472700031308,0.12117703523154692,0.4182089559168547,0.9006227753595601,54.0,0.0,18.5,36.0,0.15627937698771702,0.09937722464043997
"(0, 0.2, 0.01)",0.9,,B,,1654210.138083695,0.10008901818854976,-0.29425885804628743,-0.3503923208970981,0.05027929012897514,0.12296101254311692,0.413739004875194,0.9071237298174859,66.5,0.0,18.5,47.0,0.1558562662394063,0.09287627018251415
"(0, 0.2, 0.01)",1.0,15.0,B,,1769239.3243561997,0.10704753421459035,-0.3317766889703678,-0.35131301938613824,0.08648437174840376,0.13657205241226175,0.46446686048371416,0.9960116284807751,54.0,0.0,22.0,33.5,0.1715192170961839,0.003988371519224945
"(0, 0.2, 0.01)",1.0,,B,,1697577.388205106,0.10277355445553005,-0.33515280637821954,-0.3724544363383553,0.07179604231040622,0.13053042813854998,0.4692643963066463,0.9979854415170923,64.5,0.0,20.5,46.0,0.1725621580665115,0.0020145584829076918
"(0, 0.2, 0.02)",0.9,15.0,B,,1633679.5563059761,0.0987960780138093,-0.3076011100723861,-0.3523763190003478,0.05332287324156402,0.12190130737960754,0.4213209343770961,0.9041137595625042,41.0,0.0,18.5,22.5,0.15960508183605,0.09588624043749581
"(0, 0.2, 0.02)",0.9,,B,,1633679.5563059761,0.0987960780138093,-0.3076011100723861,-0.3523763190003478,0.05332287324156402,0.12190130737960754,0.4213209343770961,0.9041137595625042,41.0,0.0,18.5,22.5,0.15960508183605,0.09588624043749581
"(0, 0.2, 0.02)",1.0,15.0,B,,1747908.531852319,0.10580298997861515,-0.33917075573386296,-0.3747004989412622,0.07443715423523652,0.13524885914485674,0.4677732047593701,0.9961660655811098,43.0,0.0,20.5,23.0,0.17198559921858259,0.0038339344188902482
"(0, 0.2, 0.02)",1.0,,B,,1747908.531852319,0.10580298997861515,-0.33917075573386296,-0.3747004989412622,0.07443715423523652,0.13524885914485674,0.4677732047593701,0.9961660655811098,43.0,0.0,20.5,23.0,0.17198559921858259,0.0038339344188902482
"(0, 0.2, 0.03)",0.9,15.0,B,,1670178.3771308374,0.10104866603197471,-0.3047523047502055,-0.35279671303024057,0.04970375583927196,0.12486738184606283,0.4211530786982262,0.9026808440881497,34.0,0.0,18.5,14.5,0.15618912710836885,0.09731915591185028
"(0, 0.2, 0.03)",0.9,,B,,1670178.3771308374,0.10104866603197471,-0.3047523047502055,-0.35279671303024057,0.04970375583927196,0.12486738184606283,0.4211530786982262,0.9026808440881497,34.0,0.0,18.5,14.5,0.15618912710836885,0.09731915591185028
"(0, 0.2, 0.03)",1.0,15.0,B,,1755629.0721366117,0.10625444467989387,-0.33878724514966946,-0.3772995113844822,0.07153796662605287,0.13593934748598926,0.46792145182159084,0.9973950937924702,36.0,0.0,20.5,16.0,0.17246295318968763,0.0026049062075297535
"(0, 0.2, 0.03)",1.0,,B,,1755629.0721366117,0.10625444467989387,-0.33878724514966946,-0.3772995113844822,0.07153796662605287,0.13593934748598926,0.46792145182159084,0.9973950937924702,36.0,0.0,20.5,16.0,0.17246295318968763,0.0026049062075297535
"(0, 0.2, 0.04)",0.9,15.0,B,,1677614.807773448,0.1014476523747555,-0.31739550739865885,-0.3496515000044408,0.060181486850864,0.12768548049490275,0.4278252685398755,0.9040462006415089,29.0,0.0,19.0,9.0,0.16054741521601668,0.09595379935849102
"(0, 0.2, 0.04)",0.9,,B,,1677614.807773448,0.1014476523747555,-0.31739550739865885,-0.3496515000044408,0.060181486850864,0.12768548049490275,0.4278252685398755,0.9040462006415089,29.0,0.0,19.0,9.0,0.16054741521601668,0.09595379935849102
"(0, 0.2, 0.04)",1.0,15.0,B,,1693444.35798396,0.10251892220514536,-0.3378010263858721,-0.37652727805246355,0.07120266000779105,0.13322677468869568,0.4619140434117194,0.9961252476068732,31.5,0.0,20.5,11.0,0.1716596199708702,0.003874752393126974
"(0, 0.2, 0.04)",1.0,,B,,1693444.35798396,0.10251892220514536,-0.3378010263858721,-0.37652727805246355,0.07120266000779105,0.13322677468869568,0.4619140434117194,0.9961252476068732,31.5,0.0,20.5,11.0,0.1716596199708702,0.003874752393126974
"(0, 0.2, 0.06)",0.9,15.0,B,,1576097.4414431811,0.09466762204155577,-0.3078469823218868,-0.34690917614772127,0.05213987370988391,0.12431029412439301,0.4158416489987685,0.8946311601651777,24.5,0.0,18.5,5.5,0.15700937142606172,0.10536883983482222
"(0, 0.2, 0.06)",0.9,,B,,1576097.4414431811,0.09466762204155577,-0.3078469823218868,-0.34690917614772127,0.05213987370988391,0.12431029412439301,0.4158416489987685,0.8946311601651777,24.5,0.0,18.5,5.5,0.15700937142606172,0.10536883983482222
"(0, 0.2, 0.06)",1.0,15.0,B,,1820560.732582829,0.1099474004460621,-0.334736460347605,-0.37954435449112295,0.08262015712806707,0.13660462272658525,0.4653379166137452,0.9938237295822299,28.5,0.0,21.0,7.0,0.1735591098907315,0.006176270417770169
"(0, 0.2, 0.06)",1.0,,B,,1820560.732582829,0.1099474004460621,-0.334736460347605,-0.37954435449112295,0.08262015712806707,0.13660462272658525,0.4653379166137452,0.9938237295822299,28.5,0.0,21.0,7.0,0.1735591098907315,0.006176270417770169
"(0, 0.2, 0.08)",0.9,15.0,B,,1670297.0784013346,0.10105594133049556,-0.29793474462635844,-0.3538253791774273,0.05808486075584396,0.12769064033705227,0.42533991381895775,0.9021568681927987,23.5,0.0,18.5,5.0,0.160220161175828,0.0978431318072013
"(0, 0.2, 0.08)",0.9,,B,,1670297.0784013346,0.10105594133049556,-0.29793474462635844,-0.3538253791774273,0.05808486075584396,0.12769064033705227,0.42533991381895775,0.9021568681927987,23.5,0.0,18.5,5.0,0.160220161175828,0.0978431318072013
"(0, 0.2, 0.08)",1.0,15.0,B,,1801335.661586071,0.10888745855549009,-0.34161985578294446,-0.37335264724176936,0.08390924465786083,0.13366920835265375,0.461935888406101,0.9907105398911593,26.0,0.0,21.5,4.5,0.1717902808109898,0.009289460108840731
"(0, 0.2, 0.08)",1.0,,B,,1801335.661586071,0.10888745855549009,-0.34161985578294446,-0.37335264724176936,0.08390924465786083,0.13366920835265375,0.461935888406101,0.9907105398911593,26.0,0.0,21.5,4.5,0.1717902808109898,0.009289460108840731
"(0, 0.2, 0.1)",0.9,15.0,B,,1658523.0713696056,0.10032657319115634,-0.3117457081730498,-0.362596463176863,0.05987703040986072,0.12288000582979583,0.4105605143067208,0.896086089775596,22.5,0.0,19.5,3.0,0.15794135074379673,0.10391391022440385
"(0, 0.2, 0.1)",0.9,,B,,1658523.0713696056,0.10032657319115634,-0.3117457081730498,-0.362596463176863,0.05987703040986072,0.12288000582979583,0.4105605143067208,0.896086089775596,22.5,0.0,19.5,3.0,0.15794135074379673,0.10391391022440385
"(0, 0.2, 0.1)",1.0,15.0,B,,1663951.6595520554,0.10067590107512658,-0.3084901565492818,-0.39741552043273015,0.08195509361049735,0.13417824605592205,0.4638612443385176,0.9999535502989023,23.5,0.0,21.0,3.0,0.16931480886590797,4.6449701097796154e-05
"(0, 0.2, 0.1)",1.0,,B,,1663951.6595520554,0.10067590107512658,-0.3084901565492818,-0.39741552043273015,0.08195509361049735,0.13417824605592205,0.4638612443385176,0.9999535502989023,23.5,0.0,21.0,3.0,0.16931480886590797,4.6449701097796154e-05
"(0, 0.2, 0.15)",0.9,15.0,B,,1702497.4727993852,0.10307441152910102,-0.2963955693490294,-0.32567704911599116,0.06257313460641827,0.13038992918075787,0.4033220412299884,0.8959055237162636,21.0,0.0,19.5,1.0,0.1579502707744771,0.10409447628373647
"(0, 0.2, 0.15)",0.9,,B,,1702497.4727993852,0.10307441152910102,-0.2963955693490294,-0.32567704911599116,0.06257313460641827,0.13038992918075787,0.4033220412299884,0.8959055237162636,21.0,0.0,19.5,1.0,0.1579502707744771,0.10409447628373647
"(0, 0.2, 0.15)",1.0,15.0,B,,1768912.222288215,0.10703739871643525,-0.3004473988898976,-0.3781794062667673,0.07900774149613872,0.13642778931620142,0.4659901003360837,0.9821058585959803,23.0,0.0,21.0,1.0,0.16983496822897115,0.017894141404019695
"(0, 0.2, 0.15)",1.0,,B,,1768912.222288215,0.10703739871643525,-0.3004473988898976,-0.3781794062667673,0.07900774149613872,0.13642778931620142,0.4659901003360837,0.9821058585959803,23.0,0.0,21.0,1.0,0.16983496822897115,0.017894141404019695
"(0.01, 0.02, 0)",0.9,15.0,B,,1271777.6756827035,0.07322127327787364,-0.17786880732044857,-0.17786926029193065,0.07322112001979417,0.07322164601078349,0.27269600903335667,0.8781894144452729,181.0,88.0,93.0,0.0,0.0817970270079405,0.12181058555472704
"(0.01, 0.02, 0)",0.9,,B,,1271777.6756827035,0.07322127327787364,-0.17786880732044857,-0.17786926029193065,0.07322112001979417,0.07322164601078349,0.27269600903335667,0.8781894144452729,181.0,88.0,93.0,0.0,0.0817970270079405,0.12181058555472704
"(0.01, 0.02, 0)",1.0,15.0,B,,1287454.2844114047,0.07445875919611811,-0.17786880732044857,-0.17786926029193065,0.07445860559163124,0.0744591323083927,0.2732767943443032,0.9194316406340077,183.0,88.0,95.0,0.0,0.08272871838248436,0.08056835936599216
"(0.01, 0.02, 0)",1.0,,B,,1287454.2844114047,0.07445875919611811,-0.17786880732044857,-0.17786926029193065,0.07445860559163124,0.0744591323083927,0.2732767943443032,0.9194316406340077,183.0,88.0,95.0,0.0,0.08272871838248436,0.08056835936599216
"(0.01, 0.02, 0.01)",0.9,15.0,B,,1271777.6756827035,0.07322127327787364,-0.17786880732044857,-0.17786926029193065,0.07322112001979417,0.07322164601078349,0.27269600903335667,0.8781894144452729,181.0,88.0,93.0,0.0,0.0817970270079405,0.12181058555472704
"(0.01, 0.02, 0.01)",0.9,,B,,1701775.5283173425,0.10303042553023001,-0.2454778198144263,-0.24547842329467015,0.10215965785766952,0.1035289965022097,0.35572766632450054,0.9002206908290866,307.0,88.0,85.0,134.0,0.11459493299772555,0.09977930917091343
"(0.01, 0.02, 0.01)",1.0,15.0,B,,1287454.2844114047,0.07445875919611811,-0.17786880732044857,-0.17786926029193065,0.07445860559163124,0.0744591323083927,0.2732767943443032,0.9194316406340077,183.0,88.0,95.0,0.0,0.08272871838248436,0.08056835936599216
"(0.01, 0.02, 0.01)",1.0,,B,,1841423.8180717248,0.11124377079729675,-0.2454778198144263,-0.24547842329467015,0.110659560104756,0.11198301458643797,0.36470769143858994,0.9990009330422882,328.0,88.0,90.0,150.0,0.12042429796896556,0.0009990669577117676
"(0.01, 0.02, 0.02)",0.9,15.0,B,,1271777.6756827035,0.07322127327787364,-0.17786880732044857,-0.17786926029193065,0.07322112001979417,0.07322164601078349,0.27269600903335667,0.8781894144452729,181.0,88.0,93.0,0.0,0.0817970270079405,0.12181058555472704
"(0.01, 0.02, 0.02)",0.9,,B,,1762864.9849905511,0.10669578503607413,-0.2671140666874454,-0.26711480463739884,0.10427736437608297,0.10787098152842475,0.36936077884585405,0.8981858681044916,243.0,86.0,79.0,78.0,0.11993865759985667,0.10181413189550834
"(0.01, 0.02, 0.02)",1.0,15.0,B,,1287454.2844114047,0.07445875919611811,-0.17786880732044857,-0.17786926029193065,0.07445860559163124,0.0744591323083927,0.2732767943443032,0.9194316406340077,183.0,88.0,95.0,0.0,0.08272871838248436,0.08056835936599216
"(0.01, 0.02, 0.02)",1.0,,B,,1855951.7186143454,0.11206550638897195,-0.29716131652615513,-0.2971621703070622,0.11081126356484035,0.11492903577237741,0.3969795219570997,0.9961782032305789,262.0,87.0,84.0,90.0,0.1298287086010806,0.003821796769421108
"(0.01, 0.02, 0.03)",0.9,15.0,B,,1271777.6756827035,0.07322127327787364,-0.17786880732044857,-0.17786926029193065,0.07322112001979417,0.07322164601078349,0.27269600903335667,0.8781894144452729,181.0,88.0,93.0,0.0,0.0817970270079405,0.12181058555472704
"(0.01, 0.02, 0.03)",0.9,,B,,1764990.9115024847,0.10682102046973274,-0.27852673251988636,-0.27956483845824254,0.10533348613981504,0.10849717862092842,0.3667241012057754,0.9072042660761763,218.0,87.0,74.0,56.0,0.12096095539989526,0.09279573392382362
"(0.01, 0.02, 0.03)",1.0,15.0,B,,1287454.2844114047,0.07445875919611811,-0.17786880732044857,-0.17786926029193065,0.07445860559163124,0.0744591323083927,0.2732767943443032,0.9194316406340077,183.0,88.0,95.0,0.0,0.08272871838248436,0.08056835936599216
"(0.01, 0.02, 0.03)",1.0,,B,,1888471.0427191511,0.11388397666573757,-0.3093808731786631,-0.30938277920232415,0.11190984304326124,0.11584405554198803,0.4027146703802078,0.9971602949261273,231.0,87.0,77.0,66.5,0.1332393325096718,0.002839705073872646
"(0.01, 0.02, 0.04)",0.9,15.0,B,,1271777.6756827035,0.07322127327787364,-0.17786880732044857,-0.17786926029193065,0.07322112001979417,0.07322164601078349,0.27269600903335667,0.8781894144452729,181.0,88.0,93.0,0.0,0.0817970270079405,0.12181058555472704
"(0.01, 0.02, 0.04)",0.9,,B,,1785887.714463239,0.10804653480873061,-0.27381349462931565,-0.2899742486807301,0.10433922072160429,0.11280168668997789,0.36586809339218673,0.9014065597166565,202.0,86.0,73.0,42.0,0.12057117777281397,0.09859344028334342
"(0.01, 0.02, 0.04)",1.0,15.0,B,,1287454.2844114047,0.07445875919611811,-0.17786880732044857,-0.17786926029193065,0.07445860559163124,0.0744591323083927,0.2732767943443032,0.9194316406340077,183.0,88.0,95.0,0.0,0.08272871838248436,0.08056835936599216
"(0.01, 0.02, 0.04)",1.0,,B,,1922872.417010939,0.11577682796035194,-0.30349244747722376,-0.31471488032824574,0.11232780493093819,0.11799740441230729,0.39403357272533546,0.9974289112423905,213.5,86.0,77.0,50.0,0.13171018763395842,0.002571088757609469
"(0.01, 0.02, 0.06)",0.9,15.0,B,,1271777.6756827035,0.07322127327787364,-0.17786880732044857,-0.17786926029193065,0.07322112001979417,0.07322164601078349,0.27269600903335667,0.8781894144452729,181.0,88.0,93.0,0.0,0.0817970270079405,0.12181058555472704
"(0.01, 0.02, 0.06)",0.9,,B,,1768523.4195146258,0.1070252100062955,-0.27721674598688084,-0.29177395798246125,0.10243306248968309,0.111420801550041,0.3636114758748381,0.8912213982523718,183.0,83.0,74.0,26.0,0.11985554373796961,0.10877860174762818
"(0.01, 0.02, 0.06)",1.0,15.0,B,,1287454.2844114047,0.07445875919611811,-0.17786880732044857,-0.17786926029193065,0.07445860559163124,0.0744591323083927,0.2732767943443032,0.9194316406340077,183.0,88.0,95.0,0.0,0.08272871838248436,0.08056835936599216
"(0.01, 0.02, 0.06)",1.0,,B,,1953485.0401619538,0.1174353844556304,-0.31160082328813754,-0.311606729909944,0.11255147231298224,0.12214616356197047,0.39623790048982355,0.9983044116980501,190.0,84.0,73.0,33.0,0.1332171964786279,0.0016955883019499295
"(0.01, 0.02, 0.08)",0.9,15.0,B,,1271777.6756827035,0.07322127327787364,-0.17786880732044857,-0.17786926029193065,0.07322112001979417,0.07322164601078349,0.27269600903335667,0.8781894144452729,181.0,88.0,93.0,0.0,0.0817970270079405,0.12181058555472704
"(0.01, 0.02, 0.08)",0.9,,B,,1738644.4080553427,0.10524146190607242,-0.28253197794638957,-0.2929508868133164,0.09666161412771068,0.11274213487115721,0.3670056025172489,0.8982930670573648,174.5,84.0,70.0,19.5,0.12318950596022972,0.10170693294263522
"(0.01, 0.02, 0.08)",1.0,15.0,B,,1287454.2844114047,0.07445875919611811,-0.17786880732044857,-0.17786926029193065,0.07445860559163124,0.0744591323083927,0.2732767943443032,0.9194316406340077,183.0,88.0,95.0,0.0,0.08272871838248436,0.08056835936599216
"(0.01, 0.02, 0.08)",1.0,,B,,1895865.0445582184,0.11429320752806915,-0.3091088667470936,-0.3210864922353831,0.10818354562467178,0.12379704288721372,0.40139574859799876,0.997296289783193,182.0,82.0,77.0,23.5,0.1346619169491566,0.002703710216807082
"(0.01, 0.02, 0.1)",0.9,15.0,B,,1271777.6756827035,0.07322127327787364,-0.17786880732044857,-0.17786926029193065,0.07322112001979417,0.07322164601078349,0.27269600903335667,0.8781894144452729,181.0,88.0,93.0,0.0,0.0817970270079405,0.12181058555472704
"(0.01, 0.02, 0.1)",0.9,,B,,1703573.278072408,0.10312730410833515,-0.2803369556825632,-0.28840030845278786,0.09343698055548644,0.11670894242304423,0.37011992189259657,0.8978181067327193,172.0,83.0,75.0,15.0,0.12343091145551086,0.10218189326728058
"(0.01, 0.02, 0.1)",1.0,15.0,B,,1287454.2844114047,0.07445875919611811,-0.17786880732044857,-0.17786926029193065,0.07445860559163124,0.0744591323083927,0.2732767943443032,0.9194316406340077,183.0,88.0,95.0,0.0,0.08272871838248436,0.08056835936599216
"(0.01, 0.02, 0.1)",1.0,,B,,1894008.8740243579,0.11418840227614901,-0.3066777398919889,-0.32415174698090454,0.10287733317170411,0.1243222746149127,0.3972354749395971,0.9976272888045844,176.0,83.0,75.0,18.0,0.13701985004231657,0.002372711195415552
"(0.01, 0.02, 0.15)",0.9,15.0,B,,1271777.6756827035,0.07322127327787364,-0.17786880732044857,-0.17786926029193065,0.07322112001979417,0.07322164601078349,0.27269600903335667,0.8781894144452729,181.0,88.0,93.0,0.0,0.0817970270079405,0.12181058555472704
"(0.01, 0.02, 0.15)",0.9,,B,,1745232.8040775764,0.10564878948363388,-0.27846020186383524,-0.30083534651807203,0.08749654401370674,0.12094671861710747,0.36413950318255567,0.8953145953317532,169.0,83.5,75.5,10.0,0.1252098881518205,0.10468540466824681
"(0.01, 0.02, 0.15)",1.0,15.0,B,,1287454.2844114047,0.07445875919611811,-0.17786880732044857,-0.17786926029193065,0.07445860559163124,0.0744591323083927,0.2732767943443032,0.9194316406340077,183.0,88.0,95.0,0.0,0.08272871838248436,0.08056835936599216
"(0.01, 0.02, 0.15)",1.0,,B,,1810709.677101181,0.10948635348850799,-0.3020966590939595,-0.3261405555869938,0.10335010990441866,0.13199082057653508,0.39742871625253096,0.9963972018677607,173.0,84.0,78.0,12.0,0.1390757735295891,0.003602798132239468
"(0.01, 0.03, 0)",0.9,15.0,B,,1404732.1427275364,0.08330605087061538,-0.2492905684122217,-0.24929165721494662,0.08319146778703101,0.08346597245074046,0.3391651994073161,0.891022042202325,168.0,87.0,81.0,0.0,0.10250432972292614,0.10897795779767502
"(0.01, 0.03, 0)",0.9,,B,,1404732.1427275364,0.08330605087061538,-0.2492905684122217,-0.24929165721494662,0.08319146778703101,0.08346597245074046,0.3391651994073161,0.891022042202325,168.0,87.0,81.0,0.0,0.10250432972292614,0.10897795779767502
"(0.01, 0.03, 0)",1.0,15.0,B,,1449764.425260182,0.08652622340495764,-0.2492905684122217,-0.24929165721494662,0.08647691490928652,0.08665524968945162,0.34267868243640953,0.9852290617597814,172.0,88.0,84.0,0.0,0.10473120929623338,0.014770938240218655
"(0.01, 0.03, 0)",1.0,,B,,1449764.425260182,0.08652622340495764,-0.2492905684122217,-0.24929165721494662,0.08647691490928652,0.08665524968945162,0.34267868243640953,0.9852290617597814,172.0,88.0,84.0,0.0,0.10473120929623338,0.014770938240218655
"(0.01, 0.03, 0.01)",0.9,15.0,B,,1404732.1427275364,0.08330605087061538,-0.2492905684122217,-0.24929165721494662,0.08319146778703101,0.08346597245074046,0.3391651994073161,0.891022042202325,168.0,87.0,81.0,0.0,0.10250432972292614,0.10897795779767502
"(0.01, 0.03, 0.01)",0.9,,B,,1772432.3675421379,0.10725939598636791,-0.26589868933587657,-0.2659003435177017,0.1064757895181496,0.10791960494985522,0.38537796454317175,0.903201609786394,265.0,88.0,75.0,102.0,0.1218035741250357,0.09679839021360609
"(0.01, 0.03, 0.01)",1.0,15.0,B,,1449764.425260182,0.08652622340495764,-0.2492905684122217,-0.24929165721494662,0.08647691490928652,0.08665524968945162,0.34267868243640953,0.9852290617597814,172.0,88.0,84.0,0.0,0.10473120929623338,0.014770938240218655
"(0.01, 0.03, 0.01)",1.0,,B,,1933778.4130196357,0.11637078187132543,-0.2844956445531911,-0.2895460818473527,0.11582569430396997,0.11745107800744092,0.41460012979571126,0.9986485043852951,292.0,87.0,79.0,126.0,0.13318929603238305,0.0013514956147049144
"(0.01, 0.03, 0.02)",0.9,15.0,B,,1404732.1427275364,0.08330605087061538,-0.2492905684122217,-0.24929165721494662,0.08319146778703101,0.08346597245074046,0.3391651994073161,0.891022042202325,168.0,87.0,81.0,0.0,0.10250432972292614,0.10897795779767502
"(0.01, 0.03, 0.02)",0.9,,B,,1785122.4847292162,0.10800215254226098,-0.2790898252931429,-0.28136213460354287,0.10547911437309902,0.11030665423078194,0.39017658318692894,0.9002477783392469,220.0,86.0,72.0,60.5,0.12456156068799502,0.09975222166075301
"(0.01, 0.03, 0.02)",1.0,15.0,B,,1449764.425260182,0.08652622340495764,-0.2492905684122217,-0.24929165721494662,0.08647691490928652,0.08665524968945162,0.34267868243640953,0.9852290617597814,172.0,88.0,84.0,0.0,0.10473120929623338,0.014770938240218655
"(0.01, 0.03, 0.02)",1.0,,B,,1915931.6464768369,0.11539752423916894,-0.30940335823235243,-0.31144662903458703,0.11405425783564097,0.11760848626479922,0.4199956394522981,0.9991034639229409,235.5,88.0,74.0,73.5,0.13555594769698948,0.0008965360770591027
"(0.01, 0.03, 0.03)",0.9,15.0,B,,1404732.1427275364,0.08330605087061538,-0.2492905684122217,-0.24929165721494662,0.08319146778703101,0.08346597245074046,0.3391651994073161,0.891022042202325,168.0,87.0,81.0,0.0,0.10250432972292614,0.10897795779767502
"(0.01, 0.03, 0.03)",0.9,,B,,1801835.3502555857,0.10897393701693603,-0.27539261762302086,-0.28782014561451535,0.10618092206184918,0.11228547359927958,0.3847293155946254,0.8986319507368425,199.0,87.0,70.0,41.0,0.12334699830016312,0.10136804926315751
"(0.01, 0.03, 0.03)",1.0,15.0,B,,1449764.425260182,0.08652622340495764,-0.2492905684122217,-0.24929165721494662,0.08647691490928652,0.08665524968945162,0.34267868243640953,0.9852290617597814,172.0,88.0,84.0,0.0,0.10473120929623338,0.014770938240218655
"(0.01, 0.03, 0.03)",1.0,,B,,1974322.3288464877,0.11855183973744232,-0.3049216706215882,-0.31548414907703665,0.11633965526088363,0.12106402168227966,0.4161183127286318,0.9968401970233806,212.0,87.0,72.0,53.0,0.13605526377895327,0.003159802976619465
"(0.01, 0.03, 0.04)",0.9,15.0,B,,1404732.1427275364,0.08330605087061538,-0.2492905684122217,-0.24929165721494662,0.08319146778703101,0.08346597245074046,0.3391651994073161,0.891022042202325,168.0,87.0,81.0,0.0,0.10250432972292614,0.10897795779767502
"(0.01, 0.03, 0.04)",0.9,,B,,1804971.810158898,0.1091542270459337,-0.2821326304793407,-0.2843772599043319,0.10719577761352043,0.11353950189433877,0.3859211772165344,0.8959469135803928,186.0,87.0,69.0,30.0,0.12381414895493321,0.10405308641960719
"(0.01, 0.03, 0.04)",1.0,15.0,B,,1449764.425260182,0.08652622340495764,-0.2492905684122217,-0.24929165721494662,0.08647691490928652,0.08665524968945162,0.34267868243640953,0.9852290617597814,172.0,88.0,84.0,0.0,0.10473120929623338,0.014770938240218655
"(0.01, 0.03, 0.04)",1.0,,B,,1993492.9515503962,0.1195687714561735,-0.3026976497221516,-0.31932820867906275,0.11454120118089053,0.12313555606684908,0.41457066912725926,0.9996094642004156,197.0,86.5,71.0,39.5,0.13575717642995977,0.00039053579958438705
"(0.01, 0.03, 0.06)",0.9,15.0,B,,1404732.1427275364,0.08330605087061538,-0.2492905684122217,-0.24929165721494662,0.08319146778703101,0.08346597245074046,0.3391651994073161,0.891022042202325,168.0,87.0,81.0,0.0,0.10250432972292614,0.10897795779767502
"(0.01, 0.03, 0.06)",0.9,,B,,1761708.2183142868,0.1066242760025945,-0.27998429217619625,-0.2901125159518869,0.10106896250765385,0.11398998739771347,0.39084023757573605,0.898124233885307,174.5,86.0,69.0,19.0,0.12597584619118285,0.10187576611469301
"(0.01, 0.03, 0.06)",1.0,15.0,B,,1449764.425260182,0.08652622340495764,-0.2492905684122217,-0.24929165721494662,0.08647691490928652,0.08665524968945162,0.34267868243640953,0.9852290617597814,172.0,88.0,84.0,0.0,0.10473120929623338,0.014770938240218655
"(0.01, 0.03, 0.06)",1.0,,B,,1937425.884642067,0.11656837676173215,-0.30984396177603213,-0.3231059534935388,0.1118069719233959,0.12472072072721592,0.4198654439979336,0.9995659457994183,181.0,86.0,71.0,25.0,0.13680440869181498,0.0004340542005817263
"(0.01, 0.03, 0.08)",0.9,15.0,B,,1404732.1427275364,0.08330605087061538,-0.2492905684122217,-0.24929165721494662,0.08319146778703101,0.08346597245074046,0.3391651994073161,0.891022042202325,168.0,87.0,81.0,0.0,0.10250432972292614,0.10897795779767502
"(0.01, 0.03, 0.08)",0.9,,B,,1764730.501897986,0.10680591182739652,-0.2799789203888697,-0.2882584968574278,0.09615146573096744,0.11656192976853068,0.3876783883507072,0.8980825771321184,171.0,88.0,69.0,14.0,0.12505701029069485,0.10191742286788172
"(0.01, 0.03, 0.08)",1.0,15.0,B,,1449764.425260182,0.08652622340495764,-0.2492905684122217,-0.24929165721494662,0.08647691490928652,0.08665524968945162,0.34267868243640953,0.9852290617597814,172.0,88.0,84.0,0.0,0.10473120929623338,0.014770938240218655
"(0.01, 0.03, 0.08)",1.0,,B,,1944867.118150718,0.11696501124358372,-0.3117724974429772,-0.3271819898968386,0.10806737356157745,0.1253183459111722,0.4189934971479662,0.9996262453843581,173.0,85.0,69.0,19.0,0.13932052489951674,0.00037375461564196125
"(0.01, 0.03, 0.1)",0.9,15.0,B,,1404732.1427275364,0.08330605087061538,-0.2492905684122217,-0.24929165721494662,0.08319146778703101,0.08346597245074046,0.3391651994073161,0.891022042202325,168.0,87.0,81.0,0.0,0.10250432972292614,0.10897795779767502
"(0.01, 0.03, 0.1)",0.9,,B,,1719642.4180181487,0.10411464225361211,-0.2758205124837092,-0.2902607144354023,0.09980543950344563,0.11907965103478942,0.38958331492581466,0.898796897072896,168.0,87.0,70.5,11.0,0.12636153460551763,0.10120310292710405
"(0.01, 0.03, 0.1)",1.0,15.0,B,,1449764.425260182,0.08652622340495764,-0.2492905684122217,-0.24929165721494662,0.08647691490928652,0.08665524968945162,0.34267868243640953,0.9852290617597814,172.0,88.0,84.0,0.0,0.10473120929623338,0.014770938240218655
"(0.01, 0.03, 0.1)",1.0,,B,,1934278.6076540225,0.11637765526868027,-0.3086980073385408,-0.3204161018724968,0.10339762900307625,0.1296416729693291,0.42049088733355955,0.9944925562662998,172.0,87.0,71.0,15.0,0.13765626993252633,0.0055074437337001726
"(0.01, 0.03, 0.15)",0.9,15.0,B,,1404732.1427275364,0.08330605087061538,-0.2492905684122217,-0.24929165721494662,0.08319146778703101,0.08346597245074046,0.3391651994073161,0.891022042202325,168.0,87.0,81.0,0.0,0.10250432972292614,0.10897795779767502
"(0.01, 0.03, 0.15)",0.9,,B,,1688194.0137552782,0.10216988658228132,-0.2782523926249787,-0.3159528503488217,0.09697625954160827,0.12394919649491978,0.3720997151881441,0.8984954219463702,162.0,87.0,68.5,7.0,0.12530714031690438,0.10150457805362972
"(0.01, 0.03, 0.15)",1.0,15.0,B,,1449764.425260182,0.08652622340495764,-0.2492905684122217,-0.24929165721494662,0.08647691490928652,0.08665524968945162,0.34267868243640953,0.9852290617597814,172.0,88.0,84.0,0.0,0.10473120929623338,0.014770938240218655
"(0.01, 0.03, 0.15)",1.0,,B,,1869046.315614221,0.11280030281684927,-0.30012670683477355,-0.33589898070627855,0.10018401728326001,0.1356673732149279,0.4084463742177522,0.9993554699665679,166.0,85.0,71.5,9.0,0.13980758647442448,0.0006445300334321448
"(0.01, 0.04, 0)",0.9,15.0,B,,1602101.7182073777,0.0967859862967595,-0.26028168203281765,-0.26028464322183187,0.09662262509642164,0.09678773363559616,0.37907304715719703,0.8850696112765207,162.0,88.0,74.0,0.0,0.11574022131078182,0.11493038872347927
"(0.01, 0.04, 0)",0.9,,B,,1602101.7182073777,0.0967859862967595,-0.26028168203281765,-0.26028464322183187,0.09662262509642164,0.09678773363559616,0.37907304715719703,0.8850696112765207,162.0,88.0,74.0,0.0,0.11574022131078182,0.11493038872347927
"(0.01, 0.04, 0)",1.0,15.0,B,,1651973.8231550402,0.0999531104447321,-0.27366146174576605,-0.2736631672338135,0.09982389903064108,0.1001508616510268,0.39295730665964856,0.9963691837445883,164.0,87.0,77.0,0.0,0.1206744176993269,0.0036308162554116834
"(0.01, 0.04, 0)",1.0,,B,,1651973.8231550402,0.0999531104447321,-0.27366146174576605,-0.2736631672338135,0.09982389903064108,0.1001508616510268,0.39295730665964856,0.9963691837445883,164.0,87.0,77.0,0.0,0.1206744176993269,0.0036308162554116834
"(0.01, 0.04, 0.01)",0.9,15.0,B,,1602101.7182073777,0.0967859862967595,-0.26028168203281765,-0.26028464322183187,0.09662262509642164,0.09678773363559616,0.37907304715719703,0.8850696112765207,162.0,88.0,74.0,0.0,0.11574022131078182,0.11493038872347927
"(0.01, 0.04, 0.01)",0.9,,B,,1812826.5335042095,0.10960891711009624,-0.2774150395148032,-0.28059902004875453,0.10754514496109416,0.11181274647347658,0.4085036453973079,0.9029544707241173,232.5,88.0,69.0,75.5,0.12828160691615872,0.09704552927588267
"(0.01, 0.04, 0.01)",1.0,15.0,B,,1651973.8231550402,0.0999531104447321,-0.27366146174576605,-0.2736631672338135,0.09982389903064108,0.1001508616510268,0.39295730665964856,0.9963691837445883,164.0,87.0,77.0,0.0,0.1206744176993269,0.0036308162554116834
"(0.01, 0.04, 0.01)",1.0,,B,,1956587.4969184753,0.11760271620508689,-0.30395797222048765,-0.30668538086435304,0.1166493730900241,0.11996127481648462,0.4399698351729824,0.999031980645781,253.0,88.0,73.0,92.0,0.13959077275739923,0.0009680193542190053
"(0.01, 0.04, 0.02)",0.9,15.0,B,,1602101.7182073777,0.0967859862967595,-0.26028168203281765,-0.26028464322183187,0.09662262509642164,0.09678773363559616,0.37907304715719703,0.8850696112765207,162.0,88.0,74.0,0.0,0.11574022131078182,0.11493038872347927
"(0.01, 0.04, 0.02)",0.9,,B,,1801826.9696393553,0.10897386338161308,-0.27768899730888214,-0.288990859328437,0.10607744002496618,0.1116462176394524,0.40439201658530416,0.8979742433445699,200.0,88.0,67.0,46.0,0.12684806456743372,0.10202575665543007
"(0.01, 0.04, 0.02)",1.0,15.0,B,,1651973.8231550402,0.0999531104447321,-0.27366146174576605,-0.2736631672338135,0.09982389903064108,0.1001508616510268,0.39295730665964856,0.9963691837445883,164.0,87.0,77.0,0.0,0.1206744176993269,0.0036308162554116834
"(0.01, 0.04, 0.02)",1.0,,B,,1966836.1747915326,0.1181510797953057,-0.30941681229247653,-0.3134013651462439,0.1153010175897772,0.12056809868362524,0.44031812608368115,0.9967041040252564,215.0,88.0,70.0,58.0,0.1409497837197709,0.0032958959747435373
"(0.01, 0.04, 0.03)",0.9,15.0,B,,1602101.7182073777,0.0967859862967595,-0.26028168203281765,-0.26028464322183187,0.09662262509642164,0.09678773363559616,0.37907304715719703,0.8850696112765207,162.0,88.0,74.0,0.0,0.11574022131078182,0.11493038872347927
"(0.01, 0.04, 0.03)",0.9,,B,,1811545.2369455341,0.1095349095118785,-0.28471453452282475,-0.2886874816773539,0.10594064130987602,0.11393562160331554,0.40617532680237517,0.8986545736797877,181.0,87.0,66.0,28.0,0.1275996360592176,0.10134542632021218
"(0.01, 0.04, 0.03)",1.0,15.0,B,,1651973.8231550402,0.0999531104447321,-0.27366146174576605,-0.2736631672338135,0.09982389903064108,0.1001508616510268,0.39295730665964856,0.9963691837445883,164.0,87.0,77.0,0.0,0.1206744176993269,0.0036308162554116834
"(0.01, 0.04, 0.03)",1.0,,B,,1988011.3923311983,0.11927893255098887,-0.3022034954772163,-0.3184139771572364,0.11658690154334792,0.12261271020665947,0.4334309392953674,0.999605701735024,195.0,88.0,69.0,38.0,0.13888414436719218,0.00039429826497591714
"(0.01, 0.04, 0.04)",0.9,15.0,B,,1602101.7182073777,0.0967859862967595,-0.26028168203281765,-0.26028464322183187,0.09662262509642164,0.09678773363559616,0.37907304715719703,0.8850696112765207,162.0,88.0,74.0,0.0,0.11574022131078182,0.11493038872347927
"(0.01, 0.04, 0.04)",0.9,,B,,1809416.559298483,0.10941238856759594,-0.2775753455864482,-0.28672879503850474,0.10500492651588784,0.1148593771267159,0.40817540901539456,0.8947910563548402,174.0,87.0,66.0,20.5,0.12873686362923736,0.10520894364515974
"(0.01, 0.04, 0.04)",1.0,15.0,B,,1651973.8231550402,0.0999531104447321,-0.27366146174576605,-0.2736631672338135,0.09982389903064108,0.1001508616510268,0.39295730665964856,0.9963691837445883,164.0,87.0,77.0,0.0,0.1206744176993269,0.0036308162554116834
"(0.01, 0.04, 0.04)",1.0,,B,,1999647.2075561627,0.1198936611913125,-0.311684017357281,-0.31561575508148526,0.11463546763932739,0.12303313842279127,0.4359244734437099,0.9909791813368372,184.0,88.0,67.0,29.0,0.14030329440412637,0.009020818663162868
"(0.01, 0.04, 0.06)",0.9,15.0,B,,1602101.7182073777,0.0967859862967595,-0.26028168203281765,-0.26028464322183187,0.09662262509642164,0.09678773363559616,0.37907304715719703,0.8850696112765207,162.0,88.0,74.0,0.0,0.11574022131078182,0.11493038872347927
"(0.01, 0.04, 0.06)",0.9,,B,,1778766.0888338943,0.10762895083016633,-0.27993912057310727,-0.28867497620429644,0.10076711679610757,0.11647261058029765,0.407024696333966,0.8995149622628542,167.0,87.0,67.0,13.0,0.12927209487860591,0.10048503773714584
"(0.01, 0.04, 0.06)",1.0,15.0,B,,1651973.8231550402,0.0999531104447321,-0.27366146174576605,-0.2736631672338135,0.09982389903064108,0.1001508616510268,0.39295730665964856,0.9963691837445883,164.0,87.0,77.0,0.0,0.1206744176993269,0.0036308162554116834
"(0.01, 0.04, 0.06)",1.0,,B,,1933866.8251463557,0.11637403202786434,-0.31180366320624375,-0.3243472024482227,0.11030051351449457,0.12408342630096769,0.4381763360725036,0.994314066253758,174.0,88.0,68.0,18.0,0.14152753727008405,0.005685933746242023
"(0.01, 0.04, 0.08)",0.9,15.0,B,,1602101.7182073777,0.0967859862967595,-0.26028168203281765,-0.26028464322183187,0.09662262509642164,0.09678773363559616,0.37907304715719703,0.8850696112765207,162.0,88.0,74.0,0.0,0.11574022131078182,0.11493038872347927
"(0.01, 0.04, 0.08)",0.9,,B,,1772508.0801024912,0.10726384605051886,-0.2811730661447381,-0.28866215591207156,0.10165668598666162,0.11690284819243175,0.4026705495394879,0.8945808764436403,164.0,87.0,67.5,9.0,0.12792567592008164,0.10541912355635961
"(0.01, 0.04, 0.08)",1.0,15.0,B,,1651973.8231550402,0.0999531104447321,-0.27366146174576605,-0.2736631672338135,0.09982389903064108,0.1001508616510268,0.39295730665964856,0.9963691837445883,164.0,87.0,77.0,0.0,0.1206744176993269,0.0036308162554116834
"(0.01, 0.04, 0.08)",1.0,,B,,1935866.7463631446,0.11648412279604492,-0.3137744261344619,-0.3224976058561875,0.10709329938507728,0.1264657612728389,0.43784020310314364,0.9909507054400599,169.0,88.0,68.0,13.5,0.1410268797524979,0.009049294559940014
"(0.01, 0.04, 0.1)",0.9,15.0,B,,1602101.7182073777,0.0967859862967595,-0.26028168203281765,-0.26028464322183187,0.09662262509642164,0.09678773363559616,0.37907304715719703,0.8850696112765207,162.0,88.0,74.0,0.0,0.11574022131078182,0.11493038872347927
"(0.01, 0.04, 0.1)",0.9,,B,,1791020.0806280053,0.10834646745937593,-0.2757349710778266,-0.3015443245209604,0.10059650944974038,0.12252749414732318,0.4040919057183086,0.8941840678246592,162.0,87.0,67.0,8.0,0.1277120721990322,0.10581593217534083
"(0.01, 0.04, 0.1)",1.0,15.0,B,,1651973.8231550402,0.0999531104447321,-0.27366146174576605,-0.2736631672338135,0.09982389903064108,0.1001508616510268,0.39295730665964856,0.9963691837445883,164.0,87.0,77.0,0.0,0.1206744176993269,0.0036308162554116834
"(0.01, 0.04, 0.1)",1.0,,B,,1957989.7785276491,0.11767816671935738,-0.3101736476800449,-0.32697664080581756,0.10942648543187483,0.12943855147616595,0.4352772101956056,0.9949582961418905,166.5,87.0,69.0,11.0,0.1432991198954113,0.005041703858109504
"(0.01, 0.04, 0.15)",0.9,15.0,B,,1602101.7182073777,0.0967859862967595,-0.26028168203281765,-0.26028464322183187,0.09662262509642164,0.09678773363559616,0.37907304715719703,0.8850696112765207,162.0,88.0,74.0,0.0,0.11574022131078182,0.11493038872347927
"(0.01, 0.04, 0.15)",0.9,,B,,1809505.2875537542,0.10941078595545817,-0.2837774590622381,-0.3071300884576458,0.09592558680907728,0.11503173219547327,0.39234605636265557,0.8896370438196888,159.0,87.0,66.5,5.0,0.12832749869856647,0.11036295618031117
"(0.01, 0.04, 0.15)",1.0,15.0,B,,1651973.8231550402,0.0999531104447321,-0.27366146174576605,-0.2736631672338135,0.09982389903064108,0.1001508616510268,0.39295730665964856,0.9963691837445883,164.0,87.0,77.0,0.0,0.1206744176993269,0.0036308162554116834
"(0.01, 0.04, 0.15)",1.0,,B,,1848771.830647422,0.11165778302241036,-0.30860998276633433,-0.3492625810080139,0.10684220279441892,0.13826319610929186,0.4260017073182085,0.9996365049118496,161.5,88.0,67.0,7.0,0.14229291359428117,0.00036349508815035586
"(0.01, 0.06, 0)",0.9,15.0,B,,1758438.5267921663,0.10643412828478938,-0.2676045708517165,-0.26760833388692773,0.10339838432287032,0.11005315679404626,0.42272617848741534,0.8948046932825882,150.0,87.0,62.5,0.0,0.13139724782265708,0.10519530671741184
"(0.01, 0.06, 0)",0.9,,B,,1758438.5267921663,0.10643412828478938,-0.2676045708517165,-0.26760833388692773,0.10339838432287032,0.11005315679404626,0.42272617848741534,0.8948046932825882,150.0,87.0,62.5,0.0,0.13139724782265708,0.10519530671741184
"(0.01, 0.06, 0)",1.0,15.0,B,,1905836.927092162,0.11484346453187855,-0.2990381049877046,-0.30353169595833895,0.11135076142223052,0.11682561445837972,0.458278975917517,0.9979276469857257,155.5,88.0,67.5,0.0,0.1432886331161441,0.0020723530142742817
"(0.01, 0.06, 0)",1.0,,B,,1905836.927092162,0.11484346453187855,-0.2990381049877046,-0.30353169595833895,0.11135076142223052,0.11682561445837972,0.458278975917517,0.9979276469857257,155.5,88.0,67.5,0.0,0.1432886331161441,0.0020723530142742817
"(0.01, 0.06, 0.01)",0.9,15.0,B,,1758438.5267921663,0.10643412828478938,-0.2676045708517165,-0.26760833388692773,0.10339838432287032,0.11005315679404626,0.42272617848741534,0.8948046932825882,150.0,87.0,62.5,0.0,0.13139724782265708,0.10519530671741184
"(0.01, 0.06, 0.01)",0.9,,B,,1766269.8124520378,0.1068966974818697,-0.2964343505788584,-0.3056407276175989,0.10355523491536842,0.11223976859954213,0.4339310913732386,0.9073901885322795,177.0,88.0,59.5,30.0,0.1356569842587268,0.0926098114677204
"(0.01, 0.06, 0.01)",1.0,15.0,B,,1905836.927092162,0.11484346453187855,-0.2990381049877046,-0.30353169595833895,0.11135076142223052,0.11682561445837972,0.458278975917517,0.9979276469857257,155.5,88.0,67.5,0.0,0.1432886331161441,0.0020723530142742817
"(0.01, 0.06, 0.01)",1.0,,B,,1918645.4928881102,0.11554611298289086,-0.325828661767135,-0.3287898052831837,0.1126703607267658,0.12003955632300681,0.47042417089024546,0.9965801095150222,208.0,88.0,62.0,58.0,0.1476548853032726,0.0034198904849778392
"(0.01, 0.06, 0.02)",0.9,15.0,B,,1758438.5267921663,0.10643412828478938,-0.2676045708517165,-0.26760833388692773,0.10339838432287032,0.11005315679404626,0.42272617848741534,0.8948046932825882,150.0,87.0,62.5,0.0,0.13139724782265708,0.10519530671741184
"(0.01, 0.06, 0.02)",0.9,,B,,1791034.5198347152,0.10834730617789479,-0.297508978688508,-0.3038453279655247,0.10313968441065627,0.1114385180047572,0.43529842313811173,0.8983403363981619,161.0,87.0,60.0,14.0,0.13615072061715322,0.10165966360183804
"(0.01, 0.06, 0.02)",1.0,15.0,B,,1905836.927092162,0.11484346453187855,-0.2990381049877046,-0.30353169595833895,0.11135076142223052,0.11682561445837972,0.458278975917517,0.9979276469857257,155.5,88.0,67.5,0.0,0.1432886331161441,0.0020723530142742817
"(0.01, 0.06, 0.02)",1.0,,B,,1999618.480560751,0.11989196385338308,-0.3276186036559263,-0.3305595579538748,0.11430196667676244,0.12377055550037468,0.46841663600448763,0.9988074647250513,179.0,88.0,62.0,29.5,0.14762705972923362,0.0011925352749485691
"(0.01, 0.06, 0.03)",0.9,15.0,B,,1758438.5267921663,0.10643412828478938,-0.2676045708517165,-0.26760833388692773,0.10339838432287032,0.11005315679404626,0.42272617848741534,0.8948046932825882,150.0,87.0,62.5,0.0,0.13139724782265708,0.10519530671741184
"(0.01, 0.06, 0.03)",0.9,,B,,1784716.0649125422,0.10797887232433356,-0.2985582689522923,-0.30797250801221393,0.10114689991279072,0.11368538032146365,0.43396712323554637,0.9025213148136144,157.0,88.0,60.0,9.5,0.13542064437369858,0.09747868518638553
"(0.01, 0.06, 0.03)",1.0,15.0,B,,1905836.927092162,0.11484346453187855,-0.2990381049877046,-0.30353169595833895,0.11135076142223052,0.11682561445837972,0.458278975917517,0.9979276469857257,155.5,88.0,67.5,0.0,0.1432886331161441,0.0020723530142742817
"(0.01, 0.06, 0.03)",1.0,,B,,1980499.6664534968,0.11887890782993382,-0.3188187548192079,-0.3310247881010608,0.11070908845537955,0.1244538792046503,0.4693218791047078,0.9965879817949106,168.0,88.0,62.0,17.0,0.14845706643217954,0.0034120182050893437
"(0.01, 0.06, 0.04)",0.9,15.0,B,,1758438.5267921663,0.10643412828478938,-0.2676045708517165,-0.26760833388692773,0.10339838432287032,0.11005315679404626,0.42272617848741534,0.8948046932825882,150.0,87.0,62.5,0.0,0.13139724782265708,0.10519530671741184
"(0.01, 0.06, 0.04)",0.9,,B,,1746087.7848908268,0.10570079066804927,-0.3031601976983715,-0.31178048330330604,0.10323413334169598,0.11525621390811089,0.42923480931012453,0.8987474396015014,154.0,87.5,59.0,7.0,0.13432470479400327,0.1012525603984985
"(0.01, 0.06, 0.04)",1.0,15.0,B,,1905836.927092162,0.11484346453187855,-0.2990381049877046,-0.30353169595833895,0.11135076142223052,0.11682561445837972,0.458278975917517,0.9979276469857257,155.5,88.0,67.5,0.0,0.1432886331161441,0.0020723530142742817
"(0.01, 0.06, 0.04)",1.0,,B,,1992650.966169321,0.11952428879472021,-0.3161660496835559,-0.3263874571248389,0.1102794798483437,0.12545643950867352,0.46938307802217627,0.9997988190894151,163.0,87.0,63.0,13.0,0.14828475950023245,0.00020118091058493799
"(0.01, 0.06, 0.06)",0.9,15.0,B,,1758438.5267921663,0.10643412828478938,-0.2676045708517165,-0.26760833388692773,0.10339838432287032,0.11005315679404626,0.42272617848741534,0.8948046932825882,150.0,87.0,62.5,0.0,0.13139724782265708,0.10519530671741184
"(0.01, 0.06, 0.06)",0.9,,B,,1794551.9905794384,0.10855177139386818,-0.2844451770735428,-0.30503553336872247,0.10411161533801612,0.113777282927832,0.42682310710289606,0.8989394375603469,151.0,88.0,60.0,3.0,0.13452113437715707,0.10106056243965308
"(0.01, 0.06, 0.06)",1.0,15.0,B,,1905836.927092162,0.11484346453187855,-0.2990381049877046,-0.30353169595833895,0.11135076142223052,0.11682561445837972,0.458278975917517,0.9979276469857257,155.5,88.0,67.5,0.0,0.1432886331161441,0.0020723530142742817
"(0.01, 0.06, 0.06)",1.0,,B,,1960470.6420734865,0.11780756463104658,-0.30926664641856344,-0.3298044721330896,0.11228824319381533,0.12589824608126582,0.46381939866294736,0.9811270280334401,159.0,88.0,63.0,7.0,0.14584585812969203,0.01887297196655994
"(0.01, 0.06, 0.08)",0.9,15.0,B,,1758438.5267921663,0.10643412828478938,-0.2676045708517165,-0.26760833388692773,0.10339838432287032,0.11005315679404626,0.42272617848741534,0.8948046932825882,150.0,87.0,62.5,0.0,0.13139724782265708,0.10519530671741184
"(0.01, 0.06, 0.08)",0.9,,B,,1791235.4064258677,0.10835901928477054,-0.28059110674105553,-0.2968169550695914,0.10357047011593343,0.11683573110936293,0.42651374197562797,0.8967956197266735,150.0,88.0,60.0,2.0,0.13300929934581474,0.10320438027332657
"(0.01, 0.06, 0.08)",1.0,15.0,B,,1905836.927092162,0.11484346453187855,-0.2990381049877046,-0.30353169595833895,0.11135076142223052,0.11682561445837972,0.458278975917517,0.9979276469857257,155.5,88.0,67.5,0.0,0.1432886331161441,0.0020723530142742817
"(0.01, 0.06, 0.08)",1.0,,B,,1961348.6291894452,0.11785772368404768,-0.30397783793834665,-0.3243753062545246,0.1092667222330882,0.12907036580456788,0.4631579012534879,0.991675972001449,156.0,88.0,64.0,5.0,0.14637948555896574,0.008324027998551
"(0.01, 0.06, 0.1)",0.9,15.0,B,,1758438.5267921663,0.10643412828478938,-0.2676045708517165,-0.26760833388692773,0.10339838432287032,0.11005315679404626,0.42272617848741534,0.8948046932825882,150.0,87.0,62.5,0.0,0.13139724782265708,0.10519530671741184
"(0.01, 0.06, 0.1)",0.9,,B,,1768130.7841049777,0.10700449760478536,-0.28305885848130247,-0.3040657896381832,0.10370647728134916,0.1148873414547322,0.4280094649169073,0.8879077623801234,150.0,88.0,61.0,1.0,0.13334812221837133,0.11209223761987659
"(0.01, 0.06, 0.1)",1.0,15.0,B,,1905836.927092162,0.11484346453187855,-0.2990381049877046,-0.30353169595833895,0.11135076142223052,0.11682561445837972,0.458278975917517,0.9979276469857257,155.5,88.0,67.5,0.0,0.1432886331161441,0.0020723530142742817
"(0.01, 0.06, 0.1)",1.0,,B,,1981009.8519215845,0.11890051599669438,-0.3112834311473809,-0.338516868886716,0.11008564704043419,0.13208922105508153,0.46759474917054467,0.9981804160908061,155.0,88.0,64.0,5.0,0.14941089190191553,0.001819583909194027
"(0.01, 0.06, 0.15)",0.9,15.0,B,,1758438.5267921663,0.10643412828478938,-0.2676045708517165,-0.26760833388692773,0.10339838432287032,0.11005315679404626,0.42272617848741534,0.8948046932825882,150.0,87.0,62.5,0.0,0.13139724782265708,0.10519530671741184
"(0.01, 0.06, 0.15)",0.9,,B,,1758438.5267921663,0.10643412828478938,-0.2676045708517165,-0.26760833388692773,0.10339838432287032,0.11005315679404626,0.42272617848741534,0.8948046932825882,150.0,87.0,62.5,0.0,0.13139724782265708,0.10519530671741184
"(0.01, 0.06, 0.15)",1.0,15.0,B,,1905836.927092162,0.11484346453187855,-0.2990381049877046,-0.30353169595833895,0.11135076142223052,0.11682561445837972,0.458278975917517,0.9979276469857257,155.5,88.0,67.5,0.0,0.1432886331161441,0.0020723530142742817
"(0.01, 0.06, 0.15)",1.0,,B,,2013607.2270331278,0.12062675481723129,-0.3140103152841664,-0.3245476277061364,0.11268439429711127,0.12850570331578698,0.45865395804857617,0.9964990159257481,154.0,88.0,64.5,2.0,0.14511602964608372,0.003500984074252007
"(0.01, 0.08, 0)",0.9,15.0,B,,1760666.850740597,0.10656590751387007,-0.27023922808404083,-0.2945419747975987,0.09976617734585269,0.11962419630869803,0.42975992528065776,0.8935842048608991,137.0,88.0,49.0,0.0,0.13708557179527764,0.10641579513910093
"(0.01, 0.08, 0)",0.9,,B,,1760666.850740597,0.10656590751387007,-0.27023922808404083,-0.2945419747975987,0.09976617734585269,0.11962419630869803,0.42975992528065776,0.8935842048608991,137.0,88.0,49.0,0.0,0.13708557179527764,0.10641579513910093
"(0.01, 0.08, 0)",1.0,15.0,B,,1870072.7145130802,0.11285854825390618,-0.31911126097028797,-0.33269396415497166,0.10592527163737972,0.12110385213454689,0.47463693944890684,0.9906086795398631,143.0,88.0,55.0,0.0,0.1508022321193011,0.009391320460137003
"(0.01, 0.08, 0)",1.0,,B,,1870072.7145130802,0.11285854825390618,-0.31911126097028797,-0.33269396415497166,0.10592527163737972,0.12110385213454689,0.47463693944890684,0.9906086795398631,143.0,88.0,55.0,0.0,0.1508022321193011,0.009391320460137003
"(0.01, 0.08, 0.01)",0.9,15.0,B,,1760666.850740597,0.10656590751387007,-0.27023922808404083,-0.2945419747975987,0.09976617734585269,0.11962419630869803,0.42975992528065776,0.8935842048608991,137.0,88.0,49.0,0.0,0.13708557179527764,0.10641579513910093
"(0.01, 0.08, 0.01)",0.9,,B,,1769837.7787540057,0.10710682304355712,-0.2889113646629138,-0.3140728048671218,0.1008355390731921,0.11846602773698717,0.4416965684980014,0.9078001652553095,154.5,88.0,48.0,19.5,0.13969669247193056,0.09219983474469054
"(0.01, 0.08, 0.01)",1.0,15.0,B,,1870072.7145130802,0.11285854825390618,-0.31911126097028797,-0.33269396415497166,0.10592527163737972,0.12110385213454689,0.47463693944890684,0.9906086795398631,143.0,88.0,55.0,0.0,0.1508022321193011,0.009391320460137003
"(0.01, 0.08, 0.01)",1.0,,B,,1858768.159054915,0.11222331197471092,-0.33173630426365613,-0.34559226628092377,0.10544751698719146,0.12053096781775836,0.48411388581249226,0.9996373921875349,156.5,88.0,53.0,15.0,0.15295750980676892,0.000362607812464984
"(0.01, 0.08, 0.02)",0.9,15.0,B,,1760666.850740597,0.10656590751387007,-0.27023922808404083,-0.2945419747975987,0.09976617734585269,0.11962419630869803,0.42975992528065776,0.8935842048608991,137.0,88.0,49.0,0.0,0.13708557179527764,0.10641579513910093
"(0.01, 0.08, 0.02)",0.9,,B,,1755568.1730217068,0.10626375868316507,-0.29093588649260627,-0.31147718270646985,0.10042945801945316,0.11941214134298579,0.44072896141142637,0.9014286078814937,144.0,88.0,48.0,10.0,0.13857563513279353,0.09857139211850638
"(0.01, 0.08, 0.02)",1.0,15.0,B,,1870072.7145130802,0.11285854825390618,-0.31911126097028797,-0.33269396415497166,0.10592527163737972,0.12110385213454689,0.47463693944890684,0.9906086795398631,143.0,88.0,55.0,0.0,0.1508022321193011,0.009391320460137003
"(0.01, 0.08, 0.02)",1.0,,B,,1865068.1423859387,0.11257770680772294,-0.3351095694062091,-0.34869217901651695,0.104672938920507,0.12106205779045287,0.4834098074081582,0.9974387639386226,150.0,88.0,53.5,8.0,0.15286081957934886,0.0025612360613773656
"(0.01, 0.08, 0.03)",0.9,15.0,B,,1760666.850740597,0.10656590751387007,-0.27023922808404083,-0.2945419747975987,0.09976617734585269,0.11962419630869803,0.42975992528065776,0.8935842048608991,137.0,88.0,49.0,0.0,0.13708557179527764,0.10641579513910093
"(0.01, 0.08, 0.03)",0.9,,B,,1768223.5331505742,0.10701181132228199,-0.2842087378801549,-0.30986334121271003,0.0985853127045063,0.12106795783761268,0.43833281714907424,0.9005171888616619,141.0,87.5,48.0,6.0,0.13915094418901508,0.09948281113833807
"(0.01, 0.08, 0.03)",1.0,15.0,B,,1870072.7145130802,0.11285854825390618,-0.31911126097028797,-0.33269396415497166,0.10592527163737972,0.12110385213454689,0.47463693944890684,0.9906086795398631,143.0,88.0,55.0,0.0,0.1508022321193011,0.009391320460137003
"(0.01, 0.08, 0.03)",1.0,,B,,1868991.2047970751,0.11279744122677215,-0.33469696635090745,-0.3482795783445771,0.10624019374456746,0.121744712161868,0.47992425755709806,0.9976493837517744,147.0,88.0,54.0,5.0,0.1527419829046006,0.0023506162482256456
"(0.01, 0.08, 0.04)",0.9,15.0,B,,1760666.850740597,0.10656590751387007,-0.27023922808404083,-0.2945419747975987,0.09976617734585269,0.11962419630869803,0.42975992528065776,0.8935842048608991,137.0,88.0,49.0,0.0,0.13708557179527764,0.10641579513910093
"(0.01, 0.08, 0.04)",0.9,,B,,1788168.224428664,0.10817908813285104,-0.282421684206869,-0.30457467134157523,0.10102970416884012,0.11988045021042049,0.43418878428435426,0.8922669717452609,138.0,88.0,49.0,2.0,0.1373073795240256,0.10773302825473903
"(0.01, 0.08, 0.04)",1.0,15.0,B,,1870072.7145130802,0.11285854825390618,-0.31911126097028797,-0.33269396415497166,0.10592527163737972,0.12110385213454689,0.47463693944890684,0.9906086795398631,143.0,88.0,55.0,0.0,0.1508022321193011,0.009391320460137003
"(0.01, 0.08, 0.04)",1.0,,B,,1871670.8662643395,0.11294764189380013,-0.33351064432643646,-0.34709326322996437,0.1058162092250052,0.12148672618459118,0.48089839001933876,0.9937063852006687,146.0,88.0,54.5,3.0,0.15346785614606728,0.006293614799331373
"(0.01, 0.08, 0.06)",0.9,15.0,B,,1760666.850740597,0.10656590751387007,-0.27023922808404083,-0.2945419747975987,0.09976617734585269,0.11962419630869803,0.42975992528065776,0.8935842048608991,137.0,88.0,49.0,0.0,0.13708557179527764,0.10641579513910093
"(0.01, 0.08, 0.06)",0.9,,B,,1796725.2933765952,0.1086764075317922,-0.2896605887346535,-0.31018799409948017,0.09981071143949909,0.11849720098883486,0.4353453058463935,0.9011305184293665,138.0,88.0,48.0,2.5,0.13816743575167112,0.09886948157063344
"(0.01, 0.08, 0.06)",1.0,15.0,B,,1870072.7145130802,0.11285854825390618,-0.31911126097028797,-0.33269396415497166,0.10592527163737972,0.12110385213454689,0.47463693944890684,0.9906086795398631,143.0,88.0,55.0,0.0,0.1508022321193011,0.009391320460137003
"(0.01, 0.08, 0.06)",1.0,,B,,1818032.9961975762,0.10988869496306863,-0.34071033600451056,-0.3542929127674606,0.10116055637630161,0.11783748880533744,0.47792071689678245,0.9906086958750129,144.0,88.0,54.0,1.0,0.15121955973379084,0.009391304124987237
"(0.01, 0.08, 0.08)",0.9,15.0,B,,1760666.850740597,0.10656590751387007,-0.27023922808404083,-0.2945419747975987,0.09976617734585269,0.11962419630869803,0.42975992528065776,0.8935842048608991,137.0,88.0,49.0,0.0,0.13708557179527764,0.10641579513910093
"(0.01, 0.08, 0.08)",0.9,,B,,1760666.850740597,0.10656590751387007,-0.27023922808404083,-0.2945419747975987,0.09976617734585269,0.11962419630869803,0.42975992528065776,0.8935842048608991,137.0,88.0,49.0,0.0,0.13708557179527764,0.10641579513910093
"(0.01, 0.08, 0.08)",1.0,15.0,B,,1870072.7145130802,0.11285854825390618,-0.31911126097028797,-0.33269396415497166,0.10592527163737972,0.12110385213454689,0.47463693944890684,0.9906086795398631,143.0,88.0,55.0,0.0,0.1508022321193011,0.009391320460137003
"(0.01, 0.08, 0.08)",1.0,,B,,1870072.7145130802,0.11285854825390618,-0.31911126097028797,-0.33269396415497166,0.10592527163737972,0.12110385213454689,0.47463693944890684,0.9906086795398631,143.0,88.0,55.0,0.0,0.1508022321193011,0.009391320460137003
"(0.01, 0.08, 0.1)",0.9,15.0,B,,1760666.850740597,0.10656590751387007,-0.27023922808404083,-0.2945419747975987,0.09976617734585269,0.11962419630869803,0.42975992528065776,0.8935842048608991,137.0,88.0,49.0,0.0,0.13708557179527764,0.10641579513910093
"(0.01, 0.08, 0.1)",0.9,,B,,1760666.850740597,0.10656590751387007,-0.27023922808404083,-0.2945419747975987,0.09976617734585269,0.11962419630869803,0.42975992528065776,0.8935842048608991,137.0,88.0,49.0,0.0,0.13708557179527764,0.10641579513910093
"(0.01, 0.08, 0.1)",1.0,15.0,B,,1870072.7145130802,0.11285854825390618,-0.31911126097028797,-0.33269396415497166,0.10592527163737972,0.12110385213454689,0.47463693944890684,0.9906086795398631,143.0,88.0,55.0,0.0,0.1508022321193011,0.009391320460137003
"(0.01, 0.08, 0.1)",1.0,,B,,1870072.7145130802,0.11285854825390618,-0.31911126097028797,-0.33269396415497166,0.10592527163737972,0.12110385213454689,0.47463693944890684,0.9906086795398631,143.0,88.0,55.0,0.0,0.1508022321193011,0.009391320460137003
"(0.01, 0.08, 0.15)",0.9,15.0,B,,1760666.850740597,0.10656590751387007,-0.27023922808404083,-0.2945419747975987,0.09976617734585269,0.11962419630869803,0.42975992528065776,0.8935842048608991,137.0,88.0,49.0,0.0,0.13708557179527764,0.10641579513910093
"(0.01, 0.08, 0.15)",0.9,,B,,1760666.850740597,0.10656590751387007,-0.27023922808404083,-0.2945419747975987,0.09976617734585269,0.11962419630869803,0.42975992528065776,0.8935842048608991,137.0,88.0,49.0,0.0,0.13708557179527764,0.10641579513910093
"(0.01, 0.08, 0.15)",1.0,15.0,B,,1870072.7145130802,0.11285854825390618,-0.31911126097028797,-0.33269396415497166,0.10592527163737972,0.12110385213454689,0.47463693944890684,0.9906086795398631,143.0,88.0,55.0,0.0,0.1508022321193011,0.009391320460137003
"(0.01, 0.08, 0.15)",1.0,,B,,1870072.7145130802,0.11285854825390618,-0.31911126097028797,-0.33269396415497166,0.10592527163737972,0.12110385213454689,0.47463693944890684,0.9906086795398631,143.0,88.0,55.0,0.0,0.1508022321193011,0.009391320460137003
"(0.01, 0.1, 0)",0.9,15.0,B,,1726916.724402443,0.10455308688330567,-0.27063878643961214,-0.2813597651239148,0.09471659348732316,0.12169859255048195,0.4306898670516964,0.8925584068660813,126.0,88.0,38.0,0.0,0.1389687707379375,0.10744159313391866
"(0.01, 0.1, 0)",0.9,,B,,1726916.724402443,0.10455308688330567,-0.27063878643961214,-0.2813597651239148,0.09471659348732316,0.12169859255048195,0.4306898670516964,0.8925584068660813,126.0,88.0,38.0,0.0,0.1389687707379375,0.10744159313391866
"(0.01, 0.1, 0)",1.0,15.0,B,,1879287.5180625315,0.11337319593670425,-0.3080484491661411,-0.32776967553372616,0.10726854631297374,0.12515175028719117,0.47629676241851004,0.9937173704410784,130.5,88.0,43.5,0.0,0.1564097852028043,0.006282629558921544
"(0.01, 0.1, 0)",1.0,,B,,1879287.5180625315,0.11337319593670425,-0.3080484491661411,-0.32776967553372616,0.10726854631297374,0.12515175028719117,0.47629676241851004,0.9937173704410784,130.5,88.0,43.5,0.0,0.1564097852028043,0.006282629558921544
"(0.01, 0.1, 0.01)",0.9,15.0,B,,1726916.724402443,0.10455308688330567,-0.27063878643961214,-0.2813597651239148,0.09471659348732316,0.12169859255048195,0.4306898670516964,0.8925584068660813,126.0,88.0,38.0,0.0,0.1389687707379375,0.10744159313391866
"(0.01, 0.1, 0.01)",0.9,,B,,1754709.1946836044,0.10621108237005394,-0.2859447848523952,-0.2898565965347599,0.09705353727122804,0.12162496508185047,0.4397556436452178,0.9080779921738655,148.0,85.0,37.0,23.0,0.14381937213086748,0.09192200782613442
"(0.01, 0.1, 0.01)",1.0,15.0,B,,1879287.5180625315,0.11337319593670425,-0.3080484491661411,-0.32776967553372616,0.10726854631297374,0.12515175028719117,0.47629676241851004,0.9937173704410784,130.5,88.0,43.5,0.0,0.1564097852028043,0.006282629558921544
"(0.01, 0.1, 0.01)",1.0,,B,,1910167.3294938183,0.11508043600820705,-0.3246269425678495,-0.34243866433318637,0.10892575595429603,0.13207436743000991,0.479670875899137,0.9996382352936373,156.0,86.0,43.0,27.5,0.15781879466125248,0.000361764706362771
"(0.01, 0.1, 0.02)",0.9,15.0,B,,1726916.724402443,0.10455308688330567,-0.27063878643961214,-0.2813597651239148,0.09471659348732316,0.12169859255048195,0.4306898670516964,0.8925584068660813,126.0,88.0,38.0,0.0,0.1389687707379375,0.10744159313391866
"(0.01, 0.1, 0.02)",0.9,,B,,1753866.011679724,0.10616070957989199,-0.2841624527750213,-0.29459924280349964,0.09719577790913472,0.12301547051670993,0.43764298897505305,0.9015023248414444,134.5,86.0,37.0,10.0,0.14299320251919806,0.09849767515855548
"(0.01, 0.1, 0.02)",1.0,15.0,B,,1879287.5180625315,0.11337319593670425,-0.3080484491661411,-0.32776967553372616,0.10726854631297374,0.12515175028719117,0.47629676241851004,0.9937173704410784,130.5,88.0,43.5,0.0,0.1564097852028043,0.006282629558921544
"(0.01, 0.1, 0.02)",1.0,,B,,1906337.657773047,0.11487084895590471,-0.32285994230270243,-0.34443726522801077,0.10774668528025806,0.12717800844305852,0.47853287476453565,0.9965161676046097,141.0,86.0,42.5,12.5,0.1578785937302732,0.003483832395390269
"(0.01, 0.1, 0.03)",0.9,15.0,B,,1726916.724402443,0.10455308688330567,-0.27063878643961214,-0.2813597651239148,0.09471659348732316,0.12169859255048195,0.4306898670516964,0.8925584068660813,126.0,88.0,38.0,0.0,0.1389687707379375,0.10744159313391866
"(0.01, 0.1, 0.03)",0.9,,B,,1747643.6120464061,0.10579259788864559,-0.28566498875655105,-0.29469790936425333,0.09626711363103017,0.12284995670939307,0.43638354675688573,0.908890157307621,130.5,86.0,37.0,7.0,0.14301326000229977,0.091109842692379
"(0.01, 0.1, 0.03)",1.0,15.0,B,,1879287.5180625315,0.11337319593670425,-0.3080484491661411,-0.32776967553372616,0.10726854631297374,0.12515175028719117,0.47629676241851004,0.9937173704410784,130.5,88.0,43.5,0.0,0.1564097852028043,0.006282629558921544
"(0.01, 0.1, 0.03)",1.0,,B,,1910342.0260424581,0.11509042424099913,-0.324051931384937,-0.3464005791841531,0.10822802345335032,0.12789231794446246,0.4796661720031553,0.9996417499194907,136.0,86.0,43.0,8.0,0.15776022963075437,0.00035825008050925427
"(0.01, 0.1, 0.04)",0.9,15.0,B,,1726916.724402443,0.10455308688330567,-0.27063878643961214,-0.2813597651239148,0.09471659348732316,0.12169859255048195,0.4306898670516964,0.8925584068660813,126.0,88.0,38.0,0.0,0.1389687707379375,0.10744159313391866
"(0.01, 0.1, 0.04)",0.9,,B,,1770277.78908934,0.10712233341154309,-0.2873301936085218,-0.30036723651823666,0.09480379623355853,0.12159158236276164,0.4372960415524275,0.8998598411375371,129.0,86.5,38.0,4.0,0.1423521253030059,0.10014015886246282
"(0.01, 0.1, 0.04)",1.0,15.0,B,,1879287.5180625315,0.11337319593670425,-0.3080484491661411,-0.32776967553372616,0.10726854631297374,0.12515175028719117,0.47629676241851004,0.9937173704410784,130.5,88.0,43.5,0.0,0.1564097852028043,0.006282629558921544
"(0.01, 0.1, 0.04)",1.0,,B,,1933825.580832899,0.1163722448874327,-0.3160828373542444,-0.3484997449981106,0.10632364280038431,0.12965436934565877,0.4750335638218396,0.9987942859686085,134.5,87.0,43.0,5.0,0.15699218337985094,0.0012057140313915236
"(0.01, 0.1, 0.06)",0.9,15.0,B,,1726916.724402443,0.10455308688330567,-0.27063878643961214,-0.2813597651239148,0.09471659348732316,0.12169859255048195,0.4306898670516964,0.8925584068660813,126.0,88.0,38.0,0.0,0.1389687707379375,0.10744159313391866
"(0.01, 0.1, 0.06)",0.9,,B,,1789263.8459495106,0.10823267963560279,-0.2855534412491368,-0.29847498763609054,0.09403387537252658,0.12194056326952847,0.4306822225139867,0.8979928886063466,127.5,87.0,37.5,2.0,0.14230409426745783,0.10200711139365337
"(0.01, 0.1, 0.06)",1.0,15.0,B,,1879287.5180625315,0.11337319593670425,-0.3080484491661411,-0.32776967553372616,0.10726854631297374,0.12515175028719117,0.47629676241851004,0.9937173704410784,130.5,88.0,43.5,0.0,0.1564097852028043,0.006282629558921544
"(0.01, 0.1, 0.06)",1.0,,B,,1928752.4644047287,0.11609753879977813,-0.31559981199621695,-0.35579121753931464,0.10509581853322252,0.12825918014922388,0.47827258746773543,0.9948841381134412,133.0,87.5,43.0,3.0,0.1574130869915933,0.005115861886558647
"(0.01, 0.1, 0.08)",0.9,15.0,B,,1726916.724402443,0.10455308688330567,-0.27063878643961214,-0.2813597651239148,0.09471659348732316,0.12169859255048195,0.4306898670516964,0.8925584068660813,126.0,88.0,38.0,0.0,0.1389687707379375,0.10744159313391866
"(0.01, 0.1, 0.08)",0.9,,B,,1796962.5317902705,0.10869190454613542,-0.28077165036774576,-0.3001216883744358,0.09815508080763209,0.12054138747171113,0.4313379260949789,0.8996656599335331,125.0,87.0,38.0,1.0,0.14258927199233418,0.10033434006646698
"(0.01, 0.1, 0.08)",1.0,15.0,B,,1879287.5180625315,0.11337319593670425,-0.3080484491661411,-0.32776967553372616,0.10726854631297374,0.12515175028719117,0.47629676241851004,0.9937173704410784,130.5,88.0,43.5,0.0,0.1564097852028043,0.006282629558921544
"(0.01, 0.1, 0.08)",1.0,,B,,1995400.3595098718,0.11966924468254214,-0.3065363637282893,-0.34213796723754186,0.10594819419419084,0.12912743116000278,0.4769213729774776,0.9992408662166976,132.0,87.0,42.5,2.0,0.1584088161548552,0.0007591337833023596
"(0.01, 0.1, 0.1)",0.9,15.0,B,,1726916.724402443,0.10455308688330567,-0.27063878643961214,-0.2813597651239148,0.09471659348732316,0.12169859255048195,0.4306898670516964,0.8925584068660813,126.0,88.0,38.0,0.0,0.1389687707379375,0.10744159313391866
"(0.01, 0.1, 0.1)",0.9,,B,,1726916.724402443,0.10455308688330567,-0.27063878643961214,-0.2813597651239148,0.09471659348732316,0.12169859255048195,0.4306898670516964,0.8925584068660813,126.0,88.0,38.0,0.0,0.1389687707379375,0.10744159313391866
"(0.01, 0.1, 0.1)",1.0,15.0,B,,1879287.5180625315,0.11337319593670425,-0.3080484491661411,-0.32776967553372616,0.10726854631297374,0.12515175028719117,0.47629676241851004,0.9937173704410784,130.5,88.0,43.5,0.0,0.1564097852028043,0.006282629558921544
"(0.01, 0.1, 0.1)",1.0,,B,,1879287.5180625315,0.11337319593670425,-0.3080484491661411,-0.32776967553372616,0.10726854631297374,0.12515175028719117,0.47629676241851004,0.9937173704410784,130.5,88.0,43.5,0.0,0.1564097852028043,0.006282629558921544
"(0.01, 0.1, 0.15)",0.9,15.0,B,,1726916.724402443,0.10455308688330567,-0.27063878643961214,-0.2813597651239148,0.09471659348732316,0.12169859255048195,0.4306898670516964,0.8925584068660813,126.0,88.0,38.0,0.0,0.1389687707379375,0.10744159313391866
"(0.01, 0.1, 0.15)",0.9,,B,,1726916.724402443,0.10455308688330567,-0.27063878643961214,-0.2813597651239148,0.09471659348732316,0.12169859255048195,0.4306898670516964,0.8925584068660813,126.0,88.0,38.0,0.0,0.1389687707379375,0.10744159313391866
"(0.01, 0.1, 0.15)",1.0,15.0,B,,1879287.5180625315,0.11337319593670425,-0.3080484491661411,-0.32776967553372616,0.10726854631297374,0.12515175028719117,0.47629676241851004,0.9937173704410784,130.5,88.0,43.5,0.0,0.1564097852028043,0.006282629558921544
"(0.01, 0.1, 0.15)",1.0,,B,,1879287.5180625315,0.11337319593670425,-0.3080484491661411,-0.32776967553372616,0.10726854631297374,0.12515175028719117,0.47629676241851004,0.9937173704410784,130.5,88.0,43.5,0.0,0.1564097852028043,0.006282629558921544
"(0.01, 0.12, 0)",0.9,15.0,B,,1626547.4263340011,0.09834163267799112,-0.2685505250961822,-0.2715868265253515,0.08116379699112641,0.11884609182436426,0.42561736199637246,0.8970375913492044,117.5,88.0,30.0,0.0,0.14402217706643825,0.10296240865079566
"(0.01, 0.12, 0)",0.9,,B,,1626547.4263340011,0.09834163267799112,-0.2685505250961822,-0.2715868265253515,0.08116379699112641,0.11884609182436426,0.42561736199637246,0.8970375913492044,117.5,88.0,30.0,0.0,0.14402217706643825,0.10296240865079566
"(0.01, 0.12, 0)",1.0,15.0,B,,1855480.8655095214,0.11203860690490697,-0.3137895736599734,-0.321648981903994,0.09436062070395539,0.12587410811088073,0.4703869893505484,0.9955603880872398,123.0,88.0,36.0,0.0,0.15758139801390272,0.004439611912760217
"(0.01, 0.12, 0)",1.0,,B,,1855480.8655095214,0.11203860690490697,-0.3137895736599734,-0.321648981903994,0.09436062070395539,0.12587410811088073,0.4703869893505484,0.9955603880872398,123.0,88.0,36.0,0.0,0.15758139801390272,0.004439611912760217
"(0.01, 0.12, 0.01)",0.9,15.0,B,,1626547.4263340011,0.09834163267799112,-0.2685505250961822,-0.2715868265253515,0.08116379699112641,0.11884609182436426,0.42561736199637246,0.8970375913492044,117.5,88.0,30.0,0.0,0.14402217706643825,0.10296240865079566
"(0.01, 0.12, 0.01)",0.9,,B,,1674281.054016035,0.10133266589737211,-0.276138686990094,-0.27817841730781034,0.08554084582617952,0.11465359443268629,0.4447317084668796,0.9083847920102013,143.0,84.0,29.0,31.0,0.1460091086573007,0.09161520798979866
"(0.01, 0.12, 0.01)",1.0,15.0,B,,1855480.8655095214,0.11203860690490697,-0.3137895736599734,-0.321648981903994,0.09436062070395539,0.12587410811088073,0.4703869893505484,0.9955603880872398,123.0,88.0,36.0,0.0,0.15758139801390272,0.004439611912760217
"(0.01, 0.12, 0.01)",1.0,,B,,1850087.886078592,0.11173446351548932,-0.31826278968907873,-0.32911718191986433,0.09058115106470303,0.12907809057231143,0.48542844491270853,0.9996567084032175,146.0,84.5,34.5,26.5,0.16134191831032957,0.0003432915967825067
"(0.01, 0.12, 0.02)",0.9,15.0,B,,1626547.4263340011,0.09834163267799112,-0.2685505250961822,-0.2715868265253515,0.08116379699112641,0.11884609182436426,0.42561736199637246,0.8970375913492044,117.5,88.0,30.0,0.0,0.14402217706643825,0.10296240865079566
"(0.01, 0.12, 0.02)",0.9,,B,,1708689.7085907538,0.10345117994820485,-0.27548982535697525,-0.28045507310325885,0.08655423621145593,0.12219397551783218,0.4425069785648809,0.9034967630790811,128.0,84.0,29.0,13.0,0.14557297706136973,0.09650323692091886
"(0.01, 0.12, 0.02)",1.0,15.0,B,,1855480.8655095214,0.11203860690490697,-0.3137895736599734,-0.321648981903994,0.09436062070395539,0.12587410811088073,0.4703869893505484,0.9955603880872398,123.0,88.0,36.0,0.0,0.15758139801390272,0.004439611912760217
"(0.01, 0.12, 0.02)",1.0,,B,,1869858.0784229161,0.11284658674739378,-0.3174331888447073,-0.3310330244394476,0.09564739336410126,0.12868195478941988,0.47988519574675703,0.9993061349947443,133.5,86.0,35.0,13.0,0.1591757407535575,0.0006938650052557361
"(0.01, 0.12, 0.03)",0.9,15.0,B,,1626547.4263340011,0.09834163267799112,-0.2685505250961822,-0.2715868265253515,0.08116379699112641,0.11884609182436426,0.42561736199637246,0.8970375913492044,117.5,88.0,30.0,0.0,0.14402217706643825,0.10296240865079566
"(0.01, 0.12, 0.03)",0.9,,B,,1668015.6506731883,0.1009495006576906,-0.27963255536925724,-0.28778690456820966,0.085639338175446,0.12206745465112825,0.43839407737021113,0.9012436915018086,124.5,85.5,29.0,9.0,0.14551842052584016,0.0987563084981914
"(0.01, 0.12, 0.03)",1.0,15.0,B,,1855480.8655095214,0.11203860690490697,-0.3137895736599734,-0.321648981903994,0.09436062070395539,0.12587410811088073,0.4703869893505484,0.9955603880872398,123.0,88.0,36.0,0.0,0.15758139801390272,0.004439611912760217
"(0.01, 0.12, 0.03)",1.0,,B,,1856000.4457759256,0.11206794541640663,-0.3209726728872214,-0.3339711147094384,0.0989779392845415,0.128966384523929,0.48447889430697105,0.9988507282857524,130.0,88.0,35.5,7.5,0.1609754074729613,0.0011492717142477331
"(0.01, 0.12, 0.04)",0.9,15.0,B,,1626547.4263340011,0.09834163267799112,-0.2685505250961822,-0.2715868265253515,0.08116379699112641,0.11884609182436426,0.42561736199637246,0.8970375913492044,117.5,88.0,30.0,0.0,0.14402217706643825,0.10296240865079566
"(0.01, 0.12, 0.04)",0.9,,B,,1691753.488284246,0.10241317888021917,-0.2765671981760237,-0.2808851389137074,0.08543046655375855,0.11732442475834876,0.4399812718102432,0.8990216408039662,122.0,86.0,29.0,5.0,0.146171785866815,0.10097835919603368
"(0.01, 0.12, 0.04)",1.0,15.0,B,,1855480.8655095214,0.11203860690490697,-0.3137895736599734,-0.321648981903994,0.09436062070395539,0.12587410811088073,0.4703869893505484,0.9955603880872398,123.0,88.0,36.0,0.0,0.15758139801390272,0.004439611912760217
"(0.01, 0.12, 0.04)",1.0,,B,,1895624.6531781508,0.1142739306895516,-0.32339438703996176,-0.3422927196177603,0.09797833339285475,0.1294345172379728,0.4859422482872088,0.9985400081237275,127.0,87.0,35.0,5.0,0.16161878023358617,0.0014599918762725835
"(0.01, 0.12, 0.06)",0.9,15.0,B,,1626547.4263340011,0.09834163267799112,-0.2685505250961822,-0.2715868265253515,0.08116379699112641,0.11884609182436426,0.42561736199637246,0.8970375913492044,117.5,88.0,30.0,0.0,0.14402217706643825,0.10296240865079566
"(0.01, 0.12, 0.06)",0.9,,B,,1668839.9891667967,0.10100348133285997,-0.2794873423786012,-0.2833251654757605,0.08379167781309187,0.12188126754258954,0.4391327302677952,0.8999051526234779,118.0,84.0,30.0,3.0,0.14597216848720454,0.10009484737652212
"(0.01, 0.12, 0.06)",1.0,15.0,B,,1855480.8655095214,0.11203860690490697,-0.3137895736599734,-0.321648981903994,0.09436062070395539,0.12587410811088073,0.4703869893505484,0.9955603880872398,123.0,88.0,36.0,0.0,0.15758139801390272,0.004439611912760217
"(0.01, 0.12, 0.06)",1.0,,B,,1897038.8284157964,0.11435376451131452,-0.3137923315782968,-0.3343233573136583,0.09515102490526002,0.12994416918501658,0.48111457672041413,0.9978632006684612,125.0,88.0,35.0,2.0,0.16047840671766622,0.0021367993315387634
"(0.01, 0.12, 0.08)",0.9,15.0,B,,1626547.4263340011,0.09834163267799112,-0.2685505250961822,-0.2715868265253515,0.08116379699112641,0.11884609182436426,0.42561736199637246,0.8970375913492044,117.5,88.0,30.0,0.0,0.14402217706643825,0.10296240865079566
"(0.01, 0.12, 0.08)",0.9,,B,,1634963.7259589275,0.09888203074264246,-0.26855147695908055,-0.27141088418238174,0.08180604490244385,0.1208621868850154,0.44153133122889443,0.8981296299419468,119.0,88.0,30.0,1.0,0.14442467745486853,0.10187037005805323
"(0.01, 0.12, 0.08)",1.0,15.0,B,,1855480.8655095214,0.11203860690490697,-0.3137895736599734,-0.321648981903994,0.09436062070395539,0.12587410811088073,0.4703869893505484,0.9955603880872398,123.0,88.0,36.0,0.0,0.15758139801390272,0.004439611912760217
"(0.01, 0.12, 0.08)",1.0,,B,,1902615.531708506,0.11466573833224014,-0.3156864015346496,-0.3272542833213178,0.0949373626314534,0.12940033413393748,0.48136058014072,0.9979090791156411,124.0,88.0,35.0,1.0,0.15929617005235952,0.00209092088435886
"(0.01, 0.12, 0.1)",0.9,15.0,B,,1626547.4263340011,0.09834163267799112,-0.2685505250961822,-0.2715868265253515,0.08116379699112641,0.11884609182436426,0.42561736199637246,0.8970375913492044,117.5,88.0,30.0,0.0,0.14402217706643825,0.10296240865079566
"(0.01, 0.12, 0.1)",0.9,,B,,1602205.3226424484,0.09679244892799377,-0.2697502814670018,-0.2809218472698991,0.07800163756958618,0.12148821743811976,0.44151540639003917,0.8983641470588564,117.5,88.0,30.0,0.5,0.14444222236265888,0.10163585294114358
"(0.01, 0.12, 0.1)",1.0,15.0,B,,1855480.8655095214,0.11203860690490697,-0.3137895736599734,-0.321648981903994,0.09436062070395539,0.12587410811088073,0.4703869893505484,0.9955603880872398,123.0,88.0,36.0,0.0,0.15758139801390272,0.004439611912760217
"(0.01, 0.12, 0.1)",1.0,,B,,1833033.3299920824,0.11075578762765281,-0.3137895736599734,-0.32614402630270234,0.0973238311236891,0.13030135605136212,0.4743027757901569,0.998179328995523,124.0,88.0,36.0,1.0,0.15907846886683163,0.0018206710044769956
"(0.01, 0.12, 0.15)",0.9,15.0,B,,1626547.4263340011,0.09834163267799112,-0.2685505250961822,-0.2715868265253515,0.08116379699112641,0.11884609182436426,0.42561736199637246,0.8970375913492044,117.5,88.0,30.0,0.0,0.14402217706643825,0.10296240865079566
"(0.01, 0.12, 0.15)",0.9,,B,,1626547.4263340011,0.09834163267799112,-0.2685505250961822,-0.2715868265253515,0.08116379699112641,0.11884609182436426,0.42561736199637246,0.8970375913492044,117.5,88.0,30.0,0.0,0.14402217706643825,0.10296240865079566
"(0.01, 0.12, 0.15)",1.0,15.0,B,,1855480.8655095214,0.11203860690490697,-0.3137895736599734,-0.321648981903994,0.09436062070395539,0.12587410811088073,0.4703869893505484,0.9955603880872398,123.0,88.0,36.0,0.0,0.15758139801390272,0.004439611912760217
"(0.01, 0.12, 0.15)",1.0,,B,,1855480.8655095214,0.11203860690490697,-0.3137895736599734,-0.321648981903994,0.09436062070395539,0.12587410811088073,0.4703869893505484,0.9955603880872398,123.0,88.0,36.0,0.0,0.15758139801390272,0.004439611912760217
"(0.01, 0.15, 0)",0.9,15.0,B,,1583808.407453492,0.09559991967685477,-0.2561662698324688,-0.2647217817901754,0.0800164556248598,0.11331764164356858,0.4383770049921083,0.8915609612563897,110.0,87.0,24.0,0.0,0.1486758617612159,0.10843903874361022
"(0.01, 0.15, 0)",0.9,,B,,1583808.407453492,0.09559991967685477,-0.2561662698324688,-0.2647217817901754,0.0800164556248598,0.11331764164356858,0.4383770049921083,0.8915609612563897,110.0,87.0,24.0,0.0,0.1486758617612159,0.10843903874361022
"(0.01, 0.15, 0)",1.0,15.0,B,,1799063.9191664592,0.108500702856557,-0.26929565995486715,-0.30752532760524637,0.09545704788491649,0.13082957816977803,0.47685036589157537,0.9867898945210596,116.0,88.0,28.0,0.0,0.1609387649825374,0.013210105478940444
"(0.01, 0.15, 0)",1.0,,B,,1799063.9191664592,0.108500702856557,-0.26929565995486715,-0.30752532760524637,0.09545704788491649,0.13082957816977803,0.47685036589157537,0.9867898945210596,116.0,88.0,28.0,0.0,0.1609387649825374,0.013210105478940444
"(0.01, 0.15, 0.01)",0.9,15.0,B,,1589424.0527686488,0.09596513570565945,-0.2561662698324688,-0.2647217817901754,0.08005360241288635,0.11334724532340165,0.4385679848194103,0.8915609612563897,110.5,87.0,24.0,1.0,0.14893311263683087,0.10843903874361022
"(0.01, 0.15, 0.01)",0.9,,B,,1628109.8516858597,0.09844070004879224,-0.2580208235378993,-0.28654014866930344,0.08185609020131823,0.11600045317162422,0.44844441435072746,0.9087423688441312,128.5,83.0,24.0,23.0,0.15044779601411742,0.09125763115586885
"(0.01, 0.15, 0.01)",1.0,15.0,B,,1799063.9191664592,0.108500702856557,-0.26929565995486715,-0.30752532760524637,0.09545704788491649,0.13082957816977803,0.47685036589157537,0.9867898945210596,116.0,88.0,28.0,0.0,0.1609387649825374,0.013210105478940444
"(0.01, 0.15, 0.01)",1.0,,B,,1802815.6251981817,0.10902012334966038,-0.28369422520718723,-0.30906578475930535,0.09731536027966436,0.13372578513863181,0.4920171154410923,0.9996669650875376,143.0,85.0,27.0,30.0,0.16519501391568395,0.0003330349124623617
"(0.01, 0.15, 0.02)",0.9,15.0,B,,1592058.9693419542,0.09613521206013065,-0.2561662698324688,-0.2647217817901754,0.08005722062509857,0.1134031415352769,0.4385679848194103,0.8915609612563897,110.0,87.0,24.0,1.0,0.14871230295312504,0.10843903874361022
"(0.01, 0.15, 0.02)",0.9,,B,,1630473.9718672973,0.09858414164298768,-0.2607832747203589,-0.28444874190715974,0.08412926983417054,0.11594368428153526,0.4495434547243252,0.9089017632806027,117.0,83.0,23.5,11.0,0.15057231740452326,0.09109823671939724
"(0.01, 0.15, 0.02)",1.0,15.0,B,,1799063.9191664592,0.108500702856557,-0.26929565995486715,-0.30752532760524637,0.09545704788491649,0.13082957816977803,0.47685036589157537,0.9867898945210596,116.0,88.0,28.0,0.0,0.1609387649825374,0.013210105478940444
"(0.01, 0.15, 0.02)",1.0,,B,,1813428.671493152,0.10963860584243534,-0.2847646007490791,-0.3093247484204786,0.09714915565125355,0.1362685448599848,0.49037181689059506,0.9996693505239327,127.0,85.0,27.0,15.0,0.16524959550403456,0.00033064947606739625
"(0.01, 0.15, 0.03)",0.9,15.0,B,,1595279.9516672352,0.0963448400996143,-0.25616586554577614,-0.2647217817901754,0.0807549846262953,0.11368437705694723,0.4386774880987221,0.8915609612563897,110.0,87.0,24.0,1.0,0.14819572275845344,0.10843903874361022
"(0.01, 0.15, 0.03)",0.9,,B,,1599182.6966644162,0.09659055922032322,-0.26092970009843475,-0.28158486509401737,0.07937493946541037,0.117429386815223,0.4478137646165047,0.90289137446581,113.0,84.0,23.5,7.0,0.15088241219438517,0.09710862553418995
"(0.01, 0.15, 0.03)",1.0,15.0,B,,1799063.9191664592,0.108500702856557,-0.26929565995486715,-0.30752532760524637,0.09545704788491649,0.13082957816977803,0.47685036589157537,0.9867898945210596,116.0,88.0,28.0,0.0,0.1609387649825374,0.013210105478940444
"(0.01, 0.15, 0.03)",1.0,,B,,1795387.5192430313,0.10859687573660415,-0.29164613791455374,-0.30865768087011053,0.09512909755797354,0.132390244641436,0.4911947554066838,0.9990730258626714,121.5,85.5,27.0,9.0,0.16584526836009247,0.000926974137328466
"(0.01, 0.15, 0.04)",0.9,15.0,B,,1592908.140050176,0.09619116480397694,-0.2561662698324688,-0.2647217817901754,0.08079037885897107,0.11400501263636917,0.4393414696811221,0.8915609713665609,110.0,87.0,24.0,1.0,0.14851738470112685,0.10843902863343911
"(0.01, 0.15, 0.04)",0.9,,B,,1614458.2104870598,0.09757821622962326,-0.262910402759584,-0.28167361852901424,0.0822581970620849,0.11765928161858921,0.4463639453891113,0.9089000559982746,110.0,83.0,23.5,5.0,0.15032043019077812,0.09109994400172544
"(0.01, 0.15, 0.04)",1.0,15.0,B,,1799063.9191664592,0.108500702856557,-0.26929565995486715,-0.30752532760524637,0.09545704788491649,0.13082957816977803,0.47685036589157537,0.9867898945210596,116.0,88.0,28.0,0.0,0.1609387649825374,0.013210105478940444
"(0.01, 0.15, 0.04)",1.0,,B,,1786356.6994140814,0.10807457273569332,-0.2900588250146903,-0.30541769440919136,0.09491290061887518,0.1327474052238154,0.489850031979947,0.9997027370272848,118.5,85.0,27.0,6.0,0.1647152268858319,0.0002972629727151471
"(0.01, 0.15, 0.06)",0.9,15.0,B,,1595571.5787912642,0.09636301371808531,-0.2561662698324688,-0.2647217817901754,0.08086083287602579,0.1141400905493442,0.4393414696811221,0.8915610676910732,110.0,87.0,24.0,1.0,0.14892713523863316,0.10843893230892668
"(0.01, 0.15, 0.06)",0.9,,B,,1661672.9496607007,0.10055633450958068,-0.25616858713735474,-0.2809143237206801,0.0797985819082079,0.11639116100314813,0.44520480263222967,0.9004064626733607,111.0,87.0,23.5,2.0,0.1492356399182283,0.0995935373266394
"(0.01, 0.15, 0.06)",1.0,15.0,B,,1799063.9191664592,0.108500702856557,-0.26929565995486715,-0.30752532760524637,0.09545704788491649,0.13082957816977803,0.47685036589157537,0.9867898945210596,116.0,88.0,28.0,0.0,0.1609387649825374,0.013210105478940444
"(0.01, 0.15, 0.06)",1.0,,B,,1844741.0037471615,0.11141990323824957,-0.2884325176498246,-0.3075775609972224,0.09606771478645823,0.13163865840477285,0.48638100536075424,0.9997028522541327,116.5,85.0,27.0,4.0,0.16467472870059102,0.00029714774586747064
"(0.01, 0.15, 0.08)",0.9,15.0,B,,1587798.5917613283,0.09585747156662783,-0.2561662698324688,-0.2661388434027235,0.08093084585452799,0.11397349884497632,0.4386989048824055,0.8915609612563897,110.0,87.0,24.0,0.0,0.14937713148516146,0.10843903874361022
"(0.01, 0.15, 0.08)",0.9,,B,,1671659.9149828353,0.10117741680821535,-0.2561662698324688,-0.2641433128183762,0.07900954856172301,0.11850714182410495,0.44018781465416695,0.8919911344516764,110.5,87.0,24.0,1.0,0.14965575475733134,0.10800886554832342
"(0.01, 0.15, 0.08)",1.0,15.0,B,,1799063.9191664592,0.108500702856557,-0.26929565995486715,-0.30752532760524637,0.09545704788491649,0.13082957816977803,0.47685036589157537,0.9867898945210596,116.0,88.0,28.0,0.0,0.1609387649825374,0.013210105478940444
"(0.01, 0.15, 0.08)",1.0,,B,,1850387.1478420533,0.11173585215145765,-0.2852135110129348,-0.3042152606459237,0.09639927248210052,0.1347901672083852,0.48958933575611974,0.9977153094256451,116.0,88.0,27.0,2.0,0.16363958418371538,0.002284690574354788
"(0.01, 0.15, 0.1)",0.9,15.0,B,,1583808.407453492,0.09559991967685477,-0.2561662698324688,-0.2666662737584181,0.08100042356306343,0.1140370534234187,0.4386989048824055,0.8915609612563897,110.0,87.0,24.0,0.0,0.1494991430646135,0.10843903874361022
"(0.01, 0.15, 0.1)",0.9,,B,,1607812.8430015296,0.09714970251393351,-0.2561662698324688,-0.27353969525821686,0.08100042356306343,0.11679938293874749,0.4386989048824055,0.8915609713665609,110.5,87.0,23.5,1.0,0.14941479419640818,0.10843902863343911
"(0.01, 0.15, 0.1)",1.0,15.0,B,,1799063.9191664592,0.108500702856557,-0.26929565995486715,-0.30752532760524637,0.09545704788491649,0.13082957816977803,0.47685036589157537,0.9867898945210596,116.0,88.0,28.0,0.0,0.1609387649825374,0.013210105478940444
"(0.01, 0.15, 0.1)",1.0,,B,,1908182.652995538,0.11492404558753888,-0.29180409733284784,-0.3077134795690337,0.09593958669638236,0.13408409504687746,0.4855277815487512,0.9994955185357286,114.5,86.5,27.0,1.0,0.16426594192993235,0.0005044814642713167
"(0.01, 0.15, 0.15)",0.9,15.0,B,,1583808.407453492,0.09559991967685477,-0.2561662698324688,-0.2647217817901754,0.0800164556248598,0.11331764164356858,0.4383770049921083,0.8915609612563897,110.0,87.0,24.0,0.0,0.1486758617612159,0.10843903874361022
"(0.01, 0.15, 0.15)",0.9,,B,,1583808.407453492,0.09559991967685477,-0.2561662698324688,-0.2647217817901754,0.0800164556248598,0.11331764164356858,0.4383770049921083,0.8915609612563897,110.0,87.0,24.0,0.0,0.1486758617612159,0.10843903874361022
"(0.01, 0.15, 0.15)",1.0,15.0,B,,1799063.9191664592,0.108500702856557,-0.26929565995486715,-0.30752532760524637,0.09545704788491649,0.13082957816977803,0.47685036589157537,0.9867898945210596,116.0,88.0,28.0,0.0,0.1609387649825374,0.013210105478940444
"(0.01, 0.15, 0.15)",1.0,,B,,1799063.9191664592,0.108500702856557,-0.26929565995486715,-0.30752532760524637,0.09545704788491649,0.13082957816977803,0.47685036589157537,0.9867898945210596,116.0,88.0,28.0,0.0,0.1609387649825374,0.013210105478940444
"(0.01, 0.2, 0)",0.9,15.0,B,,1609854.818855967,0.09727621358460725,-0.2817184405609514,-0.295114018328386,0.06645167876964438,0.12077457352500731,0.4382628504911848,0.8936345820312538,104.0,88.0,17.5,0.0,0.15293757863383645,0.10636541796874617
"(0.01, 0.2, 0)",0.9,,B,,1609854.818855967,0.09727621358460725,-0.2817184405609514,-0.295114018328386,0.06645167876964438,0.12077457352500731,0.4382628504911848,0.8936345820312538,104.0,88.0,17.5,0.0,0.15293757863383645,0.10636541796874617
"(0.01, 0.2, 0)",1.0,15.0,B,,1636721.4557987,0.09879443938078503,-0.3165274100200084,-0.3589145112832175,0.05771526806539353,0.12715155960190544,0.4723110765089518,0.9562046803961866,106.5,88.0,18.5,0.0,0.1649107790961662,0.043795319603813415
"(0.01, 0.2, 0)",1.0,,B,,1636721.4557987,0.09879443938078503,-0.3165274100200084,-0.3589145112832175,0.05771526806539353,0.12715155960190544,0.4723110765089518,0.9562046803961866,106.5,88.0,18.5,0.0,0.1649107790961662,0.043795319603813415
"(0.01, 0.2, 0.01)",0.9,15.0,B,,1618881.7851933406,0.09785030214916768,-0.28535638142076,-0.29511924264244677,0.06692573670558304,0.12140682880543245,0.4417174786880992,0.8932802154944819,107.0,88.0,17.5,3.0,0.15394852902998873,0.10671978450551811
"(0.01, 0.2, 0.01)",0.9,,B,,1679119.8692090753,0.10164075198013056,-0.32343549531697396,-0.3234459259289572,0.0669040323702833,0.1218335739814126,0.4650168302483191,0.9072429092474867,140.0,87.0,16.0,39.0,0.1591136064529397,0.09275709075251323
"(0.01, 0.2, 0.01)",1.0,15.0,B,,1644856.5017125043,0.09929435499805583,-0.3193492500798831,-0.3589145112832175,0.058377186739787444,0.12780753845809195,0.4733124671559342,0.9729985594072839,108.5,88.0,18.5,2.0,0.16560566796309306,0.027001440592716197
"(0.01, 0.2, 0.01)",1.0,,B,,1892613.628844292,0.11409575307452113,-0.34363955627122755,-0.36990903340360765,0.06334269306843003,0.13502660024119725,0.49207064830191927,0.9996970643524214,143.0,84.5,18.5,42.0,0.17166250971332603,0.0003029356475786687
"(0.01, 0.2, 0.02)",0.9,15.0,B,,1624229.914993336,0.09819072897552816,-0.28899893225996215,-0.29512442145141166,0.06769641788184817,0.12221951704197506,0.44517529871170036,0.8966188518328306,106.0,88.0,17.5,3.0,0.15500791076131276,0.10338114816716935
"(0.01, 0.2, 0.02)",0.9,,B,,1648284.4584121858,0.09969855855602605,-0.3207142809675796,-0.3243209829418651,0.06692641711679832,0.1241106739105929,0.46013569458457143,0.9030837201481963,120.0,86.0,16.0,18.5,0.15797780119696503,0.09691627985180372
"(0.01, 0.2, 0.02)",1.0,15.0,B,,1653818.8837760887,0.09984694604491962,-0.3221710594706551,-0.3589145112832175,0.05903504674123614,0.12845985591712478,0.4743177771315139,0.9926834975639305,108.5,88.0,18.5,2.0,0.16614852774153,0.007316502436069629
"(0.01, 0.2, 0.02)",1.0,,B,,1857901.086488194,0.11215973141171831,-0.33162173902821973,-0.37133494030999725,0.05714223545127002,0.13353181466619057,0.49105679983570394,0.998702787783389,121.5,84.0,18.5,19.0,0.16885799274662822,0.0012972122166110436
"(0.01, 0.2, 0.03)",0.9,15.0,B,,1625165.3776719817,0.09824914174353183,-0.2913282519049834,-0.2951290781485544,0.06883959079468101,0.1228828635296543,0.4467998267718113,0.8952762596745966,106.0,87.0,17.5,3.0,0.15542726516030536,0.10472374032540344
"(0.01, 0.2, 0.03)",0.9,,B,,1572886.1307829954,0.09488419903312739,-0.32545864520288975,-0.331529851811512,0.06697590447305571,0.12169913475803325,0.4614918900386116,0.901760546442705,113.5,87.0,16.5,11.5,0.15939900485001707,0.09823945355729499
"(0.01, 0.2, 0.03)",1.0,15.0,B,,1662575.8169745388,0.10038300883681484,-0.3167656062414351,-0.3589145112832175,0.05370887862963003,0.12847867874659372,0.4740141795935544,0.9784444822747643,107.0,88.0,18.5,2.0,0.16500610318124076,0.021555517725235656
"(0.01, 0.2, 0.03)",1.0,,B,,1873675.6669279966,0.11299102990247156,-0.3340118510065093,-0.3772776813376056,0.06682210950618969,0.13562254239477037,0.48989448864859864,0.9997762219980544,115.0,83.0,18.5,13.0,0.16891104714132646,0.0002237780019456176
"(0.01, 0.2, 0.04)",0.9,15.0,B,,1628540.90096328,0.09846359278319006,-0.29452645306519865,-0.2972096418548517,0.06998221401440392,0.12349679131840308,0.44629405231926456,0.8972120833239543,105.0,86.0,17.5,2.5,0.1557274758493074,0.10278791667604566
"(0.01, 0.2, 0.04)",0.9,,B,,1577341.0603581718,0.09517731870843038,-0.32073548264793017,-0.3297761571918164,0.06575725776883738,0.12070438178497582,0.45977636377652065,0.9009963492761107,109.5,86.0,16.0,8.0,0.15785242197983607,0.09900365072388931
"(0.01, 0.2, 0.04)",1.0,15.0,B,,1673106.5568431404,0.101033824109796,-0.319588857037337,-0.3589145112832175,0.05429190436228946,0.12883563666450687,0.4750342426773103,0.9822214024580421,106.0,88.0,18.5,2.0,0.16546599865284145,0.017778597541957843
"(0.01, 0.2, 0.04)",1.0,,B,,1759865.5455184751,0.10649911755330432,-0.3426819561794175,-0.3774614065945005,0.06427533417715617,0.1350096186481591,0.49350731520046287,0.9997890950849815,111.0,84.0,18.5,9.0,0.17143141868870648,0.00021090491501846517
"(0.01, 0.2, 0.06)",0.9,15.0,B,,1582596.7238769252,0.09545961790889068,-0.3003708027008749,-0.30457694847593164,0.06907055194955154,0.11775680228283861,0.4471541610638522,0.8942125574903581,105.5,87.5,16.0,2.0,0.15593572369728648,0.10578744250964184
"(0.01, 0.2, 0.06)",0.9,,B,,1561709.759118218,0.09414416659454883,-0.3228584772215973,-0.33236703581405375,0.06588913554374665,0.12092405395621442,0.45588019062093615,0.9002836004174907,105.0,84.0,16.0,5.0,0.15900780779347798,0.0997163995825093
"(0.01, 0.2, 0.06)",1.0,15.0,B,,1694167.7229920877,0.10232437383684212,-0.3252352665767491,-0.3589145112832175,0.05558573010836565,0.1284806227574555,0.4761541613515474,0.9917566149424999,106.0,88.0,18.5,1.5,0.16630347095918788,0.008243385057500212
"(0.01, 0.2, 0.06)",1.0,,B,,1724553.6202142444,0.10393559443963085,-0.34953618416897225,-0.3770516967192926,0.056869398096627985,0.13306903903435216,0.49302708354028657,0.9996026551989443,109.0,86.0,18.5,5.5,0.1718078274529488,0.0003973448010556207
"(0.01, 0.2, 0.08)",0.9,15.0,B,,1584145.0794247042,0.09557765179103106,-0.3065772282143397,-0.31211641305728927,0.06984162176322854,0.11902293101795529,0.45131196295349213,0.8921200644191261,105.0,88.0,16.0,1.5,0.1562345134630774,0.10787993558087403
"(0.01, 0.2, 0.08)",0.9,,B,,1579758.7178243748,0.09533676859852924,-0.31971066850253493,-0.33206256876432183,0.06434060510645387,0.11885507393969234,0.45301510141745177,0.8949415025222186,106.0,86.0,16.5,3.0,0.15760601864230406,0.1050584974777814
"(0.01, 0.2, 0.08)",1.0,15.0,B,,1707624.4543994348,0.1031667567588248,-0.3308815533796387,-0.3589145112832175,0.056862783737038125,0.12883681743614453,0.47517637206197405,0.9866443113476788,105.5,88.0,18.5,1.0,0.1665784725840283,0.013355688652321222
"(0.01, 0.2, 0.08)",1.0,,B,,1798698.967506928,0.10844097447336498,-0.3266512687576929,-0.37952708156328235,0.0664819569001502,0.13488868956644,0.4821184775958756,0.999790006428581,106.0,84.0,18.5,4.0,0.16930868917108396,0.00020999357141900853
"(0.01, 0.2, 0.1)",0.9,15.0,B,,1630067.3546121812,0.09854793954139285,-0.3128521574902938,-0.3181446194730247,0.06981760377690152,0.11847331711583176,0.4589170612975758,0.8959000638101604,104.0,86.5,17.0,1.0,0.15873746834753044,0.10409993618983968
"(0.01, 0.2, 0.1)",0.9,,B,,1630067.3546121812,0.09854793954139285,-0.3128521574902938,-0.3181446194730247,0.06981760377690152,0.11847331711583176,0.4589170612975758,0.8959000638101604,104.0,86.5,17.0,1.0,0.15873746834753044,0.10409993618983968
"(0.01, 0.2, 0.1)",1.0,15.0,B,,1684029.3181217671,0.10171245776385218,-0.3211871863508585,-0.3589145112832175,0.05506140651842537,0.12846217168736881,0.47408737142977253,0.9815810088723051,106.0,88.0,18.5,1.0,0.16617527814378624,0.018418991127694826
"(0.01, 0.2, 0.1)",1.0,,B,,1715352.1964434986,0.10354483518665214,-0.3370239576366506,-0.3589145112832175,0.06682658160826285,0.12911491151673193,0.4839451993027011,0.9839729810053544,107.0,88.0,18.5,2.0,0.1685928828126358,0.016027018994645755
"(0.01, 0.2, 0.15)",0.9,15.0,B,,1624257.0697518347,0.09820300886740874,-0.32408083123158904,-0.3347711207573119,0.07216589367387098,0.12102258738181722,0.4544482425526397,0.8885112686060983,103.0,86.0,16.5,1.0,0.15766017954017592,0.1114887313939017
"(0.01, 0.2, 0.15)",0.9,,B,,1624257.0697518347,0.09820300886740874,-0.32408083123158904,-0.3347711207573119,0.07216589367387098,0.12102258738181722,0.4544482425526397,0.8885112686060983,103.0,86.0,16.5,1.0,0.15766017954017592,0.1114887313939017
"(0.01, 0.2, 0.15)",1.0,15.0,B,,1677066.2353231977,0.10138680382731069,-0.3276329446518149,-0.3589145112832175,0.056722855856245015,0.1276974639230791,0.4701808292323863,0.9737097366264336,106.0,88.0,18.5,0.0,0.16571727852282994,0.026290263373566387
"(0.01, 0.2, 0.15)",1.0,,B,,1789537.849396397,0.10825081579324192,-0.3414240077629497,-0.3589145354882466,0.06872963352727346,0.13526112859221803,0.47249686434991073,0.9876424491572404,107.0,88.0,18.5,1.0,0.17069967395189964,0.012357550842759609
"(0.02, 0.02, 0)",0.9,15.0,B,,1382040.119893421,0.08164742446490403,-0.21466410858690643,-0.21466452600896763,0.081284075258986,0.08205531439367472,0.336963512414988,0.8888718241544754,169.5,85.5,84.0,0.0,0.09603979329644557,0.11112817584552453
"(0.02, 0.02, 0)",0.9,,B,,1382040.119893421,0.08164742446490403,-0.21466410858690643,-0.21466452600896763,0.081284075258986,0.08205531439367472,0.336963512414988,0.8888718241544754,169.5,85.5,84.0,0.0,0.09603979329644557,0.11112817584552453
"(0.02, 0.02, 0)",1.0,15.0,B,,1446553.795448828,0.08629965893716895,-0.21466410858690643,-0.21466452600896763,0.08629945808183795,0.08629999104691848,0.3423410572501713,0.9994755889631164,177.0,88.0,89.0,0.0,0.0986211434796268,0.000524411036883627
"(0.02, 0.02, 0)",1.0,,B,,1446553.795448828,0.08629965893716895,-0.21466410858690643,-0.21466452600896763,0.08629945808183795,0.08629999104691848,0.3423410572501713,0.9994755889631164,177.0,88.0,89.0,0.0,0.0986211434796268,0.000524411036883627
"(0.02, 0.02, 0.01)",0.9,15.0,B,,1382040.119893421,0.08164742446490403,-0.21466410858690643,-0.21466452600896763,0.081284075258986,0.08205531439367472,0.336963512414988,0.8888718241544754,169.5,85.5,84.0,0.0,0.09603979329644557,0.11112817584552453
"(0.02, 0.02, 0.01)",0.9,,B,,1739861.763885078,0.10532933790046561,-0.253744387559195,-0.2571469317692407,0.10398123196471483,0.10638779553326867,0.404247571879344,0.9003750083589411,271.0,83.0,78.0,110.0,0.12218079071883559,0.09962499164105884
"(0.02, 0.02, 0.01)",1.0,15.0,B,,1446553.795448828,0.08629965893716895,-0.21466410858690643,-0.21466452600896763,0.08629945808183795,0.08629999104691848,0.3423410572501713,0.9994755889631164,177.0,88.0,89.0,0.0,0.0986211434796268,0.000524411036883627
"(0.02, 0.02, 0.01)",1.0,,B,,1844041.3561540404,0.1113922418569816,-0.28129619764664426,-0.2812967972302569,0.11083849009013018,0.11242169554750092,0.4247869215302965,0.9971227856846955,297.0,85.0,80.0,132.0,0.13095877171640313,0.002877214315304533
"(0.02, 0.02, 0.02)",0.9,15.0,B,,1382040.119893421,0.08164742446490403,-0.21466410858690643,-0.21466452600896763,0.081284075258986,0.08205531439367472,0.336963512414988,0.8888718241544754,169.5,85.5,84.0,0.0,0.09603979329644557,0.11112817584552453
"(0.02, 0.02, 0.02)",0.9,,B,,1747380.4974750588,0.10577709366628363,-0.27210944584372093,-0.27371528030966097,0.1036139466357922,0.10770121352368685,0.4107546622874554,0.8970219030952759,219.0,84.0,71.0,64.0,0.12484489336228632,0.10297809690472404
"(0.02, 0.02, 0.02)",1.0,15.0,B,,1446553.795448828,0.08629965893716895,-0.21466410858690643,-0.21466452600896763,0.08629945808183795,0.08629999104691848,0.3423410572501713,0.9994755889631164,177.0,88.0,89.0,0.0,0.0986211434796268,0.000524411036883627
"(0.02, 0.02, 0.02)",1.0,,B,,1918802.294160541,0.11555468130106683,-0.29293313314286856,-0.2929338562672285,0.11263933897498808,0.11649057978362547,0.43552309054388993,0.9997051857382369,236.0,84.0,75.0,77.0,0.13533222047490684,0.00029481426176317734
"(0.02, 0.02, 0.03)",0.9,15.0,B,,1382040.119893421,0.08164742446490403,-0.21466410858690643,-0.21466452600896763,0.081284075258986,0.08205531439367472,0.336963512414988,0.8888718241544754,169.5,85.5,84.0,0.0,0.09603979329644557,0.11112817584552453
"(0.02, 0.02, 0.03)",0.9,,B,,1787828.168110713,0.10816054243955919,-0.27034001428281706,-0.28334258475075014,0.10504812610735062,0.11134925648467768,0.4047872889057882,0.9009867830959449,197.0,84.0,70.0,44.0,0.12448498658590314,0.0990132169040551
"(0.02, 0.02, 0.03)",1.0,15.0,B,,1446553.795448828,0.08629965893716895,-0.21466410858690643,-0.21466452600896763,0.08629945808183795,0.08629999104691848,0.3423410572501713,0.9994755889631164,177.0,88.0,89.0,0.0,0.0986211434796268,0.000524411036883627
"(0.02, 0.02, 0.03)",1.0,,B,,1931259.7674517161,0.11623396377970929,-0.2962754179296827,-0.3101830663449955,0.11327610966414998,0.11782501666518982,0.4343218057732782,0.9964654390294096,210.0,84.0,71.0,55.0,0.13597161134253527,0.0035345609705904183
"(0.02, 0.02, 0.04)",0.9,15.0,B,,1382040.119893421,0.08164742446490403,-0.21466410858690643,-0.21466452600896763,0.081284075258986,0.08205531439367472,0.336963512414988,0.8888718241544754,169.5,85.5,84.0,0.0,0.09603979329644557,0.11112817584552453
"(0.02, 0.02, 0.04)",0.9,,B,,1790147.0669021,0.10829535352800723,-0.27469371766703077,-0.2762733544034423,0.10452981668109382,0.11242916533727798,0.4023115091542177,0.8982377486686084,183.0,81.0,70.0,32.0,0.12354572389091938,0.10176225133139158
"(0.02, 0.02, 0.04)",1.0,15.0,B,,1446553.795448828,0.08629965893716895,-0.21466410858690643,-0.21466452600896763,0.08629945808183795,0.08629999104691848,0.3423410572501713,0.9994755889631164,177.0,88.0,89.0,0.0,0.0986211434796268,0.000524411036883627
"(0.02, 0.02, 0.04)",1.0,,B,,1947851.2847401276,0.11713182940997713,-0.2960565615574839,-0.31129192179083953,0.11275964700842003,0.12271346360250972,0.4316819122677279,0.9986874596459578,195.0,83.0,70.5,41.0,0.13633710702709842,0.0013125403540421123
"(0.02, 0.02, 0.06)",0.9,15.0,B,,1382040.119893421,0.08164742446490403,-0.21466410858690643,-0.21466452600896763,0.081284075258986,0.08205531439367472,0.336963512414988,0.8888718241544754,169.5,85.5,84.0,0.0,0.09603979329644557,0.11112817584552453
"(0.02, 0.02, 0.06)",0.9,,B,,1733460.5660510818,0.1049461486983142,-0.27196525595759824,-0.2829422446416275,0.09956213161142517,0.11406161871507667,0.4018382380457054,0.8968546851588131,171.0,81.0,70.0,20.0,0.12458257700455512,0.1031453148411869
"(0.02, 0.02, 0.06)",1.0,15.0,B,,1446553.795448828,0.08629965893716895,-0.21466410858690643,-0.21466452600896763,0.08629945808183795,0.08629999104691848,0.3423410572501713,0.9994755889631164,177.0,88.0,89.0,0.0,0.0986211434796268,0.000524411036883627
"(0.02, 0.02, 0.06)",1.0,,B,,1922441.7472497523,0.11575355725568381,-0.29908763580567954,-0.31300729273800204,0.11012727509873962,0.12263246340495518,0.43297918484893927,0.9989853700802909,179.0,80.0,73.0,26.0,0.1373808671297258,0.001014629919709182
"(0.02, 0.02, 0.08)",0.9,15.0,B,,1382040.119893421,0.08164742446490403,-0.21466410858690643,-0.21466452600896763,0.081284075258986,0.08205531439367472,0.336963512414988,0.8888718241544754,169.5,85.5,84.0,0.0,0.09603979329644557,0.11112817584552453
"(0.02, 0.02, 0.08)",0.9,,B,,1703020.4370785938,0.10310629576822272,-0.2706437988217946,-0.281482665263138,0.09815563280587795,0.11624448250912882,0.40412138711502776,0.8965595778289535,167.0,81.0,72.0,15.0,0.12594558585632293,0.10344042217104649
"(0.02, 0.02, 0.08)",1.0,15.0,B,,1446553.795448828,0.08629965893716895,-0.21466410858690643,-0.21466452600896763,0.08629945808183795,0.08629999104691848,0.3423410572501713,0.9994755889631164,177.0,88.0,89.0,0.0,0.0986211434796268,0.000524411036883627
"(0.02, 0.02, 0.08)",1.0,,B,,1892351.8673146516,0.11409906692750027,-0.30714140584822175,-0.31788505758891195,0.1060032968037539,0.12445267615439837,0.43319727851050327,0.9987065839496814,170.0,81.0,69.0,19.0,0.13871358817080343,0.0012934160503185557
"(0.02, 0.02, 0.1)",0.9,15.0,B,,1382040.119893421,0.08164742446490403,-0.21466410858690643,-0.21466452600896763,0.081284075258986,0.08205531439367472,0.336963512414988,0.8888718241544754,169.5,85.5,84.0,0.0,0.09603979329644557,0.11112817584552453
"(0.02, 0.02, 0.1)",0.9,,B,,1753418.6421834044,0.10613657331539639,-0.27137719779121927,-0.2870108046919379,0.09709454235619248,0.11724587847754886,0.4022157098824692,0.8932739481172047,165.0,81.0,73.0,12.0,0.12518708733927625,0.10672605188279519
"(0.02, 0.02, 0.1)",1.0,15.0,B,,1446553.795448828,0.08629965893716895,-0.21466410858690643,-0.21466452600896763,0.08629945808183795,0.08629999104691848,0.3423410572501713,0.9994755889631164,177.0,88.0,89.0,0.0,0.0986211434796268,0.000524411036883627
"(0.02, 0.02, 0.1)",1.0,,B,,1826830.0164806447,0.11041230683157388,-0.3019572725558356,-0.3135396116441412,0.1064513833204109,0.12593958445892958,0.4327130084650012,0.9924759858754808,168.0,81.0,73.0,15.0,0.13828402292036712,0.007524014124519151
"(0.02, 0.02, 0.15)",0.9,15.0,B,,1382040.119893421,0.08164742446490403,-0.21466410858690643,-0.21466452600896763,0.081284075258986,0.08205531439367472,0.336963512414988,0.8888718241544754,169.5,85.5,84.0,0.0,0.09603979329644557,0.11112817584552453
"(0.02, 0.02, 0.15)",0.9,,B,,1696152.5178297712,0.10268699105700274,-0.2734505780957373,-0.306404043999384,0.09499213456058886,0.1218022318095485,0.38812001318810485,0.8991168699461204,157.5,81.0,69.0,8.0,0.1252030707499255,0.10088313005387958
"(0.02, 0.02, 0.15)",1.0,15.0,B,,1446553.795448828,0.08629965893716895,-0.21466410858690643,-0.21466452600896763,0.08629945808183795,0.08629999104691848,0.3423410572501713,0.9994755889631164,177.0,88.0,89.0,0.0,0.0986211434796268,0.000524411036883627
"(0.02, 0.02, 0.15)",1.0,,B,,1909132.07981044,0.11502462726950691,-0.3010117085589432,-0.32483487309918635,0.0969431123130029,0.12815652384341017,0.4290107947923652,0.9950936329888955,163.5,81.0,73.0,10.0,0.13990619167388602,0.004906367011104451
"(0.02, 0.03, 0)",0.9,15.0,B,,1559925.2424868965,0.0940370771487491,-0.24512255305348507,-0.24512348329359818,0.0939596269681892,0.09404876669030597,0.38885344089960305,0.9027345835668238,159.0,83.0,76.0,0.0,0.11214679854683694,0.09726541643317625
"(0.02, 0.03, 0)",0.9,,B,,1559925.2424868965,0.0940370771487491,-0.24512255305348507,-0.24512348329359818,0.0939596269681892,0.09404876669030597,0.38885344089960305,0.9027345835668238,159.0,83.0,76.0,0.0,0.11214679854683694,0.09726541643317625
"(0.02, 0.03, 0)",1.0,15.0,B,,1563152.7389525552,0.0942497980605036,-0.2744154857304049,-0.27550611173592643,0.0933033142478757,0.09479419190905887,0.40881527437289256,0.9990770530174617,163.0,84.0,79.0,0.0,0.11858008840544482,0.0009229469825381873
"(0.02, 0.03, 0)",1.0,,B,,1563152.7389525552,0.0942497980605036,-0.2744154857304049,-0.27550611173592643,0.0933033142478757,0.09479419190905887,0.40881527437289256,0.9990770530174617,163.0,84.0,79.0,0.0,0.11858008840544482,0.0009229469825381873
"(0.02, 0.03, 0.01)",0.9,15.0,B,,1559925.2424868965,0.0940370771487491,-0.24512255305348507,-0.24512348329359818,0.0939596269681892,0.09404876669030597,0.38885344089960305,0.9027345835668238,159.0,83.0,76.0,0.0,0.11214679854683694,0.09726541643317625
"(0.02, 0.03, 0.01)",0.9,,B,,1775909.280403197,0.10746353041334344,-0.2709317032631836,-0.2733440450238918,0.10561294703683424,0.10946676427720943,0.421965782649906,0.9021043435784366,231.0,83.0,69.0,79.0,0.1265412533104229,0.09789565642156337
"(0.02, 0.03, 0.01)",1.0,15.0,B,,1563152.7389525552,0.0942497980605036,-0.2744154857304049,-0.27550611173592643,0.0933033142478757,0.09479419190905887,0.40881527437289256,0.9990770530174617,163.0,84.0,79.0,0.0,0.11858008840544482,0.0009229469825381873
"(0.02, 0.03, 0.01)",1.0,,B,,1940403.0164095592,0.11672992004124094,-0.2879132123268315,-0.28791485660652016,0.11528675475873562,0.11763488919105862,0.45293718544712874,0.9989182848660922,257.0,84.0,74.0,99.0,0.13749415690033634,0.0010817151339077948
"(0.02, 0.03, 0.02)",0.9,15.0,B,,1559925.2424868965,0.0940370771487491,-0.24512255305348507,-0.24512348329359818,0.0939596269681892,0.09404876669030597,0.38885344089960305,0.9027345835668238,159.0,83.0,76.0,0.0,0.11214679854683694,0.09726541643317625
"(0.02, 0.03, 0.02)",0.9,,B,,1785309.4765464207,0.10801361578345958,-0.2763725984668065,-0.2867812720175766,0.10628677839544032,0.1098627220043548,0.42376750985372524,0.8983310340312867,196.0,85.0,66.0,45.0,0.12750673470678273,0.10166896596871339
"(0.02, 0.03, 0.02)",1.0,15.0,B,,1563152.7389525552,0.0942497980605036,-0.2744154857304049,-0.27550611173592643,0.0933033142478757,0.09479419190905887,0.40881527437289256,0.9990770530174617,163.0,84.0,79.0,0.0,0.11858008840544482,0.0009229469825381873
"(0.02, 0.03, 0.02)",1.0,,B,,1937827.9030769956,0.11659030826844696,-0.3057991169566859,-0.3088169701582392,0.11400528414772218,0.11835099911821394,0.45764081207853946,0.9960357735896124,214.0,86.0,68.0,60.5,0.1400090308975899,0.003964226410387586
"(0.02, 0.03, 0.03)",0.9,15.0,B,,1559925.2424868965,0.0940370771487491,-0.24512255305348507,-0.24512348329359818,0.0939596269681892,0.09404876669030597,0.38885344089960305,0.9027345835668238,159.0,83.0,76.0,0.0,0.11214679854683694,0.09726541643317625
"(0.02, 0.03, 0.03)",0.9,,B,,1801321.962114329,0.1089446291102727,-0.27652456239413964,-0.2795337302173344,0.10518519354239515,0.11313487019332169,0.422025281490369,0.8990422491913121,177.0,81.0,67.0,29.0,0.12711396837543568,0.1009577508086878
"(0.02, 0.03, 0.03)",1.0,15.0,B,,1563152.7389525552,0.0942497980605036,-0.2744154857304049,-0.27550611173592643,0.0933033142478757,0.09479419190905887,0.40881527437289256,0.9990770530174617,163.0,84.0,79.0,0.0,0.11858008840544482,0.0009229469825381873
"(0.02, 0.03, 0.03)",1.0,,B,,1991159.50679002,0.11944480665235502,-0.3003426358213711,-0.31143373425968157,0.11549172542343837,0.12187576838645808,0.4532582806467133,0.9986872086904794,194.5,85.0,68.0,42.0,0.13958010257898645,0.001312791309520483
"(0.02, 0.03, 0.04)",0.9,15.0,B,,1559925.2424868965,0.0940370771487491,-0.24512255305348507,-0.24512348329359818,0.0939596269681892,0.09404876669030597,0.38885344089960305,0.9027345835668238,159.0,83.0,76.0,0.0,0.11214679854683694,0.09726541643317625
"(0.02, 0.03, 0.04)",0.9,,B,,1770699.938423778,0.1071569499407603,-0.27208645693365,-0.283642652678225,0.10470006655816486,0.11355138844278809,0.42170136829231525,0.896548455381533,169.0,82.0,66.0,22.0,0.12796425825240848,0.103451544618467
"(0.02, 0.03, 0.04)",1.0,15.0,B,,1563152.7389525552,0.0942497980605036,-0.2744154857304049,-0.27550611173592643,0.0933033142478757,0.09479419190905887,0.40881527437289256,0.9990770530174617,163.0,84.0,79.0,0.0,0.11858008840544482,0.0009229469825381873
"(0.02, 0.03, 0.04)",1.0,,B,,1987554.1737185617,0.11925414948178814,-0.3026363411377309,-0.30561390664488974,0.11444448900994486,0.12298702495812892,0.45064779238041497,0.999207443110435,180.0,83.0,67.5,29.0,0.13838624340558553,0.0007925568895649731
"(0.02, 0.03, 0.06)",0.9,15.0,B,,1559925.2424868965,0.0940370771487491,-0.24512255305348507,-0.24512348329359818,0.0939596269681892,0.09404876669030597,0.38885344089960305,0.9027345835668238,159.0,83.0,76.0,0.0,0.11214679854683694,0.09726541643317625
"(0.02, 0.03, 0.06)",0.9,,B,,1754525.3603212791,0.10620221552520448,-0.2770600064649695,-0.2848697413042823,0.1007126523895638,0.11575971118810657,0.4217200342555708,0.8983339029775927,162.5,82.0,68.0,13.0,0.12768364524844678,0.10166609702240727
"(0.02, 0.03, 0.06)",1.0,15.0,B,,1563152.7389525552,0.0942497980605036,-0.2744154857304049,-0.27550611173592643,0.0933033142478757,0.09479419190905887,0.40881527437289256,0.9990770530174617,163.0,84.0,79.0,0.0,0.11858008840544482,0.0009229469825381873
"(0.02, 0.03, 0.06)",1.0,,B,,1919930.1832592436,0.11561635955894067,-0.3025384282181052,-0.31272068294724614,0.10971268775478353,0.12267391721858396,0.4522761677757514,0.996512802376341,168.0,81.0,68.0,19.0,0.13989156696542965,0.0034871976236591643
"(0.02, 0.03, 0.08)",0.9,15.0,B,,1559925.2424868965,0.0940370771487491,-0.24512255305348507,-0.24512348329359818,0.0939596269681892,0.09404876669030597,0.38885344089960305,0.9027345835668238,159.0,83.0,76.0,0.0,0.11214679854683694,0.09726541643317625
"(0.02, 0.03, 0.08)",0.9,,B,,1751020.8899665992,0.105993976967928,-0.2794914207221453,-0.2874864779614806,0.10009044927663421,0.11744369358669449,0.42066584718799616,0.8917065001682029,159.5,81.5,68.0,10.0,0.12811618247486226,0.10829349983179713
"(0.02, 0.03, 0.08)",1.0,15.0,B,,1563152.7389525552,0.0942497980605036,-0.2744154857304049,-0.27550611173592643,0.0933033142478757,0.09479419190905887,0.40881527437289256,0.9990770530174617,163.0,84.0,79.0,0.0,0.11858008840544482,0.0009229469825381873
"(0.02, 0.03, 0.08)",1.0,,B,,1893726.7058121385,0.11417170711845903,-0.3058809634037162,-0.31378529920735126,0.10889147463521642,0.125118172057046,0.4513710976992712,0.9962615920210742,164.0,81.5,69.0,13.0,0.13984003166674713,0.0037384079789257486
"(0.02, 0.03, 0.1)",0.9,15.0,B,,1559925.2424868965,0.0940370771487491,-0.24512255305348507,-0.24512348329359818,0.0939596269681892,0.09404876669030597,0.38885344089960305,0.9027345835668238,159.0,83.0,76.0,0.0,0.11214679854683694,0.09726541643317625
"(0.02, 0.03, 0.1)",0.9,,B,,1688774.8152533825,0.10223264139781796,-0.26830212862475566,-0.2946858282773965,0.09882624621280947,0.11937405053592763,0.4131956716869791,0.8997682160097511,157.0,82.5,67.0,7.0,0.1262865495381742,0.10023178399024876
"(0.02, 0.03, 0.1)",1.0,15.0,B,,1563152.7389525552,0.0942497980605036,-0.2744154857304049,-0.27550611173592643,0.0933033142478757,0.09479419190905887,0.40881527437289256,0.9990770530174617,163.0,84.0,79.0,0.0,0.11858008840544482,0.0009229469825381873
"(0.02, 0.03, 0.1)",1.0,,B,,1892743.1492370311,0.11412059699419941,-0.3032777566813721,-0.3170311019459622,0.10867714821614358,0.12654323307748322,0.4457783637076931,0.9987353550242909,163.0,82.0,70.0,11.0,0.14055116821396924,0.001264644975709102
"(0.02, 0.03, 0.15)",0.9,15.0,B,,1559925.2424868965,0.0940370771487491,-0.24512255305348507,-0.24512348329359818,0.0939596269681892,0.09404876669030597,0.38885344089960305,0.9027345835668238,159.0,83.0,76.0,0.0,0.11214679854683694,0.09726541643317625
"(0.02, 0.03, 0.15)",0.9,,B,,1784957.290176657,0.10798790151746696,-0.2799648001100071,-0.30030960075239793,0.09675307000913817,0.118848745711387,0.4064158748973301,0.901058044802659,154.0,83.0,66.0,4.5,0.12584127217012148,0.098941955197341
"(0.02, 0.03, 0.15)",1.0,15.0,B,,1563152.7389525552,0.0942497980605036,-0.2744154857304049,-0.27550611173592643,0.0933033142478757,0.09479419190905887,0.40881527437289256,0.9990770530174617,163.0,84.0,79.0,0.0,0.11858008840544482,0.0009229469825381873
"(0.02, 0.03, 0.15)",1.0,,B,,1811105.0877430742,0.10950834985576852,-0.3032560167682828,-0.3412512856950459,0.10411875545482274,0.13367241815294126,0.43929101175659346,0.9988864185130202,156.0,82.0,67.0,7.0,0.1407255915606654,0.0011135814869798295
"(0.02, 0.04, 0)",0.9,15.0,B,,1684046.2171127577,0.10194440196282573,-0.2635232623942569,-0.265619862246518,0.10090312744912618,0.1029292549862516,0.43087161038847277,0.8971966550507471,153.0,83.0,70.0,0.0,0.12558707756925563,0.10280334494925288
"(0.02, 0.04, 0)",0.9,,B,,1684046.2171127577,0.10194440196282573,-0.2635232623942569,-0.265619862246518,0.10090312744912618,0.1029292549862516,0.43087161038847277,0.8971966550507471,153.0,83.0,70.0,0.0,0.12558707756925563,0.10280334494925288
"(0.02, 0.04, 0)",1.0,15.0,B,,1758270.6462768698,0.10642419163340533,-0.2867458213908323,-0.2867474656832627,0.10642357542881328,0.10642563712264,0.4486810804847291,0.9975187031653439,157.0,84.0,73.0,0.0,0.1322946107309364,0.002481296834656214
"(0.02, 0.04, 0)",1.0,,B,,1758270.6462768698,0.10642419163340533,-0.2867458213908323,-0.2867474656832627,0.10642357542881328,0.10642563712264,0.4486810804847291,0.9975187031653439,157.0,84.0,73.0,0.0,0.1322946107309364,0.002481296834656214
"(0.02, 0.04, 0.01)",0.9,15.0,B,,1684046.2171127577,0.10194440196282573,-0.2635232623942569,-0.265619862246518,0.10090312744912618,0.1029292549862516,0.43087161038847277,0.8971966550507471,153.0,83.0,70.0,0.0,0.12558707756925563,0.10280334494925288
"(0.02, 0.04, 0.01)",0.9,,B,,1780327.7186806574,0.10772242058692127,-0.28573355281492796,-0.28775346755732456,0.10556287828570617,0.11010701477274212,0.43972244085814427,0.9014852305702934,207.0,86.0,61.0,60.0,0.1297540032799928,0.0985147694297066
"(0.02, 0.04, 0.01)",1.0,15.0,B,,1758270.6462768698,0.10642419163340533,-0.2867458213908323,-0.2867474656832627,0.10642357542881328,0.10642563712264,0.4486810804847291,0.9975187031653439,157.0,84.0,73.0,0.0,0.1322946107309364,0.002481296834656214
"(0.02, 0.04, 0.01)",1.0,,B,,1959529.3360818448,0.11776040454953052,-0.3039107474634254,-0.30693548705748436,0.11532141407839842,0.12029732289547797,0.46834373736590224,0.9974535256868226,225.0,84.5,66.0,74.0,0.1419374121645021,0.0025464743131774987
"(0.02, 0.04, 0.02)",0.9,15.0,B,,1684046.2171127577,0.10194440196282573,-0.2635232623942569,-0.265619862246518,0.10090312744912618,0.1029292549862516,0.43087161038847277,0.8971966550507471,153.0,83.0,70.0,0.0,0.12558707756925563,0.10280334494925288
"(0.02, 0.04, 0.02)",0.9,,B,,1803007.4065303095,0.1090421734201723,-0.2845332912683877,-0.2895246404869615,0.10580651134609213,0.1129680933523881,0.4391835637742667,0.9055878592389883,174.5,84.0,62.0,29.5,0.13079241177485024,0.09441214076101165
"(0.02, 0.04, 0.02)",1.0,15.0,B,,1758270.6462768698,0.10642419163340533,-0.2867458213908323,-0.2867474656832627,0.10642357542881328,0.10642563712264,0.4486810804847291,0.9975187031653439,157.0,84.0,73.0,0.0,0.1322946107309364,0.002481296834656214
"(0.02, 0.04, 0.02)",1.0,,B,,1990622.0677351698,0.11941722634699836,-0.3044411668370927,-0.31198371216380916,0.11680535982603613,0.1208078578852722,0.47046349726676995,0.9986897744171696,194.0,85.0,64.0,45.0,0.14245779470147957,0.0013102255828303993
"(0.02, 0.04, 0.03)",0.9,15.0,B,,1684046.2171127577,0.10194440196282573,-0.2635232623942569,-0.265619862246518,0.10090312744912618,0.1029292549862516,0.43087161038847277,0.8971966550507471,153.0,83.0,70.0,0.0,0.12558707756925563,0.10280334494925288
"(0.02, 0.04, 0.03)",0.9,,B,,1790011.3845871044,0.10828438209670532,-0.27794851011586363,-0.2864179408909354,0.10423280654531719,0.1129201234955041,0.4377676032625474,0.905659983468432,163.0,82.0,62.0,19.0,0.13041588430834222,0.0943400165315679
"(0.02, 0.04, 0.03)",1.0,15.0,B,,1758270.6462768698,0.10642419163340533,-0.2867458213908323,-0.2867474656832627,0.10642357542881328,0.10642563712264,0.4486810804847291,0.9975187031653439,157.0,84.0,73.0,0.0,0.1322946107309364,0.002481296834656214
"(0.02, 0.04, 0.03)",1.0,,B,,1970726.4623419442,0.1183585342927822,-0.3038146811191863,-0.30381703034915614,0.1170261755205281,0.12194693114700612,0.46815999780053136,0.9961679032976547,175.0,83.0,65.0,28.0,0.14221337931813538,0.0038320967023452324
"(0.02, 0.04, 0.04)",0.9,15.0,B,,1684046.2171127577,0.10194440196282573,-0.2635232623942569,-0.265619862246518,0.10090312744912618,0.1029292549862516,0.43087161038847277,0.8971966550507471,153.0,83.0,70.0,0.0,0.12558707756925563,0.10280334494925288
"(0.02, 0.04, 0.04)",0.9,,B,,1803573.9716613723,0.10907415854778146,-0.2821751060972184,-0.2869315423606381,0.10328003405571899,0.11300295437792443,0.4394518356253615,0.9057500274355267,159.5,83.0,62.0,14.0,0.13202986716742915,0.09424997256447334
"(0.02, 0.04, 0.04)",1.0,15.0,B,,1758270.6462768698,0.10642419163340533,-0.2867458213908323,-0.2867474656832627,0.10642357542881328,0.10642563712264,0.4486810804847291,0.9975187031653439,157.0,84.0,73.0,0.0,0.1322946107309364,0.002481296834656214
"(0.02, 0.04, 0.04)",1.0,,B,,1955717.5966103815,0.11755454281897937,-0.30770197893821666,-0.31431427385895955,0.11359508653607628,0.1249794344918517,0.47525282916960837,0.9954478129685782,168.0,83.0,64.0,21.0,0.14376976205684577,0.004552187031421705
"(0.02, 0.04, 0.06)",0.9,15.0,B,,1684046.2171127577,0.10194440196282573,-0.2635232623942569,-0.265619862246518,0.10090312744912618,0.1029292549862516,0.43087161038847277,0.8971966550507471,153.0,83.0,70.0,0.0,0.12558707756925563,0.10280334494925288
"(0.02, 0.04, 0.06)",0.9,,B,,1784870.5603099258,0.10798794568733916,-0.28055545407061827,-0.29027358212321225,0.10328148579544535,0.11576301225541799,0.4372579979833169,0.9056014884715375,154.5,83.0,62.5,9.0,0.13051997960694678,0.09439851152846244
"(0.02, 0.04, 0.06)",1.0,15.0,B,,1758270.6462768698,0.10642419163340533,-0.2867458213908323,-0.2867474656832627,0.10642357542881328,0.10642563712264,0.4486810804847291,0.9975187031653439,157.0,84.0,73.0,0.0,0.1322946107309364,0.002481296834656214
"(0.02, 0.04, 0.06)",1.0,,B,,1930914.775686034,0.11620894791124803,-0.30836892331602705,-0.3167413971912402,0.11139218053632041,0.12480876836131198,0.47269957622045466,0.9988086813814216,160.5,82.0,66.0,13.0,0.14361000367232085,0.0011913186185783576
"(0.02, 0.04, 0.08)",0.9,15.0,B,,1684046.2171127577,0.10194440196282573,-0.2635232623942569,-0.265619862246518,0.10090312744912618,0.1029292549862516,0.43087161038847277,0.8971966550507471,153.0,83.0,70.0,0.0,0.12558707756925563,0.10280334494925288
"(0.02, 0.04, 0.08)",0.9,,B,,1768109.6475423211,0.1070039199866557,-0.27591916139469197,-0.3051370236510972,0.10081966466431899,0.11724186904022911,0.43564848772291576,0.9057815897592263,152.5,83.0,63.0,7.0,0.13140812908152816,0.09421841024077364
"(0.02, 0.04, 0.08)",1.0,15.0,B,,1758270.6462768698,0.10642419163340533,-0.2867458213908323,-0.2867474656832627,0.10642357542881328,0.10642563712264,0.4486810804847291,0.9975187031653439,157.0,84.0,73.0,0.0,0.1322946107309364,0.002481296834656214
"(0.02, 0.04, 0.08)",1.0,,B,,1944562.1215007522,0.11695315816999052,-0.30836838588674476,-0.31692316303808415,0.1105030128143873,0.12668027436903068,0.4699189304689601,0.997626699615733,157.5,83.0,66.0,10.0,0.14328383017118185,0.0023733003842669733
"(0.02, 0.04, 0.1)",0.9,15.0,B,,1684046.2171127577,0.10194440196282573,-0.2635232623942569,-0.265619862246518,0.10090312744912618,0.1029292549862516,0.43087161038847277,0.8971966550507471,153.0,83.0,70.0,0.0,0.12558707756925563,0.10280334494925288
"(0.02, 0.04, 0.1)",0.9,,B,,1812138.3301577293,0.10956815284951937,-0.2744944629677294,-0.2988573863409063,0.10212396921932043,0.11630559353275652,0.4321746448018575,0.8946221808767472,150.0,82.0,64.0,4.0,0.13064981616294685,0.10537781912325278
"(0.02, 0.04, 0.1)",1.0,15.0,B,,1758270.6462768698,0.10642419163340533,-0.2867458213908323,-0.2867474656832627,0.10642357542881328,0.10642563712264,0.4486810804847291,0.9975187031653439,157.0,84.0,73.0,0.0,0.1322946107309364,0.002481296834656214
"(0.02, 0.04, 0.1)",1.0,,B,,1899961.1079910013,0.11451964406306891,-0.29978203538564285,-0.3298583777841527,0.1090442475430071,0.12743537378234954,0.46694449457720466,0.998069935881734,156.5,83.0,66.5,7.0,0.14310941482960302,0.001930064118265942
"(0.02, 0.04, 0.15)",0.9,15.0,B,,1684046.2171127577,0.10194440196282573,-0.2635232623942569,-0.265619862246518,0.10090312744912618,0.1029292549862516,0.43087161038847277,0.8971966550507471,153.0,83.0,70.0,0.0,0.12558707756925563,0.10280334494925288
"(0.02, 0.04, 0.15)",0.9,,B,,1839706.222222356,0.11114622382724537,-0.27095870349980794,-0.2818315131977667,0.10350470788333592,0.1145717995214907,0.4283612868550564,0.8955371299900047,153.0,84.0,66.5,2.0,0.12764844750029936,0.10446287000999535
"(0.02, 0.04, 0.15)",1.0,15.0,B,,1758270.6462768698,0.10642419163340533,-0.2867458213908323,-0.2867474656832627,0.10642357542881328,0.10642563712264,0.4486810804847291,0.9975187031653439,157.0,84.0,73.0,0.0,0.1322946107309364,0.002481296834656214
"(0.02, 0.04, 0.15)",1.0,,B,,1953243.0295444224,0.1174226886405142,-0.30751717116355404,-0.3358603679385178,0.10599802941276673,0.12826826166042984,0.45767509578465204,0.9980566281068564,152.0,83.0,65.0,4.0,0.142220142925671,0.0019433718931436735
"(0.02, 0.06, 0)",0.9,15.0,B,,1738702.2420649098,0.10525996479581956,-0.2867845268449988,-0.2972209817420004,0.09871692889185213,0.11059151106914403,0.45644866601061507,0.8908904448488676,140.0,87.0,53.0,0.0,0.1349055453777287,0.10910955515113245
"(0.02, 0.06, 0)",0.9,,B,,1738702.2420649098,0.10525996479581956,-0.2867845268449988,-0.2972209817420004,0.09871692889185213,0.11059151106914403,0.45644866601061507,0.8908904448488676,140.0,87.0,53.0,0.0,0.1349055453777287,0.10910955515113245
"(0.02, 0.06, 0)",1.0,15.0,B,,1918032.7024363491,0.11551245963522361,-0.3019004070266585,-0.3019041902547097,0.11263532245969825,0.11850291088519707,0.4932834735647574,0.9990092419636043,146.5,86.0,60.0,0.0,0.14643634172213274,0.0009907580363957879
"(0.02, 0.06, 0)",1.0,,B,,1918032.7024363491,0.11551245963522361,-0.3019004070266585,-0.3019041902547097,0.11263532245969825,0.11850291088519707,0.4932834735647574,0.9990092419636043,146.5,86.0,60.0,0.0,0.14643634172213274,0.0009907580363957879
"(0.02, 0.06, 0.01)",0.9,15.0,B,,1738702.2420649098,0.10525996479581956,-0.2867845268449988,-0.2972209817420004,0.09871692889185213,0.11059151106914403,0.45644866601061507,0.8908904448488676,140.0,87.0,53.0,0.0,0.1349055453777287,0.10910955515113245
"(0.02, 0.06, 0.01)",0.9,,B,,1757501.1964763403,0.10637863624545052,-0.29558277362779023,-0.3065070872249333,0.10059685928180864,0.11151318601189368,0.4560197490465976,0.9063845282024241,149.0,86.0,52.0,11.0,0.13582534027065674,0.093615471797576
"(0.02, 0.06, 0.01)",1.0,15.0,B,,1918032.7024363491,0.11551245963522361,-0.3019004070266585,-0.3019041902547097,0.11263532245969825,0.11850291088519707,0.4932834735647574,0.9990092419636043,146.5,86.0,60.0,0.0,0.14643634172213274,0.0009907580363957879
"(0.02, 0.06, 0.01)",1.0,,B,,1935733.3703668076,0.11647662994769781,-0.3235170041112045,-0.33502427946993046,0.11392733039883489,0.11949812326183074,0.49581673450246544,0.9992181911948892,173.0,86.0,57.0,29.5,0.14900872153044067,0.0007818088051108187
"(0.02, 0.06, 0.02)",0.9,15.0,B,,1738702.2420649098,0.10525996479581956,-0.2867845268449988,-0.2972209817420004,0.09871692889185213,0.11059151106914403,0.45644866601061507,0.8908904448488676,140.0,87.0,53.0,0.0,0.1349055453777287,0.10910955515113245
"(0.02, 0.06, 0.02)",0.9,,B,,1761700.7850341457,0.10662703645643157,-0.2978921390908472,-0.3088104871225656,0.09800421399715493,0.1120042519172795,0.45702005903050913,0.906291928686076,144.0,86.0,52.0,5.0,0.1359033983843313,0.09370807131392414
"(0.02, 0.06, 0.02)",1.0,15.0,B,,1918032.7024363491,0.11551245963522361,-0.3019004070266585,-0.3019041902547097,0.11263532245969825,0.11850291088519707,0.4932834735647574,0.9990092419636043,146.5,86.0,60.0,0.0,0.14643634172213274,0.0009907580363957879
"(0.02, 0.06, 0.02)",1.0,,B,,1944962.699863655,0.11697634006522994,-0.3273010886644844,-0.3359282406417109,0.11341769479552928,0.12078116984877944,0.500636830504232,0.9993143869876099,157.5,86.0,57.0,14.0,0.1502174981450311,0.0006856130123900556
"(0.02, 0.06, 0.03)",0.9,15.0,B,,1738702.2420649098,0.10525996479581956,-0.2867845268449988,-0.2972209817420004,0.09871692889185213,0.11059151106914403,0.45644866601061507,0.8908904448488676,140.0,87.0,53.0,0.0,0.1349055453777287,0.10910955515113245
"(0.02, 0.06, 0.03)",0.9,,B,,1728182.9642623684,0.1046271933358841,-0.2977841420473706,-0.30822055241741064,0.0987772634925937,0.11029960936282567,0.4560939466445894,0.8944720435803059,142.0,87.5,52.0,2.0,0.13563598186811915,0.10552795641969422
"(0.02, 0.06, 0.03)",1.0,15.0,B,,1918032.7024363491,0.11551245963522361,-0.3019004070266585,-0.3019041902547097,0.11263532245969825,0.11850291088519707,0.4932834735647574,0.9990092419636043,146.5,86.0,60.0,0.0,0.14643634172213274,0.0009907580363957879
"(0.02, 0.06, 0.03)",1.0,,B,,1968055.782909276,0.11821736856101683,-0.3210206990419572,-0.32986655084578664,0.11446846241232222,0.12206898099581776,0.4962983419176811,0.9991601236315537,151.0,86.0,58.0,8.0,0.14989053405559438,0.0008398763684463026
"(0.02, 0.06, 0.04)",0.9,15.0,B,,1738702.2420649098,0.10525996479581956,-0.2867845268449988,-0.2972209817420004,0.09871692889185213,0.11059151106914403,0.45644866601061507,0.8908904448488676,140.0,87.0,53.0,0.0,0.1349055453777287,0.10910955515113245
"(0.02, 0.06, 0.04)",0.9,,B,,1722112.5993789234,0.10426314137555781,-0.30145068044816115,-0.3118870759758807,0.09870337878920458,0.10904493724105295,0.45781737824362545,0.8970925823627387,141.0,87.0,52.5,2.0,0.13613835586136053,0.10290741763726123
"(0.02, 0.06, 0.04)",1.0,15.0,B,,1918032.7024363491,0.11551245963522361,-0.3019004070266585,-0.3019041902547097,0.11263532245969825,0.11850291088519707,0.4932834735647574,0.9990092419636043,146.5,86.0,60.0,0.0,0.14643634172213274,0.0009907580363957879
"(0.02, 0.06, 0.04)",1.0,,B,,1958811.3272722978,0.11772227266443958,-0.3226775694087668,-0.3290724877809518,0.11364265647247529,0.12177547902333084,0.4962583498209876,0.9990766186622165,149.0,86.0,58.0,5.0,0.1495973212729253,0.0009233813377835095
"(0.02, 0.06, 0.06)",0.9,15.0,B,,1738702.2420649098,0.10525996479581956,-0.2867845268449988,-0.2972209817420004,0.09871692889185213,0.11059151106914403,0.45644866601061507,0.8908904448488676,140.0,87.0,53.0,0.0,0.1349055453777287,0.10910955515113245
"(0.02, 0.06, 0.06)",0.9,,B,,1738702.2420649098,0.10525996479581956,-0.2867845268449988,-0.2972209817420004,0.09871692889185213,0.11059151106914403,0.45644866601061507,0.8908904448488676,140.0,87.0,53.0,0.0,0.1349055453777287,0.10910955515113245
"(0.02, 0.06, 0.06)",1.0,15.0,B,,1918032.7024363491,0.11551245963522361,-0.3019004070266585,-0.3019041902547097,0.11263532245969825,0.11850291088519707,0.4932834735647574,0.9990092419636043,146.5,86.0,60.0,0.0,0.14643634172213274,0.0009907580363957879
"(0.02, 0.06, 0.06)",1.0,,B,,1961457.6353139603,0.11786420857288682,-0.3173290007307579,-0.3390689818552961,0.11229353917052472,0.1218985606088407,0.49642830373776364,0.9990617663547324,147.5,86.0,58.0,3.0,0.1491838244919032,0.000938233645267563
"(0.02, 0.06, 0.08)",0.9,15.0,B,,1738702.2420649098,0.10525996479581956,-0.2867845268449988,-0.2972209817420004,0.09871692889185213,0.11059151106914403,0.45644866601061507,0.8908904448488676,140.0,87.0,53.0,0.0,0.1349055453777287,0.10910955515113245
"(0.02, 0.06, 0.08)",0.9,,B,,1738702.2420649098,0.10525996479581956,-0.2867845268449988,-0.2972209817420004,0.09871692889185213,0.11059151106914403,0.45644866601061507,0.8908904448488676,140.0,87.0,53.0,0.0,0.1349055453777287,0.10910955515113245
"(0.02, 0.06, 0.08)",1.0,15.0,B,,1918032.7024363491,0.11551245963522361,-0.3019004070266585,-0.3019041902547097,0.11263532245969825,0.11850291088519707,0.4932834735647574,0.9990092419636043,146.5,86.0,60.0,0.0,0.14643634172213274,0.0009907580363957879
"(0.02, 0.06, 0.08)",1.0,,B,,1935808.133878658,0.11648091621802714,-0.30823569631685316,-0.3284626133943459,0.11247811290957621,0.12289213622680425,0.4896908773432743,0.9996666625549254,146.0,86.0,59.0,1.0,0.14755708959236116,0.00033333744507455367
"(0.02, 0.06, 0.1)",0.9,15.0,B,,1738702.2420649098,0.10525996479581956,-0.2867845268449988,-0.2972209817420004,0.09871692889185213,0.11059151106914403,0.45644866601061507,0.8908904448488676,140.0,87.0,53.0,0.0,0.1349055453777287,0.10910955515113245
"(0.02, 0.06, 0.1)",0.9,,B,,1738702.2420649098,0.10525996479581956,-0.2867845268449988,-0.2972209817420004,0.09871692889185213,0.11059151106914403,0.45644866601061507,0.8908904448488676,140.0,87.0,53.0,0.0,0.1349055453777287,0.10910955515113245
"(0.02, 0.06, 0.1)",1.0,15.0,B,,1918032.7024363491,0.11551245963522361,-0.3019004070266585,-0.3019041902547097,0.11263532245969825,0.11850291088519707,0.4932834735647574,0.9990092419636043,146.5,86.0,60.0,0.0,0.14643634172213274,0.0009907580363957879
"(0.02, 0.06, 0.1)",1.0,,B,,1932321.1038806648,0.11629144607152242,-0.31633816549067295,-0.33296434182291046,0.112393924099669,0.12379902783115748,0.4897241029961676,0.994727226735233,147.0,87.5,58.0,1.0,0.14715071848098177,0.005272773264767017
"(0.02, 0.06, 0.15)",0.9,15.0,B,,1738702.2420649098,0.10525996479581956,-0.2867845268449988,-0.2972209817420004,0.09871692889185213,0.11059151106914403,0.45644866601061507,0.8908904448488676,140.0,87.0,53.0,0.0,0.1349055453777287,0.10910955515113245
"(0.02, 0.06, 0.15)",0.9,,B,,1738702.2420649098,0.10525996479581956,-0.2867845268449988,-0.2972209817420004,0.09871692889185213,0.11059151106914403,0.45644866601061507,0.8908904448488676,140.0,87.0,53.0,0.0,0.1349055453777287,0.10910955515113245
"(0.02, 0.06, 0.15)",1.0,15.0,B,,1918032.7024363491,0.11551245963522361,-0.3019004070266585,-0.3019041902547097,0.11263532245969825,0.11850291088519707,0.4932834735647574,0.9990092419636043,146.5,86.0,60.0,0.0,0.14643634172213274,0.0009907580363957879
"(0.02, 0.06, 0.15)",1.0,,B,,1918032.7024363491,0.11551245963522361,-0.3019004070266585,-0.3019041902547097,0.11263532245969825,0.11850291088519707,0.4932834735647574,0.9990092419636043,146.5,86.0,60.0,0.0,0.14643634172213274,0.0009907580363957879
"(0.02, 0.08, 0)",0.9,15.0,B,,1722407.9733791377,0.10428140439510358,-0.2848366619213874,-0.292699792490523,0.09561789831592578,0.11753888675659134,0.45311611693008336,0.8990126362407956,126.0,85.5,40.0,0.0,0.13763894120234782,0.10098736375920439
"(0.02, 0.08, 0)",0.9,,B,,1722407.9733791377,0.10428140439510358,-0.2848366619213874,-0.292699792490523,0.09561789831592578,0.11753888675659134,0.45311611693008336,0.8990126362407956,126.0,85.5,40.0,0.0,0.13763894120234782,0.10098736375920439
"(0.02, 0.08, 0)",1.0,15.0,B,,1887378.7532156277,0.11382298733262208,-0.3042837424102735,-0.32510709846126357,0.10654508985104871,0.12679184633562499,0.49875153091277064,0.9949013040322846,133.5,86.0,47.0,0.0,0.15189061454063385,0.0050986959677153925
"(0.02, 0.08, 0)",1.0,,B,,1887378.7532156277,0.11382298733262208,-0.3042837424102735,-0.32510709846126357,0.10654508985104871,0.12679184633562499,0.49875153091277064,0.9949013040322846,133.5,86.0,47.0,0.0,0.15189061454063385,0.0050986959677153925
"(0.02, 0.08, 0.01)",0.9,15.0,B,,1722407.9733791377,0.10428140439510358,-0.2848366619213874,-0.292699792490523,0.09561789831592578,0.11753888675659134,0.45311611693008336,0.8990126362407956,126.0,85.5,40.0,0.0,0.13763894120234782,0.10098736375920439
"(0.02, 0.08, 0.01)",0.9,,B,,1722282.4589547198,0.10426700472570549,-0.285025739661193,-0.29685199372732773,0.09477899770390122,0.12192733672877505,0.4608786461160866,0.9064707630154569,141.5,82.5,40.0,18.0,0.13895298410216345,0.09352923698454302
"(0.02, 0.08, 0.01)",1.0,15.0,B,,1887378.7532156277,0.11382298733262208,-0.3042837424102735,-0.32510709846126357,0.10654508985104871,0.12679184633562499,0.49875153091277064,0.9949013040322846,133.5,86.0,47.0,0.0,0.15189061454063385,0.0050986959677153925
"(0.02, 0.08, 0.01)",1.0,,B,,1918048.5992213404,0.11551319555800443,-0.31156764075015175,-0.3401207880035512,0.10932135689459128,0.1276129088169818,0.5049538636019946,0.9992387381519938,151.0,85.5,46.0,19.0,0.1538394144639808,0.0007612618480061434
"(0.02, 0.08, 0.02)",0.9,15.0,B,,1722407.9733791377,0.10428140439510358,-0.2848366619213874,-0.292699792490523,0.09561789831592578,0.11753888675659134,0.45311611693008336,0.8990126362407956,126.0,85.5,40.0,0.0,0.13763894120234782,0.10098736375920439
"(0.02, 0.08, 0.02)",0.9,,B,,1736378.5459742243,0.10511390396170928,-0.2849200855638368,-0.29690159528222376,0.09257738460023332,0.12133137092228569,0.45931922497386823,0.9067856055411418,131.0,83.0,40.0,8.0,0.13917382610821663,0.09321439445885829
"(0.02, 0.08, 0.02)",1.0,15.0,B,,1887378.7532156277,0.11382298733262208,-0.3042837424102735,-0.32510709846126357,0.10654508985104871,0.12679184633562499,0.49875153091277064,0.9949013040322846,133.5,86.0,47.0,0.0,0.15189061454063385,0.0050986959677153925
"(0.02, 0.08, 0.02)",1.0,,B,,1905375.3957426678,0.11481792455229134,-0.3185235741679031,-0.33669474374235653,0.10592994374521755,0.12649241746697296,0.503751264093254,0.9987438867550676,141.0,85.0,46.0,9.0,0.15394479374714945,0.001256113244932267
"(0.02, 0.08, 0.03)",0.9,15.0,B,,1722407.9733791377,0.10428140439510358,-0.2848366619213874,-0.292699792490523,0.09561789831592578,0.11753888675659134,0.45311611693008336,0.8990126362407956,126.0,85.5,40.0,0.0,0.13763894120234782,0.10098736375920439
"(0.02, 0.08, 0.03)",0.9,,B,,1776090.9194373135,0.10747292417092913,-0.2823717897407055,-0.30068923584347707,0.09374267371245666,0.12013403807183244,0.461571533750772,0.8989816373626657,128.5,83.0,40.5,4.0,0.14024242845049995,0.10101836263733435
"(0.02, 0.08, 0.03)",1.0,15.0,B,,1887378.7532156277,0.11382298733262208,-0.3042837424102735,-0.32510709846126357,0.10654508985104871,0.12679184633562499,0.49875153091277064,0.9949013040322846,133.5,86.0,47.0,0.0,0.15189061454063385,0.0050986959677153925
"(0.02, 0.08, 0.03)",1.0,,B,,1919251.8841317142,0.11557904013324449,-0.3174026273869136,-0.33590054602132935,0.10611784314148838,0.12721570766106155,0.49905799734530476,0.9988005613110793,138.0,85.5,45.5,6.0,0.1534305718809293,0.00119943868892073
"(0.02, 0.08, 0.04)",0.9,15.0,B,,1722407.9733791377,0.10428140439510358,-0.2848366619213874,-0.292699792490523,0.09561789831592578,0.11753888675659134,0.45311611693008336,0.8990126362407956,126.0,85.5,40.0,0.0,0.13763894120234782,0.10098736375920439
"(0.02, 0.08, 0.04)",0.9,,B,,1780618.2460682467,0.10773942155792215,-0.2807943827582313,-0.30023322206690545,0.09524522059247617,0.11830534649012023,0.4526986976355236,0.9069988719425821,127.0,84.0,40.0,3.0,0.13907191637831556,0.09300112805741786
"(0.02, 0.08, 0.04)",1.0,15.0,B,,1887378.7532156277,0.11382298733262208,-0.3042837424102735,-0.32510709846126357,0.10654508985104871,0.12679184633562499,0.49875153091277064,0.9949013040322846,133.5,86.0,47.0,0.0,0.15189061454063385,0.0050986959677153925
"(0.02, 0.08, 0.04)",1.0,,B,,1899423.0578209846,0.11448996473196338,-0.3133980526136918,-0.33061363367588686,0.10672252282937775,0.1287858119187924,0.4978300634576042,0.9987039947055654,136.0,86.0,46.0,3.0,0.15252944985572664,0.0012960052944346154
"(0.02, 0.08, 0.06)",0.9,15.0,B,,1722407.9733791377,0.10428140439510358,-0.2848366619213874,-0.292699792490523,0.09561789831592578,0.11753888675659134,0.45311611693008336,0.8990126362407956,126.0,85.5,40.0,0.0,0.13763894120234782,0.10098736375920439
"(0.02, 0.08, 0.06)",0.9,,B,,1722407.9733791377,0.10428140439510358,-0.2848366619213874,-0.292699792490523,0.09561789831592578,0.11842099441536522,0.45725667837063405,0.8990126362407956,125.5,84.5,40.0,0.0,0.13847720676737113,0.10098736375920439
"(0.02, 0.08, 0.06)",1.0,15.0,B,,1887378.7532156277,0.11382298733262208,-0.3042837424102735,-0.32510709846126357,0.10654508985104871,0.12679184633562499,0.49875153091277064,0.9949013040322846,133.5,86.0,47.0,0.0,0.15189061454063385,0.0050986959677153925
"(0.02, 0.08, 0.06)",1.0,,B,,1953191.421193927,0.11742023666334134,-0.3186119387426419,-0.3303025884779762,0.10640643553108238,0.1279981863571445,0.49582021762520645,0.9987481507639666,136.0,87.0,46.5,3.0,0.1513387257347156,0.0012518492360333918
"(0.02, 0.08, 0.08)",0.9,15.0,B,,1722407.9733791377,0.10428140439510358,-0.2848366619213874,-0.292699792490523,0.09561789831592578,0.11753888675659134,0.45311611693008336,0.8990126362407956,126.0,85.5,40.0,0.0,0.13763894120234782,0.10098736375920439
"(0.02, 0.08, 0.08)",0.9,,B,,1722407.9733791377,0.10428140439510358,-0.2848366619213874,-0.292699792490523,0.09561789831592578,0.11753888675659134,0.45311611693008336,0.8990126362407956,126.0,85.5,40.0,0.0,0.13763894120234782,0.10098736375920439
"(0.02, 0.08, 0.08)",1.0,15.0,B,,1887378.7532156277,0.11382298733262208,-0.3042837424102735,-0.32510709846126357,0.10654508985104871,0.12679184633562499,0.49875153091277064,0.9949013040322846,133.5,86.0,47.0,0.0,0.15189061454063385,0.0050986959677153925
"(0.02, 0.08, 0.08)",1.0,,B,,1887378.7532156277,0.11382298733262208,-0.3042837424102735,-0.32510709846126357,0.10654508985104871,0.12679184633562499,0.49875153091277064,0.9949013040322846,133.5,86.0,47.0,0.0,0.15189061454063385,0.0050986959677153925
"(0.02, 0.08, 0.1)",0.9,15.0,B,,1722407.9733791377,0.10428140439510358,-0.2848366619213874,-0.292699792490523,0.09561789831592578,0.11753888675659134,0.45311611693008336,0.8990126362407956,126.0,85.5,40.0,0.0,0.13763894120234782,0.10098736375920439
"(0.02, 0.08, 0.1)",0.9,,B,,1722407.9733791377,0.10428140439510358,-0.2848366619213874,-0.292699792490523,0.09561789831592578,0.11753888675659134,0.45311611693008336,0.8990126362407956,126.0,85.5,40.0,0.0,0.13763894120234782,0.10098736375920439
"(0.02, 0.08, 0.1)",1.0,15.0,B,,1887378.7532156277,0.11382298733262208,-0.3042837424102735,-0.32510709846126357,0.10654508985104871,0.12679184633562499,0.49875153091277064,0.9949013040322846,133.5,86.0,47.0,0.0,0.15189061454063385,0.0050986959677153925
"(0.02, 0.08, 0.1)",1.0,,B,,1887378.7532156277,0.11382298733262208,-0.3042837424102735,-0.32510709846126357,0.10654508985104871,0.12679184633562499,0.49875153091277064,0.9949013040322846,133.5,86.0,47.0,0.0,0.15189061454063385,0.0050986959677153925
"(0.02, 0.08, 0.15)",0.9,15.0,B,,1722407.9733791377,0.10428140439510358,-0.2848366619213874,-0.292699792490523,0.09561789831592578,0.11753888675659134,0.45311611693008336,0.8990126362407956,126.0,85.5,40.0,0.0,0.13763894120234782,0.10098736375920439
"(0.02, 0.08, 0.15)",0.9,,B,,1722407.9733791377,0.10428140439510358,-0.2848366619213874,-0.292699792490523,0.09561789831592578,0.11753888675659134,0.45311611693008336,0.8990126362407956,126.0,85.5,40.0,0.0,0.13763894120234782,0.10098736375920439
"(0.02, 0.08, 0.15)",1.0,15.0,B,,1887378.7532156277,0.11382298733262208,-0.3042837424102735,-0.32510709846126357,0.10654508985104871,0.12679184633562499,0.49875153091277064,0.9949013040322846,133.5,86.0,47.0,0.0,0.15189061454063385,0.0050986959677153925
"(0.02, 0.08, 0.15)",1.0,,B,,1887378.7532156277,0.11382298733262208,-0.3042837424102735,-0.32510709846126357,0.10654508985104871,0.12679184633562499,0.49875153091277064,0.9949013040322846,133.5,86.0,47.0,0.0,0.15189061454063385,0.0050986959677153925
"(0.02, 0.1, 0)",0.9,15.0,B,,1685185.3604991848,0.10201447547736409,-0.26399766006076475,-0.26582213540024585,0.08433288098576093,0.12224205830341836,0.4634192976351428,0.8997647549327759,116.0,85.5,32.0,0.0,0.13932967299811613,0.100235245067224
"(0.02, 0.1, 0)",0.9,,B,,1685185.3604991848,0.10201447547736409,-0.26399766006076475,-0.26582213540024585,0.08433288098576093,0.12224205830341836,0.4634192976351428,0.8997647549327759,116.0,85.5,32.0,0.0,0.13932967299811613,0.100235245067224
"(0.02, 0.1, 0)",1.0,15.0,B,,1847476.8454180672,0.11158599788001422,-0.30203198649182383,-0.30984015310482127,0.10095236550478197,0.1320484078294738,0.49495779614272717,0.99648071424621,123.0,86.0,37.0,0.0,0.15363167708606668,0.0035192857537900656
"(0.02, 0.1, 0)",1.0,,B,,1847476.8454180672,0.11158599788001422,-0.30203198649182383,-0.30984015310482127,0.10095236550478197,0.1320484078294738,0.49495779614272717,0.99648071424621,123.0,86.0,37.0,0.0,0.15363167708606668,0.0035192857537900656
"(0.02, 0.1, 0.01)",0.9,15.0,B,,1685185.3604991848,0.10201447547736409,-0.26399766006076475,-0.26582213540024585,0.08433288098576093,0.12224205830341836,0.4634192976351428,0.8997647549327759,116.0,85.5,32.0,0.0,0.13932967299811613,0.100235245067224
"(0.02, 0.1, 0.01)",0.9,,B,,1712818.7786268261,0.10370055265748535,-0.2680855355678469,-0.272352532404221,0.09055810671190348,0.11995558137880585,0.4646310163787296,0.9065560149410428,140.5,82.0,31.0,27.5,0.1413796528940357,0.09344398505895732
"(0.02, 0.1, 0.01)",1.0,15.0,B,,1847476.8454180672,0.11158599788001422,-0.30203198649182383,-0.30984015310482127,0.10095236550478197,0.1320484078294738,0.49495779614272717,0.99648071424621,123.0,86.0,37.0,0.0,0.15363167708606668,0.0035192857537900656
"(0.02, 0.1, 0.01)",1.0,,B,,1863758.9206740402,0.11250408473855766,-0.30922534974677224,-0.3160937320001564,0.0948654705829309,0.13472103895847143,0.507190106156928,0.9987438296457751,143.0,82.0,37.0,23.0,0.15546552434284228,0.0012561703542248559
"(0.02, 0.1, 0.02)",0.9,15.0,B,,1685185.3604991848,0.10201447547736409,-0.26399766006076475,-0.26582213540024585,0.08433288098576093,0.12224205830341836,0.4634192976351428,0.8997647549327759,116.0,85.5,32.0,0.0,0.13932967299811613,0.100235245067224
"(0.02, 0.1, 0.02)",0.9,,B,,1776620.3888556475,0.10750049616397361,-0.2650461963841677,-0.27825373124400177,0.09133601112430804,0.12013190112270228,0.4653106111083377,0.9065858408734017,123.5,80.5,31.0,12.0,0.14232747749304392,0.09341415912659831
"(0.02, 0.1, 0.02)",1.0,15.0,B,,1847476.8454180672,0.11158599788001422,-0.30203198649182383,-0.30984015310482127,0.10095236550478197,0.1320484078294738,0.49495779614272717,0.99648071424621,123.0,86.0,37.0,0.0,0.15363167708606668,0.0035192857537900656
"(0.02, 0.1, 0.02)",1.0,,B,,1934195.793782967,0.11639347392943722,-0.30527275279164695,-0.3281604501924678,0.10079803177065286,0.13062586943738005,0.5043090135056334,0.9987579812896474,132.5,82.5,37.0,12.5,0.15561565349312517,0.0012420187103524532
"(0.02, 0.1, 0.03)",0.9,15.0,B,,1685185.3604991848,0.10201447547736409,-0.26399766006076475,-0.26582213540024585,0.08433288098576093,0.12224205830341836,0.4634192976351428,0.8997647549327759,116.0,85.5,32.0,0.0,0.13932967299811613,0.100235245067224
"(0.02, 0.1, 0.03)",0.9,,B,,1740164.2905815719,0.10534620096454284,-0.26583808989968416,-0.2767889475502409,0.09107517539750916,0.12173901477548371,0.46242365037710365,0.8992671444731426,119.5,82.5,31.0,7.0,0.14081124954058238,0.1007328555268574
"(0.02, 0.1, 0.03)",1.0,15.0,B,,1847476.8454180672,0.11158599788001422,-0.30203198649182383,-0.30984015310482127,0.10095236550478197,0.1320484078294738,0.49495779614272717,0.99648071424621,123.0,86.0,37.0,0.0,0.15363167708606668,0.0035192857537900656
"(0.02, 0.1, 0.03)",1.0,,B,,1912924.2772711979,0.11522977603713935,-0.30680261813917015,-0.32558965693995834,0.09668971700910833,0.13402653892743321,0.5035867130811175,0.9978364227950803,128.0,83.5,36.5,7.0,0.1552637818849289,0.002163577204919662
"(0.02, 0.1, 0.04)",0.9,15.0,B,,1685185.3604991848,0.10201447547736409,-0.26399766006076475,-0.26582213540024585,0.08433288098576093,0.12224205830341836,0.4634192976351428,0.8997647549327759,116.0,85.5,32.0,0.0,0.13932967299811613,0.100235245067224
"(0.02, 0.1, 0.04)",0.9,,B,,1711440.2150665135,0.10360642889369631,-0.26500160194984634,-0.28085146094378677,0.09340144105589943,0.12356852859543299,0.46359938979658677,0.9071110187578911,118.5,81.5,31.0,5.0,0.14166067965050638,0.09288898124210887
"(0.02, 0.1, 0.04)",1.0,15.0,B,,1847476.8454180672,0.11158599788001422,-0.30203198649182383,-0.30984015310482127,0.10095236550478197,0.1320484078294738,0.49495779614272717,0.99648071424621,123.0,86.0,37.0,0.0,0.15363167708606668,0.0035192857537900656
"(0.02, 0.1, 0.04)",1.0,,B,,1968786.207739159,0.11825494837566852,-0.30529910546971156,-0.32920354012312314,0.09499793631962801,0.13011475441370868,0.5026214658262582,0.9988355980716761,125.0,83.0,37.0,6.0,0.15526513088944424,0.0011644019283239312
"(0.02, 0.1, 0.06)",0.9,15.0,B,,1685185.3604991848,0.10201447547736409,-0.26399766006076475,-0.26582213540024585,0.08433288098576093,0.12224205830341836,0.4634192976351428,0.8997647549327759,116.0,85.5,32.0,0.0,0.13932967299811613,0.100235245067224
"(0.02, 0.1, 0.06)",0.9,,B,,1696965.406503979,0.10273538792146342,-0.2738195606328537,-0.2794909742092808,0.08989229386519008,0.12483984805939188,0.45973715951828986,0.9002983704675672,117.0,82.0,31.5,3.0,0.14172356354091598,0.0997016295324327
"(0.02, 0.1, 0.06)",1.0,15.0,B,,1847476.8454180672,0.11158599788001422,-0.30203198649182383,-0.30984015310482127,0.10095236550478197,0.1320484078294738,0.49495779614272717,0.99648071424621,123.0,86.0,37.0,0.0,0.15363167708606668,0.0035192857537900656
"(0.02, 0.1, 0.06)",1.0,,B,,1891911.3479335934,0.11407469035898665,-0.3121845776246178,-0.3283046335510723,0.09805297660607745,0.13323852506325895,0.5079236486269643,0.9984664886778456,124.0,84.0,37.0,3.0,0.15557156269430156,0.0015335113221543147
"(0.02, 0.1, 0.08)",0.9,15.0,B,,1685185.3604991848,0.10201447547736409,-0.26399766006076475,-0.26582213540024585,0.08433288098576093,0.12224205830341836,0.4634192976351428,0.8997647549327759,116.0,85.5,32.0,0.0,0.13932967299811613,0.100235245067224
"(0.02, 0.1, 0.08)",0.9,,B,,1747516.409248829,0.1057830318406594,-0.26773446811900964,-0.2818454389846557,0.09136922748700452,0.12303631284078467,0.46527459604641735,0.9069917055746948,116.0,83.0,32.0,2.0,0.1421289891704473,0.09300829442530528
"(0.02, 0.1, 0.08)",1.0,15.0,B,,1847476.8454180672,0.11158599788001422,-0.30203198649182383,-0.30984015310482127,0.10095236550478197,0.1320484078294738,0.49495779614272717,0.99648071424621,123.0,86.0,37.0,0.0,0.15363167708606668,0.0035192857537900656
"(0.02, 0.1, 0.08)",1.0,,B,,1956224.2620391129,0.11757631973931659,-0.29760562271463714,-0.33055091236446976,0.10027366253268336,0.13457951017473,0.4972787763658074,0.9989347762376459,122.0,83.0,37.0,2.0,0.1561167840479123,0.0010652237623541062
"(0.02, 0.1, 0.1)",0.9,15.0,B,,1685185.3604991848,0.10201447547736409,-0.26399766006076475,-0.26582213540024585,0.08433288098576093,0.12224205830341836,0.4634192976351428,0.8997647549327759,116.0,85.5,32.0,0.0,0.13932967299811613,0.100235245067224
"(0.02, 0.1, 0.1)",0.9,,B,,1685185.3604991848,0.10201447547736409,-0.26399766006076475,-0.26582213540024585,0.08433288098576093,0.12224205830341836,0.4634192976351428,0.8997647549327759,116.0,85.5,32.0,0.0,0.13932967299811613,0.100235245067224
"(0.02, 0.1, 0.1)",1.0,15.0,B,,1847476.8454180672,0.11158599788001422,-0.30203198649182383,-0.30984015310482127,0.10095236550478197,0.1320484078294738,0.49495779614272717,0.99648071424621,123.0,86.0,37.0,0.0,0.15363167708606668,0.0035192857537900656
"(0.02, 0.1, 0.1)",1.0,,B,,1847476.8454180672,0.11158599788001422,-0.30203198649182383,-0.30984015310482127,0.10095236550478197,0.1320484078294738,0.49495779614272717,0.99648071424621,123.0,86.0,37.0,0.0,0.15363167708606668,0.0035192857537900656
"(0.02, 0.1, 0.15)",0.9,15.0,B,,1685185.3604991848,0.10201447547736409,-0.26399766006076475,-0.26582213540024585,0.08433288098576093,0.12224205830341836,0.4634192976351428,0.8997647549327759,116.0,85.5,32.0,0.0,0.13932967299811613,0.100235245067224
"(0.02, 0.1, 0.15)",0.9,,B,,1685185.3604991848,0.10201447547736409,-0.26399766006076475,-0.26582213540024585,0.08433288098576093,0.12224205830341836,0.4634192976351428,0.8997647549327759,116.0,85.5,32.0,0.0,0.13932967299811613,0.100235245067224
"(0.02, 0.1, 0.15)",1.0,15.0,B,,1847476.8454180672,0.11158599788001422,-0.30203198649182383,-0.30984015310482127,0.10095236550478197,0.1320484078294738,0.49495779614272717,0.99648071424621,123.0,86.0,37.0,0.0,0.15363167708606668,0.0035192857537900656
"(0.02, 0.1, 0.15)",1.0,,B,,1847476.8454180672,0.11158599788001422,-0.30203198649182383,-0.30984015310482127,0.10095236550478197,0.1320484078294738,0.49495779614272717,0.99648071424621,123.0,86.0,37.0,0.0,0.15363167708606668,0.0035192857537900656
"(0.02, 0.12, 0)",0.9,15.0,B,,1638615.1829329415,0.09909968808862979,-0.24583772724321573,-0.26730768122596704,0.08146746562589324,0.11357561583875231,0.4521927638609282,0.8949709601785316,111.0,86.5,25.5,0.0,0.14171729714380832,0.10502903982146844
"(0.02, 0.12, 0)",0.9,,B,,1638615.1829329415,0.09909968808862979,-0.24583772724321573,-0.26730768122596704,0.08146746562589324,0.11357561583875231,0.4521927638609282,0.8949709601785316,111.0,86.5,25.5,0.0,0.14171729714380832,0.10502903982146844
"(0.02, 0.12, 0)",1.0,15.0,B,,1786310.7759877867,0.10807167578534949,-0.29778548523063514,-0.2982254707493968,0.09231566852416517,0.12955554221128332,0.49894963562711125,0.9986161283982699,116.0,85.0,30.0,0.0,0.15740577851493914,0.0013838716017301439
"(0.02, 0.12, 0)",1.0,,B,,1786310.7759877867,0.10807167578534949,-0.29778548523063514,-0.2982254707493968,0.09231566852416517,0.12955554221128332,0.49894963562711125,0.9986161283982699,116.0,85.0,30.0,0.0,0.15740577851493914,0.0013838716017301439
"(0.02, 0.12, 0.01)",0.9,15.0,B,,1642026.0513029653,0.09931786095046569,-0.24583772724321573,-0.26730768122596704,0.08146746562589324,0.11357561583875231,0.4521927638609282,0.8949709601785316,111.0,86.5,25.5,0.0,0.14171729714380832,0.10502903982146844
"(0.02, 0.12, 0.01)",0.9,,B,,1708225.6229543318,0.10342290628091766,-0.2503100008141714,-0.26643414130923265,0.08619057340435328,0.11608237748948512,0.4579904218009979,0.9067264713220182,136.5,81.0,25.0,30.0,0.14331139665418344,0.0932735286779819
"(0.02, 0.12, 0.01)",1.0,15.0,B,,1786310.7759877867,0.10807167578534949,-0.29778548523063514,-0.2982254707493968,0.09231566852416517,0.12955554221128332,0.49894963562711125,0.9986161283982699,116.0,85.0,30.0,0.0,0.15740577851493914,0.0013838716017301439
"(0.02, 0.12, 0.01)",1.0,,B,,1798506.5268282285,0.10878082774940712,-0.3004663504523104,-0.3079901704546843,0.09245796186752184,0.13126395428978893,0.5057258012477552,0.999300391624606,138.5,81.0,29.5,26.5,0.1589276079166575,0.0006996083753939282
"(0.02, 0.12, 0.02)",0.9,15.0,B,,1639221.802508922,0.09913855104350722,-0.24583772724321573,-0.26730768122596704,0.08146746562589324,0.11357561583875231,0.4521927638609282,0.8949709601785316,111.0,86.5,25.5,0.0,0.14171729714380832,0.10502903982146844
"(0.02, 0.12, 0.02)",0.9,,B,,1641697.1811451,0.09929737482136958,-0.2522093466775355,-0.27939841462309906,0.08523265973542193,0.11824318028868137,0.4601888598798252,0.9067628729617206,120.0,81.0,24.5,13.5,0.1433178130717106,0.09323712703827924
"(0.02, 0.12, 0.02)",1.0,15.0,B,,1786310.7759877867,0.10807167578534949,-0.29778548523063514,-0.2982254707493968,0.09231566852416517,0.12955554221128332,0.49894963562711125,0.9986161283982699,116.0,85.0,30.0,0.0,0.15740577851493914,0.0013838716017301439
"(0.02, 0.12, 0.02)",1.0,,B,,1797217.61111935,0.10870626159531316,-0.298111646337312,-0.3086988160774205,0.09361280575287267,0.13282031944362688,0.5071553008845671,0.9989338502831244,124.5,81.0,30.0,12.0,0.15987750422669642,0.001066149716875472
"(0.02, 0.12, 0.03)",0.9,15.0,B,,1642679.8646950284,0.09935958625029628,-0.24583772724321573,-0.26730768122596704,0.08146746562589324,0.11357561583875231,0.4521927638609282,0.8949709601785316,111.0,86.5,25.5,0.0,0.14171729714380832,0.10502903982146844
"(0.02, 0.12, 0.03)",0.9,,B,,1637279.4261830936,0.099026619963688,-0.2527403223896701,-0.2787943563409799,0.08854147333083276,0.11879704462467369,0.46087171070616195,0.8977847352293427,115.5,83.0,24.5,8.0,0.14294571821387242,0.10221526477065739
"(0.02, 0.12, 0.03)",1.0,15.0,B,,1786310.7759877867,0.10807167578534949,-0.29778548523063514,-0.2982254707493968,0.09231566852416517,0.12955554221128332,0.49894963562711125,0.9986161283982699,116.0,85.0,30.0,0.0,0.15740577851493914,0.0013838716017301439
"(0.02, 0.12, 0.03)",1.0,,B,,1777303.4507005792,0.10754528196459234,-0.2977413602337219,-0.3132044274687413,0.09448706305878282,0.13091961974524985,0.5058820444125381,0.9989513863593278,119.5,82.0,30.0,6.5,0.1593076010247072,0.0010486136406722107
"(0.02, 0.12, 0.04)",0.9,15.0,B,,1646249.1878968487,0.09958683766186838,-0.24583772724321573,-0.26730768122596704,0.08146746562589324,0.11361394642962944,0.4521927638609282,0.8949709601785316,111.0,86.5,25.5,0.0,0.14171729714380832,0.10502903982146844
"(0.02, 0.12, 0.04)",0.9,,B,,1714871.9626600153,0.1038246898431775,-0.25648112158368797,-0.2657319508251891,0.08719681553909467,0.11684451971101442,0.4546928562880228,0.9067728301285654,112.0,81.5,25.5,5.0,0.14373515965059486,0.0932271698714347
"(0.02, 0.12, 0.04)",1.0,15.0,B,,1786310.7759877867,0.10807167578534949,-0.29778548523063514,-0.2982254707493968,0.09231566852416517,0.12955554221128332,0.49894963562711125,0.9986161283982699,116.0,85.0,30.0,0.0,0.15740577851493914,0.0013838716017301439
"(0.02, 0.12, 0.04)",1.0,,B,,1824745.2615979635,0.11026607788717047,-0.29761485130729937,-0.31531875330933873,0.09388274649517145,0.13372367000078939,0.5029197150534708,0.9988315889912638,116.5,83.0,30.0,4.0,0.15974729411914002,0.0011684110087363379
"(0.02, 0.12, 0.06)",0.9,15.0,B,,1647895.4242041972,0.09969134567041804,-0.24583772724321573,-0.26730768122596704,0.08146746562589324,0.11361211573072875,0.4521927638609282,0.8949709601785316,110.5,86.5,25.5,0.0,0.14172138909126497,0.10502903982146844
"(0.02, 0.12, 0.06)",0.9,,B,,1664494.3338987466,0.10072089716270916,-0.25751570217678366,-0.2698428382040287,0.084469716281663,0.11882993787888341,0.4591548225492158,0.8970340067985284,110.0,82.0,26.0,3.0,0.14447876026852352,0.1029659932014716
"(0.02, 0.12, 0.06)",1.0,15.0,B,,1786310.7759877867,0.10807167578534949,-0.29778548523063514,-0.2982254707493968,0.09231566852416517,0.12955554221128332,0.49894963562711125,0.9986161283982699,116.0,85.0,30.0,0.0,0.15740577851493914,0.0013838716017301439
"(0.02, 0.12, 0.06)",1.0,,B,,1901306.521948923,0.11458894089311389,-0.2972331208846915,-0.31272799916705624,0.09495928516829592,0.13314839237302364,0.503606294379675,0.998946960098922,114.0,81.5,30.0,2.0,0.1588880938819159,0.0010530399010778959
"(0.02, 0.12, 0.08)",0.9,15.0,B,,1647323.343344227,0.09965504997517682,-0.24583772724321573,-0.26730768122596704,0.08146746562589324,0.11357561583875231,0.4521927638609282,0.8949709601785316,110.0,86.5,25.5,0.0,0.1423239239086206,0.10502903982146844
"(0.02, 0.12, 0.08)",0.9,,B,,1700178.6027466697,0.10292415407178246,-0.2596158555336548,-0.27486213099157625,0.08885422593286388,0.12033627508495377,0.46198670671276265,0.9067632742788247,108.0,82.0,26.0,2.0,0.14536077744502918,0.09323672572117522
"(0.02, 0.12, 0.08)",1.0,15.0,B,,1786310.7759877867,0.10807167578534949,-0.29778548523063514,-0.2982254707493968,0.09231566852416517,0.12955554221128332,0.49894963562711125,0.9986161283982699,116.0,85.0,30.0,0.0,0.15740577851493914,0.0013838716017301439
"(0.02, 0.12, 0.08)",1.0,,B,,1812182.1867310246,0.10957073363057634,-0.2977864332812464,-0.2982254707493968,0.0920952606157028,0.1312186583904566,0.5049567028420896,0.9985835811513821,115.0,84.0,30.0,1.0,0.15783629273418598,0.0014164188486177822
"(0.02, 0.12, 0.1)",0.9,15.0,B,,1649149.5925332522,0.09977083569811052,-0.24583772724321573,-0.26730768122596704,0.08146746562589324,0.11357561583875231,0.4521927638609282,0.8949709601785316,109.5,86.5,25.5,0.0,0.14231320624692206,0.10502903982146844
"(0.02, 0.12, 0.1)",0.9,,B,,1641566.9116627618,0.09929841494446245,-0.2458381626412789,-0.2641375056225123,0.08646828041022783,0.11750495017515786,0.45427060868517743,0.8978143902257744,110.5,87.0,25.5,1.0,0.1421057188186171,0.10218560977422558
"(0.02, 0.12, 0.1)",1.0,15.0,B,,1786310.7759877867,0.10807167578534949,-0.29778548523063514,-0.2982254707493968,0.09231566852416517,0.12955554221128332,0.49894963562711125,0.9986161283982699,116.0,85.0,30.0,0.0,0.15740577851493914,0.0013838716017301439
"(0.02, 0.12, 0.1)",1.0,,B,,1813420.5356457704,0.10964311065153909,-0.2977864332812464,-0.2982254707493968,0.09217118279458132,0.13002442133583436,0.5022040489399802,0.9985061415292316,116.0,85.0,30.0,0.5,0.15741547854438737,0.0014938584707685433
"(0.02, 0.12, 0.15)",0.9,15.0,B,,1638615.1829329415,0.09909968808862979,-0.24583772724321573,-0.26730768122596704,0.08146746562589324,0.11357561583875231,0.4521927638609282,0.8949709601785316,111.0,86.5,25.5,0.0,0.14171729714380832,0.10502903982146844
"(0.02, 0.12, 0.15)",0.9,,B,,1638615.1829329415,0.09909968808862979,-0.24583772724321573,-0.26730768122596704,0.08146746562589324,0.11357561583875231,0.4521927638609282,0.8949709601785316,111.0,86.5,25.5,0.0,0.14171729714380832,0.10502903982146844
"(0.02, 0.12, 0.15)",1.0,15.0,B,,1786310.7759877867,0.10807167578534949,-0.29778548523063514,-0.2982254707493968,0.09231566852416517,0.12955554221128332,0.49894963562711125,0.9986161283982699,116.0,85.0,30.0,0.0,0.15740577851493914,0.0013838716017301439
"(0.02, 0.12, 0.15)",1.0,,B,,1786310.7759877867,0.10807167578534949,-0.29778548523063514,-0.2982254707493968,0.09231566852416517,0.12955554221128332,0.49894963562711125,0.9986161283982699,116.0,85.0,30.0,0.0,0.15740577851493914,0.0013838716017301439
"(0.02, 0.15, 0)",0.9,15.0,B,,1631804.4525825754,0.09859659024262357,-0.2800166899658679,-0.3127282290085201,0.061420844895444596,0.11782252660694773,0.45096677552356834,0.894037634656635,105.0,86.0,19.5,0.0,0.1442718942752072,0.10596236534336495
"(0.02, 0.15, 0)",0.9,,B,,1631804.4525825754,0.09859659024262357,-0.2800166899658679,-0.3127282290085201,0.061420844895444596,0.11782252660694773,0.45096677552356834,0.894037634656635,105.0,86.0,19.5,0.0,0.1442718942752072,0.10596236534336495
"(0.02, 0.15, 0)",1.0,15.0,B,,1757824.2132828387,0.10639775622782632,-0.2761223135072686,-0.2877181792928877,0.08637032404426444,0.12479623256104334,0.5055219110563596,0.9895553251417789,106.0,83.5,24.5,0.0,0.16054183787897597,0.01044467485822112
"(0.02, 0.15, 0)",1.0,,B,,1757824.2132828387,0.10639775622782632,-0.2761223135072686,-0.2877181792928877,0.08637032404426444,0.12479623256104334,0.5055219110563596,0.9895553251417789,106.0,83.5,24.5,0.0,0.16054183787897597,0.01044467485822112
"(0.02, 0.15, 0.01)",0.9,15.0,B,,1638251.5407461557,0.09898831142845022,-0.28371566535611026,-0.3127282290085201,0.06177737556901612,0.11776022371490702,0.45376880319911356,0.894037634656635,106.0,85.0,19.5,1.0,0.14452995677983038,0.10596236534336495
"(0.02, 0.15, 0.01)",0.9,,B,,1618430.3898376434,0.097824002836565,-0.29670197253811653,-0.31530870437884584,0.06396467926775924,0.12133355874122131,0.46576817914015756,0.9063285158278679,129.5,79.5,19.5,29.0,0.14826636468780985,0.09367148417213222
"(0.02, 0.15, 0.01)",1.0,15.0,B,,1760253.3525409168,0.10654144515721675,-0.2761223135072686,-0.2877181792928877,0.08670857398855261,0.125091562758061,0.5061874816383521,0.9884145137289078,107.0,83.0,24.5,1.0,0.16079235953112853,0.011585486271092267
"(0.02, 0.15, 0.01)",1.0,,B,,1801247.106368673,0.10893853437587275,-0.28306968342396693,-0.3156944934432435,0.09168081711631097,0.1249057751695343,0.5147075376127614,0.9990085976988492,125.5,80.0,24.0,19.5,0.1639830218404726,0.000991402301150776
"(0.02, 0.15, 0.02)",0.9,15.0,B,,1639338.8416261412,0.09905411204625258,-0.28500465179697343,-0.3127282290085201,0.06137893134428092,0.11837567066401308,0.45264079845174626,0.894037634656635,105.5,85.0,19.5,1.0,0.1450083526429622,0.10596236534336495
"(0.02, 0.15, 0.02)",0.9,,B,,1765925.0232697693,0.10684817411744385,-0.2986949564529178,-0.31734884323997414,0.06582404389839218,0.12040293006885434,0.4660530733961575,0.906468340523024,115.0,81.0,19.5,13.5,0.14790960552789312,0.093531659476976
"(0.02, 0.15, 0.02)",1.0,15.0,B,,1757124.7839924477,0.10635631671185408,-0.2761188943778794,-0.2892763609079299,0.08704946694088778,0.12538606533504515,0.5062450382372685,0.9907123193703298,106.5,83.0,24.5,1.0,0.16113732359889293,0.009287680629670326
"(0.02, 0.15, 0.02)",1.0,,B,,1776396.6444020574,0.10748291937766152,-0.2812107064622278,-0.3126507006317911,0.08935304658591707,0.126512564042269,0.5137832987523723,0.9956021242677537,112.5,80.5,24.5,8.0,0.16437573185634807,0.004397875732246263
"(0.02, 0.15, 0.03)",0.9,15.0,B,,1639151.1101320211,0.09904275641983451,-0.2800166899658679,-0.3127282290085201,0.0616299845939793,0.1182962594013178,0.4530629775297088,0.8960625373467848,104.5,85.0,19.5,1.0,0.14553022298972862,0.1039374626532153
"(0.02, 0.15, 0.03)",0.9,,B,,1779282.253698763,0.10762113946448915,-0.30504330770313126,-0.32041776063376287,0.06572899931499514,0.1228949222008005,0.4622679865400616,0.8959874603334093,109.0,82.0,19.5,9.0,0.1471933407415801,0.10401253966659083
"(0.02, 0.15, 0.03)",1.0,15.0,B,,1759554.3716082256,0.10650013571532457,-0.2761188943778794,-0.28995795094437604,0.08738933193924332,0.12567974515633554,0.5067639001701211,0.9896894365485732,106.5,82.5,24.5,1.0,0.16165526081348391,0.010310563451426794
"(0.02, 0.15, 0.03)",1.0,,B,,1780641.0580901373,0.10773485372959946,-0.2849450326139372,-0.3078987470545763,0.09125006204199664,0.12855055563913942,0.5173349663420346,0.999006857764605,110.0,80.5,24.5,6.0,0.16520593781887555,0.0009931422353950062
"(0.02, 0.15, 0.04)",0.9,15.0,B,,1645717.0383402533,0.09943859016517054,-0.28055777475795374,-0.3127282290085201,0.061420844895444596,0.11814482232742982,0.45591047889641756,0.896823455683844,104.0,84.5,19.5,0.5,0.14530424937499703,0.10317654431615597
"(0.02, 0.15, 0.04)",0.9,,B,,1686478.9683939007,0.10178697380525548,-0.2856084959640409,-0.32263823938632274,0.06506599115528419,0.12165041279702438,0.4630935404547162,0.9067114107272303,106.0,81.5,19.5,7.0,0.14831344325483775,0.09328858927276965
"(0.02, 0.15, 0.04)",1.0,15.0,B,,1754085.177427904,0.1061758791164219,-0.2761188943778794,-0.2902159331755086,0.08772817549165819,0.12597260704281563,0.507312629705146,0.9895473776062234,106.0,82.5,24.5,1.0,0.16184009985608816,0.010452622393776551
"(0.02, 0.15, 0.04)",1.0,,B,,1813488.0110722873,0.10964449984136826,-0.276123123913832,-0.3076652282038661,0.08880819317234401,0.12838697684786374,0.5132087764594911,0.9950769338781367,108.0,82.0,24.0,3.0,0.16251086534248133,0.0049230661218633304
"(0.02, 0.15, 0.06)",0.9,15.0,B,,1639755.2428223821,0.09907929156930717,-0.2800166899658679,-0.3127282290085201,0.061420844895444596,0.11860578152701859,0.45393282874694596,0.8968333158872468,103.5,84.0,19.5,0.0,0.1457410010505472,0.10316668411275318
"(0.02, 0.15, 0.06)",0.9,,B,,1695031.5973525988,0.10246089132165326,-0.2992213759250743,-0.3234865638993685,0.0641301705773782,0.12121859170233448,0.46467133621916235,0.8958338020054883,104.5,81.0,19.5,4.0,0.14660649897548278,0.10416619799451157
"(0.02, 0.15, 0.06)",1.0,15.0,B,,1753573.830234873,0.10614546864918706,-0.2761188943778794,-0.2907318976377737,0.08840282397821102,0.12655589608070789,0.5074251499274781,0.9884145075562852,106.0,83.0,24.5,1.0,0.16199404438685505,0.011585492443714736
"(0.02, 0.15, 0.06)",1.0,,B,,1799504.7842138226,0.10883843932596238,-0.2761196349944319,-0.293182496510389,0.0902803208603293,0.13047554406574566,0.5086423503032687,0.992883170510938,107.0,82.0,24.5,2.0,0.16175332231054912,0.0071168294890620095
"(0.02, 0.15, 0.08)",0.9,15.0,B,,1649226.6813378932,0.09964905734864349,-0.2814584675586668,-0.3127282290085201,0.061420844895444596,0.11867450863218398,0.4557899445071537,0.8968333158872468,103.5,84.5,19.5,0.0,0.14570231770952202,0.10316668411275318
"(0.02, 0.15, 0.08)",0.9,,B,,1738595.6317754812,0.10519740390584631,-0.2860513773979563,-0.32690358828261756,0.0689898175061486,0.1204276647058185,0.460545730952299,0.9068063078255914,103.0,81.0,19.5,3.0,0.14731986555524543,0.09319369217440865
"(0.02, 0.15, 0.08)",1.0,15.0,B,,1757824.2132828387,0.10639775622782632,-0.2761223832972795,-0.2922510833078661,0.08907346322566219,0.1271359701662274,0.5060995288057726,0.9884145075562852,106.0,83.0,24.5,0.0,0.1623715152289173,0.011585492443714736
"(0.02, 0.15, 0.08)",1.0,,B,,1778044.0785421021,0.10758215935189552,-0.2761223832972795,-0.3177561538885898,0.08945531504788133,0.12260578587761667,0.5079117171390695,0.9926313411055354,106.0,81.5,24.5,1.0,0.16292840940251588,0.007368658894464529
"(0.02, 0.15, 0.1)",0.9,15.0,B,,1648495.4002612326,0.09960526733510766,-0.28094337357937493,-0.3127282290085201,0.061420844895444596,0.11866653270185293,0.4564893177041114,0.8968333158872468,104.0,85.0,19.5,0.0,0.14585891277807794,0.10316668411275318
"(0.02, 0.15, 0.1)",0.9,,B,,1693430.8533691529,0.1022797891880225,-0.2970407797758405,-0.3127282290085201,0.06555495050790408,0.12185843596158616,0.46073935442392056,0.8996926692840675,105.0,85.0,19.5,1.0,0.14704152136445475,0.10030733071593248
"(0.02, 0.15, 0.1)",1.0,15.0,B,,1757824.2132828387,0.10639775622782632,-0.2761223832972795,-0.29571765227240404,0.08967811516928792,0.12771286635406673,0.5060995288057726,0.989689431150468,106.0,82.5,24.5,0.0,0.16232566522475678,0.010310568849531937
"(0.02, 0.15, 0.1)",1.0,,B,,1783450.9930023088,0.10789478727109991,-0.2761223832972795,-0.3087568344665809,0.08967811516928792,0.1280554408751736,0.5060995288057726,0.9920489390946146,106.5,82.5,24.0,1.0,0.16233177162971005,0.007951060905385415
"(0.02, 0.15, 0.15)",0.9,15.0,B,,1631804.4525825754,0.09859659024262357,-0.2800166899658679,-0.3127282290085201,0.061420844895444596,0.11782252660694773,0.45096677552356834,0.894037634656635,105.0,86.0,19.5,0.0,0.1442718942752072,0.10596236534336495
"(0.02, 0.15, 0.15)",0.9,,B,,1631804.4525825754,0.09859659024262357,-0.2800166899658679,-0.3127282290085201,0.061420844895444596,0.11782252660694773,0.45096677552356834,0.894037634656635,105.0,86.0,19.5,0.0,0.1442718942752072,0.10596236534336495
"(0.02, 0.15, 0.15)",1.0,15.0,B,,1757824.2132828387,0.10639775622782632,-0.2761223135072686,-0.2877181792928877,0.08637032404426444,0.12479623256104334,0.5055219110563596,0.9895553251417789,106.0,83.5,24.5,0.0,0.16054183787897597,0.01044467485822112
"(0.02, 0.15, 0.15)",1.0,,B,,1757824.2132828387,0.10639775622782632,-0.2761223135072686,-0.2877181792928877,0.08637032404426444,0.12479623256104334,0.5055219110563596,0.9895553251417789,106.0,83.5,24.5,0.0,0.16054183787897597,0.01044467485822112
"(0.02, 0.2, 0)",0.9,15.0,B,,1572935.7207995048,0.09489181702338034,-0.3130016650564109,-0.3130127259860267,0.06763237557226594,0.10962265192598285,0.46047609683174945,0.882097483592677,99.0,87.0,13.0,0.0,0.15173002652214576,0.11790251640732301
"(0.02, 0.2, 0)",0.9,,B,,1572935.7207995048,0.09489181702338034,-0.3130016650564109,-0.3130127259860267,0.06763237557226594,0.10962265192598285,0.46047609683174945,0.882097483592677,99.0,87.0,13.0,0.0,0.15173002652214576,0.11790251640732301
"(0.02, 0.2, 0)",1.0,15.0,B,,1730189.5608160344,0.10471061163297701,-0.31575926280753974,-0.32352715621203165,0.07721164189122473,0.12783669125475283,0.5037101748043669,0.9928439058996239,102.0,87.0,16.0,0.0,0.1660126471294372,0.007156094100376121
"(0.02, 0.2, 0)",1.0,,B,,1730189.5608160344,0.10471061163297701,-0.31575926280753974,-0.32352715621203165,0.07721164189122473,0.12783669125475283,0.5037101748043669,0.9928439058996239,102.0,87.0,16.0,0.0,0.1660126471294372,0.007156094100376121
"(0.02, 0.2, 0.01)",0.9,15.0,B,,1584640.662165647,0.09565556128917851,-0.3127091017043892,-0.3135928547909782,0.0709077522203263,0.11047368345852003,0.4578927099993159,0.8783127030854657,102.0,86.0,13.0,4.0,0.15227104121724083,0.12168729691453423
"(0.02, 0.2, 0.01)",0.9,,B,,1598737.3945526853,0.09656912192004619,-0.3150573163323506,-0.3205135918504396,0.0768978711333981,0.11719914199238601,0.47632870835467667,0.9057152123752,131.0,80.0,13.0,38.0,0.1560852668765529,0.09428478762480005
"(0.02, 0.2, 0.01)",1.0,15.0,B,,1742074.9628341007,0.10541188654114964,-0.31915112839813514,-0.3245767179018847,0.07776664582257282,0.12878060395604823,0.5039442248688706,0.9917043626738532,105.0,87.0,16.0,3.0,0.16651027133647345,0.00829563732614672
"(0.02, 0.2, 0.01)",1.0,,B,,1848739.2047390004,0.11165824017486059,-0.3428549526252049,-0.34587394983480363,0.07914946244090408,0.12991495854098808,0.5266399517098879,0.9991653638732033,140.5,83.0,16.0,39.5,0.17122855771739315,0.0008346361267967132
"(0.02, 0.2, 0.02)",0.9,15.0,B,,1580866.5264743473,0.09540976034308846,-0.31545957452814005,-0.31722997867554054,0.07227469941162726,0.11172602244174697,0.46092369160007673,0.8823044539399894,102.0,86.0,13.0,4.0,0.15337221204553292,0.11769554606001065
"(0.02, 0.2, 0.02)",0.9,,B,,1644392.2811417757,0.09946367279986867,-0.31405823574199876,-0.3213261730688181,0.07344404168465021,0.1160465039078276,0.4725911281499773,0.9059861801035769,111.5,81.5,13.0,17.0,0.15611394491122496,0.09401381989642318
"(0.02, 0.2, 0.02)",1.0,15.0,B,,1754004.4190902153,0.10611025048082112,-0.32254792290829365,-0.32515992507927494,0.07829985090834038,0.13020370758573713,0.5060011631019727,0.9927414576012594,105.0,87.5,16.0,3.0,0.16721639842831704,0.007258542398740587
"(0.02, 0.2, 0.02)",1.0,,B,,1796408.402345365,0.10865777257911013,-0.33666586450125074,-0.34175182177842633,0.07749706812150987,0.13475308044314666,0.5227044309500801,0.998755898491038,118.5,83.0,16.0,18.5,0.16994971803043485,0.0012441015089620373
"(0.02, 0.2, 0.03)",0.9,15.0,B,,1580661.8471439371,0.09539632896409533,-0.31313880785327763,-0.31579986831024776,0.07296490367223382,0.11251650067342077,0.4628725403387527,0.8804646495096293,100.5,84.0,13.0,4.0,0.15405214139314793,0.11953535049037073
"(0.02, 0.2, 0.03)",0.9,,B,,1646105.7671970928,0.09958340112099184,-0.3134930666572528,-0.32070229910706416,0.07265563296030744,0.11606944730439198,0.47325487032163716,0.8952972032827922,105.5,82.5,13.0,11.0,0.15632578428813482,0.10470279671720778
"(0.02, 0.2, 0.03)",1.0,15.0,B,,1768325.168118887,0.10694944722614896,-0.3252838858668236,-0.32806369592661955,0.07850726739204075,0.1310990900985208,0.5083449455623743,0.9927694612160787,105.0,87.0,16.0,3.0,0.1676365446058916,0.0072305387839213565
"(0.02, 0.2, 0.03)",1.0,,B,,1828013.3230657075,0.11044969089661616,-0.3420137087693168,-0.3479502512468633,0.08474670296754094,0.13391699387435038,0.5306252011640209,0.9987613405429989,111.0,83.0,16.0,12.0,0.17206993694330702,0.0012386594570011446
"(0.02, 0.2, 0.04)",0.9,15.0,B,,1581354.4941517524,0.09544205298827979,-0.31588879251173335,-0.3194294032473285,0.07235549844832465,0.1132342191423245,0.4642610703842217,0.8906540156225324,100.0,83.0,13.0,4.0,0.15532827289903042,0.10934598437746762
"(0.02, 0.2, 0.04)",0.9,,B,,1621803.6690156893,0.09796646679668808,-0.3147999121948973,-0.3248860830577561,0.0747900816747589,0.11457319530068025,0.4757759754542488,0.9062141638943971,101.5,81.5,13.0,8.0,0.15720338119723895,0.09378583610560295
"(0.02, 0.2, 0.04)",1.0,15.0,B,,1781629.1271134184,0.10774462931029694,-0.3284523120298541,-0.3320044793768257,0.07893605754563435,0.13199076798445297,0.5088066712104409,0.9940622037072551,105.0,86.5,16.0,3.0,0.16791071597885926,0.005937796292744973
"(0.02, 0.2, 0.04)",1.0,,B,,1785937.4656834141,0.10804994003347967,-0.3406579719664,-0.3469945690339498,0.0788834355205286,0.13496381743457098,0.5209750406551223,0.9981060526757841,107.5,83.0,16.0,8.0,0.17124474591636143,0.0018939473242158165
"(0.02, 0.2, 0.06)",0.9,15.0,B,,1592445.666767023,0.0961605184250579,-0.3172451674185254,-0.32254456707437407,0.07385195936505635,0.11541514580388823,0.4622040582029828,0.8904142996166623,99.0,84.0,13.0,3.0,0.15506606128181363,0.10958570038333769
"(0.02, 0.2, 0.06)",0.9,,B,,1639782.970549265,0.0990822546931085,-0.3198210031817191,-0.32390570502653054,0.07291783495818456,0.11479345286774806,0.470844978124645,0.8948733380602607,100.0,83.0,13.0,5.0,0.15561132558189497,0.10512666193973921
"(0.02, 0.2, 0.06)",1.0,15.0,B,,1808406.800092712,0.10932375057771371,-0.3347748637897709,-0.33832486609401086,0.07958789223765605,0.1320350771818006,0.5122797907790062,0.9935436212698443,104.0,87.0,16.0,2.0,0.16881754678670594,0.006456378730155603
"(0.02, 0.2, 0.06)",1.0,,B,,1741312.0216899791,0.10541512547201337,-0.34102679195262664,-0.3547455388753124,0.08373327865219704,0.13258946598565355,0.5248332253818724,0.9989426751277216,103.5,82.0,16.0,5.0,0.1716608043968428,0.0010573248722783968
"(0.02, 0.2, 0.08)",0.9,15.0,B,,1602095.7481945613,0.09678400722669522,-0.320280776929314,-0.3273206857570045,0.07442181945004578,0.11406688057220545,0.46443552349858797,0.9062298267357936,96.5,81.5,13.0,2.5,0.15617648175482546,0.0937701732642065
"(0.02, 0.2, 0.08)",0.9,,B,,1690357.8475927515,0.10233171682744957,-0.320280776929314,-0.3273206857570045,0.07448091126263032,0.11646967950852422,0.47144405577881865,0.9062298267357936,97.5,82.0,13.0,4.0,0.15644950287205373,0.0937701732642065
"(0.02, 0.2, 0.08)",1.0,15.0,B,,1811213.837962522,0.10947161674965367,-0.34027806989918724,-0.34468505673076416,0.07888704791531234,0.13323435285457816,0.5108388236040706,0.9979784954619564,103.5,87.0,16.0,1.5,0.17011007281532262,0.0020215045380436152
"(0.02, 0.2, 0.08)",1.0,,B,,1748685.0121467682,0.10584925906932585,-0.3491641201798044,-0.3558144740589373,0.08665021034465412,0.13263740541442676,0.5201846872972846,0.9988164258610188,103.0,84.0,16.0,3.0,0.17155432546079552,0.0011835741389812455
"(0.02, 0.2, 0.1)",0.9,15.0,B,,1594330.2961913156,0.09628432721702651,-0.3130016650564109,-0.3130127259860267,0.0703884827621409,0.11257108558624813,0.46493837343943323,0.882097515906926,99.0,85.0,13.0,1.0,0.15431440169646166,0.1179024840930741
"(0.02, 0.2, 0.1)",0.9,,B,,1696863.476096834,0.10272659035704634,-0.3130032003205343,-0.31301272767925004,0.07031287866351668,0.11542156851602303,0.471704851220178,0.8962910853764134,99.0,85.0,13.0,2.0,0.15592189626748654,0.10370891462358663
"(0.02, 0.2, 0.1)",1.0,15.0,B,,1826792.4468748441,0.1103855807469677,-0.3436458802728806,-0.34913028055693424,0.07751573268399277,0.13381861948716484,0.5093828910383518,0.9981907723166683,102.5,85.5,16.0,1.0,0.1696380702883882,0.0018092276833316693
"(0.02, 0.2, 0.1)",1.0,,B,,1724620.374146854,0.10441488574381375,-0.3436458802728806,-0.34913028055693424,0.08430682593912849,0.13381861948716484,0.5186138123655399,0.9982133071999435,103.0,85.0,16.0,2.0,0.1720779700939749,0.0017866928000564676
"(0.02, 0.2, 0.15)",0.9,15.0,B,,1625028.7055939876,0.09825186740949388,-0.3130016650564109,-0.3130127259860267,0.07157020537298042,0.11381615194975266,0.4664561133201216,0.8856889929572906,99.0,86.0,13.0,1.0,0.15420407130883243,0.1143110070427093
"(0.02, 0.2, 0.15)",0.9,,B,,1625028.7055939876,0.09825186740949388,-0.3130016650564109,-0.3130127259860267,0.07157020537298042,0.11381615194975266,0.4664561133201216,0.8856889929572906,99.0,86.0,13.0,1.0,0.15420407130883243,0.1143110070427093
"(0.02, 0.2, 0.15)",1.0,15.0,B,,1823515.9234468336,0.11022082145322143,-0.34442981054231814,-0.3548584678219084,0.08019563577738476,0.13307440258799774,0.510497784342285,0.9925934516517756,99.5,82.5,16.5,1.0,0.16977347060871703,0.007406548348224323
"(0.02, 0.2, 0.15)",1.0,,B,,1733648.1975967484,0.10495309619253168,-0.3505649874732629,-0.3548584678219084,0.08200740833299598,0.12988142811611045,0.5113179799853829,0.9904977162702627,100.5,83.5,16.0,1.5,0.16939686352984584,0.009502283729737266
"(0.03, 0.02, 0)",0.9,15.0,B,,1465715.3736912617,0.0876451391713573,-0.2370893882191748,-0.23708983179447682,0.08752839988174195,0.08766245239504426,0.40172611418871146,0.8843323173447926,161.0,81.0,80.0,0.0,0.11091975190704614,0.11566768265520735
"(0.03, 0.02, 0)",0.9,,B,,1465715.3736912617,0.0876451391713573,-0.2370893882191748,-0.23708983179447682,0.08752839988174195,0.08766245239504426,0.40172611418871146,0.8843323173447926,161.0,81.0,80.0,0.0,0.11091975190704614,0.11566768265520735
"(0.03, 0.02, 0)",1.0,15.0,B,,1499708.269405807,0.08999330528691374,-0.25382209695007857,-0.25382253586531883,0.0898886733107576,0.09022178006272123,0.411918608146434,0.9980504276842375,164.0,83.0,81.0,0.0,0.11485612446795912,0.0019495723157624796
"(0.03, 0.02, 0)",1.0,,B,,1499708.269405807,0.08999330528691374,-0.25382209695007857,-0.25382253586531883,0.0898886733107576,0.09022178006272123,0.411918608146434,0.9980504276842375,164.0,83.0,81.0,0.0,0.11485612446795912,0.0019495723157624796
"(0.03, 0.02, 0.01)",0.9,15.0,B,,1465715.3736912617,0.0876451391713573,-0.2370893882191748,-0.23708983179447682,0.08752839988174195,0.08766245239504426,0.40172611418871146,0.8843323173447926,161.0,81.0,80.0,0.0,0.11091975190704614,0.11566768265520735
"(0.03, 0.02, 0.01)",0.9,,B,,1736735.2110830655,0.10514235097875269,-0.2598104670290284,-0.2611987463043411,0.10416626354468098,0.10762543100044444,0.44060894001641593,0.8978863377941582,234.0,79.0,72.0,83.0,0.1272747946473543,0.10211366220584181
"(0.03, 0.02, 0.01)",1.0,15.0,B,,1499708.269405807,0.08999330528691374,-0.25382209695007857,-0.25382253586531883,0.0898886733107576,0.09022178006272123,0.411918608146434,0.9980504276842375,164.0,83.0,81.0,0.0,0.11485612446795912,0.0019495723157624796
"(0.03, 0.02, 0.01)",1.0,,B,,1885527.2947634864,0.11372049076666313,-0.27838988512716184,-0.2783903802185212,0.11253059907903387,0.11503710346817239,0.472704036139246,0.997969066949508,263.0,79.0,77.0,107.0,0.13797528951120686,0.0020309330504919157
"(0.03, 0.02, 0.02)",0.9,15.0,B,,1465715.3736912617,0.0876451391713573,-0.2370893882191748,-0.23708983179447682,0.08752839988174195,0.08766245239504426,0.40172611418871146,0.8843323173447926,161.0,81.0,80.0,0.0,0.11091975190704614,0.11566768265520735
"(0.03, 0.02, 0.02)",0.9,,B,,1742777.5959356003,0.10550343791316885,-0.2628731054576248,-0.2681521846327886,0.10346071283458999,0.10733708284783158,0.44315274717006453,0.8944621784924491,194.0,80.0,67.0,48.0,0.1281942936327775,0.10553782150755082
"(0.03, 0.02, 0.02)",1.0,15.0,B,,1499708.269405807,0.08999330528691374,-0.25382209695007857,-0.25382253586531883,0.0898886733107576,0.09022178006272123,0.411918608146434,0.9980504276842375,164.0,83.0,81.0,0.0,0.11485612446795912,0.0019495723157624796
"(0.03, 0.02, 0.02)",1.0,,B,,1893319.1447226005,0.11415264217207599,-0.29619449765732786,-0.29822172593211693,0.1115131257296108,0.11535293725973847,0.476319734395799,0.9974574626756518,213.0,82.0,67.0,64.0,0.1404516933990723,0.002542537324348158
"(0.03, 0.02, 0.03)",0.9,15.0,B,,1465715.3736912617,0.0876451391713573,-0.2370893882191748,-0.23708983179447682,0.08752839988174195,0.08766245239504426,0.40172611418871146,0.8843323173447926,161.0,81.0,80.0,0.0,0.11091975190704614,0.11566768265520735
"(0.03, 0.02, 0.03)",0.9,,B,,1759200.088874882,0.10647903003076287,-0.2621407062988921,-0.26416708626009233,0.10291099609833092,0.11026310506934485,0.43971112020352743,0.8979334851194662,176.0,78.5,67.0,31.0,0.12789863997174578,0.10206651488053377
"(0.03, 0.02, 0.03)",1.0,15.0,B,,1499708.269405807,0.08999330528691374,-0.25382209695007857,-0.25382253586531883,0.0898886733107576,0.09022178006272123,0.411918608146434,0.9980504276842375,164.0,83.0,81.0,0.0,0.11485612446795912,0.0019495723157624796
"(0.03, 0.02, 0.03)",1.0,,B,,1924338.2497836822,0.1158570189775352,-0.291909328547037,-0.30431457788637045,0.11310814060089278,0.11938302335358963,0.4725524237132424,0.9976716963572712,192.0,80.0,68.5,43.5,0.14016161724740606,0.0023283036427288245
"(0.03, 0.02, 0.04)",0.9,15.0,B,,1465715.3736912617,0.0876451391713573,-0.2370893882191748,-0.23708983179447682,0.08752839988174195,0.08766245239504426,0.40172611418871146,0.8843323173447926,161.0,81.0,80.0,0.0,0.11091975190704614,0.11566768265520735
"(0.03, 0.02, 0.04)",0.9,,B,,1717035.31680995,0.10395672949629386,-0.26392695325521176,-0.2730830393323121,0.10154851425018241,0.11116231060679659,0.4379184054668366,0.8925410784470491,168.0,78.5,67.0,22.0,0.12791133116496364,0.1074589215529509
"(0.03, 0.02, 0.04)",1.0,15.0,B,,1499708.269405807,0.08999330528691374,-0.25382209695007857,-0.25382253586531883,0.0898886733107576,0.09022178006272123,0.411918608146434,0.9980504276842375,164.0,83.0,81.0,0.0,0.11485612446795912,0.0019495723157624796
"(0.03, 0.02, 0.04)",1.0,,B,,1932620.6799293936,0.11630747163192445,-0.2939829305500194,-0.29549087743019303,0.11288999362579999,0.12152879608980392,0.4706570622542054,0.9976894276091296,179.5,79.0,69.0,32.0,0.140042417181329,0.0023105723908704023
"(0.03, 0.02, 0.06)",0.9,15.0,B,,1465715.3736912617,0.0876451391713573,-0.2370893882191748,-0.23708983179447682,0.08752839988174195,0.08766245239504426,0.40172611418871146,0.8843323173447926,161.0,81.0,80.0,0.0,0.11091975190704614,0.11566768265520735
"(0.03, 0.02, 0.06)",0.9,,B,,1698207.1890033071,0.10281204029381819,-0.2630245597601754,-0.2701137988972471,0.09949905336090395,0.11255671359172902,0.43907339373203025,0.8931801144045869,161.5,78.0,69.0,14.0,0.12813486773036928,0.10681988559541311
"(0.03, 0.02, 0.06)",1.0,15.0,B,,1499708.269405807,0.08999330528691374,-0.25382209695007857,-0.25382253586531883,0.0898886733107576,0.09022178006272123,0.411918608146434,0.9980504276842375,164.0,83.0,81.0,0.0,0.11485612446795912,0.0019495723157624796
"(0.03, 0.02, 0.06)",1.0,,B,,1874369.574737099,0.11309885239820294,-0.29387698180990657,-0.3007643959202427,0.10766994365329248,0.12227791224554778,0.46940265723987973,0.9976050706280446,168.5,78.0,69.0,20.0,0.14050652305351805,0.0023949293719553273
"(0.03, 0.02, 0.08)",0.9,15.0,B,,1465715.3736912617,0.0876451391713573,-0.2370893882191748,-0.23708983179447682,0.08752839988174195,0.08766245239504426,0.40172611418871146,0.8843323173447926,161.0,81.0,80.0,0.0,0.11091975190704614,0.11566768265520735
"(0.03, 0.02, 0.08)",0.9,,B,,1699013.341217787,0.10286121673858073,-0.2662784977415705,-0.2818232864425265,0.0994127001223943,0.11457076657654594,0.43582573727721635,0.8951849667213378,157.0,78.5,68.5,11.0,0.12866001291165827,0.10481503327866212
"(0.03, 0.02, 0.08)",1.0,15.0,B,,1499708.269405807,0.08999330528691374,-0.25382209695007857,-0.25382253586531883,0.0898886733107576,0.09022178006272123,0.411918608146434,0.9980504276842375,164.0,83.0,81.0,0.0,0.11485612446795912,0.0019495723157624796
"(0.03, 0.02, 0.08)",1.0,,B,,1856276.2916184892,0.1120837617662439,-0.29676899145366054,-0.3035252925173225,0.10794656757423327,0.12494574444954147,0.47137549059745304,0.999127908692361,165.0,79.0,71.0,15.0,0.14113536974006302,0.000872091307638941
"(0.03, 0.02, 0.1)",0.9,15.0,B,,1465715.3736912617,0.0876451391713573,-0.2370893882191748,-0.23708983179447682,0.08752839988174195,0.08766245239504426,0.40172611418871146,0.8843323173447926,161.0,81.0,80.0,0.0,0.11091975190704614,0.11566768265520735
"(0.03, 0.02, 0.1)",0.9,,B,,1732548.1920581884,0.10488878179420924,-0.26331188994343896,-0.28132295242692396,0.09765654281717376,0.11725910562136872,0.4366709719629738,0.8953872174981724,154.5,77.5,67.5,9.0,0.12929847829173902,0.10461278250182762
"(0.03, 0.02, 0.1)",1.0,15.0,B,,1499708.269405807,0.08999330528691374,-0.25382209695007857,-0.25382253586531883,0.0898886733107576,0.09022178006272123,0.411918608146434,0.9980504276842375,164.0,83.0,81.0,0.0,0.11485612446795912,0.0019495723157624796
"(0.03, 0.02, 0.1)",1.0,,B,,1910664.1690731621,0.11510879199986435,-0.29441644928332683,-0.30729748864015644,0.10697482804086053,0.12719859170827874,0.470686786634792,0.9940058726561146,162.0,79.0,71.5,12.0,0.14181427797653667,0.005994127343885418
"(0.03, 0.02, 0.15)",0.9,15.0,B,,1465715.3736912617,0.0876451391713573,-0.2370893882191748,-0.23708983179447682,0.08752839988174195,0.08766245239504426,0.40172611418871146,0.8843323173447926,161.0,81.0,80.0,0.0,0.11091975190704614,0.11566768265520735
"(0.03, 0.02, 0.15)",0.9,,B,,1795395.03924486,0.10859755884494549,-0.2695478138168786,-0.2880228476554734,0.09340347274743374,0.11838477486753707,0.424939522725438,0.8909624353383205,150.0,76.0,65.0,5.0,0.13073471252223856,0.10903756466167935
"(0.03, 0.02, 0.15)",1.0,15.0,B,,1499708.269405807,0.08999330528691374,-0.25382209695007857,-0.25382253586531883,0.0898886733107576,0.09022178006272123,0.411918608146434,0.9980504276842375,164.0,83.0,81.0,0.0,0.11485612446795912,0.0019495723157624796
"(0.03, 0.02, 0.15)",1.0,,B,,1896898.9187136516,0.11435002267331806,-0.29778633447591235,-0.3245706422135556,0.10402185670497069,0.12888273851700902,0.4564045926966601,0.9979803166367365,154.5,79.0,68.0,8.0,0.14266315758516337,0.0020196833632635655
"(0.03, 0.03, 0)",0.9,15.0,B,,1641573.4375730348,0.09929985180455936,-0.24882332581142436,-0.2509147079499309,0.09899573398490033,0.09994822123272037,0.44638190696871716,0.8931267225279762,152.0,80.0,72.0,0.0,0.12459973470932001,0.1068732774720237
"(0.03, 0.03, 0)",0.9,,B,,1641573.4375730348,0.09929985180455936,-0.24882332581142436,-0.2509147079499309,0.09899573398490033,0.09994822123272037,0.44638190696871716,0.8931267225279762,152.0,80.0,72.0,0.0,0.12459973470932001,0.1068732774720237
"(0.03, 0.03, 0)",1.0,15.0,B,,1705483.9608177878,0.10325635388073706,-0.2719623462977303,-0.2719631651878594,0.10323926459852459,0.10337041972656517,0.4539420561274146,0.9977099769562895,156.0,81.0,75.0,0.0,0.1289647633847451,0.0022900230437105
"(0.03, 0.03, 0)",1.0,,B,,1705483.9608177878,0.10325635388073706,-0.2719623462977303,-0.2719631651878594,0.10323926459852459,0.10337041972656517,0.4539420561274146,0.9977099769562895,156.0,81.0,75.0,0.0,0.1289647633847451,0.0022900230437105
"(0.03, 0.03, 0.01)",0.9,15.0,B,,1641573.4375730348,0.09929985180455936,-0.24882332581142436,-0.2509147079499309,0.09899573398490033,0.09994822123272037,0.44638190696871716,0.8931267225279762,152.0,80.0,72.0,0.0,0.12459973470932001,0.1068732774720237
"(0.03, 0.03, 0.01)",0.9,,B,,1717513.7404212304,0.10398602196339568,-0.2712612757530237,-0.2727913837289424,0.10283927088898814,0.10489397828968845,0.45940675520543395,0.901358867698315,201.0,79.0,63.0,59.0,0.13116198742232535,0.098641132301685
"(0.03, 0.03, 0.01)",1.0,15.0,B,,1705483.9608177878,0.10325635388073706,-0.2719623462977303,-0.2719631651878594,0.10323926459852459,0.10337041972656517,0.4539420561274146,0.9977099769562895,156.0,81.0,75.0,0.0,0.1289647633847451,0.0022900230437105
"(0.03, 0.03, 0.01)",1.0,,B,,1922521.0819156636,0.11575772695043562,-0.2901669924007792,-0.29245868155823834,0.11414074396819732,0.11715565433729355,0.4854324681678403,0.9986919156306433,226.0,80.5,67.0,78.0,0.14184532431241564,0.0013080843693565464
"(0.03, 0.03, 0.02)",0.9,15.0,B,,1641573.4375730348,0.09929985180455936,-0.24882332581142436,-0.2509147079499309,0.09899573398490033,0.09994822123272037,0.44638190696871716,0.8931267225279762,152.0,80.0,72.0,0.0,0.12459973470932001,0.1068732774720237
"(0.03, 0.03, 0.02)",0.9,,B,,1737602.4054428134,0.10519422294539904,-0.2798058601911584,-0.28872881576468584,0.10254810007499675,0.10839737765632816,0.45322527876948404,0.9037910950559851,171.0,79.0,61.0,30.5,0.13028619392657226,0.09620890494401488
"(0.03, 0.03, 0.02)",1.0,15.0,B,,1705483.9608177878,0.10325635388073706,-0.2719623462977303,-0.2719631651878594,0.10323926459852459,0.10337041972656517,0.4539420561274146,0.9977099769562895,156.0,81.0,75.0,0.0,0.1289647633847451,0.0022900230437105
"(0.03, 0.03, 0.02)",1.0,,B,,1911303.7211010135,0.11514386503219132,-0.3053638360743896,-0.3139534317925626,0.11389399564180638,0.11715280973521096,0.4888873656691021,0.9987400654818154,190.0,81.0,64.0,45.0,0.14336375611364857,0.001259934518184644
"(0.03, 0.03, 0.03)",0.9,15.0,B,,1641573.4375730348,0.09929985180455936,-0.24882332581142436,-0.2509147079499309,0.09899573398490033,0.09994822123272037,0.44638190696871716,0.8931267225279762,152.0,80.0,72.0,0.0,0.12459973470932001,0.1068732774720237
"(0.03, 0.03, 0.03)",0.9,,B,,1744565.5481443116,0.10561008218113976,-0.2717537127746372,-0.2796887442169368,0.10180100525996996,0.11050100176284068,0.4540922359675379,0.9038533463376929,160.0,78.5,62.0,19.0,0.13062447064298432,0.09614665366230707
"(0.03, 0.03, 0.03)",1.0,15.0,B,,1705483.9608177878,0.10325635388073706,-0.2719623462977303,-0.2719631651878594,0.10323926459852459,0.10337041972656517,0.4539420561274146,0.9977099769562895,156.0,81.0,75.0,0.0,0.1289647633847451,0.0022900230437105
"(0.03, 0.03, 0.03)",1.0,,B,,1946282.4180002308,0.11704783563153787,-0.2925936264521615,-0.29259583830030883,0.11406390854631365,0.12044891361876367,0.4853036017312449,0.9957589679730032,173.0,80.0,65.0,28.0,0.14221716943639867,0.004241032026996679
"(0.03, 0.03, 0.04)",0.9,15.0,B,,1641573.4375730348,0.09929985180455936,-0.24882332581142436,-0.2509147079499309,0.09899573398490033,0.09994822123272037,0.44638190696871716,0.8931267225279762,152.0,80.0,72.0,0.0,0.12459973470932001,0.1068732774720237
"(0.03, 0.03, 0.04)",0.9,,B,,1743285.9689335101,0.10553347295362314,-0.2742009575445909,-0.2804229265763445,0.1010149794840354,0.11149030426810491,0.45512380230816507,0.9039520446256062,155.5,79.5,62.0,15.0,0.13096415127046102,0.0960479553743938
"(0.03, 0.03, 0.04)",1.0,15.0,B,,1705483.9608177878,0.10325635388073706,-0.2719623462977303,-0.2719631651878594,0.10323926459852459,0.10337041972656517,0.4539420561274146,0.9977099769562895,156.0,81.0,75.0,0.0,0.1289647633847451,0.0022900230437105
"(0.03, 0.03, 0.04)",1.0,,B,,1899954.9930294435,0.11451879119901132,-0.29593180157837456,-0.3045747221418937,0.1118980922283644,0.12153974206629323,0.48764040114961515,0.9934566907385189,165.0,79.0,65.0,20.5,0.14298466922778197,0.006543309261480955
"(0.03, 0.03, 0.06)",0.9,15.0,B,,1641573.4375730348,0.09929985180455936,-0.24882332581142436,-0.2509147079499309,0.09899573398490033,0.09994822123272037,0.44638190696871716,0.8931267225279762,152.0,80.0,72.0,0.0,0.12459973470932001,0.1068732774720237
"(0.03, 0.03, 0.06)",0.9,,B,,1742282.0984648825,0.10547154219455834,-0.27071432932335454,-0.2828041463652931,0.10129173396210304,0.11208311213019,0.45269528662294845,0.9038245431316598,151.0,78.5,63.0,9.0,0.13052250480317826,0.09617545686834011
"(0.03, 0.03, 0.06)",1.0,15.0,B,,1705483.9608177878,0.10325635388073706,-0.2719623462977303,-0.2719631651878594,0.10323926459852459,0.10337041972656517,0.4539420561274146,0.9977099769562895,156.0,81.0,75.0,0.0,0.1289647633847451,0.0022900230437105
"(0.03, 0.03, 0.06)",1.0,,B,,1878279.089452759,0.11331653267211428,-0.29780955202381404,-0.3086600377335763,0.11011982883521107,0.12262398807292155,0.48625028603240833,0.997051638444292,158.5,80.0,66.0,13.0,0.14329199723908218,0.002948361555707887
"(0.03, 0.03, 0.08)",0.9,15.0,B,,1641573.4375730348,0.09929985180455936,-0.24882332581142436,-0.2509147079499309,0.09899573398490033,0.09994822123272037,0.44638190696871716,0.8931267225279762,152.0,80.0,72.0,0.0,0.12459973470932001,0.1068732774720237
"(0.03, 0.03, 0.08)",0.9,,B,,1719462.4438965484,0.10410291504163738,-0.2688725195827779,-0.28805157914093676,0.09934118946113331,0.11373297431971956,0.4517451886965211,0.9038404539502738,148.5,78.0,63.5,7.0,0.13122084234422696,0.09615954604972612
"(0.03, 0.03, 0.08)",1.0,15.0,B,,1705483.9608177878,0.10325635388073706,-0.2719623462977303,-0.2719631651878594,0.10323926459852459,0.10337041972656517,0.4539420561274146,0.9977099769562895,156.0,81.0,75.0,0.0,0.1289647633847451,0.0022900230437105
"(0.03, 0.03, 0.08)",1.0,,B,,1898572.537151461,0.11444307347639648,-0.30128744011238767,-0.31042886198297287,0.10861234862564564,0.12529611334127505,0.4851859433625133,0.9921343272438727,155.0,79.0,66.0,10.0,0.1431135380496878,0.007865672756127238
"(0.03, 0.03, 0.1)",0.9,15.0,B,,1641573.4375730348,0.09929985180455936,-0.24882332581142436,-0.2509147079499309,0.09899573398490033,0.09994822123272037,0.44638190696871716,0.8931267225279762,152.0,80.0,72.0,0.0,0.12459973470932001,0.1068732774720237
"(0.03, 0.03, 0.1)",0.9,,B,,1760769.0599641846,0.10657195190885704,-0.2690993101722901,-0.2925627505000904,0.09914918293998858,0.11139035152795614,0.44719655102030675,0.8889599213193593,147.5,79.0,63.0,4.0,0.12927477016878455,0.11104007868064072
"(0.03, 0.03, 0.1)",1.0,15.0,B,,1705483.9608177878,0.10325635388073706,-0.2719623462977303,-0.2719631651878594,0.10323926459852459,0.10337041972656517,0.4539420561274146,0.9977099769562895,156.0,81.0,75.0,0.0,0.1289647633847451,0.0022900230437105
"(0.03, 0.03, 0.1)",1.0,,B,,1837651.3572425172,0.11102925876542069,-0.2959139395238581,-0.32348704057338445,0.10695785538816369,0.12769671347639533,0.4803052820539878,0.998097435273564,152.5,79.5,66.0,7.5,0.14232193698015966,0.001902564726435992
"(0.03, 0.03, 0.15)",0.9,15.0,B,,1641573.4375730348,0.09929985180455936,-0.24882332581142436,-0.2509147079499309,0.09899573398490033,0.09994822123272037,0.44638190696871716,0.8931267225279762,152.0,80.0,72.0,0.0,0.12459973470932001,0.1068732774720237
"(0.03, 0.03, 0.15)",0.9,,B,,1801600.9120036054,0.10896076727342308,-0.26234472006477805,-0.2713492280400308,0.10355030620778594,0.11285078547667263,0.4470617184447272,0.8939142438917873,146.0,78.0,65.0,3.0,0.13061859840819523,0.10608575610821272
"(0.03, 0.03, 0.15)",1.0,15.0,B,,1705483.9608177878,0.10325635388073706,-0.2719623462977303,-0.2719631651878594,0.10323926459852459,0.10337041972656517,0.4539420561274146,0.9977099769562895,156.0,81.0,75.0,0.0,0.1289647633847451,0.0022900230437105
"(0.03, 0.03, 0.15)",1.0,,B,,1935011.1663677003,0.11643340427340254,-0.30422548742211675,-0.3298118438176065,0.10551994713542319,0.1288473800866788,0.4770344594077678,0.9981080417413113,149.5,80.0,64.0,5.0,0.14410365950047777,0.0018919582586887052
"(0.03, 0.04, 0)",0.9,15.0,B,,1728114.0303457994,0.10462334434894838,-0.25933184023404265,-0.2593335447689822,0.10330723174256953,0.10783724935921782,0.46458205933629915,0.9028782556979648,143.5,81.5,62.0,0.0,0.13061507610198567,0.09712174430203523
"(0.03, 0.04, 0)",0.9,,B,,1728114.0303457994,0.10462334434894838,-0.25933184023404265,-0.2593335447689822,0.10330723174256953,0.10783724935921782,0.46458205933629915,0.9028782556979648,143.5,81.5,62.0,0.0,0.13061507610198567,0.09712174430203523
"(0.03, 0.04, 0)",1.0,15.0,B,,1844816.7802236206,0.11143610989492947,-0.2856185697262902,-0.2888285357956929,0.10876542695836182,0.11233001500426032,0.48865370705754496,0.9933340859712436,149.0,81.0,68.0,0.0,0.1397542255753221,0.006665914028756357
"(0.03, 0.04, 0)",1.0,,B,,1844816.7802236206,0.11143610989492947,-0.2856185697262902,-0.2888285357956929,0.10876542695836182,0.11233001500426032,0.48865370705754496,0.9933340859712436,149.0,81.0,68.0,0.0,0.1397542255753221,0.006665914028756357
"(0.03, 0.04, 0.01)",0.9,15.0,B,,1728114.0303457994,0.10462334434894838,-0.25933184023404265,-0.2593335447689822,0.10330723174256953,0.10783724935921782,0.46458205933629915,0.9028782556979648,143.5,81.5,62.0,0.0,0.13061507610198567,0.09712174430203523
"(0.03, 0.04, 0.01)",0.9,,B,,1744058.6576032354,0.10557984743921067,-0.2829316145186748,-0.29048608913968577,0.1023528142126116,0.108815725526345,0.46849723869907756,0.903917294832381,167.0,79.0,59.0,29.0,0.1338527144991552,0.09608270516761894
"(0.03, 0.04, 0.01)",1.0,15.0,B,,1844816.7802236206,0.11143610989492947,-0.2856185697262902,-0.2888285357956929,0.10876542695836182,0.11233001500426032,0.48865370705754496,0.9933340859712436,149.0,81.0,68.0,0.0,0.1397542255753221,0.006665914028756357
"(0.03, 0.04, 0.01)",1.0,,B,,1911427.2144802539,0.11515058452816151,-0.3033854849432439,-0.30539843844339926,0.1132498991855628,0.11789764641449149,0.5091183735616702,0.996653502534786,196.5,81.0,61.0,54.5,0.14673391898964983,0.003346497465213998
"(0.03, 0.04, 0.02)",0.9,15.0,B,,1728114.0303457994,0.10462334434894838,-0.25933184023404265,-0.2593335447689822,0.10330723174256953,0.10783724935921782,0.46458205933629915,0.9028782556979648,143.5,81.5,62.0,0.0,0.13061507610198567,0.09712174430203523
"(0.03, 0.04, 0.02)",0.9,,B,,1745137.9647295806,0.10564401865030981,-0.28612285418114763,-0.2887543235341609,0.10249820784628152,0.10946079724278937,0.47007582883745447,0.9003226742357089,151.0,79.0,59.0,13.5,0.13382121289113277,0.09967732576429106
"(0.03, 0.04, 0.02)",1.0,15.0,B,,1844816.7802236206,0.11143610989492947,-0.2856185697262902,-0.2888285357956929,0.10876542695836182,0.11233001500426032,0.48865370705754496,0.9933340859712436,149.0,81.0,68.0,0.0,0.1397542255753221,0.006665914028756357
"(0.03, 0.04, 0.02)",1.0,,B,,1971667.3023626017,0.11840966779711004,-0.3076027011581581,-0.3096015650696024,0.11520359530137136,0.12007793268103159,0.5031752088856811,0.9989646943166813,169.0,80.0,61.0,27.0,0.14537500191265867,0.0010353056833185964
"(0.03, 0.04, 0.03)",0.9,15.0,B,,1728114.0303457994,0.10462334434894838,-0.25933184023404265,-0.2593335447689822,0.10330723174256953,0.10783724935921782,0.46458205933629915,0.9028782556979648,143.5,81.5,62.0,0.0,0.13061507610198567,0.09712174430203523
"(0.03, 0.04, 0.03)",0.9,,B,,1732510.692818246,0.10488894413621463,-0.2856699479970546,-0.2882430904851314,0.10270197249711015,0.10878806333316185,0.46807237365402965,0.8967543172564423,147.0,79.0,59.5,8.5,0.13323524561530828,0.10324568274355775
"(0.03, 0.04, 0.03)",1.0,15.0,B,,1844816.7802236206,0.11143610989492947,-0.2856185697262902,-0.2888285357956929,0.10876542695836182,0.11233001500426032,0.48865370705754496,0.9933340859712436,149.0,81.0,68.0,0.0,0.1397542255753221,0.006665914028756357
"(0.03, 0.04, 0.03)",1.0,,B,,1938626.7414626565,0.11663378630310961,-0.2979134171072724,-0.30216625305659717,0.1120514449113695,0.12272651578342755,0.5034957464477925,0.9987633915037073,159.0,80.0,61.0,18.0,0.14555151210811357,0.0012366084962927397
"(0.03, 0.04, 0.04)",0.9,15.0,B,,1728114.0303457994,0.10462334434894838,-0.25933184023404265,-0.2593335447689822,0.10330723174256953,0.10783724935921782,0.46458205933629915,0.9028782556979648,143.5,81.5,62.0,0.0,0.13061507610198567,0.09712174430203523
"(0.03, 0.04, 0.04)",0.9,,B,,1774834.5431533512,0.10740020770685255,-0.2764753076407638,-0.28942142057571957,0.10379944854182385,0.11020501185437029,0.4680063825994426,0.8997947623218034,145.0,80.0,59.5,6.0,0.133823811521969,0.10020523767819645
"(0.03, 0.04, 0.04)",1.0,15.0,B,,1844816.7802236206,0.11143610989492947,-0.2856185697262902,-0.2888285357956929,0.10876542695836182,0.11233001500426032,0.48865370705754496,0.9933340859712436,149.0,81.0,68.0,0.0,0.1397542255753221,0.006665914028756357
"(0.03, 0.04, 0.04)",1.0,,B,,1923829.4918796145,0.11582922324997946,-0.299015579381864,-0.3114666935108189,0.1120789349442097,0.12145068670512622,0.5018624324161647,0.9993343902730889,154.5,80.0,62.0,13.0,0.1458875050754354,0.0006656097269111124
"(0.03, 0.04, 0.06)",0.9,15.0,B,,1728114.0303457994,0.10462334434894838,-0.25933184023404265,-0.2593335447689822,0.10330723174256953,0.10783724935921782,0.46458205933629915,0.9028782556979648,143.5,81.5,62.0,0.0,0.13061507610198567,0.09712174430203523
"(0.03, 0.04, 0.06)",0.9,,B,,1740720.5982937044,0.10538021823503729,-0.27217354562732904,-0.29127787597518845,0.10234117070566548,0.11248631507524808,0.4671075759969135,0.9013244318839679,143.0,80.0,59.0,3.0,0.13335812498253313,0.0986755681160322
"(0.03, 0.04, 0.06)",1.0,15.0,B,,1844816.7802236206,0.11143610989492947,-0.2856185697262902,-0.2888285357956929,0.10876542695836182,0.11233001500426032,0.48865370705754496,0.9933340859712436,149.0,81.0,68.0,0.0,0.1397542255753221,0.006665914028756357
"(0.03, 0.04, 0.06)",1.0,,B,,1943363.4519406017,0.11689013296127493,-0.2934429138717461,-0.3138223052095922,0.10935661156705918,0.12372596926234618,0.4969996856381036,0.996448034816021,150.5,80.0,63.0,8.0,0.1452042409567812,0.003551965183978978
"(0.03, 0.04, 0.08)",0.9,15.0,B,,1728114.0303457994,0.10462334434894838,-0.25933184023404265,-0.2593335447689822,0.10330723174256953,0.10783724935921782,0.46458205933629915,0.9028782556979648,143.5,81.5,62.0,0.0,0.13061507610198567,0.09712174430203523
"(0.03, 0.04, 0.08)",0.9,,B,,1763907.319247636,0.10675677056635524,-0.2743921794309274,-0.28616639959100576,0.10309163745124446,0.11195093501868895,0.4665401046550881,0.9027355635502754,142.0,80.0,60.0,1.0,0.1326268387389069,0.09726443644972446
"(0.03, 0.04, 0.08)",1.0,15.0,B,,1844816.7802236206,0.11143610989492947,-0.2856185697262902,-0.2888285357956929,0.10876542695836182,0.11233001500426032,0.48865370705754496,0.9933340859712436,149.0,81.0,68.0,0.0,0.1397542255753221,0.006665914028756357
"(0.03, 0.04, 0.08)",1.0,,B,,1933649.2314981685,0.11636374446228626,-0.2932946144442039,-0.3157843596484468,0.10804975692219723,0.124375539010712,0.4965471121664701,0.9997310557336054,148.0,79.5,63.0,5.0,0.14604672729094267,0.00026894426639454316
"(0.03, 0.04, 0.1)",0.9,15.0,B,,1728114.0303457994,0.10462334434894838,-0.25933184023404265,-0.2593335447689822,0.10330723174256953,0.10783724935921782,0.46458205933629915,0.9028782556979648,143.5,81.5,62.0,0.0,0.13061507610198567,0.09712174430203523
"(0.03, 0.04, 0.1)",0.9,,B,,1769812.5525794472,0.1071045490604855,-0.2767817749952659,-0.2892746430189744,0.10287256513469514,0.1128379792148809,0.464988722060489,0.9027673349367463,141.0,80.0,60.0,1.0,0.13280182308678715,0.09723266506325373
"(0.03, 0.04, 0.1)",1.0,15.0,B,,1844816.7802236206,0.11143610989492947,-0.2856185697262902,-0.2888285357956929,0.10876542695836182,0.11233001500426032,0.48865370705754496,0.9933340859712436,149.0,81.0,68.0,0.0,0.1397542255753221,0.006665914028756357
"(0.03, 0.04, 0.1)",1.0,,B,,1961176.8853016915,0.11784913737427438,-0.297616358679084,-0.32474428169351904,0.11034909330696721,0.12437792899963558,0.4973706447099223,0.9936905637377107,147.0,80.0,63.0,4.0,0.14596083535792637,0.0063094362622893
"(0.03, 0.04, 0.15)",0.9,15.0,B,,1728114.0303457994,0.10462334434894838,-0.25933184023404265,-0.2593335447689822,0.10330723174256953,0.10783724935921782,0.46458205933629915,0.9028782556979648,143.5,81.5,62.0,0.0,0.13061507610198567,0.09712174430203523
"(0.03, 0.04, 0.15)",0.9,,B,,1728114.0303457994,0.10462334434894838,-0.25933184023404265,-0.2593335447689822,0.10330723174256953,0.10783724935921782,0.46458205933629915,0.9028782556979648,143.5,81.5,62.0,0.0,0.13061507610198567,0.09712174430203523
"(0.03, 0.04, 0.15)",1.0,15.0,B,,1844816.7802236206,0.11143610989492947,-0.2856185697262902,-0.2888285357956929,0.10876542695836182,0.11233001500426032,0.48865370705754496,0.9933340859712436,149.0,81.0,68.0,0.0,0.1397542255753221,0.006665914028756357
"(0.03, 0.04, 0.15)",1.0,,B,,1993691.2719853371,0.11957867791837784,-0.2922128785866484,-0.3113461058145265,0.11252627115740843,0.12363387511380716,0.49628243450690906,0.9964309715917308,145.0,79.5,64.0,3.0,0.14575840213000846,0.003569028408269139
"(0.03, 0.06, 0)",0.9,15.0,B,,1693557.5335961478,0.10252528761194513,-0.27368730472475555,-0.29042143551230043,0.09919946426748256,0.11332205669715245,0.47932724420829187,0.9000828439442455,126.0,81.0,45.0,0.0,0.1368963804348679,0.09991715605575452
"(0.03, 0.06, 0)",0.9,,B,,1693557.5335961478,0.10252528761194513,-0.27368730472475555,-0.29042143551230043,0.09919946426748256,0.11332205669715245,0.47932724420829187,0.9000828439442455,126.0,81.0,45.0,0.0,0.1368963804348679,0.09991715605575452
"(0.03, 0.06, 0)",1.0,15.0,B,,1868569.7924478399,0.11277438561417807,-0.31265009204788,-0.3230547143377345,0.10704472300874086,0.1174898423637373,0.5164137891712,0.998085414180446,134.5,82.5,52.0,0.0,0.14996900738771463,0.0019145858195539068
"(0.03, 0.06, 0)",1.0,,B,,1868569.7924478399,0.11277438561417807,-0.31265009204788,-0.3230547143377345,0.10704472300874086,0.1174898423637373,0.5164137891712,0.998085414180446,134.5,82.5,52.0,0.0,0.14996900738771463,0.0019145858195539068
"(0.03, 0.06, 0.01)",0.9,15.0,B,,1693557.5335961478,0.10252528761194513,-0.27368730472475555,-0.29042143551230043,0.09919946426748256,0.11332205669715245,0.47932724420829187,0.9000828439442455,126.0,81.0,45.0,0.0,0.1368963804348679,0.09991715605575452
"(0.03, 0.06, 0.01)",0.9,,B,,1696282.6675965758,0.10269261202898461,-0.2774610977832082,-0.2931937298864528,0.09880528443529321,0.1128578972279682,0.4776669838714077,0.9042816780293179,132.5,79.0,45.0,8.0,0.13759986799528073,0.09571832197068215
"(0.03, 0.06, 0.01)",1.0,15.0,B,,1868569.7924478399,0.11277438561417807,-0.31265009204788,-0.3230547143377345,0.10704472300874086,0.1174898423637373,0.5164137891712,0.998085414180446,134.5,82.5,52.0,0.0,0.14996900738771463,0.0019145858195539068
"(0.03, 0.06, 0.01)",1.0,,B,,1893495.5320767334,0.11416236425205961,-0.3158561424319882,-0.32654220406034423,0.11061102998923275,0.11869500649275222,0.5239340782791062,0.9987770903964006,146.0,81.0,52.0,13.5,0.15141427321249762,0.0012229096035994013
"(0.03, 0.06, 0.02)",0.9,15.0,B,,1693557.5335961478,0.10252528761194513,-0.27368730472475555,-0.29042143551230043,0.09919946426748256,0.11332205669715245,0.47932724420829187,0.9000828439442455,126.0,81.0,45.0,0.0,0.1368963804348679,0.09991715605575452
"(0.03, 0.06, 0.02)",0.9,,B,,1693856.7498409874,0.10254633398974733,-0.2788977053168952,-0.2933071612208602,0.09813669727151489,0.11257753490969213,0.4799157010851291,0.9001434831867755,128.0,79.5,45.0,3.0,0.1375056966970405,0.0998565168132245
"(0.03, 0.06, 0.02)",1.0,15.0,B,,1868569.7924478399,0.11277438561417807,-0.31265009204788,-0.3230547143377345,0.10704472300874086,0.1174898423637373,0.5164137891712,0.998085414180446,134.5,82.5,52.0,0.0,0.14996900738771463,0.0019145858195539068
"(0.03, 0.06, 0.02)",1.0,,B,,1897712.1180365272,0.11439515047149018,-0.31265009204788,-0.3230547143377345,0.10778683116652069,0.11781508673522523,0.519515203733518,0.99803700533831,138.0,82.0,52.0,4.0,0.1508709271998756,0.0019629946616900908
"(0.03, 0.06, 0.03)",0.9,15.0,B,,1693557.5335961478,0.10252528761194513,-0.27368730472475555,-0.29042143551230043,0.09919946426748256,0.11332205669715245,0.47932724420829187,0.9000828439442455,126.0,81.0,45.0,0.0,0.1368963804348679,0.09991715605575452
"(0.03, 0.06, 0.03)",0.9,,B,,1701094.9362629687,0.10298840200953396,-0.2783453442471406,-0.29009533014327205,0.09892970810450341,0.11368830384742605,0.47958736589439366,0.9044545612961808,126.5,80.0,45.0,1.5,0.13792364115631725,0.09554543870381915
"(0.03, 0.06, 0.03)",1.0,15.0,B,,1868569.7924478399,0.11277438561417807,-0.31265009204788,-0.3230547143377345,0.10704472300874086,0.1174898423637373,0.5164137891712,0.998085414180446,134.5,82.5,52.0,0.0,0.14996900738771463,0.0019145858195539068
"(0.03, 0.06, 0.03)",1.0,,B,,1895023.347384232,0.11424688422256302,-0.31265009204788,-0.3230547143377345,0.10765982908775336,0.1189937924934394,0.5195003992682916,0.9979334495967314,136.0,82.0,52.0,2.0,0.15136542252196578,0.0020665504032686913
"(0.03, 0.06, 0.04)",0.9,15.0,B,,1693557.5335961478,0.10252528761194513,-0.27368730472475555,-0.29042143551230043,0.09919946426748256,0.11332205669715245,0.47932724420829187,0.9000828439442455,126.0,81.0,45.0,0.0,0.1368963804348679,0.09991715605575452
"(0.03, 0.06, 0.04)",0.9,,B,,1702363.5564110817,0.103060677170287,-0.27734415602602774,-0.29042143551230043,0.09658858723276391,0.11232120724611305,0.4783216656585789,0.8998426026905356,126.5,81.0,45.0,1.0,0.13756958789112994,0.10015739730946438
"(0.03, 0.06, 0.04)",1.0,15.0,B,,1868569.7924478399,0.11277438561417807,-0.31265009204788,-0.3230547143377345,0.10704472300874086,0.1174898423637373,0.5164137891712,0.998085414180446,134.5,82.5,52.0,0.0,0.14996900738771463,0.0019145858195539068
"(0.03, 0.06, 0.04)",1.0,,B,,1905604.9555192222,0.11483068155421494,-0.31265009204788,-0.3230547143377345,0.10829067839456219,0.11942923188809498,0.5191272010548318,0.998085414180446,135.0,82.0,52.0,1.0,0.15146460073632803,0.0019145858195539068
"(0.03, 0.06, 0.06)",0.9,15.0,B,,1693557.5335961478,0.10252528761194513,-0.27368730472475555,-0.29042143551230043,0.09919946426748256,0.11332205669715245,0.47932724420829187,0.9000828439442455,126.0,81.0,45.0,0.0,0.1368963804348679,0.09991715605575452
"(0.03, 0.06, 0.06)",0.9,,B,,1693557.5335961478,0.10252528761194513,-0.27368730472475555,-0.29042143551230043,0.09919946426748256,0.11332205669715245,0.47932724420829187,0.9000828439442455,126.0,81.0,45.0,0.0,0.1368963804348679,0.09991715605575452
"(0.03, 0.06, 0.06)",1.0,15.0,B,,1868569.7924478399,0.11277438561417807,-0.31265009204788,-0.3230547143377345,0.10704472300874086,0.1174898423637373,0.5164137891712,0.998085414180446,134.5,82.5,52.0,0.0,0.14996900738771463,0.0019145858195539068
"(0.03, 0.06, 0.06)",1.0,,B,,1868569.7924478399,0.11277438561417807,-0.31265009204788,-0.3230547143377345,0.10704472300874086,0.1174898423637373,0.5164137891712,0.998085414180446,134.5,82.5,52.0,0.0,0.14996900738771463,0.0019145858195539068
"(0.03, 0.06, 0.08)",0.9,15.0,B,,1693557.5335961478,0.10252528761194513,-0.27368730472475555,-0.29042143551230043,0.09919946426748256,0.11332205669715245,0.47932724420829187,0.9000828439442455,126.0,81.0,45.0,0.0,0.1368963804348679,0.09991715605575452
"(0.03, 0.06, 0.08)",0.9,,B,,1693557.5335961478,0.10252528761194513,-0.27368730472475555,-0.29042143551230043,0.09919946426748256,0.11332205669715245,0.47932724420829187,0.9000828439442455,126.0,81.0,45.0,0.0,0.1368963804348679,0.09991715605575452
"(0.03, 0.06, 0.08)",1.0,15.0,B,,1868569.7924478399,0.11277438561417807,-0.31265009204788,-0.3230547143377345,0.10704472300874086,0.1174898423637373,0.5164137891712,0.998085414180446,134.5,82.5,52.0,0.0,0.14996900738771463,0.0019145858195539068
"(0.03, 0.06, 0.08)",1.0,,B,,1868569.7924478399,0.11277438561417807,-0.31265009204788,-0.3230547143377345,0.10704472300874086,0.1174898423637373,0.5164137891712,0.998085414180446,134.5,82.5,52.0,0.0,0.14996900738771463,0.0019145858195539068
"(0.03, 0.06, 0.1)",0.9,15.0,B,,1693557.5335961478,0.10252528761194513,-0.27368730472475555,-0.29042143551230043,0.09919946426748256,0.11332205669715245,0.47932724420829187,0.9000828439442455,126.0,81.0,45.0,0.0,0.1368963804348679,0.09991715605575452
"(0.03, 0.06, 0.1)",0.9,,B,,1693557.5335961478,0.10252528761194513,-0.27368730472475555,-0.29042143551230043,0.09919946426748256,0.11332205669715245,0.47932724420829187,0.9000828439442455,126.0,81.0,45.0,0.0,0.1368963804348679,0.09991715605575452
"(0.03, 0.06, 0.1)",1.0,15.0,B,,1868569.7924478399,0.11277438561417807,-0.31265009204788,-0.3230547143377345,0.10704472300874086,0.1174898423637373,0.5164137891712,0.998085414180446,134.5,82.5,52.0,0.0,0.14996900738771463,0.0019145858195539068
"(0.03, 0.06, 0.1)",1.0,,B,,1868569.7924478399,0.11277438561417807,-0.31265009204788,-0.3230547143377345,0.10704472300874086,0.1174898423637373,0.5164137891712,0.998085414180446,134.5,82.5,52.0,0.0,0.14996900738771463,0.0019145858195539068
"(0.03, 0.06, 0.15)",0.9,15.0,B,,1693557.5335961478,0.10252528761194513,-0.27368730472475555,-0.29042143551230043,0.09919946426748256,0.11332205669715245,0.47932724420829187,0.9000828439442455,126.0,81.0,45.0,0.0,0.1368963804348679,0.09991715605575452
"(0.03, 0.06, 0.15)",0.9,,B,,1693557.5335961478,0.10252528761194513,-0.27368730472475555,-0.29042143551230043,0.09919946426748256,0.11332205669715245,0.47932724420829187,0.9000828439442455,126.0,81.0,45.0,0.0,0.1368963804348679,0.09991715605575452
"(0.03, 0.06, 0.15)",1.0,15.0,B,,1868569.7924478399,0.11277438561417807,-0.31265009204788,-0.3230547143377345,0.10704472300874086,0.1174898423637373,0.5164137891712,0.998085414180446,134.5,82.5,52.0,0.0,0.14996900738771463,0.0019145858195539068
"(0.03, 0.06, 0.15)",1.0,,B,,1868569.7924478399,0.11277438561417807,-0.31265009204788,-0.3230547143377345,0.10704472300874086,0.1174898423637373,0.5164137891712,0.998085414180446,134.5,82.5,52.0,0.0,0.14996900738771463,0.0019145858195539068
"(0.03, 0.08, 0)",0.9,15.0,B,,1637477.527828881,0.09904152026485558,-0.27214967660797434,-0.28554008652693685,0.08336769210368744,0.11433079363052434,0.48257845202611205,0.8981181442759161,114.0,78.5,34.0,0.0,0.1388694365492209,0.10188185572408395
"(0.03, 0.08, 0)",0.9,,B,,1637477.527828881,0.09904152026485558,-0.27214967660797434,-0.28554008652693685,0.08336769210368744,0.11433079363052434,0.48257845202611205,0.8981181442759161,114.0,78.5,34.0,0.0,0.1388694365492209,0.10188185572408395
"(0.03, 0.08, 0)",1.0,15.0,B,,1831048.1498391,0.11065254833701998,-0.3078984636990688,-0.3143683771547868,0.10371056186551475,0.12461783647327634,0.5175623574016872,0.9969582677224145,122.0,82.0,40.0,0.0,0.15279642161464901,0.0030417322775856542
"(0.03, 0.08, 0)",1.0,,B,,1831048.1498391,0.11065254833701998,-0.3078984636990688,-0.3143683771547868,0.10371056186551475,0.12461783647327634,0.5175623574016872,0.9969582677224145,122.0,82.0,40.0,0.0,0.15279642161464901,0.0030417322775856542
"(0.03, 0.08, 0.01)",0.9,15.0,B,,1637477.527828881,0.09904152026485558,-0.27214967660797434,-0.28554008652693685,0.08336769210368744,0.11433079363052434,0.48257845202611205,0.8981181442759161,114.0,78.5,34.0,0.0,0.1388694365492209,0.10188185572408395
"(0.03, 0.08, 0.01)",0.9,,B,,1630664.3097712328,0.09860463508624173,-0.27576848138214216,-0.28708243617145124,0.08686990646776269,0.11570383969839347,0.4835957334317987,0.9050265235441328,127.5,78.5,33.5,15.0,0.1387568594069803,0.09497347645586711
"(0.03, 0.08, 0.01)",1.0,15.0,B,,1831048.1498391,0.11065254833701998,-0.3078984636990688,-0.3143683771547868,0.10371056186551475,0.12461783647327634,0.5175623574016872,0.9969582677224145,122.0,82.0,40.0,0.0,0.15279642161464901,0.0030417322775856542
"(0.03, 0.08, 0.01)",1.0,,B,,1844092.1326869298,0.11139513097991127,-0.30867221631447117,-0.32249818949185427,0.10270080304720515,0.12860237600839183,0.5270042617906167,0.9991469083053532,134.5,80.0,40.0,16.0,0.1539436115397097,0.0008530916946468492
"(0.03, 0.08, 0.02)",0.9,15.0,B,,1637477.527828881,0.09904152026485558,-0.27214967660797434,-0.28554008652693685,0.08336769210368744,0.11433079363052434,0.48257845202611205,0.8981181442759161,114.0,78.5,34.0,0.0,0.1388694365492209,0.10188185572408395
"(0.03, 0.08, 0.02)",0.9,,B,,1646932.0668931436,0.09963453120712418,-0.27069749276377797,-0.2844242064298432,0.08452925914591877,0.11707759422502616,0.48307527847302706,0.9000287513244278,119.0,79.0,34.0,5.0,0.13936588682814932,0.09997124867557214
"(0.03, 0.08, 0.02)",1.0,15.0,B,,1831048.1498391,0.11065254833701998,-0.3078984636990688,-0.3143683771547868,0.10371056186551475,0.12461783647327634,0.5175623574016872,0.9969582677224145,122.0,82.0,40.0,0.0,0.15279642161464901,0.0030417322775856542
"(0.03, 0.08, 0.02)",1.0,,B,,1818406.4118382526,0.10992565736689242,-0.3053737296379751,-0.3215288151185618,0.10399495265606078,0.12571029221591362,0.5209609848172397,0.9978739301657589,125.5,80.0,40.0,6.0,0.15358885501105712,0.0021260698342411245
"(0.03, 0.08, 0.03)",0.9,15.0,B,,1637477.527828881,0.09904152026485558,-0.27214967660797434,-0.28554008652693685,0.08336769210368744,0.11433079363052434,0.48257845202611205,0.8981181442759161,114.0,78.5,34.0,0.0,0.1388694365492209,0.10188185572408395
"(0.03, 0.08, 0.03)",0.9,,B,,1634950.478416786,0.09887458017731754,-0.27069749276377797,-0.28401174830909076,0.08694324500800492,0.11732038365707247,0.48484593142439725,0.9003692766707196,117.5,79.0,34.0,4.0,0.13852368521074332,0.09963072332928041
"(0.03, 0.08, 0.03)",1.0,15.0,B,,1831048.1498391,0.11065254833701998,-0.3078984636990688,-0.3143683771547868,0.10371056186551475,0.12461783647327634,0.5175623574016872,0.9969582677224145,122.0,82.0,40.0,0.0,0.15279642161464901,0.0030417322775856542
"(0.03, 0.08, 0.03)",1.0,,B,,1792331.4600979784,0.10842252946269249,-0.3041266850932534,-0.31958620209935246,0.1038329757656494,0.12721213523104535,0.5210534810493663,0.9979532118020722,123.5,80.0,40.0,3.5,0.15429352802727625,0.0020467881979279144
"(0.03, 0.08, 0.04)",0.9,15.0,B,,1637477.527828881,0.09904152026485558,-0.27214967660797434,-0.28554008652693685,0.08336769210368744,0.11433079363052434,0.48257845202611205,0.8981181442759161,114.0,78.5,34.0,0.0,0.1388694365492209,0.10188185572408395
"(0.03, 0.08, 0.04)",0.9,,B,,1650841.9830297197,0.09987697708373222,-0.27069749276377797,-0.2850127898528495,0.08550385121344221,0.11918905682954882,0.48391957754287496,0.9009443157445558,116.5,80.0,34.0,2.0,0.13903575734321238,0.09905568425544417
"(0.03, 0.08, 0.04)",1.0,15.0,B,,1831048.1498391,0.11065254833701998,-0.3078984636990688,-0.3143683771547868,0.10371056186551475,0.12461783647327634,0.5175623574016872,0.9969582677224145,122.0,82.0,40.0,0.0,0.15279642161464901,0.0030417322775856542
"(0.03, 0.08, 0.04)",1.0,,B,,1846722.490577778,0.11152741616838957,-0.3078984636990688,-0.3143683771547868,0.10322581724079442,0.1256748043868222,0.5204329194115204,0.9977550066402483,123.0,81.0,40.0,1.0,0.1543021943234439,0.0022449933597518375
"(0.03, 0.08, 0.06)",0.9,15.0,B,,1637477.527828881,0.09904152026485558,-0.27214967660797434,-0.28554008652693685,0.08336769210368744,0.11433079363052434,0.48257845202611205,0.8981181442759161,114.0,78.5,34.0,0.0,0.1388694365492209,0.10188185572408395
"(0.03, 0.08, 0.06)",0.9,,B,,1611459.683749438,0.09738668145092766,-0.2715104627248051,-0.28554008652693685,0.08266042946909254,0.11643572728329057,0.48475470339101673,0.8981181442759161,114.5,78.5,34.0,1.0,0.13941380890922628,0.10188185572408395
"(0.03, 0.08, 0.06)",1.0,15.0,B,,1831048.1498391,0.11065254833701998,-0.3078984636990688,-0.3143683771547868,0.10371056186551475,0.12461783647327634,0.5175623574016872,0.9969582677224145,122.0,82.0,40.0,0.0,0.15279642161464901,0.0030417322775856542
"(0.03, 0.08, 0.06)",1.0,,B,,1802395.660150608,0.10899724441806813,-0.3078984636990688,-0.3143683771547868,0.10290097410638362,0.12620376064391817,0.5248062394083708,0.9977952140720338,122.5,81.0,40.0,1.0,0.15448030321927642,0.0022047859279663573
"(0.03, 0.08, 0.08)",0.9,15.0,B,,1637477.527828881,0.09904152026485558,-0.27214967660797434,-0.28554008652693685,0.08336769210368744,0.11433079363052434,0.48257845202611205,0.8981181442759161,114.0,78.5,34.0,0.0,0.1388694365492209,0.10188185572408395
"(0.03, 0.08, 0.08)",0.9,,B,,1637477.527828881,0.09904152026485558,-0.27214967660797434,-0.28554008652693685,0.08336769210368744,0.11433079363052434,0.48257845202611205,0.8981181442759161,114.0,78.5,34.0,0.0,0.1388694365492209,0.10188185572408395
"(0.03, 0.08, 0.08)",1.0,15.0,B,,1831048.1498391,0.11065254833701998,-0.3078984636990688,-0.3143683771547868,0.10371056186551475,0.12461783647327634,0.5175623574016872,0.9969582677224145,122.0,82.0,40.0,0.0,0.15279642161464901,0.0030417322775856542
"(0.03, 0.08, 0.08)",1.0,,B,,1831048.1498391,0.11065254833701998,-0.3078984636990688,-0.3143683771547868,0.10371056186551475,0.12461783647327634,0.5175623574016872,0.9969582677224145,122.0,82.0,40.0,0.0,0.15279642161464901,0.0030417322775856542
"(0.03, 0.08, 0.1)",0.9,15.0,B,,1637477.527828881,0.09904152026485558,-0.27214967660797434,-0.28554008652693685,0.08336769210368744,0.11433079363052434,0.48257845202611205,0.8981181442759161,114.0,78.5,34.0,0.0,0.1388694365492209,0.10188185572408395
"(0.03, 0.08, 0.1)",0.9,,B,,1637477.527828881,0.09904152026485558,-0.27214967660797434,-0.28554008652693685,0.08336769210368744,0.11433079363052434,0.48257845202611205,0.8981181442759161,114.0,78.5,34.0,0.0,0.1388694365492209,0.10188185572408395
"(0.03, 0.08, 0.1)",1.0,15.0,B,,1831048.1498391,0.11065254833701998,-0.3078984636990688,-0.3143683771547868,0.10371056186551475,0.12461783647327634,0.5175623574016872,0.9969582677224145,122.0,82.0,40.0,0.0,0.15279642161464901,0.0030417322775856542
"(0.03, 0.08, 0.1)",1.0,,B,,1831048.1498391,0.11065254833701998,-0.3078984636990688,-0.3143683771547868,0.10371056186551475,0.12461783647327634,0.5175623574016872,0.9969582677224145,122.0,82.0,40.0,0.0,0.15279642161464901,0.0030417322775856542
"(0.03, 0.08, 0.15)",0.9,15.0,B,,1637477.527828881,0.09904152026485558,-0.27214967660797434,-0.28554008652693685,0.08336769210368744,0.11433079363052434,0.48257845202611205,0.8981181442759161,114.0,78.5,34.0,0.0,0.1388694365492209,0.10188185572408395
"(0.03, 0.08, 0.15)",0.9,,B,,1637477.527828881,0.09904152026485558,-0.27214967660797434,-0.28554008652693685,0.08336769210368744,0.11433079363052434,0.48257845202611205,0.8981181442759161,114.0,78.5,34.0,0.0,0.1388694365492209,0.10188185572408395
"(0.03, 0.08, 0.15)",1.0,15.0,B,,1831048.1498391,0.11065254833701998,-0.3078984636990688,-0.3143683771547868,0.10371056186551475,0.12461783647327634,0.5175623574016872,0.9969582677224145,122.0,82.0,40.0,0.0,0.15279642161464901,0.0030417322775856542
"(0.03, 0.08, 0.15)",1.0,,B,,1831048.1498391,0.11065254833701998,-0.3078984636990688,-0.3143683771547868,0.10371056186551475,0.12461783647327634,0.5175623574016872,0.9969582677224145,122.0,82.0,40.0,0.0,0.15279642161464901,0.0030417322775856542
"(0.03, 0.1, 0)",0.9,15.0,B,,1573497.6921317847,0.09492531857300845,-0.24318106313247606,-0.2665532638081363,0.08782949065541996,0.11524132989021964,0.47785479850407975,0.8925808552229078,106.0,80.0,26.0,0.0,0.13928306397563184,0.10741914477709215
"(0.03, 0.1, 0)",0.9,,B,,1573497.6921317847,0.09492531857300845,-0.24318106313247606,-0.2665532638081363,0.08782949065541996,0.11524132989021964,0.47785479850407975,0.8925808552229078,106.0,80.0,26.0,0.0,0.13928306397563184,0.10741914477709215
"(0.03, 0.1, 0)",1.0,15.0,B,,1853210.8257665185,0.11190689465031722,-0.28587173492034296,-0.3030050666611831,0.09492734406330491,0.12916541439404694,0.5239512545205817,0.994208924051642,114.0,81.5,32.0,0.0,0.15392365072905317,0.0057910759483580255
"(0.03, 0.1, 0)",1.0,,B,,1853210.8257665185,0.11190689465031722,-0.28587173492034296,-0.3030050666611831,0.09492734406330491,0.12916541439404694,0.5239512545205817,0.994208924051642,114.0,81.5,32.0,0.0,0.15392365072905317,0.0057910759483580255
"(0.03, 0.1, 0.01)",0.9,15.0,B,,1573497.6921317847,0.09492531857300845,-0.24318106313247606,-0.2665532638081363,0.08782949065541996,0.11524132989021964,0.47785479850407975,0.8925808552229078,106.0,80.0,26.0,0.0,0.13928306397563184,0.10741914477709215
"(0.03, 0.1, 0.01)",0.9,,B,,1654444.6713457522,0.10009559310996641,-0.24848920153781057,-0.2761493251825489,0.08934504547715946,0.11715647007501961,0.479937590516929,0.9048267743374907,127.5,77.5,26.0,23.5,0.14057017571375716,0.0951732256625093
"(0.03, 0.1, 0.01)",1.0,15.0,B,,1853210.8257665185,0.11190689465031722,-0.28587173492034296,-0.3030050666611831,0.09492734406330491,0.12916541439404694,0.5239512545205817,0.994208924051642,114.0,81.5,32.0,0.0,0.15392365072905317,0.0057910759483580255
"(0.03, 0.1, 0.01)",1.0,,B,,1807403.8022226943,0.10929541614703642,-0.29276100208978156,-0.3015641800200094,0.09602473678112207,0.13037498856120439,0.5266206467970027,0.9991676698096794,137.0,78.0,31.5,25.5,0.15578130213775135,0.0008323301903206404
"(0.03, 0.1, 0.02)",0.9,15.0,B,,1573497.6921317847,0.09492531857300845,-0.24318106313247606,-0.2665532638081363,0.08782949065541996,0.11524132989021964,0.47785479850407975,0.8925808552229078,106.0,80.0,26.0,0.0,0.13928306397563184,0.10741914477709215
"(0.03, 0.1, 0.02)",0.9,,B,,1641377.175850707,0.0992871535606934,-0.24980962423009673,-0.2693073707934233,0.09032636702550068,0.11731221735924913,0.4769489567947594,0.9004303966742779,116.0,78.5,26.0,10.0,0.1397917266597113,0.09956960332572215
"(0.03, 0.1, 0.02)",1.0,15.0,B,,1853210.8257665185,0.11190689465031722,-0.28587173492034296,-0.3030050666611831,0.09492734406330491,0.12916541439404694,0.5239512545205817,0.994208924051642,114.0,81.5,32.0,0.0,0.15392365072905317,0.0057910759483580255
"(0.03, 0.1, 0.02)",1.0,,B,,1783918.2760674576,0.10793048322566468,-0.2910416111821224,-0.3036777992993727,0.09932653323766279,0.12962337063068263,0.5243403161586273,0.9953287374678912,123.5,79.0,31.0,11.0,0.15610906596665014,0.0046712625321089045
"(0.03, 0.1, 0.03)",0.9,15.0,B,,1573497.6921317847,0.09492531857300845,-0.24318106313247606,-0.2665532638081363,0.08782949065541996,0.11524132989021964,0.47785479850407975,0.8925808552229078,106.0,80.0,26.0,0.0,0.13928306397563184,0.10741914477709215
"(0.03, 0.1, 0.03)",0.9,,B,,1622926.7894651608,0.09811345488222534,-0.2502036259729068,-0.2692955294035209,0.09209171583716143,0.11468162879305031,0.4777088806051578,0.9011592935335295,110.0,77.5,26.5,6.0,0.14077083860618642,0.09884070646647057
"(0.03, 0.1, 0.03)",1.0,15.0,B,,1853210.8257665185,0.11190689465031722,-0.28587173492034296,-0.3030050666611831,0.09492734406330491,0.12916541439404694,0.5239512545205817,0.994208924051642,114.0,81.5,32.0,0.0,0.15392365072905317,0.0057910759483580255
"(0.03, 0.1, 0.03)",1.0,,B,,1839084.5190131352,0.1111066309778378,-0.28675444453171006,-0.30210943961431663,0.09931949487602379,0.13294211673938466,0.5275991038027723,0.9989325219312739,119.5,80.0,31.5,6.0,0.15574050632012965,0.0010674780687261682
"(0.03, 0.1, 0.04)",0.9,15.0,B,,1573497.6921317847,0.09492531857300845,-0.24318106313247606,-0.2665532638081363,0.08782949065541996,0.11524132989021964,0.47785479850407975,0.8925808552229078,106.0,80.0,26.0,0.0,0.13928306397563184,0.10741914477709215
"(0.03, 0.1, 0.04)",0.9,,B,,1708002.6758144868,0.1034094601221417,-0.24804543400523665,-0.26231195616474406,0.0936992818949651,0.11581269378894082,0.47555848503844717,0.9002001384379336,109.0,79.0,26.5,4.0,0.14045668042435577,0.09979986156206637
"(0.03, 0.1, 0.04)",1.0,15.0,B,,1853210.8257665185,0.11190689465031722,-0.28587173492034296,-0.3030050666611831,0.09492734406330491,0.12916541439404694,0.5239512545205817,0.994208924051642,114.0,81.5,32.0,0.0,0.15392365072905317,0.0057910759483580255
"(0.03, 0.1, 0.04)",1.0,,B,,1834003.6339181014,0.1108212245564979,-0.2929305745825464,-0.30171108958907406,0.09982919284625705,0.135457965587604,0.5262845431654752,0.9978064810203433,115.0,80.0,32.0,4.0,0.15482780478641034,0.0021935189796566624
"(0.03, 0.1, 0.06)",0.9,15.0,B,,1573497.6921317847,0.09492531857300845,-0.24318106313247606,-0.2665532638081363,0.08782949065541996,0.11524132989021964,0.47785479850407975,0.8925808552229078,106.0,80.0,26.0,0.0,0.13928306397563184,0.10741914477709215
"(0.03, 0.1, 0.06)",0.9,,B,,1658872.3891790942,0.10037806658562798,-0.25172962310859187,-0.2659728011818788,0.09051428917702001,0.11451883194745846,0.4763615822964612,0.897453028338155,107.0,78.0,26.0,3.0,0.1406241312772255,0.10254697166184507
"(0.03, 0.1, 0.06)",1.0,15.0,B,,1853210.8257665185,0.11190689465031722,-0.28587173492034296,-0.3030050666611831,0.09492734406330491,0.12916541439404694,0.5239512545205817,0.994208924051642,114.0,81.5,32.0,0.0,0.15392365072905317,0.0057910759483580255
"(0.03, 0.1, 0.06)",1.0,,B,,1847798.823504407,0.11159423085059239,-0.2963458883266865,-0.30493643623835004,0.09693979108192936,0.1330827077942167,0.5237516393293615,0.9961593226025558,114.5,80.0,32.0,2.0,0.15548120509611657,0.0038406773974441945
"(0.03, 0.1, 0.08)",0.9,15.0,B,,1573497.6921317847,0.09492531857300845,-0.24318106313247606,-0.2665532638081363,0.08782949065541996,0.11524132989021964,0.47785479850407975,0.8925808552229078,106.0,80.0,26.0,0.0,0.13928306397563184,0.10741914477709215
"(0.03, 0.1, 0.08)",0.9,,B,,1639209.6275595597,0.09913024900066103,-0.24269087098787628,-0.26655086645553216,0.0896768681504478,0.1152425627810061,0.4780423642956467,0.8941049072648494,106.5,80.0,26.0,1.0,0.1397694179999076,0.10589509273515067
"(0.03, 0.1, 0.08)",1.0,15.0,B,,1853210.8257665185,0.11190689465031722,-0.28587173492034296,-0.3030050666611831,0.09492734406330491,0.12916541439404694,0.5239512545205817,0.994208924051642,114.0,81.5,32.0,0.0,0.15392365072905317,0.0057910759483580255
"(0.03, 0.1, 0.08)",1.0,,B,,1841651.6839402583,0.11125665234664839,-0.28587173492034296,-0.3087092972136422,0.09492734406330491,0.13245118142210352,0.5271263491448368,0.9965309855151296,114.0,82.0,32.0,0.0,0.1554011713393269,0.0034690144848703057
"(0.03, 0.1, 0.1)",0.9,15.0,B,,1573497.6921317847,0.09492531857300845,-0.24318106313247606,-0.2665532638081363,0.08782949065541996,0.11524132989021964,0.47785479850407975,0.8925808552229078,106.0,80.0,26.0,0.0,0.13928306397563184,0.10741914477709215
"(0.03, 0.1, 0.1)",0.9,,B,,1573497.6921317847,0.09492531857300845,-0.24318106313247606,-0.2665532638081363,0.08782949065541996,0.11524132989021964,0.47785479850407975,0.8925808552229078,106.0,80.0,26.0,0.0,0.13928306397563184,0.10741914477709215
"(0.03, 0.1, 0.1)",1.0,15.0,B,,1853210.8257665185,0.11190689465031722,-0.28587173492034296,-0.3030050666611831,0.09492734406330491,0.12916541439404694,0.5239512545205817,0.994208924051642,114.0,81.5,32.0,0.0,0.15392365072905317,0.0057910759483580255
"(0.03, 0.1, 0.1)",1.0,,B,,1853210.8257665185,0.11190689465031722,-0.28587173492034296,-0.3030050666611831,0.09492734406330491,0.12916541439404694,0.5239512545205817,0.994208924051642,114.0,81.5,32.0,0.0,0.15392365072905317,0.0057910759483580255
"(0.03, 0.1, 0.15)",0.9,15.0,B,,1573497.6921317847,0.09492531857300845,-0.24318106313247606,-0.2665532638081363,0.08782949065541996,0.11524132989021964,0.47785479850407975,0.8925808552229078,106.0,80.0,26.0,0.0,0.13928306397563184,0.10741914477709215
"(0.03, 0.1, 0.15)",0.9,,B,,1573497.6921317847,0.09492531857300845,-0.24318106313247606,-0.2665532638081363,0.08782949065541996,0.11524132989021964,0.47785479850407975,0.8925808552229078,106.0,80.0,26.0,0.0,0.13928306397563184,0.10741914477709215
"(0.03, 0.1, 0.15)",1.0,15.0,B,,1853210.8257665185,0.11190689465031722,-0.28587173492034296,-0.3030050666611831,0.09492734406330491,0.12916541439404694,0.5239512545205817,0.994208924051642,114.0,81.5,32.0,0.0,0.15392365072905317,0.0057910759483580255
"(0.03, 0.1, 0.15)",1.0,,B,,1853210.8257665185,0.11190689465031722,-0.28587173492034296,-0.3030050666611831,0.09492734406330491,0.12916541439404694,0.5239512545205817,0.994208924051642,114.0,81.5,32.0,0.0,0.15392365072905317,0.0057910759483580255
"(0.03, 0.12, 0)",0.9,15.0,B,,1625130.175395375,0.09825517511999704,-0.2900808394815637,-0.29427736837092683,0.0721333551149664,0.11486382569490781,0.4798799302503364,0.8987702190083062,101.5,81.0,21.5,0.0,0.140826537548632,0.1012297809916939
"(0.03, 0.12, 0)",0.9,,B,,1625130.175395375,0.09825517511999704,-0.2900808394815637,-0.29427736837092683,0.0721333551149664,0.11486382569490781,0.4798799302503364,0.8987702190083062,101.5,81.0,21.5,0.0,0.140826537548632,0.1012297809916939
"(0.03, 0.12, 0)",1.0,15.0,B,,1782153.4082952593,0.10782107279123954,-0.27074356344225187,-0.2984932946894248,0.09016701889278493,0.12227063352991328,0.5166400859735819,0.9953156710853772,106.0,81.0,25.5,0.0,0.15519891154498788,0.004684328914622692
"(0.03, 0.12, 0)",1.0,,B,,1782153.4082952593,0.10782107279123954,-0.27074356344225187,-0.2984932946894248,0.09016701889278493,0.12227063352991328,0.5166400859735819,0.9953156710853772,106.0,81.0,25.5,0.0,0.15519891154498788,0.004684328914622692
"(0.03, 0.12, 0.01)",0.9,15.0,B,,1631621.511034445,0.09866775333443101,-0.29034074846533015,-0.29427736837092683,0.07248778230818231,0.11429622940214157,0.4807359111465398,0.8987702190083062,102.5,81.0,21.5,1.0,0.14071000896032154,0.1012297809916939
"(0.03, 0.12, 0.01)",0.9,,B,,1655285.3825142789,0.100157899699305,-0.2938574837775282,-0.29787812380969075,0.08032254765738138,0.11754448970247416,0.4823684996397366,0.9044049539250733,126.0,78.5,20.5,29.0,0.14190058289770546,0.09559504607492668
"(0.03, 0.12, 0.01)",1.0,15.0,B,,1782153.4082952593,0.10782107279123954,-0.2712518469782392,-0.2984932946894248,0.09016701889278493,0.12231438368101406,0.5166400859735819,0.9953156710853772,106.0,81.0,25.5,0.0,0.15526045754261197,0.004684328914622692
"(0.03, 0.12, 0.01)",1.0,,B,,1833573.931633938,0.11079510570317475,-0.27616991808340285,-0.30523293777331284,0.09433964488701793,0.12454948953204865,0.5241459904476455,0.9995441996611247,132.0,78.5,25.5,29.0,0.15600536660034747,0.0004558003388751388
"(0.03, 0.12, 0.02)",0.9,15.0,B,,1632266.9264868894,0.09871134501991852,-0.2904940937849916,-0.29427736837092683,0.07286073508410287,0.11458415475553033,0.47807703262741086,0.8987702190083062,102.5,80.5,21.5,1.0,0.14070244923436998,0.1012297809916939
"(0.03, 0.12, 0.02)",0.9,,B,,1696176.3900458894,0.10268648599015484,-0.2841724208942184,-0.2993420156579895,0.08089948497679053,0.12107567340918149,0.48228147821138306,0.8994339036330621,112.5,78.0,21.0,14.0,0.14297376300667208,0.10056609636693797
"(0.03, 0.12, 0.02)",1.0,15.0,B,,1782153.4082952593,0.10782107279123954,-0.2712518469782392,-0.2984932946894248,0.09016701889278493,0.12235797091223446,0.5166400859735819,0.9953156828326273,106.0,81.0,25.5,0.0,0.15551297658620652,0.004684317167372627
"(0.03, 0.12, 0.02)",1.0,,B,,1821784.5031993482,0.11012291955620379,-0.2764145242847475,-0.32032869939868497,0.09877155650114593,0.12530696099511476,0.5211326786954484,0.9983717348448872,117.0,78.5,25.5,13.0,0.15597749045550896,0.001628265155112826
"(0.03, 0.12, 0.03)",0.9,15.0,B,,1639945.488185333,0.09919651256776274,-0.29175956840571116,-0.29427736837092683,0.07715635796643797,0.11474275948481101,0.47935666297544643,0.8987703084782313,102.5,80.5,22.0,1.0,0.14099222971863912,0.10122969152176875
"(0.03, 0.12, 0.03)",0.9,,B,,1693735.3921188635,0.10253821060395485,-0.2781800047824586,-0.3054240177671686,0.07847777407134889,0.1198712988694886,0.48158365305518236,0.9045329619062743,108.0,78.0,21.0,9.0,0.14237849285514165,0.09546703809372568
"(0.03, 0.12, 0.03)",1.0,15.0,B,,1782153.4082952593,0.10782107279123954,-0.2713679620461216,-0.2984932946894248,0.09016701889278493,0.12230192340721185,0.5166400859735819,0.9953156710853772,106.0,81.0,25.5,0.0,0.1554660436760969,0.004684328914622692
"(0.03, 0.12, 0.03)",1.0,,B,,1836435.8460110207,0.11095588915283794,-0.2776307014080473,-0.2928398412977067,0.09494000276051115,0.12625030006358604,0.517582285066974,0.9955978199576967,111.0,78.0,25.5,7.0,0.15581576225879262,0.004402180042303357
"(0.03, 0.12, 0.04)",0.9,15.0,B,,1634774.7688221596,0.09887022322958272,-0.29176833325869145,-0.29427753461231687,0.07749246257776814,0.11486382569490781,0.4799188371238673,0.8987702190083062,102.5,80.0,22.0,1.0,0.14095851705419485,0.1012297809916939
"(0.03, 0.12, 0.04)",0.9,,B,,1685611.9828672402,0.10203996432600915,-0.28261979954992855,-0.30471559014975014,0.08271698362886604,0.11924967935959366,0.48367213444468454,0.8978003929106118,104.5,78.5,21.0,5.5,0.14261904455292204,0.10219960708938819
"(0.03, 0.12, 0.04)",1.0,15.0,B,,1782153.4082952593,0.10782107279123954,-0.27206214187339656,-0.2984932946894248,0.09016701889278493,0.122345564998561,0.5166400859735819,0.9953156710853772,106.0,81.0,25.5,0.0,0.15574294016816836,0.004684328914622692
"(0.03, 0.12, 0.04)",1.0,,B,,1860630.1460733942,0.11232843306299156,-0.27558416823737925,-0.3030252931167328,0.09777448741797205,0.12617641662484536,0.5205145216561609,0.9984879646495779,108.5,79.0,25.5,5.0,0.15663680287669712,0.0015120353504220385
"(0.03, 0.12, 0.06)",0.9,15.0,B,,1641511.8140188428,0.0992959513866285,-0.29176833325869145,-0.29427753461231687,0.07805659045622457,0.11486382569490781,0.48017477360723726,0.8987702190083062,101.0,79.5,22.0,0.5,0.1410375204657302,0.1012297809916939
"(0.03, 0.12, 0.06)",0.9,,B,,1678012.7465321855,0.10157238545216207,-0.2769007842084145,-0.30257894845381705,0.0812383016006241,0.12261880705057555,0.4819033380546914,0.8969514629462192,102.0,78.5,21.0,3.0,0.14244962855605964,0.1030485370537807
"(0.03, 0.12, 0.06)",1.0,15.0,B,,1782153.4082952593,0.10782107279123954,-0.2731263921898495,-0.2984932946894248,0.09016701889278493,0.12228876617537486,0.5166400859735819,0.9953156710853772,105.0,81.0,25.5,0.0,0.15624047399988725,0.004684328914622692
"(0.03, 0.12, 0.06)",1.0,,B,,1871717.8785585486,0.11294747127880789,-0.28020161331300214,-0.31768679436897074,0.09913496154240635,0.1281786267977895,0.5208764385207374,0.9955868507920573,106.0,78.0,25.5,3.0,0.15711966136579014,0.0044131492079427055
"(0.03, 0.12, 0.08)",0.9,15.0,B,,1625130.175395375,0.09825517511999704,-0.2900808394815637,-0.29427736837092683,0.0721333551149664,0.11486382569490781,0.4798799302503364,0.8987702190083062,101.0,80.0,22.0,0.0,0.1410375204657302,0.1012297809916939
"(0.03, 0.12, 0.08)",0.9,,B,,1682350.351400901,0.10183801061165831,-0.27757180511655327,-0.30627163796809426,0.08136344867122458,0.11666044412762254,0.4808080448034468,0.8966953883373248,101.0,78.5,21.5,2.0,0.14312425554093128,0.10330461166267516
"(0.03, 0.12, 0.08)",1.0,15.0,B,,1782153.4082952593,0.10782107279123954,-0.2741617999582005,-0.2984932946894248,0.09016701889278493,0.12237600548936901,0.5173029808219103,0.9953156828326273,105.0,81.0,25.5,0.0,0.1565330127496702,0.004684317167372627
"(0.03, 0.12, 0.08)",1.0,,B,,1805013.46646662,0.10912712756552811,-0.26907987623209384,-0.29888753659057893,0.09302150832749408,0.1262967575835375,0.5235787382013628,0.9971196317095055,106.0,78.5,25.5,1.0,0.15613207817344116,0.0028803682904944544
"(0.03, 0.12, 0.1)",0.9,15.0,B,,1625130.175395375,0.09825517511999704,-0.2900808394815637,-0.29427736837092683,0.0721333551149664,0.11486382569490781,0.4798799302503364,0.8987702190083062,101.5,81.0,21.5,0.0,0.140826537548632,0.1012297809916939
"(0.03, 0.12, 0.1)",0.9,,B,,1663710.3865443124,0.10068568987529003,-0.29176833325869145,-0.29427753461231687,0.07688872335283856,0.11486382569490781,0.4800990944338298,0.8987703084782313,102.0,80.5,21.5,0.0,0.14118770520812068,0.10122969152176875
"(0.03, 0.12, 0.1)",1.0,15.0,B,,1782153.4082952593,0.10782107279123954,-0.27141045551893295,-0.2984932946894248,0.09016701889278493,0.12236700310283427,0.5169248390686313,0.9953156710853772,105.0,81.0,25.5,0.0,0.15636767680129232,0.004684328914622692
"(0.03, 0.12, 0.1)",1.0,,B,,1782153.4082952593,0.10782107279123954,-0.2712518469782392,-0.3006025097257496,0.09016701889278493,0.12256049291240084,0.5209417301599222,0.9953156828326273,106.0,80.5,25.5,0.0,0.15672662268757928,0.004684317167372627
"(0.03, 0.12, 0.15)",0.9,15.0,B,,1625130.175395375,0.09825517511999704,-0.2900808394815637,-0.29427736837092683,0.0721333551149664,0.11486382569490781,0.4798799302503364,0.8987702190083062,101.5,81.0,21.5,0.0,0.140826537548632,0.1012297809916939
"(0.03, 0.12, 0.15)",0.9,,B,,1625130.175395375,0.09825517511999704,-0.2900808394815637,-0.29427736837092683,0.0721333551149664,0.11486382569490781,0.4798799302503364,0.8987702190083062,101.5,81.0,21.5,0.0,0.140826537548632,0.1012297809916939
"(0.03, 0.12, 0.15)",1.0,15.0,B,,1782153.4082952593,0.10782107279123954,-0.27074356344225187,-0.2984932946894248,0.09016701889278493,0.12227063352991328,0.5166400859735819,0.9953156710853772,106.0,81.0,25.5,0.0,0.15519891154498788,0.004684328914622692
"(0.03, 0.12, 0.15)",1.0,,B,,1782153.4082952593,0.10782107279123954,-0.27074356344225187,-0.2984932946894248,0.09016701889278493,0.12227063352991328,0.5166400859735819,0.9953156710853772,106.0,81.0,25.5,0.0,0.15519891154498788,0.004684328914622692
"(0.03, 0.15, 0)",0.9,15.0,B,,1577213.767990015,0.09516613248482819,-0.2863190068948375,-0.28640488538256126,0.07166505648429337,0.10851230344353695,0.48131219109827,0.8916506483431231,96.5,82.5,16.0,0.0,0.14401580810085268,0.10834935165687692
"(0.03, 0.15, 0)",0.9,,B,,1577213.767990015,0.09516613248482819,-0.2863190068948375,-0.28640488538256126,0.07166505648429337,0.10851230344353695,0.48131219109827,0.8916506483431231,96.5,82.5,16.0,0.0,0.14401580810085268,0.10834935165687692
"(0.03, 0.15, 0)",1.0,15.0,B,,1706238.4805031167,0.1032800974737752,-0.31249594973983813,-0.3332175330131482,0.06931356327859928,0.12376367173788419,0.523693810510577,0.9889430806760489,99.5,81.0,19.5,0.0,0.1603537053243806,0.01105691932395125
"(0.03, 0.15, 0)",1.0,,B,,1706238.4805031167,0.1032800974737752,-0.31249594973983813,-0.3332175330131482,0.06931356327859928,0.12376367173788419,0.523693810510577,0.9889430806760489,99.5,81.0,19.5,0.0,0.1603537053243806,0.01105691932395125
"(0.03, 0.15, 0.01)",0.9,15.0,B,,1597383.3887935134,0.09647737650569443,-0.2850816859118587,-0.28571854277447767,0.07170789209630409,0.10960212002946028,0.4796369963287174,0.9003982108853306,99.5,82.0,16.0,3.0,0.1435849926701706,0.09960178911466935
"(0.03, 0.15, 0.01)",0.9,,B,,1686837.7152963,0.10208819688140902,-0.29315046270902306,-0.2948993240475581,0.07652139842274083,0.11347131830922011,0.4899713475390216,0.9038011469306956,131.0,78.0,15.0,36.5,0.14551734750642897,0.09619885306930454
"(0.03, 0.15, 0.01)",1.0,15.0,B,,1703826.7004483955,0.10313604838901558,-0.3137553168031928,-0.3332175330131482,0.06966255823124227,0.1243925269023307,0.5235871813194191,0.9927841346769409,101.0,80.0,19.5,1.0,0.16063380776359865,0.0072158653230590215
"(0.03, 0.15, 0.01)",1.0,,B,,1805396.6584964576,0.10916750881075432,-0.3339263695816994,-0.3394513875613742,0.07116954613264788,0.12842574139066096,0.5274157545444931,0.999536080199791,124.0,77.5,19.5,26.0,0.15995547369300778,0.0004639198002090259
"(0.03, 0.15, 0.02)",0.9,15.0,B,,1583438.1276089721,0.09557528198932752,-0.2874781984396516,-0.29002911028986544,0.07288161820068091,0.10960722741119515,0.4804089400656456,0.8925382421276458,98.0,81.0,16.0,3.0,0.14387283748498406,0.10746175787235426
"(0.03, 0.15, 0.02)",0.9,,B,,1628648.7124415839,0.09847972512679426,-0.29410351747945407,-0.3015731690321782,0.07309092706715277,0.11380409215762295,0.48793012463069063,0.9038843948617816,111.0,77.5,15.0,17.5,0.14579348352020527,0.09611560513821843
"(0.03, 0.15, 0.02)",1.0,15.0,B,,1697461.0950450143,0.1027541017358572,-0.31566523922433287,-0.3332175330131482,0.07563423505114988,0.12511790827993788,0.5252193488080925,0.9925197599289174,100.5,80.0,19.5,1.0,0.16060103451162938,0.007480240071082605
"(0.03, 0.15, 0.02)",1.0,,B,,1834230.3809829466,0.11083456500116617,-0.33265129643588837,-0.34202164679031855,0.07569637992660767,0.1273087096527162,0.5297074413905127,0.9971867586711716,110.0,78.5,19.5,12.0,0.16253327357258684,0.0028132413288283254
"(0.03, 0.15, 0.03)",0.9,15.0,B,,1590946.9009346976,0.09605734696562152,-0.29106001014677296,-0.2935139923373126,0.07281841629849284,0.10955654027768849,0.4806029321348755,0.8932628700092813,97.5,80.0,16.0,2.0,0.14501524028642798,0.10673712999071869
"(0.03, 0.15, 0.03)",0.9,,B,,1548318.0216474256,0.09326666418151208,-0.28999774582598625,-0.30365618700274083,0.07691709444023945,0.11363178352454271,0.48725427080600325,0.9039958264510719,105.0,78.0,15.0,11.0,0.1445301525532679,0.09600417354892805
"(0.03, 0.15, 0.03)",1.0,15.0,B,,1715369.6297507992,0.10384761652677188,-0.31797303538160593,-0.3332175330131482,0.06932389864347921,0.12569377596117762,0.5216000634761122,0.9912438858775056,100.0,79.0,19.5,1.0,0.16065175041417662,0.008756114122494354
"(0.03, 0.15, 0.03)",1.0,,B,,1850501.60812508,0.11150989225581198,-0.3146089284625514,-0.34404642703611243,0.07969268426198875,0.12298628001595366,0.5301750051434045,0.9971524333384187,105.0,78.5,19.0,7.0,0.16186978228889054,0.002847566661581238
"(0.03, 0.15, 0.04)",0.9,15.0,B,,1592555.7913582935,0.09616334711027896,-0.2865673643677246,-0.29006476925323876,0.07355698727508586,0.11011637125382479,0.4806120196520207,0.9005548516664753,97.0,80.5,16.0,2.0,0.14498634703961072,0.09944514833352468
"(0.03, 0.15, 0.04)",0.9,,B,,1618993.9552790257,0.09781446339285549,-0.293399906282291,-0.3027471932924284,0.07636318503536114,0.11825238559100297,0.4881500678244838,0.9039508630160884,102.0,78.5,15.0,9.0,0.14724179173654695,0.09604913698391157
"(0.03, 0.15, 0.04)",1.0,15.0,B,,1715521.1123776464,0.10385973933106529,-0.31249594973983813,-0.3332175330131482,0.06931356327859928,0.12580048214061523,0.5220101328549032,0.9922598638961941,99.0,79.0,19.5,0.0,0.1603537053243806,0.007740136103805754
"(0.03, 0.15, 0.04)",1.0,,B,,1837088.5648693019,0.11083344201545908,-0.3162306626947355,-0.3415424618352092,0.0713002038314888,0.12770172712381375,0.5268544506277197,0.9979115175142312,104.5,79.0,19.5,5.0,0.16171543180212938,0.002088482485768814
"(0.03, 0.15, 0.06)",0.9,15.0,B,,1591345.1134797423,0.09608592766879087,-0.2928786327761128,-0.297192981431057,0.07276148779387485,0.10979211939965978,0.4809061863890116,0.8925259695697281,96.0,79.0,16.0,1.0,0.14560139804342803,0.10747403043027182
"(0.03, 0.15, 0.06)",0.9,,B,,1584304.5935450485,0.09562314258745908,-0.2925158688358487,-0.30569670653428693,0.0790193655060604,0.11891491185680544,0.48628347059368526,0.9039865602713502,98.0,78.5,16.0,5.0,0.1464592177837611,0.09601343972864979
"(0.03, 0.15, 0.06)",1.0,15.0,B,,1700038.4997571167,0.1029090567496539,-0.31503271301591274,-0.3332175330131482,0.06931356327859928,0.12590924839608975,0.5262494829223123,0.9903651404595615,99.0,79.0,19.5,0.0,0.1603537053243806,0.009634859540438582
"(0.03, 0.15, 0.06)",1.0,,B,,1782311.5081953949,0.1078383664607313,-0.3149207845136589,-0.3451705565294259,0.07511997251698761,0.12903155432423039,0.5236527607231809,0.9935023877095444,101.0,78.5,19.5,3.0,0.16011529048522866,0.006497612290455753
"(0.03, 0.15, 0.08)",0.9,15.0,B,,1586842.7439014441,0.0957966498918168,-0.2933009949917868,-0.29861169488543904,0.07208302705773843,0.10933195514712171,0.47947655678893986,0.894647215226403,96.0,80.0,16.0,1.0,0.14560100640117202,0.105352784773597
"(0.03, 0.15, 0.08)",0.9,,B,,1574930.1816841238,0.09501115924664072,-0.2971932417618185,-0.3083056818811399,0.07578506693226564,0.1136060707012194,0.4869729721462038,0.8949783537973626,96.5,78.5,16.0,3.0,0.1467646663254865,0.10502164620263749
"(0.03, 0.15, 0.08)",1.0,15.0,B,,1696627.6482988722,0.10270390472462398,-0.31318018888077664,-0.3332175330131482,0.06931356327859928,0.12573959368440044,0.5261873098338152,0.9912438858775056,99.0,79.0,19.5,0.0,0.1603537053243806,0.008756114122494354
"(0.03, 0.15, 0.08)",1.0,,B,,1740443.976215742,0.10532823356748777,-0.32038388854529454,-0.333217701253785,0.07212880920194782,0.12420531461729199,0.5258297766556521,0.9926828002594422,101.0,79.5,19.5,1.0,0.16124521553827398,0.007317199740557779
"(0.03, 0.15, 0.1)",0.9,15.0,B,,1589647.9047919442,0.09597671448804246,-0.2932114819943745,-0.3009817467560576,0.07262567213150631,0.1101048885260206,0.48144442797386267,0.9003698203169967,96.0,80.0,16.0,1.0,0.14566095755138098,0.0996301796830033
"(0.03, 0.15, 0.1)",0.9,,B,,1629612.1936824247,0.09854337538131597,-0.2971608503455901,-0.30255424936783776,0.07800481635340759,0.11277373131978026,0.4873413603826722,0.9003049389805132,97.0,80.0,16.0,2.0,0.14601829514163694,0.09969506101948683
"(0.03, 0.15, 0.1)",1.0,15.0,B,,1706238.4805031167,0.1032800974737752,-0.3153619548538641,-0.3332175330131482,0.06931356327859928,0.12634540805507474,0.5275955158005139,0.9910235298553849,99.0,80.0,19.5,0.0,0.16041389858422456,0.008976470144615036
"(0.03, 0.15, 0.1)",1.0,,B,,1722908.6210004669,0.10430516977077897,-0.322565654518382,-0.333217701253785,0.06931356327859928,0.12516201891177306,0.5281596172145353,0.990803619337012,99.0,79.5,19.0,1.0,0.16041389858422456,0.009196380662987932
"(0.03, 0.15, 0.15)",0.9,15.0,B,,1577213.767990015,0.09516613248482819,-0.2863190068948375,-0.28640488538256126,0.07166505648429337,0.10851230344353695,0.48131219109827,0.8916506483431231,96.5,82.5,16.0,0.0,0.14401580810085268,0.10834935165687692
"(0.03, 0.15, 0.15)",0.9,,B,,1577213.767990015,0.09516613248482819,-0.2863190068948375,-0.28640488538256126,0.07166505648429337,0.10851230344353695,0.48131219109827,0.8916506483431231,96.5,82.5,16.0,0.0,0.14401580810085268,0.10834935165687692
"(0.03, 0.15, 0.15)",1.0,15.0,B,,1706238.4805031167,0.1032800974737752,-0.31249594973983813,-0.3332175330131482,0.06931356327859928,0.12376367173788419,0.523693810510577,0.9889430806760489,99.5,81.0,19.5,0.0,0.1603537053243806,0.01105691932395125
"(0.03, 0.15, 0.15)",1.0,,B,,1706238.4805031167,0.1032800974737752,-0.31249594973983813,-0.3332175330131482,0.06931356327859928,0.12376367173788419,0.523693810510577,0.9889430806760489,99.5,81.0,19.5,0.0,0.1603537053243806,0.01105691932395125
"(0.03, 0.2, 0)",0.9,15.0,B,,1493082.2884634985,0.0895367393973674,-0.2843051001711426,-0.2918257722103121,0.07229524601156627,0.10574863902332099,0.48068178274487494,0.894662551274494,94.0,82.0,11.0,0.0,0.14502370253860608,0.10533744872550602
"(0.03, 0.2, 0)",0.9,,B,,1493082.2884634985,0.0895367393973674,-0.2843051001711426,-0.2918257722103121,0.07229524601156627,0.10574863902332099,0.48068178274487494,0.894662551274494,94.0,82.0,11.0,0.0,0.14502370253860608,0.10533744872550602
"(0.03, 0.2, 0)",1.0,15.0,B,,1656941.3543155477,0.10026020577219774,-0.3334497752551303,-0.33345921189851346,0.07383815648169115,0.12062451654924215,0.529001910288269,0.9879932851967794,95.5,82.0,14.0,0.0,0.16561634033432407,0.012006714803220523
"(0.03, 0.2, 0)",1.0,,B,,1656941.3543155477,0.10026020577219774,-0.3334497752551303,-0.33345921189851346,0.07383815648169115,0.12062451654924215,0.529001910288269,0.9879932851967794,95.5,82.0,14.0,0.0,0.16561634033432407,0.012006714803220523
"(0.03, 0.2, 0.01)",0.9,15.0,B,,1493272.7875153543,0.08953620215337055,-0.2889233413417065,-0.29786926006018566,0.07266405342919795,0.1064230546158265,0.48535978142215963,0.8960153345261948,97.0,80.5,11.0,5.0,0.14529724639032132,0.1039846654738052
"(0.03, 0.2, 0.01)",0.9,,B,,1612965.3415318294,0.09747724212642084,-0.2976925199643119,-0.3114085068487821,0.07672753048183342,0.12340566471420784,0.4854912850337807,0.903822565879272,137.5,78.5,11.0,48.5,0.14883568048863025,0.09617743412072813
"(0.03, 0.2, 0.01)",1.0,15.0,B,,1674182.3364227235,0.10133565131408373,-0.3362013336763658,-0.33721659137542975,0.07431432704923317,0.1209898209120534,0.5304467535060652,0.9976538570883311,99.0,81.0,14.0,4.0,0.1669056388073019,0.0023461429116689624
"(0.03, 0.2, 0.01)",1.0,,B,,1719416.7118201551,0.1041003180609067,-0.34080090142362196,-0.3434028309573119,0.0830157340310893,0.12660645357852396,0.5421434985313858,0.9992998450106838,127.5,77.0,14.0,35.5,0.16878959372762645,0.0007001549893161302
"(0.03, 0.2, 0.02)",0.9,15.0,B,,1504045.9986271723,0.09025396713190181,-0.2893884846661916,-0.29971327443769047,0.07218624795834687,0.10628452535052764,0.4851189717374377,0.8988274700817624,96.0,80.0,11.0,3.0,0.14587124414137934,0.10117252991823747
"(0.03, 0.2, 0.02)",0.9,,B,,1654085.0084157027,0.10005507041757111,-0.29911745196959444,-0.3193971169155323,0.07805907806587772,0.12346679268908507,0.4879636947774751,0.9001787821491738,112.5,77.0,11.0,24.0,0.1489386706054884,0.09982121785082615
"(0.03, 0.2, 0.02)",1.0,15.0,B,,1694646.4565889835,0.10259482200837355,-0.33273550193224577,-0.33477098633771696,0.07455405131188646,0.12249582883607323,0.5308175874372848,0.9996504389651427,98.5,81.0,14.0,4.0,0.16644175898439434,0.0003495610348573484
"(0.03, 0.2, 0.02)",1.0,,B,,1739461.2258844436,0.10530534046341766,-0.33666125218572784,-0.3424284503869976,0.08056680678335193,0.12576168349233136,0.5370134978881006,0.9981481842737603,109.0,78.0,14.0,16.5,0.1681098768158663,0.00185181572623971
"(0.03, 0.2, 0.03)",0.9,15.0,B,,1499305.7882730872,0.08992610627083064,-0.289400048164872,-0.3010972172616466,0.07345458749801204,0.107231364161694,0.4845327565977961,0.8943173051281721,94.5,79.0,11.0,3.0,0.14555073001493407,0.10568269487182788
"(0.03, 0.2, 0.03)",0.9,,B,,1630834.5040534898,0.09862137570722729,-0.3046057974747839,-0.3284970910121832,0.07707284125983331,0.1222807085165016,0.49017297971892626,0.8987964764589486,104.0,77.0,11.0,15.0,0.15050434316451716,0.10120352354105147
"(0.03, 0.2, 0.03)",1.0,15.0,B,,1702016.9704967486,0.10304511228846513,-0.33547827708264333,-0.33851855203518105,0.07435220899199549,0.12191134550027831,0.5290430382766955,0.9875707269192401,97.0,79.0,14.0,4.0,0.1671139876377134,0.012429273080759856
"(0.03, 0.2, 0.03)",1.0,,B,,1776795.8593909715,0.107413423743145,-0.33622658136221206,-0.3438955664859669,0.07884821814775977,0.12494875064699444,0.5379460744338507,0.9970744054330981,101.0,77.5,14.0,10.0,0.16945667827722544,0.0029255945669018507
"(0.03, 0.2, 0.04)",0.9,15.0,B,,1501086.2558072999,0.09006099936861056,-0.28769003787025854,-0.3071366626171659,0.07381576386423452,0.10801695384427547,0.4784095945206396,0.8963773757728306,93.0,79.0,11.0,2.0,0.14632451736536162,0.1036226242271694
"(0.03, 0.2, 0.04)",0.9,,B,,1647608.8035363988,0.09967931983301714,-0.30115561731469204,-0.31263102698535167,0.07624747190413805,0.1145260935249503,0.48495032875498945,0.8996640342075695,99.0,77.0,10.5,10.0,0.14808135333396846,0.10033596579243051
"(0.03, 0.2, 0.04)",1.0,15.0,B,,1723806.2613841533,0.10436571563384889,-0.33821993525139177,-0.3417039938392383,0.07481912362581333,0.12308784847303592,0.5315244437061457,0.9978183912052876,96.5,79.0,14.0,4.0,0.1675440508284735,0.002181608794712482
"(0.03, 0.2, 0.04)",1.0,,B,,1797395.4007300325,0.10866490774589532,-0.33821993525139177,-0.3417039938392383,0.08609392551678685,0.12593522130704696,0.5364365612026061,0.9978229584671826,99.5,79.0,14.0,7.0,0.16892731234784247,0.0021770415328174492
"(0.03, 0.2, 0.06)",0.9,15.0,B,,1490680.4958497663,0.08936943654265894,-0.28748197628509,-0.3052171686145698,0.07391013741793118,0.10866282275059426,0.4765296307484904,0.8949587740107801,92.0,78.0,11.0,2.0,0.14610631973422133,0.10504122598922
"(0.03, 0.2, 0.06)",0.9,,B,,1556133.432624646,0.09378071244950437,-0.299295746959453,-0.3105185872914876,0.07697137318565736,0.11408765268791142,0.47721130573532544,0.8959615042429018,95.5,78.0,11.0,6.0,0.147171778664939,0.10403849575709825
"(0.03, 0.2, 0.06)",1.0,15.0,B,,1723902.4465555795,0.1043706917253866,-0.3400150545079954,-0.34522810634595413,0.07459075178982669,0.12450545474491735,0.5341845121961097,0.993676903781421,95.0,79.0,14.0,3.0,0.16912141968543298,0.006323096218578945
"(0.03, 0.2, 0.06)",1.0,,B,,1818565.7257053272,0.10988709129229346,-0.3400150545079954,-0.34522810634595413,0.07635333150402568,0.12623531525207562,0.5367570778905308,0.995038103936815,97.0,78.0,14.0,4.0,0.1697268401166499,0.004961896063185015
"(0.03, 0.2, 0.08)",0.9,15.0,B,,1511066.4037324404,0.09076295856344363,-0.29280832015413405,-0.31478948994366346,0.07488979300895753,0.1100218307879116,0.47966760064838365,0.8976663181159328,91.0,77.5,11.0,2.0,0.14734902035880743,0.10233368188406732
"(0.03, 0.2, 0.08)",0.9,,B,,1584743.1894113608,0.09566228853669956,-0.29280832015413405,-0.3160065503299641,0.07669715738757384,0.11854523654267328,0.479697358696652,0.8983149919687659,93.0,78.0,11.0,4.5,0.1460856376146026,0.1016850080312342
"(0.03, 0.2, 0.08)",1.0,15.0,B,,1708777.1602833215,0.10344600083441724,-0.3334497752551303,-0.33345921189851346,0.07415344428251809,0.12149183086929839,0.5323026248002953,0.9898151962040753,95.0,80.0,14.0,2.0,0.168747656355964,0.01018480379592469
"(0.03, 0.2, 0.08)",1.0,,B,,1820978.1042278553,0.11005356535299371,-0.3334497752551303,-0.33345921189851346,0.07649631215031667,0.12509772326906757,0.535047540042338,0.9960499331342829,95.0,79.5,14.0,3.0,0.16919897711863427,0.003950066865717086
"(0.03, 0.2, 0.1)",0.9,15.0,B,,1519715.6770370812,0.09134626844090887,-0.2801903586563792,-0.30827991439560615,0.0772941680237049,0.11102857503753118,0.48026015968635233,0.9008611611031525,92.0,79.0,11.0,1.0,0.14594852453439577,0.09913883889684752
"(0.03, 0.2, 0.1)",0.9,,B,,1514702.7277521861,0.09100288822614555,-0.30162610966699493,-0.31596939198192653,0.07748155163894485,0.11476600225528326,0.474858369776639,0.9008663724594405,93.5,79.0,11.0,2.5,0.14564955716892244,0.0991336275405596
"(0.03, 0.2, 0.1)",1.0,15.0,B,,1666792.070482737,0.10087301656361969,-0.3334497752551303,-0.33345921189851346,0.07406801366376066,0.12252937270585441,0.5340430584568522,0.9918311312634751,95.0,79.5,14.0,1.0,0.16830128331108135,0.008168868736524833
"(0.03, 0.2, 0.1)",1.0,,B,,1752681.2906128329,0.10609172828884661,-0.3334497752551303,-0.3335987888489934,0.07791323969179616,0.1219366667466722,0.5340430584568522,0.9939215410789554,94.5,79.5,14.0,1.0,0.1686820617485404,0.006078458921044555
"(0.03, 0.2, 0.15)",0.9,15.0,B,,1497554.0273709635,0.08984005342350787,-0.2791219482958135,-0.31671486244209013,0.07698896492050959,0.11858407120589072,0.475666732978428,0.8959388468553211,90.0,77.0,11.0,1.0,0.14761576225377895,0.10406115314467881
"(0.03, 0.2, 0.15)",0.9,,B,,1512030.8278741562,0.09083251535729531,-0.31328385145712523,-0.31900568612840974,0.07775908771448503,0.11256644772547199,0.47960579482658916,0.896440816968288,91.0,77.0,11.0,2.0,0.14691311011701402,0.10355918303171205
"(0.03, 0.2, 0.15)",1.0,15.0,B,,1676343.3728622757,0.10146809851231964,-0.33344989856496277,-0.3341084306840141,0.07402389960210536,0.1235237561021272,0.5342137327950423,0.9882096743891662,94.0,80.0,14.0,1.0,0.16831001842757395,0.011790325610833784
"(0.03, 0.2, 0.15)",1.0,,B,,1676343.3728622757,0.10146809851231964,-0.33344989856496277,-0.3341084306840141,0.07402389960210536,0.1235237561021272,0.5342137327950423,0.9882096743891662,94.0,80.0,14.0,1.0,0.16831001842757395,0.011790325610833784
"(0.04, 0.02, 0)",0.9,15.0,B,,1582989.4301443934,0.09554854148859537,-0.24096264657879346,-0.24096327219209682,0.09545651126482346,0.09571352715282685,0.4564815832275501,0.8990403603398209,153.0,79.0,74.0,0.0,0.12371475475566654,0.10095963966017914
"(0.04, 0.02, 0)",0.9,,B,,1582989.4301443934,0.09554854148859537,-0.24096264657879346,-0.24096327219209682,0.09545651126482346,0.09571352715282685,0.4564815832275501,0.8990403603398209,153.0,79.0,74.0,0.0,0.12371475475566654,0.10095963966017914
"(0.04, 0.02, 0)",1.0,15.0,B,,1618592.9197921772,0.09784292801182426,-0.26520279077104847,-0.26592990153324114,0.09645660350407852,0.09842411632963659,0.4736544224489919,0.9960971735239443,159.0,79.5,80.0,0.0,0.12954070335968595,0.0039028264760557754
"(0.04, 0.02, 0)",1.0,,B,,1618592.9197921772,0.09784292801182426,-0.26520279077104847,-0.26592990153324114,0.09645660350407852,0.09842411632963659,0.4736544224489919,0.9960971735239443,159.0,79.5,80.0,0.0,0.12954070335968595,0.0039028264760557754
"(0.04, 0.02, 0.01)",0.9,15.0,B,,1582989.4301443934,0.09554854148859537,-0.24096264657879346,-0.24096327219209682,0.09545651126482346,0.09571352715282685,0.4564815832275501,0.8990403603398209,153.0,79.0,74.0,0.0,0.12371475475566654,0.10095963966017914
"(0.04, 0.02, 0.01)",0.9,,B,,1667623.1852787402,0.10092907376233606,-0.2662699269948128,-0.2698453285075499,0.09941556984108105,0.10212989389769281,0.4751406025032276,0.8964679150988899,198.5,76.0,65.0,57.5,0.13291635217853892,0.10353208490111002
"(0.04, 0.02, 0.01)",1.0,15.0,B,,1618592.9197921772,0.09784292801182426,-0.26520279077104847,-0.26592990153324114,0.09645660350407852,0.09842411632963659,0.4736544224489919,0.9960971735239443,159.0,79.5,80.0,0.0,0.12954070335968595,0.0039028264760557754
"(0.04, 0.02, 0.01)",1.0,,B,,1870331.7040905035,0.11287315687297483,-0.2869083794838575,-0.28851757819379137,0.11104389335438047,0.11412740941034134,0.503580456517593,0.9981855966354767,229.5,78.0,68.0,83.0,0.14344424466904676,0.0018144033645233226
"(0.04, 0.02, 0.02)",0.9,15.0,B,,1582989.4301443934,0.09554854148859537,-0.24096264657879346,-0.24096327219209682,0.09545651126482346,0.09571352715282685,0.4564815832275501,0.8990403603398209,153.0,79.0,74.0,0.0,0.12371475475566654,0.10095963966017914
"(0.04, 0.02, 0.02)",0.9,,B,,1703170.5941747273,0.10311549556922484,-0.2615802852390281,-0.26850358661852536,0.09964748813317399,0.10590506529741406,0.4719074582749354,0.9018932886859311,169.0,76.0,63.0,30.0,0.13192612268447795,0.098106711314069
"(0.04, 0.02, 0.02)",1.0,15.0,B,,1618592.9197921772,0.09784292801182426,-0.26520279077104847,-0.26592990153324114,0.09645660350407852,0.09842411632963659,0.4736544224489919,0.9960971735239443,159.0,79.5,80.0,0.0,0.12954070335968595,0.0039028264760557754
"(0.04, 0.02, 0.02)",1.0,,B,,1881090.5498433087,0.1134737055969911,-0.2908818421314126,-0.2956567648592233,0.11054025718928336,0.11546936159759222,0.5066012221230178,0.9986718583135368,189.0,77.0,65.0,47.0,0.14475983889265215,0.0013281416864631048
"(0.04, 0.02, 0.03)",0.9,15.0,B,,1582989.4301443934,0.09554854148859537,-0.24096264657879346,-0.24096327219209682,0.09545651126482346,0.09571352715282685,0.4564815832275501,0.8990403603398209,153.0,79.0,74.0,0.0,0.12371475475566654,0.10095963966017914
"(0.04, 0.02, 0.03)",0.9,,B,,1697733.4828295251,0.1027837712430748,-0.2625666888270813,-0.26948812803825745,0.10050534677696507,0.10776793052610856,0.47218588932267447,0.9020389193090081,160.0,76.5,64.0,19.0,0.13214034422283527,0.09796108069099177
"(0.04, 0.02, 0.03)",1.0,15.0,B,,1618592.9197921772,0.09784292801182426,-0.26520279077104847,-0.26592990153324114,0.09645660350407852,0.09842411632963659,0.4736544224489919,0.9960971735239443,159.0,79.5,80.0,0.0,0.12954070335968595,0.0039028264760557754
"(0.04, 0.02, 0.03)",1.0,,B,,1900646.9768493762,0.11455755508686472,-0.28582955896785195,-0.2868403318045202,0.11172905365745027,0.11625225645706398,0.5046636743699187,0.9993088764844615,173.0,77.0,65.0,31.0,0.1442002531502679,0.0006911235155384784
"(0.04, 0.02, 0.04)",0.9,15.0,B,,1582989.4301443934,0.09554854148859537,-0.24096264657879346,-0.24096327219209682,0.09545651126482346,0.09571352715282685,0.4564815832275501,0.8990403603398209,153.0,79.0,74.0,0.0,0.12371475475566654,0.10095963966017914
"(0.04, 0.02, 0.04)",0.9,,B,,1683250.970804895,0.10189540094232785,-0.2651370732807525,-0.2705850134989027,0.09782620416063921,0.10583762847936257,0.47291975082821125,0.9020292653295368,153.5,76.0,64.0,14.0,0.1328622911476969,0.09797073467046313
"(0.04, 0.02, 0.04)",1.0,15.0,B,,1618592.9197921772,0.09784292801182426,-0.26520279077104847,-0.26592990153324114,0.09645660350407852,0.09842411632963659,0.4736544224489919,0.9960971735239443,159.0,79.5,80.0,0.0,0.12954070335968595,0.0039028264760557754
"(0.04, 0.02, 0.04)",1.0,,B,,1867061.5152069237,0.11268987957116416,-0.28722972165603045,-0.2947257127431487,0.10978971632190357,0.11928993790343845,0.5023033499159838,0.9968829917371107,166.0,77.0,66.0,22.0,0.1437123804689217,0.0031170082628893354
"(0.04, 0.02, 0.06)",0.9,15.0,B,,1582989.4301443934,0.09554854148859537,-0.24096264657879346,-0.24096327219209682,0.09545651126482346,0.09571352715282685,0.4564815832275501,0.8990403603398209,153.0,79.0,74.0,0.0,0.12371475475566654,0.10095963966017914
"(0.04, 0.02, 0.06)",0.9,,B,,1692407.6372814863,0.10245778718742438,-0.2635264561460383,-0.28079239441510323,0.09840589501086454,0.11010503223677906,0.4698624913890379,0.9019347249139866,150.0,76.0,64.0,9.0,0.13240509069856232,0.09806527508601348
"(0.04, 0.02, 0.06)",1.0,15.0,B,,1618592.9197921772,0.09784292801182426,-0.26520279077104847,-0.26592990153324114,0.09645660350407852,0.09842411632963659,0.4736544224489919,0.9960971735239443,159.0,79.5,80.0,0.0,0.12954070335968595,0.0039028264760557754
"(0.04, 0.02, 0.06)",1.0,,B,,1841455.6240366711,0.11124419412772324,-0.2916338868992746,-0.29582873333370024,0.10607871516492955,0.11980327725467069,0.5045567636287087,0.9968392414040577,157.0,76.5,67.0,14.0,0.14483635123260552,0.003160758595942218
"(0.04, 0.02, 0.08)",0.9,15.0,B,,1582989.4301443934,0.09554854148859537,-0.24096264657879346,-0.24096327219209682,0.09545651126482346,0.09571352715282685,0.4564815832275501,0.8990403603398209,153.0,79.0,74.0,0.0,0.12371475475566654,0.10095963966017914
"(0.04, 0.02, 0.08)",0.9,,B,,1720004.2841518621,0.10413574455162622,-0.2610700320626498,-0.2783358123273747,0.09690957556574924,0.11128642303049019,0.4643447929922459,0.9019276461047085,148.0,76.0,64.5,6.0,0.1317992931572889,0.09807235389529159
"(0.04, 0.02, 0.08)",1.0,15.0,B,,1618592.9197921772,0.09784292801182426,-0.26520279077104847,-0.26592990153324114,0.09645660350407852,0.09842411632963659,0.4736544224489919,0.9960971735239443,159.0,79.5,80.0,0.0,0.12954070335968595,0.0039028264760557754
"(0.04, 0.02, 0.08)",1.0,,B,,1846499.7264246794,0.11153126924947876,-0.28876893446645885,-0.3078923001893347,0.10779028532572672,0.12172475909182925,0.5047436087111771,0.9974632067526865,154.5,77.0,67.0,11.0,0.1451023067107627,0.0025367932473133463
"(0.04, 0.02, 0.1)",0.9,15.0,B,,1582989.4301443934,0.09554854148859537,-0.24096264657879346,-0.24096327219209682,0.09545651126482346,0.09571352715282685,0.4564815832275501,0.8990403603398209,153.0,79.0,74.0,0.0,0.12371475475566654,0.10095963966017914
"(0.04, 0.02, 0.1)",0.9,,B,,1778068.8970614308,0.10758704140346154,-0.2628190794502206,-0.27699994943205264,0.0960048192021647,0.1116657313038675,0.4652750007003205,0.8970817103166961,145.5,76.0,63.0,5.0,0.132933138916289,0.10291828968330377
"(0.04, 0.02, 0.1)",1.0,15.0,B,,1618592.9197921772,0.09784292801182426,-0.26520279077104847,-0.26592990153324114,0.09645660350407852,0.09842411632963659,0.4736544224489919,0.9960971735239443,159.0,79.5,80.0,0.0,0.12954070335968595,0.0039028264760557754
"(0.04, 0.02, 0.1)",1.0,,B,,1885839.08198064,0.11373225475809878,-0.2907355408477588,-0.3133626999098461,0.10489547439707306,0.1256125054504578,0.5009901396130134,0.998573152289479,153.0,76.5,66.5,9.0,0.14572131970151098,0.0014268477105210987
"(0.04, 0.02, 0.15)",0.9,15.0,B,,1582989.4301443934,0.09554854148859537,-0.24096264657879346,-0.24096327219209682,0.09545651126482346,0.09571352715282685,0.4564815832275501,0.8990403603398209,153.0,79.0,74.0,0.0,0.12371475475566654,0.10095963966017914
"(0.04, 0.02, 0.15)",0.9,,B,,1644559.32743019,0.09948757278550502,-0.2598162000263802,-0.2701351161978435,0.09602899375222163,0.10593377715104896,0.45821598018137466,0.8854645727651009,143.5,75.0,66.0,2.0,0.13126874254823506,0.11453542723489904
"(0.04, 0.02, 0.15)",1.0,15.0,B,,1618592.9197921772,0.09784292801182426,-0.26520279077104847,-0.26592990153324114,0.09645660350407852,0.09842411632963659,0.4736544224489919,0.9960971735239443,159.0,79.5,80.0,0.0,0.12954070335968595,0.0039028264760557754
"(0.04, 0.02, 0.15)",1.0,,B,,1960984.3781380346,0.11782949280642807,-0.29701392579863617,-0.31256410987886946,0.10225360247479957,0.12492005404832592,0.4924161903805948,0.9985833708790436,148.5,76.0,64.0,5.0,0.14748769890793578,0.0014166291209563669
"(0.04, 0.03, 0)",0.9,15.0,B,,1662012.2338526691,0.10058005515254487,-0.2542749023329864,-0.2614565817345137,0.09947513438807545,0.10282463981356389,0.4812183752566519,0.8933066254874622,141.0,79.0,63.0,0.0,0.1313238644442795,0.10669337451253784
"(0.04, 0.03, 0)",0.9,,B,,1662012.2338526691,0.10058005515254487,-0.2542749023329864,-0.2614565817345137,0.09947513438807545,0.10282463981356389,0.4812183752566519,0.8933066254874622,141.0,79.0,63.0,0.0,0.1313238644442795,0.10669337451253784
"(0.04, 0.03, 0)",1.0,15.0,B,,1770460.3208906339,0.10714345986945706,-0.2725461649777934,-0.2741266704286935,0.1069253561559135,0.10931587515185895,0.5119395461346595,0.9987223934185909,148.0,78.0,70.0,0.0,0.14057095186638147,0.001277606581409023
"(0.04, 0.03, 0)",1.0,,B,,1770460.3208906339,0.10714345986945706,-0.2725461649777934,-0.2741266704286935,0.1069253561559135,0.10931587515185895,0.5119395461346595,0.9987223934185909,148.0,78.0,70.0,0.0,0.14057095186638147,0.001277606581409023
"(0.04, 0.03, 0.01)",0.9,15.0,B,,1662012.2338526691,0.10058005515254487,-0.2542749023329864,-0.2614565817345137,0.09947513438807545,0.10282463981356389,0.4812183752566519,0.8933066254874622,141.0,79.0,63.0,0.0,0.1313238644442795,0.10669337451253784
"(0.04, 0.03, 0.01)",0.9,,B,,1713303.6009849743,0.10373118263896208,-0.2691194089005614,-0.27062345174479296,0.10112608017189724,0.10492838658828495,0.485329632434231,0.9020407210981762,165.0,77.0,59.0,30.0,0.13452603536630842,0.09795927890182385
"(0.04, 0.03, 0.01)",1.0,15.0,B,,1770460.3208906339,0.10714345986945706,-0.2725461649777934,-0.2741266704286935,0.1069253561559135,0.10931587515185895,0.5119395461346595,0.9987223934185909,148.0,78.0,70.0,0.0,0.14057095186638147,0.001277606581409023
"(0.04, 0.03, 0.01)",1.0,,B,,1862442.4227516742,0.1124307395578511,-0.2969790551422188,-0.3022933162781172,0.1107165083120087,0.11349674426048059,0.5239815164410364,0.9988886556355665,196.0,77.0,63.0,56.0,0.14814453816510242,0.0011113443644334212
"(0.04, 0.03, 0.02)",0.9,15.0,B,,1662012.2338526691,0.10058005515254487,-0.2542749023329864,-0.2614565817345137,0.09947513438807545,0.10282463981356389,0.4812183752566519,0.8933066254874622,141.0,79.0,63.0,0.0,0.1313238644442795,0.10669337451253784
"(0.04, 0.03, 0.02)",0.9,,B,,1710952.824987143,0.1035886402309466,-0.26873176111252134,-0.27275095580915026,0.10152459626564651,0.10683773169395312,0.484132739553249,0.9010464703744843,150.0,77.0,59.0,14.0,0.1345130922665509,0.09895352962551576
"(0.04, 0.03, 0.02)",1.0,15.0,B,,1770460.3208906339,0.10714345986945706,-0.2725461649777934,-0.2741266704286935,0.1069253561559135,0.10931587515185895,0.5119395461346595,0.9987223934185909,148.0,78.0,70.0,0.0,0.14057095186638147,0.001277606581409023
"(0.04, 0.03, 0.02)",1.0,,B,,1875108.6876170207,0.11314019683720133,-0.28768598476340507,-0.29297029306449024,0.11066318679716639,0.11801665777647283,0.517315264819103,0.9961265231734054,166.0,77.0,61.0,27.0,0.14630910129411132,0.003873476826594554
"(0.04, 0.03, 0.03)",0.9,15.0,B,,1662012.2338526691,0.10058005515254487,-0.2542749023329864,-0.2614565817345137,0.09947513438807545,0.10282463981356389,0.4812183752566519,0.8933066254874622,141.0,79.0,63.0,0.0,0.1313238644442795,0.10669337451253784
"(0.04, 0.03, 0.03)",0.9,,B,,1708438.9766414585,0.10343600748366233,-0.26463144487329027,-0.26697367823677026,0.1003754166139921,0.10615878071941802,0.48435467890405914,0.8936358752075045,144.0,75.0,61.0,8.0,0.13423736157976562,0.1063641247924955
"(0.04, 0.03, 0.03)",1.0,15.0,B,,1770460.3208906339,0.10714345986945706,-0.2725461649777934,-0.2741266704286935,0.1069253561559135,0.10931587515185895,0.5119395461346595,0.9987223934185909,148.0,78.0,70.0,0.0,0.14057095186638147,0.001277606581409023
"(0.04, 0.03, 0.03)",1.0,,B,,1879937.5191487456,0.11340913681912346,-0.29302815657014375,-0.2987298491632717,0.10925017630186884,0.11762195197056538,0.5184742838762073,0.9983660421503182,156.0,77.0,62.0,17.0,0.146784415070773,0.001633957849681844
"(0.04, 0.03, 0.04)",0.9,15.0,B,,1662012.2338526691,0.10058005515254487,-0.2542749023329864,-0.2614565817345137,0.09947513438807545,0.10282463981356389,0.4812183752566519,0.8933066254874622,141.0,79.0,63.0,0.0,0.1313238644442795,0.10669337451253784
"(0.04, 0.03, 0.04)",0.9,,B,,1696527.495853506,0.10270957252866131,-0.2637532811971664,-0.27305709437777304,0.10008330468263416,0.10630320768522215,0.4823094321593729,0.900189772121522,142.0,76.0,61.0,5.0,0.13383222405951578,0.09981022787847803
"(0.04, 0.03, 0.04)",1.0,15.0,B,,1770460.3208906339,0.10714345986945706,-0.2725461649777934,-0.2741266704286935,0.1069253561559135,0.10931587515185895,0.5119395461346595,0.9987223934185909,148.0,78.0,70.0,0.0,0.14057095186638147,0.001277606581409023
"(0.04, 0.03, 0.04)",1.0,,B,,1853859.1608126573,0.11194749548966765,-0.2899991853954993,-0.29568217593111995,0.10860476622784485,0.11953279507961038,0.5203346684117144,0.9966351362807262,152.5,76.0,63.5,13.0,0.14669529438667525,0.00336486371927384
"(0.04, 0.03, 0.06)",0.9,15.0,B,,1662012.2338526691,0.10058005515254487,-0.2542749023329864,-0.2614565817345137,0.09947513438807545,0.10282463981356389,0.4812183752566519,0.8933066254874622,141.0,79.0,63.0,0.0,0.1313238644442795,0.10669337451253784
"(0.04, 0.03, 0.06)",0.9,,B,,1683933.4072599756,0.10193738694645127,-0.2644906430773644,-0.27559670451686324,0.0990513025922994,0.10711789594408254,0.47967026427089704,0.8932764925769396,140.0,76.0,61.0,3.0,0.13347661062935434,0.1067235074230604
"(0.04, 0.03, 0.06)",1.0,15.0,B,,1770460.3208906339,0.10714345986945706,-0.2725461649777934,-0.2741266704286935,0.1069253561559135,0.10931587515185895,0.5119395461346595,0.9987223934185909,148.0,78.0,70.0,0.0,0.14057095186638147,0.001277606581409023
"(0.04, 0.03, 0.06)",1.0,,B,,1863912.4951470615,0.11251330382159053,-0.289732628132854,-0.3030072402535478,0.10749098243038055,0.11926999300072015,0.518621507854951,0.999027698151671,148.5,77.0,64.0,8.0,0.14652083435786234,0.0009723018483289524
"(0.04, 0.03, 0.08)",0.9,15.0,B,,1662012.2338526691,0.10058005515254487,-0.2542749023329864,-0.2614565817345137,0.09947513438807545,0.10282463981356389,0.4812183752566519,0.8933066254874622,141.0,79.0,63.0,0.0,0.1313238644442795,0.10669337451253784
"(0.04, 0.03, 0.08)",0.9,,B,,1705924.796330017,0.10328302681722579,-0.26247637786964134,-0.27023577007767646,0.09998009797903817,0.10730390239817525,0.4821394224291512,0.9008243230245355,140.0,76.0,62.0,2.0,0.13332195844022707,0.09917567697546444
"(0.04, 0.03, 0.08)",1.0,15.0,B,,1770460.3208906339,0.10714345986945706,-0.2725461649777934,-0.2741266704286935,0.1069253561559135,0.10931587515185895,0.5119395461346595,0.9987223934185909,148.0,78.0,70.0,0.0,0.14057095186638147,0.001277606581409023
"(0.04, 0.03, 0.08)",1.0,,B,,1913854.2705606585,0.11528371678367133,-0.28682387137638726,-0.30932765728442985,0.10706402839852058,0.1187662437142573,0.5136779830744347,0.9968200905350579,146.0,77.0,63.0,5.0,0.14716209687663928,0.003179909464942116
"(0.04, 0.03, 0.1)",0.9,15.0,B,,1662012.2338526691,0.10058005515254487,-0.2542749023329864,-0.2614565817345137,0.09947513438807545,0.10282463981356389,0.4812183752566519,0.8933066254874622,141.0,79.0,63.0,0.0,0.1313238644442795,0.10669337451253784
"(0.04, 0.03, 0.1)",0.9,,B,,1713801.0477775326,0.10376122893044748,-0.26580340935712443,-0.272851858992955,0.10076590639387395,0.10775415212887898,0.4819973561992152,0.9002926827508475,138.0,77.0,59.0,2.0,0.13373720573980488,0.09970731724915238
"(0.04, 0.03, 0.1)",1.0,15.0,B,,1770460.3208906339,0.10714345986945706,-0.2725461649777934,-0.2741266704286935,0.1069253561559135,0.10931587515185895,0.5119395461346595,0.9987223934185909,148.0,78.0,70.0,0.0,0.14057095186638147,0.001277606581409023
"(0.04, 0.03, 0.1)",1.0,,B,,1890722.099540177,0.11400784895394889,-0.29515124794823794,-0.30664796649535336,0.10711861508317473,0.12003819642682721,0.5107926063949588,0.9981757415429322,143.0,77.0,62.0,4.0,0.14529388058211173,0.0018242584570678415
"(0.04, 0.03, 0.15)",0.9,15.0,B,,1662012.2338526691,0.10058005515254487,-0.2542749023329864,-0.2614565817345137,0.09947513438807545,0.10282463981356389,0.4812183752566519,0.8933066254874622,141.0,79.0,63.0,0.0,0.1313238644442795,0.10669337451253784
"(0.04, 0.03, 0.15)",0.9,,B,,1662012.2338526691,0.10058005515254487,-0.2542749023329864,-0.2614565817345137,0.09947513438807545,0.10282463981356389,0.4812183752566519,0.8933066254874622,141.0,79.0,63.0,0.0,0.1313238644442795,0.10669337451253784
"(0.04, 0.03, 0.15)",1.0,15.0,B,,1770460.3208906339,0.10714345986945706,-0.2725461649777934,-0.2741266704286935,0.1069253561559135,0.10931587515185895,0.5119395461346595,0.9987223934185909,148.0,78.0,70.0,0.0,0.14057095186638147,0.001277606581409023
"(0.04, 0.03, 0.15)",1.0,,B,,1854848.4937377428,0.11200331138711872,-0.28898909674761175,-0.3001696256141343,0.10955686360665498,0.11780352479464665,0.5138633769888474,0.9989460987343515,142.5,75.0,65.0,2.0,0.14795424038805585,0.0010539012656484927
"(0.04, 0.04, 0)",0.9,15.0,B,,1613123.888375339,0.09749011320908263,-0.2734692806314822,-0.275647776675877,0.09518865501115419,0.1022079099179906,0.48959886125660723,0.8973130663852936,128.5,77.0,51.5,0.0,0.1363392600608458,0.10268693361470638
"(0.04, 0.04, 0)",0.9,,B,,1613123.888375339,0.09749011320908263,-0.2734692806314822,-0.275647776675877,0.09518865501115419,0.1022079099179906,0.48959886125660723,0.8973130663852936,128.5,77.0,51.5,0.0,0.1363392600608458,0.10268693361470638
"(0.04, 0.04, 0)",1.0,15.0,B,,1836748.1089082789,0.11097804973422898,-0.277362038949741,-0.28508423683559864,0.11031274692830455,0.11366503859139399,0.5266030744377985,0.9946065011827068,139.5,78.5,61.0,0.0,0.14627882723144797,0.0053934988172932635
"(0.04, 0.04, 0)",1.0,,B,,1836748.1089082789,0.11097804973422898,-0.277362038949741,-0.28508423683559864,0.11031274692830455,0.11366503859139399,0.5266030744377985,0.9946065011827068,139.5,78.5,61.0,0.0,0.14627882723144797,0.0053934988172932635
"(0.04, 0.04, 0.01)",0.9,15.0,B,,1613123.888375339,0.09749011320908263,-0.2734692806314822,-0.275647776675877,0.09518865501115419,0.1022079099179906,0.48959886125660723,0.8973130663852936,128.5,77.0,51.5,0.0,0.1363392600608458,0.10268693361470638
"(0.04, 0.04, 0.01)",0.9,,B,,1633054.54402354,0.09876122676682009,-0.2714846707195128,-0.27993922929913007,0.09551576903186658,0.10449583819446492,0.4938076918947357,0.9021856902527444,136.0,77.0,51.5,8.0,0.13632054140139327,0.09781430974725555
"(0.04, 0.04, 0.01)",1.0,15.0,B,,1836748.1089082789,0.11097804973422898,-0.277362038949741,-0.28508423683559864,0.11031274692830455,0.11366503859139399,0.5266030744377985,0.9946065011827068,139.5,78.5,61.0,0.0,0.14627882723144797,0.0053934988172932635
"(0.04, 0.04, 0.01)",1.0,,B,,1859740.157188897,0.11227883728234112,-0.3029240188600758,-0.3042483965386415,0.11020607169313301,0.11521555588617115,0.5323382634892236,0.9988455612907106,162.5,77.0,58.0,27.5,0.1490558632463121,0.0011544387092894798
"(0.04, 0.04, 0.02)",0.9,15.0,B,,1613123.888375339,0.09749011320908263,-0.2734692806314822,-0.275647776675877,0.09518865501115419,0.1022079099179906,0.48959886125660723,0.8973130663852936,128.5,77.0,51.5,0.0,0.1363392600608458,0.10268693361470638
"(0.04, 0.04, 0.02)",0.9,,B,,1643637.2626771666,0.09942909488079432,-0.27108294828717094,-0.2789554808679046,0.09272723940108181,0.10269984047853198,0.49460706019897865,0.9021936354046873,131.5,77.0,51.5,3.0,0.13642448588820588,0.09780636459531267
"(0.04, 0.04, 0.02)",1.0,15.0,B,,1836748.1089082789,0.11097804973422898,-0.277362038949741,-0.28508423683559864,0.11031274692830455,0.11366503859139399,0.5266030744377985,0.9946065011827068,139.5,78.5,61.0,0.0,0.14627882723144797,0.0053934988172932635
"(0.04, 0.04, 0.02)",1.0,,B,,1856186.8705757596,0.11207847361763046,-0.3095160472098157,-0.3153081764888682,0.11047013127255337,0.11621981485490555,0.5303841328445446,0.9965781796638471,148.0,77.0,58.0,12.0,0.14947936084183205,0.0034218203361528693
"(0.04, 0.04, 0.03)",0.9,15.0,B,,1613123.888375339,0.09749011320908263,-0.2734692806314822,-0.275647776675877,0.09518865501115419,0.1022079099179906,0.48959886125660723,0.8973130663852936,128.5,77.0,51.5,0.0,0.1363392600608458,0.10268693361470638
"(0.04, 0.04, 0.03)",0.9,,B,,1624007.018877925,0.09818775859570528,-0.2734692806314822,-0.27541984078649506,0.09626304287531802,0.1050760801462377,0.4917134877419162,0.8995141944258574,130.0,77.0,51.0,2.0,0.13621490170724715,0.10048580557414259
"(0.04, 0.04, 0.03)",1.0,15.0,B,,1836748.1089082789,0.11097804973422898,-0.277362038949741,-0.28508423683559864,0.11031274692830455,0.11366503859139399,0.5266030744377985,0.9946065011827068,139.5,78.5,61.0,0.0,0.14627882723144797,0.0053934988172932635
"(0.04, 0.04, 0.03)",1.0,,B,,1902714.4811662827,0.11467051473716838,-0.29676372401548917,-0.30060310169442417,0.1117170122316083,0.11718318590333136,0.534266369134877,0.9984683064274946,144.0,77.0,59.0,8.0,0.14972458887396584,0.0015316935725053894
"(0.04, 0.04, 0.04)",0.9,15.0,B,,1613123.888375339,0.09749011320908263,-0.2734692806314822,-0.275647776675877,0.09518865501115419,0.1022079099179906,0.48959886125660723,0.8973130663852936,128.5,77.0,51.5,0.0,0.1363392600608458,0.10268693361470638
"(0.04, 0.04, 0.04)",0.9,,B,,1613123.888375339,0.09749011320908263,-0.2734692806314822,-0.275647776675877,0.09518865501115419,0.10277333068931882,0.48959886125660723,0.8980055642894452,128.5,77.0,51.5,0.0,0.13619054589089302,0.10199443571055478
"(0.04, 0.04, 0.04)",1.0,15.0,B,,1836748.1089082789,0.11097804973422898,-0.277362038949741,-0.28508423683559864,0.11031274692830455,0.11366503859139399,0.5266030744377985,0.9946065011827068,139.5,78.5,61.0,0.0,0.14627882723144797,0.0053934988172932635
"(0.04, 0.04, 0.04)",1.0,,B,,1859436.914524293,0.112261569805166,-0.3000802381276812,-0.30858080193783105,0.1090432786442999,0.11612844677434842,0.5288012606039785,0.9965942868720141,140.5,77.0,58.5,4.5,0.1485958128512094,0.003405713127986001
"(0.04, 0.04, 0.06)",0.9,15.0,B,,1613123.888375339,0.09749011320908263,-0.2734692806314822,-0.275647776675877,0.09518865501115419,0.1022079099179906,0.48959886125660723,0.8973130663852936,128.5,77.0,51.5,0.0,0.1363392600608458,0.10268693361470638
"(0.04, 0.04, 0.06)",0.9,,B,,1613123.888375339,0.09749011320908263,-0.2734692806314822,-0.275647776675877,0.09518865501115419,0.1022079099179906,0.48959886125660723,0.8973130663852936,128.5,77.0,51.5,0.0,0.1363392600608458,0.10268693361470638
"(0.04, 0.04, 0.06)",1.0,15.0,B,,1836748.1089082789,0.11097804973422898,-0.277362038949741,-0.28508423683559864,0.11031274692830455,0.11366503859139399,0.5266030744377985,0.9946065011827068,139.5,78.5,61.0,0.0,0.14627882723144797,0.0053934988172932635
"(0.04, 0.04, 0.06)",1.0,,B,,1877030.0930728416,0.1132474548523118,-0.2940492349625525,-0.30901246721036424,0.1090720661485008,0.1177173559169624,0.5292631161951299,0.9965920683788516,139.0,77.0,58.0,3.0,0.14855055297863523,0.003407931621148483
"(0.04, 0.04, 0.08)",0.9,15.0,B,,1613123.888375339,0.09749011320908263,-0.2734692806314822,-0.275647776675877,0.09518865501115419,0.1022079099179906,0.48959886125660723,0.8973130663852936,128.5,77.0,51.5,0.0,0.1363392600608458,0.10268693361470638
"(0.04, 0.04, 0.08)",0.9,,B,,1613123.888375339,0.09749011320908263,-0.2734692806314822,-0.275647776675877,0.09518865501115419,0.1022079099179906,0.48959886125660723,0.8973375999747126,128.5,77.0,51.5,0.0,0.1363392600608458,0.1026624000252874
"(0.04, 0.04, 0.08)",1.0,15.0,B,,1836748.1089082789,0.11097804973422898,-0.277362038949741,-0.28508423683559864,0.11031274692830455,0.11366503859139399,0.5266030744377985,0.9946065011827068,139.5,78.5,61.0,0.0,0.14627882723144797,0.0053934988172932635
"(0.04, 0.04, 0.08)",1.0,,B,,1881202.2702335878,0.11347988803707565,-0.2921097321880397,-0.30397446092425034,0.11027849126190319,0.11731088942990157,0.5257413196478297,0.9947344590479916,138.0,78.0,59.0,2.0,0.1477691898993247,0.005265540952008353
"(0.04, 0.04, 0.1)",0.9,15.0,B,,1613123.888375339,0.09749011320908263,-0.2734692806314822,-0.275647776675877,0.09518865501115419,0.1022079099179906,0.48959886125660723,0.8973130663852936,128.5,77.0,51.5,0.0,0.1363392600608458,0.10268693361470638
"(0.04, 0.04, 0.1)",0.9,,B,,1613123.888375339,0.09749011320908263,-0.2734692806314822,-0.275647776675877,0.09518865501115419,0.1022079099179906,0.48959886125660723,0.8973130663852936,128.5,77.0,51.5,0.0,0.1363392600608458,0.10268693361470638
"(0.04, 0.04, 0.1)",1.0,15.0,B,,1836748.1089082789,0.11097804973422898,-0.277362038949741,-0.28508423683559864,0.11031274692830455,0.11366503859139399,0.5266030744377985,0.9946065011827068,139.5,78.5,61.0,0.0,0.14627882723144797,0.0053934988172932635
"(0.04, 0.04, 0.1)",1.0,,B,,1867771.4408782597,0.11272906438093644,-0.305153805869557,-0.31277318122992936,0.10978508815983687,0.11825961383295498,0.5243443362521524,0.9898240468967251,137.0,78.0,58.0,1.5,0.1475301312112659,0.010175953103274913
"(0.04, 0.04, 0.15)",0.9,15.0,B,,1613123.888375339,0.09749011320908263,-0.2734692806314822,-0.275647776675877,0.09518865501115419,0.1022079099179906,0.48959886125660723,0.8973130663852936,128.5,77.0,51.5,0.0,0.1363392600608458,0.10268693361470638
"(0.04, 0.04, 0.15)",0.9,,B,,1613123.888375339,0.09749011320908263,-0.2734692806314822,-0.275647776675877,0.09518865501115419,0.1022079099179906,0.48959886125660723,0.8973130663852936,128.5,77.0,51.5,0.0,0.1363392600608458,0.10268693361470638
"(0.04, 0.04, 0.15)",1.0,15.0,B,,1836748.1089082789,0.11097804973422898,-0.277362038949741,-0.28508423683559864,0.11031274692830455,0.11366503859139399,0.5266030744377985,0.9946065011827068,139.5,78.5,61.0,0.0,0.14627882723144797,0.0053934988172932635
"(0.04, 0.04, 0.15)",1.0,,B,,1836748.1089082789,0.11097804973422898,-0.277362038949741,-0.28508423683559864,0.11031274692830455,0.11366503859139399,0.5266030744377985,0.9946065011827068,139.5,78.5,61.0,0.0,0.14627882723144797,0.0053934988172932635
"(0.04, 0.06, 0)",0.9,15.0,B,,1622385.6517745662,0.0980846324989415,-0.25696571250785766,-0.2723694296607284,0.08969607850606762,0.11089524284057876,0.49490319488146417,0.8920585382552857,114.5,78.0,36.5,0.0,0.13624810191097325,0.10794146174471422
"(0.04, 0.06, 0)",0.9,,B,,1622385.6517745662,0.0980846324989415,-0.25696571250785766,-0.2723694296607284,0.08969607850606762,0.11089524284057876,0.49490319488146417,0.8920585382552857,114.5,78.0,36.5,0.0,0.13624810191097325,0.10794146174471422
"(0.04, 0.06, 0)",1.0,15.0,B,,1782481.369074149,0.10784765735618629,-0.2903116650355293,-0.3145362195003652,0.10408088124238375,0.11729162023999311,0.535000349328088,0.9977309207707568,123.0,78.0,44.0,0.0,0.15063639972324133,0.0022690792292432934
"(0.04, 0.06, 0)",1.0,,B,,1782481.369074149,0.10784765735618629,-0.2903116650355293,-0.3145362195003652,0.10408088124238375,0.11729162023999311,0.535000349328088,0.9977309207707568,123.0,78.0,44.0,0.0,0.15063639972324133,0.0022690792292432934
"(0.04, 0.06, 0.01)",0.9,15.0,B,,1622385.6517745662,0.0980846324989415,-0.25696571250785766,-0.2723694296607284,0.08969607850606762,0.11089524284057876,0.49490319488146417,0.8920585382552857,114.5,78.0,36.5,0.0,0.13624810191097325,0.10794146174471422
"(0.04, 0.06, 0.01)",0.9,,B,,1572893.372340043,0.09488938028660676,-0.2635785196507523,-0.27440688230011734,0.08941820783966647,0.1085761732120447,0.5010724994642874,0.90259482109128,126.0,76.0,36.5,14.0,0.13703763209269887,0.09740517890872005
"(0.04, 0.06, 0.01)",1.0,15.0,B,,1782481.369074149,0.10784765735618629,-0.2903116650355293,-0.3145362195003652,0.10408088124238375,0.11729162023999311,0.535000349328088,0.9977309207707568,123.0,78.0,44.0,0.0,0.15063639972324133,0.0022690792292432934
"(0.04, 0.06, 0.01)",1.0,,B,,1786069.4536829304,0.10805784167100496,-0.3017462524470346,-0.31546857435494596,0.10279332445854232,0.11783947400790484,0.5417725077708548,0.998828079388109,132.5,78.0,43.5,12.0,0.15128299599528375,0.0011719206118909905
"(0.04, 0.06, 0.02)",0.9,15.0,B,,1622385.6517745662,0.0980846324989415,-0.25696571250785766,-0.2723694296607284,0.08969607850606762,0.11089524284057876,0.49490319488146417,0.8920585382552857,114.5,78.0,36.5,0.0,0.13624810191097325,0.10794146174471422
"(0.04, 0.06, 0.02)",0.9,,B,,1652023.8661936007,0.09995441919112935,-0.2635399816634482,-0.27782473537932717,0.08940020023731113,0.11167650744446223,0.4999250935081003,0.9026836633555675,119.0,76.5,36.5,6.0,0.13700813714708876,0.09731633664443248
"(0.04, 0.06, 0.02)",1.0,15.0,B,,1782481.369074149,0.10784765735618629,-0.2903116650355293,-0.3145362195003652,0.10408088124238375,0.11729162023999311,0.535000349328088,0.9977309207707568,123.0,78.0,44.0,0.0,0.15063639972324133,0.0022690792292432934
"(0.04, 0.06, 0.02)",1.0,,B,,1800159.6035605208,0.10887573188016963,-0.3044599645144965,-0.3145153949245827,0.10390575839540846,0.11846058382180075,0.5404948602244668,0.9992564498173275,126.5,77.0,44.0,5.0,0.1514740437703395,0.0007435501826725784
"(0.04, 0.06, 0.03)",0.9,15.0,B,,1622385.6517745662,0.0980846324989415,-0.25696571250785766,-0.2723694296607284,0.08969607850606762,0.11089524284057876,0.49490319488146417,0.8920585382552857,114.5,78.0,36.5,0.0,0.13624810191097325,0.10794146174471422
"(0.04, 0.06, 0.03)",0.9,,B,,1642126.6543143948,0.09933242246693186,-0.25981550651713115,-0.2756638944435946,0.09005952384721996,0.11532193374160919,0.4947695693610572,0.8968954938339267,117.0,76.0,37.0,3.0,0.1369554322202936,0.10310450616607322
"(0.04, 0.06, 0.03)",1.0,15.0,B,,1782481.369074149,0.10784765735618629,-0.2903116650355293,-0.3145362195003652,0.10408088124238375,0.11729162023999311,0.535000349328088,0.9977309207707568,123.0,78.0,44.0,0.0,0.15063639972324133,0.0022690792292432934
"(0.04, 0.06, 0.03)",1.0,,B,,1807627.5105841048,0.10930919585220789,-0.29668442592028305,-0.3145362195003652,0.1050183209152803,0.12014706754074828,0.5403553492654862,0.9977159089058496,124.5,78.0,45.0,1.5,0.15168034209125839,0.0022840910941503852
"(0.04, 0.06, 0.04)",0.9,15.0,B,,1622385.6517745662,0.0980846324989415,-0.25696571250785766,-0.2723694296607284,0.08969607850606762,0.11089524284057876,0.49490319488146417,0.8920585382552857,114.5,78.0,36.5,0.0,0.13624810191097325,0.10794146174471422
"(0.04, 0.06, 0.04)",0.9,,B,,1657084.987732795,0.10027117574278832,-0.26208759186511316,-0.27551307646475676,0.0919346604959689,0.11164496791339268,0.49494630073038537,0.9026420242511095,116.0,76.5,37.0,2.5,0.1376234599803062,0.09735797574889041
"(0.04, 0.06, 0.04)",1.0,15.0,B,,1782481.369074149,0.10784765735618629,-0.2903116650355293,-0.3145362195003652,0.10408088124238375,0.11729162023999311,0.535000349328088,0.9977309207707568,123.0,78.0,44.0,0.0,0.15063639972324133,0.0022690792292432934
"(0.04, 0.06, 0.04)",1.0,,B,,1801421.5862635453,0.10894922031901177,-0.30164280843748015,-0.3145362195003652,0.10524807567785403,0.11924843117536338,0.5391436010020274,0.9979448084070232,124.0,78.0,44.5,1.0,0.15119679172933598,0.0020551915929769016
"(0.04, 0.06, 0.06)",0.9,15.0,B,,1622385.6517745662,0.0980846324989415,-0.25696571250785766,-0.2723694296607284,0.08969607850606762,0.11089524284057876,0.49490319488146417,0.8920585382552857,114.5,78.0,36.5,0.0,0.13624810191097325,0.10794146174471422
"(0.04, 0.06, 0.06)",0.9,,B,,1622385.6517745662,0.0980846324989415,-0.25696409346945076,-0.2723694296607284,0.08969607850606762,0.11089524284057876,0.49490319488146417,0.8922228249874344,114.5,78.0,36.5,0.0,0.1363846568566178,0.10777717501256553
"(0.04, 0.06, 0.06)",1.0,15.0,B,,1782481.369074149,0.10784765735618629,-0.2903116650355293,-0.3145362195003652,0.10408088124238375,0.11729162023999311,0.535000349328088,0.9977309207707568,123.0,78.0,44.0,0.0,0.15063639972324133,0.0022690792292432934
"(0.04, 0.06, 0.06)",1.0,,B,,1782481.369074149,0.10784765735618629,-0.2903116650355293,-0.3145362195003652,0.10408088124238375,0.11729162023999311,0.535000349328088,0.9977309207707568,123.0,78.0,44.0,0.0,0.15063639972324133,0.0022690792292432934
"(0.04, 0.06, 0.08)",0.9,15.0,B,,1622385.6517745662,0.0980846324989415,-0.25696571250785766,-0.2723694296607284,0.08969607850606762,0.11089524284057876,0.49490319488146417,0.8920585382552857,114.5,78.0,36.5,0.0,0.13624810191097325,0.10794146174471422
"(0.04, 0.06, 0.08)",0.9,,B,,1622385.6517745662,0.0980846324989415,-0.25696571250785766,-0.2723694296607284,0.08969607850606762,0.11089524284057876,0.49490319488146417,0.8920585382552857,114.5,78.0,36.5,0.0,0.13624810191097325,0.10794146174471422
"(0.04, 0.06, 0.08)",1.0,15.0,B,,1782481.369074149,0.10784765735618629,-0.2903116650355293,-0.3145362195003652,0.10408088124238375,0.11729162023999311,0.535000349328088,0.9977309207707568,123.0,78.0,44.0,0.0,0.15063639972324133,0.0022690792292432934
"(0.04, 0.06, 0.08)",1.0,,B,,1782481.369074149,0.10784765735618629,-0.2903116650355293,-0.3145362195003652,0.10408088124238375,0.11729162023999311,0.535000349328088,0.9977309207707568,123.0,78.0,44.0,0.0,0.15063639972324133,0.0022690792292432934
"(0.04, 0.06, 0.1)",0.9,15.0,B,,1622385.6517745662,0.0980846324989415,-0.25696571250785766,-0.2723694296607284,0.08969607850606762,0.11089524284057876,0.49490319488146417,0.8920585382552857,114.5,78.0,36.5,0.0,0.13624810191097325,0.10794146174471422
"(0.04, 0.06, 0.1)",0.9,,B,,1622385.6517745662,0.0980846324989415,-0.25696571250785766,-0.2723694296607284,0.08969607850606762,0.11089524284057876,0.49490319488146417,0.8920585382552857,114.5,78.0,36.5,0.0,0.13624810191097325,0.10794146174471422
"(0.04, 0.06, 0.1)",1.0,15.0,B,,1782481.369074149,0.10784765735618629,-0.2903116650355293,-0.3145362195003652,0.10408088124238375,0.11729162023999311,0.535000349328088,0.9977309207707568,123.0,78.0,44.0,0.0,0.15063639972324133,0.0022690792292432934
"(0.04, 0.06, 0.1)",1.0,,B,,1782481.369074149,0.10784765735618629,-0.2903116650355293,-0.3145362195003652,0.10408088124238375,0.11729162023999311,0.535000349328088,0.9977309207707568,123.0,78.0,44.0,0.0,0.15063639972324133,0.0022690792292432934
"(0.04, 0.06, 0.15)",0.9,15.0,B,,1622385.6517745662,0.0980846324989415,-0.25696571250785766,-0.2723694296607284,0.08969607850606762,0.11089524284057876,0.49490319488146417,0.8920585382552857,114.5,78.0,36.5,0.0,0.13624810191097325,0.10794146174471422
"(0.04, 0.06, 0.15)",0.9,,B,,1622385.6517745662,0.0980846324989415,-0.25696571250785766,-0.2723694296607284,0.08969607850606762,0.11089524284057876,0.49490319488146417,0.8920585382552857,114.5,78.0,36.5,0.0,0.13624810191097325,0.10794146174471422
"(0.04, 0.06, 0.15)",1.0,15.0,B,,1782481.369074149,0.10784765735618629,-0.2903116650355293,-0.3145362195003652,0.10408088124238375,0.11729162023999311,0.535000349328088,0.9977309207707568,123.0,78.0,44.0,0.0,0.15063639972324133,0.0022690792292432934
"(0.04, 0.06, 0.15)",1.0,,B,,1782481.369074149,0.10784765735618629,-0.2903116650355293,-0.3145362195003652,0.10408088124238375,0.11729162023999311,0.535000349328088,0.9977309207707568,123.0,78.0,44.0,0.0,0.15063639972324133,0.0022690792292432934
"(0.04, 0.08, 0)",0.9,15.0,B,,1589742.20688435,0.09597322611929038,-0.2474683184125967,-0.2870518949666593,0.08364645960399004,0.10905334385930412,0.49349963107277783,0.8975082945050907,105.0,77.0,27.5,0.0,0.1373053684465662,0.10249170549490919
"(0.04, 0.08, 0)",0.9,,B,,1589742.20688435,0.09597322611929038,-0.2474683184125967,-0.2870518949666593,0.08364645960399004,0.10905334385930412,0.49349963107277783,0.8975082945050907,105.0,77.0,27.5,0.0,0.1373053684465662,0.10249170549490919
"(0.04, 0.08, 0)",1.0,15.0,B,,1711245.270353795,0.10360552214513208,-0.2976093599788713,-0.3150437676706191,0.08931650382848133,0.12112212843293485,0.5467863792301566,0.9974142185798489,111.5,77.5,34.0,0.0,0.1544564944855375,0.002585781420151115
"(0.04, 0.08, 0)",1.0,,B,,1711245.270353795,0.10360552214513208,-0.2976093599788713,-0.3150437676706191,0.08931650382848133,0.12112212843293485,0.5467863792301566,0.9974142185798489,111.5,77.5,34.0,0.0,0.1544564944855375,0.002585781420151115
"(0.04, 0.08, 0.01)",0.9,15.0,B,,1589742.20688435,0.09597322611929038,-0.2474683184125967,-0.2870518949666593,0.08364645960399004,0.10905334385930412,0.49349963107277783,0.8975082945050907,105.0,77.0,27.5,0.0,0.1373053684465662,0.10249170549490919
"(0.04, 0.08, 0.01)",0.9,,B,,1585961.9069966888,0.09574114981930071,-0.24876520539321112,-0.28312200054035913,0.08916237622890896,0.11091783295769919,0.5013580375006552,0.9028359685396428,122.0,76.0,27.0,18.0,0.13975603028959532,0.09716403146035717
"(0.04, 0.08, 0.01)",1.0,15.0,B,,1711245.270353795,0.10360552214513208,-0.2976093599788713,-0.3150437676706191,0.08931650382848133,0.12112212843293485,0.5467863792301566,0.9974142185798489,111.5,77.5,34.0,0.0,0.1544564944855375,0.002585781420151115
"(0.04, 0.08, 0.01)",1.0,,B,,1745231.8034018083,0.1056479464415141,-0.29728347615088413,-0.31753114624515183,0.09257053391416654,0.12163309968197074,0.5486647854589939,0.9975953903686392,121.0,77.0,34.0,9.5,0.15426336437733731,0.002404609631360976
"(0.04, 0.08, 0.02)",0.9,15.0,B,,1589742.20688435,0.09597322611929038,-0.2474683184125967,-0.2870518949666593,0.08364645960399004,0.10905334385930412,0.49349963107277783,0.8975082945050907,105.0,77.0,27.5,0.0,0.1373053684465662,0.10249170549490919
"(0.04, 0.08, 0.02)",0.9,,B,,1580056.0555343078,0.09535688386537822,-0.24879950879871932,-0.2874181170501595,0.0873268652713514,0.11063610906619908,0.5020395131233079,0.903020306550254,112.0,76.0,27.0,8.0,0.13955423399657113,0.09697969344974593
"(0.04, 0.08, 0.02)",1.0,15.0,B,,1711245.270353795,0.10360552214513208,-0.2976093599788713,-0.3150437676706191,0.08931650382848133,0.12112212843293485,0.5467863792301566,0.9974142185798489,111.5,77.5,34.0,0.0,0.1544564944855375,0.002585781420151115
"(0.04, 0.08, 0.02)",1.0,,B,,1726274.4354261511,0.10451448444482392,-0.29728347615088413,-0.31452559844464406,0.0923084390378899,0.12337732663378631,0.5497867124887299,0.9978235491510857,116.0,77.0,34.5,4.0,0.15470273990829508,0.0021764508489142387
"(0.04, 0.08, 0.03)",0.9,15.0,B,,1589742.20688435,0.09597322611929038,-0.2474683184125967,-0.2870518949666593,0.08364645960399004,0.10905334385930412,0.49349963107277783,0.8975082945050907,105.0,77.0,27.5,0.0,0.1373053684465662,0.10249170549490919
"(0.04, 0.08, 0.03)",0.9,,B,,1616170.9416459657,0.09768792743228993,-0.24937474679916105,-0.28503131085231276,0.08900833616806447,0.11203341242202029,0.49937987872245654,0.9030500752035884,109.0,76.0,27.5,5.0,0.13927351059931103,0.0969499247964116
"(0.04, 0.08, 0.03)",1.0,15.0,B,,1711245.270353795,0.10360552214513208,-0.2976093599788713,-0.3150437676706191,0.08931650382848133,0.12112212843293485,0.5467863792301566,0.9974142185798489,111.5,77.5,34.0,0.0,0.1544564944855375,0.002585781420151115
"(0.04, 0.08, 0.03)",1.0,,B,,1730231.757727255,0.1047523973232648,-0.30032324239385266,-0.3138643533677552,0.08981691756411617,0.12400682313372445,0.550206045219171,0.9977102257602504,113.5,76.5,34.0,1.5,0.154580649179925,0.0022897742397495692
"(0.04, 0.08, 0.04)",0.9,15.0,B,,1589742.20688435,0.09597322611929038,-0.2474683184125967,-0.2870518949666593,0.08364645960399004,0.10905334385930412,0.49349963107277783,0.8975082945050907,105.0,77.0,27.5,0.0,0.1373053684465662,0.10249170549490919
"(0.04, 0.08, 0.04)",0.9,,B,,1614578.9986436306,0.09758664411740536,-0.24817098867112797,-0.28613848490251725,0.09017770675543466,0.11273139958717691,0.4982988319966508,0.8964732858330162,106.5,76.0,28.0,3.0,0.13971519869275317,0.1035267141669837
"(0.04, 0.08, 0.04)",1.0,15.0,B,,1711245.270353795,0.10360552214513208,-0.2976093599788713,-0.3150437676706191,0.08931650382848133,0.12112212843293485,0.5467863792301566,0.9974142185798489,111.5,77.5,34.0,0.0,0.1544564944855375,0.002585781420151115
"(0.04, 0.08, 0.04)",1.0,,B,,1791890.3667942742,0.10839535766140906,-0.29728347615088413,-0.3150437676706191,0.08914682777276721,0.12432743514450022,0.5490669003228221,0.9974142185798489,113.0,77.5,34.0,0.5,0.15417517949278592,0.002585781420151115
"(0.04, 0.08, 0.06)",0.9,15.0,B,,1589742.20688435,0.09597322611929038,-0.2474683184125967,-0.2870518949666593,0.08364645960399004,0.10905334385930412,0.49349963107277783,0.8975082945050907,105.0,77.0,27.5,0.0,0.1373053684465662,0.10249170549490919
"(0.04, 0.08, 0.06)",0.9,,B,,1666733.994399245,0.10087384384600595,-0.2531512139512665,-0.2893297245458715,0.09021427083080254,0.11327201307628461,0.4998515183703182,0.9034911708357605,106.0,76.0,28.0,2.0,0.14025485941162025,0.09650882916423939
"(0.04, 0.08, 0.06)",1.0,15.0,B,,1711245.270353795,0.10360552214513208,-0.2976093599788713,-0.3150437676706191,0.08931650382848133,0.12112212843293485,0.5467863792301566,0.9974142185798489,111.5,77.5,34.0,0.0,0.1544564944855375,0.002585781420151115
"(0.04, 0.08, 0.06)",1.0,,B,,1711245.270353795,0.10360552214513208,-0.2976093599788713,-0.3150437676706191,0.08966160128988654,0.12112212843293485,0.5467863792301566,0.9974718326709198,112.0,77.5,34.5,0.0,0.15466184619592868,0.002528167329080201
"(0.04, 0.08, 0.08)",0.9,15.0,B,,1589742.20688435,0.09597322611929038,-0.2474683184125967,-0.2870518949666593,0.08364645960399004,0.10905334385930412,0.49349963107277783,0.8975082945050907,105.0,77.0,27.5,0.0,0.1373053684465662,0.10249170549490919
"(0.04, 0.08, 0.08)",0.9,,B,,1589742.20688435,0.09597322611929038,-0.2474683184125967,-0.2870518949666593,0.085084123533707,0.10905334385930412,0.49349963107277783,0.8977798611651376,105.0,77.0,27.5,0.0,0.1373053684465662,0.10222013883486235
"(0.04, 0.08, 0.08)",1.0,15.0,B,,1711245.270353795,0.10360552214513208,-0.2976093599788713,-0.3150437676706191,0.08931650382848133,0.12112212843293485,0.5467863792301566,0.9974142185798489,111.5,77.5,34.0,0.0,0.1544564944855375,0.002585781420151115
"(0.04, 0.08, 0.08)",1.0,,B,,1711245.270353795,0.10360552214513208,-0.2976093599788713,-0.3150437676706191,0.08931650382848133,0.12112212843293485,0.5467863792301566,0.9974142185798489,111.5,77.5,34.0,0.0,0.1544564944855375,0.002585781420151115
"(0.04, 0.08, 0.1)",0.9,15.0,B,,1589742.20688435,0.09597322611929038,-0.2474683184125967,-0.2870518949666593,0.08364645960399004,0.10905334385930412,0.49349963107277783,0.8975082945050907,105.0,77.0,27.5,0.0,0.1373053684465662,0.10249170549490919
"(0.04, 0.08, 0.1)",0.9,,B,,1589742.20688435,0.09597322611929038,-0.2474683184125967,-0.2870518949666593,0.08364645960399004,0.10905334385930412,0.49349963107277783,0.8975082945050907,105.0,77.0,27.5,0.0,0.1373053684465662,0.10249170549490919
"(0.04, 0.08, 0.1)",1.0,15.0,B,,1711245.270353795,0.10360552214513208,-0.2976093599788713,-0.3150437676706191,0.08931650382848133,0.12112212843293485,0.5467863792301566,0.9974142185798489,111.5,77.5,34.0,0.0,0.1544564944855375,0.002585781420151115
"(0.04, 0.08, 0.1)",1.0,,B,,1711245.270353795,0.10360552214513208,-0.2976093599788713,-0.3150437676706191,0.08931650382848133,0.12112212843293485,0.5467863792301566,0.9974142185798489,111.5,77.5,34.0,0.0,0.1544564944855375,0.002585781420151115
"(0.04, 0.08, 0.15)",0.9,15.0,B,,1589742.20688435,0.09597322611929038,-0.2474683184125967,-0.2870518949666593,0.08364645960399004,0.10905334385930412,0.49349963107277783,0.8975082945050907,105.0,77.0,27.5,0.0,0.1373053684465662,0.10249170549490919
"(0.04, 0.08, 0.15)",0.9,,B,,1589742.20688435,0.09597322611929038,-0.2474683184125967,-0.2870518949666593,0.08364645960399004,0.10905334385930412,0.49349963107277783,0.8975082945050907,105.0,77.0,27.5,0.0,0.1373053684465662,0.10249170549490919
"(0.04, 0.08, 0.15)",1.0,15.0,B,,1711245.270353795,0.10360552214513208,-0.2976093599788713,-0.3150437676706191,0.08931650382848133,0.12112212843293485,0.5467863792301566,0.9974142185798489,111.5,77.5,34.0,0.0,0.1544564944855375,0.002585781420151115
"(0.04, 0.08, 0.15)",1.0,,B,,1711245.270353795,0.10360552214513208,-0.2976093599788713,-0.3150437676706191,0.08931650382848133,0.12112212843293485,0.5467863792301566,0.9974142185798489,111.5,77.5,34.0,0.0,0.1544564944855375,0.002585781420151115
"(0.04, 0.1, 0)",0.9,15.0,B,,1609200.9139082143,0.09724192582266022,-0.2769288504218954,-0.2871189458531177,0.08283837609456512,0.10832144676882759,0.4948506340185124,0.9004320209322068,99.0,77.0,21.5,0.0,0.1392810610601042,0.09956797906779323
"(0.04, 0.1, 0)",0.9,,B,,1609200.9139082143,0.09724192582266022,-0.2769288504218954,-0.2871189458531177,0.08283837609456512,0.10832144676882759,0.4948506340185124,0.9004320209322068,99.0,77.0,21.5,0.0,0.1392810610601042,0.09956797906779323
"(0.04, 0.1, 0)",1.0,15.0,B,,1753041.7169536124,0.10610268441954751,-0.27857240028726094,-0.30023977247783173,0.09544342489725563,0.12304163400104629,0.5366158744046834,0.9976559433864629,105.5,78.0,26.5,0.0,0.15333829802900156,0.002344056613537135
"(0.04, 0.1, 0)",1.0,,B,,1753041.7169536124,0.10610268441954751,-0.27857240028726094,-0.30023977247783173,0.09544342489725563,0.12304163400104629,0.5366158744046834,0.9976559433864629,105.5,78.0,26.5,0.0,0.15333829802900156,0.002344056613537135
"(0.04, 0.1, 0.01)",0.9,15.0,B,,1615471.193311473,0.09764345459717061,-0.2769288504218954,-0.28924366447376787,0.08197615008310552,0.11040003741945034,0.4961630746943735,0.900417227994482,99.5,77.0,21.5,1.0,0.13977406655367894,0.09958277200551802
"(0.04, 0.1, 0.01)",0.9,,B,,1654457.9612141731,0.10010855014643338,-0.28566311854295057,-0.2908865197062727,0.07981362618991879,0.10576582705261307,0.509217645108793,0.9025627698027536,115.5,76.0,21.5,19.5,0.14126301085995713,0.09743723019724634
"(0.04, 0.1, 0.01)",1.0,15.0,B,,1753041.7169536124,0.10610268441954751,-0.27857240028726094,-0.30023977247783173,0.09544342489725563,0.12304163400104629,0.5366158744046834,0.9976559433864629,105.5,78.0,26.5,0.0,0.15333829802900156,0.002344056613537135
"(0.04, 0.1, 0.01)",1.0,,B,,1727364.9385287086,0.10457955810422837,-0.27769122845023214,-0.314296060563441,0.092148431675003,0.12374503517645406,0.5488179828227908,0.9987847325276404,122.0,75.5,26.5,20.0,0.1567673968366598,0.0012152674723596205
"(0.04, 0.1, 0.02)",0.9,15.0,B,,1617291.479839067,0.09775992504475917,-0.2769288504218954,-0.2874001009533825,0.08231681864570015,0.11068999432476093,0.49734045654182263,0.9003738629834499,99.0,77.0,21.5,1.0,0.13983158522527991,0.09962613701655021
"(0.04, 0.1, 0.02)",0.9,,B,,1638594.1512938011,0.09911149622328652,-0.27928447788250593,-0.29134923920514283,0.08015018219015417,0.10814336781383836,0.5048586190626476,0.9026138481209582,106.0,76.5,21.5,8.0,0.1416311210997413,0.09738615187904176
"(0.04, 0.1, 0.02)",1.0,15.0,B,,1753041.7169536124,0.10610268441954751,-0.27857240028726094,-0.30023977247783173,0.09544342489725563,0.12304163400104629,0.5366158744046834,0.9976559433864629,105.5,78.0,26.5,0.0,0.15333829802900156,0.002344056613537135
"(0.04, 0.1, 0.02)",1.0,,B,,1766982.57186179,0.10692409572849304,-0.2766213284944524,-0.306393174316977,0.09500704382509809,0.12332988189170815,0.5464864018211462,0.9976210528663665,113.0,76.5,26.5,9.0,0.1555112560651809,0.002378947133633547
"(0.04, 0.1, 0.03)",0.9,15.0,B,,1624446.1060256187,0.0982158312572109,-0.2769288504218954,-0.28730326220001035,0.08244853310479876,0.1109792112485343,0.4988341550776802,0.9004392709063656,99.0,77.0,21.5,1.0,0.13959627867351138,0.09956072909363453
"(0.04, 0.1, 0.03)",0.9,,B,,1643045.4124747156,0.09938750116247097,-0.2782653783471749,-0.29453423128135864,0.08249859047798466,0.11047901761148214,0.5054730342920146,0.9026653346715721,101.5,75.0,21.5,6.0,0.14163403220265153,0.097334665328428
"(0.04, 0.1, 0.03)",1.0,15.0,B,,1753041.7169536124,0.10610268441954751,-0.27857240028726094,-0.30023977247783173,0.09544342489725563,0.12304163400104629,0.5366158744046834,0.9976559433864629,105.5,78.0,26.5,0.0,0.15333829802900156,0.002344056613537135
"(0.04, 0.1, 0.03)",1.0,,B,,1750091.633539904,0.10593895918801344,-0.2756871343345896,-0.2964466649431919,0.09626480252708251,0.12366046625796183,0.542975938217495,0.9969889066645955,108.0,76.5,26.0,5.0,0.15582086623672387,0.0030110933354044684
"(0.04, 0.1, 0.04)",0.9,15.0,B,,1616852.1469726255,0.09773102585952353,-0.2769288504218954,-0.2874438573654176,0.08223599041596896,0.10832144676882759,0.4976673012414117,0.9004320209322068,99.0,76.5,21.5,1.0,0.1392810610601042,0.09956797906779323
"(0.04, 0.1, 0.04)",0.9,,B,,1651417.2224252834,0.09991824170634345,-0.27575875037964,-0.2869145447103495,0.08234226935752782,0.10911126595540617,0.5023926651878959,0.8984631344015994,101.0,76.5,21.5,3.0,0.14043566682021935,0.1015368655984006
"(0.04, 0.1, 0.04)",1.0,15.0,B,,1753041.7169536124,0.10610268441954751,-0.27857240028726094,-0.30023977247783173,0.09544342489725563,0.12304163400104629,0.5366158744046834,0.9976559433864629,105.5,78.0,26.5,0.0,0.15333829802900156,0.002344056613537135
"(0.04, 0.1, 0.04)",1.0,,B,,1763656.5983802504,0.10674013876845345,-0.2712133841371852,-0.2982790474155378,0.09722607611585052,0.12364850660090386,0.5423166356825146,0.9978037623102136,107.5,76.5,26.5,3.0,0.1546239231515477,0.0021962376897863567
"(0.04, 0.1, 0.06)",0.9,15.0,B,,1618576.844322626,0.09784149786958762,-0.2769288504218954,-0.2871189458531177,0.08283837609456512,0.10832144676882759,0.4984760989513197,0.9004320209322068,99.0,77.0,21.5,0.0,0.1392810610601042,0.09956797906779323
"(0.04, 0.1, 0.06)",0.9,,B,,1652382.6803293694,0.09997265995105087,-0.2832699098090284,-0.2943747662835188,0.07785376817822906,0.11421921107651944,0.502345881924035,0.9026858259055562,98.5,76.0,21.5,2.5,0.1415471964823397,0.09731417409444373
"(0.04, 0.1, 0.06)",1.0,15.0,B,,1753041.7169536124,0.10610268441954751,-0.27857240028726094,-0.30023977247783173,0.09544342489725563,0.12304163400104629,0.5366158744046834,0.9976559433864629,105.5,78.0,26.5,0.0,0.15333829802900156,0.002344056613537135
"(0.04, 0.1, 0.06)",1.0,,B,,1792541.3523358647,0.1084343685685285,-0.27952787332837753,-0.3024241402953004,0.09708330268841378,0.12289923256621496,0.5449865048470337,0.9969802344081553,105.0,76.5,26.5,2.0,0.15604733599760062,0.003019765591844653
"(0.04, 0.1, 0.08)",0.9,15.0,B,,1609200.9139082143,0.09724192582266022,-0.2769288504218954,-0.2871189458531177,0.08283837609456512,0.10832144676882759,0.4948506340185124,0.9004320209322068,99.0,77.0,21.5,0.0,0.1392810610601042,0.09956797906779323
"(0.04, 0.1, 0.08)",0.9,,B,,1614495.1302954685,0.09757970461375809,-0.27692932784877805,-0.28674640966400217,0.08331584998225225,0.10832144676882759,0.4964447188969545,0.9004320209322068,99.0,77.0,21.5,0.0,0.13921616274018722,0.09956797906779323
"(0.04, 0.1, 0.08)",1.0,15.0,B,,1753041.7169536124,0.10610268441954751,-0.27857240028726094,-0.30023977247783173,0.09544342489725563,0.12304163400104629,0.5366158744046834,0.9976559433864629,105.5,78.0,26.5,0.0,0.15333829802900156,0.002344056613537135
"(0.04, 0.1, 0.08)",1.0,,B,,1759192.3694287427,0.10646150468282845,-0.27726226735068016,-0.30119717980994154,0.09544342489725563,0.12308251545705325,0.5417759556650892,0.9976559433864629,105.5,78.0,26.5,0.0,0.15422822492649152,0.002344056613537135
"(0.04, 0.1, 0.1)",0.9,15.0,B,,1609200.9139082143,0.09724192582266022,-0.2769288504218954,-0.2871189458531177,0.08283837609456512,0.10832144676882759,0.4948506340185124,0.9004320209322068,99.0,77.0,21.5,0.0,0.1392810610601042,0.09956797906779323
"(0.04, 0.1, 0.1)",0.9,,B,,1609200.9139082143,0.09724192582266022,-0.2769288504218954,-0.2871189458531177,0.08283837609456512,0.10832144676882759,0.4948506340185124,0.9004320209322068,99.0,77.0,21.5,0.0,0.1392810610601042,0.09956797906779323
"(0.04, 0.1, 0.1)",1.0,15.0,B,,1753041.7169536124,0.10610268441954751,-0.27857240028726094,-0.30023977247783173,0.09544342489725563,0.12304163400104629,0.5366158744046834,0.9976559433864629,105.5,78.0,26.5,0.0,0.15333829802900156,0.002344056613537135
"(0.04, 0.1, 0.1)",1.0,,B,,1753041.7169536124,0.10610268441954751,-0.27857240028726094,-0.30023977247783173,0.09544342489725563,0.12304163400104629,0.5366158744046834,0.9976559433864629,105.5,78.0,26.5,0.0,0.15333829802900156,0.002344056613537135
"(0.04, 0.1, 0.15)",0.9,15.0,B,,1609200.9139082143,0.09724192582266022,-0.2769288504218954,-0.2871189458531177,0.08283837609456512,0.10832144676882759,0.4948506340185124,0.9004320209322068,99.0,77.0,21.5,0.0,0.1392810610601042,0.09956797906779323
"(0.04, 0.1, 0.15)",0.9,,B,,1609200.9139082143,0.09724192582266022,-0.2769288504218954,-0.2871189458531177,0.08283837609456512,0.10832144676882759,0.4948506340185124,0.9004320209322068,99.0,77.0,21.5,0.0,0.1392810610601042,0.09956797906779323
"(0.04, 0.1, 0.15)",1.0,15.0,B,,1753041.7169536124,0.10610268441954751,-0.27857240028726094,-0.30023977247783173,0.09544342489725563,0.12304163400104629,0.5366158744046834,0.9976559433864629,105.5,78.0,26.5,0.0,0.15333829802900156,0.002344056613537135
"(0.04, 0.1, 0.15)",1.0,,B,,1753041.7169536124,0.10610268441954751,-0.27857240028726094,-0.30023977247783173,0.09544342489725563,0.12304163400104629,0.5366158744046834,0.9976559433864629,105.5,78.0,26.5,0.0,0.15333829802900156,0.002344056613537135
"(0.04, 0.12, 0)",0.9,15.0,B,,1487277.9111639196,0.0891399626712972,-0.2670622021954163,-0.28792836583677633,0.0760007991495905,0.10919719969890437,0.5023696251413157,0.8990697711837854,93.0,78.0,16.0,0.0,0.14137629601847135,0.10093022881621472
"(0.04, 0.12, 0)",0.9,,B,,1487277.9111639196,0.0891399626712972,-0.2670622021954163,-0.28792836583677633,0.0760007991495905,0.10919719969890437,0.5023696251413157,0.8990697711837854,93.0,78.0,16.0,0.0,0.14137629601847135,0.10093022881621472
"(0.04, 0.12, 0)",1.0,15.0,B,,1748926.9461055044,0.10586978836178063,-0.31370434887276744,-0.31677237435199024,0.08582116322178972,0.11905807668784735,0.5460060709627494,0.9966096489654952,99.5,79.0,21.5,0.0,0.1560786692675286,0.0033903510345048315
"(0.04, 0.12, 0)",1.0,,B,,1748926.9461055044,0.10586978836178063,-0.31370434887276744,-0.31677237435199024,0.08582116322178972,0.11905807668784735,0.5460060709627494,0.9966096489654952,99.5,79.0,21.5,0.0,0.1560786692675286,0.0033903510345048315
"(0.04, 0.12, 0.01)",0.9,15.0,B,,1510133.8585224317,0.09070189620478719,-0.2708459665117215,-0.29265504150193605,0.07671937292737949,0.11027307220316751,0.5009597912916316,0.893573275799076,96.0,78.0,16.0,3.0,0.1412571376250532,0.10642672420092411
"(0.04, 0.12, 0.01)",0.9,,B,,1581341.3952639322,0.0954380499300691,-0.28146767460658095,-0.2919294883126536,0.07728812781469112,0.10991119418876415,0.5071045331427539,0.901963902631379,121.0,77.0,16.0,29.5,0.1420797741498513,0.09803609736862087
"(0.04, 0.12, 0.01)",1.0,15.0,B,,1753372.3196071945,0.1061277183645547,-0.314801990087211,-0.31677237435199024,0.0861495510886279,0.11956881963810806,0.5431917289331178,0.996609644132832,100.5,78.0,21.5,1.0,0.15595837157976822,0.0033903558671680455
"(0.04, 0.12, 0.01)",1.0,,B,,1782301.2458162638,0.10783783278485681,-0.3204959032938362,-0.325227199552112,0.08839811082493423,0.12542922275506257,0.5470601154529379,0.998674799366571,122.5,76.5,21.0,27.5,0.15733320010633675,0.001325200633429033
"(0.04, 0.12, 0.02)",0.9,15.0,B,,1511185.0990910274,0.09077481045487268,-0.2746240086363843,-0.29226824942483604,0.07643892844683871,0.1102479761685861,0.5027380431464425,0.9032355949929602,95.5,77.5,16.0,3.0,0.14106369886958237,0.09676440500703973
"(0.04, 0.12, 0.02)",0.9,,B,,1514219.05565556,0.09097042964649227,-0.28196798467402767,-0.2926990833774133,0.07498322818020961,0.11186842437499618,0.5040817600326825,0.9020074552622859,105.5,77.0,16.0,13.0,0.14314530976870812,0.09799254473771421
"(0.04, 0.12, 0.02)",1.0,15.0,B,,1749205.4458849612,0.10588542318132865,-0.31370434887276744,-0.31677237435199024,0.08633880373663103,0.11995573426122166,0.5434477455913223,0.9966096480869053,100.5,78.0,21.5,1.0,0.15636919761391505,0.003390351913094647
"(0.04, 0.12, 0.02)",1.0,,B,,1767544.8369775214,0.10697183569517632,-0.3112802240702795,-0.3256545814411853,0.08749019765743497,0.12684090797844258,0.5511950062599622,0.997189632239511,110.0,76.5,21.0,13.0,0.15659684084037323,0.0028103677604890574
"(0.04, 0.12, 0.03)",0.9,15.0,B,,1511909.3212075382,0.09082436453354792,-0.26993863229310006,-0.2908786179875228,0.07628225476024493,0.11038810269149064,0.4985841833767082,0.8911357103245848,94.0,76.5,16.0,3.0,0.14011090381821767,0.1088642896754152
"(0.04, 0.12, 0.03)",0.9,,B,,1561578.4964514829,0.09414318291058066,-0.27947049971631394,-0.297872151934383,0.0781023495794168,0.11586491152848574,0.5019317939075998,0.8965156886351228,100.0,77.0,16.0,8.0,0.14221553527655106,0.10348431136487726
"(0.04, 0.12, 0.03)",1.0,15.0,B,,1757267.39814435,0.10636388610534542,-0.31370434887276744,-0.31677237435199024,0.0866657253460911,0.12034135209068848,0.5443620980733668,0.996609644132832,100.0,78.0,21.5,1.0,0.15658838368093325,0.0033903558671680455
"(0.04, 0.12, 0.03)",1.0,,B,,1778910.925950008,0.10763925615302106,-0.3079710008870295,-0.32444288721030795,0.08773079618975096,0.12425732056978367,0.5472411580692949,0.9960945882187171,104.5,76.0,21.0,7.0,0.1562304983254174,0.0039054117812828814
"(0.04, 0.12, 0.04)",0.9,15.0,B,,1511398.975871442,0.09078897101788086,-0.2737204162002003,-0.2896345384873377,0.07623965158478237,0.10953362052707286,0.49869550662537887,0.8992268481830124,94.0,77.0,16.0,2.0,0.14044703300391892,0.10077315181698762
"(0.04, 0.12, 0.04)",0.9,,B,,1543664.1860334463,0.09295808622641921,-0.2800207083654551,-0.29640411740470224,0.07626303757393174,0.11081415315564291,0.4997123185369066,0.8982646682905413,96.5,76.5,16.0,5.0,0.14179342656687138,0.10173533170945864
"(0.04, 0.12, 0.04)",1.0,15.0,B,,1761559.9244890562,0.10661849573273419,-0.31370434887276744,-0.3168178822361638,0.08699170196398191,0.12075278047524302,0.5441101082516223,0.9966096489654952,100.0,78.0,21.5,1.0,0.15676933943963767,0.0033903510345048315
"(0.04, 0.12, 0.04)",1.0,,B,,1794169.848664651,0.10852748705527548,-0.3084213047120321,-0.33141127334731946,0.08679319602446645,0.1255406875054794,0.5473186899277438,0.9969371153345805,102.0,76.0,21.0,5.0,0.156573829101658,0.0030628846654194393
"(0.04, 0.12, 0.06)",0.9,15.0,B,,1518047.8020373322,0.09123788880649863,-0.2811237787441456,-0.30169734586831093,0.07726956535153125,0.11034608109884783,0.5008860411580314,0.9030526375746002,93.0,76.0,16.0,2.0,0.14186319334957292,0.09694736242539986
"(0.04, 0.12, 0.06)",0.9,,B,,1560378.9311135006,0.0940669254795794,-0.2802496781568515,-0.29824929017088325,0.07752097063027108,0.1126665921987648,0.501153441390336,0.9030526375746002,96.0,77.5,16.0,3.0,0.14225824542958598,0.09694736242539986
"(0.04, 0.12, 0.06)",1.0,15.0,B,,1754443.7388606628,0.10619559801916889,-0.31370434887276744,-0.31686264638321837,0.08626625381368185,0.11905807668784735,0.5455615007956476,0.9966096498440851,99.5,77.0,21.5,0.5,0.15716730872422283,0.003390350155915016
"(0.04, 0.12, 0.06)",1.0,,B,,1782510.2375679857,0.10784544950589348,-0.3060108666800026,-0.32554876010959977,0.08763628194404775,0.12318452494589284,0.5491002539537448,0.9954060793789414,100.5,76.5,21.0,3.0,0.15705364277543185,0.004593920621058488
"(0.04, 0.12, 0.08)",0.9,15.0,B,,1499890.9145766767,0.09000207763031876,-0.2826812713862767,-0.28851539704208784,0.07640114059668213,0.10962867213699974,0.500502696335019,0.8987776594144707,93.0,77.5,16.0,1.0,0.14205691567272033,0.10122234058552934
"(0.04, 0.12, 0.08)",0.9,,B,,1543440.647388496,0.0929418497586203,-0.2837632386550254,-0.2964009488254273,0.0760638875458648,0.11322331697368614,0.5005860562904259,0.8988340665149888,94.5,78.0,16.0,2.0,0.1422948570936109,0.10116593348501113
"(0.04, 0.12, 0.08)",1.0,15.0,B,,1757275.861229124,0.10636427754690758,-0.31370434887276744,-0.31677237435199024,0.08582116322178972,0.11905807668784735,0.5452984913837523,0.9966096498440851,99.5,79.0,21.5,0.0,0.15632042759685422,0.003390350155915016
"(0.04, 0.12, 0.08)",1.0,,B,,1816117.4819090038,0.1097965200372687,-0.30453190505858635,-0.3328669005231332,0.08772444249310976,0.12475926514764427,0.5462710896440894,0.9970081373258168,99.0,77.0,21.0,2.0,0.1578227065645224,0.0029918626741831924
"(0.04, 0.12, 0.1)",0.9,15.0,B,,1511833.993817065,0.09081599547372232,-0.2878857796031055,-0.29425314130677116,0.07814054103916626,0.1105083765355482,0.4997417494507553,0.9032785631957472,94.0,77.5,16.0,1.0,0.1420642474825392,0.0967214368042528
"(0.04, 0.12, 0.1)",0.9,,B,,1574485.2103858218,0.09499136624981797,-0.28957518859142467,-0.2973294010304046,0.07814054103916626,0.1145805348639151,0.4997417494507553,0.9032785631957472,94.0,78.0,16.0,1.5,0.14321304456117,0.0967214368042528
"(0.04, 0.12, 0.1)",1.0,15.0,B,,1757275.861229124,0.10636427754690758,-0.31370434887276744,-0.31677237435199024,0.08582116322178972,0.11905807668784735,0.5460060709627494,0.9966096480869053,99.5,79.0,21.5,0.0,0.1560786692675286,0.003390351913094647
"(0.04, 0.12, 0.1)",1.0,,B,,1757275.861229124,0.10636427754690758,-0.31370434887276744,-0.31677237435199024,0.08582116322178972,0.12262998962377761,0.546367666662806,0.9966096489654952,100.0,79.0,21.0,0.0,0.15575571789750675,0.0033903510345048315
"(0.04, 0.12, 0.15)",0.9,15.0,B,,1487277.9111639196,0.0891399626712972,-0.2670622021954163,-0.28792836583677633,0.0760007991495905,0.10919719969890437,0.5023696251413157,0.8990697711837854,93.0,78.0,16.0,0.0,0.14137629601847135,0.10093022881621472
"(0.04, 0.12, 0.15)",0.9,,B,,1487277.9111639196,0.0891399626712972,-0.2670622021954163,-0.28792836583677633,0.0760007991495905,0.10919719969890437,0.5023696251413157,0.8990697711837854,93.0,78.0,16.0,0.0,0.14137629601847135,0.10093022881621472
"(0.04, 0.12, 0.15)",1.0,15.0,B,,1748926.9461055044,0.10586978836178063,-0.31370434887276744,-0.31677237435199024,0.08582116322178972,0.11905807668784735,0.5460060709627494,0.9966096489654952,99.5,79.0,21.5,0.0,0.1560786692675286,0.0033903510345048315
"(0.04, 0.12, 0.15)",1.0,,B,,1748926.9461055044,0.10586978836178063,-0.31370434887276744,-0.31677237435199024,0.08582116322178972,0.11905807668784735,0.5460060709627494,0.9966096489654952,99.5,79.0,21.5,0.0,0.1560786692675286,0.0033903510345048315
"(0.04, 0.15, 0)",0.9,15.0,B,,1457091.7888267832,0.0870405334004537,-0.2895876999248226,-0.2895940322972584,0.07276308883241715,0.11098586724468858,0.5010476744070256,0.8925743300187005,88.0,77.0,13.0,0.0,0.14424791452042796,0.10742566998129947
"(0.04, 0.15, 0)",0.9,,B,,1457091.7888267832,0.0870405334004537,-0.2895876999248226,-0.2895940322972584,0.07276308883241715,0.11098586724468858,0.5010476744070256,0.8925743300187005,88.0,77.0,13.0,0.0,0.14424791452042796,0.10742566998129947
"(0.04, 0.15, 0)",1.0,15.0,B,,1696352.8797308821,0.10269247032850859,-0.3030145953910605,-0.30968261055010876,0.08027934529010057,0.11840899887365411,0.5410924926301597,0.9930936852082463,95.5,79.0,16.0,0.0,0.1570446280486032,0.006906314791753776
"(0.04, 0.15, 0)",1.0,,B,,1696352.8797308821,0.10269247032850859,-0.3030145953910605,-0.30968261055010876,0.08027934529010057,0.11840899887365411,0.5410924926301597,0.9930936852082463,95.5,79.0,16.0,0.0,0.1570446280486032,0.006906314791753776
"(0.04, 0.15, 0.01)",0.9,15.0,B,,1460042.7081047175,0.08724539344003213,-0.2924532430238219,-0.2934725087086759,0.0729183993294251,0.11241679619170604,0.5043274376463158,0.9021091415005531,92.5,76.5,13.0,4.0,0.14505367361934027,0.09789085849944693
"(0.04, 0.15, 0.01)",0.9,,B,,1571237.6467014628,0.09477948390436453,-0.2928379091264865,-0.29348775992477016,0.07362851695679659,0.11304440831866185,0.5068689432013931,0.9021993404247262,116.5,75.0,13.0,28.0,0.14540264208358142,0.09780065957527384
"(0.04, 0.15, 0.01)",1.0,15.0,B,,1683061.0763730793,0.10188150442870503,-0.3066904810417784,-0.3129286420023079,0.08007806803090327,0.11696502977682034,0.5433862854355207,0.9926557035300965,98.0,78.0,16.0,3.0,0.15773313346246315,0.007344296469903564
"(0.04, 0.15, 0.01)",1.0,,B,,1708934.5606339732,0.10345820179117293,-0.31977287843337343,-0.32032229031375514,0.08150127433534635,0.1229320758553504,0.5555577460773642,0.9986225841467645,128.0,76.5,16.0,36.5,0.15810653274885905,0.0013774158532355082
"(0.04, 0.15, 0.02)",0.9,15.0,B,,1452219.018292268,0.08669912670928692,-0.2895876999248226,-0.2895940322972584,0.0737133685415096,0.11191378987316354,0.5060203781781067,0.89365155244713,90.5,75.5,13.0,3.0,0.14460507777000903,0.10634844755287005
"(0.04, 0.15, 0.02)",0.9,,B,,1522053.3031090978,0.09148400339103724,-0.2895882949093878,-0.28965600815979425,0.07495041798248037,0.11237881187002711,0.5117306384602741,0.8966934950301213,98.0,74.5,13.0,11.5,0.14521747880780242,0.10330650496987862
"(0.04, 0.15, 0.02)",1.0,15.0,B,,1708040.727776379,0.10340284059433724,-0.3103746802909484,-0.31760294550876306,0.07981612578602315,0.11797902755280337,0.5451158526020812,0.9997389426683195,97.5,78.0,16.0,3.0,0.15790461902713876,0.00026105733168050064
"(0.04, 0.15, 0.02)",1.0,,B,,1675660.7817403497,0.10142050637651634,-0.3152521754475371,-0.3202516080181033,0.08102726733665302,0.12350065527237591,0.5523588621798091,0.9984968896291286,109.0,77.5,16.0,15.0,0.1591243630748097,0.0015031103708712296
"(0.04, 0.15, 0.03)",0.9,15.0,B,,1457955.9798726686,0.08710140943596922,-0.2895876999248226,-0.2895940322972584,0.07244977122472795,0.11178320487340665,0.5033339520975109,0.8952138651297006,90.0,75.0,13.0,2.0,0.14488991361380527,0.10478613487029925
"(0.04, 0.15, 0.03)",0.9,,B,,1553384.9125244333,0.09359436892832906,-0.28958851662580665,-0.29483184023284803,0.07921978874233784,0.11162258926509705,0.5043784749437719,0.8942544760408526,97.0,77.0,13.0,8.0,0.1455157607786336,0.10574552395914746
"(0.04, 0.15, 0.03)",1.0,15.0,B,,1721753.311065652,0.10423796446060196,-0.31358535061619824,-0.31846654091149224,0.08056675573521907,0.11797766862835753,0.5463814284259354,0.9964821229528933,97.0,78.0,16.0,3.0,0.15866787078974515,0.0035178770471068193
"(0.04, 0.15, 0.03)",1.0,,B,,1678710.5473685875,0.10161248949550084,-0.3132908413444656,-0.32745290571715546,0.08185943372036834,0.1248603978120723,0.5477147427474066,0.9970511531589223,102.0,75.0,16.0,10.0,0.15978416388889738,0.002948846841077709
"(0.04, 0.15, 0.04)",0.9,15.0,B,,1476218.8048437377,0.08837431359131487,-0.2895876999248226,-0.2895940322972584,0.0732153929248004,0.11150158459785482,0.5052340298677187,0.8974008037990141,89.5,75.5,13.0,2.0,0.1449812953571544,0.10259919620098593
"(0.04, 0.15, 0.04)",0.9,,B,,1531522.7841583951,0.09210869185323844,-0.28959062380686057,-0.2929681340222912,0.08068981084008589,0.11388622015693668,0.5072475061410541,0.8959146909165747,94.0,75.5,13.0,6.0,0.14565537175722093,0.10408530908342528
"(0.04, 0.15, 0.04)",1.0,15.0,B,,1725736.0779347294,0.10447736078898118,-0.30932763959554943,-0.31468221412492786,0.08053529940078544,0.1185899985587646,0.5434381973619145,0.9932686887140164,96.0,78.0,16.0,2.0,0.15744876842102498,0.006731311285983574
"(0.04, 0.15, 0.04)",1.0,,B,,1718683.3385630187,0.10405586517125887,-0.31501976838013046,-0.332073444516951,0.08247886241445124,0.1261499663852644,0.5515467797397886,0.9954905655873212,98.5,77.0,16.0,6.5,0.1599316147849631,0.004509434412678823
"(0.04, 0.15, 0.06)",0.9,15.0,B,,1473167.3144256682,0.0881636155277652,-0.28958747820840375,-0.289594025424442,0.07276026296670013,0.1121869832693257,0.5034878491638655,0.8946037855066519,89.0,75.5,13.0,1.0,0.1445521197220095,0.10539621449334813
"(0.04, 0.15, 0.06)",0.9,,B,,1534361.8106050158,0.09233489426978536,-0.2895882949093878,-0.2895940322972584,0.07506147785031606,0.11348899497674228,0.5067638355790571,0.8931522017790249,91.0,75.5,13.0,3.0,0.14472077262181454,0.1068477982209751
"(0.04, 0.15, 0.06)",1.0,15.0,B,,1718709.4727904606,0.10405419321415499,-0.3141255677463054,-0.3187386803994396,0.08074418888109891,0.11952468263541459,0.5456616355663428,0.9999120437056535,94.5,77.5,16.0,2.0,0.1586468168621534,8.795629434654208e-05
"(0.04, 0.15, 0.06)",1.0,,B,,1772755.150627836,0.10727216457216104,-0.3141255677463054,-0.326856797850674,0.08438711899823384,0.12074804066626962,0.5498950005415056,0.9999120437056535,96.0,78.0,16.0,4.0,0.15867041560723127,8.795629434654208e-05
"(0.04, 0.15, 0.08)",0.9,15.0,B,,1485412.4273200196,0.08901113595692889,-0.2895876999248226,-0.2895940322972584,0.07276308883241715,0.11107610512423989,0.5021926599800908,0.8946291923166172,88.0,75.0,13.0,1.0,0.14474721519199146,0.10537080768338283
"(0.04, 0.15, 0.08)",0.9,,B,,1538654.6887339049,0.09261781257337198,-0.2895876999248226,-0.29107617943603686,0.07632039140504412,0.11604848645661418,0.5045634554824225,0.8931294854437254,89.0,75.0,13.0,2.0,0.1447582985814596,0.10687051455627458
"(0.04, 0.15, 0.08)",1.0,15.0,B,,1719268.2965364004,0.10408449267129316,-0.31587142231302046,-0.32033770082639745,0.08069740447285104,0.11827155784477578,0.5453569998688964,0.9949847783227996,94.0,78.0,16.0,1.0,0.15871765167853463,0.005015221677200383
"(0.04, 0.15, 0.08)",1.0,,B,,1705149.470022257,0.10323597972721021,-0.3167585865465868,-0.33421590404618207,0.08525538293754713,0.12141685153435523,0.5496460732433976,0.9966051396895729,95.0,76.5,16.0,2.0,0.1600815982109565,0.0033948603104270694
"(0.04, 0.15, 0.1)",0.9,15.0,B,,1465893.5368762123,0.08765750273202699,-0.2895876999248226,-0.2895940322972584,0.07276308883241715,0.11098586724468858,0.5016696581929089,0.8925758141703823,88.0,76.0,13.0,0.0,0.14485001805306502,0.1074241858296176
"(0.04, 0.15, 0.1)",0.9,,B,,1503367.007768936,0.09024226210235553,-0.2895876999248226,-0.2914740842477868,0.0772590872859126,0.11235368231683968,0.5030897404965731,0.8925741027977485,89.0,76.0,13.0,1.0,0.14443295905337883,0.10742589720225143
"(0.04, 0.15, 0.1)",1.0,15.0,B,,1703543.1111819095,0.10312412834085105,-0.32256882599667563,-0.3264711952135038,0.08060886008091014,0.11775219584010131,0.54668796077123,0.9929598889381333,93.5,78.0,16.0,1.0,0.1601191061796689,0.007040111061866753
"(0.04, 0.15, 0.1)",1.0,,B,,1717927.2192732575,0.10401090277215408,-0.32342412477634547,-0.3282088095912099,0.08661098610175347,0.12167134328993268,0.5487761502079943,0.9958516656687475,94.0,77.5,16.0,2.0,0.16145611113624703,0.004148334331252493
"(0.04, 0.15, 0.15)",0.9,15.0,B,,1457091.7888267832,0.0870405334004537,-0.2895876999248226,-0.2895940322972584,0.07276308883241715,0.11098586724468858,0.5010476744070256,0.8925743300187005,88.0,77.0,13.0,0.0,0.14424791452042796,0.10742566998129947
"(0.04, 0.15, 0.15)",0.9,,B,,1457091.7888267832,0.0870405334004537,-0.2895876999248226,-0.2895940322972584,0.07276308883241715,0.11098586724468858,0.5010476744070256,0.8925743300187005,88.0,77.0,13.0,0.0,0.14424791452042796,0.10742566998129947
"(0.04, 0.15, 0.15)",1.0,15.0,B,,1696352.8797308821,0.10269247032850859,-0.3030145953910605,-0.30968261055010876,0.08027934529010057,0.11840899887365411,0.5410924926301597,0.9930936852082463,95.5,79.0,16.0,0.0,0.1570446280486032,0.006906314791753776
"(0.04, 0.15, 0.15)",1.0,,B,,1696352.8797308821,0.10269247032850859,-0.3030145953910605,-0.30968261055010876,0.08027934529010057,0.11840899887365411,0.5410924926301597,0.9930936852082463,95.5,79.0,16.0,0.0,0.1570446280486032,0.006906314791753776
"(0.04, 0.2, 0)",0.9,15.0,B,,1647396.1619272896,0.0996649087906839,-0.28834044834766703,-0.29589572345574733,0.07223109094830116,0.10902859171400181,0.4926549680943425,0.8990175093233506,89.0,79.0,10.0,0.0,0.14296918004288917,0.10098249067664943
"(0.04, 0.2, 0)",0.9,,B,,1647396.1619272896,0.0996649087906839,-0.28834044834766703,-0.29589572345574733,0.07223109094830116,0.10902859171400181,0.4926549680943425,0.8990175093233506,89.0,79.0,10.0,0.0,0.14296918004288917,0.10098249067664943
"(0.04, 0.2, 0)",1.0,15.0,B,,1573841.367088905,0.09495144370362862,-0.3129943487458028,-0.32083565591092034,0.07901638604520762,0.11380424403059215,0.5413789989460526,0.995570352632328,91.0,78.5,11.0,0.0,0.1600853785794083,0.00442964736767197
"(0.04, 0.2, 0)",1.0,,B,,1573841.367088905,0.09495144370362862,-0.3129943487458028,-0.32083565591092034,0.07901638604520762,0.11380424403059215,0.5413789989460526,0.995570352632328,91.0,78.5,11.0,0.0,0.1600853785794083,0.00442964736767197
"(0.04, 0.2, 0.01)",0.9,15.0,B,,1650189.4792296365,0.09984120892473147,-0.293946104981437,-0.30193588264468796,0.07021278349258502,0.10850823841310415,0.4910003475004563,0.8923997632788307,93.0,77.0,10.0,6.0,0.14460470007373138,0.10760023672116933
"(0.04, 0.2, 0.01)",0.9,,B,,1532075.1625710262,0.0921501407376476,-0.30022062324736404,-0.3082942636453816,0.07192195401060049,0.11280888617326605,0.49538275966457207,0.9022909606176012,115.5,75.0,9.0,30.0,0.1445306036908861,0.09770903938239887
"(0.04, 0.2, 0.01)",1.0,15.0,B,,1587933.8107177406,0.09586378077960489,-0.31353836839636484,-0.320681379573247,0.08053770466635961,0.11550361276551062,0.5380577270364264,0.9937612981365168,94.0,78.5,11.0,5.0,0.1588347644168574,0.0062387018634831835
"(0.04, 0.2, 0.01)",1.0,,B,,1697286.5474743764,0.10272472058190685,-0.3234770876984653,-0.3359516933694798,0.08184883300860508,0.1317516740257175,0.5518784380396966,0.9986391240196529,133.0,75.5,11.0,47.0,0.1644321367280917,0.0013608759803470682
"(0.04, 0.2, 0.02)",0.9,15.0,B,,1676920.8571113916,0.10150499019876513,-0.29460483680458316,-0.3029693379109681,0.07019438063246089,0.1085291280540587,0.49441608781043467,0.8975600791195447,91.5,76.5,10.0,6.0,0.1454201783970222,0.10243992088045532
"(0.04, 0.2, 0.02)",0.9,,B,,1538248.1342822039,0.0925978998597542,-0.29602489337979243,-0.3070827638693594,0.07409187262735414,0.11221909724656629,0.49861168954820456,0.9024035878097902,100.5,75.0,9.0,14.0,0.14467036001075895,0.09759641219020973
"(0.04, 0.2, 0.02)",1.0,15.0,B,,1593951.9479527685,0.09624192393937847,-0.31541742557250924,-0.3266948894045116,0.07925871903163033,0.11477101182086502,0.5418635779999011,0.995860573989982,93.0,77.5,11.0,3.0,0.16007739652533,0.004139426010018078
"(0.04, 0.2, 0.02)",1.0,,B,,1759575.6225047237,0.10649900517777278,-0.32063137842617107,-0.35224306574747904,0.08212906468184782,0.12854138148111818,0.551735617267227,0.996689252253544,110.5,75.5,11.0,24.0,0.1632873044369773,0.0033107477464560135
"(0.04, 0.2, 0.03)",0.9,15.0,B,,1662814.4642082443,0.10062979037811748,-0.2957337335721673,-0.3090065134331509,0.07191685033206052,0.10795051895302035,0.4976125974416986,0.9025077555395149,90.5,75.0,10.0,6.0,0.14646895732515597,0.0974922444604851
"(0.04, 0.2, 0.03)",0.9,,B,,1606976.680463742,0.09707754364240917,-0.2957337335721673,-0.3090065134331509,0.07974631643163362,0.11259859841750373,0.498784309606886,0.9027709564890036,96.0,75.5,9.0,9.0,0.14495854122873225,0.0972290435109964
"(0.04, 0.2, 0.03)",1.0,15.0,B,,1600541.265111906,0.0966633622179569,-0.31460252332736377,-0.3224269161070141,0.08065304843837695,0.11578420942271721,0.5428225311539762,0.9895221328917885,92.5,77.0,11.0,3.0,0.16014381561690835,0.010477867108211563
"(0.04, 0.2, 0.03)",1.0,,B,,1732809.3322349023,0.10490622061908572,-0.32033178679394003,-0.3588649345205386,0.080558197634826,0.12927205566428307,0.5574676027965221,0.9972889545770942,102.0,75.0,11.0,14.0,0.16470913860820155,0.002711045422905804
"(0.04, 0.2, 0.04)",0.9,15.0,B,,1694558.8657465298,0.10258901252974473,-0.2851554681625539,-0.30404174278046586,0.07303695393901188,0.11013906085030115,0.49288124395674215,0.8976771886057007,89.5,76.0,10.0,4.0,0.1456028900556077,0.10232281139429933
"(0.04, 0.2, 0.04)",0.9,,B,,1626671.3936138642,0.09835486085846168,-0.2851500850923554,-0.30404174278046586,0.0775205709919861,0.11192470288086068,0.49428622486714746,0.8993024515784521,91.5,76.0,9.0,5.5,0.14540571705940616,0.10069754842154786
"(0.04, 0.2, 0.04)",1.0,15.0,B,,1600581.1285689306,0.09667798393823201,-0.31459256798871044,-0.32845568074151305,0.08011017980462791,0.11576177538385514,0.5429757054415028,0.9964115263650061,92.0,77.0,11.0,2.0,0.1597330157102499,0.0035884736349939073
"(0.04, 0.2, 0.04)",1.0,,B,,1774319.527664173,0.1073688795959995,-0.31581620715253395,-0.33351839266710265,0.07948660543107208,0.1226877572442086,0.5467209161468223,0.9967260629483505,97.5,75.0,11.0,10.5,0.16143642667304017,0.0032739370516494753
"(0.04, 0.2, 0.06)",0.9,15.0,B,,1694608.536785875,0.10259236571752917,-0.28722552423693465,-0.31059370131928093,0.07290857114467131,0.10818419243216609,0.4980114117651798,0.9030392225589243,88.0,75.5,10.0,3.0,0.14622066636494885,0.0969607774410757
"(0.04, 0.2, 0.06)",0.9,,B,,1644084.6599529805,0.09943372701958941,-0.28722552423693465,-0.31059370131928093,0.07687451714183362,0.11131507866427401,0.5002341006308431,0.9025875005276158,88.5,74.5,9.0,4.0,0.14803134758921213,0.09741249947238421
"(0.04, 0.2, 0.06)",1.0,15.0,B,,1612680.9909831064,0.09746226357410315,-0.3158406765287782,-0.33209624187540193,0.08150930422210376,0.11710880079673885,0.5416837112062779,0.9966856045696675,91.0,76.5,11.0,2.0,0.16051884826369822,0.0033143954303324454
"(0.04, 0.2, 0.06)",1.0,,B,,1696740.9843128575,0.10272290900927994,-0.31708269808702216,-0.3332482395137399,0.08449777726249832,0.12254938938239053,0.5475135183382609,0.9965426262772592,92.5,76.0,11.0,5.5,0.16153277841679864,0.0034573737227406925
"(0.04, 0.2, 0.08)",0.9,15.0,B,,1651245.176106029,0.09990686254487646,-0.28834044834766703,-0.2958957303359991,0.07109784677290443,0.10827668276845685,0.49526330057829426,0.8990340910524633,87.5,76.5,10.0,1.0,0.1454486402094612,0.10096590894753671
"(0.04, 0.2, 0.08)",0.9,,B,,1620694.1932187602,0.09796620140799661,-0.28834044834766703,-0.2958957303359991,0.07625064658474076,0.10965554020551792,0.49716749372033053,0.8990340910524633,88.0,76.0,9.0,1.0,0.14749777054968502,0.10096590894753671
"(0.04, 0.2, 0.08)",1.0,15.0,B,,1611265.6296053997,0.09737231538369673,-0.31698159999099207,-0.34020985433325923,0.08123602958913043,0.11711004452335014,0.5436899678312942,0.996919132198193,89.0,76.0,11.0,2.0,0.16051001878282178,0.0030808678018072006
"(0.04, 0.2, 0.08)",1.0,,B,,1685869.4673485726,0.10205654347788684,-0.31698159999099207,-0.34508472431212833,0.08161270752314462,0.12229426512640978,0.5521501279856937,0.9968576343452105,90.5,75.0,11.0,5.0,0.1643967831925378,0.0031423656547896225
"(0.04, 0.2, 0.1)",0.9,15.0,B,,1653670.8493336316,0.10005924408184685,-0.28834044834766703,-0.29600899565627875,0.07223109094830116,0.10871020353580008,0.49430885291860893,0.899453174315855,87.0,76.5,10.0,1.0,0.14600546499458716,0.10054682568414505
"(0.04, 0.2, 0.1)",0.9,,B,,1631991.725515089,0.09868443800695947,-0.28834044834766703,-0.29596520760052136,0.07710273237684181,0.11019241668433653,0.49430885291860893,0.8990340910524633,88.0,76.5,9.0,1.0,0.14481834890025674,0.10096590894753671
"(0.04, 0.2, 0.1)",1.0,15.0,B,,1591552.7202721094,0.09610464349637715,-0.3022601231884847,-0.3286043698789052,0.08161324541113757,0.11820887965975536,0.5349105876974243,0.9892019671549681,89.0,77.0,11.0,1.0,0.15969501953873483,0.010798032845031839
"(0.04, 0.2, 0.1)",1.0,,B,,1614499.033850661,0.09756270977205816,-0.326931527900993,-0.33432227778174767,0.08350787599912064,0.11973759667889998,0.5423265972265063,0.996500252641324,90.0,76.0,11.0,2.5,0.1615569414360099,0.0034997473586759753
"(0.04, 0.2, 0.15)",0.9,15.0,B,,1647396.1619272896,0.0996649087906839,-0.28834044834766703,-0.29589572345574733,0.07273212222836323,0.10741226379874627,0.4872180094861482,0.8996652022898045,89.0,78.5,10.0,0.0,0.14299588948466618,0.10033479771019546
"(0.04, 0.2, 0.15)",0.9,,B,,1614940.7930533567,0.09760168063641828,-0.2883348525587574,-0.29589572345574733,0.07273212222836323,0.10741226379874627,0.48680197413544957,0.9003688838633888,88.5,78.5,9.0,1.0,0.143724716093913,0.09963111613661127
"(0.04, 0.2, 0.15)",1.0,15.0,B,,1581452.460825643,0.09544450869304433,-0.30706597254334095,-0.34232321705160734,0.08082103837128289,0.12133477146868918,0.5383717746169554,0.9942711121860337,88.0,75.5,11.0,1.0,0.16153947794143192,0.005728887813966324
"(0.04, 0.2, 0.15)",1.0,,B,,1656025.5500116483,0.10017070970461961,-0.3102039036571722,-0.34232321705160734,0.08082103837128289,0.1218242391799615,0.5544804955920217,0.9964331606822479,89.0,77.0,11.0,2.0,0.16203164019046845,0.003566839317752055
"(0.06, 0.02, 0)",0.9,15.0,B,,1539903.1641619392,0.09270846260048593,-0.2892339111748189,-0.2963533902846377,0.09054176637034328,0.09418994901975683,0.5244269708376146,0.8987689383768427,122.5,75.0,47.5,0.0,0.13967159339185484,0.10123106162315727
"(0.06, 0.02, 0)",0.9,,B,,1539903.1641619392,0.09270846260048593,-0.2892339111748189,-0.2963533902846377,0.09054176637034328,0.09418994901975683,0.5244269708376146,0.8987689383768427,122.5,75.0,47.5,0.0,0.13967159339185484,0.10123106162315727
"(0.06, 0.02, 0)",1.0,15.0,B,,1727713.4486335707,0.1046004983349278,-0.3088550375997692,-0.3149163481507944,0.10304583302891357,0.10654336195933156,0.562337147222803,0.9979030554111998,139.0,75.0,63.5,0.0,0.15170468752600158,0.002096944588800233
"(0.06, 0.02, 0)",1.0,,B,,1727713.4486335707,0.1046004983349278,-0.3088550375997692,-0.3149163481507944,0.10304583302891357,0.10654336195933156,0.562337147222803,0.9979030554111998,139.0,75.0,63.5,0.0,0.15170468752600158,0.002096944588800233
"(0.06, 0.02, 0.01)",0.9,15.0,B,,1539903.1641619392,0.09270846260048593,-0.2892339111748189,-0.2963533902846377,0.09054176637034328,0.09418994901975683,0.5244269708376146,0.8987689383768427,122.5,75.0,47.5,0.0,0.13967159339185484,0.10123106162315727
"(0.06, 0.02, 0.01)",0.9,,B,,1569181.9529003918,0.09464596180780038,-0.27877552051616566,-0.28651772335860015,0.09092744320363819,0.09602902496197965,0.5292458484640492,0.898366928222351,138.5,72.0,49.5,17.0,0.14048564725590312,0.10163307177764905
"(0.06, 0.02, 0.01)",1.0,15.0,B,,1727713.4486335707,0.1046004983349278,-0.3088550375997692,-0.3149163481507944,0.10304583302891357,0.10654336195933156,0.562337147222803,0.9979030554111998,139.0,75.0,63.5,0.0,0.15170468752600158,0.002096944588800233
"(0.06, 0.02, 0.01)",1.0,,B,,1730867.4788725073,0.10479054924144027,-0.29640434476256783,-0.3019611611385354,0.10335712262360855,0.10635725612303686,0.5628749118696827,0.9988030494175342,160.0,73.0,60.0,27.0,0.15200850629883936,0.0011969505824658347
"(0.06, 0.02, 0.02)",0.9,15.0,B,,1539903.1641619392,0.09270846260048593,-0.2892339111748189,-0.2963533902846377,0.09054176637034328,0.09418994901975683,0.5244269708376146,0.8987689383768427,122.5,75.0,47.5,0.0,0.13967159339185484,0.10123106162315727
"(0.06, 0.02, 0.02)",0.9,,B,,1553100.0993299312,0.09358567755725378,-0.2851809977341957,-0.29138311107816184,0.09081768115437623,0.09612864128155067,0.5297427119054219,0.8981620019438634,129.0,72.5,49.0,8.0,0.14119385141388513,0.10183799805613655
"(0.06, 0.02, 0.02)",1.0,15.0,B,,1727713.4486335707,0.1046004983349278,-0.3088550375997692,-0.3149163481507944,0.10304583302891357,0.10654336195933156,0.562337147222803,0.9979030554111998,139.0,75.0,63.5,0.0,0.15170468752600158,0.002096944588800233
"(0.06, 0.02, 0.02)",1.0,,B,,1725345.5491615096,0.10445857554542692,-0.30200024892462524,-0.31214874215442345,0.102737614291986,0.1073642412620796,0.5639392067161839,0.9988219971851557,146.0,73.0,60.5,12.0,0.15276968612503017,0.0011780028148441757
"(0.06, 0.02, 0.03)",0.9,15.0,B,,1539903.1641619392,0.09270846260048593,-0.2892339111748189,-0.2963533902846377,0.09054176637034328,0.09418994901975683,0.5244269708376146,0.8987689383768427,122.5,75.0,47.5,0.0,0.13967159339185484,0.10123106162315727
"(0.06, 0.02, 0.03)",0.9,,B,,1536120.2756890734,0.09245561457001283,-0.289874407393,-0.29931968217982097,0.08929487515192869,0.09723369529664269,0.5295508451327643,0.8987689383768427,126.0,73.0,48.5,4.0,0.1412774021124324,0.10123106162315727
"(0.06, 0.02, 0.03)",1.0,15.0,B,,1727713.4486335707,0.1046004983349278,-0.3088550375997692,-0.3149163481507944,0.10304583302891357,0.10654336195933156,0.562337147222803,0.9979030554111998,139.0,75.0,63.5,0.0,0.15170468752600158,0.002096944588800233
"(0.06, 0.02, 0.03)",1.0,,B,,1735110.0617473265,0.10504501269248279,-0.3023125178545025,-0.31552501118036086,0.10216682524944683,0.10934449496554852,0.5663523960563539,0.9980292362474525,143.0,72.0,62.0,8.0,0.1536432186260585,0.001970763752547493
"(0.06, 0.02, 0.04)",0.9,15.0,B,,1539903.1641619392,0.09270846260048593,-0.2892339111748189,-0.2963533902846377,0.09054176637034328,0.09418994901975683,0.5244269708376146,0.8987689383768427,122.5,75.0,47.5,0.0,0.13967159339185484,0.10123106162315727
"(0.06, 0.02, 0.04)",0.9,,B,,1543034.3686333075,0.09291725001029683,-0.28879143665342943,-0.2971320867199099,0.09045529752934771,0.0970333355610314,0.5280401396627652,0.8987689383768427,123.5,73.0,47.5,3.0,0.14102119877225086,0.10123106162315727
"(0.06, 0.02, 0.04)",1.0,15.0,B,,1727713.4486335707,0.1046004983349278,-0.3088550375997692,-0.3149163481507944,0.10304583302891357,0.10654336195933156,0.562337147222803,0.9979030554111998,139.0,75.0,63.5,0.0,0.15170468752600158,0.002096944588800233
"(0.06, 0.02, 0.04)",1.0,,B,,1741573.1250489177,0.10543143410076705,-0.3057787354196162,-0.3135996243730619,0.102200975169811,0.1082906604803282,0.5673675142467292,0.9981821487368817,141.0,72.0,63.0,6.0,0.15293572679162898,0.0018178512631182656
"(0.06, 0.02, 0.06)",0.9,15.0,B,,1539903.1641619392,0.09270846260048593,-0.2892339111748189,-0.2963533902846377,0.09054176637034328,0.09418994901975683,0.5244269708376146,0.8987689383768427,122.5,75.0,47.5,0.0,0.13967159339185484,0.10123106162315727
"(0.06, 0.02, 0.06)",0.9,,B,,1542309.8300170922,0.09286898874234162,-0.2879679763261725,-0.301545681746949,0.09081606037471342,0.09708287330443037,0.5294068024875956,0.8987689383768427,122.5,73.0,47.5,2.0,0.14100929508549723,0.10123106162315727
"(0.06, 0.02, 0.06)",1.0,15.0,B,,1727713.4486335707,0.1046004983349278,-0.3088550375997692,-0.3149163481507944,0.10304583302891357,0.10654336195933156,0.562337147222803,0.9979030554111998,139.0,75.0,63.5,0.0,0.15170468752600158,0.002096944588800233
"(0.06, 0.02, 0.06)",1.0,,B,,1744937.1113678743,0.10563220480754332,-0.30254808330526395,-0.31902113824952194,0.10103357208267258,0.10999906221888145,0.5677226730014829,0.9979940904507736,139.0,72.5,62.0,4.0,0.15328076010655975,0.0020059095492264865
"(0.06, 0.02, 0.08)",0.9,15.0,B,,1539903.1641619392,0.09270846260048593,-0.2892339111748189,-0.2963533902846377,0.09054176637034328,0.09418994901975683,0.5244269708376146,0.8987689383768427,122.5,75.0,47.5,0.0,0.13967159339185484,0.10123106162315727
"(0.06, 0.02, 0.08)",0.9,,B,,1526345.485984359,0.09179974726271944,-0.29904313814771305,-0.307983255767198,0.08825834312415363,0.09518507091306479,0.5311397094450088,0.8987689383768427,123.0,73.0,49.0,1.0,0.1420654090808317,0.10123106162315727
"(0.06, 0.02, 0.08)",1.0,15.0,B,,1727713.4486335707,0.1046004983349278,-0.3088550375997692,-0.3149163481507944,0.10304583302891357,0.10654336195933156,0.562337147222803,0.9979030554111998,139.0,75.0,63.5,0.0,0.15170468752600158,0.002096944588800233
"(0.06, 0.02, 0.08)",1.0,,B,,1726678.7202080758,0.10453880909305391,-0.31635443536747704,-0.3267746849994514,0.10244402792185328,0.1095446679532538,0.5655624302685316,0.9980923024704597,138.0,73.0,63.0,2.0,0.153638997159858,0.0019076975295403858
"(0.06, 0.02, 0.1)",0.9,15.0,B,,1539903.1641619392,0.09270846260048593,-0.2892339111748189,-0.2963533902846377,0.09054176637034328,0.09418994901975683,0.5244269708376146,0.8987689383768427,122.5,75.0,47.5,0.0,0.13967159339185484,0.10123106162315727
"(0.06, 0.02, 0.1)",0.9,,B,,1543833.2691566246,0.09297048436650401,-0.2931371893061113,-0.30258373806920835,0.08934990934097287,0.09603727041045312,0.526845409228613,0.8987689383768427,122.0,73.0,48.0,1.0,0.1404743356883822,0.10123106162315727
"(0.06, 0.02, 0.1)",1.0,15.0,B,,1727713.4486335707,0.1046004983349278,-0.3088550375997692,-0.3149163481507944,0.10304583302891357,0.10654336195933156,0.562337147222803,0.9979030554111998,139.0,75.0,63.5,0.0,0.15170468752600158,0.002096944588800233
"(0.06, 0.02, 0.1)",1.0,,B,,1750943.3205585077,0.1059896136582954,-0.3102727130397382,-0.31872613745314954,0.10388565564299235,0.11154869257486281,0.5642413150658021,0.9981503867561907,136.5,73.0,61.0,2.0,0.15264282852732367,0.0018496132438091516
"(0.06, 0.02, 0.15)",0.9,15.0,B,,1539903.1641619392,0.09270846260048593,-0.2892339111748189,-0.2963533902846377,0.09054176637034328,0.09418994901975683,0.5244269708376146,0.8987689383768427,122.5,75.0,47.5,0.0,0.13967159339185484,0.10123106162315727
"(0.06, 0.02, 0.15)",0.9,,B,,1539903.1641619392,0.09270846260048593,-0.2895766957331985,-0.29663812512858884,0.09054176637034328,0.09456700152719211,0.5247036601212138,0.8987689383768427,123.0,75.0,48.0,0.0,0.13973987755090972,0.10123106162315727
"(0.06, 0.02, 0.15)",1.0,15.0,B,,1727713.4486335707,0.1046004983349278,-0.3088550375997692,-0.3149163481507944,0.10304583302891357,0.10654336195933156,0.562337147222803,0.9979030554111998,139.0,75.0,63.5,0.0,0.15170468752600158,0.002096944588800233
"(0.06, 0.02, 0.15)",1.0,,B,,1721494.5667318096,0.1042264603536317,-0.31006580398235345,-0.31516858417425214,0.10296287351444573,0.11100397533996723,0.5634060515552914,0.9979048007708371,139.0,75.0,64.0,0.0,0.15196059613272433,0.002095199229162956
"(0.06, 0.03, 0)",0.9,15.0,B,,1513939.2367457577,0.09096186092776615,-0.29305900450336336,-0.3003205775343804,0.08604807612248436,0.09430873937117093,0.5297575362457114,0.89847500761853,111.0,73.0,38.0,0.0,0.14195691579734274,0.10152499238146992
"(0.06, 0.03, 0)",0.9,,B,,1513939.2367457577,0.09096186092776615,-0.29305900450336336,-0.3003205775343804,0.08604807612248436,0.09430873937117093,0.5297575362457114,0.89847500761853,111.0,73.0,38.0,0.0,0.14195691579734274,0.10152499238146992
"(0.06, 0.03, 0)",1.0,15.0,B,,1676991.0552783767,0.10150913957919916,-0.31462670703290335,-0.32351415095112684,0.09764275598897128,0.10491442781706699,0.5709023622383527,0.9983854584083645,125.0,74.0,51.0,0.0,0.15459286032044112,0.0016145415916355558
"(0.06, 0.03, 0)",1.0,,B,,1676991.0552783767,0.10150913957919916,-0.31462670703290335,-0.32351415095112684,0.09764275598897128,0.10491442781706699,0.5709023622383527,0.9983854584083645,125.0,74.0,51.0,0.0,0.15459286032044112,0.0016145415916355558
"(0.06, 0.03, 0.01)",0.9,15.0,B,,1513939.2367457577,0.09096186092776615,-0.29305900450336336,-0.3003205775343804,0.08604807612248436,0.09430873937117093,0.5297575362457114,0.89847500761853,111.0,73.0,38.0,0.0,0.14195691579734274,0.10152499238146992
"(0.06, 0.03, 0.01)",0.9,,B,,1538521.8066385365,0.09261608794994658,-0.2810878392815408,-0.28885116787731335,0.08857732397100934,0.09704495539032461,0.5346333251458366,0.8990201146671096,122.0,72.0,37.0,12.0,0.14159954898862392,0.10097988533289036
"(0.06, 0.03, 0.01)",1.0,15.0,B,,1676991.0552783767,0.10150913957919916,-0.31462670703290335,-0.32351415095112684,0.09764275598897128,0.10491442781706699,0.5709023622383527,0.9983854584083645,125.0,74.0,51.0,0.0,0.15459286032044112,0.0016145415916355558
"(0.06, 0.03, 0.01)",1.0,,B,,1726284.2746102135,0.10451508539911347,-0.30464235629005615,-0.31068440245797,0.09950104778997111,0.10738410228613268,0.5727876692810288,0.9987649298064489,138.0,74.0,49.0,14.0,0.15401792474177317,0.001235070193551015
"(0.06, 0.03, 0.02)",0.9,15.0,B,,1513939.2367457577,0.09096186092776615,-0.29305900450336336,-0.3003205775343804,0.08604807612248436,0.09430873937117093,0.5297575362457114,0.89847500761853,111.0,73.0,38.0,0.0,0.14195691579734274,0.10152499238146992
"(0.06, 0.03, 0.02)",0.9,,B,,1532070.818648763,0.092183502502166,-0.2852059487240741,-0.2994723582321414,0.08751198998524265,0.09621385445661268,0.5348226654507913,0.898548456859527,114.0,72.0,37.0,5.0,0.142025676270013,0.10145154314047286
"(0.06, 0.03, 0.02)",1.0,15.0,B,,1676991.0552783767,0.10150913957919916,-0.31462670703290335,-0.32351415095112684,0.09764275598897128,0.10491442781706699,0.5709023622383527,0.9983854584083645,125.0,74.0,51.0,0.0,0.15459286032044112,0.0016145415916355558
"(0.06, 0.03, 0.02)",1.0,,B,,1710103.5043774745,0.10353489378765035,-0.3074894692042614,-0.317756396427249,0.09880759479418297,0.10669431083119706,0.573136486132475,0.9983917666715225,129.0,73.0,50.0,6.0,0.15370608697175658,0.0016082333284775877
"(0.06, 0.03, 0.03)",0.9,15.0,B,,1513939.2367457577,0.09096186092776615,-0.29305900450336336,-0.3003205775343804,0.08604807612248436,0.09430873937117093,0.5297575362457114,0.89847500761853,111.0,73.0,38.0,0.0,0.14195691579734274,0.10152499238146992
"(0.06, 0.03, 0.03)",0.9,,B,,1543263.97257222,0.09293256735522926,-0.2866837709442803,-0.2982443669880663,0.08787589548337502,0.09599864562018554,0.5323847622763209,0.8986596469719916,112.0,72.0,37.5,3.0,0.14231147247169776,0.1013403530280084
"(0.06, 0.03, 0.03)",1.0,15.0,B,,1676991.0552783767,0.10150913957919916,-0.31462670703290335,-0.32351415095112684,0.09764275598897128,0.10491442781706699,0.5709023622383527,0.9983854584083645,125.0,74.0,51.0,0.0,0.15459286032044112,0.0016145415916355558
"(0.06, 0.03, 0.03)",1.0,,B,,1692401.490539404,0.10245728476530802,-0.31081717471579456,-0.3225029919169603,0.09801792422453526,0.10555344183255,0.5734725562477114,0.9983854584083645,126.0,73.0,50.0,3.0,0.15445990078304822,0.0016145415916355558
"(0.06, 0.03, 0.04)",0.9,15.0,B,,1513939.2367457577,0.09096186092776615,-0.29305900450336336,-0.3003205775343804,0.08604807612248436,0.09430873937117093,0.5297575362457114,0.89847500761853,111.0,73.0,38.0,0.0,0.14195691579734274,0.10152499238146992
"(0.06, 0.03, 0.04)",0.9,,B,,1534740.374120576,0.09236333512082073,-0.28700623485798044,-0.2973277193067587,0.08768204956795231,0.09575865464382274,0.5324978640146987,0.8985484514611028,111.5,72.0,37.5,2.0,0.14159300083013132,0.10145154853889701
"(0.06, 0.03, 0.04)",1.0,15.0,B,,1676991.0552783767,0.10150913957919916,-0.31462670703290335,-0.32351415095112684,0.09764275598897128,0.10491442781706699,0.5709023622383527,0.9983854584083645,125.0,74.0,51.0,0.0,0.15459286032044112,0.0016145415916355558
"(0.06, 0.03, 0.04)",1.0,,B,,1680964.821385729,0.10175454266850537,-0.31022523527029194,-0.32286985952702385,0.09987101114166097,0.10605508556856431,0.5727218517503179,0.9983854584083645,125.0,73.0,50.0,2.0,0.15430689909523956,0.0016145415916355558
"(0.06, 0.03, 0.06)",0.9,15.0,B,,1513939.2367457577,0.09096186092776615,-0.29305900450336336,-0.3003205775343804,0.08604807612248436,0.09430873937117093,0.5297575362457114,0.89847500761853,111.0,73.0,38.0,0.0,0.14195691579734274,0.10152499238146992
"(0.06, 0.03, 0.06)",0.9,,B,,1506510.6825006434,0.09045740512003553,-0.28826977234794804,-0.3055881169354084,0.0856429147913645,0.09603882509716637,0.5338923225072745,0.8985484514611028,111.0,72.0,38.0,1.0,0.14200878352481294,0.10145154853889701
"(0.06, 0.03, 0.06)",1.0,15.0,B,,1676991.0552783767,0.10150913957919916,-0.31462670703290335,-0.32351415095112684,0.09764275598897128,0.10491442781706699,0.5709023622383527,0.9983854584083645,125.0,74.0,51.0,0.0,0.15459286032044112,0.0016145415916355558
"(0.06, 0.03, 0.06)",1.0,,B,,1692251.2542010741,0.10244820395774579,-0.307785227771337,-0.32111185900094824,0.09769910103015386,0.10541190366966771,0.5737426579522122,0.9983854584083645,125.0,73.0,50.5,1.0,0.1539182251189577,0.0016145415916355558
"(0.06, 0.03, 0.08)",0.9,15.0,B,,1513939.2367457577,0.09096186092776615,-0.29305900450336336,-0.3003205775343804,0.08604807612248436,0.09430873937117093,0.5297575362457114,0.89847500761853,111.0,73.0,38.0,0.0,0.14195691579734274,0.10152499238146992
"(0.06, 0.03, 0.08)",0.9,,B,,1526323.3584175552,0.09179825606392067,-0.28860008279138955,-0.3004819241892157,0.08736324931247148,0.09591146761470058,0.532264787245269,0.89847500761853,110.0,72.0,37.5,1.0,0.1414893987944097,0.10152499238146992
"(0.06, 0.03, 0.08)",1.0,15.0,B,,1676991.0552783767,0.10150913957919916,-0.31462670703290335,-0.32351415095112684,0.09764275598897128,0.10491442781706699,0.5709023622383527,0.9983854584083645,125.0,74.0,51.0,0.0,0.15459286032044112,0.0016145415916355558
"(0.06, 0.03, 0.08)",1.0,,B,,1690176.0912386808,0.1023195132731135,-0.3114395028731687,-0.32343983975378177,0.0992724926391404,0.10497434335939895,0.5731106834111268,0.9983854584083645,124.0,73.0,50.0,1.0,0.1544906744001448,0.0016145415916355558
"(0.06, 0.03, 0.1)",0.9,15.0,B,,1513939.2367457577,0.09096186092776615,-0.29305900450336336,-0.3003205775343804,0.08604807612248436,0.09430873937117093,0.5297575362457114,0.89847500761853,111.0,73.0,38.0,0.0,0.14195691579734274,0.10152499238146992
"(0.06, 0.03, 0.1)",0.9,,B,,1523861.656922596,0.09163234395067266,-0.2907168090761714,-0.30078161307213114,0.08727232200865778,0.09540065529079463,0.5335808994837903,0.89847500761853,111.0,73.0,38.0,1.0,0.14211946486421884,0.10152499238146992
"(0.06, 0.03, 0.1)",1.0,15.0,B,,1676991.0552783767,0.10150913957919916,-0.31462670703290335,-0.32351415095112684,0.09764275598897128,0.10491442781706699,0.5709023622383527,0.9983854584083645,125.0,74.0,51.0,0.0,0.15459286032044112,0.0016145415916355558
"(0.06, 0.03, 0.1)",1.0,,B,,1690481.4531289958,0.10233952092098442,-0.31381279679440466,-0.3232066571364186,0.09690535019296927,0.104766537177797,0.5727607204026408,0.9983854584083645,124.5,74.0,50.0,0.0,0.15455289724269228,0.0016145415916355558
"(0.06, 0.03, 0.15)",0.9,15.0,B,,1513939.2367457577,0.09096186092776615,-0.29305900450336336,-0.3003205775343804,0.08604807612248436,0.09430873937117093,0.5297575362457114,0.89847500761853,111.0,73.0,38.0,0.0,0.14195691579734274,0.10152499238146992
"(0.06, 0.03, 0.15)",0.9,,B,,1513939.2367457577,0.09096186092776615,-0.29305900450336336,-0.3003205775343804,0.08604807612248436,0.09430873937117093,0.5297575362457114,0.89847500761853,111.0,73.0,38.0,0.0,0.14195691579734274,0.10152499238146992
"(0.06, 0.03, 0.15)",1.0,15.0,B,,1676991.0552783767,0.10150913957919916,-0.31462670703290335,-0.32351415095112684,0.09764275598897128,0.10491442781706699,0.5709023622383527,0.9983854584083645,125.0,74.0,51.0,0.0,0.15459286032044112,0.0016145415916355558
"(0.06, 0.03, 0.15)",1.0,,B,,1676991.0552783767,0.10150913957919916,-0.31462670703290335,-0.32351415095112684,0.09764275598897128,0.10491442781706699,0.5709023622383527,0.9983854584083645,125.0,74.0,51.0,0.0,0.15459286032044112,0.0016145415916355558
"(0.06, 0.04, 0)",0.9,15.0,B,,1504633.8301995117,0.09032932690322326,-0.29350608295292435,-0.30571910148184095,0.08505804156466892,0.09482021833039318,0.5330682221610921,0.8985614130222519,103.5,73.0,31.0,0.0,0.14312585319014948,0.10143858697774806
"(0.06, 0.04, 0)",0.9,,B,,1504633.8301995117,0.09032932690322326,-0.29350608295292435,-0.30571910148184095,0.08505804156466892,0.09482021833039318,0.5330682221610921,0.8985614130222519,103.5,73.0,31.0,0.0,0.14312585319014948,0.10143858697774806
"(0.06, 0.04, 0)",1.0,15.0,B,,1654316.5959416619,0.10009973645052295,-0.3171200547391424,-0.32496010289026656,0.09389548112548037,0.10740160231148776,0.5766087039543311,0.995862011458094,114.5,74.0,40.5,0.0,0.15598492443784903,0.00413798854190596
"(0.06, 0.04, 0)",1.0,,B,,1654316.5959416619,0.10009973645052295,-0.3171200547391424,-0.32496010289026656,0.09389548112548037,0.10740160231148776,0.5766087039543311,0.995862011458094,114.5,74.0,40.5,0.0,0.15598492443784903,0.00413798854190596
"(0.06, 0.04, 0.01)",0.9,15.0,B,,1504633.8301995117,0.09032932690322326,-0.29350608295292435,-0.30571910148184095,0.08505804156466892,0.09482021833039318,0.5330682221610921,0.8985614130222519,103.5,73.0,31.0,0.0,0.14312585319014948,0.10143858697774806
"(0.06, 0.04, 0.01)",0.9,,B,,1529897.345641165,0.09203850013657433,-0.28139058103620046,-0.29197033802984945,0.08575122465769539,0.09648634225116398,0.5352618004229588,0.8985614426790874,114.0,72.0,32.0,10.0,0.14256245891788585,0.10143855732091253
"(0.06, 0.04, 0.01)",1.0,15.0,B,,1654316.5959416619,0.10009973645052295,-0.3171200547391424,-0.32496010289026656,0.09389548112548037,0.10740160231148776,0.5766087039543311,0.995862011458094,114.5,74.0,40.5,0.0,0.15598492443784903,0.00413798854190596
"(0.06, 0.04, 0.01)",1.0,,B,,1716428.9423554377,0.10391960863154959,-0.3080970833231118,-0.3180494557183349,0.09560321877261395,0.10826087576655388,0.5796457115442519,0.9990929082461506,125.0,73.0,40.0,12.0,0.15509368287937778,0.0009070917538493771
"(0.06, 0.04, 0.02)",0.9,15.0,B,,1504633.8301995117,0.09032932690322326,-0.29350608295292435,-0.30571910148184095,0.08505804156466892,0.09482021833039318,0.5330682221610921,0.8985614130222519,103.5,73.0,31.0,0.0,0.14312585319014948,0.10143858697774806
"(0.06, 0.04, 0.02)",0.9,,B,,1522346.5241680974,0.09153050706625354,-0.28675075949574486,-0.29965949006850506,0.08558148135777319,0.09589063785878338,0.5350021510988647,0.8987627460968732,107.0,72.0,31.5,4.0,0.14288330287488454,0.10123725390312677
"(0.06, 0.04, 0.02)",1.0,15.0,B,,1654316.5959416619,0.10009973645052295,-0.3171200547391424,-0.32496010289026656,0.09389548112548037,0.10740160231148776,0.5766087039543311,0.995862011458094,114.5,74.0,40.5,0.0,0.15598492443784903,0.00413798854190596
"(0.06, 0.04, 0.02)",1.0,,B,,1696671.538199333,0.10271884824211586,-0.3092846505016421,-0.31805060702662796,0.09444938384948734,0.10752294230851552,0.5765068370802282,0.9987683134627422,118.0,73.0,40.0,5.0,0.15518815021285226,0.0012316865372578494
"(0.06, 0.04, 0.03)",0.9,15.0,B,,1504633.8301995117,0.09032932690322326,-0.29350608295292435,-0.30571910148184095,0.08505804156466892,0.09482021833039318,0.5330682221610921,0.8985614130222519,103.5,73.0,31.0,0.0,0.14312585319014948,0.10143858697774806
"(0.06, 0.04, 0.03)",0.9,,B,,1528276.7818718133,0.09192949180195509,-0.28487454685786956,-0.29739330981832135,0.08589853732369772,0.09601643783751823,0.5362848105629592,0.8985614154855974,106.0,72.0,31.0,3.0,0.1429010680464612,0.10143858451440259
"(0.06, 0.04, 0.03)",1.0,15.0,B,,1654316.5959416619,0.10009973645052295,-0.3171200547391424,-0.32496010289026656,0.09389548112548037,0.10740160231148776,0.5766087039543311,0.995862011458094,114.5,74.0,40.5,0.0,0.15598492443784903,0.00413798854190596
"(0.06, 0.04, 0.03)",1.0,,B,,1702262.701002034,0.10306008321621973,-0.3110957941321498,-0.32445902165028834,0.09601585168905627,0.10816618499036976,0.5785071577730678,0.9980209628650214,116.5,74.0,40.0,3.0,0.15550987037980452,0.0019790371349786974
"(0.06, 0.04, 0.04)",0.9,15.0,B,,1504633.8301995117,0.09032932690322326,-0.29350608295292435,-0.30571910148184095,0.08505804156466892,0.09482021833039318,0.5330682221610921,0.8985614130222519,103.5,73.0,31.0,0.0,0.14312585319014948,0.10143858697774806
"(0.06, 0.04, 0.04)",0.9,,B,,1505272.1109543392,0.0903723386491948,-0.2850272823314264,-0.30513156849332823,0.08385693957628353,0.09522197691508376,0.534805464308977,0.8987627460968732,104.5,72.0,31.5,1.0,0.14224540032512512,0.10123725390312677
"(0.06, 0.04, 0.04)",1.0,15.0,B,,1654316.5959416619,0.10009973645052295,-0.3171200547391424,-0.32496010289026656,0.09389548112548037,0.10740160231148776,0.5766087039543311,0.995862011458094,114.5,74.0,40.5,0.0,0.15598492443784903,0.00413798854190596
"(0.06, 0.04, 0.04)",1.0,,B,,1679239.4519861266,0.10164813179166299,-0.3102109837679087,-0.3227270241672044,0.095013870858352,0.10776259036450345,0.577044185806201,0.9962212495741546,115.0,74.0,41.0,1.0,0.1542797287459862,0.003778750425845363
"(0.06, 0.04, 0.06)",0.9,15.0,B,,1504633.8301995117,0.09032932690322326,-0.29350608295292435,-0.30571910148184095,0.08505804156466892,0.09482021833039318,0.5330682221610921,0.8985614130222519,103.5,73.0,31.0,0.0,0.14312585319014948,0.10143858697774806
"(0.06, 0.04, 0.06)",0.9,,B,,1511103.6361524963,0.09076961773045489,-0.28163523914452315,-0.30457984117541287,0.0847786686924092,0.0961345151916118,0.5333374425346753,0.8985614130222519,104.0,72.5,31.0,1.0,0.142198009078107,0.10143858697774806
"(0.06, 0.04, 0.06)",1.0,15.0,B,,1654316.5959416619,0.10009973645052295,-0.3171200547391424,-0.32496010289026656,0.09389548112548037,0.10740160231148776,0.5766087039543311,0.995862011458094,114.5,74.0,40.5,0.0,0.15598492443784903,0.00413798854190596
"(0.06, 0.04, 0.06)",1.0,,B,,1673954.0964987776,0.10132078288150459,-0.31120667531670615,-0.32214090029981907,0.09391961973974908,0.10740160231148776,0.5782696208853699,0.9976446998328183,115.0,74.0,40.5,1.0,0.15466705898456598,0.00235530016718164
"(0.06, 0.04, 0.08)",0.9,15.0,B,,1504633.8301995117,0.09032932690322326,-0.29350608295292435,-0.30571910148184095,0.08505804156466892,0.09482021833039318,0.5330682221610921,0.8985614130222519,103.5,73.0,31.0,0.0,0.14312585319014948,0.10143858697774806
"(0.06, 0.04, 0.08)",0.9,,B,,1501227.6278631594,0.0900971300039547,-0.2920131933283289,-0.30571910148184095,0.08505804156466892,0.09595430161667648,0.5337544790049615,0.8985614193335483,104.0,72.5,31.0,0.0,0.1434821679407356,0.10143858066645173
"(0.06, 0.04, 0.08)",1.0,15.0,B,,1654316.5959416619,0.10009973645052295,-0.3171200547391424,-0.32496010289026656,0.09389548112548037,0.10740160231148776,0.5766087039543311,0.995862011458094,114.5,74.0,40.5,0.0,0.15598492443784903,0.00413798854190596
"(0.06, 0.04, 0.08)",1.0,,B,,1654316.5959416619,0.10009973645052295,-0.3171200547391424,-0.32496010289026656,0.09389548112548037,0.10740160231148776,0.5766087039543311,0.995862011458094,114.5,74.0,40.5,0.0,0.15598492443784903,0.00413798854190596
"(0.06, 0.04, 0.1)",0.9,15.0,B,,1504633.8301995117,0.09032932690322326,-0.29350608295292435,-0.30571910148184095,0.08505804156466892,0.09482021833039318,0.5330682221610921,0.8985614130222519,103.5,73.0,31.0,0.0,0.14312585319014948,0.10143858697774806
"(0.06, 0.04, 0.1)",0.9,,B,,1504633.8301995117,0.09032932690322326,-0.29350608295292435,-0.30571910148184095,0.08505804156466892,0.09482021833039318,0.5330682221610921,0.8985614130222519,103.5,73.0,31.0,0.0,0.14312585319014948,0.10143858697774806
"(0.06, 0.04, 0.1)",1.0,15.0,B,,1654316.5959416619,0.10009973645052295,-0.3171200547391424,-0.32496010289026656,0.09389548112548037,0.10740160231148776,0.5766087039543311,0.995862011458094,114.5,74.0,40.5,0.0,0.15598492443784903,0.00413798854190596
"(0.06, 0.04, 0.1)",1.0,,B,,1654316.5959416619,0.10009973645052295,-0.3171200547391424,-0.32496010289026656,0.09389548112548037,0.10740160231148776,0.5766087039543311,0.995862011458094,114.5,74.0,40.5,0.0,0.15598492443784903,0.00413798854190596
"(0.06, 0.04, 0.15)",0.9,15.0,B,,1504633.8301995117,0.09032932690322326,-0.29350608295292435,-0.30571910148184095,0.08505804156466892,0.09482021833039318,0.5330682221610921,0.8985614130222519,103.5,73.0,31.0,0.0,0.14312585319014948,0.10143858697774806
"(0.06, 0.04, 0.15)",0.9,,B,,1504633.8301995117,0.09032932690322326,-0.29350608295292435,-0.30571910148184095,0.08505804156466892,0.09482021833039318,0.5330682221610921,0.8985614130222519,103.5,73.0,31.0,0.0,0.14312585319014948,0.10143858697774806
"(0.06, 0.04, 0.15)",1.0,15.0,B,,1654316.5959416619,0.10009973645052295,-0.3171200547391424,-0.32496010289026656,0.09389548112548037,0.10740160231148776,0.5766087039543311,0.995862011458094,114.5,74.0,40.5,0.0,0.15598492443784903,0.00413798854190596
"(0.06, 0.04, 0.15)",1.0,,B,,1654316.5959416619,0.10009973645052295,-0.3171200547391424,-0.32496010289026656,0.09389548112548037,0.10740160231148776,0.5766087039543311,0.995862011458094,114.5,74.0,40.5,0.0,0.15598492443784903,0.00413798854190596
"(0.06, 0.06, 0)",0.9,15.0,B,,1501227.7783006304,0.09009490885190374,-0.2817602053654054,-0.29875297310894944,0.0796324094289385,0.0968967164444677,0.5377354990465861,0.9040561404312796,95.5,73.0,22.5,0.0,0.14343150065047655,0.09594385956872048
"(0.06, 0.06, 0)",0.9,,B,,1501227.7783006304,0.09009490885190374,-0.2817602053654054,-0.29875297310894944,0.0796324094289385,0.0968967164444677,0.5377354990465861,0.9040561404312796,95.5,73.0,22.5,0.0,0.14343150065047655,0.09594385956872048
"(0.06, 0.06, 0)",1.0,15.0,B,,1610551.2168440362,0.09732786291449047,-0.2996332748333783,-0.31293341419455495,0.08894843272618472,0.10815019496946465,0.5761778184403099,0.9915161610243779,102.5,74.0,29.0,0.0,0.1544565855013718,0.008483838975622146
"(0.06, 0.06, 0)",1.0,,B,,1610551.2168440362,0.09732786291449047,-0.2996332748333783,-0.31293341419455495,0.08894843272618472,0.10815019496946465,0.5761778184403099,0.9915161610243779,102.5,74.0,29.0,0.0,0.1544565855013718,0.008483838975622146
"(0.06, 0.06, 0.01)",0.9,15.0,B,,1505475.031678881,0.0903856308132962,-0.2806636107509888,-0.2988308943387718,0.0801136183251679,0.09720430844658197,0.5381014886613213,0.9040561404312796,96.5,73.0,22.5,1.0,0.14367621481966864,0.09594385956872048
"(0.06, 0.06, 0.01)",0.9,,B,,1511156.1642078566,0.0907731693304148,-0.2777214102667266,-0.295374686013784,0.08104753048242477,0.09866878445316259,0.5409298274512863,0.9041896463093765,100.5,73.0,22.0,5.0,0.14411450759403377,0.09581035369062357
"(0.06, 0.06, 0.01)",1.0,15.0,B,,1610551.2168440362,0.09732786291449047,-0.2996332748333783,-0.31293341419455495,0.08894843272618472,0.10815019496946465,0.5761778184403099,0.9915161610243779,102.5,74.0,29.0,0.0,0.1544565855013718,0.008483838975622146
"(0.06, 0.06, 0.01)",1.0,,B,,1642020.8181778882,0.09931791455777228,-0.29948908666572954,-0.32167975766022056,0.08895297176551713,0.10840124560124278,0.5816102519627879,0.9986027459457416,114.5,73.0,28.0,13.0,0.15599025119572618,0.001397254054258304
"(0.06, 0.06, 0.02)",0.9,15.0,B,,1514848.6166724125,0.09102363506442313,-0.2818557080645271,-0.2906575918258914,0.08057993422858359,0.09781833657395451,0.5389871926632781,0.9040561404312796,96.5,73.0,22.5,1.0,0.14389820129838504,0.09594385956872048
"(0.06, 0.06, 0.02)",0.9,,B,,1514848.6166724125,0.09102363506442313,-0.2778130019393777,-0.295984333809588,0.08069839266193575,0.0983803128300988,0.5409583042392803,0.9040561404312796,97.5,73.0,22.5,2.0,0.14390826926518208,0.09594385956872048
"(0.06, 0.06, 0.02)",1.0,15.0,B,,1610551.2168440362,0.09732786291449047,-0.2996332748333783,-0.31293341419455495,0.08894843272618472,0.10815019496946465,0.5761778184403099,0.9915161610243779,102.5,74.0,29.0,0.0,0.1544565855013718,0.008483838975622146
"(0.06, 0.06, 0.02)",1.0,,B,,1605402.1016303175,0.09699792779939054,-0.3017412885883032,-0.31915802795466375,0.09096608020316525,0.10641928051741434,0.5794022551131863,0.9972014884625672,108.0,73.0,29.0,5.0,0.1555801955293294,0.0027985115374328496
"(0.06, 0.06, 0.03)",0.9,15.0,B,,1513375.434902899,0.09092383924678571,-0.27947151343745047,-0.2936702880359544,0.0797501415860187,0.09850419738081681,0.5411164181468535,0.9041056466037021,96.5,73.0,22.5,1.0,0.14382266804972127,0.09589435339629795
"(0.06, 0.06, 0.03)",0.9,,B,,1505683.9294203187,0.09039992787013462,-0.28239306479637316,-0.2936702880359544,0.08046871605892092,0.09850419738081681,0.5418333639502914,0.9040561404312796,97.0,73.0,23.0,1.0,0.1440609888713483,0.09594385956872048
"(0.06, 0.06, 0.03)",1.0,15.0,B,,1610551.2168440362,0.09732786291449047,-0.2996332748333783,-0.31293341419455495,0.08894843272618472,0.10815019496946465,0.5761778184403099,0.9915161610243779,102.5,74.0,29.0,0.0,0.1544565855013718,0.008483838975622146
"(0.06, 0.06, 0.03)",1.0,,B,,1664842.803973784,0.10075226522851488,-0.3004099739751615,-0.3113533263227316,0.09156223808419053,0.10878896504113132,0.5778528284601785,0.9955257415242377,105.5,74.0,29.0,3.0,0.15551057422414644,0.004474258475762342
"(0.06, 0.06, 0.04)",0.9,15.0,B,,1501227.7783006304,0.09009490885190374,-0.2817602053654054,-0.297218740384161,0.0796324094289385,0.09657095164064647,0.5373829788990063,0.9040561404312796,95.5,73.0,22.5,0.0,0.14314652435403077,0.09594385956872048
"(0.06, 0.06, 0.04)",0.9,,B,,1501227.7783006304,0.09009490885190374,-0.2772742807632197,-0.29698619924793895,0.07980116715219718,0.09657095164064647,0.5381589390939334,0.9040561404312796,96.0,73.0,22.5,0.0,0.14314652435403077,0.09594385956872048
"(0.06, 0.06, 0.04)",1.0,15.0,B,,1610551.2168440362,0.09732786291449047,-0.2996332748333783,-0.31293341419455495,0.08894843272618472,0.10815019496946465,0.5761778184403099,0.9915161610243779,102.5,74.0,29.0,0.0,0.1544565855013718,0.008483838975622146
"(0.06, 0.06, 0.04)",1.0,,B,,1650184.3201657748,0.09983896643922519,-0.30043778179864356,-0.3110138932115839,0.09045177996240328,0.10623922929107857,0.5782140884398574,0.9972080715360938,104.0,73.0,29.0,2.0,0.15553345119201956,0.0027919284639061764
"(0.06, 0.06, 0.06)",0.9,15.0,B,,1501227.7783006304,0.09009490885190374,-0.2817602053654054,-0.29875297310894944,0.0796324094289385,0.0968967164444677,0.5377354990465861,0.9040561404312796,95.5,73.0,22.5,0.0,0.14343150065047655,0.09594385956872048
"(0.06, 0.06, 0.06)",0.9,,B,,1501227.7783006304,0.09009490885190374,-0.2817602053654054,-0.29875297310894944,0.0796324094289385,0.0968967164444677,0.5377354990465861,0.9040561404312796,95.5,73.0,22.5,0.0,0.14343150065047655,0.09594385956872048
"(0.06, 0.06, 0.06)",1.0,15.0,B,,1610551.2168440362,0.09732786291449047,-0.2996332748333783,-0.31293341419455495,0.08894843272618472,0.10815019496946465,0.5761778184403099,0.9915161610243779,102.5,74.0,29.0,0.0,0.1544565855013718,0.008483838975622146
"(0.06, 0.06, 0.06)",1.0,,B,,1610551.2168440362,0.09732786291449047,-0.2996332748333783,-0.31293341419455495,0.08894843272618472,0.10815019496946465,0.5761778184403099,0.9915161610243779,102.5,74.0,29.0,0.0,0.1544565855013718,0.008483838975622146
"(0.06, 0.06, 0.08)",0.9,15.0,B,,1501227.7783006304,0.09009490885190374,-0.2817602053654054,-0.29875297310894944,0.0796324094289385,0.0968967164444677,0.5377354990465861,0.9040561404312796,95.5,73.0,22.5,0.0,0.14343150065047655,0.09594385956872048
"(0.06, 0.06, 0.08)",0.9,,B,,1501227.7783006304,0.09009490885190374,-0.2817602053654054,-0.29875297310894944,0.0796324094289385,0.0968967164444677,0.5377354990465861,0.9040561404312796,95.5,73.0,22.5,0.0,0.14343150065047655,0.09594385956872048
"(0.06, 0.06, 0.08)",1.0,15.0,B,,1610551.2168440362,0.09732786291449047,-0.2996332748333783,-0.31293341419455495,0.08894843272618472,0.10815019496946465,0.5761778184403099,0.9915161610243779,102.5,74.0,29.0,0.0,0.1544565855013718,0.008483838975622146
"(0.06, 0.06, 0.08)",1.0,,B,,1610551.2168440362,0.09732786291449047,-0.2996332748333783,-0.31293341419455495,0.08894843272618472,0.10815019496946465,0.5761778184403099,0.9915161610243779,102.5,74.0,29.0,0.0,0.1544565855013718,0.008483838975622146
"(0.06, 0.06, 0.1)",0.9,15.0,B,,1501227.7783006304,0.09009490885190374,-0.2817602053654054,-0.29875297310894944,0.0796324094289385,0.0968967164444677,0.5377354990465861,0.9040561404312796,95.5,73.0,22.5,0.0,0.14343150065047655,0.09594385956872048
"(0.06, 0.06, 0.1)",0.9,,B,,1501227.7783006304,0.09009490885190374,-0.2817602053654054,-0.29875297310894944,0.0796324094289385,0.0968967164444677,0.5377354990465861,0.9040561404312796,95.5,73.0,22.5,0.0,0.14343150065047655,0.09594385956872048
"(0.06, 0.06, 0.1)",1.0,15.0,B,,1610551.2168440362,0.09732786291449047,-0.2996332748333783,-0.31293341419455495,0.08894843272618472,0.10815019496946465,0.5761778184403099,0.9915161610243779,102.5,74.0,29.0,0.0,0.1544565855013718,0.008483838975622146
"(0.06, 0.06, 0.1)",1.0,,B,,1610551.2168440362,0.09732786291449047,-0.2996332748333783,-0.31293341419455495,0.08894843272618472,0.10815019496946465,0.5761778184403099,0.9915161610243779,102.5,74.0,29.0,0.0,0.1544565855013718,0.008483838975622146
"(0.06, 0.06, 0.15)",0.9,15.0,B,,1501227.7783006304,0.09009490885190374,-0.2817602053654054,-0.29875297310894944,0.0796324094289385,0.0968967164444677,0.5377354990465861,0.9040561404312796,95.5,73.0,22.5,0.0,0.14343150065047655,0.09594385956872048
"(0.06, 0.06, 0.15)",0.9,,B,,1501227.7783006304,0.09009490885190374,-0.2817602053654054,-0.29875297310894944,0.0796324094289385,0.0968967164444677,0.5377354990465861,0.9040561404312796,95.5,73.0,22.5,0.0,0.14343150065047655,0.09594385956872048
"(0.06, 0.06, 0.15)",1.0,15.0,B,,1610551.2168440362,0.09732786291449047,-0.2996332748333783,-0.31293341419455495,0.08894843272618472,0.10815019496946465,0.5761778184403099,0.9915161610243779,102.5,74.0,29.0,0.0,0.1544565855013718,0.008483838975622146
"(0.06, 0.06, 0.15)",1.0,,B,,1610551.2168440362,0.09732786291449047,-0.2996332748333783,-0.31293341419455495,0.08894843272618472,0.10815019496946465,0.5761778184403099,0.9915161610243779,102.5,74.0,29.0,0.0,0.1544565855013718,0.008483838975622146
"(0.06, 0.08, 0)",0.9,15.0,B,,1477232.3004848082,0.08844614815649432,-0.26524407814903467,-0.28679131076120135,0.08200246723014282,0.09495700141667877,0.5417056677495575,0.8979715346168482,88.0,72.0,16.0,0.0,0.1439179344417939,0.10202846538315179
"(0.06, 0.08, 0)",0.9,,B,,1477232.3004848082,0.08844614815649432,-0.26524407814903467,-0.28679131076120135,0.08200246723014282,0.09495700141667877,0.5417056677495575,0.8979715346168482,88.0,72.0,16.0,0.0,0.1439179344417939,0.10202846538315179
"(0.06, 0.08, 0)",1.0,15.0,B,,1655594.983742036,0.10017962082015652,-0.29465252708024864,-0.30969400956338466,0.0875253924214956,0.10699650062965987,0.5839172874329615,0.9955968670637142,96.0,75.0,22.0,0.0,0.1566518169863349,0.004403132936285831
"(0.06, 0.08, 0)",1.0,,B,,1655594.983742036,0.10017962082015652,-0.29465252708024864,-0.30969400956338466,0.0875253924214956,0.10699650062965987,0.5839172874329615,0.9955968670637142,96.0,75.0,22.0,0.0,0.1566518169863349,0.004403132936285831
"(0.06, 0.08, 0.01)",0.9,15.0,B,,1485987.1891100581,0.0890510560995802,-0.26292015980709094,-0.2736989077717857,0.08115502160066088,0.09310609765424571,0.5409675139171604,0.8979715723644386,89.0,72.0,16.0,1.0,0.14365463072154283,0.10202842763556147
"(0.06, 0.08, 0.01)",0.9,,B,,1534708.6312734345,0.09236121191502533,-0.2629048271081934,-0.27908044839563934,0.08050886206148485,0.0966201943583938,0.5435277674233528,0.899060570138233,97.5,72.0,15.5,10.0,0.14434441099615972,0.1009394298617669
"(0.06, 0.08, 0.01)",1.0,15.0,B,,1642068.7014279175,0.09933020635722012,-0.2946518504261054,-0.3110944041987401,0.08594916684095974,0.10686825147911083,0.5837548674002064,0.9949594676016726,97.0,74.0,22.0,1.0,0.15662379704484236,0.005040532398327319
"(0.06, 0.08, 0.01)",1.0,,B,,1671609.7430663523,0.1011754855400443,-0.29834779301017283,-0.30243607052832805,0.08757626703370988,0.10859095275478137,0.59022682810241,0.9986123838197443,108.5,73.5,22.0,13.0,0.157634489800423,0.0013876161802556324
"(0.06, 0.08, 0.02)",0.9,15.0,B,,1491536.3039119605,0.08943311251983177,-0.26292015980709094,-0.28679131076120135,0.08200246723014282,0.09495700141667877,0.5424406674623691,0.8979715533129984,89.0,72.0,16.0,0.0,0.14369083285673587,0.10202844668700167
"(0.06, 0.08, 0.02)",0.9,,B,,1516550.9495630157,0.09113878980437473,-0.2629048271081934,-0.28075109408172866,0.0813544631337847,0.09650523784430139,0.5439775568030827,0.8986346779832811,93.0,72.5,15.0,4.5,0.1443532157760538,0.1013653220167189
"(0.06, 0.08, 0.02)",1.0,15.0,B,,1655559.8103880084,0.10017741984817463,-0.2946518504261054,-0.31181171022758625,0.08627953781938413,0.10693734331471849,0.5845392748113631,0.9964856539965654,97.0,74.0,22.0,1.0,0.15690153714345628,0.003514346003434649
"(0.06, 0.08, 0.02)",1.0,,B,,1675235.593434831,0.10140082301375952,-0.29837110313596854,-0.30389544127506884,0.09201653773347063,0.10903634226029549,0.5889864175880277,0.9985518416940224,101.5,74.0,22.0,7.0,0.1577252773828346,0.0014481583059774922
"(0.06, 0.08, 0.03)",0.9,15.0,B,,1489721.0007721449,0.08930660294436532,-0.2630964669073271,-0.28679131076120135,0.08191583405374434,0.09495700141667877,0.5417056677495575,0.8979715346168482,89.0,72.0,16.0,0.0,0.14409195492166055,0.10202846538315179
"(0.06, 0.08, 0.03)",0.9,,B,,1515973.9319385816,0.09109986628746147,-0.26290515482795673,-0.2771646557344863,0.0819733611790818,0.09613478672034907,0.5431209912950126,0.8979715776838482,90.0,72.0,16.0,2.0,0.14418445871323518,0.1020284223161518
"(0.06, 0.08, 0.03)",1.0,15.0,B,,1657846.4651043348,0.10032033103804727,-0.2946514167393603,-0.30071769712422197,0.08668080106224736,0.1070060222905293,0.5842691708679697,0.9964856539965654,96.0,74.0,22.0,1.0,0.15648361133530403,0.003514346003434649
"(0.06, 0.08, 0.03)",1.0,,B,,1676260.2110768417,0.10145429721366184,-0.2946501551391064,-0.3043222936139389,0.09170689444291409,0.10930193924693325,0.5858189864105966,0.9964972551083127,99.0,74.0,21.5,4.0,0.15682132830623313,0.0035027448916873424
"(0.06, 0.08, 0.04)",0.9,15.0,B,,1489449.0304945186,0.08928926585289187,-0.26292015980709094,-0.28679131076120135,0.08124756696547526,0.09495700141667877,0.5417056677495575,0.8979715346168482,88.0,72.0,16.0,0.0,0.1437339582834543,0.10202846538315179
"(0.06, 0.08, 0.04)",0.9,,B,,1516486.0955518195,0.09113456571609446,-0.26290527299281186,-0.2767486179758057,0.08127214637722151,0.09722788821207247,0.5420878368276627,0.8979715533129984,89.5,72.0,15.5,2.0,0.14404182191795373,0.10202844668700167
"(0.06, 0.08, 0.04)",1.0,15.0,B,,1648931.327171786,0.09976112063801346,-0.2946514167393603,-0.30700145301757537,0.0875253924214956,0.10691821747524997,0.58253731262383,0.9962268862626176,96.0,74.0,22.0,0.0,0.1564956536460785,0.0037731137373824422
"(0.06, 0.08, 0.04)",1.0,,B,,1670946.3287754236,0.10113445675077992,-0.29465252708024864,-0.3114205293993955,0.09197468366422715,0.10956167875899951,0.5845555862279768,0.996511234557284,97.5,74.0,22.0,2.0,0.1566135415758635,0.0034887654427160726
"(0.06, 0.08, 0.06)",0.9,15.0,B,,1477232.3004848082,0.08844614815649432,-0.263749022426848,-0.28679131076120135,0.08176054057711453,0.09495700141667877,0.5412373667321524,0.8979715346168482,88.0,72.0,16.0,0.0,0.1438945129126452,0.10202846538315179
"(0.06, 0.08, 0.06)",0.9,,B,,1477232.3004848082,0.08844614815649432,-0.266122967507065,-0.28679131076120135,0.08176054057711453,0.09657249200384443,0.5417231267314064,0.8979715723644386,88.0,72.0,16.0,0.0,0.14428522948796998,0.10202842763556147
"(0.06, 0.08, 0.06)",1.0,15.0,B,,1653378.5542615568,0.10004076176769094,-0.2946518504261054,-0.30969400956338466,0.0875253924214956,0.10697749362301552,0.5839908785870647,0.9958057475099747,96.0,74.0,22.0,0.0,0.1566518169863349,0.0041942524900253145
"(0.06, 0.08, 0.06)",1.0,,B,,1698004.5799443636,0.10280007858792073,-0.29465252708024864,-0.3071871627543721,0.09268945406530385,0.10910773777250445,0.5831345262443342,0.9964856539965654,97.0,74.0,21.5,2.0,0.15751573387013407,0.003514346003434649
"(0.06, 0.08, 0.08)",0.9,15.0,B,,1477232.3004848082,0.08844614815649432,-0.26524407814903467,-0.28679131076120135,0.08200246723014282,0.09495700141667877,0.5417056677495575,0.8979715346168482,88.0,72.0,16.0,0.0,0.1439179344417939,0.10202846538315179
"(0.06, 0.08, 0.08)",0.9,,B,,1477232.3004848082,0.08844614815649432,-0.26524407814903467,-0.28679131076120135,0.08200246723014282,0.09495700141667877,0.5417056677495575,0.8979715346168482,88.0,72.0,16.0,0.0,0.1439179344417939,0.10202846538315179
"(0.06, 0.08, 0.08)",1.0,15.0,B,,1655594.983742036,0.10017962082015652,-0.29465252708024864,-0.30969400956338466,0.0875253924214956,0.10699650062965987,0.5839172874329615,0.9955968670637142,96.0,75.0,22.0,0.0,0.1566518169863349,0.004403132936285831
"(0.06, 0.08, 0.08)",1.0,,B,,1655594.983742036,0.10017962082015652,-0.29465252708024864,-0.30969400956338466,0.0875253924214956,0.10699650062965987,0.5839172874329615,0.9955968670637142,96.0,75.0,22.0,0.0,0.1566518169863349,0.004403132936285831
"(0.06, 0.08, 0.1)",0.9,15.0,B,,1477232.3004848082,0.08844614815649432,-0.26524407814903467,-0.28679131076120135,0.08200246723014282,0.09495700141667877,0.5417056677495575,0.8979715346168482,88.0,72.0,16.0,0.0,0.1439179344417939,0.10202846538315179
"(0.06, 0.08, 0.1)",0.9,,B,,1477232.3004848082,0.08844614815649432,-0.26524407814903467,-0.28679131076120135,0.08200246723014282,0.09495700141667877,0.5417056677495575,0.8979715346168482,88.0,72.0,16.0,0.0,0.1439179344417939,0.10202846538315179
"(0.06, 0.08, 0.1)",1.0,15.0,B,,1655594.983742036,0.10017962082015652,-0.29465252708024864,-0.30969400956338466,0.0875253924214956,0.10699650062965987,0.5839172874329615,0.9955968670637142,96.0,75.0,22.0,0.0,0.1566518169863349,0.004403132936285831
"(0.06, 0.08, 0.1)",1.0,,B,,1655594.983742036,0.10017962082015652,-0.29465252708024864,-0.30969400956338466,0.0875253924214956,0.10699650062965987,0.5839172874329615,0.9955968670637142,96.0,75.0,22.0,0.0,0.1566518169863349,0.004403132936285831
"(0.06, 0.08, 0.15)",0.9,15.0,B,,1477232.3004848082,0.08844614815649432,-0.26524407814903467,-0.28679131076120135,0.08200246723014282,0.09495700141667877,0.5417056677495575,0.8979715346168482,88.0,72.0,16.0,0.0,0.1439179344417939,0.10202846538315179
"(0.06, 0.08, 0.15)",0.9,,B,,1477232.3004848082,0.08844614815649432,-0.26524407814903467,-0.28679131076120135,0.08200246723014282,0.09495700141667877,0.5417056677495575,0.8979715346168482,88.0,72.0,16.0,0.0,0.1439179344417939,0.10202846538315179
"(0.06, 0.08, 0.15)",1.0,15.0,B,,1655594.983742036,0.10017962082015652,-0.29465252708024864,-0.30969400956338466,0.0875253924214956,0.10699650062965987,0.5839172874329615,0.9955968670637142,96.0,75.0,22.0,0.0,0.1566518169863349,0.004403132936285831
"(0.06, 0.08, 0.15)",1.0,,B,,1655594.983742036,0.10017962082015652,-0.29465252708024864,-0.30969400956338466,0.0875253924214956,0.10699650062965987,0.5839172874329615,0.9955968670637142,96.0,75.0,22.0,0.0,0.1566518169863349,0.004403132936285831
"(0.06, 0.1, 0)",0.9,15.0,B,,1375247.3708870034,0.0811465509549727,-0.27156068194268257,-0.30812487793402976,0.07529617098360464,0.1039777140979714,0.5379430305860076,0.8919280222687569,84.0,73.0,11.0,0.0,0.14360289221027095,0.10807197773124314
"(0.06, 0.1, 0)",0.9,,B,,1375247.3708870034,0.0811465509549727,-0.27156068194268257,-0.30812487793402976,0.07529617098360464,0.1039777140979714,0.5379430305860076,0.8919280222687569,84.0,73.0,11.0,0.0,0.14360289221027095,0.10807197773124314
"(0.06, 0.1, 0)",1.0,15.0,B,,1578476.0816429716,0.09525003590104586,-0.29438068483257485,-0.3302430309293191,0.0808308628279137,0.11186515280583975,0.5855999712558269,0.9908495204169927,91.0,74.0,16.5,0.0,0.15727780853408127,0.009150479583007198
"(0.06, 0.1, 0)",1.0,,B,,1578476.0816429716,0.09525003590104586,-0.29438068483257485,-0.3302430309293191,0.0808308628279137,0.11186515280583975,0.5855999712558269,0.9908495204169927,91.0,74.0,16.5,0.0,0.15727780853408127,0.009150479583007198
"(0.06, 0.1, 0.01)",0.9,15.0,B,,1393870.1939542037,0.08251523855267684,-0.2688626238574499,-0.31147116572001055,0.07661705233566596,0.10454967384656769,0.5401641274399414,0.8983611909454065,90.5,73.0,11.0,5.0,0.14357841618628991,0.10163880905459358
"(0.06, 0.1, 0.01)",0.9,,B,,1494000.503098391,0.08960214910345066,-0.2681397881768895,-0.2848539788076863,0.07940158843321383,0.0975211645438553,0.5436082087938012,0.8999146221787195,102.0,73.0,11.0,19.0,0.14373003598423756,0.10008537782128055
"(0.06, 0.1, 0.01)",1.0,15.0,B,,1592957.7194876603,0.09618731897614974,-0.2936567635837369,-0.3306440981419046,0.08168001301099555,0.112637680471791,0.5842665529945028,0.9931420664795689,93.5,74.0,16.5,3.0,0.15765398482365395,0.00685793352043101
"(0.06, 0.1, 0.01)",1.0,,B,,1635856.2942051254,0.0989184199760128,-0.29759410160515437,-0.34688458337230194,0.08977264616108105,0.110368868913059,0.5892768965165098,0.9986443375315821,108.5,74.0,16.0,20.0,0.15949589411918302,0.0013556624684179092
"(0.06, 0.1, 0.02)",0.9,15.0,B,,1429866.133945149,0.08510460460512692,-0.2710439167247654,-0.3090934353454504,0.07759772785094707,0.10400942145371658,0.5398244029350532,0.898202238704292,89.0,72.5,11.0,4.5,0.14376852168652934,0.10179776129570792
"(0.06, 0.1, 0.02)",0.9,,B,,1469601.8556178245,0.08790949819859795,-0.27029504690602674,-0.29341985970040163,0.08006092939542502,0.09796836276034249,0.5451259237396708,0.8981074735028414,92.0,73.0,11.0,8.0,0.14475021565041757,0.10189252649715874
"(0.06, 0.1, 0.02)",1.0,15.0,B,,1603663.7722520358,0.09687307403025769,-0.29329362657852187,-0.3347132273427614,0.0815417437363812,0.11275472387810732,0.5887662658809243,0.9930650417100311,93.0,74.0,16.5,2.0,0.15805537236070927,0.006934958289968916
"(0.06, 0.1, 0.02)",1.0,,B,,1640615.0465446508,0.0992333497113187,-0.29864760007462937,-0.33862002197322444,0.0844508261982975,0.11585973694076282,0.5916631201433373,1.0,99.0,74.0,16.0,9.0,0.15992524875887051,0.0
"(0.06, 0.1, 0.03)",0.9,15.0,B,,1444103.5506953665,0.08611999383270164,-0.26747857188587054,-0.3059944059407768,0.07806711859222301,0.1060448705707884,0.5403083252874634,0.8930272797749379,87.5,73.0,11.0,3.0,0.14357716854241487,0.10697272022506205
"(0.06, 0.1, 0.03)",0.9,,B,,1465330.0461518655,0.08761765226351492,-0.2646476887030823,-0.288598384580467,0.0804268750135944,0.09723739987418838,0.5427729590888514,0.8988607009172891,89.0,73.0,11.0,5.0,0.14348324005569074,0.10113929908271097
"(0.06, 0.1, 0.03)",1.0,15.0,B,,1604915.716921126,0.09695683892345364,-0.29596347627769987,-0.3273948074453075,0.08168884646620267,0.1130953541608332,0.5895605014728109,0.9943438401943971,92.0,74.0,16.5,2.0,0.15893169512381522,0.005656159805602887
"(0.06, 0.1, 0.03)",1.0,,B,,1560651.186790387,0.0940759198869332,-0.2986219966828612,-0.35252564328656383,0.0832434103210788,0.11705180693912882,0.5913826003059041,0.9977071946994687,95.5,74.0,16.0,5.0,0.15934066835488736,0.0022928053005314445
"(0.06, 0.1, 0.04)",0.9,15.0,B,,1434827.50012145,0.0854681520115288,-0.2727657588728511,-0.30544536677164347,0.07788603171297706,0.10394396404841588,0.5445694813571189,0.8982666913497701,86.0,72.0,11.5,2.0,0.14438779059656642,0.10173330865022996
"(0.06, 0.1, 0.04)",0.9,,B,,1474241.8866016641,0.08823834521158769,-0.26788539195642674,-0.29135676091092266,0.0784591447706247,0.10306080364627593,0.5425623033254396,0.8985574386640749,88.0,73.0,11.5,3.0,0.14325855200870144,0.10144256133592504
"(0.06, 0.1, 0.04)",1.0,15.0,B,,1611555.9684144112,0.097381338805267,-0.29978994171973533,-0.3358421370878428,0.08226847149082828,0.11420573262119152,0.5887765739957286,1.0,92.0,74.0,16.5,1.0,0.15966382312345884,0.0
"(0.06, 0.1, 0.04)",1.0,,B,,1613558.5572107853,0.09752107876455762,-0.2997231491900463,-0.3137626524230355,0.09068325498268034,0.1113984203438992,0.5910034223899511,1.0,94.0,74.0,16.0,3.0,0.15990041804624933,0.0
"(0.06, 0.1, 0.06)",0.9,15.0,B,,1420563.6913944373,0.08444732389415388,-0.2667458213475237,-0.3047351312814677,0.07794372176263895,0.10550889572688671,0.5384748257064007,0.8926365797232787,85.0,73.0,11.5,1.0,0.14327833728002928,0.1073634202767213
"(0.06, 0.1, 0.06)",0.9,,B,,1420563.6913944373,0.08444732389415388,-0.2663712580969747,-0.3047351312814677,0.07794372176263895,0.10290322462639706,0.5386611557531056,0.8926365797232787,85.0,73.0,11.5,1.0,0.14327833728002928,0.1073634202767213
"(0.06, 0.1, 0.06)",1.0,15.0,B,,1578476.0816429716,0.09525003590104586,-0.29438068483257485,-0.326295909097385,0.0808308628279137,0.11186515280583975,0.5855999712558269,0.9908495204169927,91.0,74.0,16.5,0.0,0.15727780853408127,0.009150479583007198
"(0.06, 0.1, 0.06)",1.0,,B,,1628343.0970729894,0.098455133578778,-0.2935255305148696,-0.3210048739373159,0.08519107067481402,0.11033801099224833,0.5849019380551332,0.9944277733732032,92.0,74.0,16.0,1.0,0.1584911577695376,0.005572226626796755
"(0.06, 0.1, 0.08)",0.9,15.0,B,,1423771.762039952,0.0846786771497654,-0.2667458213475237,-0.30395487082516554,0.07752880997064167,0.1039777140979714,0.5384101194545035,0.8931623676188896,85.0,73.0,11.5,1.0,0.1434416107695732,0.10683763238111045
"(0.06, 0.1, 0.08)",0.9,,B,,1423771.762039952,0.0846786771497654,-0.2667458213475237,-0.30395487082516554,0.07752880997064167,0.1039777140979714,0.5384101194545035,0.8931623676188896,85.0,73.0,11.5,1.0,0.1434416107695732,0.10683763238111045
"(0.06, 0.1, 0.08)",1.0,15.0,B,,1578476.0816429716,0.09525003590104586,-0.29438068483257485,-0.3302430309293191,0.0808308628279137,0.11186515280583975,0.5855999712558269,0.9908984540427164,91.0,74.0,16.5,0.0,0.15727780853408127,0.009101545957283559
"(0.06, 0.1, 0.08)",1.0,,B,,1606811.0446794177,0.09708570379088843,-0.29394430856163384,-0.32158540657550017,0.08610264183813984,0.11186515280583975,0.5854536296585683,0.9912435393388861,91.0,74.0,16.5,0.0,0.15758527259535243,0.008756460661113928
"(0.06, 0.1, 0.1)",0.9,15.0,B,,1375247.3708870034,0.0811465509549727,-0.27156068194268257,-0.30812487793402976,0.07529617098360464,0.1039777140979714,0.5379430305860076,0.8919280222687569,84.0,73.0,11.0,0.0,0.14360289221027095,0.10807197773124314
"(0.06, 0.1, 0.1)",0.9,,B,,1375247.3708870034,0.0811465509549727,-0.27156068194268257,-0.30812487793402976,0.07529617098360464,0.1039777140979714,0.5379430305860076,0.8919280222687569,84.0,73.0,11.0,0.0,0.14360289221027095,0.10807197773124314
"(0.06, 0.1, 0.1)",1.0,15.0,B,,1578476.0816429716,0.09525003590104586,-0.29438068483257485,-0.3302430309293191,0.0808308628279137,0.11186515280583975,0.5855999712558269,0.9908495204169927,91.0,74.0,16.5,0.0,0.15727780853408127,0.009150479583007198
"(0.06, 0.1, 0.1)",1.0,,B,,1578476.0816429716,0.09525003590104586,-0.29438068483257485,-0.3302430309293191,0.0808308628279137,0.11186515280583975,0.5855999712558269,0.9908495204169927,91.0,74.0,16.5,0.0,0.15727780853408127,0.009150479583007198
"(0.06, 0.1, 0.15)",0.9,15.0,B,,1375247.3708870034,0.0811465509549727,-0.27156068194268257,-0.30812487793402976,0.07529617098360464,0.1039777140979714,0.5379430305860076,0.8919280222687569,84.0,73.0,11.0,0.0,0.14360289221027095,0.10807197773124314
"(0.06, 0.1, 0.15)",0.9,,B,,1375247.3708870034,0.0811465509549727,-0.27156068194268257,-0.30812487793402976,0.07529617098360464,0.1039777140979714,0.5379430305860076,0.8919280222687569,84.0,73.0,11.0,0.0,0.14360289221027095,0.10807197773124314
"(0.06, 0.1, 0.15)",1.0,15.0,B,,1578476.0816429716,0.09525003590104586,-0.29438068483257485,-0.3302430309293191,0.0808308628279137,0.11186515280583975,0.5855999712558269,0.9908495204169927,91.0,74.0,16.5,0.0,0.15727780853408127,0.009150479583007198
"(0.06, 0.1, 0.15)",1.0,,B,,1578476.0816429716,0.09525003590104586,-0.29438068483257485,-0.3302430309293191,0.0808308628279137,0.11186515280583975,0.5855999712558269,0.9908495204169927,91.0,74.0,16.5,0.0,0.15727780853408127,0.009150479583007198
"(0.06, 0.12, 0)",0.9,15.0,B,,1501545.404153179,0.09011883069597593,-0.26820888500383616,-0.28164202552237894,0.07655556190249091,0.09491951170163446,0.5419951844113884,0.8980337436002356,84.0,75.0,9.0,0.0,0.14343458460275565,0.10196625639976448
"(0.06, 0.12, 0)",0.9,,B,,1501545.404153179,0.09011883069597593,-0.26820888500383616,-0.28164202552237894,0.07655556190249091,0.09491951170163446,0.5419951844113884,0.8980337436002356,84.0,75.0,9.0,0.0,0.14343458460275565,0.10196625639976448
"(0.06, 0.12, 0)",1.0,15.0,B,,1674735.9495208864,0.10136971255392024,-0.2758208735528117,-0.3513811774638186,0.0818872194195714,0.1161530464030448,0.5736627204669341,0.9999200126356533,89.0,76.0,12.0,0.0,0.15590763206401165,7.998736434651031e-05
"(0.06, 0.12, 0)",1.0,,B,,1674735.9495208864,0.10136971255392024,-0.2758208735528117,-0.3513811774638186,0.0818872194195714,0.1161530464030448,0.5736627204669341,0.9999200126356533,89.0,76.0,12.0,0.0,0.15590763206401165,7.998736434651031e-05
"(0.06, 0.12, 0.01)",0.9,15.0,B,,1505948.029810044,0.09041867742689169,-0.26820888500383616,-0.3102164589836609,0.07559893469996963,0.09687693499065302,0.5356763429947181,0.89829777042558,88.0,74.0,9.0,5.0,0.14285606894922842,0.10170222957441992
"(0.06, 0.12, 0.01)",0.9,,B,,1539852.5184707681,0.09270507941662687,-0.26552133553413715,-0.27138027292148487,0.08393984835729473,0.09797141722871758,0.5434214051375147,0.8998353906691319,98.0,74.0,9.0,16.0,0.1434031058008423,0.10016460933086813
"(0.06, 0.12, 0.01)",1.0,15.0,B,,1646760.5196961658,0.09961992423645682,-0.28066644563141774,-0.35210464382650647,0.08109382679805725,0.11409155253217353,0.5794856476140076,0.9965671328778267,93.0,75.0,12.0,5.0,0.1561312064109106,0.0034328671221733518
"(0.06, 0.12, 0.01)",1.0,,B,,1650462.1402374837,0.09985824772445429,-0.2982573986681533,-0.34069363649248363,0.08414249403546081,0.11474972117758146,0.5918145160121098,0.9989721027572331,115.5,74.0,12.0,29.0,0.1587273489956445,0.001027897242766875
"(0.06, 0.12, 0.02)",0.9,15.0,B,,1528464.8881836762,0.09194219954161742,-0.26552133553413715,-0.271280379087858,0.07974789024580724,0.09678171198846833,0.5382857051763301,0.8980337679428739,87.0,73.5,9.0,5.0,0.1428858283167317,0.10196623205712613
"(0.06, 0.12, 0.02)",0.9,,B,,1526244.5008694779,0.091789721975718,-0.2708968063757733,-0.2830361482902206,0.08120330122553387,0.09828743730552063,0.5398675478554965,0.8983724386504179,90.5,73.5,9.0,7.0,0.14441582354691002,0.1016275613495821
"(0.06, 0.12, 0.02)",1.0,15.0,B,,1667375.2695088456,0.10090686498320223,-0.2851873107723222,-0.3494334210568709,0.08090272989829739,0.11551488664802281,0.581831936507327,0.9943257308808742,92.5,75.0,12.0,5.0,0.15643897851393707,0.005674269119125764
"(0.06, 0.12, 0.02)",1.0,,B,,1708383.6748838997,0.10343245017730684,-0.2974543969043926,-0.34045772972241056,0.08374244066762145,0.1153456130569099,0.5906487366157811,0.9988464884041304,100.0,74.0,12.0,13.0,0.15838469432487617,0.0011535115958696716
"(0.06, 0.12, 0.03)",0.9,15.0,B,,1541296.261428226,0.09280131633668975,-0.26552133553413715,-0.27151697196816954,0.07958855941365528,0.09815644493268641,0.5369580054862021,0.8982976779769137,86.0,73.5,9.0,3.0,0.1433519133505297,0.10170232202308618
"(0.06, 0.12, 0.03)",0.9,,B,,1543273.917149356,0.0929260539963368,-0.26552133553413715,-0.30614142987240417,0.07654040463199388,0.09971452918047234,0.5382404097458859,0.8984396746577168,87.0,73.5,9.0,5.0,0.14359518003305616,0.10156032534228317
"(0.06, 0.12, 0.03)",1.0,15.0,B,,1651750.4580338662,0.09993906200346248,-0.2862944111450416,-0.3460226212244119,0.07897824889295413,0.11571741098598291,0.5784323004822831,0.9988970133710455,91.0,74.5,12.0,4.0,0.15579535545644557,0.0011029866289545885
"(0.06, 0.12, 0.03)",1.0,,B,,1683270.7845294594,0.10189566256904414,-0.29334101548076563,-0.3257490587858951,0.08526136919824132,0.11721034753146889,0.5849411617684523,0.9974194475205018,95.5,74.0,12.0,7.5,0.15726411177522753,0.0025805524794981966
"(0.06, 0.12, 0.04)",0.9,15.0,B,,1544681.6638520716,0.09302696646145947,-0.26552133553413715,-0.28573285501036294,0.07623273318482734,0.09869783243748904,0.5387126920765817,0.8980337679428739,85.0,73.0,9.0,3.0,0.14395182696035352,0.10196623205712613
"(0.06, 0.12, 0.04)",0.9,,B,,1524870.548902739,0.09169301190336399,-0.26820888500383616,-0.29354990936268,0.07640292686317493,0.09840177897930938,0.5387126920765817,0.8980337679428739,85.0,73.0,9.0,3.0,0.14395182696035352,0.10196623205712613
"(0.06, 0.12, 0.04)",1.0,15.0,B,,1664763.5580180641,0.10075126010901825,-0.29279680347350406,-0.341132224333841,0.07814608529917669,0.11556285464274244,0.5851728015761171,0.9986794673986792,91.0,74.0,12.0,3.0,0.1577086458933063,0.0013205326013208739
"(0.06, 0.12, 0.04)",1.0,,B,,1722063.1190163058,0.10426033837989912,-0.29152756657842327,-0.32672950567428416,0.08474451839785038,0.11732278116801878,0.5837520317147453,0.9984069141113732,92.0,74.5,12.0,5.0,0.15624715639056022,0.0015930858886269205
"(0.06, 0.12, 0.06)",0.9,15.0,B,,1556945.7787880455,0.09384028604417716,-0.265520928541415,-0.3011978748251623,0.07768874197275888,0.0980354039043539,0.5440041467623098,0.8980337679428739,84.0,73.0,9.0,2.0,0.14404394811307725,0.10196623205712613
"(0.06, 0.12, 0.06)",0.9,,B,,1556945.7787880455,0.09384028604417716,-0.265520928541415,-0.3011978748251623,0.07768874197275888,0.0980354039043539,0.5440041467623098,0.8980337679428739,84.0,73.0,9.0,2.0,0.14404394811307725,0.10196623205712613
"(0.06, 0.12, 0.06)",1.0,15.0,B,,1668439.2192625636,0.10095831828670698,-0.28945586899774295,-0.355735625361419,0.08010331903794239,0.11575148496678674,0.578795720483068,0.9941838899779605,89.0,74.0,12.0,2.0,0.15637720974968586,0.0058161100220394234
"(0.06, 0.12, 0.06)",1.0,,B,,1661312.6224787931,0.10053651916924222,-0.2927162246391534,-0.333888301274768,0.08548878078595909,0.12217320226079542,0.5827078776158812,0.9936646641937218,89.5,74.0,12.0,3.0,0.15731369382103572,0.006335335806278201
"(0.06, 0.12, 0.08)",0.9,15.0,B,,1543680.6391975787,0.09295421508928225,-0.2708968063757733,-0.3077674897032765,0.07655556190249091,0.09753615416418127,0.5377570860847011,0.8981503260935461,83.0,73.0,9.0,1.0,0.14316663908069327,0.10184967390645397
"(0.06, 0.12, 0.08)",0.9,,B,,1543680.6391975787,0.09295421508928225,-0.2708968063757733,-0.3077674897032765,0.07655556190249091,0.09753615416418127,0.5377570860847011,0.8981503260935461,83.0,73.0,9.0,1.0,0.14316663908069327,0.10184967390645397
"(0.06, 0.12, 0.08)",1.0,15.0,B,,1673371.3328766325,0.10126994960396607,-0.29196790608985246,-0.34461136328971265,0.08079688522025925,0.11685687837242004,0.5803562586271036,0.9988397337044215,89.0,74.5,12.0,1.0,0.15688140831414932,0.0011602662955785452
"(0.06, 0.12, 0.08)",1.0,,B,,1660118.0722810137,0.1004570405818006,-0.2951567892347136,-0.3362114822272842,0.08628297168698704,0.12425800102028477,0.5807564833922605,0.9988399143444799,89.0,74.0,12.0,2.0,0.15734154814294632,0.0011600856555200108
"(0.06, 0.12, 0.1)",0.9,15.0,B,,1501545.404153179,0.09011883069597593,-0.26820888500383616,-0.28164202552237894,0.07655556190249091,0.09469222472677584,0.5419951844113884,0.8980337436002356,84.0,75.0,9.0,0.0,0.14343458460275565,0.10196625639976448
"(0.06, 0.12, 0.1)",0.9,,B,,1501545.404153179,0.09011883069597593,-0.26820888500383616,-0.28164202552237894,0.07655556190249091,0.09469222472677584,0.5419951844113884,0.8980337436002356,84.0,75.0,9.0,0.0,0.14343458460275565,0.10196625639976448
"(0.06, 0.12, 0.1)",1.0,15.0,B,,1683894.5807803664,0.1019225363989259,-0.2989295122023669,-0.3511659642076587,0.08169930514891806,0.11753647763448237,0.5826057160703075,0.9945630098380047,88.0,75.0,12.0,1.0,0.1577629937747706,0.0054369901619953104
"(0.06, 0.12, 0.1)",1.0,,B,,1683894.5807803664,0.1019225363989259,-0.3030723380791671,-0.3371765148687967,0.08468840438436527,0.11921352802805482,0.5826057160703075,0.9945765429846545,88.0,75.0,12.0,1.0,0.1577629937747706,0.0054234570153455786
"(0.06, 0.12, 0.15)",0.9,15.0,B,,1501545.404153179,0.09011883069597593,-0.26820888500383616,-0.28164202552237894,0.07655556190249091,0.09491951170163446,0.5419951844113884,0.8980337436002356,84.0,75.0,9.0,0.0,0.14343458460275565,0.10196625639976448
"(0.06, 0.12, 0.15)",0.9,,B,,1501545.404153179,0.09011883069597593,-0.26820888500383616,-0.28164202552237894,0.07655556190249091,0.09491951170163446,0.5419951844113884,0.8980337436002356,84.0,75.0,9.0,0.0,0.14343458460275565,0.10196625639976448
"(0.06, 0.12, 0.15)",1.0,15.0,B,,1674735.9495208864,0.10136971255392024,-0.2758208735528117,-0.3513811774638186,0.0818872194195714,0.1161530464030448,0.5736627204669341,0.9999200126356533,89.0,76.0,12.0,0.0,0.15590763206401165,7.998736434651031e-05
"(0.06, 0.12, 0.15)",1.0,,B,,1674735.9495208864,0.10136971255392024,-0.2758208735528117,-0.3513811774638186,0.0818872194195714,0.1161530464030448,0.5736627204669341,0.9999200126356533,89.0,76.0,12.0,0.0,0.15590763206401165,7.998736434651031e-05
"(0.06, 0.15, 0)",0.9,15.0,B,,1466409.7891832201,0.08768174769219705,-0.2671100376480765,-0.3040801620811256,0.06858890379766072,0.1020727650261158,0.5239276296067183,0.8932529214642899,81.0,74.0,7.0,0.0,0.14228303537134185,0.10674707853571017
"(0.06, 0.15, 0)",0.9,,B,,1466409.7891832201,0.08768174769219705,-0.2671100376480765,-0.3040801620811256,0.06858890379766072,0.1020727650261158,0.5239276296067183,0.8932529214642899,81.0,74.0,7.0,0.0,0.14228303537134185,0.10674707853571017
"(0.06, 0.15, 0)",1.0,15.0,B,,1575965.659086987,0.09508464552646878,-0.2970688502846104,-0.32456024066318356,0.07865880271717733,0.11298726941413606,0.5774543266138022,0.9988034096631834,84.0,75.0,10.0,0.0,0.15811563504149756,0.001196590336816602
"(0.06, 0.15, 0)",1.0,,B,,1575965.659086987,0.09508464552646878,-0.2970688502846104,-0.32456024066318356,0.07865880271717733,0.11298726941413606,0.5774543266138022,0.9988034096631834,84.0,75.0,10.0,0.0,0.15811563504149756,0.001196590336816602
"(0.06, 0.15, 0.01)",0.9,15.0,B,,1466476.0196644599,0.08768592065314229,-0.27289001937338075,-0.30186455218085717,0.07100784411885053,0.1025358621794374,0.5310098588233256,0.9000727303630639,88.0,73.0,7.0,7.0,0.14427777832179167,0.09992726963693602
"(0.06, 0.15, 0.01)",0.9,,B,,1468513.4070294243,0.08783898466518314,-0.273643044179395,-0.29718268799571035,0.07002388734024308,0.10424347453421715,0.5393210001741906,0.8991160899315543,106.0,72.0,6.0,30.5,0.14527128677244933,0.10088391006844566
"(0.06, 0.15, 0.01)",1.0,15.0,B,,1591057.9847483279,0.09607221013587697,-0.3014357717101643,-0.3183236522760342,0.07964756843109125,0.11501396032813382,0.5802976396711264,0.9989582268292216,91.0,74.5,10.0,6.5,0.15922965698769614,0.0010417731707782637
"(0.06, 0.15, 0.01)",1.0,,B,,1610248.794981268,0.09730318461488652,-0.3050208900978567,-0.3112617823515356,0.08196046341870215,0.11783590670960983,0.5846897223193069,0.9990332412621976,116.0,74.0,9.5,33.0,0.15823631791965898,0.0009667587378023116
"(0.06, 0.15, 0.02)",0.9,15.0,B,,1447028.104495013,0.08629714587311066,-0.2726626571362986,-0.29733129133373926,0.0713715942542709,0.10317822098356813,0.5317174577532942,0.8952391251156051,86.0,73.0,7.0,5.0,0.14359679797283817,0.10476087488439484
"(0.06, 0.15, 0.02)",0.9,,B,,1447622.08246974,0.08637475955794838,-0.2783375893465107,-0.2982460323242784,0.07251171180267132,0.10531071678024746,0.5343710930165152,0.8997346085125129,93.5,73.0,6.0,12.5,0.14457774279997515,0.10026539148748712
"(0.06, 0.15, 0.02)",1.0,15.0,B,,1615870.6286185589,0.09766708971772065,-0.3062253027875588,-0.32096286333214163,0.08169362093237272,0.11303226751375038,0.5836834425372839,0.9995557139143828,90.0,73.5,10.0,6.5,0.16006477428648053,0.000444286085617237
"(0.06, 0.15, 0.02)",1.0,,B,,1642311.9206753992,0.09934456684788295,-0.3062253027875588,-0.31238424766038686,0.0818282126354879,0.11468332981575935,0.5843686889754727,0.9995557139143828,98.5,74.0,9.5,15.0,0.1582137221624717,0.000444286085617237
"(0.06, 0.15, 0.03)",0.9,15.0,B,,1451027.178744888,0.08659463870614581,-0.2755123449698413,-0.2972017832745284,0.0671064381115972,0.10292777475579672,0.532854008111434,0.8987300300637604,85.0,72.0,7.0,6.0,0.14470406839404626,0.10126996993623955
"(0.06, 0.15, 0.03)",0.9,,B,,1451027.178744888,0.08659463870614581,-0.2730801800645545,-0.2989967234478082,0.07297367972637145,0.1028180010649032,0.5384050352366505,0.8986840561254701,86.0,72.5,6.0,8.0,0.144552721400123,0.10131594387453002
"(0.06, 0.15, 0.03)",1.0,15.0,B,,1613351.4037971073,0.09750811725867825,-0.3011230544589501,-0.32213502708272423,0.0790819537022128,0.11529288578730826,0.5845053555744397,0.9976264023962924,87.0,73.0,10.0,5.0,0.1591451767991225,0.002373597603707667
"(0.06, 0.15, 0.03)",1.0,,B,,1638488.0884228058,0.09910352541146428,-0.3025973428381226,-0.32973832899313293,0.0783153651866233,0.11857418107202236,0.5823532845857077,0.996969361906991,92.5,73.0,10.0,9.5,0.1587781512156502,0.0030306380930090007
"(0.06, 0.15, 0.04)",0.9,15.0,B,,1437326.7763386192,0.08560815764503338,-0.27490091222697105,-0.29728135626389773,0.07168182453921419,0.10269092412232035,0.5343404141705557,0.8995013698245231,83.0,73.0,6.5,4.0,0.14400952319680665,0.1004986301754769
"(0.06, 0.15, 0.04)",0.9,,B,,1486469.4141523947,0.08906316837172479,-0.2758289718423537,-0.2946888381809511,0.07183359066910142,0.10277710345138898,0.5342214969522967,0.8984735924907062,85.0,73.0,6.5,5.0,0.143843150714204,0.10152640750929376
"(0.06, 0.15, 0.04)",1.0,15.0,B,,1633589.5273828427,0.09879209018733548,-0.30589351084556016,-0.321854609218683,0.08102935358159287,0.11403096151402337,0.5834152168894713,0.9997556901032127,86.5,73.0,10.0,4.0,0.1608400471523702,0.00024430989678740183
"(0.06, 0.15, 0.04)",1.0,,B,,1657735.5302137104,0.10031206496015499,-0.30096804539341543,-0.3141989060339743,0.08570079393783436,0.11768977522659943,0.5830490580122076,0.9997556901032127,89.5,73.5,10.0,6.5,0.1594136176279607,0.00024430989678740183
"(0.06, 0.15, 0.06)",0.9,15.0,B,,1457003.0132337767,0.0870327419021214,-0.2707648821848703,-0.29700297497108824,0.06984110350466544,0.10542356634849855,0.5274609769147363,0.893297882781305,82.0,73.5,7.0,2.0,0.14252514048884443,0.106702117218695
"(0.06, 0.15, 0.06)",0.9,,B,,1475351.6360059045,0.08831576326747348,-0.2693090746380523,-0.30407617226827277,0.06806595028770772,0.10542356634849855,0.5306020375196447,0.8946482075426295,82.0,73.5,7.0,2.0,0.142454965709808,0.10535179245737047
"(0.06, 0.15, 0.06)",1.0,15.0,B,,1624351.9360354065,0.09820889723471493,-0.29135153553062665,-0.3233082821809342,0.07971964091958554,0.11399156410758167,0.5823801333986772,0.9984210522142726,86.0,74.0,10.0,2.0,0.15942673517941225,0.0015789477857274226
"(0.06, 0.15, 0.06)",1.0,,B,,1643247.976044505,0.09940298241933432,-0.2912305378216878,-0.30978628793236407,0.08034807352108306,0.12012543594739504,0.5778123157613118,0.993077281999728,87.0,74.0,10.0,3.0,0.15782554048523906,0.006922718000272001
"(0.06, 0.15, 0.08)",0.9,15.0,B,,1484968.0101610515,0.08898105894092101,-0.27528836998193196,-0.295859535133435,0.07121359796874067,0.10643473020854413,0.5349699240125118,0.9015085232872402,82.0,73.5,7.0,2.0,0.14379245412544212,0.09849147671275969
"(0.06, 0.15, 0.08)",0.9,,B,,1484968.0101610515,0.08898105894092101,-0.27528836998193196,-0.295859535133435,0.07121359796874067,0.10643473020854413,0.5349699240125118,0.9015085232872402,82.0,73.5,7.0,2.0,0.14379245412544212,0.09849147671275969
"(0.06, 0.15, 0.08)",1.0,15.0,B,,1615367.799929428,0.09763702681977537,-0.2947727859791762,-0.32456024066318356,0.08142100407493129,0.1136740512274842,0.5813898245834677,0.9988034096631834,85.5,74.5,10.0,1.0,0.1583581152297615,0.001196590336816602
"(0.06, 0.15, 0.08)",1.0,,B,,1611742.6521742516,0.0974050586608497,-0.29185410682261603,-0.3162095941930984,0.0814815814226207,0.11734416562334508,0.5759600727621482,0.9974117979712602,85.5,74.0,10.0,2.0,0.15705710231562503,0.002588202028739792
"(0.06, 0.15, 0.1)",0.9,15.0,B,,1441122.441303798,0.0859152700280772,-0.26364734933252143,-0.29769673291860593,0.06858890379766072,0.10592665408807236,0.5236859882176518,0.8948608019095543,81.5,74.0,7.0,1.0,0.1421692658752748,0.10513919809044567
"(0.06, 0.15, 0.1)",0.9,,B,,1441122.441303798,0.0859152700280772,-0.26364734933252143,-0.29769673291860593,0.06858890379766072,0.10592665408807236,0.5236859882176518,0.8948608019095543,81.5,74.0,7.0,1.0,0.1421692658752748,0.10513919809044567
"(0.06, 0.15, 0.1)",1.0,15.0,B,,1619815.709739156,0.09792086823572677,-0.2958415946609711,-0.32456024066318356,0.08111647062347249,0.11505764420048765,0.5801263737711462,0.9989987396077382,85.0,75.0,10.0,1.0,0.15850010815522014,0.0010012603922618264
"(0.06, 0.15, 0.1)",1.0,,B,,1628684.2168194912,0.09848406930242237,-0.2939613801419065,-0.32482437998830804,0.08045941130071306,0.11635567728784856,0.5768377777653495,0.998538347934751,85.0,74.0,10.0,2.0,0.15791004064733025,0.001461652065248986
"(0.06, 0.15, 0.15)",0.9,15.0,B,,1466409.7891832201,0.08768174769219705,-0.2671100376480765,-0.3040801620811256,0.06858890379766072,0.1020727650261158,0.5239276296067183,0.8932529214642899,81.0,74.0,7.0,0.0,0.14228303537134185,0.10674707853571017
"(0.06, 0.15, 0.15)",0.9,,B,,1466409.7891832201,0.08768174769219705,-0.2671100376480765,-0.3040801620811256,0.06858890379766072,0.1020727650261158,0.5239276296067183,0.8932529214642899,81.0,74.0,7.0,0.0,0.14228303537134185,0.10674707853571017
"(0.06, 0.15, 0.15)",1.0,15.0,B,,1575965.659086987,0.09508464552646878,-0.2970688502846104,-0.32456024066318356,0.07865880271717733,0.11298726941413606,0.5774543266138022,0.9988034096631834,84.0,75.0,10.0,0.0,0.15811563504149756,0.001196590336816602
"(0.06, 0.15, 0.15)",1.0,,B,,1575965.659086987,0.09508464552646878,-0.2970688502846104,-0.32456024066318356,0.07865880271717733,0.11298726941413606,0.5774543266138022,0.9988034096631834,84.0,75.0,10.0,0.0,0.15811563504149756,0.001196590336816602
"(0.06, 0.2, 0)",0.9,15.0,B,,1411030.5409964898,0.08376054688725398,-0.27582289681771144,-0.3128179555277645,0.07088780702860926,0.10642533135153175,0.5152632486062929,0.8922827296704579,79.0,75.0,5.0,0.0,0.14170248801768995,0.10771727032954216
"(0.06, 0.2, 0)",0.9,,B,,1411030.5409964898,0.08376054688725398,-0.27582289681771144,-0.3128179555277645,0.07088780702860926,0.10642533135153175,0.5152632486062929,0.8922827296704579,79.0,75.0,5.0,0.0,0.14170248801768995,0.10771727032954216
"(0.06, 0.2, 0)",1.0,15.0,B,,1600253.6728299793,0.09663366609041879,-0.3234008829705799,-0.35369233837009384,0.07978546314877819,0.11004049222906372,0.5805252473263443,0.9974376518605587,81.0,74.0,8.0,0.0,0.1630445774055464,0.0025623481394413516
"(0.06, 0.2, 0)",1.0,,B,,1600253.6728299793,0.09663366609041879,-0.3234008829705799,-0.35369233837009384,0.07978546314877819,0.11004049222906372,0.5805252473263443,0.9974376518605587,81.0,74.0,8.0,0.0,0.1630445774055464,0.0025623481394413516
"(0.06, 0.2, 0.01)",0.9,15.0,B,,1408361.269844326,0.08356822766170313,-0.28041225502803707,-0.31196099859134874,0.07261652507491226,0.10655993682432781,0.5208430390956388,0.8975658840373508,90.0,74.0,5.0,11.0,0.1433302949403637,0.10243411596264912
"(0.06, 0.2, 0.01)",0.9,,B,,1439629.332303119,0.08580718174495605,-0.285317441543511,-0.3126857069432339,0.0738347617692378,0.11180531011369531,0.528600450746069,0.9003355385491325,110.5,73.0,4.5,30.5,0.1435164156728343,0.09966446145086746
"(0.06, 0.2, 0.01)",1.0,15.0,B,,1580688.5194705655,0.0953857920486193,-0.32877005379633006,-0.35882985403033196,0.07890939823386438,0.10805083787979029,0.5790656330897892,0.9973348241253499,85.5,73.5,8.0,6.0,0.16246872236933063,0.0026651758746499754
"(0.06, 0.2, 0.01)",1.0,,B,,1494398.5271698309,0.08962912664498113,-0.3121600239207341,-0.31949968464077055,0.06990507558966104,0.1159533573670196,0.5829915216614525,0.9974941381849731,114.0,73.0,7.0,32.5,0.160581792271354,0.0025058618150269416
"(0.06, 0.2, 0.02)",0.9,15.0,B,,1399862.2325696216,0.08294986414059236,-0.283079737706193,-0.3162023667445548,0.0719380678222075,0.10758122337908645,0.5249111726824951,0.898726756315343,86.5,73.0,5.0,9.0,0.14443627055527686,0.10127324368465693
"(0.06, 0.2, 0.02)",0.9,,B,,1405963.6835749368,0.08338919382250654,-0.2845518554096603,-0.3162023667445548,0.07302135186846477,0.10856826475864423,0.5271461357473628,0.8995772175476624,92.5,73.0,5.0,16.0,0.14349564685784502,0.1004227824523376
"(0.06, 0.2, 0.02)",1.0,15.0,B,,1590897.6201251228,0.09604999019520044,-0.3257006244296003,-0.3556041409163248,0.07904536268332303,0.1125150257371605,0.5763856232179831,0.997223467212025,85.5,73.5,8.0,5.0,0.16167348716571128,0.0027765327879749726
"(0.06, 0.2, 0.02)",1.0,,B,,1582538.7528211474,0.09547199547015117,-0.31697251480613114,-0.35944339759600225,0.07120806008147551,0.118639962332407,0.583673625670635,0.9993113559804307,94.0,72.0,7.0,14.5,0.16366351342194788,0.000688644019569339
"(0.06, 0.2, 0.03)",0.9,15.0,B,,1423879.3811074279,0.08468346502296609,-0.27847876553198936,-0.3110870834454816,0.07347211541371768,0.10749319975192002,0.5256183428106564,0.9007437756830372,84.0,72.5,4.5,7.0,0.14409430850275812,0.09925622431696277
"(0.06, 0.2, 0.03)",0.9,,B,,1414522.1706330064,0.08401388263567311,-0.28468550217742405,-0.3110870834454816,0.07226169637354678,0.11131949589681882,0.5283953915312012,0.9003451871990905,87.5,73.5,4.5,9.5,0.14470233269764718,0.09965481280090943
"(0.06, 0.2, 0.03)",1.0,15.0,B,,1590377.831479063,0.09601831306757436,-0.32535680566071856,-0.3567942201082687,0.07981729950738947,0.11017224944255254,0.5786851591386397,0.995174794245528,85.0,72.5,8.0,4.0,0.16115033511788956,0.004825205754471935
"(0.06, 0.2, 0.03)",1.0,,B,,1565092.5928814262,0.09435760242280045,-0.31686137818897,-0.35057431899229324,0.07093939545865331,0.11563076813831269,0.5788736609064348,0.9977543802349914,88.0,73.0,7.0,8.5,0.16121819453395492,0.0022456197650085608
"(0.06, 0.2, 0.04)",0.9,15.0,B,,1423177.6036286734,0.08463618857916222,-0.279980953638292,-0.3108322267645275,0.07286583480927049,0.10974604290477608,0.5260186605462088,0.8985910978725145,83.5,73.5,5.0,6.0,0.14464455896354123,0.1014089021274856
"(0.06, 0.2, 0.04)",0.9,,B,,1430204.1207590774,0.085131844857945,-0.2810808687037691,-0.3108322267645275,0.07352807834989869,0.10995596673054568,0.5283394264137427,0.8984474881902128,83.5,72.5,5.0,6.5,0.14596689969856355,0.10155251180978724
"(0.06, 0.2, 0.04)",1.0,15.0,B,,1563094.01033893,0.09424209008456552,-0.3217934726545493,-0.34690213216424576,0.08057939698863467,0.11098383583109744,0.5796775685071879,0.9979434077446045,84.0,72.0,8.0,4.0,0.16110413354286518,0.0020565922553954794
"(0.06, 0.2, 0.04)",1.0,,B,,1633357.2130884035,0.09877995980747711,-0.32031140979378453,-0.35447372632673046,0.07809680545811762,0.1159290754762956,0.5896147942352862,0.9969629689893541,86.5,72.5,7.0,6.0,0.1619985553234524,0.003037031010645924
"(0.06, 0.2, 0.06)",0.9,15.0,B,,1447970.8427034838,0.08639806645585912,-0.27582289681771144,-0.3128179555277645,0.07351632156671453,0.11042014364734987,0.5264805230004996,0.8978152467254438,81.0,73.0,5.0,3.0,0.1439911944355294,0.10218475327455623
"(0.06, 0.2, 0.06)",0.9,,B,,1445147.429067991,0.0861978600736849,-0.27582289681771144,-0.3128179555277645,0.07367608039477155,0.11090836842967301,0.5268329397915854,0.8959702064966462,81.5,73.0,5.0,3.5,0.14389831842993117,0.1040297935033539
"(0.06, 0.2, 0.06)",1.0,15.0,B,,1493227.3181917486,0.08952998202356244,-0.3270589543843473,-0.35060614073454444,0.08026239508017582,0.11035275654477072,0.5782834277719393,0.9985163673026579,83.0,72.0,8.0,3.0,0.16197661055838655,0.0014836326973420503
"(0.06, 0.2, 0.06)",1.0,,B,,1507153.1457196088,0.09049551833805913,-0.3257831102130385,-0.3496651724201054,0.08026239508017582,0.11554503125620393,0.5817882243665731,0.9959128848704353,83.0,72.0,8.0,3.0,0.16249506603887248,0.004087115129564718
"(0.06, 0.2, 0.08)",0.9,15.0,B,,1449757.3219351599,0.08652281806191375,-0.27582289681771144,-0.3128179555277645,0.07114579176236129,0.10914957500481345,0.527225953606629,0.8930213306106987,79.5,72.5,5.0,2.0,0.14461653600798646,0.10697866938930126
"(0.06, 0.2, 0.08)",0.9,,B,,1449757.3219351599,0.08652281806191375,-0.27582289681771144,-0.3128179555277645,0.07114579176236129,0.10914957500481345,0.527225953606629,0.8930213306106987,79.5,72.5,5.0,2.0,0.14461653600798646,0.10697866938930126
"(0.06, 0.2, 0.08)",1.0,15.0,B,,1624758.95037433,0.09823554882050656,-0.3177693637196789,-0.3448694304895751,0.08085707311834134,0.11265179303582891,0.572963140673223,0.9946799295567585,83.0,73.0,8.0,2.0,0.16058941752316383,0.005320070443241369
"(0.06, 0.2, 0.08)",1.0,,B,,1586351.892711585,0.09565507832250353,-0.31917687332472866,-0.34488651969566647,0.08371055537761576,0.1128738741067033,0.5795942024328797,0.9943847737082285,83.0,73.0,8.0,2.0,0.16205656505981508,0.005615226291771359
"(0.06, 0.2, 0.1)",0.9,15.0,B,,1434909.5097048716,0.08547235508195083,-0.2758233975906539,-0.3128179555277645,0.07088868808832341,0.1099584643407731,0.5254926378989343,0.8946386539331308,79.5,73.0,5.0,1.0,0.1453954825531292,0.10536134606686919
"(0.06, 0.2, 0.1)",0.9,,B,,1434909.5097048716,0.08547235508195083,-0.2758233975906539,-0.3128179555277645,0.07088868808832341,0.1099584643407731,0.5254926378989343,0.8946386539331308,79.5,73.0,5.0,1.0,0.1453954825531292,0.10536134606686919
"(0.06, 0.2, 0.1)",1.0,15.0,B,,1524728.1638459242,0.09168542459910023,-0.321647260999639,-0.3413458426872349,0.07546029122800668,0.11300899387072157,0.5816689227296832,0.9982243132946824,81.5,73.0,7.5,2.0,0.16236772236190777,0.0017756867053175499
"(0.06, 0.2, 0.1)",1.0,,B,,1524728.1638459242,0.09168542459910023,-0.321647260999639,-0.3413458426872349,0.07546029122800668,0.11300899387072157,0.5816689227296832,0.9982243132946824,81.5,73.0,7.5,2.0,0.16236772236190777,0.0017756867053175499
"(0.06, 0.2, 0.15)",0.9,15.0,B,,1503460.7742888564,0.09023769308854046,-0.27582289681771144,-0.3128179555277645,0.07649426701629966,0.10909150777824524,0.520358161593943,0.8926260012600269,80.5,75.0,5.0,1.0,0.14228710186216825,0.10737399873997297
"(0.06, 0.2, 0.15)",0.9,,B,,1503460.7742888564,0.09023769308854046,-0.27582289681771144,-0.3128179555277645,0.07649426701629966,0.10909150777824524,0.520358161593943,0.8926260012600269,80.5,75.0,5.0,1.0,0.14228710186216825,0.10737399873997297
"(0.06, 0.2, 0.15)",1.0,15.0,B,,1600253.6728299793,0.09663366609041879,-0.3262744017464098,-0.35369233837009384,0.0778277667152617,0.11034638641531867,0.5805252473263443,0.9974304410434556,81.0,73.5,8.0,0.0,0.1630445774055464,0.0025695589565444587
"(0.06, 0.2, 0.15)",1.0,,B,,1600253.6728299793,0.09663366609041879,-0.3262744017464098,-0.35369233837009384,0.0778277667152617,0.11034638641531867,0.5805252473263443,0.9974304410434556,81.0,73.5,8.0,0.0,0.1630445774055464,0.0025695589565444587
