weights,cap,panic_max_pos,partial,win,drop,final,cagr,max_dd,dd_p10,cagr_p10,cagr_p90,avg_exp,max_exp,n,n0,n1,n2,vol,min_cash
"(0, 0.03, 0)",0.8,,False,A,,1035064.676504429,0.055659431440534424,-0.1507592933404242,-0.15076597879585024,0.05364727436005212,0.05577098045843065,0.1243050021090526,0.806555014781327,38.0,0.0,38.0,0.0,0.061853825891947996,0.19344498521867298
"(0, 0.03, 0)",0.8,,True,A,,1033419.6666977869,0.05549264405456045,-0.1507592933404242,-0.15076597879585024,0.053878717633321485,0.0559531425804195,0.12512961193175823,0.8130992444946907,39.0,0.0,39.0,0.0,0.06210777754252356,0.1869007555053092
"(0, 0.03, 0)",0.95,,False,A,,1062788.4752912493,0.0584348189424454,-0.1507592933404242,-0.15076597879585024,0.058336450826993194,0.05851771098073579,0.1354602859206991,0.9482298463701944,43.0,0.0,43.0,0.0,0.06694641873043417,0.051770153629805575
"(0, 0.03, 0)",0.95,,True,A,,1062788.4752912493,0.0584348189424454,-0.1507592933404242,-0.15076597879585024,0.058336450826993194,0.05851771098073579,0.1354602859206991,0.9482298463701944,43.0,0.0,43.0,0.0,0.06694641873043417,0.051770153629805575
"(0, 0.03, 0.02)",0.8,,False,A,,1071663.6320375525,0.059308972454537146,-0.1712218898621959,-0.18408891427705032,0.057088313652161826,0.06089100519330308,0.1417748125046039,0.816347101154004,48.0,0.0,31.0,17.0,0.07200589188976333,0.18365289884599595
"(0, 0.03, 0.02)",0.8,,True,A,,1077797.425592374,0.0599100610842056,-0.17283936096092656,-0.18837894342822326,0.05815107179897583,0.061359535239365104,0.14274794059064683,0.8250017804800542,50.0,0.0,32.0,18.0,0.07273801416366046,0.1749982195199457
"(0, 0.03, 0.02)",0.95,,False,A,,1146345.6315059555,0.06642101509130638,-0.20181146127368277,-0.2073763358762029,0.06505934871775951,0.06707731966312183,0.1623708590748907,0.9415783017309604,58.0,0.0,34.0,24.0,0.08345497767631396,0.058421698269039646
"(0, 0.03, 0.02)",0.95,,True,A,,1155177.0852341694,0.0672352709981564,-0.20631852200126755,-0.2112849887853951,0.06541582875327183,0.06734768560545563,0.16444143263336208,0.9573108491769462,59.0,0.0,34.0,25.0,0.08420012415329593,0.04268915082305381
"(0, 0.03, 0.04)",0.8,,False,A,,1065137.7745223143,0.05866637502874805,-0.1778258322687694,-0.1939310284848191,0.056601348383220354,0.06062121347509615,0.14215716829367653,0.7997746045293384,39.0,0.0,31.0,8.0,0.0723249056664286,0.2002253954706616
"(0, 0.03, 0.04)",0.8,,True,A,,1070262.964149313,0.05917189080710705,-0.1806604914416416,-0.19657291270481625,0.05709019692460489,0.062157501341852495,0.14310753834528198,0.8252456080481978,40.5,0.0,31.5,9.0,0.07371513814103792,0.17475439195180226
"(0, 0.03, 0.04)",0.95,,False,A,,1136774.6935647333,0.06553334807382982,-0.20156390836670468,-0.23016037708441867,0.06232191103450713,0.06838945772424476,0.16220570661675993,0.9433684758467632,46.0,0.0,34.0,12.0,0.08401803249583722,0.05663152415323684
"(0, 0.03, 0.04)",0.95,,True,A,,1147249.6360636246,0.06650532286031718,-0.20717769965978744,-0.23107858334761727,0.06321571344361814,0.06957252266834305,0.1649555402961347,0.9573881562013915,47.0,0.0,34.0,13.0,0.08508893695281436,0.04261184379860855
"(0, 0.03, 0.08)",0.8,,False,A,,1073351.8283831812,0.0594751691230746,-0.1770477811108146,-0.19891159708927547,0.05545394961812504,0.06300445262221374,0.14221944926626745,0.8088634482235519,35.0,0.0,31.0,4.0,0.07246654313158277,0.19113655177644812
"(0, 0.03, 0.08)",0.8,,True,A,,1086334.1620508404,0.06074113753010146,-0.17574304685095732,-0.20827041620690087,0.0562667667369076,0.06312549955798392,0.14338028890560056,0.8250807090105655,37.0,0.0,32.0,5.0,0.07373670439158905,0.17491929098943448
"(0, 0.03, 0.08)",0.95,,False,A,,1154226.2176791646,0.06714777938335892,-0.20990303469236993,-0.2382527428188081,0.061572100939377,0.0705331916544373,0.16158743839141365,0.9459718979168563,40.0,0.0,34.0,6.0,0.08504810129502009,0.05402810208314371
"(0, 0.03, 0.08)",0.95,,True,A,,1155926.3723995676,0.06730367781551705,-0.21399728329265344,-0.23930087983510173,0.06185305158366068,0.0706742840439819,0.16324889481078375,0.9574521015355939,41.0,0.0,34.0,7.0,0.08577954713734286,0.042547898464406125
"(0, 0.04, 0)",0.8,,False,A,,1058155.1083219135,0.0579755432810668,-0.16174035632410927,-0.1617515800627553,0.055321684017190995,0.05805729271887254,0.13772234309726084,0.7910708437046274,31.0,0.0,31.0,0.0,0.06878659965474415,0.20892915629537262
"(0, 0.04, 0)",0.8,,True,A,,1066412.936238362,0.05879282483994597,-0.1671913308000837,-0.16955663662302853,0.05618970865404875,0.05890552080574416,0.14148597295090015,0.8144216272665985,32.0,0.0,32.0,0.0,0.07024859623461774,0.18557837273340158
"(0, 0.04, 0)",0.95,,False,A,,1111594.49887215,0.06316600340332779,-0.18427203292233052,-0.19444105435367948,0.06067886752104068,0.06326089033575862,0.15185244942811682,0.938395844588048,35.0,0.0,35.0,0.0,0.07633434605557288,0.061604155411951945
"(0, 0.04, 0)",0.95,,True,A,,1116657.4046115046,0.06364602641186101,-0.1882358080239982,-0.19777505115874558,0.06113964315639013,0.06374284087773538,0.15431101523971805,0.952284624176476,36.0,0.0,36.0,0.0,0.07679709790293211,0.047715375823524045
"(0, 0.04, 0.02)",0.8,,False,A,,1075645.7884634645,0.059699144583378994,-0.17014111900787332,-0.18474699400364533,0.05768488087852195,0.0615488878696532,0.1476561889313978,0.8079807324334078,38.0,0.0,28.5,10.0,0.07435261219276923,0.1920192675665922
"(0, 0.04, 0.02)",0.8,,True,A,,1083825.0899628652,0.060497492691710786,-0.17399751944365682,-0.191042026405006,0.05932594389393682,0.06316619007386617,0.14814702658480244,0.8248176528503386,39.0,0.0,29.0,10.0,0.0755224661075472,0.17518234714966147
"(0, 0.04, 0.02)",0.95,,False,A,,1151336.577396663,0.06688182191652181,-0.1994595517517222,-0.2131996739322802,0.06442367094186108,0.06838214943780199,0.1692793706872575,0.9490189948616208,47.0,0.0,30.0,18.0,0.08590744168968828,0.050981005138379186
"(0, 0.04, 0.02)",0.95,,True,A,,1160202.7284882679,0.06769536222643013,-0.20318535905729812,-0.21732726713725842,0.0658823155263952,0.06926351667842408,0.1700504874247296,0.9572233589539241,49.0,0.0,31.0,18.0,0.0866748025713866,0.042776641046075904
"(0, 0.04, 0.04)",0.8,,False,A,,1085733.0165147837,0.06068287153618257,-0.16935113826543158,-0.18689841438029542,0.05802385047917693,0.062407753320489846,0.1476242078661424,0.808933116903338,33.0,0.0,29.0,4.0,0.07357832869589864,0.19106688309666203
"(0, 0.04, 0.04)",0.8,,True,A,,1095147.3551136348,0.06159286973105005,-0.17316975929785716,-0.1976412978747773,0.058502469076673294,0.06268618999001906,0.14837975955435614,0.8246599872170987,35.0,0.0,30.0,5.0,0.07570227529378928,0.17534001278290134
"(0, 0.04, 0.04)",0.95,,False,A,,1145352.0988101978,0.0663290643043618,-0.208163900786492,-0.22406182144967182,0.0636318644244527,0.06864236247292825,0.16719734104854445,0.9408332248691957,38.0,0.0,30.0,8.0,0.08622217368580469,0.05916677513080429
"(0, 0.04, 0.04)",0.95,,True,A,,1153135.9055459052,0.06704774311077322,-0.21055538959196873,-0.22663729567013072,0.06478533903676018,0.07001195070990443,0.17026844438476918,0.9572945613494139,39.5,0.0,30.5,9.0,0.08796956998590069,0.04270543865058608
"(0, 0.04, 0.08)",0.8,,False,A,,1061716.1904834593,0.05832834338000614,-0.176278766517324,-0.1914825558118462,0.057303117666707905,0.06224890968466135,0.14415681194310187,0.7892873223619934,29.0,0.0,27.0,2.0,0.0734226856317736,0.21071267763800663
"(0, 0.04, 0.08)",0.8,,True,A,,1084794.732005163,0.06059178911242846,-0.17469464293959075,-0.1947119988884008,0.05847986392688829,0.06402351603471026,0.14827608188112829,0.8245904017699519,31.5,0.0,28.5,3.0,0.07582419855027812,0.17540959823004815
"(0, 0.04, 0.08)",0.95,,False,A,,1155504.1370819784,0.0672652807002726,-0.20656909807491247,-0.23077145772225194,0.06318287099985179,0.07022896860698158,0.16913847742394256,0.9393349859631552,34.0,0.0,30.0,4.0,0.0858879326786238,0.0606650140368447
"(0, 0.04, 0.08)",0.95,,True,A,,1170360.590584631,0.06862045921360516,-0.20741316227324547,-0.240187966244469,0.06402465915328415,0.07099645264189228,0.1718377238199309,0.9572552706613124,36.0,0.0,31.0,5.0,0.08746398372779629,0.04274472933868743
"(0, 0.06, 0)",0.8,,False,A,,1091194.3841370647,0.06121165832112163,-0.17413690900606077,-0.18630912046483417,0.0598221868246144,0.06558447826439993,0.15660801653570228,0.8070522557548017,23.5,0.0,23.5,0.0,0.08041969339737601,0.1929477442451984
"(0, 0.06, 0)",0.8,,True,A,,1115550.0156505895,0.06354119697787541,-0.1793109039618816,-0.1929122378981291,0.061234381952145214,0.06519715732020268,0.16051195655372397,0.8244261598264657,25.5,0.0,25.5,0.0,0.0816745090258687,0.1755738401735342
"(0, 0.06, 0)",0.95,,False,A,,1167719.3777922634,0.06838070748374792,-0.19809265515512597,-0.20859932946374066,0.06453486344197004,0.06858529322545122,0.17750474511238892,0.9166311841388017,27.0,0.0,27.0,0.0,0.08928601883081705,0.0833688158611983
"(0, 0.06, 0)",0.95,,True,A,,1181738.8817283828,0.06964800948193062,-0.20188853291564524,-0.2120446322948306,0.06578216000916526,0.06983837830741366,0.1811560301946959,0.9535696794249635,28.0,0.0,28.0,0.0,0.09143890572530494,0.04643032057503647
"(0, 0.06, 0.02)",0.8,,False,A,,1090473.9676898844,0.06114204510816834,-0.17413690900606077,-0.18630912046483417,0.059806823192094606,0.06551554119743666,0.1579701579713274,0.8083657509442087,25.0,0.0,23.5,1.0,0.08074914821374846,0.1916342490557913
"(0, 0.06, 0.02)",0.8,,True,A,,1115550.0156505895,0.06354119697787541,-0.1793109039618816,-0.1929122378981291,0.061234381952145214,0.06519715732020268,0.16051195655372397,0.8244261598264657,25.5,0.0,25.5,0.0,0.0816745090258687,0.1755738401735342
"(0, 0.06, 0.02)",0.95,,False,A,,1181573.3098494813,0.06963311997928123,-0.20649550676319756,-0.22024744501112783,0.06555917074442352,0.07041581106783013,0.18191924888766264,0.948917269536357,29.0,0.0,27.0,2.0,0.09208289350628207,0.051082730463642964
"(0, 0.06, 0.02)",0.95,,True,A,,1187001.1164941585,0.07012019941697756,-0.20725127330930854,-0.21983906359441496,0.06677508903306492,0.07102101564433053,0.18279248121480038,0.9570571396877423,31.0,0.0,28.0,3.0,0.09259445960863333,0.042942860312257754
"(0, 0.06, 0.04)",0.8,,False,A,,1092779.7529373728,0.06136446987997135,-0.17413690900606077,-0.18630912046483417,0.05856370323293385,0.06558447826439993,0.15845812235206286,0.8070522557548017,24.0,0.0,23.5,0.0,0.08091288057832052,0.1929477442451984
"(0, 0.06, 0.04)",0.8,,True,A,,1115550.0156505895,0.06354119697787541,-0.1793109039618816,-0.1929122378981291,0.061234381952145214,0.06519715732020268,0.16051195655372397,0.8244261598264657,25.5,0.0,25.5,0.0,0.0816745090258687,0.1755738401735342
"(0, 0.06, 0.04)",0.95,,False,A,,1181385.9951271631,0.06961627667351356,-0.20907883493335472,-0.22082975342314845,0.06532920802514815,0.07009641210844057,0.18191949708023214,0.9496302888344154,28.0,0.0,27.0,1.0,0.09193238792001943,0.05036971116558461
"(0, 0.06, 0.04)",0.95,,True,A,,1183546.2250574557,0.06981039513684562,-0.20924689787526918,-0.2223473802098586,0.06722686888986536,0.07052271673049441,0.18269467277845275,0.9570626708785088,29.0,0.0,27.0,2.0,0.09248366196331861,0.04293732912149126
"(0, 0.06, 0.08)",0.8,,False,A,,1091194.3841370647,0.06121165832112163,-0.17413690900606077,-0.18630912046483417,0.0598221868246144,0.06558447826439993,0.15660801653570228,0.8070522557548017,23.5,0.0,23.5,0.0,0.08041969339737601,0.1929477442451984
"(0, 0.06, 0.08)",0.8,,True,A,,1115550.0156505895,0.06354119697787541,-0.1793109039618816,-0.1929122378981291,0.061234381952145214,0.06519715732020268,0.16051195655372397,0.8244261598264657,25.5,0.0,25.5,0.0,0.0816745090258687,0.1755738401735342
"(0, 0.06, 0.08)",0.95,,False,A,,1167719.3777922634,0.06838070748374792,-0.19809265515512597,-0.20859932946374066,0.06453486344197004,0.06858529322545122,0.17750474511238892,0.9166311841388017,27.0,0.0,27.0,0.0,0.08928601883081705,0.0833688158611983
"(0, 0.06, 0.08)",0.95,,True,A,,1182436.2867573663,0.06971069773234584,-0.21125790196637517,-0.22240127799594372,0.06751362585071186,0.07023647411709415,0.1826714462919613,0.9571152646187151,28.0,0.0,27.0,1.0,0.09244597657427199,0.04288473538128485
"(0, 0.08, 0)",0.8,,False,A,,1169287.5805456904,0.06852155662437409,-0.15114046731567626,-0.22352419702018933,0.06102958415234037,0.07318896469097916,0.15837432403102558,0.773747442114419,19.0,0.0,19.0,0.0,0.08196126156861336,0.22625255788558096
"(0, 0.08, 0)",0.8,,True,A,,1193709.143246038,0.07071939658601134,-0.16893359824344306,-0.2157198796762497,0.06084930076864017,0.07363951258593159,0.16936673652148548,0.8248500609812975,21.0,0.0,21.0,0.0,0.08659211064399866,0.17514993901870252
"(0, 0.08, 0)",0.95,,False,A,,1229427.8185668713,0.07385974699858755,-0.19395417909872786,-0.2277025648512302,0.06744737308818857,0.07626720436194415,0.18303970206258294,0.9196940426242121,22.0,0.0,22.0,0.0,0.09455117965857945,0.08030595737578795
"(0, 0.08, 0)",0.95,,True,A,,1219252.6947276497,0.07297365408375,-0.20596886285474003,-0.24085409067011082,0.07042083260088114,0.07903855695623782,0.19371135584582166,0.9572451537228082,23.0,0.0,23.0,0.0,0.0987038130187961,0.042754846277191755
"(0, 0.08, 0.02)",0.8,,False,A,,1187572.774020399,0.07017134383541368,-0.15795780450311825,-0.22165555022645334,0.0592826214187631,0.07516510721144387,0.16856995601895342,0.8082001138001863,23.0,0.0,19.0,5.0,0.08573658665834785,0.1917998861998137
"(0, 0.08, 0.02)",0.8,,True,A,,1193709.143246038,0.07071939658601134,-0.16893359824344306,-0.2157198796762497,0.06084930076864017,0.07363951258593159,0.16936673652148548,0.8248500609812975,21.0,0.0,21.0,0.0,0.08659211064399866,0.17514993901870252
"(0, 0.08, 0.02)",0.95,,False,A,,1234328.868207633,0.07428343079777278,-0.19892566536753775,-0.2325959146003044,0.06960843002670976,0.07808455674890206,0.18933619471869523,0.9490803235284402,25.0,0.0,21.5,3.0,0.09823957890675392,0.05091967647155987
"(0, 0.08, 0.02)",0.95,,True,A,,1219252.6947276497,0.07297365408375,-0.20596886285474003,-0.24085409067011082,0.07042083260088114,0.07903855695623782,0.19371135584582166,0.9572451537228082,23.0,0.0,23.0,0.0,0.0987038130187961,0.042754846277191755
"(0, 0.08, 0.04)",0.8,,False,A,,1169950.5198634411,0.0685793748793696,-0.1658147455750379,-0.2243688622934093,0.05906290602672255,0.07435665773212996,0.1652791468510083,0.7946299571270088,20.0,0.0,19.0,1.5,0.08395507672137664,0.20537004287299115
"(0, 0.08, 0.04)",0.8,,True,A,,1193709.143246038,0.07071939658601134,-0.16893359824344306,-0.2157198796762497,0.06084930076864017,0.07363951258593159,0.16936673652148548,0.8248500609812975,21.0,0.0,21.0,0.0,0.08659211064399866,0.17514993901870252
"(0, 0.08, 0.04)",0.95,,False,A,,1229196.5326921954,0.07383954743565013,-0.19414367565673146,-0.23896133107697054,0.06645857863325284,0.07884837651489773,0.18970112350208465,0.9318659256023629,23.0,0.0,21.0,1.5,0.09789789193068993,0.06813407439763716
"(0, 0.08, 0.04)",0.95,,True,A,,1219252.6947276497,0.07297365408375,-0.20596886285474003,-0.24085409067011082,0.07042083260088114,0.07903855695623782,0.19371135584582166,0.9572451537228082,23.0,0.0,23.0,0.0,0.0987038130187961,0.042754846277191755
"(0, 0.08, 0.08)",0.8,,False,A,,1169287.5805456904,0.06852155662437409,-0.15114046731567626,-0.22352419702018933,0.06102958415234037,0.07318896469097916,0.15837432403102558,0.773747442114419,19.0,0.0,19.0,0.0,0.08196126156861336,0.22625255788558096
"(0, 0.08, 0.08)",0.8,,True,A,,1193709.143246038,0.07071939658601134,-0.16893359824344306,-0.2157198796762497,0.06084930076864017,0.07363951258593159,0.16936673652148548,0.8248500609812975,21.0,0.0,21.0,0.0,0.08659211064399866,0.17514993901870252
"(0, 0.08, 0.08)",0.95,,False,A,,1229427.8185668713,0.07385974699858755,-0.19395417909872786,-0.2277025648512302,0.06744737308818857,0.07626720436194415,0.18303970206258294,0.9196940426242121,22.0,0.0,22.0,0.0,0.09455117965857945,0.08030595737578795
"(0, 0.08, 0.08)",0.95,,True,A,,1219252.6947276497,0.07297365408375,-0.20596886285474003,-0.24085409067011082,0.07042083260088114,0.07903855695623782,0.19371135584582166,0.9572451537228082,23.0,0.0,23.0,0.0,0.0987038130187961,0.042754846277191755
"(0, 0.1, 0)",0.8,,False,A,,1207442.772698793,0.07193236883302379,-0.15682544085527483,-0.2339966753071951,0.06379856704182336,0.08133855107383889,0.16035828980849337,0.7746865595680625,16.5,0.0,16.5,0.0,0.08716432297982074,0.22531344043193746
"(0, 0.1, 0)",0.8,,True,A,,1239853.6339431563,0.07476009278938756,-0.1708311787626931,-0.24474826751370343,0.06475002679776436,0.08235519932637857,0.17379317858022453,0.824933485697911,18.5,0.0,18.5,0.0,0.09195572131826038,0.175066514302089
"(0, 0.1, 0)",0.95,,False,A,,1297661.2572733553,0.07963264159539718,-0.19708194597438938,-0.2608290294224103,0.0660701794219117,0.08563203195308655,0.19433545987883397,0.9459830159034994,19.0,0.0,19.0,0.0,0.10122528668300565,0.05401698409650062
"(0, 0.1, 0)",0.95,,True,A,,1305153.4010581318,0.0802546443287685,-0.19572213052130905,-0.26923245958035225,0.0705105803771208,0.08615794650126607,0.2022947082193754,0.9572650542233891,21.0,0.0,21.0,0.0,0.10370243758347433,0.042734945776610966
"(0, 0.1, 0.02)",0.8,,False,A,,1193820.1891724034,0.07071002894222078,-0.164584179843496,-0.23180675055405126,0.06341116779921904,0.08374270343896562,0.1689382971302983,0.8086761321911959,21.0,0.0,15.5,6.0,0.08988061167615216,0.19132386780880406
"(0, 0.1, 0.02)",0.8,,True,A,,1239853.6339431563,0.07476009278938756,-0.1708311787626931,-0.24474826751370343,0.06475002679776436,0.08235519932637857,0.17379317858022453,0.824933485697911,18.5,0.0,18.5,0.0,0.09195572131826038,0.175066514302089
"(0, 0.1, 0.02)",0.95,,False,A,,1259570.8030442263,0.07644523454674557,-0.18806570305291304,-0.267666370421335,0.06782072399758558,0.08672665189888559,0.19737422442770552,0.9491667396201695,21.0,0.0,19.0,3.0,0.10287341628153572,0.050833260379830464
"(0, 0.1, 0.02)",0.95,,True,A,,1305153.4010581318,0.0802546443287685,-0.19572213052130905,-0.26923245958035225,0.0705105803771208,0.08615794650126607,0.2022947082193754,0.9572650542233891,21.0,0.0,21.0,0.0,0.10370243758347433,0.042734945776610966
"(0, 0.1, 0.04)",0.8,,False,A,,1206278.991592063,0.07181579405770633,-0.17192335138776343,-0.2382943714010832,0.06238710309527214,0.08071982608840707,0.17015333821019213,0.8076972081699495,18.0,0.0,15.0,3.0,0.09050655096246205,0.19230279183005045
"(0, 0.1, 0.04)",0.8,,True,A,,1239853.6339431563,0.07476009278938756,-0.1708311787626931,-0.24474826751370343,0.06475002679776436,0.08235519932637857,0.17379317858022453,0.824933485697911,18.5,0.0,18.5,0.0,0.09195572131826038,0.175066514302089
"(0, 0.1, 0.04)",0.95,,False,A,,1297198.4458132247,0.07959216216085574,-0.19806512465874315,-0.2636965711395692,0.0674601004775199,0.08668222686990457,0.20052484564141523,0.949167227683664,20.0,0.0,19.0,1.0,0.10239088204302205,0.050832772316336025
"(0, 0.1, 0.04)",0.95,,True,A,,1305153.4010581318,0.0802546443287685,-0.19572213052130905,-0.26923245958035225,0.0705105803771208,0.08615794650126607,0.2022947082193754,0.9572650542233891,21.0,0.0,21.0,0.0,0.10370243758347433,0.042734945776610966
"(0, 0.1, 0.08)",0.8,,False,A,,1208318.766639061,0.07201156015158738,-0.17373897733087773,-0.25680187335606647,0.06280378754147672,0.08217725427731475,0.16600048524301192,0.8083892698064636,16.0,0.0,15.0,1.0,0.09016716809326195,0.19161073019353642
"(0, 0.1, 0.08)",0.8,,True,A,,1239853.6339431563,0.07476009278938756,-0.1708311787626931,-0.24474826751370343,0.06475002679776436,0.08235519932637857,0.17379317858022453,0.824933485697911,18.5,0.0,18.5,0.0,0.09195572131826038,0.175066514302089
"(0, 0.1, 0.08)",0.95,,False,A,,1297661.2572733553,0.07963264159539718,-0.19708194597438938,-0.2608290294224103,0.0660701794219117,0.08563203195308655,0.19433545987883397,0.9460833691606293,19.0,0.0,19.0,0.0,0.10122528668300565,0.05391663083937075
"(0, 0.1, 0.08)",0.95,,True,A,,1305153.4010581318,0.0802546443287685,-0.19572213052130905,-0.26923245958035225,0.0705105803771208,0.08615794650126607,0.2022947082193754,0.9572650542233891,21.0,0.0,21.0,0.0,0.10370243758347433,0.042734945776610966
"(0, 0.12, 0)",0.8,,False,A,,1248404.2682623419,0.07549436381938879,-0.18159655318685108,-0.2306432558877281,0.06487957244751245,0.08859259464225269,0.16377271999145138,0.7564772836687174,14.0,0.0,14.0,0.0,0.09298475676774401,0.2435227163312826
"(0, 0.12, 0)",0.8,,True,A,,1268144.101944083,0.0771665315224771,-0.1724424192565711,-0.25576539277982924,0.06716169457021814,0.08961217274227916,0.17561606350820494,0.8251599334639081,17.0,0.0,17.0,0.0,0.09737356900483374,0.1748400665360918
"(0, 0.12, 0)",0.95,,False,A,,1323817.9580928185,0.08177219188362317,-0.18429969204178953,-0.27532465871063144,0.06841390184919971,0.09256898854957843,0.18850240191992113,0.9096170782151136,16.5,0.0,16.5,0.0,0.10353894121470524,0.09038292178488645
"(0, 0.12, 0)",0.95,,True,A,,1367618.1481279596,0.08528058498239244,-0.19906532636192986,-0.28621715128036934,0.07260218951294202,0.09417614096856429,0.20393280632908634,0.9572637899051867,18.5,0.0,18.5,0.0,0.10917787498191339,0.042736210094813286
"(0, 0.12, 0.02)",0.8,,False,A,,1266102.324289782,0.07699979736141249,-0.19143547946959022,-0.23778163772196692,0.06645179151291605,0.09084003074702714,0.1711868014763429,0.8090913643939601,19.0,0.0,14.0,5.0,0.09423736722162962,0.19090863560603988
"(0, 0.12, 0.02)",0.8,,True,A,,1268144.101944083,0.0771665315224771,-0.1724424192565711,-0.25576539277982924,0.06716169457021814,0.08961217274227916,0.17561606350820494,0.8251599334639081,17.0,0.0,17.0,0.0,0.09737356900483374,0.1748400665360918
"(0, 0.12, 0.02)",0.95,,False,A,,1293743.4750279067,0.07930319177419742,-0.20627298789948512,-0.2786672924179961,0.07129214347505783,0.0955575091926191,0.1982049463295525,0.9487933710842986,22.0,0.0,15.0,7.0,0.10695662837224747,0.0512066289157013
"(0, 0.12, 0.02)",0.95,,True,A,,1367618.1481279596,0.08528058498239244,-0.19906532636192986,-0.28621715128036934,0.07260218951294202,0.09417614096856429,0.20393280632908634,0.9572637899051867,18.5,0.0,18.5,0.0,0.10917787498191339,0.042736210094813286
"(0, 0.12, 0.04)",0.8,,False,A,,1244554.9079886791,0.07516505485513947,-0.19695612362118642,-0.24388244977652423,0.0655120188934194,0.08935777504590424,0.1734951988023667,0.8052452680482365,16.0,0.0,14.0,2.0,0.09487942916433519,0.1947547319517635
"(0, 0.12, 0.04)",0.8,,True,A,,1268144.101944083,0.0771665315224771,-0.1724424192565711,-0.25576539277982924,0.06716169457021814,0.08961217274227916,0.17561606350820494,0.8251599334639081,17.0,0.0,17.0,0.0,0.09737356900483374,0.1748400665360918
"(0, 0.12, 0.04)",0.95,,False,A,,1318429.530702732,0.08133881728468562,-0.2006811497363465,-0.282068329633728,0.0708368206173815,0.09465420410680936,0.19981440392326638,0.9412648992275782,19.0,0.0,15.0,3.0,0.10735409772935656,0.05873510077242186
"(0, 0.12, 0.04)",0.95,,True,A,,1367618.1481279596,0.08528058498239244,-0.19906532636192986,-0.28621715128036934,0.07260218951294202,0.09417614096856429,0.20393280632908634,0.9572637899051867,18.5,0.0,18.5,0.0,0.10917787498191339,0.042736210094813286
"(0, 0.12, 0.08)",0.8,,False,A,,1225366.2241174416,0.07350151681193973,-0.18159655318685108,-0.2306432558877281,0.06459241353290027,0.08859259464225269,0.16774109314070973,0.7939789315755068,14.0,0.0,14.0,0.0,0.09374054316663408,0.20602106842449325
"(0, 0.12, 0.08)",0.8,,True,A,,1268144.101944083,0.0771665315224771,-0.1724424192565711,-0.25576539277982924,0.06716169457021814,0.08961217274227916,0.17561606350820494,0.8251599334639081,17.0,0.0,17.0,0.0,0.09737356900483374,0.1748400665360918
"(0, 0.12, 0.08)",0.95,,False,A,,1330114.2196706159,0.08228932828284097,-0.20676015088747846,-0.2972710222526012,0.06955153669572853,0.0944072307543143,0.19658042410639912,0.9337955535665482,17.0,0.0,15.0,1.0,0.10724817781269981,0.06620444643345186
"(0, 0.12, 0.08)",0.95,,True,A,,1367618.1481279596,0.08528058498239244,-0.19906532636192986,-0.28621715128036934,0.07260218951294202,0.09417614096856429,0.20393280632908634,0.9572637899051867,18.5,0.0,18.5,0.0,0.10917787498191339,0.042736210094813286
"(0, 0.15, 0)",0.8,,False,A,,1338129.925841917,0.08293411418482366,-0.1987030867279666,-0.2504989453062786,0.07138383210607299,0.09159636513000674,0.1714426314576134,0.78044984267683,12.0,0.0,12.0,0.0,0.10204959618716117,0.2195501573231699
"(0, 0.15, 0)",0.8,,True,A,,1407191.0831029317,0.08836233378030534,-0.19561020334219498,-0.25094709793943704,0.07497280340809154,0.09482080900380387,0.1830250786845562,0.824660280758818,15.0,0.0,15.0,0.0,0.10542987561964039,0.17533971924118197
"(0, 0.15, 0)",0.95,,False,A,,1398733.9861577936,0.08771085658713185,-0.22717991109756436,-0.28209079862518005,0.07508665573678515,0.1040028912455022,0.19934452713266596,0.9156307044656185,14.0,0.0,14.0,0.0,0.11178050166517126,0.08436929553438152
"(0, 0.15, 0)",0.95,,True,A,,1437384.1680007959,0.09065965327454506,-0.20078090386636188,-0.29336061669196667,0.07673489879737849,0.10496145298221611,0.20940636114246203,0.957255955321432,16.5,0.0,16.5,0.0,0.11716340271484786,0.042744044678567975
"(0, 0.15, 0.02)",0.8,,False,A,,1353780.3556562022,0.08418609169711544,-0.203410979019233,-0.2524995662302702,0.0715433160418882,0.09265826593512703,0.177560212748806,0.8166564342115499,16.0,0.0,12.0,4.0,0.10479240816042132,0.18334356578845018
"(0, 0.15, 0.02)",0.8,,True,A,,1407191.0831029317,0.08836233378030534,-0.19561020334219498,-0.25094709793943704,0.07497280340809154,0.09482080900380387,0.1830250786845562,0.824660280758818,15.0,0.0,15.0,0.0,0.10542987561964039,0.17533971924118197
"(0, 0.15, 0.02)",0.95,,False,A,,1414059.3660433893,0.08888887835459658,-0.2331731149216904,-0.29221268513935317,0.07520445937686308,0.10104344999654238,0.20799636443777292,0.94931573225094,17.0,0.0,14.0,4.0,0.11441456906657785,0.05068426774906004
"(0, 0.15, 0.02)",0.95,,True,A,,1437384.1680007959,0.09065965327454506,-0.20078090386636188,-0.29336061669196667,0.07673489879737849,0.10496145298221611,0.20940636114246203,0.957255955321432,16.5,0.0,16.5,0.0,0.11716340271484786,0.042744044678567975
"(0, 0.15, 0.04)",0.8,,False,A,,1344944.4162788894,0.0834818751886015,-0.2061919284814488,-0.25589574778045376,0.07121115778077573,0.0936276879245661,0.18001036556097522,0.816941045529742,14.5,0.0,12.0,2.0,0.10452220778159453,0.18305895447025797
"(0, 0.15, 0.04)",0.8,,True,A,,1407191.0831029317,0.08836233378030534,-0.19561020334219498,-0.25094709793943704,0.07497280340809154,0.09482080900380387,0.1830250786845562,0.824660280758818,15.0,0.0,15.0,0.0,0.10542987561964039,0.17533971924118197
"(0, 0.15, 0.04)",0.95,,False,A,,1398617.952580764,0.08770189737177314,-0.23873017170844296,-0.29501977567744886,0.07497261863117907,0.10031200154585869,0.2092290303494853,0.9495635199458852,16.0,0.0,14.0,3.0,0.11580299086200802,0.050436480054114816
"(0, 0.15, 0.04)",0.95,,True,A,,1437384.1680007959,0.09065965327454506,-0.20078090386636188,-0.29336061669196667,0.07673489879737849,0.10496145298221611,0.20940636114246203,0.957255955321432,16.5,0.0,16.5,0.0,0.11716340271484786,0.042744044678567975
"(0, 0.15, 0.08)",0.8,,False,A,,1312820.628837717,0.08088333500411238,-0.1987030867279666,-0.2504989453062786,0.07130942410278682,0.09343718662550715,0.17471061110314576,0.7977814465673456,13.0,0.0,12.0,1.0,0.10327092678351096,0.20221855343265432
"(0, 0.15, 0.08)",0.8,,True,A,,1407191.0831029317,0.08836233378030534,-0.19561020334219498,-0.25094709793943704,0.07497280340809154,0.09482080900380387,0.1830250786845562,0.824660280758818,15.0,0.0,15.0,0.0,0.10542987561964039,0.17533971924118197
"(0, 0.15, 0.08)",0.95,,False,A,,1383741.9048507563,0.08653881908194028,-0.22717991109756436,-0.28209079862518005,0.07435311866495602,0.1040028912455022,0.20471759897040498,0.9387803832454845,14.0,0.0,14.0,0.5,0.11408009906311567,0.061219616754515455
"(0, 0.15, 0.08)",0.95,,True,A,,1437384.1680007959,0.09065965327454506,-0.20078090386636188,-0.29336061669196667,0.07673489879737849,0.10496145298221611,0.20940636114246203,0.957255955321432,16.5,0.0,16.5,0.0,0.11716340271484786,0.042744044678567975
"(0, 0.2, 0)",0.8,,False,A,,1356245.0192182804,0.08437874276346224,-0.1918884738002195,-0.24477723141534008,0.06606263941378661,0.09303230485775012,0.16567625943586048,0.7965787853665784,9.0,0.0,9.0,0.0,0.09534856404167011,0.20342121463342158
"(0, 0.2, 0)",0.8,,True,A,,1370045.014514118,0.08547199197676669,-0.22162306097493933,-0.26113671518779413,0.07453539773958309,0.09750068679038458,0.18368452903038263,0.8261727039059872,11.0,0.0,11.0,0.0,0.11186234763243952,0.17382729609401285
"(0, 0.2, 0)",0.95,,False,A,,1394965.0464872797,0.08739117206114555,-0.2210263298232506,-0.26534406985305303,0.07462803931234538,0.09523916532747757,0.18493870843655263,0.8291494059895692,10.0,0.0,10.0,0.0,0.11243847398954779,0.17085059401043076
"(0, 0.2, 0)",0.95,,True,A,,1594611.7804054949,0.10195590053661607,-0.24071600658414405,-0.2985525559897976,0.08652951686889328,0.11260792642793635,0.2159944103722921,0.957441161057417,14.0,0.0,14.0,0.0,0.12904640010479274,0.04255883894258309
"(0, 0.2, 0.02)",0.8,,False,A,,1262792.6226426763,0.07671903216026654,-0.18719599928153674,-0.23634719205661367,0.06421804903254565,0.08782064304551165,0.16042098441359742,0.8083111449920123,18.0,0.0,7.0,11.0,0.0953312820393815,0.19168885500798769
"(0, 0.2, 0.02)",0.8,,True,A,,1370045.014514118,0.08547199197676669,-0.22162306097493933,-0.26113671518779413,0.07453539773958309,0.09750068679038458,0.18368452903038263,0.8261727039059872,11.0,0.0,11.0,0.0,0.11186234763243952,0.17382729609401285
"(0, 0.2, 0.02)",0.95,,False,A,,1413652.9348007655,0.08885718800592624,-0.23963860568753986,-0.279928662758423,0.0763736300409541,0.09829981962464689,0.19917886983035427,0.9487382311334424,19.0,0.0,10.0,9.0,0.11672760238909655,0.05126176886655763
"(0, 0.2, 0.02)",0.95,,True,A,,1594611.7804054949,0.10195590053661607,-0.24071600658414405,-0.2985525559897976,0.08652951686889328,0.11260792642793635,0.2159944103722921,0.957441161057417,14.0,0.0,14.0,0.0,0.12904640010479274,0.04255883894258309
"(0, 0.2, 0.04)",0.8,,False,A,,1255866.4658949333,0.07613104926710412,-0.18613744353645062,-0.22992230907292524,0.06364118113077029,0.08714391403767656,0.1609636581815765,0.7935626723580416,13.0,0.0,7.0,6.0,0.09453306752119761,0.20643732764195832
"(0, 0.2, 0.04)",0.8,,True,A,,1370045.014514118,0.08547199197676669,-0.22162306097493933,-0.26113671518779413,0.07453539773958309,0.09750068679038458,0.18368452903038263,0.8261727039059872,11.0,0.0,11.0,0.0,0.11186234763243952,0.17382729609401285
"(0, 0.2, 0.04)",0.95,,False,A,,1405096.2944292456,0.08819984502160783,-0.23258093681610215,-0.2621585312114299,0.07582773556522264,0.09752761407250976,0.20159160447299312,0.9321038649588369,15.0,0.0,10.0,5.0,0.11641178059148065,0.0678961350411631
"(0, 0.2, 0.04)",0.95,,True,A,,1594611.7804054949,0.10195590053661607,-0.24071600658414405,-0.2985525559897976,0.08652951686889328,0.11260792642793635,0.2159944103722921,0.957441161057417,14.0,0.0,14.0,0.0,0.12904640010479274,0.04255883894258309
"(0, 0.2, 0.08)",0.8,,False,A,,1244242.283750413,0.07513700030823356,-0.1874908146957764,-0.23990764944599088,0.06369417392314095,0.08799366991559798,0.1643728439774313,0.7939068327921799,11.0,0.0,7.0,3.0,0.09632566444268421,0.20609316720782014
"(0, 0.2, 0.08)",0.8,,True,A,,1370045.014514118,0.08547199197676669,-0.22162306097493933,-0.26113671518779413,0.07453539773958309,0.09750068679038458,0.18368452903038263,0.8261727039059872,11.0,0.0,11.0,0.0,0.11186234763243952,0.17382729609401285
"(0, 0.2, 0.08)",0.95,,False,A,,1426750.8181034927,0.08985542789810397,-0.2409419680141412,-0.28331991449284594,0.07474663736504743,0.09915286471832925,0.20111498864876692,0.9171170754186526,12.0,0.0,10.0,2.0,0.1175128902640375,0.08288292458134741
"(0, 0.2, 0.08)",0.95,,True,A,,1594611.7804054949,0.10195590053661607,-0.24071600658414405,-0.2985525559897976,0.08652951686889328,0.11260792642793635,0.2159944103722921,0.957441161057417,14.0,0.0,14.0,0.0,0.12904640010479274,0.04255883894258309
"(0.01, 0.03, 0)",0.8,,False,A,,1087086.3721647952,0.06081413537524394,-0.15665666875174367,-0.16272336827158762,0.05890866574380542,0.06090334203529875,0.15010333960953098,0.8069276109160375,76.0,43.0,33.0,0.0,0.06658754790907839,0.19307238908396246
"(0.01, 0.03, 0)",0.8,,True,A,,1089104.8060528836,0.06100962548665967,-0.1560540457121446,-0.16289775695549535,0.05919386525383723,0.06109590019143998,0.1506799305160838,0.812296898472877,77.0,43.0,34.0,0.0,0.0669758087726654,0.18770310152712294
"(0.01, 0.03, 0)",0.95,,False,A,,1137233.944656241,0.06557696766458743,-0.1761910057804168,-0.17619763643597866,0.0636488284479672,0.0657067614465134,0.1631370934062325,0.9485686099692845,81.0,43.0,38.0,0.0,0.07366111519105495,0.051431390030715535
"(0.01, 0.03, 0)",0.95,,True,A,,1137233.944656241,0.06557696766458743,-0.1761910057804168,-0.17619763643597866,0.0636488284479672,0.0657067614465134,0.1631370934062325,0.9485686099692845,81.0,43.0,38.0,0.0,0.07366111519105495,0.051431390030715535
"(0.01, 0.03, 0.02)",0.8,,False,A,,1110764.8305738422,0.06308702893735463,-0.16990241612462492,-0.18301100711687562,0.061455247497702724,0.06528801542507623,0.16052315229726596,0.8048794258004492,83.0,42.0,29.0,12.0,0.07339323773796977,0.1951205741995507
"(0.01, 0.03, 0.02)",0.8,,True,A,,1122629.5551158881,0.0642097334174303,-0.17325105788689305,-0.1886793414226034,0.06185082322697157,0.06568605730255786,0.16072722888843094,0.8206970239813585,83.0,41.0,29.0,13.0,0.07401625900116297,0.1793029760186416
"(0.01, 0.03, 0.02)",0.95,,False,A,,1186170.8853028507,0.07004581451695424,-0.20070684199942856,-0.21294539912422847,0.06913507218677806,0.07192449602191944,0.1822175465705425,0.9481597965697982,93.0,43.0,30.0,20.0,0.08527394644631486,0.05184020343020177
"(0.01, 0.03, 0.02)",0.95,,True,A,,1194022.7338114146,0.07074733194999605,-0.20384914224966372,-0.21291224597819125,0.06957778360652614,0.07186778065254285,0.18307545207874865,0.9561208631555194,94.0,41.0,32.0,21.0,0.08594564233480381,0.04387913684448067
"(0.01, 0.03, 0.04)",0.8,,False,A,,1115153.7077129232,0.06350358972021375,-0.172526531302994,-0.18840880354319964,0.060707628769912717,0.06617246698778942,0.160232006668584,0.8036787431957336,76.0,42.0,28.0,6.0,0.07344493977459174,0.19632125680426632
"(0.01, 0.03, 0.04)",0.8,,True,A,,1123411.8319647114,0.06428336923665356,-0.17754237488897634,-0.19174270817509148,0.0614726156543917,0.06631995573656135,0.16035768277937698,0.8206557791205737,77.0,41.0,29.0,7.0,0.07471163383549895,0.17934422087942628
"(0.01, 0.03, 0.04)",0.95,,False,A,,1182218.060900297,0.06969108548189351,-0.2089892845194531,-0.23114869963146753,0.06647034237177,0.07230291179325925,0.18213389384930487,0.9481210128024157,81.5,43.0,30.0,10.0,0.08573339763019414,0.05187898719758436
"(0.01, 0.03, 0.04)",0.95,,True,A,,1185985.8973957347,0.07002838783966381,-0.2115231258951411,-0.23619834325046143,0.06733829818979871,0.0732388349634971,0.18333032265615812,0.9561860235692712,83.0,41.0,31.0,11.0,0.0868597142538116,0.04381397643072882
"(0.01, 0.03, 0.08)",0.8,,False,A,,1113458.0439213356,0.0633429177182252,-0.16792351688618445,-0.19562719425876726,0.06077882801985339,0.06749621739014577,0.16123165467717718,0.8046120045920264,73.0,42.0,28.5,3.0,0.07386227244729926,0.19538799540797358
"(0.01, 0.03, 0.08)",0.8,,True,A,,1125670.9639456552,0.06449572813583382,-0.17178211888918282,-0.19403067387863382,0.06169607327551323,0.06800674822160702,0.16259406334659787,0.8202674038686464,74.0,41.0,29.0,4.0,0.07484134333272442,0.17973259613135364
"(0.01, 0.03, 0.08)",0.95,,False,A,,1204392.0159570621,0.07166710145336852,-0.20112713896044454,-0.24076025642359405,0.06543992631506006,0.07368813445142611,0.18103390827526447,0.948408765969633,79.0,43.0,31.0,5.0,0.08565016485492469,0.051591234030367
"(0.01, 0.03, 0.08)",0.95,,True,A,,1213499.4396150112,0.07246964455777116,-0.20700052937599828,-0.2403021436747177,0.06616349237426851,0.07452049178493705,0.18410601514384375,0.9561952570293413,81.0,43.0,32.0,6.0,0.08682214532345786,0.043804742970658804
"(0.01, 0.04, 0)",0.8,,False,A,,1118065.0190591495,0.0637791311453153,-0.16478362213247638,-0.17015288740562357,0.0611497652936017,0.06398150695403207,0.16298304878003,0.8078802472933324,70.0,42.0,28.0,0.0,0.07356484166799819,0.1921197527066677
"(0.01, 0.04, 0)",0.8,,True,A,,1120297.6713556293,0.06398995558956411,-0.16611224767496763,-0.1687219922987615,0.061376298474856525,0.06412030208566906,0.16254422604418495,0.8140203357463749,70.0,41.0,29.0,0.0,0.07386886412586889,0.18597966425362505
"(0.01, 0.04, 0)",0.95,,False,A,,1162340.658101644,0.06789083986544397,-0.186613678251973,-0.18662479521997044,0.06536203556883595,0.0679882748205308,0.17644901185110967,0.930234510725269,74.0,43.0,31.0,0.0,0.08024498425404228,0.06976548927473095
"(0.01, 0.04, 0)",0.95,,True,A,,1171072.5491719102,0.06868506105604022,-0.19262060211736493,-0.19522781487831256,0.0663273699988842,0.06882056963178243,0.18047182948365004,0.9539268976270192,75.0,43.0,32.0,0.0,0.0819551457412419,0.04607310237298079
"(0.01, 0.04, 0.02)",0.8,,False,A,,1128806.9830835864,0.06478992148320395,-0.17479739161814295,-0.18488047355180676,0.06266286185699774,0.06625540542451606,0.16578178102118252,0.8113686381233521,74.0,42.0,26.0,5.0,0.07609336473146322,0.1886313618766478
"(0.01, 0.04, 0.02)",0.8,,True,A,,1132801.1029625973,0.06516364171149491,-0.17546676845243286,-0.18480238287579837,0.06330370667690752,0.0662888847200471,0.16637872488099947,0.8201531111575439,74.0,41.0,27.0,6.0,0.07678828979492044,0.17984688884245614
"(0.01, 0.04, 0.02)",0.95,,False,A,,1190481.3253982968,0.07043139284163025,-0.20145381577063975,-0.2155605559595855,0.06832006738682399,0.07278075546245237,0.1878451641203126,0.9478128961274082,83.0,42.5,28.0,13.0,0.08719967382106059,0.05218710387259186
"(0.01, 0.04, 0.02)",0.95,,True,A,,1205473.0715335277,0.07176281715851773,-0.20580500139352403,-0.22012734803657596,0.06948899108108966,0.07346110573685807,0.18839145330368917,0.9560882777244704,83.0,41.0,29.0,13.0,0.08823444607520667,0.04391172227552971
"(0.01, 0.04, 0.04)",0.8,,False,A,,1110356.4167198339,0.06304831888694251,-0.1755276281234041,-0.1829997850197104,0.062409566743866954,0.06567668473294455,0.16454212456083744,0.7997172870102913,70.0,43.0,25.0,2.0,0.07476869877624118,0.20028271298970868
"(0.01, 0.04, 0.04)",0.8,,True,A,,1133981.1467979625,0.06527376332723589,-0.17740338688965723,-0.18675504910140556,0.06336928497430698,0.06707577772188263,0.1668494740780775,0.8199342363072019,71.0,41.0,27.0,3.0,0.07672226099566581,0.18006576369279814
"(0.01, 0.04, 0.04)",0.95,,False,A,,1194143.518305663,0.07075798645625797,-0.2002903854992576,-0.21943298252949628,0.06825636736711235,0.0733757920921857,0.18639626656648273,0.9453897377124578,77.0,43.0,28.0,6.0,0.08749594142939282,0.05461026228754215
"(0.01, 0.04, 0.04)",0.95,,True,A,,1202808.910571911,0.07152733513715315,-0.20788625228607616,-0.2237161735448404,0.06916831029512907,0.07412273925122374,0.1876194858921751,0.9560810891503992,77.0,41.0,29.0,7.0,0.08880694700611404,0.04391891084960067
"(0.01, 0.04, 0.08)",0.8,,False,A,,1108994.068790799,0.06291867899428505,-0.1812806476127316,-0.18840463182794617,0.06229739908869605,0.06503914082774305,0.16518256604724424,0.797902821037392,69.0,43.0,25.0,1.0,0.07509492979495354,0.20209717896260804
"(0.01, 0.04, 0.08)",0.8,,True,A,,1126265.3179611866,0.0645514713854296,-0.18064192510216914,-0.19353457040550437,0.06324008584921456,0.06587495128210878,0.16695907546408167,0.8201997453756994,69.0,41.0,26.0,2.0,0.07668158471644759,0.1798002546243006
"(0.01, 0.04, 0.08)",0.95,,False,A,,1202439.5072470878,0.07149465024479884,-0.19853105682598254,-0.22628934210438506,0.06844801382170544,0.07508379138065902,0.18808242270720718,0.9446418903023381,74.0,42.0,28.0,3.0,0.08766304254033416,0.05535810969766193
"(0.01, 0.04, 0.08)",0.95,,True,A,,1212229.7524396041,0.07235814447184863,-0.20243872325093304,-0.2255380496446747,0.06947392147012792,0.07580319001490272,0.18968865822719677,0.9559863916805607,74.0,41.0,29.0,4.0,0.08887569746031537,0.04401360831943927
"(0.01, 0.06, 0)",0.8,,False,A,,1159833.103585232,0.06766176856422235,-0.15945358790602798,-0.2222115208183714,0.06275165252282969,0.06966100138473685,0.17362218956444833,0.7843225106236973,63.5,43.0,20.5,0.0,0.08010675333281897,0.2156774893763027
"(0.01, 0.06, 0)",0.8,,True,A,,1161965.6742044126,0.06785655184200334,-0.17332659919994298,-0.2057377621905805,0.06522673530354736,0.07217314044353604,0.17698215473366294,0.8202292224109715,63.0,41.0,22.0,0.0,0.08282715333178366,0.1797707775890284
"(0.01, 0.06, 0)",0.95,,False,A,,1236167.9844847666,0.07444311703741135,-0.20440558458844882,-0.2196705481214172,0.07048942924840551,0.07489202078153814,0.19774954990149207,0.9455072373131512,68.0,43.0,25.0,0.0,0.09339384570095322,0.05449276268684872
"(0.01, 0.06, 0)",0.95,,True,A,,1239419.623749549,0.07472357439792454,-0.2103797411656111,-0.21847442458446287,0.0711651694739402,0.07504718039423608,0.20058671274632214,0.9559191743821217,68.0,41.0,27.0,0.0,0.0946601110682091,0.04408082561787835
"(0.01, 0.06, 0.02)",0.8,,False,A,,1167380.5821292805,0.06834989442812045,-0.16669050410838487,-0.2241331039838547,0.06415212638831931,0.07107262967908749,0.17708907408505253,0.8112678830296342,65.0,42.0,20.5,3.0,0.08246747434602116,0.18873211697036588
"(0.01, 0.06, 0.02)",0.8,,True,A,,1161965.6742044126,0.06785655184200334,-0.17332659919994298,-0.2057377621905805,0.06522673530354736,0.07217314044353604,0.17698215473366294,0.8202292224109715,63.0,41.0,22.0,0.0,0.08282715333178366,0.1797707775890284
"(0.01, 0.06, 0.02)",0.95,,False,A,,1236167.9844847666,0.07444311703741135,-0.20440558458844882,-0.2196705481214172,0.07048072318206137,0.07489202078153814,0.20032563234649625,0.9457712099394504,68.0,43.0,25.0,0.0,0.09356214569488297,0.05422879006054968
"(0.01, 0.06, 0.02)",0.95,,True,A,,1239419.623749549,0.07472357439792454,-0.2103797411656111,-0.21847442458446287,0.0711651694739402,0.07504718039423608,0.20058671274632214,0.9559191743821217,68.0,41.0,27.0,0.0,0.0946601110682091,0.04408082561787835
"(0.01, 0.06, 0.04)",0.8,,False,A,,1170156.7280863053,0.06860153102440048,-0.17049666704293653,-0.21758011946641723,0.06258606121642278,0.070916015224658,0.17576566746958933,0.8110883357424518,63.0,41.0,20.5,1.0,0.08210292213776908,0.18891166425754824
"(0.01, 0.06, 0.04)",0.8,,True,A,,1161965.6742044126,0.06785655184200334,-0.17332659919994298,-0.2057377621905805,0.06522673530354736,0.07217314044353604,0.17698215473366294,0.8202292224109715,63.0,41.0,22.0,0.0,0.08282715333178366,0.1797707775890284
"(0.01, 0.06, 0.04)",0.95,,False,A,,1236167.9844847666,0.07444311703741135,-0.20440558458844882,-0.2196705481214172,0.07059457268324285,0.07489202078153814,0.2001265940364218,0.9457712099394504,68.0,43.0,25.0,0.0,0.09356214569488297,0.05422879006054968
"(0.01, 0.06, 0.04)",0.95,,True,A,,1239419.623749549,0.07472357439792454,-0.2103797411656111,-0.21847442458446287,0.0711651694739402,0.07504718039423608,0.20058671274632214,0.9559191743821217,68.0,41.0,27.0,0.0,0.0946601110682091,0.04408082561787835
"(0.01, 0.06, 0.08)",0.8,,False,A,,1159833.103585232,0.06766176856422235,-0.15945358790602798,-0.2222115208183714,0.06275165252282969,0.06966100138473685,0.17362218956444833,0.7843225106236973,63.5,43.0,20.5,0.0,0.08010675333281897,0.2156774893763027
"(0.01, 0.06, 0.08)",0.8,,True,A,,1161965.6742044126,0.06785655184200334,-0.17332659919994298,-0.2057377621905805,0.06522673530354736,0.07217314044353604,0.17698215473366294,0.8202292224109715,63.0,41.0,22.0,0.0,0.08282715333178366,0.1797707775890284
"(0.01, 0.06, 0.08)",0.95,,False,A,,1236167.9844847666,0.07444311703741135,-0.20440558458844882,-0.2196705481214172,0.07048942924840551,0.07489202078153814,0.19774954990149207,0.9455072373131512,68.0,43.0,25.0,0.0,0.09339384570095322,0.05449276268684872
"(0.01, 0.06, 0.08)",0.95,,True,A,,1239419.623749549,0.07472357439792454,-0.2103797411656111,-0.21847442458446287,0.0711651694739402,0.07504718039423608,0.20058671274632214,0.9559191743821217,68.0,41.0,27.0,0.0,0.0946601110682091,0.04408082561787835
"(0.01, 0.08, 0)",0.8,,False,A,,1208633.4105901564,0.07203992619510857,-0.1568197832216946,-0.22314709029865293,0.06458274543093004,0.07782427816568892,0.17401307168293617,0.7713240235011938,59.5,43.0,16.5,0.0,0.08429510679833865,0.22867597649880622
"(0.01, 0.08, 0)",0.8,,True,A,,1236476.3527828553,0.07446880258331412,-0.1619165560750641,-0.22738402700526805,0.06526304234253306,0.08018239121197082,0.18439360956182616,0.8196680705976958,60.0,41.0,19.0,0.0,0.08843318950377096,0.1803319294023043
"(0.01, 0.08, 0)",0.95,,False,A,,1276674.9597235061,0.07788991475435858,-0.18256027671863911,-0.2476413257289733,0.06914937950171889,0.08220469303444804,0.20358566604021522,0.9147589230459641,62.0,43.0,19.0,0.0,0.09649484462310463,0.0852410769540359
"(0.01, 0.08, 0)",0.95,,True,A,,1291123.9209377111,0.07909423517785874,-0.1956353265536323,-0.27084826952024166,0.07051929463881104,0.08223186150384884,0.21027668361819637,0.9558096753255522,63.0,41.0,22.0,0.0,0.10063969878807741,0.044190324674447834
"(0.01, 0.08, 0.02)",0.8,,False,A,,1235184.4389140937,0.07435751091938247,-0.16078182755329695,-0.22844950034617426,0.06643057875226784,0.07988605221765525,0.18070781063172245,0.810096604437311,62.0,43.0,16.0,4.5,0.08628971983458214,0.18990339556268898
"(0.01, 0.08, 0.02)",0.8,,True,A,,1236476.3527828553,0.07446880258331412,-0.1619165560750641,-0.22738402700526805,0.06526304234253306,0.08018239121197082,0.18439360956182616,0.8196680705976958,60.0,41.0,19.0,0.0,0.08843318950377096,0.1803319294023043
"(0.01, 0.08, 0.02)",0.95,,False,A,,1289691.1273045964,0.07897643657025444,-0.19135496310547362,-0.2513802351829257,0.06989817844691774,0.08328383130691511,0.20928962864054654,0.9429620126224303,65.0,43.0,19.0,3.0,0.09852305543744848,0.05703798737756964
"(0.01, 0.08, 0.02)",0.95,,True,A,,1291123.9209377111,0.07909423517785874,-0.1956353265536323,-0.27084826952024166,0.07051929463881104,0.08223186150384884,0.21027668361819637,0.9558096753255522,63.0,41.0,22.0,0.0,0.10063969878807741,0.044190324674447834
"(0.01, 0.08, 0.04)",0.8,,False,A,,1222635.5402448801,0.07326659452422402,-0.15722276531495655,-0.2329054247080747,0.06395681002174465,0.0802195663265072,0.17841024403305758,0.7978831931742064,61.0,43.0,16.0,1.0,0.08634096404144992,0.20211680682579358
"(0.01, 0.08, 0.04)",0.8,,True,A,,1236476.3527828553,0.07446880258331412,-0.1619165560750641,-0.22738402700526805,0.06526304234253306,0.08018239121197082,0.18439360956182616,0.8196680705976958,60.0,41.0,19.0,0.0,0.08843318950377096,0.1803319294023043
"(0.01, 0.08, 0.04)",0.95,,False,A,,1291921.264736034,0.07916174976893897,-0.19112576359600408,-0.24524282817143664,0.07004927305475728,0.0841568763134682,0.208198615390575,0.9440912588218136,63.0,43.0,19.0,1.0,0.09850692762585758,0.05590874117818641
"(0.01, 0.08, 0.04)",0.95,,True,A,,1291123.9209377111,0.07909423517785874,-0.1956353265536323,-0.27084826952024166,0.07051929463881104,0.08223186150384884,0.21027668361819637,0.9558096753255522,63.0,41.0,22.0,0.0,0.10063969878807741,0.044190324674447834
"(0.01, 0.08, 0.08)",0.8,,False,A,,1208633.4105901564,0.07203992619510857,-0.1568197832216946,-0.22314709029865293,0.06458274543093004,0.07782427816568892,0.17401307168293617,0.7713240235011938,59.5,43.0,16.5,0.0,0.08429510679833865,0.22867597649880622
"(0.01, 0.08, 0.08)",0.8,,True,A,,1236476.3527828553,0.07446880258331412,-0.1619165560750641,-0.22738402700526805,0.06526304234253306,0.08018239121197082,0.18439360956182616,0.8196680705976958,60.0,41.0,19.0,0.0,0.08843318950377096,0.1803319294023043
"(0.01, 0.08, 0.08)",0.95,,False,A,,1276674.9597235061,0.07788991475435858,-0.18256027671863911,-0.2476413257289733,0.06914937950171889,0.08220469303444804,0.20358566604021522,0.9147589230459641,62.0,43.0,19.0,0.0,0.09649484462310463,0.0852410769540359
"(0.01, 0.08, 0.08)",0.95,,True,A,,1291123.9209377111,0.07909423517785874,-0.1956353265536323,-0.27084826952024166,0.07051929463881104,0.08223186150384884,0.21027668361819637,0.9558096753255522,63.0,41.0,22.0,0.0,0.10063969878807741,0.044190324674447834
"(0.01, 0.1, 0)",0.8,,False,A,,1247328.4558429252,0.07537435694640493,-0.1692724855824717,-0.24867880109406415,0.06610309489888633,0.08709655934420249,0.17913832658943218,0.8097458806720468,57.0,42.0,14.5,0.0,0.09163309125447335,0.19025411932795322
"(0.01, 0.1, 0)",0.8,,True,A,,1254389.1678233694,0.07598563731414987,-0.18316964950863474,-0.2540197337627832,0.06935639789694423,0.08782789052383169,0.18732218353917904,0.8186420554241635,58.0,41.0,17.0,0.0,0.09376850627453094,0.18135794457583657
"(0.01, 0.1, 0)",0.95,,False,A,,1325587.7253589565,0.08191992205280219,-0.18779307058516587,-0.2683883637539384,0.07232921476290743,0.08895365550796397,0.20405880066417253,0.9119492612526809,59.5,43.0,16.5,0.0,0.10164186964883537,0.08805073874731907
"(0.01, 0.1, 0)",0.95,,True,A,,1352315.6680225832,0.08407047925685707,-0.1921900232212871,-0.2709941930373151,0.07426708854781805,0.09196841515425809,0.21568980423177775,0.9557618781294743,60.5,41.0,19.5,0.0,0.10470946263553485,0.044238121870525664
"(0.01, 0.1, 0.02)",0.8,,False,A,,1246822.92477204,0.07533007416201654,-0.1692724855824717,-0.24867880109406415,0.0660189155215372,0.08703306762049079,0.1839355472709148,0.8105095808001119,58.5,42.0,14.5,1.0,0.09278134081894454,0.18949041919988807
"(0.01, 0.1, 0.02)",0.8,,True,A,,1254389.1678233694,0.07598563731414987,-0.18316964950863474,-0.2540197337627832,0.06935639789694423,0.08782789052383169,0.18732218353917904,0.8186420554241635,58.0,41.0,17.0,0.0,0.09376850627453094,0.18135794457583657
"(0.01, 0.1, 0.02)",0.95,,False,A,,1344322.6922978112,0.08343091846667605,-0.19050455257309468,-0.2757132924371474,0.07323602925971347,0.09017075174796037,0.21206973820417707,0.9411992084337972,63.0,43.0,16.0,4.0,0.10374834039036826,0.05880079156620282
"(0.01, 0.1, 0.02)",0.95,,True,A,,1352315.6680225832,0.08407047925685707,-0.1921900232212871,-0.2709941930373151,0.07426708854781805,0.09196841515425809,0.21568980423177775,0.9557618781294743,60.5,41.0,19.5,0.0,0.10470946263553485,0.044238121870525664
"(0.01, 0.1, 0.04)",0.8,,False,A,,1253855.997856435,0.07594319059301602,-0.1692724855824717,-0.24867880109406415,0.06484111771721908,0.08709655934420249,0.18292026793061536,0.8105095808001119,57.5,42.0,14.5,0.0,0.09253500854914276,0.18949041919988807
"(0.01, 0.1, 0.04)",0.8,,True,A,,1254389.1678233694,0.07598563731414987,-0.18316964950863474,-0.2540197337627832,0.06935639789694423,0.08782789052383169,0.18732218353917904,0.8186420554241635,58.0,41.0,17.0,0.0,0.09376850627453094,0.18135794457583657
"(0.01, 0.1, 0.04)",0.95,,False,A,,1336535.3568847906,0.08280537395004128,-0.18785019221862392,-0.27736292080506003,0.07091266801936927,0.0903562514009791,0.21318610855703057,0.9443219643647548,61.0,43.0,16.0,1.5,0.10356125286884361,0.05567803563524525
"(0.01, 0.1, 0.04)",0.95,,True,A,,1352315.6680225832,0.08407047925685707,-0.1921900232212871,-0.2709941930373151,0.07426708854781805,0.09196841515425809,0.21568980423177775,0.9557618781294743,60.5,41.0,19.5,0.0,0.10470946263553485,0.044238121870525664
"(0.01, 0.1, 0.08)",0.8,,False,A,,1247328.4558429252,0.07537435694640493,-0.1692724855824717,-0.24867880109406415,0.06610309489888633,0.08709655934420249,0.17913832658943218,0.8097458806720468,57.0,42.0,14.5,0.0,0.09163309125447335,0.19025411932795322
"(0.01, 0.1, 0.08)",0.8,,True,A,,1254389.1678233694,0.07598563731414987,-0.18316964950863474,-0.2540197337627832,0.06935639789694423,0.08782789052383169,0.18732218353917904,0.8186420554241635,58.0,41.0,17.0,0.0,0.09376850627453094,0.18135794457583657
"(0.01, 0.1, 0.08)",0.95,,False,A,,1313416.9589340123,0.08093205376627155,-0.18915586293171527,-0.2683883637539384,0.07232921476290743,0.088590736067285,0.2107257026932728,0.9429575136224483,59.5,43.0,16.5,0.0,0.1025563138261234,0.05704248637755171
"(0.01, 0.1, 0.08)",0.95,,True,A,,1352315.6680225832,0.08407047925685707,-0.1921900232212871,-0.2709941930373151,0.07426708854781805,0.09196841515425809,0.21568980423177775,0.9557618781294743,60.5,41.0,19.5,0.0,0.10470946263553485,0.044238121870525664
"(0.01, 0.12, 0)",0.8,,False,A,,1312009.134136738,0.08081609922080057,-0.1807296300179969,-0.22396159369563062,0.07165365235717414,0.08961050536369196,0.17845092699190473,0.7437979292856952,55.0,43.0,12.0,0.0,0.09237483636274506,0.2562020707143048
"(0.01, 0.12, 0)",0.8,,True,A,,1344240.0086507732,0.08342566016830544,-0.20370670987891043,-0.24532807980484828,0.07257366997926615,0.09411515206177268,0.1922254709429912,0.8191459008188017,55.0,41.0,14.0,0.0,0.0987187045814284,0.1808540991811983
"(0.01, 0.12, 0)",0.95,,False,A,,1367195.7546276695,0.08523075152746906,-0.21554831437745942,-0.29725649718215075,0.0748641513940955,0.09789277658411552,0.2090416323146434,0.9409998436863773,57.5,42.5,15.0,0.0,0.10950052420771231,0.05900015631362274
"(0.01, 0.12, 0)",0.95,,True,A,,1375553.3498307096,0.08586475156111661,-0.2104831071122023,-0.29688913816722895,0.07768670480356801,0.09914325225173495,0.21792934106858766,0.9555199858269363,58.5,41.0,17.5,0.0,0.1111346041482901,0.0444800141730636
"(0.01, 0.12, 0.02)",0.8,,False,A,,1350233.1392348004,0.0839043209854069,-0.19543375542237507,-0.22304149341211632,0.07322164141653172,0.09106330381063205,0.1864975729389307,0.8105385389245112,61.0,43.0,12.0,6.0,0.0957329970232772,0.18946146107548872
"(0.01, 0.12, 0.02)",0.8,,True,A,,1344240.0086507732,0.08342566016830544,-0.20370670987891043,-0.24532807980484828,0.07257366997926615,0.09411515206177268,0.1922254709429912,0.8191459008188017,55.0,41.0,14.0,0.0,0.0987187045814284,0.1808540991811983
"(0.01, 0.12, 0.02)",0.95,,False,A,,1367195.7546276695,0.08523075152746906,-0.21554831437745942,-0.29725649718215075,0.07485511480442235,0.0978062134240899,0.213815546182077,0.9409998436863773,58.0,42.5,15.0,1.0,0.11018062566389548,0.05900015631362274
"(0.01, 0.12, 0.02)",0.95,,True,A,,1375553.3498307096,0.08586475156111661,-0.2104831071122023,-0.29688913816722895,0.07768670480356801,0.09914325225173495,0.21792934106858766,0.9555199858269363,58.5,41.0,17.5,0.0,0.1111346041482901,0.0444800141730636
"(0.01, 0.12, 0.04)",0.8,,False,A,,1340679.4300814448,0.08313997207234025,-0.19356650263294367,-0.22833929002355374,0.07307369689137336,0.09004085602295807,0.18557694071924105,0.802979320053812,58.0,43.0,12.0,3.0,0.09646402579077801,0.19702067994618802
"(0.01, 0.12, 0.04)",0.8,,True,A,,1344240.0086507732,0.08342566016830544,-0.20370670987891043,-0.24532807980484828,0.07257366997926615,0.09411515206177268,0.1922254709429912,0.8191459008188017,55.0,41.0,14.0,0.0,0.0987187045814284,0.1808540991811983
"(0.01, 0.12, 0.04)",0.95,,False,A,,1367195.7546276695,0.08523075152746906,-0.21554831437745942,-0.29725649718215075,0.07472923900088038,0.09822619344773889,0.21503061573544274,0.9409998436863773,58.0,42.5,15.0,0.5,0.1104030752680088,0.05900015631362274
"(0.01, 0.12, 0.04)",0.95,,True,A,,1375553.3498307096,0.08586475156111661,-0.2104831071122023,-0.29688913816722895,0.07768670480356801,0.09914325225173495,0.21792934106858766,0.9555199858269363,58.5,41.0,17.5,0.0,0.1111346041482901,0.0444800141730636
"(0.01, 0.12, 0.08)",0.8,,False,A,,1340593.5353447588,0.08313339911935558,-0.19152552153762747,-0.2339709356521577,0.07305890413487508,0.08985515799377725,0.18673601038643978,0.7988044958883271,56.5,43.0,12.0,1.0,0.0952714072751946,0.2011955041116728
"(0.01, 0.12, 0.08)",0.8,,True,A,,1344240.0086507732,0.08342566016830544,-0.20370670987891043,-0.24532807980484828,0.07257366997926615,0.09411515206177268,0.1922254709429912,0.8191459008188017,55.0,41.0,14.0,0.0,0.0987187045814284,0.1808540991811983
"(0.01, 0.12, 0.08)",0.95,,False,A,,1367195.7546276695,0.08523075152746906,-0.21554831437745942,-0.29725649718215075,0.0744551143304428,0.09789277658411552,0.21045630390206554,0.9409998436863773,57.5,42.5,15.0,0.0,0.10950894466310115,0.05900015631362274
"(0.01, 0.12, 0.08)",0.95,,True,A,,1375553.3498307096,0.08586475156111661,-0.2104831071122023,-0.29688913816722895,0.07768670480356801,0.09914325225173495,0.21792934106858766,0.9555199858269363,58.5,41.0,17.5,0.0,0.1111346041482901,0.0444800141730636
"(0.01, 0.15, 0)",0.8,,False,A,,1287728.4923937088,0.07881241870187727,-0.19153276945824116,-0.22741071917228206,0.06904856512961281,0.08632236389608927,0.1764875440487973,0.7383255273647895,53.0,43.0,10.0,0.0,0.0941081101447571,0.26167447263521043
"(0.01, 0.15, 0)",0.8,,True,A,,1396377.6045033413,0.08752559509236157,-0.20784009370733436,-0.25089686253236526,0.07706705131876475,0.09730101784167117,0.19445771725514688,0.8189784874654192,49.0,37.0,12.0,0.0,0.10741288139792451,0.18102151253458076
"(0.01, 0.15, 0)",0.95,,False,A,,1462261.5681229075,0.09251984646907263,-0.21777785672270916,-0.26977288982218384,0.08047108664844871,0.10350422457337555,0.2093838788086964,0.8744085449308816,55.0,43.0,12.0,0.0,0.11174968693910266,0.12559145506911834
"(0.01, 0.15, 0)",0.95,,True,A,,1506146.4837635946,0.09573430721070653,-0.2392432004382392,-0.2849884599594747,0.0827110229310711,0.10791669138334359,0.2248966760063043,0.9557017604641291,56.0,41.0,15.0,0.0,0.11876649946283464,0.04429823953587089
"(0.01, 0.15, 0.02)",0.8,,False,A,,1322454.1983778677,0.08166809377663442,-0.20534845492478432,-0.2353917448120869,0.07232353199264537,0.08994974771580493,0.18566081489126368,0.8101195983488416,58.0,43.0,10.0,6.0,0.09732810220574278,0.18988040165115838
"(0.01, 0.15, 0.02)",0.8,,True,A,,1396377.6045033413,0.08752559509236157,-0.20784009370733436,-0.25089686253236526,0.07706705131876475,0.09730101784167117,0.19445771725514688,0.8189784874654192,49.0,37.0,12.0,0.0,0.10741288139792451,0.18102151253458076
"(0.01, 0.15, 0.02)",0.95,,False,A,,1505007.0088398613,0.09565147944933983,-0.2299100718703445,-0.268613414536133,0.08253726673012488,0.10408270637867299,0.2203467823782968,0.9475377574158501,62.0,43.0,12.0,7.0,0.11512172590414221,0.052462242584149874
"(0.01, 0.15, 0.02)",0.95,,True,A,,1506146.4837635946,0.09573430721070653,-0.2392432004382392,-0.2849884599594747,0.0827110229310711,0.10791669138334359,0.2248966760063043,0.9557017604641291,56.0,41.0,15.0,0.0,0.11876649946283464,0.04429823953587089
"(0.01, 0.15, 0.04)",0.8,,False,A,,1311973.5972773037,0.08080890362185156,-0.20025566143558338,-0.2306484244853734,0.07191959613635382,0.08968122756002754,0.18627594901991637,0.8044164851556459,55.0,43.0,10.0,2.5,0.09814433675563294,0.19558351484435402
"(0.01, 0.15, 0.04)",0.8,,True,A,,1396377.6045033413,0.08752559509236157,-0.20784009370733436,-0.25089686253236526,0.07706705131876475,0.09730101784167117,0.19445771725514688,0.8189784874654192,49.0,37.0,12.0,0.0,0.10741288139792451,0.18102151253458076
"(0.01, 0.15, 0.04)",0.95,,False,A,,1494575.5997981245,0.09489460755061474,-0.2296971585063401,-0.2735976272354251,0.08175676685198525,0.10348335514965822,0.21799126655508963,0.9375647253698643,58.0,43.0,12.0,3.0,0.11594940232547556,0.062435274630135665
"(0.01, 0.15, 0.04)",0.95,,True,A,,1506146.4837635946,0.09573430721070653,-0.2392432004382392,-0.2849884599594747,0.0827110229310711,0.10791669138334359,0.2248966760063043,0.9557017604641291,56.0,41.0,15.0,0.0,0.11876649946283464,0.04429823953587089
"(0.01, 0.15, 0.08)",0.8,,False,A,,1305481.9792400752,0.08028144322605812,-0.2013148579817714,-0.24342373104128565,0.0720183115739699,0.09064582038715382,0.18673153373188295,0.8035444155748774,54.0,43.0,10.0,1.0,0.09702243994748,0.19645558442512256
"(0.01, 0.15, 0.08)",0.8,,True,A,,1396377.6045033413,0.08752559509236157,-0.20784009370733436,-0.25089686253236526,0.07706705131876475,0.09730101784167117,0.19445771725514688,0.8189784874654192,49.0,37.0,12.0,0.0,0.10741288139792451,0.18102151253458076
"(0.01, 0.15, 0.08)",0.95,,False,A,,1494400.5911864995,0.09488245439407317,-0.22828805007202047,-0.2743817998239528,0.08230539014237907,0.10348600588950774,0.217497460377305,0.9413592066881604,57.0,43.0,12.0,1.0,0.11505243107197069,0.05864079331183956
"(0.01, 0.15, 0.08)",0.95,,True,A,,1506146.4837635946,0.09573430721070653,-0.2392432004382392,-0.2849884599594747,0.0827110229310711,0.10791669138334359,0.2248966760063043,0.9557017604641291,56.0,41.0,15.0,0.0,0.11876649946283464,0.04429823953587089
"(0.01, 0.2, 0)",0.8,,False,A,,1309016.1958508329,0.08057117898524357,-0.19001407702864292,-0.22941949565369338,0.0678511914232166,0.0919609705148186,0.17634754867971958,0.7482435246631495,50.0,43.0,7.0,0.0,0.09638180054602496,0.2517564753368506
"(0.01, 0.2, 0)",0.8,,True,A,,1407368.3610127228,0.08836185420254161,-0.21165694460297163,-0.26082069861933815,0.07403088060947456,0.09773675920253329,0.19517188625439297,0.8187718206836766,47.5,37.0,11.0,0.0,0.10801270245687619,0.1812281793163234
"(0.01, 0.2, 0)",0.95,,False,A,,1474344.1851715595,0.09341332777833244,-0.2407484624844926,-0.28750776906986936,0.07954853254125707,0.10357579482640826,0.2160939463113996,0.9095043891279309,53.0,43.0,10.0,0.0,0.11977243125727628,0.09049561087206914
"(0.01, 0.2, 0)",0.95,,True,A,,1553546.3783295304,0.09911088834213633,-0.24697745726217568,-0.29488408225207624,0.08651854127169752,0.11080098311820684,0.22977511785490368,0.9557512493123372,50.5,37.0,13.5,0.0,0.12820715137657174,0.04424875068766275
"(0.01, 0.2, 0.02)",0.8,,False,A,,1328889.787200653,0.08219038028072223,-0.19612070285146505,-0.24139571088185477,0.07152780197050668,0.09501664974622984,0.1862397161794861,0.8115593657192275,56.0,43.0,7.0,6.0,0.09949921044232916,0.18844063428077257
"(0.01, 0.2, 0.02)",0.8,,True,A,,1407368.3610127228,0.08836185420254161,-0.21165694460297163,-0.26082069861933815,0.07403088060947456,0.09773675920253329,0.19517188625439297,0.8187718206836766,47.5,37.0,11.0,0.0,0.10801270245687619,0.1812281793163234
"(0.01, 0.2, 0.02)",0.95,,False,A,,1487228.4733428457,0.09435860931768536,-0.24579434611183065,-0.2885498948224118,0.08160142465670514,0.10460266908950891,0.22066094057958224,0.9425366958180265,55.0,43.0,10.0,3.0,0.12079527899142349,0.057463304181973575
"(0.01, 0.2, 0.02)",0.95,,True,A,,1553546.3783295304,0.09911088834213633,-0.24697745726217568,-0.29488408225207624,0.08651854127169752,0.11080098311820684,0.22977511785490368,0.9557512493123372,50.5,37.0,13.5,0.0,0.12820715137657174,0.04424875068766275
"(0.01, 0.2, 0.04)",0.8,,False,A,,1340027.808294346,0.08308686048574843,-0.1973941254466659,-0.24522306690906343,0.06942577202424764,0.0939815962483124,0.1864194083634264,0.7978373406096231,52.5,43.0,7.0,2.0,0.09949166249738467,0.20216265939037692
"(0.01, 0.2, 0.04)",0.8,,True,A,,1407368.3610127228,0.08836185420254161,-0.21165694460297163,-0.26082069861933815,0.07403088060947456,0.09773675920253329,0.19517188625439297,0.8187718206836766,47.5,37.0,11.0,0.0,0.10801270245687619,0.1812281793163234
"(0.01, 0.2, 0.04)",0.95,,False,A,,1477140.955458914,0.09361969164127637,-0.244375348478783,-0.2956178243926229,0.08077301518336473,0.10528687723179087,0.22222024889725184,0.9418457050067275,54.0,43.0,10.0,1.0,0.12039274120155993,0.058154294993272515
"(0.01, 0.2, 0.04)",0.95,,True,A,,1553546.3783295304,0.09911088834213633,-0.24697745726217568,-0.29488408225207624,0.08651854127169752,0.11080098311820684,0.22977511785490368,0.9557512493123372,50.5,37.0,13.5,0.0,0.12820715137657174,0.04424875068766275
"(0.01, 0.2, 0.08)",0.8,,False,A,,1331587.572654611,0.08240825495859172,-0.20329991555573168,-0.24771982355757943,0.06946259968800095,0.0952948684587714,0.18655230568838838,0.8012002485153864,51.0,43.0,7.0,1.0,0.09951435156393444,0.19879975148461362
"(0.01, 0.2, 0.08)",0.8,,True,A,,1407368.3610127228,0.08836185420254161,-0.21165694460297163,-0.26082069861933815,0.07403088060947456,0.09773675920253329,0.19517188625439297,0.8187718206836766,47.5,37.0,11.0,0.0,0.10801270245687619,0.1812281793163234
"(0.01, 0.2, 0.08)",0.95,,False,A,,1474344.1851715595,0.09341332777833244,-0.2407484624844926,-0.28750776906986936,0.07951234923606461,0.10381618583063225,0.2193418402318749,0.9125440097769321,53.0,43.0,10.0,0.0,0.12091723328225683,0.08745599022306795
"(0.01, 0.2, 0.08)",0.95,,True,A,,1553546.3783295304,0.09911088834213633,-0.24697745726217568,-0.29488408225207624,0.08651854127169752,0.11080098311820684,0.22977511785490368,0.9557512493123372,50.5,37.0,13.5,0.0,0.12820715137657174,0.04424875068766275
"(0.02, 0.03, 0)",0.8,,False,A,,1136713.3332758741,0.06552848942112899,-0.1569408785780137,-0.15694742287268892,0.06358747369664035,0.06561578029194777,0.16986349841945214,0.8002496715360643,70.0,41.0,29.0,0.0,0.07132165576173954,0.1997503284639357
"(0.02, 0.03, 0)",0.8,,True,A,,1142301.1353613208,0.06604764314478007,-0.1616981224982647,-0.16170062945872202,0.06424850198371881,0.06613852914499127,0.17052163227267858,0.8133383270249589,71.0,41.0,30.0,0.0,0.07215423223240158,0.1866616729750411
"(0.02, 0.03, 0)",0.95,,False,A,,1192268.7139897323,0.07059098479534964,-0.18224484334122804,-0.18828535992643242,0.0687919649700536,0.07068274891424813,0.18912733225358525,0.9510185418657062,76.0,43.0,33.0,0.0,0.079395307999307,0.04898145813429379
"(0.02, 0.03, 0)",0.95,,True,A,,1193290.7099037087,0.07068210928051,-0.18156525309786303,-0.18876225624131535,0.06901404785756757,0.07078164781537884,0.18958934690047852,0.9535221552838398,77.0,43.0,34.0,0.0,0.07967082128346778,0.04647784471616034
"(0.02, 0.03, 0.02)",0.8,,False,A,,1152143.015789959,0.06695644957947733,-0.17446853279023422,-0.18398737919929883,0.06530651084338372,0.06938630166863018,0.17863884168661387,0.8107387041146059,75.0,41.0,25.0,8.0,0.0765082363681671,0.18926129588539412
"(0.02, 0.03, 0.02)",0.8,,True,A,,1156400.1943121776,0.06734736307428857,-0.17771354826536273,-0.18719404637234102,0.06596845129168498,0.06905923954831371,0.1787100796191176,0.8182959087202848,76.0,41.0,26.0,9.0,0.07699120980679086,0.18170409127971518
"(0.02, 0.03, 0.02)",0.95,,False,A,,1230391.711965874,0.07394329720024917,-0.20040183653149307,-0.21548987439048609,0.0719013604268957,0.07599321864319789,0.20001784064712613,0.9465424264783414,85.0,41.0,28.0,15.5,0.08743855965386466,0.0534575735216586
"(0.02, 0.03, 0.02)",0.95,,True,A,,1236601.214036134,0.0744801140965341,-0.20149435988036335,-0.22082099127180232,0.07307878775562573,0.07606261248100137,0.20128441835025007,0.9556131284780391,86.0,41.0,29.0,16.0,0.08842858854423741,0.044386871521960955
"(0.02, 0.03, 0.04)",0.8,,False,A,,1154880.6176148653,0.06720805631789506,-0.17384436027488265,-0.18353967667813587,0.06527514536650889,0.06916340123231383,0.17621132577229937,0.8106133680925048,70.0,41.0,25.0,4.0,0.07558939319661126,0.18938663190749522
"(0.02, 0.03, 0.04)",0.8,,True,A,,1165633.4874995803,0.06819097068736268,-0.17235994026193385,-0.1864818857397767,0.06584741860278201,0.06981561342885471,0.17832039338571154,0.8182083781443275,72.0,41.0,26.0,5.0,0.07643263144989473,0.18179162185567255
"(0.02, 0.03, 0.04)",0.95,,False,A,,1222178.6416695626,0.07322910414496242,-0.20252544937622147,-0.21970744235439094,0.0720340230384519,0.07591442573059708,0.19786567295498314,0.9493195193215793,77.0,41.0,28.0,7.0,0.0873255260151535,0.05068048067842071
"(0.02, 0.03, 0.04)",0.95,,True,A,,1232282.832727586,0.07410724332400798,-0.20902000604666154,-0.2298849246149173,0.07209000953138436,0.07615364127358,0.20072121808554735,0.9556491544421652,77.0,41.0,28.0,8.0,0.08879325163811252,0.04435084555783475
"(0.02, 0.03, 0.08)",0.8,,False,A,,1143165.413735192,0.06612685191635148,-0.17923680816785276,-0.20309731020438376,0.06352051766179505,0.06918671641510972,0.17508778966092398,0.8105825224344034,67.0,41.0,24.0,2.0,0.07646234112127367,0.18941747756559663
"(0.02, 0.03, 0.08)",0.8,,True,A,,1146643.2901532697,0.06644850739874708,-0.1819648266912891,-0.1942135788643443,0.06434412272998254,0.0699239718849434,0.17713101900625303,0.8180825297435297,69.0,41.0,24.5,3.0,0.07712976296100856,0.18191747025647034
"(0.02, 0.03, 0.08)",0.95,,False,A,,1221278.3786035231,0.07315053395682514,-0.19858181834366023,-0.22095474381747357,0.07048632938424879,0.0772568297527392,0.19646232401025315,0.9450622589905571,73.0,42.0,29.0,3.0,0.08584297182731154,0.05493774100944289
"(0.02, 0.03, 0.08)",0.95,,True,A,,1236658.1532714658,0.07448547808062078,-0.20348872281602298,-0.22712278250566736,0.07128126050750591,0.0779896826618671,0.2009610799493034,0.9556557734294504,73.0,41.0,28.0,4.0,0.08879307724896636,0.04434422657054961
"(0.02, 0.04, 0)",0.8,,False,A,,1167762.9170680298,0.06838466428447276,-0.171273405309253,-0.1972951374124257,0.06608569445529955,0.06919151609343495,0.1797586659799421,0.806933085225465,66.0,41.0,25.0,0.0,0.0778921736369933,0.19306691477453497
"(0.02, 0.04, 0)",0.8,,True,A,,1170727.622488588,0.0686537898365821,-0.17322453364407753,-0.1928614965955807,0.06648566984496655,0.0692903783244642,0.18337322196087386,0.8118299821701664,67.0,41.0,26.0,0.0,0.07912703686142017,0.18817001782983364
"(0.02, 0.04, 0)",0.95,,False,A,,1221499.8432184723,0.07316993784380899,-0.18895029277090453,-0.19496770118831297,0.07066350051206989,0.07342225543766637,0.20009809737258455,0.9410524112779758,70.0,42.0,28.0,0.0,0.08556136783084856,0.058947588722024206
"(0.02, 0.04, 0)",0.95,,True,A,,1226715.2539778622,0.07362421120747809,-0.19195792741065298,-0.19198572166799793,0.07130376018764703,0.07374324770775034,0.19902868058574752,0.9540617029406064,70.0,41.0,29.0,0.0,0.0863475719383272,0.04593829705939352
"(0.02, 0.04, 0.02)",0.8,,False,A,,1167762.9170680298,0.06838466428447276,-0.171273405309253,-0.1972951374124257,0.06635032385409012,0.06919151609343495,0.182759840262727,0.806933085225465,66.0,41.0,25.0,0.0,0.07865887198911635,0.19306691477453497
"(0.02, 0.04, 0.02)",0.8,,True,A,,1166948.7694658465,0.06831064597587422,-0.1794563848134959,-0.20006454408307575,0.06646225598281241,0.0690009814396286,0.18462851534001526,0.8177449908125276,67.0,41.0,25.0,1.0,0.07955692415382981,0.18225500918747245
"(0.02, 0.04, 0.02)",0.95,,False,A,,1238661.7898248439,0.07465829295319282,-0.20658305861545434,-0.2137922506737641,0.07213743504395312,0.07681024868765374,0.20504708509808528,0.9484614364631421,75.0,41.0,26.0,8.0,0.09017696226957883,0.05153856353685794
"(0.02, 0.04, 0.02)",0.95,,True,A,,1244073.2419796232,0.07512332607055316,-0.21128370696821058,-0.21880756766755147,0.0735326965423253,0.07669622337143865,0.20614781499947527,0.9555059975185554,77.0,41.0,27.0,9.0,0.09098716553280468,0.044494002481444625
"(0.02, 0.04, 0.04)",0.8,,False,A,,1167762.9170680298,0.06838466428447276,-0.171273405309253,-0.1972951374124257,0.06608569445529955,0.06919151609343495,0.1797586659799421,0.806933085225465,66.0,41.0,25.0,0.0,0.0778921736369933,0.19306691477453497
"(0.02, 0.04, 0.04)",0.8,,True,A,,1166948.7694658465,0.06831064597587422,-0.1794563848134959,-0.20006454408307575,0.06646225598281241,0.0690009814396286,0.18462851534001526,0.8177449908125276,67.0,41.0,25.0,1.0,0.07955692415382981,0.18225500918747245
"(0.02, 0.04, 0.04)",0.95,,False,A,,1246977.0174237383,0.07537274912243852,-0.20436444102800733,-0.21549616893391796,0.07351321023240201,0.07640491692232329,0.20359140429072958,0.9484124032393219,71.0,41.0,26.0,4.0,0.08965127663245806,0.05158759676067815
"(0.02, 0.04, 0.04)",0.95,,True,A,,1252190.830907003,0.07581853696486307,-0.20450153377532215,-0.21789536705472026,0.07355336197279776,0.07750110363490352,0.2050710737253536,0.9554848685085666,73.0,41.0,27.0,5.0,0.09047247825574972,0.04451513149143334
"(0.02, 0.04, 0.08)",0.8,,False,A,,1167762.9170680298,0.06838466428447276,-0.171273405309253,-0.1972951374124257,0.06608569445529955,0.06919151609343495,0.1797586659799421,0.806933085225465,66.0,41.0,25.0,0.0,0.0778921736369933,0.19306691477453497
"(0.02, 0.04, 0.08)",0.8,,True,A,,1166948.7694658465,0.06831064597587422,-0.1794563848134959,-0.20006454408307575,0.06646225598281241,0.0690009814396286,0.18462851534001526,0.8177449908125276,67.0,41.0,25.0,1.0,0.07955692415382981,0.18225500918747245
"(0.02, 0.04, 0.08)",0.95,,False,A,,1234049.2434530063,0.0742601082751636,-0.2121842140480204,-0.22337988152365837,0.07145899322663582,0.07634201857017167,0.20324297062540247,0.9504686609301389,68.0,41.0,25.0,2.0,0.09038817597946816,0.04953133906986097
"(0.02, 0.04, 0.08)",0.95,,True,A,,1237347.8193255852,0.07454500097558603,-0.21303849836622674,-0.22346629839332333,0.07210529133178223,0.0775521228928501,0.2044540232585192,0.9554550751162496,70.0,41.0,26.0,3.0,0.09088909494754441,0.04454492488375038
"(0.02, 0.06, 0)",0.8,,False,A,,1200777.1807335764,0.07134746370688383,-0.1838631384152689,-0.2089413215284409,0.06601179784779147,0.07445584575970281,0.18810727353970447,0.8012497450976424,59.0,42.0,17.0,0.0,0.08328723971787447,0.1987502549023576
"(0.02, 0.06, 0)",0.8,,True,A,,1213371.536904003,0.07245835947727264,-0.1798023149536278,-0.21479874971267382,0.06733361421992734,0.07525760426252785,0.19266569238201156,0.8170758160472262,61.0,41.0,20.0,0.0,0.08472032712992322,0.18292418395277377
"(0.02, 0.06, 0)",0.95,,False,A,,1252459.6731697335,0.07584148300593996,-0.19746452562826922,-0.2273872437336316,0.07442186229234637,0.08149881741182849,0.21216089016468365,0.9438940556616492,62.0,41.0,21.0,0.0,0.0944830529539995,0.05610594433835078
"(0.02, 0.06, 0)",0.95,,True,A,,1267987.9107402095,0.07715907824385382,-0.21604458726235504,-0.24419362831082372,0.07399306649777852,0.0810341707362893,0.2174770549702513,0.955458933390007,64.5,41.0,23.5,0.0,0.09736037246062898,0.04454106660999313
"(0.02, 0.06, 0.02)",0.8,,False,A,,1195830.4407113385,0.07090790117843626,-0.1838631384152689,-0.2089413215284409,0.06585288376747125,0.07472730391534743,0.19013899383867933,0.8057274987195935,60.0,42.0,17.0,0.5,0.08328723971787447,0.19427250128040657
"(0.02, 0.06, 0.02)",0.8,,True,A,,1213371.536904003,0.07245835947727264,-0.1798023149536278,-0.21479874971267382,0.06733361421992734,0.07525760426252785,0.19266569238201156,0.8170758160472262,61.0,41.0,20.0,0.0,0.08472032712992322,0.18292418395277377
"(0.02, 0.06, 0.02)",0.95,,False,A,,1247388.6497261683,0.075407931966613,-0.2208619626622103,-0.24442405196528283,0.07215178844234822,0.08139133532253551,0.21883950083889006,0.9485501794644174,66.0,42.0,20.0,3.5,0.09653490305192097,0.051449820535582516
"(0.02, 0.06, 0.02)",0.95,,True,A,,1267987.9107402095,0.07715907824385382,-0.21604458726235504,-0.24419362831082372,0.07399306649777852,0.0810341707362893,0.2174770549702513,0.955458933390007,64.5,41.0,23.5,0.0,0.09736037246062898,0.04454106660999313
"(0.02, 0.06, 0.04)",0.8,,False,A,,1203301.778460429,0.07157090762722884,-0.1838631384152689,-0.2089413215284409,0.06585288376747125,0.07445584575970281,0.18900815129249637,0.8040296197933131,59.5,42.0,17.0,0.0,0.08328723971787447,0.19597038020668694
"(0.02, 0.06, 0.04)",0.8,,True,A,,1213371.536904003,0.07245835947727264,-0.1798023149536278,-0.21479874971267382,0.06733361421992734,0.07525760426252785,0.19266569238201156,0.8170758160472262,61.0,41.0,20.0,0.0,0.08472032712992322,0.18292418395277377
"(0.02, 0.06, 0.04)",0.95,,False,A,,1253497.7711242917,0.07592940291509553,-0.22791255200491506,-0.25444473015136126,0.07044976105808368,0.08100240992913132,0.21862492355481122,0.9485070448573569,63.5,42.0,20.0,2.0,0.09659949047152824,0.05149295514264302
"(0.02, 0.06, 0.04)",0.95,,True,A,,1267987.9107402095,0.07715907824385382,-0.21604458726235504,-0.24419362831082372,0.07399306649777852,0.0810341707362893,0.2174770549702513,0.955458933390007,64.5,41.0,23.5,0.0,0.09736037246062898,0.04454106660999313
"(0.02, 0.06, 0.08)",0.8,,False,A,,1200777.1807335764,0.07134746370688383,-0.1838631384152689,-0.2089413215284409,0.06601179784779147,0.07445584575970281,0.18810727353970447,0.8012497450976424,59.0,42.0,17.0,0.0,0.08328723971787447,0.1987502549023576
"(0.02, 0.06, 0.08)",0.8,,True,A,,1213371.536904003,0.07245835947727264,-0.1798023149536278,-0.21479874971267382,0.06733361421992734,0.07525760426252785,0.19266569238201156,0.8170758160472262,61.0,41.0,20.0,0.0,0.08472032712992322,0.18292418395277377
"(0.02, 0.06, 0.08)",0.95,,False,A,,1252459.6731697335,0.07584148300593996,-0.19746452562826922,-0.2273872437336316,0.07442186229234637,0.08149881741182849,0.21216089016468365,0.9438940556616492,62.0,41.0,21.0,0.0,0.0944830529539995,0.05610594433835078
"(0.02, 0.06, 0.08)",0.95,,True,A,,1267987.9107402095,0.07715907824385382,-0.21604458726235504,-0.24419362831082372,0.07399306649777852,0.0810341707362893,0.2174770549702513,0.955458933390007,64.5,41.0,23.5,0.0,0.09736037246062898,0.04454106660999313
"(0.02, 0.08, 0)",0.8,,False,A,,1254028.5657632314,0.07596345661059256,-0.17426265176863448,-0.23312530491493083,0.06780997927078333,0.08495170594927029,0.18805007073811386,0.7972876810209065,55.0,41.0,14.0,0.0,0.08698790214740312,0.20271231897909353
"(0.02, 0.08, 0)",0.8,,True,A,,1257707.0994341476,0.07628782864063699,-0.17592187013654065,-0.23362819043007915,0.06898072687452741,0.08330539890958844,0.19553061259284454,0.8171057670134414,57.5,41.0,16.5,0.0,0.08984931949757874,0.1828942329865586
"(0.02, 0.08, 0)",0.95,,False,A,,1346846.0768370042,0.08363388662935545,-0.19299279747353093,-0.2516493491398377,0.0724152699714095,0.08898259996789473,0.21583288764109676,0.9365511870875586,59.0,41.0,18.0,0.0,0.09873066104094896,0.0634488129124414
"(0.02, 0.08, 0)",0.95,,True,A,,1333963.034027678,0.08259828712536854,-0.20334748451626428,-0.25722742758594397,0.07568054304480869,0.08776343262792755,0.22546629235117777,0.9552442390687074,60.5,41.0,19.5,0.0,0.10206178593301168,0.04475576093129262
"(0.02, 0.08, 0.02)",0.8,,False,A,,1229161.6894321544,0.07383667264747129,-0.17599900609686392,-0.2354894690002758,0.06746276302122474,0.08326761939282679,0.1923457806096574,0.8012463565495258,59.0,43.0,13.0,3.0,0.08813100758256344,0.1987536434504742
"(0.02, 0.08, 0.02)",0.8,,True,A,,1257707.0994341476,0.07628782864063699,-0.17592187013654065,-0.23362819043007915,0.06898072687452741,0.08330539890958844,0.19553061259284454,0.8171057670134414,57.5,41.0,16.5,0.0,0.08984931949757874,0.1828942329865586
"(0.02, 0.08, 0.02)",0.95,,False,A,,1316034.4648549613,0.08114270107170019,-0.21962664028393486,-0.25574224824839353,0.07390416698925766,0.08756513289689974,0.22337612966857295,0.9483470366091193,62.0,43.0,16.0,3.5,0.1003385321720687,0.051652963390880685
"(0.02, 0.08, 0.02)",0.95,,True,A,,1333963.034027678,0.08259828712536854,-0.20334748451626428,-0.25722742758594397,0.07568054304480869,0.08776343262792755,0.22546629235117777,0.9552442390687074,60.5,41.0,19.5,0.0,0.10206178593301168,0.04475576093129262
"(0.02, 0.08, 0.04)",0.8,,False,A,,1241946.114279325,0.07493824357360457,-0.17617958517618187,-0.22894643460637243,0.06769350414918032,0.08482481372559705,0.1930970018113765,0.8012414086341466,57.0,42.0,13.5,1.0,0.08785550225767552,0.1987585913658535
"(0.02, 0.08, 0.04)",0.8,,True,A,,1257707.0994341476,0.07628782864063699,-0.17592187013654065,-0.23362819043007915,0.06898072687452741,0.08330539890958844,0.19553061259284454,0.8171057670134414,57.5,41.0,16.5,0.0,0.08984931949757874,0.1828942329865586
"(0.02, 0.08, 0.04)",0.95,,False,A,,1318816.5995391964,0.0813717509329902,-0.22012699763883625,-0.25933738239310156,0.0748111655769296,0.08676625901554802,0.22242845553493312,0.9483805094547391,60.5,43.0,16.0,1.0,0.10031320615125196,0.051619490545260986
"(0.02, 0.08, 0.04)",0.95,,True,A,,1333963.034027678,0.08259828712536854,-0.20334748451626428,-0.25722742758594397,0.07568054304480869,0.08776343262792755,0.22546629235117777,0.9552442390687074,60.5,41.0,19.5,0.0,0.10206178593301168,0.04475576093129262
"(0.02, 0.08, 0.08)",0.8,,False,A,,1254028.5657632314,0.07596345661059256,-0.17426265176863448,-0.23312530491493083,0.06780997927078333,0.08495170594927029,0.18805007073811386,0.7972876810209065,55.0,41.0,14.0,0.0,0.08698790214740312,0.20271231897909353
"(0.02, 0.08, 0.08)",0.8,,True,A,,1257707.0994341476,0.07628782864063699,-0.17592187013654065,-0.23362819043007915,0.06898072687452741,0.08330539890958844,0.19553061259284454,0.8171057670134414,57.5,41.0,16.5,0.0,0.08984931949757874,0.1828942329865586
"(0.02, 0.08, 0.08)",0.95,,False,A,,1346846.0768370042,0.08363388662935545,-0.19299279747353093,-0.2516493491398377,0.0724152699714095,0.08898259996789473,0.21583288764109676,0.9365511870875586,59.0,41.0,18.0,0.0,0.09873066104094896,0.0634488129124414
"(0.02, 0.08, 0.08)",0.95,,True,A,,1333963.034027678,0.08259828712536854,-0.20334748451626428,-0.25722742758594397,0.07568054304480869,0.08776343262792755,0.22546629235117777,0.9552442390687074,60.5,41.0,19.5,0.0,0.10206178593301168,0.04475576093129262
"(0.02, 0.1, 0)",0.8,,False,A,,1297311.217713817,0.0796017540530023,-0.18693807243371885,-0.22625886347006738,0.07005868049200385,0.0872077257691789,0.19510609746773966,0.8004787041809274,55.0,43.0,12.0,0.0,0.09195929217240048,0.19952129581907269
"(0.02, 0.1, 0)",0.8,,True,A,,1323576.084616851,0.08175974454495605,-0.19176782309692003,-0.236623881514265,0.07271607695991847,0.09040930450806066,0.1986761615132584,0.8168956577940785,56.0,41.0,15.0,0.0,0.09489987658825116,0.18310434220592156
"(0.02, 0.1, 0)",0.95,,False,A,,1368404.6924211467,0.08532929395111799,-0.20702981270113713,-0.27816548705274835,0.07711225894879362,0.09604331699810846,0.2174780436988562,0.940598584961155,56.5,41.5,15.0,0.0,0.10391243569846954,0.05940141503884494
"(0.02, 0.1, 0)",0.95,,True,A,,1387058.2532830164,0.0868049538933795,-0.20187660098867394,-0.27680294060379546,0.07742804273735152,0.09597380286979824,0.22803070869602038,0.9552678966580491,57.5,41.0,16.5,0.0,0.1071074233219818,0.04473210334195083
"(0.02, 0.1, 0.02)",0.8,,False,A,,1277418.544807661,0.07795173085468243,-0.18693807243371885,-0.22625886347006738,0.0683879404008882,0.08667019423642551,0.19608181855717727,0.8019734304010946,55.5,43.0,12.0,1.0,0.09257072665447565,0.1980265695989054
"(0.02, 0.1, 0.02)",0.8,,True,A,,1323576.084616851,0.08175974454495605,-0.19176782309692003,-0.236623881514265,0.07271607695991847,0.09040930450806066,0.1986761615132584,0.8168956577940785,56.0,41.0,15.0,0.0,0.09489987658825116,0.18310434220592156
"(0.02, 0.1, 0.02)",0.95,,False,A,,1371518.6959563042,0.08558283145799894,-0.2064299277559153,-0.27211303538260034,0.07733376752652524,0.09707137014809164,0.2246401195042806,0.9483218175482894,60.0,42.0,14.5,4.0,0.10622563582191585,0.0516781824517106
"(0.02, 0.1, 0.02)",0.95,,True,A,,1387058.2532830164,0.0868049538933795,-0.20187660098867394,-0.27680294060379546,0.07742804273735152,0.09597380286979824,0.22803070869602038,0.9552678966580491,57.5,41.0,16.5,0.0,0.1071074233219818,0.04473210334195083
"(0.02, 0.1, 0.04)",0.8,,False,A,,1297311.217713817,0.0796017540530023,-0.18693807243371885,-0.22625886347006738,0.06837817938309346,0.08733177100881635,0.1959353424542949,0.8011399341849237,55.0,43.0,12.0,0.0,0.09304670626971899,0.19886006581507643
"(0.02, 0.1, 0.04)",0.8,,True,A,,1323576.084616851,0.08175974454495605,-0.19176782309692003,-0.236623881514265,0.07271607695991847,0.09040930450806066,0.1986761615132584,0.8168956577940785,56.0,41.0,15.0,0.0,0.09489987658825116,0.18310434220592156
"(0.02, 0.1, 0.04)",0.95,,False,A,,1375839.3986076755,0.08592912495015514,-0.2063358349410358,-0.27346520116938366,0.0748598613291122,0.09643426839524213,0.2227797711531925,0.9471105517310001,57.5,41.0,14.0,1.0,0.10562894045650459,0.05288944826899985
"(0.02, 0.1, 0.04)",0.95,,True,A,,1387058.2532830164,0.0868049538933795,-0.20187660098867394,-0.27680294060379546,0.07742804273735152,0.09597380286979824,0.22803070869602038,0.9552678966580491,57.5,41.0,16.5,0.0,0.1071074233219818,0.04473210334195083
"(0.02, 0.1, 0.08)",0.8,,False,A,,1301774.2511230735,0.07997338883360416,-0.18693807243371885,-0.22625886347006738,0.0673969108655605,0.0872077257691789,0.19658735770928412,0.8011399341849237,55.0,43.0,12.0,0.0,0.09256224613927305,0.19886006581507643
"(0.02, 0.1, 0.08)",0.8,,True,A,,1323576.084616851,0.08175974454495605,-0.19176782309692003,-0.236623881514265,0.07271607695991847,0.09040930450806066,0.1986761615132584,0.8168956577940785,56.0,41.0,15.0,0.0,0.09489987658825116,0.18310434220592156
"(0.02, 0.1, 0.08)",0.95,,False,A,,1368404.6924211467,0.08532929395111799,-0.20702981270113713,-0.27816548705274835,0.07711225894879362,0.09604331699810846,0.2174780436988562,0.940598584961155,56.5,41.5,15.0,0.0,0.10391243569846954,0.05940141503884494
"(0.02, 0.1, 0.08)",0.95,,True,A,,1387058.2532830164,0.0868049538933795,-0.20187660098867394,-0.27680294060379546,0.07742804273735152,0.09597380286979824,0.22803070869602038,0.9552678966580491,57.5,41.0,16.5,0.0,0.1071074233219818,0.04473210334195083
"(0.02, 0.12, 0)",0.8,,False,A,,1311860.6278244066,0.08080464629001216,-0.18347844858061596,-0.225064431984274,0.07604403535342714,0.0920626805882155,0.19813481711855302,0.8006699248934241,54.0,43.0,11.0,0.0,0.09755370157264559,0.1993300751065759
"(0.02, 0.12, 0)",0.8,,True,A,,1372929.1533833905,0.08569543050469253,-0.19308290316733057,-0.23758099656797357,0.07715764778828,0.09489144480050755,0.20014798548659257,0.816972364903885,54.5,41.0,13.5,0.0,0.10043100682270786,0.18302763509611497
"(0.02, 0.12, 0)",0.95,,False,A,,1400688.857644881,0.08786169255453513,-0.22598315129364555,-0.27247742650318707,0.07889290324015634,0.1024459853863949,0.22247948024490155,0.9452317792530183,53.0,40.0,13.0,0.0,0.1102368806029104,0.05476822074698169
"(0.02, 0.12, 0)",0.95,,True,A,,1427913.861907137,0.08994381395327677,-0.2220931433865717,-0.28255734517936065,0.0809178343296378,0.10339355904304622,0.23131646887449386,0.9550747130612683,56.0,41.0,15.0,0.0,0.11165728631044636,0.044925286938731684
"(0.02, 0.12, 0.02)",0.8,,False,A,,1312016.1359609836,0.08081751820203686,-0.18347844858061596,-0.225064431984274,0.07470471671322573,0.09176517727178642,0.19815044209598,0.807083749850097,55.0,42.0,11.0,2.0,0.09832120457801755,0.192916250149903
"(0.02, 0.12, 0.02)",0.8,,True,A,,1372929.1533833905,0.08569543050469253,-0.19308290316733057,-0.23758099656797357,0.07715764778828,0.09489144480050755,0.20014798548659257,0.816972364903885,54.5,41.0,13.5,0.0,0.10043100682270786,0.18302763509611497
"(0.02, 0.12, 0.02)",0.95,,False,A,,1429495.0017037152,0.09005707581976607,-0.21921637080375417,-0.26845286141391506,0.07741096583058013,0.09816723217270791,0.22553717231242615,0.9480793598385642,59.0,43.0,12.0,4.0,0.10836580063997972,0.05192064016143577
"(0.02, 0.12, 0.02)",0.95,,True,A,,1427913.861907137,0.08994381395327677,-0.2220931433865717,-0.28255734517936065,0.0809178343296378,0.10339355904304622,0.23131646887449386,0.9550747130612683,56.0,41.0,15.0,0.0,0.11165728631044636,0.044925286938731684
"(0.02, 0.12, 0.04)",0.8,,False,A,,1300671.5489070574,0.07988531007921063,-0.18347844858061596,-0.225064431984274,0.07555043402142211,0.09157238934424075,0.19801968538478798,0.8073874111444517,54.0,42.0,11.0,1.0,0.09849338920412276,0.19261258885554827
"(0.02, 0.12, 0.04)",0.8,,True,A,,1372929.1533833905,0.08569543050469253,-0.19308290316733057,-0.23758099656797357,0.07715764778828,0.09489144480050755,0.20014798548659257,0.816972364903885,54.5,41.0,13.5,0.0,0.10043100682270786,0.18302763509611497
"(0.02, 0.12, 0.04)",0.95,,False,A,,1444541.5217674212,0.0911966506504499,-0.22264510968598122,-0.2707988453920125,0.07721969042466115,0.09905368920114102,0.22512535751156454,0.9483024354571319,56.0,43.0,12.0,1.5,0.10959141498822889,0.05169756454286806
"(0.02, 0.12, 0.04)",0.95,,True,A,,1427913.861907137,0.08994381395327677,-0.2220931433865717,-0.28255734517936065,0.0809178343296378,0.10339355904304622,0.23131646887449386,0.9550747130612683,56.0,41.0,15.0,0.0,0.11165728631044636,0.044925286938731684
"(0.02, 0.12, 0.08)",0.8,,False,A,,1311860.6278244066,0.08080464629001216,-0.18347844858061596,-0.225064431984274,0.07555043402142211,0.09369076552162976,0.19813481711855302,0.8020199962320744,54.0,43.0,11.0,0.0,0.09755370157264559,0.19798000376792568
"(0.02, 0.12, 0.08)",0.8,,True,A,,1372929.1533833905,0.08569543050469253,-0.19308290316733057,-0.23758099656797357,0.07715764778828,0.09489144480050755,0.20014798548659257,0.816972364903885,54.5,41.0,13.5,0.0,0.10043100682270786,0.18302763509611497
"(0.02, 0.12, 0.08)",0.95,,False,A,,1400688.857644881,0.08786169255453513,-0.22598315129364555,-0.27247742650318707,0.07578014594580892,0.1024459853863949,0.22247948024490155,0.945281869842538,54.0,40.0,13.0,0.0,0.1102368806029104,0.054718130157461964
"(0.02, 0.12, 0.08)",0.95,,True,A,,1427913.861907137,0.08994381395327677,-0.2220931433865717,-0.28255734517936065,0.0809178343296378,0.10339355904304622,0.23131646887449386,0.9550747130612683,56.0,41.0,15.0,0.0,0.11165728631044636,0.044925286938731684
"(0.02, 0.15, 0)",0.8,,False,A,,1306179.190146703,0.08033676110041377,-0.18173898708823805,-0.23261247730158374,0.0725832169208567,0.08965386010211925,0.1932319301253088,0.8006523122320285,51.0,43.0,8.5,0.0,0.09862822353088191,0.19934768776797157
"(0.02, 0.15, 0)",0.8,,True,A,,1377078.2881754672,0.08602625570859757,-0.20611811591949564,-0.23707112828988053,0.07680897091016299,0.09405105563260883,0.2036874936579772,0.8197075685175469,50.0,38.0,12.0,0.0,0.1047534947827561,0.18029243148245302
"(0.02, 0.15, 0)",0.95,,False,A,,1446646.3459029517,0.09135262511996678,-0.22911308750578013,-0.26388687098705393,0.0846341985984067,0.10825060558801643,0.22733669884891528,0.9392524384368817,54.0,43.0,11.0,0.0,0.11865337164621285,0.06074756156311829
"(0.02, 0.15, 0)",0.95,,True,A,,1558277.5220257887,0.09944363282853907,-0.2336703030824837,-0.285730675913438,0.08683456739233267,0.10884372509536934,0.23367895452346338,0.9551524048195699,54.5,41.0,13.5,0.0,0.12002102024016052,0.04484759518043009
"(0.02, 0.15, 0.02)",0.8,,False,A,,1304917.8032519394,0.08023307904035659,-0.18173898708823805,-0.23261247730158374,0.07248656455464741,0.08955781115663941,0.19526225409072157,0.8008729080520038,53.0,43.0,8.5,2.0,0.09896860624411105,0.1991270919479961
"(0.02, 0.15, 0.02)",0.8,,True,A,,1377078.2881754672,0.08602625570859757,-0.20611811591949564,-0.23707112828988053,0.07680897091016299,0.09405105563260883,0.2036874936579772,0.8197075685175469,50.0,38.0,12.0,0.0,0.1047534947827561,0.18029243148245302
"(0.02, 0.15, 0.02)",0.95,,False,A,,1445343.4094814358,0.09125493000645468,-0.22911308750578013,-0.26388687098705393,0.08486608748125116,0.10824121041644698,0.22954517287020196,0.9397158582169961,56.0,42.5,11.0,2.0,0.11903269881959704,0.06028414178300387
"(0.02, 0.15, 0.02)",0.95,,True,A,,1558277.5220257887,0.09944363282853907,-0.2336703030824837,-0.285730675913438,0.08683456739233267,0.10884372509536934,0.23367895452346338,0.9551524048195699,54.5,41.0,13.5,0.0,0.12002102024016052,0.04484759518043009
"(0.02, 0.15, 0.04)",0.8,,False,A,,1292413.7498626981,0.07920175563718068,-0.18173898708823805,-0.23261247730158374,0.0712279878127903,0.09076038506673885,0.19368071569389406,0.8006523122320285,52.0,43.0,8.0,1.0,0.09889747593025697,0.19934768776797157
"(0.02, 0.15, 0.04)",0.8,,True,A,,1377078.2881754672,0.08602625570859757,-0.20611811591949564,-0.23707112828988053,0.07680897091016299,0.09405105563260883,0.2036874936579772,0.8197075685175469,50.0,38.0,12.0,0.0,0.1047534947827561,0.18029243148245302
"(0.02, 0.15, 0.04)",0.95,,False,A,,1435727.612418775,0.0905346522935373,-0.22911308750578013,-0.26388687098705393,0.08446765579154156,0.10815186024695989,0.23162848820271742,0.9468255666244678,56.0,43.0,11.0,1.5,0.11893327128388442,0.05317443337553219
"(0.02, 0.15, 0.04)",0.95,,True,A,,1558277.5220257887,0.09944363282853907,-0.2336703030824837,-0.285730675913438,0.08683456739233267,0.10884372509536934,0.23367895452346338,0.9551524048195699,54.5,41.0,13.5,0.0,0.12002102024016052,0.04484759518043009
"(0.02, 0.15, 0.08)",0.8,,False,A,,1306179.190146703,0.08033676110041377,-0.18173898708823805,-0.23261247730158374,0.0725832169208567,0.08965386010211925,0.1932319301253088,0.8006523122320285,51.0,43.0,8.0,0.0,0.09862822353088191,0.19934768776797157
"(0.02, 0.15, 0.08)",0.8,,True,A,,1377078.2881754672,0.08602625570859757,-0.20611811591949564,-0.23707112828988053,0.07680897091016299,0.09405105563260883,0.2036874936579772,0.8197075685175469,50.0,38.0,12.0,0.0,0.1047534947827561,0.18029243148245302
"(0.02, 0.15, 0.08)",0.95,,False,A,,1465170.387784205,0.09273491460334515,-0.22911308750578013,-0.26388687098705393,0.08410750168380224,0.10825060558801643,0.2319835198828165,0.9468255666244678,55.0,43.0,11.0,0.5,0.1188837974657793,0.05317443337553219
"(0.02, 0.15, 0.08)",0.95,,True,A,,1558277.5220257887,0.09944363282853907,-0.2336703030824837,-0.285730675913438,0.08683456739233267,0.10884372509536934,0.23367895452346338,0.9551524048195699,54.5,41.0,13.5,0.0,0.12002102024016052,0.04484759518043009
"(0.02, 0.2, 0)",0.8,,False,A,,1282904.0748361028,0.07841115537136534,-0.18820173432749637,-0.2423495460843977,0.06449023864590334,0.09135927540132126,0.18313929468771972,0.8024149469489945,49.0,43.0,6.0,0.0,0.09845046551097164,0.19758505305100543
"(0.02, 0.2, 0)",0.8,,True,A,,1388383.5338233705,0.08690864468187631,-0.2006382957930135,-0.24406354097564195,0.07477512964037651,0.09974371072356102,0.20025497098358705,0.8225504367705622,46.0,37.0,9.5,0.0,0.1063444282766352,0.17744956322943795
"(0.02, 0.2, 0)",0.95,,False,A,,1516577.9400503244,0.09648559886016084,-0.2078939529552632,-0.24889363611293996,0.08388817659615382,0.1081310189021893,0.22161679644264648,0.9543724621132796,50.0,42.0,8.0,0.0,0.11582205951993438,0.04562753788672033
"(0.02, 0.2, 0)",0.95,,True,A,,1546565.351393356,0.09860653661705077,-0.2460935751987851,-0.289269962322764,0.08583476403041626,0.10809018285232154,0.2377508484778448,0.9561538114893986,49.0,38.0,11.0,0.0,0.12554312434244508,0.04384618851060136
"(0.02, 0.2, 0.02)",0.8,,False,A,,1282904.0748361028,0.07841115537136534,-0.18820173432749637,-0.2423495460843977,0.06449023864590334,0.09126215246504392,0.1862815124713485,0.8024149469489945,51.0,43.0,6.0,2.0,0.09927088363854794,0.19758505305100543
"(0.02, 0.2, 0.02)",0.8,,True,A,,1388383.5338233705,0.08690864468187631,-0.2006382957930135,-0.24406354097564195,0.07477512964037651,0.09974371072356102,0.20025497098358705,0.8225504367705622,46.0,37.0,9.5,0.0,0.1063444282766352,0.17744956322943795
"(0.02, 0.2, 0.02)",0.95,,False,A,,1564480.9033611654,0.09987776433091744,-0.22581688735865857,-0.2719380323096294,0.08809107920261079,0.11283269623577637,0.2328739971210152,0.9543724621132796,56.5,40.0,8.0,8.0,0.12186722316553684,0.04562753788672033
"(0.02, 0.2, 0.02)",0.95,,True,A,,1546565.351393356,0.09860653661705077,-0.2460935751987851,-0.289269962322764,0.08583476403041626,0.10809018285232154,0.2377508484778448,0.9561538114893986,49.0,38.0,11.0,0.0,0.12554312434244508,0.04384618851060136
"(0.02, 0.2, 0.04)",0.8,,False,A,,1282904.0748361028,0.07841115537136534,-0.18820173432749637,-0.2423495460843977,0.06449023864590334,0.09116492880347464,0.18864956617860257,0.8024149469489945,51.0,42.5,6.0,2.0,0.09989023391027832,0.19758505305100543
"(0.02, 0.2, 0.04)",0.8,,True,A,,1388383.5338233705,0.08690864468187631,-0.2006382957930135,-0.24406354097564195,0.07477512964037651,0.09974371072356102,0.20025497098358705,0.8225504367705622,46.0,37.0,9.5,0.0,0.1063444282766352,0.17744956322943795
"(0.02, 0.2, 0.04)",0.95,,False,A,,1564643.483150289,0.09988949382533419,-0.22779853840003428,-0.26513696787383517,0.08550006565437714,0.11247936716117075,0.23046290018297855,0.9543724621132796,54.0,41.0,8.0,4.0,0.12095799896553161,0.04562753788672033
"(0.02, 0.2, 0.04)",0.95,,True,A,,1546565.351393356,0.09860653661705077,-0.2460935751987851,-0.289269962322764,0.08583476403041626,0.10809018285232154,0.2377508484778448,0.9561538114893986,49.0,38.0,11.0,0.0,0.12554312434244508,0.04384618851060136
"(0.02, 0.2, 0.08)",0.8,,False,A,,1282904.0748361028,0.07841115537136534,-0.18820173432749637,-0.2423495460843977,0.06449023864590334,0.08871731167667081,0.18864956617860257,0.8024149469489945,50.0,42.5,6.0,1.0,0.09978132660615519,0.19758505305100543
"(0.02, 0.2, 0.08)",0.8,,True,A,,1388383.5338233705,0.08690864468187631,-0.2006382957930135,-0.24406354097564195,0.07477512964037651,0.09974371072356102,0.20025497098358705,0.8225504367705622,46.0,37.0,9.5,0.0,0.1063444282766352,0.17744956322943795
"(0.02, 0.2, 0.08)",0.95,,False,A,,1539989.6452819982,0.0981536606664486,-0.23068810111940818,-0.2770443148037983,0.08439106823549011,0.11114173031226067,0.2265504056111091,0.9543724621132796,51.5,41.0,8.0,2.0,0.11933628681449764,0.04562753788672033
"(0.02, 0.2, 0.08)",0.95,,True,A,,1546565.351393356,0.09860653661705077,-0.2460935751987851,-0.289269962322764,0.08583476403041626,0.10809018285232154,0.2377508484778448,0.9561538114893986,49.0,38.0,11.0,0.0,0.12554312434244508,0.04384618851060136
"(0.03, 0.03, 0)",0.8,,False,A,,1177278.4942678555,0.06924628531898891,-0.16593721778243792,-0.18565584570970312,0.06879380570324023,0.07111628688286957,0.19056274874606605,0.8098930848789556,65.5,41.0,24.5,0.0,0.0774035703845268,0.19010691512104444
"(0.03, 0.03, 0)",0.8,,True,A,,1192754.3021527813,0.07063429074111904,-0.167744775906003,-0.18155322062595858,0.06905469927558767,0.07109180134620682,0.1929152434555863,0.8113741263209362,67.0,41.0,26.0,0.0,0.07831305993654245,0.18862587367906372
"(0.03, 0.03, 0)",0.95,,False,A,,1239198.4686928056,0.07470453848917313,-0.18924263347574416,-0.1892491498980582,0.07292131749870627,0.07488001842301402,0.20598463753488083,0.9401724233648157,70.0,41.0,29.0,0.0,0.08449240504956076,0.059827576635184225
"(0.03, 0.03, 0)",0.95,,True,A,,1248923.5587596335,0.07553938230019241,-0.19091275211242642,-0.1909161830638517,0.0738296755071685,0.075655440806353,0.2080630640768594,0.9537147188528861,72.0,41.0,31.0,0.0,0.08562938284358251,0.046285281147114
"(0.03, 0.03, 0.02)",0.8,,False,A,,1179129.010772098,0.06941311661127259,-0.18313694827066507,-0.18951160166693598,0.06787026066586994,0.07037594242636351,0.1945855172938314,0.8011512589938555,66.0,41.0,23.0,3.0,0.07967350162847868,0.19884874100614447
"(0.03, 0.03, 0.02)",0.8,,True,A,,1189363.6838698024,0.07033156623075343,-0.18694906096004843,-0.19259671732967398,0.06917804572480668,0.07161121493220471,0.1957357278526723,0.8156536869335452,68.0,41.0,23.0,4.0,0.08026515816171101,0.18434631306645474
"(0.03, 0.03, 0.02)",0.95,,False,A,,1267711.6027171395,0.07713571541986508,-0.20532295065973188,-0.2254478097655116,0.07477419834720603,0.07980087657663251,0.21730827521718182,0.9502283094673555,76.5,41.0,24.5,11.0,0.09086660232109892,0.04977169053264449
"(0.03, 0.03, 0.02)",0.95,,True,A,,1270355.0658671777,0.07735869496751879,-0.20958479662533497,-0.2304809773514248,0.07534311982599584,0.0799922171038618,0.2185401340056779,0.9526979913218626,77.5,41.0,25.5,11.0,0.09128246274968539,0.04730200867813732
"(0.03, 0.03, 0.04)",0.8,,False,A,,1174935.9922144155,0.06903475756402722,-0.18214128956055586,-0.18988668336233966,0.06705827770364936,0.07053255021020104,0.19434804477580195,0.7982393466152644,64.0,40.0,23.0,1.0,0.07948525848049562,0.20176065338473553
"(0.03, 0.03, 0.04)",0.8,,True,A,,1180817.6228450534,0.06956498420022827,-0.1893278523633139,-0.19573151651181428,0.06812237491587556,0.07138662234869886,0.19717113558238408,0.8156665656447277,65.0,41.0,22.0,2.0,0.08036553105993813,0.18433343435527222
"(0.03, 0.03, 0.04)",0.95,,False,A,,1280305.3288431633,0.07819381807067438,-0.20144585353897482,-0.23370370598966977,0.07419617861866419,0.07907170358280145,0.21494604374110768,0.9451557991182747,72.0,41.0,26.0,5.0,0.0896194192605323,0.05484420088172525
"(0.03, 0.03, 0.04)",0.95,,True,A,,1290873.8810749697,0.0790748120070448,-0.20572892307683294,-0.23304078438394482,0.07458747529824974,0.08044865430715609,0.21766369266530733,0.9550174669723023,74.0,41.0,27.0,6.0,0.09118634868573326,0.04498253302769772
"(0.03, 0.03, 0.08)",0.8,,False,A,,1177278.4942678555,0.06924628531898891,-0.16593721778243792,-0.18565584570970312,0.06879380570324023,0.07111628688286957,0.19056274874606605,0.8098930848789556,65.5,41.0,24.5,0.0,0.0774035703845268,0.19010691512104444
"(0.03, 0.03, 0.08)",0.8,,True,A,,1176454.173560909,0.06917189246391475,-0.19413104037110246,-0.20079728310072412,0.06795160319675779,0.07289582430695306,0.19571213910684626,0.8159862019287794,64.0,41.0,22.0,1.0,0.080501181368323,0.18401379807122065
"(0.03, 0.03, 0.08)",0.95,,False,A,,1247304.0710575231,0.07540068432034519,-0.20507551231929055,-0.21894006913555736,0.07328556845244949,0.07897305764461082,0.21290503208081432,0.9450762019218355,67.0,41.0,24.0,2.0,0.08920058724211571,0.054923798078164485
"(0.03, 0.03, 0.08)",0.95,,True,A,,1285514.0713231245,0.07862891954624662,-0.20682464814043827,-0.237651019400811,0.07373190554092615,0.08210829555251833,0.21769919676655813,0.9549515788576717,70.0,41.0,26.0,3.0,0.09170758813957025,0.04504842114232829
"(0.03, 0.04, 0)",0.8,,False,A,,1172075.3775308346,0.06877593018000039,-0.18759455871044262,-0.19811169280942212,0.06680777444937232,0.06972135743495003,0.19857101894666992,0.8105721413529563,59.0,40.0,19.0,0.0,0.08225613958982414,0.18942785864704373
"(0.03, 0.04, 0)",0.8,,True,A,,1187799.6315219596,0.0701916474200085,-0.19049286198919418,-0.1994073036556521,0.06804152980041892,0.07232601871285475,0.20037718531954468,0.8107133101939709,61.0,41.0,20.0,0.0,0.08311833549168082,0.18928668980602917
"(0.03, 0.04, 0)",0.95,,False,A,,1269727.7389188618,0.07730584012896236,-0.1979847817724975,-0.22114458761342426,0.07516303564154432,0.07791040272614673,0.22201958490444795,0.9483702100257583,66.0,42.0,24.0,0.0,0.09156400065652812,0.05162978997424168
"(0.03, 0.04, 0)",0.95,,True,A,,1281933.9475842156,0.07833015337170446,-0.20147499625426285,-0.20751807240344233,0.07606732701595084,0.07865429722829949,0.22100714735090746,0.953523127090891,67.0,41.0,26.0,0.0,0.09208490717463678,0.04647687290910904
"(0.03, 0.04, 0.02)",0.8,,False,A,,1167583.501619829,0.06836835552243914,-0.18759455871044262,-0.19811169280942212,0.06638723462163665,0.06972135743495003,0.19826786245877667,0.8105721413529563,59.0,40.0,18.0,1.0,0.08233077210003774,0.18942785864704373
"(0.03, 0.04, 0.02)",0.8,,True,A,,1187799.6315219596,0.0701916474200085,-0.19049286198919418,-0.1994073036556521,0.06804152980041892,0.07232601871285475,0.20037718531954468,0.8107133101939709,61.0,41.0,20.0,0.0,0.08311833549168082,0.18928668980602917
"(0.03, 0.04, 0.02)",0.95,,False,A,,1268940.4364981223,0.07723942226717251,-0.21470155244763628,-0.22270999010498488,0.07499474823419354,0.07907005432864374,0.22333883280781341,0.9429400330094825,67.5,41.0,23.0,3.0,0.09391039194221178,0.057059966990517554
"(0.03, 0.04, 0.02)",0.95,,True,A,,1284164.614671785,0.07851638519947302,-0.2124533136805516,-0.2246102261815536,0.07677662309275486,0.07991399803263215,0.22397208807422075,0.954877080874202,69.5,41.0,24.5,4.0,0.09402884874753842,0.045122919125798085
"(0.03, 0.04, 0.04)",0.8,,False,A,,1172075.3775308346,0.06877593018000039,-0.18759455871044262,-0.19811169280942212,0.06680777444937232,0.06972135743495003,0.19857101894666992,0.8105721413529563,59.0,40.0,19.0,0.0,0.08225613958982414,0.18942785864704373
"(0.03, 0.04, 0.04)",0.8,,True,A,,1187799.6315219596,0.0701916474200085,-0.19049286198919418,-0.1994073036556521,0.06804152980041892,0.07232601871285475,0.20037718531954468,0.8107133101939709,61.0,41.0,20.0,0.0,0.08311833549168082,0.18928668980602917
"(0.03, 0.04, 0.04)",0.95,,False,A,,1257079.9114411129,0.07623506660758295,-0.2168444744891979,-0.2254561991449099,0.07426306747590405,0.07929514472122864,0.22394574576884807,0.9478694696466547,65.0,41.0,23.0,1.0,0.09313784507195313,0.05213053035334535
"(0.03, 0.04, 0.04)",0.95,,True,A,,1279385.226420569,0.07811699923949056,-0.21566344024360456,-0.2321442434897794,0.07598818796443658,0.07972947884286141,0.22274005590196863,0.9548939384098996,67.0,41.0,24.0,2.0,0.09448047769929643,0.045106061590100464
"(0.03, 0.04, 0.08)",0.8,,False,A,,1172075.3775308346,0.06877593018000039,-0.18759455871044262,-0.19811169280942212,0.06680777444937232,0.06972135743495003,0.19857101894666992,0.8105721413529563,59.0,40.0,19.0,0.0,0.08225613958982414,0.18942785864704373
"(0.03, 0.04, 0.08)",0.8,,True,A,,1187799.6315219596,0.0701916474200085,-0.19049286198919418,-0.1994073036556521,0.06804152980041892,0.07232601871285475,0.20037718531954468,0.8107133101939709,61.0,41.0,20.0,0.0,0.08311833549168082,0.18928668980602917
"(0.03, 0.04, 0.08)",0.95,,False,A,,1269727.7389188618,0.07730584012896236,-0.1979847817724975,-0.22114458761342426,0.07516303564154432,0.07791040272614673,0.22201958490444795,0.9483702100257583,66.0,42.0,24.0,0.0,0.09156400065652812,0.05162978997424168
"(0.03, 0.04, 0.08)",0.95,,True,A,,1259969.1331348692,0.07648051884635532,-0.22195243824982863,-0.23541580274653628,0.0757209083101105,0.08009082735959894,0.22405319749733105,0.9549963273080195,65.0,41.0,23.0,1.0,0.09417262481400246,0.045003672691980565
"(0.03, 0.06, 0)",0.8,,False,A,,1229609.2215335,0.07387539247061403,-0.1760874245554344,-0.21239751655679814,0.06847322094858285,0.07962622979804956,0.19824791266822353,0.7953708038666885,55.0,41.0,14.5,0.0,0.08511906617878959,0.20462919613331154
"(0.03, 0.06, 0)",0.8,,True,A,,1242573.7880912814,0.07499475448104087,-0.1832987825080521,-0.21669057729769314,0.07097129181009557,0.07893403540282216,0.20377832693262926,0.8150678248032261,57.0,41.0,16.0,0.0,0.08762191003827749,0.1849321751967738
"(0.03, 0.06, 0)",0.95,,False,A,,1280090.8349154633,0.0781760435329889,-0.21841691230396826,-0.24915864202739538,0.07670213481403013,0.08101615994033454,0.22930725379664674,0.9412079629400448,59.0,42.0,17.0,0.0,0.09808497968195823,0.05879203705995523
"(0.03, 0.06, 0)",0.95,,True,A,,1312440.4869825798,0.08085217418868051,-0.22310586683868827,-0.25215589519809656,0.07667910505927197,0.08351114713227614,0.2334677895123229,0.9547002946454252,61.0,41.0,20.0,0.0,0.10013481274635985,0.045299705354574796
"(0.03, 0.06, 0.02)",0.8,,False,A,,1215395.72147384,0.072635911965229,-0.17974631317215178,-0.21563982152915973,0.0705771922788179,0.07675276020645494,0.20184547346080522,0.8098813150804034,56.0,40.0,13.5,3.0,0.08655853615268304,0.19011868491959666
"(0.03, 0.06, 0.02)",0.8,,True,A,,1242573.7880912814,0.07499475448104087,-0.1832987825080521,-0.21669057729769314,0.07097129181009557,0.07893403540282216,0.20377832693262926,0.8150678248032261,57.0,41.0,16.0,0.0,0.08762191003827749,0.1849321751967738
"(0.03, 0.06, 0.02)",0.95,,False,A,,1279648.3569800514,0.07813902333398226,-0.21841691230396826,-0.24915864202739538,0.07442945520765225,0.08105953358182474,0.22977035862481254,0.9468149651172496,60.0,42.0,17.0,2.0,0.09869188540033041,0.05318503488275041
"(0.03, 0.06, 0.02)",0.95,,True,A,,1312440.4869825798,0.08085217418868051,-0.22310586683868827,-0.25215589519809656,0.07667910505927197,0.08351114713227614,0.2334677895123229,0.9547002946454252,61.0,41.0,20.0,0.0,0.10013481274635985,0.045299705354574796
"(0.03, 0.06, 0.04)",0.8,,False,A,,1224091.7675516722,0.07339592550990237,-0.17737469962565144,-0.22110665742253924,0.07061699716046752,0.07572496612132243,0.20084518808464713,0.8100544292398273,55.0,40.5,13.0,1.0,0.08626473377296884,0.1899455707601728
"(0.03, 0.06, 0.04)",0.8,,True,A,,1242573.7880912814,0.07499475448104087,-0.1832987825080521,-0.21669057729769314,0.07097129181009557,0.07893403540282216,0.20377832693262926,0.8150678248032261,57.0,41.0,16.0,0.0,0.08762191003827749,0.1849321751967738
"(0.03, 0.06, 0.04)",0.95,,False,A,,1282975.4097042568,0.07841713697061148,-0.21841691230396826,-0.24915864202739538,0.07332084361955762,0.08112188998265564,0.2296952561605482,0.9455776117065264,59.0,42.0,17.0,1.0,0.09867568350593085,0.05442238829347351
"(0.03, 0.06, 0.04)",0.95,,True,A,,1312440.4869825798,0.08085217418868051,-0.22310586683868827,-0.25215589519809656,0.07667910505927197,0.08351114713227614,0.2334677895123229,0.9547002946454252,61.0,41.0,20.0,0.0,0.10013481274635985,0.045299705354574796
"(0.03, 0.06, 0.08)",0.8,,False,A,,1229609.2215335,0.07387539247061403,-0.1760874245554344,-0.21239751655679814,0.06847322094858285,0.07962622979804956,0.19824791266822353,0.7953708038666885,55.0,41.0,14.5,0.0,0.08511906617878959,0.20462919613331154
"(0.03, 0.06, 0.08)",0.8,,True,A,,1242573.7880912814,0.07499475448104087,-0.1832987825080521,-0.21669057729769314,0.07097129181009557,0.07893403540282216,0.20377832693262926,0.8150678248032261,57.0,41.0,16.0,0.0,0.08762191003827749,0.1849321751967738
"(0.03, 0.06, 0.08)",0.95,,False,A,,1280090.8349154633,0.0781760435329889,-0.21841691230396826,-0.24915864202739538,0.07670213481403013,0.08101615994033454,0.22930725379664674,0.9412079629400448,59.0,42.0,17.0,0.0,0.09808497968195823,0.05879203705995523
"(0.03, 0.06, 0.08)",0.95,,True,A,,1312440.4869825798,0.08085217418868051,-0.22310586683868827,-0.25215589519809656,0.07667910505927197,0.08351114713227614,0.2334677895123229,0.9547002946454252,61.0,41.0,20.0,0.0,0.10013481274635985,0.045299705354574796
"(0.03, 0.08, 0)",0.8,,False,A,,1282431.7899519554,0.07837173959389843,-0.17932083738830484,-0.21548861318633955,0.07202782534701688,0.08617445753753947,0.19989776260732817,0.7934782926011565,52.5,41.0,11.5,0.0,0.08849189389054318,0.2065217073988434
"(0.03, 0.08, 0)",0.8,,True,A,,1284257.0325989285,0.07852398453371479,-0.18374937157242605,-0.23153210682572295,0.07246916873206241,0.08668022007965286,0.20671133324400126,0.8145021602678746,55.0,41.0,14.0,0.0,0.09221040662406571,0.1854978397321255
"(0.03, 0.08, 0)",0.95,,False,A,,1326524.1775946838,0.08199884629823084,-0.2081035452383948,-0.25848967437611914,0.07742791008392207,0.09015352167494264,0.23002051347281835,0.9393870346488045,55.0,41.0,14.0,0.0,0.10163759430502903,0.06061296535119558
"(0.03, 0.08, 0)",0.95,,True,A,,1367937.7460547914,0.08530778102122216,-0.21695051565192192,-0.2610650356497315,0.07903089564755768,0.09148770114331195,0.235409956577739,0.954741732426347,58.0,41.0,17.0,0.0,0.1041898205894725,0.04525826757365309
"(0.03, 0.08, 0.02)",0.8,,False,A,,1293356.6112928053,0.07928046219357454,-0.18686225017402036,-0.2226074638017925,0.07162870358800362,0.08552533414452115,0.2022740864238992,0.810583381710029,54.5,40.0,11.5,3.0,0.09022803444609165,0.18941661828997106
"(0.03, 0.08, 0.02)",0.8,,True,A,,1284257.0325989285,0.07852398453371479,-0.18374937157242605,-0.23153210682572295,0.07246916873206241,0.08668022007965286,0.20671133324400126,0.8145021602678746,55.0,41.0,14.0,0.0,0.09221040662406571,0.1854978397321255
"(0.03, 0.08, 0.02)",0.95,,False,A,,1337986.5608485187,0.0829238354453452,-0.2145425246097616,-0.26180858885623726,0.07663467089078183,0.08994807328168893,0.23113537115154448,0.9445707344160718,57.5,41.0,14.5,2.0,0.10202696152909758,0.05542926558392819
"(0.03, 0.08, 0.02)",0.95,,True,A,,1367937.7460547914,0.08530778102122216,-0.21695051565192192,-0.2610650356497315,0.07903089564755768,0.09148770114331195,0.235409956577739,0.954741732426347,58.0,41.0,17.0,0.0,0.1041898205894725,0.04525826757365309
"(0.03, 0.08, 0.04)",0.8,,False,A,,1293101.8679419043,0.07925960700460888,-0.18183142713181788,-0.22174512425211612,0.07107703555329026,0.08605640299974393,0.20191256156281406,0.8100311224914336,52.5,40.0,11.5,1.0,0.09001407241656606,0.18996887750856645
"(0.03, 0.08, 0.04)",0.8,,True,A,,1284257.0325989285,0.07852398453371479,-0.18374937157242605,-0.23153210682572295,0.07246916873206241,0.08668022007965286,0.20671133324400126,0.8145021602678746,55.0,41.0,14.0,0.0,0.09221040662406571,0.1854978397321255
"(0.03, 0.08, 0.04)",0.95,,False,A,,1336536.8906841204,0.08280736920187681,-0.2081035452383948,-0.25848967437611914,0.07621302153406025,0.09015352167494264,0.23070082414982984,0.9400395846899072,56.0,41.0,14.0,0.0,0.10179722342943676,0.05996041531009272
"(0.03, 0.08, 0.04)",0.95,,True,A,,1367937.7460547914,0.08530778102122216,-0.21695051565192192,-0.2610650356497315,0.07903089564755768,0.09148770114331195,0.235409956577739,0.954741732426347,58.0,41.0,17.0,0.0,0.1041898205894725,0.04525826757365309
"(0.03, 0.08, 0.08)",0.8,,False,A,,1282431.7899519554,0.07837173959389843,-0.17932083738830484,-0.21548861318633955,0.07202782534701688,0.08617445753753947,0.19989776260732817,0.7934782926011565,52.5,41.0,11.5,0.0,0.08849189389054318,0.2065217073988434
"(0.03, 0.08, 0.08)",0.8,,True,A,,1284257.0325989285,0.07852398453371479,-0.18374937157242605,-0.23153210682572295,0.07246916873206241,0.08668022007965286,0.20671133324400126,0.8145021602678746,55.0,41.0,14.0,0.0,0.09221040662406571,0.1854978397321255
"(0.03, 0.08, 0.08)",0.95,,False,A,,1326524.1775946838,0.08199884629823084,-0.2081035452383948,-0.25848967437611914,0.07742791008392207,0.09015352167494264,0.23002051347281835,0.9393870346488045,55.0,41.0,14.0,0.0,0.10163759430502903,0.06061296535119558
"(0.03, 0.08, 0.08)",0.95,,True,A,,1367937.7460547914,0.08530778102122216,-0.21695051565192192,-0.2610650356497315,0.07903089564755768,0.09148770114331195,0.235409956577739,0.954741732426347,58.0,41.0,17.0,0.0,0.1041898205894725,0.04525826757365309
"(0.03, 0.1, 0)",0.8,,False,A,,1316940.9265526724,0.0812142083871924,-0.1800838280724561,-0.21349680856454162,0.07513403400472225,0.09003497535859739,0.20172945944500675,0.7965057813818301,51.0,41.0,10.0,0.0,0.09410618860124256,0.20349421861816988
"(0.03, 0.1, 0)",0.8,,True,A,,1338959.2416583633,0.08300213493481001,-0.1873607777611695,-0.22315122244426502,0.07683781694696634,0.0931986214743918,0.2089272555256868,0.8150631581098718,54.0,41.0,13.0,0.0,0.09671313358041728,0.1849368418901281
"(0.03, 0.1, 0)",0.95,,False,A,,1400797.5485553215,0.08786951917547259,-0.21310082310292217,-0.2509644720220899,0.07813607812199994,0.10063796182811335,0.23126744286014939,0.9442530896488788,54.0,42.5,11.5,0.0,0.10411932199187438,0.05574691035112128
"(0.03, 0.1, 0)",0.95,,True,A,,1394319.8651175925,0.08736930240870566,-0.21643582138303946,-0.2769943561868622,0.08033327182920838,0.0993082855214075,0.23936883971073877,0.9545841307003267,56.0,41.0,15.0,0.0,0.1093219451182463,0.04541586929967337
"(0.03, 0.1, 0.02)",0.8,,False,A,,1328115.7357628238,0.08212765541309464,-0.18421023171142864,-0.21879376135811834,0.07590173653091578,0.08947932118746703,0.20185536644448776,0.8100530329555586,52.0,40.5,10.0,1.0,0.09473795026960169,0.1899469670444413
"(0.03, 0.1, 0.02)",0.8,,True,A,,1338959.2416583633,0.08300213493481001,-0.1873607777611695,-0.22315122244426502,0.07683781694696634,0.0931986214743918,0.2089272555256868,0.8150631581098718,54.0,41.0,13.0,0.0,0.09671313358041728,0.1849368418901281
"(0.03, 0.1, 0.02)",0.95,,False,A,,1407940.9976787576,0.08841996254144124,-0.2189646773537524,-0.2646782502657744,0.08041678314427773,0.0983677101140451,0.23414705012827383,0.9433028597804796,57.5,42.0,12.0,3.0,0.10633246323195311,0.05669714021952055
"(0.03, 0.1, 0.02)",0.95,,True,A,,1394319.8651175925,0.08736930240870566,-0.21643582138303946,-0.2769943561868622,0.08033327182920838,0.0993082855214075,0.23936883971073877,0.9545841307003267,56.0,41.0,15.0,0.0,0.1093219451182463,0.04541586929967337
"(0.03, 0.1, 0.04)",0.8,,False,A,,1316940.9265526724,0.0812142083871924,-0.1800838280724561,-0.21349680856454162,0.07311441749728384,0.09003497535859739,0.20172945944500675,0.7998216080809546,51.0,41.0,10.0,0.0,0.0945983550863761,0.2001783919190454
"(0.03, 0.1, 0.04)",0.8,,True,A,,1338959.2416583633,0.08300213493481001,-0.1873607777611695,-0.22315122244426502,0.07683781694696634,0.0931986214743918,0.2089272555256868,0.8150631581098718,54.0,41.0,13.0,0.0,0.09671313358041728,0.1849368418901281
"(0.03, 0.1, 0.04)",0.95,,False,A,,1414384.9519534204,0.08891378245395531,-0.21266456101792197,-0.26068288805806106,0.0786106424688637,0.09653662069994713,0.23398425090751934,0.9429758532868153,55.0,42.0,12.0,1.0,0.10572263267455309,0.05702414671318472
"(0.03, 0.1, 0.04)",0.95,,True,A,,1394319.8651175925,0.08736930240870566,-0.21643582138303946,-0.2769943561868622,0.08033327182920838,0.0993082855214075,0.23936883971073877,0.9545841307003267,56.0,41.0,15.0,0.0,0.1093219451182463,0.04541586929967337
"(0.03, 0.1, 0.08)",0.8,,False,A,,1316940.9265526724,0.0812142083871924,-0.1800838280724561,-0.21349680856454162,0.07335866892413764,0.09003497535859739,0.20172945944500675,0.7998216080809546,51.0,41.0,10.0,0.0,0.0945983550863761,0.2001783919190454
"(0.03, 0.1, 0.08)",0.8,,True,A,,1338959.2416583633,0.08300213493481001,-0.1873607777611695,-0.22315122244426502,0.07683781694696634,0.0931986214743918,0.2089272555256868,0.8150631581098718,54.0,41.0,13.0,0.0,0.09671313358041728,0.1849368418901281
"(0.03, 0.1, 0.08)",0.95,,False,A,,1400797.5485553215,0.08786951917547259,-0.21310082310292217,-0.2509644720220899,0.07813607812199994,0.10063796182811335,0.23126744286014939,0.9442530896488788,54.0,42.5,11.5,0.0,0.10411932199187438,0.05574691035112128
"(0.03, 0.1, 0.08)",0.95,,True,A,,1394319.8651175925,0.08736930240870566,-0.21643582138303946,-0.2769943561868622,0.08033327182920838,0.0993082855214075,0.23936883971073877,0.9545841307003267,56.0,41.0,15.0,0.0,0.1093219451182463,0.04541586929967337
"(0.03, 0.12, 0)",0.8,,False,A,,1340574.3083242602,0.08312208293992374,-0.1752578794813328,-0.21824434532133616,0.0767129228632349,0.0871204686826859,0.20281780049108827,0.8080354695691394,48.0,39.0,9.0,0.0,0.09869228079221495,0.19196453043086054
"(0.03, 0.12, 0)",0.8,,True,A,,1376336.822620334,0.08596815275008596,-0.19032870912273908,-0.22436964194541362,0.08020106925186928,0.09222581122438323,0.21038151638229996,0.8189931540008736,51.5,40.0,12.0,0.0,0.10108458706400426,0.18100684599912636
"(0.03, 0.12, 0)",0.95,,False,A,,1439858.8300891374,0.09084600286196065,-0.21430650098025827,-0.2484770384297805,0.08446493755689803,0.10287531807706986,0.23357334305929175,0.9333044714684073,54.0,43.0,11.0,0.0,0.10912264577819093,0.06669552853159261
"(0.03, 0.12, 0)",0.95,,True,A,,1469790.9952916992,0.09307797234746606,-0.22481291478101878,-0.26894822084972014,0.08535699539440016,0.10389414402918982,0.24189085065949278,0.9546652003270699,55.0,41.0,14.0,0.0,0.11337189449890828,0.04533479967293015
"(0.03, 0.12, 0.02)",0.8,,False,A,,1331279.1285477928,0.08237830064580942,-0.1790273086181846,-0.219060051549237,0.07512771798178039,0.08796156763518007,0.2048515241554536,0.8100012324671317,49.0,37.0,9.0,3.0,0.09996422224291301,0.18999876753286835
"(0.03, 0.12, 0.02)",0.8,,True,A,,1376336.822620334,0.08596815275008596,-0.19032870912273908,-0.22436964194541362,0.08020106925186928,0.09222581122438323,0.21038151638229996,0.8189931540008736,51.5,40.0,12.0,0.0,0.10108458706400426,0.18100684599912636
"(0.03, 0.12, 0.02)",0.95,,False,A,,1459550.3962815618,0.09231866512054399,-0.2135833219999405,-0.25717837723697645,0.08431911392496705,0.1029895359241447,0.23595965781199962,0.9459823631903413,57.0,42.0,11.0,3.5,0.11108712429109657,0.05401763680965871
"(0.03, 0.12, 0.02)",0.95,,True,A,,1469790.9952916992,0.09307797234746606,-0.22481291478101878,-0.26894822084972014,0.08535699539440016,0.10389414402918982,0.24189085065949278,0.9546652003270699,55.0,41.0,14.0,0.0,0.11337189449890828,0.04533479967293015
"(0.03, 0.12, 0.04)",0.8,,False,A,,1335329.9619292605,0.08270460297376625,-0.1754819543220142,-0.22186018056722262,0.07595807017781013,0.08673736570375752,0.2037497014315277,0.8097474173627413,48.5,37.5,9.0,1.0,0.0993705815409468,0.19025258263725872
"(0.03, 0.12, 0.04)",0.8,,True,A,,1376336.822620334,0.08596815275008596,-0.19032870912273908,-0.22436964194541362,0.08020106925186928,0.09222581122438323,0.21038151638229996,0.8189931540008736,51.5,40.0,12.0,0.0,0.10108458706400426,0.18100684599912636
"(0.03, 0.12, 0.04)",0.95,,False,A,,1470837.5944025037,0.09314666544743144,-0.2218431342240345,-0.2587950176678805,0.08442541345364452,0.10363358361210492,0.23339759125225118,0.9477891632172002,54.0,42.5,11.0,1.0,0.11077638906969259,0.05221083678279975
"(0.03, 0.12, 0.04)",0.95,,True,A,,1469790.9952916992,0.09307797234746606,-0.22481291478101878,-0.26894822084972014,0.08535699539440016,0.10389414402918982,0.24189085065949278,0.9546652003270699,55.0,41.0,14.0,0.0,0.11337189449890828,0.04533479967293015
"(0.03, 0.12, 0.08)",0.8,,False,A,,1340574.3083242602,0.08312208293992374,-0.1752578794813328,-0.21824434532133616,0.07465464167595555,0.0871204686826859,0.2030698084199196,0.8080354695691394,48.0,39.0,9.0,0.0,0.0989074023689209,0.19196453043086054
"(0.03, 0.12, 0.08)",0.8,,True,A,,1376336.822620334,0.08596815275008596,-0.19032870912273908,-0.22436964194541362,0.08020106925186928,0.09222581122438323,0.21038151638229996,0.8189931540008736,51.5,40.0,12.0,0.0,0.10108458706400426,0.18100684599912636
"(0.03, 0.12, 0.08)",0.95,,False,A,,1439858.8300891374,0.09084600286196065,-0.21430650098025827,-0.2484770384297805,0.08204295266248138,0.10287531807706986,0.23391525419610343,0.9361285271547928,54.0,43.0,11.0,0.0,0.11058216498197096,0.06387147284520715
"(0.03, 0.12, 0.08)",0.95,,True,A,,1469790.9952916992,0.09307797234746606,-0.22481291478101878,-0.26894822084972014,0.08535699539440016,0.10389414402918982,0.24189085065949278,0.9546652003270699,55.0,41.0,14.0,0.0,0.11337189449890828,0.04533479967293015
"(0.03, 0.15, 0)",0.8,,False,A,,1323439.7446197004,0.08174869779167337,-0.1753084361034487,-0.21531378121722683,0.07127071636293969,0.09212578956006026,0.2001801141131403,0.810388581689867,48.0,40.5,7.0,0.0,0.09741053184921927,0.18961141831013295
"(0.03, 0.15, 0)",0.8,,True,A,,1381153.7928147824,0.0863430163970913,-0.18849140076287685,-0.22729178468554784,0.07914956235832209,0.09237510271267042,0.20852231032457041,0.8194367890025505,48.0,38.0,11.0,0.0,0.1021595287299353,0.18056321099744957
"(0.03, 0.15, 0)",0.95,,False,A,,1473830.1666233055,0.09337492579618123,-0.20156283094271937,-0.25389637684994004,0.0856305394980689,0.10205096901276203,0.2366400023003436,0.9474045244557563,50.0,41.0,9.5,0.0,0.11676167612612198,0.052595475544243715
"(0.03, 0.15, 0)",0.95,,True,A,,1533663.8699031603,0.09770552774880426,-0.2273715375856677,-0.270219324117501,0.09049410311348291,0.10808286792578721,0.24574908733307482,0.9556211320032371,52.0,40.0,12.0,0.0,0.12130777486917299,0.04437886799676306
"(0.03, 0.15, 0.02)",0.8,,False,A,,1349312.5408838687,0.08383107468171536,-0.1814125400328106,-0.22209577090263066,0.0736328566202187,0.0898739198707377,0.2005908161046073,0.8103885998619544,50.0,39.0,7.0,4.0,0.09908922199266668,0.1896114001380455
"(0.03, 0.15, 0.02)",0.8,,True,A,,1381153.7928147824,0.0863430163970913,-0.18849140076287685,-0.22729178468554784,0.07914956235832209,0.09237510271267042,0.20852231032457041,0.8194367890025505,48.0,38.0,11.0,0.0,0.1021595287299353,0.18056321099744957
"(0.03, 0.15, 0.02)",0.95,,False,A,,1494413.3864558886,0.09488324254930958,-0.20815387056946988,-0.2581038395556998,0.0865982273187067,0.10255501927933311,0.23651230837454967,0.9474333880598927,54.0,40.0,9.0,5.0,0.11815789467185797,0.052566611940107255
"(0.03, 0.15, 0.02)",0.95,,True,A,,1533663.8699031603,0.09770552774880426,-0.2273715375856677,-0.270219324117501,0.09049410311348291,0.10808286792578721,0.24574908733307482,0.9556211320032371,52.0,40.0,12.0,0.0,0.12130777486917299,0.04437886799676306
"(0.03, 0.15, 0.04)",0.8,,False,A,,1332728.1488742405,0.08249990926106254,-0.17743591574466944,-0.22892126925438627,0.07179596936255735,0.0896453972554937,0.2004718962119507,0.810388581689867,48.0,40.0,7.0,1.0,0.09829269342348937,0.18961141831013295
"(0.03, 0.15, 0.04)",0.8,,True,A,,1381153.7928147824,0.0863430163970913,-0.18849140076287685,-0.22729178468554784,0.07914956235832209,0.09237510271267042,0.20852231032457041,0.8194367890025505,48.0,38.0,11.0,0.0,0.1021595287299353,0.18056321099744957
"(0.03, 0.15, 0.04)",0.95,,False,A,,1492160.5239017764,0.09471637575322112,-0.22359693196172886,-0.26156209912022077,0.08598989329249673,0.10308180707400665,0.23705907491570374,0.9474045448817996,50.0,40.0,9.0,1.0,0.11844749958245125,0.05259545511820045
"(0.03, 0.15, 0.04)",0.95,,True,A,,1533663.8699031603,0.09770552774880426,-0.2273715375856677,-0.270219324117501,0.09049410311348291,0.10808286792578721,0.24574908733307482,0.9556211320032371,52.0,40.0,12.0,0.0,0.12130777486917299,0.04437886799676306
"(0.03, 0.15, 0.08)",0.8,,False,A,,1323439.7446197004,0.08174869779167337,-0.1753084361034487,-0.21531378121722683,0.07127071636293969,0.092031239728896,0.2001801141131403,0.810388581689867,48.0,40.5,7.0,0.0,0.09741053184921927,0.18961141831013295
"(0.03, 0.15, 0.08)",0.8,,True,A,,1381153.7928147824,0.0863430163970913,-0.18849140076287685,-0.22729178468554784,0.07914956235832209,0.09237510271267042,0.20852231032457041,0.8194367890025505,48.0,38.0,11.0,0.0,0.1021595287299353,0.18056321099744957
"(0.03, 0.15, 0.08)",0.95,,False,A,,1473830.1666233055,0.09337492579618123,-0.20156283094271937,-0.25389637684994004,0.0856305394980689,0.10205096901276203,0.2366400023003436,0.9474045244557563,50.0,41.0,9.0,0.0,0.11676167612612198,0.052595475544243715
"(0.03, 0.15, 0.08)",0.95,,True,A,,1533663.8699031603,0.09770552774880426,-0.2273715375856677,-0.270219324117501,0.09049410311348291,0.10808286792578721,0.24574908733307482,0.9556211320032371,52.0,40.0,12.0,0.0,0.12130777486917299,0.04437886799676306
"(0.03, 0.2, 0)",0.8,,False,A,,1358984.1160206501,0.08459151373815665,-0.1787196296456709,-0.21035127421254093,0.07730634254701466,0.10084526633040417,0.19618278778539336,0.8125999576624569,43.5,37.5,6.0,0.0,0.09814033968434809,0.1874000423375431
"(0.03, 0.2, 0)",0.8,,True,A,,1387112.5785368257,0.08680973273254056,-0.18705816120499785,-0.23399426925713193,0.07861041867674631,0.10123929040331672,0.2067633954905593,0.8219187822184533,45.0,37.0,8.0,0.0,0.10308700418564729,0.1780812177815467
"(0.03, 0.2, 0)",0.95,,False,A,,1433051.7339079333,0.09031031946421164,-0.22140474954187178,-0.2626226333120742,0.07450760580289095,0.107873819185833,0.23030354973304634,0.9460026949837911,45.0,39.0,7.0,0.0,0.11240183513403972,0.05399730501620899
"(0.03, 0.2, 0)",0.95,,True,A,,1558994.843471576,0.09948877211435014,-0.2281144897160733,-0.2785339932862851,0.08820694031625634,0.10787940492941711,0.2426513115166521,0.9560906375741012,47.0,38.0,10.0,0.0,0.12290875238752688,0.043909362425898865
"(0.03, 0.2, 0.02)",0.8,,False,A,,1338986.2574585993,0.08300299294775237,-0.18202211107618305,-0.2138010644015187,0.07452358171222209,0.08924351582475268,0.19875429951621518,0.812601729159796,47.5,36.0,5.0,7.0,0.09870264754339944,0.187398270840204
"(0.03, 0.2, 0.02)",0.8,,True,A,,1387112.5785368257,0.08680973273254056,-0.18705816120499785,-0.23399426925713193,0.07861041867674631,0.10123929040331672,0.2067633954905593,0.8219187822184533,45.0,37.0,8.0,0.0,0.10308700418564729,0.1780812177815467
"(0.03, 0.2, 0.02)",0.95,,False,A,,1428976.4417758407,0.09002445078634091,-0.21530605128976837,-0.26682630761282167,0.08097883483387283,0.1023567669912437,0.2289388528518328,0.9430836617726679,53.5,43.0,6.0,4.0,0.11157558299988132,0.056916338227332164
"(0.03, 0.2, 0.02)",0.95,,True,A,,1558994.843471576,0.09948877211435014,-0.2281144897160733,-0.2785339932862851,0.08820694031625634,0.10787940492941711,0.2426513115166521,0.9560906375741012,47.0,38.0,10.0,0.0,0.12290875238752688,0.043909362425898865
"(0.03, 0.2, 0.04)",0.8,,False,A,,1332864.7919791734,0.08250635431780462,-0.18426384459133333,-0.21278722509263837,0.07489705580245272,0.09248819176856862,0.2055404676008961,0.8126006970755295,45.5,37.0,5.0,3.0,0.10004515079143006,0.18739930292447038
"(0.03, 0.2, 0.04)",0.8,,True,A,,1387112.5785368257,0.08680973273254056,-0.18705816120499785,-0.23399426925713193,0.07861041867674631,0.10123929040331672,0.2067633954905593,0.8219187822184533,45.0,37.0,8.0,0.0,0.10308700418564729,0.1780812177815467
"(0.03, 0.2, 0.04)",0.95,,False,A,,1406210.2508571153,0.08828212765896115,-0.2244447453368087,-0.2708728940277007,0.07401258728292366,0.10058469603418317,0.2277797187306732,0.9452253294069499,48.0,40.0,6.0,1.0,0.11224767701639866,0.05477467059305007
"(0.03, 0.2, 0.04)",0.95,,True,A,,1558994.843471576,0.09948877211435014,-0.2281144897160733,-0.2785339932862851,0.08820694031625634,0.10787940492941711,0.2426513115166521,0.9560906375741012,47.0,38.0,10.0,0.0,0.12290875238752688,0.043909362425898865
"(0.03, 0.2, 0.08)",0.8,,False,A,,1336725.7047842275,0.08281788580653349,-0.18834134549580922,-0.22227605289041666,0.06862076184159897,0.09605692473776219,0.20216986615398475,0.8125999221571624,44.0,38.0,5.0,1.0,0.0993668267463294,0.18740007784283763
"(0.03, 0.2, 0.08)",0.8,,True,A,,1387112.5785368257,0.08680973273254056,-0.18705816120499785,-0.23399426925713193,0.07861041867674631,0.10123929040331672,0.2067633954905593,0.8219187822184533,45.0,37.0,8.0,0.0,0.10308700418564729,0.1780812177815467
"(0.03, 0.2, 0.08)",0.95,,False,A,,1424193.0230545434,0.08964991010482393,-0.22140474954187178,-0.2626226333120742,0.07450760580289095,0.107873819185833,0.23030354973304634,0.9460026949837911,45.0,39.0,7.0,0.0,0.11332987142222958,0.05399730501620899
"(0.03, 0.2, 0.08)",0.95,,True,A,,1558994.843471576,0.09948877211435014,-0.2281144897160733,-0.2785339932862851,0.08820694031625634,0.10787940492941711,0.2426513115166521,0.9560906375741012,47.0,38.0,10.0,0.0,0.12290875238752688,0.043909362425898865
"(0.04, 0.03, 0)",0.8,,False,A,,1178961.4609174607,0.0693980153816528,-0.18299908880683724,-0.18892084857629735,0.06821300143161864,0.07197586872730868,0.20650798058781694,0.8024571740996981,57.0,36.5,20.0,0.0,0.08320506796354152,0.19754282590030192
"(0.04, 0.03, 0)",0.8,,True,A,,1199875.742131693,0.07126755865202283,-0.18822539935191457,-0.19202833644825118,0.07063413443768815,0.07266494823036138,0.208374587529806,0.8132013509925298,60.0,39.0,21.0,0.0,0.08391356970096994,0.18679864900747034
"(0.04, 0.03, 0)",0.95,,False,A,,1284720.779950033,0.07856278549821738,-0.19078898694654722,-0.2104169138260576,0.07793685154850014,0.08001751187597499,0.22975736730760465,0.9392909091179431,65.5,41.0,24.5,0.0,0.09158502190422355,0.060709090882056865
"(0.04, 0.03, 0)",0.95,,True,A,,1304034.684375704,0.08016264196506162,-0.19641090773598052,-0.19767234443287163,0.07843712884577861,0.08034480951414436,0.23062264727779186,0.9534148261890949,67.0,41.0,26.0,0.0,0.09218823791520961,0.046585173810905114
"(0.04, 0.03, 0.02)",0.8,,False,A,,1184429.8348287358,0.06988970434236785,-0.18299908880683724,-0.18892084857629735,0.06814381742409334,0.07245530740507496,0.20715478172840615,0.8037365689368483,57.5,36.0,21.0,1.0,0.08327551623801145,0.1962634310631517
"(0.04, 0.03, 0.02)",0.8,,True,A,,1199875.742131693,0.07126755865202283,-0.18822539935191457,-0.19202833644825118,0.07063413443768815,0.07266494823036138,0.208374587529806,0.8132013509925298,60.0,39.0,21.0,0.0,0.08391356970096994,0.18679864900747034
"(0.04, 0.03, 0.02)",0.95,,False,A,,1304290.1725957827,0.08018363879400825,-0.21287093179912087,-0.22407326455198187,0.07644675156061301,0.08099117201800048,0.23504384275738383,0.9484920518484806,69.0,41.0,22.0,7.0,0.09500439280402045,0.051507948151519344
"(0.04, 0.03, 0.02)",0.95,,True,A,,1304708.0928712117,0.08021801130606043,-0.2199385165947919,-0.22606833576407354,0.07882205128674294,0.08149863040362307,0.23610512899601935,0.9543818171376857,71.0,41.0,23.0,7.0,0.0957731637984369,0.04561818286231424
"(0.04, 0.03, 0.04)",0.8,,False,A,,1178961.4609174607,0.0693980153816528,-0.18299908880683724,-0.18892084857629735,0.06821300143161864,0.07197586872730868,0.20650798058781694,0.8024571740996981,57.0,36.5,20.0,0.0,0.08320506796354152,0.19754282590030192
"(0.04, 0.03, 0.04)",0.8,,True,A,,1199875.742131693,0.07126755865202283,-0.18822539935191457,-0.19202833644825118,0.07063413443768815,0.07266494823036138,0.208374587529806,0.8132013509925298,60.0,39.0,21.0,0.0,0.08391356970096994,0.18679864900747034
"(0.04, 0.03, 0.04)",0.95,,False,A,,1298933.1883828207,0.0797421236721001,-0.21263759749712197,-0.22609143557908112,0.07605361955157952,0.08288803085623633,0.23272329518186025,0.9438812473101075,65.0,41.0,21.5,3.0,0.09418321697690364,0.056118752689892505
"(0.04, 0.03, 0.04)",0.95,,True,A,,1307789.1477387713,0.08047115213253664,-0.21668709221100918,-0.22952398093690812,0.07758172639558236,0.0830094185782411,0.2360698342043975,0.9543326908465681,68.0,41.0,23.0,4.0,0.09560264781161915,0.045667309153431854
"(0.04, 0.03, 0.08)",0.8,,False,A,,1178961.4609174607,0.0693980153816528,-0.18299908880683724,-0.18892084857629735,0.06821300143161864,0.07197586872730868,0.20650798058781694,0.8024571740996981,57.0,36.5,20.0,0.0,0.08320506796354152,0.19754282590030192
"(0.04, 0.03, 0.08)",0.8,,True,A,,1199875.742131693,0.07126755865202283,-0.18822539935191457,-0.19202833644825118,0.07063413443768815,0.07266494823036138,0.208374587529806,0.8132013509925298,60.0,39.0,21.0,0.0,0.08391356970096994,0.18679864900747034
"(0.04, 0.03, 0.08)",0.95,,False,A,,1269735.9386090497,0.0773059407378901,-0.21748093404630375,-0.22468787764309,0.0759990118060557,0.0824532901854687,0.23135354825622062,0.9439689063970227,62.5,40.0,22.0,1.0,0.09347476770287941,0.056031093602977367
"(0.04, 0.03, 0.08)",0.95,,True,A,,1288200.2685086234,0.07885256022822162,-0.22176835582701654,-0.23552725025775578,0.07628669898635576,0.0823455293030845,0.2353579001410179,0.9544024984572834,64.0,40.0,22.0,2.0,0.09577116352957978,0.04559750154271669
"(0.04, 0.04, 0)",0.8,,False,A,,1226673.328151898,0.07362057087185725,-0.1817940420211891,-0.19643685436124192,0.07155370812545832,0.07603214379217123,0.20729076754098302,0.7995375314840836,54.0,39.0,15.0,0.0,0.0841205453420664,0.20046246851591648
"(0.04, 0.04, 0)",0.8,,True,A,,1222504.8053561372,0.0732574677509199,-0.18416746646636328,-0.21001137843226503,0.07054787660834183,0.0754488726262444,0.2103153415311441,0.8126152724986464,55.0,38.5,17.0,0.0,0.0859281159714302,0.1873847275013536
"(0.04, 0.04, 0)",0.95,,False,A,,1294397.2490948224,0.0793642642047272,-0.21804995523004794,-0.22500310894555123,0.07695224227712383,0.08025698084599009,0.2358052411148254,0.9413811966170682,60.0,41.0,20.0,0.0,0.09621193909961176,0.05861880338293178
"(0.04, 0.04, 0)",0.95,,True,A,,1299609.4903701614,0.0797975560565306,-0.22105769285429455,-0.22593158924532775,0.07858872556008438,0.08015602392962413,0.23991647071323763,0.9542969680938278,63.0,41.0,22.0,0.0,0.09830009803504794,0.04570303190617227
"(0.04, 0.04, 0.02)",0.8,,False,A,,1215794.3457738212,0.07266981071417355,-0.18316297228805573,-0.20604202579626496,0.07073820824955449,0.07596609413485425,0.20886123947846624,0.8029966498799734,54.0,37.5,15.0,2.0,0.08414677768497311,0.19700335012002662
"(0.04, 0.04, 0.02)",0.8,,True,A,,1222504.8053561372,0.0732574677509199,-0.18416746646636328,-0.21001137843226503,0.07054787660834183,0.0754488726262444,0.2103153415311441,0.8126152724986464,55.0,38.5,17.0,0.0,0.0859281159714302,0.1873847275013536
"(0.04, 0.04, 0.02)",0.95,,False,A,,1286934.6965579183,0.0787472169943585,-0.22151371142470372,-0.2299072369297065,0.07622874269445097,0.07935362616077943,0.23851963456206826,0.953122548025346,61.0,39.0,20.0,1.0,0.09713355012671537,0.04687745197465398
"(0.04, 0.04, 0.02)",0.95,,True,A,,1299609.4903701614,0.0797975560565306,-0.22105769285429455,-0.22593158924532775,0.07858872556008438,0.08015602392962413,0.23991647071323763,0.9542969680938278,63.0,41.0,22.0,0.0,0.09830009803504794,0.04570303190617227
"(0.04, 0.04, 0.04)",0.8,,False,A,,1226673.328151898,0.07362057087185725,-0.1817940420211891,-0.19643685436124192,0.07155370812545832,0.07603214379217123,0.20729076754098302,0.7995375314840836,54.0,39.0,15.0,0.0,0.0841205453420664,0.20046246851591648
"(0.04, 0.04, 0.04)",0.8,,True,A,,1222504.8053561372,0.0732574677509199,-0.18416746646636328,-0.21001137843226503,0.07054787660834183,0.0754488726262444,0.2103153415311441,0.8126152724986464,55.0,38.5,17.0,0.0,0.0859281159714302,0.1873847275013536
"(0.04, 0.04, 0.04)",0.95,,False,A,,1294397.2490948224,0.0793642642047272,-0.21804995523004794,-0.22500310894555123,0.07695224227712383,0.08025698084599009,0.2358052411148254,0.9413811966170682,60.0,41.0,20.0,0.0,0.09621193909961176,0.05861880338293178
"(0.04, 0.04, 0.04)",0.95,,True,A,,1299609.4903701614,0.0797975560565306,-0.22105769285429455,-0.22593158924532775,0.07858872556008438,0.08015602392962413,0.23991647071323763,0.9542969680938278,63.0,41.0,22.0,0.0,0.09830009803504794,0.04570303190617227
"(0.04, 0.04, 0.08)",0.8,,False,A,,1226673.328151898,0.07362057087185725,-0.1817940420211891,-0.19643685436124192,0.07155370812545832,0.07603214379217123,0.20729076754098302,0.7995375314840836,54.0,39.0,15.0,0.0,0.0841205453420664,0.20046246851591648
"(0.04, 0.04, 0.08)",0.8,,True,A,,1222504.8053561372,0.0732574677509199,-0.18416746646636328,-0.21001137843226503,0.07054787660834183,0.0754488726262444,0.2103153415311441,0.8126152724986464,55.0,38.5,17.0,0.0,0.0859281159714302,0.1873847275013536
"(0.04, 0.04, 0.08)",0.95,,False,A,,1294397.2490948224,0.0793642642047272,-0.21804995523004794,-0.22500310894555123,0.07695224227712383,0.08025698084599009,0.2358052411148254,0.9413811966170682,60.0,41.0,20.0,0.0,0.09621193909961176,0.05861880338293178
"(0.04, 0.04, 0.08)",0.95,,True,A,,1299609.4903701614,0.0797975560565306,-0.22105769285429455,-0.22593158924532775,0.07858872556008438,0.08015602392962413,0.23991647071323763,0.9542969680938278,63.0,41.0,22.0,0.0,0.09830009803504794,0.04570303190617227
"(0.04, 0.06, 0)",0.8,,False,A,,1257084.9859732566,0.0762354746620938,-0.1740011004573644,-0.22163888015016947,0.07261715174999228,0.08063708484418113,0.20990157130969145,0.8015823324005416,49.0,37.0,12.0,0.0,0.08920031001707596,0.19841766759945847
"(0.04, 0.06, 0)",0.8,,True,A,,1266764.6900090892,0.0770544821657253,-0.17777898058654706,-0.22290476561923453,0.0736132714127227,0.08133700561016441,0.21293414060942967,0.8122689534385933,53.0,39.5,13.0,0.0,0.08991822682121156,0.18773104656140668
"(0.04, 0.06, 0)",0.95,,False,A,,1331473.614785158,0.08239860054261605,-0.21131275269079963,-0.244485677028735,0.07682954738199106,0.0840957250280765,0.23802158774595167,0.9433558007350886,55.0,40.0,14.5,0.0,0.10053241232964452,0.056644199264911335
"(0.04, 0.06, 0)",0.95,,True,A,,1343592.6898072138,0.08337386310739359,-0.21964325274658208,-0.24256376677199132,0.07959769345369763,0.08619518167732658,0.24431424023574583,0.9541192056777117,57.0,41.0,16.0,0.0,0.10240429606984242,0.04588079432228828
"(0.04, 0.06, 0.02)",0.8,,False,A,,1248334.9611473756,0.07548712652511258,-0.1740011004573644,-0.22163888015016947,0.07216835461370681,0.08113569253732389,0.21043495504525814,0.8023541045328193,49.5,36.5,12.0,1.0,0.08940013575407413,0.19764589546718067
"(0.04, 0.06, 0.02)",0.8,,True,A,,1266764.6900090892,0.0770544821657253,-0.17777898058654706,-0.22290476561923453,0.0736132714127227,0.08133700561016441,0.21293414060942967,0.8122689534385933,53.0,39.5,13.0,0.0,0.08991822682121156,0.18773104656140668
"(0.04, 0.06, 0.02)",0.95,,False,A,,1342184.5373926696,0.08326102427681115,-0.21790143852318983,-0.24759757482283423,0.07778278654205517,0.08579046818502738,0.24176278732452816,0.9529717083835375,56.0,39.0,14.0,3.0,0.1013684964611259,0.04702829161646248
"(0.04, 0.06, 0.02)",0.95,,True,A,,1343592.6898072138,0.08337386310739359,-0.21964325274658208,-0.24256376677199132,0.07959769345369763,0.08619518167732658,0.24431424023574583,0.9541192056777117,57.0,41.0,16.0,0.0,0.10240429606984242,0.04588079432228828
"(0.04, 0.06, 0.04)",0.8,,False,A,,1257084.9859732566,0.0762354746620938,-0.1740011004573644,-0.22163888015016947,0.07249070218909755,0.08063708484418113,0.20990157130969145,0.801591616039965,49.0,37.0,12.0,0.0,0.08920031001707596,0.19840838396003507
"(0.04, 0.06, 0.04)",0.8,,True,A,,1266764.6900090892,0.0770544821657253,-0.17777898058654706,-0.22290476561923453,0.0736132714127227,0.08133700561016441,0.21293414060942967,0.8122689534385933,53.0,39.5,13.0,0.0,0.08991822682121156,0.18773104656140668
"(0.04, 0.06, 0.04)",0.95,,False,A,,1334331.0821290924,0.08262964012735108,-0.21735272471593037,-0.2433749397023635,0.07806076650130737,0.0861115785538626,0.24210139235426503,0.9530367757893048,55.0,39.0,14.0,1.0,0.10121074511577222,0.04696322421069524
"(0.04, 0.06, 0.04)",0.95,,True,A,,1343592.6898072138,0.08337386310739359,-0.21964325274658208,-0.24256376677199132,0.07959769345369763,0.08619518167732658,0.24431424023574583,0.9541192056777117,57.0,41.0,16.0,0.0,0.10240429606984242,0.04588079432228828
"(0.04, 0.06, 0.08)",0.8,,False,A,,1257084.9859732566,0.0762354746620938,-0.1740011004573644,-0.22163888015016947,0.07261715174999228,0.08063708484418113,0.20990157130969145,0.8015823324005416,49.0,37.0,12.0,0.0,0.08920031001707596,0.19841766759945847
"(0.04, 0.06, 0.08)",0.8,,True,A,,1266764.6900090892,0.0770544821657253,-0.17777898058654706,-0.22290476561923453,0.0736132714127227,0.08133700561016441,0.21293414060942967,0.8122689534385933,53.0,39.5,13.0,0.0,0.08991822682121156,0.18773104656140668
"(0.04, 0.06, 0.08)",0.95,,False,A,,1331473.614785158,0.08239860054261605,-0.21131275269079963,-0.244485677028735,0.07682954738199106,0.0840957250280765,0.23802158774595167,0.9433558007350886,55.0,40.0,14.5,0.0,0.10053241232964452,0.056644199264911335
"(0.04, 0.06, 0.08)",0.95,,True,A,,1343592.6898072138,0.08337386310739359,-0.21964325274658208,-0.24256376677199132,0.07959769345369763,0.08619518167732658,0.24431424023574583,0.9541192056777117,57.0,41.0,16.0,0.0,0.10240429606984242,0.04588079432228828
"(0.04, 0.08, 0)",0.8,,False,A,,1310138.9942130726,0.08066368742012964,-0.17650936184645338,-0.2087993484610453,0.07702667729938,0.08632094852252585,0.209934189691115,0.8025298680708317,49.0,39.0,10.0,0.0,0.09242741606026514,0.19747013192916832
"(0.04, 0.08, 0)",0.8,,True,A,,1321276.370695477,0.0815727424616417,-0.1827488928191438,-0.21696747894596585,0.07660836799796807,0.08837528587863444,0.21547904103799786,0.812648521168158,51.0,39.0,12.0,0.0,0.09422680002784649,0.18735147883184194
"(0.04, 0.08, 0)",0.95,,False,A,,1371828.6332517895,0.08561283105438211,-0.20709782258845671,-0.26482636136418825,0.08028845654313906,0.09401546688798283,0.24179773191120685,0.942329915136827,51.5,39.5,12.0,0.0,0.1053319959075362,0.057670084863172974
"(0.04, 0.08, 0)",0.95,,True,A,,1386073.7214495698,0.08672016182988196,-0.21149938379335287,-0.26720939123957405,0.08180414382036663,0.09488587949991605,0.24627489132798236,0.9539963779522946,55.5,41.0,15.0,0.0,0.10704286410651793,0.046003622047705306
"(0.04, 0.08, 0.02)",0.8,,False,A,,1318924.876129421,0.08138116104264392,-0.17671750375644224,-0.21214554961019494,0.07615656072727488,0.08491906401188717,0.21323451477752187,0.8031363073246568,49.0,37.0,10.0,2.0,0.09299137596615009,0.1968636926753432
"(0.04, 0.08, 0.02)",0.8,,True,A,,1321276.370695477,0.0815727424616417,-0.1827488928191438,-0.21696747894596585,0.07660836799796807,0.08837528587863444,0.21547904103799786,0.812648521168158,51.0,39.0,12.0,0.0,0.09422680002784649,0.18735147883184194
"(0.04, 0.08, 0.02)",0.95,,False,A,,1369695.3872291145,0.08544647175836317,-0.20892468405981446,-0.2673882787612322,0.08145229407812091,0.09098295212759548,0.24468699791684395,0.9528345427103515,53.0,39.0,12.0,1.0,0.10589699897786758,0.04716545728964844
"(0.04, 0.08, 0.02)",0.95,,True,A,,1386073.7214495698,0.08672016182988196,-0.21149938379335287,-0.26720939123957405,0.08180414382036663,0.09488587949991605,0.24627489132798236,0.9539963779522946,55.5,41.0,15.0,0.0,0.10704286410651793,0.046003622047705306
"(0.04, 0.08, 0.04)",0.8,,False,A,,1310138.9942130726,0.08066368742012964,-0.17650936184645338,-0.2087993484610453,0.0769983774528624,0.08632094852252585,0.21026301683554516,0.8025298680708317,49.0,39.0,10.0,0.0,0.09242741606026514,0.19747013192916832
"(0.04, 0.08, 0.04)",0.8,,True,A,,1321276.370695477,0.0815727424616417,-0.1827488928191438,-0.21696747894596585,0.07660836799796807,0.08837528587863444,0.21547904103799786,0.812648521168158,51.0,39.0,12.0,0.0,0.09422680002784649,0.18735147883184194
"(0.04, 0.08, 0.04)",0.95,,False,A,,1362203.9979614317,0.0848552148741949,-0.20709782258845671,-0.26482636136418825,0.08032017242461675,0.09401546688798283,0.24120860382778492,0.942329915136827,51.5,39.5,12.0,0.0,0.1053319959075362,0.057670084863172974
"(0.04, 0.08, 0.04)",0.95,,True,A,,1386073.7214495698,0.08672016182988196,-0.21149938379335287,-0.26720939123957405,0.08180414382036663,0.09488587949991605,0.24627489132798236,0.9539963779522946,55.5,41.0,15.0,0.0,0.10704286410651793,0.046003622047705306
"(0.04, 0.08, 0.08)",0.8,,False,A,,1310138.9942130726,0.08066368742012964,-0.17650936184645338,-0.2087993484610453,0.07702667729938,0.08632094852252585,0.209934189691115,0.8025298680708317,49.0,39.0,10.0,0.0,0.09242741606026514,0.19747013192916832
"(0.04, 0.08, 0.08)",0.8,,True,A,,1321276.370695477,0.0815727424616417,-0.1827488928191438,-0.21696747894596585,0.07660836799796807,0.08837528587863444,0.21547904103799786,0.812648521168158,51.0,39.0,12.0,0.0,0.09422680002784649,0.18735147883184194
"(0.04, 0.08, 0.08)",0.95,,False,A,,1371828.6332517895,0.08561283105438211,-0.20709782258845671,-0.26482636136418825,0.08028845654313906,0.09401546688798283,0.24179773191120685,0.942329915136827,51.5,39.5,12.0,0.0,0.1053319959075362,0.057670084863172974
"(0.04, 0.08, 0.08)",0.95,,True,A,,1386073.7214495698,0.08672016182988196,-0.21149938379335287,-0.26720939123957405,0.08180414382036663,0.09488587949991605,0.24627489132798236,0.9539963779522946,55.5,41.0,15.0,0.0,0.10704286410651793,0.046003622047705306
"(0.04, 0.1, 0)",0.8,,False,A,,1363912.9217904862,0.08498922792995389,-0.17396632192983325,-0.20869092864102973,0.0778700993054453,0.08727252964084897,0.2085274861427447,0.8104060253931578,45.0,36.0,9.0,0.0,0.0964820206191303,0.18959397460684232
"(0.04, 0.1, 0)",0.8,,True,A,,1364382.716406127,0.08502744276926566,-0.18031872195504056,-0.21873880831771061,0.07888369768479082,0.0894004679709388,0.21796166954576301,0.8194833056305193,50.0,40.0,11.0,0.0,0.09921872300156939,0.18051669436948076
"(0.04, 0.1, 0)",0.95,,False,A,,1437293.2347882912,0.09065178715267996,-0.20169264844646134,-0.23913209407288624,0.08298912711291453,0.09903832349539535,0.2404075527570548,0.9382418788590178,51.0,41.0,10.0,0.0,0.10758988847387127,0.06175812114098227
"(0.04, 0.1, 0)",0.95,,True,A,,1458653.5780982953,0.09225223500462276,-0.21993217638167645,-0.26105208463205154,0.08426756751308542,0.10185711838992315,0.24906227589133906,0.9541822901953422,53.0,41.0,12.0,0.0,0.11120763485258688,0.04581770980465777
"(0.04, 0.1, 0.02)",0.8,,False,A,,1360483.281987802,0.08471853873927593,-0.1751173952764678,-0.21437775159877304,0.0770159885748258,0.08782750500863001,0.21330898864505343,0.8104060253931578,47.0,36.0,9.0,1.0,0.09747918535208788,0.18959397460684232
"(0.04, 0.1, 0.02)",0.8,,True,A,,1364382.716406127,0.08502744276926566,-0.18031872195504056,-0.21873880831771061,0.07888369768479082,0.0894004679709388,0.21796166954576301,0.8194833056305193,50.0,40.0,11.0,0.0,0.09921872300156939,0.18051669436948076
"(0.04, 0.1, 0.02)",0.95,,False,A,,1450301.519668161,0.0916295662691583,-0.20935938943193666,-0.24747349235780786,0.08531386992756411,0.09746205659911174,0.24200746479611313,0.952977246204913,55.0,40.0,10.0,5.0,0.10913553071903076,0.04702275379508705
"(0.04, 0.1, 0.02)",0.95,,True,A,,1458653.5780982953,0.09225223500462276,-0.21993217638167645,-0.26105208463205154,0.08426756751308542,0.10185711838992315,0.24906227589133906,0.9541822901953422,53.0,41.0,12.0,0.0,0.11120763485258688,0.04581770980465777
"(0.04, 0.1, 0.04)",0.8,,False,A,,1363912.9217904862,0.08498922792995389,-0.17396632192983325,-0.20869092864102973,0.0778700993054453,0.08727252964084897,0.21034893014070105,0.8104060253931578,45.5,36.0,9.0,0.0,0.09681255593327939,0.18959397460684232
"(0.04, 0.1, 0.04)",0.8,,True,A,,1364382.716406127,0.08502744276926566,-0.18031872195504056,-0.21873880831771061,0.07888369768479082,0.0894004679709388,0.21796166954576301,0.8194833056305193,50.0,40.0,11.0,0.0,0.09921872300156939,0.18051669436948076
"(0.04, 0.1, 0.04)",0.95,,False,A,,1445311.2584559617,0.09125556612920016,-0.21267759562612742,-0.25411955109676815,0.08469027778521816,0.09697765404264112,0.24367036291905286,0.9529837535410668,51.5,39.0,10.0,2.0,0.10974433127959707,0.047016246458933215
"(0.04, 0.1, 0.04)",0.95,,True,A,,1458653.5780982953,0.09225223500462276,-0.21993217638167645,-0.26105208463205154,0.08426756751308542,0.10185711838992315,0.24906227589133906,0.9541822901953422,53.0,41.0,12.0,0.0,0.11120763485258688,0.04581770980465777
"(0.04, 0.1, 0.08)",0.8,,False,A,,1363912.9217904862,0.08498922792995389,-0.17396632192983325,-0.20869092864102973,0.07681486773989785,0.08727252964084897,0.21034893014070105,0.8104060253931578,45.0,36.0,9.0,0.0,0.09684514056447094,0.18959397460684232
"(0.04, 0.1, 0.08)",0.8,,True,A,,1364382.716406127,0.08502744276926566,-0.18031872195504056,-0.21873880831771061,0.07888369768479082,0.0894004679709388,0.21796166954576301,0.8194833056305193,50.0,40.0,11.0,0.0,0.09921872300156939,0.18051669436948076
"(0.04, 0.1, 0.08)",0.95,,False,A,,1443284.6537715122,0.09110281858307812,-0.20938424844882209,-0.2558724807638264,0.0847116360606797,0.09605805617301925,0.24268971093015373,0.953018484034862,50.0,39.0,10.0,1.0,0.10944991970411441,0.046981515965138
"(0.04, 0.1, 0.08)",0.95,,True,A,,1458653.5780982953,0.09225223500462276,-0.21993217638167645,-0.26105208463205154,0.08426756751308542,0.10185711838992315,0.24906227589133906,0.9541822901953422,53.0,41.0,12.0,0.0,0.11120763485258688,0.04581770980465777
"(0.04, 0.12, 0)",0.8,,False,A,,1331892.0636242102,0.082432992927012,-0.17280137603986723,-0.20886689086618207,0.07430493491724725,0.08863892576383088,0.2098059801655599,0.8007362076591195,44.0,36.0,8.0,0.0,0.09688229058455333,0.1992637923408805
"(0.04, 0.12, 0)",0.8,,True,A,,1375721.3569149044,0.08591991936311882,-0.17914664425990579,-0.2216743691258776,0.07809119195799356,0.09065605513287703,0.21891812513189168,0.816902682171224,46.0,36.5,9.0,0.0,0.10143268678510187,0.18309731782877614
"(0.04, 0.12, 0)",0.95,,False,A,,1475320.8760968028,0.09348276867111605,-0.19721524100369958,-0.24190490250395053,0.08773354700698799,0.09799967246074329,0.241754575584497,0.9438611257778556,50.0,41.0,9.0,0.0,0.11244572058775178,0.05613887422214428
"(0.04, 0.12, 0)",0.95,,True,A,,1493840.1693874835,0.09484104831260243,-0.21543081298107902,-0.25877651091186504,0.0880501150795993,0.10629724855374874,0.2517676339825734,0.9542362721072124,52.0,41.0,11.0,0.0,0.11606471332455306,0.0457637278927876
"(0.04, 0.12, 0.02)",0.8,,False,A,,1363011.1575700596,0.08491907496460072,-0.17758621516210255,-0.2130868422329774,0.07639412344298505,0.0904803256431007,0.21092320440803225,0.8017695430164973,46.0,34.5,8.0,3.0,0.09820416346872105,0.19823045698350283
"(0.04, 0.12, 0.02)",0.8,,True,A,,1375721.3569149044,0.08591991936311882,-0.17914664425990579,-0.2216743691258776,0.07809119195799356,0.09065605513287703,0.21891812513189168,0.816902682171224,46.0,36.5,9.0,0.0,0.10143268678510187,0.18309731782877614
"(0.04, 0.12, 0.02)",0.95,,False,A,,1504161.315514254,0.09559063053180628,-0.200149739253266,-0.24996712734567855,0.08901169193197014,0.10015000161959085,0.2439156359940215,0.9529079594540497,54.0,40.0,9.0,6.0,0.11420390034365561,0.047092040545950294
"(0.04, 0.12, 0.02)",0.95,,True,A,,1493840.1693874835,0.09484104831260243,-0.21543081298107902,-0.25877651091186504,0.0880501150795993,0.10629724855374874,0.2517676339825734,0.9542362721072124,52.0,41.0,11.0,0.0,0.11606471332455306,0.0457637278927876
"(0.04, 0.12, 0.04)",0.8,,False,A,,1349967.312072209,0.08387745880882713,-0.1723979154936912,-0.21543200519811173,0.07472276063785863,0.08987869396516178,0.20997482930881223,0.8007361537084287,44.0,35.0,8.0,1.0,0.0976148890364748,0.19926384629157123
"(0.04, 0.12, 0.04)",0.8,,True,A,,1375721.3569149044,0.08591991936311882,-0.17914664425990579,-0.2216743691258776,0.07809119195799356,0.09065605513287703,0.21891812513189168,0.816902682171224,46.0,36.5,9.0,0.0,0.10143268678510187,0.18309731782877614
"(0.04, 0.12, 0.04)",0.95,,False,A,,1507546.6342387858,0.09583292832907775,-0.20858856095101247,-0.2541116337757347,0.0878833190548977,0.10189484766016942,0.24259248047748408,0.9428735649413866,51.5,40.0,9.0,2.0,0.1143207576672082,0.05712643505861339
"(0.04, 0.12, 0.04)",0.95,,True,A,,1493840.1693874835,0.09484104831260243,-0.21543081298107902,-0.25877651091186504,0.0880501150795993,0.10629724855374874,0.2517676339825734,0.9542362721072124,52.0,41.0,11.0,0.0,0.11606471332455306,0.0457637278927876
"(0.04, 0.12, 0.08)",0.8,,False,A,,1331892.0636242102,0.082432992927012,-0.17280137603986723,-0.20886689086618207,0.07430493491724725,0.08863892576383088,0.2098059801655599,0.8007362076591195,44.0,36.0,8.0,0.0,0.09688229058455333,0.1992637923408805
"(0.04, 0.12, 0.08)",0.8,,True,A,,1375721.3569149044,0.08591991936311882,-0.17914664425990579,-0.2216743691258776,0.07809119195799356,0.09065605513287703,0.21891812513189168,0.816902682171224,46.0,36.5,9.0,0.0,0.10143268678510187,0.18309731782877614
"(0.04, 0.12, 0.08)",0.95,,False,A,,1523056.516053778,0.09694981366347355,-0.20832924392359436,-0.2595509500444297,0.08797476929950405,0.10142259533439353,0.24606099092176026,0.9480048505513813,51.0,40.0,9.0,1.0,0.11414841794782436,0.051995149448618716
"(0.04, 0.12, 0.08)",0.95,,True,A,,1493840.1693874835,0.09484104831260243,-0.21543081298107902,-0.25877651091186504,0.0880501150795993,0.10629724855374874,0.2517676339825734,0.9542362721072124,52.0,41.0,11.0,0.0,0.11606471332455306,0.0457637278927876
"(0.04, 0.15, 0)",0.8,,False,A,,1347316.1651820322,0.0836717255817575,-0.17238545846874803,-0.1906419314739573,0.07992791209297734,0.09642183693785542,0.20442161303183884,0.8028807868627441,40.0,33.5,6.0,0.0,0.09563236970402153,0.1971192131372559
"(0.04, 0.15, 0)",0.8,,True,A,,1368694.7766376527,0.08536562332196473,-0.1854192502204401,-0.21883121555858517,0.07774581374704015,0.09290035033368092,0.21488144019864958,0.8191636604376178,45.0,37.0,8.0,0.0,0.1017662918217837,0.18083633956238232
"(0.04, 0.15, 0)",0.95,,False,A,,1504518.519153661,0.09561459528141147,-0.20203486979900553,-0.238790265240909,0.08399439637177766,0.10357454695264481,0.24313589246694411,0.9504260820803032,44.0,36.0,9.0,0.0,0.1143660876481573,0.04957391791969674
"(0.04, 0.15, 0)",0.95,,True,A,,1524491.0437361412,0.09704926424563043,-0.21908129709476037,-0.2586156661745902,0.08880032905759275,0.10308702610632463,0.25105703153220277,0.9551299377596506,48.0,38.0,11.0,0.0,0.12157937530069987,0.044870062240349395
"(0.04, 0.15, 0.02)",0.8,,False,A,,1346766.3591941427,0.08362598365252094,-0.17922042845440567,-0.21074085250370095,0.07808084419750425,0.09073947279721914,0.21179687098437353,0.8040024150041785,46.0,33.5,6.0,7.0,0.09805520916383932,0.19599758499582148
"(0.04, 0.15, 0.02)",0.8,,True,A,,1368694.7766376527,0.08536562332196473,-0.1854192502204401,-0.21883121555858517,0.07774581374704015,0.09290035033368092,0.21488144019864958,0.8191636604376178,45.0,37.0,8.0,0.0,0.1017662918217837,0.18083633956238232
"(0.04, 0.15, 0.02)",0.95,,False,A,,1505558.4879584669,0.09569181278221794,-0.20705041180906442,-0.2554095555430958,0.08466272115928082,0.10349985870189485,0.24535569441703692,0.950426053245391,51.0,36.0,8.0,7.0,0.11739362558895253,0.049573946754608994
"(0.04, 0.15, 0.02)",0.95,,True,A,,1524491.0437361412,0.09704926424563043,-0.21908129709476037,-0.2586156661745902,0.08880032905759275,0.10308702610632463,0.25105703153220277,0.9551299377596506,48.0,38.0,11.0,0.0,0.12157937530069987,0.044870062240349395
"(0.04, 0.15, 0.04)",0.8,,False,A,,1349088.5233099726,0.0838108304226145,-0.1716110747263262,-0.20993295125080264,0.07811000150981633,0.09058922656436126,0.21110013699358,0.8022369483045033,42.5,33.5,6.0,3.0,0.09733146516899346,0.19776305169549674
"(0.04, 0.15, 0.04)",0.8,,True,A,,1368694.7766376527,0.08536562332196473,-0.1854192502204401,-0.21883121555858517,0.07774581374704015,0.09290035033368092,0.21488144019864958,0.8191636604376178,45.0,37.0,8.0,0.0,0.1017662918217837,0.18083633956238232
"(0.04, 0.15, 0.04)",0.95,,False,A,,1511136.04577965,0.09609425007414674,-0.208291197344119,-0.2513755261520818,0.08743867380296884,0.10249451223329145,0.24578370093229365,0.9504260552908339,47.5,36.0,8.0,3.0,0.11691114784239079,0.04957394470916611
"(0.04, 0.15, 0.04)",0.95,,True,A,,1524491.0437361412,0.09704926424563043,-0.21908129709476037,-0.2586156661745902,0.08880032905759275,0.10308702610632463,0.25105703153220277,0.9551299377596506,48.0,38.0,11.0,0.0,0.12157937530069987,0.044870062240349395
"(0.04, 0.15, 0.08)",0.8,,False,A,,1339633.0805404065,0.08305596308847485,-0.18389549493359053,-0.21314817566544847,0.07491666077418051,0.094211381279349,0.20980574420417364,0.8011853994650462,40.5,33.5,6.0,1.0,0.0968981369556178,0.19881460053495376
"(0.04, 0.15, 0.08)",0.8,,True,A,,1368694.7766376527,0.08536562332196473,-0.1854192502204401,-0.21883121555858517,0.07774581374704015,0.09290035033368092,0.21488144019864958,0.8191636604376178,45.0,37.0,8.0,0.0,0.1017662918217837,0.18083633956238232
"(0.04, 0.15, 0.08)",0.95,,False,A,,1488443.236028973,0.09443978984139678,-0.2126770142925034,-0.2659627414877145,0.08336725366189209,0.10442414033768287,0.24310459664200212,0.9504260800348625,44.0,35.0,8.0,1.0,0.11659030857100472,0.04957391996513741
"(0.04, 0.15, 0.08)",0.95,,True,A,,1524491.0437361412,0.09704926424563043,-0.21908129709476037,-0.2586156661745902,0.08880032905759275,0.10308702610632463,0.25105703153220277,0.9551299377596506,48.0,38.0,11.0,0.0,0.12157937530069987,0.044870062240349395
"(0.04, 0.2, 0)",0.8,,False,A,,1321992.2405276932,0.08163111245500843,-0.17989471558586456,-0.21501811781666344,0.0746489204098885,0.09072189386296918,0.20582836171075736,0.8030350057953886,37.0,32.0,5.0,0.0,0.09780011145670756,0.19696499420461142
"(0.04, 0.2, 0)",0.8,,True,A,,1386154.4594919472,0.08673506912571038,-0.18711760146426282,-0.2231297874178109,0.07958203180257675,0.09828030439893194,0.21591848349589784,0.8212783540913186,40.5,33.5,7.0,0.0,0.10205630518871696,0.1787216459086815
"(0.04, 0.2, 0)",0.95,,False,A,,1454847.0122013092,0.0919689820189552,-0.20072012638245185,-0.22942293476513226,0.08811026542604627,0.11251871758551671,0.22859649334627707,0.9479347450384223,46.0,40.5,5.0,0.0,0.11028828342680573,0.0520652549615776
"(0.04, 0.2, 0)",0.95,,True,A,,1537574.3429320464,0.09798407659407515,-0.2139005363086678,-0.2660794870948837,0.08675730988199079,0.10960645616680238,0.2499391081765982,0.9559347879752589,45.0,37.0,8.0,0.0,0.1216601676337077,0.044065212024741014
"(0.04, 0.2, 0.02)",0.8,,False,A,,1328409.4937381155,0.08215152717499341,-0.18624056427813512,-0.2187137449408347,0.07531790785666866,0.09130342258675749,0.20858798981183063,0.8079717370864015,38.0,32.0,5.0,1.0,0.09885087641576998,0.19202826291359854
"(0.04, 0.2, 0.02)",0.8,,True,A,,1386154.4594919472,0.08673506912571038,-0.18711760146426282,-0.2231297874178109,0.07958203180257675,0.09828030439893194,0.21591848349589784,0.8212783540913186,40.5,33.5,7.0,0.0,0.10205630518871696,0.1787216459086815
"(0.04, 0.2, 0.02)",0.95,,False,A,,1484367.1610650993,0.09415006451756514,-0.21262428481149842,-0.24577458242587671,0.08778876699825415,0.10255593689992296,0.23835515787118935,0.9531131577310452,52.5,38.0,5.0,11.0,0.1136561966201915,0.04688684226895484
"(0.04, 0.2, 0.02)",0.95,,True,A,,1537574.3429320464,0.09798407659407515,-0.2139005363086678,-0.2660794870948837,0.08675730988199079,0.10960645616680238,0.2499391081765982,0.9559347879752589,45.0,37.0,8.0,0.0,0.1216601676337077,0.044065212024741014
"(0.04, 0.2, 0.04)",0.8,,False,A,,1321992.2405276932,0.08163111245500843,-0.17989471558586456,-0.21501811781666344,0.0746489204098885,0.09072189386296918,0.20814549547537076,0.8030350057953886,37.0,32.0,5.0,0.0,0.09780011145670756,0.19696499420461142
"(0.04, 0.2, 0.04)",0.8,,True,A,,1386154.4594919472,0.08673506912571038,-0.18711760146426282,-0.2231297874178109,0.07958203180257675,0.09828030439893194,0.21591848349589784,0.8212783540913186,40.5,33.5,7.0,0.0,0.10205630518871696,0.1787216459086815
"(0.04, 0.2, 0.04)",0.95,,False,A,,1491475.7638627016,0.0946690134701259,-0.2094196542809903,-0.2530140065124827,0.0867808811450268,0.10632411395511665,0.243840104269728,0.9422225242574289,48.0,38.5,5.0,4.0,0.11290591009308829,0.05777747574257112
"(0.04, 0.2, 0.04)",0.95,,True,A,,1537574.3429320464,0.09798407659407515,-0.2139005363086678,-0.2660794870948837,0.08675730988199079,0.10960645616680238,0.2499391081765982,0.9559347879752589,45.0,37.0,8.0,0.0,0.1216601676337077,0.044065212024741014
"(0.04, 0.2, 0.08)",0.8,,False,A,,1321992.2405276932,0.08163111245500843,-0.17989471558586456,-0.21501811781666344,0.07460673462550635,0.09072189386296918,0.20683264449496364,0.8030350057953886,37.0,32.0,5.0,0.0,0.09780011145670756,0.19696499420461142
"(0.04, 0.2, 0.08)",0.8,,True,A,,1386154.4594919472,0.08673506912571038,-0.18711760146426282,-0.2231297874178109,0.07958203180257675,0.09828030439893194,0.21591848349589784,0.8212783540913186,40.5,33.5,7.0,0.0,0.10205630518871696,0.1787216459086815
"(0.04, 0.2, 0.08)",0.95,,False,A,,1511116.5920624086,0.09609290542688409,-0.21874624685715932,-0.25040303930201646,0.08489568795571092,0.10644918403916194,0.2438566656279853,0.9434404954878299,45.0,38.0,5.0,2.0,0.1138576116066512,0.056559504512170025
"(0.04, 0.2, 0.08)",0.95,,True,A,,1537574.3429320464,0.09798407659407515,-0.2139005363086678,-0.2660794870948837,0.08675730988199079,0.10960645616680238,0.2499391081765982,0.9559347879752589,45.0,37.0,8.0,0.0,0.1216601676337077,0.044065212024741014
"(0.06, 0.03, 0)",0.8,,False,A,,1294325.0234979154,0.0793610344747897,-0.18416308167840834,-0.19729831609551518,0.0754831443553875,0.08530577490918982,0.2223817964518433,0.7946823298055121,47.5,33.5,14.0,0.0,0.0882691096894634,0.205317670194488
"(0.06, 0.03, 0)",0.8,,True,A,,1304013.8374229935,0.08016090384601993,-0.18559000225959604,-0.20214967988170265,0.07568300745236678,0.08234029321160319,0.22724958172921592,0.8082253285205931,49.0,36.0,13.0,0.0,0.08963854947412049,0.1917746714794068
"(0.06, 0.03, 0)",0.95,,False,A,,1360077.6685789358,0.08468677593062657,-0.21983308372893978,-0.23765930097863833,0.08091708153748531,0.08953735738133868,0.2526179437759134,0.9474404089967401,54.0,35.0,19.0,0.0,0.10024519866809953,0.05255959100325998
"(0.06, 0.03, 0)",0.95,,True,A,,1348081.4023742243,0.08373283293507938,-0.22536913314988494,-0.23376159839544375,0.08075078910292233,0.08793284689938825,0.260206779503995,0.9531437853274713,55.0,36.0,19.0,0.0,0.1022722289514936,0.0468562146725286
"(0.06, 0.03, 0.02)",0.8,,False,A,,1317459.3371274965,0.0812621377773356,-0.182585066221432,-0.2046572167602819,0.0772365808950671,0.0840122775607287,0.22237847841127995,0.8011587998403595,49.0,33.5,14.0,1.0,0.08815090936628642,0.19884120015964052
"(0.06, 0.03, 0.02)",0.8,,True,A,,1304013.8374229935,0.08016090384601993,-0.18559000225959604,-0.20214967988170265,0.07568300745236678,0.08234029321160319,0.22724958172921592,0.8082253285205931,49.0,36.0,13.0,0.0,0.08963854947412049,0.1917746714794068
"(0.06, 0.03, 0.02)",0.95,,False,A,,1349226.2427334352,0.08382422447669269,-0.22129085988985847,-0.23891435646140835,0.08072356683729867,0.0885680580178934,0.2553107730369283,0.945777169047223,55.0,34.0,20.0,1.0,0.10141700277267643,0.05422283095277712
"(0.06, 0.03, 0.02)",0.95,,True,A,,1348081.4023742243,0.08373283293507938,-0.22536913314988494,-0.23376159839544375,0.08075078910292233,0.08793284689938825,0.260206779503995,0.9531437853274713,55.0,36.0,19.0,0.0,0.1022722289514936,0.0468562146725286
"(0.06, 0.03, 0.04)",0.8,,False,A,,1294325.0234979154,0.0793610344747897,-0.18416308167840834,-0.19729831609551518,0.0754831443553875,0.08530577490918982,0.2223817964518433,0.7946823298055121,47.5,33.5,14.0,0.0,0.0882691096894634,0.205317670194488
"(0.06, 0.03, 0.04)",0.8,,True,A,,1304013.8374229935,0.08016090384601993,-0.18559000225959604,-0.20214967988170265,0.07568300745236678,0.08234029321160319,0.22724958172921592,0.8082253285205931,49.0,36.0,13.0,0.0,0.08963854947412049,0.1917746714794068
"(0.06, 0.03, 0.04)",0.95,,False,A,,1360077.6685789358,0.08468677593062657,-0.21983308372893978,-0.23765930097863833,0.08091708153748531,0.08953735738133868,0.2526179437759134,0.9474404089967401,54.0,35.0,19.0,0.0,0.10024519866809953,0.05255959100325998
"(0.06, 0.03, 0.04)",0.95,,True,A,,1348081.4023742243,0.08373283293507938,-0.22536913314988494,-0.23376159839544375,0.08075078910292233,0.08793284689938825,0.260206779503995,0.9531437853274713,55.0,36.0,19.0,0.0,0.1022722289514936,0.0468562146725286
"(0.06, 0.03, 0.08)",0.8,,False,A,,1294325.0234979154,0.0793610344747897,-0.18416308167840834,-0.19729831609551518,0.0754831443553875,0.08530577490918982,0.2223817964518433,0.7946823298055121,47.5,33.5,14.0,0.0,0.0882691096894634,0.205317670194488
"(0.06, 0.03, 0.08)",0.8,,True,A,,1304013.8374229935,0.08016090384601993,-0.18559000225959604,-0.20214967988170265,0.07568300745236678,0.08234029321160319,0.22724958172921592,0.8082253285205931,49.0,36.0,13.0,0.0,0.08963854947412049,0.1917746714794068
"(0.06, 0.03, 0.08)",0.95,,False,A,,1360077.6685789358,0.08468677593062657,-0.21983308372893978,-0.23765930097863833,0.08091708153748531,0.08953735738133868,0.2526179437759134,0.9474404089967401,54.0,35.0,19.0,0.0,0.10024519866809953,0.05255959100325998
"(0.06, 0.03, 0.08)",0.95,,True,A,,1348081.4023742243,0.08373283293507938,-0.22536913314988494,-0.23376159839544375,0.08075078910292233,0.08793284689938825,0.260206779503995,0.9531437853274713,55.0,36.0,19.0,0.0,0.1022722289514936,0.0468562146725286
"(0.06, 0.04, 0)",0.8,,False,A,,1350381.2540869531,0.08391634824967265,-0.18040206566651662,-0.19692521518079115,0.07896030078725673,0.08629364638426887,0.22359753180988765,0.7974465214023341,45.0,34.0,11.0,0.0,0.0896199045741847,0.20255347859766581
"(0.06, 0.04, 0)",0.8,,True,A,,1336542.8141104253,0.08280757803546279,-0.1863109318679314,-0.20722486611592533,0.07609510078228751,0.08499135487439329,0.2268255618687145,0.8084524261964011,47.0,35.0,11.0,0.0,0.09133733202323854,0.19154757380359888
"(0.06, 0.04, 0)",0.95,,False,A,,1394979.1738903993,0.08742046515520419,-0.21232754498202516,-0.23679346790451475,0.08258199505235397,0.08833896133743713,0.25888619798269197,0.9413293398765703,49.5,34.0,16.0,0.0,0.10254748128358497,0.058670660123429696
"(0.06, 0.04, 0)",0.95,,True,A,,1383675.6052038036,0.08654159911759429,-0.22211067940119378,-0.23998092995874287,0.08216076277124522,0.08861058231071584,0.26189227242044555,0.9529771756512133,52.0,36.0,15.0,0.0,0.10425507643837295,0.04702282434878668
"(0.06, 0.04, 0.02)",0.8,,False,A,,1314370.3207147955,0.08101003942879315,-0.1774512949874722,-0.1973011815912731,0.07841485179542484,0.08430499125077764,0.22359008561329446,0.7991529853795358,45.0,33.0,12.0,1.0,0.09028023921724918,0.20084701462046417
"(0.06, 0.04, 0.02)",0.8,,True,A,,1336542.8141104253,0.08280757803546279,-0.1863109318679314,-0.20722486611592533,0.07609510078228751,0.08499135487439329,0.2268255618687145,0.8084524261964011,47.0,35.0,11.0,0.0,0.09133733202323854,0.19154757380359888
"(0.06, 0.04, 0.02)",0.95,,False,A,,1388570.499080802,0.08692114288806418,-0.22092029459685109,-0.2347284316147315,0.08241239385960845,0.08970510231589304,0.25512349659491207,0.9456987654693361,51.0,34.0,16.0,1.0,0.10241452969579577,0.05430123453066393
"(0.06, 0.04, 0.02)",0.95,,True,A,,1383675.6052038036,0.08654159911759429,-0.22211067940119378,-0.23998092995874287,0.08216076277124522,0.08861058231071584,0.26189227242044555,0.9529771756512133,52.0,36.0,15.0,0.0,0.10425507643837295,0.04702282434878668
"(0.06, 0.04, 0.04)",0.8,,False,A,,1350381.2540869531,0.08391634824967265,-0.18040206566651662,-0.19692521518079115,0.07896030078725673,0.08629364638426887,0.22359753180988765,0.7974465214023341,45.0,34.0,11.0,0.0,0.0896199045741847,0.20255347859766581
"(0.06, 0.04, 0.04)",0.8,,True,A,,1336542.8141104253,0.08280757803546279,-0.1863109318679314,-0.20722486611592533,0.07609510078228751,0.08499135487439329,0.2268255618687145,0.8084524261964011,47.0,35.0,11.0,0.0,0.09133733202323854,0.19154757380359888
"(0.06, 0.04, 0.04)",0.95,,False,A,,1394979.1738903993,0.08742046515520419,-0.21232754498202516,-0.23679346790451475,0.08258199505235397,0.08833896133743713,0.25888619798269197,0.9413293398765703,49.5,34.0,16.0,0.0,0.10254748128358497,0.058670660123429696
"(0.06, 0.04, 0.04)",0.95,,True,A,,1383675.6052038036,0.08654159911759429,-0.22211067940119378,-0.23998092995874287,0.08216076277124522,0.08861058231071584,0.26189227242044555,0.9529771756512133,52.0,36.0,15.0,0.0,0.10425507643837295,0.04702282434878668
"(0.06, 0.04, 0.08)",0.8,,False,A,,1350381.2540869531,0.08391634824967265,-0.18040206566651662,-0.19692521518079115,0.07896030078725673,0.08629364638426887,0.22359753180988765,0.7974465214023341,45.0,34.0,11.0,0.0,0.0896199045741847,0.20255347859766581
"(0.06, 0.04, 0.08)",0.8,,True,A,,1336542.8141104253,0.08280757803546279,-0.1863109318679314,-0.20722486611592533,0.07609510078228751,0.08499135487439329,0.2268255618687145,0.8084524261964011,47.0,35.0,11.0,0.0,0.09133733202323854,0.19154757380359888
"(0.06, 0.04, 0.08)",0.95,,False,A,,1394979.1738903993,0.08742046515520419,-0.21232754498202516,-0.23679346790451475,0.08258199505235397,0.08833896133743713,0.25888619798269197,0.9413293398765703,49.5,34.0,16.0,0.0,0.10254748128358497,0.058670660123429696
"(0.06, 0.04, 0.08)",0.95,,True,A,,1383675.6052038036,0.08654159911759429,-0.22211067940119378,-0.23998092995874287,0.08216076277124522,0.08861058231071584,0.26189227242044555,0.9529771756512133,52.0,36.0,15.0,0.0,0.10425507643837295,0.04702282434878668
"(0.06, 0.06, 0)",0.8,,False,A,,1325695.6610475592,0.08193164166998601,-0.18183593646240803,-0.20334677363862966,0.07923169585025325,0.08790731203105602,0.22483728469933922,0.8139089483694489,42.0,34.0,8.0,0.0,0.09361252307386664,0.18609105163055098
"(0.06, 0.06, 0)",0.8,,True,A,,1377283.9701339663,0.08604187550444542,-0.18859269305429094,-0.20594109435102717,0.08250754361417037,0.08871528935903823,0.23094224750052794,0.8139089483694489,45.5,36.0,9.0,0.0,0.09598411130643958,0.18609105163055098
"(0.06, 0.06, 0)",0.95,,False,A,,1427500.4722106615,0.08991255367110784,-0.21405075791342648,-0.24270049788511597,0.08509767518246106,0.0933886655760364,0.2528804036913551,0.9404759667697793,46.0,35.0,11.0,0.0,0.10490220693826367,0.05952403323022072
"(0.06, 0.06, 0)",0.95,,True,A,,1435836.6538316393,0.09054268986358072,-0.21155997441590246,-0.2509384252603488,0.0838741728000623,0.09341825720957413,0.26278839860405434,0.9529457723118913,49.0,37.0,12.0,0.0,0.10782757346883573,0.04705422768810884
"(0.06, 0.06, 0.02)",0.8,,False,A,,1363402.4370848155,0.08495009447233004,-0.1826469891621968,-0.19818169232986155,0.08097634901133507,0.08732901555385916,0.22647483288162312,0.8139089483694489,45.0,34.0,8.0,3.0,0.0939410536854327,0.18609105163055098
"(0.06, 0.06, 0.02)",0.8,,True,A,,1377283.9701339663,0.08604187550444542,-0.18859269305429094,-0.20594109435102717,0.08250754361417037,0.08871528935903823,0.23094224750052794,0.8139089483694489,45.5,36.0,9.0,0.0,0.09598411130643958,0.18609105163055098
"(0.06, 0.06, 0.02)",0.95,,False,A,,1442478.263708125,0.09104314467853403,-0.2148466356835726,-0.24581703073809477,0.08313453622378623,0.09355662057561924,0.2547264238029396,0.9451333505597734,48.0,35.0,11.0,2.0,0.10484712952108799,0.054866649440226574
"(0.06, 0.06, 0.02)",0.95,,True,A,,1435836.6538316393,0.09054268986358072,-0.21155997441590246,-0.2509384252603488,0.0838741728000623,0.09341825720957413,0.26278839860405434,0.9529457723118913,49.0,37.0,12.0,0.0,0.10782757346883573,0.04705422768810884
"(0.06, 0.06, 0.04)",0.8,,False,A,,1368029.4974547557,0.08531395068028047,-0.18156401668358074,-0.2049061326276841,0.08089559422178391,0.08985166108216106,0.22627878408954344,0.8139089483694489,43.5,34.0,8.0,1.0,0.09438978486898317,0.18609105163055098
"(0.06, 0.06, 0.04)",0.8,,True,A,,1377283.9701339663,0.08604187550444542,-0.18859269305429094,-0.20594109435102717,0.08250754361417037,0.08871528935903823,0.23094224750052794,0.8139089483694489,45.5,36.0,9.0,0.0,0.09598411130643958,0.18609105163055098
"(0.06, 0.06, 0.04)",0.95,,False,A,,1431511.687865644,0.09021639280920268,-0.21405075791342648,-0.24270049788511597,0.08476589062624551,0.09228621602317424,0.2529768804220738,0.9412053051913852,46.5,35.0,11.0,0.0,0.1048832965665647,0.05879469480861474
"(0.06, 0.06, 0.04)",0.95,,True,A,,1435836.6538316393,0.09054268986358072,-0.21155997441590246,-0.2509384252603488,0.0838741728000623,0.09341825720957413,0.26278839860405434,0.9529457723118913,49.0,37.0,12.0,0.0,0.10782757346883573,0.04705422768810884
"(0.06, 0.06, 0.08)",0.8,,False,A,,1325695.6610475592,0.08193164166998601,-0.18183593646240803,-0.20334677363862966,0.07923169585025325,0.08790731203105602,0.22483728469933922,0.8139089483694489,42.0,34.0,8.0,0.0,0.09361252307386664,0.18609105163055098
"(0.06, 0.06, 0.08)",0.8,,True,A,,1377283.9701339663,0.08604187550444542,-0.18859269305429094,-0.20594109435102717,0.08250754361417037,0.08871528935903823,0.23094224750052794,0.8139089483694489,45.5,36.0,9.0,0.0,0.09598411130643958,0.18609105163055098
"(0.06, 0.06, 0.08)",0.95,,False,A,,1427500.4722106615,0.08991255367110784,-0.21405075791342648,-0.24270049788511597,0.08509767518246106,0.0933886655760364,0.2528804036913551,0.9404759667697793,46.0,35.0,11.0,0.0,0.10490220693826367,0.05952403323022072
"(0.06, 0.06, 0.08)",0.95,,True,A,,1435836.6538316393,0.09054268986358072,-0.21155997441590246,-0.2509384252603488,0.0838741728000623,0.09341825720957413,0.26278839860405434,0.9529457723118913,49.0,37.0,12.0,0.0,0.10782757346883573,0.04705422768810884
"(0.06, 0.08, 0)",0.8,,False,A,,1360592.6948882428,0.08472777324094771,-0.18412213697998225,-0.20470455876117874,0.08084031335752787,0.08868077468718168,0.2269303700585522,0.7964639363349784,40.0,33.0,7.0,0.0,0.09586660080248141,0.20353606366502175
"(0.06, 0.08, 0)",0.8,,True,A,,1381516.0459683014,0.08637334286902454,-0.18180346465004754,-0.20665556293981052,0.07985919200902931,0.08936907224032646,0.23309061924712077,0.8168476286444646,43.0,35.0,8.0,0.0,0.09906404083101547,0.18315237135553536
"(0.06, 0.08, 0)",0.95,,False,A,,1464601.0757550634,0.09269287732126208,-0.20364745579499655,-0.2353542059111257,0.08713881934389996,0.09723020018696335,0.25868830877495824,0.9347556424538122,44.0,35.0,9.0,0.0,0.10866489451314419,0.06524435754618793
"(0.06, 0.08, 0)",0.95,,True,A,,1480785.8229113303,0.09388307057483025,-0.21161969928046942,-0.2481327137564996,0.08958756995577657,0.09863075136436432,0.2661679428169455,0.9530694734728511,47.0,37.0,10.0,0.0,0.11225716842112814,0.04693052652714888
"(0.06, 0.08, 0.02)",0.8,,False,A,,1380980.9999168387,0.08633157025329496,-0.17902876339094093,-0.19369252542764462,0.08149067001486425,0.09039833373843591,0.2291892427102244,0.7979293827218875,43.0,32.5,7.0,3.0,0.09621406715464993,0.20207061727811246
"(0.06, 0.08, 0.02)",0.8,,True,A,,1381516.0459683014,0.08637334286902454,-0.18180346465004754,-0.20665556293981052,0.07985919200902931,0.08936907224032646,0.23309061924712077,0.8168476286444646,43.0,35.0,8.0,0.0,0.09906404083101547,0.18315237135553536
"(0.06, 0.08, 0.02)",0.95,,False,A,,1471664.884921374,0.09321633279206276,-0.21087347925779715,-0.23440350098653556,0.08995904770555589,0.09707617319208132,0.2608858175725972,0.9459831757517827,48.0,35.0,9.0,4.0,0.11046110676304993,0.05401682424821728
"(0.06, 0.08, 0.02)",0.95,,True,A,,1480785.8229113303,0.09388307057483025,-0.21161969928046942,-0.2481327137564996,0.08958756995577657,0.09863075136436432,0.2661679428169455,0.9530694734728511,47.0,37.0,10.0,0.0,0.11225716842112814,0.04693052652714888
"(0.06, 0.08, 0.04)",0.8,,False,A,,1387678.575942913,0.08685216185397115,-0.18139561467282211,-0.19885583571389903,0.07948581499778103,0.08832277714098763,0.22558959980001742,0.7928641444180639,40.0,32.0,7.0,1.0,0.09562204844227266,0.20713585558193615
"(0.06, 0.08, 0.04)",0.8,,True,A,,1381516.0459683014,0.08637334286902454,-0.18180346465004754,-0.20665556293981052,0.07985919200902931,0.08936907224032646,0.23309061924712077,0.8168476286444646,43.0,35.0,8.0,0.0,0.09906404083101547,0.18315237135553536
"(0.06, 0.08, 0.04)",0.95,,False,A,,1467557.597730359,0.0929112183665689,-0.2035670016911273,-0.24069395442937214,0.08931359219816619,0.09589431057610118,0.2621123489227466,0.9376091688948824,45.0,34.0,9.0,2.0,0.11051120030841004,0.06239083110511755
"(0.06, 0.08, 0.04)",0.95,,True,A,,1480785.8229113303,0.09388307057483025,-0.21161969928046942,-0.2481327137564996,0.08958756995577657,0.09863075136436432,0.2661679428169455,0.9530694734728511,47.0,37.0,10.0,0.0,0.11225716842112814,0.04693052652714888
"(0.06, 0.08, 0.08)",0.8,,False,A,,1360592.6948882428,0.08472777324094771,-0.18412213697998225,-0.20470455876117874,0.08084031335752787,0.08868077468718168,0.2269303700585522,0.7964639363349784,40.0,33.0,7.0,0.0,0.09586660080248141,0.20353606366502175
"(0.06, 0.08, 0.08)",0.8,,True,A,,1381516.0459683014,0.08637334286902454,-0.18180346465004754,-0.20665556293981052,0.07985919200902931,0.08936907224032646,0.23309061924712077,0.8168476286444646,43.0,35.0,8.0,0.0,0.09906404083101547,0.18315237135553536
"(0.06, 0.08, 0.08)",0.95,,False,A,,1464601.0757550634,0.09269287732126208,-0.20364745579499655,-0.2353542059111257,0.08713881934389996,0.09723020018696335,0.25868830877495824,0.9347556424538122,44.0,35.0,9.0,0.0,0.10866489451314419,0.06524435754618793
"(0.06, 0.08, 0.08)",0.95,,True,A,,1480785.8229113303,0.09388307057483025,-0.21161969928046942,-0.2481327137564996,0.08958756995577657,0.09863075136436432,0.2661679428169455,0.9530694734728511,47.0,37.0,10.0,0.0,0.11225716842112814,0.04693052652714888
"(0.06, 0.1, 0)",0.8,,False,A,,1364012.035447699,0.08499826133375155,-0.18352369726249274,-0.19937834382612454,0.07898273209879554,0.08927102564413814,0.22728040807930272,0.7997877887395675,38.0,31.0,7.0,0.0,0.09651008256732739,0.2002122112604325
"(0.06, 0.1, 0)",0.8,,True,A,,1391755.0596885215,0.08717054363923704,-0.1877684003497635,-0.20840300317149602,0.078748879721355,0.09115350076529345,0.23460783201872415,0.8147523192848072,42.0,34.0,8.0,0.0,0.10055130642561547,0.18524768071519274
"(0.06, 0.1, 0)",0.95,,False,A,,1510651.0125606998,0.09605939427668209,-0.2008390760574354,-0.23726511575265202,0.08904196211488084,0.10007153514625092,0.25964898130051167,0.9450143144315918,44.0,36.0,8.0,0.0,0.11249264161102598,0.054985685568408216
"(0.06, 0.1, 0)",0.95,,True,A,,1512093.8811887708,0.09616126731046126,-0.21346949333660586,-0.24768865325333267,0.09103048871072746,0.09996851307679691,0.269842133227903,0.9555301872513147,46.0,37.0,9.0,0.0,0.11665321002568772,0.0444698127486853
"(0.06, 0.1, 0.02)",0.8,,False,A,,1369638.7098691277,0.08544203018278851,-0.1835235703403093,-0.20329584652643673,0.07960567031713461,0.08830845432943882,0.22868148633747382,0.7997878254670482,38.0,30.0,7.0,1.0,0.09630214741148,0.20021217453295187
"(0.06, 0.1, 0.02)",0.8,,True,A,,1391755.0596885215,0.08717054363923704,-0.1877684003497635,-0.20840300317149602,0.078748879721355,0.09115350076529345,0.23460783201872415,0.8147523192848072,42.0,34.0,8.0,0.0,0.10055130642561547,0.18524768071519274
"(0.06, 0.1, 0.02)",0.95,,False,A,,1523522.106549794,0.096983214121389,-0.2026319721986488,-0.24171215382495992,0.08923915319783478,0.09993258157740506,0.26096297099667304,0.9450532930225924,47.5,34.0,8.0,5.5,0.11470619258132166,0.0549467069774076
"(0.06, 0.1, 0.02)",0.95,,True,A,,1512093.8811887708,0.09616126731046126,-0.21346949333660586,-0.24768865325333267,0.09103048871072746,0.09996851307679691,0.269842133227903,0.9555301872513147,46.0,37.0,9.0,0.0,0.11665321002568772,0.0444698127486853
"(0.06, 0.1, 0.04)",0.8,,False,A,,1364012.035447699,0.08499826133375155,-0.18352369726249274,-0.19937834382612454,0.07898273209879554,0.08927102564413814,0.22728040807930272,0.7997877887395675,38.0,31.0,7.0,0.0,0.09651008256732739,0.2002122112604325
"(0.06, 0.1, 0.04)",0.8,,True,A,,1391755.0596885215,0.08717054363923704,-0.1877684003497635,-0.20840300317149602,0.078748879721355,0.09115350076529345,0.23460783201872415,0.8147523192848072,42.0,34.0,8.0,0.0,0.10055130642561547,0.18524768071519274
"(0.06, 0.1, 0.04)",0.95,,False,A,,1498055.2040718982,0.09514375923384588,-0.2083502140522674,-0.2376640160827359,0.08757129976905245,0.10072019583272462,0.2623471060034879,0.9450144778991888,44.0,34.0,8.0,3.0,0.11492106854622462,0.054985522100811236
"(0.06, 0.1, 0.04)",0.95,,True,A,,1512093.8811887708,0.09616126731046126,-0.21346949333660586,-0.24768865325333267,0.09103048871072746,0.09996851307679691,0.269842133227903,0.9555301872513147,46.0,37.0,9.0,0.0,0.11665321002568772,0.0444698127486853
"(0.06, 0.1, 0.08)",0.8,,False,A,,1364012.035447699,0.08499826133375155,-0.18352369726249274,-0.19937834382612454,0.07898273209879554,0.08927102564413814,0.22728040807930272,0.7997877887395675,38.0,31.0,7.0,0.0,0.09651008256732739,0.2002122112604325
"(0.06, 0.1, 0.08)",0.8,,True,A,,1391755.0596885215,0.08717054363923704,-0.1877684003497635,-0.20840300317149602,0.078748879721355,0.09115350076529345,0.23460783201872415,0.8147523192848072,42.0,34.0,8.0,0.0,0.10055130642561547,0.18524768071519274
"(0.06, 0.1, 0.08)",0.95,,False,A,,1519450.4959162949,0.09669172346801225,-0.20826418677469105,-0.2491387113031765,0.08854411601698713,0.10104162134102665,0.2603949999060931,0.9450144778991888,43.0,34.0,8.0,1.0,0.1147577577302904,0.054985522100811236
"(0.06, 0.1, 0.08)",0.95,,True,A,,1512093.8811887708,0.09616126731046126,-0.21346949333660586,-0.24768865325333267,0.09103048871072746,0.09996851307679691,0.269842133227903,0.9555301872513147,46.0,37.0,9.0,0.0,0.11665321002568772,0.0444698127486853
"(0.06, 0.12, 0)",0.8,,False,A,,1347583.9037139122,0.0836931148907124,-0.1800500963655597,-0.19595835956498944,0.07937801503637065,0.08918970387801117,0.22517982483752996,0.814968315927286,35.0,30.0,5.0,0.0,0.09745101296659146,0.18503168407271403
"(0.06, 0.12, 0)",0.8,,True,A,,1383007.9242727994,0.08648986997880104,-0.1848221937183787,-0.2066723268585758,0.07740977735728885,0.09302659566337852,0.23348144108592764,0.8163076582850983,41.0,34.0,7.0,0.0,0.10027944350607257,0.18369234171490173
"(0.06, 0.12, 0)",0.95,,False,A,,1506738.7304865434,0.09577709928054923,-0.20687587408432634,-0.24233979222691898,0.08768881770624978,0.09966815366725883,0.26016013760364654,0.9402095609420185,40.0,32.0,8.0,0.0,0.11643303339680547,0.05979043905798162
"(0.06, 0.12, 0)",0.95,,True,A,,1528199.8514136535,0.09731758693461234,-0.20964879129348912,-0.2508445299785222,0.0878817834290487,0.10168091016009302,0.26748446966513384,0.9548327101763129,44.0,35.0,9.0,0.0,0.11889704890541608,0.04516728982368704
"(0.06, 0.12, 0.02)",0.8,,False,A,,1398292.0545475292,0.08767612939664704,-0.17780021548845742,-0.19615097710226395,0.0849914327497503,0.0899001250470366,0.22649556908457627,0.814968315927286,42.0,31.0,5.0,6.0,0.09766028911456598,0.18503168407271403
"(0.06, 0.12, 0.02)",0.8,,True,A,,1383007.9242727994,0.08648986997880104,-0.1848221937183787,-0.2066723268585758,0.07740977735728885,0.09302659566337852,0.23348144108592764,0.8163076582850983,41.0,34.0,7.0,0.0,0.10027944350607257,0.18369234171490173
"(0.06, 0.12, 0.02)",0.95,,False,A,,1498150.2400032575,0.09515339322145522,-0.20687587408432634,-0.2446335382934148,0.08434652275825275,0.10033193227629462,0.26392348263334386,0.945321327598257,42.0,32.0,8.0,3.0,0.11687356855588327,0.05467867240174304
"(0.06, 0.12, 0.02)",0.95,,True,A,,1528199.8514136535,0.09731758693461234,-0.20964879129348912,-0.2508445299785222,0.0878817834290487,0.10168091016009302,0.26748446966513384,0.9548327101763129,44.0,35.0,9.0,0.0,0.11889704890541608,0.04516728982368704
"(0.06, 0.12, 0.04)",0.8,,False,A,,1384940.4830138586,0.08664058016777065,-0.1815404374476121,-0.1994440547737841,0.0819866359661728,0.09152977814822802,0.2265143622532375,0.814968315927286,39.0,32.0,5.0,2.0,0.0977534538549939,0.18503168407271403
"(0.06, 0.12, 0.04)",0.8,,True,A,,1383007.9242727994,0.08648986997880104,-0.1848221937183787,-0.2066723268585758,0.07740977735728885,0.09302659566337852,0.23348144108592764,0.8163076582850983,41.0,34.0,7.0,0.0,0.10027944350607257,0.18369234171490173
"(0.06, 0.12, 0.04)",0.95,,False,A,,1508876.0461629906,0.09593140812165968,-0.20687587408432634,-0.24233979222691898,0.08731190531622138,0.09917344437973066,0.262948635190246,0.9467783946286443,41.0,32.0,8.0,0.0,0.11691177626837235,0.053221605371355646
"(0.06, 0.12, 0.04)",0.95,,True,A,,1528199.8514136535,0.09731758693461234,-0.20964879129348912,-0.2508445299785222,0.0878817834290487,0.10168091016009302,0.26748446966513384,0.9548327101763129,44.0,35.0,9.0,0.0,0.11889704890541608,0.04516728982368704
"(0.06, 0.12, 0.08)",0.8,,False,A,,1387317.8123453145,0.08682547902145943,-0.17769761722074218,-0.20426823517414022,0.08254368795057901,0.09114054632416779,0.22496883000330464,0.814968315927286,38.0,32.0,5.0,1.0,0.09771978391510955,0.18503168407271403
"(0.06, 0.12, 0.08)",0.8,,True,A,,1383007.9242727994,0.08648986997880104,-0.1848221937183787,-0.2066723268585758,0.07740977735728885,0.09302659566337852,0.23348144108592764,0.8163076582850983,41.0,34.0,7.0,0.0,0.10027944350607257,0.18369234171490173
"(0.06, 0.12, 0.08)",0.95,,False,A,,1506738.7304865434,0.09577709928054923,-0.20687587408432634,-0.24233979222691898,0.08768881770624978,0.09966815366725883,0.26016013760364654,0.9402095609420185,40.0,32.0,8.0,0.0,0.11643303339680547,0.05979043905798162
"(0.06, 0.12, 0.08)",0.95,,True,A,,1528199.8514136535,0.09731758693461234,-0.20964879129348912,-0.2508445299785222,0.0878817834290487,0.10168091016009302,0.26748446966513384,0.9548327101763129,44.0,35.0,9.0,0.0,0.11889704890541608,0.04516728982368704
"(0.06, 0.15, 0)",0.8,,False,A,,1365336.449758879,0.08510287447779685,-0.18864828376136628,-0.2085335235254807,0.08106601963343565,0.0890047995793287,0.22407832629155408,0.7891772764438578,35.0,31.0,4.0,0.0,0.09544713977525736,0.21082272355614223
"(0.06, 0.15, 0)",0.8,,True,A,,1380397.3609290463,0.0862858095687482,-0.17783090522770778,-0.20888385007816473,0.08160391928580166,0.09123129700789097,0.2326473084340414,0.817796690047701,39.0,33.0,6.0,0.0,0.10007797980114538,0.182203309952299
"(0.06, 0.15, 0)",0.95,,False,A,,1491116.6339497613,0.09464324959753978,-0.21048850919759426,-0.23991955409979254,0.08881361346751623,0.10232790656129889,0.2563543888067716,0.9368816455339823,39.5,33.5,6.0,0.0,0.11388479570243669,0.06311835446601761
"(0.06, 0.15, 0)",0.95,,True,A,,1527835.0604094132,0.09728916185629621,-0.21262629605904898,-0.2442686094715376,0.08814379257601876,0.10317472059955007,0.2677412391075218,0.954990289641495,42.0,33.0,8.0,0.0,0.11930757614562995,0.04500971035850508
"(0.06, 0.15, 0.02)",0.8,,False,A,,1372580.3874078318,0.08567338952325732,-0.17885248655663677,-0.19731905475252734,0.0819328746628147,0.08927614946915319,0.22787558110946132,0.8023551026814606,40.0,31.0,4.0,5.0,0.09693507853556461,0.1976448973185394
"(0.06, 0.15, 0.02)",0.8,,True,A,,1380397.3609290463,0.0862858095687482,-0.17783090522770778,-0.20888385007816473,0.08160391928580166,0.09123129700789097,0.2326473084340414,0.817796690047701,39.0,33.0,6.0,0.0,0.10007797980114538,0.182203309952299
"(0.06, 0.15, 0.02)",0.95,,False,A,,1509109.9485817202,0.09594764043847792,-0.21261996082227397,-0.24102120366587873,0.08818861343310969,0.10239467008952573,0.2636162342778342,0.9456609457812777,44.0,32.0,6.0,5.5,0.11545525604643431,0.054339054218722316
"(0.06, 0.15, 0.02)",0.95,,True,A,,1527835.0604094132,0.09728916185629621,-0.21262629605904898,-0.2442686094715376,0.08814379257601876,0.10317472059955007,0.2677412391075218,0.954990289641495,42.0,33.0,8.0,0.0,0.11930757614562995,0.04500971035850508
"(0.06, 0.15, 0.04)",0.8,,False,A,,1349585.9087891597,0.08385288831426285,-0.183568173418943,-0.20249733339257314,0.08154152510283512,0.09064288545444364,0.22381936942738112,0.8008425533783396,36.5,30.5,4.0,3.0,0.09729004748386365,0.19915744662166035
"(0.06, 0.15, 0.04)",0.8,,True,A,,1380397.3609290463,0.0862858095687482,-0.17783090522770778,-0.20888385007816473,0.08160391928580166,0.09123129700789097,0.2326473084340414,0.817796690047701,39.0,33.0,6.0,0.0,0.10007797980114538,0.182203309952299
"(0.06, 0.15, 0.04)",0.95,,False,A,,1467784.6284979144,0.0929297095655065,-0.21548075514680598,-0.23686541281958107,0.08688167615451463,0.10257418717485345,0.2616707913786526,0.9451622216510458,40.5,31.5,6.0,3.0,0.11610468607772166,0.05483777834895412
"(0.06, 0.15, 0.04)",0.95,,True,A,,1527835.0604094132,0.09728916185629621,-0.21262629605904898,-0.2442686094715376,0.08814379257601876,0.10317472059955007,0.2677412391075218,0.954990289641495,42.0,33.0,8.0,0.0,0.11930757614562995,0.04500971035850508
"(0.06, 0.15, 0.08)",0.8,,False,A,,1366898.902028868,0.08522489501323449,-0.17502989412012104,-0.21148431694759015,0.08362753466588799,0.09058375630362121,0.22478944055465355,0.8053443366124755,36.0,31.0,4.0,1.0,0.09681390221275052,0.19465566338752455
"(0.06, 0.15, 0.08)",0.8,,True,A,,1380397.3609290463,0.0862858095687482,-0.17783090522770778,-0.20888385007816473,0.08160391928580166,0.09123129700789097,0.2326473084340414,0.817796690047701,39.0,33.0,6.0,0.0,0.10007797980114538,0.182203309952299
"(0.06, 0.15, 0.08)",0.95,,False,A,,1477473.2952794335,0.09364376927920404,-0.21462870840978404,-0.24059319339580076,0.08644394047974235,0.10423682194414667,0.2592161914719876,0.9449446056026236,39.0,32.0,6.0,1.0,0.11500840343563018,0.05505539439737639
"(0.06, 0.15, 0.08)",0.95,,True,A,,1527835.0604094132,0.09728916185629621,-0.21262629605904898,-0.2442686094715376,0.08814379257601876,0.10317472059955007,0.2677412391075218,0.954990289641495,42.0,33.0,8.0,0.0,0.11930757614562995,0.04500971035850508
"(0.06, 0.2, 0)",0.8,,False,A,,1361555.5846010786,0.08480401792860293,-0.19381714941140482,-0.20726814999382484,0.08161390539047678,0.09158214525405284,0.22275304650286454,0.8101407876252225,34.0,31.0,3.0,0.0,0.10221561969578477,0.1898592123747775
"(0.06, 0.2, 0)",0.8,,True,A,,1385958.9386098734,0.0867189505508641,-0.1894826473166083,-0.21455632828100984,0.08354804883290698,0.09147235679502604,0.2320146403839165,0.8161290547420426,37.0,32.0,5.0,0.0,0.10302020274206,0.1838709452579575
"(0.06, 0.2, 0)",0.95,,False,A,,1453755.9523226214,0.09188760919865524,-0.19808990448101182,-0.22277214481390922,0.08772938318787564,0.10128487243081422,0.2558293632140701,0.9443875395018471,37.0,33.0,4.0,0.0,0.11290253017691704,0.05561246049815295
"(0.06, 0.2, 0)",0.95,,True,A,,1519163.4267081148,0.0966685018167186,-0.21635408801769995,-0.24751280153064373,0.08972059108203748,0.10533468847871309,0.2656622696255303,0.9556156027388689,40.0,33.5,6.0,0.0,0.11921315774762807,0.04438439726113101
"(0.06, 0.2, 0.02)",0.8,,False,A,,1368921.517112714,0.0853855529933808,-0.19381815958446014,-0.21140814520667697,0.08215889165831036,0.09211866012768387,0.2260621664304524,0.8101407876252225,35.5,31.0,3.0,1.0,0.10272308166347666,0.1898592123747775
"(0.06, 0.2, 0.02)",0.8,,True,A,,1385958.9386098734,0.0867189505508641,-0.1894826473166083,-0.21455632828100984,0.08354804883290698,0.09147235679502604,0.2320146403839165,0.8161290547420426,37.0,32.0,5.0,0.0,0.10302020274206,0.1838709452579575
"(0.06, 0.2, 0.02)",0.95,,False,A,,1509202.2254651068,0.09595486087059912,-0.20045036136052785,-0.24126096749254103,0.09329285628880872,0.1033734036358172,0.2620771016246648,0.9461743914311636,45.5,32.0,4.0,10.0,0.11574483206405611,0.053825608568836406
"(0.06, 0.2, 0.02)",0.95,,True,A,,1519163.4267081148,0.0966685018167186,-0.21635408801769995,-0.24751280153064373,0.08972059108203748,0.10533468847871309,0.2656622696255303,0.9556156027388689,40.0,33.5,6.0,0.0,0.11921315774762807,0.04438439726113101
"(0.06, 0.2, 0.04)",0.8,,False,A,,1361555.5846010786,0.08480401792860293,-0.19381714941140482,-0.20726814999382484,0.08161390539047678,0.09158214525405284,0.22275304650286454,0.8101407876252225,34.0,31.0,3.0,0.0,0.10221561969578477,0.1898592123747775
"(0.06, 0.2, 0.04)",0.8,,True,A,,1385958.9386098734,0.0867189505508641,-0.1894826473166083,-0.21455632828100984,0.08354804883290698,0.09147235679502604,0.2320146403839165,0.8161290547420426,37.0,32.0,5.0,0.0,0.10302020274206,0.1838709452579575
"(0.06, 0.2, 0.04)",0.95,,False,A,,1521785.6347295442,0.09685893319216676,-0.2002052496415525,-0.2402466052535657,0.09371987795843031,0.10434249298838534,0.2586679715076752,0.9437471986497887,41.0,32.5,4.0,4.0,0.1148412337488708,0.05625280135021132
"(0.06, 0.2, 0.04)",0.95,,True,A,,1519163.4267081148,0.0966685018167186,-0.21635408801769995,-0.24751280153064373,0.08972059108203748,0.10533468847871309,0.2656622696255303,0.9556156027388689,40.0,33.5,6.0,0.0,0.11921315774762807,0.04438439726113101
"(0.06, 0.2, 0.08)",0.8,,False,A,,1361555.5846010786,0.08480401792860293,-0.19381714941140482,-0.20726814999382484,0.08161390539047678,0.09158214525405284,0.22275304650286454,0.8101407876252225,34.0,31.0,3.0,0.0,0.10221561969578477,0.1898592123747775
"(0.06, 0.2, 0.08)",0.8,,True,A,,1385958.9386098734,0.0867189505508641,-0.1894826473166083,-0.21455632828100984,0.08354804883290698,0.09147235679502604,0.2320146403839165,0.8161290547420426,37.0,32.0,5.0,0.0,0.10302020274206,0.1838709452579575
"(0.06, 0.2, 0.08)",0.95,,False,A,,1501947.1155880815,0.09543043995599221,-0.207333795649772,-0.23070869243856523,0.09193252191397969,0.10404331377673004,0.25944113440321565,0.9377157742654824,38.5,32.5,4.0,2.0,0.11609625282672695,0.06228422573451767
"(0.06, 0.2, 0.08)",0.95,,True,A,,1519163.4267081148,0.0966685018167186,-0.21635408801769995,-0.24751280153064373,0.08972059108203748,0.10533468847871309,0.2656622696255303,0.9556156027388689,40.0,33.5,6.0,0.0,0.11921315774762807,0.04438439726113101
