weights,cap,panic_max_pos,win,drop,final,cagr,max_dd,dd_p10,cagr_p10,cagr_p90,avg_exp,max_exp,n,n0,n1,n2,vol,min_cash
"(0, 0.02, 0)",0.9,15.0,A,,993294.1151989017,0.051348718132673055,-0.11074984661797932,-0.11075145230581204,0.05134857727486952,0.051348917896438626,0.10510898958541116,0.846785476470463,53.0,0.0,53.0,0.0,0.05120164543787836,0.15321452352953702
"(0, 0.02, 0)",0.9,,A,,993294.1151989017,0.051348718132673055,-0.11074984661797932,-0.11075145230581204,0.05134857727486952,0.051348917896438626,0.10510898958541116,0.846785476470463,53.0,0.0,53.0,0.0,0.05120164543787836,0.15321452352953702
"(0, 0.02, 0)",1.0,15.0,A,,993294.1151989017,0.051348718132673055,-0.11074984661797932,-0.11075145230581204,0.05134857727486952,0.051348917896438626,0.10510898958541116,0.846785476470463,53.0,0.0,53.0,0.0,0.05120164543787836,0.15321452352953702
"(0, 0.02, 0)",1.0,,A,,993294.1151989017,0.051348718132673055,-0.11074984661797932,-0.11075145230581204,0.05134857727486952,0.051348917896438626,0.10510898958541116,0.846785476470463,53.0,0.0,53.0,0.0,0.05120164543787836,0.15321452352953702
"(0, 0.02, 0.01)",0.9,15.0,A,,993294.1151989017,0.051348718132673055,-0.11074984661797932,-0.11075145230581204,0.05134857727486952,0.051348917896438626,0.10510898958541116,0.846785476470463,53.0,0.0,53.0,0.0,0.05120164543787836,0.15321452352953702
"(0, 0.02, 0.01)",0.9,,A,,1052516.0713041597,0.05741415044023901,-0.15530420558211278,-0.1553060802288853,0.056159250987117756,0.05749433614661623,0.13053851276958012,0.8975845230911239,76.0,0.0,47.0,29.0,0.06406017576422607,0.10241547690887606
"(0, 0.02, 0.01)",1.0,15.0,A,,993294.1151989017,0.051348718132673055,-0.11074984661797932,-0.11075145230581204,0.05134857727486952,0.051348917896438626,0.10510898958541116,0.846785476470463,53.0,0.0,53.0,0.0,0.05120164543787836,0.15321452352953702
"(0, 0.02, 0.01)",1.0,,A,,1072805.8624956473,0.05942162505263593,-0.15530420558211278,-0.1553060802288853,0.059362136022184986,0.06069621039587854,0.13676502074026473,0.9941569046299816,81.0,0.0,52.0,29.0,0.06676823775364071,0.005843095370018429
"(0, 0.02, 0.02)",0.9,15.0,A,,993294.1151989017,0.051348718132673055,-0.11074984661797932,-0.11075145230581204,0.05134857727486952,0.051348917896438626,0.10510898958541116,0.846785476470463,53.0,0.0,53.0,0.0,0.05120164543787836,0.15321452352953702
"(0, 0.02, 0.02)",0.9,,A,,1079994.1133060418,0.060124633072318856,-0.2025308660601381,-0.2048144012051189,0.0600546116571228,0.0613693310661928,0.14864128933797732,0.8968738536172804,67.0,0.0,38.0,29.0,0.07654478252522318,0.10312614638271951
"(0, 0.02, 0.02)",1.0,15.0,A,,993294.1151989017,0.051348718132673055,-0.11074984661797932,-0.11075145230581204,0.05134857727486952,0.051348917896438626,0.10510898958541116,0.846785476470463,53.0,0.0,53.0,0.0,0.05120164543787836,0.15321452352953702
"(0, 0.02, 0.02)",1.0,,A,,1111460.4143541367,0.0631532639462602,-0.20631886077693795,-0.20632429982703887,0.06309215571933646,0.06320735815113372,0.15589533504906314,0.9876230422131285,72.0,0.0,43.0,29.0,0.07959290901922172,0.012376957786871468
"(0, 0.02, 0.03)",0.9,15.0,A,,993294.1151989017,0.051348718132673055,-0.11074984661797932,-0.11075145230581204,0.05134857727486952,0.051348917896438626,0.10510898958541116,0.846785476470463,53.0,0.0,53.0,0.0,0.05120164543787836,0.15321452352953702
"(0, 0.02, 0.03)",0.9,,A,,1103123.6239149477,0.06235728557737297,-0.1902843166701777,-0.21033200000314434,0.060806756354861505,0.06340981553673275,0.148968333642175,0.8904563774986516,58.0,0.0,39.0,19.0,0.07666526150172348,0.10954362250134843
"(0, 0.02, 0.03)",1.0,15.0,A,,993294.1151989017,0.051348718132673055,-0.11074984661797932,-0.11075145230581204,0.05134857727486952,0.051348917896438626,0.10510898958541116,0.846785476470463,53.0,0.0,53.0,0.0,0.05120164543787836,0.15321452352953702
"(0, 0.02, 0.03)",1.0,,A,,1154755.4459911953,0.06719656996168832,-0.2073536584802238,-0.2132576325395989,0.06588818661146419,0.06735362458472904,0.1619001290894208,0.9919471539853364,63.0,0.0,40.0,23.0,0.08455898161685348,0.008052846014663554
"(0, 0.02, 0.04)",0.9,15.0,A,,993294.1151989017,0.051348718132673055,-0.11074984661797932,-0.11075145230581204,0.05134857727486952,0.051348917896438626,0.10510898958541116,0.846785476470463,53.0,0.0,53.0,0.0,0.05120164543787836,0.15321452352953702
"(0, 0.02, 0.04)",0.9,,A,,1102387.2353016161,0.062287588503640356,-0.19408445902401045,-0.2194885438317145,0.05919577203185191,0.06442135490447345,0.14773028481357559,0.896820285245345,53.0,0.0,39.0,14.0,0.0768278718992178,0.10317971475465507
"(0, 0.02, 0.04)",1.0,15.0,A,,993294.1151989017,0.051348718132673055,-0.11074984661797932,-0.11075145230581204,0.05134857727486952,0.051348917896438626,0.10510898958541116,0.846785476470463,53.0,0.0,53.0,0.0,0.05120164543787836,0.15321452352953702
"(0, 0.02, 0.04)",1.0,,A,,1146013.8092458253,0.066389178585751,-0.204167406787385,-0.23890865348344775,0.06407270923377932,0.06916526157782513,0.16367039692919083,0.9924892448879558,57.0,0.0,40.0,17.0,0.08440628342994823,0.0075107551120442585
"(0, 0.02, 0.06)",0.9,15.0,A,,993294.1151989017,0.051348718132673055,-0.11074984661797932,-0.11075145230581204,0.05134857727486952,0.051348917896438626,0.10510898958541116,0.846785476470463,53.0,0.0,53.0,0.0,0.05120164543787836,0.15321452352953702
"(0, 0.02, 0.06)",0.9,,A,,1091263.9804060115,0.061218115895040226,-0.1932098159391903,-0.22674624008150535,0.05778425623988768,0.06517198290349498,0.1480231963097507,0.892993349518104,47.5,0.0,38.5,9.0,0.07686591215005253,0.10700665048189598
"(0, 0.02, 0.06)",1.0,15.0,A,,993294.1151989017,0.051348718132673055,-0.11074984661797932,-0.11075145230581204,0.05134857727486952,0.051348917896438626,0.10510898958541116,0.846785476470463,53.0,0.0,53.0,0.0,0.05120164543787836,0.15321452352953702
"(0, 0.02, 0.06)",1.0,,A,,1128968.383730093,0.06480490051299026,-0.2206130912709091,-0.24484344922740203,0.0613189180055103,0.07050317781967282,0.16249754830770768,0.9925553817787909,51.0,0.0,40.0,11.0,0.08518780610719968,0.007444618221209101
"(0, 0.02, 0.08)",0.9,15.0,A,,993294.1151989017,0.051348718132673055,-0.11074984661797932,-0.11075145230581204,0.05134857727486952,0.051348917896438626,0.10510898958541116,0.846785476470463,53.0,0.0,53.0,0.0,0.05120164543787836,0.15321452352953702
"(0, 0.02, 0.08)",0.9,,A,,1101629.1890776053,0.062215361182600404,-0.20131507422467015,-0.22438182923752603,0.05831268981643332,0.0647286656592195,0.14617197575526994,0.899176455822603,45.0,0.0,38.0,7.0,0.07731756206513933,0.10082354417739692
"(0, 0.02, 0.08)",1.0,15.0,A,,993294.1151989017,0.051348718132673055,-0.11074984661797932,-0.11075145230581204,0.05134857727486952,0.051348917896438626,0.10510898958541116,0.846785476470463,53.0,0.0,53.0,0.0,0.05120164543787836,0.15321452352953702
"(0, 0.02, 0.08)",1.0,,A,,1126911.1874413057,0.06461218590364948,-0.2101862198081092,-0.25966232479928614,0.061333660639675755,0.07087536725946951,0.1612906376920693,0.9953904203718855,48.0,0.0,40.0,8.0,0.08513872744510073,0.004609579628114535
"(0, 0.02, 0.1)",0.9,15.0,A,,993294.1151989017,0.051348718132673055,-0.11074984661797932,-0.11075145230581204,0.05134857727486952,0.051348917896438626,0.10510898958541116,0.846785476470463,53.0,0.0,53.0,0.0,0.05120164543787836,0.15321452352953702
"(0, 0.02, 0.1)",0.9,,A,,1106026.8830628004,0.06263584891637908,-0.17876648256076944,-0.23167599889007245,0.05630879297601179,0.06630873825563308,0.14163023070891656,0.8991853956655993,48.0,0.0,43.0,5.0,0.07444026582410518,0.10081460433440076
"(0, 0.02, 0.1)",1.0,15.0,A,,993294.1151989017,0.051348718132673055,-0.11074984661797932,-0.11075145230581204,0.05134857727486952,0.051348917896438626,0.10510898958541116,0.846785476470463,53.0,0.0,53.0,0.0,0.05120164543787836,0.15321452352953702
"(0, 0.02, 0.1)",1.0,,A,,1145965.556732052,0.06638686244500669,-0.20559394641164075,-0.24997323765668084,0.06118046915738651,0.07021251110690593,0.15561143645714992,0.9929280141102355,50.0,0.0,44.0,6.0,0.08282637875155342,0.007071985889764577
"(0, 0.02, 0.15)",0.9,15.0,A,,993294.1151989017,0.051348718132673055,-0.11074984661797932,-0.11075145230581204,0.05134857727486952,0.051348917896438626,0.10510898958541116,0.846785476470463,53.0,0.0,53.0,0.0,0.05120164543787836,0.15321452352953702
"(0, 0.02, 0.15)",0.9,,A,,1088354.625990144,0.06093699324389923,-0.173493584293191,-0.23188204650116317,0.055299531782525044,0.06670914531638653,0.14210783358682122,0.8997007359644011,46.0,0.0,43.0,3.0,0.07556594778793492,0.10029926403559894
"(0, 0.02, 0.15)",1.0,15.0,A,,993294.1151989017,0.051348718132673055,-0.11074984661797932,-0.11075145230581204,0.05134857727486952,0.051348917896438626,0.10510898958541116,0.846785476470463,53.0,0.0,53.0,0.0,0.05120164543787836,0.15321452352953702
"(0, 0.02, 0.15)",1.0,,A,,1124741.3014361174,0.06440841789530483,-0.20457705838580348,-0.25815934428906084,0.05972943935860751,0.07047024543658442,0.15618929687080288,0.9912203025717757,45.0,0.0,41.0,4.0,0.08405989702815317,0.008779697428224233
"(0, 0.03, 0)",0.9,15.0,A,,1043915.9947710456,0.05655272506888287,-0.1507592933404242,-0.15076597879585024,0.05655238905372704,0.05655319407581638,0.1320432351232077,0.8923971282047256,41.0,0.0,41.0,0.0,0.0648072897738609,0.10760287179527428
"(0, 0.03, 0)",0.9,,A,,1043915.9947710456,0.05655272506888287,-0.1507592933404242,-0.15076597879585024,0.05655238905372704,0.05655319407581638,0.1320432351232077,0.8923971282047256,41.0,0.0,41.0,0.0,0.0648072897738609,0.10760287179527428
"(0, 0.03, 0)",1.0,15.0,A,,1072120.6793054447,0.05935439079578342,-0.1507592933404242,-0.15076597879585024,0.0574610161904443,0.05954351767454904,0.13930813606314557,0.9758118639394425,44.0,0.0,44.0,0.0,0.06779242743855243,0.024188136060557426
"(0, 0.03, 0)",1.0,,A,,1072120.6793054447,0.05935439079578342,-0.1507592933404242,-0.15076597879585024,0.0574610161904443,0.05954351767454904,0.13930813606314557,0.9758118639394425,44.0,0.0,44.0,0.0,0.06779242743855243,0.024188136060557426
"(0, 0.03, 0.01)",0.9,15.0,A,,1043915.9947710456,0.05655272506888287,-0.1507592933404242,-0.15076597879585024,0.05655238905372704,0.05655319407581638,0.1320432351232077,0.8923971282047256,41.0,0.0,41.0,0.0,0.0648072897738609,0.10760287179527428
"(0, 0.03, 0.01)",0.9,,A,,1089697.1292692455,0.061066931068456176,-0.1868624189871475,-0.19681610925223314,0.05917936530997121,0.061709071895630484,0.14872649005232041,0.8939688662379174,65.0,0.0,35.0,30.0,0.07431436406091897,0.10603113376208267
"(0, 0.03, 0.01)",1.0,15.0,A,,1072120.6793054447,0.05935439079578342,-0.1507592933404242,-0.15076597879585024,0.0574610161904443,0.05954351767454904,0.13930813606314557,0.9758118639394425,44.0,0.0,44.0,0.0,0.06779242743855243,0.024188136060557426
"(0, 0.03, 0.01)",1.0,,A,,1122214.9185008674,0.06417069242870466,-0.20377685269138957,-0.2037812204828509,0.06225260651594331,0.0642770850790781,0.15798688588504226,0.9916786809323461,69.0,0.0,38.0,31.0,0.07892951186057671,0.008321319067653925
"(0, 0.03, 0.02)",0.9,15.0,A,,1043915.9947710456,0.05655272506888287,-0.1507592933404242,-0.15076597879585024,0.05655238905372704,0.05655319407581638,0.1320432351232077,0.8923971282047256,41.0,0.0,41.0,0.0,0.0648072897738609,0.10760287179527428
"(0, 0.03, 0.02)",0.9,,A,,1129132.3658181597,0.06482048219496694,-0.19392603447280748,-0.19972930734530597,0.06279885507357644,0.06564214545072362,0.15668727552310685,0.9055216783720097,55.0,0.0,33.0,22.0,0.08025707265083734,0.09447832162799026
"(0, 0.03, 0.02)",1.0,15.0,A,,1072120.6793054447,0.05935439079578342,-0.1507592933404242,-0.15076597879585024,0.0574610161904443,0.05954351767454904,0.13930813606314557,0.9758118639394425,44.0,0.0,44.0,0.0,0.06779242743855243,0.024188136060557426
"(0, 0.03, 0.02)",1.0,,A,,1169836.3052192824,0.06857294364151545,-0.217921157690752,-0.22375526937186438,0.0666957719089695,0.0686896236772669,0.17026992199122315,0.9955662280692023,61.0,0.0,34.0,27.0,0.08759046369158274,0.0044337719307977926
"(0, 0.03, 0.03)",0.9,15.0,A,,1043915.9947710456,0.05655272506888287,-0.1507592933404242,-0.15076597879585024,0.05655238905372704,0.05655319407581638,0.1320432351232077,0.8923971282047256,41.0,0.0,41.0,0.0,0.0648072897738609,0.10760287179527428
"(0, 0.03, 0.03)",0.9,,A,,1111528.95189232,0.06315977447833865,-0.19114415560053688,-0.21285984658762785,0.06117696292216659,0.06577299469443161,0.1534878212446874,0.8919495042645273,46.0,0.0,32.0,14.0,0.07930241382125136,0.10805049573547257
"(0, 0.03, 0.03)",1.0,15.0,A,,1072120.6793054447,0.05935439079578342,-0.1507592933404242,-0.15076597879585024,0.0574610161904443,0.05954351767454904,0.13930813606314557,0.9758118639394425,44.0,0.0,44.0,0.0,0.06779242743855243,0.024188136060557426
"(0, 0.03, 0.03)",1.0,,A,,1170877.6278430698,0.06866739060603222,-0.20835527013310973,-0.23168706290549398,0.0657957120883182,0.0708517529174364,0.16844829576423104,0.9919535557056641,52.0,0.0,34.0,18.0,0.08725272518279001,0.008046444294335951
"(0, 0.03, 0.04)",0.9,15.0,A,,1043915.9947710456,0.05655272506888287,-0.1507592933404242,-0.15076597879585024,0.05655238905372704,0.05655319407581638,0.1320432351232077,0.8923971282047256,41.0,0.0,41.0,0.0,0.0648072897738609,0.10760287179527428
"(0, 0.03, 0.04)",0.9,,A,,1111945.8502368152,0.06319905212128207,-0.20497970579167496,-0.21452000120915637,0.06005339432646837,0.06696131442485194,0.15621890535541658,0.9056700414127183,43.0,0.0,32.0,11.0,0.08067478140736772,0.09432995858728165
"(0, 0.03, 0.04)",1.0,15.0,A,,1072120.6793054447,0.05935439079578342,-0.1507592933404242,-0.15076597879585024,0.0574610161904443,0.05954351767454904,0.13930813606314557,0.9758118639394425,44.0,0.0,44.0,0.0,0.06779242743855243,0.024188136060557426
"(0, 0.03, 0.04)",1.0,,A,,1164640.1862772643,0.06810052445512993,-0.21496609168267733,-0.23912110919979795,0.06435760769433407,0.07147792603097894,0.16905494611060895,0.9924642812373774,47.0,0.0,34.0,13.0,0.08716185505953658,0.007535718762622625
"(0, 0.03, 0.06)",0.9,15.0,A,,1043915.9947710456,0.05655272506888287,-0.1507592933404242,-0.15076597879585024,0.05655238905372704,0.05655319407581638,0.1320432351232077,0.8923971282047256,41.0,0.0,41.0,0.0,0.0648072897738609,0.10760287179527428
"(0, 0.03, 0.06)",0.9,,A,,1112116.3974515274,0.0632154916997858,-0.19938191696941054,-0.21860579284467874,0.06045701649414574,0.06652631387697014,0.15289578869237275,0.8953730449548113,39.0,0.0,32.0,7.0,0.08004632279730556,0.10462695504518871
"(0, 0.03, 0.06)",1.0,15.0,A,,1072120.6793054447,0.05935439079578342,-0.1507592933404242,-0.15076597879585024,0.0574610161904443,0.05954351767454904,0.13930813606314557,0.9758118639394425,44.0,0.0,44.0,0.0,0.06779242743855243,0.024188136060557426
"(0, 0.03, 0.06)",1.0,,A,,1156335.2406045762,0.06734078942309629,-0.218171789150368,-0.24961430429515225,0.06388077802348995,0.07201422153309019,0.16882274095166044,0.9971017421124984,42.0,0.0,33.0,9.0,0.08893043560709998,0.0028982578875015
"(0, 0.03, 0.08)",0.9,15.0,A,,1043915.9947710456,0.05655272506888287,-0.1507592933404242,-0.15076597879585024,0.05655238905372704,0.05655319407581638,0.1320432351232077,0.8923971282047256,41.0,0.0,41.0,0.0,0.0648072897738609,0.10760287179527428
"(0, 0.03, 0.08)",0.9,,A,,1129153.3055881322,0.0648223270016759,-0.19613707616764875,-0.22808822592467382,0.05880703885225498,0.06723782657176855,0.1529383656821025,0.896258184183005,39.0,0.0,34.0,5.0,0.07927864783211838,0.1037418158169951
"(0, 0.03, 0.08)",1.0,15.0,A,,1072120.6793054447,0.05935439079578342,-0.1507592933404242,-0.15076597879585024,0.0574610161904443,0.05954351767454904,0.13930813606314557,0.9758118639394425,44.0,0.0,44.0,0.0,0.06779242743855243,0.024188136060557426
"(0, 0.03, 0.08)",1.0,,A,,1164403.6725812631,0.06807877996715361,-0.21761010550727683,-0.24474657943660957,0.06262929348235095,0.07035758654622852,0.1654520582489138,0.9795681317848247,41.0,0.0,35.0,6.0,0.08668947986418149,0.020431868215175217
"(0, 0.03, 0.1)",0.9,15.0,A,,1043915.9947710456,0.05655272506888287,-0.1507592933404242,-0.15076597879585024,0.05655238905372704,0.05655319407581638,0.1320432351232077,0.8923971282047256,41.0,0.0,41.0,0.0,0.0648072897738609,0.10760287179527428
"(0, 0.03, 0.1)",0.9,,A,,1110073.210982359,0.06302138270553592,-0.19544002882794548,-0.22316665764154445,0.05901394582101331,0.0675537107287302,0.1539597411061966,0.8889593765200512,36.0,0.0,32.0,4.0,0.07944437694615379,0.11104062347994886
"(0, 0.03, 0.1)",1.0,15.0,A,,1072120.6793054447,0.05935439079578342,-0.1507592933404242,-0.15076597879585024,0.0574610161904443,0.05954351767454904,0.13930813606314557,0.9758118639394425,44.0,0.0,44.0,0.0,0.06779242743855243,0.024188136060557426
"(0, 0.03, 0.1)",1.0,,A,,1183986.4793545608,0.06984987786264674,-0.2148060753326716,-0.2557184644156182,0.061882428800031405,0.0721799121575134,0.16510602909398736,0.9787098481168043,41.0,0.0,36.0,5.0,0.08706034038148094,0.02129015188319576
"(0, 0.03, 0.15)",0.9,15.0,A,,1043915.9947710456,0.05655272506888287,-0.1507592933404242,-0.15076597879585024,0.05655238905372704,0.05655319407581638,0.1320432351232077,0.8923971282047256,41.0,0.0,41.0,0.0,0.0648072897738609,0.10760287179527428
"(0, 0.03, 0.15)",0.9,,A,,1069439.5504234398,0.05908971134671237,-0.19360505902909475,-0.22293969970759803,0.05700451894043339,0.06489254394003315,0.14563602677682946,0.8841024484415514,33.0,0.0,31.0,2.0,0.07744248750282942,0.11589755155844866
"(0, 0.03, 0.15)",1.0,15.0,A,,1072120.6793054447,0.05935439079578342,-0.1507592933404242,-0.15076597879585024,0.0574610161904443,0.05954351767454904,0.13930813606314557,0.9758118639394425,44.0,0.0,44.0,0.0,0.06779242743855243,0.024188136060557426
"(0, 0.03, 0.15)",1.0,,A,,1159775.961298773,0.06765638882861924,-0.2122768465658364,-0.2530469410906734,0.06148640528945597,0.0727909584082362,0.16473390232092627,0.9877278127000506,39.0,0.0,36.0,3.0,0.08794564713680181,0.012272187299949371
"(0, 0.04, 0)",0.9,15.0,A,,1098215.1752877221,0.061887942902406845,-0.17774900399727117,-0.1911599083582898,0.0593605089329281,0.06198444958464326,0.14845269660828408,0.9015413910610961,34.0,0.0,34.0,0.0,0.07433342695388831,0.09845860893890387
"(0, 0.04, 0)",0.9,,A,,1098215.1752877221,0.061887942902406845,-0.17774900399727117,-0.1911599083582898,0.0593605089329281,0.06198444958464326,0.14845269660828408,0.9015413910610961,34.0,0.0,34.0,0.0,0.07433342695388831,0.09845860893890387
"(0, 0.04, 0)",1.0,15.0,A,,1125016.4184703357,0.06443428530911877,-0.19280250637625435,-0.197455926883138,0.06190233134244261,0.06454034284762669,0.156338324696361,0.9753603865254511,36.0,0.0,36.0,0.0,0.07810151652715538,0.024639613474548887
"(0, 0.04, 0)",1.0,,A,,1125016.4184703357,0.06443428530911877,-0.19280250637625435,-0.197455926883138,0.06190233134244261,0.06454034284762669,0.156338324696361,0.9753603865254511,36.0,0.0,36.0,0.0,0.07810151652715538,0.024639613474548887
"(0, 0.04, 0.01)",0.9,15.0,A,,1098215.1752877221,0.061887942902406845,-0.17774900399727117,-0.1911599083582898,0.0593605089329281,0.06198444958464326,0.14845269660828408,0.9015413910610961,34.0,0.0,34.0,0.0,0.07433342695388831,0.09845860893890387
"(0, 0.04, 0.01)",0.9,,A,,1119776.2050501711,0.06394074189313059,-0.19525649435536518,-0.19526467297926192,0.061353745975869844,0.06402044684998946,0.16216111274067913,0.9053045013720658,60.0,0.0,29.0,31.0,0.081659165942142,0.09469549862793426
"(0, 0.04, 0.01)",1.0,15.0,A,,1125016.4184703357,0.06443428530911877,-0.19280250637625435,-0.197455926883138,0.06190233134244261,0.06454034284762669,0.156338324696361,0.9753603865254511,36.0,0.0,36.0,0.0,0.07810151652715538,0.024639613474548887
"(0, 0.04, 0.01)",1.0,,A,,1156731.1617687019,0.06737780473151167,-0.2124215181262522,-0.21242966286484827,0.06489012118335154,0.06801542241679293,0.17304607022917712,0.9974153369029928,62.0,0.0,32.0,30.0,0.08696876725028166,0.002584663097007292
"(0, 0.04, 0.02)",0.9,15.0,A,,1098215.1752877221,0.061887942902406845,-0.17774900399727117,-0.1911599083582898,0.0593605089329281,0.06198444958464326,0.14845269660828408,0.9015413910610961,34.0,0.0,34.0,0.0,0.07433342695388831,0.09845860893890387
"(0, 0.04, 0.02)",0.9,,A,,1123857.170726311,0.06432521085583864,-0.1900923070859028,-0.20395279954819864,0.062049673133385164,0.06663585447497467,0.16104682744344856,0.897225945264609,44.0,0.0,29.0,15.0,0.0815201569157268,0.10277405473539093
"(0, 0.04, 0.02)",1.0,15.0,A,,1125016.4184703357,0.06443428530911877,-0.19280250637625435,-0.197455926883138,0.06190233134244261,0.06454034284762669,0.156338324696361,0.9753603865254511,36.0,0.0,36.0,0.0,0.07810151652715538,0.024639613474548887
"(0, 0.04, 0.02)",1.0,,A,,1176575.9751038249,0.06918288501981695,-0.21040720241673555,-0.22386868428104886,0.06672037542929417,0.07065758890240155,0.17527784502536428,0.9903299200610467,50.0,0.0,31.0,19.0,0.08961249671577495,0.009670079938953262
"(0, 0.04, 0.03)",0.9,15.0,A,,1098215.1752877221,0.061887942902406845,-0.17774900399727117,-0.1911599083582898,0.0593605089329281,0.06198444958464326,0.14845269660828408,0.9015413910610961,34.0,0.0,34.0,0.0,0.07433342695388831,0.09845860893890387
"(0, 0.04, 0.03)",0.9,,A,,1120137.9807312167,0.06397487363533616,-0.19427984251202063,-0.20927552145018036,0.062121339519523255,0.06687936820312326,0.16006177768729404,0.8894201878454884,38.5,0.0,29.5,9.0,0.08206673227248831,0.11057981215451174
"(0, 0.04, 0.03)",1.0,15.0,A,,1125016.4184703357,0.06443428530911877,-0.19280250637625435,-0.197455926883138,0.06190233134244261,0.06454034284762669,0.156338324696361,0.9753603865254511,36.0,0.0,36.0,0.0,0.07810151652715538,0.024639613474548887
"(0, 0.04, 0.03)",1.0,,A,,1181815.1934348694,0.069654322837165,-0.21513054681599098,-0.23011357538110958,0.06669571038041795,0.07137953872111442,0.17491678954950968,0.9943525591684856,44.0,0.0,31.0,13.0,0.08996956899666655,0.005647440831514468
"(0, 0.04, 0.04)",0.9,15.0,A,,1098215.1752877221,0.061887942902406845,-0.17774900399727117,-0.1911599083582898,0.0593605089329281,0.06198444958464326,0.14845269660828408,0.9015413910610961,34.0,0.0,34.0,0.0,0.07433342695388831,0.09845860893890387
"(0, 0.04, 0.04)",0.9,,A,,1123918.9750039368,0.06433108503894391,-0.19458203479853053,-0.2090865991249673,0.06219828402479612,0.06721536105334965,0.16109337762382323,0.8969079307995221,36.0,0.0,29.0,7.0,0.08201525166141109,0.10309206920047782
"(0, 0.04, 0.04)",1.0,15.0,A,,1125016.4184703357,0.06443428530911877,-0.19280250637625435,-0.197455926883138,0.06190233134244261,0.06454034284762669,0.156338324696361,0.9753603865254511,36.0,0.0,36.0,0.0,0.07810151652715538,0.024639613474548887
"(0, 0.04, 0.04)",1.0,,A,,1164241.6107910627,0.06806416341249277,-0.214573588168329,-0.2341915052648853,0.06602449421662818,0.07082779633803844,0.17407379358987324,0.9819248680012533,39.5,0.0,30.5,9.0,0.08958310772628632,0.018075131998746618
"(0, 0.04, 0.06)",0.9,15.0,A,,1098215.1752877221,0.061887942902406845,-0.17774900399727117,-0.1911599083582898,0.0593605089329281,0.06198444958464326,0.14845269660828408,0.9015413910610961,34.0,0.0,34.0,0.0,0.07433342695388831,0.09845860893890387
"(0, 0.04, 0.06)",0.9,,A,,1128324.4921470499,0.06474478057990618,-0.19291189548143062,-0.21266840996166803,0.06198073877051689,0.06632082763248073,0.159559141522577,0.8945017891399253,34.0,0.0,30.0,4.0,0.08102851266604894,0.10549821086007471
"(0, 0.04, 0.06)",1.0,15.0,A,,1125016.4184703357,0.06443428530911877,-0.19280250637625435,-0.197455926883138,0.06190233134244261,0.06454034284762669,0.156338324696361,0.9753603865254511,36.0,0.0,36.0,0.0,0.07810151652715538,0.024639613474548887
"(0, 0.04, 0.06)",1.0,,A,,1177135.1533746202,0.06923334717666363,-0.21613945345420243,-0.2327709638160247,0.06437143309416182,0.07238523410923814,0.17490256219596945,0.9773962938245726,37.0,0.0,31.0,6.0,0.08925406521740883,0.022603706175427368
"(0, 0.04, 0.08)",0.9,15.0,A,,1098215.1752877221,0.061887942902406845,-0.17774900399727117,-0.1911599083582898,0.0593605089329281,0.06198444958464326,0.14845269660828408,0.9015413910610961,34.0,0.0,34.0,0.0,0.07433342695388831,0.09845860893890387
"(0, 0.04, 0.08)",0.9,,A,,1124558.1115763593,0.064391153249031,-0.1898259314805883,-0.2110776184053722,0.0612939878627329,0.06906561581113231,0.1580015240148459,0.8831394107186678,33.0,0.0,30.0,3.0,0.08092512420178985,0.11686058928133225
"(0, 0.04, 0.08)",1.0,15.0,A,,1125016.4184703357,0.06443428530911877,-0.19280250637625435,-0.197455926883138,0.06190233134244261,0.06454034284762669,0.156338324696361,0.9753603865254511,36.0,0.0,36.0,0.0,0.07810151652715538,0.024639613474548887
"(0, 0.04, 0.08)",1.0,,A,,1167441.4845996816,0.06835544841707775,-0.2124718107773519,-0.23405760106437848,0.06562142866583953,0.07148467283952009,0.17198759092928095,0.982533134137052,35.0,0.0,31.0,4.0,0.08827137055908449,0.01746686586294799
"(0, 0.04, 0.1)",0.9,15.0,A,,1098215.1752877221,0.061887942902406845,-0.17774900399727117,-0.1911599083582898,0.0593605089329281,0.06198444958464326,0.14845269660828408,0.9015413910610961,34.0,0.0,34.0,0.0,0.07433342695388831,0.09845860893890387
"(0, 0.04, 0.1)",0.9,,A,,1102082.0011467761,0.062258200520252105,-0.19739431403288965,-0.210110972744527,0.06080013879848127,0.06602921262035284,0.15769532925260843,0.8955271111877892,31.0,0.0,29.0,2.0,0.08037723704107705,0.10447288881221081
"(0, 0.04, 0.1)",1.0,15.0,A,,1125016.4184703357,0.06443428530911877,-0.19280250637625435,-0.197455926883138,0.06190233134244261,0.06454034284762669,0.156338324696361,0.9753603865254511,36.0,0.0,36.0,0.0,0.07810151652715538,0.024639613474548887
"(0, 0.04, 0.1)",1.0,,A,,1168936.7660695468,0.06849121752786624,-0.2101118465659978,-0.23190655805436006,0.06435080442796678,0.0735757933591205,0.17159607551182696,0.9822740990952215,35.0,0.0,32.0,3.0,0.08809233861692994,0.017725900904778498
"(0, 0.04, 0.15)",0.9,15.0,A,,1098215.1752877221,0.061887942902406845,-0.17774900399727117,-0.1911599083582898,0.0593605089329281,0.06198444958464326,0.14845269660828408,0.9015413910610961,34.0,0.0,34.0,0.0,0.07433342695388831,0.09845860893890387
"(0, 0.04, 0.15)",0.9,,A,,1094296.0038065496,0.0615109023014736,-0.20140504644535406,-0.21409259438032552,0.06073716842422534,0.06595514687598283,0.1526202316211458,0.886088679492552,31.0,0.0,30.0,1.0,0.07776623415754746,0.11391132050744796
"(0, 0.04, 0.15)",1.0,15.0,A,,1125016.4184703357,0.06443428530911877,-0.19280250637625435,-0.197455926883138,0.06190233134244261,0.06454034284762669,0.156338324696361,0.9753603865254511,36.0,0.0,36.0,0.0,0.07810151652715538,0.024639613474548887
"(0, 0.04, 0.15)",1.0,,A,,1136548.1356042526,0.06551196294267925,-0.22162397190799343,-0.24137838581185,0.06344366959837058,0.07053425462922894,0.16827944033267866,0.9821639077209678,31.0,0.0,29.0,2.0,0.08850144577426769,0.01783609227903209
"(0, 0.06, 0)",0.9,15.0,A,,1148680.2380145732,0.06663752955562297,-0.19315886403241272,-0.1991553567981248,0.0628729230390506,0.06694700346610487,0.167793816039003,0.8660669541409247,26.0,0.0,26.0,0.0,0.08510017156823656,0.13393304585907528
"(0, 0.06, 0)",0.9,,A,,1148680.2380145732,0.06663752955562297,-0.19315886403241272,-0.1991553567981248,0.0628729230390506,0.06694700346610487,0.167793816039003,0.8660669541409247,26.0,0.0,26.0,0.0,0.08510017156823656,0.13393304585907528
"(0, 0.06, 0)",1.0,15.0,A,,1188046.8490497456,0.07021381053722509,-0.20675631386163928,-0.21362975965952613,0.06642481276782082,0.07045461663245911,0.18280341100400638,0.9705799792540841,28.0,0.0,28.0,0.0,0.09215805555537852,0.02942002074591584
"(0, 0.06, 0)",1.0,,A,,1188046.8490497456,0.07021381053722509,-0.20675631386163928,-0.21362975965952613,0.06642481276782082,0.07045461663245911,0.18280341100400638,0.9705799792540841,28.0,0.0,28.0,0.0,0.09215805555537852,0.02942002074591584
"(0, 0.06, 0.01)",0.9,15.0,A,,1151948.2699770755,0.06693858302693878,-0.19506324287681187,-0.2009286568997961,0.06315724552256097,0.06728361242072808,0.1688134622331418,0.8741144282082848,27.0,0.0,26.0,1.0,0.08540728479753815,0.12588557179171517
"(0, 0.06, 0.01)",0.9,,A,,1162352.8156945924,0.06789193278971528,-0.19785781558018206,-0.20597030318584786,0.06438001305221738,0.06866403877505982,0.1734652748070536,0.9052278162553524,32.0,0.0,26.0,7.0,0.0879870589764927,0.09477218374464749
"(0, 0.06, 0.01)",1.0,15.0,A,,1188046.8490497456,0.07021381053722509,-0.20675631386163928,-0.21362975965952613,0.06642481276782082,0.07045461663245911,0.18280341100400638,0.9705799792540841,28.0,0.0,28.0,0.0,0.09215805555537852,0.02942002074591584
"(0, 0.06, 0.01)",1.0,,A,,1197885.139396539,0.071090890141286,-0.2130323560242895,-0.22506434800746639,0.06737209899335286,0.07161077429521748,0.1880589725452207,0.9919114503479707,38.0,0.0,27.0,11.0,0.09510281228602513,0.008088549652029271
"(0, 0.06, 0.02)",0.9,15.0,A,,1155216.3019395773,0.06723886556957437,-0.19427718418293122,-0.204212780223152,0.06344824811570611,0.06761925773149095,0.16992217799969941,0.882443636215408,27.0,0.0,26.0,1.0,0.08595147755318291,0.11755636378459204
"(0, 0.06, 0.02)",0.9,,A,,1158451.356341083,0.06753515449240666,-0.19529413885078623,-0.20588270111176152,0.06325390237943554,0.06879626526575414,0.17326680666039224,0.8971908444886052,28.0,0.0,26.0,3.0,0.08752481562812733,0.10280915551139486
"(0, 0.06, 0.02)",1.0,15.0,A,,1188046.8490497456,0.07021381053722509,-0.20675631386163928,-0.21362975965952613,0.06642481276782082,0.07045461663245911,0.18280341100400638,0.9705799792540841,28.0,0.0,28.0,0.0,0.09215805555537852,0.02942002074591584
"(0, 0.06, 0.02)",1.0,,A,,1195241.5522022853,0.0708558548161583,-0.2105942412758558,-0.2252887839660222,0.0681703745214554,0.07308862217757292,0.18871489141363795,0.995501300590274,32.5,0.0,27.0,4.5,0.09521469332606677,0.004498699409725944
"(0, 0.06, 0.03)",0.9,15.0,A,,1158484.3339020796,0.06753838135201573,-0.19366390933486527,-0.20782144410813375,0.0637866898640265,0.06789985555004072,0.17069459615505966,0.8908215506242989,27.0,0.0,26.0,1.0,0.08671621686856787,0.10917844937570118
"(0, 0.06, 0.03)",0.9,,A,,1158484.3339020796,0.06753838135201573,-0.19366390933486527,-0.20782144410813375,0.06361881858712541,0.06791354853095855,0.17219266564302355,0.8915323216339055,27.0,0.0,26.0,1.0,0.0868536921013707,0.10846767836609449
"(0, 0.06, 0.03)",1.0,15.0,A,,1188046.8490497456,0.07021381053722509,-0.20675631386163928,-0.21362975965952613,0.06642481276782082,0.07045461663245911,0.18280341100400638,0.9705799792540841,28.0,0.0,28.0,0.0,0.09215805555537852,0.02942002074591584
"(0, 0.06, 0.03)",1.0,,A,,1199470.5379495118,0.07123158580787381,-0.21205809334071923,-0.22392909687820528,0.0683612196290698,0.07342150391179827,0.18751704755673054,0.9919161698349259,31.0,0.0,27.0,3.5,0.0950844628404486,0.008083830165074107
"(0, 0.06, 0.04)",0.9,15.0,A,,1161752.3658645814,0.06783713450833373,-0.19334132459813402,-0.2051359852302909,0.06316988427206918,0.06818587656506674,0.1718266726872566,0.8969094014844322,27.0,0.0,26.0,1.0,0.08734099237736456,0.1030905985155678
"(0, 0.06, 0.04)",0.9,,A,,1161752.3658645814,0.06783713450833373,-0.19334132459813402,-0.2051359852302909,0.06181102656347355,0.06819153188616726,0.17405256128824514,0.897722157119439,27.0,0.0,26.0,1.0,0.08747759181846629,0.10227784288056094
"(0, 0.06, 0.04)",1.0,15.0,A,,1188046.8490497456,0.07021381053722509,-0.20675631386163928,-0.21362975965952613,0.06642481276782082,0.07045461663245911,0.18280341100400638,0.9705799792540841,28.0,0.0,28.0,0.0,0.09215805555537852,0.02942002074591584
"(0, 0.06, 0.04)",1.0,,A,,1195837.1506484374,0.07090884003562314,-0.21462628824478042,-0.23174888460362314,0.06869383189680522,0.07292069121590661,0.18748524904325464,0.9841150383417661,29.0,0.0,27.0,2.0,0.09547373760146616,0.015884961658233908
"(0, 0.06, 0.06)",0.9,15.0,A,,1148680.2380145732,0.06663752955562297,-0.19315886403241272,-0.1991553567981248,0.0628729230390506,0.06694700346610487,0.167793816039003,0.8660669541409247,26.0,0.0,26.0,0.0,0.08510017156823656,0.13393304585907528
"(0, 0.06, 0.06)",0.9,,A,,1148680.2380145732,0.06663752955562297,-0.19315886403241272,-0.1991553567981248,0.0628729230390506,0.06694700346610487,0.167793816039003,0.8660669541409247,26.0,0.0,26.0,0.0,0.08510017156823656,0.13393304585907528
"(0, 0.06, 0.06)",1.0,15.0,A,,1188046.8490497456,0.07021381053722509,-0.20675631386163928,-0.21362975965952613,0.06642481276782082,0.07045461663245911,0.18280341100400638,0.9705799792540841,28.0,0.0,28.0,0.0,0.09215805555537852,0.02942002074591584
"(0, 0.06, 0.06)",1.0,,A,,1187684.443124222,0.0701813770544395,-0.21451489916935212,-0.22688200465043,0.06804527638904767,0.07075494676905857,0.18398403658918805,0.9667052515342203,28.0,0.0,27.0,1.0,0.09336416782314842,0.03329474846577971
"(0, 0.06, 0.08)",0.9,15.0,A,,1148680.2380145732,0.06663752955562297,-0.19315886403241272,-0.1991553567981248,0.0628729230390506,0.06694700346610487,0.167793816039003,0.8660669541409247,26.0,0.0,26.0,0.0,0.08510017156823656,0.13393304585907528
"(0, 0.06, 0.08)",0.9,,A,,1148680.2380145732,0.06663752955562297,-0.19315886403241272,-0.1991553567981248,0.0628729230390506,0.06694700346610487,0.167793816039003,0.8660669541409247,26.0,0.0,26.0,0.0,0.08510017156823656,0.13393304585907528
"(0, 0.06, 0.08)",1.0,15.0,A,,1188046.8490497456,0.07021381053722509,-0.20675631386163928,-0.21362975965952613,0.06642481276782082,0.07045461663245911,0.18280341100400638,0.9705799792540841,28.0,0.0,28.0,0.0,0.09215805555537852,0.02942002074591584
"(0, 0.06, 0.08)",1.0,,A,,1194220.0957013727,0.07076490582399253,-0.21920749339629847,-0.23299314667071208,0.06870623892750657,0.07142614265619725,0.18752812603130958,0.9838069417665345,28.0,0.0,27.0,1.0,0.09451412121459482,0.01619305823346555
"(0, 0.06, 0.1)",0.9,15.0,A,,1148680.2380145732,0.06663752955562297,-0.19315886403241272,-0.1991553567981248,0.0628729230390506,0.06694700346610487,0.167793816039003,0.8660669541409247,26.0,0.0,26.0,0.0,0.08510017156823656,0.13393304585907528
"(0, 0.06, 0.1)",0.9,,A,,1148680.2380145732,0.06663752955562297,-0.19315886403241272,-0.1991553567981248,0.0628729230390506,0.06694700346610487,0.167793816039003,0.8660669541409247,26.0,0.0,26.0,0.0,0.08510017156823656,0.13393304585907528
"(0, 0.06, 0.1)",1.0,15.0,A,,1188046.8490497456,0.07021381053722509,-0.20675631386163928,-0.21362975965952613,0.06642481276782082,0.07045461663245911,0.18280341100400638,0.9705799792540841,28.0,0.0,28.0,0.0,0.09215805555537852,0.02942002074591584
"(0, 0.06, 0.1)",1.0,,A,,1188046.8490497456,0.07021381053722509,-0.20675631386163928,-0.21362975965952613,0.06642481276782082,0.07045461663245911,0.18280341100400638,0.9705799792540841,28.0,0.0,28.0,0.0,0.09215805555537852,0.02942002074591584
"(0, 0.06, 0.15)",0.9,15.0,A,,1148680.2380145732,0.06663752955562297,-0.19315886403241272,-0.1991553567981248,0.0628729230390506,0.06694700346610487,0.167793816039003,0.8660669541409247,26.0,0.0,26.0,0.0,0.08510017156823656,0.13393304585907528
"(0, 0.06, 0.15)",0.9,,A,,1148680.2380145732,0.06663752955562297,-0.19315886403241272,-0.1991553567981248,0.0628729230390506,0.06694700346610487,0.167793816039003,0.8660669541409247,26.0,0.0,26.0,0.0,0.08510017156823656,0.13393304585907528
"(0, 0.06, 0.15)",1.0,15.0,A,,1188046.8490497456,0.07021381053722509,-0.20675631386163928,-0.21362975965952613,0.06642481276782082,0.07045461663245911,0.18280341100400638,0.9705799792540841,28.0,0.0,28.0,0.0,0.09215805555537852,0.02942002074591584
"(0, 0.06, 0.15)",1.0,,A,,1188046.8490497456,0.07021381053722509,-0.20675631386163928,-0.21362975965952613,0.06642481276782082,0.07045461663245911,0.18280341100400638,0.9705799792540841,28.0,0.0,28.0,0.0,0.09215805555537852,0.02942002074591584
"(0, 0.08, 0)",0.9,15.0,A,,1186584.8640562545,0.0700824479063934,-0.17755634621090954,-0.25900069594291936,0.061681770939446934,0.07374040650038412,0.17984942114600078,0.8966029454980882,21.0,0.0,21.0,0.0,0.09254029885650868,0.10339705450191175
"(0, 0.08, 0)",0.9,,A,,1186584.8640562545,0.0700824479063934,-0.17755634621090954,-0.25900069594291936,0.061681770939446934,0.07374040650038412,0.17984942114600078,0.8966029454980882,21.0,0.0,21.0,0.0,0.09254029885650868,0.10339705450191175
"(0, 0.08, 0)",1.0,15.0,A,,1232513.8173686913,0.07412726038708484,-0.21098149611726363,-0.235745126389962,0.07081695297443213,0.07929712353962375,0.1939602280611445,0.9890557643745204,23.0,0.0,23.0,0.0,0.10022747571034696,0.010944235625479672
"(0, 0.08, 0)",1.0,,A,,1232513.8173686913,0.07412726038708484,-0.21098149611726363,-0.235745126389962,0.07081695297443213,0.07929712353962375,0.1939602280611445,0.9890557643745204,23.0,0.0,23.0,0.0,0.10022747571034696,0.010944235625479672
"(0, 0.08, 0.01)",0.9,15.0,A,,1189645.4274204224,0.0703561531694683,-0.17948906429441364,-0.2602300271858632,0.06200312651661273,0.0740220560810149,0.18298112400485478,0.905382269464789,23.5,0.0,21.0,3.0,0.09356426384756619,0.09461773053521111
"(0, 0.08, 0.01)",0.9,,A,,1189645.4274204224,0.0703561531694683,-0.17948906429441364,-0.2602300271858632,0.06200312651661273,0.0740220560810149,0.18298112400485478,0.905382269464789,23.5,0.0,21.0,3.0,0.09356426384756619,0.09461773053521111
"(0, 0.08, 0.01)",1.0,15.0,A,,1232358.2314006812,0.07411335582514389,-0.20985296352959898,-0.2504739122999386,0.07083811774513389,0.07999033613844084,0.19784086219230207,0.9919520459807767,26.0,0.0,22.5,3.0,0.10115773792244737,0.008047954019223272
"(0, 0.08, 0.01)",1.0,,A,,1230546.9702034632,0.07395590154710507,-0.20985296352959898,-0.2504739122999386,0.07083030626565176,0.08024823154063983,0.19878486181226102,0.9921231549847582,27.0,0.0,22.5,5.0,0.10145337324262828,0.007876845015241815
"(0, 0.08, 0.02)",0.9,15.0,A,,1189303.5016415752,0.07032437675993097,-0.1788595209053136,-0.25900069594291936,0.06161146537435269,0.0737325282568106,0.18320151688162822,0.8966257239746744,22.0,0.0,21.0,1.0,0.09322155103863877,0.10337427602532556
"(0, 0.08, 0.02)",0.9,,A,,1189303.5016415752,0.07032437675993097,-0.1788595209053136,-0.25900069594291936,0.06161146537435269,0.0737325282568106,0.18320151688162822,0.8966257239746744,22.0,0.0,21.0,1.0,0.09322155103863877,0.10337427602532556
"(0, 0.08, 0.02)",1.0,15.0,A,,1212729.2150658905,0.07240203000891543,-0.2088196683309289,-0.23138554592743987,0.07056056597050289,0.08045474704654272,0.19724092776713556,0.9839351789280888,25.0,0.0,22.5,2.0,0.10097178529863171,0.016064821071911227
"(0, 0.08, 0.02)",1.0,,A,,1212729.2150658905,0.07240203000891543,-0.2088196683309289,-0.23138554592743987,0.07056056597050289,0.07983572128612426,0.19738805251158353,0.9839351789280888,25.0,0.0,22.5,2.5,0.10097178529863171,0.016064821071911227
"(0, 0.08, 0.03)",0.9,15.0,A,,1190662.770830045,0.07044481917701761,-0.181007700478302,-0.25900069594291936,0.06157615342651679,0.07372858814473031,0.18512754137465856,0.897062213408488,21.5,0.0,21.0,1.0,0.09358571373841182,0.10293778659151195
"(0, 0.08, 0.03)",0.9,,A,,1190662.770830045,0.07044481917701761,-0.181007700478302,-0.25900069594291936,0.06157615342651679,0.07372858814473031,0.18512754137465856,0.897062213408488,21.5,0.0,21.0,1.0,0.09358571373841182,0.10293778659151195
"(0, 0.08, 0.03)",1.0,15.0,A,,1215573.3636771138,0.0726515872622866,-0.20611206850243952,-0.22997656279384707,0.07002011303123441,0.0807736288159994,0.19847263466776333,0.9949958727570903,25.0,0.0,22.5,3.0,0.10111809507596853,0.005004127242909662
"(0, 0.08, 0.03)",1.0,,A,,1215573.3636771138,0.0726515872622866,-0.20611206850243952,-0.22997656279384707,0.07002011303123441,0.0807736288159994,0.19847263466776333,0.9949958727570903,25.0,0.0,22.5,3.0,0.10111809507596853,0.005004127242909662
"(0, 0.08, 0.04)",0.9,15.0,A,,1190882.9561972166,0.07046730598324236,-0.1792468722419922,-0.25900069594291936,0.061681770939446934,0.07385396229137309,0.1831994361031177,0.8966029454980882,21.5,0.0,21.0,0.0,0.09309411570568138,0.10339705450191175
"(0, 0.08, 0.04)",0.9,,A,,1190882.9561972166,0.07046730598324236,-0.1792468722419922,-0.25900069594291936,0.061681770939446934,0.07385396229137309,0.1831994361031177,0.8966029454980882,21.5,0.0,21.0,0.0,0.09309411570568138,0.10339705450191175
"(0, 0.08, 0.04)",1.0,15.0,A,,1232513.8173686913,0.07412726038708484,-0.21098149611726363,-0.235745126389962,0.06957321452620782,0.08045401036826128,0.19707487190843345,0.9890557643745204,23.0,0.0,23.0,0.0,0.10029656037452955,0.010944235625479672
"(0, 0.08, 0.04)",1.0,,A,,1232513.8173686913,0.07412726038708484,-0.21098149611726363,-0.235745126389962,0.06957321452620782,0.08045401036826128,0.19707487190843345,0.9890557643745204,23.0,0.0,23.0,0.0,0.10029656037452955,0.010944235625479672
"(0, 0.08, 0.06)",0.9,15.0,A,,1190549.7246189243,0.07043755747229985,-0.18148040310401337,-0.25900069594291936,0.061681770939446934,0.07414129301860455,0.18466507310794894,0.8968449840297135,21.5,0.0,21.0,0.0,0.0934005185761245,0.10315501597028645
"(0, 0.08, 0.06)",0.9,,A,,1190549.7246189243,0.07043755747229985,-0.18148040310401337,-0.25900069594291936,0.061681770939446934,0.07414129301860455,0.18466507310794894,0.8968449840297135,21.5,0.0,21.0,0.0,0.0934005185761245,0.10315501597028645
"(0, 0.08, 0.06)",1.0,15.0,A,,1232513.8173686913,0.07412726038708484,-0.21098149611726363,-0.235745126389962,0.07081695297443213,0.07929712353962375,0.1939602280611445,0.9890557643745204,23.0,0.0,23.0,0.0,0.10022747571034696,0.010944235625479672
"(0, 0.08, 0.06)",1.0,,A,,1232513.8173686913,0.07412726038708484,-0.21098149611726363,-0.235745126389962,0.07081695297443213,0.07929712353962375,0.1939602280611445,0.9890557643745204,23.0,0.0,23.0,0.0,0.10022747571034696,0.010944235625479672
"(0, 0.08, 0.08)",0.9,15.0,A,,1186584.8640562545,0.0700824479063934,-0.17755634621090954,-0.25900069594291936,0.061681770939446934,0.07374040650038412,0.17984942114600078,0.8966029454980882,21.0,0.0,21.0,0.0,0.09254029885650868,0.10339705450191175
"(0, 0.08, 0.08)",0.9,,A,,1186584.8640562545,0.0700824479063934,-0.17755634621090954,-0.25900069594291936,0.061681770939446934,0.07374040650038412,0.17984942114600078,0.8966029454980882,21.0,0.0,21.0,0.0,0.09254029885650868,0.10339705450191175
"(0, 0.08, 0.08)",1.0,15.0,A,,1232513.8173686913,0.07412726038708484,-0.21098149611726363,-0.235745126389962,0.07081695297443213,0.07929712353962375,0.1939602280611445,0.9890557643745204,23.0,0.0,23.0,0.0,0.10022747571034696,0.010944235625479672
"(0, 0.08, 0.08)",1.0,,A,,1232513.8173686913,0.07412726038708484,-0.21098149611726363,-0.235745126389962,0.07081695297443213,0.07929712353962375,0.1939602280611445,0.9890557643745204,23.0,0.0,23.0,0.0,0.10022747571034696,0.010944235625479672
"(0, 0.08, 0.1)",0.9,15.0,A,,1186584.8640562545,0.0700824479063934,-0.17755634621090954,-0.25900069594291936,0.061681770939446934,0.07374040650038412,0.17984942114600078,0.8966029454980882,21.0,0.0,21.0,0.0,0.09254029885650868,0.10339705450191175
"(0, 0.08, 0.1)",0.9,,A,,1186584.8640562545,0.0700824479063934,-0.17755634621090954,-0.25900069594291936,0.061681770939446934,0.07374040650038412,0.17984942114600078,0.8966029454980882,21.0,0.0,21.0,0.0,0.09254029885650868,0.10339705450191175
"(0, 0.08, 0.1)",1.0,15.0,A,,1232513.8173686913,0.07412726038708484,-0.21098149611726363,-0.235745126389962,0.07081695297443213,0.07929712353962375,0.1939602280611445,0.9890557643745204,23.0,0.0,23.0,0.0,0.10022747571034696,0.010944235625479672
"(0, 0.08, 0.1)",1.0,,A,,1232513.8173686913,0.07412726038708484,-0.21098149611726363,-0.235745126389962,0.07081695297443213,0.07929712353962375,0.1939602280611445,0.9890557643745204,23.0,0.0,23.0,0.0,0.10022747571034696,0.010944235625479672
"(0, 0.08, 0.15)",0.9,15.0,A,,1186584.8640562545,0.0700824479063934,-0.17755634621090954,-0.25900069594291936,0.061681770939446934,0.07374040650038412,0.17984942114600078,0.8966029454980882,21.0,0.0,21.0,0.0,0.09254029885650868,0.10339705450191175
"(0, 0.08, 0.15)",0.9,,A,,1186584.8640562545,0.0700824479063934,-0.17755634621090954,-0.25900069594291936,0.061681770939446934,0.07374040650038412,0.17984942114600078,0.8966029454980882,21.0,0.0,21.0,0.0,0.09254029885650868,0.10339705450191175
"(0, 0.08, 0.15)",1.0,15.0,A,,1232513.8173686913,0.07412726038708484,-0.21098149611726363,-0.235745126389962,0.07081695297443213,0.07929712353962375,0.1939602280611445,0.9890557643745204,23.0,0.0,23.0,0.0,0.10022747571034696,0.010944235625479672
"(0, 0.08, 0.15)",1.0,,A,,1232513.8173686913,0.07412726038708484,-0.21098149611726363,-0.235745126389962,0.07081695297443213,0.07929712353962375,0.1939602280611445,0.9890557643745204,23.0,0.0,23.0,0.0,0.10022747571034696,0.010944235625479672
"(0, 0.1, 0)",0.9,15.0,A,,1261936.438222887,0.07664427381085392,-0.1664777524212478,-0.2632696176930919,0.06681143963116135,0.08279993827987624,0.17628480702246863,0.8671201252445908,18.0,0.0,18.0,0.0,0.09403852760178609,0.1328798747554092
"(0, 0.1, 0)",0.9,,A,,1261936.438222887,0.07664427381085392,-0.1664777524212478,-0.2632696176930919,0.06681143963116135,0.08279993827987624,0.17628480702246863,0.8671201252445908,18.0,0.0,18.0,0.0,0.09403852760178609,0.1328798747554092
"(0, 0.1, 0)",1.0,15.0,A,,1299984.7732675248,0.07982602473950962,-0.18574664380135159,-0.2744125335572028,0.07080845170956977,0.08759795385270311,0.19413183387580712,0.9512866932119757,19.0,0.0,19.0,0.0,0.10154709685405294,0.048713306788024394
"(0, 0.1, 0)",1.0,,A,,1299984.7732675248,0.07982602473950962,-0.18574664380135159,-0.2744125335572028,0.07080845170956977,0.08759795385270311,0.19413183387580712,0.9512866932119757,19.0,0.0,19.0,0.0,0.10154709685405294,0.048713306788024394
"(0, 0.1, 0.01)",0.9,15.0,A,,1287690.0023804756,0.07880960357725675,-0.1775598435754912,-0.2593927593457121,0.06750002387124068,0.08522213708003228,0.18369620645661833,0.888779240150309,25.5,0.0,18.0,8.0,0.09636097350602951,0.11122075984969101
"(0, 0.1, 0.01)",0.9,,A,,1242399.493588703,0.07497622021389982,-0.18987197520910826,-0.2576305319356924,0.06844159337698066,0.08516776398576341,0.18649189537879696,0.9055667050976288,27.0,0.0,17.0,11.0,0.097248750001382,0.09443329490237112
"(0, 0.1, 0.01)",1.0,15.0,A,,1319755.2981875655,0.08144664989292627,-0.20113765678619716,-0.2684118935759838,0.07026545656288971,0.08767313317143333,0.2005332806022893,0.9775955404410586,26.0,0.0,19.0,7.0,0.10413335396118276,0.022404459558941374
"(0, 0.1, 0.01)",1.0,,A,,1300639.702671086,0.07986830861860617,-0.20340629920072917,-0.27610099010874567,0.06904245946603065,0.0881993185643641,0.20259212064492255,0.9919841981544806,29.5,0.0,19.0,11.0,0.1056881627931135,0.008015801845519446
"(0, 0.1, 0.02)",0.9,15.0,A,,1290003.6328064608,0.07899651076200498,-0.1697500362953202,-0.25776143887264125,0.06614682074807439,0.08531417606029876,0.1841128744162713,0.8971314972155028,23.0,0.0,18.0,6.0,0.09654491746810606,0.10286850278449729
"(0, 0.1, 0.02)",0.9,,A,,1290003.6328064608,0.07899651076200498,-0.1697500362953202,-0.25776143887264125,0.06614682074807439,0.08531417606029876,0.1841128744162713,0.8971314972155028,23.0,0.0,18.0,6.0,0.09654491746810606,0.10286850278449729
"(0, 0.1, 0.02)",1.0,15.0,A,,1330903.3178668132,0.08235083295679346,-0.19784183735720784,-0.28031922367742756,0.06878212740011058,0.0880316440966524,0.20403337198376548,0.9922260008525896,24.5,0.0,19.0,6.0,0.1059049801561247,0.0077739991474103905
"(0, 0.1, 0.02)",1.0,,A,,1330903.3178668132,0.08235083295679346,-0.19784183735720784,-0.28031922367742756,0.06878212740011058,0.0880316440966524,0.20403337198376548,0.9922260008525896,24.5,0.0,19.0,6.0,0.1059049801561247,0.0077739991474103905
"(0, 0.1, 0.03)",0.9,15.0,A,,1265609.4811608028,0.07695771603411028,-0.17021686329163083,-0.25528204533762117,0.06626917196356204,0.08590675063624904,0.18278583798226702,0.9058203643691691,22.0,0.0,17.0,5.0,0.09655491254113624,0.09417963563083087
"(0, 0.1, 0.03)",0.9,,A,,1265609.4811608028,0.07695771603411028,-0.17021686329163083,-0.25528204533762117,0.06626917196356204,0.08590675063624904,0.18278583798226702,0.9058203643691691,22.0,0.0,17.0,5.0,0.09655491254113624,0.09417963563083087
"(0, 0.1, 0.03)",1.0,15.0,A,,1329942.563415504,0.08227543715564156,-0.1938860458036804,-0.2738383608759949,0.06919738956373142,0.08849554156463693,0.20761242028293803,0.9919924168861293,23.0,0.0,19.0,4.0,0.10648741073200779,0.008007583113870754
"(0, 0.1, 0.03)",1.0,,A,,1329942.563415504,0.08227543715564156,-0.1938860458036804,-0.2738383608759949,0.06919738956373142,0.08849554156463693,0.20761242028293803,0.9919924168861293,23.0,0.0,19.0,4.0,0.10648741073200779,0.008007583113870754
"(0, 0.1, 0.04)",0.9,15.0,A,,1286388.606917607,0.07870004031651345,-0.176767291669515,-0.25158034752397906,0.0661846476822395,0.08607769990366121,0.18582286508822315,0.8972970773768227,20.0,0.0,17.5,3.0,0.09723384016763618,0.10270292262317715
"(0, 0.1, 0.04)",0.9,,A,,1286388.606917607,0.07870004031651345,-0.176767291669515,-0.25158034752397906,0.0661846476822395,0.08607769990366121,0.18582286508822315,0.8972970773768227,20.0,0.0,17.5,3.0,0.09723384016763618,0.10270292262317715
"(0, 0.1, 0.04)",1.0,15.0,A,,1323201.7307563848,0.08172916928390672,-0.19736098818465247,-0.27895184055975064,0.06911350268001167,0.08862067552612785,0.2037301212511411,0.9859682918607365,21.0,0.0,19.0,3.0,0.10577927226529835,0.014031708139263457
"(0, 0.1, 0.04)",1.0,,A,,1323201.7307563848,0.08172916928390672,-0.19736098818465247,-0.27895184055975064,0.06911350268001167,0.08862067552612785,0.2037301212511411,0.9859682918607365,21.0,0.0,19.0,3.0,0.10577927226529835,0.014031708139263457
"(0, 0.1, 0.06)",0.9,15.0,A,,1254225.8354539368,0.0759896853089711,-0.18739530979224445,-0.2654565729174683,0.0654283629226819,0.08468401465206758,0.18461622046325923,0.886424466949782,18.5,0.0,17.0,1.0,0.0964257616687079,0.11357553305021803
"(0, 0.1, 0.06)",0.9,,A,,1254225.8354539368,0.0759896853089711,-0.18739530979224445,-0.2654565729174683,0.0654283629226819,0.08468401465206758,0.18461622046325923,0.886424466949782,18.5,0.0,17.0,1.0,0.0964257616687079,0.11357553305021803
"(0, 0.1, 0.06)",1.0,15.0,A,,1299284.947390046,0.07977096843567033,-0.2032596066037866,-0.2781267351281643,0.06814895031375301,0.08729884366624625,0.20280035481823389,0.9767876134667753,20.0,0.0,19.0,1.0,0.10435076625084055,0.023212386533224653
"(0, 0.1, 0.06)",1.0,,A,,1299284.947390046,0.07977096843567033,-0.2032596066037866,-0.2781267351281643,0.06814895031375301,0.08729884366624625,0.20280035481823389,0.9767876134667753,20.0,0.0,19.0,1.0,0.10435076625084055,0.023212386533224653
"(0, 0.1, 0.08)",0.9,15.0,A,,1251878.640036006,0.07579177069043963,-0.18529582464993177,-0.26901518968476945,0.06420287826776853,0.08497790724284875,0.18593449560587472,0.8976592539794102,18.5,0.0,17.0,1.0,0.09692874867822965,0.10234074602058979
"(0, 0.1, 0.08)",0.9,,A,,1251878.640036006,0.07579177069043963,-0.18529582464993177,-0.26901518968476945,0.06420287826776853,0.08497790724284875,0.18593449560587472,0.8976592539794102,18.5,0.0,17.0,1.0,0.09692874867822965,0.10234074602058979
"(0, 0.1, 0.08)",1.0,15.0,A,,1310653.7965548174,0.08070602022076268,-0.2026739407054255,-0.2823525906519133,0.06817573400460608,0.08767460883580495,0.20413570331435504,0.9836170347638991,20.0,0.0,19.0,1.0,0.10501016418812828,0.01638296523610102
"(0, 0.1, 0.08)",1.0,,A,,1310653.7965548174,0.08070602022076268,-0.2026739407054255,-0.2823525906519133,0.06817573400460608,0.08767460883580495,0.20413570331435504,0.9836170347638991,20.0,0.0,19.0,1.0,0.10501016418812828,0.01638296523610102
"(0, 0.1, 0.1)",0.9,15.0,A,,1261936.438222887,0.07664427381085392,-0.1664777524212478,-0.2632696176930919,0.06681143963116135,0.08279993827987624,0.17628480702246863,0.8671201252445908,18.0,0.0,18.0,0.0,0.09403852760178609,0.1328798747554092
"(0, 0.1, 0.1)",0.9,,A,,1261936.438222887,0.07664427381085392,-0.1664777524212478,-0.2632696176930919,0.06681143963116135,0.08279993827987624,0.17628480702246863,0.8671201252445908,18.0,0.0,18.0,0.0,0.09403852760178609,0.1328798747554092
"(0, 0.1, 0.1)",1.0,15.0,A,,1299984.7732675248,0.07982602473950962,-0.18574664380135159,-0.2744125335572028,0.07080845170956977,0.08759795385270311,0.19413183387580712,0.9512866932119757,19.0,0.0,19.0,0.0,0.10154709685405294,0.048713306788024394
"(0, 0.1, 0.1)",1.0,,A,,1299984.7732675248,0.07982602473950962,-0.18574664380135159,-0.2744125335572028,0.07080845170956977,0.08759795385270311,0.19413183387580712,0.9512866932119757,19.0,0.0,19.0,0.0,0.10154709685405294,0.048713306788024394
"(0, 0.1, 0.15)",0.9,15.0,A,,1261936.438222887,0.07664427381085392,-0.1664777524212478,-0.2632696176930919,0.06681143963116135,0.08279993827987624,0.17628480702246863,0.8671201252445908,18.0,0.0,18.0,0.0,0.09403852760178609,0.1328798747554092
"(0, 0.1, 0.15)",0.9,,A,,1261936.438222887,0.07664427381085392,-0.1664777524212478,-0.2632696176930919,0.06681143963116135,0.08279993827987624,0.17628480702246863,0.8671201252445908,18.0,0.0,18.0,0.0,0.09403852760178609,0.1328798747554092
"(0, 0.1, 0.15)",1.0,15.0,A,,1299984.7732675248,0.07982602473950962,-0.18574664380135159,-0.2744125335572028,0.07080845170956977,0.08759795385270311,0.19413183387580712,0.9512866932119757,19.0,0.0,19.0,0.0,0.10154709685405294,0.048713306788024394
"(0, 0.1, 0.15)",1.0,,A,,1299984.7732675248,0.07982602473950962,-0.18574664380135159,-0.2744125335572028,0.07080845170956977,0.08759795385270311,0.19413183387580712,0.9512866932119757,19.0,0.0,19.0,0.0,0.10154709685405294,0.048713306788024394
"(0, 0.12, 0)",0.9,15.0,A,,1254280.7255293387,0.07598592549451177,-0.20355245019811113,-0.2780652209488,0.06853086399279726,0.09257218582980646,0.18433144743241736,0.8628813344451471,15.0,0.0,15.0,0.0,0.10139890467477,0.1371186655548528
"(0, 0.12, 0)",0.9,,A,,1254280.7255293387,0.07598592549451177,-0.20355245019811113,-0.2780652209488,0.06853086399279726,0.09257218582980646,0.18433144743241736,0.8628813344451471,15.0,0.0,15.0,0.0,0.10139890467477,0.1371186655548528
"(0, 0.12, 0)",1.0,15.0,A,,1326215.446070181,0.08196870062674222,-0.2138062376196374,-0.2899153241953791,0.07097030916695901,0.09404124596135753,0.20353945213232072,0.9673489706103922,17.0,0.0,17.0,0.0,0.10972727549742538,0.032651029389607955
"(0, 0.12, 0)",1.0,,A,,1326215.446070181,0.08196870062674222,-0.2138062376196374,-0.2899153241953791,0.07097030916695901,0.09404124596135753,0.20353945213232072,0.9673489706103922,17.0,0.0,17.0,0.0,0.10972727549742538,0.032651029389607955
"(0, 0.12, 0.01)",0.9,15.0,A,,1274017.1651431448,0.07765656779372732,-0.20161720308190112,-0.27759555425411847,0.06989623236330286,0.09377859082703807,0.1915264513769679,0.9062272313346658,22.0,0.0,15.0,7.0,0.10368011706099117,0.0937727686653342
"(0, 0.12, 0.01)",0.9,,A,,1274017.1651431448,0.07765656779372732,-0.20161720308190112,-0.27759555425411847,0.06989623236330286,0.09377859082703807,0.1915264513769679,0.9062272313346658,22.0,0.0,15.0,7.0,0.10368011706099117,0.0937727686653342
"(0, 0.12, 0.01)",1.0,15.0,A,,1337779.954397189,0.0829019555297571,-0.2077609694185354,-0.2916271176239369,0.07199474544851085,0.09502121102039518,0.20895601884278048,0.9920541574679715,21.0,0.0,17.0,5.0,0.11123680867712446,0.007945842532028395
"(0, 0.12, 0.01)",1.0,,A,,1337779.954397189,0.0829019555297571,-0.2077609694185354,-0.2916271176239369,0.07199474544851085,0.09502121102039518,0.20895601884278048,0.9920541574679715,21.0,0.0,17.0,5.0,0.11123680867712446,0.007945842532028395
"(0, 0.12, 0.02)",0.9,15.0,A,,1268661.5234386632,0.07720600020788504,-0.19947151074614639,-0.2796053404037488,0.06957465266985079,0.0903653688730555,0.19231435546889245,0.8974263826330321,19.0,0.0,15.0,4.0,0.10397281032492905,0.10257361736696785
"(0, 0.12, 0.02)",0.9,,A,,1268661.5234386632,0.07720600020788504,-0.19947151074614639,-0.2796053404037488,0.06957465266985079,0.0903653688730555,0.19231435546889245,0.8974263826330321,19.0,0.0,15.0,4.0,0.10397281032492905,0.10257361736696785
"(0, 0.12, 0.02)",1.0,15.0,A,,1332469.186429684,0.08247398868912426,-0.20976126859681332,-0.2946429363572673,0.07153906457209813,0.09516234419121221,0.21064565258580004,0.9886937704576597,19.0,0.0,17.0,3.0,0.11137604396431178,0.011306229542340226
"(0, 0.12, 0.02)",1.0,,A,,1332469.186429684,0.08247398868912426,-0.20976126859681332,-0.2946429363572673,0.07153906457209813,0.09516234419121221,0.21064565258580004,0.9886937704576597,19.0,0.0,17.0,3.0,0.11137604396431178,0.011306229542340226
"(0, 0.12, 0.03)",0.9,15.0,A,,1264345.9961264082,0.0768424951929626,-0.19915112836498727,-0.2799848448850948,0.06860748081069505,0.09326745216564943,0.19561841375836858,0.8961536909770673,18.0,0.0,15.0,3.0,0.1043871743110377,0.1038463090229326
"(0, 0.12, 0.03)",0.9,,A,,1264345.9961264082,0.0768424951929626,-0.19915112836498727,-0.2799848448850948,0.06860748081069505,0.09326745216564943,0.19561841375836858,0.8961536909770673,18.0,0.0,15.0,3.0,0.1043871743110377,0.1038463090229326
"(0, 0.12, 0.03)",1.0,15.0,A,,1335596.4254193632,0.08272585596241266,-0.21242957057293266,-0.29798867227691567,0.07182242896822222,0.09493341019482664,0.21151803972340336,0.9920432876479375,19.0,0.0,17.0,2.0,0.11151145139556687,0.007956712352062512
"(0, 0.12, 0.03)",1.0,,A,,1335596.4254193632,0.08272585596241266,-0.21242957057293266,-0.29798867227691567,0.07182242896822222,0.09493341019482664,0.21151803972340336,0.9920432876479375,19.0,0.0,17.0,2.0,0.11151145139556687,0.007956712352062512
"(0, 0.12, 0.04)",0.9,15.0,A,,1283602.0648889444,0.07846074042005746,-0.2008294692744056,-0.2834551763528603,0.06862895515721432,0.09021773971658678,0.19523127969739684,0.8968631617038416,17.0,0.0,15.0,2.0,0.10527862840064553,0.10313683829615841
"(0, 0.12, 0.04)",0.9,,A,,1283602.0648889444,0.07846074042005746,-0.2008294692744056,-0.2834551763528603,0.06862895515721432,0.09021773971658678,0.19523127969739684,0.8968631617038416,17.0,0.0,15.0,2.0,0.10527862840064553,0.10313683829615841
"(0, 0.12, 0.04)",1.0,15.0,A,,1324183.4682966191,0.08180391127023123,-0.2138062376196374,-0.2899153241953791,0.07069651765976212,0.0950954622921685,0.21014830179395008,0.9762380617687051,18.0,0.0,17.0,0.5,0.1114630634040012,0.023761938231294917
"(0, 0.12, 0.04)",1.0,,A,,1324183.4682966191,0.08180391127023123,-0.2138062376196374,-0.2899153241953791,0.07069651765976212,0.0950954622921685,0.21014830179395008,0.9762380617687051,18.0,0.0,17.0,0.5,0.1114630634040012,0.023761938231294917
"(0, 0.12, 0.06)",0.9,15.0,A,,1265156.152347411,0.0768933525499127,-0.20355245019811113,-0.2780652209488,0.06832326368871774,0.09257218582980646,0.18615260103066417,0.8767928683637739,16.0,0.0,15.0,0.5,0.1021040969951014,0.12320713163622601
"(0, 0.12, 0.06)",0.9,,A,,1265156.152347411,0.0768933525499127,-0.20355245019811113,-0.2780652209488,0.06832326368871774,0.09257218582980646,0.18615260103066417,0.8767928683637739,16.0,0.0,15.0,0.5,0.1021040969951014,0.12320713163622601
"(0, 0.12, 0.06)",1.0,15.0,A,,1348079.3366393573,0.0837275752828871,-0.2138062376196374,-0.2899153241953791,0.07063158287292577,0.09404124596135753,0.20852387706245687,0.9707888025928488,17.0,0.0,17.0,0.0,0.1105001870709986,0.029211197407151137
"(0, 0.12, 0.06)",1.0,,A,,1348079.3366393573,0.0837275752828871,-0.2138062376196374,-0.2899153241953791,0.07063158287292577,0.09404124596135753,0.20852387706245687,0.9707888025928488,17.0,0.0,17.0,0.0,0.1105001870709986,0.029211197407151137
"(0, 0.12, 0.08)",0.9,15.0,A,,1268781.2946201018,0.07719277878206421,-0.20355245019811113,-0.2780652209488,0.06805822697265813,0.09257218582980646,0.18615260103066417,0.8844908709118248,16.0,0.0,15.0,0.0,0.10220508191377124,0.11550912908817529
"(0, 0.12, 0.08)",0.9,,A,,1268781.2946201018,0.07719277878206421,-0.20355245019811113,-0.2780652209488,0.06805822697265813,0.09257218582980646,0.18615260103066417,0.8844908709118248,16.0,0.0,15.0,0.0,0.10220508191377124,0.11550912908817529
"(0, 0.12, 0.08)",1.0,15.0,A,,1355367.3001624162,0.08430815956594317,-0.2138062376196374,-0.2899153241953791,0.07056702978836156,0.09404124596135753,0.20852387706245687,0.9744504723322898,17.0,0.0,17.0,0.0,0.11087207893742085,0.025549527667710306
"(0, 0.12, 0.08)",1.0,,A,,1355367.3001624162,0.08430815956594317,-0.2138062376196374,-0.2899153241953791,0.07056702978836156,0.09404124596135753,0.20852387706245687,0.9744504723322898,17.0,0.0,17.0,0.0,0.11087207893742085,0.025549527667710306
"(0, 0.12, 0.1)",0.9,15.0,A,,1272406.4368927926,0.07749070714224837,-0.20355245019811113,-0.2780652209488,0.06853086399279726,0.09257218582980646,0.1859958511561962,0.8814764930872594,16.0,0.0,15.0,0.0,0.1021040969951014,0.11852350691274066
"(0, 0.12, 0.1)",0.9,,A,,1272406.4368927926,0.07749070714224837,-0.20355245019811113,-0.2780652209488,0.06853086399279726,0.09257218582980646,0.1859958511561962,0.8814764930872594,16.0,0.0,15.0,0.0,0.1021040969951014,0.11852350691274066
"(0, 0.12, 0.1)",1.0,15.0,A,,1362655.263685475,0.08488593875563244,-0.2138062376196374,-0.2899153241953791,0.07050212111878704,0.09404124596135753,0.20653312156971576,0.9741352418246569,17.0,0.0,17.0,0.0,0.11022200385280576,0.025864758175343054
"(0, 0.12, 0.1)",1.0,,A,,1362655.263685475,0.08488593875563244,-0.2138062376196374,-0.2899153241953791,0.07050212111878704,0.09404124596135753,0.20653312156971576,0.9741352418246569,17.0,0.0,17.0,0.0,0.11022200385280576,0.025864758175343054
"(0, 0.12, 0.15)",0.9,15.0,A,,1254280.7255293387,0.07598592549451177,-0.20355245019811113,-0.2780652209488,0.06853086399279726,0.09257218582980646,0.18433144743241736,0.8628813344451471,15.0,0.0,15.0,0.0,0.10139890467477,0.1371186655548528
"(0, 0.12, 0.15)",0.9,,A,,1254280.7255293387,0.07598592549451177,-0.20355245019811113,-0.2780652209488,0.06853086399279726,0.09257218582980646,0.18433144743241736,0.8628813344451471,15.0,0.0,15.0,0.0,0.10139890467477,0.1371186655548528
"(0, 0.12, 0.15)",1.0,15.0,A,,1326215.446070181,0.08196870062674222,-0.2138062376196374,-0.2899153241953791,0.07097030916695901,0.09404124596135753,0.20353945213232072,0.9673489706103922,17.0,0.0,17.0,0.0,0.10972727549742538,0.032651029389607955
"(0, 0.12, 0.15)",1.0,,A,,1326215.446070181,0.08196870062674222,-0.2138062376196374,-0.2899153241953791,0.07097030916695901,0.09404124596135753,0.20353945213232072,0.9673489706103922,17.0,0.0,17.0,0.0,0.10972727549742538,0.032651029389607955
"(0, 0.15, 0)",0.9,15.0,A,,1458066.2179904492,0.0922082847240896,-0.18122023897239464,-0.2582189633720446,0.08020345526205246,0.09676033357749875,0.17792541110445526,0.8704556105835409,14.0,0.0,14.0,0.0,0.10554066482572119,0.1295443894164591
"(0, 0.15, 0)",0.9,,A,,1458066.2179904492,0.0922082847240896,-0.18122023897239464,-0.2582189633720446,0.08020345526205246,0.09676033357749875,0.17792541110445526,0.8704556105835409,14.0,0.0,14.0,0.0,0.10554066482572119,0.1295443894164591
"(0, 0.15, 0)",1.0,15.0,A,,1404956.6925675734,0.08818974897267895,-0.21978057069949952,-0.28209079862518005,0.07557321612787807,0.10457091971276469,0.20123101854745012,0.9171790646089206,14.0,0.0,14.0,0.0,0.11495468640157382,0.08282093539107942
"(0, 0.15, 0)",1.0,,A,,1404956.6925675734,0.08818974897267895,-0.21978057069949952,-0.28209079862518005,0.07557321612787807,0.10457091971276469,0.20123101854745012,0.9171790646089206,14.0,0.0,14.0,0.0,0.11495468640157382,0.08282093539107942
"(0, 0.15, 0.01)",0.9,15.0,A,,1377309.713426011,0.0860432234505919,-0.21317366286290196,-0.2537091966146217,0.07557425484003452,0.09830477053288607,0.185188860514148,0.8722179620893977,24.0,0.0,12.5,12.0,0.10753434986768767,0.12778203791060228
"(0, 0.15, 0.01)",0.9,,A,,1394327.1984845959,0.0873690098000911,-0.21489953517575056,-0.25666634186770787,0.0765294039852569,0.09833989501782393,0.18736900116669342,0.9046394444298396,28.0,0.0,12.0,16.0,0.10859239840297716,0.09536055557016046
"(0, 0.15, 0.01)",1.0,15.0,A,,1434102.0579783535,0.09041227232675764,-0.23959281955272915,-0.30068186341371544,0.07805944911508389,0.10656110466168778,0.2103387342715048,0.9919797380253026,25.0,0.0,14.0,11.0,0.11627302074445539,0.008020261974697341
"(0, 0.15, 0.01)",1.0,,A,,1434102.0579783535,0.09041227232675764,-0.23959281955272915,-0.30068186341371544,0.07805944911508389,0.10656110466168778,0.2103387342715048,0.9919797380253026,25.0,0.0,14.0,11.0,0.11627302074445539,0.008020261974697341
"(0, 0.15, 0.02)",0.9,15.0,A,,1393692.5373805966,0.08732003009970701,-0.2145515928051961,-0.2584174663448601,0.076519905106978,0.09632435997657326,0.19086981405904208,0.9050013617048007,21.0,0.0,12.5,9.0,0.10882775039529138,0.0949986382951992
"(0, 0.15, 0.02)",0.9,,A,,1393692.5373805966,0.08732003009970701,-0.2145515928051961,-0.2584174663448601,0.076519905106978,0.09632435997657326,0.19086981405904208,0.9050013617048007,21.0,0.0,12.5,9.0,0.10882775039529138,0.0949986382951992
"(0, 0.15, 0.02)",1.0,15.0,A,,1431392.4590986737,0.09020743739257286,-0.23744267505689476,-0.2936859809416986,0.07767215997794481,0.10649694977809497,0.20974976943863793,0.9835758335876346,19.5,0.0,14.0,6.0,0.11621910381211187,0.016424166412365403
"(0, 0.15, 0.02)",1.0,,A,,1431392.4590986737,0.09020743739257286,-0.23744267505689476,-0.2936859809416986,0.07767215997794481,0.10649694977809497,0.20974976943863793,0.9835758335876346,19.5,0.0,14.0,6.0,0.11621910381211187,0.016424166412365403
"(0, 0.15, 0.03)",0.9,15.0,A,,1395422.7658304607,0.08745460145727058,-0.20676831615494495,-0.25006071725365514,0.07694746092242417,0.09922163723636167,0.19049234936682963,0.8892022762652766,18.0,0.0,12.0,6.0,0.10966784194602835,0.11079772373472344
"(0, 0.15, 0.03)",0.9,,A,,1395422.7658304607,0.08745460145727058,-0.20676831615494495,-0.25006071725365514,0.07694746092242417,0.09922163723636167,0.19049234936682963,0.8892022762652766,18.0,0.0,12.0,6.0,0.10966784194602835,0.11079772373472344
"(0, 0.15, 0.03)",1.0,15.0,A,,1443176.8778980565,0.09109504862968798,-0.23664525236310785,-0.29181323983572216,0.07772160400503687,0.10742726350708418,0.21155403039528448,0.9919885944322813,18.0,0.0,14.0,5.0,0.11770093454730703,0.008011405567718725
"(0, 0.15, 0.03)",1.0,,A,,1443176.8778980565,0.09109504862968798,-0.23664525236310785,-0.29181323983572216,0.07772160400503687,0.10742726350708418,0.21155403039528448,0.9919885944322813,18.0,0.0,14.0,5.0,0.11770093454730703,0.008011405567718725
"(0, 0.15, 0.04)",0.9,15.0,A,,1390394.6891685505,0.08705746302526207,-0.20665495800969186,-0.25072906704845127,0.07691229203785702,0.09984671459414325,0.1904195544617573,0.8887380538120482,17.0,0.0,13.0,5.0,0.10838209821981835,0.11126194618795172
"(0, 0.15, 0.04)",0.9,,A,,1390394.6891685505,0.08705746302526207,-0.20665495800969186,-0.25072906704845127,0.07691229203785702,0.09984671459414325,0.1904195544617573,0.8887380538120482,17.0,0.0,13.0,5.0,0.10838209821981835,0.11126194618795172
"(0, 0.15, 0.04)",1.0,15.0,A,,1423490.0816146987,0.08960690680060213,-0.24158880310112996,-0.3022323332533702,0.07754454008621683,0.10187658971025355,0.21426950824942503,0.9835412397138821,17.0,0.0,14.0,4.0,0.11751151254547976,0.01645876028611797
"(0, 0.15, 0.04)",1.0,,A,,1423490.0816146987,0.08960690680060213,-0.24158880310112996,-0.3022323332533702,0.07754454008621683,0.10187658971025355,0.21426950824942503,0.9835412397138821,17.0,0.0,14.0,4.0,0.11751151254547976,0.01645876028611797
"(0, 0.15, 0.06)",0.9,15.0,A,,1381362.3852335408,0.08635608763492986,-0.21091023923833524,-0.2566565371875227,0.07559228046736588,0.0978241113938391,0.19224585375256106,0.8898417225600257,16.0,0.0,12.0,3.5,0.1095554425490469,0.11015827743997418
"(0, 0.15, 0.06)",0.9,,A,,1381362.3852335408,0.08635608763492986,-0.21091023923833524,-0.2566565371875227,0.07559228046736588,0.0978241113938391,0.19224585375256106,0.8898417225600257,16.0,0.0,12.0,3.5,0.1095554425490469,0.11015827743997418
"(0, 0.15, 0.06)",1.0,15.0,A,,1422632.172043304,0.08954138149512436,-0.22984432061066062,-0.2992658327344061,0.0762009359351058,0.10570559643010906,0.21321585750163546,0.9810142862860456,16.0,0.0,14.0,2.0,0.1180290504605209,0.0189857137139545
"(0, 0.15, 0.06)",1.0,,A,,1422632.172043304,0.08954138149512436,-0.22984432061066062,-0.2992658327344061,0.0762009359351058,0.10570559643010906,0.21321585750163546,0.9810142862860456,16.0,0.0,14.0,2.0,0.1180290504605209,0.0189857137139545
"(0, 0.15, 0.08)",0.9,15.0,A,,1371528.0636006657,0.08559036291145028,-0.2041210788784823,-0.2585562831173865,0.07619241215443648,0.10152956757137033,0.1892160985547713,0.878247778661592,14.5,0.0,13.0,1.5,0.10882853198592723,0.12175222133840799
"(0, 0.15, 0.08)",0.9,,A,,1371528.0636006657,0.08559036291145028,-0.2041210788784823,-0.2585562831173865,0.07619241215443648,0.10152956757137033,0.1892160985547713,0.878247778661592,14.5,0.0,13.0,1.5,0.10882853198592723,0.12175222133840799
"(0, 0.15, 0.08)",1.0,15.0,A,,1438480.701472885,0.09074161877924003,-0.23463685644864707,-0.2980454043690595,0.07442083209151425,0.1028343210018774,0.21102408928101063,0.9836406503147489,16.0,0.0,14.0,1.5,0.11789764025476915,0.016359349685251087
"(0, 0.15, 0.08)",1.0,,A,,1438480.701472885,0.09074161877924003,-0.23463685644864707,-0.2980454043690595,0.07442083209151425,0.1028343210018774,0.21102408928101063,0.9836406503147489,16.0,0.0,14.0,1.5,0.11789764025476915,0.016359349685251087
"(0, 0.15, 0.1)",0.9,15.0,A,,1394824.0236706934,0.08740786678697265,-0.20577133451788238,-0.2610054623314822,0.07663605947183523,0.10274123127552089,0.19217600084388461,0.8729600746413184,14.5,0.0,13.0,1.0,0.10755554706474012,0.12703992535868164
"(0, 0.15, 0.1)",0.9,,A,,1394824.0236706934,0.08740786678697265,-0.20577133451788238,-0.2610054623314822,0.07663605947183523,0.10274123127552089,0.19217600084388461,0.8729600746413184,14.5,0.0,13.0,1.0,0.10755554706474012,0.12703992535868164
"(0, 0.15, 0.1)",1.0,15.0,A,,1375284.8147635178,0.0858773200801185,-0.21978057069949952,-0.28209079862518005,0.07522787201091677,0.10457091971276469,0.20639746397158762,0.961179389949052,14.0,0.0,14.0,0.0,0.11577647926185439,0.03882061005094788
"(0, 0.15, 0.1)",1.0,,A,,1375284.8147635178,0.0858773200801185,-0.21978057069949952,-0.28209079862518005,0.07522787201091677,0.10457091971276469,0.20639746397158762,0.961179389949052,14.0,0.0,14.0,0.0,0.11577647926185439,0.03882061005094788
"(0, 0.15, 0.15)",0.9,15.0,A,,1458066.2179904492,0.0922082847240896,-0.18122023897239464,-0.2582189633720446,0.08020345526205246,0.09676033357749875,0.17792541110445526,0.8704556105835409,14.0,0.0,14.0,0.0,0.10554066482572119,0.1295443894164591
"(0, 0.15, 0.15)",0.9,,A,,1458066.2179904492,0.0922082847240896,-0.18122023897239464,-0.2582189633720446,0.08020345526205246,0.09676033357749875,0.17792541110445526,0.8704556105835409,14.0,0.0,14.0,0.0,0.10554066482572119,0.1295443894164591
"(0, 0.15, 0.15)",1.0,15.0,A,,1404956.6925675734,0.08818974897267895,-0.21978057069949952,-0.28209079862518005,0.07557321612787807,0.10457091971276469,0.20123101854745012,0.9171790646089206,14.0,0.0,14.0,0.0,0.11495468640157382,0.08282093539107942
"(0, 0.15, 0.15)",1.0,,A,,1404956.6925675734,0.08818974897267895,-0.21978057069949952,-0.28209079862518005,0.07557321612787807,0.10457091971276469,0.20123101854745012,0.9171790646089206,14.0,0.0,14.0,0.0,0.11495468640157382,0.08282093539107942
"(0, 0.2, 0)",0.9,15.0,A,,1354551.8753085635,0.08424720300028798,-0.2210263298232506,-0.26534406985305303,0.07121171920607552,0.09473211429127558,0.18314508453246808,0.827255949960906,10.0,0.0,10.0,0.0,0.11138432094218778,0.172744050039094
"(0, 0.2, 0)",0.9,,A,,1354551.8753085635,0.08424720300028798,-0.2210263298232506,-0.26534406985305303,0.07121171920607552,0.09473211429127558,0.18314508453246808,0.827255949960906,10.0,0.0,10.0,0.0,0.11138432094218778,0.172744050039094
"(0, 0.2, 0)",1.0,15.0,A,,1519352.7141860873,0.09668441029170494,-0.2236203379951074,-0.30339548925245274,0.0857285428337887,0.10527145744516793,0.19363891147360623,0.9568136682518058,11.0,0.0,11.0,0.0,0.11741505877174371,0.0431863317481941
"(0, 0.2, 0)",1.0,,A,,1519352.7141860873,0.09668441029170494,-0.2236203379951074,-0.30339548925245274,0.0857285428337887,0.10527145744516793,0.19363891147360623,0.9568136682518058,11.0,0.0,11.0,0.0,0.11741505877174371,0.0431863317481941
"(0, 0.2, 0.01)",0.9,15.0,A,,1389955.346355035,0.08702922254670808,-0.22915442699196575,-0.2773472699456427,0.07443017999082875,0.09693302359771923,0.19235689685544785,0.9047540325355797,21.0,0.0,10.0,11.0,0.11496290790695393,0.09524596746442024
"(0, 0.2, 0.01)",0.9,,A,,1389955.346355035,0.08702922254670808,-0.22915442699196575,-0.2773472699456427,0.07443017999082875,0.09693302359771923,0.19235689685544785,0.9047540325355797,21.0,0.0,10.0,11.0,0.11496290790695393,0.09524596746442024
"(0, 0.2, 0.01)",1.0,15.0,A,,1451133.1049591803,0.09168003377089651,-0.22823093243868375,-0.282715609775354,0.07510600278121823,0.10664444175119484,0.1991880224341128,0.9255305407600289,23.0,0.0,10.0,13.0,0.11898980746362893,0.07446945923997107
"(0, 0.2, 0.01)",1.0,,A,,1431502.0320518236,0.09021461953111742,-0.24214869657602978,-0.28105193139610696,0.07784983880215449,0.10077277358012697,0.20472590287470296,0.991957417049495,31.0,0.0,10.0,21.0,0.11891816282873863,0.008042582950504858
"(0, 0.2, 0.02)",0.9,15.0,A,,1386893.4605430122,0.08679143083462959,-0.23270728477443103,-0.2712024943963135,0.07427177892752705,0.09645082844944178,0.19201124037080272,0.8964166692426498,16.0,0.0,10.0,6.0,0.1137614811014569,0.1035833307573502
"(0, 0.2, 0.02)",0.9,,A,,1386893.4605430122,0.08679143083462959,-0.23270728477443103,-0.2712024943963135,0.07427177892752705,0.09645082844944178,0.19201124037080272,0.8964166692426498,16.0,0.0,10.0,6.0,0.1137614811014569,0.1035833307573502
"(0, 0.2, 0.02)",1.0,15.0,A,,1425436.5270282314,0.08975404525897923,-0.24124401198393447,-0.2884293711629458,0.07756228584764271,0.09941445287422145,0.20439240972387993,0.9834448113047374,21.0,0.0,10.0,11.0,0.11908335585951199,0.016555188695262665
"(0, 0.2, 0.02)",1.0,,A,,1425436.5270282314,0.08975404525897923,-0.24124401198393447,-0.2884293711629458,0.07756228584764271,0.09941445287422145,0.20439240972387993,0.9834448113047374,21.0,0.0,10.0,11.0,0.11908335585951199,0.016555188695262665
"(0, 0.2, 0.03)",0.9,15.0,A,,1392467.2466962864,0.0872243864182437,-0.23124610589033578,-0.2629378240469464,0.07469164740886716,0.09659775728650975,0.19351308513904802,0.905816781887985,15.0,0.0,10.0,5.0,0.11472221200810732,0.09418321811201497
"(0, 0.2, 0.03)",0.9,,A,,1392467.2466962864,0.0872243864182437,-0.23124610589033578,-0.2629378240469464,0.07469164740886716,0.09659775728650975,0.19351308513904802,0.905816781887985,15.0,0.0,10.0,5.0,0.11472221200810732,0.09418321811201497
"(0, 0.2, 0.03)",1.0,15.0,A,,1426327.2941118255,0.08982109863502652,-0.24909419557637008,-0.27861450959882744,0.07788795218346482,0.09926528622415816,0.20639268021200602,0.9834344812266431,18.0,0.0,10.0,8.0,0.11879386970578112,0.01656551877335693
"(0, 0.2, 0.03)",1.0,,A,,1426327.2941118255,0.08982109863502652,-0.24909419557637008,-0.27861450959882744,0.07788795218346482,0.09926528622415816,0.20639268021200602,0.9834344812266431,18.0,0.0,10.0,8.0,0.11879386970578112,0.01656551877335693
"(0, 0.2, 0.04)",0.9,15.0,A,,1379489.945916617,0.0862149917597893,-0.23200591761757722,-0.26763623188054697,0.07298977417359154,0.097100397979606,0.19347770311607881,0.8968417635828466,13.0,0.0,10.0,3.5,0.11530160528971825,0.10315823641715333
"(0, 0.2, 0.04)",0.9,,A,,1379489.945916617,0.0862149917597893,-0.23200591761757722,-0.26763623188054697,0.07298977417359154,0.097100397979606,0.19347770311607881,0.8968417635828466,13.0,0.0,10.0,3.5,0.11530160528971825,0.10315823641715333
"(0, 0.2, 0.04)",1.0,15.0,A,,1419209.036083574,0.08928079333160466,-0.24248230507751872,-0.2769775171511806,0.07792706395939224,0.09907796961692542,0.2093249534794085,0.9666465686428996,16.0,0.0,10.0,6.0,0.11893413760925364,0.03335343135710042
"(0, 0.2, 0.04)",1.0,,A,,1419209.036083574,0.08928079333160466,-0.24248230507751872,-0.2769775171511806,0.07792706395939224,0.09907796961692542,0.2093249534794085,0.9666465686428996,16.0,0.0,10.0,6.0,0.11893413760925364,0.03335343135710042
"(0, 0.2, 0.06)",0.9,15.0,A,,1379558.976982354,0.08621959697643866,-0.22953235532757899,-0.2788712118251609,0.07386640578734638,0.09679029200660445,0.1978628656242571,0.8806449291149021,12.0,0.0,10.0,2.0,0.11522100235561016,0.11935507088509781
"(0, 0.2, 0.06)",0.9,,A,,1379558.976982354,0.08621959697643866,-0.22953235532757899,-0.2788712118251609,0.07386640578734638,0.09679029200660445,0.1978628656242571,0.8806449291149021,12.0,0.0,10.0,2.0,0.11522100235561016,0.11935507088509781
"(0, 0.2, 0.06)",1.0,15.0,A,,1483519.076980032,0.09408758415984353,-0.24268416930308773,-0.28646007760039977,0.07854497591178111,0.10215251129970804,0.20861180379921634,0.9833789399947094,15.0,0.0,10.0,4.5,0.11993777520368684,0.0166210600052907
"(0, 0.2, 0.06)",1.0,,A,,1483519.076980032,0.09408758415984353,-0.24268416930308773,-0.28646007760039977,0.07854497591178111,0.10215251129970804,0.20861180379921634,0.9833789399947094,15.0,0.0,10.0,4.5,0.11993777520368684,0.0166210600052907
"(0, 0.2, 0.08)",0.9,15.0,A,,1387894.677540284,0.08686989225944164,-0.23224597838402272,-0.28331991449284594,0.0718856632830324,0.09667615436107886,0.19656873122498025,0.8972460780287996,11.0,0.0,10.0,1.0,0.11476985641225887,0.10275392197120034
"(0, 0.2, 0.08)",0.9,,A,,1387894.677540284,0.08686989225944164,-0.23224597838402272,-0.28331991449284594,0.0718856632830324,0.09667615436107886,0.19656873122498025,0.8972460780287996,11.0,0.0,10.0,1.0,0.11476985641225887,0.10275392197120034
"(0, 0.2, 0.08)",1.0,15.0,A,,1414646.1665402236,0.08893375416164628,-0.23879911182189706,-0.27945623139412445,0.07512627738560122,0.10034538061096368,0.20852298169995662,0.9715452362048876,13.0,0.0,10.0,3.5,0.12124547276829496,0.028454763795112366
"(0, 0.2, 0.08)",1.0,,A,,1414646.1665402236,0.08893375416164628,-0.23879911182189706,-0.27945623139412445,0.07512627738560122,0.10034538061096368,0.20852298169995662,0.9715452362048876,13.0,0.0,10.0,3.5,0.12124547276829496,0.028454763795112366
"(0, 0.2, 0.1)",0.9,15.0,A,,1351956.6405211685,0.08401682221523332,-0.2210263298232506,-0.26534406985305303,0.06863734734437028,0.09687909445652974,0.19246789818774862,0.8656912087629685,11.0,0.0,10.0,1.0,0.11374958730181882,0.1343087912370315
"(0, 0.2, 0.1)",0.9,,A,,1351956.6405211685,0.08401682221523332,-0.2210263298232506,-0.26534406985305303,0.06863734734437028,0.09687909445652974,0.19246789818774862,0.8656912087629685,11.0,0.0,10.0,1.0,0.11374958730181882,0.1343087912370315
"(0, 0.2, 0.1)",1.0,15.0,A,,1427408.9196028041,0.08990564986910776,-0.2404375235074353,-0.28773897606759946,0.07666927806955806,0.10643582225607318,0.21343297413079867,0.9546054504287016,12.0,0.0,10.0,2.0,0.12066915354267752,0.04539454957129845
"(0, 0.2, 0.1)",1.0,,A,,1427408.9196028041,0.08990564986910776,-0.2404375235074353,-0.28773897606759946,0.07666927806955806,0.10643582225607318,0.21343297413079867,0.9546054504287016,12.0,0.0,10.0,2.0,0.12066915354267752,0.04539454957129845
"(0, 0.2, 0.15)",0.9,15.0,A,,1354551.8753085635,0.08424720300028798,-0.2210263298232506,-0.26534406985305303,0.0692274792029153,0.0950396831204082,0.18493870843655263,0.8285086575537549,10.0,0.0,10.0,0.0,0.11191983199246736,0.17149134244624512
"(0, 0.2, 0.15)",0.9,,A,,1354551.8753085635,0.08424720300028798,-0.2210263298232506,-0.26534406985305303,0.0692274792029153,0.0950396831204082,0.18493870843655263,0.8285086575537549,10.0,0.0,10.0,0.0,0.11191983199246736,0.17149134244624512
"(0, 0.2, 0.15)",1.0,15.0,A,,1493323.377916106,0.09480374896599297,-0.2465010041937592,-0.2986589866022856,0.07497520692666773,0.10627535449647155,0.2092207783927289,0.9585304303301767,11.0,0.0,10.0,1.0,0.12033896188208529,0.04146956966982333
"(0, 0.2, 0.15)",1.0,,A,,1493323.377916106,0.09480374896599297,-0.2465010041937592,-0.2986589866022856,0.07497520692666773,0.10627535449647155,0.2092207783927289,0.9585304303301767,11.0,0.0,10.0,1.0,0.12033896188208529,0.04146956966982333
"(0.01, 0.02, 0)",0.9,15.0,A,,1071912.9921001936,0.05933400687656887,-0.12489969628181669,-0.12774818025983478,0.05808099736806984,0.05941087734919692,0.13895791566615293,0.8917249117048938,91.0,43.0,48.0,0.0,0.06017058803674705,0.10827508829510626
"(0.01, 0.02, 0)",0.9,,A,,1071912.9921001936,0.05933400687656887,-0.12489969628181669,-0.12774818025983478,0.05808099736806984,0.05941087734919692,0.13895791566615293,0.8917249117048938,91.0,43.0,48.0,0.0,0.06017058803674705,0.10827508829510626
"(0.01, 0.02, 0)",1.0,15.0,A,,1092857.9203424242,0.06137225698829363,-0.1304591999225737,-0.13046075531953766,0.06137210768370747,0.06137245008963208,0.14356113921366126,0.9837666906648395,96.0,43.0,53.0,0.0,0.06283723179617273,0.016233309335160543
"(0.01, 0.02, 0)",1.0,,A,,1092857.9203424242,0.06137225698829363,-0.1304591999225737,-0.13046075531953766,0.06137210768370747,0.06137245008963208,0.14356113921366126,0.9837666906648395,96.0,43.0,53.0,0.0,0.06283723179617273,0.016233309335160543
"(0.01, 0.02, 0.01)",0.9,15.0,A,,1071912.9921001936,0.05933400687656887,-0.12489969628181669,-0.12774818025983478,0.05808099736806984,0.05941087734919692,0.13895791566615293,0.8917249117048938,91.0,43.0,48.0,0.0,0.06017058803674705,0.10827508829510626
"(0.01, 0.02, 0.01)",0.9,,A,,1106622.1366206224,0.06269263962726279,-0.1801809651560205,-0.18018283560285547,0.06202646550683606,0.06387533240463779,0.16024571904073723,0.8957895796288737,112.0,43.0,39.0,30.0,0.07163095409634368,0.10421042037112618
"(0.01, 0.02, 0.01)",1.0,15.0,A,,1092857.9203424242,0.06137225698829363,-0.1304591999225737,-0.13046075531953766,0.06137210768370747,0.06137245008963208,0.14356113921366126,0.9837666906648395,96.0,43.0,53.0,0.0,0.06283723179617273,0.016233309335160543
"(0.01, 0.02, 0.01)",1.0,,A,,1132842.9827727533,0.06516756169690097,-0.1801809651560205,-0.18018283560285547,0.06446739240030555,0.06575146192688905,0.1674254269601637,0.9942042707828653,117.0,43.0,44.0,30.0,0.0745742270348064,0.005795729217134705
"(0.01, 0.02, 0.02)",0.9,15.0,A,,1071912.9921001936,0.05933400687656887,-0.12489969628181669,-0.12774818025983478,0.05808099736806984,0.05941087734919692,0.13895791566615293,0.8917249117048938,91.0,43.0,48.0,0.0,0.06017058803674705,0.10827508829510626
"(0.01, 0.02, 0.02)",0.9,,A,,1160061.9495763734,0.06768271125536118,-0.19045406901012218,-0.19440652518192908,0.06641292702363119,0.06777014480630608,0.1703991401358222,0.9033082386197198,102.0,43.0,34.0,25.0,0.0790557431031259,0.09669176138028018
"(0.01, 0.02, 0.02)",1.0,15.0,A,,1092857.9203424242,0.06137225698829363,-0.1304591999225737,-0.13046075531953766,0.06137210768370747,0.06137245008963208,0.14356113921366126,0.9837666906648395,96.0,43.0,53.0,0.0,0.06283723179617273,0.016233309335160543
"(0.01, 0.02, 0.02)",1.0,,A,,1172391.052038734,0.06880452151156469,-0.2188985039087551,-0.22543960491486698,0.06870157623041392,0.0699874846258179,0.18200114050408206,0.9967486318044176,108.0,43.0,36.0,29.0,0.0857462620580274,0.0032513681955824115
"(0.01, 0.02, 0.03)",0.9,15.0,A,,1071912.9921001936,0.05933400687656887,-0.12489969628181669,-0.12774818025983478,0.05808099736806984,0.05941087734919692,0.13895791566615293,0.8917249117048938,91.0,43.0,48.0,0.0,0.06017058803674705,0.10827508829510626
"(0.01, 0.02, 0.03)",0.9,,A,,1153762.4352158015,0.06710537107183012,-0.1873474818029252,-0.21158169841840857,0.06400828647080761,0.06873810045464179,0.16936810255113158,0.8964079968956391,93.0,43.0,34.0,16.0,0.07900234637361707,0.10359200310436095
"(0.01, 0.02, 0.03)",1.0,15.0,A,,1092857.9203424242,0.06137225698829363,-0.1304591999225737,-0.13046075531953766,0.06137210768370747,0.06137245008963208,0.14356113921366126,0.9837666906648395,96.0,43.0,53.0,0.0,0.06283723179617273,0.016233309335160543
"(0.01, 0.02, 0.03)",1.0,,A,,1199734.7985122802,0.07125506170373996,-0.20779842707488555,-0.22205040702530232,0.07003170703179976,0.0727895224267409,0.18351138982174134,0.9933416451919855,98.0,43.0,35.0,20.0,0.0866574799507761,0.00665835480801446
"(0.01, 0.02, 0.04)",0.9,15.0,A,,1071912.9921001936,0.05933400687656887,-0.12489969628181669,-0.12774818025983478,0.05808099736806984,0.05941087734919692,0.13895791566615293,0.8917249117048938,91.0,43.0,48.0,0.0,0.06017058803674705,0.10827508829510626
"(0.01, 0.02, 0.04)",0.9,,A,,1146390.6274088249,0.06642613394108221,-0.18715033346706816,-0.21750061197655143,0.06362786835110146,0.06953389759812964,0.1692537687447841,0.8988167893237047,90.0,43.0,35.0,12.0,0.0792870837374788,0.10118321067629532
"(0.01, 0.02, 0.04)",1.0,15.0,A,,1092857.9203424242,0.06137225698829363,-0.1304591999225737,-0.13046075531953766,0.06137210768370747,0.06137245008963208,0.14356113921366126,0.9837666906648395,96.0,43.0,53.0,0.0,0.06283723179617273,0.016233309335160543
"(0.01, 0.02, 0.04)",1.0,,A,,1195983.053322879,0.07092180074378573,-0.2100211792622274,-0.2374931117774242,0.0680992524314094,0.0741828508114893,0.18341027255084605,0.9941884672244988,94.5,43.0,36.5,15.0,0.08748943963750447,0.0058115327755011445
"(0.01, 0.02, 0.06)",0.9,15.0,A,,1071912.9921001936,0.05933400687656887,-0.12489969628181669,-0.12774818025983478,0.05808099736806984,0.05941087734919692,0.13895791566615293,0.8917249117048938,91.0,43.0,48.0,0.0,0.06017058803674705,0.10827508829510626
"(0.01, 0.02, 0.06)",0.9,,A,,1139730.28802482,0.06580907115893952,-0.19383156213888264,-0.2291153968678026,0.06300282183460122,0.06960353251924255,0.16871082944935717,0.8992827792758674,83.0,43.0,32.0,8.0,0.07991979612284217,0.1007172207241326
"(0.01, 0.02, 0.06)",1.0,15.0,A,,1092857.9203424242,0.06137225698829363,-0.1304591999225737,-0.13046075531953766,0.06137210768370747,0.06137245008963208,0.14356113921366126,0.9837666906648395,96.0,43.0,53.0,0.0,0.06283723179617273,0.016233309335160543
"(0.01, 0.02, 0.06)",1.0,,A,,1184885.3515711515,0.06993000722432074,-0.2228963387478783,-0.2544550405452452,0.06610390597530165,0.07481127339208789,0.18397760614727893,0.9950392258194851,88.0,43.0,35.0,10.0,0.08763607761338502,0.004960774180514833
"(0.01, 0.02, 0.08)",0.9,15.0,A,,1071912.9921001936,0.05933400687656887,-0.12489969628181669,-0.12774818025983478,0.05808099736806984,0.05941087734919692,0.13895791566615293,0.8917249117048938,91.0,43.0,48.0,0.0,0.06017058803674705,0.10827508829510626
"(0.01, 0.02, 0.08)",0.9,,A,,1162298.8260168242,0.06788681464897872,-0.19892501365830134,-0.2257594294118352,0.06235299177210318,0.07001057599400155,0.16669331409973714,0.9002132102091077,84.0,43.0,35.0,6.0,0.08011055293627359,0.0997867897908923
"(0.01, 0.02, 0.08)",1.0,15.0,A,,1092857.9203424242,0.06137225698829363,-0.1304591999225737,-0.13046075531953766,0.06137210768370747,0.06137245008963208,0.14356113921366126,0.9837666906648395,96.0,43.0,53.0,0.0,0.06283723179617273,0.016233309335160543
"(0.01, 0.02, 0.08)",1.0,,A,,1193006.2302301559,0.07065657237883238,-0.21978643794621405,-0.2430463293907145,0.06636431480653955,0.07335738277554912,0.18052150027395736,0.9908722844113695,86.0,43.0,36.0,7.0,0.0867778705488238,0.009127715588630434
"(0.01, 0.02, 0.1)",0.9,15.0,A,,1071912.9921001936,0.05933400687656887,-0.12489969628181669,-0.12774818025983478,0.05808099736806984,0.05941087734919692,0.13895791566615293,0.8917249117048938,91.0,43.0,48.0,0.0,0.06017058803674705,0.10827508829510626
"(0.01, 0.02, 0.1)",0.9,,A,,1176959.9751933964,0.0692173417535017,-0.19467265639121994,-0.236304897932497,0.061103922335087144,0.07187439394852976,0.16822027665405695,0.903500605778778,84.0,43.0,36.0,5.0,0.08063057919020394,0.09649939422122211
"(0.01, 0.02, 0.1)",1.0,15.0,A,,1092857.9203424242,0.06137225698829363,-0.1304591999225737,-0.13046075531953766,0.06137210768370747,0.06137245008963208,0.14356113921366126,0.9837666906648395,96.0,43.0,53.0,0.0,0.06283723179617273,0.016233309335160543
"(0.01, 0.02, 0.1)",1.0,,A,,1211877.1317168488,0.07232710928826758,-0.2254374170669068,-0.25298659234815546,0.06617411857318625,0.07558557927892329,0.18214448214435994,0.9978970080572176,85.0,43.0,36.0,6.0,0.08894435872805856,0.0021029919427824834
"(0.01, 0.02, 0.15)",0.9,15.0,A,,1071912.9921001936,0.05933400687656887,-0.12489969628181669,-0.12774818025983478,0.05808099736806984,0.05941087734919692,0.13895791566615293,0.8917249117048938,91.0,43.0,48.0,0.0,0.06017058803674705,0.10827508829510626
"(0.01, 0.02, 0.15)",0.9,,A,,1153272.791514332,0.06706029304118122,-0.19058315517025792,-0.2338342924147126,0.06053391133478281,0.07337842148404702,0.16679001299145593,0.9008390877520829,81.0,43.0,35.5,3.0,0.08150286179756464,0.09916091224791708
"(0.01, 0.02, 0.15)",1.0,15.0,A,,1092857.9203424242,0.06137225698829363,-0.1304591999225737,-0.13046075531953766,0.06137210768370747,0.06137245008963208,0.14356113921366126,0.9837666906648395,96.0,43.0,53.0,0.0,0.06283723179617273,0.016233309335160543
"(0.01, 0.02, 0.15)",1.0,,A,,1198044.7269545295,0.07110505693466063,-0.2164220405451766,-0.2582598746789157,0.0645533090337315,0.07611682689951516,0.17970337642565876,0.9956841269871761,81.0,43.0,34.0,4.0,0.08965596078663825,0.004315873012823912
"(0.01, 0.03, 0)",0.9,15.0,A,,1117620.9172664569,0.06373715643008238,-0.17032408964466406,-0.1738542696922045,0.06181898088430584,0.06383734396519121,0.1584775230297275,0.8920476184814943,79.0,43.0,36.0,0.0,0.07093929466629731,0.10795238151850574
"(0.01, 0.03, 0)",0.9,,A,,1117620.9172664569,0.06373715643008238,-0.17032408964466406,-0.1738542696922045,0.06181898088430584,0.06383734396519121,0.1584775230297275,0.8920476184814943,79.0,43.0,36.0,0.0,0.07093929466629731,0.10795238151850574
"(0.01, 0.03, 0)",1.0,15.0,A,,1128252.5293080788,0.06473803662706934,-0.1761910057804168,-0.17619763643597866,0.06461435752581612,0.06654023666489592,0.16637214324791916,0.9765669092778744,82.0,43.0,39.0,0.0,0.0749782154935604,0.023433090722125613
"(0.01, 0.03, 0)",1.0,,A,,1128252.5293080788,0.06473803662706934,-0.1761910057804168,-0.17619763643597866,0.06461435752581612,0.06654023666489592,0.16637214324791916,0.9765669092778744,82.0,43.0,39.0,0.0,0.0749782154935604,0.023433090722125613
"(0.01, 0.03, 0.01)",0.9,15.0,A,,1117620.9172664569,0.06373715643008238,-0.17032408964466406,-0.1738542696922045,0.06181898088430584,0.06383734396519121,0.1584775230297275,0.8920476184814943,79.0,43.0,36.0,0.0,0.07093929466629731,0.10795238151850574
"(0.01, 0.03, 0.01)",0.9,,A,,1146095.2687011482,0.06639885277561475,-0.1937560237974736,-0.19375981471704407,0.0644250261625628,0.06700868208908292,0.1721481571666409,0.8979785614907498,103.0,43.0,30.0,30.0,0.07916632027891378,0.10202143850925013
"(0.01, 0.03, 0.01)",1.0,15.0,A,,1128252.5293080788,0.06473803662706934,-0.1761910057804168,-0.17619763643597866,0.06461435752581612,0.06654023666489592,0.16637214324791916,0.9765669092778744,82.0,43.0,39.0,0.0,0.0749782154935604,0.023433090722125613
"(0.01, 0.03, 0.01)",1.0,,A,,1177954.4051461252,0.0693072483946906,-0.2089359540949443,-0.21484558904610535,0.06748958628876264,0.06939234476757428,0.18346669626344855,0.9919305927983744,107.0,43.0,33.0,31.0,0.08379261908577401,0.008069407201625599
"(0.01, 0.03, 0.02)",0.9,15.0,A,,1117620.9172664569,0.06373715643008238,-0.17032408964466406,-0.1738542696922045,0.06181898088430584,0.06383734396519121,0.1584775230297275,0.8920476184814943,79.0,43.0,36.0,0.0,0.07093929466629731,0.10795238151850574
"(0.01, 0.03, 0.02)",0.9,,A,,1162584.789903281,0.06791247621545915,-0.1882856399158735,-0.20332783990759104,0.06570013589662797,0.06963972650104507,0.17515003339316249,0.898310452876756,89.0,42.0,30.0,18.0,0.08105000095103607,0.10168954712324402
"(0.01, 0.03, 0.02)",1.0,15.0,A,,1128252.5293080788,0.06473803662706934,-0.1761910057804168,-0.17619763643597866,0.06461435752581612,0.06654023666489592,0.16637214324791916,0.9765669092778744,82.0,43.0,39.0,0.0,0.0749782154935604,0.023433090722125613
"(0.01, 0.03, 0.02)",1.0,,A,,1209605.4318935089,0.07212718845795241,-0.2121736819329123,-0.21806463417346866,0.0702501853581334,0.07388621814131442,0.19154759916508748,0.9973363161685803,96.0,42.0,31.0,23.0,0.08917656143513504,0.002663683831419607
"(0.01, 0.03, 0.03)",0.9,15.0,A,,1117620.9172664569,0.06373715643008238,-0.17032408964466406,-0.1738542696922045,0.06181898088430584,0.06383734396519121,0.1584775230297275,0.8920476184814943,79.0,43.0,36.0,0.0,0.07093929466629731,0.10795238151850574
"(0.01, 0.03, 0.03)",0.9,,A,,1158525.3267242264,0.06754214029033456,-0.19953773431324667,-0.2074620456067337,0.06507360248179925,0.06993115286902293,0.1743078115153382,0.8991706139659796,82.0,41.5,30.0,11.0,0.0811785373152743,0.10082938603402031
"(0.01, 0.03, 0.03)",1.0,15.0,A,,1128252.5293080788,0.06473803662706934,-0.1761910057804168,-0.17619763643597866,0.06461435752581612,0.06654023666489592,0.16637214324791916,0.9765669092778744,82.0,43.0,39.0,0.0,0.0749782154935604,0.023433090722125613
"(0.01, 0.03, 0.03)",1.0,,A,,1208570.9543885556,0.0720361431689458,-0.21342636103087453,-0.22831928332615814,0.06958966257995751,0.07383345062276936,0.18868870551460423,0.9953105649268142,88.0,42.0,32.0,15.0,0.08936263717292399,0.004689435073185706
"(0.01, 0.03, 0.04)",0.9,15.0,A,,1117620.9172664569,0.06373715643008238,-0.17032408964466406,-0.1738542696922045,0.06181898088430584,0.06383734396519121,0.1584775230297275,0.8920476184814943,79.0,43.0,36.0,0.0,0.07093929466629731,0.10795238151850574
"(0.01, 0.03, 0.04)",0.9,,A,,1154578.1743974132,0.06717989263094593,-0.19548194083573217,-0.21580389354679838,0.06529148484363514,0.06937010412888336,0.17501175897225033,0.9012841470055456,79.0,42.0,30.0,8.0,0.08139775117948186,0.09871585299445443
"(0.01, 0.03, 0.04)",1.0,15.0,A,,1128252.5293080788,0.06473803662706934,-0.1761910057804168,-0.17619763643597866,0.06461435752581612,0.06654023666489592,0.16637214324791916,0.9765669092778744,82.0,43.0,39.0,0.0,0.0749782154935604,0.023433090722125613
"(0.01, 0.03, 0.04)",1.0,,A,,1202466.562931954,0.07149710442908475,-0.2213351009635942,-0.2329690308088271,0.0687300117674686,0.0751758232537357,0.18916188812546775,0.9971355488491583,83.5,43.0,30.0,11.0,0.08936755101830002,0.002864451150841617
"(0.01, 0.03, 0.06)",0.9,15.0,A,,1117620.9172664569,0.06373715643008238,-0.17032408964466406,-0.1738542696922045,0.06181898088430584,0.06383734396519121,0.1584775230297275,0.8920476184814943,79.0,43.0,36.0,0.0,0.07093929466629731,0.10795238151850574
"(0.01, 0.03, 0.06)",0.9,,A,,1170203.6375147768,0.06860608224244613,-0.1880745761862978,-0.22004493313300358,0.0643754964297337,0.07032903336729732,0.1711138537883774,0.8936732565584655,79.0,43.0,31.0,5.0,0.08007371014116757,0.10632674344153456
"(0.01, 0.03, 0.06)",1.0,15.0,A,,1128252.5293080788,0.06473803662706934,-0.1761910057804168,-0.17619763643597866,0.06461435752581612,0.06654023666489592,0.16637214324791916,0.9765669092778744,82.0,43.0,39.0,0.0,0.0749782154935604,0.023433090722125613
"(0.01, 0.03, 0.06)",1.0,,A,,1208787.9380862315,0.07205524048030887,-0.2177807451489957,-0.2346024483498603,0.06900326427471551,0.07449722971797004,0.1887389418095225,0.992658415417867,81.0,43.0,31.0,7.0,0.08939043909758741,0.007341584582132932
"(0.01, 0.03, 0.08)",0.9,15.0,A,,1117620.9172664569,0.06373715643008238,-0.17032408964466406,-0.1738542696922045,0.06181898088430584,0.06383734396519121,0.1584775230297275,0.8920476184814943,79.0,43.0,36.0,0.0,0.07093929466629731,0.10795238151850574
"(0.01, 0.03, 0.08)",0.9,,A,,1162731.1021292992,0.06792648195524986,-0.1927476898993335,-0.2152919265399584,0.06465941802156235,0.07096665257774992,0.174101476522045,0.8995748350363229,75.0,42.0,30.0,4.0,0.0810357741938401,0.10042516496367718
"(0.01, 0.03, 0.08)",1.0,15.0,A,,1128252.5293080788,0.06473803662706934,-0.1761910057804168,-0.17619763643597866,0.06461435752581612,0.06654023666489592,0.16637214324791916,0.9765669092778744,82.0,43.0,39.0,0.0,0.0749782154935604,0.023433090722125613
"(0.01, 0.03, 0.08)",1.0,,A,,1225672.6066788859,0.0735331896367406,-0.21268269904502718,-0.24906659413515042,0.0668757418969725,0.07556124051773613,0.18732043445505184,0.9905560718327726,81.0,43.0,33.0,5.0,0.08862661398916695,0.009443928167227387
"(0.01, 0.03, 0.1)",0.9,15.0,A,,1117620.9172664569,0.06373715643008238,-0.17032408964466406,-0.1738542696922045,0.06181898088430584,0.06383734396519121,0.1584775230297275,0.8920476184814943,79.0,43.0,36.0,0.0,0.07093929466629731,0.10795238151850574
"(0.01, 0.03, 0.1)",0.9,,A,,1163029.0305758996,0.06795362605507216,-0.18937048719941857,-0.21656487938201444,0.06378462690813133,0.07250691009397818,0.17340308771143614,0.8994755111416469,76.0,42.0,31.0,3.0,0.08113086313804807,0.100524488858353
"(0.01, 0.03, 0.1)",1.0,15.0,A,,1128252.5293080788,0.06473803662706934,-0.1761910057804168,-0.17619763643597866,0.06461435752581612,0.06654023666489592,0.16637214324791916,0.9765669092778744,82.0,43.0,39.0,0.0,0.0749782154935604,0.023433090722125613
"(0.01, 0.03, 0.1)",1.0,,A,,1206668.6899261917,0.07186847454655565,-0.21347055237207568,-0.24445514571227892,0.06711412686984493,0.07559656165058407,0.18822616747228538,0.9978527803441419,78.0,43.0,31.0,4.0,0.08891133805110374,0.002147219655857979
"(0.01, 0.03, 0.15)",0.9,15.0,A,,1117620.9172664569,0.06373715643008238,-0.17032408964466406,-0.1738542696922045,0.06181898088430584,0.06383734396519121,0.1584775230297275,0.8920476184814943,79.0,43.0,36.0,0.0,0.07093929466629731,0.10795238151850574
"(0.01, 0.03, 0.15)",0.9,,A,,1130345.521564221,0.06493258202364527,-0.19497530305997118,-0.23046714322964088,0.06295980708885444,0.07005109632778916,0.17060194196334322,0.8973424360536486,71.0,42.0,27.0,2.0,0.08200957186481263,0.10265756394635131
"(0.01, 0.03, 0.15)",1.0,15.0,A,,1128252.5293080788,0.06473803662706934,-0.1761910057804168,-0.17619763643597866,0.06461435752581612,0.06654023666489592,0.16637214324791916,0.9765669092778744,82.0,43.0,39.0,0.0,0.0749782154935604,0.023433090722125613
"(0.01, 0.03, 0.15)",1.0,,A,,1216595.6788475383,0.07274094558697097,-0.21079658616306324,-0.2586681665705212,0.06608498968240464,0.08036102777445293,0.18863321265837596,0.998064400337239,77.0,43.0,31.0,3.0,0.09126160569219477,0.0019355996627609397
"(0.01, 0.04, 0)",0.9,15.0,A,,1150476.0036338754,0.066803037536182,-0.17915459711155673,-0.17916575365303283,0.06424980288249764,0.0669014088928713,0.17019166978775074,0.8931285512212042,73.0,43.0,30.0,0.0,0.07784206819415435,0.10687144877879595
"(0.01, 0.04, 0)",0.9,,A,,1150476.0036338754,0.066803037536182,-0.17915459711155673,-0.17916575365303283,0.06424980288249764,0.0669014088928713,0.17019166978775074,0.8931285512212042,73.0,43.0,30.0,0.0,0.07784206819415435,0.10687144877879595
"(0.01, 0.04, 0)",1.0,15.0,A,,1175990.539305022,0.06913003082366331,-0.19522115076441726,-0.1989592889223355,0.06669136243181317,0.06928803809801339,0.18149877864082864,0.967296878015615,75.0,43.0,32.0,0.0,0.08271727230163761,0.032703121984385033
"(0.01, 0.04, 0)",1.0,,A,,1175990.539305022,0.06913003082366331,-0.19522115076441726,-0.1989592889223355,0.06669136243181317,0.06928803809801339,0.18149877864082864,0.967296878015615,75.0,43.0,32.0,0.0,0.08271727230163761,0.032703121984385033
"(0.01, 0.04, 0.01)",0.9,15.0,A,,1150476.0036338754,0.066803037536182,-0.17915459711155673,-0.17916575365303283,0.06424980288249764,0.0669014088928713,0.17019166978775074,0.8931285512212042,73.0,43.0,30.0,0.0,0.07784206819415435,0.10687144877879595
"(0.01, 0.04, 0.01)",0.9,,A,,1177063.498270405,0.06922686824741764,-0.1916680612502537,-0.19801232318118112,0.0667420839930031,0.06976625956634852,0.1830804256330013,0.9029088080014536,91.0,43.0,27.0,21.0,0.08380153366020368,0.09709119199854643
"(0.01, 0.04, 0.01)",1.0,15.0,A,,1175990.539305022,0.06913003082366331,-0.19522115076441726,-0.1989592889223355,0.06669136243181317,0.06928803809801339,0.18149877864082864,0.967296878015615,75.0,43.0,32.0,0.0,0.08271727230163761,0.032703121984385033
"(0.01, 0.04, 0.01)",1.0,,A,,1213760.9607284525,0.07249262502688347,-0.21565961106094872,-0.22024743584167533,0.07002273269272818,0.07265819054932614,0.1971248222315643,0.9968967654851517,102.0,43.0,28.0,31.0,0.09098837483378093,0.0031032345148483283
"(0.01, 0.04, 0.02)",0.9,15.0,A,,1150476.0036338754,0.066803037536182,-0.17915459711155673,-0.17916575365303283,0.06424980288249764,0.0669014088928713,0.17019166978775074,0.8931285512212042,73.0,43.0,30.0,0.0,0.07784206819415435,0.10687144877879595
"(0.01, 0.04, 0.02)",0.9,,A,,1165663.7564420141,0.06819373743979384,-0.19719033362581612,-0.20815958551496067,0.06720757176883681,0.07119861918278507,0.1821791777202314,0.9031346621990914,80.0,43.0,27.0,10.0,0.08416225338566152,0.09686533780090856
"(0.01, 0.04, 0.02)",1.0,15.0,A,,1175990.539305022,0.06913003082366331,-0.19522115076441726,-0.1989592889223355,0.06669136243181317,0.06928803809801339,0.18149877864082864,0.967296878015615,75.0,43.0,32.0,0.0,0.08271727230163761,0.032703121984385033
"(0.01, 0.04, 0.02)",1.0,,A,,1221385.872252846,0.07315999459258449,-0.21122419732594927,-0.22935589069166484,0.07039531728027655,0.07533014592449885,0.19725947754388745,0.9933548425712659,87.0,43.0,28.0,16.0,0.09193516392944287,0.006645157428734002
"(0.01, 0.04, 0.03)",0.9,15.0,A,,1150476.0036338754,0.066803037536182,-0.17915459711155673,-0.17916575365303283,0.06424980288249764,0.0669014088928713,0.17019166978775074,0.8931285512212042,73.0,43.0,30.0,0.0,0.07784206819415435,0.10687144877879595
"(0.01, 0.04, 0.03)",0.9,,A,,1171124.0834714058,0.0686897234185001,-0.18935201438745497,-0.20488701270321216,0.0661515366125672,0.0710653594622783,0.18008823817585556,0.9029675077117303,76.0,42.0,28.0,6.0,0.08359889411420582,0.09703249228826974
"(0.01, 0.04, 0.03)",1.0,15.0,A,,1175990.539305022,0.06913003082366331,-0.19522115076441726,-0.1989592889223355,0.06669136243181317,0.06928803809801339,0.18149877864082864,0.967296878015615,75.0,43.0,32.0,0.0,0.08271727230163761,0.032703121984385033
"(0.01, 0.04, 0.03)",1.0,,A,,1211799.0037183636,0.07232029258025119,-0.2142511336444914,-0.23513957773019917,0.07075709141780351,0.07639519648134552,0.19425661451545023,0.9951097628266581,80.0,41.0,28.5,10.0,0.0921408230080703,0.004890237173341843
"(0.01, 0.04, 0.04)",0.9,15.0,A,,1150476.0036338754,0.066803037536182,-0.17915459711155673,-0.17916575365303283,0.06424980288249764,0.0669014088928713,0.17019166978775074,0.8931285512212042,73.0,43.0,30.0,0.0,0.07784206819415435,0.10687144877879595
"(0.01, 0.04, 0.04)",0.9,,A,,1177735.9581135148,0.06928728434049347,-0.18847117644619166,-0.21365173001356408,0.06676231312322187,0.07094260136972666,0.1813896947966282,0.9031072508087374,75.0,43.0,27.0,5.0,0.0840159579902118,0.09689274919126267
"(0.01, 0.04, 0.04)",1.0,15.0,A,,1175990.539305022,0.06913003082366331,-0.19522115076441726,-0.1989592889223355,0.06669136243181317,0.06928803809801339,0.18149877864082864,0.967296878015615,75.0,43.0,32.0,0.0,0.08271727230163761,0.032703121984385033
"(0.01, 0.04, 0.04)",1.0,,A,,1216897.5364191544,0.07276760397403026,-0.21542808780470385,-0.22942716117127443,0.07083842937043494,0.07569426974030112,0.19322582143406294,0.9939855765733259,77.0,42.0,29.0,7.0,0.09139822114388929,0.006014423426674079
"(0.01, 0.04, 0.06)",0.9,15.0,A,,1150476.0036338754,0.066803037536182,-0.17915459711155673,-0.17916575365303283,0.06424980288249764,0.0669014088928713,0.17019166978775074,0.8931285512212042,73.0,43.0,30.0,0.0,0.07784206819415435,0.10687144877879595
"(0.01, 0.04, 0.06)",0.9,,A,,1175784.658622196,0.06911141286309486,-0.19003602763356775,-0.20934829254840215,0.06640829337629088,0.07248532344443541,0.17901221524533267,0.9022137697263488,73.0,42.5,27.5,3.0,0.0835050660701119,0.09778623027365112
"(0.01, 0.04, 0.06)",1.0,15.0,A,,1175990.539305022,0.06913003082366331,-0.19522115076441726,-0.1989592889223355,0.06669136243181317,0.06928803809801339,0.18149877864082864,0.967296878015615,75.0,43.0,32.0,0.0,0.08271727230163761,0.032703121984385033
"(0.01, 0.04, 0.06)",1.0,,A,,1240174.1183315613,0.07478852605834196,-0.2077700437522389,-0.24182387157789914,0.06970874354790127,0.07590462479916933,0.19381043000541312,0.9951739557897582,77.0,42.5,29.0,5.0,0.09168509186322832,0.004826044210241855
"(0.01, 0.04, 0.08)",0.9,15.0,A,,1150476.0036338754,0.066803037536182,-0.17915459711155673,-0.17916575365303283,0.06424980288249764,0.0669014088928713,0.17019166978775074,0.8931285512212042,73.0,43.0,30.0,0.0,0.07784206819415435,0.10687144877879595
"(0.01, 0.04, 0.08)",0.9,,A,,1157393.067328379,0.06743838278519154,-0.19346320471917833,-0.21469025357615115,0.06657647134439368,0.07018773511848593,0.17941062212550402,0.901897531331417,70.0,41.0,27.0,2.0,0.08318038097536512,0.09810246866858302
"(0.01, 0.04, 0.08)",1.0,15.0,A,,1175990.539305022,0.06913003082366331,-0.19522115076441726,-0.1989592889223355,0.06669136243181317,0.06928803809801339,0.18149877864082864,0.967296878015615,75.0,43.0,32.0,0.0,0.08271727230163761,0.032703121984385033
"(0.01, 0.04, 0.08)",1.0,,A,,1225981.1787758144,0.07356032711704275,-0.2098321389912456,-0.23005640453365467,0.06999506979918843,0.0763921267058458,0.19111072220431974,0.9948022376189063,74.0,43.0,30.0,3.0,0.09014004597969309,0.005197762381093719
"(0.01, 0.04, 0.1)",0.9,15.0,A,,1150476.0036338754,0.066803037536182,-0.17915459711155673,-0.17916575365303283,0.06424980288249764,0.0669014088928713,0.17019166978775074,0.8931285512212042,73.0,43.0,30.0,0.0,0.07784206819415435,0.10687144877879595
"(0.01, 0.04, 0.1)",0.9,,A,,1161728.7658863515,0.06783440516806749,-0.19628450786420276,-0.2205865062967684,0.06636892363293456,0.07143631506818611,0.17916036326290102,0.9035359150641338,69.0,41.0,26.0,2.0,0.08463795533927032,0.09646408493586615
"(0.01, 0.04, 0.1)",1.0,15.0,A,,1175990.539305022,0.06913003082366331,-0.19522115076441726,-0.1989592889223355,0.06669136243181317,0.06928803809801339,0.18149877864082864,0.967296878015615,75.0,43.0,32.0,0.0,0.08271727230163761,0.032703121984385033
"(0.01, 0.04, 0.1)",1.0,,A,,1234337.0209198343,0.07428493432433869,-0.20920678572290596,-0.24315645470506156,0.06901476702883516,0.07831071784877856,0.19508135741617355,0.9992996474390642,74.0,42.0,29.0,3.0,0.0916308191496996,0.0007003525609358479
"(0.01, 0.04, 0.15)",0.9,15.0,A,,1150476.0036338754,0.066803037536182,-0.17915459711155673,-0.17916575365303283,0.06424980288249764,0.0669014088928713,0.17019166978775074,0.8931285512212042,73.0,43.0,30.0,0.0,0.07784206819415435,0.10687144877879595
"(0.01, 0.04, 0.15)",0.9,,A,,1154569.9176192363,0.06717932886052413,-0.20253070483850805,-0.22433745251798276,0.06643587421999161,0.071913990732583,0.17785632294433712,0.9041558501192177,70.0,42.0,27.0,1.0,0.08305205283307907,0.09584414988078233
"(0.01, 0.04, 0.15)",1.0,15.0,A,,1175990.539305022,0.06913003082366331,-0.19522115076441726,-0.1989592889223355,0.06669136243181317,0.06928803809801339,0.18149877864082864,0.967296878015615,75.0,43.0,32.0,0.0,0.08271727230163761,0.032703121984385033
"(0.01, 0.04, 0.15)",1.0,,A,,1187905.2297545532,0.07019932761429504,-0.2186731118094276,-0.2523956623232986,0.06798807868290395,0.07669240686151062,0.19322507211910558,0.9993718032170913,69.0,42.0,25.0,2.0,0.09262087951699816,0.0006281967829086328
"(0.01, 0.06, 0)",0.9,15.0,A,,1198247.307125675,0.07112304424790905,-0.19189936856004564,-0.2088313427358398,0.06868095759264217,0.07338584044112686,0.19114892994290947,0.8941535388369266,66.0,43.0,23.0,0.0,0.08978427954313556,0.10584646116307345
"(0.01, 0.06, 0)",0.9,,A,,1198247.307125675,0.07112304424790905,-0.19189936856004564,-0.2088313427358398,0.06868095759264217,0.07338584044112686,0.19114892994290947,0.8941535388369266,66.0,43.0,23.0,0.0,0.08978427954313556,0.10584646116307345
"(0.01, 0.06, 0)",1.0,15.0,A,,1258017.1329273488,0.07631470608441215,-0.21683835363453174,-0.21686257380959087,0.0725320173827166,0.07646882105972899,0.20558818015581232,0.9974510182974832,69.0,43.0,26.0,0.0,0.09719002286802847,0.0025489817025168824
"(0.01, 0.06, 0)",1.0,,A,,1258017.1329273488,0.07631470608441215,-0.21683835363453174,-0.21686257380959087,0.0725320173827166,0.07646882105972899,0.20558818015581232,0.9974510182974832,69.0,43.0,26.0,0.0,0.09719002286802847,0.0025489817025168824
"(0.01, 0.06, 0.01)",0.9,15.0,A,,1198247.307125675,0.07112304424790905,-0.19189936856004564,-0.2088313427358398,0.06868095759264217,0.07338584044112686,0.19114892994290947,0.8941535388369266,66.0,43.0,23.0,0.0,0.08978427954313556,0.10584646116307345
"(0.01, 0.06, 0.01)",0.9,,A,,1197602.8266866435,0.07106578127767726,-0.19683523547050824,-0.20964232123445486,0.0686497746235066,0.07396923503168121,0.19092361705683591,0.9028689239592883,67.5,42.0,23.0,2.0,0.09069311005783184,0.09713107604071175
"(0.01, 0.06, 0.01)",1.0,15.0,A,,1258017.1329273488,0.07631470608441215,-0.21683835363453174,-0.21686257380959087,0.0725320173827166,0.07646882105972899,0.20558818015581232,0.9974510182974832,69.0,43.0,26.0,0.0,0.09719002286802847,0.0025489817025168824
"(0.01, 0.06, 0.01)",1.0,,A,,1258017.1329273488,0.07631470608441215,-0.21683835363453174,-0.21686257380959087,0.0725320173827166,0.07646882105972899,0.20558818015581232,0.9974510182974832,69.0,43.0,26.0,0.0,0.09719002286802847,0.0025489817025168824
"(0.01, 0.06, 0.02)",0.9,15.0,A,,1198247.307125675,0.07112304424790905,-0.19189936856004564,-0.2088313427358398,0.06868095759264217,0.07338584044112686,0.19114892994290947,0.8941535388369266,66.0,43.0,23.0,0.0,0.08978427954313556,0.10584646116307345
"(0.01, 0.06, 0.02)",0.9,,A,,1197231.6246496707,0.0710328075381299,-0.19712344870496523,-0.21297575041158404,0.06801110572065319,0.07410262544996303,0.19217882362907218,0.902846288016476,67.0,42.0,23.0,1.0,0.09077081640728454,0.09715371198352399
"(0.01, 0.06, 0.02)",1.0,15.0,A,,1258017.1329273488,0.07631470608441215,-0.21683835363453174,-0.21686257380959087,0.0725320173827166,0.07646882105972899,0.20558818015581232,0.9974510182974832,69.0,43.0,26.0,0.0,0.09719002286802847,0.0025489817025168824
"(0.01, 0.06, 0.02)",1.0,,A,,1258017.1329273488,0.07631470608441215,-0.21683835363453174,-0.21686257380959087,0.0725320173827166,0.07646882105972899,0.20558818015581232,0.9974510182974832,69.0,43.0,26.0,0.0,0.09719002286802847,0.0025489817025168824
"(0.01, 0.06, 0.03)",0.9,15.0,A,,1198247.307125675,0.07112304424790905,-0.19189936856004564,-0.2088313427358398,0.06868095759264217,0.07338584044112686,0.19114892994290947,0.8941535388369266,66.0,43.0,23.0,0.0,0.08978427954313556,0.10584646116307345
"(0.01, 0.06, 0.03)",0.9,,A,,1198247.307125675,0.07112304424790905,-0.19189936856004564,-0.2088313427358398,0.06873758178383729,0.0732853521898621,0.19224794257610966,0.897146008900986,66.5,43.0,23.0,0.0,0.08978427954313556,0.10285399109901402
"(0.01, 0.06, 0.03)",1.0,15.0,A,,1258017.1329273488,0.07631470608441215,-0.21683835363453174,-0.21686257380959087,0.0725320173827166,0.07646882105972899,0.20558818015581232,0.9974510182974832,69.0,43.0,26.0,0.0,0.09719002286802847,0.0025489817025168824
"(0.01, 0.06, 0.03)",1.0,,A,,1258017.1329273488,0.07631470608441215,-0.21683835363453174,-0.21686257380959087,0.0725320173827166,0.07646882105972899,0.20558818015581232,0.9974510182974832,69.0,43.0,26.0,0.0,0.09719002286802847,0.0025489817025168824
"(0.01, 0.06, 0.04)",0.9,15.0,A,,1198247.307125675,0.07112304424790905,-0.19189936856004564,-0.2088313427358398,0.06868095759264217,0.07338584044112686,0.19114892994290947,0.8941535388369266,66.0,43.0,23.0,0.0,0.08978427954313556,0.10584646116307345
"(0.01, 0.06, 0.04)",0.9,,A,,1198247.307125675,0.07112304424790905,-0.19189936856004564,-0.2088313427358398,0.06868095759264217,0.07338584044112686,0.19114892994290947,0.8941535388369266,66.0,43.0,23.0,0.0,0.08978427954313556,0.10584646116307345
"(0.01, 0.06, 0.04)",1.0,15.0,A,,1258017.1329273488,0.07631470608441215,-0.21683835363453174,-0.21686257380959087,0.0725320173827166,0.07646882105972899,0.20558818015581232,0.9974510182974832,69.0,43.0,26.0,0.0,0.09719002286802847,0.0025489817025168824
"(0.01, 0.06, 0.04)",1.0,,A,,1258017.1329273488,0.07631470608441215,-0.21683835363453174,-0.21686257380959087,0.0725320173827166,0.07646882105972899,0.20558818015581232,0.9974510182974832,69.0,43.0,26.0,0.0,0.09719002286802847,0.0025489817025168824
"(0.01, 0.06, 0.06)",0.9,15.0,A,,1198247.307125675,0.07112304424790905,-0.19189936856004564,-0.2088313427358398,0.06868095759264217,0.07338584044112686,0.19114892994290947,0.8941535388369266,66.0,43.0,23.0,0.0,0.08978427954313556,0.10584646116307345
"(0.01, 0.06, 0.06)",0.9,,A,,1198247.307125675,0.07112304424790905,-0.19189936856004564,-0.2088313427358398,0.06868095759264217,0.07338584044112686,0.19114892994290947,0.8941535388369266,66.0,43.0,23.0,0.0,0.08978427954313556,0.10584646116307345
"(0.01, 0.06, 0.06)",1.0,15.0,A,,1258017.1329273488,0.07631470608441215,-0.21683835363453174,-0.21686257380959087,0.0725320173827166,0.07646882105972899,0.20558818015581232,0.9974510182974832,69.0,43.0,26.0,0.0,0.09719002286802847,0.0025489817025168824
"(0.01, 0.06, 0.06)",1.0,,A,,1258017.1329273488,0.07631470608441215,-0.21683835363453174,-0.21686257380959087,0.0725320173827166,0.07646882105972899,0.20558818015581232,0.9974510182974832,69.0,43.0,26.0,0.0,0.09719002286802847,0.0025489817025168824
"(0.01, 0.06, 0.08)",0.9,15.0,A,,1198247.307125675,0.07112304424790905,-0.19189936856004564,-0.2088313427358398,0.06868095759264217,0.07338584044112686,0.19114892994290947,0.8941535388369266,66.0,43.0,23.0,0.0,0.08978427954313556,0.10584646116307345
"(0.01, 0.06, 0.08)",0.9,,A,,1198247.307125675,0.07112304424790905,-0.19189936856004564,-0.2088313427358398,0.06868095759264217,0.07338584044112686,0.19114892994290947,0.8941535388369266,66.0,43.0,23.0,0.0,0.08978427954313556,0.10584646116307345
"(0.01, 0.06, 0.08)",1.0,15.0,A,,1258017.1329273488,0.07631470608441215,-0.21683835363453174,-0.21686257380959087,0.0725320173827166,0.07646882105972899,0.20558818015581232,0.9974510182974832,69.0,43.0,26.0,0.0,0.09719002286802847,0.0025489817025168824
"(0.01, 0.06, 0.08)",1.0,,A,,1258017.1329273488,0.07631470608441215,-0.21683835363453174,-0.21686257380959087,0.0725320173827166,0.07646882105972899,0.20558818015581232,0.9974510182974832,69.0,43.0,26.0,0.0,0.09719002286802847,0.0025489817025168824
"(0.01, 0.06, 0.1)",0.9,15.0,A,,1198247.307125675,0.07112304424790905,-0.19189936856004564,-0.2088313427358398,0.06868095759264217,0.07338584044112686,0.19114892994290947,0.8941535388369266,66.0,43.0,23.0,0.0,0.08978427954313556,0.10584646116307345
"(0.01, 0.06, 0.1)",0.9,,A,,1198247.307125675,0.07112304424790905,-0.19189936856004564,-0.2088313427358398,0.06868095759264217,0.07338584044112686,0.19114892994290947,0.8941535388369266,66.0,43.0,23.0,0.0,0.08978427954313556,0.10584646116307345
"(0.01, 0.06, 0.1)",1.0,15.0,A,,1258017.1329273488,0.07631470608441215,-0.21683835363453174,-0.21686257380959087,0.0725320173827166,0.07646882105972899,0.20558818015581232,0.9974510182974832,69.0,43.0,26.0,0.0,0.09719002286802847,0.0025489817025168824
"(0.01, 0.06, 0.1)",1.0,,A,,1258017.1329273488,0.07631470608441215,-0.21683835363453174,-0.21686257380959087,0.0725320173827166,0.07646882105972899,0.20558818015581232,0.9974510182974832,69.0,43.0,26.0,0.0,0.09719002286802847,0.0025489817025168824
"(0.01, 0.06, 0.15)",0.9,15.0,A,,1198247.307125675,0.07112304424790905,-0.19189936856004564,-0.2088313427358398,0.06868095759264217,0.07338584044112686,0.19114892994290947,0.8941535388369266,66.0,43.0,23.0,0.0,0.08978427954313556,0.10584646116307345
"(0.01, 0.06, 0.15)",0.9,,A,,1198247.307125675,0.07112304424790905,-0.19189936856004564,-0.2088313427358398,0.06868095759264217,0.07338584044112686,0.19114892994290947,0.8941535388369266,66.0,43.0,23.0,0.0,0.08978427954313556,0.10584646116307345
"(0.01, 0.06, 0.15)",1.0,15.0,A,,1258017.1329273488,0.07631470608441215,-0.21683835363453174,-0.21686257380959087,0.0725320173827166,0.07646882105972899,0.20558818015581232,0.9974510182974832,69.0,43.0,26.0,0.0,0.09719002286802847,0.0025489817025168824
"(0.01, 0.06, 0.15)",1.0,,A,,1258017.1329273488,0.07631470608441215,-0.21683835363453174,-0.21686257380959087,0.0725320173827166,0.07646882105972899,0.20558818015581232,0.9974510182974832,69.0,43.0,26.0,0.0,0.09719002286802847,0.0025489817025168824
"(0.01, 0.08, 0)",0.9,15.0,A,,1272830.0925085263,0.07756701186352877,-0.1832055114684651,-0.23697384870471705,0.06934393636194738,0.08172004698590118,0.2004901220217411,0.9030082753035451,61.0,42.0,19.0,0.0,0.09533242435454015,0.0969917246964549
"(0.01, 0.08, 0)",0.9,,A,,1272830.0925085263,0.07756701186352877,-0.1832055114684651,-0.23697384870471705,0.06934393636194738,0.08172004698590118,0.2004901220217411,0.9030082753035451,61.0,42.0,19.0,0.0,0.09533242435454015,0.0969917246964549
"(0.01, 0.08, 0)",1.0,15.0,A,,1294701.7149018038,0.07939221134631591,-0.20053783474513948,-0.2826008169090169,0.0730215120619097,0.0819935257173087,0.2137295062741755,0.9817554280409392,63.5,43.0,20.5,0.0,0.10160676249685995,0.018244571959060825
"(0.01, 0.08, 0)",1.0,,A,,1294701.7149018038,0.07939221134631591,-0.20053783474513948,-0.2826008169090169,0.0730215120619097,0.0819935257173087,0.2137295062741755,0.9817554280409392,63.5,43.0,20.5,0.0,0.10160676249685995,0.018244571959060825
"(0.01, 0.08, 0.01)",0.9,15.0,A,,1272830.0925085263,0.07756701186352877,-0.1832055114684651,-0.23697384870471705,0.06934393636194738,0.08172004698590118,0.2004901220217411,0.9030082753035451,61.0,42.0,19.0,0.0,0.09533242435454015,0.0969917246964549
"(0.01, 0.08, 0.01)",0.9,,A,,1272293.0133078825,0.07752183756968722,-0.1832055114684651,-0.23697384870471705,0.06930336015387206,0.08171555485029129,0.20189301697776635,0.9030082753035451,62.0,42.0,19.0,2.0,0.09568551141776807,0.0969917246964549
"(0.01, 0.08, 0.01)",1.0,15.0,A,,1294701.7149018038,0.07939221134631591,-0.20053783474513948,-0.2826008169090169,0.0730215120619097,0.0819935257173087,0.2137295062741755,0.9817554280409392,63.5,43.0,20.5,0.0,0.10160676249685995,0.018244571959060825
"(0.01, 0.08, 0.01)",1.0,,A,,1293753.251618123,0.07931360250207908,-0.20398816450538493,-0.2826647373742131,0.07368591163946792,0.08265730791972124,0.2174334414329876,0.9986227747328507,67.0,43.0,20.0,4.0,0.10332467420599613,0.0013772252671494145
"(0.01, 0.08, 0.02)",0.9,15.0,A,,1272830.0925085263,0.07756701186352877,-0.1832055114684651,-0.23697384870471705,0.06934393636194738,0.08172004698590118,0.2004901220217411,0.9030082753035451,61.0,42.0,19.0,0.0,0.09533242435454015,0.0969917246964549
"(0.01, 0.08, 0.02)",0.9,,A,,1267156.0040622158,0.07708879258753332,-0.1832055114684651,-0.23697384870471705,0.069262763165822,0.08177815576734875,0.2017459839772959,0.9030082753035451,62.0,42.0,19.0,1.0,0.09576772354084079,0.0969917246964549
"(0.01, 0.08, 0.02)",1.0,15.0,A,,1294701.7149018038,0.07939221134631591,-0.20053783474513948,-0.2826008169090169,0.0730215120619097,0.0819935257173087,0.2137295062741755,0.9817554280409392,63.5,43.0,20.5,0.0,0.10160676249685995,0.018244571959060825
"(0.01, 0.08, 0.02)",1.0,,A,,1288534.7955832505,0.07887962949165017,-0.2060202521859471,-0.2687760848062323,0.0737401255254269,0.08266388885727372,0.2170209064476361,0.9981264200680058,66.0,43.0,20.0,3.0,0.10386294716624452,0.00187357993199413
"(0.01, 0.08, 0.03)",0.9,15.0,A,,1272830.0925085263,0.07756701186352877,-0.1832055114684651,-0.23697384870471705,0.06934393636194738,0.08172004698590118,0.2004901220217411,0.9030082753035451,61.0,42.0,19.0,0.0,0.09533242435454015,0.0969917246964549
"(0.01, 0.08, 0.03)",0.9,,A,,1265149.2695423828,0.07691933817731733,-0.1832055114684651,-0.23697384870471705,0.06842918019514281,0.08180710444126241,0.20252261053525852,0.9034382286811233,62.0,42.0,19.0,1.0,0.0959014349423824,0.09656177131887674
"(0.01, 0.08, 0.03)",1.0,15.0,A,,1294701.7149018038,0.07939221134631591,-0.20053783474513948,-0.2826008169090169,0.0730215120619097,0.0819935257173087,0.2137295062741755,0.9817554280409392,63.5,43.0,20.5,0.0,0.10160676249685995,0.018244571959060825
"(0.01, 0.08, 0.03)",1.0,,A,,1294366.5621178509,0.07936446681472387,-0.20053783474513948,-0.2826008169090169,0.07280509005903983,0.08275540408834439,0.21865289531250406,0.9848570408105236,64.0,43.0,20.5,1.0,0.10343967708175032,0.01514295918947636
"(0.01, 0.08, 0.04)",0.9,15.0,A,,1272830.0925085263,0.07756701186352877,-0.1832055114684651,-0.23697384870471705,0.06934393636194738,0.08172004698590118,0.2004901220217411,0.9030082753035451,61.0,42.0,19.0,0.0,0.09533242435454015,0.0969917246964549
"(0.01, 0.08, 0.04)",0.9,,A,,1272830.0925085263,0.07756701186352877,-0.1832055114684651,-0.23697384870471705,0.0681225001777664,0.08172004698590118,0.2007033818831107,0.9030082753035451,61.0,42.0,19.0,0.0,0.09533242435454015,0.0969917246964549
"(0.01, 0.08, 0.04)",1.0,15.0,A,,1294701.7149018038,0.07939221134631591,-0.20053783474513948,-0.2826008169090169,0.0730215120619097,0.0819935257173087,0.2137295062741755,0.9817554280409392,63.5,43.0,20.5,0.0,0.10160676249685995,0.018244571959060825
"(0.01, 0.08, 0.04)",1.0,,A,,1294701.7149018038,0.07939221134631591,-0.20053783474513948,-0.2826008169090169,0.07170965215532817,0.0819935257173087,0.2173324117566362,0.9845319152561386,64.0,43.0,20.5,1.0,0.10284313239070049,0.015468084743861441
"(0.01, 0.08, 0.06)",0.9,15.0,A,,1272830.0925085263,0.07756701186352877,-0.1832055114684651,-0.23697384870471705,0.06934393636194738,0.08172004698590118,0.2004901220217411,0.9030082753035451,61.0,42.0,19.0,0.0,0.09533242435454015,0.0969917246964549
"(0.01, 0.08, 0.06)",0.9,,A,,1272830.0925085263,0.07756701186352877,-0.1832055114684651,-0.23697384870471705,0.06934393636194738,0.08172004698590118,0.2004901220217411,0.9030082753035451,61.0,42.0,19.0,0.0,0.09533242435454015,0.0969917246964549
"(0.01, 0.08, 0.06)",1.0,15.0,A,,1294701.7149018038,0.07939221134631591,-0.20053783474513948,-0.2826008169090169,0.0730215120619097,0.0819935257173087,0.2137295062741755,0.9817554280409392,63.5,43.0,20.5,0.0,0.10160676249685995,0.018244571959060825
"(0.01, 0.08, 0.06)",1.0,,A,,1299496.2591924758,0.07978819870388709,-0.20053783474513948,-0.2826008169090169,0.0712465319137798,0.0819935257173087,0.2162087625078844,0.9837190658968085,63.5,43.0,20.5,0.0,0.10322683784830511,0.016280934103191508
"(0.01, 0.08, 0.08)",0.9,15.0,A,,1272830.0925085263,0.07756701186352877,-0.1832055114684651,-0.23697384870471705,0.06934393636194738,0.08172004698590118,0.2004901220217411,0.9030082753035451,61.0,42.0,19.0,0.0,0.09533242435454015,0.0969917246964549
"(0.01, 0.08, 0.08)",0.9,,A,,1272830.0925085263,0.07756701186352877,-0.1832055114684651,-0.23697384870471705,0.06934393636194738,0.08172004698590118,0.2004901220217411,0.9030082753035451,61.0,42.0,19.0,0.0,0.09533242435454015,0.0969917246964549
"(0.01, 0.08, 0.08)",1.0,15.0,A,,1294701.7149018038,0.07939221134631591,-0.20053783474513948,-0.2826008169090169,0.0730215120619097,0.0819935257173087,0.2137295062741755,0.9817554280409392,63.5,43.0,20.5,0.0,0.10160676249685995,0.018244571959060825
"(0.01, 0.08, 0.08)",1.0,,A,,1294701.7149018038,0.07939221134631591,-0.20053783474513948,-0.2826008169090169,0.0730215120619097,0.0819935257173087,0.2137295062741755,0.9817554280409392,63.5,43.0,20.5,0.0,0.10160676249685995,0.018244571959060825
"(0.01, 0.08, 0.1)",0.9,15.0,A,,1272830.0925085263,0.07756701186352877,-0.1832055114684651,-0.23697384870471705,0.06934393636194738,0.08172004698590118,0.2004901220217411,0.9030082753035451,61.0,42.0,19.0,0.0,0.09533242435454015,0.0969917246964549
"(0.01, 0.08, 0.1)",0.9,,A,,1272830.0925085263,0.07756701186352877,-0.1832055114684651,-0.23697384870471705,0.06934393636194738,0.08172004698590118,0.2004901220217411,0.9030082753035451,61.0,42.0,19.0,0.0,0.09533242435454015,0.0969917246964549
"(0.01, 0.08, 0.1)",1.0,15.0,A,,1294701.7149018038,0.07939221134631591,-0.20053783474513948,-0.2826008169090169,0.0730215120619097,0.0819935257173087,0.2137295062741755,0.9817554280409392,63.5,43.0,20.5,0.0,0.10160676249685995,0.018244571959060825
"(0.01, 0.08, 0.1)",1.0,,A,,1294701.7149018038,0.07939221134631591,-0.20053783474513948,-0.2826008169090169,0.0730215120619097,0.0819935257173087,0.2137295062741755,0.9817554280409392,63.5,43.0,20.5,0.0,0.10160676249685995,0.018244571959060825
"(0.01, 0.08, 0.15)",0.9,15.0,A,,1272830.0925085263,0.07756701186352877,-0.1832055114684651,-0.23697384870471705,0.06934393636194738,0.08172004698590118,0.2004901220217411,0.9030082753035451,61.0,42.0,19.0,0.0,0.09533242435454015,0.0969917246964549
"(0.01, 0.08, 0.15)",0.9,,A,,1272830.0925085263,0.07756701186352877,-0.1832055114684651,-0.23697384870471705,0.06934393636194738,0.08172004698590118,0.2004901220217411,0.9030082753035451,61.0,42.0,19.0,0.0,0.09533242435454015,0.0969917246964549
"(0.01, 0.08, 0.15)",1.0,15.0,A,,1294701.7149018038,0.07939221134631591,-0.20053783474513948,-0.2826008169090169,0.0730215120619097,0.0819935257173087,0.2137295062741755,0.9817554280409392,63.5,43.0,20.5,0.0,0.10160676249685995,0.018244571959060825
"(0.01, 0.08, 0.15)",1.0,,A,,1294701.7149018038,0.07939221134631591,-0.20053783474513948,-0.2826008169090169,0.0730215120619097,0.0819935257173087,0.2137295062741755,0.9817554280409392,63.5,43.0,20.5,0.0,0.10160676249685995,0.018244571959060825
"(0.01, 0.1, 0)",0.9,15.0,A,,1306037.5815395322,0.08032663877724777,-0.1872767478221085,-0.2659947727636939,0.07064642739232307,0.08895365550796397,0.20405880066417253,0.9024024700281649,58.0,42.0,16.0,0.0,0.10021238354627418,0.09759752997183513
"(0.01, 0.1, 0)",0.9,,A,,1306037.5815395322,0.08032663877724777,-0.1872767478221085,-0.2659947727636939,0.07064642739232307,0.08895365550796397,0.20405880066417253,0.9024024700281649,58.0,42.0,16.0,0.0,0.10021238354627418,0.09759752997183513
"(0.01, 0.1, 0)",1.0,15.0,A,,1375008.9380228883,0.08586367807226103,-0.1988015398649175,-0.28327389910540707,0.07366983650623966,0.09181073943366676,0.21705891361180452,0.9936813332629897,61.0,43.0,18.0,0.0,0.1076386373726202,0.00631866673701025
"(0.01, 0.1, 0)",1.0,,A,,1375008.9380228883,0.08586367807226103,-0.1988015398649175,-0.28327389910540707,0.07366983650623966,0.09181073943366676,0.21705891361180452,0.9936813332629897,61.0,43.0,18.0,0.0,0.1076386373726202,0.00631866673701025
"(0.01, 0.1, 0.01)",0.9,15.0,A,,1306037.5815395322,0.08032663877724777,-0.1872767478221085,-0.2659947727636939,0.07064642739232307,0.08895365550796397,0.20405880066417253,0.9024024700281649,58.0,42.0,16.0,0.0,0.10021238354627418,0.09759752997183513
"(0.01, 0.1, 0.01)",0.9,,A,,1305762.3708630414,0.08030394412033759,-0.18779021590707023,-0.2659947727636939,0.07060314967648025,0.08890828339512927,0.2065783411459009,0.9024024700281649,59.5,42.0,16.0,2.0,0.1005168028593787,0.09759752997183513
"(0.01, 0.1, 0.01)",1.0,15.0,A,,1375008.9380228883,0.08586367807226103,-0.1988015398649175,-0.28327389910540707,0.07366983650623966,0.09181073943366676,0.21705891361180452,0.9936813332629897,61.0,43.0,18.0,0.0,0.1076386373726202,0.00631866673701025
"(0.01, 0.1, 0.01)",1.0,,A,,1374723.0115144756,0.08584130003365631,-0.1988265539740015,-0.28327389910540707,0.07363046774501965,0.09176650177107784,0.2195016441122853,0.9936813332629897,62.0,43.0,18.0,2.0,0.10834008316910776,0.00631866673701025
"(0.01, 0.1, 0.02)",0.9,15.0,A,,1306037.5815395322,0.08032663877724777,-0.1872767478221085,-0.2659947727636939,0.07064642739232307,0.08895365550796397,0.20405880066417253,0.9024024700281649,58.0,42.0,16.0,0.0,0.10021238354627418,0.09759752997183513
"(0.01, 0.1, 0.02)",0.9,,A,,1301934.3667764235,0.07998737570746606,-0.1881237342824318,-0.2659947727636939,0.07055985049951463,0.08880686011316756,0.20746373998655696,0.9024024700281649,59.0,42.0,16.0,1.0,0.10067597377698675,0.09759752997183513
"(0.01, 0.1, 0.02)",1.0,15.0,A,,1375008.9380228883,0.08586367807226103,-0.1988015398649175,-0.28327389910540707,0.07366983650623966,0.09181073943366676,0.21705891361180452,0.9936813332629897,61.0,43.0,18.0,0.0,0.1076386373726202,0.00631866673701025
"(0.01, 0.1, 0.02)",1.0,,A,,1374437.0480944118,0.08581891074029158,-0.1996149550716746,-0.28327389910540707,0.07359107934988733,0.09172225326829782,0.22194941421220543,0.9946494452354959,62.0,43.0,18.0,2.0,0.1090697373632389,0.005350554764504108
"(0.01, 0.1, 0.03)",0.9,15.0,A,,1306037.5815395322,0.08032663877724777,-0.1872767478221085,-0.2659947727636939,0.07064642739232307,0.08895365550796397,0.20405880066417253,0.9024024700281649,58.0,42.0,16.0,0.0,0.10021238354627418,0.09759752997183513
"(0.01, 0.1, 0.03)",0.9,,A,,1301461.9479495496,0.07994819063223035,-0.18953494059283443,-0.2659947727636939,0.07051652984298115,0.08956361458237709,0.20824894862539847,0.9026157907467334,59.0,42.0,16.0,1.0,0.10101483936281533,0.09738420925326662
"(0.01, 0.1, 0.03)",1.0,15.0,A,,1375008.9380228883,0.08586367807226103,-0.1988015398649175,-0.28327389910540707,0.07366983650623966,0.09181073943366676,0.21705891361180452,0.9936813332629897,61.0,43.0,18.0,0.0,0.1076386373726202,0.00631866673701025
"(0.01, 0.1, 0.03)",1.0,,A,,1368614.4662231025,0.08536120580006679,-0.2005907947734638,-0.28327389910540707,0.07344249192311732,0.09159567941121668,0.22294821511061033,0.995046264586072,62.0,43.0,18.0,1.0,0.10873408165140033,0.004953735413927898
"(0.01, 0.1, 0.04)",0.9,15.0,A,,1306037.5815395322,0.08032663877724777,-0.1872767478221085,-0.2659947727636939,0.07064642739232307,0.08895365550796397,0.20405880066417253,0.9024024700281649,58.0,42.0,16.0,0.0,0.10021238354627418,0.09759752997183513
"(0.01, 0.1, 0.04)",0.9,,A,,1306037.5815395322,0.08032663877724777,-0.1872767478221085,-0.2659947727636939,0.06934907268453286,0.09000814364304063,0.20700008755080276,0.9024024700281649,58.5,42.0,16.0,0.0,0.10136763311526087,0.09759752997183513
"(0.01, 0.1, 0.04)",1.0,15.0,A,,1375008.9380228883,0.08586367807226103,-0.1988015398649175,-0.28327389910540707,0.07366983650623966,0.09181073943366676,0.21705891361180452,0.9936813332629897,61.0,43.0,18.0,0.0,0.1076386373726202,0.00631866673701025
"(0.01, 0.1, 0.04)",1.0,,A,,1366482.9756231746,0.08519277324546892,-0.20032302138413938,-0.28327389910540707,0.07347081087940188,0.09260683299756178,0.22195767282093082,0.9946494452354959,62.0,43.0,18.0,1.0,0.10912246855845158,0.005350554764504108
"(0.01, 0.1, 0.06)",0.9,15.0,A,,1306037.5815395322,0.08032663877724777,-0.1872767478221085,-0.2659947727636939,0.07064642739232307,0.08895365550796397,0.20405880066417253,0.9024024700281649,58.0,42.0,16.0,0.0,0.10021238354627418,0.09759752997183513
"(0.01, 0.1, 0.06)",0.9,,A,,1312984.6287507217,0.08089666704091358,-0.1872767478221085,-0.2659947727636939,0.06869500408555698,0.08895365550796397,0.20405880066417253,0.9024024700281649,58.5,42.0,16.0,0.0,0.10085338270878724,0.09759752997183513
"(0.01, 0.1, 0.06)",1.0,15.0,A,,1375008.9380228883,0.08586367807226103,-0.1988015398649175,-0.28327389910540707,0.07366983650623966,0.09181073943366676,0.21705891361180452,0.9936813332629897,61.0,43.0,18.0,0.0,0.1076386373726202,0.00631866673701025
"(0.01, 0.1, 0.06)",1.0,,A,,1375008.9380228883,0.08586367807226103,-0.1988015398649175,-0.28327389910540707,0.07366983650623966,0.09315346420645669,0.2211245238889822,0.995046264586072,61.0,43.0,18.0,0.0,0.10799931368704355,0.004953735413927898
"(0.01, 0.1, 0.08)",0.9,15.0,A,,1306037.5815395322,0.08032663877724777,-0.1872767478221085,-0.2659947727636939,0.07064642739232307,0.08895365550796397,0.20405880066417253,0.9024024700281649,58.0,42.0,16.0,0.0,0.10021238354627418,0.09759752997183513
"(0.01, 0.1, 0.08)",0.9,,A,,1316549.4614498701,0.08118707053944929,-0.1872767478221085,-0.2659947727636939,0.07064642739232307,0.08895365550796397,0.2051556528787868,0.9024024700281649,58.0,42.0,16.0,0.0,0.1011600580522796,0.09759752997183513
"(0.01, 0.1, 0.08)",1.0,15.0,A,,1375008.9380228883,0.08586367807226103,-0.1988015398649175,-0.28327389910540707,0.07366983650623966,0.09181073943366676,0.21705891361180452,0.9936813332629897,61.0,43.0,18.0,0.0,0.1076386373726202,0.00631866673701025
"(0.01, 0.1, 0.08)",1.0,,A,,1375008.9380228883,0.08586367807226103,-0.1988015398649175,-0.28327389910540707,0.07366983650623966,0.09181073943366676,0.21705891361180452,0.9936813332629897,61.0,43.0,18.0,0.0,0.1076386373726202,0.00631866673701025
"(0.01, 0.1, 0.1)",0.9,15.0,A,,1306037.5815395322,0.08032663877724777,-0.1872767478221085,-0.2659947727636939,0.07064642739232307,0.08895365550796397,0.20405880066417253,0.9024024700281649,58.0,42.0,16.0,0.0,0.10021238354627418,0.09759752997183513
"(0.01, 0.1, 0.1)",0.9,,A,,1306037.5815395322,0.08032663877724777,-0.1872767478221085,-0.2659947727636939,0.07064642739232307,0.08895365550796397,0.20405880066417253,0.9024024700281649,58.0,42.0,16.0,0.0,0.10021238354627418,0.09759752997183513
"(0.01, 0.1, 0.1)",1.0,15.0,A,,1375008.9380228883,0.08586367807226103,-0.1988015398649175,-0.28327389910540707,0.07366983650623966,0.09181073943366676,0.21705891361180452,0.9936813332629897,61.0,43.0,18.0,0.0,0.1076386373726202,0.00631866673701025
"(0.01, 0.1, 0.1)",1.0,,A,,1375008.9380228883,0.08586367807226103,-0.1988015398649175,-0.28327389910540707,0.07366983650623966,0.09181073943366676,0.21705891361180452,0.9936813332629897,61.0,43.0,18.0,0.0,0.1076386373726202,0.00631866673701025
"(0.01, 0.1, 0.15)",0.9,15.0,A,,1306037.5815395322,0.08032663877724777,-0.1872767478221085,-0.2659947727636939,0.07064642739232307,0.08895365550796397,0.20405880066417253,0.9024024700281649,58.0,42.0,16.0,0.0,0.10021238354627418,0.09759752997183513
"(0.01, 0.1, 0.15)",0.9,,A,,1306037.5815395322,0.08032663877724777,-0.1872767478221085,-0.2659947727636939,0.07064642739232307,0.08895365550796397,0.20405880066417253,0.9024024700281649,58.0,42.0,16.0,0.0,0.10021238354627418,0.09759752997183513
"(0.01, 0.1, 0.15)",1.0,15.0,A,,1375008.9380228883,0.08586367807226103,-0.1988015398649175,-0.28327389910540707,0.07366983650623966,0.09181073943366676,0.21705891361180452,0.9936813332629897,61.0,43.0,18.0,0.0,0.1076386373726202,0.00631866673701025
"(0.01, 0.1, 0.15)",1.0,,A,,1375008.9380228883,0.08586367807226103,-0.1988015398649175,-0.28327389910540707,0.07366983650623966,0.09181073943366676,0.21705891361180452,0.9936813332629897,61.0,43.0,18.0,0.0,0.1076386373726202,0.00631866673701025
"(0.01, 0.12, 0)",0.9,15.0,A,,1359344.6234292788,0.0846289088059704,-0.2066215706536691,-0.25379017282156036,0.07388187607704617,0.09473436665966509,0.19965574253535212,0.8507986871655904,57.0,43.0,14.0,0.0,0.09999948825368275,0.14920131283440957
"(0.01, 0.12, 0)",0.9,,A,,1359344.6234292788,0.0846289088059704,-0.2066215706536691,-0.25379017282156036,0.07388187607704617,0.09473436665966509,0.19965574253535212,0.8507986871655904,57.0,43.0,14.0,0.0,0.09999948825368275,0.14920131283440957
"(0.01, 0.12, 0)",1.0,15.0,A,,1368982.3587579029,0.08537399671384949,-0.2160012198357562,-0.2983022611622464,0.07716677887783756,0.09849134430905641,0.2100539492039427,0.9510843003057544,58.0,43.0,15.0,0.0,0.11038293697222074,0.048915699694245626
"(0.01, 0.12, 0)",1.0,,A,,1368982.3587579029,0.08537399671384949,-0.2160012198357562,-0.2983022611622464,0.07716677887783756,0.09849134430905641,0.2100539492039427,0.9510843003057544,58.0,43.0,15.0,0.0,0.11038293697222074,0.048915699694245626
"(0.01, 0.12, 0.01)",0.9,15.0,A,,1359344.6234292788,0.0846289088059704,-0.2066215706536691,-0.25379017282156036,0.07388187607704617,0.09473436665966509,0.19965574253535212,0.8507986871655904,57.0,43.0,14.0,0.0,0.09999948825368275,0.14920131283440957
"(0.01, 0.12, 0.01)",0.9,,A,,1388207.2795728354,0.08689474846101697,-0.21730382563339362,-0.26832797427330696,0.07460604347146749,0.09623041108679424,0.2044584464733481,0.902386757068752,66.0,43.0,13.0,10.0,0.10416976645179177,0.09761324293124793
"(0.01, 0.12, 0.01)",1.0,15.0,A,,1368982.3587579029,0.08537399671384949,-0.2160012198357562,-0.2983022611622464,0.07716677887783756,0.09849134430905641,0.2100539492039427,0.9510843003057544,58.0,43.0,15.0,0.0,0.11038293697222074,0.048915699694245626
"(0.01, 0.12, 0.01)",1.0,,A,,1390529.2801497933,0.08705660819731242,-0.22561003761600945,-0.2996196701523072,0.07814775178849005,0.09955538656677572,0.21654481938658984,0.9920813845638861,66.0,43.0,15.0,8.0,0.11259892307255301,0.007918615436114038
"(0.01, 0.12, 0.02)",0.9,15.0,A,,1359344.6234292788,0.0846289088059704,-0.2066215706536691,-0.25379017282156036,0.07388187607704617,0.09473436665966509,0.19965574253535212,0.8507986871655904,57.0,43.0,14.0,0.0,0.09999948825368275,0.14920131283440957
"(0.01, 0.12, 0.02)",0.9,,A,,1388757.647524611,0.086937529555005,-0.2193962263340511,-0.2643387460314205,0.07504747138319026,0.09640680254062103,0.20585106155780875,0.9024023636701163,61.5,43.0,13.0,6.0,0.10431381801115457,0.09759763632988373
"(0.01, 0.12, 0.02)",1.0,15.0,A,,1368982.3587579029,0.08537399671384949,-0.2160012198357562,-0.2983022611622464,0.07716677887783756,0.09849134430905641,0.2100539492039427,0.9510843003057544,58.0,43.0,15.0,0.0,0.11038293697222074,0.048915699694245626
"(0.01, 0.12, 0.02)",1.0,,A,,1393498.2407360445,0.08729112114599558,-0.22236917934786532,-0.2969489565641119,0.07915138976700056,0.09935265252651657,0.2204774019794401,0.9919014911996655,62.0,43.0,15.0,5.0,0.11242649658374841,0.008098508800334563
"(0.01, 0.12, 0.03)",0.9,15.0,A,,1359344.6234292788,0.0846289088059704,-0.2066215706536691,-0.25379017282156036,0.07388187607704617,0.09473436665966509,0.19965574253535212,0.8507986871655904,57.0,43.0,14.0,0.0,0.09999948825368275,0.14920131283440957
"(0.01, 0.12, 0.03)",0.9,,A,,1382192.4934020585,0.08642590560329,-0.21871117127831446,-0.2670195414256797,0.07399066614788237,0.09566789866697449,0.2066113459066733,0.8958210843216745,60.0,43.0,13.0,3.0,0.10439232168078635,0.10417891567832545
"(0.01, 0.12, 0.03)",1.0,15.0,A,,1368982.3587579029,0.08537399671384949,-0.2160012198357562,-0.2983022611622464,0.07716677887783756,0.09849134430905641,0.2100539492039427,0.9510843003057544,58.0,43.0,15.0,0.0,0.11038293697222074,0.048915699694245626
"(0.01, 0.12, 0.03)",1.0,,A,,1400433.6786915495,0.08782213646149972,-0.22327826884493585,-0.3015234515607333,0.07823028114845358,0.09985535880238867,0.22000629310359954,0.99193915324237,60.5,43.0,15.0,3.0,0.11342186877154305,0.008060846757630026
"(0.01, 0.12, 0.04)",0.9,15.0,A,,1359344.6234292788,0.0846289088059704,-0.2066215706536691,-0.25379017282156036,0.07388187607704617,0.09473436665966509,0.19965574253535212,0.8507986871655904,57.0,43.0,14.0,0.0,0.09999948825368275,0.14920131283440957
"(0.01, 0.12, 0.04)",0.9,,A,,1395534.3044638468,0.08746335192185606,-0.22121559364732857,-0.26986505874063876,0.074877071940023,0.09615272892231838,0.20660577691511,0.9027206657018074,58.0,43.0,13.0,3.0,0.10539190567523046,0.0972793342981926
"(0.01, 0.12, 0.04)",1.0,15.0,A,,1368982.3587579029,0.08537399671384949,-0.2160012198357562,-0.2983022611622464,0.07716677887783756,0.09849134430905641,0.2100539492039427,0.9510843003057544,58.0,43.0,15.0,0.0,0.11038293697222074,0.048915699694245626
"(0.01, 0.12, 0.04)",1.0,,A,,1388299.0143637708,0.08689261608675636,-0.2234565187018211,-0.3042056088318731,0.07693922044216936,0.09936233167674487,0.222850031930368,0.9869746429625638,59.0,43.0,15.0,1.0,0.11350396419310613,0.01302535703743626
"(0.01, 0.12, 0.06)",0.9,15.0,A,,1359344.6234292788,0.0846289088059704,-0.2066215706536691,-0.25379017282156036,0.07388187607704617,0.09473436665966509,0.19965574253535212,0.8507986871655904,57.0,43.0,14.0,0.0,0.09999948825368275,0.14920131283440957
"(0.01, 0.12, 0.06)",0.9,,A,,1380023.0235572946,0.08625622779678865,-0.2186403523736445,-0.26620070814888863,0.07339771179066834,0.09520750869810186,0.20674361797560104,0.8969449244906404,58.0,43.0,13.5,1.0,0.1049112949374637,0.10305507550935965
"(0.01, 0.12, 0.06)",1.0,15.0,A,,1368982.3587579029,0.08537399671384949,-0.2160012198357562,-0.2983022611622464,0.07716677887783756,0.09849134430905641,0.2100539492039427,0.9510843003057544,58.0,43.0,15.0,0.0,0.11038293697222074,0.048915699694245626
"(0.01, 0.12, 0.06)",1.0,,A,,1396427.2567591667,0.08752443995241521,-0.22367102667206784,-0.30907207516187246,0.07667244400140374,0.09927862823287785,0.22425163565705544,0.9939645730801789,59.0,43.0,15.0,1.0,0.1139220683428589,0.006035426919820961
"(0.01, 0.12, 0.08)",0.9,15.0,A,,1359344.6234292788,0.0846289088059704,-0.2066215706536691,-0.25379017282156036,0.07388187607704617,0.09473436665966509,0.19965574253535212,0.8507986871655904,57.0,43.0,14.0,0.0,0.09999948825368275,0.14920131283440957
"(0.01, 0.12, 0.08)",0.9,,A,,1381512.7573238784,0.08637289038960394,-0.21656236558802777,-0.26491371691653587,0.07344271969649599,0.09628547312959874,0.20452963388403153,0.902920694166087,56.5,42.0,13.5,1.0,0.10498565361668412,0.09707930583391303
"(0.01, 0.12, 0.08)",1.0,15.0,A,,1368982.3587579029,0.08537399671384949,-0.2160012198357562,-0.2983022611622464,0.07716677887783756,0.09849134430905641,0.2100539492039427,0.9510843003057544,58.0,43.0,15.0,0.0,0.11038293697222074,0.048915699694245626
"(0.01, 0.12, 0.08)",1.0,,A,,1368982.3587579029,0.08537399671384949,-0.2160012198357562,-0.2983022611622464,0.0753349450121634,0.100056377970386,0.2219730873228452,0.967977651571716,58.0,43.0,15.0,0.0,0.11107081493341178,0.03202234842828398
"(0.01, 0.12, 0.1)",0.9,15.0,A,,1359344.6234292788,0.0846289088059704,-0.2066215706536691,-0.25379017282156036,0.07388187607704617,0.09473436665966509,0.19965574253535212,0.8507986871655904,57.0,43.0,14.0,0.0,0.09999948825368275,0.14920131283440957
"(0.01, 0.12, 0.1)",0.9,,A,,1359344.6234292788,0.0846289088059704,-0.2066215706536691,-0.25379017282156036,0.07385963244850102,0.09260687707932874,0.20111547393599782,0.8642971422225498,57.0,43.0,14.0,0.0,0.10077777541499255,0.13570285777745014
"(0.01, 0.12, 0.1)",1.0,15.0,A,,1368982.3587579029,0.08537399671384949,-0.2160012198357562,-0.2983022611622464,0.07716677887783756,0.09849134430905641,0.2100539492039427,0.9510843003057544,58.0,43.0,15.0,0.0,0.11038293697222074,0.048915699694245626
"(0.01, 0.12, 0.1)",1.0,,A,,1368982.3587579029,0.08537399671384949,-0.2160012198357562,-0.2983022611622464,0.07716677887783756,0.10029657554855964,0.2238391535262389,0.9839262877597952,58.0,43.0,15.0,0.0,0.11099567559364099,0.016073712240204752
"(0.01, 0.12, 0.15)",0.9,15.0,A,,1359344.6234292788,0.0846289088059704,-0.2066215706536691,-0.25379017282156036,0.07388187607704617,0.09473436665966509,0.19965574253535212,0.8507986871655904,57.0,43.0,14.0,0.0,0.09999948825368275,0.14920131283440957
"(0.01, 0.12, 0.15)",0.9,,A,,1359344.6234292788,0.0846289088059704,-0.2066215706536691,-0.25379017282156036,0.07388187607704617,0.09473436665966509,0.19965574253535212,0.8507986871655904,57.0,43.0,14.0,0.0,0.09999948825368275,0.14920131283440957
"(0.01, 0.12, 0.15)",1.0,15.0,A,,1368982.3587579029,0.08537399671384949,-0.2160012198357562,-0.2983022611622464,0.07716677887783756,0.09849134430905641,0.2100539492039427,0.9510843003057544,58.0,43.0,15.0,0.0,0.11038293697222074,0.048915699694245626
"(0.01, 0.12, 0.15)",1.0,,A,,1368982.3587579029,0.08537399671384949,-0.2160012198357562,-0.2983022611622464,0.07716677887783756,0.09849134430905641,0.2100539492039427,0.9510843003057544,58.0,43.0,15.0,0.0,0.11038293697222074,0.048915699694245626
"(0.01, 0.15, 0)",0.9,15.0,A,,1462261.5681229075,0.09251984646907263,-0.21777785672270916,-0.2696838124128178,0.07859272429405591,0.1009718509449245,0.20297498815346185,0.8673267378564362,55.0,43.0,12.0,0.0,0.11048319294638512,0.13267326214356384
"(0.01, 0.15, 0)",0.9,,A,,1462261.5681229075,0.09251984646907263,-0.21777785672270916,-0.2696838124128178,0.07859272429405591,0.1009718509449245,0.20297498815346185,0.8673267378564362,55.0,43.0,12.0,0.0,0.11048319294638512,0.13267326214356384
"(0.01, 0.15, 0)",1.0,15.0,A,,1518098.9075924903,0.09659499675445904,-0.2483437576739757,-0.3003701475744069,0.08128302348143697,0.10858502668938455,0.22986803298727695,0.9941198776199781,55.0,42.0,13.0,0.0,0.12121556613308418,0.005880122380021873
"(0.01, 0.15, 0)",1.0,,A,,1518098.9075924903,0.09659499675445904,-0.2483437576739757,-0.3003701475744069,0.08128302348143697,0.10858502668938455,0.22986803298727695,0.9941198776199781,55.0,42.0,13.0,0.0,0.12121556613308418,0.005880122380021873
"(0.01, 0.15, 0.01)",0.9,15.0,A,,1466278.9460058562,0.09281776057307156,-0.22064470781318823,-0.2726002755553543,0.07859420481561959,0.1012120055106681,0.20465341252724112,0.874380155893195,56.0,43.0,12.0,1.0,0.11098032654755322,0.12561984410680505
"(0.01, 0.15, 0.01)",0.9,,A,,1481595.0531330504,0.09394672013449212,-0.2226252800330873,-0.26998102128408086,0.07989810547643264,0.10253762874129374,0.2099859160105589,0.9028338876772363,61.0,43.0,12.0,6.5,0.11280190051831339,0.0971661123227637
"(0.01, 0.15, 0.01)",1.0,15.0,A,,1518098.9075924903,0.09659499675445904,-0.2483437576739757,-0.3003701475744069,0.08118035940212595,0.10858502668938455,0.22986803298727695,0.9941198776199781,55.0,42.0,13.0,0.0,0.12121556613308418,0.005880122380021873
"(0.01, 0.15, 0.01)",1.0,,A,,1519434.6776477261,0.09669079447931761,-0.2483437576739757,-0.3003701475744069,0.08127851318705415,0.10853939318365242,0.23100992625593963,0.9941198776199781,57.0,42.0,13.0,1.5,0.1213699835199514,0.005880122380021873
"(0.01, 0.15, 0.02)",0.9,15.0,A,,1470296.3238888052,0.09311492727644977,-0.22350972016486143,-0.2752169538678691,0.07866719966262117,0.10145168575580309,0.20655042589899367,0.883350629650171,56.0,43.0,12.0,1.0,0.11148955015320862,0.11664937034982902
"(0.01, 0.15, 0.02)",0.9,,A,,1476913.3235614784,0.09360292355586253,-0.22357451081571555,-0.2714642955893235,0.07960925353016761,0.10206386435328907,0.21181299347201765,0.8999515602157346,58.0,43.0,12.0,3.0,0.11314419901841252,0.10004843978426531
"(0.01, 0.15, 0.02)",1.0,15.0,A,,1518098.9075924903,0.09659499675445904,-0.2483437576739757,-0.3003701475744069,0.08112838965748688,0.10858502668938455,0.22986803298727695,0.9941198776199781,55.0,42.0,13.0,0.0,0.12121556613308418,0.005880122380021873
"(0.01, 0.15, 0.02)",1.0,,A,,1518098.9075924903,0.09659499675445904,-0.2483437576739757,-0.3003701475744069,0.0812740018523598,0.10849374937599354,0.23100992625593963,0.9941198776199781,57.0,42.0,13.0,1.0,0.1214987234465311,0.005880122380021873
"(0.01, 0.15, 0.03)",0.9,15.0,A,,1474313.7017717543,0.09341135059022865,-0.22652730992201792,-0.27619887658303405,0.0787164697819048,0.10169089365441948,0.2076809022127047,0.8923397660316736,56.0,43.0,12.0,1.0,0.11201064736572627,0.10766023396832641
"(0.01, 0.15, 0.03)",0.9,,A,,1474313.7017717543,0.09341135059022865,-0.22652730992201792,-0.27619887658303405,0.07858105119307071,0.10186552262713439,0.20993531444495067,0.8948922035778442,57.0,43.0,12.0,1.5,0.1128293775243928,0.10510779642215573
"(0.01, 0.15, 0.03)",1.0,15.0,A,,1518098.9075924903,0.09659499675445904,-0.2483437576739757,-0.3003701475744069,0.08111585580374414,0.10858502668938455,0.22986803298727695,0.9941198776199781,55.0,42.0,13.0,0.0,0.12121556613308418,0.005880122380021873
"(0.01, 0.15, 0.03)",1.0,,A,,1518098.9075924903,0.09659499675445904,-0.2483437576739757,-0.3003701475744069,0.08126948947674735,0.1084480952605223,0.23142732364576662,0.9951049777631317,57.0,42.0,13.0,1.0,0.12180901124441354,0.004895022236868296
"(0.01, 0.15, 0.04)",0.9,15.0,A,,1476097.8746854076,0.09354303230188776,-0.22732382430004638,-0.27553503187262085,0.07905877040770326,0.10192963116808686,0.20861857413106388,0.8956854352756718,55.5,43.0,12.0,1.0,0.11254340287232605,0.10431456472432821
"(0.01, 0.15, 0.04)",0.9,,A,,1476097.8746854076,0.09354303230188776,-0.22732382430004638,-0.27553503187262085,0.07887802343364561,0.1023298725959744,0.21162223103062838,0.8974798837987741,57.0,43.0,12.0,1.5,0.11322115094485735,0.10252011620122595
"(0.01, 0.15, 0.04)",1.0,15.0,A,,1518098.9075924903,0.09659499675445904,-0.2483437576739757,-0.3003701475744069,0.08111585580374414,0.10858502668938455,0.22986803298727695,0.9941198776199781,55.0,42.0,13.0,0.0,0.12121556613308418,0.005880122380021873
"(0.01, 0.15, 0.04)",1.0,,A,,1518098.9075924903,0.09659499675445904,-0.2483437576739757,-0.3003701475744069,0.08126497605960963,0.1083921148051551,0.23118883863947082,0.9946809395708905,57.0,42.0,13.0,0.5,0.12161872820449929,0.005319060429109429
"(0.01, 0.15, 0.06)",0.9,15.0,A,,1462261.5681229075,0.09251984646907263,-0.21777785672270916,-0.2696838124128178,0.07859272429405591,0.1009718509449245,0.20297498815346185,0.8673267378564362,55.0,43.0,12.0,0.0,0.11048319294638512,0.13267326214356384
"(0.01, 0.15, 0.06)",0.9,,A,,1462261.5681229075,0.09251984646907263,-0.21777785672270916,-0.2696838124128178,0.07724464708823917,0.1015752659982657,0.20716641272414088,0.8726706710054184,55.5,43.0,12.0,0.0,0.11151889007634828,0.1273293289945816
"(0.01, 0.15, 0.06)",1.0,15.0,A,,1518098.9075924903,0.09659499675445904,-0.2483437576739757,-0.3003701475744069,0.08111585580374414,0.10858502668938455,0.22986803298727695,0.9941198776199781,55.0,42.0,13.0,0.0,0.12121556613308418,0.005880122380021873
"(0.01, 0.15, 0.06)",1.0,,A,,1518098.9075924903,0.09659499675445904,-0.2483437576739757,-0.3003701475744069,0.0811285353083185,0.10846462971995179,0.23228790027396534,0.9951049777631317,56.0,42.0,13.0,0.5,0.12198185611511926,0.004895022236868296
"(0.01, 0.15, 0.08)",0.9,15.0,A,,1462261.5681229075,0.09251984646907263,-0.21777785672270916,-0.2696838124128178,0.07859272429405591,0.1009718509449245,0.20297498815346185,0.8673267378564362,55.0,43.0,12.0,0.0,0.11048319294638512,0.13267326214356384
"(0.01, 0.15, 0.08)",0.9,,A,,1462261.5681229075,0.09251984646907263,-0.21777785672270916,-0.2696838124128178,0.07891024138876357,0.1020078608540296,0.20601842824547545,0.8744085449308816,55.0,43.0,12.0,0.0,0.11196938276949539,0.12559145506911834
"(0.01, 0.15, 0.08)",1.0,15.0,A,,1518098.9075924903,0.09659499675445904,-0.2483437576739757,-0.3003701475744069,0.08111585580374414,0.10858502668938455,0.22986803298727695,0.9941198776199781,55.0,42.0,13.0,0.0,0.12121556613308418,0.005880122380021873
"(0.01, 0.15, 0.08)",1.0,,A,,1518098.9075924903,0.09659499675445904,-0.2483437576739757,-0.3003701475744069,0.08106511939946007,0.10928217173095749,0.23225120903853286,0.9946809395708905,56.0,42.0,13.0,0.0,0.12121556613308418,0.005319060429109429
"(0.01, 0.15, 0.1)",0.9,15.0,A,,1462261.5681229075,0.09251984646907263,-0.21777785672270916,-0.2696838124128178,0.07859272429405591,0.1009718509449245,0.20297498815346185,0.8673267378564362,55.0,43.0,12.0,0.0,0.11048319294638512,0.13267326214356384
"(0.01, 0.15, 0.1)",0.9,,A,,1462261.5681229075,0.09251984646907263,-0.21777785672270916,-0.2696838124128178,0.07988417926602069,0.1013321175881412,0.20529654256389213,0.8736417841105519,55.0,43.0,12.0,0.0,0.11174968693910266,0.126358215889448
"(0.01, 0.15, 0.1)",1.0,15.0,A,,1518098.9075924903,0.09659499675445904,-0.2483437576739757,-0.3003701475744069,0.08111585580374414,0.10858502668938455,0.22986803298727695,0.9946809395708905,55.0,42.0,13.0,0.0,0.12121556613308418,0.005319060429109429
"(0.01, 0.15, 0.1)",1.0,,A,,1518098.9075924903,0.09659499675445904,-0.2483437576739757,-0.3003701475744069,0.08111585580374414,0.10858502668938455,0.22986803298727695,0.9946809395708905,55.0,42.0,13.0,0.0,0.12121556613308418,0.005319060429109429
"(0.01, 0.15, 0.15)",0.9,15.0,A,,1462261.5681229075,0.09251984646907263,-0.21777785672270916,-0.2696838124128178,0.07859272429405591,0.1009718509449245,0.20297498815346185,0.8673267378564362,55.0,43.0,12.0,0.0,0.11048319294638512,0.13267326214356384
"(0.01, 0.15, 0.15)",0.9,,A,,1462261.5681229075,0.09251984646907263,-0.21777785672270916,-0.2696838124128178,0.07859272429405591,0.1009718509449245,0.20297498815346185,0.8673267378564362,55.0,43.0,12.0,0.0,0.11048319294638512,0.13267326214356384
"(0.01, 0.15, 0.15)",1.0,15.0,A,,1518098.9075924903,0.09659499675445904,-0.2483437576739757,-0.3003701475744069,0.08128302348143697,0.10858502668938455,0.22986803298727695,0.9941198776199781,55.0,42.0,13.0,0.0,0.12121556613308418,0.005880122380021873
"(0.01, 0.15, 0.15)",1.0,,A,,1518098.9075924903,0.09659499675445904,-0.2483437576739757,-0.3003701475744069,0.08128302348143697,0.10858502668938455,0.22986803298727695,0.9941198776199781,55.0,42.0,13.0,0.0,0.12121556613308418,0.005880122380021873
"(0.01, 0.2, 0)",0.9,15.0,A,,1448828.0788103251,0.09151732649408739,-0.23985610704579385,-0.28660835334175294,0.07912177884282268,0.10274903155652156,0.21205604131312075,0.902949334203059,52.0,42.0,10.0,0.0,0.11861350893394873,0.09705066579694102
"(0.01, 0.2, 0)",0.9,,A,,1448828.0788103251,0.09151732649408739,-0.23985610704579385,-0.28660835334175294,0.07912177884282268,0.10274903155652156,0.21205604131312075,0.902949334203059,52.0,42.0,10.0,0.0,0.11861350893394873,0.09705066579694102
"(0.01, 0.2, 0)",1.0,15.0,A,,1476525.8989763833,0.09357332893324755,-0.2407484624844926,-0.28750776906986936,0.08112437895283038,0.10357579482640826,0.21818461700127403,0.9107761230977354,53.0,43.0,10.0,0.0,0.12092167500918279,0.08922387690226447
"(0.01, 0.2, 0)",1.0,,A,,1476525.8989763833,0.09357332893324755,-0.2407484624844926,-0.28750776906986936,0.08112437895283038,0.10357579482640826,0.21818461700127403,0.9107761230977354,53.0,43.0,10.0,0.0,0.12092167500918279,0.08922387690226447
"(0.01, 0.2, 0.01)",0.9,15.0,A,,1448828.0788103251,0.09151732649408739,-0.23985610704579385,-0.28660835334175294,0.07912177884282268,0.10274903155652156,0.21205604131312075,0.902949334203059,52.0,42.0,10.0,0.0,0.11861350893394873,0.09705066579694102
"(0.01, 0.2, 0.01)",0.9,,A,,1448828.0788103251,0.09151732649408739,-0.23985610704579385,-0.28660835334175294,0.07911724583897536,0.10274422382971334,0.2133850244190274,0.902949334203059,52.0,42.0,10.0,0.0,0.11865178030547771,0.09705066579694102
"(0.01, 0.2, 0.01)",1.0,15.0,A,,1486216.7469506823,0.09428448949041457,-0.2429972485136429,-0.2880307748041361,0.08188376153185077,0.10408076678744609,0.2196867001931816,0.9252529588995629,55.0,43.0,10.0,2.0,0.12157548404979107,0.07474704110043703
"(0.01, 0.2, 0.01)",1.0,,A,,1518761.6092164363,0.09664186965259314,-0.25419535156725426,-0.29615424258817263,0.08284584684402196,0.10609109899136426,0.22807037959215512,0.9919271376822041,65.0,43.0,10.0,12.0,0.12373965542352008,0.008072862317795918
"(0.01, 0.2, 0.02)",0.9,15.0,A,,1448828.0788103251,0.09151732649408739,-0.23985610704579385,-0.28660835334175294,0.07912177884282268,0.10274903155652156,0.21230670120095413,0.902949334203059,52.0,42.0,10.0,0.0,0.11861350893394873,0.09705066579694102
"(0.01, 0.2, 0.02)",0.9,,A,,1448828.0788103251,0.09151732649408739,-0.23985610704579385,-0.28660835334175294,0.07911271179667319,0.10273941491084514,0.21471744411441537,0.902949334203059,52.0,42.0,10.0,0.0,0.1186892663478545,0.09705066579694102
"(0.01, 0.2, 0.02)",1.0,15.0,A,,1495907.5033911876,0.09499143649225461,-0.24579434611183065,-0.2885498948224118,0.08263833400070426,0.10458363283410912,0.22118268058361112,0.9431433828499871,55.0,43.0,10.0,2.0,0.12225268940527986,0.0568566171500129
"(0.01, 0.2, 0.02)",1.0,,A,,1512684.9113735254,0.09620457190862663,-0.25788816579883045,-0.29410698559443055,0.08431593611333763,0.10615513205654868,0.22979735757169245,0.991931288452637,59.0,43.0,10.0,7.0,0.12379809896454388,0.008068711547362942
"(0.01, 0.2, 0.03)",0.9,15.0,A,,1448828.0788103251,0.09151732649408739,-0.23985610704579385,-0.28660835334175294,0.07912177884282268,0.10274903155652156,0.21355358026734617,0.902949334203059,52.0,42.0,10.0,0.0,0.11861350893394873,0.09705066579694102
"(0.01, 0.2, 0.03)",0.9,,A,,1448828.0788103251,0.09151732649408739,-0.23985610704579385,-0.28660835334175294,0.07910817671531441,0.10273460479917162,0.21578516622756014,0.9031627522591972,52.0,42.0,10.0,0.0,0.11897632864749427,0.09683724774080271
"(0.01, 0.2, 0.03)",1.0,15.0,A,,1505598.1682979015,0.09569422271959693,-0.24817531657708758,-0.28906517295648954,0.08338816014982756,0.10508441154831681,0.22381489383027653,0.9610023323239916,55.0,43.0,10.0,2.0,0.12295247794343253,0.038997667676008416
"(0.01, 0.2, 0.03)",1.0,,A,,1506073.6344169108,0.095727620607999,-0.24858581892301468,-0.2848685140142381,0.0828852306627845,0.10662292407322049,0.2278172985611131,0.9831538196123366,57.0,43.0,10.0,4.0,0.1227047243316752,0.016846180387663376
"(0.01, 0.2, 0.04)",0.9,15.0,A,,1448828.0788103251,0.09151732649408739,-0.23985610704579385,-0.28660835334175294,0.07912177884282268,0.10274903155652156,0.21480325559517013,0.902949334203059,52.0,42.0,10.0,0.0,0.11861350893394873,0.09705066579694102
"(0.01, 0.2, 0.04)",0.9,,A,,1448828.0788103251,0.09151732649408739,-0.23985610704579385,-0.28660835334175294,0.07910364059429675,0.10286981857198862,0.21577848593514093,0.902949334203059,52.0,42.0,10.0,0.0,0.11927761948667051,0.09705066579694102
"(0.01, 0.2, 0.04)",1.0,15.0,A,,1515288.7416708232,0.09639289994198408,-0.2493798324533093,-0.2895766523774744,0.08413330248747375,0.10558312126037357,0.22557305481300605,0.976526147238927,55.0,43.0,10.0,2.0,0.1230346138087973,0.023473852761073007
"(0.01, 0.2, 0.04)",1.0,,A,,1506139.657826615,0.0957302502663766,-0.2493798324533093,-0.2895766523774744,0.08362693205183824,0.10627500030349993,0.22755033586620677,0.9796362769491307,55.0,43.0,10.0,3.0,0.12291105202125274,0.020363723050869323
"(0.01, 0.2, 0.06)",0.9,15.0,A,,1448828.0788103251,0.09151732649408739,-0.23985610704579385,-0.28660835334175294,0.07912177884282268,0.10274903155652156,0.21494508153508002,0.902949334203059,52.0,42.0,10.0,0.0,0.11861350893394873,0.09705066579694102
"(0.01, 0.2, 0.06)",0.9,,A,,1448828.0788103251,0.09151732649408739,-0.23985610704579385,-0.28660835334175294,0.07912848268987223,0.10292976691501926,0.21671370525498393,0.9031627522591972,52.0,42.0,10.0,0.0,0.11986590442252273,0.09683724774080271
"(0.01, 0.2, 0.06)",1.0,15.0,A,,1503103.0942358165,0.09551407456729366,-0.24980942792850314,-0.2993778823805701,0.0833411166921451,0.10506440286622792,0.22323385532760212,0.96134999888954,54.0,43.0,10.0,1.0,0.12288661741106846,0.03865000111046012
"(0.01, 0.2, 0.06)",1.0,,A,,1493837.5585132479,0.09484042696754325,-0.24980942792850314,-0.2993778823805701,0.08185819154288335,0.10646670310947844,0.22948363822684248,0.9624446825287509,54.0,43.0,10.0,1.0,0.12295344769654903,0.03755531747124902
"(0.01, 0.2, 0.08)",0.9,15.0,A,,1448828.0788103251,0.09151732649408739,-0.23985610704579385,-0.28660835334175294,0.07912177884282268,0.10274903155652156,0.21494508153508002,0.902949334203059,52.0,42.0,10.0,0.0,0.11861350893394873,0.09705066579694102
"(0.01, 0.2, 0.08)",0.9,,A,,1448828.0788103251,0.09151732649408739,-0.23985610704579385,-0.28660835334175294,0.07930243657863541,0.10274903155652156,0.21541577198698458,0.902949334203059,52.0,42.0,10.0,0.0,0.11955908486913103,0.09705066579694102
"(0.01, 0.2, 0.08)",1.0,15.0,A,,1508937.472205983,0.09593429498016015,-0.2523112210831088,-0.303130183157531,0.08407097820757672,0.10577282186320909,0.22545828819126126,0.9779870253784694,54.0,43.0,10.0,1.0,0.12386962857179828,0.02201297462153065
"(0.01, 0.2, 0.08)",1.0,,A,,1493828.7493972527,0.09483990383670626,-0.2523112210831088,-0.303130183157531,0.08262128170040872,0.10791480122956494,0.23094667933344215,0.9795540036365262,54.0,43.0,10.0,1.0,0.12386962857179828,0.02044599636347387
"(0.01, 0.2, 0.1)",0.9,15.0,A,,1448828.0788103251,0.09151732649408739,-0.23985610704579385,-0.28660835334175294,0.07912177884282268,0.10274903155652156,0.21494508153508002,0.902949334203059,52.0,42.0,10.0,0.0,0.11861350893394873,0.09705066579694102
"(0.01, 0.2, 0.1)",0.9,,A,,1448828.0788103251,0.09151732649408739,-0.23985610704579385,-0.28660835334175294,0.07930243657863541,0.10274903155652156,0.21700251129925846,0.902949334203059,52.0,42.0,10.0,0.0,0.11997672665824019,0.09705066579694102
"(0.01, 0.2, 0.1)",1.0,15.0,A,,1515361.5965514327,0.09639416652681032,-0.2531463887852561,-0.3068747702718994,0.08476549626934296,0.10647714713102821,0.23012724197353235,0.9948397416033503,54.0,43.0,10.0,1.0,0.12458536317780006,0.005160258396649667
"(0.01, 0.2, 0.1)",1.0,,A,,1497606.9278320852,0.09511532912156428,-0.2531463887852561,-0.3068747702718994,0.08476549626934296,0.10886009514471377,0.23079949028700547,0.9948397416033503,54.0,43.0,10.0,1.0,0.12458536317780006,0.005160258396649667
"(0.01, 0.2, 0.15)",0.9,15.0,A,,1448828.0788103251,0.09151732649408739,-0.23985610704579385,-0.28660835334175294,0.07912177884282268,0.10274903155652156,0.21205604131312075,0.902949334203059,52.0,42.0,10.0,0.0,0.11861350893394873,0.09705066579694102
"(0.01, 0.2, 0.15)",0.9,,A,,1448828.0788103251,0.09151732649408739,-0.23985610704579385,-0.28660835334175294,0.07912177884282268,0.10274903155652156,0.21205604131312075,0.902949334203059,52.0,42.0,10.0,0.0,0.11865178030547771,0.09705066579694102
"(0.01, 0.2, 0.15)",1.0,15.0,A,,1476525.8989763833,0.09357332893324755,-0.2407484624844926,-0.28750776906986936,0.08112437895283038,0.10357579482640826,0.21818461700127403,0.9107761230977354,53.0,43.0,10.0,0.0,0.12092167500918279,0.08922387690226447
"(0.01, 0.2, 0.15)",1.0,,A,,1476525.8989763833,0.09357332893324755,-0.2407484624844926,-0.28750776906986936,0.07938974971004645,0.10402271848692278,0.22328813417393412,0.91465844288023,53.0,43.0,10.0,0.0,0.12103367669505813,0.08534155711976996
"(0.02, 0.02, 0)",0.9,15.0,A,,1128336.9034556285,0.06474594630297992,-0.15116713454694142,-0.15117021318610854,0.06474575836998846,0.06474607433155599,0.16889130063543892,0.9022400833585705,84.0,43.0,41.0,0.0,0.06908759426695524,0.09775991664142944
"(0.02, 0.02, 0)",0.9,,A,,1128336.9034556285,0.06474594630297992,-0.15116713454694142,-0.15117021318610854,0.06474575836998846,0.06474607433155599,0.16889130063543892,0.9022400833585705,84.0,43.0,41.0,0.0,0.06908759426695524,0.09775991664142944
"(0.02, 0.02, 0)",1.0,15.0,A,,1161764.6120849606,0.0678382717645406,-0.15116713454694142,-0.15117021318610854,0.06663429884302807,0.0679633232085937,0.175466753129817,0.9954042276709534,89.0,43.0,46.0,0.0,0.0720525538627674,0.00459577232904655
"(0.02, 0.02, 0)",1.0,,A,,1161764.6120849606,0.0678382717645406,-0.15116713454694142,-0.15117021318610854,0.06663429884302807,0.0679633232085937,0.175466753129817,0.9954042276709534,89.0,43.0,46.0,0.0,0.0720525538627674,0.00459577232904655
"(0.02, 0.02, 0.01)",0.9,15.0,A,,1128336.9034556285,0.06474594630297992,-0.15116713454694142,-0.15117021318610854,0.06474575836998846,0.06474607433155599,0.16889130063543892,0.9022400833585705,84.0,43.0,41.0,0.0,0.06908759426695524,0.09775991664142944
"(0.02, 0.02, 0.01)",0.9,,A,,1174549.180130471,0.06899979362425446,-0.18580505474824371,-0.1858067021261101,0.06770995888350846,0.06909886571569682,0.18481334367200714,0.8965959791598062,104.0,43.0,32.0,29.0,0.0777518930222203,0.10340402084019396
"(0.02, 0.02, 0.01)",1.0,15.0,A,,1161764.6120849606,0.0678382717645406,-0.15116713454694142,-0.15117021318610854,0.06663429884302807,0.0679633232085937,0.175466753129817,0.9954042276709534,89.0,43.0,46.0,0.0,0.0720525538627674,0.00459577232904655
"(0.02, 0.02, 0.01)",1.0,,A,,1209406.7753888872,0.07210982910566555,-0.20127966352131454,-0.20359888749403515,0.07085018703855919,0.07217648008378745,0.19350378429200932,0.9963230655182358,109.0,43.0,37.0,29.0,0.08210988792876056,0.003676934481764183
"(0.02, 0.02, 0.02)",0.9,15.0,A,,1128336.9034556285,0.06474594630297992,-0.15116713454694142,-0.15117021318610854,0.06474575836998846,0.06474607433155599,0.16889130063543892,0.9022400833585705,84.0,43.0,41.0,0.0,0.06908759426695524,0.09775991664142944
"(0.02, 0.02, 0.02)",0.9,,A,,1198921.543486665,0.07118287327030659,-0.1886636171498975,-0.20084027605197294,0.07002451429551257,0.07205838612991673,0.18719565536054716,0.8979070581634299,92.0,41.0,31.0,20.0,0.08128249939039167,0.10209294183657014
"(0.02, 0.02, 0.02)",1.0,15.0,A,,1161764.6120849606,0.0678382717645406,-0.15116713454694142,-0.15117021318610854,0.06663429884302807,0.0679633232085937,0.175466753129817,0.9954042276709534,89.0,43.0,46.0,0.0,0.0720525538627674,0.00459577232904655
"(0.02, 0.02, 0.02)",1.0,,A,,1247715.9387074495,0.07543603938184118,-0.20785410312681363,-0.20786498508559892,0.07423023871512117,0.07558638150011157,0.2024097546491811,0.9841984011980185,99.0,42.0,32.0,25.0,0.08877101352302949,0.015801598801981558
"(0.02, 0.02, 0.03)",0.9,15.0,A,,1128336.9034556285,0.06474594630297992,-0.15116713454694142,-0.15117021318610854,0.06474575836998846,0.06474607433155599,0.16889130063543892,0.9022400833585705,84.0,43.0,41.0,0.0,0.06908759426695524,0.09775991664142944
"(0.02, 0.02, 0.03)",0.9,,A,,1196096.4916529362,0.07093185372315547,-0.1907847358206794,-0.21524904742352569,0.06775561153040084,0.07325721098116722,0.18581690346367224,0.8974374306393729,85.0,41.0,31.0,13.0,0.08094399427530388,0.10256256936062724
"(0.02, 0.02, 0.03)",1.0,15.0,A,,1161764.6120849606,0.0678382717645406,-0.15116713454694142,-0.15117021318610854,0.06663429884302807,0.0679633232085937,0.175466753129817,0.9954042276709534,89.0,43.0,46.0,0.0,0.0720525538627674,0.00459577232904655
"(0.02, 0.02, 0.03)",1.0,,A,,1244875.3440077845,0.07519252685114597,-0.20880099298805832,-0.23243996649112447,0.07309604322537278,0.07691239564590586,0.2028263746321844,0.995777954951496,90.0,41.5,32.0,17.0,0.0894224168874717,0.004222045048503986
"(0.02, 0.02, 0.04)",0.9,15.0,A,,1128336.9034556285,0.06474594630297992,-0.15116713454694142,-0.15117021318610854,0.06474575836998846,0.06474607433155599,0.16889130063543892,0.9022400833585705,84.0,43.0,41.0,0.0,0.06908759426695524,0.09775991664142944
"(0.02, 0.02, 0.04)",0.9,,A,,1182939.334991611,0.06975589494329726,-0.19584335627385357,-0.2215056609319107,0.0675044174992903,0.07314827303758815,0.1865325350586991,0.8975349821500824,82.0,41.0,31.0,10.0,0.08161485105960488,0.10246501784991766
"(0.02, 0.02, 0.04)",1.0,15.0,A,,1161764.6120849606,0.0678382717645406,-0.15116713454694142,-0.15117021318610854,0.06663429884302807,0.0679633232085937,0.175466753129817,0.9954042276709534,89.0,43.0,46.0,0.0,0.0720525538627674,0.00459577232904655
"(0.02, 0.02, 0.04)",1.0,,A,,1240241.977312013,0.07479303528702264,-0.20587990189941446,-0.23614869110273376,0.07131190888598356,0.07795431880259503,0.20071704400117957,0.994072664089866,87.0,42.0,33.0,12.0,0.08878304961016643,0.005927335910134049
"(0.02, 0.02, 0.06)",0.9,15.0,A,,1128336.9034556285,0.06474594630297992,-0.15116713454694142,-0.15117021318610854,0.06474575836998846,0.06474607433155599,0.16889130063543892,0.9022400833585705,84.0,43.0,41.0,0.0,0.06908759426695524,0.09775991664142944
"(0.02, 0.02, 0.06)",0.9,,A,,1194662.647844409,0.07080422044330703,-0.19154150836761724,-0.21144089117117576,0.06701141997613562,0.0738209368902301,0.18537505411931043,0.896015683771425,79.0,43.0,30.0,6.0,0.0804698004993188,0.10398431622857504
"(0.02, 0.02, 0.06)",1.0,15.0,A,,1161764.6120849606,0.0678382717645406,-0.15116713454694142,-0.15117021318610854,0.06663429884302807,0.0679633232085937,0.175466753129817,0.9954042276709534,89.0,43.0,46.0,0.0,0.0720525538627674,0.00459577232904655
"(0.02, 0.02, 0.06)",1.0,,A,,1232918.571005898,0.07416229957548992,-0.21436807222613513,-0.24709105134745232,0.07081027264722879,0.07806406774601471,0.20157631305679974,0.994769603905614,81.0,42.0,31.0,8.0,0.08958800466310676,0.005230396094385996
"(0.02, 0.02, 0.08)",0.9,15.0,A,,1128336.9034556285,0.06474594630297992,-0.15116713454694142,-0.15117021318610854,0.06474575836998846,0.06474607433155599,0.16889130063543892,0.9022400833585705,84.0,43.0,41.0,0.0,0.06908759426695524,0.09775991664142944
"(0.02, 0.02, 0.08)",0.9,,A,,1215235.1937793638,0.07262167018642685,-0.18777845754914618,-0.23444833763847273,0.06550048202046063,0.07524166730846024,0.18635185419868366,0.8989328005029028,79.0,43.0,31.0,5.0,0.08209774347619292,0.10106719949709717
"(0.02, 0.02, 0.08)",1.0,15.0,A,,1161764.6120849606,0.0678382717645406,-0.15116713454694142,-0.15117021318610854,0.06663429884302807,0.0679633232085937,0.175466753129817,0.9954042276709534,89.0,43.0,46.0,0.0,0.0720525538627674,0.00459577232904655
"(0.02, 0.02, 0.08)",1.0,,A,,1250916.7204749594,0.07570951315963581,-0.21431303585524414,-0.24408788454422828,0.07067795666930418,0.07933764944379626,0.20039914509146345,0.996892520627945,81.0,43.0,32.0,6.0,0.0889432445769946,0.003107479372055011
"(0.02, 0.02, 0.1)",0.9,15.0,A,,1128336.9034556285,0.06474594630297992,-0.15116713454694142,-0.15117021318610854,0.06474575836998846,0.06474607433155599,0.16889130063543892,0.9022400833585705,84.0,43.0,41.0,0.0,0.06908759426695524,0.09775991664142944
"(0.02, 0.02, 0.1)",0.9,,A,,1193204.4710403376,0.07067420386272028,-0.19279424283008173,-0.22942165944390894,0.06577643945988602,0.0749199067170625,0.18519486461212523,0.8967121106173448,74.0,41.0,29.0,4.0,0.08233198909976078,0.10328788938265518
"(0.02, 0.02, 0.1)",1.0,15.0,A,,1161764.6120849606,0.0678382717645406,-0.15116713454694142,-0.15117021318610854,0.06663429884302807,0.0679633232085937,0.175466753129817,0.9954042276709534,89.0,43.0,46.0,0.0,0.0720525538627674,0.00459577232904655
"(0.02, 0.02, 0.1)",1.0,,A,,1270623.778705125,0.07738126151095137,-0.21194144472235898,-0.25393560761279815,0.06938681389659491,0.08035282597229176,0.20133245348046114,0.9978616122644861,81.0,43.0,33.0,5.0,0.09064779334023434,0.0021383877355139035
"(0.02, 0.02, 0.15)",0.9,15.0,A,,1128336.9034556285,0.06474594630297992,-0.15116713454694142,-0.15117021318610854,0.06474575836998846,0.06474607433155599,0.16889130063543892,0.9022400833585705,84.0,43.0,41.0,0.0,0.06908759426695524,0.09775991664142944
"(0.02, 0.02, 0.15)",0.9,,A,,1150201.1010075624,0.06677615924888225,-0.18941955866337284,-0.2235983947356661,0.0646719732375668,0.07266804599061363,0.1816957013684654,0.8960035618889477,71.0,41.0,28.0,2.0,0.08024911015238895,0.10399643811105233
"(0.02, 0.02, 0.15)",1.0,15.0,A,,1161764.6120849606,0.0678382717645406,-0.15116713454694142,-0.15117021318610854,0.06663429884302807,0.0679633232085937,0.175466753129817,0.9954042276709534,89.0,43.0,46.0,0.0,0.0720525538627674,0.00459577232904655
"(0.02, 0.02, 0.15)",1.0,,A,,1244555.3574574757,0.0751651241523249,-0.20347326790299441,-0.2538754360654086,0.06871869392014854,0.0812305287191909,0.199302717140538,0.9929785577699025,79.0,43.0,33.0,3.0,0.09006099613635588,0.007021442230097503
"(0.02, 0.03, 0)",0.9,15.0,A,,1171223.3605757942,0.06869871970873698,-0.17238976879602064,-0.1723962328321304,0.06681091719956858,0.06878362666334055,0.18363667129354336,0.8948341468815881,74.0,43.0,31.0,0.0,0.07655278745230538,0.10516585311841183
"(0.02, 0.03, 0)",0.9,,A,,1171223.3605757942,0.06869871970873698,-0.17238976879602064,-0.1723962328321304,0.06681091719956858,0.06878362666334055,0.18363667129354336,0.8948341468815881,74.0,43.0,31.0,0.0,0.07655278745230538,0.10516585311841183
"(0.02, 0.03, 0)",1.0,15.0,A,,1202860.68411082,0.07153199039448654,-0.1844815045079491,-0.1946128693554701,0.06973531339339807,0.07164999003938718,0.19157079781444808,0.979164870679654,77.0,43.0,34.0,0.0,0.08093221435880046,0.02083512932034605
"(0.02, 0.03, 0)",1.0,,A,,1202860.68411082,0.07153199039448654,-0.1844815045079491,-0.1946128693554701,0.06973531339339807,0.07164999003938718,0.19157079781444808,0.979164870679654,77.0,43.0,34.0,0.0,0.08093221435880046,0.02083512932034605
"(0.02, 0.03, 0.01)",0.9,15.0,A,,1171223.3605757942,0.06869871970873698,-0.17238976879602064,-0.1723962328321304,0.06681091719956858,0.06878362666334055,0.18363667129354336,0.8948341468815881,74.0,43.0,31.0,0.0,0.07655278745230538,0.10516585311841183
"(0.02, 0.03, 0.01)",0.9,,A,,1207530.8280074697,0.07194452340768753,-0.1914110236970446,-0.19674912158923988,0.0700826986690662,0.07206480266664099,0.19445060901616745,0.9030907810829458,96.0,41.0,27.0,28.0,0.08359169043570402,0.09690921891705424
"(0.02, 0.03, 0.01)",1.0,15.0,A,,1202860.68411082,0.07153199039448654,-0.1844815045079491,-0.1946128693554701,0.06973531339339807,0.07164999003938718,0.19157079781444808,0.979164870679654,77.0,43.0,34.0,0.0,0.08093221435880046,0.02083512932034605
"(0.02, 0.03, 0.01)",1.0,,A,,1236208.0239130156,0.07444661718144097,-0.21032569998546718,-0.21033016000404103,0.07259473395040872,0.07510373146681448,0.20536581830207354,0.9944009113090968,101.0,42.0,29.0,30.0,0.08904053397758144,0.005599088690903294
"(0.02, 0.03, 0.02)",0.9,15.0,A,,1171223.3605757942,0.06869871970873698,-0.17238976879602064,-0.1723962328321304,0.06681091719956858,0.06878362666334055,0.18363667129354336,0.8948341468815881,74.0,43.0,31.0,0.0,0.07655278745230538,0.10516585311841183
"(0.02, 0.03, 0.02)",0.9,,A,,1203198.475395999,0.07156160254724941,-0.19358304269645593,-0.2078321914119695,0.06996805482937038,0.0736809683528959,0.194260012793013,0.9033626740152332,82.0,41.0,27.0,14.0,0.083919211831952,0.09663732598476674
"(0.02, 0.03, 0.02)",1.0,15.0,A,,1202860.68411082,0.07153199039448654,-0.1844815045079491,-0.1946128693554701,0.06973531339339807,0.07164999003938718,0.19157079781444808,0.979164870679654,77.0,43.0,34.0,0.0,0.08093221435880046,0.02083512932034605
"(0.02, 0.03, 0.02)",1.0,,A,,1258385.2246996514,0.07634590195332824,-0.20620494849063253,-0.2282336027823995,0.07358009734341708,0.07775399484632176,0.20943687313382686,0.9968938336033297,89.0,42.0,28.0,19.0,0.09171756488102917,0.00310616639667023
"(0.02, 0.03, 0.03)",0.9,15.0,A,,1171223.3605757942,0.06869871970873698,-0.17238976879602064,-0.1723962328321304,0.06681091719956858,0.06878362666334055,0.18363667129354336,0.8948341468815881,74.0,43.0,31.0,0.0,0.07655278745230538,0.10516585311841183
"(0.02, 0.03, 0.03)",0.9,,A,,1197609.5508740256,0.07106639605443277,-0.19626899186463947,-0.21068982862991564,0.06973915979795176,0.07331578702566777,0.19276904236727616,0.898632256031302,76.0,42.0,26.5,8.0,0.08369653175111456,0.10136774396869797
"(0.02, 0.03, 0.03)",1.0,15.0,A,,1202860.68411082,0.07153199039448654,-0.1844815045079491,-0.1946128693554701,0.06973531339339807,0.07164999003938718,0.19157079781444808,0.979164870679654,77.0,43.0,34.0,0.0,0.08093221435880046,0.02083512932034605
"(0.02, 0.03, 0.03)",1.0,,A,,1263471.0031971172,0.07677727913133914,-0.20996822604679244,-0.23107894554747968,0.07358194228158096,0.07806169861786891,0.2056744203398027,0.9939195302179524,82.0,41.0,29.0,12.0,0.09151412024006994,0.006080469782047581
"(0.02, 0.03, 0.04)",0.9,15.0,A,,1171223.3605757942,0.06869871970873698,-0.17238976879602064,-0.1723962328321304,0.06681091719956858,0.06878362666334055,0.18363667129354336,0.8948341468815881,74.0,43.0,31.0,0.0,0.07655278745230538,0.10516585311841183
"(0.02, 0.03, 0.04)",0.9,,A,,1204892.6465698858,0.07171152819895266,-0.19005799957732472,-0.20838712204261767,0.06907269744576243,0.07380954545831842,0.19008508333947038,0.8980546559222147,75.0,41.0,28.0,6.0,0.08308314478563669,0.10194534407778538
"(0.02, 0.03, 0.04)",1.0,15.0,A,,1202860.68411082,0.07153199039448654,-0.1844815045079491,-0.1946128693554701,0.06973531339339807,0.07164999003938718,0.19157079781444808,0.979164870679654,77.0,43.0,34.0,0.0,0.08093221435880046,0.02083512932034605
"(0.02, 0.03, 0.04)",1.0,,A,,1243341.7111856225,0.07506093095887623,-0.2126846082965631,-0.23668177356406306,0.0734034900944766,0.07849629394239921,0.20615893913595748,0.9959505629872935,78.0,41.0,27.5,9.0,0.09179074841884337,0.0040494370127065514
"(0.02, 0.03, 0.06)",0.9,15.0,A,,1171223.3605757942,0.06869871970873698,-0.17238976879602064,-0.1723962328321304,0.06681091719956858,0.06878362666334055,0.18363667129354336,0.8948341468815881,74.0,43.0,31.0,0.0,0.07655278745230538,0.10516585311841183
"(0.02, 0.03, 0.06)",0.9,,A,,1201385.9802964483,0.07140141066000871,-0.1877415819806031,-0.21065757748896918,0.06943225131209067,0.07409782291830273,0.1897755303981007,0.897336265676379,72.0,41.0,26.0,4.0,0.08273412858459592,0.1026637343236209
"(0.02, 0.03, 0.06)",1.0,15.0,A,,1202860.68411082,0.07153199039448654,-0.1844815045079491,-0.1946128693554701,0.06973531339339807,0.07164999003938718,0.19157079781444808,0.979164870679654,77.0,43.0,34.0,0.0,0.08093221435880046,0.02083512932034605
"(0.02, 0.03, 0.06)",1.0,,A,,1264613.5136305767,0.07687402800179333,-0.21460097230473418,-0.23719700098885194,0.07191132351839813,0.07978479084155152,0.20686914058378336,0.9972605512987318,76.0,41.5,28.0,6.0,0.09189202505243219,0.0027394487012681263
"(0.02, 0.03, 0.08)",0.9,15.0,A,,1171223.3605757942,0.06869871970873698,-0.17238976879602064,-0.1723962328321304,0.06681091719956858,0.06878362666334055,0.18363667129354336,0.8948341468815881,74.0,43.0,31.0,0.0,0.07655278745230538,0.10516585311841183
"(0.02, 0.03, 0.08)",0.9,,A,,1208967.237368364,0.07207103390484026,-0.1884641502901142,-0.2131923660634937,0.06879465593019626,0.07598296444422079,0.1922897722459716,0.898843480889105,72.0,41.0,28.0,3.0,0.08376401267656111,0.10115651911089486
"(0.02, 0.03, 0.08)",1.0,15.0,A,,1202860.68411082,0.07153199039448654,-0.1844815045079491,-0.1946128693554701,0.06973531339339807,0.07164999003938718,0.19157079781444808,0.979164870679654,77.0,43.0,34.0,0.0,0.08093221435880046,0.02083512932034605
"(0.02, 0.03, 0.08)",1.0,,A,,1253553.5870833767,0.07593479725493602,-0.20858230852052417,-0.2320159134684739,0.07270931543363254,0.0787722625442441,0.20604982862043636,0.9961831607603908,74.0,41.5,29.0,4.0,0.09080408859356848,0.0038168392396091657
"(0.02, 0.03, 0.1)",0.9,15.0,A,,1171223.3605757942,0.06869871970873698,-0.17238976879602064,-0.1723962328321304,0.06681091719956858,0.06878362666334055,0.18363667129354336,0.8948341468815881,74.0,43.0,31.0,0.0,0.07655278745230538,0.10516585311841183
"(0.02, 0.03, 0.1)",0.9,,A,,1181412.1664647274,0.0696179944389066,-0.19221066328813274,-0.21431483203693502,0.0681575274442604,0.0734322687843741,0.1878650686757642,0.8975189942465299,69.0,41.0,26.0,2.0,0.08239931384169083,0.10248100575347005
"(0.02, 0.03, 0.1)",1.0,15.0,A,,1202860.68411082,0.07153199039448654,-0.1844815045079491,-0.1946128693554701,0.06973531339339807,0.07164999003938718,0.19157079781444808,0.979164870679654,77.0,43.0,34.0,0.0,0.08093221435880046,0.02083512932034605
"(0.02, 0.03, 0.1)",1.0,,A,,1249340.6072771035,0.07557501623762286,-0.2077116688800884,-0.2365485661545539,0.07164003114987179,0.08074300669244272,0.20548026718806028,0.9945217273842728,74.0,42.0,29.0,3.0,0.09066918316439879,0.005478272615727156
"(0.02, 0.03, 0.15)",0.9,15.0,A,,1171223.3605757942,0.06869871970873698,-0.17238976879602064,-0.1723962328321304,0.06681091719956858,0.06878362666334055,0.18363667129354336,0.8948341468815881,74.0,43.0,31.0,0.0,0.07655278745230538,0.10516585311841183
"(0.02, 0.03, 0.15)",0.9,,A,,1167989.4050952238,0.06840516055349033,-0.2003936947306324,-0.21847559634837724,0.0674556940078788,0.07440373620988996,0.18911357535348572,0.895531423608913,69.0,41.0,27.0,1.0,0.081011912245719,0.10446857639108698
"(0.02, 0.03, 0.15)",1.0,15.0,A,,1202860.68411082,0.07153199039448654,-0.1844815045079491,-0.1946128693554701,0.06973531339339807,0.07164999003938718,0.19157079781444808,0.979164870679654,77.0,43.0,34.0,0.0,0.08093221435880046,0.02083512932034605
"(0.02, 0.03, 0.15)",1.0,,A,,1218348.3498431914,0.07289325757890552,-0.21287068449358582,-0.24610878893902197,0.07078582710312524,0.07867350460026212,0.20447230202139438,0.9892030403777836,69.0,41.0,26.0,2.0,0.09124161426088129,0.010796959622216407
"(0.02, 0.04, 0)",0.9,15.0,A,,1208338.255208319,0.07201570054586681,-0.18438906047788894,-0.19153888287608928,0.06957306403809087,0.07220518903289877,0.1963734958781139,0.903563822664178,69.0,42.0,27.0,0.0,0.0835343592363335,0.09643617733582194
"(0.02, 0.04, 0)",0.9,,A,,1208338.255208319,0.07201570054586681,-0.18438906047788894,-0.19153888287608928,0.06957306403809087,0.07220518903289877,0.1963734958781139,0.903563822664178,69.0,42.0,27.0,0.0,0.0835343592363335,0.09643617733582194
"(0.02, 0.04, 0)",1.0,15.0,A,,1244872.624745131,0.0751923285187085,-0.20200742563595026,-0.2020185399268888,0.07272837656584992,0.0753058126806309,0.20157730712689914,0.9970271873487033,71.0,41.0,30.0,0.0,0.08834624366154742,0.002972812651296667
"(0.02, 0.04, 0)",1.0,,A,,1244872.624745131,0.0751923285187085,-0.20200742563595026,-0.2020185399268888,0.07272837656584992,0.0753058126806309,0.20157730712689914,0.9970271873487033,71.0,41.0,30.0,0.0,0.08834624366154742,0.002972812651296667
"(0.02, 0.04, 0.01)",0.9,15.0,A,,1208338.255208319,0.07201570054586681,-0.18438906047788894,-0.19153888287608928,0.06957306403809087,0.07220518903289877,0.1963734958781139,0.903563822664178,69.0,42.0,27.0,0.0,0.0835343592363335,0.09643617733582194
"(0.02, 0.04, 0.01)",0.9,,A,,1210372.2042607996,0.07219479446187227,-0.19588006883083614,-0.220534368187224,0.07010384768621276,0.07423168239494951,0.19868085273070873,0.9029898363724748,78.5,41.5,25.0,12.5,0.08636537029501082,0.09701016362752521
"(0.02, 0.04, 0.01)",1.0,15.0,A,,1244872.624745131,0.0751923285187085,-0.20200742563595026,-0.2020185399268888,0.07272837656584992,0.0753058126806309,0.20157730712689914,0.9970271873487033,71.0,41.0,30.0,0.0,0.08834624366154742,0.002972812651296667
"(0.02, 0.04, 0.01)",1.0,,A,,1275125.554566478,0.07775984302995953,-0.2140948509552758,-0.21866726953775398,0.07543690851079066,0.07809032608436643,0.21255942380152443,0.99595737461942,89.0,41.0,27.0,21.0,0.09378292850696102,0.004042625380579999
"(0.02, 0.04, 0.02)",0.9,15.0,A,,1208338.255208319,0.07201570054586681,-0.18438906047788894,-0.19153888287608928,0.06957306403809087,0.07220518903289877,0.1963734958781139,0.903563822664178,69.0,42.0,27.0,0.0,0.0835343592363335,0.09643617733582194
"(0.02, 0.04, 0.02)",0.9,,A,,1212330.1715723234,0.0723669745745863,-0.1914910540013688,-0.20313305793708836,0.06954220537934945,0.07468471123571226,0.19842669157188209,0.8959337715794513,73.0,42.0,25.0,6.0,0.08599964045298039,0.10406622842054876
"(0.02, 0.04, 0.02)",1.0,15.0,A,,1244872.624745131,0.0751923285187085,-0.20200742563595026,-0.2020185399268888,0.07272837656584992,0.0753058126806309,0.20157730712689914,0.9970271873487033,71.0,41.0,30.0,0.0,0.08834624366154742,0.002972812651296667
"(0.02, 0.04, 0.02)",1.0,,A,,1262320.365549068,0.07667955435747842,-0.21773862444887165,-0.23019825022621815,0.07439957752274054,0.07900722525613053,0.21285362125520035,0.9964481517560422,78.5,42.0,26.0,11.0,0.0936636664098324,0.003551848243957806
"(0.02, 0.04, 0.03)",0.9,15.0,A,,1208338.255208319,0.07201570054586681,-0.18438906047788894,-0.19153888287608928,0.06957306403809087,0.07220518903289877,0.1963734958781139,0.903563822664178,69.0,42.0,27.0,0.0,0.0835343592363335,0.09643617733582194
"(0.02, 0.04, 0.03)",0.9,,A,,1209755.286366549,0.07214050878459888,-0.19244134975485838,-0.1973786165444391,0.06965201958239206,0.07454571733464373,0.1983498214781234,0.8992132856354803,71.0,42.0,25.0,4.0,0.0858269729596351,0.10078671436451969
"(0.02, 0.04, 0.03)",1.0,15.0,A,,1244872.624745131,0.0751923285187085,-0.20200742563595026,-0.2020185399268888,0.07272837656584992,0.0753058126806309,0.20157730712689914,0.9970271873487033,71.0,41.0,30.0,0.0,0.08834624366154742,0.002972812651296667
"(0.02, 0.04, 0.03)",1.0,,A,,1260976.5178361228,0.07656595490439777,-0.21565837739338117,-0.2287119051470501,0.07396911863560277,0.0791572014135126,0.2117470665107078,0.995695372140966,75.0,41.0,26.0,8.0,0.09386735504535235,0.004304627859033983
"(0.02, 0.04, 0.04)",0.9,15.0,A,,1208338.255208319,0.07201570054586681,-0.18438906047788894,-0.19153888287608928,0.06957306403809087,0.07220518903289877,0.1963734958781139,0.903563822664178,69.0,42.0,27.0,0.0,0.0835343592363335,0.09643617733582194
"(0.02, 0.04, 0.04)",0.9,,A,,1211092.4556002915,0.07225816217135372,-0.19263569606534248,-0.20135398345661404,0.06956279492173303,0.07294195427665351,0.19591970895585142,0.8980639778697244,69.0,42.0,25.0,2.0,0.08489611782058218,0.10193602213027568
"(0.02, 0.04, 0.04)",1.0,15.0,A,,1244872.624745131,0.0751923285187085,-0.20200742563595026,-0.2020185399268888,0.07272837656584992,0.0753058126806309,0.20157730712689914,0.9970271873487033,71.0,41.0,30.0,0.0,0.08834624366154742,0.002972812651296667
"(0.02, 0.04, 0.04)",1.0,,A,,1273873.6499113431,0.0776545886632779,-0.21055120607710137,-0.2287719467315103,0.07477629539468748,0.07882953291965758,0.21136982652939384,0.990981145885237,74.0,42.0,27.0,5.0,0.0934332149695912,0.009018854114762987
"(0.02, 0.04, 0.06)",0.9,15.0,A,,1208338.255208319,0.07201570054586681,-0.18438906047788894,-0.19153888287608928,0.06957306403809087,0.07220518903289877,0.1963734958781139,0.903563822664178,69.0,42.0,27.0,0.0,0.0835343592363335,0.09643617733582194
"(0.02, 0.04, 0.06)",0.9,,A,,1208041.0775273438,0.07198950874774512,-0.19779780992066676,-0.20311956475203835,0.07114012995383068,0.07336628571209129,0.19656057003253935,0.8998878703052529,68.0,41.0,26.0,1.0,0.08481943079454421,0.10011212969474714
"(0.02, 0.04, 0.06)",1.0,15.0,A,,1244872.624745131,0.0751923285187085,-0.20200742563595026,-0.2020185399268888,0.07272837656584992,0.0753058126806309,0.20157730712689914,0.9970271873487033,71.0,41.0,30.0,0.0,0.08834624366154742,0.002972812651296667
"(0.02, 0.04, 0.06)",1.0,,A,,1272544.3208790547,0.07754294140774654,-0.21153824719822062,-0.22496588387349936,0.07447989248396666,0.07981134194959696,0.21205148065348342,0.9946932774961004,72.0,42.0,27.0,3.0,0.09308617723337581,0.005306722503899581
"(0.02, 0.04, 0.08)",0.9,15.0,A,,1208338.255208319,0.07201570054586681,-0.18438906047788894,-0.19153888287608928,0.06957306403809087,0.07220518903289877,0.1963734958781139,0.903563822664178,69.0,42.0,27.0,0.0,0.0835343592363335,0.09643617733582194
"(0.02, 0.04, 0.08)",0.9,,A,,1204389.7171050713,0.07166717586760596,-0.19726288112864793,-0.2202464591274611,0.06901570136948791,0.0735634278758818,0.1990401272761254,0.8988970275904652,68.0,42.0,25.0,1.0,0.08562028791224618,0.10110297240953481
"(0.02, 0.04, 0.08)",1.0,15.0,A,,1244872.624745131,0.0751923285187085,-0.20200742563595026,-0.2020185399268888,0.07272837656584992,0.0753058126806309,0.20157730712689914,0.9970271873487033,71.0,41.0,30.0,0.0,0.08834624366154742,0.002972812651296667
"(0.02, 0.04, 0.08)",1.0,,A,,1249186.2243352477,0.07556146810892961,-0.21090352462881234,-0.23103148372833415,0.07434421760835457,0.07849594362756565,0.2102711370119971,0.9906363293312377,69.0,41.0,26.0,2.0,0.09269640760308644,0.009363670668762324
"(0.02, 0.04, 0.1)",0.9,15.0,A,,1208338.255208319,0.07201570054586681,-0.18438906047788894,-0.19153888287608928,0.06957306403809087,0.07220518903289877,0.1963734958781139,0.903563822664178,69.0,42.0,27.0,0.0,0.0835343592363335,0.09643617733582194
"(0.02, 0.04, 0.1)",0.9,,A,,1204496.2533810725,0.07167662844227563,-0.20248571665849568,-0.22375251826736797,0.06896948456428047,0.07438963334031541,0.19825419003415673,0.8980827086035785,67.0,41.0,25.0,1.0,0.08607025703105166,0.10191729139642153
"(0.02, 0.04, 0.1)",1.0,15.0,A,,1244872.624745131,0.0751923285187085,-0.20200742563595026,-0.2020185399268888,0.07272837656584992,0.0753058126806309,0.20157730712689914,0.9970271873487033,71.0,41.0,30.0,0.0,0.08834624366154742,0.002972812651296667
"(0.02, 0.04, 0.1)",1.0,,A,,1249158.0003787123,0.07555940169580233,-0.21920475666781897,-0.2354915013487347,0.07265990414312162,0.07911424079637779,0.2093820311265956,0.9891308285804965,68.0,41.0,25.0,2.0,0.09388540670882509,0.01086917141950343
"(0.02, 0.04, 0.15)",0.9,15.0,A,,1208338.255208319,0.07201570054586681,-0.18438906047788894,-0.19153888287608928,0.06957306403809087,0.07220518903289877,0.1963734958781139,0.903563822664178,69.0,42.0,27.0,0.0,0.0835343592363335,0.09643617733582194
"(0.02, 0.04, 0.15)",0.9,,A,,1208338.255208319,0.07201570054586681,-0.18438906047788894,-0.19153888287608928,0.06957306403809087,0.07220518903289877,0.1963734958781139,0.903563822664178,69.0,42.0,27.0,0.0,0.0835343592363335,0.09643617733582194
"(0.02, 0.04, 0.15)",1.0,15.0,A,,1244872.624745131,0.0751923285187085,-0.20200742563595026,-0.2020185399268888,0.07272837656584992,0.0753058126806309,0.20157730712689914,0.9970271873487033,71.0,41.0,30.0,0.0,0.08834624366154742,0.002972812651296667
"(0.02, 0.04, 0.15)",1.0,,A,,1232051.2326588798,0.07408704341565231,-0.22632037263808358,-0.23993007182145262,0.07325194302402907,0.08037926938879099,0.20919071420243152,0.9937784089992776,68.0,42.0,25.0,1.0,0.09189717920389834,0.00622159100072237
"(0.02, 0.06, 0)",0.9,15.0,A,,1258557.3986393143,0.07636048041372501,-0.18112131827787303,-0.2322704824375155,0.07128104517335887,0.077978642491017,0.204647778794666,0.8915705744229603,61.0,41.0,20.0,0.0,0.0903561400086654,0.10842942557703966
"(0.02, 0.06, 0)",0.9,,A,,1258557.3986393143,0.07636048041372501,-0.18112131827787303,-0.2322704824375155,0.07128104517335887,0.077978642491017,0.204647778794666,0.8915705744229603,61.0,41.0,20.0,0.0,0.0903561400086654,0.10842942557703966
"(0.02, 0.06, 0)",1.0,15.0,A,,1281255.7022398515,0.07827346142334202,-0.21413939178611302,-0.25021327829140194,0.07368316978082001,0.08169161409050814,0.22265472218779706,0.9902799195353926,64.5,42.0,22.5,0.0,0.09876559541582558,0.009720080464607348
"(0.02, 0.06, 0)",1.0,,A,,1281255.7022398515,0.07827346142334202,-0.21413939178611302,-0.25021327829140194,0.07368316978082001,0.08169161409050814,0.22265472218779706,0.9902799195353926,64.5,42.0,22.5,0.0,0.09876559541582558,0.009720080464607348
"(0.02, 0.06, 0.01)",0.9,15.0,A,,1258557.3986393143,0.07636048041372501,-0.18112131827787303,-0.2322704824375155,0.07128104517335887,0.077978642491017,0.204647778794666,0.8915705744229603,61.0,41.0,20.0,0.0,0.0903561400086654,0.10842942557703966
"(0.02, 0.06, 0.01)",0.9,,A,,1237424.7708538782,0.07455163838815781,-0.20574770239936713,-0.2413051054477311,0.0714554667130324,0.07822725055723659,0.20999788835765953,0.9026751623843673,68.0,43.0,18.5,7.0,0.09231740727837276,0.09732483761563265
"(0.02, 0.06, 0.01)",1.0,15.0,A,,1281255.7022398515,0.07827346142334202,-0.21413939178611302,-0.25021327829140194,0.07368316978082001,0.08169161409050814,0.22265472218779706,0.9902799195353926,64.5,42.0,22.5,0.0,0.09876559541582558,0.009720080464607348
"(0.02, 0.06, 0.01)",1.0,,A,,1278839.2195059087,0.07807052637546763,-0.2175287848975796,-0.2522204093770044,0.07402207253931399,0.08227889577296825,0.22665014587450577,0.995792999680914,68.0,42.0,21.5,5.0,0.10009832148763102,0.004207000319086049
"(0.02, 0.06, 0.02)",0.9,15.0,A,,1258557.3986393143,0.07636048041372501,-0.18112131827787303,-0.2322704824375155,0.07128104517335887,0.077978642491017,0.204647778794666,0.8915705744229603,61.0,41.0,20.0,0.0,0.0903561400086654,0.10842942557703966
"(0.02, 0.06, 0.02)",0.9,,A,,1239768.6755081776,0.07475347135394306,-0.2043033187282966,-0.2363605729226883,0.07101348613368694,0.07774641303482666,0.21083253040826866,0.8970539825924333,64.0,42.0,18.5,3.0,0.09230694016668868,0.1029460174075667
"(0.02, 0.06, 0.02)",1.0,15.0,A,,1281255.7022398515,0.07827346142334202,-0.21413939178611302,-0.25021327829140194,0.07368316978082001,0.08169161409050814,0.22265472218779706,0.9902799195353926,64.5,42.0,22.5,0.0,0.09876559541582558,0.009720080464607348
"(0.02, 0.06, 0.02)",1.0,,A,,1274583.7060358268,0.07771439462737062,-0.23791917093444404,-0.2570739872874827,0.07356732271286412,0.08236533923075448,0.22545949970148454,0.9948093403527611,65.5,42.0,21.0,2.0,0.0998395895486385,0.00519065964723886
"(0.02, 0.06, 0.03)",0.9,15.0,A,,1258557.3986393143,0.07636048041372501,-0.18112131827787303,-0.2322704824375155,0.07128104517335887,0.077978642491017,0.204647778794666,0.8915705744229603,61.0,41.0,20.0,0.0,0.0903561400086654,0.10842942557703966
"(0.02, 0.06, 0.03)",0.9,,A,,1226581.6093299815,0.07361044587604526,-0.20733195024550094,-0.24171897658313982,0.06910656497047193,0.0778509526965661,0.2083357104629765,0.8952674981254038,62.0,42.0,19.0,2.0,0.09158932894710356,0.10473250187459615
"(0.02, 0.06, 0.03)",1.0,15.0,A,,1281255.7022398515,0.07827346142334202,-0.21413939178611302,-0.25021327829140194,0.07368316978082001,0.08169161409050814,0.22265472218779706,0.9902799195353926,64.5,42.0,22.5,0.0,0.09876559541582558,0.009720080464607348
"(0.02, 0.06, 0.03)",1.0,,A,,1273644.7011524239,0.07763550387158535,-0.23880323100181683,-0.25946976902152513,0.07289283746268975,0.0826727563439422,0.2267957608772061,0.996874603234229,65.0,42.0,21.0,2.0,0.10031732685805504,0.0031253967657708546
"(0.02, 0.06, 0.04)",0.9,15.0,A,,1258557.3986393143,0.07636048041372501,-0.18112131827787303,-0.2322704824375155,0.07128104517335887,0.077978642491017,0.204647778794666,0.8915705744229603,61.0,41.0,20.0,0.0,0.0903561400086654,0.10842942557703966
"(0.02, 0.06, 0.04)",0.9,,A,,1238063.846513779,0.07460673437159004,-0.2095577096839915,-0.24235809096749292,0.06913764797853802,0.0777143807918169,0.2080145439856856,0.89573975599014,62.0,42.0,19.0,1.5,0.0918676463873844,0.10426024400985995
"(0.02, 0.06, 0.04)",1.0,15.0,A,,1281255.7022398515,0.07827346142334202,-0.21413939178611302,-0.25021327829140194,0.07368316978082001,0.08169161409050814,0.22265472218779706,0.9902799195353926,64.5,42.0,22.5,0.0,0.09876559541582558,0.009720080464607348
"(0.02, 0.06, 0.04)",1.0,,A,,1281255.7022398515,0.07827346142334202,-0.21413939178611302,-0.25021327829140194,0.07238828545785128,0.08169161409050814,0.22377953338520062,0.9959872530445244,64.5,42.0,22.5,0.0,0.09960424565494921,0.004012746955475684
"(0.02, 0.06, 0.06)",0.9,15.0,A,,1258557.3986393143,0.07636048041372501,-0.18112131827787303,-0.2322704824375155,0.07128104517335887,0.077978642491017,0.204647778794666,0.8915705744229603,61.0,41.0,20.0,0.0,0.0903561400086654,0.10842942557703966
"(0.02, 0.06, 0.06)",0.9,,A,,1258557.3986393143,0.07636048041372501,-0.18112131827787303,-0.2322704824375155,0.07128104517335887,0.077978642491017,0.204647778794666,0.8915705744229603,61.0,41.0,20.0,0.0,0.0903561400086654,0.10842942557703966
"(0.02, 0.06, 0.06)",1.0,15.0,A,,1281255.7022398515,0.07827346142334202,-0.21413939178611302,-0.25021327829140194,0.07368316978082001,0.08169161409050814,0.22265472218779706,0.9902799195353926,64.5,42.0,22.5,0.0,0.09876559541582558,0.009720080464607348
"(0.02, 0.06, 0.06)",1.0,,A,,1281255.7022398515,0.07827346142334202,-0.21413939178611302,-0.25021327829140194,0.07368316978082001,0.08169161409050814,0.22265472218779706,0.9902799195353926,64.5,42.0,22.5,0.0,0.09876559541582558,0.009720080464607348
"(0.02, 0.06, 0.08)",0.9,15.0,A,,1258557.3986393143,0.07636048041372501,-0.18112131827787303,-0.2322704824375155,0.07128104517335887,0.077978642491017,0.204647778794666,0.8915705744229603,61.0,41.0,20.0,0.0,0.0903561400086654,0.10842942557703966
"(0.02, 0.06, 0.08)",0.9,,A,,1258557.3986393143,0.07636048041372501,-0.18112131827787303,-0.2322704824375155,0.07128104517335887,0.077978642491017,0.204647778794666,0.8915705744229603,61.0,41.0,20.0,0.0,0.0903561400086654,0.10842942557703966
"(0.02, 0.06, 0.08)",1.0,15.0,A,,1281255.7022398515,0.07827346142334202,-0.21413939178611302,-0.25021327829140194,0.07368316978082001,0.08169161409050814,0.22265472218779706,0.9902799195353926,64.5,42.0,22.5,0.0,0.09876559541582558,0.009720080464607348
"(0.02, 0.06, 0.08)",1.0,,A,,1281255.7022398515,0.07827346142334202,-0.21413939178611302,-0.25021327829140194,0.07368316978082001,0.08169161409050814,0.22265472218779706,0.9902799195353926,64.5,42.0,22.5,0.0,0.09876559541582558,0.009720080464607348
"(0.02, 0.06, 0.1)",0.9,15.0,A,,1258557.3986393143,0.07636048041372501,-0.18112131827787303,-0.2322704824375155,0.07128104517335887,0.077978642491017,0.204647778794666,0.8915705744229603,61.0,41.0,20.0,0.0,0.0903561400086654,0.10842942557703966
"(0.02, 0.06, 0.1)",0.9,,A,,1258557.3986393143,0.07636048041372501,-0.18112131827787303,-0.2322704824375155,0.07128104517335887,0.077978642491017,0.204647778794666,0.8915705744229603,61.0,41.0,20.0,0.0,0.0903561400086654,0.10842942557703966
"(0.02, 0.06, 0.1)",1.0,15.0,A,,1281255.7022398515,0.07827346142334202,-0.21413939178611302,-0.25021327829140194,0.07368316978082001,0.08169161409050814,0.22265472218779706,0.9902799195353926,64.5,42.0,22.5,0.0,0.09876559541582558,0.009720080464607348
"(0.02, 0.06, 0.1)",1.0,,A,,1281255.7022398515,0.07827346142334202,-0.21413939178611302,-0.25021327829140194,0.07368316978082001,0.08169161409050814,0.22265472218779706,0.9902799195353926,64.5,42.0,22.5,0.0,0.09876559541582558,0.009720080464607348
"(0.02, 0.06, 0.15)",0.9,15.0,A,,1258557.3986393143,0.07636048041372501,-0.18112131827787303,-0.2322704824375155,0.07128104517335887,0.077978642491017,0.204647778794666,0.8915705744229603,61.0,41.0,20.0,0.0,0.0903561400086654,0.10842942557703966
"(0.02, 0.06, 0.15)",0.9,,A,,1258557.3986393143,0.07636048041372501,-0.18112131827787303,-0.2322704824375155,0.07128104517335887,0.077978642491017,0.204647778794666,0.8915705744229603,61.0,41.0,20.0,0.0,0.0903561400086654,0.10842942557703966
"(0.02, 0.06, 0.15)",1.0,15.0,A,,1281255.7022398515,0.07827346142334202,-0.21413939178611302,-0.25021327829140194,0.07368316978082001,0.08169161409050814,0.22265472218779706,0.9902799195353926,64.5,42.0,22.5,0.0,0.09876559541582558,0.009720080464607348
"(0.02, 0.06, 0.15)",1.0,,A,,1281255.7022398515,0.07827346142334202,-0.21413939178611302,-0.25021327829140194,0.07368316978082001,0.08169161409050814,0.22265472218779706,0.9902799195353926,64.5,42.0,22.5,0.0,0.09876559541582558,0.009720080464607348
"(0.02, 0.08, 0)",0.9,15.0,A,,1315589.0980202095,0.08110748464840567,-0.17700939442492403,-0.24494147720122056,0.07217893967486158,0.08731386301043083,0.2097619405441023,0.8946486862875169,58.0,42.0,16.0,0.0,0.09414121356805974,0.10535131371248313
"(0.02, 0.08, 0)",0.9,,A,,1315589.0980202095,0.08110748464840567,-0.17700939442492403,-0.24494147720122056,0.07217893967486158,0.08731386301043083,0.2097619405441023,0.8946486862875169,58.0,42.0,16.0,0.0,0.09414121356805974,0.10535131371248313
"(0.02, 0.08, 0)",1.0,15.0,A,,1334915.3949542334,0.08267654756718146,-0.22166409750948302,-0.25874857923689704,0.07535214877989553,0.08833441170732359,0.23082630625650985,0.98425354849932,60.0,43.0,17.0,0.0,0.10352709042778084,0.015746451500680082
"(0.02, 0.08, 0)",1.0,,A,,1334915.3949542334,0.08267654756718146,-0.22166409750948302,-0.25874857923689704,0.07535214877989553,0.08833441170732359,0.23082630625650985,0.98425354849932,60.0,43.0,17.0,0.0,0.10352709042778084,0.015746451500680082
"(0.02, 0.08, 0.01)",0.9,15.0,A,,1315589.0980202095,0.08110748464840567,-0.17700939442492403,-0.24494147720122056,0.07217893967486158,0.08731386301043083,0.2097619405441023,0.8946486862875169,58.0,42.0,16.0,0.0,0.09414121356805974,0.10535131371248313
"(0.02, 0.08, 0.01)",0.9,,A,,1293048.6758541511,0.07925477609494735,-0.1975626772257706,-0.2454851193056511,0.0721394721826785,0.08825909579342316,0.21122690769949531,0.9027427132967851,67.0,43.0,15.0,9.0,0.09609606375239019,0.09725728670321492
"(0.02, 0.08, 0.01)",1.0,15.0,A,,1334915.3949542334,0.08267654756718146,-0.22166409750948302,-0.25874857923689704,0.07535214877989553,0.08833441170732359,0.23082630625650985,0.98425354849932,60.0,43.0,17.0,0.0,0.10352709042778084,0.015746451500680082
"(0.02, 0.08, 0.01)",1.0,,A,,1329717.462577534,0.08225726704976122,-0.22918411866760624,-0.26303886387366815,0.07769489158507861,0.08626336092875579,0.23311955931318187,0.9930573069001635,63.0,43.0,17.0,3.0,0.10397141953023628,0.006942693099836594
"(0.02, 0.08, 0.02)",0.9,15.0,A,,1315589.0980202095,0.08110748464840567,-0.17700939442492403,-0.24494147720122056,0.07217893967486158,0.08731386301043083,0.2097619405441023,0.8946486862875169,58.0,42.0,16.0,0.0,0.09414121356805974,0.10535131371248313
"(0.02, 0.08, 0.02)",0.9,,A,,1321958.6338657637,0.08162631568330203,-0.1828695769836437,-0.24079904528901575,0.07236665836385851,0.08583855489504261,0.2094888236486748,0.8955894067961968,62.0,42.0,16.0,4.0,0.09598660800861947,0.10441059320380319
"(0.02, 0.08, 0.02)",1.0,15.0,A,,1334915.3949542334,0.08267654756718146,-0.22166409750948302,-0.25874857923689704,0.07535214877989553,0.08833441170732359,0.23082630625650985,0.98425354849932,60.0,43.0,17.0,0.0,0.10352709042778084,0.015746451500680082
"(0.02, 0.08, 0.02)",1.0,,A,,1324791.279577903,0.08185837636207938,-0.22166409750948302,-0.25874857923689704,0.07535214877989553,0.08782794468864462,0.23091269474942222,0.9892283783675723,62.0,43.0,17.0,1.5,0.10456294409584824,0.01077162163242772
"(0.02, 0.08, 0.03)",0.9,15.0,A,,1315589.0980202095,0.08110748464840567,-0.17700939442492403,-0.24494147720122056,0.07217893967486158,0.08731386301043083,0.2097619405441023,0.8946486862875169,58.0,42.0,16.0,0.0,0.09414121356805974,0.10535131371248313
"(0.02, 0.08, 0.03)",0.9,,A,,1321034.0447991735,0.0815531605641856,-0.2031829504856797,-0.2510586360509094,0.07226514791190261,0.08525517874209362,0.20988937760960086,0.8953938264161725,60.0,42.0,15.0,3.0,0.0955086346999999,0.1046061735838276
"(0.02, 0.08, 0.03)",1.0,15.0,A,,1334915.3949542334,0.08267654756718146,-0.22166409750948302,-0.25874857923689704,0.07535214877989553,0.08833441170732359,0.23082630625650985,0.98425354849932,60.0,43.0,17.0,0.0,0.10352709042778084,0.015746451500680082
"(0.02, 0.08, 0.03)",1.0,,A,,1334067.9822775023,0.08260838404419901,-0.22166409750948302,-0.25874857923689704,0.07535214877989553,0.08833441170732359,0.23172282120757692,0.9928537295018494,62.0,43.0,17.0,0.5,0.10446537840618966,0.007146270498150649
"(0.02, 0.08, 0.04)",0.9,15.0,A,,1315589.0980202095,0.08110748464840567,-0.17700939442492403,-0.24494147720122056,0.07217893967486158,0.08731386301043083,0.2097619405441023,0.8946486862875169,58.0,42.0,16.0,0.0,0.09414121356805974,0.10535131371248313
"(0.02, 0.08, 0.04)",0.9,,A,,1315333.7525047765,0.08108838186203615,-0.17791762209991763,-0.24943630224108426,0.07309974729100419,0.08739783821820567,0.20931070906453342,0.8962053612323115,59.0,41.0,16.0,1.0,0.09562582492421662,0.10379463876768852
"(0.02, 0.08, 0.04)",1.0,15.0,A,,1334915.3949542334,0.08267654756718146,-0.22166409750948302,-0.25874857923689704,0.07535214877989553,0.08833441170732359,0.23082630625650985,0.98425354849932,60.0,43.0,17.0,0.0,0.10352709042778084,0.015746451500680082
"(0.02, 0.08, 0.04)",1.0,,A,,1334566.9006869616,0.08264852507479659,-0.22166409750948302,-0.25874857923689704,0.07535214877989553,0.08833441170732359,0.23116437801651313,0.9873089657610279,61.0,43.0,17.0,0.5,0.1039823441367276,0.012691034238972155
"(0.02, 0.08, 0.06)",0.9,15.0,A,,1315589.0980202095,0.08110748464840567,-0.17700939442492403,-0.24494147720122056,0.07217893967486158,0.08731386301043083,0.2097619405441023,0.8946486862875169,58.0,42.0,16.0,0.0,0.09414121356805974,0.10535131371248313
"(0.02, 0.08, 0.06)",0.9,,A,,1294469.5177664626,0.07937300368268818,-0.2019821925086202,-0.2534303097221733,0.07204754894750558,0.08490987967639327,0.21028921780441945,0.894816630052305,59.0,43.0,15.0,1.0,0.09521637365619448,0.10518336994769498
"(0.02, 0.08, 0.06)",1.0,15.0,A,,1334915.3949542334,0.08267654756718146,-0.22166409750948302,-0.25874857923689704,0.07535214877989553,0.08833441170732359,0.23082630625650985,0.98425354849932,60.0,43.0,17.0,0.0,0.10352709042778084,0.015746451500680082
"(0.02, 0.08, 0.06)",1.0,,A,,1341135.456717675,0.08317666155298287,-0.22166409750948302,-0.25874857923689704,0.07535214877989553,0.08833441170732359,0.23172282120757692,0.9914758998842153,61.0,43.0,17.0,0.0,0.10393793178965416,0.008524100115784682
"(0.02, 0.08, 0.08)",0.9,15.0,A,,1315589.0980202095,0.08110748464840567,-0.17700939442492403,-0.24494147720122056,0.07217893967486158,0.08731386301043083,0.2097619405441023,0.8946486862875169,58.0,42.0,16.0,0.0,0.09414121356805974,0.10535131371248313
"(0.02, 0.08, 0.08)",0.9,,A,,1315589.0980202095,0.08110748464840567,-0.17700939442492403,-0.24494147720122056,0.07217893967486158,0.08731386301043083,0.2097619405441023,0.8946486862875169,58.0,42.0,16.0,0.0,0.09414121356805974,0.10535131371248313
"(0.02, 0.08, 0.08)",1.0,15.0,A,,1334915.3949542334,0.08267654756718146,-0.22166409750948302,-0.25874857923689704,0.07535214877989553,0.08833441170732359,0.23082630625650985,0.98425354849932,60.0,43.0,17.0,0.0,0.10352709042778084,0.015746451500680082
"(0.02, 0.08, 0.08)",1.0,,A,,1334915.3949542334,0.08267654756718146,-0.22166409750948302,-0.25874857923689704,0.07535214877989553,0.08833441170732359,0.23082630625650985,0.98425354849932,60.0,43.0,17.0,0.0,0.10352709042778084,0.015746451500680082
"(0.02, 0.08, 0.1)",0.9,15.0,A,,1315589.0980202095,0.08110748464840567,-0.17700939442492403,-0.24494147720122056,0.07217893967486158,0.08731386301043083,0.2097619405441023,0.8946486862875169,58.0,42.0,16.0,0.0,0.09414121356805974,0.10535131371248313
"(0.02, 0.08, 0.1)",0.9,,A,,1315589.0980202095,0.08110748464840567,-0.17700939442492403,-0.24494147720122056,0.07217893967486158,0.08731386301043083,0.2097619405441023,0.8946486862875169,58.0,42.0,16.0,0.0,0.09414121356805974,0.10535131371248313
"(0.02, 0.08, 0.1)",1.0,15.0,A,,1334915.3949542334,0.08267654756718146,-0.22166409750948302,-0.25874857923689704,0.07535214877989553,0.08833441170732359,0.23082630625650985,0.98425354849932,60.0,43.0,17.0,0.0,0.10352709042778084,0.015746451500680082
"(0.02, 0.08, 0.1)",1.0,,A,,1334915.3949542334,0.08267654756718146,-0.22166409750948302,-0.25874857923689704,0.07535214877989553,0.08833441170732359,0.23082630625650985,0.98425354849932,60.0,43.0,17.0,0.0,0.10352709042778084,0.015746451500680082
"(0.02, 0.08, 0.15)",0.9,15.0,A,,1315589.0980202095,0.08110748464840567,-0.17700939442492403,-0.24494147720122056,0.07217893967486158,0.08731386301043083,0.2097619405441023,0.8946486862875169,58.0,42.0,16.0,0.0,0.09414121356805974,0.10535131371248313
"(0.02, 0.08, 0.15)",0.9,,A,,1315589.0980202095,0.08110748464840567,-0.17700939442492403,-0.24494147720122056,0.07217893967486158,0.08731386301043083,0.2097619405441023,0.8946486862875169,58.0,42.0,16.0,0.0,0.09414121356805974,0.10535131371248313
"(0.02, 0.08, 0.15)",1.0,15.0,A,,1334915.3949542334,0.08267654756718146,-0.22166409750948302,-0.25874857923689704,0.07535214877989553,0.08833441170732359,0.23082630625650985,0.98425354849932,60.0,43.0,17.0,0.0,0.10352709042778084,0.015746451500680082
"(0.02, 0.08, 0.15)",1.0,,A,,1334915.3949542334,0.08267654756718146,-0.22166409750948302,-0.25874857923689704,0.07535214877989553,0.08833441170732359,0.23082630625650985,0.98425354849932,60.0,43.0,17.0,0.0,0.10352709042778084,0.015746451500680082
"(0.02, 0.1, 0)",0.9,15.0,A,,1316300.215329104,0.08116554957203326,-0.2017636333148426,-0.2668231476005519,0.0731218605694655,0.09132934188358173,0.21265958677550922,0.8929596635365762,56.0,43.0,13.5,0.0,0.1009816440806168,0.10704033646342379
"(0.02, 0.1, 0)",0.9,,A,,1316300.215329104,0.08116554957203326,-0.2017636333148426,-0.2668231476005519,0.0731218605694655,0.09132934188358173,0.21265958677550922,0.8929596635365762,56.0,43.0,13.5,0.0,0.1009816440806168,0.10704033646342379
"(0.02, 0.1, 0)",1.0,15.0,A,,1367514.5676751947,0.08527284103059907,-0.22593128047646605,-0.27901965476534046,0.07836074324776483,0.09337354009359364,0.23201944894646107,0.9841090326383899,58.0,43.0,15.0,0.0,0.10848687882442552,0.015890967361610053
"(0.02, 0.1, 0)",1.0,,A,,1367514.5676751947,0.08527284103059907,-0.22593128047646605,-0.27901965476534046,0.07836074324776483,0.09337354009359364,0.23201944894646107,0.9841090326383899,58.0,43.0,15.0,0.0,0.10848687882442552,0.015890967361610053
"(0.02, 0.1, 0.01)",0.9,15.0,A,,1316300.215329104,0.08116554957203326,-0.2017636333148426,-0.2668231476005519,0.0731218605694655,0.09132934188358173,0.21265958677550922,0.8929596635365762,56.0,43.0,13.5,0.0,0.1009816440806168,0.10704033646342379
"(0.02, 0.1, 0.01)",0.9,,A,,1309460.47936941,0.08060801556615682,-0.19617343896000528,-0.27029437470483286,0.07334144648419942,0.09153720343069272,0.21502515921058182,0.9028706271879304,59.0,43.0,13.0,3.0,0.10174525136216679,0.09712937281206963
"(0.02, 0.1, 0.01)",1.0,15.0,A,,1367514.5676751947,0.08527284103059907,-0.22593128047646605,-0.27901965476534046,0.07836074324776483,0.09337354009359364,0.23201944894646107,0.9841090326383899,58.0,43.0,15.0,0.0,0.10848687882442552,0.015890967361610053
"(0.02, 0.1, 0.01)",1.0,,A,,1365374.1130927359,0.08510057981364338,-0.226279795806397,-0.2819938085439732,0.07851848098555739,0.09367032396395487,0.23324959029161402,0.9930534112616731,61.0,43.0,15.0,3.0,0.10974140131021808,0.006946588738326797
"(0.02, 0.1, 0.02)",0.9,15.0,A,,1316300.215329104,0.08116554957203326,-0.2017636333148426,-0.2668231476005519,0.0731218605694655,0.09132934188358173,0.21265958677550922,0.8929596635365762,56.0,43.0,13.5,0.0,0.1009816440806168,0.10704033646342379
"(0.02, 0.1, 0.02)",0.9,,A,,1299498.3964335038,0.07978880787545806,-0.2017636333148426,-0.2668231476005519,0.07158848411528448,0.0907915711281454,0.21356446764734394,0.9006800473146411,58.0,43.0,13.0,2.0,0.10170289702064701,0.09931995268535884
"(0.02, 0.1, 0.02)",1.0,15.0,A,,1367514.5676751947,0.08527284103059907,-0.22593128047646605,-0.27901965476534046,0.07836074324776483,0.09337354009359364,0.23201944894646107,0.9841090326383899,58.0,43.0,15.0,0.0,0.10848687882442552,0.015890967361610053
"(0.02, 0.1, 0.02)",1.0,,A,,1366899.2718001355,0.0852245854202579,-0.22593128047646605,-0.27901965476534046,0.078072665306079,0.09308943842888692,0.2331322605448812,0.992946443250467,59.5,43.0,15.0,2.0,0.10946956692921755,0.007053556749533056
"(0.02, 0.1, 0.03)",0.9,15.0,A,,1316300.215329104,0.08116554957203326,-0.2017636333148426,-0.2668231476005519,0.0731218605694655,0.09132934188358173,0.21265958677550922,0.8929596635365762,56.0,43.0,13.5,0.0,0.1009816440806168,0.10704033646342379
"(0.02, 0.1, 0.03)",0.9,,A,,1307125.3204093412,0.08041665995942848,-0.2017636333148426,-0.2668231476005519,0.07158374929947338,0.09133883014402436,0.21332710042877415,0.8940147974007273,57.5,43.0,13.0,1.0,0.10170577204107237,0.10598520259927272
"(0.02, 0.1, 0.03)",1.0,15.0,A,,1367514.5676751947,0.08527284103059907,-0.22593128047646605,-0.27901965476534046,0.07836074324776483,0.09337354009359364,0.23201944894646107,0.9841090326383899,58.0,43.0,15.0,0.0,0.10848687882442552,0.015890967361610053
"(0.02, 0.1, 0.03)",1.0,,A,,1361195.1047651714,0.08477536492426474,-0.22593128047646605,-0.27901965476534046,0.07806785805855383,0.09397434363974451,0.23414561402320375,0.984298144289852,59.0,43.0,15.0,1.0,0.10969529167538013,0.015701855710148066
"(0.02, 0.1, 0.04)",0.9,15.0,A,,1316300.215329104,0.08116554957203326,-0.2017636333148426,-0.2668231476005519,0.0731218605694655,0.09132934188358173,0.21265958677550922,0.8929596635365762,56.0,43.0,13.5,0.0,0.1009816440806168,0.10704033646342379
"(0.02, 0.1, 0.04)",0.9,,A,,1308930.0602660216,0.08056471486560102,-0.2017636333148426,-0.2668231476005519,0.07157901202021977,0.09196954378962903,0.21480356686636332,0.8990569131945818,57.5,43.0,13.0,1.0,0.10207266270024672,0.10094308680541814
"(0.02, 0.1, 0.04)",1.0,15.0,A,,1367514.5676751947,0.08527284103059907,-0.22593128047646605,-0.27901965476534046,0.07836074324776483,0.09337354009359364,0.23201944894646107,0.9841090326383899,58.0,43.0,15.0,0.0,0.10848687882442552,0.015890967361610053
"(0.02, 0.1, 0.04)",1.0,,A,,1359088.6171284975,0.08460861625460092,-0.22593128047646605,-0.27901965476534046,0.07806304830188011,0.0938898683904742,0.23355505037185997,0.9930144592169573,59.0,43.0,15.0,1.0,0.10982272828445194,0.0069855407830427575
"(0.02, 0.1, 0.06)",0.9,15.0,A,,1316300.215329104,0.08116554957203326,-0.2017636333148426,-0.2668231476005519,0.0731218605694655,0.09132934188358173,0.21265958677550922,0.8929596635365762,56.0,43.0,13.5,0.0,0.1009816440806168,0.10704033646342379
"(0.02, 0.1, 0.06)",0.9,,A,,1321253.428268578,0.08157068802732903,-0.2017636333148426,-0.2668231476005519,0.07115987172730658,0.09109345820862187,0.21379224094128152,0.8937940590907596,57.0,43.0,13.5,0.0,0.10110907524389842,0.10620594090924038
"(0.02, 0.1, 0.06)",1.0,15.0,A,,1367514.5676751947,0.08527284103059907,-0.22593128047646605,-0.27901965476534046,0.07836074324776483,0.09337354009359364,0.23201944894646107,0.9841090326383899,58.0,43.0,15.0,0.0,0.10848687882442552,0.015890967361610053
"(0.02, 0.1, 0.06)",1.0,,A,,1367514.5676751947,0.08527284103059907,-0.22593128047646605,-0.27901965476534046,0.07788335567015417,0.09337354009359364,0.2327550618242394,0.9841311090976752,58.0,43.0,15.0,0.0,0.10855027725236896,0.015868890902324743
"(0.02, 0.1, 0.08)",0.9,15.0,A,,1316300.215329104,0.08116554957203326,-0.2017636333148426,-0.2668231476005519,0.0731218605694655,0.09132934188358173,0.21265958677550922,0.8929596635365762,56.0,43.0,13.5,0.0,0.1009816440806168,0.10704033646342379
"(0.02, 0.1, 0.08)",0.9,,A,,1324581.8141617281,0.08184138857545387,-0.2017636333148426,-0.2668231476005519,0.07053567039516113,0.09132934188358173,0.2144363246142446,0.8942315280614979,57.0,43.0,13.5,0.0,0.10130949512313267,0.10576847193850221
"(0.02, 0.1, 0.08)",1.0,15.0,A,,1367514.5676751947,0.08527284103059907,-0.22593128047646605,-0.27901965476534046,0.07836074324776483,0.09337354009359364,0.23201944894646107,0.9841090326383899,58.0,43.0,15.0,0.0,0.10848687882442552,0.015890967361610053
"(0.02, 0.1, 0.08)",1.0,,A,,1367514.5676751947,0.08527284103059907,-0.22593128047646605,-0.27901965476534046,0.07836074324776483,0.09353551453712614,0.2335373563023535,0.9861483776724278,58.0,43.0,15.0,0.0,0.10855027725236896,0.013851622327572267
"(0.02, 0.1, 0.1)",0.9,15.0,A,,1316300.215329104,0.08116554957203326,-0.2017636333148426,-0.2668231476005519,0.0731218605694655,0.09132934188358173,0.21265958677550922,0.8929596635365762,56.0,43.0,13.5,0.0,0.1009816440806168,0.10704033646342379
"(0.02, 0.1, 0.1)",0.9,,A,,1316300.215329104,0.08116554957203326,-0.2017636333148426,-0.2668231476005519,0.0731218605694655,0.09132934188358173,0.21265958677550922,0.8929596635365762,56.0,43.0,13.5,0.0,0.1009816440806168,0.10704033646342379
"(0.02, 0.1, 0.1)",1.0,15.0,A,,1367514.5676751947,0.08527284103059907,-0.22593128047646605,-0.27901965476534046,0.07836074324776483,0.09337354009359364,0.23201944894646107,0.9841090326383899,58.0,43.0,15.0,0.0,0.10848687882442552,0.015890967361610053
"(0.02, 0.1, 0.1)",1.0,,A,,1367514.5676751947,0.08527284103059907,-0.22593128047646605,-0.27901965476534046,0.07836074324776483,0.09337354009359364,0.23201944894646107,0.9841090326383899,58.0,43.0,15.0,0.0,0.10848687882442552,0.015890967361610053
"(0.02, 0.1, 0.15)",0.9,15.0,A,,1316300.215329104,0.08116554957203326,-0.2017636333148426,-0.2668231476005519,0.0731218605694655,0.09132934188358173,0.21265958677550922,0.8929596635365762,56.0,43.0,13.5,0.0,0.1009816440806168,0.10704033646342379
"(0.02, 0.1, 0.15)",0.9,,A,,1316300.215329104,0.08116554957203326,-0.2017636333148426,-0.2668231476005519,0.0731218605694655,0.09132934188358173,0.21265958677550922,0.8929596635365762,56.0,43.0,13.5,0.0,0.1009816440806168,0.10704033646342379
"(0.02, 0.1, 0.15)",1.0,15.0,A,,1367514.5676751947,0.08527284103059907,-0.22593128047646605,-0.27901965476534046,0.07836074324776483,0.09337354009359364,0.23201944894646107,0.9841090326383899,58.0,43.0,15.0,0.0,0.10848687882442552,0.015890967361610053
"(0.02, 0.1, 0.15)",1.0,,A,,1367514.5676751947,0.08527284103059907,-0.22593128047646605,-0.27901965476534046,0.07836074324776483,0.09337354009359364,0.23201944894646107,0.9841090326383899,58.0,43.0,15.0,0.0,0.10848687882442552,0.015890967361610053
"(0.02, 0.12, 0)",0.9,15.0,A,,1433174.4015410484,0.09034176258978477,-0.20329315888554506,-0.24827497465930254,0.07844402984834822,0.09718102252123123,0.20959789431602804,0.8818970946740627,55.0,43.0,12.0,0.0,0.10226271704883291,0.11810290532593729
"(0.02, 0.12, 0)",0.9,,A,,1433174.4015410484,0.09034176258978477,-0.20329315888554506,-0.24827497465930254,0.07844402984834822,0.09718102252123123,0.20959789431602804,0.8818970946740627,55.0,43.0,12.0,0.0,0.10226271704883291,0.11810290532593729
"(0.02, 0.12, 0)",1.0,15.0,A,,1480162.0636419118,0.09384177264683558,-0.2290923800058775,-0.2753323993859111,0.08159197101535924,0.10313705879456989,0.23381422870256352,0.989398081020364,56.0,43.0,13.0,0.0,0.11147670186772173,0.010601918979636053
"(0.02, 0.12, 0)",1.0,,A,,1480162.0636419118,0.09384177264683558,-0.2290923800058775,-0.2753323993859111,0.08159197101535924,0.10313705879456989,0.23381422870256352,0.989398081020364,56.0,43.0,13.0,0.0,0.11147670186772173,0.010601918979636053
"(0.02, 0.12, 0.01)",0.9,15.0,A,,1437132.934935917,0.09064064708381514,-0.20646381417344112,-0.24869265473437818,0.07883345642598479,0.09742393573617097,0.2129733195789299,0.883360432977522,56.0,43.0,12.0,1.0,0.10271790511879458,0.1166395670224781
"(0.02, 0.12, 0.01)",0.9,,A,,1411233.7568483697,0.08867187156509637,-0.2166739189170538,-0.25282563311920797,0.08129764265301313,0.09860271357320011,0.21435548928530707,0.9024320566170674,66.0,41.0,11.0,13.0,0.10565394981495313,0.09756794338293263
"(0.02, 0.12, 0.01)",1.0,15.0,A,,1480162.0636419118,0.09384177264683558,-0.2290923800058775,-0.2753323993859111,0.08159197101535924,0.10313705879456989,0.23381422870256352,0.989398081020364,56.0,43.0,13.0,0.0,0.11147670186772173,0.010601918979636053
"(0.02, 0.12, 0.01)",1.0,,A,,1475408.8147306866,0.09349231935004876,-0.23591187059222185,-0.2901573152760665,0.08269315043288053,0.10507610256814992,0.23410346867593418,0.9931320518186197,65.0,41.5,13.0,11.0,0.11349698942424215,0.006867948181380208
"(0.02, 0.12, 0.02)",0.9,15.0,A,,1437095.1401884677,0.09063810968394626,-0.20943778395891371,-0.24821016449916788,0.07885276344436029,0.09766636208445259,0.2121130638231105,0.8912717329295806,56.0,43.0,12.0,1.0,0.10298139594138515,0.1087282670704193
"(0.02, 0.12, 0.02)",0.9,,A,,1406141.1525233458,0.08825914173649863,-0.21826339365141711,-0.24710877563858347,0.08115133181809428,0.099878513966954,0.2148495990976411,0.8942419994279556,60.0,42.0,11.5,7.0,0.10569990753830989,0.10575800057204439
"(0.02, 0.12, 0.02)",1.0,15.0,A,,1480162.0636419118,0.09384177264683558,-0.2290923800058775,-0.2753323993859111,0.08159197101535924,0.10313705879456989,0.23381422870256352,0.989398081020364,56.0,43.0,13.0,0.0,0.11147670186772173,0.010601918979636053
"(0.02, 0.12, 0.02)",1.0,,A,,1466672.586247032,0.09282195607680843,-0.24902158965729237,-0.28348219196596636,0.0824013499866958,0.105260119007259,0.23769216460464032,0.9963864995150598,59.0,41.0,13.0,5.5,0.11372927571168004,0.00361350048494012
"(0.02, 0.12, 0.03)",0.9,15.0,A,,1386915.8930487842,0.0867916864116739,-0.2099907695237413,-0.2491512475825203,0.07925469293757333,0.09790830362201373,0.21407100202028578,0.8951981712324679,55.5,43.0,12.0,1.0,0.10269095776876638,0.10480182876753208
"(0.02, 0.12, 0.03)",0.9,,A,,1411191.316459822,0.08866821877473863,-0.21182763436686708,-0.24445739105516318,0.08131010922445651,0.09944314080753694,0.21430972098594442,0.8961290655733196,58.0,42.0,12.0,3.0,0.10594742577700653,0.10387093442668038
"(0.02, 0.12, 0.03)",1.0,15.0,A,,1480162.0636419118,0.09384177264683558,-0.2290923800058775,-0.2753323993859111,0.08159197101535924,0.10313705879456989,0.23381422870256352,0.989398081020364,56.0,43.0,13.0,0.0,0.11147670186772173,0.010601918979636053
"(0.02, 0.12, 0.03)",1.0,,A,,1475232.3897269557,0.09347437658170421,-0.24859088749027963,-0.2834437748725462,0.08198544504399978,0.10573096258100871,0.23367103099724656,0.9935319365750647,58.0,41.5,13.0,4.0,0.11231846719466804,0.006468063424935323
"(0.02, 0.12, 0.04)",0.9,15.0,A,,1440363.8934851296,0.09088329391291794,-0.21054349964422303,-0.24869014968089617,0.07911541131765791,0.0981497623915648,0.21221531477262456,0.8967752673047098,55.5,42.0,12.0,1.0,0.10410484728946359,0.1032247326952902
"(0.02, 0.12, 0.04)",0.9,,A,,1411460.5837584534,0.08868993068175557,-0.21781021290260832,-0.24871421931241006,0.08061704031417205,0.09773494355206488,0.21442481930702328,0.8955369996528045,56.5,42.0,11.0,2.0,0.10578858060336506,0.1044630003471955
"(0.02, 0.12, 0.04)",1.0,15.0,A,,1480162.0636419118,0.09384177264683558,-0.2290923800058775,-0.2753323993859111,0.08159197101535924,0.10313705879456989,0.23381422870256352,0.989398081020364,56.0,43.0,13.0,0.0,0.11147670186772173,0.010601918979636053
"(0.02, 0.12, 0.04)",1.0,,A,,1473346.57488687,0.09333437804792821,-0.24148432972866363,-0.28762749829115364,0.0823684223020285,0.1042557540871412,0.2388371813014275,0.9956310579988703,58.0,41.5,13.0,2.0,0.11518309622062861,0.004368942001129665
"(0.02, 0.12, 0.06)",0.9,15.0,A,,1439741.555119093,0.09083650898316442,-0.21078344723717835,-0.24886281260374685,0.07908397044216427,0.09807374963039169,0.21288549816877955,0.8920485622285309,55.0,41.0,12.0,1.0,0.10458529574013159,0.10795143777146915
"(0.02, 0.12, 0.06)",0.9,,A,,1439741.555119093,0.09083650898316442,-0.21078344723717835,-0.24886281260374685,0.08047316078763858,0.09807374963039169,0.21288549816877955,0.8920485622285309,55.0,41.0,12.0,1.0,0.10463242385298083,0.10795143777146915
"(0.02, 0.12, 0.06)",1.0,15.0,A,,1480162.0636419118,0.09384177264683558,-0.2290923800058775,-0.2753323993859111,0.08159197101535924,0.10313705879456989,0.23381422870256352,0.989398081020364,56.0,43.0,13.0,0.0,0.11147670186772173,0.010601918979636053
"(0.02, 0.12, 0.06)",1.0,,A,,1449523.722473593,0.09156959692113953,-0.23691274445571792,-0.2807899337982048,0.08140449155441946,0.10421870282068654,0.23457791123041807,0.9908291314711033,57.0,43.0,13.0,1.0,0.11316171753973428,0.009170868528896717
"(0.02, 0.12, 0.08)",0.9,15.0,A,,1424911.9571796563,0.08971612916162364,-0.21089266160861747,-0.24524138426982187,0.08051506731804323,0.09788054255580643,0.2124894733480659,0.8785770267774655,55.0,43.0,11.0,1.0,0.1049154017482817,0.12142297322253448
"(0.02, 0.12, 0.08)",0.9,,A,,1424911.9571796563,0.08971612916162364,-0.21089266160861747,-0.24524138426982187,0.08051506731804323,0.09788054255580643,0.21302628440439053,0.8847389030478896,55.0,43.0,11.0,1.0,0.1050876529112352,0.11526109695211045
"(0.02, 0.12, 0.08)",1.0,15.0,A,,1480162.0636419118,0.09384177264683558,-0.2290923800058775,-0.2753323993859111,0.08159197101535924,0.10313705879456989,0.23381422870256352,0.989398081020364,56.0,43.0,13.0,0.0,0.11147670186772173,0.010601918979636053
"(0.02, 0.12, 0.08)",1.0,,A,,1472318.3840637403,0.09326447159704598,-0.23933886814495292,-0.2818865359203422,0.08143511010522937,0.10426686049333012,0.23470005053134294,0.99158729773317,56.0,42.5,13.0,1.0,0.11371990091725753,0.008412702266829893
"(0.02, 0.12, 0.1)",0.9,15.0,A,,1402432.0075584315,0.08797637188571461,-0.2085551534623563,-0.2472805326126294,0.08067135529278639,0.09612944296977621,0.2144631522967353,0.8937019380766215,55.0,43.0,11.0,1.0,0.10329941366976358,0.10629806192337854
"(0.02, 0.12, 0.1)",0.9,,A,,1402432.0075584315,0.08797637188571461,-0.2085551534623563,-0.2472805326126294,0.08067135529278639,0.09633345524077333,0.2144631522967353,0.8941588498171128,55.0,43.0,11.0,1.0,0.10346693338537738,0.10584115018288721
"(0.02, 0.12, 0.1)",1.0,15.0,A,,1480162.0636419118,0.09384177264683558,-0.2290923800058775,-0.2753323993859111,0.08159197101535924,0.10313705879456989,0.23381422870256352,0.989398081020364,56.0,43.0,13.0,0.0,0.11147670186772173,0.010601918979636053
"(0.02, 0.12, 0.1)",1.0,,A,,1480162.0636419118,0.09384177264683558,-0.2290923800058775,-0.2753323993859111,0.08159197101535924,0.10313705879456989,0.23381422870256352,0.989398081020364,56.0,43.0,13.0,0.0,0.11147670186772173,0.010601918979636053
"(0.02, 0.12, 0.15)",0.9,15.0,A,,1433174.4015410484,0.09034176258978477,-0.20329315888554506,-0.24827497465930254,0.07844402984834822,0.09718102252123123,0.20959789431602804,0.8818970946740627,55.0,43.0,12.0,0.0,0.10226271704883291,0.11810290532593729
"(0.02, 0.12, 0.15)",0.9,,A,,1433174.4015410484,0.09034176258978477,-0.20329315888554506,-0.24827497465930254,0.07844402984834822,0.09718102252123123,0.20959789431602804,0.8818970946740627,55.0,43.0,12.0,0.0,0.10226271704883291,0.11810290532593729
"(0.02, 0.12, 0.15)",1.0,15.0,A,,1480162.0636419118,0.09384177264683558,-0.2290923800058775,-0.2753323993859111,0.08159197101535924,0.10313705879456989,0.23381422870256352,0.989398081020364,56.0,43.0,13.0,0.0,0.11147670186772173,0.010601918979636053
"(0.02, 0.12, 0.15)",1.0,,A,,1480162.0636419118,0.09384177264683558,-0.2290923800058775,-0.2753323993859111,0.08159197101535924,0.10313705879456989,0.23381422870256352,0.989398081020364,56.0,43.0,13.0,0.0,0.11147670186772173,0.010601918979636053
"(0.02, 0.15, 0)",0.9,15.0,A,,1449425.7887160867,0.09156215020083913,-0.2125065897011496,-0.24615303855279141,0.0815772685210923,0.10057882785387084,0.21597235561120087,0.9084292198565284,53.0,42.0,11.0,0.0,0.1102451415395049,0.09157078014347156
"(0.02, 0.15, 0)",0.9,,A,,1449425.7887160867,0.09156215020083913,-0.2125065897011496,-0.24615303855279141,0.0815772685210923,0.10057882785387084,0.21597235561120087,0.9084292198565284,53.0,42.0,11.0,0.0,0.1102451415395049,0.09157078014347156
"(0.02, 0.15, 0)",1.0,15.0,A,,1582664.6763048281,0.10114079779721052,-0.2392059526249808,-0.291651356550036,0.0864415436432042,0.1100351235430966,0.23899379981961383,0.9956684150906394,54.0,42.0,12.0,0.0,0.12057845093948351,0.004331584909360669
"(0.02, 0.15, 0)",1.0,,A,,1582664.6763048281,0.10114079779721052,-0.2392059526249808,-0.291651356550036,0.0864415436432042,0.1100351235430966,0.23899379981961383,0.9956684150906394,54.0,42.0,12.0,0.0,0.12057845093948351,0.004331584909360669
"(0.02, 0.15, 0.01)",0.9,15.0,A,,1470016.1976643833,0.09309466975895442,-0.21631148795407773,-0.2472889587932306,0.08279929963987098,0.10110341397247873,0.21900116427173705,0.9084292198565284,55.0,42.0,11.0,2.0,0.11202320676015111,0.09157078014347156
"(0.02, 0.15, 0.01)",0.9,,A,,1448175.43649355,0.09146914935339845,-0.22512372968147693,-0.2544766556306138,0.08149537283948546,0.10210392348746751,0.21787366627275445,0.9084292198565284,64.0,40.5,10.0,13.0,0.11315877124266244,0.09157078014347156
"(0.02, 0.15, 0.01)",1.0,15.0,A,,1510023.8234961047,0.09601143381589616,-0.24039573508504503,-0.2925308579006196,0.08618415625289748,0.10969114677606483,0.23523303107714386,0.9947872979608008,54.5,42.0,12.0,1.0,0.11978599497198808,0.005212702039199282
"(0.02, 0.15, 0.01)",1.0,,A,,1497017.3855213653,0.09506949571568091,-0.24861917536825073,-0.2926416066555744,0.08784132292687404,0.11097486096596194,0.2370944445732297,0.9965645245272292,61.0,41.0,11.0,8.0,0.12278275866775454,0.003435475472770755
"(0.02, 0.15, 0.02)",0.9,15.0,A,,1475425.3955079142,0.09349308674505863,-0.21769914675499558,-0.24841463675045225,0.08351489501578133,0.10114471817764233,0.21885689907313122,0.9084292198565284,54.0,41.0,11.0,2.0,0.11251778591424087,0.09157078014347156
"(0.02, 0.15, 0.02)",0.9,,A,,1476861.9643590148,0.09359927712817717,-0.22409666004662315,-0.2626446111044302,0.08473962230693877,0.10155767994286553,0.2204837620455874,0.9084292198565284,56.0,40.0,10.5,5.0,0.11368256169162831,0.09157078014347156
"(0.02, 0.15, 0.02)",1.0,15.0,A,,1586080.3663077597,0.10137721648673448,-0.24352312613342447,-0.2929907082244953,0.08715353700199782,0.10995081286596964,0.23940943820649827,0.9924409648450403,54.5,41.0,12.0,1.0,0.12098338878334232,0.007559035154959787
"(0.02, 0.15, 0.02)",1.0,,A,,1544101.7598564974,0.09843870763323592,-0.2468071602932771,-0.2886176682880775,0.08794090186741439,0.11071907733951597,0.23748943722634858,0.9958384290230133,56.5,41.0,12.0,3.5,0.12290229495500826,0.004161570976986646
"(0.02, 0.15, 0.03)",0.9,15.0,A,,1479657.4577930467,0.09380467870411269,-0.21907526396573734,-0.24953021106706327,0.08415790614033034,0.10169536765951193,0.21769861886375433,0.9084292198565284,53.5,40.0,11.0,2.0,0.11253326282454215,0.09157078014347156
"(0.02, 0.15, 0.03)",0.9,,A,,1463912.737623809,0.09264266754926198,-0.21850955384950455,-0.2526651997777982,0.0841530826143492,0.10107734638954444,0.22032410525815627,0.9084292198565284,54.0,40.0,10.0,3.0,0.11351122582341096,0.09157078014347156
"(0.02, 0.15, 0.03)",1.0,15.0,A,,1557020.8082400532,0.09934337375236035,-0.24369898558474257,-0.29218813234382096,0.0863348488697165,0.10960684788819751,0.23617142615027914,0.9955977705490677,54.5,41.0,12.0,1.0,0.12118251110511286,0.004402229450932235
"(0.02, 0.15, 0.03)",1.0,,A,,1550765.9827812552,0.09891296196929888,-0.24994555603263413,-0.2905382637604874,0.08779976715997644,0.10981055344393503,0.24199823759298694,0.995606314555098,56.0,41.0,12.0,2.0,0.12372087146026073,0.004393685444902001
"(0.02, 0.15, 0.04)",0.9,15.0,A,,1442756.4427042007,0.0910601549152692,-0.21860640936512665,-0.25025313529048054,0.08383861231581155,0.1006049502852279,0.2122203511715487,0.9084292198565284,53.0,41.0,10.0,2.0,0.11249420557259492,0.09157078014347156
"(0.02, 0.15, 0.04)",0.9,,A,,1441455.6058369782,0.09096155206081802,-0.21860640936512665,-0.25025313529048054,0.08364201732578638,0.1006049502852279,0.22031892340174553,0.9084292198565284,54.0,41.0,10.0,2.5,0.11291258352374672,0.09157078014347156
"(0.02, 0.15, 0.04)",1.0,15.0,A,,1546804.4253096888,0.09863584335114373,-0.24394835303774626,-0.2806251727155686,0.08792339731550174,0.10975237701450627,0.23348222027418053,0.981006571737405,55.0,42.0,11.0,1.0,0.12113375935206187,0.01899342826259503
"(0.02, 0.15, 0.04)",1.0,,A,,1545482.4722821494,0.09854297319572036,-0.24394835303774626,-0.2806251727155686,0.08691975055675413,0.10971515036444844,0.24043554488714258,0.990419695184289,57.0,42.0,11.0,2.0,0.12219589237949036,0.009580304815711057
"(0.02, 0.15, 0.06)",0.9,15.0,A,,1478714.0932821482,0.09372929297675148,-0.21982542364751118,-0.25639153990192937,0.08430552470213373,0.1020238117463118,0.21927484250922918,0.9084292198565284,52.0,40.0,11.0,1.0,0.1123431759278955,0.09157078014347156
"(0.02, 0.15, 0.06)",0.9,,A,,1478714.0932821482,0.09372929297675148,-0.21982542364751118,-0.25639153990192937,0.08200303927979735,0.10077040456201747,0.22074410088441432,0.9084292198565284,52.0,40.0,11.0,1.0,0.11307768855036282,0.09157078014347156
"(0.02, 0.15, 0.06)",1.0,15.0,A,,1561283.358052794,0.09965460241876889,-0.24573949241413884,-0.28328753083375274,0.08897143995833716,0.10963815629328606,0.23596713091926907,0.9979386335942104,55.0,43.0,11.0,1.0,0.12232580546698349,0.002061366405789493
"(0.02, 0.15, 0.06)",1.0,,A,,1540476.7109099925,0.09818966676708107,-0.24573949241413884,-0.28328753083375274,0.08860325364450858,0.10963815629328606,0.24260243891985786,0.9979386335942104,56.0,43.0,11.0,1.0,0.12232580546698349,0.002061366405789493
"(0.02, 0.15, 0.08)",0.9,15.0,A,,1443120.1688651482,0.09108668971233758,-0.2044323126931213,-0.2573565109494125,0.08239371326871994,0.09753817375579919,0.21202985052156897,0.9084292198565284,53.0,42.0,10.0,1.0,0.1110563487178256,0.09157078014347156
"(0.02, 0.15, 0.08)",0.9,,A,,1444918.5514660648,0.09122644451944084,-0.2044323126931213,-0.2573565109494125,0.08202743924947072,0.0994807550598868,0.2198907740280183,0.9084292198565284,53.0,41.5,10.0,2.0,0.11276800405324229,0.09157078014347156
"(0.02, 0.15, 0.08)",1.0,15.0,A,,1582664.6763048281,0.10114079779721052,-0.2392059526249808,-0.291651356550036,0.0864415436432042,0.1100351235430966,0.23899379981961383,0.9956684150906394,54.0,42.0,12.0,0.0,0.12057845093948351,0.004331584909360669
"(0.02, 0.15, 0.08)",1.0,,A,,1582664.6763048281,0.10114079779721052,-0.2392059526249808,-0.291651356550036,0.08811212934879412,0.1100351235430966,0.23899379981961383,0.9956684150906394,54.0,42.0,12.0,0.0,0.12057845093948351,0.004331584909360669
"(0.02, 0.15, 0.1)",0.9,15.0,A,,1445424.0798242632,0.09125944809170228,-0.20655056802190436,-0.2594358526156443,0.08162677269607048,0.09806784402901572,0.21622972118173875,0.9084292198565284,53.0,42.0,10.0,1.0,0.1118874765626277,0.09157078014347156
"(0.02, 0.15, 0.1)",0.9,,A,,1445424.0798242632,0.09125944809170228,-0.20655056802190436,-0.2594358526156443,0.08162677269607048,0.09821052978677021,0.2169411308990311,0.9084292198565284,53.0,42.0,10.0,1.0,0.11211105029136417,0.09157078014347156
"(0.02, 0.15, 0.1)",1.0,15.0,A,,1582664.6763048281,0.10114079779721052,-0.2392059526249808,-0.291651356550036,0.0864415436432042,0.1100351235430966,0.23899379981961383,0.9956684150906394,54.0,42.0,12.0,0.0,0.12057845093948351,0.004331584909360669
"(0.02, 0.15, 0.1)",1.0,,A,,1582664.6763048281,0.10114079779721052,-0.2392059526249808,-0.291651356550036,0.0864415436432042,0.1100351235430966,0.23899379981961383,0.9956684150906394,54.0,42.0,12.0,0.0,0.12057845093948351,0.004331584909360669
"(0.02, 0.15, 0.15)",0.9,15.0,A,,1449425.7887160867,0.09156215020083913,-0.2125065897011496,-0.24615303855279141,0.0815772685210923,0.10057882785387084,0.21597235561120087,0.9084292198565284,53.0,42.0,11.0,0.0,0.1102451415395049,0.09157078014347156
"(0.02, 0.15, 0.15)",0.9,,A,,1449425.7887160867,0.09156215020083913,-0.2125065897011496,-0.24615303855279141,0.0815772685210923,0.10057882785387084,0.21597235561120087,0.9084292198565284,53.0,42.0,11.0,0.0,0.1102451415395049,0.09157078014347156
"(0.02, 0.15, 0.15)",1.0,15.0,A,,1582664.6763048281,0.10114079779721052,-0.2392059526249808,-0.291651356550036,0.0864415436432042,0.1100351235430966,0.23899379981961383,0.9956684150906394,54.0,42.0,12.0,0.0,0.12057845093948351,0.004331584909360669
"(0.02, 0.15, 0.15)",1.0,,A,,1582664.6763048281,0.10114079779721052,-0.2392059526249808,-0.291651356550036,0.0864415436432042,0.1100351235430966,0.23899379981961383,0.9956684150906394,54.0,42.0,12.0,0.0,0.12057845093948351,0.004331584909360669
"(0.02, 0.2, 0)",0.9,15.0,A,,1418737.965541333,0.08924553746344988,-0.2078939529552632,-0.24716411380203882,0.0770372452234341,0.1013482142642693,0.21443158940688023,0.8932588862580233,50.0,43.0,7.0,0.0,0.10673967274381657,0.10674111374197665
"(0.02, 0.2, 0)",0.9,,A,,1418737.965541333,0.08924553746344988,-0.2078939529552632,-0.24716411380203882,0.0770372452234341,0.1013482142642693,0.21443158940688023,0.8932588862580233,50.0,43.0,7.0,0.0,0.10673967274381657,0.10674111374197665
"(0.02, 0.2, 0)",1.0,15.0,A,,1488449.3462508246,0.09444665470516111,-0.22326500629978774,-0.2897459003089854,0.082505369777508,0.1045042480388999,0.2289057860611522,0.9841785855129047,51.0,43.0,9.0,0.0,0.12399566684547372,0.015821414487095294
"(0.02, 0.2, 0)",1.0,,A,,1488449.3462508246,0.09444665470516111,-0.22326500629978774,-0.2897459003089854,0.082505369777508,0.1045042480388999,0.2289057860611522,0.9841785855129047,51.0,43.0,9.0,0.0,0.12399566684547372,0.015821414487095294
"(0.02, 0.2, 0.01)",0.9,15.0,A,,1425020.6604446503,0.08972344379170882,-0.21025164905329768,-0.25018248417202826,0.07764964388659709,0.10230548104794002,0.21370943316132468,0.8945300543333993,52.5,42.5,7.0,3.0,0.10763616901956222,0.10546994566660073
"(0.02, 0.2, 0.01)",0.9,,A,,1429797.8747462411,0.0900866248189196,-0.2233877434810458,-0.262125391651301,0.07922880102048427,0.10406222038936863,0.2160001564263394,0.9033330012006424,59.0,40.0,7.0,12.0,0.10828410015821657,0.09666699879935761
"(0.02, 0.2, 0.01)",1.0,15.0,A,,1493171.558818308,0.09479155886447632,-0.22310458488631346,-0.2917194092976133,0.08277436272781288,0.10476022820307973,0.23092326375706018,0.9930809243092683,52.0,43.0,9.0,1.0,0.12468109074444753,0.0069190756907317385
"(0.02, 0.2, 0.01)",1.0,,A,,1492493.9805171078,0.09474219271621687,-0.22310458488631346,-0.2917194092976133,0.08272634277840844,0.1047138990542013,0.23298326316375212,0.9930809243092683,54.0,43.0,9.0,3.0,0.12494759202402303,0.0069190756907317385
"(0.02, 0.2, 0.02)",0.9,15.0,A,,1436224.8643927355,0.09057222717121516,-0.21258792053422532,-0.2542926377717899,0.07796285072266607,0.10320120396641977,0.21544111161133692,0.8990325046499852,52.0,42.0,7.0,3.0,0.1072424556053212,0.10096749535001487
"(0.02, 0.2, 0.02)",0.9,,A,,1438064.7799838579,0.09071111358955175,-0.22221551723106875,-0.2561160740575384,0.07872340255695895,0.10314625199797016,0.21613335111003656,0.897561576164718,54.0,41.0,7.0,5.0,0.10827752945607094,0.10243842383528207
"(0.02, 0.2, 0.02)",1.0,15.0,A,,1488449.3462508246,0.09444665470516111,-0.22326500629978774,-0.2897459003089854,0.082505369777508,0.1045042480388999,0.2289057860611522,0.9841785855129047,51.0,43.0,9.0,0.0,0.12399566684547372,0.015821414487095294
"(0.02, 0.2, 0.02)",1.0,,A,,1487097.2044014074,0.09434783896809096,-0.2244264835739908,-0.2897459003089854,0.08240903598443658,0.10441136829798088,0.23393779296069805,0.9841785855129047,53.0,43.0,9.0,2.0,0.12461732879457602,0.015821414487095294
"(0.02, 0.2, 0.03)",0.9,15.0,A,,1431777.5877058615,0.0902365260972352,-0.2194626961855135,-0.2602149413958478,0.07852833152673007,0.10188722987584727,0.2157510265677905,0.8995751533906919,52.0,42.0,7.0,3.0,0.1077047583576399,0.10042484660930798
"(0.02, 0.2, 0.03)",0.9,,A,,1431777.5877058615,0.0902365260972352,-0.2194626961855135,-0.2602149413958478,0.07839851732180214,0.10188722987584727,0.21706769311695784,0.9000174339176463,52.0,42.0,7.0,3.0,0.10845011785329658,0.09998256608235365
"(0.02, 0.2, 0.03)",1.0,15.0,A,,1488449.3462508246,0.09444665470516111,-0.22326500629978774,-0.2897459003089854,0.082505369777508,0.1045042480388999,0.2289057860611522,0.9841785855129047,51.0,43.0,9.0,0.0,0.12399566684547372,0.015821414487095294
"(0.02, 0.2, 0.03)",1.0,,A,,1486421.1432860373,0.09429840138484669,-0.2244264835739908,-0.2897459003089854,0.08236082805823082,0.10436491123998645,0.23524130050633157,0.9841978890190681,53.0,43.0,9.0,2.0,0.12488490813234498,0.0158021109809319
"(0.02, 0.2, 0.04)",0.9,15.0,A,,1436407.2251841645,0.09058603232606621,-0.21526165148283222,-0.2621692971463435,0.0773003955459894,0.10407787244347293,0.2137038680330346,0.8971572240880741,50.0,41.0,7.0,2.0,0.10774106941759891,0.102842775911926
"(0.02, 0.2, 0.04)",0.9,,A,,1436407.2251841645,0.09058603232606621,-0.21526165148283222,-0.2621692971463435,0.0773003955459894,0.10419468759572173,0.21512090432207256,0.8971572240880741,50.0,41.0,7.0,2.0,0.10791519203573567,0.102842775911926
"(0.02, 0.2, 0.04)",1.0,15.0,A,,1488449.3462508246,0.09444665470516111,-0.22326500629978774,-0.2897459003089854,0.082505369777508,0.1045042480388999,0.2289057860611522,0.9841785855129047,51.0,43.0,9.0,0.0,0.12399566684547372,0.015821414487095294
"(0.02, 0.2, 0.04)",1.0,,A,,1485745.0887102252,0.09424894396884509,-0.2244264835739908,-0.2897459003089854,0.08231259274131555,0.10431844271416457,0.23758201452205555,0.9841978890190681,53.0,43.0,9.0,2.0,0.12500811889523095,0.0158021109809319
"(0.02, 0.2, 0.06)",0.9,15.0,A,,1410490.4846182175,0.08861537100649608,-0.21360424402554917,-0.26002967755603945,0.07727675196019972,0.1037435729256605,0.2151427325982787,0.8931403578273642,49.0,41.0,7.0,1.0,0.10660440942825775,0.1068596421726358
"(0.02, 0.2, 0.06)",0.9,,A,,1410490.4846182175,0.08861537100649608,-0.21360424402554917,-0.26002967755603945,0.07727675196019972,0.10391817827670052,0.21713899033450115,0.8934630535836949,49.0,41.0,7.0,1.0,0.10770044866976451,0.10653694641630516
"(0.02, 0.2, 0.06)",1.0,15.0,A,,1488449.3462508246,0.09444665470516111,-0.22326500629978774,-0.2897459003089854,0.082505369777508,0.1045042480388999,0.2289057860611522,0.9841785855129047,51.0,43.0,9.0,0.0,0.12399566684547372,0.015821414487095294
"(0.02, 0.2, 0.06)",1.0,,A,,1484392.999177277,0.09414996956957178,-0.2244264835739908,-0.2897459003089854,0.08221603982229875,0.10422547123058408,0.2394073926584623,0.9897896504472171,53.0,43.0,9.0,2.0,0.1253659878084536,0.01021034955278287
"(0.02, 0.2, 0.08)",0.9,15.0,A,,1411928.4401987018,0.08872577197422515,-0.2183121556369345,-0.26615550569798946,0.07733512925492687,0.10448104539312313,0.21514589523571293,0.8927862273923897,48.0,40.0,7.0,1.0,0.10705278245500485,0.10721377260761031
"(0.02, 0.2, 0.08)",0.9,,A,,1411928.4401987018,0.08872577197422515,-0.2183121556369345,-0.26615550569798946,0.07733512925492687,0.10448104539312313,0.21514589523571293,0.8927862273923897,48.0,40.0,7.0,1.0,0.10756197862439762,0.10721377260761031
"(0.02, 0.2, 0.08)",1.0,15.0,A,,1488449.3462508246,0.09444665470516111,-0.22326500629978774,-0.2897459003089854,0.082505369777508,0.1045042480388999,0.2289057860611522,0.9841785855129047,51.0,43.0,9.0,0.0,0.12399566684547372,0.015821414487095294
"(0.02, 0.2, 0.08)",1.0,,A,,1459561.0045112092,0.09231859889668859,-0.22367880534634804,-0.2897459003089854,0.07978683368644743,0.10661412291199182,0.23525034425417274,0.9841978890190681,52.0,43.0,9.0,1.0,0.12524100492241155,0.0158021109809319
"(0.02, 0.2, 0.1)",0.9,15.0,A,,1385451.601100084,0.08667430736331949,-0.21000243492896165,-0.26906827676004724,0.07215932365123108,0.10307148755739722,0.20829039317591552,0.8945273807403067,50.0,43.0,7.0,1.0,0.10615856679942964,0.10547261925969334
"(0.02, 0.2, 0.1)",0.9,,A,,1402752.1431410084,0.08802084599589366,-0.21000243492896165,-0.26906827676004724,0.06867911166832683,0.10307148755739722,0.21373142890952881,0.8945273807403067,51.0,43.0,7.0,1.0,0.10667680539944767,0.10547261925969334
"(0.02, 0.2, 0.1)",1.0,15.0,A,,1488449.3462508246,0.09444665470516111,-0.22326500629978774,-0.2897459003089854,0.082505369777508,0.1045042480388999,0.2289057860611522,0.9841785855129047,51.0,43.0,9.0,0.0,0.12399566684547372,0.015821414487095294
"(0.02, 0.2, 0.1)",1.0,,A,,1454921.4551612972,0.09197432788609838,-0.22422836585643385,-0.2897459003089854,0.07909629683966508,0.10713593873227638,0.2345060425295848,0.9841785855129047,52.0,43.0,9.0,1.0,0.12466799257000169,0.015821414487095294
"(0.02, 0.2, 0.15)",0.9,15.0,A,,1418737.965541333,0.08924553746344988,-0.2078939529552632,-0.24716411380203882,0.0770372452234341,0.1013482142642693,0.21443158940688023,0.8932588862580233,50.0,43.0,7.0,0.0,0.10673967274381657,0.10674111374197665
"(0.02, 0.2, 0.15)",0.9,,A,,1418737.965541333,0.08924553746344988,-0.2078939529552632,-0.24716411380203882,0.0770372452234341,0.1013482142642693,0.21443158940688023,0.8932588862580233,50.0,43.0,7.0,0.0,0.10673967274381657,0.10674111374197665
"(0.02, 0.2, 0.15)",1.0,15.0,A,,1488449.3462508246,0.09444665470516111,-0.22326500629978774,-0.2897459003089854,0.082505369777508,0.1045042480388999,0.2289057860611522,0.9841785855129047,51.0,43.0,9.0,0.0,0.12399566684547372,0.015821414487095294
"(0.02, 0.2, 0.15)",1.0,,A,,1488449.3462508246,0.09444665470516111,-0.22326500629978774,-0.2897459003089854,0.082505369777508,0.1045042480388999,0.2289057860611522,0.9841785855129047,51.0,43.0,9.0,0.0,0.12399566684547372,0.015821414487095294
"(0.03, 0.02, 0)",0.9,15.0,A,,1193309.7592251373,0.07068380620761472,-0.1643913847415459,-0.16846569960965618,0.06949252506729316,0.0707528264950245,0.19443996615632914,0.8964062930122123,76.0,43.0,33.0,0.0,0.07630261278830519,0.10359370698778762
"(0.03, 0.02, 0)",0.9,,A,,1193309.7592251373,0.07068380620761472,-0.1643913847415459,-0.16846569960965618,0.06949252506729316,0.0707528264950245,0.19443996615632914,0.8964062930122123,76.0,43.0,33.0,0.0,0.07630261278830519,0.10359370698778762
"(0.03, 0.02, 0)",1.0,15.0,A,,1228272.163109608,0.07375950136035025,-0.17751060503628746,-0.17751358590809785,0.07250341899627914,0.07387006938729992,0.2030824125334472,0.9910261187420386,81.0,43.0,38.0,0.0,0.08089847611857605,0.00897388125796142
"(0.03, 0.02, 0)",1.0,,A,,1228272.163109608,0.07375950136035025,-0.17751060503628746,-0.17751358590809785,0.07250341899627914,0.07387006938729992,0.2030824125334472,0.9910261187420386,81.0,43.0,38.0,0.0,0.08089847611857605,0.00897388125796142
"(0.03, 0.02, 0.01)",0.9,15.0,A,,1193309.7592251373,0.07068380620761472,-0.1643913847415459,-0.16846569960965618,0.06949252506729316,0.0707528264950245,0.19443996615632914,0.8964062930122123,76.0,43.0,33.0,0.0,0.07630261278830519,0.10359370698778762
"(0.03, 0.02, 0.01)",0.9,,A,,1224635.2600800018,0.07344325870321122,-0.19433724994359486,-0.19791408298622248,0.07214246572161545,0.07402983365010743,0.20435780338882076,0.8980037578354613,98.0,41.0,27.0,30.0,0.08371753852684785,0.10199624216453874
"(0.03, 0.02, 0.01)",1.0,15.0,A,,1228272.163109608,0.07375950136035025,-0.17751060503628746,-0.17751358590809785,0.07250341899627914,0.07387006938729992,0.2030824125334472,0.9910261187420386,81.0,43.0,38.0,0.0,0.08089847611857605,0.00897388125796142
"(0.03, 0.02, 0.01)",1.0,,A,,1260067.2377629662,0.07648884668987399,-0.21201990495613543,-0.21388118516762977,0.07523852701265998,0.07705640431273289,0.21448770991535027,0.9990894975752016,103.0,41.0,32.0,30.0,0.08883109085986032,0.000910502424798396
"(0.03, 0.02, 0.02)",0.9,15.0,A,,1193309.7592251373,0.07068380620761472,-0.1643913847415459,-0.16846569960965618,0.06949252506729316,0.0707528264950245,0.19443996615632914,0.8964062930122123,76.0,43.0,33.0,0.0,0.07630261278830519,0.10359370698778762
"(0.03, 0.02, 0.02)",0.9,,A,,1241633.9636150424,0.07491416013056984,-0.1902159591637113,-0.21013037642083743,0.07223203922113446,0.07632022273325245,0.20458789673849864,0.9046554206668863,84.0,41.0,27.0,16.0,0.08514267480501496,0.09534457933311372
"(0.03, 0.02, 0.02)",1.0,15.0,A,,1228272.163109608,0.07375950136035025,-0.17751060503628746,-0.17751358590809785,0.07250341899627914,0.07387006938729992,0.2030824125334472,0.9910261187420386,81.0,43.0,38.0,0.0,0.08089847611857605,0.00897388125796142
"(0.03, 0.02, 0.02)",1.0,,A,,1293736.293731274,0.07931205233616212,-0.20846537118998404,-0.2125289535275468,0.0782148654526948,0.08039344907440675,0.21863065531881742,0.9980322571244905,91.0,41.0,29.0,21.0,0.09195742662081634,0.001967742875509491
"(0.03, 0.02, 0.03)",0.9,15.0,A,,1193309.7592251373,0.07068380620761472,-0.1643913847415459,-0.16846569960965618,0.06949252506729316,0.0707528264950245,0.19443996615632914,0.8964062930122123,76.0,43.0,33.0,0.0,0.07630261278830519,0.10359370698778762
"(0.03, 0.02, 0.03)",0.9,,A,,1237215.801637543,0.07453361205109588,-0.19767748690969406,-0.21364329713336427,0.07155602179667905,0.07693140369306566,0.20341162720228056,0.8959262803825409,78.0,41.0,27.0,10.0,0.08478439807615218,0.10407371961745915
"(0.03, 0.02, 0.03)",1.0,15.0,A,,1228272.163109608,0.07375950136035025,-0.17751060503628746,-0.17751358590809785,0.07250341899627914,0.07387006938729992,0.2030824125334472,0.9910261187420386,81.0,43.0,38.0,0.0,0.08089847611857605,0.00897388125796142
"(0.03, 0.02, 0.03)",1.0,,A,,1289687.627993361,0.07897626798123847,-0.21482483128498991,-0.23218699890155073,0.07655897643780878,0.08151860392907694,0.21809200297261105,0.9953777801605428,83.0,41.0,28.0,14.0,0.09247903594656906,0.004622219839457117
"(0.03, 0.02, 0.04)",0.9,15.0,A,,1193309.7592251373,0.07068380620761472,-0.1643913847415459,-0.16846569960965618,0.06949252506729316,0.0707528264950245,0.19443996615632914,0.8964062930122123,76.0,43.0,33.0,0.0,0.07630261278830519,0.10359370698778762
"(0.03, 0.02, 0.04)",0.9,,A,,1231781.335607462,0.07406382581990767,-0.19553592136657366,-0.2243243308402325,0.0707616907716454,0.07640815148160854,0.204092296752657,0.9047040065623158,74.0,41.0,25.0,8.0,0.08508755668335286,0.09529599343768437
"(0.03, 0.02, 0.04)",1.0,15.0,A,,1228272.163109608,0.07375950136035025,-0.17751060503628746,-0.17751358590809785,0.07250341899627914,0.07387006938729992,0.2030824125334472,0.9910261187420386,81.0,43.0,38.0,0.0,0.08089847611857605,0.00897388125796142
"(0.03, 0.02, 0.04)",1.0,,A,,1280083.2106296215,0.07817403429695369,-0.21810034951914575,-0.23882324910137417,0.07552890939846375,0.08132829167483868,0.21825958224757624,0.9972342567564102,80.0,41.0,29.0,10.0,0.09260200193763932,0.0027657432435898143
"(0.03, 0.02, 0.06)",0.9,15.0,A,,1193309.7592251373,0.07068380620761472,-0.1643913847415459,-0.16846569960965618,0.06949252506729316,0.0707528264950245,0.19443996615632914,0.8964062930122123,76.0,43.0,33.0,0.0,0.07630261278830519,0.10359370698778762
"(0.03, 0.02, 0.06)",0.9,,A,,1254556.9035881506,0.07602017692246887,-0.18744547341292073,-0.22848198393128663,0.06983999929862436,0.07761001242306229,0.20295343648132205,0.8980298681817652,75.0,41.0,29.0,5.0,0.08443207396762778,0.10197013181823474
"(0.03, 0.02, 0.06)",1.0,15.0,A,,1228272.163109608,0.07375950136035025,-0.17751060503628746,-0.17751358590809785,0.07250341899627914,0.07387006938729992,0.2030824125334472,0.9910261187420386,81.0,43.0,38.0,0.0,0.08089847611857605,0.00897388125796142
"(0.03, 0.02, 0.06)",1.0,,A,,1289299.9995451348,0.07894393296317448,-0.21967684606266163,-0.24297325106572668,0.07550630308709387,0.08183765961762102,0.2173694643029006,0.995697960252571,76.0,41.0,28.0,7.0,0.0931247579663709,0.004302039747428996
"(0.03, 0.02, 0.08)",0.9,15.0,A,,1193309.7592251373,0.07068380620761472,-0.1643913847415459,-0.16846569960965618,0.06949252506729316,0.0707528264950245,0.19443996615632914,0.8964062930122123,76.0,43.0,33.0,0.0,0.07630261278830519,0.10359370698778762
"(0.03, 0.02, 0.08)",0.9,,A,,1236193.941115626,0.07444541792512804,-0.19258782427430005,-0.21803454214759382,0.07113333223555818,0.07807593413692411,0.2037555405180424,0.9046521104857552,70.0,41.0,25.0,4.0,0.08512811392703244,0.09534788951424486
"(0.03, 0.02, 0.08)",1.0,15.0,A,,1228272.163109608,0.07375950136035025,-0.17751060503628746,-0.17751358590809785,0.07250341899627914,0.07387006938729992,0.2030824125334472,0.9910261187420386,81.0,43.0,38.0,0.0,0.08089847611857605,0.00897388125796142
"(0.03, 0.02, 0.08)",1.0,,A,,1308579.5556405615,0.08053598809197571,-0.21180860156126247,-0.2569686134733141,0.07301407136944467,0.08288508140789094,0.2184046977561624,0.9935545571939073,77.0,41.0,31.0,5.0,0.09259726983877709,0.006445442806092782
"(0.03, 0.02, 0.1)",0.9,15.0,A,,1193309.7592251373,0.07068380620761472,-0.1643913847415459,-0.16846569960965618,0.06949252506729316,0.0707528264950245,0.19443996615632914,0.8964062930122123,76.0,43.0,33.0,0.0,0.07630261278830519,0.10359370698778762
"(0.03, 0.02, 0.1)",0.9,,A,,1240411.9064058643,0.07480902735820871,-0.1881458871205685,-0.22940722695690757,0.06896095234821317,0.08002842648836768,0.20448972348446273,0.8943279677591502,72.0,41.0,28.0,3.0,0.08546037323090219,0.10567203224084966
"(0.03, 0.02, 0.1)",1.0,15.0,A,,1228272.163109608,0.07375950136035025,-0.17751060503628746,-0.17751358590809785,0.07250341899627914,0.07387006938729992,0.2030824125334472,0.9910261187420386,81.0,43.0,38.0,0.0,0.08089847611857605,0.00897388125796142
"(0.03, 0.02, 0.1)",1.0,,A,,1285661.858454659,0.07864123180147409,-0.2097809246362023,-0.25199895823614366,0.07336265172576681,0.08315164212183157,0.2188038240649247,0.9950867770203669,73.0,41.0,28.0,4.0,0.0926926267819837,0.0049132229796331195
"(0.03, 0.02, 0.15)",0.9,15.0,A,,1193309.7592251373,0.07068380620761472,-0.1643913847415459,-0.16846569960965618,0.06949252506729316,0.0707528264950245,0.19443996615632914,0.8964062930122123,76.0,43.0,33.0,0.0,0.07630261278830519,0.10359370698778762
"(0.03, 0.02, 0.15)",0.9,,A,,1190488.103223061,0.07043081222965486,-0.1993951311643926,-0.23938717716081173,0.0669976788041787,0.0774761168730903,0.20043231711317788,0.8896105271699306,63.0,40.0,21.0,2.0,0.08600393872578853,0.11038947283006945
"(0.03, 0.02, 0.15)",1.0,15.0,A,,1228272.163109608,0.07375950136035025,-0.17751060503628746,-0.17751358590809785,0.07250341899627914,0.07387006938729992,0.2030824125334472,0.9910261187420386,81.0,43.0,38.0,0.0,0.08089847611857605,0.00897388125796142
"(0.03, 0.02, 0.15)",1.0,,A,,1237767.9929378445,0.07457983089124498,-0.207123118657684,-0.24524138959296454,0.07249285540275549,0.08051030087615937,0.21443071135206201,0.9940041807140584,69.0,41.0,26.0,2.0,0.09049111686029022,0.005995819285941662
"(0.03, 0.03, 0)",0.9,15.0,A,,1226679.396268297,0.07362110815203637,-0.17903966591954396,-0.18259206280170195,0.07176070075963688,0.07377184724813968,0.20290682224231488,0.897561306601231,69.0,41.0,28.0,0.0,0.08246820039453281,0.10243869339876888
"(0.03, 0.03, 0)",0.9,,A,,1226679.396268297,0.07362110815203637,-0.17903966591954396,-0.18259206280170195,0.07176070075963688,0.07377184724813968,0.20290682224231488,0.897561306601231,69.0,41.0,28.0,0.0,0.08246820039453281,0.10243869339876888
"(0.03, 0.03, 0)",1.0,15.0,A,,1258764.9511563047,0.07637826715202378,-0.19487748336604727,-0.19488397869913412,0.0745462825889233,0.07647417022983086,0.2116669331133597,0.9826046644519133,72.0,41.0,31.0,0.0,0.08699082786604401,0.017395335548086657
"(0.03, 0.03, 0)",1.0,,A,,1258764.9511563047,0.07637826715202378,-0.19487748336604727,-0.19488397869913412,0.0745462825889233,0.07647417022983086,0.2116669331133597,0.9826046644519133,72.0,41.0,31.0,0.0,0.08699082786604401,0.017395335548086657
"(0.03, 0.03, 0.01)",0.9,15.0,A,,1226679.396268297,0.07362110815203637,-0.17903966591954396,-0.18259206280170195,0.07176070075963688,0.07377184724813968,0.20290682224231488,0.897561306601231,69.0,41.0,28.0,0.0,0.08246820039453281,0.10243869339876888
"(0.03, 0.03, 0.01)",0.9,,A,,1235109.109471003,0.074351723534954,-0.20278212804348478,-0.21197903345312039,0.07344324255941044,0.07680496815847508,0.20920028357630374,0.9043745534950065,83.0,41.0,23.5,18.0,0.08667165317199639,0.0956254465049935
"(0.03, 0.03, 0.01)",1.0,15.0,A,,1258764.9511563047,0.07637826715202378,-0.19487748336604727,-0.19488397869913412,0.0745462825889233,0.07647417022983086,0.2116669331133597,0.9826046644519133,72.0,41.0,31.0,0.0,0.08699082786604401,0.017395335548086657
"(0.03, 0.03, 0.01)",1.0,,A,,1305640.9372314531,0.08029471605241267,-0.21478297020288412,-0.21478698969112175,0.07846621247697708,0.080390429524604,0.22379394143589476,0.9953240475490213,94.0,41.0,26.0,27.0,0.09436654055969773,0.004675952450978737
"(0.03, 0.03, 0.02)",0.9,15.0,A,,1226679.396268297,0.07362110815203637,-0.17903966591954396,-0.18259206280170195,0.07176070075963688,0.07377184724813968,0.20290682224231488,0.897561306601231,69.0,41.0,28.0,0.0,0.08246820039453281,0.10243869339876888
"(0.03, 0.03, 0.02)",0.9,,A,,1232516.3774010732,0.07412748569072725,-0.1980722582368713,-0.2166529095479556,0.0727186167433926,0.07657419767871136,0.20962383864373907,0.8953365240410078,73.5,41.0,24.0,8.0,0.0868480593296001,0.10466347595899221
"(0.03, 0.03, 0.02)",1.0,15.0,A,,1258764.9511563047,0.07637826715202378,-0.19487748336604727,-0.19488397869913412,0.0745462825889233,0.07647417022983086,0.2116669331133597,0.9826046644519133,72.0,41.0,31.0,0.0,0.08699082786604401,0.017395335548086657
"(0.03, 0.03, 0.02)",1.0,,A,,1302254.866291156,0.08001609797017162,-0.21324077807987096,-0.22336483275635233,0.0771940658188923,0.08139694693476103,0.2239958917671268,0.9955589617740491,80.0,41.0,26.0,13.0,0.0940899407300805,0.004441038225950846
"(0.03, 0.03, 0.03)",0.9,15.0,A,,1226679.396268297,0.07362110815203637,-0.17903966591954396,-0.18259206280170195,0.07176070075963688,0.07377184724813968,0.20290682224231488,0.897561306601231,69.0,41.0,28.0,0.0,0.08246820039453281,0.10243869339876888
"(0.03, 0.03, 0.03)",0.9,,A,,1251627.931642121,0.07577044968565205,-0.19211570885084012,-0.21924281636437473,0.07190588054027255,0.07643769381625878,0.2074646807842062,0.8967077370791381,71.0,41.0,25.0,5.0,0.08610119378852907,0.10329226292086188
"(0.03, 0.03, 0.03)",1.0,15.0,A,,1258764.9511563047,0.07637826715202378,-0.19487748336604727,-0.19488397869913412,0.0745462825889233,0.07647417022983086,0.2116669331133597,0.9826046644519133,72.0,41.0,31.0,0.0,0.08699082786604401,0.017395335548086657
"(0.03, 0.03, 0.03)",1.0,,A,,1289483.6798814407,0.07895925750823929,-0.22124490140291742,-0.24366809631098382,0.07666178294038109,0.08175506122291228,0.2240074676653809,0.9956399958810318,75.0,41.0,25.0,9.0,0.09425838733593331,0.00436000411896828
"(0.03, 0.03, 0.04)",0.9,15.0,A,,1226679.396268297,0.07362110815203637,-0.17903966591954396,-0.18259206280170195,0.07176070075963688,0.07377184724813968,0.20290682224231488,0.897561306601231,69.0,41.0,28.0,0.0,0.08246820039453281,0.10243869339876888
"(0.03, 0.03, 0.04)",0.9,,A,,1245206.3859059117,0.07522087224446639,-0.19090106647894112,-0.21680074557643586,0.07210349525695545,0.07737349356502277,0.20879127297374067,0.8952169912340915,69.0,41.0,24.0,4.0,0.08656950563810978,0.10478300876590857
"(0.03, 0.03, 0.04)",1.0,15.0,A,,1258764.9511563047,0.07637826715202378,-0.19487748336604727,-0.19488397869913412,0.0745462825889233,0.07647417022983086,0.2116669331133597,0.9826046644519133,72.0,41.0,31.0,0.0,0.08699082786604401,0.017395335548086657
"(0.03, 0.03, 0.04)",1.0,,A,,1301106.4671088688,0.07992130664602215,-0.21050454113064032,-0.23711705268509806,0.07643985818708973,0.08168415895758294,0.22181935624994806,0.9929855930956226,74.0,41.0,27.0,6.0,0.09307114015399041,0.007014406904377286
"(0.03, 0.03, 0.06)",0.9,15.0,A,,1226679.396268297,0.07362110815203637,-0.17903966591954396,-0.18259206280170195,0.07176070075963688,0.07377184724813968,0.20290682224231488,0.897561306601231,69.0,41.0,28.0,0.0,0.08246820039453281,0.10243869339876888
"(0.03, 0.03, 0.06)",0.9,,A,,1229350.045472365,0.07385253077329135,-0.19438211167228947,-0.21488472637890144,0.0719758752607276,0.07603969460645195,0.20476392752618683,0.8931739691039163,67.0,41.0,24.0,2.0,0.08537015170405897,0.10682603089608367
"(0.03, 0.03, 0.06)",1.0,15.0,A,,1258764.9511563047,0.07637826715202378,-0.19487748336604727,-0.19488397869913412,0.0745462825889233,0.07647417022983086,0.2116669331133597,0.9826046644519133,72.0,41.0,31.0,0.0,0.08699082786604401,0.017395335548086657
"(0.03, 0.03, 0.06)",1.0,,A,,1297778.881062977,0.07964679528162977,-0.21043869411428745,-0.2255692624384549,0.07681800843741267,0.08190642465579023,0.22098891917250107,0.9911407869465833,71.0,41.0,26.0,4.0,0.09324718816517853,0.008859213053416793
"(0.03, 0.03, 0.08)",0.9,15.0,A,,1226679.396268297,0.07362110815203637,-0.17903966591954396,-0.18259206280170195,0.07176070075963688,0.07377184724813968,0.20290682224231488,0.897561306601231,69.0,41.0,28.0,0.0,0.08246820039453281,0.10243869339876888
"(0.03, 0.03, 0.08)",0.9,,A,,1211485.8001976726,0.07229241749385407,-0.20385550085795812,-0.2244953620310081,0.07134139306032432,0.07730897306867615,0.2085591277488127,0.8952335154587662,64.0,41.0,21.0,2.0,0.08640808570515804,0.10476648454123384
"(0.03, 0.03, 0.08)",1.0,15.0,A,,1258764.9511563047,0.07637826715202378,-0.19487748336604727,-0.19488397869913412,0.0745462825889233,0.07647417022983086,0.2116669331133597,0.9826046644519133,72.0,41.0,31.0,0.0,0.08699082786604401,0.017395335548086657
"(0.03, 0.03, 0.08)",1.0,,A,,1304186.9120490574,0.08017502837299995,-0.21268989878551636,-0.23093656792229986,0.07547027158179062,0.0840943997627757,0.22276317453012318,0.9934247478387318,71.0,41.0,27.0,3.0,0.0938216451724517,0.006575252161268181
"(0.03, 0.03, 0.1)",0.9,15.0,A,,1226679.396268297,0.07362110815203637,-0.17903966591954396,-0.18259206280170195,0.07176070075963688,0.07377184724813968,0.20290682224231488,0.897561306601231,69.0,41.0,28.0,0.0,0.08246820039453281,0.10243869339876888
"(0.03, 0.03, 0.1)",0.9,,A,,1228694.041143208,0.0737961302432596,-0.19793859740826047,-0.2129354688253658,0.07164525697399222,0.077380757295145,0.20626338666888427,0.9026697650251175,67.0,41.0,25.0,1.0,0.08530968274274647,0.09733023497488247
"(0.03, 0.03, 0.1)",1.0,15.0,A,,1258764.9511563047,0.07637826715202378,-0.19487748336604727,-0.19488397869913412,0.0745462825889233,0.07647417022983086,0.2116669331133597,0.9826046644519133,72.0,41.0,31.0,0.0,0.08699082786604401,0.017395335548086657
"(0.03, 0.03, 0.1)",1.0,,A,,1273392.634394012,0.07761423794221789,-0.21473473008485072,-0.23173805783382043,0.07528233825524615,0.0813260677490619,0.22115770607151436,0.9952430196719181,68.0,41.0,25.0,2.0,0.0931833539879268,0.004756980328081898
"(0.03, 0.03, 0.15)",0.9,15.0,A,,1226679.396268297,0.07362110815203637,-0.17903966591954396,-0.18259206280170195,0.07176070075963688,0.07377184724813968,0.20290682224231488,0.897561306601231,69.0,41.0,28.0,0.0,0.08246820039453281,0.10243869339876888
"(0.03, 0.03, 0.15)",0.9,,A,,1212598.8034396463,0.07239038097330741,-0.218698793032934,-0.2318009313695758,0.07145879528734078,0.07926118174321242,0.20901305645915305,0.902936083454646,64.0,41.0,22.0,1.0,0.08729996745600006,0.09706391654535393
"(0.03, 0.03, 0.15)",1.0,15.0,A,,1258764.9511563047,0.07637826715202378,-0.19487748336604727,-0.19488397869913412,0.0745462825889233,0.07647417022983086,0.2116669331133597,0.9826046644519133,72.0,41.0,31.0,0.0,0.08699082786604401,0.017395335548086657
"(0.03, 0.03, 0.15)",1.0,,A,,1259683.0359141242,0.0764560953777288,-0.2196199936035439,-0.238377435345608,0.07561917295119278,0.08216396875144627,0.22082999317476942,0.9962468996337984,68.0,41.0,26.0,1.0,0.0916748848757579,0.003753100366201627
"(0.03, 0.04, 0)",0.9,15.0,A,,1231127.3347283122,0.07400713720477659,-0.21039839636803648,-0.21338489855943632,0.07348393147543815,0.07655712296956788,0.21458463092544544,0.8855593944382535,63.0,41.0,22.0,0.0,0.08906841628127668,0.1144406055617465
"(0.03, 0.04, 0)",0.9,,A,,1231127.3347283122,0.07400713720477659,-0.21039839636803648,-0.21338489855943632,0.07348393147543815,0.07655712296956788,0.21458463092544544,0.8855593944382535,63.0,41.0,22.0,0.0,0.08906841628127668,0.1144406055617465
"(0.03, 0.04, 0)",1.0,15.0,A,,1291116.9044055939,0.07909498989030483,-0.20674054845019374,-0.21386613102375945,0.07671099313349986,0.07926763256115928,0.2239258842099765,0.9994004861174806,67.0,41.0,26.0,0.0,0.0934052892592623,0.0005995138825194508
"(0.03, 0.04, 0)",1.0,,A,,1291116.9044055939,0.07909498989030483,-0.20674054845019374,-0.21386613102375945,0.07671099313349986,0.07926763256115928,0.2239258842099765,0.9994004861174806,67.0,41.0,26.0,0.0,0.0934052892592623,0.0005995138825194508
"(0.03, 0.04, 0.01)",0.9,15.0,A,,1231127.3347283122,0.07400713720477659,-0.21039839636803648,-0.21338489855943632,0.07348393147543815,0.07655712296956788,0.21458463092544544,0.8855593944382535,63.0,41.0,22.0,0.0,0.08906841628127668,0.1144406055617465
"(0.03, 0.04, 0.01)",0.9,,A,,1237059.5620654766,0.0745201164981183,-0.2131361063424459,-0.215131930210584,0.0739772999097005,0.07577390053236717,0.21696225692714227,0.9041325056875164,67.0,41.0,23.0,4.0,0.09042965838796595,0.09586749431248369
"(0.03, 0.04, 0.01)",1.0,15.0,A,,1291116.9044055939,0.07909498989030483,-0.20674054845019374,-0.21386613102375945,0.07671099313349986,0.07926763256115928,0.2239258842099765,0.9994004861174806,67.0,41.0,26.0,0.0,0.0934052892592623,0.0005995138825194508
"(0.03, 0.04, 0.01)",1.0,,A,,1299696.308799279,0.07980514081031886,-0.21325545321791922,-0.23845025041553763,0.07799453940955206,0.08209371705874217,0.23076525501185846,0.9963973154889435,78.5,41.0,24.0,14.0,0.09715409035627667,0.0036026845110564863
"(0.03, 0.04, 0.02)",0.9,15.0,A,,1231127.3347283122,0.07400713720477659,-0.21039839636803648,-0.21338489855943632,0.07348393147543815,0.07655712296956788,0.21458463092544544,0.8855593944382535,63.0,41.0,22.0,0.0,0.08906841628127668,0.1144406055617465
"(0.03, 0.04, 0.02)",0.9,,A,,1236894.7782414316,0.07450588751287979,-0.21220845737088123,-0.21686989743192758,0.07259838447733738,0.07639852573240018,0.21652617562902005,0.9041929675114393,64.0,40.0,23.0,1.0,0.09056999342882205,0.09580703248856064
"(0.03, 0.04, 0.02)",1.0,15.0,A,,1291116.9044055939,0.07909498989030483,-0.20674054845019374,-0.21386613102375945,0.07671099313349986,0.07926763256115928,0.2239258842099765,0.9994004861174806,67.0,41.0,26.0,0.0,0.0934052892592623,0.0005995138825194508
"(0.03, 0.04, 0.02)",1.0,,A,,1298094.238035532,0.07967285382848122,-0.21629935125986366,-0.23841572690556576,0.07782471130882038,0.08246490304719575,0.23046750537642197,0.9963684087218058,71.5,41.0,23.0,7.0,0.09719886076084754,0.0036315912781942654
"(0.03, 0.04, 0.03)",0.9,15.0,A,,1231127.3347283122,0.07400713720477659,-0.21039839636803648,-0.21338489855943632,0.07348393147543815,0.07655712296956788,0.21458463092544544,0.8855593944382535,63.0,41.0,22.0,0.0,0.08906841628127668,0.1144406055617465
"(0.03, 0.04, 0.03)",0.9,,A,,1234599.3414989924,0.07430766947469603,-0.21039839636803648,-0.21338489855943632,0.07250036397476378,0.07655712296956788,0.21643363857245568,0.9003104490215637,64.0,41.0,22.0,1.0,0.08979067950130515,0.09968955097843639
"(0.03, 0.04, 0.03)",1.0,15.0,A,,1291116.9044055939,0.07909498989030483,-0.20674054845019374,-0.21386613102375945,0.07671099313349986,0.07926763256115928,0.2239258842099765,0.9994004861174806,67.0,41.0,26.0,0.0,0.0934052892592623,0.0005995138825194508
"(0.03, 0.04, 0.03)",1.0,,A,,1311014.911839887,0.08073557032464895,-0.21332874136162494,-0.23178449333092424,0.07743900269588735,0.08205876187291797,0.23075002086798035,0.9973846282252699,70.0,41.0,24.0,5.0,0.09711627731408437,0.0026153717747301117
"(0.03, 0.04, 0.04)",0.9,15.0,A,,1231127.3347283122,0.07400713720477659,-0.21039839636803648,-0.21338489855943632,0.07348393147543815,0.07655712296956788,0.21458463092544544,0.8855593944382535,63.0,41.0,22.0,0.0,0.08906841628127668,0.1144406055617465
"(0.03, 0.04, 0.04)",0.9,,A,,1231127.3347283122,0.07400713720477659,-0.21039839636803648,-0.21338489855943632,0.07348393147543815,0.07655712296956788,0.21458463092544544,0.8855593944382535,63.0,41.0,22.0,0.0,0.08906841628127668,0.1144406055617465
"(0.03, 0.04, 0.04)",1.0,15.0,A,,1291116.9044055939,0.07909498989030483,-0.20674054845019374,-0.21386613102375945,0.07671099313349986,0.07926763256115928,0.2239258842099765,0.9994004861174806,67.0,41.0,26.0,0.0,0.0934052892592623,0.0005995138825194508
"(0.03, 0.04, 0.04)",1.0,,A,,1315867.5241894845,0.08113225044618577,-0.21169654302464314,-0.23712163206924805,0.07838897852382665,0.08323849118425172,0.22731255998455566,0.9953449935367227,69.0,41.0,25.0,3.0,0.09671029855844088,0.004655006463277468
"(0.03, 0.04, 0.06)",0.9,15.0,A,,1231127.3347283122,0.07400713720477659,-0.21039839636803648,-0.21338489855943632,0.07348393147543815,0.07655712296956788,0.21458463092544544,0.8855593944382535,63.0,41.0,22.0,0.0,0.08906841628127668,0.1144406055617465
"(0.03, 0.04, 0.06)",0.9,,A,,1231127.3347283122,0.07400713720477659,-0.21039839636803648,-0.21338489855943632,0.07348393147543815,0.07655712296956788,0.21458463092544544,0.8855593944382535,63.0,41.0,22.0,0.0,0.08906841628127668,0.1144406055617465
"(0.03, 0.04, 0.06)",1.0,15.0,A,,1291116.9044055939,0.07909498989030483,-0.20674054845019374,-0.21386613102375945,0.07671099313349986,0.07926763256115928,0.2239258842099765,0.9994004861174806,67.0,41.0,26.0,0.0,0.0934052892592623,0.0005995138825194508
"(0.03, 0.04, 0.06)",1.0,,A,,1293458.580751812,0.07928865486767034,-0.2221686029609808,-0.24374944877104412,0.07715473475460104,0.08186181182339938,0.22811435775996747,0.9953469048644148,66.0,41.0,23.0,2.0,0.09718751872291317,0.004653095135585223
"(0.03, 0.04, 0.08)",0.9,15.0,A,,1231127.3347283122,0.07400713720477659,-0.21039839636803648,-0.21338489855943632,0.07348393147543815,0.07655712296956788,0.21458463092544544,0.8855593944382535,63.0,41.0,22.0,0.0,0.08906841628127668,0.1144406055617465
"(0.03, 0.04, 0.08)",0.9,,A,,1231127.3347283122,0.07400713720477659,-0.21039839636803648,-0.21338489855943632,0.07348393147543815,0.07655712296956788,0.21458463092544544,0.8855593944382535,63.0,41.0,22.0,0.0,0.08906841628127668,0.1144406055617465
"(0.03, 0.04, 0.08)",1.0,15.0,A,,1291116.9044055939,0.07909498989030483,-0.20674054845019374,-0.21386613102375945,0.07671099313349986,0.07926763256115928,0.2239258842099765,0.9994004861174806,67.0,41.0,26.0,0.0,0.0934052892592623,0.0005995138825194508
"(0.03, 0.04, 0.08)",1.0,,A,,1288108.2204765175,0.07884493816071969,-0.22003517149770463,-0.23941253585341932,0.07731216863891044,0.0814326773402682,0.22744323357875312,0.9959147592713087,66.0,41.0,24.0,1.0,0.09571295802391447,0.004085240728691318
"(0.03, 0.04, 0.1)",0.9,15.0,A,,1231127.3347283122,0.07400713720477659,-0.21039839636803648,-0.21338489855943632,0.07348393147543815,0.07655712296956788,0.21458463092544544,0.8855593944382535,63.0,41.0,22.0,0.0,0.08906841628127668,0.1144406055617465
"(0.03, 0.04, 0.1)",0.9,,A,,1231127.3347283122,0.07400713720477659,-0.21039839636803648,-0.21338489855943632,0.07348393147543815,0.07655712296956788,0.21458463092544544,0.8855593944382535,63.0,41.0,22.0,0.0,0.08906841628127668,0.1144406055617465
"(0.03, 0.04, 0.1)",1.0,15.0,A,,1291116.9044055939,0.07909498989030483,-0.20674054845019374,-0.21386613102375945,0.07671099313349986,0.07926763256115928,0.2239258842099765,0.9994004861174806,67.0,41.0,26.0,0.0,0.0934052892592623,0.0005995138825194508
"(0.03, 0.04, 0.1)",1.0,,A,,1265913.5643245764,0.07698394543953746,-0.22706005297879417,-0.24450567802630613,0.0762768143809763,0.0822567262285558,0.22642487255217697,0.986002877138475,64.0,41.0,22.0,1.0,0.09554934314454014,0.013997122861524963
"(0.03, 0.04, 0.15)",0.9,15.0,A,,1231127.3347283122,0.07400713720477659,-0.21039839636803648,-0.21338489855943632,0.07348393147543815,0.07655712296956788,0.21458463092544544,0.8855593944382535,63.0,41.0,22.0,0.0,0.08906841628127668,0.1144406055617465
"(0.03, 0.04, 0.15)",0.9,,A,,1231127.3347283122,0.07400713720477659,-0.21039839636803648,-0.21338489855943632,0.07348393147543815,0.07655712296956788,0.21458463092544544,0.8855593944382535,63.0,41.0,22.0,0.0,0.08906841628127668,0.1144406055617465
"(0.03, 0.04, 0.15)",1.0,15.0,A,,1291116.9044055939,0.07909498989030483,-0.20674054845019374,-0.21386613102375945,0.07671099313349986,0.07926763256115928,0.2239258842099765,0.9994004861174806,67.0,41.0,26.0,0.0,0.0934052892592623,0.0005995138825194508
"(0.03, 0.04, 0.15)",1.0,,A,,1291116.9044055939,0.07909498989030483,-0.20674054845019374,-0.21386613102375945,0.07671099313349986,0.07926763256115928,0.2239258842099765,0.9994004861174806,67.0,41.0,26.0,0.0,0.0934052892592623,0.0005995138825194508
"(0.03, 0.06, 0)",0.9,15.0,A,,1279528.8472900619,0.07812479829758667,-0.20535575251924226,-0.2315517854718419,0.07476963616306229,0.08276013289898695,0.2184549772447591,0.8976167886849273,57.0,40.0,17.0,0.0,0.09380608588505429,0.10238321131507261
"(0.03, 0.06, 0)",0.9,,A,,1279528.8472900619,0.07812479829758667,-0.20535575251924226,-0.2315517854718419,0.07476963616306229,0.08276013289898695,0.2184549772447591,0.8976167886849273,57.0,40.0,17.0,0.0,0.09380608588505429,0.10238321131507261
"(0.03, 0.06, 0)",1.0,15.0,A,,1312363.7461067387,0.08084584884703638,-0.2317990263080696,-0.2505366827273438,0.07879559210214473,0.08693928837238922,0.2389788601476845,0.9958760895309766,60.0,42.0,18.0,0.0,0.10239408783465628,0.004123910469023439
"(0.03, 0.06, 0)",1.0,,A,,1312363.7461067387,0.08084584884703638,-0.2317990263080696,-0.2505366827273438,0.07879559210214473,0.08693928837238922,0.2389788601476845,0.9958760895309766,60.0,42.0,18.0,0.0,0.10239408783465628,0.004123910469023439
"(0.03, 0.06, 0.01)",0.9,15.0,A,,1279528.8472900619,0.07812479829758667,-0.20535575251924226,-0.2315517854718419,0.07476963616306229,0.08276013289898695,0.2184549772447591,0.8976167886849273,57.0,40.0,17.0,0.0,0.09380608588505429,0.10238321131507261
"(0.03, 0.06, 0.01)",0.9,,A,,1264724.0840741901,0.07688322505439638,-0.20866713805790704,-0.22995558041367029,0.07346351189710858,0.08020285178887061,0.2206391372371697,0.9040406012715142,60.5,42.0,16.0,4.0,0.09380193801388509,0.09595939872848583
"(0.03, 0.06, 0.01)",1.0,15.0,A,,1312363.7461067387,0.08084584884703638,-0.2317990263080696,-0.2505366827273438,0.07879559210214473,0.08693928837238922,0.2389788601476845,0.9958760895309766,60.0,42.0,18.0,0.0,0.10239408783465628,0.004123910469023439
"(0.03, 0.06, 0.01)",1.0,,A,,1304348.2378586135,0.08018770106063577,-0.2317990263080696,-0.2505366827273438,0.07636125640626881,0.08496123680430538,0.2381570758388911,0.9958760895309766,62.0,42.0,18.0,2.0,0.10263314848422836,0.004123910469023439
"(0.03, 0.06, 0.02)",0.9,15.0,A,,1279528.8472900619,0.07812479829758667,-0.20535575251924226,-0.2315517854718419,0.07476963616306229,0.08276013289898695,0.2184549772447591,0.8976167886849273,57.0,40.0,17.0,0.0,0.09380608588505429,0.10238321131507261
"(0.03, 0.06, 0.02)",0.9,,A,,1268456.9418982505,0.07719868894256565,-0.2102272815831101,-0.2345026254862226,0.07339684730003729,0.0809389345076279,0.22122624152590656,0.9043681980468308,59.0,41.5,16.0,1.0,0.09425950356354365,0.09563180195316914
"(0.03, 0.06, 0.02)",1.0,15.0,A,,1312363.7461067387,0.08084584884703638,-0.2317990263080696,-0.2505366827273438,0.07879559210214473,0.08693928837238922,0.2389788601476845,0.9958760895309766,60.0,42.0,18.0,0.0,0.10239408783465628,0.004123910469023439
"(0.03, 0.06, 0.02)",1.0,,A,,1298623.4308024058,0.0797165625805778,-0.2317990263080696,-0.2505366827273438,0.07575681202452525,0.08491048545803444,0.23907417082312815,0.996509441035565,61.0,42.0,18.0,1.0,0.1026410613509175,0.0034905589644348874
"(0.03, 0.06, 0.03)",0.9,15.0,A,,1279528.8472900619,0.07812479829758667,-0.20535575251924226,-0.2315517854718419,0.07476963616306229,0.08276013289898695,0.2184549772447591,0.8976167886849273,57.0,40.0,17.0,0.0,0.09380608588505429,0.10238321131507261
"(0.03, 0.06, 0.03)",0.9,,A,,1273596.0934365902,0.07763033484325721,-0.20535575251924226,-0.2315517854718419,0.07476963616306229,0.08276013289898695,0.21936953059528097,0.8977846860692125,58.0,40.0,17.0,0.0,0.09380222904523204,0.10221531393078762
"(0.03, 0.06, 0.03)",1.0,15.0,A,,1312363.7461067387,0.08084584884703638,-0.2317990263080696,-0.2505366827273438,0.07879559210214473,0.08693928837238922,0.2389788601476845,0.9958760895309766,60.0,42.0,18.0,0.0,0.10239408783465628,0.004123910469023439
"(0.03, 0.06, 0.03)",1.0,,A,,1305942.2449397163,0.08031911456670515,-0.2317990263080696,-0.2505366827273438,0.07542790015907874,0.08545167541990022,0.2399127570221184,0.9960091363226823,61.0,42.0,18.0,1.0,0.10279863259767766,0.003990863677317673
"(0.03, 0.06, 0.04)",0.9,15.0,A,,1279528.8472900619,0.07812479829758667,-0.20535575251924226,-0.2315517854718419,0.07476963616306229,0.08276013289898695,0.2184549772447591,0.8976167886849273,57.0,40.0,17.0,0.0,0.09380608588505429,0.10238321131507261
"(0.03, 0.06, 0.04)",0.9,,A,,1278632.9708746,0.07805202109286602,-0.20535575251924226,-0.2315517854718419,0.074625012017888,0.08276013289898695,0.21968290081449743,0.8977846860692125,58.0,40.0,17.0,0.0,0.09392199504757218,0.10221531393078762
"(0.03, 0.06, 0.04)",1.0,15.0,A,,1312363.7461067387,0.08084584884703638,-0.2317990263080696,-0.2505366827273438,0.07879559210214473,0.08693928837238922,0.2389788601476845,0.9958760895309766,60.0,42.0,18.0,0.0,0.10239408783465628,0.004123910469023439
"(0.03, 0.06, 0.04)",1.0,,A,,1300323.2478729887,0.07985585062514655,-0.2317990263080696,-0.2505366827273438,0.07879559210214473,0.08488258016140852,0.23886617281424016,0.996509441035565,60.0,42.0,18.0,0.0,0.10281433719641558,0.0034905589644348874
"(0.03, 0.06, 0.06)",0.9,15.0,A,,1279528.8472900619,0.07812479829758667,-0.20535575251924226,-0.2315517854718419,0.07476963616306229,0.08276013289898695,0.2184549772447591,0.8976167886849273,57.0,40.0,17.0,0.0,0.09380608588505429,0.10238321131507261
"(0.03, 0.06, 0.06)",0.9,,A,,1279528.8472900619,0.07812479829758667,-0.20535575251924226,-0.2315517854718419,0.07476963616306229,0.08276013289898695,0.2184549772447591,0.8976167886849273,57.0,40.0,17.0,0.0,0.09380608588505429,0.10238321131507261
"(0.03, 0.06, 0.06)",1.0,15.0,A,,1312363.7461067387,0.08084584884703638,-0.2317990263080696,-0.2505366827273438,0.07879559210214473,0.08693928837238922,0.2389788601476845,0.9958760895309766,60.0,42.0,18.0,0.0,0.10239408783465628,0.004123910469023439
"(0.03, 0.06, 0.06)",1.0,,A,,1312363.7461067387,0.08084584884703638,-0.2317990263080696,-0.2505366827273438,0.07879559210214473,0.08693928837238922,0.2389788601476845,0.9958760895309766,60.0,42.0,18.0,0.0,0.10239408783465628,0.004123910469023439
"(0.03, 0.06, 0.08)",0.9,15.0,A,,1279528.8472900619,0.07812479829758667,-0.20535575251924226,-0.2315517854718419,0.07476963616306229,0.08276013289898695,0.2184549772447591,0.8976167886849273,57.0,40.0,17.0,0.0,0.09380608588505429,0.10238321131507261
"(0.03, 0.06, 0.08)",0.9,,A,,1279528.8472900619,0.07812479829758667,-0.20535575251924226,-0.2315517854718419,0.07476963616306229,0.08276013289898695,0.2184549772447591,0.8976167886849273,57.0,40.0,17.0,0.0,0.09380608588505429,0.10238321131507261
"(0.03, 0.06, 0.08)",1.0,15.0,A,,1312363.7461067387,0.08084584884703638,-0.2317990263080696,-0.2505366827273438,0.07879559210214473,0.08693928837238922,0.2389788601476845,0.9958760895309766,60.0,42.0,18.0,0.0,0.10239408783465628,0.004123910469023439
"(0.03, 0.06, 0.08)",1.0,,A,,1312363.7461067387,0.08084584884703638,-0.2317990263080696,-0.2505366827273438,0.07879559210214473,0.08693928837238922,0.2389788601476845,0.9958760895309766,60.0,42.0,18.0,0.0,0.10239408783465628,0.004123910469023439
"(0.03, 0.06, 0.1)",0.9,15.0,A,,1279528.8472900619,0.07812479829758667,-0.20535575251924226,-0.2315517854718419,0.07476963616306229,0.08276013289898695,0.2184549772447591,0.8976167886849273,57.0,40.0,17.0,0.0,0.09380608588505429,0.10238321131507261
"(0.03, 0.06, 0.1)",0.9,,A,,1279528.8472900619,0.07812479829758667,-0.20535575251924226,-0.2315517854718419,0.07476963616306229,0.08276013289898695,0.2184549772447591,0.8976167886849273,57.0,40.0,17.0,0.0,0.09380608588505429,0.10238321131507261
"(0.03, 0.06, 0.1)",1.0,15.0,A,,1312363.7461067387,0.08084584884703638,-0.2317990263080696,-0.2505366827273438,0.07879559210214473,0.08693928837238922,0.2389788601476845,0.9958760895309766,60.0,42.0,18.0,0.0,0.10239408783465628,0.004123910469023439
"(0.03, 0.06, 0.1)",1.0,,A,,1312363.7461067387,0.08084584884703638,-0.2317990263080696,-0.2505366827273438,0.07879559210214473,0.08693928837238922,0.2389788601476845,0.9958760895309766,60.0,42.0,18.0,0.0,0.10239408783465628,0.004123910469023439
"(0.03, 0.06, 0.15)",0.9,15.0,A,,1279528.8472900619,0.07812479829758667,-0.20535575251924226,-0.2315517854718419,0.07476963616306229,0.08276013289898695,0.2184549772447591,0.8976167886849273,57.0,40.0,17.0,0.0,0.09380608588505429,0.10238321131507261
"(0.03, 0.06, 0.15)",0.9,,A,,1279528.8472900619,0.07812479829758667,-0.20535575251924226,-0.2315517854718419,0.07476963616306229,0.08276013289898695,0.2184549772447591,0.8976167886849273,57.0,40.0,17.0,0.0,0.09380608588505429,0.10238321131507261
"(0.03, 0.06, 0.15)",1.0,15.0,A,,1312363.7461067387,0.08084584884703638,-0.2317990263080696,-0.2505366827273438,0.07879559210214473,0.08693928837238922,0.2389788601476845,0.9958760895309766,60.0,42.0,18.0,0.0,0.10239408783465628,0.004123910469023439
"(0.03, 0.06, 0.15)",1.0,,A,,1312363.7461067387,0.08084584884703638,-0.2317990263080696,-0.2505366827273438,0.07879559210214473,0.08693928837238922,0.2389788601476845,0.9958760895309766,60.0,42.0,18.0,0.0,0.10239408783465628,0.004123910469023439
"(0.03, 0.08, 0)",0.9,15.0,A,,1311384.2616981158,0.08076583131364312,-0.19123244959844943,-0.2486030728307097,0.07559991624494969,0.08910214938414825,0.2199730697402687,0.8934258540621314,55.0,42.0,13.0,0.0,0.09718197480144228,0.10657414593786857
"(0.03, 0.08, 0)",0.9,,A,,1311384.2616981158,0.08076583131364312,-0.19123244959844943,-0.2486030728307097,0.07559991624494969,0.08910214938414825,0.2199730697402687,0.8934258540621314,55.0,42.0,13.0,0.0,0.09718197480144228,0.10657414593786857
"(0.03, 0.08, 0)",1.0,15.0,A,,1384013.5048398902,0.08655941976638548,-0.23000660376142473,-0.2651710744074258,0.0790336671156994,0.09155244662515143,0.23996680260075653,0.9959287955522225,57.0,41.0,16.0,0.0,0.10682518524282043,0.00407120444777755
"(0.03, 0.08, 0)",1.0,,A,,1384013.5048398902,0.08655941976638548,-0.23000660376142473,-0.2651710744074258,0.0790336671156994,0.09155244662515143,0.23996680260075653,0.9959287955522225,57.0,41.0,16.0,0.0,0.10682518524282043,0.00407120444777755
"(0.03, 0.08, 0.01)",0.9,15.0,A,,1311384.2616981158,0.08076583131364312,-0.19123244959844943,-0.2486030728307097,0.07559991624494969,0.08910214938414825,0.2199730697402687,0.8934258540621314,55.0,42.0,13.0,0.0,0.09718197480144228,0.10657414593786857
"(0.03, 0.08, 0.01)",0.9,,A,,1329355.787713649,0.08222753375442071,-0.19661688133235355,-0.2549303951965214,0.07564672281751379,0.09103018526563048,0.222995286011256,0.9036492175998267,61.5,41.0,13.0,8.0,0.09907797019690728,0.09635078240017325
"(0.03, 0.08, 0.01)",1.0,15.0,A,,1384013.5048398902,0.08655941976638548,-0.23000660376142473,-0.2651710744074258,0.0790336671156994,0.09155244662515143,0.23996680260075653,0.9959287955522225,57.0,41.0,16.0,0.0,0.10682518524282043,0.00407120444777755
"(0.03, 0.08, 0.01)",1.0,,A,,1379476.0067786956,0.08620880101564865,-0.23000660376142473,-0.2651710744074258,0.07898293355097719,0.09179546975804562,0.23974619960224766,0.9959287955522225,57.0,41.0,16.0,2.0,0.10684603993031529,0.00407120444777755
"(0.03, 0.08, 0.02)",0.9,15.0,A,,1311384.2616981158,0.08076583131364312,-0.19123244959844943,-0.2486030728307097,0.07559991624494969,0.08910214938414825,0.2199730697402687,0.8934258540621314,55.0,42.0,13.0,0.0,0.09718197480144228,0.10657414593786857
"(0.03, 0.08, 0.02)",0.9,,A,,1328873.6706683817,0.0821882451283612,-0.19963384800603096,-0.24767393177427557,0.07611504974597105,0.09006676385121588,0.22232330864183397,0.9041507709685108,58.0,41.0,13.0,4.0,0.09856657568095872,0.09584922903148921
"(0.03, 0.08, 0.02)",1.0,15.0,A,,1384013.5048398902,0.08655941976638548,-0.23000660376142473,-0.2651710744074258,0.0790336671156994,0.09155244662515143,0.23996680260075653,0.9959287955522225,57.0,41.0,16.0,0.0,0.10682518524282043,0.00407120444777755
"(0.03, 0.08, 0.02)",1.0,,A,,1378123.371858262,0.08610388317530782,-0.23000660376142473,-0.2651710744074258,0.07893218362037376,0.0919708504912889,0.24111792268765425,0.9953682664950554,57.0,41.0,16.0,1.0,0.10715585118752992,0.004631733504944577
"(0.03, 0.08, 0.03)",0.9,15.0,A,,1311384.2616981158,0.08076583131364312,-0.19123244959844943,-0.2486030728307097,0.07559991624494969,0.08910214938414825,0.2199730697402687,0.8934258540621314,55.0,42.0,13.0,0.0,0.09718197480144228,0.10657414593786857
"(0.03, 0.08, 0.03)",0.9,,A,,1330370.015860526,0.08230981912660384,-0.2005944102468114,-0.2580289762327825,0.07526198031916931,0.08976192128073662,0.2221250103788488,0.9039543389254856,56.0,41.0,13.0,2.0,0.0985036661568503,0.09604566107451434
"(0.03, 0.08, 0.03)",1.0,15.0,A,,1384013.5048398902,0.08655941976638548,-0.23000660376142473,-0.2651710744074258,0.0790336671156994,0.09155244662515143,0.23996680260075653,0.9959287955522225,57.0,41.0,16.0,0.0,0.10682518524282043,0.00407120444777755
"(0.03, 0.08, 0.03)",1.0,,A,,1375968.1707129187,0.08593633355331154,-0.23000660376142473,-0.2651710744074258,0.07888141731115253,0.09221456172220266,0.24264565611814792,0.9975623141067456,57.0,41.0,16.0,0.5,0.10719763712026743,0.0024376858932543847
"(0.03, 0.08, 0.04)",0.9,15.0,A,,1311384.2616981158,0.08076583131364312,-0.19123244959844943,-0.2486030728307097,0.07559991624494969,0.08910214938414825,0.2199730697402687,0.8934258540621314,55.0,42.0,13.0,0.0,0.09718197480144228,0.10657414593786857
"(0.03, 0.08, 0.04)",0.9,,A,,1325486.6892577028,0.08191477147512827,-0.1977966732318554,-0.2504626733878068,0.0726638028905378,0.09008310758083365,0.21960434865818335,0.8954196020771097,55.5,41.0,13.0,1.0,0.09751460493321681,0.10458039792289031
"(0.03, 0.08, 0.04)",1.0,15.0,A,,1384013.5048398902,0.08655941976638548,-0.23000660376142473,-0.2651710744074258,0.0790336671156994,0.09155244662515143,0.23996680260075653,0.9959287955522225,57.0,41.0,16.0,0.0,0.10682518524282043,0.00407120444777755
"(0.03, 0.08, 0.04)",1.0,,A,,1384013.5048398902,0.08655941976638548,-0.23000660376142473,-0.2651710744074258,0.07913866756654868,0.09155244662515143,0.24183362911544878,0.9959287955522225,57.0,41.0,16.0,0.0,0.10700689070494025,0.00407120444777755
"(0.03, 0.08, 0.06)",0.9,15.0,A,,1311384.2616981158,0.08076583131364312,-0.19123244959844943,-0.2486030728307097,0.07559991624494969,0.08910214938414825,0.2199730697402687,0.8934258540621314,55.0,42.0,13.0,0.0,0.09718197480144228,0.10657414593786857
"(0.03, 0.08, 0.06)",0.9,,A,,1324351.365036148,0.08182241015029146,-0.2016249716722613,-0.25555287240174324,0.07545444326335835,0.0899119568804797,0.22164472187667555,0.904001041632115,54.5,40.0,13.0,1.0,0.09828333214491905,0.09599895836788497
"(0.03, 0.08, 0.06)",1.0,15.0,A,,1384013.5048398902,0.08655941976638548,-0.23000660376142473,-0.2651710744074258,0.0790336671156994,0.09155244662515143,0.23996680260075653,0.9959287955522225,57.0,41.0,16.0,0.0,0.10682518524282043,0.00407120444777755
"(0.03, 0.08, 0.06)",1.0,,A,,1384013.5048398902,0.08655941976638548,-0.23000660376142473,-0.2651710744074258,0.07849191140681347,0.09155244662515143,0.24183362911544878,0.9977494894173748,57.0,41.0,16.0,0.0,0.10700689070494025,0.0022505105826252005
"(0.03, 0.08, 0.08)",0.9,15.0,A,,1311384.2616981158,0.08076583131364312,-0.19123244959844943,-0.2486030728307097,0.07559991624494969,0.08910214938414825,0.2199730697402687,0.8934258540621314,55.0,42.0,13.0,0.0,0.09718197480144228,0.10657414593786857
"(0.03, 0.08, 0.08)",0.9,,A,,1311384.2616981158,0.08076583131364312,-0.19123244959844943,-0.2486030728307097,0.07559991624494969,0.08910214938414825,0.2199730697402687,0.8934258540621314,55.0,42.0,13.0,0.0,0.09718197480144228,0.10657414593786857
"(0.03, 0.08, 0.08)",1.0,15.0,A,,1384013.5048398902,0.08655941976638548,-0.23000660376142473,-0.2651710744074258,0.0790336671156994,0.09155244662515143,0.23996680260075653,0.9959287955522225,57.0,41.0,16.0,0.0,0.10682518524282043,0.00407120444777755
"(0.03, 0.08, 0.08)",1.0,,A,,1384013.5048398902,0.08655941976638548,-0.23000660376142473,-0.2651710744074258,0.0790336671156994,0.09155244662515143,0.23996680260075653,0.9959287955522225,57.0,41.0,16.0,0.0,0.10682518524282043,0.00407120444777755
"(0.03, 0.08, 0.1)",0.9,15.0,A,,1311384.2616981158,0.08076583131364312,-0.19123244959844943,-0.2486030728307097,0.07559991624494969,0.08910214938414825,0.2199730697402687,0.8934258540621314,55.0,42.0,13.0,0.0,0.09718197480144228,0.10657414593786857
"(0.03, 0.08, 0.1)",0.9,,A,,1311384.2616981158,0.08076583131364312,-0.19123244959844943,-0.2486030728307097,0.07559991624494969,0.08910214938414825,0.2199730697402687,0.8934258540621314,55.0,42.0,13.0,0.0,0.09718197480144228,0.10657414593786857
"(0.03, 0.08, 0.1)",1.0,15.0,A,,1384013.5048398902,0.08655941976638548,-0.23000660376142473,-0.2651710744074258,0.0790336671156994,0.09155244662515143,0.23996680260075653,0.9959287955522225,57.0,41.0,16.0,0.0,0.10682518524282043,0.00407120444777755
"(0.03, 0.08, 0.1)",1.0,,A,,1384013.5048398902,0.08655941976638548,-0.23000660376142473,-0.2651710744074258,0.0790336671156994,0.09155244662515143,0.23996680260075653,0.9959287955522225,57.0,41.0,16.0,0.0,0.10682518524282043,0.00407120444777755
"(0.03, 0.08, 0.15)",0.9,15.0,A,,1311384.2616981158,0.08076583131364312,-0.19123244959844943,-0.2486030728307097,0.07559991624494969,0.08910214938414825,0.2199730697402687,0.8934258540621314,55.0,42.0,13.0,0.0,0.09718197480144228,0.10657414593786857
"(0.03, 0.08, 0.15)",0.9,,A,,1311384.2616981158,0.08076583131364312,-0.19123244959844943,-0.2486030728307097,0.07559991624494969,0.08910214938414825,0.2199730697402687,0.8934258540621314,55.0,42.0,13.0,0.0,0.09718197480144228,0.10657414593786857
"(0.03, 0.08, 0.15)",1.0,15.0,A,,1384013.5048398902,0.08655941976638548,-0.23000660376142473,-0.2651710744074258,0.0790336671156994,0.09155244662515143,0.23996680260075653,0.9959287955522225,57.0,41.0,16.0,0.0,0.10682518524282043,0.00407120444777755
"(0.03, 0.08, 0.15)",1.0,,A,,1384013.5048398902,0.08655941976638548,-0.23000660376142473,-0.2651710744074258,0.0790336671156994,0.09155244662515143,0.23996680260075653,0.9959287955522225,57.0,41.0,16.0,0.0,0.10682518524282043,0.00407120444777755
"(0.03, 0.1, 0)",0.9,15.0,A,,1366565.5194767956,0.08519981147572353,-0.20604375481426357,-0.2453289985659717,0.07630285187957161,0.09478610322878163,0.22340690933350577,0.8910990895569091,52.5,41.0,11.5,0.0,0.10222589818923547,0.10890091044309089
"(0.03, 0.1, 0)",0.9,,A,,1366565.5194767956,0.08519981147572353,-0.20604375481426357,-0.2453289985659717,0.07630285187957161,0.09478610322878163,0.22340690933350577,0.8910990895569091,52.5,41.0,11.5,0.0,0.10222589818923547,0.10890091044309089
"(0.03, 0.1, 0)",1.0,15.0,A,,1400307.2406014865,0.0878320849502695,-0.21704238361302625,-0.2863431226008501,0.08065763548332645,0.09812791936115042,0.2428743841648629,0.9973623012727659,54.5,41.5,13.0,0.0,0.1109048233998086,0.0026376987272340065
"(0.03, 0.1, 0)",1.0,,A,,1400307.2406014865,0.0878320849502695,-0.21704238361302625,-0.2863431226008501,0.08065763548332645,0.09812791936115042,0.2428743841648629,0.9973623012727659,54.5,41.5,13.0,0.0,0.1109048233998086,0.0026376987272340065
"(0.03, 0.1, 0.01)",0.9,15.0,A,,1366565.5194767956,0.08519981147572353,-0.20604375481426357,-0.2453289985659717,0.07626999392318676,0.09478610322878163,0.22340690933350577,0.8910990895569091,52.5,41.0,11.5,0.0,0.10222589818923547,0.10890091044309089
"(0.03, 0.1, 0.01)",0.9,,A,,1375917.3344923514,0.08593507540914591,-0.2080675966933152,-0.2524523360042414,0.07679909888742324,0.09493722455948812,0.2235947627095427,0.9038446354923025,56.0,41.0,12.0,3.5,0.10268427370362213,0.09615536450769746
"(0.03, 0.1, 0.01)",1.0,15.0,A,,1400307.2406014865,0.0878320849502695,-0.21704238361302625,-0.2863431226008501,0.08065763548332645,0.09812791936115042,0.2428743841648629,0.9973623012727659,54.5,41.5,13.0,0.0,0.1109048233998086,0.0026376987272340065
"(0.03, 0.1, 0.01)",1.0,,A,,1410165.394863831,0.08859044957674456,-0.22200653796152242,-0.2892533788101118,0.07998504887736306,0.09966298988827238,0.24537019458063317,0.9977405609087205,58.0,41.5,13.0,4.0,0.11217837320476806,0.0022594390912794816
"(0.03, 0.1, 0.02)",0.9,15.0,A,,1366565.5194767956,0.08519981147572353,-0.20604375481426357,-0.2453289985659717,0.07623704472376347,0.09478610322878163,0.22340690933350577,0.8910990895569091,52.5,41.0,11.5,0.0,0.10222589818923547,0.10890091044309089
"(0.03, 0.1, 0.02)",0.9,,A,,1387075.565304896,0.08680627944396735,-0.20773234024477283,-0.2520114110803951,0.07705063304755791,0.09446903533940203,0.22608255464203025,0.9039633656923645,54.5,41.0,12.0,2.0,0.10298002155424577,0.09603663430763548
"(0.03, 0.1, 0.02)",1.0,15.0,A,,1400307.2406014865,0.0878320849502695,-0.21704238361302625,-0.2863431226008501,0.08065763548332645,0.09812791936115042,0.2428743841648629,0.9973623012727659,54.5,41.5,13.0,0.0,0.1109048233998086,0.0026376987272340065
"(0.03, 0.1, 0.02)",1.0,,A,,1410281.5331850667,0.08859955718742041,-0.22108096631847202,-0.2906410271193811,0.08001086719683485,0.09808692525407295,0.24367186042168426,0.9974904858648824,56.5,42.0,13.0,1.5,0.11136748022722232,0.0025095141351175196
"(0.03, 0.1, 0.03)",0.9,15.0,A,,1366565.5194767956,0.08519981147572353,-0.20604375481426357,-0.2453289985659717,0.07620400374495914,0.09478610322878163,0.22340690933350577,0.8910990895569091,52.5,41.0,11.5,0.0,0.10222589818923547,0.10890091044309089
"(0.03, 0.1, 0.03)",0.9,,A,,1366565.5194767956,0.08519981147572353,-0.20604375481426357,-0.2453289985659717,0.07480290558475504,0.09540704923581075,0.22261706667802128,0.8910990895569091,52.5,41.0,11.0,0.0,0.1021572451879239,0.10890091044309089
"(0.03, 0.1, 0.03)",1.0,15.0,A,,1400307.2406014865,0.0878320849502695,-0.21704238361302625,-0.2863431226008501,0.08065763548332645,0.09812791936115042,0.2428743841648629,0.9973623012727659,54.5,41.5,13.0,0.0,0.1109048233998086,0.0026376987272340065
"(0.03, 0.1, 0.03)",1.0,,A,,1399316.0518635348,0.08775539432785895,-0.21704238361302625,-0.2863431226008501,0.0791070427682667,0.09849249116772599,0.24297499245570087,0.9939893933146056,55.0,41.5,13.0,0.0,0.11140579613691272,0.006010606685394457
"(0.03, 0.1, 0.04)",0.9,15.0,A,,1366565.5194767956,0.08519981147572353,-0.20604375481426357,-0.2453289985659717,0.07617460180574356,0.09478610322878163,0.22340690933350577,0.8910990895569091,52.5,41.0,11.5,0.0,0.10222589818923547,0.10890091044309089
"(0.03, 0.1, 0.04)",0.9,,A,,1366565.5194767956,0.08519981147572353,-0.20604375481426357,-0.2453289985659717,0.07479749531865987,0.09543496034520849,0.22340690933350577,0.8946875313053385,52.5,41.0,11.0,0.0,0.10245170934724757,0.10531246869466152
"(0.03, 0.1, 0.04)",1.0,15.0,A,,1400307.2406014865,0.0878320849502695,-0.21704238361302625,-0.2863431226008501,0.08065763548332645,0.09812791936115042,0.2428743841648629,0.9973623012727659,54.5,41.5,13.0,0.0,0.1109048233998086,0.0026376987272340065
"(0.03, 0.1, 0.04)",1.0,,A,,1403628.001844938,0.08808830789935329,-0.21704238361302625,-0.2863431226008501,0.07877469906137172,0.09812791936115042,0.2428776099645249,0.996703319683496,55.0,41.5,13.0,0.0,0.11156329698588924,0.0032966803165040567
"(0.03, 0.1, 0.06)",0.9,15.0,A,,1366565.5194767956,0.08519981147572353,-0.20604375481426357,-0.2453289985659717,0.07617460180574356,0.09478610322878163,0.22340690933350577,0.8910990895569091,52.5,41.0,11.5,0.0,0.10222589818923547,0.10890091044309089
"(0.03, 0.1, 0.06)",0.9,,A,,1366565.5194767956,0.08519981147572353,-0.20604375481426357,-0.2453289985659717,0.07482988941703786,0.09478610322878163,0.22293966432247503,0.8910990895569091,52.5,41.0,11.0,0.0,0.10219719581165952,0.10890091044309089
"(0.03, 0.1, 0.06)",1.0,15.0,A,,1400307.2406014865,0.0878320849502695,-0.21704238361302625,-0.2863431226008501,0.08065763548332645,0.09812791936115042,0.2428743841648629,0.9973623012727659,54.5,41.5,13.0,0.0,0.1109048233998086,0.0026376987272340065
"(0.03, 0.1, 0.06)",1.0,,A,,1403628.001844938,0.08808830789935329,-0.21704238361302625,-0.2863431226008501,0.07871001377851379,0.09812791936115042,0.2428743841648629,0.9939893933146056,54.5,41.5,13.0,0.0,0.11124665604913922,0.006010606685394457
"(0.03, 0.1, 0.08)",0.9,15.0,A,,1366565.5194767956,0.08519981147572353,-0.20604375481426357,-0.2453289985659717,0.07617460180574356,0.09478610322878163,0.22340690933350577,0.8912104412261876,52.5,41.0,11.5,0.0,0.10222589818923547,0.1087895587738123
"(0.03, 0.1, 0.08)",0.9,,A,,1366565.5194767956,0.08519981147572353,-0.20604375481426357,-0.2453289985659717,0.0747629677680283,0.09478610322878163,0.22340690933350577,0.8938124190186568,52.5,41.0,11.0,0.0,0.10227822436525244,0.10618758098134318
"(0.03, 0.1, 0.08)",1.0,15.0,A,,1400307.2406014865,0.0878320849502695,-0.21704238361302625,-0.2863431226008501,0.08065763548332645,0.09812791936115042,0.2428743841648629,0.9973623012727659,54.5,41.5,13.0,0.0,0.1109048233998086,0.0026376987272340065
"(0.03, 0.1, 0.08)",1.0,,A,,1400307.2406014865,0.0878320849502695,-0.21704238361302625,-0.2863431226008501,0.07923969769552819,0.09812791936115042,0.2428743841648629,0.9977070460018567,54.5,41.5,13.0,0.0,0.11156329698588924,0.002292953998143373
"(0.03, 0.1, 0.1)",0.9,15.0,A,,1366565.5194767956,0.08519981147572353,-0.20604375481426357,-0.2453289985659717,0.07630285187957161,0.09478610322878163,0.22340690933350577,0.8910990895569091,52.5,41.0,11.5,0.0,0.10222589818923547,0.10890091044309089
"(0.03, 0.1, 0.1)",0.9,,A,,1366565.5194767956,0.08519981147572353,-0.20604375481426357,-0.2453289985659717,0.07630285187957161,0.09478610322878163,0.22340690933350577,0.8910990895569091,52.5,41.0,11.5,0.0,0.10222589818923547,0.10890091044309089
"(0.03, 0.1, 0.1)",1.0,15.0,A,,1400307.2406014865,0.0878320849502695,-0.21704238361302625,-0.2863431226008501,0.08065763548332645,0.09812791936115042,0.2428743841648629,0.9973623012727659,54.5,41.5,13.0,0.0,0.1109048233998086,0.0026376987272340065
"(0.03, 0.1, 0.1)",1.0,,A,,1400307.2406014865,0.0878320849502695,-0.21704238361302625,-0.2863431226008501,0.08065763548332645,0.09812791936115042,0.2428743841648629,0.9973623012727659,54.5,41.5,13.0,0.0,0.1109048233998086,0.0026376987272340065
"(0.03, 0.1, 0.15)",0.9,15.0,A,,1366565.5194767956,0.08519981147572353,-0.20604375481426357,-0.2453289985659717,0.07630285187957161,0.09478610322878163,0.22340690933350577,0.8910990895569091,52.5,41.0,11.5,0.0,0.10222589818923547,0.10890091044309089
"(0.03, 0.1, 0.15)",0.9,,A,,1366565.5194767956,0.08519981147572353,-0.20604375481426357,-0.2453289985659717,0.07630285187957161,0.09478610322878163,0.22340690933350577,0.8910990895569091,52.5,41.0,11.5,0.0,0.10222589818923547,0.10890091044309089
"(0.03, 0.1, 0.15)",1.0,15.0,A,,1400307.2406014865,0.0878320849502695,-0.21704238361302625,-0.2863431226008501,0.08065763548332645,0.09812791936115042,0.2428743841648629,0.9973623012727659,54.5,41.5,13.0,0.0,0.1109048233998086,0.0026376987272340065
"(0.03, 0.1, 0.15)",1.0,,A,,1400307.2406014865,0.0878320849502695,-0.21704238361302625,-0.2863431226008501,0.08065763548332645,0.09812791936115042,0.2428743841648629,0.9973623012727659,54.5,41.5,13.0,0.0,0.1109048233998086,0.0026376987272340065
"(0.03, 0.12, 0)",0.9,15.0,A,,1408068.9448426617,0.08842443675543865,-0.20286910167021077,-0.24192463817110857,0.0830705140620637,0.1002850508914693,0.22555836101418442,0.8954679889817243,52.0,42.0,10.0,0.0,0.10735565986661869,0.10453201101827572
"(0.03, 0.12, 0)",0.9,,A,,1408068.9448426617,0.08842443675543865,-0.20286910167021077,-0.24192463817110857,0.0830705140620637,0.1002850508914693,0.22555836101418442,0.8954679889817243,52.0,42.0,10.0,0.0,0.10735565986661869,0.10453201101827572
"(0.03, 0.12, 0)",1.0,15.0,A,,1469842.9086519894,0.09308186428713927,-0.23302452829278514,-0.27871256613460527,0.08122486816957294,0.10387570128227257,0.24588112893451267,0.9958816566250219,53.5,42.0,12.0,0.0,0.11567287495945838,0.004118343374978049
"(0.03, 0.12, 0)",1.0,,A,,1469842.9086519894,0.09308186428713927,-0.23302452829278514,-0.27871256613460527,0.08122486816957294,0.10387570128227257,0.24588112893451267,0.9958816566250219,53.5,42.0,12.0,0.0,0.11567287495945838,0.004118343374978049
"(0.03, 0.12, 0.01)",0.9,15.0,A,,1417803.1116412398,0.08917393078391211,-0.20588921114393277,-0.24557582120526128,0.08314393102082748,0.09772360732852706,0.22237744615855162,0.8964771814247217,53.0,42.0,10.0,1.0,0.1074418430603889,0.10352281857527836
"(0.03, 0.12, 0.01)",0.9,,A,,1431417.053314277,0.09020930987145193,-0.20636685564419072,-0.24556289439178142,0.0837376887456834,0.09828981599605545,0.22673380062319248,0.9040001024040869,55.0,42.0,11.0,3.0,0.10761634651563494,0.09599989759591304
"(0.03, 0.12, 0.01)",1.0,15.0,A,,1469842.9086519894,0.09308186428713927,-0.23302452829278514,-0.27871256613460527,0.08101920702425909,0.10387570128227257,0.24588112893451267,0.9958816566250219,53.5,42.0,12.0,0.0,0.11567287495945838,0.004118343374978049
"(0.03, 0.12, 0.01)",1.0,,A,,1469842.9086519894,0.09308186428713927,-0.23302452829278514,-0.27871256613460527,0.0811727003769747,0.10382646842933659,0.24827721859809893,0.9962747876671436,54.5,42.0,12.0,2.0,0.11603148365972547,0.0037252123328564393
"(0.03, 0.12, 0.02)",0.9,15.0,A,,1429592.5435917168,0.09007118778902545,-0.20781381910316582,-0.24651122522160332,0.08190549668009772,0.09798511161230827,0.2258909268106275,0.9046593530618068,53.0,42.0,10.5,1.0,0.107840737057801,0.09534064693819319
"(0.03, 0.12, 0.02)",0.9,,A,,1424674.1739101987,0.08969807095668303,-0.20781381910316582,-0.24651122522160332,0.0818096167957657,0.09804115395634411,0.2263923500615411,0.9046593530618068,53.0,41.5,10.5,2.0,0.10806459670775999,0.09534064693819319
"(0.03, 0.12, 0.02)",1.0,15.0,A,,1469842.9086519894,0.09308186428713927,-0.23302452829278514,-0.27871256613460527,0.08094032532355148,0.10387570128227257,0.24588112893451267,0.9958816566250219,53.5,42.0,12.0,0.0,0.11567287495945838,0.004118343374978049
"(0.03, 0.12, 0.02)",1.0,,A,,1469842.9086519894,0.09308186428713927,-0.23302452829278514,-0.27871256613460527,0.08094032532355148,0.10330655976986743,0.24837827914703345,0.9958816566250219,54.5,42.0,12.0,1.0,0.11610359072889376,0.004118343374978049
"(0.03, 0.12, 0.03)",0.9,15.0,A,,1408068.9448426617,0.08842443675543865,-0.20286910167021077,-0.24192463817110857,0.08097063335512247,0.1002850508914693,0.22555836101418442,0.8954679889817243,52.0,42.0,10.0,0.0,0.10735565986661869,0.10453201101827572
"(0.03, 0.12, 0.03)",0.9,,A,,1408068.9448426617,0.08842443675543865,-0.20286910167021077,-0.24192463817110857,0.07845467392644745,0.10036952545441091,0.22429363395509522,0.8954679889817243,52.0,42.0,10.0,0.0,0.10705072564395468,0.10453201101827572
"(0.03, 0.12, 0.03)",1.0,15.0,A,,1469842.9086519894,0.09308186428713927,-0.23302452829278514,-0.27871256613460527,0.08120988948734045,0.10387570128227257,0.24588112893451267,0.9958816566250219,53.5,42.0,12.0,0.0,0.11567287495945838,0.004118343374978049
"(0.03, 0.12, 0.03)",1.0,,A,,1469842.9086519894,0.09308186428713927,-0.23302452829278514,-0.27871256613460527,0.08120988948734045,0.10395806779409258,0.24697772267465246,0.9958816566250219,54.0,42.0,12.0,0.0,0.11588091099915655,0.004118343374978049
"(0.03, 0.12, 0.04)",0.9,15.0,A,,1408068.9448426617,0.08842443675543865,-0.20286910167021077,-0.24192463817110857,0.08097063335512247,0.1002850508914693,0.22555836101418442,0.8954679889817243,52.0,42.0,10.0,0.0,0.10735565986661869,0.10453201101827572
"(0.03, 0.12, 0.04)",0.9,,A,,1408068.9448426617,0.08842443675543865,-0.20286910167021077,-0.24192463817110857,0.07844955326613083,0.10039755364238716,0.22600825766164506,0.8972106023503854,52.0,42.0,10.0,0.0,0.10737385356972273,0.10278939764961462
"(0.03, 0.12, 0.04)",1.0,15.0,A,,1469842.9086519894,0.09308186428713927,-0.23302452829278514,-0.27871256613460527,0.08120489131886988,0.10387570128227257,0.24588112893451267,0.9958816566250219,53.5,42.0,12.0,0.0,0.11567287495945838,0.004118343374978049
"(0.03, 0.12, 0.04)",1.0,,A,,1469842.9086519894,0.09308186428713927,-0.23302452829278514,-0.27871256613460527,0.08120489131886988,0.10398540001023533,0.24697772267465246,0.9958816566250219,54.0,42.0,12.0,0.0,0.11573412069732181,0.004118343374978049
"(0.03, 0.12, 0.06)",0.9,15.0,A,,1408068.9448426617,0.08842443675543865,-0.20286910167021077,-0.24192463817110857,0.08097063335512247,0.1002850508914693,0.22555836101418442,0.8954679889817243,52.0,42.0,10.0,0.0,0.10735565986661869,0.10453201101827572
"(0.03, 0.12, 0.06)",0.9,,A,,1408068.9448426617,0.08842443675543865,-0.20286910167021077,-0.24192463817110857,0.07840635349650689,0.1002850508914693,0.22525365983703766,0.8954679889817243,52.0,42.0,10.0,0.0,0.10735565986661869,0.10453201101827572
"(0.03, 0.12, 0.06)",1.0,15.0,A,,1469842.9086519894,0.09308186428713927,-0.23302452829278514,-0.27871256613460527,0.08109185681851405,0.10387570128227257,0.24588112893451267,0.9958816566250219,53.5,42.0,12.0,0.0,0.11567287495945838,0.004118343374978049
"(0.03, 0.12, 0.06)",1.0,,A,,1473157.9516237022,0.0933263810622319,-0.23302452829278514,-0.27871256613460527,0.08109185681851405,0.10387570128227257,0.24697772267465246,0.9958816566250219,53.5,42.0,12.0,0.0,0.11580841391967091,0.004118343374978049
"(0.03, 0.12, 0.08)",0.9,15.0,A,,1408068.9448426617,0.08842443675543865,-0.20286910167021077,-0.24192463817110857,0.08097063335512247,0.1002850508914693,0.22555836101418442,0.8954679889817243,52.0,42.0,10.0,0.0,0.10735565986661869,0.10453201101827572
"(0.03, 0.12, 0.08)",0.9,,A,,1408068.9448426617,0.08842443675543865,-0.20286910167021077,-0.24192463817110857,0.0784651808839342,0.1002850508914693,0.22555836101418442,0.8964173124563415,52.0,42.0,10.0,0.0,0.10735565986661869,0.10358268754365853
"(0.03, 0.12, 0.08)",1.0,15.0,A,,1469842.9086519894,0.09308186428713927,-0.23302452829278514,-0.27871256613460527,0.08109185681851405,0.10387570128227257,0.24588112893451267,0.9958816566250219,53.5,42.0,12.0,0.0,0.11567287495945838,0.004118343374978049
"(0.03, 0.12, 0.08)",1.0,,A,,1469842.9086519894,0.09308186428713927,-0.23302452829278514,-0.27871256613460527,0.08109185681851405,0.10387570128227257,0.24588112893451267,0.9958816566250219,53.5,42.0,12.0,0.0,0.11567287495945838,0.004118343374978049
"(0.03, 0.12, 0.1)",0.9,15.0,A,,1408068.9448426617,0.08842443675543865,-0.20286910167021077,-0.24192463817110857,0.08097063335512247,0.1002850508914693,0.22555836101418442,0.8965317388140661,52.0,42.0,10.0,0.0,0.10735565986661869,0.10346826118593391
"(0.03, 0.12, 0.1)",0.9,,A,,1408068.9448426617,0.08842443675543865,-0.20286910167021077,-0.24192463817110857,0.08097063335512247,0.1002850508914693,0.22555836101418442,0.8965317388140661,52.0,42.0,10.0,0.0,0.10735565986661869,0.10346826118593391
"(0.03, 0.12, 0.1)",1.0,15.0,A,,1469842.9086519894,0.09308186428713927,-0.23302452829278514,-0.27871256613460527,0.08109185681851405,0.10387570128227257,0.24588112893451267,0.9962747876671436,53.5,42.0,12.0,0.0,0.1156735768587405,0.0037252123328564393
"(0.03, 0.12, 0.1)",1.0,,A,,1469842.9086519894,0.09308186428713927,-0.23302452829278514,-0.27871256613460527,0.08109185681851405,0.10387570128227257,0.24588112893451267,0.9962747876671436,53.5,42.0,12.0,0.0,0.1156735768587405,0.0037252123328564393
"(0.03, 0.12, 0.15)",0.9,15.0,A,,1408068.9448426617,0.08842443675543865,-0.20286910167021077,-0.24192463817110857,0.0830705140620637,0.1002850508914693,0.22555836101418442,0.8954679889817243,52.0,42.0,10.0,0.0,0.10735565986661869,0.10453201101827572
"(0.03, 0.12, 0.15)",0.9,,A,,1408068.9448426617,0.08842443675543865,-0.20286910167021077,-0.24192463817110857,0.0830705140620637,0.1002850508914693,0.22555836101418442,0.8954679889817243,52.0,42.0,10.0,0.0,0.10735565986661869,0.10453201101827572
"(0.03, 0.12, 0.15)",1.0,15.0,A,,1469842.9086519894,0.09308186428713927,-0.23302452829278514,-0.27871256613460527,0.08122486816957294,0.10387570128227257,0.24588112893451267,0.9958816566250219,53.5,42.0,12.0,0.0,0.11567287495945838,0.004118343374978049
"(0.03, 0.12, 0.15)",1.0,,A,,1469842.9086519894,0.09308186428713927,-0.23302452829278514,-0.27871256613460527,0.08122486816957294,0.10387570128227257,0.24588112893451267,0.9958816566250219,53.5,42.0,12.0,0.0,0.11567287495945838,0.004118343374978049
"(0.03, 0.15, 0)",0.9,15.0,A,,1411020.5283459886,0.08863730259128666,-0.20156283094271926,-0.24779112999280234,0.08141191767926356,0.09280897809215223,0.2186094009362658,0.8863469626986389,50.0,42.0,8.0,0.0,0.10774460786405227,0.11365303730136106
"(0.03, 0.15, 0)",0.9,,A,,1411020.5283459886,0.08863730259128666,-0.20156283094271926,-0.24779112999280234,0.08141191767926356,0.09280897809215223,0.2186094009362658,0.8863469626986389,50.0,42.0,8.0,0.0,0.10774460786405227,0.11365303730136106
"(0.03, 0.15, 0)",1.0,15.0,A,,1561325.3682738126,0.09965755570591939,-0.2303809053838503,-0.26430506718867525,0.08803021154421091,0.1079807866040246,0.24539238717620857,0.9955223788786915,51.0,41.0,10.5,0.0,0.12085350513199003,0.004477621121308374
"(0.03, 0.15, 0)",1.0,,A,,1561325.3682738126,0.09965755570591939,-0.2303809053838503,-0.26430506718867525,0.08803021154421091,0.1079807866040246,0.24539238717620857,0.9955223788786915,51.0,41.0,10.5,0.0,0.12085350513199003,0.004477621121308374
"(0.03, 0.15, 0.01)",0.9,15.0,A,,1438396.923117241,0.090736090101457,-0.20487592516625225,-0.24851687707733006,0.08193138536710469,0.0975971132281664,0.22223195880028934,0.9037131295156526,52.0,42.0,8.0,2.0,0.10874448149931219,0.09628687048434725
"(0.03, 0.15, 0.01)",0.9,,A,,1438396.923117241,0.090736090101457,-0.20487592516625225,-0.24851687707733006,0.08180726996346424,0.0975971132281664,0.2231120603837762,0.9037131295156526,52.5,42.0,8.0,3.0,0.10906745820863561,0.09628687048434725
"(0.03, 0.15, 0.01)",1.0,15.0,A,,1548222.9486535592,0.09873729618630012,-0.23335962628606577,-0.26268926387199726,0.08932466805323798,0.10802339204157033,0.24481686054442442,0.9905461463156119,52.0,40.0,10.0,2.0,0.12113368209399505,0.009453853684388072
"(0.03, 0.15, 0.01)",1.0,,A,,1541215.9150504088,0.09824155510517629,-0.21602154631932546,-0.27375067531892017,0.09047099296723768,0.10716944708857119,0.24736174181394435,0.995363178643818,65.0,42.0,9.5,14.0,0.12218522565919954,0.00463682135618212
"(0.03, 0.15, 0.02)",0.9,15.0,A,,1437401.0597609146,0.09066112623920042,-0.2032722440458653,-0.24936590561665956,0.08101781608218192,0.09758615780593864,0.22366791161844624,0.9036733905857461,51.0,42.0,8.0,1.0,0.10884289436104186,0.09632660941425385
"(0.03, 0.15, 0.02)",0.9,,A,,1437401.0597609146,0.09066112623920042,-0.2032722440458653,-0.24936590561665956,0.08101781608218192,0.09758615780593864,0.22415151445279233,0.9036733905857461,51.0,41.5,8.0,1.5,0.1091278820429852,0.09632660941425385
"(0.03, 0.15, 0.02)",1.0,15.0,A,,1542222.1350590754,0.09831349053941685,-0.23485089686597843,-0.26377477197262567,0.08975715220781086,0.10722061318072336,0.24399305373211155,0.9915978987758487,52.0,39.0,10.0,2.0,0.12202816625668966,0.008402101224151384
"(0.03, 0.15, 0.02)",1.0,,A,,1530697.2712861958,0.09749450243624214,-0.21029993801217356,-0.2708061041864774,0.09083266545849922,0.10575277132284451,0.24911251705679333,0.9955410926975385,59.0,42.0,9.5,7.0,0.12279648273631606,0.004458907302461379
"(0.03, 0.15, 0.03)",0.9,15.0,A,,1411020.5283459886,0.08863730259128666,-0.20156283094271926,-0.24779112999280234,0.08141191767926356,0.09280897809215223,0.21790894681291237,0.8863469626986389,50.0,42.0,8.0,0.0,0.10774460786405227,0.11365303730136106
"(0.03, 0.15, 0.03)",0.9,,A,,1411020.5283459886,0.08863730259128666,-0.20156283094271926,-0.24779112999280234,0.08141191767926356,0.09280897809215223,0.21874814976361895,0.8863469626986389,50.0,42.0,8.0,0.0,0.10842436668320743,0.11365303730136106
"(0.03, 0.15, 0.03)",1.0,15.0,A,,1522189.7665278795,0.09688267359725888,-0.23831342933495547,-0.2745090935546317,0.09062090558136596,0.10734821753773412,0.24717177126009468,0.988430899015889,53.0,40.0,10.0,2.0,0.12106861252997964,0.011569100984111073
"(0.03, 0.15, 0.03)",1.0,,A,,1543298.4523743396,0.09838863808054221,-0.23516346366462093,-0.2807293843185893,0.08952280164408837,0.1079474015737486,0.24861415099312123,0.9953521113061083,55.5,40.0,10.0,5.0,0.12308221124765253,0.004647888693891709
"(0.03, 0.15, 0.04)",0.9,15.0,A,,1411020.5283459886,0.08863730259128666,-0.20156283094271926,-0.24779112999280234,0.08141191767926356,0.09280897809215223,0.21845804819339848,0.8863469626986389,50.0,42.0,8.0,0.0,0.10774460786405227,0.11365303730136106
"(0.03, 0.15, 0.04)",0.9,,A,,1411020.5283459886,0.08863730259128666,-0.20156283094271926,-0.24779112999280234,0.08141191767926356,0.09280897809215223,0.2195772233684963,0.887816630608492,50.0,42.0,8.0,0.0,0.1084899202553155,0.11218336939150803
"(0.03, 0.15, 0.04)",1.0,15.0,A,,1547768.1092659908,0.0987052601234939,-0.23961542071375092,-0.2755093101613665,0.08904705880122503,0.10807344024441871,0.2443251522249809,0.9922893496265681,53.0,40.0,10.0,2.0,0.12158722218547735,0.007710650373431961
"(0.03, 0.15, 0.04)",1.0,,A,,1557393.942409235,0.09938086782752875,-0.2205762112397463,-0.2704622836744513,0.09060535990518384,0.10527281202697361,0.25138329445438523,0.9953885193417762,54.0,41.5,10.0,3.5,0.12311693416370573,0.0046114806582238065
"(0.03, 0.15, 0.06)",0.9,15.0,A,,1411020.5283459886,0.08863730259128666,-0.20156283094271926,-0.24779112999280234,0.08141191767926356,0.09280897809215223,0.2186094009362658,0.8870981551939394,50.0,42.0,8.0,0.0,0.10774460786405227,0.11290184480606054
"(0.03, 0.15, 0.06)",0.9,,A,,1411020.5283459886,0.08863730259128666,-0.20156283094271926,-0.24779112999280234,0.08082320574467243,0.09280897809215223,0.22049549709559357,0.887816630608492,50.0,42.0,8.0,0.0,0.1084899202553155,0.11218336939150803
"(0.03, 0.15, 0.06)",1.0,15.0,A,,1555486.9578437693,0.09924769713283677,-0.23945275732587457,-0.276039636536964,0.09086332107221232,0.10374304230145247,0.24681902074560708,0.9953786125898769,51.5,39.0,10.0,2.0,0.12365241480800446,0.004621387410123057
"(0.03, 0.15, 0.06)",1.0,,A,,1555486.9578437693,0.09924769713283677,-0.23945275732587457,-0.276039636536964,0.09043849657792746,0.10374304230145247,0.2491926082181761,0.9953786125898769,52.0,39.0,10.0,2.0,0.12388175902113652,0.004621387410123057
"(0.03, 0.15, 0.08)",0.9,15.0,A,,1411020.5283459886,0.08863730259128666,-0.20156283094271926,-0.24779112999280234,0.08141191767926356,0.09280897809215223,0.2186094009362658,0.8863469626986389,50.0,42.0,8.0,0.0,0.10774460786405227,0.11365303730136106
"(0.03, 0.15, 0.08)",0.9,,A,,1411020.5283459886,0.08863730259128666,-0.20156283094271926,-0.24779112999280234,0.07982954175507542,0.09280897809215223,0.22049549709559357,0.887816630608492,50.0,42.0,8.0,0.0,0.1084899202553155,0.11218336939150803
"(0.03, 0.15, 0.08)",1.0,15.0,A,,1548713.967450819,0.09877185744419115,-0.2226164215777372,-0.27793232242497606,0.08924305121839071,0.10506420029710961,0.24773302178356796,0.9912482574874892,52.0,42.0,10.0,1.0,0.12107525884189059,0.008751742512510676
"(0.03, 0.15, 0.08)",1.0,,A,,1548713.967450819,0.09877185744419115,-0.2226164215777372,-0.27793232242497606,0.08773841289092563,0.10506420029710961,0.24803422029714284,0.9912482574874892,52.0,42.0,10.0,1.0,0.12148673524222509,0.008751742512510676
"(0.03, 0.15, 0.1)",0.9,15.0,A,,1411020.5283459886,0.08863730259128666,-0.20156283094271926,-0.24779112999280234,0.08141191767926356,0.09280897809215223,0.2186094009362658,0.8869688048312835,50.0,42.0,8.0,0.0,0.10774460786405227,0.11303119516871649
"(0.03, 0.15, 0.1)",0.9,,A,,1411020.5283459886,0.08863730259128666,-0.20156283094271926,-0.24779112999280234,0.07839754907451409,0.09280897809215223,0.22033550719178746,0.8873378524053623,50.0,42.0,8.0,0.0,0.1084899202553155,0.11266214759463768
"(0.03, 0.15, 0.1)",1.0,15.0,A,,1547862.7853446016,0.09871071783948515,-0.22529786313710654,-0.27924502640681254,0.08898856416296493,0.10557246733376184,0.24768929788846708,0.985474231090011,52.0,41.0,10.0,1.0,0.12173756913930425,0.014525768909989013
"(0.03, 0.15, 0.1)",1.0,,A,,1547862.7853446016,0.09871071783948515,-0.22529786313710654,-0.27924502640681254,0.08829399534468871,0.10557246733376184,0.24939210986073274,0.9859682691051244,51.5,41.0,10.0,1.0,0.12216164065123,0.014031730894875655
"(0.03, 0.15, 0.15)",0.9,15.0,A,,1411020.5283459886,0.08863730259128666,-0.20156283094271926,-0.24779112999280234,0.08141191767926356,0.09280897809215223,0.2186094009362658,0.8863469626986389,50.0,42.0,8.0,0.0,0.10774460786405227,0.11365303730136106
"(0.03, 0.15, 0.15)",0.9,,A,,1411020.5283459886,0.08863730259128666,-0.20156283094271926,-0.24779112999280234,0.08141191767926356,0.09280897809215223,0.2186094009362658,0.8863469626986389,50.0,42.0,8.0,0.0,0.10774460786405227,0.11365303730136106
"(0.03, 0.15, 0.15)",1.0,15.0,A,,1561325.3682738126,0.09965755570591939,-0.2303809053838503,-0.26430506718867525,0.08803021154421091,0.1079807866040246,0.24539238717620857,0.9955223788786915,51.0,41.0,10.5,0.0,0.12085350513199003,0.004477621121308374
"(0.03, 0.15, 0.15)",1.0,,A,,1561325.3682738126,0.09965755570591939,-0.2303809053838503,-0.26430506718867525,0.08803021154421091,0.1079807866040246,0.24539238717620857,0.9955223788786915,51.0,41.0,10.5,0.0,0.12085350513199003,0.004477621121308374
"(0.03, 0.2, 0)",0.9,15.0,A,,1378688.0224622837,0.0861522737713053,-0.20631707446746467,-0.25617210276826036,0.07300734136954021,0.1005916660136937,0.216298069924172,0.8873696867443912,49.0,42.5,6.0,0.0,0.10813580172659121,0.11263031325560885
"(0.03, 0.2, 0)",0.9,,A,,1378688.0224622837,0.0861522737713053,-0.20631707446746467,-0.25617210276826036,0.07300734136954021,0.1005916660136937,0.216298069924172,0.8873696867443912,49.0,42.5,6.0,0.0,0.10813580172659121,0.11263031325560885
"(0.03, 0.2, 0)",1.0,15.0,A,,1578539.2255661755,0.10085565512201489,-0.22579510126222196,-0.26422298129908534,0.08044947546396028,0.1151674784459344,0.24506891276735643,0.9927948834575072,47.0,39.0,8.0,0.0,0.12431434320072134,0.007205116542492783
"(0.03, 0.2, 0)",1.0,,A,,1578539.2255661755,0.10085565512201489,-0.22579510126222196,-0.26422298129908534,0.08044947546396028,0.1151674784459344,0.24506891276735643,0.9927948834575072,47.0,39.0,8.0,0.0,0.12431434320072134,0.007205116542492783
"(0.03, 0.2, 0.01)",0.9,15.0,A,,1387348.3148892173,0.0868279320991121,-0.20777992650185306,-0.2574252397600322,0.07313959341769186,0.10112950411607706,0.21989578904129226,0.903968633743229,50.5,42.0,6.0,2.0,0.10924625201095994,0.09603136625677099
"(0.03, 0.2, 0.01)",0.9,,A,,1387348.3148892173,0.0868279320991121,-0.20777992650185306,-0.2574252397600322,0.07313959341769186,0.10107969121620762,0.21989578904129226,0.903968633743229,51.0,41.5,6.0,4.0,0.10939077053019741,0.09603136625677099
"(0.03, 0.2, 0.01)",1.0,15.0,A,,1585021.6503851549,0.10130412049628823,-0.22687154826404182,-0.26604435629878714,0.08167873185944478,0.11519324765167259,0.24590625658622156,0.9927948827872033,48.5,38.0,8.0,3.0,0.12450959918628934,0.0072051172127967624
"(0.03, 0.2, 0.01)",1.0,,A,,1551257.856523026,0.09893441368812783,-0.22794279990026212,-0.28155328407857744,0.08252431310719277,0.11154844420693645,0.24437432884322113,0.9954844685623732,60.0,38.5,7.0,14.0,0.12342074275882478,0.004515531437626884
"(0.03, 0.2, 0.02)",0.9,15.0,A,,1379196.195593618,0.08619202358723754,-0.20592947821741858,-0.2587330653272051,0.07278147362351202,0.1011355593495189,0.22015405749244304,0.9033270348219464,49.5,42.0,6.0,1.0,0.1092968769630071,0.09667296517805363
"(0.03, 0.2, 0.02)",0.9,,A,,1379196.195593618,0.08619202358723754,-0.20592947821741858,-0.2587330653272051,0.07278147362351202,0.09390033341367171,0.21910496243136815,0.9033270348219464,50.0,41.5,6.0,2.5,0.1092968769630071,0.09667296517805363
"(0.03, 0.2, 0.02)",1.0,15.0,A,,1601941.400912919,0.10246618590467993,-0.2293968694826371,-0.2693891616603402,0.08279510220963335,0.11411615270588904,0.24653054310657857,0.9939937951324628,49.0,38.0,8.0,3.0,0.1251157982779889,0.006006204867537239
"(0.03, 0.2, 0.02)",1.0,,A,,1548930.7925559962,0.09877685704310957,-0.21881098322567016,-0.27797143600574875,0.08755542937774699,0.11091842060197317,0.2441971655590644,0.9954349166992678,54.5,39.5,7.0,7.5,0.12417262221825318,0.004565083300732334
"(0.03, 0.2, 0.03)",0.9,15.0,A,,1378688.0224622837,0.0861522737713053,-0.20631707446746467,-0.25617210276826036,0.07300734136954021,0.1005916660136937,0.216298069924172,0.8873696867443912,49.0,42.5,6.0,0.0,0.10813580172659121,0.11263031325560885
"(0.03, 0.2, 0.03)",0.9,,A,,1378688.0224622837,0.0861522737713053,-0.20631707446746467,-0.25617210276826036,0.07300734136954021,0.09402007886014466,0.2161327714079228,0.8918349234585947,49.5,42.0,6.0,1.0,0.10847954652217773,0.10816507654140525
"(0.03, 0.2, 0.03)",1.0,15.0,A,,1601120.6201911755,0.1024101422796363,-0.23655069558446434,-0.2756428477395296,0.09076962909604414,0.11410597863883208,0.24807232024540266,0.9933011141869559,49.0,38.0,8.0,3.0,0.12560678453978893,0.006698885813044025
"(0.03, 0.2, 0.03)",1.0,,A,,1547531.0384974885,0.09867849783630012,-0.23571595924808852,-0.27848990084443864,0.08769593417420674,0.11151019932495035,0.2485831263167492,0.9954150084008586,49.5,37.5,7.0,4.0,0.12460339307972731,0.004584991599141465
"(0.03, 0.2, 0.04)",0.9,15.0,A,,1378688.0224622837,0.0861522737713053,-0.20631707446746467,-0.25617210276826036,0.07300734136954021,0.1005916660136937,0.216298069924172,0.8873696867443912,49.0,42.5,6.0,0.0,0.10813580172659121,0.11263031325560885
"(0.03, 0.2, 0.04)",0.9,,A,,1378688.0224622837,0.0861522737713053,-0.20631707446746467,-0.25617210276826036,0.07300734136954021,0.09958461697882608,0.21763718154792913,0.9010662115741479,49.0,41.0,6.0,1.0,0.10898169075484399,0.09893378842585213
"(0.03, 0.2, 0.04)",1.0,15.0,A,,1573589.8026724283,0.1005121846630348,-0.22557276739016574,-0.2760023229083918,0.08941430286918246,0.10922785892985538,0.2460843797787986,0.995416354208071,49.0,38.0,7.5,3.0,0.12284166169458906,0.004583645791928995
"(0.03, 0.2, 0.04)",1.0,,A,,1557660.9340854557,0.09940036214073655,-0.22557276739016574,-0.2760023229083918,0.08858759219788204,0.10902946175334874,0.24972202514774666,0.995416354208071,49.0,38.0,7.0,3.0,0.12404600033396186,0.004583645791928995
"(0.03, 0.2, 0.06)",0.9,15.0,A,,1378688.0224622837,0.0861522737713053,-0.20631707446746467,-0.25617210276826036,0.07300734136954021,0.1005916660136937,0.216298069924172,0.8873696867443912,49.0,42.5,6.0,0.0,0.10813580172659121,0.11263031325560885
"(0.03, 0.2, 0.06)",0.9,,A,,1378688.0224622837,0.0861522737713053,-0.20631707446746467,-0.25617210276826036,0.07300734136954021,0.09529100791493837,0.21745763489979236,0.8921001089276623,49.0,42.0,6.0,0.5,0.10881993414889178,0.10789989107233763
"(0.03, 0.2, 0.06)",1.0,15.0,A,,1598663.4487042543,0.10223733466879392,-0.24321469283334723,-0.28293815692189295,0.08857895289071618,0.10919164680106327,0.24824431614510684,0.9953961633954369,47.5,37.5,8.0,2.0,0.12483309280319577,0.004603836604562983
"(0.03, 0.2, 0.06)",1.0,,A,,1591242.0660086689,0.10172806023350045,-0.24321469283334723,-0.28293815692189295,0.08778830026834639,0.1073830227124982,0.24998937112137523,0.9954264097195641,47.5,37.5,8.0,2.0,0.12510456907711393,0.004573590280435897
"(0.03, 0.2, 0.08)",0.9,15.0,A,,1378688.0224622837,0.0861522737713053,-0.20631707446746467,-0.25617210276826036,0.07300734136954021,0.1005916660136937,0.216298069924172,0.8873696867443912,49.0,42.5,6.0,0.0,0.10813580172659121,0.11263031325560885
"(0.03, 0.2, 0.08)",0.9,,A,,1378688.0224622837,0.0861522737713053,-0.20631707446746467,-0.25617210276826036,0.07300734136954021,0.09724340934361667,0.21921485776407768,0.9006874982051667,48.0,41.0,6.0,0.5,0.10960489705000775,0.09931250179483334
"(0.03, 0.2, 0.08)",1.0,15.0,A,,1553650.8959206345,0.09911921779067678,-0.22833527625331002,-0.28698611767469584,0.08679666613259371,0.10827018047046075,0.24248235684420574,0.9940239359807532,48.0,39.5,7.0,1.0,0.12265149001555893,0.005976064019246746
"(0.03, 0.2, 0.08)",1.0,,A,,1549637.912892025,0.09883004524843997,-0.22833527625331002,-0.28698611767469584,0.08321279790360572,0.10822633205134899,0.24525460085268147,0.9940239359807532,48.0,39.5,7.0,1.0,0.12384330043877484,0.005976064019246746
"(0.03, 0.2, 0.1)",0.9,15.0,A,,1378688.0224622837,0.0861522737713053,-0.20631707446746467,-0.25617210276826036,0.07300734136954021,0.1005916660136937,0.216298069924172,0.8873696867443912,49.0,42.5,6.0,0.0,0.10813580172659121,0.11263031325560885
"(0.03, 0.2, 0.1)",0.9,,A,,1378688.0224622837,0.0861522737713053,-0.20631707446746467,-0.25617210276826036,0.07300734136954021,0.1005916660136937,0.21779003393268584,0.8873696867443912,49.0,42.5,6.0,0.0,0.10840709851234658,0.11263031325560885
"(0.03, 0.2, 0.1)",1.0,15.0,A,,1566870.7205387512,0.10004482340845833,-0.2315512135484032,-0.28764136950149627,0.08835441518015985,0.1162498498458775,0.24945202727934618,0.992794806401249,48.5,39.5,8.0,1.0,0.12373051113836908,0.007205193598751035
"(0.03, 0.2, 0.1)",1.0,,A,,1566870.7205387512,0.10004482340845833,-0.2315512135484032,-0.28764136950149627,0.08835441518015985,0.11737593904276111,0.24945202727934618,0.992794806401249,48.5,39.5,8.0,1.0,0.12373051113836908,0.007205193598751035
"(0.03, 0.2, 0.15)",0.9,15.0,A,,1378688.0224622837,0.0861522737713053,-0.20631707446746467,-0.25617210276826036,0.07300734136954021,0.1005916660136937,0.216298069924172,0.8873696867443912,49.0,42.5,6.0,0.0,0.10813580172659121,0.11263031325560885
"(0.03, 0.2, 0.15)",0.9,,A,,1378688.0224622837,0.0861522737713053,-0.20631707446746467,-0.25617210276826036,0.07300734136954021,0.1005916660136937,0.216298069924172,0.8873696867443912,49.0,42.5,6.0,0.0,0.10813580172659121,0.11263031325560885
"(0.03, 0.2, 0.15)",1.0,15.0,A,,1578539.2255661755,0.10085565512201489,-0.22579510126222196,-0.26422298129908534,0.08044947546396028,0.1151674784459344,0.24506891276735643,0.9927948834575072,47.0,39.0,8.0,0.0,0.12431434320072134,0.007205116542492783
"(0.03, 0.2, 0.15)",1.0,,A,,1578539.2255661755,0.10085565512201489,-0.22579510126222196,-0.26422298129908534,0.08044947546396028,0.1151674784459344,0.24506891276735643,0.9927948834575072,47.0,39.0,8.0,0.0,0.12431434320072134,0.007205116542492783
"(0.04, 0.02, 0)",0.9,15.0,A,,1246399.8228506038,0.07532330259083564,-0.176112989845918,-0.1761159173493452,0.07414728342541548,0.0754531034466025,0.21165487485888201,0.8917037702046755,70.0,41.0,29.0,0.0,0.08290224765002047,0.1082962297953245
"(0.04, 0.02, 0)",0.9,,A,,1246399.8228506038,0.07532330259083564,-0.176112989845918,-0.1761159173493452,0.07414728342541548,0.0754531034466025,0.21165487485888201,0.8917037702046755,70.0,41.0,29.0,0.0,0.08290224765002047,0.1082962297953245
"(0.04, 0.02, 0)",1.0,15.0,A,,1281275.12304057,0.0782750917478009,-0.1842572442792273,-0.18426014520757278,0.0771287463246156,0.0784016321162601,0.22976035821172436,0.9917763714839121,73.0,43.0,30.0,0.0,0.08829500933771,0.008223628516087931
"(0.04, 0.02, 0)",1.0,,A,,1281275.12304057,0.0782750917478009,-0.1842572442792273,-0.18426014520757278,0.0771287463246156,0.0784016321162601,0.22976035821172436,0.9917763714839121,73.0,43.0,30.0,0.0,0.08829500933771,0.008223628516087931
"(0.04, 0.02, 0.01)",0.9,15.0,A,,1246399.8228506038,0.07532330259083564,-0.176112989845918,-0.1761159173493452,0.07414728342541548,0.0754531034466025,0.21165487485888201,0.8917037702046755,70.0,41.0,29.0,0.0,0.08290224765002047,0.1082962297953245
"(0.04, 0.02, 0.01)",0.9,,A,,1273016.9320237793,0.07758239468797523,-0.19736013089955567,-0.2038384563126491,0.07608395843985964,0.07823980470165237,0.22390000623918277,0.9069332919629389,86.0,40.0,22.0,24.0,0.08914385264878058,0.09306670803706112
"(0.04, 0.02, 0.01)",1.0,15.0,A,,1281275.12304057,0.0782750917478009,-0.1842572442792273,-0.18426014520757278,0.0771287463246156,0.0784016321162601,0.22976035821172436,0.9917763714839121,73.0,43.0,30.0,0.0,0.08829500933771,0.008223628516087931
"(0.04, 0.02, 0.01)",1.0,,A,,1312212.0884380406,0.08083357527681789,-0.21287202273150274,-0.22581775897375422,0.07987073551722931,0.08161200364821755,0.23509146685388194,0.9923791961303798,96.0,41.0,25.0,30.0,0.0946838963078045,0.0076208038696201665
"(0.04, 0.02, 0.02)",0.9,15.0,A,,1246399.8228506038,0.07532330259083564,-0.176112989845918,-0.1761159173493452,0.07414728342541548,0.0754531034466025,0.21165487485888201,0.8917037702046755,70.0,41.0,29.0,0.0,0.08290224765002047,0.1082962297953245
"(0.04, 0.02, 0.02)",0.9,,A,,1265519.0852282327,0.07695041703476357,-0.2009600392397886,-0.21398710720429073,0.0749826801285278,0.0797747548970601,0.2233114390559272,0.8980805872918938,74.0,40.0,23.0,11.0,0.08925377203327577,0.10191941270810617
"(0.04, 0.02, 0.02)",1.0,15.0,A,,1281275.12304057,0.0782750917478009,-0.1842572442792273,-0.18426014520757278,0.0771287463246156,0.0784016321162601,0.22976035821172436,0.9917763714839121,73.0,43.0,30.0,0.0,0.08829500933771,0.008223628516087931
"(0.04, 0.02, 0.02)",1.0,,A,,1326629.7977307644,0.08200739605199714,-0.21526150256867405,-0.23283871413477103,0.07988845515148824,0.08429084176283821,0.2367245718532287,0.9936933549548723,81.0,41.0,24.0,16.0,0.0960904300009828,0.006306645045127707
"(0.04, 0.02, 0.03)",0.9,15.0,A,,1246399.8228506038,0.07532330259083564,-0.176112989845918,-0.1761159173493452,0.07414728342541548,0.0754531034466025,0.21165487485888201,0.8917037702046755,70.0,41.0,29.0,0.0,0.08290224765002047,0.1082962297953245
"(0.04, 0.02, 0.03)",0.9,,A,,1265795.9218105627,0.07697400011042632,-0.20181586742947738,-0.21492495216438717,0.074965484889622,0.07967399648513263,0.2210464782591934,0.8899509944147803,69.0,41.0,23.0,7.0,0.08866732869541659,0.11004900558521971
"(0.04, 0.02, 0.03)",1.0,15.0,A,,1281275.12304057,0.0782750917478009,-0.1842572442792273,-0.18426014520757278,0.0771287463246156,0.0784016321162601,0.22976035821172436,0.9917763714839121,73.0,43.0,30.0,0.0,0.08829500933771,0.008223628516087931
"(0.04, 0.02, 0.03)",1.0,,A,,1322281.2063242735,0.0816521289189227,-0.2201796370636564,-0.24244699899529001,0.07887087365059284,0.08499476008780982,0.23822012712773824,0.9988784463014155,75.0,41.0,23.5,11.0,0.09698681694224448,0.0011215536985844207
"(0.04, 0.02, 0.04)",0.9,15.0,A,,1246399.8228506038,0.07532330259083564,-0.176112989845918,-0.1761159173493452,0.07414728342541548,0.0754531034466025,0.21165487485888201,0.8917037702046755,70.0,41.0,29.0,0.0,0.08290224765002047,0.1082962297953245
"(0.04, 0.02, 0.04)",0.9,,A,,1273428.341052989,0.07761655694648328,-0.19361740157091756,-0.2105595285500386,0.07515839751597755,0.08021581437975837,0.2209353326356065,0.8992432708451297,70.0,40.0,24.0,5.0,0.0885295310736954,0.10075672915487043
"(0.04, 0.02, 0.04)",1.0,15.0,A,,1281275.12304057,0.0782750917478009,-0.1842572442792273,-0.18426014520757278,0.0771287463246156,0.0784016321162601,0.22976035821172436,0.9917763714839121,73.0,43.0,30.0,0.0,0.08829500933771,0.008223628516087931
"(0.04, 0.02, 0.04)",1.0,,A,,1313113.14725865,0.08090726112827817,-0.2147574006479802,-0.2440126904473769,0.07945801810009656,0.08468398633899717,0.2377775531562746,0.9949667053560323,72.5,41.0,24.0,8.0,0.09648951560680072,0.005033294643967663
"(0.04, 0.02, 0.06)",0.9,15.0,A,,1246399.8228506038,0.07532330259083564,-0.176112989845918,-0.1761159173493452,0.07414728342541548,0.0754531034466025,0.21165487485888201,0.8917037702046755,70.0,41.0,29.0,0.0,0.08290224765002047,0.1082962297953245
"(0.04, 0.02, 0.06)",0.9,,A,,1271959.864482562,0.07749334986760381,-0.18779630484784787,-0.2139431355456348,0.07241615989863925,0.08123727925428233,0.22082087432752445,0.8961927686952211,68.0,40.5,24.5,3.0,0.08780586532378404,0.10380723130477888
"(0.04, 0.02, 0.06)",1.0,15.0,A,,1281275.12304057,0.0782750917478009,-0.1842572442792273,-0.18426014520757278,0.0771287463246156,0.0784016321162601,0.22976035821172436,0.9917763714839121,73.0,43.0,30.0,0.0,0.08829500933771,0.008223628516087931
"(0.04, 0.02, 0.06)",1.0,,A,,1346534.3812271191,0.08360896420336528,-0.20809825789258546,-0.23895530402215998,0.07906850053099286,0.08579400705891302,0.23545073137574268,0.9941624476178461,73.0,41.0,27.0,5.0,0.0959878949832707,0.005837552382153963
"(0.04, 0.02, 0.08)",0.9,15.0,A,,1246399.8228506038,0.07532330259083564,-0.176112989845918,-0.1761159173493452,0.07414728342541548,0.0754531034466025,0.21165487485888201,0.8917037702046755,70.0,41.0,29.0,0.0,0.08290224765002047,0.1082962297953245
"(0.04, 0.02, 0.08)",0.9,,A,,1250108.836592463,0.07564008835502811,-0.19421143497884424,-0.21152189682923347,0.0720204296027626,0.07909796075634809,0.21775156378529817,0.8929848491518871,65.0,40.0,24.0,2.0,0.08735324100437925,0.10701515084811283
"(0.04, 0.02, 0.08)",1.0,15.0,A,,1281275.12304057,0.0782750917478009,-0.1842572442792273,-0.18426014520757278,0.0771287463246156,0.0784016321162601,0.22976035821172436,0.9917763714839121,73.0,43.0,30.0,0.0,0.08829500933771,0.008223628516087931
"(0.04, 0.02, 0.08)",1.0,,A,,1324490.039983722,0.08183388598395758,-0.21260702935713777,-0.24584573686405128,0.07790825250873719,0.0857578664417312,0.23584321816469006,0.9978380544349675,68.0,41.0,24.0,4.0,0.0963912508027891,0.002161945565032535
"(0.04, 0.02, 0.1)",0.9,15.0,A,,1246399.8228506038,0.07532330259083564,-0.176112989845918,-0.1761159173493452,0.07414728342541548,0.0754531034466025,0.21165487485888201,0.8917037702046755,70.0,41.0,29.0,0.0,0.08290224765002047,0.1082962297953245
"(0.04, 0.02, 0.1)",0.9,,A,,1264611.0041349796,0.0768687498227475,-0.20072754328469183,-0.2219087617790473,0.07174677628419404,0.08007522584039876,0.2187650303930717,0.9006724881690387,64.5,38.5,24.0,2.0,0.08911737808360143,0.09932751183096133
"(0.04, 0.02, 0.1)",1.0,15.0,A,,1281275.12304057,0.0782750917478009,-0.1842572442792273,-0.18426014520757278,0.0771287463246156,0.0784016321162601,0.22976035821172436,0.9917763714839121,73.0,43.0,30.0,0.0,0.08829500933771,0.008223628516087931
"(0.04, 0.02, 0.1)",1.0,,A,,1335695.164907084,0.08273950489818738,-0.21245111164163327,-0.23972126294217003,0.07815231687631492,0.08773881536040051,0.23704828186552374,0.9984938812368139,70.0,41.0,26.0,3.0,0.09703627325954363,0.0015061187631860322
"(0.04, 0.02, 0.15)",0.9,15.0,A,,1246399.8228506038,0.07532330259083564,-0.176112989845918,-0.1761159173493452,0.07414728342541548,0.0754531034466025,0.21165487485888201,0.8917037702046755,70.0,41.0,29.0,0.0,0.08290224765002047,0.1082962297953245
"(0.04, 0.02, 0.15)",0.9,,A,,1239168.678786018,0.07470177381803222,-0.2090656577088934,-0.22237252469234664,0.07189921584949355,0.08193651403798952,0.2164284366411663,0.9048268055363429,63.5,39.5,23.0,1.0,0.08844843175479608,0.09517319446365716
"(0.04, 0.02, 0.15)",1.0,15.0,A,,1281275.12304057,0.0782750917478009,-0.1842572442792273,-0.18426014520757278,0.0771287463246156,0.0784016321162601,0.22976035821172436,0.9917763714839121,73.0,43.0,30.0,0.0,0.08829500933771,0.008223628516087931
"(0.04, 0.02, 0.15)",1.0,,A,,1304103.9604768767,0.08016169361560344,-0.22074667977729412,-0.2538931420626711,0.07502874631837879,0.08549776933780637,0.23287719264503387,0.9981142513163407,64.5,38.5,24.0,2.0,0.09747731864405576,0.0018857486836592948
"(0.04, 0.03, 0)",0.9,15.0,A,,1246326.67851966,0.07531703399256395,-0.19846005310322162,-0.20072454969090878,0.07361057667032596,0.077806832225309,0.22144364087773624,0.8887552350350385,62.0,40.0,22.0,0.0,0.08914561029182942,0.11124476496496152
"(0.04, 0.03, 0)",0.9,,A,,1246326.67851966,0.07531703399256395,-0.19846005310322162,-0.20072454969090878,0.07361057667032596,0.077806832225309,0.22144364087773624,0.8887552350350385,62.0,40.0,22.0,0.0,0.08914561029182942,0.11124476496496152
"(0.04, 0.03, 0)",1.0,15.0,A,,1320813.3665131829,0.08153526435043157,-0.19938765182882434,-0.20479028096101104,0.07974928051880423,0.08167101236848136,0.23581873010245427,0.9960690407420077,68.0,41.0,27.0,0.0,0.09396045496563664,0.003930959257992249
"(0.04, 0.03, 0)",1.0,,A,,1320813.3665131829,0.08153526435043157,-0.19938765182882434,-0.20479028096101104,0.07974928051880423,0.08167101236848136,0.23581873010245427,0.9960690407420077,68.0,41.0,27.0,0.0,0.09396045496563664,0.003930959257992249
"(0.04, 0.03, 0.01)",0.9,15.0,A,,1246326.67851966,0.07531703399256395,-0.19846005310322162,-0.20072454969090878,0.07361057667032596,0.077806832225309,0.22144364087773624,0.8887552350350385,62.0,40.0,22.0,0.0,0.08914561029182942,0.11124476496496152
"(0.04, 0.03, 0.01)",0.9,,A,,1251768.1023382666,0.07578197746560944,-0.20767341854024052,-0.21211103690987326,0.07391963895421219,0.07726687193184383,0.2254330879762535,0.9067637247509532,69.0,38.5,21.5,10.0,0.09160423662187625,0.09323627524904679
"(0.04, 0.03, 0.01)",1.0,15.0,A,,1320813.3665131829,0.08153526435043157,-0.19938765182882434,-0.20479028096101104,0.07974928051880423,0.08167101236848136,0.23581873010245427,0.9960690407420077,68.0,41.0,27.0,0.0,0.09396045496563664,0.003930959257992249
"(0.04, 0.03, 0.01)",1.0,,A,,1330232.737111534,0.08229897167543054,-0.222499347298805,-0.22757277548123026,0.08043890814051728,0.0828865391375081,0.2436964835237944,0.998873428470007,82.0,41.0,22.0,19.0,0.09866182983091469,0.0011265715299929712
"(0.04, 0.03, 0.02)",0.9,15.0,A,,1246326.67851966,0.07531703399256395,-0.19846005310322162,-0.20072454969090878,0.07361057667032596,0.077806832225309,0.22144364087773624,0.8887552350350385,62.0,40.0,22.0,0.0,0.08914561029182942,0.11124476496496152
"(0.04, 0.03, 0.02)",0.9,,A,,1262919.113900006,0.07673061234883072,-0.20563079355398767,-0.2138040320947264,0.07373365968092169,0.07871009020756459,0.22641657900351864,0.9067498084500173,65.0,39.0,21.5,4.0,0.09136432556697702,0.09325019154998268
"(0.04, 0.03, 0.02)",1.0,15.0,A,,1320813.3665131829,0.08153526435043157,-0.19938765182882434,-0.20479028096101104,0.07974928051880423,0.08167101236848136,0.23581873010245427,0.9960690407420077,68.0,41.0,27.0,0.0,0.09396045496563664,0.003930959257992249
"(0.04, 0.03, 0.02)",1.0,,A,,1318945.786576855,0.08138325980531458,-0.22622816817272307,-0.23739676991711223,0.08025685052920802,0.0846653539127483,0.2445485803048119,0.9988764393260381,72.0,40.0,22.0,9.0,0.0993848768551226,0.001123560673961904
"(0.04, 0.03, 0.03)",0.9,15.0,A,,1246326.67851966,0.07531703399256395,-0.19846005310322162,-0.20072454969090878,0.07361057667032596,0.077806832225309,0.22144364087773624,0.8887552350350385,62.0,40.0,22.0,0.0,0.08914561029182942,0.11124476496496152
"(0.04, 0.03, 0.03)",0.9,,A,,1258242.8213551748,0.07633392293624841,-0.20432759660954186,-0.2137561344209383,0.07364648689805724,0.07787932410096585,0.22385820922376648,0.8880354498802463,63.0,40.0,21.0,2.0,0.09001712386234625,0.11196455011975362
"(0.04, 0.03, 0.03)",1.0,15.0,A,,1320813.3665131829,0.08153526435043157,-0.19938765182882434,-0.20479028096101104,0.07974928051880423,0.08167101236848136,0.23581873010245427,0.9960690407420077,68.0,41.0,27.0,0.0,0.09396045496563664,0.003930959257992249
"(0.04, 0.03, 0.03)",1.0,,A,,1315040.5620468582,0.08106471295824869,-0.22781813449219734,-0.23713632909224924,0.07909791750411932,0.08541316443458609,0.24327368918765063,0.9988753693921594,68.5,40.0,22.5,6.0,0.0993819738782365,0.0011246306078406217
"(0.04, 0.03, 0.04)",0.9,15.0,A,,1246326.67851966,0.07531703399256395,-0.19846005310322162,-0.20072454969090878,0.07361057667032596,0.077806832225309,0.22144364087773624,0.8887552350350385,62.0,40.0,22.0,0.0,0.08914561029182942,0.11124476496496152
"(0.04, 0.03, 0.04)",0.9,,A,,1246333.2634902536,0.07531759755137091,-0.20412343134562116,-0.21637144497114924,0.07249722537556332,0.0780634655671838,0.22550505254833464,0.9067421319712169,62.0,39.0,21.0,2.0,0.09150961994023055,0.09325786802878308
"(0.04, 0.03, 0.04)",1.0,15.0,A,,1320813.3665131829,0.08153526435043157,-0.19938765182882434,-0.20479028096101104,0.07974928051880423,0.08167101236848136,0.23581873010245427,0.9960690407420077,68.0,41.0,27.0,0.0,0.09396045496563664,0.003930959257992249
"(0.04, 0.03, 0.04)",1.0,,A,,1325148.5731873568,0.08188727235680038,-0.22445845343099008,-0.2395676184690994,0.07969384879403607,0.08469309208124738,0.2401470806531433,0.9945098745334529,67.0,40.0,23.0,4.0,0.09795792888253846,0.005490125466547072
"(0.04, 0.03, 0.06)",0.9,15.0,A,,1246326.67851966,0.07531703399256395,-0.19846005310322162,-0.20072454969090878,0.07361057667032596,0.077806832225309,0.22144364087773624,0.8887552350350385,62.0,40.0,22.0,0.0,0.08914561029182942,0.11124476496496152
"(0.04, 0.03, 0.06)",0.9,,A,,1256136.9068447878,0.07615482328755474,-0.21247731919743135,-0.2160789690535465,0.07354237183731085,0.0788412575356183,0.2230326023534639,0.8881450421981971,61.0,39.5,20.5,1.0,0.08990317158155106,0.11185495780180282
"(0.04, 0.03, 0.06)",1.0,15.0,A,,1320813.3665131829,0.08153526435043157,-0.19938765182882434,-0.20479028096101104,0.07974928051880423,0.08167101236848136,0.23581873010245427,0.9960690407420077,68.0,41.0,27.0,0.0,0.09396045496563664,0.003930959257992249
"(0.04, 0.03, 0.06)",1.0,,A,,1321945.0059615956,0.08162723166039376,-0.22293127774856192,-0.24396017245399176,0.07765905640959778,0.08703417531374431,0.24158942397931354,0.9988758891307923,66.0,40.0,23.0,3.0,0.09895550893832886,0.001124110869207748
"(0.04, 0.03, 0.08)",0.9,15.0,A,,1246326.67851966,0.07531703399256395,-0.19846005310322162,-0.20072454969090878,0.07361057667032596,0.077806832225309,0.22144364087773624,0.8887552350350385,62.0,40.0,22.0,0.0,0.08914561029182942,0.11124476496496152
"(0.04, 0.03, 0.08)",0.9,,A,,1245603.5001960024,0.0752549815092386,-0.21467124904275298,-0.22043109315307557,0.07260761022695321,0.07853222045931074,0.22515557901072658,0.9068949583647696,60.5,38.5,21.0,1.0,0.0916635607436373,0.09310504163523042
"(0.04, 0.03, 0.08)",1.0,15.0,A,,1320813.3665131829,0.08153526435043157,-0.19938765182882434,-0.20479028096101104,0.07974928051880423,0.08167101236848136,0.23581873010245427,0.9960690407420077,68.0,41.0,27.0,0.0,0.09396045496563664,0.003930959257992249
"(0.04, 0.03, 0.08)",1.0,,A,,1300450.7370276307,0.07986711120279888,-0.2284616661153464,-0.24476308245984651,0.07763693134931504,0.0848988810943796,0.24066234911697082,0.9924181134591912,63.0,40.0,21.0,2.0,0.09750582914002964,0.007581886540808791
"(0.04, 0.03, 0.1)",0.9,15.0,A,,1246326.67851966,0.07531703399256395,-0.19846005310322162,-0.20072454969090878,0.07361057667032596,0.077806832225309,0.22144364087773624,0.8887552350350385,62.0,40.0,22.0,0.0,0.08914561029182942,0.11124476496496152
"(0.04, 0.03, 0.1)",0.9,,A,,1246326.67851966,0.07531703399256395,-0.19846005310322162,-0.20072454969090878,0.07361057667032596,0.077806832225309,0.22144364087773624,0.8887552350350385,62.0,40.0,22.0,0.0,0.08914561029182942,0.11124476496496152
"(0.04, 0.03, 0.1)",1.0,15.0,A,,1320813.3665131829,0.08153526435043157,-0.19938765182882434,-0.20479028096101104,0.07974928051880423,0.08167101236848136,0.23581873010245427,0.9960690407420077,68.0,41.0,27.0,0.0,0.09396045496563664,0.003930959257992249
"(0.04, 0.03, 0.1)",1.0,,A,,1294827.3411746607,0.07940263784711277,-0.22285262117544302,-0.2328350343039315,0.07830890527412797,0.08505898754337593,0.23883218231507786,0.9885674125059082,64.0,40.0,23.0,1.0,0.09687135546263304,0.011432587494091852
"(0.04, 0.03, 0.15)",0.9,15.0,A,,1246326.67851966,0.07531703399256395,-0.19846005310322162,-0.20072454969090878,0.07361057667032596,0.077806832225309,0.22144364087773624,0.8887552350350385,62.0,40.0,22.0,0.0,0.08914561029182942,0.11124476496496152
"(0.04, 0.03, 0.15)",0.9,,A,,1246326.67851966,0.07531703399256395,-0.19846005310322162,-0.20072454969090878,0.07361057667032596,0.077806832225309,0.22144364087773624,0.8887552350350385,62.0,40.0,22.0,0.0,0.08914561029182942,0.11124476496496152
"(0.04, 0.03, 0.15)",1.0,15.0,A,,1320813.3665131829,0.08153526435043157,-0.19938765182882434,-0.20479028096101104,0.07974928051880423,0.08167101236848136,0.23581873010245427,0.9960690407420077,68.0,41.0,27.0,0.0,0.09396045496563664,0.003930959257992249
"(0.04, 0.03, 0.15)",1.0,,A,,1292740.2502442477,0.07922968595283297,-0.238370528597947,-0.24760065572536466,0.07638265221936727,0.08705823118196308,0.24049068358588704,0.9972768215576177,63.0,39.0,22.5,1.0,0.09887056570905929,0.002723178442382292
"(0.04, 0.04, 0)",0.9,15.0,A,,1256651.3944819416,0.07619778256801346,-0.20911720545695017,-0.21904170595797887,0.07292008268842654,0.07728493350895738,0.22674626282916627,0.8974071216652734,57.0,38.0,19.0,0.0,0.09293322640670412,0.10259287833472666
"(0.04, 0.04, 0)",0.9,,A,,1256651.3944819416,0.07619778256801346,-0.20911720545695017,-0.21904170595797887,0.07292008268842654,0.07728493350895738,0.22674626282916627,0.8974071216652734,57.0,38.0,19.0,0.0,0.09293322640670412,0.10259287833472666
"(0.04, 0.04, 0)",1.0,15.0,A,,1317992.8649809859,0.08130562845349076,-0.22664444813824197,-0.2266562105592284,0.08130508917915039,0.0813059436172214,0.2425293367008735,0.9839539045714178,62.0,41.0,21.0,0.0,0.09924087272974999,0.016046095428582215
"(0.04, 0.04, 0)",1.0,,A,,1317992.8649809859,0.08130562845349076,-0.22664444813824197,-0.2266562105592284,0.08130508917915039,0.0813059436172214,0.2425293367008735,0.9839539045714178,62.0,41.0,21.0,0.0,0.09924087272974999,0.016046095428582215
"(0.04, 0.04, 0.01)",0.9,15.0,A,,1256651.3944819416,0.07619778256801346,-0.20911720545695017,-0.21904170595797887,0.07292008268842654,0.07728493350895738,0.22674626282916627,0.8974071216652734,57.0,38.0,19.0,0.0,0.09293322640670412,0.10259287833472666
"(0.04, 0.04, 0.01)",0.9,,A,,1249203.0659974949,0.07556236051533571,-0.2116591545061945,-0.22076087888495888,0.07342716327817837,0.07772059333558722,0.22739075108075957,0.9067585187499732,58.0,38.0,19.0,1.0,0.09310987872682827,0.09324148125002689
"(0.04, 0.04, 0.01)",1.0,15.0,A,,1317992.8649809859,0.08130562845349076,-0.22664444813824197,-0.2266562105592284,0.08130508917915039,0.0813059436172214,0.2425293367008735,0.9839539045714178,62.0,41.0,21.0,0.0,0.09924087272974999,0.016046095428582215
"(0.04, 0.04, 0.01)",1.0,,A,,1308033.9581571477,0.08049125001476454,-0.22720473208077457,-0.2316862242797957,0.07812927903968259,0.08237099995646573,0.2473078013800485,0.9988798378783317,66.0,40.0,21.0,5.0,0.10174716304875583,0.0011201621216683374
"(0.04, 0.04, 0.02)",0.9,15.0,A,,1256651.3944819416,0.07619778256801346,-0.20911720545695017,-0.21904170595797887,0.07292008268842654,0.07728493350895738,0.22674626282916627,0.8974071216652734,57.0,38.0,19.0,0.0,0.09293322640670412,0.10259287833472666
"(0.04, 0.04, 0.02)",0.9,,A,,1259129.876938031,0.07640927538413267,-0.20911720545695017,-0.21904170595797887,0.07292008268842654,0.07728493350895738,0.22674626282916627,0.8974637489095367,57.0,38.0,19.0,0.0,0.09293082088846241,0.1025362510904633
"(0.04, 0.04, 0.02)",1.0,15.0,A,,1317992.8649809859,0.08130562845349076,-0.22664444813824197,-0.2266562105592284,0.08130508917915039,0.0813059436172214,0.2425293367008735,0.9839539045714178,62.0,41.0,21.0,0.0,0.09924087272974999,0.016046095428582215
"(0.04, 0.04, 0.02)",1.0,,A,,1304455.0948627037,0.08019722812951369,-0.22908342654149033,-0.23085112599059746,0.07981190341748823,0.08306000520975917,0.24610983534471484,0.9897797371987813,62.0,40.0,21.0,1.0,0.10140403299840944,0.010220262801218648
"(0.04, 0.04, 0.03)",0.9,15.0,A,,1256651.3944819416,0.07619778256801346,-0.20911720545695017,-0.21904170595797887,0.07292008268842654,0.07728493350895738,0.22674626282916627,0.8974071216652734,57.0,38.0,19.0,0.0,0.09293322640670412,0.10259287833472666
"(0.04, 0.04, 0.03)",0.9,,A,,1256651.3944819416,0.07619778256801346,-0.20911720545695017,-0.21904170595797887,0.07292008268842654,0.07728493350895738,0.22674626282916627,0.8974725486396519,57.0,38.0,19.0,0.0,0.09293322640670412,0.10252745136034822
"(0.04, 0.04, 0.03)",1.0,15.0,A,,1317992.8649809859,0.08130562845349076,-0.22664444813824197,-0.2266562105592284,0.08130508917915039,0.0813059436172214,0.2425293367008735,0.9839539045714178,62.0,41.0,21.0,0.0,0.09924087272974999,0.016046095428582215
"(0.04, 0.04, 0.03)",1.0,,A,,1327402.1925616844,0.08206998768059848,-0.23210267042665556,-0.23475581479043622,0.08007516591865808,0.08341415917041806,0.24810881987048006,0.998881100027723,63.0,40.0,22.0,1.0,0.10213835832809905,0.0011188999722770339
"(0.04, 0.04, 0.04)",0.9,15.0,A,,1256651.3944819416,0.07619778256801346,-0.20911720545695017,-0.21904170595797887,0.07292008268842654,0.07728493350895738,0.22674626282916627,0.8974071216652734,57.0,38.0,19.0,0.0,0.09293322640670412,0.10259287833472666
"(0.04, 0.04, 0.04)",0.9,,A,,1256651.3944819416,0.07619778256801346,-0.20911720545695017,-0.21904170595797887,0.07292008268842654,0.07728493350895738,0.22674626282916627,0.8974071216652734,57.0,38.0,19.0,0.0,0.09293322640670412,0.10259287833472666
"(0.04, 0.04, 0.04)",1.0,15.0,A,,1317992.8649809859,0.08130562845349076,-0.22664444813824197,-0.2266562105592284,0.08130508917915039,0.0813059436172214,0.2425293367008735,0.9839539045714178,62.0,41.0,21.0,0.0,0.09924087272974999,0.016046095428582215
"(0.04, 0.04, 0.04)",1.0,,A,,1317992.8649809859,0.08130562845349076,-0.22664444813824197,-0.2266562105592284,0.08130508917915039,0.0813059436172214,0.2425293367008735,0.9839539045714178,62.0,41.0,21.0,0.0,0.09924087272974999,0.016046095428582215
"(0.04, 0.04, 0.06)",0.9,15.0,A,,1256651.3944819416,0.07619778256801346,-0.20911720545695017,-0.21904170595797887,0.07292008268842654,0.07728493350895738,0.22674626282916627,0.8974071216652734,57.0,38.0,19.0,0.0,0.09293322640670412,0.10259287833472666
"(0.04, 0.04, 0.06)",0.9,,A,,1256651.3944819416,0.07619778256801346,-0.20911720545695017,-0.21904170595797887,0.07292008268842654,0.07728493350895738,0.22674626282916627,0.8974071216652734,57.0,38.0,19.0,0.0,0.09293322640670412,0.10259287833472666
"(0.04, 0.04, 0.06)",1.0,15.0,A,,1317992.8649809859,0.08130562845349076,-0.22664444813824197,-0.2266562105592284,0.08130508917915039,0.0813059436172214,0.2425293367008735,0.9839539045714178,62.0,41.0,21.0,0.0,0.09924087272974999,0.016046095428582215
"(0.04, 0.04, 0.06)",1.0,,A,,1317992.8649809859,0.08130562845349076,-0.22664444813824197,-0.2266562105592284,0.08130508917915039,0.0813059436172214,0.2425293367008735,0.9839539045714178,62.0,41.0,21.0,0.0,0.09924087272974999,0.016046095428582215
"(0.04, 0.04, 0.08)",0.9,15.0,A,,1256651.3944819416,0.07619778256801346,-0.20911720545695017,-0.21904170595797887,0.07292008268842654,0.07728493350895738,0.22674626282916627,0.8974071216652734,57.0,38.0,19.0,0.0,0.09293322640670412,0.10259287833472666
"(0.04, 0.04, 0.08)",0.9,,A,,1256651.3944819416,0.07619778256801346,-0.20911720545695017,-0.21904170595797887,0.07292008268842654,0.07728493350895738,0.22674626282916627,0.8974071216652734,57.0,38.0,19.0,0.0,0.09293322640670412,0.10259287833472666
"(0.04, 0.04, 0.08)",1.0,15.0,A,,1317992.8649809859,0.08130562845349076,-0.22664444813824197,-0.2266562105592284,0.08130508917915039,0.0813059436172214,0.2425293367008735,0.9839539045714178,62.0,41.0,21.0,0.0,0.09924087272974999,0.016046095428582215
"(0.04, 0.04, 0.08)",1.0,,A,,1317992.8649809859,0.08130562845349076,-0.22664444813824197,-0.2266562105592284,0.08130508917915039,0.0813059436172214,0.2425293367008735,0.9839539045714178,62.0,41.0,21.0,0.0,0.09924087272974999,0.016046095428582215
"(0.04, 0.04, 0.1)",0.9,15.0,A,,1256651.3944819416,0.07619778256801346,-0.20911720545695017,-0.21904170595797887,0.07292008268842654,0.07728493350895738,0.22674626282916627,0.8974071216652734,57.0,38.0,19.0,0.0,0.09293322640670412,0.10259287833472666
"(0.04, 0.04, 0.1)",0.9,,A,,1256651.3944819416,0.07619778256801346,-0.20911720545695017,-0.21904170595797887,0.07292008268842654,0.07728493350895738,0.22674626282916627,0.8974071216652734,57.0,38.0,19.0,0.0,0.09293322640670412,0.10259287833472666
"(0.04, 0.04, 0.1)",1.0,15.0,A,,1317992.8649809859,0.08130562845349076,-0.22664444813824197,-0.2266562105592284,0.08130508917915039,0.0813059436172214,0.2425293367008735,0.9839539045714178,62.0,41.0,21.0,0.0,0.09924087272974999,0.016046095428582215
"(0.04, 0.04, 0.1)",1.0,,A,,1317992.8649809859,0.08130562845349076,-0.22664444813824197,-0.2266562105592284,0.08130508917915039,0.0813059436172214,0.2425293367008735,0.9839539045714178,62.0,41.0,21.0,0.0,0.09924087272974999,0.016046095428582215
"(0.04, 0.04, 0.15)",0.9,15.0,A,,1256651.3944819416,0.07619778256801346,-0.20911720545695017,-0.21904170595797887,0.07292008268842654,0.07728493350895738,0.22674626282916627,0.8974071216652734,57.0,38.0,19.0,0.0,0.09293322640670412,0.10259287833472666
"(0.04, 0.04, 0.15)",0.9,,A,,1256651.3944819416,0.07619778256801346,-0.20911720545695017,-0.21904170595797887,0.07292008268842654,0.07728493350895738,0.22674626282916627,0.8974071216652734,57.0,38.0,19.0,0.0,0.09293322640670412,0.10259287833472666
"(0.04, 0.04, 0.15)",1.0,15.0,A,,1317992.8649809859,0.08130562845349076,-0.22664444813824197,-0.2266562105592284,0.08130508917915039,0.0813059436172214,0.2425293367008735,0.9839539045714178,62.0,41.0,21.0,0.0,0.09924087272974999,0.016046095428582215
"(0.04, 0.04, 0.15)",1.0,,A,,1317992.8649809859,0.08130562845349076,-0.22664444813824197,-0.2266562105592284,0.08130508917915039,0.0813059436172214,0.2425293367008735,0.9839539045714178,62.0,41.0,21.0,0.0,0.09924087272974999,0.016046095428582215
"(0.04, 0.06, 0)",0.9,15.0,A,,1296034.8307253695,0.07950241650659229,-0.18884422689257985,-0.2346569559917109,0.07527382174714725,0.08287248751952629,0.22941734202553754,0.8924591401175013,53.0,39.5,13.0,0.0,0.09610712566142632,0.10754085988249867
"(0.04, 0.06, 0)",0.9,,A,,1296034.8307253695,0.07950241650659229,-0.18884422689257985,-0.2346569559917109,0.07527382174714725,0.08287248751952629,0.22941734202553754,0.8924591401175013,53.0,39.5,13.0,0.0,0.09610712566142632,0.10754085988249867
"(0.04, 0.06, 0)",1.0,15.0,A,,1357756.7386245267,0.0845029864010518,-0.2272284291953065,-0.2510544717637901,0.0811593440032107,0.08680100625820324,0.24784143070401948,0.9887137225373595,56.5,41.0,16.0,0.0,0.10417289227611075,0.011286277462640541
"(0.04, 0.06, 0)",1.0,,A,,1357756.7386245267,0.0845029864010518,-0.2272284291953065,-0.2510544717637901,0.0811593440032107,0.08680100625820324,0.24784143070401948,0.9887137225373595,56.5,41.0,16.0,0.0,0.10417289227611075,0.011286277462640541
"(0.04, 0.06, 0.01)",0.9,15.0,A,,1296034.8307253695,0.07950241650659229,-0.18884422689257985,-0.2346569559917109,0.07527382174714725,0.08287248751952629,0.22941734202553754,0.8924591401175013,53.0,39.5,13.0,0.0,0.09610712566142632,0.10754085988249867
"(0.04, 0.06, 0.01)",0.9,,A,,1319873.1867473256,0.081458760708077,-0.19651677326656336,-0.23701918953274936,0.07686371865370434,0.08423509538657258,0.23059728202335994,0.9063667366876329,59.0,39.0,13.0,6.0,0.09699721464985073,0.09363326331236704
"(0.04, 0.06, 0.01)",1.0,15.0,A,,1357756.7386245267,0.0845029864010518,-0.2272284291953065,-0.2510544717637901,0.0811593440032107,0.08680100625820324,0.24784143070401948,0.9887137225373595,56.5,41.0,16.0,0.0,0.10417289227611075,0.011286277462640541
"(0.04, 0.06, 0.01)",1.0,,A,,1360357.1479482288,0.08470912719697465,-0.2282745329128414,-0.24830133306181354,0.08026910915724253,0.08723238840179241,0.2513601304378172,0.9988862953217152,60.0,40.0,15.5,4.5,0.10633446955437148,0.0011137046782846705
"(0.04, 0.06, 0.02)",0.9,15.0,A,,1296034.8307253695,0.07950241650659229,-0.18884422689257985,-0.2346569559917109,0.07527382174714725,0.08287248751952629,0.22941734202553754,0.8924591401175013,53.0,39.5,13.0,0.0,0.09610712566142632,0.10754085988249867
"(0.04, 0.06, 0.02)",0.9,,A,,1311291.3463209418,0.08075804439931833,-0.19724149480937936,-0.23542769466578595,0.0757082607204628,0.08404795166455595,0.2309982353949395,0.8977561191320302,55.0,39.0,13.0,2.5,0.09749415003339723,0.10224388086796973
"(0.04, 0.06, 0.02)",1.0,15.0,A,,1357756.7386245267,0.0845029864010518,-0.2272284291953065,-0.2510544717637901,0.0811593440032107,0.08680100625820324,0.24784143070401948,0.9887137225373595,56.5,41.0,16.0,0.0,0.10417289227611075,0.011286277462640541
"(0.04, 0.06, 0.02)",1.0,,A,,1357100.753301358,0.08445092932368525,-0.2286128775891595,-0.25369465112301753,0.07866505668636325,0.08612017475214792,0.24967131504030235,0.9921932877428984,57.0,40.0,15.0,2.0,0.10565803752723157,0.007806712257101589
"(0.04, 0.06, 0.03)",0.9,15.0,A,,1296034.8307253695,0.07950241650659229,-0.18884422689257985,-0.2346569559917109,0.07527382174714725,0.08287248751952629,0.22941734202553754,0.8924591401175013,53.0,39.5,13.0,0.0,0.09610712566142632,0.10754085988249867
"(0.04, 0.06, 0.03)",0.9,,A,,1318010.206817316,0.08130560382447316,-0.20132074588962917,-0.2413985392987925,0.07667749381311262,0.08552319953648649,0.2296911684954622,0.8970070779283705,54.0,39.5,13.0,1.0,0.09623070145472848,0.10299292207162952
"(0.04, 0.06, 0.03)",1.0,15.0,A,,1357756.7386245267,0.0845029864010518,-0.2272284291953065,-0.2510544717637901,0.0811593440032107,0.08680100625820324,0.24784143070401948,0.9887137225373595,56.5,41.0,16.0,0.0,0.10417289227611075,0.011286277462640541
"(0.04, 0.06, 0.03)",1.0,,A,,1361154.7169181043,0.08477228071395981,-0.22839840844874038,-0.2567951698304416,0.08117319933258886,0.0868873705486761,0.2508983876829939,0.9988908818734676,57.0,40.0,15.5,1.0,0.1061191837088584,0.0011091181265324283
"(0.04, 0.06, 0.04)",0.9,15.0,A,,1296034.8307253695,0.07950241650659229,-0.18884422689257985,-0.2346569559917109,0.07527382174714725,0.08287248751952629,0.22941734202553754,0.8924591401175013,53.0,39.5,13.0,0.0,0.09610712566142632,0.10754085988249867
"(0.04, 0.06, 0.04)",0.9,,A,,1305286.3143760548,0.08026516556363184,-0.20036646448368434,-0.2422067298237838,0.07639700051568396,0.08268747487191153,0.23048245152708147,0.8974095397333615,53.5,39.0,13.0,1.0,0.0970568610420497,0.10259046026663857
"(0.04, 0.06, 0.04)",1.0,15.0,A,,1357756.7386245267,0.0845029864010518,-0.2272284291953065,-0.2510544717637901,0.0811593440032107,0.08680100625820324,0.24784143070401948,0.9887137225373595,56.5,41.0,16.0,0.0,0.10417289227611075,0.011286277462640541
"(0.04, 0.06, 0.04)",1.0,,A,,1358196.530883661,0.08453787695510429,-0.2272284291953065,-0.2510544717637901,0.08113621277198177,0.08562067615151717,0.24876489695893544,0.9934667710025112,56.5,41.0,15.0,0.0,0.10444485361996625,0.0065332289974887455
"(0.04, 0.06, 0.06)",0.9,15.0,A,,1296034.8307253695,0.07950241650659229,-0.18884422689257985,-0.2346569559917109,0.07527382174714725,0.08287248751952629,0.22941734202553754,0.8924591401175013,53.0,39.5,13.0,0.0,0.09610712566142632,0.10754085988249867
"(0.04, 0.06, 0.06)",0.9,,A,,1296034.8307253695,0.07950241650659229,-0.18884422689257985,-0.2346569559917109,0.07527382174714725,0.08287248751952629,0.22941734202553754,0.8924591401175013,53.0,39.5,13.0,0.0,0.09610712566142632,0.10754085988249867
"(0.04, 0.06, 0.06)",1.0,15.0,A,,1357756.7386245267,0.0845029864010518,-0.2272284291953065,-0.2510544717637901,0.0811593440032107,0.08680100625820324,0.24784143070401948,0.9887137225373595,56.5,41.0,16.0,0.0,0.10417289227611075,0.011286277462640541
"(0.04, 0.06, 0.06)",1.0,,A,,1357756.7386245267,0.0845029864010518,-0.2272284291953065,-0.2510544717637901,0.0811593440032107,0.08680100625820324,0.24784143070401948,0.9887137225373595,56.5,41.0,16.0,0.0,0.10417289227611075,0.011286277462640541
"(0.04, 0.06, 0.08)",0.9,15.0,A,,1296034.8307253695,0.07950241650659229,-0.18884422689257985,-0.2346569559917109,0.07527382174714725,0.08287248751952629,0.22941734202553754,0.8924591401175013,53.0,39.5,13.0,0.0,0.09610712566142632,0.10754085988249867
"(0.04, 0.06, 0.08)",0.9,,A,,1296034.8307253695,0.07950241650659229,-0.18884422689257985,-0.2346569559917109,0.07527382174714725,0.08287248751952629,0.22941734202553754,0.8924591401175013,53.0,39.5,13.0,0.0,0.09610712566142632,0.10754085988249867
"(0.04, 0.06, 0.08)",1.0,15.0,A,,1357756.7386245267,0.0845029864010518,-0.2272284291953065,-0.2510544717637901,0.0811593440032107,0.08680100625820324,0.24784143070401948,0.9887137225373595,56.5,41.0,16.0,0.0,0.10417289227611075,0.011286277462640541
"(0.04, 0.06, 0.08)",1.0,,A,,1357756.7386245267,0.0845029864010518,-0.2272284291953065,-0.2510544717637901,0.0811593440032107,0.08680100625820324,0.24784143070401948,0.9887137225373595,56.5,41.0,16.0,0.0,0.10417289227611075,0.011286277462640541
"(0.04, 0.06, 0.1)",0.9,15.0,A,,1296034.8307253695,0.07950241650659229,-0.18884422689257985,-0.2346569559917109,0.07527382174714725,0.08287248751952629,0.22941734202553754,0.8924591401175013,53.0,39.5,13.0,0.0,0.09610712566142632,0.10754085988249867
"(0.04, 0.06, 0.1)",0.9,,A,,1296034.8307253695,0.07950241650659229,-0.18884422689257985,-0.2346569559917109,0.07527382174714725,0.08287248751952629,0.22941734202553754,0.8924591401175013,53.0,39.5,13.0,0.0,0.09610712566142632,0.10754085988249867
"(0.04, 0.06, 0.1)",1.0,15.0,A,,1357756.7386245267,0.0845029864010518,-0.2272284291953065,-0.2510544717637901,0.0811593440032107,0.08680100625820324,0.24784143070401948,0.9887137225373595,56.5,41.0,16.0,0.0,0.10417289227611075,0.011286277462640541
"(0.04, 0.06, 0.1)",1.0,,A,,1357756.7386245267,0.0845029864010518,-0.2272284291953065,-0.2510544717637901,0.0811593440032107,0.08680100625820324,0.24784143070401948,0.9887137225373595,56.5,41.0,16.0,0.0,0.10417289227611075,0.011286277462640541
"(0.04, 0.06, 0.15)",0.9,15.0,A,,1296034.8307253695,0.07950241650659229,-0.18884422689257985,-0.2346569559917109,0.07527382174714725,0.08287248751952629,0.22941734202553754,0.8924591401175013,53.0,39.5,13.0,0.0,0.09610712566142632,0.10754085988249867
"(0.04, 0.06, 0.15)",0.9,,A,,1296034.8307253695,0.07950241650659229,-0.18884422689257985,-0.2346569559917109,0.07527382174714725,0.08287248751952629,0.22941734202553754,0.8924591401175013,53.0,39.5,13.0,0.0,0.09610712566142632,0.10754085988249867
"(0.04, 0.06, 0.15)",1.0,15.0,A,,1357756.7386245267,0.0845029864010518,-0.2272284291953065,-0.2510544717637901,0.0811593440032107,0.08680100625820324,0.24784143070401948,0.9887137225373595,56.5,41.0,16.0,0.0,0.10417289227611075,0.011286277462640541
"(0.04, 0.06, 0.15)",1.0,,A,,1357756.7386245267,0.0845029864010518,-0.2272284291953065,-0.2510544717637901,0.0811593440032107,0.08680100625820324,0.24784143070401948,0.9887137225373595,56.5,41.0,16.0,0.0,0.10417289227611075,0.011286277462640541
"(0.04, 0.08, 0)",0.9,15.0,A,,1372686.276721851,0.0856816895377962,-0.2021308391672475,-0.23880758511194566,0.0785690854624774,0.09333700773401583,0.23043190452081408,0.8877897597134213,51.0,40.0,11.0,0.0,0.09923248578647875,0.11221024028657871
"(0.04, 0.08, 0)",0.9,,A,,1372686.276721851,0.0856816895377962,-0.2021308391672475,-0.23880758511194566,0.0785690854624774,0.09333700773401583,0.23043190452081408,0.8877897597134213,51.0,40.0,11.0,0.0,0.09923248578647875,0.11221024028657871
"(0.04, 0.08, 0)",1.0,15.0,A,,1423863.6039624782,0.08963612442979851,-0.21403571448464054,-0.2734323299063726,0.08255510034189735,0.09634652045847376,0.2481651404275764,0.9811949640825418,54.0,41.0,13.0,0.0,0.10753200322695824,0.018805035917458135
"(0.04, 0.08, 0)",1.0,,A,,1423863.6039624782,0.08963612442979851,-0.21403571448464054,-0.2734323299063726,0.08255510034189735,0.09634652045847376,0.2481651404275764,0.9811949640825418,54.0,41.0,13.0,0.0,0.10753200322695824,0.018805035917458135
"(0.04, 0.08, 0.01)",0.9,15.0,A,,1372686.276721851,0.0856816895377962,-0.2021308391672475,-0.23880758511194566,0.0785690854624774,0.09333700773401583,0.23043190452081408,0.8877897597134213,51.0,40.0,11.0,0.0,0.09923248578647875,0.11221024028657871
"(0.04, 0.08, 0.01)",0.9,,A,,1368066.8103538645,0.08531687883918049,-0.20676925613648411,-0.24639211393346122,0.07831157720907736,0.08900793253835923,0.23326155409256896,0.9064449302011756,56.0,38.0,11.0,7.0,0.10127056711111655,0.09355506979882447
"(0.04, 0.08, 0.01)",1.0,15.0,A,,1423863.6039624782,0.08963612442979851,-0.21403571448464054,-0.2734323299063726,0.08255510034189735,0.09634652045847376,0.2481651404275764,0.9811949640825418,54.0,41.0,13.0,0.0,0.10753200322695824,0.018805035917458135
"(0.04, 0.08, 0.01)",1.0,,A,,1417027.3782540844,0.0891145750875798,-0.22088876020630016,-0.2765505803047983,0.0825701396508867,0.0964089838087743,0.2524259360231309,0.9988895348967246,61.0,40.0,12.0,8.5,0.10990809649829596,0.001110465103275358
"(0.04, 0.08, 0.02)",0.9,15.0,A,,1372686.276721851,0.0856816895377962,-0.2021308391672475,-0.23880758511194566,0.0785690854624774,0.09333700773401583,0.23043190452081408,0.8877897597134213,51.0,40.0,11.0,0.0,0.09923248578647875,0.11221024028657871
"(0.04, 0.08, 0.02)",0.9,,A,,1383363.622863046,0.0865169931263573,-0.20833516789879308,-0.24428279874074127,0.07765062406214226,0.08983536096205332,0.23254637564118352,0.89963772956353,53.0,39.0,11.0,2.5,0.1007326096432205,0.10036227043646996
"(0.04, 0.08, 0.02)",1.0,15.0,A,,1423863.6039624782,0.08963612442979851,-0.21403571448464054,-0.2734323299063726,0.08255510034189735,0.09634652045847376,0.2481651404275764,0.9811949640825418,54.0,41.0,13.0,0.0,0.10753200322695824,0.018805035917458135
"(0.04, 0.08, 0.02)",1.0,,A,,1408979.4458631296,0.08849887880664287,-0.22511592227925026,-0.272822176756603,0.08318177668367996,0.09623366887060598,0.25299685327614374,0.9957322026905504,57.0,40.0,12.5,4.0,0.10941094441410898,0.004267797309449669
"(0.04, 0.08, 0.03)",0.9,15.0,A,,1372686.276721851,0.0856816895377962,-0.2021308391672475,-0.23880758511194566,0.0785690854624774,0.09333700773401583,0.23043190452081408,0.8877897597134213,51.0,40.0,11.0,0.0,0.09923248578647875,0.11221024028657871
"(0.04, 0.08, 0.03)",0.9,,A,,1360605.9918611506,0.08472820177965434,-0.2034971684984035,-0.2395114314814838,0.07852206445677838,0.08948856957283971,0.23192793810586815,0.8989481794515399,51.0,38.0,11.0,1.0,0.10101898392282657,0.1010518205484601
"(0.04, 0.08, 0.03)",1.0,15.0,A,,1423863.6039624782,0.08963612442979851,-0.21403571448464054,-0.2734323299063726,0.08255510034189735,0.09634652045847376,0.2481651404275764,0.9811949640825418,54.0,41.0,13.0,0.0,0.10753200322695824,0.018805035917458135
"(0.04, 0.08, 0.03)",1.0,,A,,1402296.238357766,0.08798301264566288,-0.2220715912152572,-0.27704156959433984,0.08116630848319692,0.09570353935266603,0.2518930660153475,0.9953010432914589,55.0,40.0,12.0,2.0,0.10902861149661475,0.00469895670854107
"(0.04, 0.08, 0.04)",0.9,15.0,A,,1372686.276721851,0.0856816895377962,-0.2021308391672475,-0.23880758511194566,0.0785690854624774,0.09333700773401583,0.23043190452081408,0.8877897597134213,51.0,40.0,11.0,0.0,0.09923248578647875,0.11221024028657871
"(0.04, 0.08, 0.04)",0.9,,A,,1382738.6888764906,0.08646888102541495,-0.20455433104294163,-0.24339559039305236,0.07777300203445534,0.08859516311629888,0.2328276588967811,0.897776272008723,51.0,39.0,11.0,1.0,0.10028093197322471,0.10222372799127699
"(0.04, 0.08, 0.04)",1.0,15.0,A,,1423863.6039624782,0.08963612442979851,-0.21403571448464054,-0.2734323299063726,0.08255510034189735,0.09634652045847376,0.2481651404275764,0.9811949640825418,54.0,41.0,13.0,0.0,0.10753200322695824,0.018805035917458135
"(0.04, 0.08, 0.04)",1.0,,A,,1407157.9651847854,0.0883594243659499,-0.21621350917895849,-0.27279980226247713,0.08112274119730281,0.095794219370095,0.2496848747490922,0.9860853145377928,55.0,41.0,12.0,1.0,0.10824616239353016,0.013914685462207145
"(0.04, 0.08, 0.06)",0.9,15.0,A,,1372686.276721851,0.0856816895377962,-0.2021308391672475,-0.23880758511194566,0.0785690854624774,0.09333700773401583,0.23043190452081408,0.8877897597134213,51.0,40.0,11.0,0.0,0.09923248578647875,0.11221024028657871
"(0.04, 0.08, 0.06)",0.9,,A,,1372686.276721851,0.0856816895377962,-0.2021308391672475,-0.23880758511194566,0.0787382592150161,0.09333700773401583,0.23089612523858466,0.8907573763470883,51.5,40.0,11.0,0.0,0.09985948191464736,0.10924262365291162
"(0.04, 0.08, 0.06)",1.0,15.0,A,,1423863.6039624782,0.08963612442979851,-0.21403571448464054,-0.2734323299063726,0.08255510034189735,0.09634652045847376,0.2481651404275764,0.9811949640825418,54.0,41.0,13.0,0.0,0.10753200322695824,0.018805035917458135
"(0.04, 0.08, 0.06)",1.0,,A,,1418909.202406935,0.0892592799187587,-0.21725141626351713,-0.2720635258330346,0.08261037491218759,0.09651039952442067,0.25226697059041386,0.9962963827272324,54.5,41.0,12.0,1.0,0.1092817224279301,0.0037036172727675266
"(0.04, 0.08, 0.08)",0.9,15.0,A,,1372686.276721851,0.0856816895377962,-0.2021308391672475,-0.23880758511194566,0.0785690854624774,0.09333700773401583,0.23043190452081408,0.8877897597134213,51.0,40.0,11.0,0.0,0.09923248578647875,0.11221024028657871
"(0.04, 0.08, 0.08)",0.9,,A,,1372686.276721851,0.0856816895377962,-0.2021308391672475,-0.23880758511194566,0.0785690854624774,0.09333700773401583,0.23043190452081408,0.8877897597134213,51.0,40.0,11.0,0.0,0.09923248578647875,0.11221024028657871
"(0.04, 0.08, 0.08)",1.0,15.0,A,,1423863.6039624782,0.08963612442979851,-0.21403571448464054,-0.2734323299063726,0.08255510034189735,0.09634652045847376,0.2481651404275764,0.9811949640825418,54.0,41.0,13.0,0.0,0.10753200322695824,0.018805035917458135
"(0.04, 0.08, 0.08)",1.0,,A,,1423863.6039624782,0.08963612442979851,-0.21403571448464054,-0.2734323299063726,0.08255510034189735,0.09634652045847376,0.2481651404275764,0.9811949640825418,54.0,41.0,13.0,0.0,0.10753200322695824,0.018805035917458135
"(0.04, 0.08, 0.1)",0.9,15.0,A,,1372686.276721851,0.0856816895377962,-0.2021308391672475,-0.23880758511194566,0.0785690854624774,0.09333700773401583,0.23043190452081408,0.8877897597134213,51.0,40.0,11.0,0.0,0.09923248578647875,0.11221024028657871
"(0.04, 0.08, 0.1)",0.9,,A,,1372686.276721851,0.0856816895377962,-0.2021308391672475,-0.23880758511194566,0.0785690854624774,0.09333700773401583,0.23043190452081408,0.8877897597134213,51.0,40.0,11.0,0.0,0.09923248578647875,0.11221024028657871
"(0.04, 0.08, 0.1)",1.0,15.0,A,,1423863.6039624782,0.08963612442979851,-0.21403571448464054,-0.2734323299063726,0.08255510034189735,0.09634652045847376,0.2481651404275764,0.9811949640825418,54.0,41.0,13.0,0.0,0.10753200322695824,0.018805035917458135
"(0.04, 0.08, 0.1)",1.0,,A,,1423863.6039624782,0.08963612442979851,-0.21403571448464054,-0.2734323299063726,0.08255510034189735,0.09634652045847376,0.2481651404275764,0.9811949640825418,54.0,41.0,13.0,0.0,0.10753200322695824,0.018805035917458135
"(0.04, 0.08, 0.15)",0.9,15.0,A,,1372686.276721851,0.0856816895377962,-0.2021308391672475,-0.23880758511194566,0.0785690854624774,0.09333700773401583,0.23043190452081408,0.8877897597134213,51.0,40.0,11.0,0.0,0.09923248578647875,0.11221024028657871
"(0.04, 0.08, 0.15)",0.9,,A,,1372686.276721851,0.0856816895377962,-0.2021308391672475,-0.23880758511194566,0.0785690854624774,0.09333700773401583,0.23043190452081408,0.8877897597134213,51.0,40.0,11.0,0.0,0.09923248578647875,0.11221024028657871
"(0.04, 0.08, 0.15)",1.0,15.0,A,,1423863.6039624782,0.08963612442979851,-0.21403571448464054,-0.2734323299063726,0.08255510034189735,0.09634652045847376,0.2481651404275764,0.9811949640825418,54.0,41.0,13.0,0.0,0.10753200322695824,0.018805035917458135
"(0.04, 0.08, 0.15)",1.0,,A,,1423863.6039624782,0.08963612442979851,-0.21403571448464054,-0.2734323299063726,0.08255510034189735,0.09634652045847376,0.2481651404275764,0.9811949640825418,54.0,41.0,13.0,0.0,0.10753200322695824,0.018805035917458135
"(0.04, 0.1, 0)",0.9,15.0,A,,1410616.1729911682,0.08861950274706121,-0.19956155647352153,-0.2340765662082489,0.08283914741332957,0.09765823440519812,0.23151712535153895,0.8954696842918735,50.0,40.0,10.0,0.0,0.10474751766908971,0.10453031570812656
"(0.04, 0.1, 0)",0.9,,A,,1410616.1729911682,0.08861950274706121,-0.19956155647352153,-0.2340765662082489,0.08283914741332957,0.09765823440519812,0.23151712535153895,0.8954696842918735,50.0,40.0,10.0,0.0,0.10474751766908971,0.10453031570812656
"(0.04, 0.1, 0)",1.0,15.0,A,,1466705.5479340383,0.09284973464687951,-0.22535018412581787,-0.26721597423834853,0.08511438194598686,0.1023878767621609,0.2511219519034881,0.9942292769953647,51.5,40.0,11.5,0.0,0.1127891188506259,0.005770723004635247
"(0.04, 0.1, 0)",1.0,,A,,1466705.5479340383,0.09284973464687951,-0.22535018412581787,-0.26721597423834853,0.08511438194598686,0.1023878767621609,0.2511219519034881,0.9942292769953647,51.5,40.0,11.5,0.0,0.1127891188506259,0.005770723004635247
"(0.04, 0.1, 0.01)",0.9,15.0,A,,1416958.347241419,0.08911040160123374,-0.20269892658613003,-0.23804279319903354,0.0831340916723939,0.09677127138043695,0.23479676614148068,0.8903642393260254,51.0,40.0,10.0,1.0,0.10504427635999843,0.10963576067397472
"(0.04, 0.1, 0.01)",0.9,,A,,1419012.3780501988,0.08926525609645009,-0.20240260505449686,-0.23809882086555068,0.08296644268579985,0.09410187214539822,0.23396362520844893,0.9063575176299755,54.0,39.0,10.0,5.0,0.10568323715144037,0.09364248237002451
"(0.04, 0.1, 0.01)",1.0,15.0,A,,1466705.5479340383,0.09284973464687951,-0.22535018412581787,-0.26721597423834853,0.08509068746979945,0.1023878767621609,0.2511219519034881,0.9942292769953647,51.5,40.0,11.5,0.0,0.1127891188506259,0.005770723004635247
"(0.04, 0.1, 0.01)",1.0,,A,,1480398.5630363114,0.09385911316121998,-0.233851164959055,-0.27472048341986693,0.08438191644825128,0.09941444599017046,0.25391508786759526,0.9988962925600515,56.0,40.0,11.0,4.0,0.11377270943448091,0.0011037074399484752
"(0.04, 0.1, 0.02)",0.9,15.0,A,,1413008.557413472,0.08880699090146371,-0.2035333765350542,-0.24114274599848418,0.08332842215037599,0.09703395207168847,0.23435132200704542,0.8980515520960861,50.5,39.5,10.0,1.0,0.10566521385401717,0.10194844790391391
"(0.04, 0.1, 0.02)",0.9,,A,,1412043.6205338489,0.08873458154605296,-0.2035333765350542,-0.24114274599848418,0.0813197466145914,0.09757275444642173,0.23287049759655234,0.8981829242471825,51.0,39.0,10.0,2.0,0.10599563077744058,0.1018170757528175
"(0.04, 0.1, 0.02)",1.0,15.0,A,,1466705.5479340383,0.09284973464687951,-0.22535018412581787,-0.26721597423834853,0.08509068746979945,0.1023878767621609,0.2511219519034881,0.9942292769953647,51.5,40.0,11.5,0.0,0.1127891188506259,0.005770723004635247
"(0.04, 0.1, 0.02)",1.0,,A,,1474972.8407943216,0.09345880185291966,-0.22811321616907126,-0.27101475132538744,0.08222658401144567,0.10186569263349195,0.25326551664471314,0.9913708902382534,53.0,40.0,11.0,2.0,0.11345085166843007,0.00862910976174661
"(0.04, 0.1, 0.03)",0.9,15.0,A,,1422354.3576191287,0.08952144823979669,-0.1987960716041095,-0.24083602759196499,0.08284151850219594,0.0928368034195747,0.23324933375651352,0.906422601523055,49.5,38.5,10.0,1.0,0.10623487854955574,0.09357739847694507
"(0.04, 0.1, 0.03)",0.9,,A,,1420017.1624712101,0.0893437373101097,-0.1987960716041095,-0.24083602759196499,0.08202006579512314,0.09245562793734378,0.23592287888871527,0.906422601523055,50.5,38.5,10.0,2.0,0.10640807580290465,0.09357739847694507
"(0.04, 0.1, 0.03)",1.0,15.0,A,,1466705.5479340383,0.09284973464687951,-0.22535018412581787,-0.26721597423834853,0.08509068746979945,0.1023878767621609,0.2511219519034881,0.9942292769953647,51.5,40.0,11.5,0.0,0.1127891188506259,0.005770723004635247
"(0.04, 0.1, 0.03)",1.0,,A,,1473684.797504774,0.09336471587742556,-0.2294423129536311,-0.2734815122431529,0.0823629511437701,0.09857098375111324,0.25389143919022883,0.9989086474597314,52.5,40.0,11.0,1.0,0.11387716022938146,0.0010913525402685828
"(0.04, 0.1, 0.04)",0.9,15.0,A,,1410616.1729911682,0.08861950274706121,-0.19956155647352153,-0.2340765662082489,0.08283914741332957,0.09765823440519812,0.23151712535153895,0.8954696842918735,50.0,40.0,10.0,0.0,0.10504506749392638,0.10453031570812656
"(0.04, 0.1, 0.04)",0.9,,A,,1410616.1729911682,0.08861950274706121,-0.19956155647352153,-0.2340765662082489,0.0822098503777394,0.09776776526223652,0.23151712535153895,0.8965819887848119,50.0,40.0,10.0,0.0,0.10504506749392638,0.10341801121518811
"(0.04, 0.1, 0.04)",1.0,15.0,A,,1466705.5479340383,0.09284973464687951,-0.22535018412581787,-0.26721597423834853,0.08509068746979945,0.1023878767621609,0.2511219519034881,0.9942292769953647,51.5,40.0,11.5,0.0,0.1127891188506259,0.005770723004635247
"(0.04, 0.1, 0.04)",1.0,,A,,1466705.5479340383,0.09284973464687951,-0.22535018412581787,-0.26721597423834853,0.08333835417851503,0.10309752897462757,0.2511219519034881,0.9946908764231734,51.5,40.0,11.0,0.0,0.11300990021787295,0.0053091235768266045
"(0.04, 0.1, 0.06)",0.9,15.0,A,,1410616.1729911682,0.08861950274706121,-0.19956155647352153,-0.2340765662082489,0.08283914741332957,0.09765823440519812,0.23151712535153895,0.8954696842918735,50.0,40.0,10.0,0.0,0.10504506749392638,0.10453031570812656
"(0.04, 0.1, 0.06)",0.9,,A,,1410616.1729911682,0.08861950274706121,-0.19956155647352153,-0.2340765662082489,0.08061861932792384,0.09765823440519812,0.23151712535153895,0.8954696842918735,50.0,40.0,10.0,0.0,0.10504506749392638,0.10453031570812656
"(0.04, 0.1, 0.06)",1.0,15.0,A,,1466705.5479340383,0.09284973464687951,-0.22535018412581787,-0.26721597423834853,0.08509068746979945,0.1023878767621609,0.2511219519034881,0.9942292769953647,51.5,40.0,11.5,0.0,0.1127891188506259,0.005770723004635247
"(0.04, 0.1, 0.06)",1.0,,A,,1466705.5479340383,0.09284973464687951,-0.22535018412581787,-0.26721597423834853,0.08319668118220444,0.1023878767621609,0.2511219519034881,0.9942292769953647,51.5,40.0,11.0,0.0,0.11261016178404873,0.005770723004635247
"(0.04, 0.1, 0.08)",0.9,15.0,A,,1410616.1729911682,0.08861950274706121,-0.19956155647352153,-0.2340765662082489,0.08283914741332957,0.09765823440519812,0.23151712535153895,0.8954696842918735,50.0,40.0,10.0,0.0,0.10504506749392638,0.10453031570812656
"(0.04, 0.1, 0.08)",0.9,,A,,1410616.1729911682,0.08861950274706121,-0.19956155647352153,-0.2340765662082489,0.08129951094954055,0.09765823440519812,0.23151712535153895,0.8954696842918735,50.0,40.0,10.0,0.0,0.10504506749392638,0.10453031570812656
"(0.04, 0.1, 0.08)",1.0,15.0,A,,1466705.5479340383,0.09284973464687951,-0.22535018412581787,-0.26721597423834853,0.08509068746979945,0.1023878767621609,0.2511219519034881,0.9945357066476662,51.5,40.0,11.5,0.0,0.1127891188506259,0.005464293352333694
"(0.04, 0.1, 0.08)",1.0,,A,,1466705.5479340383,0.09284973464687951,-0.22535018412581787,-0.26721597423834853,0.08344952856335211,0.1023878767621609,0.2511219519034881,0.9946570612205168,51.5,40.0,11.0,0.0,0.11287015527383487,0.00534293877948316
"(0.04, 0.1, 0.1)",0.9,15.0,A,,1410616.1729911682,0.08861950274706121,-0.19956155647352153,-0.2340765662082489,0.08283914741332957,0.09765823440519812,0.23151712535153895,0.8954696842918735,50.0,40.0,10.0,0.0,0.10474751766908971,0.10453031570812656
"(0.04, 0.1, 0.1)",0.9,,A,,1410616.1729911682,0.08861950274706121,-0.19956155647352153,-0.2340765662082489,0.08283914741332957,0.09765823440519812,0.23151712535153895,0.8954696842918735,50.0,40.0,10.0,0.0,0.10474751766908971,0.10453031570812656
"(0.04, 0.1, 0.1)",1.0,15.0,A,,1466705.5479340383,0.09284973464687951,-0.22535018412581787,-0.26721597423834853,0.08511438194598686,0.1023878767621609,0.2511219519034881,0.9942292769953647,51.5,40.0,11.5,0.0,0.1127891188506259,0.005770723004635247
"(0.04, 0.1, 0.1)",1.0,,A,,1466705.5479340383,0.09284973464687951,-0.22535018412581787,-0.26721597423834853,0.08511438194598686,0.1023878767621609,0.2511219519034881,0.9942292769953647,51.5,40.0,11.5,0.0,0.1127891188506259,0.005770723004635247
"(0.04, 0.1, 0.15)",0.9,15.0,A,,1410616.1729911682,0.08861950274706121,-0.19956155647352153,-0.2340765662082489,0.08283914741332957,0.09765823440519812,0.23151712535153895,0.8954696842918735,50.0,40.0,10.0,0.0,0.10474751766908971,0.10453031570812656
"(0.04, 0.1, 0.15)",0.9,,A,,1410616.1729911682,0.08861950274706121,-0.19956155647352153,-0.2340765662082489,0.08283914741332957,0.09765823440519812,0.23151712535153895,0.8954696842918735,50.0,40.0,10.0,0.0,0.10474751766908971,0.10453031570812656
"(0.04, 0.1, 0.15)",1.0,15.0,A,,1466705.5479340383,0.09284973464687951,-0.22535018412581787,-0.26721597423834853,0.08511438194598686,0.1023878767621609,0.2511219519034881,0.9942292769953647,51.5,40.0,11.5,0.0,0.1127891188506259,0.005770723004635247
"(0.04, 0.1, 0.15)",1.0,,A,,1466705.5479340383,0.09284973464687951,-0.22535018412581787,-0.26721597423834853,0.08511438194598686,0.1023878767621609,0.2511219519034881,0.9942292769953647,51.5,40.0,11.5,0.0,0.1127891188506259,0.005770723004635247
"(0.04, 0.12, 0)",0.9,15.0,A,,1448475.3767103136,0.0914929209452725,-0.19134595129245052,-0.24100033744237345,0.08382127208231105,0.09442584283131154,0.2339218887876643,0.9039542040265387,47.0,38.0,9.0,0.0,0.11002635398067162,0.09604579597346136
"(0.04, 0.12, 0)",0.9,,A,,1448475.3767103136,0.0914929209452725,-0.19134595129245052,-0.24100033744237345,0.08382127208231105,0.09442584283131154,0.2339218887876643,0.9039542040265387,47.0,38.0,9.0,0.0,0.11002635398067162,0.09604579597346136
"(0.04, 0.12, 0)",1.0,15.0,A,,1519006.150098539,0.09665805407733008,-0.22404278716767917,-0.26278886063324336,0.08892336295236207,0.10523228703661323,0.2505489806818022,0.986858203009082,51.0,41.0,10.0,0.0,0.1169353100519495,0.013141796990917887
"(0.04, 0.12, 0)",1.0,,A,,1519006.150098539,0.09665805407733008,-0.22404278716767917,-0.26278886063324336,0.08892336295236207,0.10523228703661323,0.2505489806818022,0.986858203009082,51.0,41.0,10.0,0.0,0.1169353100519495,0.013141796990917887
"(0.04, 0.12, 0.01)",0.9,15.0,A,,1465443.1228893804,0.09275507582217235,-0.19591492804675398,-0.23873473734633596,0.0855955937842076,0.09828475522889528,0.2316585217951608,0.9039541904510262,50.0,39.0,9.0,2.0,0.10941560027172889,0.09604580954897383
"(0.04, 0.12, 0.01)",0.9,,A,,1460702.4182867454,0.09240284540034627,-0.1938206078127418,-0.24006650692161077,0.0840721900416814,0.0962091357634857,0.23254605767526304,0.906391752476939,53.0,38.0,9.0,7.0,0.11020795618903947,0.09360824752306093
"(0.04, 0.12, 0.01)",1.0,15.0,A,,1534851.7465882902,0.09779114322182991,-0.2259214420179375,-0.26494260183633134,0.08925926628300103,0.10548518600129056,0.25540205105102853,0.9955767177421029,52.0,41.0,10.5,1.0,0.11778929988281697,0.004423282257897126
"(0.04, 0.12, 0.01)",1.0,,A,,1514621.1251461986,0.0963436440732155,-0.22425565637446926,-0.26750809940305287,0.08870277123127748,0.10619750328718912,0.253164884134443,0.9988990707149812,55.0,40.0,10.0,5.0,0.11817662631415109,0.0011009292850188562
"(0.04, 0.12, 0.02)",0.9,15.0,A,,1443877.7707328834,0.09114768794840877,-0.19701779460482238,-0.24197538080072753,0.08376765683593598,0.09580824484304147,0.2325956732695611,0.9039542040265387,49.5,38.5,9.0,2.0,0.11013684449232863,0.09604579597346136
"(0.04, 0.12, 0.02)",0.9,,A,,1439024.4133321783,0.09078347186950386,-0.19701779460482238,-0.24197538080072753,0.08323828917610424,0.09580824484304147,0.23236630892033056,0.9039542040265387,49.5,38.0,9.0,3.0,0.11013684449232863,0.09604579597346136
"(0.04, 0.12, 0.02)",1.0,15.0,A,,1519266.9405612277,0.09667263352623878,-0.22597141025100453,-0.2653427554770533,0.08829281419245809,0.10549958949695906,0.2522230684050253,0.989776039777693,51.0,40.0,10.0,1.0,0.11742441157446229,0.01022396022230697
"(0.04, 0.12, 0.02)",1.0,,A,,1514764.8553034833,0.09635219129603234,-0.22597141025100453,-0.2653427554770533,0.08819244021820327,0.1054885613381223,0.25378964813573124,0.9899773654412314,52.0,40.0,10.0,2.0,0.11786134692672776,0.010022634558768586
"(0.04, 0.12, 0.03)",0.9,15.0,A,,1444513.3005427886,0.09118974483982312,-0.197377049236811,-0.2414406378394407,0.08490681771860831,0.09537893357788804,0.23204696827869606,0.9039542203901698,48.5,38.5,9.0,1.0,0.10991378582890046,0.09604577960983017
"(0.04, 0.12, 0.03)",0.9,,A,,1443906.2193744858,0.09114463568434339,-0.197377049236811,-0.2414406378394407,0.08490681771860831,0.09537893357788804,0.23242631040567144,0.903954416351842,48.5,38.0,9.0,1.0,0.10993708297577107,0.09604558364815804
"(0.04, 0.12, 0.03)",1.0,15.0,A,,1514434.7858474902,0.0963179186595341,-0.22783981326334546,-0.2685435607051087,0.08885470676438043,0.10737574851766933,0.2552185944781327,0.9988984994403994,51.0,40.0,10.0,1.0,0.11784819199131427,0.001101500559600554
"(0.04, 0.12, 0.03)",1.0,,A,,1514434.7858474902,0.0963179186595341,-0.22783981326334546,-0.2685435607051087,0.08862086473829085,0.10745642498052331,0.2552185944781327,0.9988984994403994,51.0,40.0,10.0,1.0,0.11771708038975089,0.001101500559600554
"(0.04, 0.12, 0.04)",0.9,15.0,A,,1440396.667016685,0.0908851823662169,-0.19669432446275492,-0.24473211997402317,0.08384723841418515,0.09480686673787984,0.23371804712792213,0.9039542203901698,48.5,38.5,9.0,1.0,0.11065873311176257,0.09604577960983017
"(0.04, 0.12, 0.04)",0.9,,A,,1448654.9110908043,0.09150643111707901,-0.19669432446275492,-0.24473211997402317,0.08384723841418515,0.09480686673787984,0.23397947058674634,0.9039542203901698,48.5,37.5,9.0,1.0,0.11065873311176257,0.09604577960983017
"(0.04, 0.12, 0.04)",1.0,15.0,A,,1519006.150098539,0.09665805407733008,-0.22404278716767917,-0.26278886063324336,0.08892336295236207,0.10523228703661323,0.2505489806818022,0.986858203009082,51.0,41.0,10.0,0.0,0.11714224496434719,0.013141796990917887
"(0.04, 0.12, 0.04)",1.0,,A,,1519006.150098539,0.09665805407733008,-0.22404278716767917,-0.26278886063324336,0.08604704665078486,0.10533951005551052,0.25252813035595667,0.9946007346778991,51.0,41.0,10.0,0.0,0.1172563474219929,0.00539926532210095
"(0.04, 0.12, 0.06)",0.9,15.0,A,,1448475.3767103136,0.0914929209452725,-0.19134595129245052,-0.24100033744237345,0.08382127208231105,0.09442584283131154,0.23406042983041553,0.9039542040265387,47.0,38.0,9.0,0.0,0.11003677059020772,0.09604579597346136
"(0.04, 0.12, 0.06)",0.9,,A,,1448475.3767103136,0.0914929209452725,-0.19134595129245052,-0.24100033744237345,0.0836708756968106,0.09442584283131154,0.23406042983041553,0.9039542040265387,47.0,38.0,9.0,0.0,0.11005334000692008,0.09604579597346136
"(0.04, 0.12, 0.06)",1.0,15.0,A,,1519006.150098539,0.09665805407733008,-0.22404278716767917,-0.26278886063324336,0.08892336295236207,0.10523228703661323,0.2505489806818022,0.986858203009082,51.0,41.0,10.0,0.0,0.11714224496434719,0.013141796990917887
"(0.04, 0.12, 0.06)",1.0,,A,,1519006.150098539,0.09665805407733008,-0.22404278716767917,-0.26278886063324336,0.08828545916810986,0.10523228703661323,0.2505489806818022,0.9871980014413126,51.0,41.0,10.0,0.0,0.11714224496434719,0.012801998558687359
"(0.04, 0.12, 0.08)",0.9,15.0,A,,1448475.3767103136,0.0914929209452725,-0.19134595129245052,-0.24100033744237345,0.08382127208231105,0.09442584283131154,0.23406042983041553,0.9039542040265387,47.0,38.0,9.0,0.0,0.11003677059020772,0.09604579597346136
"(0.04, 0.12, 0.08)",0.9,,A,,1448475.3767103136,0.0914929209452725,-0.19134595129245052,-0.24100033744237345,0.0836021724928138,0.09442584283131154,0.23406042983041553,0.9039542040265387,47.0,38.0,9.0,0.0,0.1102469786511942,0.09604579597346136
"(0.04, 0.12, 0.08)",1.0,15.0,A,,1519006.150098539,0.09665805407733008,-0.22404278716767917,-0.26278886063324336,0.08892336295236207,0.10523228703661323,0.2505489806818022,0.986858203009082,51.0,41.0,10.0,0.0,0.11714224496434719,0.013141796990917887
"(0.04, 0.12, 0.08)",1.0,,A,,1519006.150098539,0.09665805407733008,-0.22404278716767917,-0.26278886063324336,0.08635310767664546,0.10523228703661323,0.25174221541435327,0.9902364510875861,51.0,41.0,10.0,0.0,0.11714224496434719,0.009763548912414
"(0.04, 0.12, 0.1)",0.9,15.0,A,,1448475.3767103136,0.0914929209452725,-0.19134595129245052,-0.24100033744237345,0.08382127208231105,0.09442584283131154,0.2339218887876643,0.9039542040265387,47.0,38.0,9.0,0.0,0.11002635398067162,0.09604579597346136
"(0.04, 0.12, 0.1)",0.9,,A,,1448475.3767103136,0.0914929209452725,-0.19134595129245052,-0.24100033744237345,0.08367220617619668,0.09442584283131154,0.23406042983041553,0.9039542040265387,47.0,38.0,9.0,0.0,0.11021290839738464,0.09604579597346136
"(0.04, 0.12, 0.1)",1.0,15.0,A,,1519006.150098539,0.09665805407733008,-0.22404278716767917,-0.26278886063324336,0.08892336295236207,0.10523228703661323,0.2505489806818022,0.986858203009082,51.0,41.0,10.0,0.0,0.1169353100519495,0.013141796990917887
"(0.04, 0.12, 0.1)",1.0,,A,,1519006.150098539,0.09665805407733008,-0.22404278716767917,-0.26278886063324336,0.08892336295236207,0.10523228703661323,0.2505489806818022,0.986858203009082,51.0,41.0,10.0,0.0,0.1169353100519495,0.013141796990917887
"(0.04, 0.12, 0.15)",0.9,15.0,A,,1448475.3767103136,0.0914929209452725,-0.19134595129245052,-0.24100033744237345,0.08382127208231105,0.09442584283131154,0.2339218887876643,0.9039542040265387,47.0,38.0,9.0,0.0,0.11002635398067162,0.09604579597346136
"(0.04, 0.12, 0.15)",0.9,,A,,1448475.3767103136,0.0914929209452725,-0.19134595129245052,-0.24100033744237345,0.08382127208231105,0.09442584283131154,0.2339218887876643,0.9039542040265387,47.0,38.0,9.0,0.0,0.11002635398067162,0.09604579597346136
"(0.04, 0.12, 0.15)",1.0,15.0,A,,1519006.150098539,0.09665805407733008,-0.22404278716767917,-0.26278886063324336,0.08892336295236207,0.10523228703661323,0.2505489806818022,0.986858203009082,51.0,41.0,10.0,0.0,0.1169353100519495,0.013141796990917887
"(0.04, 0.12, 0.15)",1.0,,A,,1519006.150098539,0.09665805407733008,-0.22404278716767917,-0.26278886063324336,0.08892336295236207,0.10523228703661323,0.2505489806818022,0.986858203009082,51.0,41.0,10.0,0.0,0.1169353100519495,0.013141796990917887
"(0.04, 0.15, 0)",0.9,15.0,A,,1417967.9280206212,0.08918747176728625,-0.19422654118829186,-0.23376737066772585,0.07967399536588085,0.09675867872285165,0.2325916506010538,0.9051223647174718,47.0,40.0,7.0,0.0,0.10813321509171527,0.09487763528252835
"(0.04, 0.15, 0)",0.9,,A,,1417967.9280206212,0.08918747176728625,-0.19422654118829186,-0.23376737066772585,0.07967399536588085,0.09675867872285165,0.2325916506010538,0.9051223647174718,47.0,40.0,7.0,0.0,0.10813321509171527,0.09487763528252835
"(0.04, 0.15, 0)",1.0,15.0,A,,1549449.9907209072,0.09882389884152443,-0.2211264259380109,-0.2684661376779029,0.08916471934342425,0.10598143876304914,0.25516253002028705,0.9896801651503333,46.0,37.0,9.0,0.0,0.12311467329487887,0.01031983484966673
"(0.04, 0.15, 0)",1.0,,A,,1549449.9907209072,0.09882389884152443,-0.2211264259380109,-0.2684661376779029,0.08916471934342425,0.10598143876304914,0.25516253002028705,0.9896801651503333,46.0,37.0,9.0,0.0,0.12311467329487887,0.01031983484966673
"(0.04, 0.15, 0.01)",0.9,15.0,A,,1429886.014034079,0.09009338372019804,-0.19882263502172498,-0.24028402449058833,0.07992591946731387,0.0975524101615915,0.23281837070854133,0.9051223487477065,49.0,39.0,7.0,3.0,0.1093991139078423,0.09487765125229364
"(0.04, 0.15, 0.01)",0.9,,A,,1444936.224540869,0.09122606162600522,-0.19855017071504316,-0.24573310185272482,0.08113000310600604,0.09861935416478927,0.23156931696992614,0.9060662228645567,55.0,38.0,7.0,9.5,0.11011601569373086,0.09393377713544328
"(0.04, 0.15, 0.01)",1.0,15.0,A,,1521315.4031820572,0.09681774359320106,-0.22260635161523468,-0.268684505040859,0.08850172583067303,0.10241391937335109,0.254642726637367,0.9930907116601625,48.5,37.5,9.0,2.0,0.12396133411357195,0.006909288339837555
"(0.04, 0.15, 0.01)",1.0,,A,,1556417.935277252,0.09931302778700402,-0.22026716058146933,-0.2680099089281431,0.0888154820491203,0.10301137331241537,0.25859552642344025,0.9989082499149025,50.5,37.0,9.0,5.0,0.12471257471536984,0.001091750085097487
"(0.04, 0.15, 0.02)",0.9,15.0,A,,1437160.360019708,0.09064300570000228,-0.1991480099814013,-0.24058930934917283,0.08180151603458945,0.09852961734463223,0.23094309999580814,0.9051223487477065,49.5,39.5,7.0,3.0,0.10970784308515877,0.09487765125229364
"(0.04, 0.15, 0.02)",0.9,,A,,1449537.7458656547,0.09157197748956325,-0.19827976967351124,-0.24136769415242348,0.0818548215779222,0.09941108788681836,0.23256412552881794,0.9059597682857203,50.0,38.0,7.0,4.0,0.10963392123081493,0.09404023171427972
"(0.04, 0.15, 0.02)",1.0,15.0,A,,1510299.7858569366,0.09601476325737701,-0.22127232806809177,-0.2694580138525047,0.0885790249923714,0.1011332294915636,0.25484803705183884,0.9915649188619042,47.0,37.0,9.0,1.0,0.12435973771369474,0.008435081138095775
"(0.04, 0.15, 0.02)",1.0,,A,,1507846.9806024337,0.09584080093210212,-0.22127232806809177,-0.2694580138525047,0.0868330700768463,0.10160843563551909,0.2566278471634714,0.9918959637551643,47.5,36.5,9.0,2.0,0.12465986477792175,0.008104036244835786
"(0.04, 0.15, 0.03)",0.9,15.0,A,,1446125.5235906867,0.09131690487395538,-0.1983909904319125,-0.24513205417150535,0.08111458445317417,0.09745735886013038,0.23091682444937378,0.9051223487477065,47.0,38.0,7.0,2.0,0.10985752424368313,0.09487765125229364
"(0.04, 0.15, 0.03)",0.9,,A,,1446125.5235906867,0.09131690487395538,-0.1983909904319125,-0.24513205417150535,0.08111458445317417,0.09888565604117615,0.2326919854320501,0.9051223487477065,47.5,37.5,7.0,3.0,0.10994595135585433,0.09487765125229364
"(0.04, 0.15, 0.03)",1.0,15.0,A,,1527550.5230176742,0.09724646757836464,-0.22235101082736825,-0.2713886657173715,0.09010259398854156,0.10214995102025255,0.25408293464804454,0.9989050357315645,48.0,38.0,9.0,1.0,0.12434435271476568,0.0010949642684354812
"(0.04, 0.15, 0.03)",1.0,,A,,1527550.5230176742,0.09724646757836464,-0.22235101082736825,-0.2713886657173715,0.09010259398854156,0.10206053412565542,0.25408293464804454,0.9989050357315645,48.0,38.0,9.0,1.0,0.12478842615354557,0.0010949642684354812
"(0.04, 0.15, 0.04)",0.9,15.0,A,,1455538.3482707404,0.09202037591704837,-0.19948722318530854,-0.247457255838594,0.08181496452580475,0.09812869607778435,0.23261455153283367,0.9060248699921023,47.0,38.0,7.0,2.0,0.11024038201315219,0.09397513000789766
"(0.04, 0.15, 0.04)",0.9,,A,,1455538.3482707404,0.09202037591704837,-0.19948722318530854,-0.247457255838594,0.08181496452580475,0.09792960196985107,0.23179367992156458,0.9060248699921023,47.0,38.0,7.0,2.0,0.11024038201315219,0.09397513000789766
"(0.04, 0.15, 0.04)",1.0,15.0,A,,1549449.9907209072,0.09882389884152443,-0.2211264259380109,-0.2684661376779029,0.08916471934342425,0.10598143876304914,0.2545721078252356,0.9896801651503333,46.0,37.0,9.0,0.0,0.12311467329487887,0.01031983484966673
"(0.04, 0.15, 0.04)",1.0,,A,,1549449.9907209072,0.09882389884152443,-0.2211264259380109,-0.2684661376779029,0.08916471934342425,0.10598143876304914,0.25516253002028705,0.9896801651503333,46.0,37.0,9.0,0.0,0.12342992585443646,0.01031983484966673
"(0.04, 0.15, 0.06)",0.9,15.0,A,,1443258.0323113282,0.09109850135565933,-0.1945761693241873,-0.250067322868652,0.08017870709190297,0.10001789634061321,0.23141603015202006,0.9051223487477065,46.0,38.0,7.0,1.0,0.10968259037004127,0.09487765125229364
"(0.04, 0.15, 0.06)",0.9,,A,,1443258.0323113282,0.09109850135565933,-0.1945761693241873,-0.250067322868652,0.08017870709190297,0.09972929055290808,0.23141603015202006,0.9051223487477065,46.0,38.0,7.0,1.0,0.10968259037004127,0.09487765125229364
"(0.04, 0.15, 0.06)",1.0,15.0,A,,1549449.9907209072,0.09882389884152443,-0.2211264259380109,-0.2684661376779029,0.08916471934342425,0.10598143876304914,0.25429237470109356,0.9896801651503333,46.0,37.0,9.0,0.0,0.12311467329487887,0.01031983484966673
"(0.04, 0.15, 0.06)",1.0,,A,,1549449.9907209072,0.09882389884152443,-0.2211264259380109,-0.2684661376779029,0.08916471934342425,0.10598143876304914,0.25543606653817164,0.989867861779234,46.0,37.0,9.0,0.0,0.12361326998382968,0.010132138220766081
"(0.04, 0.15, 0.08)",0.9,15.0,A,,1443815.7694050104,0.0911342470337495,-0.1938346189688105,-0.2539599208222186,0.07952325960987687,0.10076948237652564,0.23205721608638546,0.9063372383403785,46.0,38.0,7.0,1.0,0.1099319367637358,0.0936627616596214
"(0.04, 0.15, 0.08)",0.9,,A,,1443815.7694050104,0.0911342470337495,-0.1938346189688105,-0.2539599208222186,0.07952325960987687,0.10076948237652564,0.23205721608638546,0.9063372383403785,46.0,38.0,7.0,1.0,0.1099319367637358,0.0936627616596214
"(0.04, 0.15, 0.08)",1.0,15.0,A,,1549449.9907209072,0.09882389884152443,-0.2211264259380109,-0.2684661376779029,0.08916471934342425,0.10598143876304914,0.25516253002028705,0.9896801651503333,46.0,37.0,9.0,0.0,0.12311467329487887,0.01031983484966673
"(0.04, 0.15, 0.08)",1.0,,A,,1549449.9907209072,0.09882389884152443,-0.2211264259380109,-0.2684661376779029,0.08867032676875823,0.10598143876304914,0.2556241539663887,0.9896801651503333,46.0,37.0,9.0,0.0,0.12361326998382968,0.01031983484966673
"(0.04, 0.15, 0.1)",0.9,15.0,A,,1417967.9280206212,0.08918747176728625,-0.19422654118829186,-0.23376737066772585,0.07967399536588085,0.09675867872285165,0.2325916506010538,0.9051223647174718,47.0,40.0,7.0,0.0,0.10813321509171527,0.09487763528252835
"(0.04, 0.15, 0.1)",0.9,,A,,1417967.9280206212,0.08918747176728625,-0.19422654118829186,-0.23376737066772585,0.07967399536588085,0.09675867872285165,0.2325916506010538,0.9051223647174718,47.0,40.0,7.0,0.0,0.10813321509171527,0.09487763528252835
"(0.04, 0.15, 0.1)",1.0,15.0,A,,1549449.9907209072,0.09882389884152443,-0.2211264259380109,-0.2684661376779029,0.08916471934342425,0.10598143876304914,0.25516253002028705,0.9896801651503333,46.0,37.0,9.0,0.0,0.12311467329487887,0.01031983484966673
"(0.04, 0.15, 0.1)",1.0,,A,,1549449.9907209072,0.09882389884152443,-0.2211264259380109,-0.2684661376779029,0.08797347902242914,0.10598143876304914,0.25794129125500476,0.989867861779234,46.0,37.0,9.0,0.0,0.12361326998382968,0.010132138220766081
"(0.04, 0.15, 0.15)",0.9,15.0,A,,1417967.9280206212,0.08918747176728625,-0.19422654118829186,-0.23376737066772585,0.07967399536588085,0.09675867872285165,0.2325916506010538,0.9051223647174718,47.0,40.0,7.0,0.0,0.10813321509171527,0.09487763528252835
"(0.04, 0.15, 0.15)",0.9,,A,,1417967.9280206212,0.08918747176728625,-0.19422654118829186,-0.23376737066772585,0.07967399536588085,0.09675867872285165,0.2325916506010538,0.9051223647174718,47.0,40.0,7.0,0.0,0.10813321509171527,0.09487763528252835
"(0.04, 0.15, 0.15)",1.0,15.0,A,,1549449.9907209072,0.09882389884152443,-0.2211264259380109,-0.2684661376779029,0.08916471934342425,0.10598143876304914,0.25516253002028705,0.9896801651503333,46.0,37.0,9.0,0.0,0.12311467329487887,0.01031983484966673
"(0.04, 0.15, 0.15)",1.0,,A,,1549449.9907209072,0.09882389884152443,-0.2211264259380109,-0.2684661376779029,0.08916471934342425,0.10598143876304914,0.25516253002028705,0.9896801651503333,46.0,37.0,9.0,0.0,0.12311467329487887,0.01031983484966673
"(0.04, 0.2, 0)",0.9,15.0,A,,1435924.3339240826,0.09054982970375192,-0.19909891273262897,-0.2253622369255036,0.08599692952909573,0.10738130087632976,0.22331140000404454,0.906225617709327,43.0,37.0,5.5,0.0,0.1079686582231151,0.09377438229067302
"(0.04, 0.2, 0)",0.9,,A,,1435924.3339240826,0.09054982970375192,-0.19909891273262897,-0.2253622369255036,0.08599692952909573,0.10738130087632976,0.22331140000404454,0.906225617709327,43.0,37.0,5.5,0.0,0.1079686582231151,0.09377438229067302
"(0.04, 0.2, 0)",1.0,15.0,A,,1477025.0061542788,0.09361124609769633,-0.225364701880013,-0.27361832540074205,0.08042081657440203,0.10361002482997836,0.24652899055853483,0.9823464699606439,48.0,42.0,6.0,0.0,0.11807908751473956,0.01765353003935606
"(0.04, 0.2, 0)",1.0,,A,,1477025.0061542788,0.09361124609769633,-0.225364701880013,-0.27361832540074205,0.08042081657440203,0.10361002482997836,0.24652899055853483,0.9823464699606439,48.0,42.0,6.0,0.0,0.11807908751473956,0.01765353003935606
"(0.04, 0.2, 0.01)",0.9,15.0,A,,1425258.6962548546,0.08974181786416457,-0.19646092250595132,-0.22291096275637756,0.08262172383929996,0.09686013558548047,0.22780654941067535,0.9062256021054305,46.0,37.0,5.0,4.0,0.10755516854148642,0.09377439789456946
"(0.04, 0.2, 0.01)",0.9,,A,,1433148.6783783315,0.09033907597845414,-0.20644480528038023,-0.23243374556004415,0.08446573873077604,0.09961896153305959,0.22974043904950453,0.9066721497433108,55.5,36.5,5.0,15.0,0.10938190258085209,0.09332785025668913
"(0.04, 0.2, 0.01)",1.0,15.0,A,,1488463.086211631,0.09444959963723532,-0.22805243600764635,-0.2768848593946515,0.08158465389546558,0.10452675188990891,0.24907013070608303,0.998912604270298,50.0,41.0,6.0,3.0,0.11895520211759578,0.0010873957297020307
"(0.04, 0.2, 0.01)",1.0,,A,,1488463.086211631,0.09444959963723532,-0.22805243600764635,-0.2768848593946515,0.08158465389546558,0.10909562997776422,0.2508218418051532,0.998912604270298,51.0,41.0,6.0,4.0,0.11925716225600602,0.0010873957297020307
"(0.04, 0.2, 0.02)",0.9,15.0,A,,1429446.5474261083,0.09005939477583647,-0.20252124828691187,-0.2279612549584209,0.08386144312419849,0.09828829905302724,0.22941562195526177,0.906225617709327,46.0,37.0,5.0,4.0,0.10841014197773396,0.09377438229067302
"(0.04, 0.2, 0.02)",0.9,,A,,1426315.9950674584,0.089822761969234,-0.2037380401790918,-0.2377326862777776,0.0832972210695629,0.09717515630897007,0.22839963674138056,0.9062256021054305,48.0,36.5,5.0,7.5,0.10932956696176713,0.09377439789456946
"(0.04, 0.2, 0.02)",1.0,15.0,A,,1474458.3361818888,0.09342233729036065,-0.2244801011120358,-0.276860694920781,0.0802470118181539,0.10900763248897072,0.24957127852951813,0.9898604374322796,48.0,41.0,6.0,1.0,0.11893681649709928,0.010139562567720462
"(0.04, 0.2, 0.02)",1.0,,A,,1474458.3361818888,0.09342233729036065,-0.2244801011120358,-0.276860694920781,0.0802470118181539,0.1089482304869193,0.2508815703793199,0.9899077543590282,48.0,41.0,6.0,2.0,0.11889957268638907,0.010092245640971826
"(0.04, 0.2, 0.03)",0.9,15.0,A,,1454802.0964370193,0.09196534572278137,-0.20553693077961044,-0.2407468961833986,0.08507289624363579,0.09969974179718238,0.22909671008411606,0.9062256021054305,46.0,36.5,5.0,4.0,0.10955927324199477,0.09377439789456946
"(0.04, 0.2, 0.03)",0.9,,A,,1454802.0964370193,0.09196534572278137,-0.20553693077961044,-0.2407468961833986,0.08464749252435859,0.09795381765824618,0.23136026887739275,0.9062256021054305,46.0,36.5,5.0,4.5,0.10970183626609582,0.09377439789456946
"(0.04, 0.2, 0.03)",1.0,15.0,A,,1479967.0729405964,0.09382589428311106,-0.22492174948689087,-0.2801478163167036,0.08064972498213752,0.10927032186397803,0.2509705285642427,0.9989148425514773,48.0,41.0,6.0,1.0,0.11880661761753944,0.0010851574485227086
"(0.04, 0.2, 0.03)",1.0,,A,,1479967.0729405964,0.09382589428311106,-0.22492174948689087,-0.2801478163167036,0.08064972498213752,0.10918100746616181,0.2512955671426933,0.9989148425514773,48.0,41.0,6.0,1.0,0.11890667858727662,0.0010851574485227086
"(0.04, 0.2, 0.04)",0.9,15.0,A,,1446018.01822547,0.09130883898222719,-0.2004879587551069,-0.23691062543902044,0.0848640855482983,0.09947969504997109,0.23152417989214255,0.9062256021054305,44.5,36.5,5.0,3.0,0.10909358662336344,0.09377439789456946
"(0.04, 0.2, 0.04)",0.9,,A,,1446018.01822547,0.09130883898222719,-0.2004879587551069,-0.23691062543902044,0.08270704422093542,0.09834263795439716,0.23570146333765993,0.9062256021054305,44.5,36.5,5.0,3.0,0.10922923993639072,0.09377439789456946
"(0.04, 0.2, 0.04)",1.0,15.0,A,,1477025.0061542788,0.09361124609769633,-0.225364701880013,-0.27361832540074205,0.08042081657440203,0.10361002482997836,0.24652899055853483,0.9823464699606439,48.0,42.0,6.0,0.0,0.11807908751473956,0.01765353003935606
"(0.04, 0.2, 0.04)",1.0,,A,,1477025.0061542788,0.09361124609769633,-0.225364701880013,-0.27361832540074205,0.08042081657440203,0.10329117219288998,0.24652899055853483,0.9823464699606439,48.0,42.0,6.0,0.0,0.11807908751473956,0.01765353003935606
"(0.04, 0.2, 0.06)",0.9,15.0,A,,1435291.4184625098,0.09050056489072389,-0.20553774793478052,-0.23823319707797727,0.08352792596865055,0.09933691594428316,0.23254859682964021,0.906225617709327,43.5,36.5,5.0,2.0,0.10979685552454299,0.09377438229067302
"(0.04, 0.2, 0.06)",0.9,,A,,1435291.4184625098,0.09050056489072389,-0.20553774793478052,-0.23823319707797727,0.08318355563365383,0.10060733676453255,0.2361000787077896,0.906225617709327,43.5,36.5,5.0,2.0,0.10994234372955661,0.09377438229067302
"(0.04, 0.2, 0.06)",1.0,15.0,A,,1477025.0061542788,0.09361124609769633,-0.225364701880013,-0.27361832540074205,0.08042081657440203,0.10361002482997836,0.24652899055853483,0.9823464699606439,48.0,42.0,6.0,0.0,0.11807908751473956,0.01765353003935606
"(0.04, 0.2, 0.06)",1.0,,A,,1477025.0061542788,0.09361124609769633,-0.225364701880013,-0.27361832540074205,0.08042081657440203,0.10349288927292871,0.24652899055853483,0.9823464699606439,48.0,42.0,6.0,0.0,0.11807908751473956,0.01765353003935606
"(0.04, 0.2, 0.08)",0.9,15.0,A,,1422866.621306349,0.08955993886348579,-0.20919715391856075,-0.24439448084531698,0.08265661574893135,0.10430370293848258,0.22942663871897928,0.9062256021054305,42.5,36.5,5.0,1.0,0.10795033745930746,0.09377439789456946
"(0.04, 0.2, 0.08)",0.9,,A,,1422866.621306349,0.08955993886348579,-0.20919715391856075,-0.24439448084531698,0.08220532478645068,0.10430370293848258,0.23050012776635437,0.9062256021054305,42.5,36.5,5.0,1.0,0.10796994192398846,0.09377439789456946
"(0.04, 0.2, 0.08)",1.0,15.0,A,,1477025.0061542788,0.09361124609769633,-0.225364701880013,-0.27361832540074205,0.08042081657440203,0.10361002482997836,0.24652899055853483,0.9823464699606439,48.0,42.0,6.0,0.0,0.11807908751473956,0.01765353003935606
"(0.04, 0.2, 0.08)",1.0,,A,,1477025.0061542788,0.09361124609769633,-0.225364701880013,-0.27361832540074205,0.08042081657440203,0.10355161219285575,0.24652899055853483,0.9823464699606439,48.0,42.0,6.0,0.0,0.11807908751473956,0.01765353003935606
"(0.04, 0.2, 0.1)",0.9,15.0,A,,1441327.439264078,0.09095370492350341,-0.2083260878456844,-0.2427787136694511,0.08316889078915742,0.105064683408132,0.22904243380454758,0.9062256021054305,42.5,36.0,5.0,1.0,0.10926521074940322,0.09377439789456946
"(0.04, 0.2, 0.1)",0.9,,A,,1441327.439264078,0.09095370492350341,-0.2083260878456844,-0.2427787136694511,0.08112015994415167,0.105064683408132,0.22904243380454758,0.9062256021054305,42.5,36.0,5.0,1.0,0.10926521074940322,0.09377439789456946
"(0.04, 0.2, 0.1)",1.0,15.0,A,,1477025.0061542788,0.09361124609769633,-0.225364701880013,-0.27361832540074205,0.08042081657440203,0.10361002482997836,0.24652899055853483,0.9823464699606439,48.0,42.0,6.0,0.0,0.11807908751473956,0.01765353003935606
"(0.04, 0.2, 0.1)",1.0,,A,,1477025.0061542788,0.09361124609769633,-0.225364701880013,-0.27361832540074205,0.08042081657440203,0.10361002482997836,0.24652899055853483,0.9830088287395229,48.0,42.0,6.0,0.0,0.11807908751473956,0.01699117126047721
"(0.04, 0.2, 0.15)",0.9,15.0,A,,1433646.7517782971,0.09037777122967705,-0.19909891273262897,-0.2253622369255036,0.08599692952909573,0.10738130087632976,0.2243379394231148,0.906225617709327,43.0,37.0,5.5,0.0,0.10858622041008005,0.09377438229067302
"(0.04, 0.2, 0.15)",0.9,,A,,1433646.7517782971,0.09037777122967705,-0.19909891273262897,-0.2253622369255036,0.08599692952909573,0.10738130087632976,0.2243379394231148,0.906225617709327,43.0,37.0,5.5,0.0,0.10858622041008005,0.09377438229067302
"(0.04, 0.2, 0.15)",1.0,15.0,A,,1477025.0061542788,0.09361124609769633,-0.225364701880013,-0.27361832540074205,0.08042081657440203,0.10361002482997836,0.24652899055853483,0.9823464699606439,48.0,42.0,6.0,0.0,0.11807908751473956,0.01765353003935606
"(0.04, 0.2, 0.15)",1.0,,A,,1477025.0061542788,0.09361124609769633,-0.225364701880013,-0.27361832540074205,0.08042081657440203,0.10361002482997836,0.24652899055853483,0.9824192639416048,48.0,42.0,6.0,0.0,0.11807908751473956,0.017580736058395177
"(0.06, 0.02, 0)",0.9,15.0,A,,1287369.340019816,0.07878345372874807,-0.20074161496363574,-0.2007444212949569,0.07750754302778162,0.08145928554569593,0.24418809742418957,0.8940536286708578,56.0,34.0,22.5,0.0,0.09523652057172963,0.1059463713291422
"(0.06, 0.02, 0)",0.9,,A,,1287369.340019816,0.07878345372874807,-0.20074161496363574,-0.2007444212949569,0.07750754302778162,0.08145928554569593,0.24418809742418957,0.8940536286708578,56.0,34.0,22.5,0.0,0.09523652057172963,0.1059463713291422
"(0.06, 0.02, 0)",1.0,15.0,A,,1354937.7236401231,0.08427910688071627,-0.20969296766589285,-0.21733920165439524,0.08343804707350508,0.08692493007754121,0.26088206586840945,0.9996165546380145,61.5,38.0,24.0,0.0,0.10124846041301536,0.0003834453619856956
"(0.06, 0.02, 0)",1.0,,A,,1354937.7236401231,0.08427910688071627,-0.20969296766589285,-0.21733920165439524,0.08343804707350508,0.08692493007754121,0.26088206586840945,0.9996165546380145,61.5,38.0,24.0,0.0,0.10124846041301536,0.0003834453619856956
"(0.06, 0.02, 0.01)",0.9,15.0,A,,1287369.340019816,0.07878345372874807,-0.20074161496363574,-0.2007444212949569,0.07750754302778162,0.08145928554569593,0.24418809742418957,0.8940536286708578,56.0,34.0,22.5,0.0,0.09523652057172963,0.1059463713291422
"(0.06, 0.02, 0.01)",0.9,,A,,1314341.783153465,0.08100753271106376,-0.20616453773364152,-0.21314892210732767,0.07912002092582504,0.08590578324136142,0.2418083421880023,0.8979142426291857,62.0,35.0,24.0,4.0,0.09466349175661314,0.10208575737081432
"(0.06, 0.02, 0.01)",1.0,15.0,A,,1354937.7236401231,0.08427910688071627,-0.20969296766589285,-0.21733920165439524,0.08343804707350508,0.08692493007754121,0.26088206586840945,0.9996165546380145,61.5,38.0,24.0,0.0,0.10124846041301536,0.0003834453619856956
"(0.06, 0.02, 0.01)",1.0,,A,,1383439.2711682273,0.08652354867423795,-0.22568488727056363,-0.23390500031131287,0.08359091949852834,0.0882127848686965,0.26663161644041916,0.9970126935336168,72.0,36.0,24.0,13.0,0.1039162557761048,0.002987306466383132
"(0.06, 0.02, 0.02)",0.9,15.0,A,,1287369.340019816,0.07878345372874807,-0.20074161496363574,-0.2007444212949569,0.07750754302778162,0.08145928554569593,0.24418809742418957,0.8940536286708578,56.0,34.0,22.5,0.0,0.09523652057172963,0.1059463713291422
"(0.06, 0.02, 0.02)",0.9,,A,,1323051.2437634477,0.08171714939535613,-0.20880284075071948,-0.215519489942405,0.0783167124870158,0.08474590705825011,0.24276702370808617,0.9007131551246585,59.0,35.0,23.0,1.0,0.09474363172667,0.09928684487534145
"(0.06, 0.02, 0.02)",1.0,15.0,A,,1354937.7236401231,0.08427910688071627,-0.20969296766589285,-0.21733920165439524,0.08343804707350508,0.08692493007754121,0.26088206586840945,0.9996165546380145,61.5,38.0,24.0,0.0,0.10124846041301536,0.0003834453619856956
"(0.06, 0.02, 0.02)",1.0,,A,,1369378.4424595963,0.08542146190719879,-0.22485152863811875,-0.23151095456710422,0.08339985557595775,0.08820311554848959,0.265101070129576,0.9961733904731105,65.0,35.5,23.0,6.0,0.10371187355441217,0.003826609526889471
"(0.06, 0.02, 0.03)",0.9,15.0,A,,1287369.340019816,0.07878345372874807,-0.20074161496363574,-0.2007444212949569,0.07750754302778162,0.08145928554569593,0.24418809742418957,0.8940536286708578,56.0,34.0,22.5,0.0,0.09523652057172963,0.1059463713291422
"(0.06, 0.02, 0.03)",0.9,,A,,1300008.8352123462,0.07983090742384003,-0.20999596171209117,-0.21578204260492,0.07729962525422392,0.08336579055839113,0.2421504527365712,0.8983096800880664,59.0,33.5,24.0,1.0,0.09515214663729937,0.10169031991193349
"(0.06, 0.02, 0.03)",1.0,15.0,A,,1354937.7236401231,0.08427910688071627,-0.20969296766589285,-0.21733920165439524,0.08343804707350508,0.08692493007754121,0.26088206586840945,0.9996165546380145,61.5,38.0,24.0,0.0,0.10124846041301536,0.0003834453619856956
"(0.06, 0.02, 0.03)",1.0,,A,,1381963.6471394408,0.08640826347794905,-0.22294982316318862,-0.23651165512877592,0.08291087630449023,0.08898258013232477,0.2651520243775393,0.9976640810677045,63.0,36.0,23.0,4.0,0.10398342115222142,0.00233591893229554
"(0.06, 0.02, 0.04)",0.9,15.0,A,,1287369.340019816,0.07878345372874807,-0.20074161496363574,-0.2007444212949569,0.07750754302778162,0.08145928554569593,0.24418809742418957,0.8940536286708578,56.0,34.0,22.5,0.0,0.09523652057172963,0.1059463713291422
"(0.06, 0.02, 0.04)",0.9,,A,,1287369.340019816,0.07878345372874807,-0.20074161496363574,-0.2007444212949569,0.07750754302778162,0.08145928554569593,0.24418809742418957,0.8940536286708578,56.0,34.0,22.5,0.0,0.09523652057172963,0.1059463713291422
"(0.06, 0.02, 0.04)",1.0,15.0,A,,1354937.7236401231,0.08427910688071627,-0.20969296766589285,-0.21733920165439524,0.08343804707350508,0.08692493007754121,0.26088206586840945,0.9996165546380145,61.5,38.0,24.0,0.0,0.10124846041301536,0.0003834453619856956
"(0.06, 0.02, 0.04)",1.0,,A,,1373647.1482183873,0.08575717255839821,-0.22204996329102444,-0.23837459241726616,0.08295268445851807,0.08824673076487241,0.2635042338137012,0.9959285037531382,63.0,35.5,24.0,3.0,0.1035995338817399,0.004071496246861761
"(0.06, 0.02, 0.06)",0.9,15.0,A,,1287369.340019816,0.07878345372874807,-0.20074161496363574,-0.2007444212949569,0.07750754302778162,0.08145928554569593,0.24418809742418957,0.8940536286708578,56.0,34.0,22.5,0.0,0.09523652057172963,0.1059463713291422
"(0.06, 0.02, 0.06)",0.9,,A,,1287369.340019816,0.07878345372874807,-0.20074161496363574,-0.2007444212949569,0.07750754302778162,0.08145928554569593,0.24418809742418957,0.8940536286708578,56.0,34.0,22.5,0.0,0.09523652057172963,0.1059463713291422
"(0.06, 0.02, 0.06)",1.0,15.0,A,,1354937.7236401231,0.08427910688071627,-0.20969296766589285,-0.21733920165439524,0.08343804707350508,0.08692493007754121,0.26088206586840945,0.9996165546380145,61.5,38.0,24.0,0.0,0.10124846041301536,0.0003834453619856956
"(0.06, 0.02, 0.06)",1.0,,A,,1374161.894468171,0.08579744834342873,-0.23054795746162654,-0.24225620672820575,0.08135581069443747,0.08934473877775254,0.26243168164363473,0.9973361730525282,61.5,36.0,24.0,2.0,0.10347385132361324,0.0026638269474718312
"(0.06, 0.02, 0.08)",0.9,15.0,A,,1287369.340019816,0.07878345372874807,-0.20074161496363574,-0.2007444212949569,0.07750754302778162,0.08145928554569593,0.24418809742418957,0.8940536286708578,56.0,34.0,22.5,0.0,0.09523652057172963,0.1059463713291422
"(0.06, 0.02, 0.08)",0.9,,A,,1287369.340019816,0.07878345372874807,-0.20074161496363574,-0.2007444212949569,0.07750754302778162,0.08145928554569593,0.24418809742418957,0.8940536286708578,56.0,34.0,22.5,0.0,0.09523652057172963,0.1059463713291422
"(0.06, 0.02, 0.08)",1.0,15.0,A,,1354937.7236401231,0.08427910688071627,-0.20969296766589285,-0.21733920165439524,0.08343804707350508,0.08692493007754121,0.26088206586840945,0.9996165546380145,61.5,38.0,24.0,0.0,0.10124846041301536,0.0003834453619856956
"(0.06, 0.02, 0.08)",1.0,,A,,1353919.3371808042,0.08419804247263518,-0.2289153022819182,-0.23254579999558167,0.08133416968312664,0.08911416920158947,0.26468365375111946,0.9980639032835121,60.0,35.0,24.0,1.0,0.10278548873823633,0.0019360967164879744
"(0.06, 0.02, 0.1)",0.9,15.0,A,,1287369.340019816,0.07878345372874807,-0.20074161496363574,-0.2007444212949569,0.07750754302778162,0.08145928554569593,0.24418809742418957,0.8940536286708578,56.0,34.0,22.5,0.0,0.09523652057172963,0.1059463713291422
"(0.06, 0.02, 0.1)",0.9,,A,,1287369.340019816,0.07878345372874807,-0.20074161496363574,-0.2007444212949569,0.07750754302778162,0.08145928554569593,0.24418809742418957,0.8940536286708578,56.0,34.0,22.5,0.0,0.09523652057172963,0.1059463713291422
"(0.06, 0.02, 0.1)",1.0,15.0,A,,1354937.7236401231,0.08427910688071627,-0.20969296766589285,-0.21733920165439524,0.08343804707350508,0.08692493007754121,0.26088206586840945,0.9996165546380145,61.5,38.0,24.0,0.0,0.10124846041301536,0.0003834453619856956
"(0.06, 0.02, 0.1)",1.0,,A,,1355414.1084921872,0.08431688609276944,-0.23242856113927335,-0.2416178384930946,0.08195586396576515,0.09020804972837733,0.2642608275475009,0.9966197469515825,58.5,34.5,23.0,1.0,0.10342232593620546,0.003380253048417479
"(0.06, 0.02, 0.15)",0.9,15.0,A,,1287369.340019816,0.07878345372874807,-0.20074161496363574,-0.2007444212949569,0.07750754302778162,0.08145928554569593,0.24418809742418957,0.8940536286708578,56.0,34.0,22.5,0.0,0.09523652057172963,0.1059463713291422
"(0.06, 0.02, 0.15)",0.9,,A,,1287369.340019816,0.07878345372874807,-0.20074161496363574,-0.2007444212949569,0.07750754302778162,0.08145928554569593,0.24418809742418957,0.8940536286708578,56.0,34.0,22.5,0.0,0.09523652057172963,0.1059463713291422
"(0.06, 0.02, 0.15)",1.0,15.0,A,,1354937.7236401231,0.08427910688071627,-0.20969296766589285,-0.21733920165439524,0.08343804707350508,0.08692493007754121,0.26088206586840945,0.9996165546380145,61.5,38.0,24.0,0.0,0.10124846041301536,0.0003834453619856956
"(0.06, 0.02, 0.15)",1.0,,A,,1354937.7236401231,0.08427910688071627,-0.20969296766589285,-0.21733920165439524,0.08343804707350508,0.08692493007754121,0.26088206586840945,0.9996165546380145,61.5,38.0,24.0,0.0,0.10124846041301536,0.0003834453619856956
"(0.06, 0.03, 0)",0.9,15.0,A,,1335247.176930416,0.08270305764560071,-0.20596271755592055,-0.2274857917531271,0.07969747224211192,0.08694437364313005,0.2447195404610118,0.8966708439932287,52.0,33.5,19.0,0.0,0.09696123602487208,0.10332915600677117
"(0.06, 0.03, 0)",0.9,,A,,1335247.176930416,0.08270305764560071,-0.20596271755592055,-0.2274857917531271,0.07969747224211192,0.08694437364313005,0.2447195404610118,0.8966708439932287,52.0,33.5,19.0,0.0,0.09696123602487208,0.10332915600677117
"(0.06, 0.03, 0)",1.0,15.0,A,,1354597.8080038195,0.08425093921090465,-0.22516355040831626,-0.24241721247171363,0.08256129221449462,0.0871747031192363,0.2663035740149271,0.9905862840842385,56.0,34.0,21.0,0.0,0.10559387545905602,0.009413715915761393
"(0.06, 0.03, 0)",1.0,,A,,1354597.8080038195,0.08425093921090465,-0.22516355040831626,-0.24241721247171363,0.08256129221449462,0.0871747031192363,0.2663035740149271,0.9905862840842385,56.0,34.0,21.0,0.0,0.10559387545905602,0.009413715915761393
"(0.06, 0.03, 0.01)",0.9,15.0,A,,1335247.176930416,0.08270305764560071,-0.20596271755592055,-0.2274857917531271,0.07969747224211192,0.08694437364313005,0.2447195404610118,0.8966708439932287,52.0,33.5,19.0,0.0,0.09696123602487208,0.10332915600677117
"(0.06, 0.03, 0.01)",0.9,,A,,1332835.3994639,0.08250818221824963,-0.20596271755592055,-0.2274857917531271,0.07888584036235555,0.08688410793653996,0.245648994476129,0.8995460438889537,53.0,33.0,19.0,1.0,0.09712234262749966,0.10045395611104635
"(0.06, 0.03, 0.01)",1.0,15.0,A,,1354597.8080038195,0.08425093921090465,-0.22516355040831626,-0.24241721247171363,0.08256129221449462,0.0871747031192363,0.2663035740149271,0.9905862840842385,56.0,34.0,21.0,0.0,0.10559387545905602,0.009413715915761393
"(0.06, 0.03, 0.01)",1.0,,A,,1360780.8214785287,0.08474245845502193,-0.2287969945366079,-0.24411059238879707,0.08248789348089865,0.08883060988202954,0.26689491979556657,0.9933954053515524,57.0,34.0,21.5,1.0,0.10569522307324672,0.006604594648447577
"(0.06, 0.03, 0.02)",0.9,15.0,A,,1335247.176930416,0.08270305764560071,-0.20596271755592055,-0.2274857917531271,0.07969747224211192,0.08694437364313005,0.2447195404610118,0.8966708439932287,52.0,33.5,19.0,0.0,0.09696123602487208,0.10332915600677117
"(0.06, 0.03, 0.02)",0.9,,A,,1336706.8490248965,0.08282017696190103,-0.20596271755592055,-0.2274857917531271,0.07884461484813907,0.0867019714718891,0.24538032210727165,0.8990348157344987,52.0,33.0,19.0,0.0,0.09734508265135491,0.10096518426550127
"(0.06, 0.03, 0.02)",1.0,15.0,A,,1354597.8080038195,0.08425093921090465,-0.22516355040831626,-0.24241721247171363,0.08256129221449462,0.0871747031192363,0.2663035740149271,0.9905862840842385,56.0,34.0,21.0,0.0,0.10559387545905602,0.009413715915761393
"(0.06, 0.03, 0.02)",1.0,,A,,1354597.8080038195,0.08425093921090465,-0.22516355040831626,-0.24241721247171363,0.08256129221449462,0.08710466265955971,0.2663035740149271,0.9905862840842385,56.0,34.0,21.0,0.0,0.10559387545905602,0.009413715915761393
"(0.06, 0.03, 0.03)",0.9,15.0,A,,1335247.176930416,0.08270305764560071,-0.20596271755592055,-0.2274857917531271,0.07969747224211192,0.08694437364313005,0.2447195404610118,0.8966708439932287,52.0,33.5,19.0,0.0,0.09696123602487208,0.10332915600677117
"(0.06, 0.03, 0.03)",0.9,,A,,1335247.176930416,0.08270305764560071,-0.20596271755592055,-0.2274857917531271,0.07969747224211192,0.08694437364313005,0.2447195404610118,0.8966708439932287,52.0,33.5,19.0,0.0,0.09696123602487208,0.10332915600677117
"(0.06, 0.03, 0.03)",1.0,15.0,A,,1354597.8080038195,0.08425093921090465,-0.22516355040831626,-0.24241721247171363,0.08256129221449462,0.0871747031192363,0.2663035740149271,0.9905862840842385,56.0,34.0,21.0,0.0,0.10559387545905602,0.009413715915761393
"(0.06, 0.03, 0.03)",1.0,,A,,1354597.8080038195,0.08425093921090465,-0.22516355040831626,-0.24241721247171363,0.08256129221449462,0.0871747031192363,0.2663035740149271,0.9905862840842385,56.0,34.0,21.0,0.0,0.10559387545905602,0.009413715915761393
"(0.06, 0.03, 0.04)",0.9,15.0,A,,1335247.176930416,0.08270305764560071,-0.20596271755592055,-0.2274857917531271,0.07969747224211192,0.08694437364313005,0.2447195404610118,0.8966708439932287,52.0,33.5,19.0,0.0,0.09696123602487208,0.10332915600677117
"(0.06, 0.03, 0.04)",0.9,,A,,1335247.176930416,0.08270305764560071,-0.20596271755592055,-0.2274857917531271,0.07969747224211192,0.08694437364313005,0.2447195404610118,0.8966708439932287,52.0,33.5,19.0,0.0,0.09696123602487208,0.10332915600677117
"(0.06, 0.03, 0.04)",1.0,15.0,A,,1354597.8080038195,0.08425093921090465,-0.22516355040831626,-0.24241721247171363,0.08256129221449462,0.0871747031192363,0.2663035740149271,0.9905862840842385,56.0,34.0,21.0,0.0,0.10559387545905602,0.009413715915761393
"(0.06, 0.03, 0.04)",1.0,,A,,1354597.8080038195,0.08425093921090465,-0.22516355040831626,-0.24241721247171363,0.08256129221449462,0.0871747031192363,0.2663035740149271,0.9905862840842385,56.0,34.0,21.0,0.0,0.10559387545905602,0.009413715915761393
"(0.06, 0.03, 0.06)",0.9,15.0,A,,1335247.176930416,0.08270305764560071,-0.20596271755592055,-0.2274857917531271,0.07969747224211192,0.08694437364313005,0.2447195404610118,0.8966708439932287,52.0,33.5,19.0,0.0,0.09696123602487208,0.10332915600677117
"(0.06, 0.03, 0.06)",0.9,,A,,1335247.176930416,0.08270305764560071,-0.20596271755592055,-0.2274857917531271,0.07969747224211192,0.08694437364313005,0.2447195404610118,0.8966708439932287,52.0,33.5,19.0,0.0,0.09696123602487208,0.10332915600677117
"(0.06, 0.03, 0.06)",1.0,15.0,A,,1354597.8080038195,0.08425093921090465,-0.22516355040831626,-0.24241721247171363,0.08256129221449462,0.0871747031192363,0.2663035740149271,0.9905862840842385,56.0,34.0,21.0,0.0,0.10559387545905602,0.009413715915761393
"(0.06, 0.03, 0.06)",1.0,,A,,1354597.8080038195,0.08425093921090465,-0.22516355040831626,-0.24241721247171363,0.08256129221449462,0.0871747031192363,0.2663035740149271,0.9905862840842385,56.0,34.0,21.0,0.0,0.10559387545905602,0.009413715915761393
"(0.06, 0.03, 0.08)",0.9,15.0,A,,1335247.176930416,0.08270305764560071,-0.20596271755592055,-0.2274857917531271,0.07969747224211192,0.08694437364313005,0.2447195404610118,0.8966708439932287,52.0,33.5,19.0,0.0,0.09696123602487208,0.10332915600677117
"(0.06, 0.03, 0.08)",0.9,,A,,1335247.176930416,0.08270305764560071,-0.20596271755592055,-0.2274857917531271,0.07969747224211192,0.08694437364313005,0.2447195404610118,0.8966708439932287,52.0,33.5,19.0,0.0,0.09696123602487208,0.10332915600677117
"(0.06, 0.03, 0.08)",1.0,15.0,A,,1354597.8080038195,0.08425093921090465,-0.22516355040831626,-0.24241721247171363,0.08256129221449462,0.0871747031192363,0.2663035740149271,0.9905862840842385,56.0,34.0,21.0,0.0,0.10559387545905602,0.009413715915761393
"(0.06, 0.03, 0.08)",1.0,,A,,1354597.8080038195,0.08425093921090465,-0.22516355040831626,-0.24241721247171363,0.08256129221449462,0.0871747031192363,0.2663035740149271,0.9905862840842385,56.0,34.0,21.0,0.0,0.10559387545905602,0.009413715915761393
"(0.06, 0.03, 0.1)",0.9,15.0,A,,1335247.176930416,0.08270305764560071,-0.20596271755592055,-0.2274857917531271,0.07969747224211192,0.08694437364313005,0.2447195404610118,0.8966708439932287,52.0,33.5,19.0,0.0,0.09696123602487208,0.10332915600677117
"(0.06, 0.03, 0.1)",0.9,,A,,1335247.176930416,0.08270305764560071,-0.20596271755592055,-0.2274857917531271,0.07969747224211192,0.08694437364313005,0.2447195404610118,0.8966708439932287,52.0,33.5,19.0,0.0,0.09696123602487208,0.10332915600677117
"(0.06, 0.03, 0.1)",1.0,15.0,A,,1354597.8080038195,0.08425093921090465,-0.22516355040831626,-0.24241721247171363,0.08256129221449462,0.0871747031192363,0.2663035740149271,0.9905862840842385,56.0,34.0,21.0,0.0,0.10559387545905602,0.009413715915761393
"(0.06, 0.03, 0.1)",1.0,,A,,1354597.8080038195,0.08425093921090465,-0.22516355040831626,-0.24241721247171363,0.08256129221449462,0.0871747031192363,0.2663035740149271,0.9905862840842385,56.0,34.0,21.0,0.0,0.10559387545905602,0.009413715915761393
"(0.06, 0.03, 0.15)",0.9,15.0,A,,1335247.176930416,0.08270305764560071,-0.20596271755592055,-0.2274857917531271,0.07969747224211192,0.08694437364313005,0.2447195404610118,0.8966708439932287,52.0,33.5,19.0,0.0,0.09696123602487208,0.10332915600677117
"(0.06, 0.03, 0.15)",0.9,,A,,1335247.176930416,0.08270305764560071,-0.20596271755592055,-0.2274857917531271,0.07969747224211192,0.08694437364313005,0.2447195404610118,0.8966708439932287,52.0,33.5,19.0,0.0,0.09696123602487208,0.10332915600677117
"(0.06, 0.03, 0.15)",1.0,15.0,A,,1354597.8080038195,0.08425093921090465,-0.22516355040831626,-0.24241721247171363,0.08256129221449462,0.0871747031192363,0.2663035740149271,0.9905862840842385,56.0,34.0,21.0,0.0,0.10559387545905602,0.009413715915761393
"(0.06, 0.03, 0.15)",1.0,,A,,1354597.8080038195,0.08425093921090465,-0.22516355040831626,-0.24241721247171363,0.08256129221449462,0.0871747031192363,0.2663035740149271,0.9905862840842385,56.0,34.0,21.0,0.0,0.10559387545905602,0.009413715915761393
"(0.06, 0.04, 0)",0.9,15.0,A,,1350315.9652662063,0.08390993961939464,-0.19685140405613333,-0.2270235798235604,0.08100291447073238,0.08679185735399637,0.2481102248599944,0.8965667885980826,48.0,33.0,14.0,0.0,0.09882215023918312,0.10343321140191739
"(0.06, 0.04, 0)",0.9,,A,,1350315.9652662063,0.08390993961939464,-0.19685140405613333,-0.2270235798235604,0.08100291447073238,0.08679185735399637,0.2481102248599944,0.8965667885980826,48.0,33.0,14.0,0.0,0.09882215023918312,0.10343321140191739
"(0.06, 0.04, 0)",1.0,15.0,A,,1397075.4063187987,0.0875826513246234,-0.22744186256907362,-0.24678268514118318,0.08422137958108819,0.09125686373967692,0.2672314340585522,0.9930776378296607,51.0,36.0,15.5,0.0,0.10645640651485208,0.006922362170339232
"(0.06, 0.04, 0)",1.0,,A,,1397075.4063187987,0.0875826513246234,-0.22744186256907362,-0.24678268514118318,0.08422137958108819,0.09125686373967692,0.2672314340585522,0.9930776378296607,51.0,36.0,15.5,0.0,0.10645640651485208,0.006922362170339232
"(0.06, 0.04, 0.01)",0.9,15.0,A,,1350315.9652662063,0.08390993961939464,-0.19685140405613333,-0.2270235798235604,0.08100291447073238,0.08679185735399637,0.2481102248599944,0.8965667885980826,48.0,33.0,14.0,0.0,0.09882215023918312,0.10343321140191739
"(0.06, 0.04, 0.01)",0.9,,A,,1383164.5561299836,0.08650205886470386,-0.20645512593212195,-0.2270390254353397,0.08021736997086062,0.08905299205336303,0.24491337212240527,0.8978612881802122,50.0,33.0,15.0,1.5,0.09863989668466958,0.10213871181978784
"(0.06, 0.04, 0.01)",1.0,15.0,A,,1397075.4063187987,0.0875826513246234,-0.22744186256907362,-0.24678268514118318,0.08422137958108819,0.09125686373967692,0.2672314340585522,0.9930776378296607,51.0,36.0,15.5,0.0,0.10645640651485208,0.006922362170339232
"(0.06, 0.04, 0.01)",1.0,,A,,1409733.6641463246,0.0885569384063497,-0.22232807045920505,-0.24389830330592419,0.08373204463714598,0.09117166756860987,0.26835607850185283,0.9938744962603168,55.5,35.0,16.0,4.0,0.10696894134751778,0.006125503739683259
"(0.06, 0.04, 0.02)",0.9,15.0,A,,1350315.9652662063,0.08390993961939464,-0.19685140405613333,-0.2270235798235604,0.08100291447073238,0.08679185735399637,0.2481102248599944,0.8965667885980826,48.0,33.0,14.0,0.0,0.09882215023918312,0.10343321140191739
"(0.06, 0.04, 0.02)",0.9,,A,,1346556.6268953444,0.08361078425553148,-0.19685140405613333,-0.2270235798235604,0.08099511436424381,0.08679185735399637,0.2481102248599944,0.8965667885980826,48.0,33.0,15.0,0.0,0.09885634330911394,0.10343321140191739
"(0.06, 0.04, 0.02)",1.0,15.0,A,,1397075.4063187987,0.0875826513246234,-0.22744186256907362,-0.24678268514118318,0.08422137958108819,0.09125686373967692,0.2672314340585522,0.9930776378296607,51.0,36.0,15.5,0.0,0.10645640651485208,0.006922362170339232
"(0.06, 0.04, 0.02)",1.0,,A,,1376952.8314184286,0.0860164282901168,-0.22640864925871607,-0.24799523167243015,0.08248704022731848,0.09246003255599537,0.2695036389503995,0.9937263433771075,52.0,34.0,16.0,1.0,0.10731450514682613,0.006273656622892438
"(0.06, 0.04, 0.03)",0.9,15.0,A,,1350315.9652662063,0.08390993961939464,-0.19685140405613333,-0.2270235798235604,0.08100291447073238,0.08679185735399637,0.2481102248599944,0.8965667885980826,48.0,33.0,14.0,0.0,0.09882215023918312,0.10343321140191739
"(0.06, 0.04, 0.03)",0.9,,A,,1344513.599037073,0.08344757692150628,-0.19685140405613333,-0.2270235798235604,0.08094711072444993,0.08679185735399637,0.2481102248599944,0.8977838125913724,48.0,33.0,15.0,0.0,0.09873049517744642,0.10221618740862756
"(0.06, 0.04, 0.03)",1.0,15.0,A,,1397075.4063187987,0.0875826513246234,-0.22744186256907362,-0.24678268514118318,0.08422137958108819,0.09125686373967692,0.2672314340585522,0.9930776378296607,51.0,36.0,15.5,0.0,0.10645640651485208,0.006922362170339232
"(0.06, 0.04, 0.03)",1.0,,A,,1406206.7076359119,0.0882840724218662,-0.22538104275756,-0.25069267809324897,0.08362964627305378,0.09260354019262482,0.2659252031919036,0.9974500129255921,52.5,34.0,17.0,1.0,0.1069056757728234,0.0025499870744078645
"(0.06, 0.04, 0.04)",0.9,15.0,A,,1350315.9652662063,0.08390993961939464,-0.19685140405613333,-0.2270235798235604,0.08100291447073238,0.08679185735399637,0.2481102248599944,0.8965667885980826,48.0,33.0,14.0,0.0,0.09882215023918312,0.10343321140191739
"(0.06, 0.04, 0.04)",0.9,,A,,1350315.9652662063,0.08390993961939464,-0.19685140405613333,-0.2270235798235604,0.08100291447073238,0.08679185735399637,0.2481102248599944,0.8965667885980826,48.0,33.0,14.0,0.0,0.09882215023918312,0.10343321140191739
"(0.06, 0.04, 0.04)",1.0,15.0,A,,1397075.4063187987,0.0875826513246234,-0.22744186256907362,-0.24678268514118318,0.08422137958108819,0.09125686373967692,0.2672314340585522,0.9930776378296607,51.0,36.0,15.5,0.0,0.10645640651485208,0.006922362170339232
"(0.06, 0.04, 0.04)",1.0,,A,,1397075.4063187987,0.0875826513246234,-0.22744186256907362,-0.24678268514118318,0.08422137958108819,0.09125686373967692,0.2672314340585522,0.9930776378296607,51.0,36.0,15.5,0.0,0.10645640651485208,0.006922362170339232
"(0.06, 0.04, 0.06)",0.9,15.0,A,,1350315.9652662063,0.08390993961939464,-0.19685140405613333,-0.2270235798235604,0.08100291447073238,0.08679185735399637,0.2481102248599944,0.8965667885980826,48.0,33.0,14.0,0.0,0.09882215023918312,0.10343321140191739
"(0.06, 0.04, 0.06)",0.9,,A,,1350315.9652662063,0.08390993961939464,-0.19685140405613333,-0.2270235798235604,0.08100291447073238,0.08679185735399637,0.2481102248599944,0.8965667885980826,48.0,33.0,14.0,0.0,0.09882215023918312,0.10343321140191739
"(0.06, 0.04, 0.06)",1.0,15.0,A,,1397075.4063187987,0.0875826513246234,-0.22744186256907362,-0.24678268514118318,0.08422137958108819,0.09125686373967692,0.2672314340585522,0.9930776378296607,51.0,36.0,15.5,0.0,0.10645640651485208,0.006922362170339232
"(0.06, 0.04, 0.06)",1.0,,A,,1397075.4063187987,0.0875826513246234,-0.22744186256907362,-0.24678268514118318,0.08422137958108819,0.09125686373967692,0.2672314340585522,0.9930776378296607,51.0,36.0,15.5,0.0,0.10645640651485208,0.006922362170339232
"(0.06, 0.04, 0.08)",0.9,15.0,A,,1350315.9652662063,0.08390993961939464,-0.19685140405613333,-0.2270235798235604,0.08100291447073238,0.08679185735399637,0.2481102248599944,0.8965667885980826,48.0,33.0,14.0,0.0,0.09882215023918312,0.10343321140191739
"(0.06, 0.04, 0.08)",0.9,,A,,1350315.9652662063,0.08390993961939464,-0.19685140405613333,-0.2270235798235604,0.08100291447073238,0.08679185735399637,0.2481102248599944,0.8965667885980826,48.0,33.0,14.0,0.0,0.09882215023918312,0.10343321140191739
"(0.06, 0.04, 0.08)",1.0,15.0,A,,1397075.4063187987,0.0875826513246234,-0.22744186256907362,-0.24678268514118318,0.08422137958108819,0.09125686373967692,0.2672314340585522,0.9930776378296607,51.0,36.0,15.5,0.0,0.10645640651485208,0.006922362170339232
"(0.06, 0.04, 0.08)",1.0,,A,,1397075.4063187987,0.0875826513246234,-0.22744186256907362,-0.24678268514118318,0.08422137958108819,0.09125686373967692,0.2672314340585522,0.9930776378296607,51.0,36.0,15.5,0.0,0.10645640651485208,0.006922362170339232
"(0.06, 0.04, 0.1)",0.9,15.0,A,,1350315.9652662063,0.08390993961939464,-0.19685140405613333,-0.2270235798235604,0.08100291447073238,0.08679185735399637,0.2481102248599944,0.8965667885980826,48.0,33.0,14.0,0.0,0.09882215023918312,0.10343321140191739
"(0.06, 0.04, 0.1)",0.9,,A,,1350315.9652662063,0.08390993961939464,-0.19685140405613333,-0.2270235798235604,0.08100291447073238,0.08679185735399637,0.2481102248599944,0.8965667885980826,48.0,33.0,14.0,0.0,0.09882215023918312,0.10343321140191739
"(0.06, 0.04, 0.1)",1.0,15.0,A,,1397075.4063187987,0.0875826513246234,-0.22744186256907362,-0.24678268514118318,0.08422137958108819,0.09125686373967692,0.2672314340585522,0.9930776378296607,51.0,36.0,15.5,0.0,0.10645640651485208,0.006922362170339232
"(0.06, 0.04, 0.1)",1.0,,A,,1397075.4063187987,0.0875826513246234,-0.22744186256907362,-0.24678268514118318,0.08422137958108819,0.09125686373967692,0.2672314340585522,0.9930776378296607,51.0,36.0,15.5,0.0,0.10645640651485208,0.006922362170339232
"(0.06, 0.04, 0.15)",0.9,15.0,A,,1350315.9652662063,0.08390993961939464,-0.19685140405613333,-0.2270235798235604,0.08100291447073238,0.08679185735399637,0.2481102248599944,0.8965667885980826,48.0,33.0,14.0,0.0,0.09882215023918312,0.10343321140191739
"(0.06, 0.04, 0.15)",0.9,,A,,1350315.9652662063,0.08390993961939464,-0.19685140405613333,-0.2270235798235604,0.08100291447073238,0.08679185735399637,0.2481102248599944,0.8965667885980826,48.0,33.0,14.0,0.0,0.09882215023918312,0.10343321140191739
"(0.06, 0.04, 0.15)",1.0,15.0,A,,1397075.4063187987,0.0875826513246234,-0.22744186256907362,-0.24678268514118318,0.08422137958108819,0.09125686373967692,0.2672314340585522,0.9930776378296607,51.0,36.0,15.5,0.0,0.10645640651485208,0.006922362170339232
"(0.06, 0.04, 0.15)",1.0,,A,,1397075.4063187987,0.0875826513246234,-0.22744186256907362,-0.24678268514118318,0.08422137958108819,0.09125686373967692,0.2672314340585522,0.9930776378296607,51.0,36.0,15.5,0.0,0.10645640651485208,0.006922362170339232
"(0.06, 0.06, 0)",0.9,15.0,A,,1391112.094840005,0.08712065110715883,-0.19272603705774588,-0.2200301041880449,0.0835535002681274,0.09103480431040822,0.24746566028369638,0.8944093673331923,44.0,34.0,10.0,0.0,0.10163551833110493,0.10559063266680759
"(0.06, 0.06, 0)",0.9,,A,,1391112.094840005,0.08712065110715883,-0.19272603705774588,-0.2200301041880449,0.0835535002681274,0.09103480431040822,0.24746566028369638,0.8944093673331923,44.0,34.0,10.0,0.0,0.10163551833110493,0.10559063266680759
"(0.06, 0.06, 0)",1.0,15.0,A,,1440718.6039115272,0.09091095156198525,-0.21944791862036778,-0.26378711799518534,0.08660789866782163,0.09495457369178861,0.2654490858637174,0.9933256384186446,48.0,35.5,12.0,0.0,0.10962796279023423,0.006674361581355441
"(0.06, 0.06, 0)",1.0,,A,,1440718.6039115272,0.09091095156198525,-0.21944791862036778,-0.26378711799518534,0.08660789866782163,0.09495457369178861,0.2654490858637174,0.9933256384186446,48.0,35.5,12.0,0.0,0.10962796279023423,0.006674361581355441
"(0.06, 0.06, 0.01)",0.9,15.0,A,,1395869.3265409914,0.08748935768213084,-0.1979288424679025,-0.22726312328371812,0.0853395899720617,0.09017032873446838,0.24239280596401203,0.8910597575602197,46.0,35.0,10.0,1.0,0.10068773266402742,0.10894024243978023
"(0.06, 0.06, 0.01)",0.9,,A,,1415400.8486552816,0.08899088906088182,-0.1987008522539883,-0.22568361064683057,0.08571960087892963,0.09226054941677755,0.24487359746624945,0.897828631633439,49.5,35.0,10.0,5.0,0.10086403236306167,0.10217136836656096
"(0.06, 0.06, 0.01)",1.0,15.0,A,,1440718.6039115272,0.09091095156198525,-0.21944791862036778,-0.26378711799518534,0.08660789866782163,0.09495457369178861,0.2654490858637174,0.9933256384186446,48.0,35.5,12.0,0.0,0.10962796279023423,0.006674361581355441
"(0.06, 0.06, 0.01)",1.0,,A,,1446926.5754867047,0.09137697292470592,-0.2227329933112287,-0.2659052233141142,0.08530790361636842,0.09498904242255021,0.26709397970346566,0.9942119084569556,50.0,35.0,12.0,3.0,0.11001485671991718,0.005788091543044389
"(0.06, 0.06, 0.02)",0.9,15.0,A,,1409206.4638101305,0.08851446021304477,-0.19885248273336803,-0.22987934424008316,0.08576223768320654,0.09057540574269467,0.24384883565241838,0.8885803549368958,46.0,35.0,10.0,1.0,0.10120805329312271,0.1114196450631042
"(0.06, 0.06, 0.02)",0.9,,A,,1414358.7225040295,0.08891151401656472,-0.19885248273336803,-0.22987934424008316,0.08501822007737983,0.0911058431768568,0.24616142667412302,0.897670684255761,47.0,35.0,10.0,2.0,0.10122844695838892,0.10232931574423892
"(0.06, 0.06, 0.02)",1.0,15.0,A,,1440718.6039115272,0.09091095156198525,-0.21944791862036778,-0.26378711799518534,0.08660789866782163,0.09495457369178861,0.2654490858637174,0.9933256384186446,48.0,35.5,12.0,0.0,0.10962796279023423,0.006674361581355441
"(0.06, 0.06, 0.02)",1.0,,A,,1449901.3524554912,0.09159827435486678,-0.21944791862036778,-0.26378711799518534,0.08660789866782163,0.09523351094392603,0.26750632950141673,0.9867713721453713,48.5,35.0,12.0,1.0,0.10955003579988057,0.01322862785462871
"(0.06, 0.06, 0.03)",0.9,15.0,A,,1428833.0750294118,0.0900136365224612,-0.20113558222411032,-0.23242540833667855,0.08323661739878081,0.09116009506006018,0.24775356001007043,0.8964464363142173,46.0,35.0,10.0,1.0,0.10178756635039572,0.1035535636857827
"(0.06, 0.06, 0.03)",0.9,,A,,1428833.0750294118,0.0900136365224612,-0.20113558222411032,-0.23242540833667855,0.08323661739878081,0.09116009506006018,0.24775356001007043,0.8964464363142173,46.0,35.0,10.0,1.0,0.10178756635039572,0.1035535636857827
"(0.06, 0.06, 0.03)",1.0,15.0,A,,1440718.6039115272,0.09091095156198525,-0.21944791862036778,-0.26378711799518534,0.08660789866782163,0.09495457369178861,0.2654490858637174,0.9933256384186446,48.0,35.5,12.0,0.0,0.10962796279023423,0.006674361581355441
"(0.06, 0.06, 0.03)",1.0,,A,,1443196.2347649895,0.09109715866138857,-0.21944791862036778,-0.26378711799518534,0.08605259138073562,0.09549034497930806,0.26700123715902213,0.993069192307203,48.0,35.0,12.0,1.0,0.10943247277720683,0.006930807692796975
"(0.06, 0.06, 0.04)",0.9,15.0,A,,1398872.0086104197,0.08772021566006649,-0.19272603705774588,-0.2200301041880449,0.0835995864697717,0.09089400439271966,0.2526819819005659,0.8982181970715408,45.0,34.0,10.0,1.0,0.10240072811939388,0.10178180292845909
"(0.06, 0.06, 0.04)",0.9,,A,,1398872.0086104197,0.08772021566006649,-0.19272603705774588,-0.2200301041880449,0.0835995864697717,0.09089400439271966,0.2526819819005659,0.8982181970715408,45.0,34.0,10.0,1.0,0.10240072811939388,0.10178180292845909
"(0.06, 0.06, 0.04)",1.0,15.0,A,,1440718.6039115272,0.09091095156198525,-0.21944791862036778,-0.26378711799518534,0.08660789866782163,0.09495457369178861,0.2654490858637174,0.9933256384186446,48.0,35.5,12.0,0.0,0.10962796279023423,0.006674361581355441
"(0.06, 0.06, 0.04)",1.0,,A,,1441908.0417578802,0.09100040425140621,-0.21944791862036778,-0.26378711799518534,0.08579020943500207,0.09487018767288613,0.2654490858637174,0.9930676331921501,48.0,35.0,12.0,0.0,0.10962796279023423,0.006932366807849921
"(0.06, 0.06, 0.06)",0.9,15.0,A,,1391112.094840005,0.08712065110715883,-0.19272603705774588,-0.2200301041880449,0.0835535002681274,0.09103480431040822,0.24746566028369638,0.8944093673331923,44.0,34.0,10.0,0.0,0.10163551833110493,0.10559063266680759
"(0.06, 0.06, 0.06)",0.9,,A,,1391112.094840005,0.08712065110715883,-0.19272603705774588,-0.2200301041880449,0.0835535002681274,0.09103480431040822,0.24746566028369638,0.8944093673331923,44.0,34.0,10.0,0.0,0.10163551833110493,0.10559063266680759
"(0.06, 0.06, 0.06)",1.0,15.0,A,,1440718.6039115272,0.09091095156198525,-0.21944791862036778,-0.26378711799518534,0.08660789866782163,0.09495457369178861,0.2654490858637174,0.9933256384186446,48.0,35.5,12.0,0.0,0.10962796279023423,0.006674361581355441
"(0.06, 0.06, 0.06)",1.0,,A,,1440718.6039115272,0.09091095156198525,-0.21944791862036778,-0.26378711799518534,0.08660789866782163,0.09495457369178861,0.2654490858637174,0.9933256384186446,48.0,35.5,12.0,0.0,0.10962796279023423,0.006674361581355441
"(0.06, 0.06, 0.08)",0.9,15.0,A,,1391112.094840005,0.08712065110715883,-0.19272603705774588,-0.2200301041880449,0.0835535002681274,0.09103480431040822,0.24746566028369638,0.8944093673331923,44.0,34.0,10.0,0.0,0.10163551833110493,0.10559063266680759
"(0.06, 0.06, 0.08)",0.9,,A,,1391112.094840005,0.08712065110715883,-0.19272603705774588,-0.2200301041880449,0.0835535002681274,0.09103480431040822,0.24746566028369638,0.8944093673331923,44.0,34.0,10.0,0.0,0.10163551833110493,0.10559063266680759
"(0.06, 0.06, 0.08)",1.0,15.0,A,,1440718.6039115272,0.09091095156198525,-0.21944791862036778,-0.26378711799518534,0.08660789866782163,0.09495457369178861,0.2654490858637174,0.9933256384186446,48.0,35.5,12.0,0.0,0.10962796279023423,0.006674361581355441
"(0.06, 0.06, 0.08)",1.0,,A,,1440718.6039115272,0.09091095156198525,-0.21944791862036778,-0.26378711799518534,0.08660789866782163,0.09495457369178861,0.2654490858637174,0.9933256384186446,48.0,35.5,12.0,0.0,0.10962796279023423,0.006674361581355441
"(0.06, 0.06, 0.1)",0.9,15.0,A,,1391112.094840005,0.08712065110715883,-0.19272603705774588,-0.2200301041880449,0.0835535002681274,0.09103480431040822,0.24746566028369638,0.8944093673331923,44.0,34.0,10.0,0.0,0.10163551833110493,0.10559063266680759
"(0.06, 0.06, 0.1)",0.9,,A,,1391112.094840005,0.08712065110715883,-0.19272603705774588,-0.2200301041880449,0.0835535002681274,0.09103480431040822,0.24746566028369638,0.8944093673331923,44.0,34.0,10.0,0.0,0.10163551833110493,0.10559063266680759
"(0.06, 0.06, 0.1)",1.0,15.0,A,,1440718.6039115272,0.09091095156198525,-0.21944791862036778,-0.26378711799518534,0.08660789866782163,0.09495457369178861,0.2654490858637174,0.9933256384186446,48.0,35.5,12.0,0.0,0.10962796279023423,0.006674361581355441
"(0.06, 0.06, 0.1)",1.0,,A,,1440718.6039115272,0.09091095156198525,-0.21944791862036778,-0.26378711799518534,0.08660789866782163,0.09495457369178861,0.2654490858637174,0.9933256384186446,48.0,35.5,12.0,0.0,0.10962796279023423,0.006674361581355441
"(0.06, 0.06, 0.15)",0.9,15.0,A,,1391112.094840005,0.08712065110715883,-0.19272603705774588,-0.2200301041880449,0.0835535002681274,0.09103480431040822,0.24746566028369638,0.8944093673331923,44.0,34.0,10.0,0.0,0.10163551833110493,0.10559063266680759
"(0.06, 0.06, 0.15)",0.9,,A,,1391112.094840005,0.08712065110715883,-0.19272603705774588,-0.2200301041880449,0.0835535002681274,0.09103480431040822,0.24746566028369638,0.8944093673331923,44.0,34.0,10.0,0.0,0.10163551833110493,0.10559063266680759
"(0.06, 0.06, 0.15)",1.0,15.0,A,,1440718.6039115272,0.09091095156198525,-0.21944791862036778,-0.26378711799518534,0.08660789866782163,0.09495457369178861,0.2654490858637174,0.9933256384186446,48.0,35.5,12.0,0.0,0.10962796279023423,0.006674361581355441
"(0.06, 0.06, 0.15)",1.0,,A,,1440718.6039115272,0.09091095156198525,-0.21944791862036778,-0.26378711799518534,0.08660789866782163,0.09495457369178861,0.2654490858637174,0.9933256384186446,48.0,35.5,12.0,0.0,0.10962796279023423,0.006674361581355441
"(0.06, 0.08, 0)",0.9,15.0,A,,1442546.2043686595,0.09104831218255738,-0.19808194370986343,-0.2274682460799445,0.0845943107753629,0.09358563041316392,0.2513363151108716,0.9075019053057078,43.0,34.0,9.0,0.0,0.10699657430073685,0.09249809469429224
"(0.06, 0.08, 0)",0.9,,A,,1442546.2043686595,0.09104831218255738,-0.19808194370986343,-0.2274682460799445,0.0845943107753629,0.09358563041316392,0.2513363151108716,0.9075019053057078,43.0,34.0,9.0,0.0,0.10699657430073685,0.09249809469429224
"(0.06, 0.08, 0)",1.0,15.0,A,,1501067.614750199,0.09536665276456091,-0.2146223854279063,-0.25158156309950663,0.09059246952812036,0.0999378966985133,0.2697396879225441,0.9934404684987892,46.0,36.0,10.0,0.0,0.11353882252933657,0.006559531501210766
"(0.06, 0.08, 0)",1.0,,A,,1501067.614750199,0.09536665276456091,-0.2146223854279063,-0.25158156309950663,0.09059246952812036,0.0999378966985133,0.2697396879225441,0.9934404684987892,46.0,36.0,10.0,0.0,0.11353882252933657,0.006559531501210766
"(0.06, 0.08, 0.01)",0.9,15.0,A,,1444513.0277936326,0.09119596642147743,-0.20067418853005797,-0.23088374400719525,0.08613711913387834,0.0959821349996319,0.2481384768348187,0.9075019053057078,45.0,34.0,9.0,2.0,0.10603975884017643,0.09249809469429224
"(0.06, 0.08, 0.01)",0.9,,A,,1442292.1157208688,0.09102890428283472,-0.20067418853005797,-0.23088374400719525,0.0863910761479428,0.09420679094924458,0.24914582326887388,0.9075019053057078,46.0,34.0,9.0,3.0,0.10613725911080849,0.09249809469429224
"(0.06, 0.08, 0.01)",1.0,15.0,A,,1503173.1165287816,0.09551925285631468,-0.2170319441794304,-0.2504150658530294,0.09042605629052751,0.10012522624467379,0.26940381147759906,0.980692096843188,46.5,35.0,10.0,1.0,0.11400283988800754,0.019307903156811912
"(0.06, 0.08, 0.01)",1.0,,A,,1500256.6501907562,0.0953055048147381,-0.21424673942924038,-0.2534934918343394,0.09184743605327732,0.10082134853819473,0.27162902940662836,0.9925368082066984,50.0,36.0,10.0,5.0,0.11428924607380889,0.007463191793301572
"(0.06, 0.08, 0.02)",0.9,15.0,A,,1444574.5571658656,0.0912006439233628,-0.19808194370986343,-0.2274682460799445,0.0865104064412845,0.09485880289065969,0.25268532308387204,0.9075019053057078,43.0,34.0,9.0,2.0,0.10741658784340127,0.09249809469429224
"(0.06, 0.08, 0.02)",0.9,,A,,1444574.5571658656,0.0912006439233628,-0.19808194370986343,-0.2274682460799445,0.0865104064412845,0.09485880289065969,0.25268532308387204,0.9075019053057078,43.0,34.0,9.0,2.0,0.10741658784340127,0.09249809469429224
"(0.06, 0.08, 0.02)",1.0,15.0,A,,1500815.724804226,0.09534766879711187,-0.2180512076189698,-0.25178728637097425,0.09042654630578144,0.10037453121021503,0.2707612800802981,0.9904022131508528,46.5,35.0,10.0,1.0,0.11416221402942044,0.009597786849147244
"(0.06, 0.08, 0.02)",1.0,,A,,1491468.9951559163,0.09466821277786064,-0.2180512076189698,-0.25178728637097425,0.08957873901066915,0.10089089766056333,0.2719988290115493,0.9939772659303165,47.0,35.0,10.0,2.0,0.11426526890423261,0.006022734069683536
"(0.06, 0.08, 0.03)",0.9,15.0,A,,1447621.0429932217,0.09142871661872864,-0.19808194370986343,-0.2274682460799445,0.08650612992136968,0.09400810176337297,0.2525192161830925,0.9075019053057078,43.0,34.0,9.0,1.0,0.10714009332227817,0.09249809469429224
"(0.06, 0.08, 0.03)",0.9,,A,,1447621.0429932217,0.09142871661872864,-0.19808194370986343,-0.2274682460799445,0.08650612992136968,0.09400810176337297,0.2525192161830925,0.9075019053057078,43.0,34.0,9.0,1.0,0.10714009332227817,0.09249809469429224
"(0.06, 0.08, 0.03)",1.0,15.0,A,,1488651.0771092784,0.09446318993523839,-0.2214902706267039,-0.2538179096969486,0.0895246075458388,0.10064145887964773,0.2697250558983489,0.9913539482890557,47.0,36.0,10.0,1.0,0.11404887418632309,0.008646051710944269
"(0.06, 0.08, 0.03)",1.0,,A,,1499364.2580075394,0.0952430666874754,-0.2214902706267039,-0.2538179096969486,0.08982511436092366,0.10064145887964773,0.2697250558983489,0.9918833943952843,48.0,35.5,10.0,1.5,0.11404887418632309,0.008116605604715641
"(0.06, 0.08, 0.04)",0.9,15.0,A,,1441242.1240157862,0.09095017007239592,-0.19808194370986343,-0.2274682460799445,0.08667746011669561,0.09368237156677581,0.25218331391116233,0.9075019053057078,43.0,34.0,9.0,1.0,0.10748642133306428,0.09249809469429224
"(0.06, 0.08, 0.04)",0.9,,A,,1441242.1240157862,0.09095017007239592,-0.19808194370986343,-0.2274682460799445,0.08667746011669561,0.09368237156677581,0.25218331391116233,0.9075019053057078,43.0,34.0,9.0,1.0,0.10748642133306428,0.09249809469429224
"(0.06, 0.08, 0.04)",1.0,15.0,A,,1502504.9209766318,0.09547086529926341,-0.2146223854279063,-0.25158156309950663,0.08960212036058812,0.0999378966985133,0.2697396879225441,0.9934404684987892,46.0,36.0,10.0,0.0,0.11340856897085119,0.006559531501210766
"(0.06, 0.08, 0.04)",1.0,,A,,1502840.0949483945,0.09549512861136045,-0.2146223854279063,-0.25158156309950663,0.08960212036058812,0.09780312226345582,0.27128297665720974,0.9938802621365734,46.0,36.0,10.0,0.0,0.11340856897085119,0.006119737863426541
"(0.06, 0.08, 0.06)",0.9,15.0,A,,1442546.2043686595,0.09104831218255738,-0.19808194370986343,-0.2274682460799445,0.0845943107753629,0.09358563041316392,0.2513363151108716,0.9075019053057078,43.0,34.0,9.0,0.0,0.10701752444026924,0.09249809469429224
"(0.06, 0.08, 0.06)",0.9,,A,,1442546.2043686595,0.09104831218255738,-0.19808194370986343,-0.2274682460799445,0.0845943107753629,0.09358563041316392,0.2513363151108716,0.9075019053057078,43.0,34.0,9.0,0.0,0.10701752444026924,0.09249809469429224
"(0.06, 0.08, 0.06)",1.0,15.0,A,,1501067.614750199,0.09536665276456091,-0.2146223854279063,-0.25158156309950663,0.08899015667830538,0.0999378966985133,0.2697396879225441,0.9934404684987892,46.0,36.0,10.0,0.0,0.11355847126312575,0.006559531501210766
"(0.06, 0.08, 0.06)",1.0,,A,,1501067.614750199,0.09536665276456091,-0.2146223854279063,-0.25158156309950663,0.08899015667830538,0.0999378966985133,0.2697396879225441,0.9934404684987892,46.0,36.0,10.0,0.0,0.11355847126312575,0.006559531501210766
"(0.06, 0.08, 0.08)",0.9,15.0,A,,1442546.2043686595,0.09104831218255738,-0.19808194370986343,-0.2274682460799445,0.0845943107753629,0.09358563041316392,0.2513363151108716,0.9075019053057078,43.0,34.0,9.0,0.0,0.10699657430073685,0.09249809469429224
"(0.06, 0.08, 0.08)",0.9,,A,,1442546.2043686595,0.09104831218255738,-0.19808194370986343,-0.2274682460799445,0.0845943107753629,0.09358563041316392,0.2513363151108716,0.9075019053057078,43.0,34.0,9.0,0.0,0.10699657430073685,0.09249809469429224
"(0.06, 0.08, 0.08)",1.0,15.0,A,,1501067.614750199,0.09536665276456091,-0.2146223854279063,-0.25158156309950663,0.09059246952812036,0.0999378966985133,0.2697396879225441,0.9934404684987892,46.0,36.0,10.0,0.0,0.11353882252933657,0.006559531501210766
"(0.06, 0.08, 0.08)",1.0,,A,,1501067.614750199,0.09536665276456091,-0.2146223854279063,-0.25158156309950663,0.09059246952812036,0.0999378966985133,0.2697396879225441,0.9934404684987892,46.0,36.0,10.0,0.0,0.11353882252933657,0.006559531501210766
"(0.06, 0.08, 0.1)",0.9,15.0,A,,1442546.2043686595,0.09104831218255738,-0.19808194370986343,-0.2274682460799445,0.0845943107753629,0.09358563041316392,0.2513363151108716,0.9075019053057078,43.0,34.0,9.0,0.0,0.10699657430073685,0.09249809469429224
"(0.06, 0.08, 0.1)",0.9,,A,,1442546.2043686595,0.09104831218255738,-0.19808194370986343,-0.2274682460799445,0.0845943107753629,0.09358563041316392,0.2513363151108716,0.9075019053057078,43.0,34.0,9.0,0.0,0.10699657430073685,0.09249809469429224
"(0.06, 0.08, 0.1)",1.0,15.0,A,,1501067.614750199,0.09536665276456091,-0.2146223854279063,-0.25158156309950663,0.09059246952812036,0.0999378966985133,0.2697396879225441,0.9934404684987892,46.0,36.0,10.0,0.0,0.11353882252933657,0.006559531501210766
"(0.06, 0.08, 0.1)",1.0,,A,,1501067.614750199,0.09536665276456091,-0.2146223854279063,-0.25158156309950663,0.09059246952812036,0.0999378966985133,0.2697396879225441,0.9934404684987892,46.0,36.0,10.0,0.0,0.11353882252933657,0.006559531501210766
"(0.06, 0.08, 0.15)",0.9,15.0,A,,1442546.2043686595,0.09104831218255738,-0.19808194370986343,-0.2274682460799445,0.0845943107753629,0.09358563041316392,0.2513363151108716,0.9075019053057078,43.0,34.0,9.0,0.0,0.10699657430073685,0.09249809469429224
"(0.06, 0.08, 0.15)",0.9,,A,,1442546.2043686595,0.09104831218255738,-0.19808194370986343,-0.2274682460799445,0.0845943107753629,0.09358563041316392,0.2513363151108716,0.9075019053057078,43.0,34.0,9.0,0.0,0.10699657430073685,0.09249809469429224
"(0.06, 0.08, 0.15)",1.0,15.0,A,,1501067.614750199,0.09536665276456091,-0.2146223854279063,-0.25158156309950663,0.09059246952812036,0.0999378966985133,0.2697396879225441,0.9934404684987892,46.0,36.0,10.0,0.0,0.11353882252933657,0.006559531501210766
"(0.06, 0.08, 0.15)",1.0,,A,,1501067.614750199,0.09536665276456091,-0.2146223854279063,-0.25158156309950663,0.09059246952812036,0.0999378966985133,0.2697396879225441,0.9934404684987892,46.0,36.0,10.0,0.0,0.11353882252933657,0.006559531501210766
"(0.06, 0.1, 0)",0.9,15.0,A,,1460120.0390453273,0.09236147984436782,-0.19150015837941936,-0.22393420505519168,0.08572314913530506,0.09609326577430852,0.2490579995363757,0.8892496265534579,41.0,33.0,8.0,0.0,0.10835357671917228,0.11075037344654219
"(0.06, 0.1, 0)",0.9,,A,,1460120.0390453273,0.09236147984436782,-0.19150015837941936,-0.22393420505519168,0.08572314913530506,0.09609326577430852,0.2490579995363757,0.8892496265534579,41.0,33.0,8.0,0.0,0.10835357671917228,0.11075037344654219
"(0.06, 0.1, 0)",1.0,15.0,A,,1548849.6849617283,0.09878143395179717,-0.21868802511044938,-0.25202262914553575,0.09319232655935365,0.1027921239695125,0.2725062983153862,0.9986753584986241,44.5,35.5,9.0,0.0,0.11794857404864817,0.0013246415013759285
"(0.06, 0.1, 0)",1.0,,A,,1548849.6849617283,0.09878143395179717,-0.21868802511044938,-0.25202262914553575,0.09319232655935365,0.1027921239695125,0.2725062983153862,0.9986753584986241,44.5,35.5,9.0,0.0,0.11794857404864817,0.0013246415013759285
"(0.06, 0.1, 0.01)",0.9,15.0,A,,1472262.8862694865,0.09326051545447966,-0.19340271401103332,-0.22777450086771298,0.08632906364804589,0.09728700782648876,0.25197595343898843,0.8970063898436007,44.5,33.0,8.0,4.0,0.10936490764229437,0.10299361015639925
"(0.06, 0.1, 0.01)",0.9,,A,,1476499.5689725499,0.09357261325228061,-0.19340271401103332,-0.22777450086771298,0.08656616558452437,0.09582063824866636,0.25210714901322473,0.9003286607727221,45.0,33.0,8.0,4.5,0.10929321529244676,0.09967133922727792
"(0.06, 0.1, 0.01)",1.0,15.0,A,,1558174.3849656857,0.0994367655124474,-0.22142519467805855,-0.25522174188541075,0.09328427157616608,0.10385168707264858,0.2733360024878251,0.9986753582801133,47.0,35.5,9.0,2.0,0.1186484423254752,0.0013246417198866287
"(0.06, 0.1, 0.01)",1.0,,A,,1554170.8446321355,0.09915209865468455,-0.22226578618210008,-0.25362489649371206,0.09332313775649052,0.10416745301699534,0.2735221975828974,0.9986753590005422,49.0,35.5,9.0,4.0,0.11917637423323103,0.0013246409994577498
"(0.06, 0.1, 0.02)",0.9,15.0,A,,1467691.0285389258,0.09292281107222344,-0.19475364777512322,-0.2316288785893504,0.0864620583403837,0.09669974480740316,0.25142240579681085,0.8957702406592835,42.0,33.0,8.0,1.0,0.10907945386018045,0.10422975934071659
"(0.06, 0.1, 0.02)",0.9,,A,,1467691.0285389258,0.09292281107222344,-0.19475364777512322,-0.2316288785893504,0.0864620583403837,0.09669974480740316,0.25142240579681085,0.8957702406592835,42.0,33.0,8.0,1.0,0.10907945386018045,0.10422975934071659
"(0.06, 0.1, 0.02)",1.0,15.0,A,,1558587.8955138845,0.09946574561352906,-0.21852082689863134,-0.256606846525892,0.0931128733024396,0.10375618152144746,0.27488230066099606,0.9986753584986241,46.5,35.5,9.0,1.0,0.11911378387205003,0.0013246415013759285
"(0.06, 0.1, 0.02)",1.0,,A,,1558587.8955138845,0.09946574561352906,-0.21852082689863134,-0.256606846525892,0.09341472877514194,0.10375618152144746,0.27488230066099606,0.9986753587171348,46.5,35.0,9.0,1.0,0.11910417018654432,0.0013246412828652283
"(0.06, 0.1, 0.03)",0.9,15.0,A,,1450328.1851469653,0.09162604573991617,-0.19365415818116233,-0.23015370397427826,0.08352432292987895,0.09550068735400633,0.24954194232773116,0.897449058437469,41.0,32.0,8.0,2.0,0.10926937316947849,0.10255094156253107
"(0.06, 0.1, 0.03)",0.9,,A,,1450328.1851469653,0.09162604573991617,-0.19365415818116233,-0.23015370397427826,0.08352432292987895,0.09550068735400633,0.24954194232773116,0.897449058437469,41.0,32.0,8.0,2.0,0.10926937316947849,0.10255094156253107
"(0.06, 0.1, 0.03)",1.0,15.0,A,,1537463.0971213507,0.09797647349381378,-0.21958930433309892,-0.2567139393951479,0.09334110947083962,0.10402581509337876,0.2777476192330211,0.9986753605903322,46.0,35.0,9.0,1.0,0.1200858070877932,0.0013246394096676814
"(0.06, 0.1, 0.03)",1.0,,A,,1537463.0971213507,0.09797647349381378,-0.21958930433309892,-0.2567139393951479,0.0936791312754078,0.10402581509337876,0.2777476192330211,0.9986753590005422,46.0,35.0,9.0,1.0,0.1200858070877932,0.0013246409994577498
"(0.06, 0.1, 0.04)",0.9,15.0,A,,1460120.0390453273,0.09236147984436782,-0.19150015837941936,-0.22393420505519168,0.08572314913530506,0.09609326577430852,0.2490579995363757,0.8892496075557164,41.0,33.0,8.0,0.0,0.10835357671917228,0.11075039244428364
"(0.06, 0.1, 0.04)",0.9,,A,,1460120.0390453273,0.09236147984436782,-0.19150015837941936,-0.22393420505519168,0.08572314913530506,0.09609326577430852,0.2490579995363757,0.8892496075557164,41.0,33.0,8.0,0.0,0.10835357671917228,0.11075039244428364
"(0.06, 0.1, 0.04)",1.0,15.0,A,,1548849.6849617283,0.09878143395179717,-0.21868802511044938,-0.25202262914553575,0.0930351825958533,0.1027921239695125,0.2725062983153862,0.9986753582801133,45.0,35.0,9.0,0.0,0.11800124537094339,0.0013246417198866287
"(0.06, 0.1, 0.04)",1.0,,A,,1548849.6849617283,0.09878143395179717,-0.21868802511044938,-0.25202262914553575,0.0930351825958533,0.1027921239695125,0.2725062983153862,0.9986753582801133,45.0,35.0,9.0,0.0,0.11800124537094339,0.0013246417198866287
"(0.06, 0.1, 0.06)",0.9,15.0,A,,1460120.0390453273,0.09236147984436782,-0.19150015837941936,-0.22393420505519168,0.08554228179963133,0.09609326577430852,0.2490579995363757,0.8892496265534579,41.0,33.0,8.0,0.0,0.10835357671917228,0.11075037344654219
"(0.06, 0.1, 0.06)",0.9,,A,,1460120.0390453273,0.09236147984436782,-0.19150015837941936,-0.22393420505519168,0.08554228179963133,0.09609326577430852,0.2490579995363757,0.8892496265534579,41.0,33.0,8.0,0.0,0.10835357671917228,0.11075037344654219
"(0.06, 0.1, 0.06)",1.0,15.0,A,,1548849.6849617283,0.09878143395179717,-0.21868802511044938,-0.25202262914553575,0.09269739536752886,0.1027921239695125,0.2725062983153862,0.9986753582801133,44.5,35.0,9.0,0.0,0.11824019286894955,0.0013246417198866287
"(0.06, 0.1, 0.06)",1.0,,A,,1548849.6849617283,0.09878143395179717,-0.21868802511044938,-0.25202262914553575,0.09269739536752886,0.1027921239695125,0.2725062983153862,0.9986753582801133,44.5,35.0,9.0,0.0,0.11824019286894955,0.0013246417198866287
"(0.06, 0.1, 0.08)",0.9,15.0,A,,1460120.0390453273,0.09236147984436782,-0.19150015837941936,-0.22393420505519168,0.08546915210350219,0.09609326577430852,0.2490579995363757,0.8892496075557164,41.0,33.0,8.0,0.0,0.10835357671917228,0.11075039244428364
"(0.06, 0.1, 0.08)",0.9,,A,,1460120.0390453273,0.09236147984436782,-0.19150015837941936,-0.22393420505519168,0.08546915210350219,0.09609326577430852,0.2490579995363757,0.8892496075557164,41.0,33.0,8.0,0.0,0.10835357671917228,0.11075039244428364
"(0.06, 0.1, 0.08)",1.0,15.0,A,,1550456.5169347879,0.09889474950846888,-0.21868802511044938,-0.25202262914553575,0.09262603832696666,0.1027921239695125,0.2726012651261456,0.9986753582801133,44.5,35.0,9.0,0.0,0.11820535234598005,0.0013246417198866287
"(0.06, 0.1, 0.08)",1.0,,A,,1550456.5169347879,0.09889474950846888,-0.21868802511044938,-0.25202262914553575,0.09262603832696666,0.1027921239695125,0.2726012651261456,0.9986753582801133,44.5,35.0,9.0,0.0,0.11820535234598005,0.0013246417198866287
"(0.06, 0.1, 0.1)",0.9,15.0,A,,1460120.0390453273,0.09236147984436782,-0.19150015837941936,-0.22393420505519168,0.08572314913530506,0.09609326577430852,0.2490579995363757,0.8892496265534579,41.0,33.0,8.0,0.0,0.10835357671917228,0.11075037344654219
"(0.06, 0.1, 0.1)",0.9,,A,,1460120.0390453273,0.09236147984436782,-0.19150015837941936,-0.22393420505519168,0.08572314913530506,0.09609326577430852,0.2490579995363757,0.8892496265534579,41.0,33.0,8.0,0.0,0.10835357671917228,0.11075037344654219
"(0.06, 0.1, 0.1)",1.0,15.0,A,,1548849.6849617283,0.09878143395179717,-0.21868802511044938,-0.25202262914553575,0.09319232655935365,0.1027921239695125,0.2725062983153862,0.9986753584986241,44.5,35.5,9.0,0.0,0.11794857404864817,0.0013246415013759285
"(0.06, 0.1, 0.1)",1.0,,A,,1548849.6849617283,0.09878143395179717,-0.21868802511044938,-0.25202262914553575,0.09319232655935365,0.1027921239695125,0.2725062983153862,0.9986753584986241,44.5,35.5,9.0,0.0,0.11794857404864817,0.0013246415013759285
"(0.06, 0.1, 0.15)",0.9,15.0,A,,1460120.0390453273,0.09236147984436782,-0.19150015837941936,-0.22393420505519168,0.08572314913530506,0.09609326577430852,0.2490579995363757,0.8892496265534579,41.0,33.0,8.0,0.0,0.10835357671917228,0.11075037344654219
"(0.06, 0.1, 0.15)",0.9,,A,,1460120.0390453273,0.09236147984436782,-0.19150015837941936,-0.22393420505519168,0.08572314913530506,0.09609326577430852,0.2490579995363757,0.8892496265534579,41.0,33.0,8.0,0.0,0.10835357671917228,0.11075037344654219
"(0.06, 0.1, 0.15)",1.0,15.0,A,,1548849.6849617283,0.09878143395179717,-0.21868802511044938,-0.25202262914553575,0.09319232655935365,0.1027921239695125,0.2725062983153862,0.9986753584986241,44.5,35.5,9.0,0.0,0.11794857404864817,0.0013246415013759285
"(0.06, 0.1, 0.15)",1.0,,A,,1548849.6849617283,0.09878143395179717,-0.21868802511044938,-0.25202262914553575,0.09319232655935365,0.1027921239695125,0.2725062983153862,0.9986753584986241,44.5,35.5,9.0,0.0,0.11794857404864817,0.0013246415013759285
"(0.06, 0.12, 0)",0.9,15.0,A,,1444607.218117495,0.09120309776684421,-0.2025945457896683,-0.22175157170604706,0.08469685729966758,0.09623135311854272,0.24638863993619026,0.9000490071607642,39.0,32.0,7.0,0.0,0.10813701978207528,0.09995099283923575
"(0.06, 0.12, 0)",0.9,,A,,1444607.218117495,0.09120309776684421,-0.2025945457896683,-0.22175157170604706,0.08469685729966758,0.09623135311854272,0.24638863993619026,0.9000490071607642,39.0,32.0,7.0,0.0,0.10813701978207528,0.09995099283923575
"(0.06, 0.12, 0)",1.0,15.0,A,,1556653.131798739,0.09933025752452973,-0.2130552425869025,-0.25550194577666974,0.09107922082293499,0.10805788601499958,0.2700674581031876,0.9941167341695973,43.0,35.0,8.0,0.0,0.11958115924937525,0.005883265830402691
"(0.06, 0.12, 0)",1.0,,A,,1556653.131798739,0.09933025752452973,-0.2130552425869025,-0.25550194577666974,0.09107922082293499,0.10805788601499958,0.2700674581031876,0.9941167341695973,43.0,35.0,8.0,0.0,0.11958115924937525,0.005883265830402691
"(0.06, 0.12, 0.01)",0.9,15.0,A,,1463371.6904600458,0.09260284602801461,-0.2025945457896683,-0.22106032696212985,0.0853608160993323,0.09569650400886613,0.24861333162470475,0.9000490098122108,43.5,32.0,7.0,4.0,0.10794366714114911,0.09995099018778916
"(0.06, 0.12, 0.01)",0.9,,A,,1462236.8000610622,0.09251868685832654,-0.2025945457896683,-0.22066903878920222,0.08487294095761719,0.09706284947373311,0.24961198389605482,0.9000490124636574,49.0,31.0,7.0,11.0,0.1091028462071004,0.09995098753634257
"(0.06, 0.12, 0.01)",1.0,15.0,A,,1572606.6652595606,0.10044427030485625,-0.21004341868870147,-0.2539459289549747,0.09182757219719655,0.10433314093082438,0.27064562782168355,0.9915492217243593,46.0,35.0,8.0,3.0,0.12088637223035237,0.008450778275640669
"(0.06, 0.12, 0.01)",1.0,,A,,1579882.5322487075,0.10094661318624809,-0.21625984948356575,-0.2563732812050403,0.09263060421224303,0.10404153564779557,0.27241932054374174,0.9934659990484913,50.5,34.0,8.0,9.0,0.12196358912274713,0.006534000951508684
"(0.06, 0.12, 0.02)",0.9,15.0,A,,1446532.3218235907,0.09134687607734249,-0.20259394317145296,-0.22058298907337545,0.08338894629124391,0.09746854317209348,0.24983953301424686,0.9000490071607642,42.5,31.0,7.0,4.5,0.10895456750075057,0.09995099283923575
"(0.06, 0.12, 0.02)",0.9,,A,,1454958.3697255156,0.09197701797942126,-0.20259394317145296,-0.22058298907337545,0.08299124601448793,0.09784842285745138,0.25052075630326787,0.9000490098122108,43.0,31.0,7.0,5.5,0.10909577963694322,0.09995099018778916
"(0.06, 0.12, 0.02)",1.0,15.0,A,,1559737.3997812988,0.09954640412083715,-0.21497707685549594,-0.24972617579823514,0.09143835565413357,0.10376368086576578,0.27108383814703074,0.9971028255668772,46.0,34.5,8.0,3.0,0.12154773001836705,0.0028971744331227787
"(0.06, 0.12, 0.02)",1.0,,A,,1559737.3997812988,0.09954640412083715,-0.21497707685549594,-0.24972617579823514,0.09061003265793524,0.10533171315024423,0.271385835726653,0.9971028255668772,46.0,34.0,8.0,4.0,0.12178107267144561,0.0028971744331227787
"(0.06, 0.12, 0.03)",0.9,15.0,A,,1476371.7110058102,0.09356318759228588,-0.20259436303376377,-0.2172266645299103,0.08525254168679681,0.09787120087545596,0.25176218402324424,0.9000490071607642,41.5,30.5,7.0,3.5,0.10882658914248565,0.09995099283923575
"(0.06, 0.12, 0.03)",0.9,,A,,1483128.4447358474,0.09405797972697405,-0.20259436303376377,-0.2172266645299103,0.08533619886319581,0.09787120087545596,0.2513712939575725,0.9000490071607642,41.5,30.0,7.0,4.0,0.10882658914248565,0.09995099283923575
"(0.06, 0.12, 0.03)",1.0,15.0,A,,1552258.6264657637,0.09902153751923515,-0.2151942883612744,-0.2563752409903162,0.09000417256582675,0.10574364250517902,0.27261144173206087,0.9959399430450331,44.0,34.0,8.0,2.0,0.1213626478632425,0.004060056954966957
"(0.06, 0.12, 0.03)",1.0,,A,,1558702.2530231331,0.09947261039962074,-0.2151942883612744,-0.2563752409903162,0.09033426002984453,0.10574364250517902,0.2736902763796469,0.9954594114808952,44.0,33.0,8.0,2.5,0.12209307665475991,0.004540588519104747
"(0.06, 0.12, 0.04)",0.9,15.0,A,,1448661.6454776218,0.09150681148017392,-0.20289274016342063,-0.2205282865527743,0.08483494375097307,0.09934426859905954,0.25019985842107106,0.9000490071607642,40.0,31.0,7.0,2.0,0.10892637246633746,0.09995099283923575
"(0.06, 0.12, 0.04)",0.9,,A,,1448661.6454776218,0.09150681148017392,-0.20289274016342063,-0.2205282865527743,0.08483494375097307,0.09934426859905954,0.25019985842107106,0.9000490071607642,40.0,31.0,7.0,2.0,0.10893179588435692,0.09995099283923575
"(0.06, 0.12, 0.04)",1.0,15.0,A,,1564073.2021515989,0.09984966853530419,-0.2095117501533324,-0.2573614896639277,0.0905486588622414,0.10439434859231611,0.27056580338231195,0.9852531488177514,43.0,33.5,8.0,1.0,0.121590543622594,0.014746851182248697
"(0.06, 0.12, 0.04)",1.0,,A,,1564073.2021515989,0.09984966853530419,-0.2095117501533324,-0.2573614896639277,0.0905486588622414,0.10439434859231611,0.27056580338231195,0.9852531488177514,43.0,33.5,8.0,1.0,0.121590543622594,0.014746851182248697
"(0.06, 0.12, 0.06)",0.9,15.0,A,,1445276.1814510264,0.09125328244369457,-0.20259418027785925,-0.22679188410878764,0.08474204233574449,0.09709440045031309,0.24835346590671933,0.9000490071607642,39.0,31.0,7.0,1.0,0.10909950974368876,0.09995099283923575
"(0.06, 0.12, 0.06)",0.9,,A,,1445276.1814510264,0.09125328244369457,-0.20259418027785925,-0.22679188410878764,0.08474204233574449,0.09709440045031309,0.24835346590671933,0.9000490071607642,39.0,31.0,7.0,1.0,0.10909950974368876,0.09995099283923575
"(0.06, 0.12, 0.06)",1.0,15.0,A,,1555066.1736002625,0.09921887725875167,-0.21252294113400455,-0.2647942394304969,0.08992009846630503,0.10409418578457834,0.2721495048751148,0.9970127609248901,43.0,34.0,8.0,1.0,0.12157432777113067,0.002987239075109889
"(0.06, 0.12, 0.06)",1.0,,A,,1555066.1736002625,0.09921887725875167,-0.21252294113400455,-0.2647942394304969,0.08992009846630503,0.10409418578457834,0.2721495048751148,0.9970127609248901,43.0,34.0,8.0,1.0,0.12157432777113067,0.002987239075109889
"(0.06, 0.12, 0.08)",0.9,15.0,A,,1452236.4508990238,0.0917741819507808,-0.2027879361983002,-0.23192603865029185,0.08478251088897973,0.09786742258510049,0.25061571331688826,0.9000490071607642,39.0,31.0,7.0,1.0,0.10904321776994758,0.09995099283923575
"(0.06, 0.12, 0.08)",0.9,,A,,1452236.4508990238,0.0917741819507808,-0.2027879361983002,-0.23192603865029185,0.08478251088897973,0.09786742258510049,0.25061571331688826,0.9000490071607642,39.0,31.0,7.0,1.0,0.10904321776994758,0.09995099283923575
"(0.06, 0.12, 0.08)",1.0,15.0,A,,1556653.131798739,0.09933025752452973,-0.2130552425869025,-0.25550194577666974,0.09107922082293499,0.10805788601499958,0.2700674581031876,0.9941167341695973,43.0,35.0,8.0,0.0,0.11958115924937525,0.005883265830402691
"(0.06, 0.12, 0.08)",1.0,,A,,1556653.131798739,0.09933025752452973,-0.2130552425869025,-0.25550194577666974,0.09107922082293499,0.10805788601499958,0.2700674581031876,0.9941167341695973,43.0,35.0,8.0,0.0,0.11958115924937525,0.005883265830402691
"(0.06, 0.12, 0.1)",0.9,15.0,A,,1444607.218117495,0.09120309776684421,-0.2025945457896683,-0.22175157170604706,0.08469685729966758,0.09623135311854272,0.24638863993619026,0.9000490071607642,39.0,32.0,7.0,0.0,0.10813701978207528,0.09995099283923575
"(0.06, 0.12, 0.1)",0.9,,A,,1444607.218117495,0.09120309776684421,-0.2025945457896683,-0.22175157170604706,0.08469685729966758,0.09623135311854272,0.24638863993619026,0.9000490071607642,39.0,32.0,7.0,0.0,0.10813701978207528,0.09995099283923575
"(0.06, 0.12, 0.1)",1.0,15.0,A,,1556653.131798739,0.09933025752452973,-0.2130552425869025,-0.25550194577666974,0.09106746640582133,0.10805788601499958,0.2700674581031876,0.9941167341695973,43.0,35.0,8.0,0.0,0.11958115924937525,0.005883265830402691
"(0.06, 0.12, 0.1)",1.0,,A,,1556653.131798739,0.09933025752452973,-0.2130552425869025,-0.25550194577666974,0.09106746640582133,0.10805788601499958,0.2700674581031876,0.9941167341695973,43.0,35.0,8.0,0.0,0.11958115924937525,0.005883265830402691
"(0.06, 0.12, 0.15)",0.9,15.0,A,,1444607.218117495,0.09120309776684421,-0.2025945457896683,-0.22175157170604706,0.08469685729966758,0.09623135311854272,0.24638863993619026,0.9000490071607642,39.0,32.0,7.0,0.0,0.10813701978207528,0.09995099283923575
"(0.06, 0.12, 0.15)",0.9,,A,,1444607.218117495,0.09120309776684421,-0.2025945457896683,-0.22175157170604706,0.08469685729966758,0.09623135311854272,0.24638863993619026,0.9000490071607642,39.0,32.0,7.0,0.0,0.10813701978207528,0.09995099283923575
"(0.06, 0.12, 0.15)",1.0,15.0,A,,1556653.131798739,0.09933025752452973,-0.2130552425869025,-0.25550194577666974,0.09107922082293499,0.10805788601499958,0.2700674581031876,0.9941167341695973,43.0,35.0,8.0,0.0,0.11958115924937525,0.005883265830402691
"(0.06, 0.12, 0.15)",1.0,,A,,1556653.131798739,0.09933025752452973,-0.2130552425869025,-0.25550194577666974,0.09107922082293499,0.10805788601499958,0.2700674581031876,0.9941167341695973,43.0,35.0,8.0,0.0,0.11958115924937525,0.005883265830402691
"(0.06, 0.15, 0)",0.9,15.0,A,,1443323.2998592448,0.09110672051817814,-0.19880598353543227,-0.22628196879006932,0.08291113368616823,0.09661354633304396,0.2459554622032497,0.9002820058041415,37.5,31.5,6.0,0.0,0.1084696688917382,0.09971799419585849
"(0.06, 0.15, 0)",0.9,,A,,1443323.2998592448,0.09110672051817814,-0.19880598353543227,-0.22628196879006932,0.08291113368616823,0.09661354633304396,0.2459554622032497,0.9002820058041415,37.5,31.5,6.0,0.0,0.1084696688917382,0.09971799419585849
"(0.06, 0.15, 0)",1.0,15.0,A,,1543719.2717007035,0.09841951981639618,-0.21083685034140048,-0.24026915817852196,0.09254386726083237,0.10604090415467525,0.27156352538012063,0.9962933352039518,41.5,35.5,6.0,0.0,0.11878369987451261,0.003706664796048185
"(0.06, 0.15, 0)",1.0,,A,,1543719.2717007035,0.09841951981639618,-0.21083685034140048,-0.24026915817852196,0.09254386726083237,0.10604090415467525,0.27156352538012063,0.9962933352039518,41.5,35.5,6.0,0.0,0.11878369987451261,0.003706664796048185
"(0.06, 0.15, 0.01)",0.9,15.0,A,,1458817.642056841,0.09226461736204206,-0.20046427107297177,-0.22396565288908343,0.08370794535453838,0.0993650044864431,0.2545460290657142,0.9002821356020778,41.5,31.0,6.0,4.0,0.11004216644162182,0.09971786439792214
"(0.06, 0.15, 0.01)",0.9,,A,,1458817.642056841,0.09226461736204206,-0.20046427107297177,-0.22396565288908343,0.08338168199560039,0.10076616037257698,0.2522188314061208,0.9020463866666493,42.0,31.0,6.0,4.5,0.11020060382447913,0.09795361333335072
"(0.06, 0.15, 0.01)",1.0,15.0,A,,1554311.8714238424,0.09916524556551176,-0.21552273909425773,-0.2358303276871601,0.09124236908974345,0.10521536113342296,0.2701537444045014,0.9905081935448754,45.0,35.0,6.0,4.0,0.11958414053824479,0.00949180645512461
"(0.06, 0.15, 0.01)",1.0,,A,,1581502.2669289843,0.10106103622201812,-0.2264023831146032,-0.24574172999376653,0.09284075904725228,0.106514089062406,0.27045465597385254,0.9948895016741613,55.5,34.5,6.0,15.0,0.12105348457842574,0.0051104983258385885
"(0.06, 0.15, 0.02)",0.9,15.0,A,,1453565.2445136106,0.0918733196317798,-0.20089373049984754,-0.23119913615256102,0.08332604250206713,0.1003095138995402,0.2515930902222834,0.9002820058041415,38.5,31.5,6.0,1.0,0.10943715755735323,0.09971799419585849
"(0.06, 0.15, 0.02)",0.9,,A,,1453565.2445136106,0.0918733196317798,-0.20089373049984754,-0.23119913615256102,0.08332604250206713,0.1003095138995402,0.2515930902222834,0.9002820058041415,38.5,31.5,6.0,1.0,0.10943715755735323,0.09971799419585849
"(0.06, 0.15, 0.02)",1.0,15.0,A,,1560766.1493639634,0.09961844776445805,-0.21871316638311677,-0.24368020040702867,0.0936249801687788,0.10649728579235207,0.2699834068579006,0.989940596439548,45.0,34.5,6.0,4.0,0.1193677762422625,0.01005940356045193
"(0.06, 0.15, 0.02)",1.0,,A,,1583862.742790496,0.1012241776773698,-0.2210687365503728,-0.25193384046228084,0.09146749790980366,0.10534270214748911,0.270271581630559,0.995260900829637,47.5,34.5,6.0,7.0,0.12033488247956384,0.004739099170362967
"(0.06, 0.15, 0.03)",0.9,15.0,A,,1428114.1958113597,0.08995837419659325,-0.19975963574190592,-0.22820510592270987,0.08331593935917074,0.10043565287647307,0.250485626231727,0.9002820140524391,38.0,30.0,6.0,2.0,0.10980072409661643,0.09971798594756089
"(0.06, 0.15, 0.03)",0.9,,A,,1428114.1958113597,0.08995837419659325,-0.19975963574190592,-0.22820510592270987,0.08331593935917074,0.10043565287647307,0.250485626231727,0.9002820140524391,38.0,30.0,6.0,2.0,0.10980072409661643,0.09971798594756089
"(0.06, 0.15, 0.03)",1.0,15.0,A,,1567885.8884445792,0.1001146972069894,-0.2199238850386772,-0.25444121465729796,0.09371426448797344,0.10610728680531516,0.270844441845645,0.9936784363767543,44.5,34.5,6.0,4.0,0.12101898814164151,0.006321563623245618
"(0.06, 0.15, 0.03)",1.0,,A,,1567885.8884445792,0.1001146972069894,-0.2199238850386772,-0.25444121465729796,0.09188824682949366,0.10609154452976903,0.2733572577769141,0.993399675043956,44.5,34.5,6.0,5.0,0.12131405317590199,0.0066003249560440055
"(0.06, 0.15, 0.04)",0.9,15.0,A,,1443323.2998592448,0.09110672051817814,-0.19880598353543227,-0.22628196879006932,0.08291113368616823,0.09661354633304396,0.24920936728507584,0.9002820058041415,37.5,31.5,6.0,0.0,0.1084696688917382,0.09971799419585849
"(0.06, 0.15, 0.04)",0.9,,A,,1443323.2998592448,0.09110672051817814,-0.19880598353543227,-0.22628196879006932,0.08291113368616823,0.09661354633304396,0.24920936728507584,0.9002820058041415,37.5,31.5,6.0,0.0,0.1084696688917382,0.09971799419585849
"(0.06, 0.15, 0.04)",1.0,15.0,A,,1550203.289990414,0.09887679943519845,-0.21381958026251763,-0.2505373705532161,0.0935260625755564,0.1061954609159931,0.2708775491407445,0.9959179789750034,43.0,33.5,6.0,3.0,0.12047918821866987,0.004082021024996593
"(0.06, 0.15, 0.04)",1.0,,A,,1550203.289990414,0.09887679943519845,-0.21381958026251763,-0.2505373705532161,0.0935260625755564,0.10841685241720526,0.2723887415633599,0.9970452973508356,43.0,33.5,6.0,4.0,0.120679117419074,0.002954702649164395
"(0.06, 0.15, 0.06)",0.9,15.0,A,,1443323.2998592448,0.09110672051817814,-0.19880598353543227,-0.22628196879006932,0.08291113368616823,0.09661354633304396,0.24948834905512818,0.9002820058041415,37.5,31.5,6.0,0.0,0.1084696688917382,0.09971799419585849
"(0.06, 0.15, 0.06)",0.9,,A,,1443323.2998592448,0.09110672051817814,-0.19880598353543227,-0.22628196879006932,0.08291113368616823,0.09661354633304396,0.24948834905512818,0.9002820058041415,37.5,31.5,6.0,0.0,0.1084696688917382,0.09971799419585849
"(0.06, 0.15, 0.06)",1.0,15.0,A,,1555756.537665354,0.0992673364875768,-0.22691658431206602,-0.24763095501159516,0.09196457872904869,0.10785329512288606,0.2704895383042156,0.992802837085458,42.0,34.0,6.0,2.0,0.11994292464678624,0.007197162914542006
"(0.06, 0.15, 0.06)",1.0,,A,,1555756.537665354,0.0992673364875768,-0.22691658431206602,-0.24763095501159516,0.09196457872904869,0.10785329512288606,0.2704895383042156,0.992802837085458,42.0,34.0,6.0,2.0,0.11994292464678624,0.007197162914542006
"(0.06, 0.15, 0.08)",0.9,15.0,A,,1443323.2998592448,0.09110672051817814,-0.19880598353543227,-0.22628196879006932,0.08198291578622666,0.09661354633304396,0.248011907915372,0.9002820058041415,37.5,31.5,6.0,0.0,0.1084696688917382,0.09971799419585849
"(0.06, 0.15, 0.08)",0.9,,A,,1443323.2998592448,0.09110672051817814,-0.19880598353543227,-0.22628196879006932,0.08198291578622666,0.09661354633304396,0.248011907915372,0.9002820058041415,37.5,31.5,6.0,0.0,0.1084696688917382,0.09971799419585849
"(0.06, 0.15, 0.08)",1.0,15.0,A,,1530234.5756206445,0.09746049246170707,-0.22211607455894927,-0.2542161919227636,0.08782119680292386,0.10584563039381366,0.26942133637946125,0.9954001664324533,41.0,34.0,6.0,1.0,0.11982799144924651,0.004599833567546691
"(0.06, 0.15, 0.08)",1.0,,A,,1530234.5756206445,0.09746049246170707,-0.22211607455894927,-0.2542161919227636,0.08782119680292386,0.10584563039381366,0.26942133637946125,0.9954001664324533,41.0,34.0,6.0,1.0,0.11982799144924651,0.004599833567546691
"(0.06, 0.15, 0.1)",0.9,15.0,A,,1443323.2998592448,0.09110672051817814,-0.19880598353543227,-0.22628196879006932,0.08291113368616823,0.09661354633304396,0.2467797490928812,0.9002820058041415,37.5,31.5,6.0,0.0,0.1084696688917382,0.09971799419585849
"(0.06, 0.15, 0.1)",0.9,,A,,1443323.2998592448,0.09110672051817814,-0.19880598353543227,-0.22628196879006932,0.08291113368616823,0.09661354633304396,0.2467797490928812,0.9002820058041415,37.5,31.5,6.0,0.0,0.1084696688917382,0.09971799419585849
"(0.06, 0.15, 0.1)",1.0,15.0,A,,1550446.0410105835,0.09889352874313306,-0.21941099311461648,-0.25259576290091373,0.08999654418612428,0.10660830505764195,0.26821730869869753,0.9832944745710759,41.0,34.0,6.0,1.0,0.11900800527910477,0.016705525428924145
"(0.06, 0.15, 0.1)",1.0,,A,,1550446.0410105835,0.09889352874313306,-0.21941099311461648,-0.25259576290091373,0.08999654418612428,0.10660830505764195,0.26821730869869753,0.9832944745710759,41.0,34.0,6.0,1.0,0.11900800527910477,0.016705525428924145
"(0.06, 0.15, 0.15)",0.9,15.0,A,,1443323.2998592448,0.09110672051817814,-0.19880598353543227,-0.22628196879006932,0.08291113368616823,0.09661354633304396,0.2459554622032497,0.9002820058041415,37.5,31.5,6.0,0.0,0.1084696688917382,0.09971799419585849
"(0.06, 0.15, 0.15)",0.9,,A,,1443323.2998592448,0.09110672051817814,-0.19880598353543227,-0.22628196879006932,0.08291113368616823,0.09661354633304396,0.2459554622032497,0.9002820058041415,37.5,31.5,6.0,0.0,0.1084696688917382,0.09971799419585849
"(0.06, 0.15, 0.15)",1.0,15.0,A,,1543719.2717007035,0.09841951981639618,-0.21083685034140048,-0.24026915817852196,0.09254386726083237,0.10604090415467525,0.27156352538012063,0.9962933352039518,41.5,35.5,6.0,0.0,0.11878369987451261,0.003706664796048185
"(0.06, 0.15, 0.15)",1.0,,A,,1543719.2717007035,0.09841951981639618,-0.21083685034140048,-0.24026915817852196,0.09254386726083237,0.10604090415467525,0.27156352538012063,0.9962933352039518,41.5,35.5,6.0,0.0,0.11878369987451261,0.003706664796048185
"(0.06, 0.2, 0)",0.9,15.0,A,,1449100.3861471424,0.09153976079836623,-0.20045416996126247,-0.2212972161455328,0.08751214656020936,0.09544720419189001,0.24952160257223255,0.9010001021088191,35.0,31.0,4.0,0.0,0.1079023720743099,0.09899989789118087
"(0.06, 0.2, 0)",0.9,,A,,1449100.3861471424,0.09153976079836623,-0.20045416996126247,-0.2212972161455328,0.08751214656020936,0.09544720419189001,0.24952160257223255,0.9010001021088191,35.0,31.0,4.0,0.0,0.1079023720743099,0.09899989789118087
"(0.06, 0.2, 0)",1.0,15.0,A,,1535756.525026532,0.09785540845737561,-0.21989962699799653,-0.2509951120414758,0.09024898789527909,0.10680258879405038,0.2632575685887054,0.9835098444057844,39.0,34.0,5.0,0.0,0.1196358156182652,0.016490155594215683
"(0.06, 0.2, 0)",1.0,,A,,1535756.525026532,0.09785540845737561,-0.21989962699799653,-0.2509951120414758,0.09024898789527909,0.10680258879405038,0.2632575685887054,0.9835098444057844,39.0,34.0,5.0,0.0,0.1196358156182652,0.016490155594215683
"(0.06, 0.2, 0.01)",0.9,15.0,A,,1427235.3931063565,0.08989252969042816,-0.1906857096258855,-0.21572873513541946,0.08708872500974733,0.09742880508762845,0.24516018022191674,0.901000056349607,40.0,30.0,4.0,5.5,0.10830281054456739,0.0989999436503929
"(0.06, 0.2, 0.01)",0.9,,A,,1480017.6960904365,0.09383100902373809,-0.19853697130016318,-0.22714353264850468,0.08942036092521174,0.09801302147612845,0.2471921592494671,0.901000056349607,49.0,30.0,4.0,15.0,0.10961276107255956,0.0989999436503929
"(0.06, 0.2, 0.01)",1.0,15.0,A,,1546379.6805852754,0.09860708619113578,-0.2236274663854318,-0.25344867137320287,0.09130984291872812,0.10773762787621562,0.2660165830445331,0.9938284055313656,43.5,33.5,5.0,3.0,0.1208884822487992,0.006171594468634392
"(0.06, 0.2, 0.01)",1.0,,A,,1546379.6805852754,0.09860708619113578,-0.2236274663854318,-0.25344867137320287,0.09098886971867967,0.10782114200559727,0.2666677022464771,0.99653053337014,43.5,33.5,5.0,4.5,0.1208884822487992,0.003469466629860079
"(0.06, 0.2, 0.02)",0.9,15.0,A,,1471020.496772993,0.09316879540633805,-0.19370089690330533,-0.2253292078924281,0.08738128437182635,0.09883999914669192,0.2475832266514955,0.901000056349607,41.0,31.0,4.0,5.0,0.10900140163545255,0.0989999436503929
"(0.06, 0.2, 0.02)",0.9,,A,,1471041.9795291503,0.09317033634323058,-0.19954422808888855,-0.223915768081481,0.08799157317445572,0.09946219657513644,0.24524877802122955,0.9010001021088191,41.5,30.5,4.0,7.0,0.10928454956161945,0.09899989789118087
"(0.06, 0.2, 0.02)",1.0,15.0,A,,1542944.7844005534,0.09836477398440113,-0.2249200350561935,-0.2569766826232001,0.09091866930168604,0.10736956436392724,0.2645649333397728,0.990290550225918,40.0,34.0,5.0,1.0,0.12036341342855378,0.009709449774081962
"(0.06, 0.2, 0.02)",1.0,,A,,1542944.7844005534,0.09836477398440113,-0.2249200350561935,-0.2569766826232001,0.09091866930168604,0.10736956436392724,0.2658819356228195,0.990290550225918,40.0,34.0,5.0,1.0,0.12036341342855378,0.009709449774081962
"(0.06, 0.2, 0.03)",0.9,15.0,A,,1470952.4892848853,0.09316298866007322,-0.19503493407012185,-0.2286459752556854,0.08811216396889832,0.09764426733581731,0.24804187878017483,0.901000056349607,38.5,30.0,4.0,4.0,0.10956597542672,0.0989999436503929
"(0.06, 0.2, 0.03)",0.9,,A,,1470952.4892848853,0.09316298866007322,-0.19503493407012185,-0.2286459752556854,0.08811216396889832,0.09991280344849592,0.24804187878017483,0.901000056349607,38.5,30.0,4.0,4.5,0.10956597542672,0.0989999436503929
"(0.06, 0.2, 0.03)",1.0,15.0,A,,1522065.915994387,0.0968745772990115,-0.22374303370953663,-0.2546281711857004,0.09089778514140037,0.1076074597693644,0.2696263678844274,0.9928962074990746,39.5,32.5,5.0,2.0,0.12053880153883859,0.00710379250092541
"(0.06, 0.2, 0.03)",1.0,,A,,1522065.915994387,0.0968745772990115,-0.22374303370953663,-0.2546281711857004,0.09089778514140037,0.1076074597693644,0.2696263678844274,0.9928962074990746,39.5,32.5,5.0,2.0,0.12053880153883859,0.00710379250092541
"(0.06, 0.2, 0.04)",0.9,15.0,A,,1449039.1641991003,0.09153513360553478,-0.19278172108256475,-0.2245891622259566,0.08800085224803425,0.09878749210512801,0.24924719524940694,0.9010001021088191,37.0,29.5,4.0,4.0,0.10995998403446172,0.09899989789118087
"(0.06, 0.2, 0.04)",0.9,,A,,1449039.1641991003,0.09153513360553478,-0.19278172108256475,-0.2245891622259566,0.08800085224803425,0.09892359416709227,0.24979240426399194,0.9010001021088191,37.0,29.5,4.0,4.0,0.10972265899681848,0.09899989789118087
"(0.06, 0.2, 0.04)",1.0,15.0,A,,1535756.525026532,0.09785540845737561,-0.21989962699799653,-0.2509951120414758,0.09024898789527909,0.10680258879405038,0.2639823992380931,0.9835098769928531,39.0,34.0,5.0,0.0,0.11974707214048198,0.01649012300714691
"(0.06, 0.2, 0.04)",1.0,,A,,1535756.525026532,0.09785540845737561,-0.21989962699799653,-0.2509951120414758,0.09024898789527909,0.10680258879405038,0.2639823992380931,0.9835098769928531,39.0,34.0,5.0,0.0,0.11974707214048198,0.01649012300714691
"(0.06, 0.2, 0.06)",0.9,15.0,A,,1458804.4910963825,0.09226357066034696,-0.20009965857394524,-0.22508929744606596,0.08779770827941527,0.0987904850028158,0.24704307174842088,0.9010001021088191,37.0,31.0,4.0,2.0,0.10938733061374914,0.09899989789118087
"(0.06, 0.2, 0.06)",0.9,,A,,1458804.4910963825,0.09226357066034696,-0.20009965857394524,-0.22508929744606596,0.08779770827941527,0.0987904850028158,0.24704307174842088,0.9010001021088191,37.0,31.0,4.0,2.0,0.10938733061374914,0.09899989789118087
"(0.06, 0.2, 0.06)",1.0,15.0,A,,1535756.525026532,0.09785540845737561,-0.21989962699799653,-0.2509951120414758,0.09024898789527909,0.10680258879405038,0.2639823992380931,0.9835098444057844,39.0,34.0,5.0,0.0,0.1196358156182652,0.016490155594215683
"(0.06, 0.2, 0.06)",1.0,,A,,1535756.525026532,0.09785540845737561,-0.21989962699799653,-0.2509951120414758,0.09024898789527909,0.10680258879405038,0.2639823992380931,0.9835098444057844,39.0,34.0,5.0,0.0,0.1196358156182652,0.016490155594215683
"(0.06, 0.2, 0.08)",0.9,15.0,A,,1406881.1519409732,0.08833848120406229,-0.1907304031274094,-0.23652475058631847,0.08409287180992904,0.09837006175959118,0.24572247675946343,0.901000056349607,35.5,30.5,4.0,1.0,0.10894231675319532,0.0989999436503929
"(0.06, 0.2, 0.08)",0.9,,A,,1406881.1519409732,0.08833848120406229,-0.1907304031274094,-0.23652475058631847,0.08409287180992904,0.09837006175959118,0.24572247675946343,0.901000056349607,35.5,30.5,4.0,1.0,0.10894231675319532,0.0989999436503929
"(0.06, 0.2, 0.08)",1.0,15.0,A,,1535756.525026532,0.09785540845737561,-0.21989962699799653,-0.2509951120414758,0.09024898789527909,0.10680258879405038,0.2639823992380931,0.9835098769928531,39.0,34.0,5.0,0.0,0.1196358156182652,0.01649012300714691
"(0.06, 0.2, 0.08)",1.0,,A,,1535756.525026532,0.09785540845737561,-0.21989962699799653,-0.2509951120414758,0.09024898789527909,0.10680258879405038,0.2639823992380931,0.9835098769928531,39.0,34.0,5.0,0.0,0.1196358156182652,0.01649012300714691
"(0.06, 0.2, 0.1)",0.9,15.0,A,,1448253.4427791745,0.09147593736054915,-0.19010909179226554,-0.23519484527699872,0.08725394857239613,0.09691639230272686,0.24556048880074913,0.901000056349607,36.0,31.0,4.0,1.0,0.10845105885273497,0.0989999436503929
"(0.06, 0.2, 0.1)",0.9,,A,,1448253.4427791745,0.09147593736054915,-0.19010909179226554,-0.23519484527699872,0.08725394857239613,0.09691639230272686,0.24556048880074913,0.901000056349607,36.0,31.0,4.0,1.0,0.10845105885273497,0.0989999436503929
"(0.06, 0.2, 0.1)",1.0,15.0,A,,1535756.525026532,0.09785540845737561,-0.21989962699799653,-0.2509951120414758,0.08904171757778818,0.10680258879405038,0.2632575685887054,0.9835098444057844,39.0,34.0,5.0,0.0,0.1196358156182652,0.016490155594215683
"(0.06, 0.2, 0.1)",1.0,,A,,1535756.525026532,0.09785540845737561,-0.21989962699799653,-0.2509951120414758,0.08904171757778818,0.10680258879405038,0.2632575685887054,0.9835098444057844,39.0,34.0,5.0,0.0,0.1196358156182652,0.016490155594215683
"(0.06, 0.2, 0.15)",0.9,15.0,A,,1449100.3861471424,0.09153976079836623,-0.20045416996126247,-0.2212972161455328,0.08751214656020936,0.09544720419189001,0.24952160257223255,0.9010001021088191,35.0,31.0,4.0,0.0,0.1079023720743099,0.09899989789118087
"(0.06, 0.2, 0.15)",0.9,,A,,1449100.3861471424,0.09153976079836623,-0.20045416996126247,-0.2212972161455328,0.08751214656020936,0.09544720419189001,0.24952160257223255,0.9010001021088191,35.0,31.0,4.0,0.0,0.1079023720743099,0.09899989789118087
"(0.06, 0.2, 0.15)",1.0,15.0,A,,1535756.525026532,0.09785540845737561,-0.21989962699799653,-0.2509951120414758,0.08570997315932967,0.10680258879405038,0.2633579271963773,0.9835098769928531,39.0,34.0,5.0,0.0,0.1196358156182652,0.01649012300714691
"(0.06, 0.2, 0.15)",1.0,,A,,1535756.525026532,0.09785540845737561,-0.21989962699799653,-0.2509951120414758,0.08570997315932967,0.10680258879405038,0.2633579271963773,0.9835098769928531,39.0,34.0,5.0,0.0,0.1196358156182652,0.01649012300714691
