code,name,list_date,exchange,board
000001,平安银行,1991-04-03,SZ,主板
000002,万  科Ａ,1991-01-29,SZ,主板
000006,深振业Ａ,1992-04-27,SZ,主板
000007,全新好,1992-04-13,SZ,主板
000008,神州高铁,1992-05-07,SZ,主板
000009,中国宝安,1991-06-25,SZ,主板
000010,*ST美丽,1995-10-27,SZ,主板
000011,深物业A,1992-03-30,SZ,主板
000012,南  玻Ａ,1992-02-28,SZ,主板
000014,沙河股份,1992-06-02,SZ,主板
000016,*ST康佳A,1992-03-27,SZ,主板
000017,深中华A,1992-03-31,SZ,主板
000019,深粮控股,1992-10-12,SZ,主板
000020,深华发Ａ,1992-04-28,SZ,主板
000021,深科技,1994-02-02,SZ,主板
000025,特  力Ａ,1993-06-21,SZ,主板
000026,飞亚达,1993-06-03,SZ,主板
000027,深圳能源,1993-09-03,SZ,主板
000028,国药一致,1993-08-09,SZ,主板
000029,深深房Ａ,1993-09-15,SZ,主板
000030,富奥股份,1993-09-29,SZ,主板
000031,大悦城,1993-10-08,SZ,主板
000032,深桑达Ａ,1993-10-28,SZ,主板
000034,神州数码,1994-05-09,SZ,主板
000035,中国天楹,1994-04-08,SZ,主板
000036,华联控股,1994-06-17,SZ,主板
000037,深南电A,1994-07-01,SZ,主板
000039,中集集团,1994-04-08,SZ,主板
000042,中洲控股,1994-09-21,SZ,主板
000045,深纺织Ａ,1994-08-15,SZ,主板
000048,京基智农,1994-11-01,SZ,主板
000049,德赛电池,1995-03-20,SZ,主板
000050,深天马Ａ,1995-03-15,SZ,主板
000055,方大集团,1996-04-15,SZ,主板
000056,*ST皇庭,1996-07-08,SZ,主板
000058,深 赛 格,1996-12-26,SZ,主板
000059,华锦股份,1997-01-30,SZ,主板
000060,中金岭南,1997-01-23,SZ,主板
000061,农 产 品,1997-01-10,SZ,主板
000062,深圳华强,1997-01-30,SZ,主板
000063,中兴通讯,1997-11-18,SZ,主板
000065,北方国际,1998-06-05,SZ,主板
000066,中国长城,1997-06-26,SZ,主板
000068,华控赛格,1997-06-11,SZ,主板
000069,华侨城Ａ,1997-09-10,SZ,主板
000070,特发信息,2000-05-11,SZ,主板
000078,ST海王,1998-12-18,SZ,主板
000088,盐 田 港,1997-07-28,SZ,主板
000089,深圳机场,1998-04-20,SZ,主板
000090,天健集团,1999-07-21,SZ,主板
000096,广聚能源,2000-07-24,SZ,主板
000099,中信海直,2000-07-31,SZ,主板
000100,TCL科技,2004-01-30,SZ,主板
000151,中成股份,2000-09-06,SZ,主板
000153,丰原药业,2000-09-20,SZ,主板
000155,川能动力,2000-09-26,SZ,主板
000156,华数传媒,2000-09-06,SZ,主板
000157,中联重科,2000-10-12,SZ,主板
000158,常山北明,2000-07-24,SZ,主板
000159,国际实业,2000-09-26,SZ,主板
000166,申万宏源,2015-01-26,SZ,主板
000301,东方盛虹,2000-05-29,SZ,主板
000333,美的集团,2013-09-18,SZ,主板
000338,潍柴动力,2007-04-30,SZ,主板
000400,许继电气,1997-04-18,SZ,主板
000401,金隅冀东,1996-06-14,SZ,主板
000402,金 融 街,1996-06-26,SZ,主板
000403,派林生物,1996-06-28,SZ,主板
000404,长虹华意,1996-06-19,SZ,主板
000407,胜利股份,1996-07-03,SZ,主板
000408,藏格矿业,1996-06-28,SZ,主板
000409,云鼎科技,1996-06-27,SZ,主板
000410,沈阳机床,1996-07-18,SZ,主板
000411,英特集团,1996-07-16,SZ,主板
000415,渤海租赁,1996-07-16,SZ,主板
000417,合百集团,1996-08-12,SZ,主板
000419,通程控股,1996-08-16,SZ,主板
000420,吉林化纤,1996-08-02,SZ,主板
000421,南京公用,1996-08-06,SZ,主板
000422,湖北宜化,1996-08-15,SZ,主板
000423,东阿阿胶,1996-07-29,SZ,主板
000425,徐工机械,1996-08-28,SZ,主板
000426,兴业银锡,1996-08-28,SZ,主板
000428,华天酒店,1996-08-08,SZ,主板
000429,粤高速Ａ,1998-02-20,SZ,主板
000430,张家界,1996-08-29,SZ,主板
000488,ST晨鸣,2000-11-20,SZ,主板
000498,山东路桥,1997-06-09,SZ,主板
000501,武商集团,1992-11-20,SZ,主板
000503,国新健康,1992-11-30,SZ,主板
000504,南华生物,1992-12-08,SZ,主板
000505,京粮控股,1992-12-21,SZ,主板
000506,招金黄金,1993-03-12,SZ,主板
000507,珠海港,1993-03-26,SZ,主板
000509,华塑控股,1993-05-07,SZ,主板
000510,新金路,1993-05-07,SZ,主板
000513,丽珠集团,1993-10-28,SZ,主板
000514,渝 开 发,1993-07-12,SZ,主板
000516,国际医学,1993-08-09,SZ,主板
000517,荣安地产,1993-08-06,SZ,主板
000518,四环生物,1993-09-08,SZ,主板
000519,中兵红箭,1993-10-08,SZ,主板
000520,凤凰航运,1993-10-25,SZ,主板
000521,长虹美菱,1993-10-18,SZ,主板
000523,红棉股份,1993-11-08,SZ,主板
000524,岭南控股,1993-11-18,SZ,主板
000525,红太阳,1993-10-28,SZ,主板
000526,学大教育,1993-11-01,SZ,主板
000528,柳    工,1993-11-18,SZ,主板
000529,广弘控股,1993-11-18,SZ,主板
000530,冰山冷热,1993-12-08,SZ,主板
000531,穗恒运Ａ,1994-01-06,SZ,主板
000532,华金资本,1994-01-03,SZ,主板
000533,顺钠股份,1994-01-03,SZ,主板
000534,万泽股份,1994-01-10,SZ,主板
000536,华映科技,1993-11-26,SZ,主板
000537,绿发电力,1993-12-10,SZ,主板
000538,云南白药,1993-12-15,SZ,主板
000539,粤电力Ａ,1993-11-26,SZ,主板
000541,佛山照明,1993-11-23,SZ,主板
000543,皖能电力,1993-12-20,SZ,主板
000544,中原环保,1993-12-08,SZ,主板
000545,金浦钛业,1993-12-15,SZ,主板
000546,金圆股份,1993-12-15,SZ,主板
000547,航天发展,1993-11-30,SZ,主板
000548,湖南投资,1993-12-20,SZ,主板
000550,江铃汽车,1993-12-01,SZ,主板
000551,创元科技,1994-01-06,SZ,主板
000552,甘肃能化,1994-01-06,SZ,主板
000553,安道麦A,1993-12-03,SZ,主板
000554,泰山石油,1993-12-15,SZ,主板
000555,神州信息,1994-04-08,SZ,主板
000557,西部创业,1994-06-17,SZ,主板
000558,天府文旅,1994-05-09,SZ,主板
000559,万向钱潮,1994-01-10,SZ,主板
000560,我爱我家,1994-02-02,SZ,主板
000561,烽火电子,1994-05-09,SZ,主板
000563,陕国投Ａ,1994-01-10,SZ,主板
000564,供销大集,1994-01-10,SZ,主板
000565,渝三峡Ａ,1994-04-08,SZ,主板
000566,海南海药,1994-05-25,SZ,主板
000567,海德股份,1994-05-25,SZ,主板
000568,泸州老窖,1994-05-09,SZ,主板
000570,苏常柴Ａ,1994-07-01,SZ,主板
000571,新大洲A,1994-05-25,SZ,主板
000572,海马汽车,1994-08-08,SZ,主板
000573,粤宏远Ａ,1994-08-15,SZ,主板
000576,甘化科工,1994-09-07,SZ,主板
000581,威孚高科,1998-09-24,SZ,主板
000582,北部湾港,1995-11-02,SZ,主板
000586,汇源通信,1995-12-20,SZ,主板
000589,贵州轮胎,1996-03-08,SZ,主板
000590,古汉医药,1996-01-19,SZ,主板
000591,太阳能,1996-02-08,SZ,主板
000592,平潭发展,1996-03-27,SZ,主板
000593,德龙汇能,1996-03-12,SZ,主板
000595,新能股份,1996-04-19,SZ,主板
000596,古井贡酒,1996-09-27,SZ,主板
000597,东北制药,1996-05-23,SZ,主板
000598,兴蓉环境,1996-05-29,SZ,主板
000599,青岛双星,1996-04-30,SZ,主板
000600,建投能源,1996-06-06,SZ,主板
000601,韶能股份,1996-08-30,SZ,主板
000603,盛达资源,1996-08-23,SZ,主板
000605,渤海股份,1996-09-13,SZ,主板
000607,华媒控股,1996-08-30,SZ,主板
000608,阳光股份,1996-09-19,SZ,主板
000609,*ST中迪,1996-10-10,SZ,主板
000610,*ST西旅,1996-09-26,SZ,主板
000612,焦作万方,1996-09-26,SZ,主板
000615,*ST美谷,1996-10-16,SZ,主板
000617,中油资本,1996-10-22,SZ,主板
000619,海螺新材,1996-10-23,SZ,主板
000620,盈新发展,1996-10-29,SZ,主板
000623,吉林敖东,1996-10-28,SZ,主板
000625,长安汽车,1997-06-10,SZ,主板
000626,远大控股,1996-11-28,SZ,主板
000628,高新发展,1996-11-18,SZ,主板
000629,钒钛股份,1996-11-15,SZ,主板
000630,铜陵有色,1996-11-20,SZ,主板
000631,顺发恒能,1996-11-22,SZ,主板
000632,ST三木,1996-11-21,SZ,主板
000633,合金投资,1996-11-12,SZ,主板
000635,英 力 特,1996-11-20,SZ,主板
000636,风华高科,1996-11-29,SZ,主板
000637,茂化实华,1996-11-14,SZ,主板
000639,ST西王,1996-11-26,SZ,主板
000650,仁和药业,1996-12-10,SZ,主板
000651,格力电器,1996-11-18,SZ,主板
000652,泰达股份,1996-11-28,SZ,主板
000655,金岭矿业,1996-11-28,SZ,主板
000656,金科股份,1996-11-28,SZ,主板
000657,中钨高新,1996-12-05,SZ,主板
000659,珠海中富,1996-12-03,SZ,主板
000661,长春高新,1996-12-18,SZ,主板
000663,永安林业,1996-12-06,SZ,主板
000665,湖北广电,1996-12-10,SZ,主板
000668,荣丰控股,1996-12-10,SZ,主板
000669,ST金鸿,1996-12-10,SZ,主板
000670,盈方微,1996-12-17,SZ,主板
000672,上峰材料,1996-12-18,SZ,主板
000676,智度股份,1996-12-24,SZ,主板
000677,ST海龙,1996-12-26,SZ,主板
000678,襄阳轴承,1997-01-06,SZ,主板
000679,大连友谊,1997-01-24,SZ,主板
000680,山推股份,1997-01-22,SZ,主板
000681,视觉中国,1997-01-21,SZ,主板
000682,东方电子,1997-01-21,SZ,主板
000683,博源化工,1997-01-31,SZ,主板
000685,中山公用,1997-01-23,SZ,主板
000686,东北证券,1997-02-27,SZ,主板
000688,国城矿业,1997-01-20,SZ,主板
000690,宝新能源,1997-01-28,SZ,主板
000691,亚太实业,1997-02-28,SZ,主板
000692,惠天热电,1997-02-27,SZ,主板
000695,滨海能源,1997-02-18,SZ,主板
000697,炼石航空,1997-03-25,SZ,主板
000698,ST沈化,1997-02-20,SZ,主板
000700,模塑科技,1997-02-28,SZ,主板
000701,厦门信达,1997-02-26,SZ,主板
000702,正虹科技,1997-03-18,SZ,主板
000703,恒逸石化,1997-03-28,SZ,主板
000705,浙江震元,1997-04-10,SZ,主板
000707,双环科技,1997-04-15,SZ,主板
000708,中信特钢,1997-03-26,SZ,主板
000709,河钢股份,1997-04-16,SZ,主板
000710,贝瑞基因,1997-04-22,SZ,主板
000711,京蓝科技,1997-04-11,SZ,主板
000712,锦龙股份,1997-04-15,SZ,主板
000713,国投丰乐,1997-04-22,SZ,主板
000715,中兴商业,1997-05-08,SZ,主板
000716,黑芝麻,1997-04-18,SZ,主板
000717,中南股份,1997-05-08,SZ,主板
000718,苏宁环球,1997-04-08,SZ,主板
000719,中原传媒,1997-03-31,SZ,主板
000720,新能泰山,1997-05-09,SZ,主板
000721,西安饮食,1997-04-30,SZ,主板
000722,湖南发展,1997-05-22,SZ,主板
000723,美锦能源,1997-05-15,SZ,主板
000725,京东方Ａ,2001-01-12,SZ,主板
000726,鲁  泰Ａ,2000-12-25,SZ,主板
000727,冠捷科技,1997-05-20,SZ,主板
000728,国元证券,1997-06-16,SZ,主板
000729,燕京啤酒,1997-07-16,SZ,主板
000731,四川美丰,1997-06-17,SZ,主板
000733,振华科技,1997-07-03,SZ,主板
000735,罗 牛 山,1997-06-11,SZ,主板
000736,中交发展,1997-04-25,SZ,主板
000737,北方铜业,1997-04-28,SZ,主板
000738,航发控制,1997-06-26,SZ,主板
000739,普洛药业,1997-05-09,SZ,主板
000750,国海证券,1997-07-09,SZ,主板
000751,锌业股份,1997-06-26,SZ,主板
000752,*ST西发,1997-06-25,SZ,主板
000753,漳州发展,1997-06-26,SZ,主板
000755,山西高速,1997-06-27,SZ,主板
000756,新华制药,1997-08-06,SZ,主板
000757,浩物股份,1997-06-27,SZ,主板
000758,中色股份,1997-04-16,SZ,主板
000759,中百集团,1997-05-19,SZ,主板
000761,本钢板材,1998-01-15,SZ,主板
000762,西藏矿业,1997-07-08,SZ,主板
000766,通化金马,1997-04-30,SZ,主板
000767,晋控电力,1997-06-09,SZ,主板
000768,中航西飞,1997-06-26,SZ,主板
000776,广发证券,1997-06-11,SZ,主板
000777,中核科技,1997-07-10,SZ,主板
000778,新兴铸管,1997-06-06,SZ,主板
000779,甘咨询,1997-05-28,SZ,主板
000782,恒申新材,1997-06-19,SZ,主板
000783,长江证券,1997-07-31,SZ,主板
000785,居然智家,1997-07-11,SZ,主板
000786,北新建材,1997-06-06,SZ,主板
000788,北大医药,1997-06-16,SZ,主板
000789,万年青,1997-09-23,SZ,主板
000790,华神科技,1998-03-27,SZ,主板
000791,甘肃能源,1997-10-14,SZ,主板
000792,盐湖股份,1997-09-04,SZ,主板
000793,ST华闻,1997-07-29,SZ,主板
000795,英洛华,1997-08-08,SZ,主板
000796,凯撒旅业,1997-07-03,SZ,主板
000797,中国武夷,1997-07-15,SZ,主板
000798,中水渔业,1998-02-12,SZ,主板
000799,酒鬼酒,1997-07-18,SZ,主板
000800,一汽解放,1997-06-18,SZ,主板
000801,四川九洲,1998-05-06,SZ,主板
000802,北京文化,1998-01-08,SZ,主板
000803,山高环能,1998-03-03,SZ,主板
000807,云铝股份,1998-04-08,SZ,主板
000809,和展能源,1998-06-16,SZ,主板
000810,创维数字,1998-06-02,SZ,主板
000811,冰轮环境,1998-05-28,SZ,主板
000812,陕西金叶,1998-06-23,SZ,主板
000813,德展健康,1998-05-19,SZ,主板
000815,美利云,1998-06-09,SZ,主板
000816,智慧农业,1997-08-18,SZ,主板
000818,航锦科技,1997-10-17,SZ,主板
000819,岳阳兴长,1997-06-25,SZ,主板
000820,神雾节能,1998-06-30,SZ,主板
000821,ST京机,1998-06-26,SZ,主板
000822,山东海化,1998-07-03,SZ,主板
000823,超声电子,1997-10-08,SZ,主板
000825,太钢不锈,1998-10-21,SZ,主板
000826,*ST启环,1998-02-25,SZ,主板
000828,东莞控股,1997-06-17,SZ,主板
000829,天音控股,1997-12-02,SZ,主板
000830,鲁西化工,1998-08-07,SZ,主板
000831,中国稀土,1998-09-11,SZ,主板
000833,粤桂股份,1998-11-11,SZ,主板
000837,秦川机床,1998-09-28,SZ,主板
000838,*ST发展,1997-06-26,SZ,主板
000839,国安股份,1997-10-31,SZ,主板
000848,承德露露,1997-11-13,SZ,主板
000850,华茂股份,1998-10-07,SZ,主板
000852,石化机械,1998-11-26,SZ,主板
000856,冀东装备,1998-08-13,SZ,主板
000858,五 粮 液,1998-04-27,SZ,主板
000859,国风新材,1998-11-19,SZ,主板
000860,顺鑫农业,1998-11-04,SZ,主板
000862,银星能源,1998-09-15,SZ,主板
000863,三湘印象,1997-09-25,SZ,主板
000868,安凯客车,1997-07-25,SZ,主板
000869,张  裕Ａ,2000-10-26,SZ,主板
000875,电投绿能,2002-09-26,SZ,主板
000876,新 希 望,1998-03-11,SZ,主板
000877,天山股份,1999-01-07,SZ,主板
000878,云南铜业,1998-06-02,SZ,主板
000880,潍柴重机,1998-04-02,SZ,主板
000881,中广核技,1998-09-02,SZ,主板
000882,华联股份,1998-06-16,SZ,主板
000883,湖北能源,1998-05-19,SZ,主板
000885,城发环境,1999-03-19,SZ,主板
000886,海南高速,1998-01-23,SZ,主板
000887,中鼎股份,1998-12-03,SZ,主板
000888,峨眉山Ａ,1997-10-21,SZ,主板
000889,中嘉博创,1997-12-18,SZ,主板
000890,法尔胜,1999-01-19,SZ,主板
000892,欢瑞世纪,1999-01-15,SZ,主板
000893,亚钾国际,1998-12-24,SZ,主板
000895,双汇发展,1998-12-10,SZ,主板
000897,津滨发展,1999-04-22,SZ,主板
000898,鞍钢股份,1997-12-25,SZ,主板
000899,赣能股份,1997-11-26,SZ,主板
000900,现代投资,1999-01-28,SZ,主板
000901,航天科技,1999-04-01,SZ,主板
000902,新洋丰,1999-04-08,SZ,主板
000903,ST云动,1999-04-15,SZ,主板
000905,厦门港务,1999-04-29,SZ,主板
000906,浙商中拓,1999-07-07,SZ,主板
000908,石药景峰,1999-02-03,SZ,主板
000909,*ST数源,1999-05-07,SZ,主板
000910,大亚圣象,1999-06-30,SZ,主板
000911,*ST广糖,1999-05-27,SZ,主板
000912,泸天化,1999-06-03,SZ,主板
000913,钱江摩托,1999-05-14,SZ,主板
000915,华特达因,1999-06-09,SZ,主板
000917,电广传媒,1999-03-25,SZ,主板
000919,金陵药业,1999-11-18,SZ,主板
000920,沃顿科技,1999-06-16,SZ,主板
000921,海信家电,1999-07-13,SZ,主板
000922,佳电股份,1999-06-18,SZ,主板
000923,河钢资源,1999-07-14,SZ,主板
000925,众合科技,1999-06-11,SZ,主板
000926,福星股份,1999-06-18,SZ,主板
000927,中国铁物,1999-07-27,SZ,主板
000928,中钢国际,1999-03-12,SZ,主板
000929,兰州黄河,1999-06-23,SZ,主板
000930,中粮科技,1999-07-12,SZ,主板
000931,中 关 村,1999-07-12,SZ,主板
000932,华菱钢铁,1999-08-03,SZ,主板
000933,神火股份,1999-08-31,SZ,主板
000935,四川双马,1999-08-24,SZ,主板
000936,华西股份,1999-08-10,SZ,主板
000937,冀中能源,1999-09-09,SZ,主板
000938,紫光股份,1999-11-04,SZ,主板
000948,南天信息,1999-10-14,SZ,主板
000949,新乡化纤,1999-10-21,SZ,主板
000950,重药控股,1999-09-16,SZ,主板
000951,中国重汽,1999-11-25,SZ,主板
000952,广济药业,1999-11-12,SZ,主板
000953,中哲精化,1999-12-02,SZ,主板
000955,欣龙控股,1999-12-09,SZ,主板
000957,中通客车,2000-01-13,SZ,主板
000958,电投产融,1999-12-23,SZ,主板
000959,首钢股份,1999-12-16,SZ,主板
000960,锡业股份,2000-02-21,SZ,主板
000962,东方钽业,2000-01-20,SZ,主板
000963,华东医药,2000-01-27,SZ,主板
000965,天保基建,2000-04-06,SZ,主板
000966,长源电力,2000-03-16,SZ,主板
000967,盈峰环境,2000-03-30,SZ,主板
000968,蓝焰控股,2000-06-22,SZ,主板
000969,安泰科技,2000-05-29,SZ,主板
000970,中科三环,2000-04-20,SZ,主板
000972,中基健康,2000-09-26,SZ,主板
000973,佛塑科技,2000-05-25,SZ,主板
000975,山金国际,2000-06-08,SZ,主板
000977,浪潮信息,2000-06-08,SZ,主板
000978,桂林旅游,2000-05-18,SZ,主板
000980,众泰汽车,2000-06-16,SZ,主板
000981,山子高科,2000-06-22,SZ,主板
000983,山西焦煤,2000-07-26,SZ,主板
000985,大庆华科,2000-07-26,SZ,主板
000987,越秀资本,2000-07-18,SZ,主板
000988,华工科技,2000-06-08,SZ,主板
000989,九芝堂,2000-06-28,SZ,主板
000990,诚志股份,2000-07-06,SZ,主板
000993,闽东电力,2000-07-31,SZ,主板
000995,皇台酒业,2000-08-07,SZ,主板
000997,新 大 陆,2000-08-07,SZ,主板
000998,隆平高科,2000-12-11,SZ,主板
000999,华润三九,2000-03-09,SZ,主板
001201,东瑞股份,2021-04-28,SZ,主板
001202,炬申股份,2021-04-29,SZ,主板
001203,大中矿业,2021-05-10,SZ,主板
001205,盛航股份,2021-05-13,SZ,主板
001206,依依股份,2021-05-18,SZ,主板
001207,联科科技,2021-06-23,SZ,主板
001208,华菱线缆,2021-06-24,SZ,主板
001209,洪兴股份,2021-07-23,SZ,主板
001210,金房能源,2021-07-29,SZ,主板
001211,双枪科技,2021-08-05,SZ,主板
001212,中旗新材,2021-08-23,SZ,主板
001213,中铁特货,2021-09-08,SZ,主板
001215,千味央厨,2021-09-06,SZ,主板
001216,华瓷股份,2021-10-19,SZ,主板
001217,华尔泰,2021-09-29,SZ,主板
001218,丽臣实业,2021-10-15,SZ,主板
001219,青岛食品,2021-10-21,SZ,主板
001220,世盟股份,2026-02-03,SZ,主板
001221,悍高集团,2025-07-30,SZ,主板
001222,源飞宠物,2022-08-18,SZ,主板
001223,欧克科技,2022-12-12,SZ,主板
001225,和泰机电,2023-02-22,SZ,主板
001226,拓山重工,2022-06-22,SZ,主板
001227,兰州银行,2022-01-17,SZ,主板
001228,永泰运,2022-04-29,SZ,主板
001229,魅视科技,2022-08-08,SZ,主板
001230,劲旅环境,2022-07-15,SZ,主板
001231,农心科技,2022-08-19,SZ,主板
001232,嘉立创,2026-08-04,SZ,主板
001233,海安集团,2025-11-25,SZ,主板
001234,泰慕士,2022-01-11,SZ,主板
001236,弘业期货,2022-08-05,SZ,主板
001237,惠康科技,2026-05-22,SZ,主板
001238,浙江正特,2022-09-19,SZ,主板
001239,永达股份,2023-12-12,SZ,主板
001248,华润新能源,2026-07-02,SZ,主板
001255,博菲电气,2022-09-30,SZ,主板
001256,炜冈科技,2022-12-05,SZ,主板
001257,盛龙股份,2026-03-31,SZ,主板
001258,立新能源,2022-07-27,SZ,主板
001259,利仁科技,2022-08-31,SZ,主板
001260,坤泰股份,2023-02-16,SZ,主板
001266,宏英智能,2022-02-28,SZ,主板
001267,汇绿生态,2021-11-17,SZ,主板
001268,联合精密,2022-06-30,SZ,主板
001269,欧晶科技,2022-09-30,SZ,主板
001270,铖昌科技,2022-06-06,SZ,主板
001277,速达股份,2024-09-03,SZ,主板
001278,一彬科技,2023-03-08,SZ,主板
001279,强邦新材,2024-10-11,SZ,主板
001280,中国铀业,2025-12-03,SZ,主板
001282,三联锻造,2023-05-24,SZ,主板
001283,豪鹏科技,2022-09-05,SZ,主板
001285,瑞立科密,2025-09-30,SZ,主板
001286,陕西能源,2023-04-10,SZ,主板
001287,中电港,2023-04-10,SZ,主板
001288,运机集团,2021-11-01,SZ,主板
001289,龙源电力,2022-01-24,SZ,主板
001296,长江材料,2021-12-24,SZ,主板
001298,好上好,2022-10-31,SZ,主板
001299,美能能源,2022-10-31,SZ,主板
001300,三柏硕,2022-10-19,SZ,主板
001301,尚太科技,2022-12-28,SZ,主板
001306,夏厦精密,2023-11-16,SZ,主板
001308,康冠科技,2022-03-18,SZ,主板
001309,德明利,2022-07-01,SZ,主板
001311,多利科技,2023-02-27,SZ,主板
001312,福恩股份,2026-04-21,SZ,主板
001313,粤海饲料,2022-02-16,SZ,主板
001314,亿道信息,2023-02-14,SZ,主板
001316,润贝航科,2022-06-24,SZ,主板
001317,三羊马,2021-11-30,SZ,主板
001318,阳光乳业,2022-05-20,SZ,主板
001319,铭科精技,2022-05-12,SZ,主板
001322,箭牌家居,2022-10-26,SZ,主板
001323,慕思股份,2022-06-23,SZ,主板
001324,长青科技,2023-05-22,SZ,主板
001325,元创股份,2025-12-18,SZ,主板
001326,联域股份,2023-11-09,SZ,主板
001328,登康口腔,2023-04-10,SZ,主板
001330,博纳影业,2022-08-18,SZ,主板
001331,胜通能源,2022-09-08,SZ,主板
001332,锡装股份,2022-09-20,SZ,主板
001333,光华股份,2022-12-08,SZ,主板
001335,信凯科技,2025-04-15,SZ,主板
001336,楚环科技,2022-07-25,SZ,主板
001337,四川黄金,2023-03-03,SZ,主板
001338,永顺泰,2022-11-16,SZ,主板
001339,智微智能,2022-08-15,SZ,主板
001356,富岭股份,2025-01-23,SZ,主板
001358,兴欣新材,2023-12-21,SZ,主板
001359,平安电工,2024-03-28,SZ,主板
001360,南矿集团,2023-04-10,SZ,主板
001365,天海电子,2026-05-18,SZ,主板
001366,播恩集团,2023-03-07,SZ,主板
001367,海森药业,2023-04-10,SZ,主板
001368,通达创智,2023-03-13,SZ,主板
001369,双欣材料,2025-12-30,SZ,主板
001373,翔腾新材,2023-06-01,SZ,主板
001376,百通能源,2023-11-03,SZ,主板
001378,德冠新材,2023-10-30,SZ,主板
001379,腾达科技,2024-01-19,SZ,主板
001380,华纬科技,2023-05-16,SZ,主板
001382,新亚电缆,2025-03-21,SZ,主板
001386,马可波罗,2025-10-22,SZ,主板
001387,雪祺电气,2024-01-11,SZ,主板
001388,信通电子,2025-07-01,SZ,主板
001389,广合科技,2024-04-02,SZ,主板
001390,古麒绒材,2025-05-29,SZ,主板
001391,国货航,2024-12-30,SZ,主板
001393,维通利,2026-05-15,SZ,主板
001395,亚联机械,2025-01-27,SZ,主板
001396,誉帆科技,2025-12-30,SZ,主板
001399,惠科股份,2026-06-26,SZ,主板
001400,江顺科技,2025-04-24,SZ,主板
001696,宗申动力,1997-03-06,SZ,主板
001872,招商港口,1993-05-05,SZ,主板
001896,豫能控股,1998-01-22,SZ,主板
001914,招商积余,1994-09-28,SZ,主板
001965,招商公路,2017-12-25,SZ,主板
001979,招商蛇口,2015-12-30,SZ,主板
002001,新 和 成,2004-06-25,SZ,主板
002003,伟星股份,2004-06-25,SZ,主板
002004,华邦健康,2004-06-25,SZ,主板
002005,德豪润达,2004-06-25,SZ,主板
002006,精工科技,2004-06-25,SZ,主板
002007,华兰生物,2004-06-25,SZ,主板
002008,大族激光,2004-06-25,SZ,主板
002009,天奇股份,2004-06-29,SZ,主板
002010,传化智联,2004-06-29,SZ,主板
002011,盾安环境,2004-07-05,SZ,主板
002012,凯恩股份,2004-07-05,SZ,主板
002014,永新股份,2004-07-08,SZ,主板
002015,协鑫能科,2004-07-08,SZ,主板
002016,世荣兆业,2004-07-08,SZ,主板
002017,东信和平,2004-07-13,SZ,主板
002019,亿帆医药,2004-07-13,SZ,主板
002020,京新药业,2004-07-15,SZ,主板
002021,中捷资源,2004-07-15,SZ,主板
002022,科华生物,2004-07-21,SZ,主板
002023,海特高新,2004-07-21,SZ,主板
002024,ST易购,2004-07-21,SZ,主板
002025,航天电器,2004-07-26,SZ,主板
002026,山东威达,2004-07-27,SZ,主板
002027,分众传媒,2004-08-04,SZ,主板
002028,思源电气,2004-08-05,SZ,主板
002029,七 匹 狼,2004-08-06,SZ,主板
002030,达安基因,2004-08-09,SZ,主板
002031,巨轮智能,2004-08-16,SZ,主板
002032,苏 泊 尔,2004-08-17,SZ,主板
002033,丽江股份,2004-08-25,SZ,主板
002034,旺能环境,2004-08-26,SZ,主板
002035,华帝股份,2004-09-01,SZ,主板
002036,联创电子,2004-09-03,SZ,主板
002037,保利联合,2004-09-08,SZ,主板
002038,双鹭药业,2004-09-09,SZ,主板
002039,黔源电力,2005-03-03,SZ,主板
002040,南 京 港,2005-03-25,SZ,主板
002041,登海种业,2005-04-18,SZ,主板
002042,华孚时尚,2005-04-27,SZ,主板
002043,兔 宝 宝,2005-05-10,SZ,主板
002044,美年健康,2005-05-18,SZ,主板
002045,国光电器,2005-05-23,SZ,主板
002046,国机精工,2005-05-26,SZ,主板
002047,宝鹰股份,2005-05-31,SZ,主板
002048,宁波华翔,2005-06-03,SZ,主板
002049,紫光国微,2005-06-06,SZ,主板
002050,三花智控,2005-06-07,SZ,主板
002051,中工国际,2006-06-19,SZ,主板
002052,同洲电子,2006-06-27,SZ,主板
002053,云南能投,2006-06-27,SZ,主板
002054,德美化工,2006-07-25,SZ,主板
002055,ST得润,2006-07-25,SZ,主板
002056,横店东磁,2006-08-02,SZ,主板
002057,中钢天源,2006-08-02,SZ,主板
002058,紫竹高科,2006-08-02,SZ,主板
002059,云南旅游,2006-08-10,SZ,主板
002060,广东建工,2006-08-10,SZ,主板
002061,浙江交科,2006-08-16,SZ,主板
002062,宏润建设,2006-08-16,SZ,主板
002063,远光软件,2006-08-23,SZ,主板
002064,华峰化学,2006-08-23,SZ,主板
002065,东华软件,2006-08-23,SZ,主板
002066,瑞泰科技,2006-08-23,SZ,主板
002067,景兴纸业,2006-09-15,SZ,主板
002068,黑猫股份,2006-09-15,SZ,主板
002069,獐子岛,2006-09-28,SZ,主板
002072,凯瑞德,2006-10-18,SZ,主板
002073,软控股份,2006-10-18,SZ,主板
002074,国轩高科,2006-10-18,SZ,主板
002075,沙钢股份,2006-10-25,SZ,主板
002076,星光股份,2006-10-25,SZ,主板
002077,大港股份,2006-11-16,SZ,主板
002078,太阳纸业,2006-11-16,SZ,主板
002079,苏州固锝,2006-11-16,SZ,主板
002080,中材科技,2006-11-20,SZ,主板
002081,金 螳 螂,2006-11-20,SZ,主板
002082,ST万邦,2006-11-20,SZ,主板
002083,孚日股份,2006-11-24,SZ,主板
002084,海鸥住工,2006-11-24,SZ,主板
002085,万丰奥威,2006-11-28,SZ,主板
002086,东方海洋,2006-11-28,SZ,主板
002088,鲁阳节能,2006-11-30,SZ,主板
002090,金智科技,2006-12-08,SZ,主板
002091,江苏国泰,2006-12-08,SZ,主板
002092,中泰化学,2006-12-08,SZ,主板
002093,国脉科技,2006-12-15,SZ,主板
002094,青岛金王,2006-12-15,SZ,主板
002095,生 意 宝,2006-12-15,SZ,主板
002096,易普力,2006-12-22,SZ,主板
002097,山河智能,2006-12-22,SZ,主板
002098,浔兴股份,2006-12-22,SZ,主板
002099,海翔药业,2006-12-26,SZ,主板
002100,天康生物,2006-12-26,SZ,主板
002101,广东鸿图,2006-12-29,SZ,主板
002102,ST能特,2006-12-29,SZ,主板
002103,广博股份,2007-01-10,SZ,主板
002104,恒宝股份,2007-01-10,SZ,主板
002105,信隆健康,2007-01-12,SZ,主板
002106,莱宝高科,2007-01-12,SZ,主板
002107,沃华医药,2007-01-24,SZ,主板
002108,沧州明珠,2007-01-24,SZ,主板
002109,ST兴化,2007-01-26,SZ,主板
002110,三钢闽光,2007-01-26,SZ,主板
002111,威海广泰,2007-01-26,SZ,主板
002112,三变科技,2007-02-08,SZ,主板
002114,罗平锌电,2007-02-15,SZ,主板
002115,三维通信,2007-02-15,SZ,主板
002116,中国海诚,2007-02-15,SZ,主板
002117,东港股份,2007-03-02,SZ,主板
002119,康强电子,2007-03-02,SZ,主板
002120,韵达股份,2007-03-06,SZ,主板
002121,科陆电子,2007-03-06,SZ,主板
002122,ST汇洲,2007-03-28,SZ,主板
002123,梦网科技,2007-03-28,SZ,主板
002124,天邦食品,2007-04-03,SZ,主板
002125,湘潭电化,2007-04-03,SZ,主板
002126,银轮股份,2007-04-18,SZ,主板
002127,南极电商,2007-04-18,SZ,主板
002128,电投能源,2007-04-18,SZ,主板
002129,TCL中环,2007-04-20,SZ,主板
002130,沃尔核材,2007-04-20,SZ,主板
002131,利欧股份,2007-04-27,SZ,主板
002132,恒星科技,2007-04-27,SZ,主板
002133,广宇集团,2007-04-27,SZ,主板
002134,天津普林,2007-05-16,SZ,主板
002135,东南网架,2007-05-30,SZ,主板
002136,安 纳 达,2007-05-30,SZ,主板
002137,实益达,2007-06-13,SZ,主板
002138,顺络电子,2007-06-13,SZ,主板
002139,拓邦股份,2007-06-29,SZ,主板
002140,东华科技,2007-07-12,SZ,主板
002141,贤丰控股,2007-07-20,SZ,主板
002142,宁波银行,2007-07-19,SZ,主板
002144,宏达高科,2007-08-03,SZ,主板
002145,钛能化学,2007-08-03,SZ,主板
002146,荣盛发展,2007-08-08,SZ,主板
002148,北纬科技,2007-08-10,SZ,主板
002149,西部材料,2007-08-10,SZ,主板
002150,正泰电源,2007-08-10,SZ,主板
002151,北斗星通,2007-08-13,SZ,主板
002152,广电运通,2007-08-13,SZ,主板
002153,石基信息,2007-08-13,SZ,主板
002154,报 喜 鸟,2007-08-16,SZ,主板
002155,湖南黄金,2007-08-16,SZ,主板
002156,通富微电,2007-08-16,SZ,主板
002157,正邦科技,2007-08-17,SZ,主板
002158,汉钟精机,2007-08-17,SZ,主板
002159,三特索道,2007-08-17,SZ,主板
002160,常铝股份,2007-08-21,SZ,主板
002161,远 望 谷,2007-08-21,SZ,主板
002162,悦心健康,2007-08-23,SZ,主板
002163,海南发展,2007-08-23,SZ,主板
002164,宁波东力,2007-08-23,SZ,主板
002165,红 宝 丽,2007-09-13,SZ,主板
002166,莱茵生物,2007-09-13,SZ,主板
002167,东方锆业,2007-09-13,SZ,主板
002168,ST惠程,2007-09-19,SZ,主板
002169,智光电气,2007-09-19,SZ,主板
002170,芭田股份,2007-09-19,SZ,主板
002171,楚江新材,2007-09-21,SZ,主板
002172,澳洋健康,2007-09-21,SZ,主板
002173,创新医疗,2007-09-25,SZ,主板
002174,游族网络,2007-09-25,SZ,主板
002175,*ST东智,2007-10-12,SZ,主板
002176,江特电机,2007-10-12,SZ,主板
002177,御银股份,2007-11-01,SZ,主板
002178,延华智能,2007-11-01,SZ,主板
002179,中航光电,2007-11-01,SZ,主板
002180,奔图科技,2007-11-13,SZ,主板
002181,粤 传 媒,2007-11-16,SZ,主板
002182,宝武镁业,2007-11-13,SZ,主板
002183,怡 亚 通,2007-11-13,SZ,主板
002184,海得控制,2007-11-16,SZ,主板
002185,华天科技,2007-11-20,SZ,主板
002186,全 聚 德,2007-11-20,SZ,主板
002187,广百股份,2007-11-22,SZ,主板
002188,中天服务,2007-11-22,SZ,主板
002189,中光学,2007-12-03,SZ,主板
002190,成飞集成,2007-12-03,SZ,主板
002191,劲嘉股份,2007-12-05,SZ,主板
002192,融捷股份,2007-12-05,SZ,主板
002193,ST如意,2007-12-07,SZ,主板
002194,武汉凡谷,2007-12-07,SZ,主板
002195,岩山科技,2007-12-12,SZ,主板
002196,方正电机,2007-12-12,SZ,主板
002197,证通电子,2007-12-18,SZ,主板
002198,ST嘉应,2007-12-18,SZ,主板
002199,东晶电子,2007-12-21,SZ,主板
002200,交投生态,2007-12-21,SZ,主板
002201,九鼎新材,2007-12-26,SZ,主板
002202,金风科技,2007-12-26,SZ,主板
002203,海亮股份,2008-01-16,SZ,主板
002204,大连重工,2008-01-16,SZ,主板
002205,国统股份,2008-01-23,SZ,主板
002206,海 利 得,2008-01-23,SZ,主板
002207,*ST准油,2008-01-28,SZ,主板
002208,合肥城建,2008-01-28,SZ,主板
002209,达 意 隆,2008-01-30,SZ,主板
002210,飞马国际,2008-01-30,SZ,主板
002211,ST宏达,2008-02-01,SZ,主板
002212,天融信,2008-02-01,SZ,主板
002213,大为股份,2008-02-01,SZ,主板
002214,大立科技,2008-02-18,SZ,主板
002215,诺 普 信,2008-02-18,SZ,主板
002216,三全食品,2008-02-20,SZ,主板
002217,ST合力泰,2008-02-20,SZ,主板
002218,拓日新能,2008-02-28,SZ,主板
002219,新里程,2008-03-06,SZ,主板
002221,东华能源,2008-03-06,SZ,主板
002222,福晶科技,2008-03-19,SZ,主板
002223,鱼跃医疗,2008-04-18,SZ,主板
002224,三 力 士,2008-04-25,SZ,主板
002225,濮耐股份,2008-04-25,SZ,主板
002226,江南化工,2008-05-06,SZ,主板
002227,*ST特迅,2008-05-06,SZ,主板
002228,合兴包装,2008-05-08,SZ,主板
002229,鸿博股份,2008-05-08,SZ,主板
002230,科大讯飞,2008-05-12,SZ,主板
002232,启明信息,2008-05-09,SZ,主板
002233,塔牌集团,2008-05-16,SZ,主板
002234,民和股份,2008-05-16,SZ,主板
002235,安妮股份,2008-05-16,SZ,主板
002236,大华股份,2008-05-20,SZ,主板
002237,恒邦股份,2008-05-20,SZ,主板
002238,天威视讯,2008-05-26,SZ,主板
002239,奥特佳,2008-05-22,SZ,主板
002240,盛新锂能,2008-05-23,SZ,主板
002241,歌尔股份,2008-05-22,SZ,主板
002242,九阳股份,2008-05-28,SZ,主板
002243,力合科创,2008-05-28,SZ,主板
002244,滨江集团,2008-05-29,SZ,主板
002245,蔚蓝锂芯,2008-06-05,SZ,主板
002246,北化股份,2008-06-05,SZ,主板
002247,聚力文化,2008-06-12,SZ,主板
002248,华东数控,2008-06-12,SZ,主板
002249,大洋电机,2008-06-19,SZ,主板
002250,联化科技,2008-06-19,SZ,主板
002251,步步高,2008-06-19,SZ,主板
002252,上海莱士,2008-06-23,SZ,主板
002253,川大智胜,2008-06-23,SZ,主板
002254,泰和新材,2008-06-25,SZ,主板
002255,海陆重工,2008-06-25,SZ,主板
002256,兆新股份,2008-06-25,SZ,主板
002258,利尔化学,2008-07-08,SZ,主板
002259,升达林业,2008-07-16,SZ,主板
002261,拓维信息,2008-07-23,SZ,主板
002262,恩华药业,2008-07-23,SZ,主板
002263,大东南,2008-07-28,SZ,主板
002264,新 华 都,2008-07-31,SZ,主板
002265,建设工业,2008-08-06,SZ,主板
002266,浙富控股,2008-08-06,SZ,主板
002267,陕天然气,2008-08-13,SZ,主板
002268,电科网安,2008-08-11,SZ,主板
002269,美邦服饰,2008-08-28,SZ,主板
002270,华明装备,2008-09-05,SZ,主板
002271,东方雨虹,2008-09-10,SZ,主板
002272,川润股份,2008-09-19,SZ,主板
002273,水晶光电,2008-09-19,SZ,主板
002274,华昌化工,2008-09-25,SZ,主板
002275,桂林三金,2009-07-10,SZ,主板
002276,万马股份,2009-07-10,SZ,主板
002277,友阿股份,2009-07-17,SZ,主板
002278,神开股份,2009-08-11,SZ,主板
002279,久其软件,2009-08-11,SZ,主板
002281,光迅科技,2009-08-21,SZ,主板
002282,博深股份,2009-08-21,SZ,主板
002283,天润工业,2009-08-21,SZ,主板
002284,亚太股份,2009-08-28,SZ,主板
002285,世联行,2009-08-28,SZ,主板
002286,保龄宝,2009-08-28,SZ,主板
002287,奇正藏药,2009-08-28,SZ,主板
002289,宇顺电子,2009-09-03,SZ,主板
002290,禾盛新材,2009-09-03,SZ,主板
002291,遥望科技,2009-09-03,SZ,主板
002292,奥飞娱乐,2009-09-10,SZ,主板
002293,罗莱生活,2009-09-10,SZ,主板
002294,信立泰,2009-09-10,SZ,主板
002295,精艺股份,2009-09-29,SZ,主板
002296,辉煌科技,2009-09-29,SZ,主板
002297,博云新材,2009-09-29,SZ,主板
002298,中电鑫龙,2009-09-29,SZ,主板
002299,圣农发展,2009-10-21,SZ,主板
002300,太阳电缆,2009-10-21,SZ,主板
002301,齐心集团,2009-10-21,SZ,主板
002302,西部建设,2009-11-03,SZ,主板
002303,美盈森,2009-11-03,SZ,主板
002304,洋河股份,2009-11-06,SZ,主板
002305,*ST南置,2009-11-06,SZ,主板
002306,ST云网,2009-11-11,SZ,主板
002307,北新路桥,2009-11-11,SZ,主板
002309,中利集团,2009-11-27,SZ,主板
002310,东方新能,2009-11-27,SZ,主板
002311,海大集团,2009-11-27,SZ,主板
002312,川发龙蟒,2009-12-03,SZ,主板
002313,日海智能,2009-12-03,SZ,主板
002314,南山控股,2009-12-03,SZ,主板
002315,焦点科技,2009-12-09,SZ,主板
002316,亚联发展,2009-12-09,SZ,主板
002317,众生药业,2009-12-11,SZ,主板
002318,久立特材,2009-12-11,SZ,主板
002319,乐通股份,2009-12-11,SZ,主板
002320,海峡股份,2009-12-16,SZ,主板
002321,华英农业,2009-12-16,SZ,主板
002322,理工能科,2009-12-18,SZ,主板
002323,*ST雅博,2009-12-18,SZ,主板
002324,普利特,2009-12-18,SZ,主板
002326,永太科技,2009-12-22,SZ,主板
002327,富安娜,2009-12-30,SZ,主板
002328,新朋股份,2009-12-30,SZ,主板
002329,皇氏集团,2010-01-06,SZ,主板
002330,得利斯,2010-01-06,SZ,主板
002331,皖通科技,2010-01-06,SZ,主板
002332,仙琚制药,2010-01-12,SZ,主板
002333,罗普斯金,2010-01-12,SZ,主板
002334,英威腾,2010-01-13,SZ,主板
002335,科华数据,2010-01-13,SZ,主板
002337,赛象科技,2010-01-15,SZ,主板
002338,奥普光电,2010-01-15,SZ,主板
002339,积成电子,2010-01-22,SZ,主板
002340,格林美,2010-01-22,SZ,主板
002342,巨力索具,2010-01-26,SZ,主板
002343,慈文传媒,2010-01-26,SZ,主板
002344,海宁皮城,2010-01-26,SZ,主板
002345,潮宏基,2010-01-28,SZ,主板
002346,柘中股份,2010-01-28,SZ,主板
002347,泰尔股份,2010-01-28,SZ,主板
002348,高乐股份,2010-02-03,SZ,主板
002349,精华制药,2010-02-03,SZ,主板
002350,北京科锐,2010-02-03,SZ,主板
002351,漫步者,2010-02-05,SZ,主板
002352,顺丰控股,2010-02-05,SZ,主板
002353,杰瑞股份,2010-02-05,SZ,主板
002354,天娱数科,2010-02-09,SZ,主板
002355,兴民智通,2010-02-09,SZ,主板
002356,鹏飞绿能,2010-02-09,SZ,主板
002357,富临运业,2010-02-10,SZ,主板
002358,森源电气,2010-02-10,SZ,主板
002360,ST同德,2010-03-03,SZ,主板
002361,神剑股份,2010-03-03,SZ,主板
002362,汉王科技,2010-03-03,SZ,主板
002363,隆基机械,2010-03-05,SZ,主板
002364,中恒电气,2010-03-05,SZ,主板
002365,永安药业,2010-03-05,SZ,主板
002366,融发核电,2010-03-12,SZ,主板
002367,康力电梯,2010-03-12,SZ,主板
002368,太极股份,2010-03-12,SZ,主板
002369,卓翼科技,2010-03-16,SZ,主板
002370,亚太药业,2010-03-16,SZ,主板
002371,北方华创,2010-03-16,SZ,主板
002372,伟星新材,2010-03-18,SZ,主板
002373,千方科技,2010-03-18,SZ,主板
002374,中锐股份,2010-03-18,SZ,主板
002375,亚厦股份,2010-03-23,SZ,主板
002376,新北洋,2010-03-23,SZ,主板
002377,国创高新,2010-03-23,SZ,主板
002378,章源钨业,2010-03-31,SZ,主板
002379,宏桥控股,2010-03-31,SZ,主板
002380,科远智慧,2010-03-31,SZ,主板
002381,双箭股份,2010-04-02,SZ,主板
002382,蓝帆医疗,2010-04-02,SZ,主板
002383,合众思壮,2010-04-02,SZ,主板
002384,东山精密,2010-04-09,SZ,主板
002385,大北农,2010-04-09,SZ,主板
002386,天原股份,2010-04-09,SZ,主板
002387,维信诺,2010-04-13,SZ,主板
002388,新亚制程,2010-04-13,SZ,主板
002389,航天彩虹,2010-04-13,SZ,主板
002390,信邦制药,2010-04-16,SZ,主板
002391,长青股份,2010-04-16,SZ,主板
002392,北京利尔,2010-04-23,SZ,主板
002393,力生制药,2010-04-23,SZ,主板
002394,联发股份,2010-04-23,SZ,主板
002395,双象股份,2010-04-29,SZ,主板
002396,星网锐捷,2010-06-23,SZ,主板
002397,梦洁股份,2010-04-29,SZ,主板
002398,垒知集团,2010-05-06,SZ,主板
002399,海普瑞,2010-05-06,SZ,主板
002400,省广集团,2010-05-06,SZ,主板
002401,中远海科,2010-05-06,SZ,主板
002402,和而泰,2010-05-11,SZ,主板
002403,爱仕达,2010-05-11,SZ,主板
002404,嘉欣丝绸,2010-05-11,SZ,主板
002405,四维图新,2010-05-18,SZ,主板
002406,远东传动,2010-05-18,SZ,主板
002407,多氟多,2010-05-18,SZ,主板
002408,齐翔腾达,2010-05-18,SZ,主板
002409,雅克科技,2010-05-25,SZ,主板
002410,广联达,2010-05-25,SZ,主板
002412,汉森制药,2010-05-25,SZ,主板
002413,雷科防务,2010-05-28,SZ,主板
002414,高德红外,2010-07-16,SZ,主板
002415,海康威视,2010-05-28,SZ,主板
002416,爱施德,2010-05-28,SZ,主板
002418,康盛股份,2010-06-01,SZ,主板
002419,天虹股份,2010-06-01,SZ,主板
002420,毅昌科技,2010-06-01,SZ,主板
002421,达实智能,2010-06-03,SZ,主板
002422,科伦药业,2010-06-03,SZ,主板
002423,中粮资本,2010-06-03,SZ,主板
002424,ST百灵,2010-06-03,SZ,主板
002425,凯撒文化,2010-06-08,SZ,主板
002426,胜利精密,2010-06-08,SZ,主板
002427,尤夫股份,2010-06-08,SZ,主板
002428,云南锗业,2010-06-08,SZ,主板
002429,兆驰股份,2010-06-10,SZ,主板
002430,杭氧股份,2010-06-10,SZ,主板
002431,ST棕榈,2010-06-10,SZ,主板
002432,九安医疗,2010-06-10,SZ,主板
002434,万里扬,2010-06-18,SZ,主板
002436,兴森科技,2010-06-18,SZ,主板
002437,誉衡药业,2010-06-23,SZ,主板
002438,江苏神通,2010-06-23,SZ,主板
002439,启明星辰,2010-06-23,SZ,主板
002440,闰土股份,2010-07-06,SZ,主板
002441,众业达,2010-07-06,SZ,主板
002442,龙星科技,2010-07-06,SZ,主板
002443,金洲管道,2010-07-06,SZ,主板
002444,巨星科技,2010-07-13,SZ,主板
002445,中南文化,2010-07-13,SZ,主板
002446,盛路通信,2010-07-13,SZ,主板
002448,中原内配,2010-07-16,SZ,主板
002449,国星光电,2010-07-16,SZ,主板
002451,摩恩电气,2010-07-20,SZ,主板
002452,长高电气,2010-07-20,SZ,主板
002453,华软科技,2010-07-20,SZ,主板
002454,松芝股份,2010-07-20,SZ,主板
002455,百川股份,2010-08-03,SZ,主板
002456,欧菲光,2010-08-03,SZ,主板
002457,青龙管业,2010-08-03,SZ,主板
002458,益生股份,2010-08-10,SZ,主板
002459,晶澳科技,2010-08-10,SZ,主板
002460,赣锋锂业,2010-08-10,SZ,主板
002461,珠江啤酒,2010-08-18,SZ,主板
002462,嘉事堂,2010-08-18,SZ,主板
002463,沪电股份,2010-08-18,SZ,主板
002465,海格通信,2010-08-31,SZ,主板
002466,天齐锂业,2010-08-31,SZ,主板
002467,二六三,2010-09-08,SZ,主板
002468,申通快递,2010-09-08,SZ,主板
002469,三维化学,2010-09-08,SZ,主板
002470,金正大,2010-09-08,SZ,主板
002471,中超控股,2010-09-10,SZ,主板
002472,双环传动,2010-09-10,SZ,主板
002474,榕基软件,2010-09-15,SZ,主板
002475,立讯精密,2010-09-15,SZ,主板
002476,新叶股份,2010-09-15,SZ,主板
002478,常宝股份,2010-09-21,SZ,主板
002479,富春环保,2010-09-21,SZ,主板
002480,新筑股份,2010-09-21,SZ,主板
002481,双塔食品,2010-09-21,SZ,主板
002482,广田集团,2010-09-29,SZ,主板
002483,润邦股份,2010-09-29,SZ,主板
002484,江海股份,2010-09-29,SZ,主板
002485,ST雪发,2010-10-15,SZ,主板
002486,嘉麟杰,2010-10-15,SZ,主板
002487,大金重工,2010-10-15,SZ,主板
002488,金固股份,2010-10-21,SZ,主板
002489,浙江永强,2010-10-21,SZ,主板
002490,山东墨龙,2010-10-21,SZ,主板
002491,通鼎互联,2010-10-21,SZ,主板
002492,恒基达鑫,2010-11-02,SZ,主板
002493,荣盛石化,2010-11-02,SZ,主板
002494,华斯股份,2010-11-02,SZ,主板
002495,佳隆股份,2010-11-02,SZ,主板
002496,辉丰股份,2010-11-09,SZ,主板
002497,雅化集团,2010-11-09,SZ,主板
002498,汉缆股份,2010-11-09,SZ,主板
002500,山西证券,2010-11-15,SZ,主板
002501,*ST利源,2010-11-17,SZ,主板
002506,协鑫集成,2010-11-18,SZ,主板
002507,涪陵榨菜,2010-11-23,SZ,主板
002508,老板电器,2010-11-23,SZ,主板
002510,天汽模,2010-11-25,SZ,主板
002511,中顺洁柔,2010-11-25,SZ,主板
002512,ST达华,2010-12-03,SZ,主板
002513,蓝丰生化,2010-12-03,SZ,主板
002514,*ST宝馨,2010-12-03,SZ,主板
002515,金字火腿,2010-12-03,SZ,主板
002516,旷达科技,2010-12-07,SZ,主板
002517,恺英网络,2010-12-07,SZ,主板
002518,科士达,2010-12-07,SZ,主板
002519,银河电子,2010-12-07,SZ,主板
002520,日发精机,2010-12-10,SZ,主板
002521,齐峰新材,2010-12-10,SZ,主板
002522,浙江众成,2010-12-10,SZ,主板
002523,天桥起重,2010-12-10,SZ,主板
002524,光正眼科,2010-12-17,SZ,主板
002526,山东矿机,2010-12-17,SZ,主板
002527,新时达,2010-12-24,SZ,主板
002528,*ST英飞,2010-12-24,SZ,主板
002529,海源复材,2010-12-24,SZ,主板
002530,金财互联,2010-12-31,SZ,主板
002531,天顺风能,2010-12-31,SZ,主板
002532,天山铝业,2010-12-31,SZ,主板
002533,金杯电工,2010-12-31,SZ,主板
002534,西子洁能,2011-01-10,SZ,主板
002535,林州重机,2011-01-11,SZ,主板
002536,飞龙股份,2011-01-11,SZ,主板
002537,海联金汇,2011-01-10,SZ,主板
002538,ST司特,2011-01-18,SZ,主板
002539,云图控股,2011-01-18,SZ,主板
002540,亚太科技,2011-01-18,SZ,主板
002541,鸿路钢构,2011-01-18,SZ,主板
002542,*ST中岩,2011-01-28,SZ,主板
002543,万和电气,2011-01-28,SZ,主板
002544,普天科技,2011-01-28,SZ,主板
002545,东方铁塔,2011-02-11,SZ,主板
002546,新联电子,2011-02-11,SZ,主板
002547,*ST春兴,2011-02-18,SZ,主板
002548,金新农,2011-02-18,SZ,主板
002549,凯美特气,2011-02-18,SZ,主板
002550,千红制药,2011-02-18,SZ,主板
002551,尚荣医疗,2011-02-25,SZ,主板
002552,宝鼎科技,2011-02-25,SZ,主板
002553,南方精工,2011-02-25,SZ,主板
002554,惠博普,2011-02-25,SZ,主板
002555,三七互娱,2011-03-02,SZ,主板
002556,辉隆股份,2011-03-02,SZ,主板
002557,洽洽食品,2011-03-02,SZ,主板
002558,巨人网络,2011-03-02,SZ,主板
002559,亚威股份,2011-03-03,SZ,主板
002560,通达股份,2011-03-03,SZ,主板
002561,徐家汇,2011-03-03,SZ,主板
002562,兄弟科技,2011-03-10,SZ,主板
002563,森马服饰,2011-03-11,SZ,主板
002564,天沃科技,2011-03-10,SZ,主板
002565,顺灏股份,2011-03-18,SZ,主板
002566,益盛药业,2011-03-18,SZ,主板
002567,唐人神,2011-03-25,SZ,主板
002568,百润股份,2011-03-25,SZ,主板
002569,*ST步森,2011-04-12,SZ,主板
002570,贝因美,2011-04-12,SZ,主板
002571,德力股份,2011-04-12,SZ,主板
002572,索菲亚,2011-04-12,SZ,主板
002573,清新环境,2011-04-22,SZ,主板
002574,明牌珠宝,2011-04-22,SZ,主板
002575,群兴玩具,2011-04-22,SZ,主板
002576,通达动力,2011-04-28,SZ,主板
002577,雷柏科技,2011-04-28,SZ,主板
002578,闽发铝业,2011-04-28,SZ,主板
002579,中京电子,2011-05-06,SZ,主板
002580,圣阳股份,2011-05-06,SZ,主板
002581,*ST未名,2011-05-20,SZ,主板
002582,好想你,2011-05-20,SZ,主板
002583,海能达,2011-05-27,SZ,主板
002584,西陇科学,2011-06-02,SZ,主板
002585,双星新材,2011-06-02,SZ,主板
002586,围海股份,2011-06-02,SZ,主板
002587,奥拓电子,2011-06-10,SZ,主板
002588,史丹利,2011-06-10,SZ,主板
002589,瑞康医药,2011-06-10,SZ,主板
002590,万安科技,2011-06-10,SZ,主板
002591,恒大高新,2011-06-21,SZ,主板
002592,ST八菱,2011-11-11,SZ,主板
002593,日上集团,2011-06-28,SZ,主板
002594,比亚迪,2011-06-30,SZ,主板
002595,豪迈科技,2011-06-28,SZ,主板
002596,海南瑞泽,2011-07-07,SZ,主板
002597,金禾实业,2011-07-07,SZ,主板
002598,ST章鼓,2011-07-07,SZ,主板
002599,盛通股份,2011-07-15,SZ,主板
002600,领益智造,2011-07-15,SZ,主板
002601,龙佰集团,2011-07-15,SZ,主板
002602,世纪华通,2011-07-28,SZ,主板
002603,以岭药业,2011-07-28,SZ,主板
002605,姚记科技,2011-08-05,SZ,主板
002606,大连电瓷,2011-08-05,SZ,主板
002607,中公教育,2011-08-10,SZ,主板
002608,江苏国信,2011-08-10,SZ,主板
002609,捷顺科技,2011-08-15,SZ,主板
002611,东方精工,2011-08-30,SZ,主板
002612,朗姿股份,2011-08-30,SZ,主板
002613,北玻股份,2011-08-30,SZ,主板
002614,奥佳华,2011-09-09,SZ,主板
002615,哈尔斯,2011-09-09,SZ,主板
002616,长青集团,2011-09-20,SZ,主板
002617,露笑科技,2011-09-20,SZ,主板
002620,*ST瑞和,2011-09-29,SZ,主板
002622,皓宸医疗,2011-10-18,SZ,主板
002623,亚玛顿,2011-10-13,SZ,主板
002624,完美世界,2011-10-28,SZ,主板
002625,光启技术,2011-11-03,SZ,主板
002626,金达威,2011-10-28,SZ,主板
002627,三峡旅游,2011-11-03,SZ,主板
002628,成都路桥,2011-11-03,SZ,主板
002629,仁智股份,2011-11-03,SZ,主板
002630,*ST华西,2011-11-11,SZ,主板
002631,德尔未来,2011-11-11,SZ,主板
002632,道明光学,2011-11-22,SZ,主板
002633,申科股份,2011-11-22,SZ,主板
002634,*ST棒杰,2011-12-05,SZ,主板
002635,安洁科技,2011-11-25,SZ,主板
002636,金安国纪,2011-11-25,SZ,主板
002637,赞宇科技,2011-11-25,SZ,主板
002638,勤上股份,2011-11-25,SZ,主板
002639,雪人集团,2011-12-05,SZ,主板
002640,跨境通,2011-12-08,SZ,主板
002641,公元股份,2011-12-08,SZ,主板
002642,荣联科技,2011-12-20,SZ,主板
002643,万润股份,2011-12-20,SZ,主板
002644,佛慈制药,2011-12-22,SZ,主板
002645,华宏科技,2011-12-20,SZ,主板
002646,天佑德酒,2011-12-22,SZ,主板
002647,仁东控股,2011-12-28,SZ,主板
002648,卫星化学,2011-12-28,SZ,主板
002649,博彦科技,2012-01-06,SZ,主板
002650,ST加加,2012-01-06,SZ,主板
002651,利君股份,2012-01-06,SZ,主板
002652,扬子新材,2012-01-19,SZ,主板
002653,海思科,2012-01-17,SZ,主板
002654,万润科技,2012-02-17,SZ,主板
002655,共达电声,2012-02-17,SZ,主板
002656,摩登大道,2012-02-28,SZ,主板
002657,中科金财,2012-02-28,SZ,主板
002658,雪迪龙,2012-03-09,SZ,主板
002659,凯文教育,2012-03-09,SZ,主板
002660,茂硕电源,2012-03-16,SZ,主板
002661,克明食品,2012-03-16,SZ,主板
002662,峰璟股份,2012-03-09,SZ,主板
002663,普邦股份,2012-03-16,SZ,主板
002664,信质集团,2012-03-16,SZ,主板
002666,德联集团,2012-03-27,SZ,主板
002667,*ST威领,2012-03-29,SZ,主板
002668,TCL智家,2012-04-16,SZ,主板
002669,康达新材,2012-04-16,SZ,主板
002670,国盛证券,2012-04-16,SZ,主板
002671,龙泉股份,2012-04-26,SZ,主板
002672,东江环保,2012-04-26,SZ,主板
002673,西部证券,2012-05-03,SZ,主板
002674,兴业科技,2012-05-07,SZ,主板
002675,东诚药业,2012-05-25,SZ,主板
002676,顺威股份,2012-05-25,SZ,主板
002677,浙江美大,2012-05-25,SZ,主板
002678,珠江钢琴,2012-05-30,SZ,主板
002679,福建金森,2012-06-05,SZ,主板
002681,奋达科技,2012-06-05,SZ,主板
002682,龙洲股份,2012-06-12,SZ,主板
002683,广东宏大,2012-06-12,SZ,主板
002685,华东重机,2012-06-12,SZ,主板
002686,亿利达,2012-07-03,SZ,主板
002687,乔治白,2012-07-13,SZ,主板
002688,金河生物,2012-07-13,SZ,主板
002689,ST远智,2012-07-17,SZ,主板
002690,美亚光电,2012-07-31,SZ,主板
002691,*ST冀凯,2012-07-31,SZ,主板
002692,远程股份,2012-08-08,SZ,主板
002693,双成药业,2012-08-08,SZ,主板
002694,*ST顾地,2012-08-16,SZ,主板
002695,煌上煌,2012-09-05,SZ,主板
002696,百洋股份,2012-09-05,SZ,主板
002697,红旗连锁,2012-09-05,SZ,主板
002698,博实股份,2012-09-11,SZ,主板
002700,万憬能源,2012-09-21,SZ,主板
002701,奥瑞金,2012-10-11,SZ,主板
002702,海欣食品,2012-10-11,SZ,主板
002703,浙江世宝,2012-11-02,SZ,主板
002705,新宝股份,2014-01-21,SZ,主板
002706,良信股份,2014-01-21,SZ,主板
002707,众信旅游,2014-01-23,SZ,主板
002708,光洋股份,2014-01-21,SZ,主板
002709,天赐材料,2014-01-23,SZ,主板
002712,思美传媒,2014-01-23,SZ,主板
002713,东易日盛,2014-02-19,SZ,主板
002714,牧原股份,2014-01-28,SZ,主板
002715,登云股份,2014-02-19,SZ,主板
002716,湖南白银,2014-01-28,SZ,主板
002717,*ST岭南,2014-02-19,SZ,主板
002718,友邦吊顶,2014-01-28,SZ,主板
002719,ST麦趣,2014-01-28,SZ,主板
002721,金一文化,2014-01-27,SZ,主板
002722,物产金轮,2014-01-28,SZ,主板
002723,小崧股份,2014-01-29,SZ,主板
002724,海洋王,2014-11-04,SZ,主板
002725,跃岭股份,2014-01-29,SZ,主板
002726,ST龙大,2014-06-26,SZ,主板
002727,一心堂,2014-07-02,SZ,主板
002728,特一药业,2014-07-31,SZ,主板
002729,好利科技,2014-09-12,SZ,主板
002730,电光科技,2014-10-09,SZ,主板
002731,*ST萃华,2014-11-04,SZ,主板
002732,燕塘乳业,2014-12-05,SZ,主板
002733,雄韬股份,2014-12-03,SZ,主板
002734,利民股份,2015-01-27,SZ,主板
002735,王子新材,2014-12-03,SZ,主板
002736,国信证券,2014-12-29,SZ,主板
002737,葵花药业,2014-12-30,SZ,主板
002738,中矿资源,2014-12-30,SZ,主板
002739,儒意电影,2015-01-22,SZ,主板
002741,光华科技,2015-02-16,SZ,主板
002742,冀衡医药,2015-02-17,SZ,主板
002743,ST富煌,2015-02-17,SZ,主板
002745,木林森,2015-02-17,SZ,主板
002746,仙坛股份,2015-02-16,SZ,主板
002747,埃斯顿,2015-03-20,SZ,主板
002748,世龙实业,2015-03-19,SZ,主板
002749,国光股份,2015-03-20,SZ,主板
002752,昇兴股份,2015-04-22,SZ,主板
002753,永东股份,2015-05-19,SZ,主板
002755,奥赛康,2015-05-15,SZ,主板
002756,永兴材料,2015-05-15,SZ,主板
002757,南兴股份,2015-05-27,SZ,主板
002758,浙农股份,2015-05-27,SZ,主板
002759,ST天际,2015-05-28,SZ,主板
002760,凤形股份,2015-06-11,SZ,主板
002761,浙江建投,2015-06-10,SZ,主板
002762,金发拉比,2015-06-10,SZ,主板
002763,汇洁股份,2015-06-10,SZ,主板
002765,蓝黛科技,2015-06-12,SZ,主板
002766,索菱股份,2015-06-11,SZ,主板
002767,先锋电子,2015-06-12,SZ,主板
002768,国恩股份,2015-06-30,SZ,主板
002769,普路通,2015-06-29,SZ,主板
002771,真视通,2015-06-29,SZ,主板
002772,众兴菌业,2015-06-26,SZ,主板
002773,康弘药业,2015-06-26,SZ,主板
002774,快意电梯,2017-03-24,SZ,主板
002775,文科股份,2015-06-29,SZ,主板
002777,久远银海,2015-12-31,SZ,主板
002778,中晟高科,2016-01-06,SZ,主板
002779,中坚科技,2015-12-09,SZ,主板
002780,三夫户外,2015-12-09,SZ,主板
002782,可立克,2015-12-22,SZ,主板
002783,凯龙股份,2015-12-09,SZ,主板
002785,万里石,2015-12-23,SZ,主板
002786,银宝山新,2015-12-23,SZ,主板
002787,华源控股,2015-12-31,SZ,主板
002788,鹭燕医药,2016-02-18,SZ,主板
002789,*ST建艺,2016-03-11,SZ,主板
002790,瑞尔特,2016-03-08,SZ,主板
002791,坚朗五金,2016-03-29,SZ,主板
002792,通宇通讯,2016-03-28,SZ,主板
002793,罗欣药业,2016-04-15,SZ,主板
002795,永和智控,2016-04-28,SZ,主板
002796,世嘉科技,2016-05-10,SZ,主板
002797,第一创业,2016-05-11,SZ,主板
002798,帝欧水华,2016-05-25,SZ,主板
002799,环球印务,2016-06-08,SZ,主板
002800,天顺股份,2016-05-30,SZ,主板
002801,微光股份,2016-06-22,SZ,主板
002802,洪汇新材,2016-06-29,SZ,主板
002803,吉宏股份,2016-07-12,SZ,主板
002805,丰元股份,2016-07-07,SZ,主板
002806,华锋股份,2016-07-26,SZ,主板
002807,江阴银行,2016-09-02,SZ,主板
002809,红墙股份,2016-08-23,SZ,主板
002810,山东赫达,2016-08-26,SZ,主板
002811,郑中设计,2016-09-08,SZ,主板
002812,恩捷股份,2016-09-14,SZ,主板
002813,路畅科技,2016-10-12,SZ,主板
002815,崇达技术,2016-10-12,SZ,主板
002816,*ST和科,2016-10-25,SZ,主板
002817,黄山胶囊,2016-10-25,SZ,主板
002818,富森美,2016-11-09,SZ,主板
002819,东方中科,2016-11-11,SZ,主板
002820,桂发祥,2016-11-18,SZ,主板
002821,凯莱英,2016-11-18,SZ,主板
002822,ST中装,2016-11-29,SZ,主板
002823,凯中精密,2016-11-24,SZ,主板
002824,和胜股份,2017-01-12,SZ,主板
002825,纳尔股份,2016-11-29,SZ,主板
002826,易明医药,2016-12-09,SZ,主板
002827,高争民爆,2016-12-09,SZ,主板
002828,贝肯能源,2016-12-08,SZ,主板
002829,星网宇达,2016-12-13,SZ,主板
002830,名雕股份,2016-12-13,SZ,主板
002831,裕同科技,2016-12-16,SZ,主板
002832,比音勒芬,2016-12-23,SZ,主板
002833,弘亚数控,2016-12-28,SZ,主板
002835,同为股份,2016-12-28,SZ,主板
002836,新宏泽,2016-12-29,SZ,主板
002837,英维克,2016-12-29,SZ,主板
002838,道恩股份,2017-01-06,SZ,主板
002839,张家港行,2017-01-24,SZ,主板
002840,华统股份,2017-01-10,SZ,主板
002841,视源股份,2017-01-19,SZ,主板
002842,翔鹭钨业,2017-01-19,SZ,主板
002843,泰嘉股份,2017-01-20,SZ,主板
002845,同兴达,2017-01-25,SZ,主板
002846,英联股份,2017-02-07,SZ,主板
002847,盐津铺子,2017-02-08,SZ,主板
002848,高斯贝尔,2017-02-13,SZ,主板
002849,威星智能,2017-02-17,SZ,主板
002850,科达利,2017-03-02,SZ,主板
002851,麦格米特,2017-03-06,SZ,主板
002852,道道全,2017-03-10,SZ,主板
002853,皮阿诺,2017-03-10,SZ,主板
002855,捷荣技术,2017-03-21,SZ,主板
002856,*ST美芝,2017-03-20,SZ,主板
002857,三晖电气,2017-03-23,SZ,主板
002858,力盛体育,2017-03-24,SZ,主板
002859,洁美科技,2017-04-07,SZ,主板
002860,星帅尔,2017-04-12,SZ,主板
002861,瀛通通讯,2017-04-13,SZ,主板
002862,实丰文化,2017-04-11,SZ,主板
002863,今飞凯达,2017-04-18,SZ,主板
002864,盘龙药业,2017-11-16,SZ,主板
002865,钧达股份,2017-04-25,SZ,主板
002866,传艺科技,2017-04-26,SZ,主板
002867,周大生,2017-04-27,SZ,主板
002868,绿康生化,2017-05-03,SZ,主板
002869,金溢科技,2017-05-15,SZ,主板
002870,香山股份,2017-05-15,SZ,主板
002871,伟隆股份,2017-05-11,SZ,主板
002872,ST天圣,2017-05-19,SZ,主板
002873,新天药业,2017-05-19,SZ,主板
002875,安奈儿,2017-06-01,SZ,主板
002876,三利谱,2017-05-25,SZ,主板
002877,智能自控,2017-06-05,SZ,主板
002878,元隆雅图,2017-06-06,SZ,主板
002879,长缆科技,2017-07-07,SZ,主板
002880,卫光生物,2017-06-16,SZ,主板
002881,美格智能,2017-06-22,SZ,主板
002882,金龙羽,2017-07-17,SZ,主板
002883,*ST中设,2017-06-20,SZ,主板
002884,凌霄泵业,2017-07-11,SZ,主板
002885,京泉华,2017-06-27,SZ,主板
002886,沃特股份,2017-06-27,SZ,主板
002887,绿茵生态,2017-08-01,SZ,主板
002888,惠威科技,2017-07-21,SZ,主板
002889,东方嘉盛,2017-07-31,SZ,主板
002890,弘宇股份,2017-08-02,SZ,主板
002891,中宠股份,2017-08-21,SZ,主板
002892,科力尔,2017-08-17,SZ,主板
002893,京能热力,2017-09-15,SZ,主板
002895,川恒股份,2017-08-25,SZ,主板
002896,中大力德,2017-08-29,SZ,主板
002897,意华股份,2017-09-07,SZ,主板
002899,英派斯,2017-09-15,SZ,主板
002900,哈三联,2017-09-22,SZ,主板
002901,大博医疗,2017-09-22,SZ,主板
002902,铭普光磁,2017-09-29,SZ,主板
002903,宇环数控,2017-10-13,SZ,主板
002905,金逸影视,2017-10-16,SZ,主板
002906,华阳集团,2017-10-13,SZ,主板
002907,华森制药,2017-10-20,SZ,主板
002908,德生科技,2017-10-20,SZ,主板
002909,集泰股份,2017-10-26,SZ,主板
002910,庄园牧场,2017-10-31,SZ,主板
002911,佛燃能源,2017-11-22,SZ,主板
002912,中新赛克,2017-11-21,SZ,主板
002913,奥士康,2017-12-01,SZ,主板
002915,中欣氟材,2017-12-05,SZ,主板
002916,深南电路,2017-12-13,SZ,主板
002917,金奥博,2017-12-08,SZ,主板
002918,蒙娜丽莎,2017-12-19,SZ,主板
002919,名臣健康,2017-12-18,SZ,主板
002920,德赛西威,2017-12-26,SZ,主板
002921,联诚精密,2017-12-27,SZ,主板
002922,伊戈尔,2017-12-29,SZ,主板
002923,润都股份,2018-01-05,SZ,主板
002925,盈趣科技,2018-01-15,SZ,主板
002926,华西证券,2018-02-05,SZ,主板
002927,泰永长征,2018-02-23,SZ,主板
002928,华夏航空,2018-03-02,SZ,主板
002929,润建股份,2018-03-01,SZ,主板
002930,宏川智慧,2018-03-28,SZ,主板
002931,锋龙股份,2018-04-03,SZ,主板
002932,*ST明德,2018-07-10,SZ,主板
002933,新兴装备,2018-08-28,SZ,主板
002935,天奥电子,2018-09-03,SZ,主板
002936,郑州银行,2018-09-19,SZ,主板
002937,兴瑞科技,2018-09-26,SZ,主板
002938,鹏鼎控股,2018-09-18,SZ,主板
002939,长城证券,2018-10-26,SZ,主板
002940,昂利康,2018-10-23,SZ,主板
002941,新疆交建,2018-11-28,SZ,主板
002942,新农股份,2018-12-05,SZ,主板
002943,宇晶股份,2018-11-29,SZ,主板
002945,华林证券,2019-01-17,SZ,主板
002946,新乳业,2019-01-25,SZ,主板
002947,恒铭达,2019-02-01,SZ,主板
002948,青岛银行,2019-01-16,SZ,主板
002949,华阳国际,2019-02-26,SZ,主板
002950,奥美医疗,2019-03-11,SZ,主板
002951,金时科技,2019-03-15,SZ,主板
002952,亚世光电,2019-03-28,SZ,主板
002953,日丰股份,2019-05-09,SZ,主板
002955,鸿合科技,2019-05-23,SZ,主板
002956,西麦食品,2019-06-19,SZ,主板
002957,科瑞技术,2019-07-26,SZ,主板
002958,青农商行,2019-03-26,SZ,主板
002959,小熊电器,2019-08-23,SZ,主板
002960,青鸟智控,2019-08-09,SZ,主板
002961,瑞达期货,2019-09-05,SZ,主板
002962,五方光电,2019-09-17,SZ,主板
002963,豪尔赛,2019-10-28,SZ,主板
002965,祥鑫科技,2019-10-25,SZ,主板
002966,苏州银行,2019-08-02,SZ,主板
002967,广电计量,2019-11-08,SZ,主板
002968,新大正,2019-12-03,SZ,主板
002969,嘉美包装,2019-12-02,SZ,主板
002970,锐明技术,2019-12-17,SZ,主板
002971,和远气体,2020-01-13,SZ,主板
002972,科安达,2019-12-27,SZ,主板
002973,侨银股份,2020-01-06,SZ,主板
002975,博杰股份,2020-02-05,SZ,主板
002976,瑞玛精密,2020-03-06,SZ,主板
002977,*ST天箭,2020-03-17,SZ,主板
002978,安宁股份,2020-04-17,SZ,主板
002979,雷赛智能,2020-04-08,SZ,主板
002980,华盛昌,2020-04-15,SZ,主板
002981,朝阳科技,2020-04-17,SZ,主板
002982,湘佳股份,2020-04-24,SZ,主板
002983,芯瑞达,2020-04-28,SZ,主板
002984,森麒麟,2020-09-11,SZ,主板
002985,北摩高科,2020-04-29,SZ,主板
002986,宇新股份,2020-06-02,SZ,主板
002987,京北方,2020-05-07,SZ,主板
002988,豪美新材,2020-05-18,SZ,主板
002989,中天精装,2020-06-10,SZ,主板
002990,盛视科技,2020-05-25,SZ,主板
002991,甘源食品,2020-07-31,SZ,主板
002992,宝明科技,2020-08-03,SZ,主板
002993,奥海科技,2020-08-17,SZ,主板
002995,天地在线,2020-08-05,SZ,主板
002996,顺博合金,2020-08-28,SZ,主板
002997,瑞鹄模具,2020-09-03,SZ,主板
002998,优彩资源,2020-09-25,SZ,主板
002999,天禾股份,2020-09-03,SZ,主板
003000,劲仔食品,2020-09-14,SZ,主板
003001,中岩大地,2020-10-13,SZ,主板
003002,壶化股份,2020-09-22,SZ,主板
003003,天元股份,2020-09-21,SZ,主板
003004,声迅股份,2020-11-26,SZ,主板
003005,竞业达,2020-09-22,SZ,主板
003006,百亚股份,2020-09-21,SZ,主板
003007,直真科技,2020-09-23,SZ,主板
003008,开普检测,2020-09-23,SZ,主板
003009,中天火箭,2020-09-25,SZ,主板
003010,若羽臣,2020-09-25,SZ,主板
003011,海象新材,2020-09-30,SZ,主板
003012,东鹏控股,2020-10-19,SZ,主板
003013,地铁设计,2020-10-22,SZ,主板
003015,日久光电,2020-10-21,SZ,主板
003016,欣贺股份,2020-10-26,SZ,主板
003017,大洋生物,2020-10-26,SZ,主板
003018,金富科技,2020-11-06,SZ,主板
003019,宸展光电,2020-11-17,SZ,主板
003020,立方制药,2020-12-15,SZ,主板
003021,兆威机电,2020-12-04,SZ,主板
003022,联泓新科,2020-12-08,SZ,主板
003023,彩虹集团,2020-12-11,SZ,主板
003025,思进智能,2020-12-11,SZ,主板
003026,中晶科技,2020-12-18,SZ,主板
003027,同兴科技,2020-12-18,SZ,主板
003028,振邦智能,2020-12-28,SZ,主板
003029,吉大正元,2020-12-24,SZ,主板
003030,祖名股份,2021-01-06,SZ,主板
003031,中瓷电子,2021-01-04,SZ,主板
003032,传智教育,2021-01-12,SZ,主板
003033,征和工业,2021-01-11,SZ,主板
003035,南网能源,2021-01-19,SZ,主板
003036,泰坦股份,2021-01-28,SZ,主板
003037,三和管桩,2021-02-04,SZ,主板
003038,鑫铂股份,2021-02-10,SZ,主板
003039,顺控发展,2021-03-08,SZ,主板
003040,楚天龙,2021-03-22,SZ,主板
003041,真爱美家,2021-04-06,SZ,主板
003042,中农联合,2021-04-06,SZ,主板
003043,华亚智能,2021-04-06,SZ,主板
003816,中国广核,2019-08-26,SZ,主板
300001,特锐德,2009-10-30,SZ,创业板
300002,神州泰岳,2009-10-30,SZ,创业板
300003,乐普医疗,2009-10-30,SZ,创业板
300004,南风股份,2009-10-30,SZ,创业板
300005,探路者,2009-10-30,SZ,创业板
300006,莱美药业,2009-10-30,SZ,创业板
300007,汉威科技,2009-10-30,SZ,创业板
300008,天海防务,2009-10-30,SZ,创业板
300009,安科生物,2009-10-30,SZ,创业板
300010,ST豆神,2009-10-30,SZ,创业板
300011,鼎汉技术,2009-10-30,SZ,创业板
300012,华测检测,2009-10-30,SZ,创业板
300013,新宁物流,2009-10-30,SZ,创业板
300014,亿纬锂能,2009-10-30,SZ,创业板
300015,爱尔眼科,2009-10-30,SZ,创业板
300016,北陆药业,2009-10-30,SZ,创业板
300017,网宿科技,2009-10-30,SZ,创业板
300018,中元股份,2009-10-30,SZ,创业板
300019,硅宝科技,2009-10-30,SZ,创业板
300020,ST银江,2009-10-30,SZ,创业板
300021,大禹节水,2009-10-30,SZ,创业板
300022,吉峰科技,2009-10-30,SZ,创业板
300024,机器人,2009-10-30,SZ,创业板
300025,华星创业,2009-10-30,SZ,创业板
300026,红日药业,2009-10-30,SZ,创业板
300027,ST华谊,2009-10-30,SZ,创业板
300030,阳普医疗,2009-12-25,SZ,创业板
300031,宝通科技,2009-12-25,SZ,创业板
300032,金龙机电,2009-12-25,SZ,创业板
300033,同花顺,2009-12-25,SZ,创业板
300034,钢研高纳,2009-12-25,SZ,创业板
300035,中科电气,2009-12-25,SZ,创业板
300036,超图软件,2009-12-25,SZ,创业板
300037,新宙邦,2010-01-08,SZ,创业板
300039,上海凯宝,2010-01-08,SZ,创业板
300040,九洲集团,2010-01-08,SZ,创业板
300041,回天新材,2010-01-08,SZ,创业板
300042,朗科科技,2010-01-08,SZ,创业板
300043,星辉娱乐,2010-01-20,SZ,创业板
300044,*ST赛为,2010-01-20,SZ,创业板
300045,华力创通,2010-01-20,SZ,创业板
300046,台基股份,2010-01-20,SZ,创业板
300047,天源迪科,2010-01-20,SZ,创业板
300048,合康新能,2010-01-20,SZ,创业板
300049,福瑞医科,2010-01-20,SZ,创业板
300050,世纪鼎利,2010-01-20,SZ,创业板
300051,琏升科技,2010-02-11,SZ,创业板
300052,中青宝,2010-02-11,SZ,创业板
300053,航宇微,2010-02-11,SZ,创业板
300054,鼎龙股份,2010-02-11,SZ,创业板
300055,万邦达,2010-02-26,SZ,创业板
300056,中创环保,2010-02-26,SZ,创业板
300057,万顺新材,2010-02-26,SZ,创业板
300058,蓝色光标,2010-02-26,SZ,创业板
300059,东方财富,2010-03-19,SZ,创业板
300061,旗天科技,2010-03-19,SZ,创业板
300062,中能电气,2010-03-19,SZ,创业板
300063,天龙集团,2010-03-26,SZ,创业板
300065,海兰信,2010-03-26,SZ,创业板
300066,三川智慧,2010-03-26,SZ,创业板
300067,安诺其,2010-04-21,SZ,创业板
300068,ST南都,2010-04-21,SZ,创业板
300069,金利华电,2010-04-21,SZ,创业板
300070,碧水源,2010-04-21,SZ,创业板
300071,福石控股,2010-04-21,SZ,创业板
300072,海新能科,2010-04-27,SZ,创业板
300073,当升科技,2010-04-27,SZ,创业板
300074,华平股份,2010-04-27,SZ,创业板
300075,数字政通,2010-04-27,SZ,创业板
300076,*ST宁视,2010-04-30,SZ,创业板
300077,国民技术,2010-04-30,SZ,创业板
300078,思创智联,2010-04-30,SZ,创业板
300079,数码视讯,2010-04-30,SZ,创业板
300080,易成新能,2010-06-25,SZ,创业板
300081,ST恒信,2010-05-20,SZ,创业板
300082,奥克股份,2010-05-20,SZ,创业板
300083,创世纪,2010-05-20,SZ,创业板
300084,海默科技,2010-05-20,SZ,创业板
300085,银之杰,2010-05-26,SZ,创业板
300086,康芝药业,2010-05-26,SZ,创业板
300087,ST荃银,2010-05-26,SZ,创业板
300088,长信科技,2010-05-26,SZ,创业板
300091,*ST金灵,2010-06-25,SZ,创业板
300092,科新机电,2010-07-08,SZ,创业板
300093,金刚光伏,2010-07-08,SZ,创业板
300094,国联水产,2010-07-08,SZ,创业板
300095,华伍股份,2010-07-28,SZ,创业板
300096,ST易联众,2010-07-28,SZ,创业板
300097,智云股份,2010-07-28,SZ,创业板
300098,高新兴,2010-07-28,SZ,创业板
300099,尤洛卡,2010-08-06,SZ,创业板
300100,双林股份,2010-08-06,SZ,创业板
300101,振芯科技,2010-08-06,SZ,创业板
300102,乾照光电,2010-08-12,SZ,创业板
300103,达刚控股,2010-08-12,SZ,创业板
300105,龙源技术,2010-08-20,SZ,创业板
300106,西部牧业,2010-08-20,SZ,创业板
300107,建新股份,2010-08-20,SZ,创业板
300109,新开源,2010-08-25,SZ,创业板
300110,华仁药业,2010-08-25,SZ,创业板
300111,向日葵,2010-08-27,SZ,创业板
300112,万讯自控,2010-08-27,SZ,创业板
300113,顺网科技,2010-08-27,SZ,创业板
300115,长盈精密,2010-09-02,SZ,创业板
300118,东方日升,2010-09-02,SZ,创业板
300119,瑞普生物,2010-09-17,SZ,创业板
300120,经纬辉开,2010-09-17,SZ,创业板
300121,阳谷华泰,2010-09-17,SZ,创业板
300122,智飞生物,2010-09-28,SZ,创业板
300123,ST亚光,2010-09-28,SZ,创业板
300124,汇川技术,2010-09-28,SZ,创业板
300125,聆达股份,2010-10-13,SZ,创业板
300126,锐奇股份,2010-10-13,SZ,创业板
300127,银河磁体,2010-10-13,SZ,创业板
300128,锦富技术,2010-10-13,SZ,创业板
300129,泰胜风能,2010-10-19,SZ,创业板
300130,新国都,2010-10-19,SZ,创业板
300131,英唐智控,2010-10-19,SZ,创业板
300132,诺斯贝尔,2010-10-26,SZ,创业板
300133,华策影视,2010-10-26,SZ,创业板
300134,大富科技,2010-10-26,SZ,创业板
300135,宝利国际,2010-10-26,SZ,创业板
300136,信维通信,2010-11-05,SZ,创业板
300137,先河环保,2010-11-05,SZ,创业板
300138,晨光生物,2010-11-05,SZ,创业板
300139,晓程科技,2010-11-12,SZ,创业板
300140,节能环境,2010-11-12,SZ,创业板
300141,和顺电气,2010-11-12,SZ,创业板
300142,沃森生物,2010-11-12,SZ,创业板
300143,盈康生命,2010-12-09,SZ,创业板
300144,宋城演艺,2010-12-09,SZ,创业板
300145,南方泵业,2010-12-09,SZ,创业板
300146,汤臣倍健,2010-12-15,SZ,创业板
300147,*ST香雪,2010-12-15,SZ,创业板
300148,天舟文化,2010-12-15,SZ,创业板
300149,睿智医药,2010-12-22,SZ,创业板
300150,世纪瑞尔,2010-12-22,SZ,创业板
300151,昌红科技,2010-12-22,SZ,创业板
300152,*ST动力,2010-12-29,SZ,创业板
300153,科泰电源,2010-12-29,SZ,创业板
300154,瑞凌股份,2010-12-29,SZ,创业板
300155,安居宝,2011-01-07,SZ,创业板
300157,新锦动力,2011-01-07,SZ,创业板
300158,振东制药,2011-01-07,SZ,创业板
300159,新研股份,2011-01-07,SZ,创业板
300160,秀强股份,2011-01-13,SZ,创业板
300161,华中数控,2011-01-13,SZ,创业板
300162,雷曼光电,2011-01-13,SZ,创业板
300163,先锋新材,2011-01-13,SZ,创业板
300164,通源石油,2011-01-13,SZ,创业板
300165,天瑞仪器,2011-01-25,SZ,创业板
300166,东方国信,2011-01-25,SZ,创业板
300167,ST迪威迅,2011-01-25,SZ,创业板
300168,万达信息,2011-01-25,SZ,创业板
300169,天晟新材,2011-01-25,SZ,创业板
300170,汉得信息,2011-02-01,SZ,创业板
300171,东富龙,2011-02-01,SZ,创业板
300172,中电环保,2011-02-01,SZ,创业板
300173,ST福能,2011-02-01,SZ,创业板
300174,元力股份,2011-02-01,SZ,创业板
300175,朗源股份,2011-02-15,SZ,创业板
300176,鸿特科技,2011-02-15,SZ,创业板
300177,中海达,2011-02-15,SZ,创业板
300179,四方达,2011-02-15,SZ,创业板
300180,华峰超纤,2011-02-22,SZ,创业板
300181,佐力药业,2011-02-22,SZ,创业板
300182,捷成股份,2011-02-22,SZ,创业板
300183,东软载波,2011-02-22,SZ,创业板
300184,力源信息,2011-02-22,SZ,创业板
300185,通裕重工,2011-03-08,SZ,创业板
300187,永清环保,2011-03-08,SZ,创业板
300188,国投智能,2011-03-16,SZ,创业板
300189,神农种业,2011-03-16,SZ,创业板
300190,维尔利,2011-03-16,SZ,创业板
300191,潜能恒信,2011-03-16,SZ,创业板
300192,科德教育,2011-03-22,SZ,创业板
300193,佳士科技,2011-03-22,SZ,创业板
300194,福安药业,2011-03-22,SZ,创业板
300195,长荣股份,2011-03-29,SZ,创业板
300196,长海股份,2011-03-29,SZ,创业板
300197,节能铁汉,2011-03-29,SZ,创业板
300198,*ST纳川,2011-04-07,SZ,创业板
300199,翰宇药业,2011-04-07,SZ,创业板
300200,高盟新材,2011-04-07,SZ,创业板
300201,海伦哲,2011-04-07,SZ,创业板
300203,聚光科技,2011-04-15,SZ,创业板
300204,舒泰神,2011-04-15,SZ,创业板
300205,*ST天喻,2011-04-21,SZ,创业板
300206,理邦仪器,2011-04-21,SZ,创业板
300207,欣旺达,2011-04-21,SZ,创业板
300209,行云科技,2011-04-26,SZ,创业板
300210,森远股份,2011-04-26,SZ,创业板
300211,*ST亿通,2011-05-05,SZ,创业板
300212,*ST易录,2011-05-05,SZ,创业板
300213,佳讯飞鸿,2011-05-05,SZ,创业板
300214,日科化学,2011-05-11,SZ,创业板
300215,电科院,2011-05-11,SZ,创业板
300217,东方电热,2011-05-18,SZ,创业板
300218,安利股份,2011-05-18,SZ,创业板
300219,鸿利智汇,2011-05-18,SZ,创业板
300220,金运激光,2011-05-25,SZ,创业板
300221,银禧科技,2011-05-25,SZ,创业板
300222,科大智能,2011-05-25,SZ,创业板
300223,君正股份,2011-05-31,SZ,创业板
300224,正海磁材,2011-05-31,SZ,创业板
300225,金力泰,2011-05-31,SZ,创业板
300226,上海钢联,2011-06-08,SZ,创业板
300227,光韵达,2011-06-08,SZ,创业板
300228,富瑞特装,2011-06-08,SZ,创业板
300229,拓尔思,2011-06-15,SZ,创业板
300230,永利股份,2011-06-15,SZ,创业板
300231,银信科技,2011-06-15,SZ,创业板
300232,洲明科技,2011-06-22,SZ,创业板
300233,金城医药,2011-06-22,SZ,创业板
300234,开尔新材,2011-06-22,SZ,创业板
300235,方直科技,2011-06-29,SZ,创业板
300236,上海新阳,2011-06-29,SZ,创业板
300237,ST美晨,2011-06-29,SZ,创业板
300238,冠昊生物,2011-07-06,SZ,创业板
300239,东宝生物,2011-07-06,SZ,创业板
300240,飞力达,2011-07-06,SZ,创业板
300241,瑞丰光电,2011-07-12,SZ,创业板
300242,佳云科技,2011-07-12,SZ,创业板
300243,瑞丰高材,2011-07-12,SZ,创业板
300244,迪安诊断,2011-07-19,SZ,创业板
300245,ST天玑,2011-07-19,SZ,创业板
300246,宝莱特,2011-07-19,SZ,创业板
300247,融捷健康,2011-07-29,SZ,创业板
300248,新开普,2011-07-29,SZ,创业板
300249,依米康,2011-08-03,SZ,创业板
300250,初灵信息,2011-08-03,SZ,创业板
300251,光线传媒,2011-08-03,SZ,创业板
300252,金信诺,2011-08-18,SZ,创业板
300253,卫宁健康,2011-08-18,SZ,创业板
300254,仟源医药,2011-08-19,SZ,创业板
300255,常山药业,2011-08-19,SZ,创业板
300256,星星科技,2011-08-19,SZ,创业板
300257,开山股份,2011-08-19,SZ,创业板
300258,精锻科技,2011-08-26,SZ,创业板
300259,新天科技,2011-08-31,SZ,创业板
300260,新莱应材,2011-09-06,SZ,创业板
300261,雅本化学,2011-09-06,SZ,创业板
300263,隆华科技,2011-09-16,SZ,创业板
300264,佳创视讯,2011-09-16,SZ,创业板
300265,通光线缆,2011-09-16,SZ,创业板
300266,兴源环境,2011-09-27,SZ,创业板
300267,尔康制药,2011-09-27,SZ,创业板
300268,佳沃食品,2011-09-27,SZ,创业板
300269,联建光电,2011-10-12,SZ,创业板
300270,中威电子,2011-10-12,SZ,创业板
300271,华宇软件,2011-10-26,SZ,创业板
300272,开能健康,2011-11-02,SZ,创业板
300274,阳光电源,2011-11-02,SZ,创业板
300275,梅安森,2011-11-02,SZ,创业板
300276,三丰智能,2011-11-15,SZ,创业板
300277,汽轮科技,2011-11-23,SZ,创业板
300278,华昌达,2011-12-16,SZ,创业板
300279,和晶科技,2011-12-29,SZ,创业板
300281,金明精机,2011-12-29,SZ,创业板
300283,温州宏丰,2012-01-10,SZ,创业板
300284,苏交科,2012-01-10,SZ,创业板
300285,国瓷材料,2012-01-13,SZ,创业板
300286,安科瑞,2012-01-13,SZ,创业板
300287,飞利信,2012-02-01,SZ,创业板
300288,朗玛信息,2012-02-16,SZ,创业板
300289,利德曼,2012-02-16,SZ,创业板
300290,ST荣科,2012-02-16,SZ,创业板
300291,百纳千成,2012-02-09,SZ,创业板
300292,吴通控股,2012-02-29,SZ,创业板
300293,蓝英装备,2012-03-08,SZ,创业板
300294,博雅生物,2012-03-08,SZ,创业板
300295,*ST三六五,2012-03-15,SZ,创业板
300296,利亚德,2012-03-15,SZ,创业板
300298,三诺生物,2012-03-19,SZ,创业板
300299,富春股份,2012-03-19,SZ,创业板
300300,海峡创新,2012-03-19,SZ,创业板
300301,ST长方,2012-03-21,SZ,创业板
300302,同有科技,2012-03-21,SZ,创业板
300303,聚飞光电,2012-03-19,SZ,创业板
300304,云意电气,2012-03-21,SZ,创业板
300305,裕兴股份,2012-03-29,SZ,创业板
300306,远方信息,2012-03-29,SZ,创业板
300307,慈星股份,2012-03-29,SZ,创业板
300308,中际旭创,2012-04-10,SZ,创业板
300310,宜通世纪,2012-04-25,SZ,创业板
300311,任子行,2012-04-25,SZ,创业板
300313,天山生物,2012-04-25,SZ,创业板
300314,戴维医疗,2012-05-08,SZ,创业板
300315,掌趣科技,2012-05-11,SZ,创业板
300316,晶盛机电,2012-05-11,SZ,创业板
300317,珈伟新能,2012-05-11,SZ,创业板
300318,博晖创新,2012-05-23,SZ,创业板
300319,麦捷科技,2012-05-23,SZ,创业板
300320,海达股份,2012-06-01,SZ,创业板
300321,同大股份,2012-05-23,SZ,创业板
300322,硕贝德,2012-06-08,SZ,创业板
300323,华灿光电,2012-06-01,SZ,创业板
300324,旋极信息,2012-06-08,SZ,创业板
300326,ST凯利,2012-06-13,SZ,创业板
300327,中颖电子,2012-06-13,SZ,创业板
300328,宜安科技,2012-06-19,SZ,创业板
300329,海伦钢琴,2012-06-19,SZ,创业板
300331,苏大维格,2012-06-28,SZ,创业板
300332,天壕能源,2012-06-28,SZ,创业板
300333,兆日科技,2012-06-28,SZ,创业板
300334,津膜科技,2012-07-05,SZ,创业板
300335,迪森股份,2012-07-10,SZ,创业板
300337,银邦股份,2012-07-18,SZ,创业板
300338,*ST开元,2012-07-26,SZ,创业板
300339,润和软件,2012-07-18,SZ,创业板
300340,科恒股份,2012-07-26,SZ,创业板
300341,麦克奥迪,2012-07-26,SZ,创业板
300342,天银机电,2012-07-26,SZ,创业板
300343,联创股份,2012-08-01,SZ,创业板
300345,华民股份,2012-08-01,SZ,创业板
300346,南大光电,2012-08-07,SZ,创业板
300347,泰格医药,2012-08-17,SZ,创业板
300348,长亮科技,2012-08-17,SZ,创业板
300349,金卡智能,2012-08-17,SZ,创业板
300350,华鹏飞,2012-08-21,SZ,创业板
300351,永贵电器,2012-09-20,SZ,创业板
300352,ST信源,2012-09-12,SZ,创业板
300353,东土科技,2012-09-27,SZ,创业板
300354,东华测试,2012-09-20,SZ,创业板
300355,蒙草生态,2012-09-27,SZ,创业板
300357,我武生物,2014-01-21,SZ,创业板
300358,楚天科技,2014-01-21,SZ,创业板
300359,全通教育,2014-01-21,SZ,创业板
300360,炬华科技,2014-01-21,SZ,创业板
300363,博腾股份,2014-01-29,SZ,创业板
300364,中文在线,2015-01-21,SZ,创业板
300365,恒华科技,2014-01-23,SZ,创业板
300366,ST创意,2014-01-27,SZ,创业板
300368,汇金股份,2014-01-23,SZ,创业板
300369,绿盟科技,2014-01-29,SZ,创业板
300370,安控科技,2014-01-23,SZ,创业板
300371,汇中股份,2014-01-23,SZ,创业板
300373,扬杰科技,2014-01-23,SZ,创业板
300374,中铁装配,2015-03-19,SZ,创业板
300375,鹏翎股份,2014-01-27,SZ,创业板
300376,易事特,2014-01-27,SZ,创业板
300377,赢时胜,2014-01-27,SZ,创业板
300378,鼎捷数智,2014-01-27,SZ,创业板
300380,安硕信息,2014-01-28,SZ,创业板
300381,溢多利,2014-01-28,SZ,创业板
300382,斯莱克,2014-01-29,SZ,创业板
300383,光环新网,2014-01-29,SZ,创业板
300384,三联虹普,2014-08-01,SZ,创业板
300385,ST雪浪,2014-06-26,SZ,创业板
300386,飞天诚信,2014-06-26,SZ,创业板
300387,富邦科技,2014-07-02,SZ,创业板
300388,节能国祯,2014-08-01,SZ,创业板
300389,艾比森,2014-08-01,SZ,创业板
300390,天华新能,2014-07-31,SZ,创业板
300393,中来股份,2014-09-12,SZ,创业板
300394,天孚通信,2015-02-17,SZ,创业板
300395,菲利华,2014-09-10,SZ,创业板
300396,ST迪瑞,2014-09-10,SZ,创业板
300397,天和防务,2014-09-10,SZ,创业板
300398,飞凯材料,2014-10-09,SZ,创业板
300399,天利科技,2014-10-09,SZ,创业板
300400,劲拓股份,2014-10-10,SZ,创业板
300401,花园生物,2014-10-09,SZ,创业板
300402,宝色股份,2014-10-10,SZ,创业板
300403,汉宇集团,2014-10-30,SZ,创业板
300404,博济医药,2015-04-24,SZ,创业板
300405,科隆股份,2014-10-30,SZ,创业板
300406,九强生物,2014-10-30,SZ,创业板
300407,凯发电气,2014-12-03,SZ,创业板
300408,三环集团,2014-12-03,SZ,创业板
300409,道氏技术,2014-12-03,SZ,创业板
300410,正业科技,2014-12-31,SZ,创业板
300411,金盾股份,2014-12-31,SZ,创业板
300412,迦南科技,2014-12-31,SZ,创业板
300413,芒果超媒,2015-01-21,SZ,创业板
300414,中光防雷,2015-05-13,SZ,创业板
300415,伊之密,2015-01-23,SZ,创业板
300416,苏试试验,2015-01-22,SZ,创业板
300417,南华仪器,2015-01-23,SZ,创业板
300418,昆仑万维,2015-01-21,SZ,创业板
300419,ST浩丰,2015-01-22,SZ,创业板
300420,五洋自控,2015-02-17,SZ,创业板
300421,力星股份,2015-02-17,SZ,创业板
300422,博世科,2015-02-17,SZ,创业板
300423,昇辉科技,2015-02-17,SZ,创业板
300424,航新科技,2015-04-22,SZ,创业板
300425,中建环能,2015-02-16,SZ,创业板
300426,华智数媒,2015-02-17,SZ,创业板
300427,红相股份,2015-02-17,SZ,创业板
300428,立中集团,2015-03-19,SZ,创业板
300429,强力新材,2015-03-24,SZ,创业板
300430,*ST益通,2015-03-19,SZ,创业板
300432,富临精工,2015-03-19,SZ,创业板
300433,蓝思科技,2015-03-18,SZ,创业板
300434,金石亚药,2015-04-24,SZ,创业板
300435,中泰股份,2015-03-26,SZ,创业板
300436,广生堂,2015-04-22,SZ,创业板
300437,清水源,2015-04-23,SZ,创业板
300438,鹏辉能源,2015-04-24,SZ,创业板
300439,美康生物,2015-04-22,SZ,创业板
300440,运达科技,2015-04-23,SZ,创业板
300441,鲍斯股份,2015-04-23,SZ,创业板
300442,润泽科技,2015-04-24,SZ,创业板
300443,金雷股份,2015-04-22,SZ,创业板
300444,双杰电气,2015-04-23,SZ,创业板
300445,康斯特,2015-04-24,SZ,创业板
300446,航天智造,2015-04-23,SZ,创业板
300447,全信股份,2015-04-22,SZ,创业板
300448,浩云科技,2015-04-24,SZ,创业板
300449,汉邦高科,2015-04-22,SZ,创业板
300450,先导智能,2015-05-18,SZ,创业板
300451,创业慧康,2015-05-14,SZ,创业板
300452,山河药辅,2015-05-15,SZ,创业板
300453,三鑫医疗,2015-05-15,SZ,创业板
300454,深信服,2018-05-16,SZ,创业板
300455,航天智装,2015-05-15,SZ,创业板
300456,赛微电子,2015-05-14,SZ,创业板
300457,赢合科技,2015-05-14,SZ,创业板
300458,全志科技,2015-05-15,SZ,创业板
300459,汤姆猫,2015-05-15,SZ,创业板
300460,ST惠伦,2015-05-15,SZ,创业板
300461,田中精机,2015-05-19,SZ,创业板
300462,ST华铭,2015-05-27,SZ,创业板
300463,迈克生物,2015-05-28,SZ,创业板
300464,星徽股份,2015-06-10,SZ,创业板
300465,高伟达,2015-05-28,SZ,创业板
300466,赛摩智能,2015-05-28,SZ,创业板
300467,迅游科技,2015-05-27,SZ,创业板
300468,四方精创,2015-05-27,SZ,创业板
300469,信息发展,2015-06-11,SZ,创业板
300470,中密控股,2015-06-12,SZ,创业板
300471,厚普股份,2015-06-11,SZ,创业板
300472,ST新元,2015-06-11,SZ,创业板
300473,德尔股份,2015-06-12,SZ,创业板
300474,景嘉微,2016-03-31,SZ,创业板
300475,香农芯创,2015-06-10,SZ,创业板
300476,胜宏科技,2015-06-11,SZ,创业板
300477,ST合纵,2015-06-10,SZ,创业板
300478,杭州高新,2015-06-10,SZ,创业板
300479,神思电子,2015-06-12,SZ,创业板
300480,光力科技,2015-07-02,SZ,创业板
300481,濮阳惠成,2015-06-30,SZ,创业板
300482,万孚生物,2015-06-30,SZ,创业板
300483,首华燃气,2015-06-30,SZ,创业板
300484,蓝海华腾,2016-03-22,SZ,创业板
300485,赛升药业,2015-06-26,SZ,创业板
300486,东杰智能,2015-06-30,SZ,创业板
300487,蓝晓科技,2015-07-02,SZ,创业板
300488,恒锋工具,2015-07-01,SZ,创业板
300489,光智科技,2015-07-01,SZ,创业板
300490,华自科技,2015-12-31,SZ,创业板
300491,通合科技,2015-12-31,SZ,创业板
300492,华图山鼎,2015-12-23,SZ,创业板
300493,润欣科技,2015-12-10,SZ,创业板
300494,盛天网络,2015-12-31,SZ,创业板
300496,中科创达,2015-12-10,SZ,创业板
300497,富祥股份,2015-12-22,SZ,创业板
300498,温氏股份,2015-11-02,SZ,创业板
300499,高澜股份,2016-02-02,SZ,创业板
300500,启迪设计,2016-02-04,SZ,创业板
300501,海顺新材,2016-02-04,SZ,创业板
300502,新易盛,2016-03-03,SZ,创业板
300503,昊志机电,2016-03-09,SZ,创业板
300504,天邑股份,2018-03-30,SZ,创业板
300505,川金诺,2016-03-15,SZ,创业板
300506,名家汇,2016-03-24,SZ,创业板
300507,苏奥传感,2016-04-29,SZ,创业板
300508,维宏股份,2016-04-19,SZ,创业板
300509,新美星,2016-04-25,SZ,创业板
300510,金冠股份,2016-05-06,SZ,创业板
300511,雪榕生物,2016-05-04,SZ,创业板
300512,中亚股份,2016-05-26,SZ,创业板
300513,恒实科技,2016-05-30,SZ,创业板
300514,友讯达,2017-04-26,SZ,创业板
300515,三德科技,2016-06-08,SZ,创业板
300516,久之洋,2016-06-02,SZ,创业板
300517,海波重科,2016-07-19,SZ,创业板
300518,新迅达,2016-06-24,SZ,创业板
300519,新光药业,2016-06-24,SZ,创业板
300520,科大国创,2016-07-08,SZ,创业板
300521,爱司凯,2016-07-05,SZ,创业板
300522,世名科技,2016-07-05,SZ,创业板
300523,辰安科技,2016-07-26,SZ,创业板
300525,博思软件,2016-07-26,SZ,创业板
300527,ST应急,2016-08-05,SZ,创业板
300528,幸福蓝海,2016-08-08,SZ,创业板
300529,健帆生物,2016-08-02,SZ,创业板
300530,领湃科技,2016-08-09,SZ,创业板
300531,优博讯,2016-08-09,SZ,创业板
300532,今天国际,2016-08-18,SZ,创业板
300533,冰川网络,2016-08-18,SZ,创业板
300534,陇神戎发,2016-09-13,SZ,创业板
300535,达威股份,2016-08-12,SZ,创业板
300536,农尚环境,2016-09-20,SZ,创业板
300537,广信材料,2016-08-30,SZ,创业板
300538,同益股份,2016-08-26,SZ,创业板
300539,横河精密,2016-08-30,SZ,创业板
300540,蜀道装备,2016-08-23,SZ,创业板
300541,先进数通,2016-09-13,SZ,创业板
300542,新晨科技,2016-09-20,SZ,创业板
300543,朗科智能,2016-09-08,SZ,创业板
300545,联得装备,2016-09-28,SZ,创业板
300546,雄帝科技,2016-09-28,SZ,创业板
300547,川环科技,2016-09-30,SZ,创业板
300548,长芯博创,2016-10-12,SZ,创业板
300549,优德精密,2016-09-30,SZ,创业板
300550,和仁科技,2016-10-18,SZ,创业板
300551,古鳌科技,2016-10-18,SZ,创业板
300552,万集科技,2016-10-21,SZ,创业板
300553,集智股份,2016-10-21,SZ,创业板
300554,三超新材,2017-04-21,SZ,创业板
300555,ST路通,2016-10-18,SZ,创业板
300556,丝路视觉,2016-11-04,SZ,创业板
300557,理工光科,2016-11-01,SZ,创业板
300558,贝达药业,2016-11-07,SZ,创业板
300559,佳发教育,2016-11-01,SZ,创业板
300560,中富通,2016-11-01,SZ,创业板
300561,汇金科技,2016-11-17,SZ,创业板
300562,乐心股份,2016-11-16,SZ,创业板
300563,神宇股份,2016-11-14,SZ,创业板
300564,筑博设计,2019-11-08,SZ,创业板
300565,科信技术,2016-11-22,SZ,创业板
300566,激智科技,2016-11-15,SZ,创业板
300567,精测电子,2016-11-22,SZ,创业板
300568,星源材质,2016-12-01,SZ,创业板
300569,天能重工,2016-11-25,SZ,创业板
300570,太辰光,2016-12-06,SZ,创业板
300571,平治信息,2016-12-13,SZ,创业板
300572,安车检测,2016-12-06,SZ,创业板
300573,兴齐眼药,2016-12-08,SZ,创业板
300575,中旗股份,2016-12-20,SZ,创业板
300576,容大感光,2016-12-20,SZ,创业板
300577,开润股份,2016-12-21,SZ,创业板
300578,会畅科技,2017-01-25,SZ,创业板
300579,数字认证,2016-12-23,SZ,创业板
300580,贝斯特,2017-01-11,SZ,创业板
300581,晨曦航空,2016-12-20,SZ,创业板
300582,英飞特,2016-12-28,SZ,创业板
300583,赛托生物,2017-01-06,SZ,创业板
300584,海辰药业,2017-01-12,SZ,创业板
300585,奥联电子,2016-12-29,SZ,创业板
300586,美联新材,2017-01-04,SZ,创业板
300587,天铁科技,2017-01-05,SZ,创业板
300588,熙菱信息,2017-01-05,SZ,创业板
300589,江龙船艇,2017-01-13,SZ,创业板
300590,移为通信,2017-01-11,SZ,创业板
300591,万里马,2017-01-10,SZ,创业板
300592,华凯易佰,2017-01-20,SZ,创业板
300593,新雷能,2017-01-13,SZ,创业板
300594,ST朗进,2019-06-21,SZ,创业板
300595,欧普康视,2017-01-17,SZ,创业板
300596,利安隆,2017-01-19,SZ,创业板
300597,吉大通信,2017-01-23,SZ,创业板
300598,诚迈科技,2017-01-20,SZ,创业板
300599,雄塑科技,2017-01-23,SZ,创业板
300600,国瑞科技,2017-01-25,SZ,创业板
300601,康泰生物,2017-02-07,SZ,创业板
300602,飞荣达,2017-01-26,SZ,创业板
300603,立昂技术,2017-01-26,SZ,创业板
300604,长川科技,2017-04-17,SZ,创业板
300605,恒锋信息,2017-02-08,SZ,创业板
300606,金太阳,2017-02-08,SZ,创业板
300607,拓斯达,2017-02-09,SZ,创业板
300608,思特奇,2017-02-13,SZ,创业板
300609,汇纳科技,2017-02-15,SZ,创业板
300610,晨化股份,2017-02-13,SZ,创业板
300611,美力科技,2017-02-20,SZ,创业板
300612,宣亚国际,2017-02-15,SZ,创业板
300613,富瀚微,2017-02-20,SZ,创业板
300614,百川畅银,2021-05-25,SZ,创业板
300615,欣天科技,2017-02-15,SZ,创业板
300616,尚品宅配,2017-03-07,SZ,创业板
300617,安靠智电,2017-02-28,SZ,创业板
300618,寒锐钴业,2017-03-06,SZ,创业板
300619,金银河,2017-03-01,SZ,创业板
300620,光库科技,2017-03-10,SZ,创业板
300621,维业股份,2017-03-16,SZ,创业板
300622,博士眼镜,2017-03-15,SZ,创业板
300623,捷捷微电,2017-03-14,SZ,创业板
300624,万兴科技,2018-01-18,SZ,创业板
300625,三雄极光,2017-03-17,SZ,创业板
300626,华瑞股份,2017-03-20,SZ,创业板
300627,华测导航,2017-03-21,SZ,创业板
300628,亿联网络,2017-03-17,SZ,创业板
300629,新劲刚,2017-03-24,SZ,创业板
300631,久吾高科,2017-03-23,SZ,创业板
300632,光莆股份,2017-04-06,SZ,创业板
300633,开立医疗,2017-04-06,SZ,创业板
300634,彩讯股份,2018-03-23,SZ,创业板
300635,中达安,2017-03-31,SZ,创业板
300636,同和药业,2017-03-31,SZ,创业板
300637,扬帆新材,2017-04-12,SZ,创业板
300638,广和通,2017-04-13,SZ,创业板
300639,凯普生物,2017-04-12,SZ,创业板
300640,德艺文创,2017-04-17,SZ,创业板
300641,正丹股份,2017-04-18,SZ,创业板
300642,透景生命,2017-04-21,SZ,创业板
300643,万通智控,2017-05-05,SZ,创业板
300644,南京聚隆,2018-02-06,SZ,创业板
300645,正元智慧,2017-04-21,SZ,创业板
300647,超频三,2017-05-03,SZ,创业板
300648,星云股份,2017-04-25,SZ,创业板
300649,杭州园林,2017-05-05,SZ,创业板
300650,太龙股份,2017-05-03,SZ,创业板
300651,金陵体育,2017-05-09,SZ,创业板
300652,雷迪克,2017-05-16,SZ,创业板
300653,正海生物,2017-05-16,SZ,创业板
300654,世纪天鸿,2017-09-26,SZ,创业板
300655,晶瑞电材,2017-05-23,SZ,创业板
300656,民德电子,2017-05-19,SZ,创业板
300657,弘信电子,2017-05-23,SZ,创业板
300658,延江股份,2017-06-02,SZ,创业板
300659,中孚信息,2017-05-26,SZ,创业板
300660,江苏雷利,2017-06-02,SZ,创业板
300661,圣邦股份,2017-06-06,SZ,创业板
300662,科锐国际,2017-06-08,SZ,创业板
300663,科蓝软件,2017-06-08,SZ,创业板
300664,鹏鹞环保,2018-01-05,SZ,创业板
300665,飞鹿股份,2017-06-13,SZ,创业板
300666,江丰电子,2017-06-15,SZ,创业板
300667,必创科技,2017-06-19,SZ,创业板
300668,杰恩股份,2017-06-19,SZ,创业板
300669,沪宁股份,2017-06-29,SZ,创业板
300670,大烨智能,2017-07-03,SZ,创业板
300671,富满微,2017-07-05,SZ,创业板
300672,国科微,2017-07-12,SZ,创业板
300673,佩蒂股份,2017-07-11,SZ,创业板
300674,宇信科技,2018-11-07,SZ,创业板
300675,建科院,2017-07-19,SZ,创业板
300676,华大基因,2017-07-14,SZ,创业板
300677,英科医疗,2017-07-21,SZ,创业板
300678,中科信息,2017-07-28,SZ,创业板
300679,电连技术,2017-07-31,SZ,创业板
300680,隆盛科技,2017-07-25,SZ,创业板
300681,英搏尔,2017-07-25,SZ,创业板
300682,朗新科技,2017-08-01,SZ,创业板
300683,海特生物,2017-08-08,SZ,创业板
300684,中石科技,2017-12-27,SZ,创业板
300685,艾德生物,2017-08-02,SZ,创业板
300686,智动力,2017-08-04,SZ,创业板
300687,赛意信息,2017-08-03,SZ,创业板
300688,创业黑马,2017-08-10,SZ,创业板
300689,澄天伟业,2017-08-09,SZ,创业板
300690,双一科技,2017-08-08,SZ,创业板
300691,联合光电,2017-08-11,SZ,创业板
300692,中赋科技,2017-08-21,SZ,创业板
300693,盛弘股份,2017-08-22,SZ,创业板
300694,蠡湖股份,2018-10-15,SZ,创业板
300695,兆丰股份,2017-09-08,SZ,创业板
300696,爱乐达,2017-08-22,SZ,创业板
300697,电工合金,2017-09-07,SZ,创业板
300698,万马科技,2017-08-31,SZ,创业板
300699,光威复材,2017-09-01,SZ,创业板
300700,岱勒新材,2017-09-12,SZ,创业板
300701,森霸传感,2017-09-15,SZ,创业板
300702,天宇股份,2017-09-19,SZ,创业板
300703,创源股份,2017-09-19,SZ,创业板
300705,九典制药,2017-10-10,SZ,创业板
300706,阿石创,2017-09-26,SZ,创业板
300707,威唐工业,2017-10-10,SZ,创业板
300708,聚灿光电,2017-10-16,SZ,创业板
300709,精研科技,2017-10-19,SZ,创业板
300710,万隆光电,2017-10-19,SZ,创业板
300711,广哈通信,2017-11-01,SZ,创业板
300712,永福股份,2017-10-31,SZ,创业板
300713,英可瑞,2017-11-01,SZ,创业板
300715,凯伦股份,2017-10-26,SZ,创业板
300716,*ST泉为,2017-11-09,SZ,创业板
300717,华信新材,2017-11-06,SZ,创业板
300718,长盛轴承,2017-11-06,SZ,创业板
300719,安达维尔,2017-11-09,SZ,创业板
300720,海川智能,2017-11-06,SZ,创业板
300721,怡达股份,2017-11-15,SZ,创业板
300722,新余国科,2017-11-10,SZ,创业板
300723,一品红,2017-11-16,SZ,创业板
300724,捷佳伟创,2018-08-10,SZ,创业板
300725,药石科技,2017-11-10,SZ,创业板
300726,宏达电子,2017-11-21,SZ,创业板
300727,润禾材料,2017-11-27,SZ,创业板
300729,乐歌股份,2017-12-01,SZ,创业板
300730,科创信息,2017-12-05,SZ,创业板
300731,科创新源,2017-12-08,SZ,创业板
300732,设研院,2017-12-12,SZ,创业板
300733,西菱动力,2018-01-16,SZ,创业板
300735,光弘科技,2017-12-29,SZ,创业板
300736,百邦科技,2018-01-09,SZ,创业板
300737,科顺股份,2018-01-25,SZ,创业板
300738,奥飞数据,2018-01-19,SZ,创业板
300739,明阳电路,2018-02-01,SZ,创业板
300740,水羊股份,2018-02-08,SZ,创业板
300741,华宝股份,2018-03-01,SZ,创业板
300743,天地数码,2018-04-27,SZ,创业板
300745,欣锐科技,2018-05-23,SZ,创业板
300746,汉嘉数智,2018-05-25,SZ,创业板
300747,锐科激光,2018-06-25,SZ,创业板
300748,金力永磁,2018-09-21,SZ,创业板
300749,顶固集创,2018-09-25,SZ,创业板
300750,宁德时代,2018-06-11,SZ,创业板
300751,迈为股份,2018-11-09,SZ,创业板
300752,隆利科技,2018-11-30,SZ,创业板
300753,爱朋医疗,2018-12-13,SZ,创业板
300755,华致酒行,2019-01-29,SZ,创业板
300756,金马游乐,2018-12-28,SZ,创业板
300757,罗博特科,2019-01-08,SZ,创业板
300758,七彩化学,2019-02-22,SZ,创业板
300759,康龙化成,2019-01-28,SZ,创业板
300760,迈瑞医疗,2018-10-16,SZ,创业板
300761,立华股份,2019-02-18,SZ,创业板
300762,上海瀚讯,2019-03-14,SZ,创业板
300763,锦浪科技,2019-03-19,SZ,创业板
300765,石药创新,2019-03-22,SZ,创业板
300766,每日互动,2019-03-25,SZ,创业板
300767,震安科技,2019-03-29,SZ,创业板
300768,迪普科技,2019-04-12,SZ,创业板
300769,德方纳米,2019-04-15,SZ,创业板
300770,新媒股份,2019-04-19,SZ,创业板
300771,智莱科技,2019-04-22,SZ,创业板
300772,运达股份,2019-04-26,SZ,创业板
300773,拉卡拉,2019-04-25,SZ,创业板
300774,倍杰特,2021-08-04,SZ,创业板
300775,三角防务,2019-05-21,SZ,创业板
300776,帝尔激光,2019-05-17,SZ,创业板
300777,中简科技,2019-05-16,SZ,创业板
300778,新城市,2019-05-10,SZ,创业板
300779,惠城环保,2019-05-22,SZ,创业板
300780,德恩精工,2019-05-31,SZ,创业板
300781,因赛集团,2019-06-06,SZ,创业板
300782,卓胜微,2019-06-18,SZ,创业板
300783,三只松鼠,2019-07-12,SZ,创业板
300784,利安科技,2024-06-07,SZ,创业板
300785,值得买,2019-07-15,SZ,创业板
300786,国林科技,2019-07-23,SZ,创业板
300787,海能实业,2019-08-15,SZ,创业板
300788,中信出版,2019-07-05,SZ,创业板
300789,唐源电气,2019-08-28,SZ,创业板
300790,宇瞳光学,2019-09-20,SZ,创业板
300791,仙乐健康,2019-09-25,SZ,创业板
300792,壹网壹创,2019-09-27,SZ,创业板
300793,佳禾智能,2019-10-18,SZ,创业板
300795,米奥会展,2019-10-22,SZ,创业板
300796,贝斯美,2019-11-15,SZ,创业板
300797,钢研纳克,2019-11-01,SZ,创业板
300798,锦鸡股份,2019-11-22,SZ,创业板
300800,力合科技,2019-11-06,SZ,创业板
300801,泰和科技,2019-11-28,SZ,创业板
300802,矩子科技,2019-11-14,SZ,创业板
300803,指南针,2019-11-18,SZ,创业板
300804,广康生化,2023-06-27,SZ,创业板
300805,电声股份,2019-11-21,SZ,创业板
300806,斯迪克,2019-11-25,SZ,创业板
300807,天迈科技,2019-12-19,SZ,创业板
300808,久量股份,2019-11-29,SZ,创业板
300809,华辰装备,2019-12-04,SZ,创业板
300810,中科海讯,2019-12-06,SZ,创业板
300811,铂科新材,2019-12-30,SZ,创业板
300812,易天股份,2020-01-09,SZ,创业板
300813,泰林生物,2020-01-14,SZ,创业板
300814,中富电路,2021-08-12,SZ,创业板
300815,玉禾田,2020-01-23,SZ,创业板
300816,艾可蓝,2020-02-10,SZ,创业板
300817,双飞集团,2020-02-18,SZ,创业板
300818,耐普矿机,2020-02-12,SZ,创业板
300819,聚杰微纤,2020-03-12,SZ,创业板
300820,英杰电气,2020-02-13,SZ,创业板
300821,东岳硅材,2020-03-12,SZ,创业板
300822,贝仕达克,2020-03-13,SZ,创业板
300823,建科智能,2020-03-19,SZ,创业板
300824,北鼎股份,2020-06-19,SZ,创业板
300825,阿尔特,2020-03-27,SZ,创业板
300826,测绘股份,2020-04-03,SZ,创业板
300827,上能电气,2020-04-10,SZ,创业板
300828,锐新科技,2020-04-21,SZ,创业板
300829,金丹科技,2020-04-22,SZ,创业板
300830,金现代,2020-05-06,SZ,创业板
300831,ST派瑞,2020-05-07,SZ,创业板
300832,新产业,2020-05-12,SZ,创业板
300833,浩洋股份,2020-05-20,SZ,创业板
300834,星辉环材,2022-01-13,SZ,创业板
300835,龙磁科技,2020-05-25,SZ,创业板
300836,佰奥智能,2020-05-28,SZ,创业板
300837,浙矿股份,2020-06-05,SZ,创业板
300838,浙江力诺,2020-06-08,SZ,创业板
300839,博汇股份,2020-06-30,SZ,创业板
300840,酷特智能,2020-07-08,SZ,创业板
300841,康华生物,2020-06-16,SZ,创业板
300842,帝科股份,2020-06-18,SZ,创业板
300843,胜蓝股份,2020-07-02,SZ,创业板
300844,山水比德,2021-08-13,SZ,创业板
300845,捷安高科,2020-07-03,SZ,创业板
300846,首都在线,2020-07-01,SZ,创业板
300847,中船汉光,2020-07-09,SZ,创业板
300848,美瑞新材,2020-07-20,SZ,创业板
300849,锦盛新材,2020-07-10,SZ,创业板
300850,新强联,2020-07-13,SZ,创业板
300851,交大思诺,2020-07-17,SZ,创业板
300852,四会富仕,2020-07-13,SZ,创业板
300853,申昊科技,2020-07-24,SZ,创业板
300854,中兰环保,2021-09-16,SZ,创业板
300855,图南股份,2020-07-23,SZ,创业板
300856,科思股份,2020-07-22,SZ,创业板
300857,协创数据,2020-07-27,SZ,创业板
300858,科拓生物,2020-07-27,SZ,创业板
300859,西域旅游,2020-08-06,SZ,创业板
300860,锋尚文化,2020-08-24,SZ,创业板
300861,美畅股份,2020-08-24,SZ,创业板
300862,蓝盾光电,2020-08-24,SZ,创业板
300863,卡倍亿,2020-08-24,SZ,创业板
300864,南大环境,2020-08-24,SZ,创业板
300865,大宏立,2020-08-24,SZ,创业板
300866,安克创新,2020-08-24,SZ,创业板
300867,圣元环保,2020-08-24,SZ,创业板
300868,杰美特,2020-08-24,SZ,创业板
300869,康泰医学,2020-08-24,SZ,创业板
300870,欧陆通,2020-08-24,SZ,创业板
300871,回盛生物,2020-08-24,SZ,创业板
300872,天阳科技,2020-08-24,SZ,创业板
300873,海晨股份,2020-08-24,SZ,创业板
300875,捷强装备,2020-08-24,SZ,创业板
300876,蒙泰高新,2020-08-24,SZ,创业板
300877,金春股份,2020-08-24,SZ,创业板
300878,维康药业,2020-08-24,SZ,创业板
300879,大叶股份,2020-09-01,SZ,创业板
300880,迦南智能,2020-09-01,SZ,创业板
300881,盛德鑫泰,2020-09-01,SZ,创业板
300882,万胜智能,2020-09-10,SZ,创业板
300883,龙利得,2020-09-10,SZ,创业板
300884,狄耐克,2020-11-12,SZ,创业板
300885,海昌新材,2020-09-10,SZ,创业板
300886,华业香料,2020-09-16,SZ,创业板
300887,谱尼测试,2020-09-16,SZ,创业板
300888,稳健医疗,2020-09-17,SZ,创业板
300889,爱克股份,2020-09-16,SZ,创业板
300890,翔丰华,2020-09-17,SZ,创业板
300891,惠云钛业,2020-09-17,SZ,创业板
300892,品渥食品,2020-09-24,SZ,创业板
300893,松原安全,2020-09-24,SZ,创业板
300894,火星人,2020-12-31,SZ,创业板
300895,铜牛信息,2020-09-24,SZ,创业板
300896,爱美客,2020-09-28,SZ,创业板
300897,山科智能,2020-09-28,SZ,创业板
300898,熊猫乳品,2020-10-16,SZ,创业板
300899,上海凯鑫,2020-10-16,SZ,创业板
300900,广联航空,2020-10-29,SZ,创业板
300901,中胤时尚,2020-10-29,SZ,创业板
300902,国安达,2020-10-29,SZ,创业板
300903,科翔股份,2020-11-05,SZ,创业板
300904,威力传动,2023-08-09,SZ,创业板
300905,宝丽迪,2020-11-05,SZ,创业板
300906,日月明,2020-11-05,SZ,创业板
300907,康平科技,2020-11-18,SZ,创业板
300908,仲景食品,2020-11-23,SZ,创业板
300909,汇创达,2020-11-18,SZ,创业板
300910,瑞丰新材,2020-11-27,SZ,创业板
300911,亿田智能,2020-12-03,SZ,创业板
300912,凯龙高科,2020-12-07,SZ,创业板
300913,兆龙互连,2020-12-07,SZ,创业板
300915,海融科技,2020-12-02,SZ,创业板
300916,朗特智能,2020-12-02,SZ,创业板
300917,特发服务,2020-12-21,SZ,创业板
300918,南山智尚,2020-12-22,SZ,创业板
300919,中伟新材,2020-12-23,SZ,创业板
300920,润阳科技,2020-12-25,SZ,创业板
300921,南凌科技,2020-12-22,SZ,创业板
300922,天秦装备,2020-12-25,SZ,创业板
300923,研奥股份,2020-12-24,SZ,创业板
300925,法本信息,2020-12-30,SZ,创业板
300926,博俊科技,2021-01-07,SZ,创业板
300927,江天化学,2021-01-07,SZ,创业板
300928,华安鑫创,2021-01-06,SZ,创业板
300929,华骐环保,2021-01-20,SZ,创业板
300930,屹通新材,2021-01-21,SZ,创业板
300931,通用电梯,2021-01-21,SZ,创业板
300932,三友联众,2021-01-22,SZ,创业板
300933,中辰股份,2021-01-22,SZ,创业板
300935,盈建科,2021-01-20,SZ,创业板
300936,中英科技,2021-01-26,SZ,创业板
300937,药易购,2021-01-27,SZ,创业板
300938,信测标准,2021-01-27,SZ,创业板
300939,秋田微,2021-01-28,SZ,创业板
300940,南极光,2021-02-03,SZ,创业板
300941,创识科技,2021-02-09,SZ,创业板
300942,易瑞生物,2021-02-09,SZ,创业板
300943,春晖智控,2021-02-10,SZ,创业板
300945,曼卡龙,2021-02-10,SZ,创业板
300946,恒而达,2021-02-08,SZ,创业板
300947,德必集团,2021-02-10,SZ,创业板
300948,冠中生态,2021-02-25,SZ,创业板
300949,奥雅股份,2021-02-26,SZ,创业板
300950,德固特,2021-03-03,SZ,创业板
300951,博硕科技,2021-02-26,SZ,创业板
300952,恒辉安防,2021-03-11,SZ,创业板
300953,震裕科技,2021-03-18,SZ,创业板
300955,嘉亨家化,2021-03-24,SZ,创业板
300956,英力股份,2021-03-26,SZ,创业板
300957,贝泰妮,2021-03-25,SZ,创业板
300958,建工修复,2021-03-29,SZ,创业板
300959,线上线下,2021-03-22,SZ,创业板
300960,通业科技,2021-03-29,SZ,创业板
300961,深水海纳,2021-03-30,SZ,创业板
300962,中金辐照,2021-04-09,SZ,创业板
300963,中洲特材,2021-04-09,SZ,创业板
300964,本川智能,2021-08-05,SZ,创业板
300965,恒宇信通,2021-04-02,SZ,创业板
300966,共同药业,2021-04-09,SZ,创业板
300967,晓鸣股份,2021-04-13,SZ,创业板
300968,格林精密,2021-04-15,SZ,创业板
300969,恒帅股份,2021-04-12,SZ,创业板
300970,华绿生物,2021-04-12,SZ,创业板
300971,博亚精工,2021-04-15,SZ,创业板
300972,万辰集团,2021-04-19,SZ,创业板
300973,立高食品,2021-04-15,SZ,创业板
300975,商络电子,2021-04-21,SZ,创业板
300976,达瑞电子,2021-04-19,SZ,创业板
300977,深圳瑞捷,2021-04-20,SZ,创业板
300978,东箭科技,2021-04-26,SZ,创业板
300979,华利集团,2021-04-26,SZ,创业板
300980,祥源新材,2021-04-21,SZ,创业板
300981,中红医疗,2021-04-27,SZ,创业板
300982,苏文电能,2021-04-27,SZ,创业板
300983,尤安设计,2021-04-20,SZ,创业板
300984,金沃股份,2021-06-18,SZ,创业板
300985,致远新能,2021-04-29,SZ,创业板
300986,志特新材,2021-04-30,SZ,创业板
300987,川网传媒,2021-05-11,SZ,创业板
300988,津荣天宇,2021-05-12,SZ,创业板
300989,蕾奥规划,2021-05-07,SZ,创业板
300990,同飞股份,2021-05-12,SZ,创业板
300991,创益通,2021-05-20,SZ,创业板
300992,泰福泵业,2021-05-25,SZ,创业板
300993,玉马科技,2021-05-24,SZ,创业板
300994,久祺股份,2021-08-12,SZ,创业板
300995,奇德新材,2021-05-26,SZ,创业板
300996,普联软件,2021-06-03,SZ,创业板
300997,欢乐家,2021-06-02,SZ,创业板
300998,宁波方正,2021-06-02,SZ,创业板
300999,金龙鱼,2020-10-15,SZ,创业板
301000,肇民科技,2021-05-28,SZ,创业板
301001,凯淳股份,2021-05-28,SZ,创业板
301002,崧盛股份,2021-06-07,SZ,创业板
301003,江苏博云,2021-06-01,SZ,创业板
301004,嘉益股份,2021-06-25,SZ,创业板
301005,超捷股份,2021-06-01,SZ,创业板
301006,迈拓股份,2021-06-07,SZ,创业板
301007,德迈仕,2021-06-16,SZ,创业板
301008,宏昌科技,2021-06-11,SZ,创业板
301009,可靠股份,2021-06-17,SZ,创业板
301010,晶雪节能,2021-06-18,SZ,创业板
301011,华立科技,2021-06-17,SZ,创业板
301012,扬电科技,2021-06-22,SZ,创业板
301013,利和兴,2021-06-29,SZ,创业板
301015,百洋医药,2021-06-30,SZ,创业板
301016,雷尔伟,2021-06-30,SZ,创业板
301017,漱玉平民,2021-07-05,SZ,创业板
301018,申菱环境,2021-07-07,SZ,创业板
301019,宁波色母,2021-06-28,SZ,创业板
301020,密封科技,2021-07-06,SZ,创业板
301021,英诺激光,2021-07-06,SZ,创业板
301022,海泰科,2021-07-02,SZ,创业板
301023,奕帆传动,2021-07-07,SZ,创业板
301024,霍普股份,2021-07-28,SZ,创业板
301025,读客文化,2021-07-19,SZ,创业板
301026,浩通科技,2021-07-16,SZ,创业板
301027,华蓝集团,2021-07-15,SZ,创业板
301028,鼎熔岩,2021-07-20,SZ,创业板
301029,怡合达,2021-07-23,SZ,创业板
301030,*ST仕净,2021-07-22,SZ,创业板
301031,中熔电气,2021-07-15,SZ,创业板
301032,新柴股份,2021-07-22,SZ,创业板
301033,迈普医学,2021-07-26,SZ,创业板
301035,润丰股份,2021-07-28,SZ,创业板
301036,双乐股份,2021-07-29,SZ,创业板
301037,保立佳,2021-07-30,SZ,创业板
301038,深水规院,2021-08-04,SZ,创业板
301039,中集车辆,2021-07-08,SZ,创业板
301040,中环海陆,2021-08-03,SZ,创业板
301041,金百泽,2021-08-11,SZ,创业板
301042,安联锐视,2021-08-05,SZ,创业板
301043,绿岛风,2021-08-11,SZ,创业板
301045,天禄科技,2021-08-13,SZ,创业板
301046,能辉科技,2021-08-17,SZ,创业板
301047,义翘神州,2021-08-16,SZ,创业板
301048,金鹰重工,2021-08-18,SZ,创业板
301049,超越科技,2021-08-24,SZ,创业板
301050,雷电微力,2021-08-24,SZ,创业板
301051,信濠光电,2021-08-27,SZ,创业板
301052,果麦文化,2021-08-30,SZ,创业板
301053,远信工业,2021-09-01,SZ,创业板
301055,张小泉,2021-09-06,SZ,创业板
301056,森赫股份,2021-09-07,SZ,创业板
301057,汇隆新材,2021-09-09,SZ,创业板
301058,中粮科工,2021-09-09,SZ,创业板
301059,金三江,2021-09-13,SZ,创业板
301060,兰卫医学,2021-09-13,SZ,创业板
301061,匠心家居,2021-09-13,SZ,创业板
301062,上海艾录,2021-09-14,SZ,创业板
301063,海锅股份,2021-09-24,SZ,创业板
301065,本立科技,2021-09-14,SZ,创业板
301066,万事利,2021-09-22,SZ,创业板
301067,显盈科技,2021-09-22,SZ,创业板
301068,大地海洋,2021-09-28,SZ,创业板
301069,凯盛新材,2021-09-27,SZ,创业板
301070,开勒股份,2021-09-23,SZ,创业板
301071,力量钻石,2021-09-24,SZ,创业板
301072,中捷精工,2021-09-29,SZ,创业板
301073,君亭酒店,2021-09-30,SZ,创业板
301075,多瑞医药,2021-09-29,SZ,创业板
301076,新瀚新材,2021-10-11,SZ,创业板
301077,星华新材,2021-09-30,SZ,创业板
301078,孩子王,2021-10-14,SZ,创业板
301079,邵阳液压,2021-10-19,SZ,创业板
301080,百普赛斯,2021-10-18,SZ,创业板
301081,严牌股份,2021-10-20,SZ,创业板
301082,久盛电气,2021-10-27,SZ,创业板
301083,百胜智能,2021-10-21,SZ,创业板
301085,亚康股份,2021-10-18,SZ,创业板
301086,鸿富瀚,2021-10-20,SZ,创业板
301087,可孚医疗,2021-10-25,SZ,创业板
301088,戎美股份,2021-10-28,SZ,创业板
301089,拓新药业,2021-10-27,SZ,创业板
301090,华润材料,2021-10-26,SZ,创业板
301091,深城交,2021-10-29,SZ,创业板
301092,争光股份,2021-11-02,SZ,创业板
301093,华兰股份,2021-11-01,SZ,创业板
301095,广立微,2022-08-05,SZ,创业板
301096,百诚医药,2021-12-20,SZ,创业板
301097,天益医疗,2022-04-07,SZ,创业板
301098,金埔园林,2021-11-12,SZ,创业板
301099,雅创电子,2021-11-22,SZ,创业板
301100,风光股份,2021-12-17,SZ,创业板
301101,明月镜片,2021-12-16,SZ,创业板
301102,兆讯传媒,2022-03-28,SZ,创业板
301103,何氏眼科,2022-03-22,SZ,创业板
301105,鸿铭股份,2022-12-30,SZ,创业板
301106,骏成科技,2022-01-28,SZ,创业板
301107,瑜欣电子,2022-05-24,SZ,创业板
301108,洁雅股份,2021-12-03,SZ,创业板
301109,军信股份,2022-04-13,SZ,创业板
301110,青木科技,2022-03-11,SZ,创业板
301111,粤万年青,2021-12-07,SZ,创业板
301112,信邦智能,2022-06-29,SZ,创业板
301113,雅艺科技,2021-12-22,SZ,创业板
301115,联检科技,2022-08-31,SZ,创业板
301116,益客食品,2022-01-18,SZ,创业板
301117,ST佳缘,2022-01-17,SZ,创业板
301118,恒光股份,2021-11-18,SZ,创业板
301119,正强股份,2021-11-22,SZ,创业板
301120,新特电气,2022-04-19,SZ,创业板
301121,紫建电子,2022-08-08,SZ,创业板
301122,采纳股份,2022-01-26,SZ,创业板
301123,奕东电子,2022-01-25,SZ,创业板
301125,腾亚精工,2022-06-08,SZ,创业板
301126,达嘉维康,2021-12-07,SZ,创业板
301127,武汉天源,2021-12-30,SZ,创业板
301128,强瑞技术,2021-11-10,SZ,创业板
301129,瑞纳智能,2021-11-02,SZ,创业板
301130,西点药业,2022-02-23,SZ,创业板
301131,聚赛龙,2022-03-14,SZ,创业板
301132,满坤科技,2022-08-10,SZ,创业板
301133,金钟股份,2021-11-26,SZ,创业板
301135,瑞德智能,2022-04-12,SZ,创业板
301136,招标股份,2022-01-11,SZ,创业板
301137,哈焊华通,2022-03-22,SZ,创业板
301138,华研精机,2021-12-15,SZ,创业板
301139,*ST元道,2022-07-08,SZ,创业板
301141,中科磁业,2023-04-03,SZ,创业板
301148,嘉戎技术,2022-04-21,SZ,创业板
301149,隆华新材,2021-11-10,SZ,创业板
301150,中一科技,2022-04-21,SZ,创业板
301151,冠龙节能,2022-04-11,SZ,创业板
301152,天力锂能,2022-08-29,SZ,创业板
301153,中科江南,2022-05-18,SZ,创业板
301155,海力风电,2021-11-24,SZ,创业板
301156,美农生物,2022-06-17,SZ,创业板
301157,华塑科技,2023-03-09,SZ,创业板
301158,德石股份,2022-01-17,SZ,创业板
301159,三维天地,2022-01-07,SZ,创业板
301160,翔楼新材,2022-06-06,SZ,创业板
301161,唯万密封,2022-09-14,SZ,创业板
301162,国能日新,2022-04-29,SZ,创业板
301163,宏德股份,2022-04-19,SZ,创业板
301165,锐捷网络,2022-11-21,SZ,创业板
301166,优宁维,2021-12-28,SZ,创业板
301167,建研设计,2021-12-06,SZ,创业板
301168,通灵股份,2021-12-10,SZ,创业板
301169,零点有数,2021-11-03,SZ,创业板
301170,锡南科技,2023-06-27,SZ,创业板
301171,易点天下,2022-08-19,SZ,创业板
301172,君逸数码,2023-07-26,SZ,创业板
301173,毓恬冠佳,2025-03-03,SZ,创业板
301175,中科环保,2022-07-08,SZ,创业板
301176,逸豪新材,2022-09-28,SZ,创业板
301177,迪阿股份,2021-12-15,SZ,创业板
301178,天亿马,2021-11-12,SZ,创业板
301179,泽宇智能,2021-12-08,SZ,创业板
301180,万祥科技,2021-11-16,SZ,创业板
301181,标榜股份,2022-02-21,SZ,创业板
301182,凯旺科技,2021-12-23,SZ,创业板
301183,东田微,2022-05-24,SZ,创业板
301185,鸥玛软件,2021-11-19,SZ,创业板
301186,超达装备,2021-12-23,SZ,创业板
301187,欧圣电气,2022-04-22,SZ,创业板
301188,力诺药包,2021-11-11,SZ,创业板
301189,奥尼电子,2021-12-28,SZ,创业板
301190,善水科技,2021-12-24,SZ,创业板
301191,菲菱科思,2022-05-26,SZ,创业板
301192,泰祥股份,2022-08-11,SZ,创业板
301193,家联科技,2021-12-09,SZ,创业板
301195,北路智控,2022-08-01,SZ,创业板
301196,唯科科技,2022-01-11,SZ,创业板
301197,工大科雅,2022-08-08,SZ,创业板
301198,喜悦智行,2021-12-02,SZ,创业板
301199,迈赫股份,2021-12-07,SZ,创业板
301200,大族数控,2022-02-28,SZ,创业板
301201,诚达药业,2022-01-20,SZ,创业板
301202,朗威股份,2023-07-05,SZ,创业板
301203,国泰环保,2023-04-04,SZ,创业板
301205,联特科技,2022-09-13,SZ,创业板
301206,三元生物,2022-02-10,SZ,创业板
301207,华兰疫苗,2022-02-18,SZ,创业板
301208,中亦科技,2022-07-07,SZ,创业板
301209,联合化学,2022-08-25,SZ,创业板
301210,金杨精密,2023-06-30,SZ,创业板
301211,亨迪药业,2021-12-22,SZ,创业板
301212,联盛化学,2022-04-19,SZ,创业板
301213,观想科技,2021-12-06,SZ,创业板
301215,中汽股份,2022-03-08,SZ,创业板
301216,万凯新材,2022-03-29,SZ,创业板
301217,铜冠铜箔,2022-01-27,SZ,创业板
301218,华是科技,2022-03-07,SZ,创业板
301219,腾远钴业,2022-03-17,SZ,创业板
301220,亚香股份,2022-06-22,SZ,创业板
301221,光庭信息,2021-12-22,SZ,创业板
301222,浙江恒威,2022-03-09,SZ,创业板
301223,中荣股份,2022-10-26,SZ,创业板
301225,恒勃股份,2023-06-16,SZ,创业板
301226,祥明智能,2022-03-25,SZ,创业板
301227,森鹰窗业,2022-09-26,SZ,创业板
301228,实朴检测,2022-01-28,SZ,创业板
301229,纽泰格,2022-02-22,SZ,创业板
301230,泓博医药,2022-11-01,SZ,创业板
301231,荣信文化,2022-09-08,SZ,创业板
301232,飞沃科技,2023-06-15,SZ,创业板
301233,盛帮股份,2022-07-06,SZ,创业板
301234,五洲医疗,2022-07-05,SZ,创业板
301235,华康洁净,2022-01-28,SZ,创业板
301236,软通动力,2022-03-15,SZ,创业板
301237,和顺科技,2022-03-23,SZ,创业板
301238,瑞泰新材,2022-06-17,SZ,创业板
301239,普瑞眼科,2022-07-05,SZ,创业板
301246,宏源药业,2023-03-20,SZ,创业板
301248,杰创智能,2022-04-20,SZ,创业板
301251,威尔高,2023-09-06,SZ,创业板
301252,同星科技,2023-05-25,SZ,创业板
301255,通力科技,2022-12-27,SZ,创业板
301256,华融化学,2022-03-22,SZ,创业板
301257,普蕊斯,2022-05-17,SZ,创业板
301258,富士莱,2022-03-29,SZ,创业板
301259,艾布鲁,2022-04-26,SZ,创业板
301260,格力博,2023-02-08,SZ,创业板
301261,恒工精密,2023-07-10,SZ,创业板
301262,海看股份,2023-06-20,SZ,创业板
301263,泰恩康,2022-03-29,SZ,创业板
301265,华新科技,2022-12-16,SZ,创业板
301266,宇邦新材,2022-06-08,SZ,创业板
301267,华厦眼科,2022-11-07,SZ,创业板
301268,铭利达,2022-04-07,SZ,创业板
301269,华大九天,2022-07-29,SZ,创业板
301270,汉仪股份,2022-08-31,SZ,创业板
301272,英华特,2023-07-13,SZ,创业板
301273,瑞晨环保,2022-10-25,SZ,创业板
301275,汉朔科技,2025-03-11,SZ,创业板
301276,嘉曼服饰,2022-09-09,SZ,创业板
301277,新天地,2022-11-16,SZ,创业板
301278,快可电子,2022-08-04,SZ,创业板
301279,金道科技,2022-04-13,SZ,创业板
301280,珠城科技,2022-12-26,SZ,创业板
301281,科源制药,2023-04-04,SZ,创业板
301282,金禄电子,2022-08-26,SZ,创业板
301283,聚胶股份,2022-09-02,SZ,创业板
301285,鸿日达,2022-09-28,SZ,创业板
301286,侨源股份,2022-06-14,SZ,创业板
301287,康力源,2023-06-14,SZ,创业板
301288,清研环境,2022-04-22,SZ,创业板
301289,国缆检测,2022-06-22,SZ,创业板
301290,东星医疗,2022-11-30,SZ,创业板
301291,明阳电气,2023-06-30,SZ,创业板
301292,海科新源,2023-07-07,SZ,创业板
301293,三博脑科,2023-05-05,SZ,创业板
301295,美硕科技,2023-06-28,SZ,创业板
301296,新巨丰,2022-09-02,SZ,创业板
301297,富乐德,2022-12-30,SZ,创业板
301298,东利机械,2022-06-06,SZ,创业板
301299,卓创资讯,2022-10-19,SZ,创业板
301300,远翔新材,2022-08-19,SZ,创业板
301301,川宁生物,2022-12-27,SZ,创业板
301302,华如科技,2022-06-23,SZ,创业板
301303,真兰仪表,2023-02-20,SZ,创业板
301305,朗坤科技,2023-05-23,SZ,创业板
301306,西测测试,2022-07-26,SZ,创业板
301307,美利信,2023-04-24,SZ,创业板
301308,江波龙,2022-08-05,SZ,创业板
301309,万得凯,2022-09-19,SZ,创业板
301310,鑫宏业,2023-06-02,SZ,创业板
301311,昆船智能,2022-11-30,SZ,创业板
301312,智立方,2022-07-11,SZ,创业板
301313,凡拓数创,2022-09-30,SZ,创业板
301314,科瑞思,2023-03-28,SZ,创业板
301315,威士顿,2023-06-21,SZ,创业板
301316,慧博云通,2022-10-13,SZ,创业板
301317,鑫磊股份,2023-01-19,SZ,创业板
301318,维海德,2022-08-10,SZ,创业板
301319,唯特偶,2022-09-29,SZ,创业板
301320,豪江智能,2023-06-09,SZ,创业板
301321,翰博高新,2022-08-18,SZ,创业板
301322,绿通科技,2023-03-06,SZ,创业板
301323,新莱福,2023-06-06,SZ,创业板
301325,曼恩斯特,2023-05-12,SZ,创业板
301326,捷邦科技,2022-09-21,SZ,创业板
301327,华宝新能,2022-09-19,SZ,创业板
301328,维峰电子,2022-09-08,SZ,创业板
301329,信音电子,2023-07-17,SZ,创业板
301330,熵基科技,2022-08-17,SZ,创业板
301331,恩威医药,2022-09-21,SZ,创业板
301332,德尔玛,2023-05-18,SZ,创业板
301333,诺思格,2022-08-02,SZ,创业板
301335,天元宠物,2022-11-18,SZ,创业板
301336,趣睡科技,2022-08-12,SZ,创业板
301337,亚华电子,2023-05-26,SZ,创业板
301338,凯格精机,2022-08-16,SZ,创业板
301339,通行宝,2022-09-09,SZ,创业板
301345,涛涛车业,2023-03-21,SZ,创业板
301348,蓝箭电子,2023-08-10,SZ,创业板
301349,信德新材,2022-09-09,SZ,创业板
301353,普莱得,2023-05-30,SZ,创业板
301355,南王科技,2023-06-12,SZ,创业板
301356,天振股份,2022-11-14,SZ,创业板
301357,北方长龙,2023-04-18,SZ,创业板
301358,湖南裕能,2023-02-09,SZ,创业板
301359,东南电子,2022-11-09,SZ,创业板
301360,荣旗科技,2023-04-25,SZ,创业板
301361,众智科技,2022-11-16,SZ,创业板
301362,民爆光电,2023-08-04,SZ,创业板
301363,美好医疗,2022-10-12,SZ,创业板
301365,矩阵股份,2022-11-22,SZ,创业板
301366,一博科技,2022-09-26,SZ,创业板
301367,瑞迈特,2022-11-01,SZ,创业板
301368,丰立智能,2022-12-15,SZ,创业板
301369,联动科技,2022-09-22,SZ,创业板
301370,国科恒泰,2023-07-12,SZ,创业板
301371,敷尔佳,2023-08-01,SZ,创业板
301372,科净源,2023-08-11,SZ,创业板
301373,凌玮科技,2023-02-08,SZ,创业板
301376,致欧科技,2023-06-21,SZ,创业板
301377,鼎泰高科,2022-11-22,SZ,创业板
301378,通达海,2023-03-20,SZ,创业板
301379,天山电子,2022-11-01,SZ,创业板
301380,挖金客,2022-10-25,SZ,创业板
301381,赛维时代,2023-07-12,SZ,创业板
301382,蜂助手,2023-05-17,SZ,创业板
301383,天键股份,2023-06-09,SZ,创业板
301386,未来电器,2023-03-29,SZ,创业板
301387,光大同创,2023-04-18,SZ,创业板
301388,欣灵电气,2022-11-09,SZ,创业板
301389,隆扬电子,2022-10-31,SZ,创业板
301390,经纬股份,2023-05-08,SZ,创业板
301391,卡莱特,2022-12-01,SZ,创业板
301392,汇成真空,2024-06-05,SZ,创业板
301393,昊帆生物,2023-07-12,SZ,创业板
301395,仁信新材,2023-07-03,SZ,创业板
301396,宏景科技,2022-11-11,SZ,创业板
301397,溯联股份,2023-06-28,SZ,创业板
301398,星源卓镁,2022-12-15,SZ,创业板
301399,英特科技,2023-05-23,SZ,创业板
301408,华人健康,2023-03-01,SZ,创业板
301413,安培龙,2023-12-18,SZ,创业板
301418,协昌科技,2023-08-21,SZ,创业板
301419,阿莱德,2023-02-09,SZ,创业板
301421,波长光电,2023-08-23,SZ,创业板
301428,世纪恒通,2023-05-19,SZ,创业板
301429,森泰股份,2023-04-17,SZ,创业板
301439,泓淋电力,2023-03-17,SZ,创业板
301446,福事特,2023-07-25,SZ,创业板
301448,开创电气,2023-06-19,SZ,创业板
301449,天溯计量,2025-12-23,SZ,创业板
301456,盘古智能,2023-07-14,SZ,创业板
301458,钧崴电子,2025-01-10,SZ,创业板
301459,丰茂股份,2023-12-13,SZ,创业板
301468,博盈特焊,2023-07-24,SZ,创业板
301469,恒达新材,2023-08-22,SZ,创业板
301479,弘景光电,2025-03-18,SZ,创业板
301486,致尚科技,2023-07-07,SZ,创业板
301487,盟固利,2023-08-09,SZ,创业板
301488,豪恩汽电,2023-07-04,SZ,创业板
301489,思泉新材,2023-10-24,SZ,创业板
301491,汉桑科技,2025-08-06,SZ,创业板
301498,乖宝宠物,2023-08-16,SZ,创业板
301499,维科精密,2023-07-21,SZ,创业板
301500,飞南资源,2023-09-21,SZ,创业板
301501,恒鑫生活,2025-03-19,SZ,创业板
301502,华阳智能,2024-02-02,SZ,创业板
301503,智迪科技,2023-07-17,SZ,创业板
301505,苏州规划,2023-07-19,SZ,创业板
301507,民生健康,2023-09-05,SZ,创业板
301508,中机认检,2023-12-01,SZ,创业板
301509,金凯生科,2023-08-03,SZ,创业板
301510,固高科技,2023-08-15,SZ,创业板
301511,德福科技,2023-08-17,SZ,创业板
301512,智信精密,2023-07-20,SZ,创业板
301513,尚水智能,2026-04-17,SZ,创业板
301515,港通医疗,2023-07-25,SZ,创业板
301516,中远通,2023-12-08,SZ,创业板
301517,陕西华达,2023-10-17,SZ,创业板
301518,长华化学,2023-08-03,SZ,创业板
301519,舜禹股份,2023-07-27,SZ,创业板
301520,万邦医药,2023-09-25,SZ,创业板
301522,上大股份,2024-10-16,SZ,创业板
301525,儒竞科技,2023-08-30,SZ,创业板
301526,国际复材,2023-12-26,SZ,创业板
301528,多浦乐,2023-08-28,SZ,创业板
301529,福赛科技,2023-09-11,SZ,创业板
301531,春光集团,2026-05-11,SZ,创业板
301533,威马农机,2023-08-18,SZ,创业板
301535,浙江华远,2025-03-27,SZ,创业板
301536,星宸科技,2024-03-28,SZ,创业板
301538,骏鼎达,2024-03-20,SZ,创业板
301539,宏鑫科技,2024-04-15,SZ,创业板
301548,崇德科技,2023-09-20,SZ,创业板
301550,斯菱智驱,2023-09-15,SZ,创业板
301551,无线传媒,2024-09-26,SZ,创业板
301552,科力装备,2024-07-22,SZ,创业板
301555,惠柏新材,2023-10-31,SZ,创业板
301556,托普云农,2024-10-17,SZ,创业板
301557,常友科技,2025-03-04,SZ,创业板
301558,三态股份,2023-09-28,SZ,创业板
301559,中集环科,2023-10-11,SZ,创业板
301560,众捷股份,2025-04-25,SZ,创业板
301563,云汉芯城,2025-09-30,SZ,创业板
301565,中仑新材,2024-06-20,SZ,创业板
301566,达利凯普,2023-12-29,SZ,创业板
301567,贝隆精密,2024-01-16,SZ,创业板
301568,思泰克,2023-11-28,SZ,创业板
301571,国科天成,2024-08-21,SZ,创业板
301575,艾芬达,2025-09-10,SZ,创业板
301577,美信科技,2024-01-24,SZ,创业板
301578,辰奕智能,2023-12-28,SZ,创业板
301580,爱迪特,2024-06-26,SZ,创业板
301581,黄山谷捷,2025-01-03,SZ,创业板
301583,托伦斯,2026-07-10,SZ,创业板
301584,建发致新,2025-09-25,SZ,创业板
301585,蓝宇股份,2024-12-20,SZ,创业板
301586,佳力奇,2024-08-28,SZ,创业板
301587,中瑞股份,2024-04-08,SZ,创业板
301588,美新科技,2024-03-13,SZ,创业板
301589,诺瓦星云,2024-02-08,SZ,创业板
301590,优优绿能,2025-06-05,SZ,创业板
301591,肯特股份,2024-02-28,SZ,创业板
301592,六九一二,2024-10-24,SZ,创业板
301595,太力科技,2025-05-19,SZ,创业板
301596,瑞迪智驱,2024-05-13,SZ,创业板
301598,博科测试,2024-12-20,SZ,创业板
301599,理奇智能,2026-04-30,SZ,创业板
301600,慧翰股份,2024-09-11,SZ,创业板
301601,惠通科技,2025-01-15,SZ,创业板
301602,超研股份,2025-01-22,SZ,创业板
301603,乔锋智能,2024-07-10,SZ,创业板
301606,绿联科技,2024-07-26,SZ,创业板
301607,富特科技,2024-09-04,SZ,创业板
301608,博实结,2024-08-01,SZ,创业板
301609,山大电力,2025-07-23,SZ,创业板
301611,珂玛科技,2024-08-16,SZ,创业板
301613,新铝时代,2024-10-25,SZ,创业板
301616,浙江华业,2025-03-27,SZ,创业板
301617,博苑新材,2024-12-11,SZ,创业板
301618,长联科技,2024-09-30,SZ,创业板
301622,英思特,2024-12-04,SZ,创业板
301626,苏州天脉,2024-10-24,SZ,创业板
301628,强达电路,2024-10-31,SZ,创业板
301629,矽电股份,2025-03-24,SZ,创业板
301630,同宇新材,2025-07-10,SZ,创业板
301631,壹连科技,2024-11-22,SZ,创业板
301632,广东建科,2025-08-12,SZ,创业板
301633,港迪技术,2024-11-07,SZ,创业板
301636,泽润新能,2025-05-16,SZ,创业板
301638,南网数字,2025-11-18,SZ,创业板
301655,绿控传动,2026-08-20,SZ,创业板
301656,联合动力,2025-09-25,SZ,创业板
301658,首航新能,2025-04-02,SZ,创业板
301662,宏工科技,2025-04-17,SZ,创业板
301665,泰禾股份,2025-04-11,SZ,创业板
301666,大普微-UW,2026-04-16,SZ,创业板
301667,纳百川,2025-12-23,SZ,创业板
301668,昊创瑞通,2025-09-26,SZ,创业板
301669,高特电子,2026-06-09,SZ,创业板
301677,欣兴工具,2026-07-30,SZ,创业板
301678,新恒汇,2025-06-20,SZ,创业板
301680,固德电材,2026-03-06,SZ,创业板
301682,宏明电子,2026-03-25,SZ,创业板
301683,慧谷新材,2026-04-01,SZ,创业板
301686,C中塑股份,2026-09-22,SZ,创业板
301687,新广益,2025-12-31,SZ,创业板
301688,格林生物,2026-09-02,SZ,创业板
301689,电科思仪,2026-09-10,SZ,创业板
301696,三瑞智能,2026-04-10,SZ,创业板
301697,贝特利,2026-09-01,SZ,创业板
301699,洛轴股份,2026-09-09,SZ,创业板
301707,展芯股份,2026-08-07,SZ,创业板
301717,超纯应材,2026-08-11,SZ,创业板
302132,中航成飞,2010-08-27,SZ,创业板
600000,浦发银行,1999-11-10,SH,主板A
600004,白云机场,2003-04-28,SH,主板A
600006,东风股份,1999-07-27,SH,主板A
600007,中国国贸,1999-03-12,SH,主板A
600008,首创环保,2000-04-27,SH,主板A
600009,上海机场,1998-02-18,SH,主板A
600010,包钢股份,2001-03-09,SH,主板A
600011,华能国际,2001-12-06,SH,主板A
600012,皖通高速,2003-01-07,SH,主板A
600015,华夏银行,2003-09-12,SH,主板A
600016,民生银行,2000-12-19,SH,主板A
600017,日照港,2006-10-17,SH,主板A
600018,上港集团,2000-07-19,SH,主板A
600019,宝钢股份,2000-12-12,SH,主板A
600020,中原高速,2003-08-08,SH,主板A
600021,上海电力,2003-10-29,SH,主板A
600022,山东钢铁,2004-06-29,SH,主板A
600023,浙能电力,2013-12-19,SH,主板A
600025,华能水电,2017-12-15,SH,主板A
600026,中远海能,2002-05-23,SH,主板A
600027,华电国际,2005-02-03,SH,主板A
600028,中国石化,2001-08-08,SH,主板A
600029,南方航空,2003-07-25,SH,主板A
600030,中信证券,2003-01-06,SH,主板A
600031,三一重工,2003-07-03,SH,主板A
600032,浙江新能,2021-05-25,SH,主板A
600033,福建高速,2001-02-09,SH,主板A
600035,楚天高速,2004-03-10,SH,主板A
600036,招商银行,2002-04-09,SH,主板A
600037,歌华有线,2001-02-08,SH,主板A
600038,中直股份,2000-12-18,SH,主板A
600039,四川路桥,2003-03-25,SH,主板A
600048,保利发展,2006-07-31,SH,主板A
600050,中国联通,2002-10-09,SH,主板A
600051,宁波联合,1997-04-10,SH,主板A
600052,东望时代,1997-04-15,SH,主板A
600053,*ST九鼎,1997-04-18,SH,主板A
600054,黄山旅游,1997-05-06,SH,主板A
600055,万东医疗,1997-05-19,SH,主板A
600056,中国医药,1997-05-15,SH,主板A
600057,厦门象屿,1997-06-04,SH,主板A
600058,五矿发展,1997-05-28,SH,主板A
600059,古越龙山,1997-05-16,SH,主板A
600060,海信视像,1997-04-22,SH,主板A
600061,国投资本,1997-05-19,SH,主板A
600062,华润双鹤,1997-05-22,SH,主板A
600063,皖维高新,1997-05-28,SH,主板A
600064,南京高科,1997-05-06,SH,主板A
600066,宇通客车,1997-05-08,SH,主板A
600067,冠城新材,1997-05-08,SH,主板A
600071,凤凰光学,1997-05-28,SH,主板A
600072,中船科技,1997-06-03,SH,主板A
600073,光明肉业,1997-07-04,SH,主板A
600075,新疆天业,1997-06-17,SH,主板A
600076,康欣新材,1997-05-26,SH,主板A
600078,澄星股份,1997-06-27,SH,主板A
600079,ST人福,1997-06-06,SH,主板A
600080,ST金花,1997-06-12,SH,主板A
600081,东风科技,1997-07-03,SH,主板A
600082,ST海泰,1997-06-20,SH,主板A
600084,*ST尼雅,1997-07-11,SH,主板A
600085,同仁堂,1997-06-25,SH,主板A
600088,中视传媒,1997-06-16,SH,主板A
600089,特变电工,1997-06-18,SH,主板A
600094,大名城,1997-07-03,SH,主板A
600095,湘财股份,1997-07-08,SH,主板A
600096,云天化,1997-07-09,SH,主板A
600097,开创国际,1997-06-19,SH,主板A
600098,广州发展,1997-07-18,SH,主板A
600099,林海股份,1997-07-04,SH,主板A
600100,同方股份,1997-06-27,SH,主板A
600101,明星电力,1997-06-27,SH,主板A
600103,青山纸业,1997-07-03,SH,主板A
600104,上汽集团,1997-11-25,SH,主板A
600105,永鼎股份,1997-09-29,SH,主板A
600106,重庆路桥,1997-06-18,SH,主板A
600107,*ST尔雅,1997-11-06,SH,主板A
600108,亚盛集团,1997-08-18,SH,主板A
600109,国金证券,1997-08-07,SH,主板A
600110,诺德股份,1997-10-07,SH,主板A
600111,北方稀土,1997-09-24,SH,主板A
600113,浙江东日,1997-10-21,SH,主板A
600114,东睦股份,2004-05-11,SH,主板A
600115,中国东航,1997-11-05,SH,主板A
600116,三峡水利,1997-08-04,SH,主板A
600117,西宁特钢,1997-10-15,SH,主板A
600118,中国卫星,1997-09-08,SH,主板A
600119,*ST长投,1998-01-15,SH,主板A
600120,浙江东方,1997-12-01,SH,主板A
600121,郑州煤电,1998-01-07,SH,主板A
600123,兰花科创,1998-12-17,SH,主板A
600125,铁龙物流,1998-05-11,SH,主板A
600126,杭钢股份,1998-03-11,SH,主板A
600127,金健米业,1998-05-06,SH,主板A
600128,苏豪弘业,1997-09-01,SH,主板A
600129,太极集团,1997-11-18,SH,主板A
600130,波导股份,2000-07-06,SH,主板A
600131,国网信通,1998-04-02,SH,主板A
600132,重庆啤酒,1997-10-30,SH,主板A
600133,东湖高新,1998-02-12,SH,主板A
600135,乐凯胶片,1998-01-22,SH,主板A
600136,ST明诚,1998-03-03,SH,主板A
600137,浪莎股份,1998-04-16,SH,主板A
600138,中青旅,1997-12-03,SH,主板A
600141,兴发集团,1999-06-16,SH,主板A
600143,XD金发科,2004-06-23,SH,主板A
600148,长春一东,1998-05-20,SH,主板A
600149,廊坊发展,1999-10-14,SH,主板A
600150,中国船舶,1998-05-20,SH,主板A
600151,航天机电,1998-06-05,SH,主板A
600152,维科技术,1998-06-09,SH,主板A
600153,建发股份,1998-06-16,SH,主板A
600155,华创云信,1998-09-18,SH,主板A
600156,华升股份,1998-05-27,SH,主板A
600157,永泰能源,1998-05-13,SH,主板A
600158,中体产业,1998-03-27,SH,主板A
600159,大龙地产,1998-05-26,SH,主板A
600160,巨化股份,1998-06-26,SH,主板A
600161,XD天坛生,1998-06-16,SH,主板A
600162,香江控股,1998-06-09,SH,主板A
600163,中闽能源,1998-06-02,SH,主板A
600165,宁科生物,1998-05-29,SH,主板A
600166,福田汽车,1998-06-02,SH,主板A
600167,联美控股,1999-01-28,SH,主板A
600168,武汉控股,1998-04-27,SH,主板A
600169,ST太重,1998-09-04,SH,主板A
600170,上海建工,1998-06-23,SH,主板A
600171,上海贝岭,1998-09-24,SH,主板A
600172,黄河旋风,1998-11-26,SH,主板A
600173,卧龙新能,1999-04-15,SH,主板A
600176,中国巨石,1999-04-22,SH,主板A
600177,雅戈尔,1998-11-19,SH,主板A
600178,东安动力,1998-10-14,SH,主板A
600179,安通控股,1998-11-04,SH,主板A
600180,*ST瑞茂,1998-07-03,SH,主板A
600182,S佳通,1999-05-07,SH,主板A
600183,生益科技,1998-10-28,SH,主板A
600184,光电股份,2003-11-06,SH,主板A
600185,珠免集团,1999-06-11,SH,主板A
600186,莲花控股,1998-08-25,SH,主板A
600187,*ST国中,1998-11-11,SH,主板A
600188,兖矿能源,1998-07-01,SH,主板A
600189,泉阳泉,1998-10-07,SH,主板A
600191,华资实业,1998-12-10,SH,主板A
600192,长城电工,1998-12-24,SH,主板A
600195,中牧股份,1999-01-07,SH,主板A
600196,复星医药,1998-08-07,SH,主板A
600197,伊力特,1999-09-16,SH,主板A
600198,大唐电信,1998-10-21,SH,主板A
600199,金种子酒,1998-08-12,SH,主板A
600201,生物股份,1999-01-15,SH,主板A
600202,哈空调,1999-06-03,SH,主板A
600203,福日电子,1999-05-14,SH,主板A
600206,有研新材,1999-03-19,SH,主板A
600207,安彩高科,1999-07-14,SH,主板A
600208,衢州发展,1999-06-23,SH,主板A
600210,紫江企业,1999-08-24,SH,主板A
600211,西藏药业,1999-07-21,SH,主板A
600212,绿能慧充,1999-08-17,SH,主板A
600215,派斯林,1999-09-09,SH,主板A
600216,浙江医药,1999-10-21,SH,主板A
600217,中再资环,1999-12-16,SH,主板A
600218,全柴动力,1998-12-03,SH,主板A
600219,南山铝业,1999-12-23,SH,主板A
600221,海航控股,1999-11-25,SH,主板A
600222,太龙药业,1999-11-05,SH,主板A
600223,福瑞达,2000-01-13,SH,主板A
600226,亨通股份,1999-11-16,SH,主板A
600227,赤天化,2000-02-21,SH,主板A
600228,返利科技,1999-01-19,SH,主板A
600229,城市传媒,2000-03-09,SH,主板A
600230,沧州大化,2000-04-06,SH,主板A
600231,凌钢股份,2000-05-11,SH,主板A
600232,金鹰股份,2000-06-02,SH,主板A
600233,圆通速递,2000-06-08,SH,主板A
600234,科新发展,2000-06-15,SH,主板A
600235,民丰特纸,2000-06-15,SH,主板A
600236,桂冠电力,2000-03-23,SH,主板A
600237,铜峰电子,2000-06-09,SH,主板A
600238,ST椰岛,2000-01-20,SH,主板A
600239,ST云城,1999-12-02,SH,主板A
600241,时代万恒,2000-11-28,SH,主板A
600243,*ST海华,2000-11-20,SH,主板A
600246,万通发展,2000-09-22,SH,主板A
600248,陕建股份,2000-06-22,SH,主板A
600249,两面针,2004-01-30,SH,主板A
600250,南京商旅,2001-03-06,SH,主板A
600251,冠农股份,2003-06-09,SH,主板A
600252,中恒集团,2000-11-30,SH,主板A
600255,鑫科材料,2000-11-22,SH,主板A
600256,广汇能源,2000-05-26,SH,主板A
600257,大湖股份,2000-06-12,SH,主板A
600258,首旅酒店,2000-06-01,SH,主板A
600259,中稀有色,2000-05-25,SH,主板A
600261,阳光照明,2000-07-20,SH,主板A
600262,北方股份,2000-06-30,SH,主板A
600265,*ST景谷,2000-08-25,SH,主板A
600266,城建发展,1999-02-03,SH,主板A
600267,海正药业,2000-07-25,SH,主板A
600268,国电南自,1999-11-18,SH,主板A
600269,赣粤高速,2000-05-18,SH,主板A
600271,航天信息,2003-07-11,SH,主板A
600272,开开实业,2001-02-28,SH,主板A
600273,嘉化能源,2003-06-27,SH,主板A
600276,恒瑞医药,2000-10-18,SH,主板A
600278,东方创业,2000-07-12,SH,主板A
600279,重庆港,2000-07-31,SH,主板A
600280,中央商场,2000-09-26,SH,主板A
600281,华阳新材,2000-11-09,SH,主板A
600282,南钢股份,2000-09-19,SH,主板A
600283,钱江水利,2000-10-18,SH,主板A
600284,浦东建设,2004-03-16,SH,主板A
600285,羚锐制药,2000-10-18,SH,主板A
600287,苏豪时尚,2000-09-01,SH,主板A
600288,大恒科技,2000-11-29,SH,主板A
600289,ST信通,2000-07-20,SH,主板A
600292,电投水电,2000-11-01,SH,主板A
600293,三峡新材,2000-09-19,SH,主板A
600295,鄂尔多斯,2001-04-26,SH,主板A
600298,安琪酵母,2000-08-18,SH,主板A
600299,安迪苏,2000-04-20,SH,主板A
600300,维维股份,2000-06-30,SH,主板A
600301,华锡有色,2000-07-12,SH,主板A
600302,ST标准,2000-12-13,SH,主板A
600303,曙光股份,2000-12-26,SH,主板A
600305,恒顺醋业,2001-02-06,SH,主板A
600307,酒钢宏兴,2000-12-20,SH,主板A
600308,华泰股份,2000-09-28,SH,主板A
600309,万华化学,2001-01-05,SH,主板A
600310,广西能源,2001-02-28,SH,主板A
600312,平高电气,2001-02-21,SH,主板A
600313,农发种业,2001-01-19,SH,主板A
600315,上海家化,2001-03-15,SH,主板A
600316,洪都航空,2000-12-15,SH,主板A
600318,新力金融,2000-12-08,SH,主板A
600319,亚星化学,2001-03-26,SH,主板A
600320,振华重工,2000-12-21,SH,主板A
600322,津投城开,2001-09-10,SH,主板A
600323,瀚蓝环境,2000-12-25,SH,主板A
600325,华发股份,2004-02-25,SH,主板A
600326,西藏天路,2001-01-16,SH,主板A
600327,大东方,2002-06-25,SH,主板A
600328,中盐化工,2000-12-22,SH,主板A
600329,达仁堂,2001-06-06,SH,主板A
600330,天通股份,2001-01-18,SH,主板A
600331,宏达股份,2001-12-20,SH,主板A
600332,白云山,2001-02-06,SH,主板A
600333,长春燃气,2000-12-11,SH,主板A
600335,国机汽车,2001-03-05,SH,主板A
600336,澳柯玛,2000-12-29,SH,主板A
600337,ST美克,2000-11-27,SH,主板A
600338,西藏珠峰,2000-12-27,SH,主板A
600339,中油工程,2000-12-25,SH,主板A
600340,*ST华幸,2003-12-30,SH,主板A
600343,航天动力,2003-04-08,SH,主板A
600345,长江通信,2000-12-22,SH,主板A
600346,恒力石化,2001-08-20,SH,主板A
600348,华阳股份,2003-08-21,SH,主板A
600350,山东高速,2002-03-18,SH,主板A
600351,亚宝药业,2002-09-26,SH,主板A
600352,浙江龙盛,2003-08-01,SH,主板A
600353,旭光电子,2002-11-20,SH,主板A
600354,敦煌种业,2004-01-15,SH,主板A
600356,恒丰纸业,2001-04-19,SH,主板A
600358,国旅联合,2000-09-22,SH,主板A
600359,新农开发,1999-04-29,SH,主板A
600360,华微电子,2001-03-16,SH,主板A
600361,创新新材,2001-11-29,SH,主板A
600362,江西铜业,2002-01-11,SH,主板A
600363,联创光电,2001-03-29,SH,主板A
600365,ST通葡,2001-01-15,SH,主板A
600366,宁波韵升,2000-10-30,SH,主板A
600367,红星发展,2001-03-20,SH,主板A
600368,五洲交通,2000-12-21,SH,主板A
600369,西南证券,2001-01-09,SH,主板A
600370,*ST三房,2003-03-06,SH,主板A
600371,万向德农,2002-09-16,SH,主板A
600372,中航机载,2001-07-06,SH,主板A
600373,中文传媒,2002-03-04,SH,主板A
600375,汉马科技,2003-04-01,SH,主板A
600376,首开股份,2001-03-12,SH,主板A
600377,宁沪高速,2001-01-16,SH,主板A
600378,昊华科技,2001-01-11,SH,主板A
600379,宝光股份,2002-01-16,SH,主板A
600380,健康元,2001-06-08,SH,主板A
600381,*ST春天,2001-05-08,SH,主板A
600382,广东明珠,2001-01-18,SH,主板A
600383,金地集团,2001-04-12,SH,主板A
600386,北巴传媒,2001-02-16,SH,主板A
600388,紫金龙净,2000-12-29,SH,主板A
600389,江山股份,2001-01-10,SH,主板A
600390,五矿资本,2001-01-15,SH,主板A
600391,航发科技,2001-12-12,SH,主板A
600392,盛和资源,2003-05-29,SH,主板A
600395,盘江股份,2001-05-31,SH,主板A
600396,华电辽能,2001-03-28,SH,主板A
600397,江钨装备,2002-07-02,SH,主板A
600398,海澜之家,2000-12-28,SH,主板A
600399,抚顺特钢,2000-12-29,SH,主板A
600400,红豆股份,2001-01-08,SH,主板A
600403,大有能源,2003-10-09,SH,主板A
600405,动力源,2004-04-01,SH,主板A
600406,国电南瑞,2003-10-16,SH,主板A
600408,安泰集团,2003-02-12,SH,主板A
600409,三友化工,2003-06-18,SH,主板A
600410,华胜天成,2004-04-27,SH,主板A
600415,小商品城,2002-05-09,SH,主板A
600416,湘电股份,2002-07-18,SH,主板A
600418,江淮汽车,2001-08-24,SH,主板A
600419,天润乳业,2001-06-28,SH,主板A
600420,国药现代,2004-06-16,SH,主板A
600422,昆药集团,2000-12-06,SH,主板A
600423,*ST柳化,2003-07-17,SH,主板A
600425,青松建化,2003-07-24,SH,主板A
600426,华鲁恒升,2002-06-20,SH,主板A
600428,中远海特,2002-04-18,SH,主板A
600429,三元股份,2003-09-15,SH,主板A
600433,冠豪高新,2003-06-19,SH,主板A
600435,北方导航,2003-07-04,SH,主板A
600436,片仔癀,2003-06-16,SH,主板A
600438,通威股份,2004-03-02,SH,主板A
600439,ST瑞贝卡,2003-07-10,SH,主板A
600444,国机通用,2004-02-19,SH,主板A
600446,金证股份,2003-12-24,SH,主板A
600448,华纺股份,2001-09-03,SH,主板A
600449,宁夏建材,2003-08-29,SH,主板A
600452,涪陵电力,2004-03-03,SH,主板A
600455,博通股份,2004-03-29,SH,主板A
600456,宝钛股份,2002-04-12,SH,主板A
600458,时代新材,2002-12-19,SH,主板A
600459,贵研铂业,2003-05-16,SH,主板A
600460,士兰微,2003-03-11,SH,主板A
600461,洪城环境,2004-06-01,SH,主板A
600463,空港股份,2004-03-18,SH,主板A
600467,好当家,2004-04-05,SH,主板A
600468,百利电气,2001-06-15,SH,主板A
600469,风神股份,2003-10-21,SH,主板A
600470,六国化工,2004-03-05,SH,主板A
600475,华光环能,2003-07-21,SH,主板A
600476,*ST湘邮,2003-12-10,SH,主板A
600477,杭萧钢构,2003-11-10,SH,主板A
600478,科力远,2003-09-18,SH,主板A
600479,千金药业,2004-03-12,SH,主板A
600480,凌云股份,2003-08-15,SH,主板A
600481,双良节能,2003-04-22,SH,主板A
600482,中国动力,2004-07-14,SH,主板A
600483,福能股份,2004-05-31,SH,主板A
600486,扬农化工,2002-04-25,SH,主板A
600487,亨通光电,2003-08-22,SH,主板A
600488,津药药业,2001-06-18,SH,主板A
600489,中金黄金,2003-08-14,SH,主板A
600490,鹏欣资源,2003-06-26,SH,主板A
600491,ST龙元,2004-05-24,SH,主板A
600493,凤竹纺织,2004-04-21,SH,主板A
600495,晋西车轴,2004-05-26,SH,主板A
600496,精工钢构,2002-06-05,SH,主板A
600497,驰宏锌锗,2004-04-20,SH,主板A
600498,烽火通信,2001-08-23,SH,主板A
600499,科达制造,2002-10-10,SH,主板A
600500,中化国际,2000-03-01,SH,主板A
600501,航天晨光,2001-06-15,SH,主板A
600502,安徽建工,2003-04-15,SH,主板A
600503,华丽家族,2002-07-09,SH,主板A
600505,西昌电力,2002-05-30,SH,主板A
600506,统一股份,2001-12-26,SH,主板A
600507,方大特钢,2003-09-30,SH,主板A
600508,上海能源,2001-08-29,SH,主板A
600509,天富能源,2002-02-28,SH,主板A
600510,黑牡丹,2002-06-18,SH,主板A
600511,国药股份,2002-11-27,SH,主板A
600512,腾达建设,2002-12-26,SH,主板A
600513,联环药业,2003-03-19,SH,主板A
600515,海南机场,2002-08-06,SH,主板A
600516,方大炭素,2002-08-30,SH,主板A
600517,国网英大,2003-10-10,SH,主板A
600518,康美药业,2001-03-19,SH,主板A
600519,贵州茅台,2001-08-27,SH,主板A
600520,三佳科技,2002-01-08,SH,主板A
600521,华海药业,2003-03-04,SH,主板A
600522,中天科技,2002-10-24,SH,主板A
600523,贵航股份,2001-12-27,SH,主板A
600525,长园集团,2002-12-02,SH,主板A
600526,XD菲达环,2002-07-22,SH,主板A
600527,江南高纤,2003-11-27,SH,主板A
600528,中铁工业,2001-05-28,SH,主板A
600529,XD山东药,2002-06-03,SH,主板A
600530,ST交昂,2001-07-02,SH,主板A
600531,豫光金铅,2002-07-30,SH,主板A
600533,栖霞建设,2002-03-28,SH,主板A
600535,天士力,2002-08-23,SH,主板A
600536,中国软件,2002-05-17,SH,主板A
600537,*ST亿晶,2003-01-23,SH,主板A
600538,国发股份,2003-01-14,SH,主板A
600539,狮头股份,2001-08-24,SH,主板A
600540,新赛股份,2004-01-07,SH,主板A
600543,*ST莫高,2004-03-24,SH,主板A
600545,卓郎智能,2003-12-03,SH,主板A
600546,山煤国际,2003-07-31,SH,主板A
600547,山东黄金,2003-08-28,SH,主板A
600548,深高速,2001-12-25,SH,主板A
600549,厦门钨业,2002-11-07,SH,主板A
600550,保变电气,2001-02-28,SH,主板A
600551,时代出版,2002-09-05,SH,主板A
600552,凯盛科技,2002-11-08,SH,主板A
600556,天下秀,2001-08-07,SH,主板A
600557,康缘药业,2002-09-18,SH,主板A
600558,大西洋,2001-02-27,SH,主板A
600559,老白干酒,2002-10-29,SH,主板A
600560,金自天正,2002-09-19,SH,主板A
600561,江西长运,2002-07-16,SH,主板A
600562,国睿科技,2003-01-28,SH,主板A
600563,法拉电子,2002-12-10,SH,主板A
600566,济川药业,2001-08-22,SH,主板A
600567,山鹰国际,2001-12-18,SH,主板A
600568,ST中珠,2001-05-18,SH,主板A
600569,安阳钢铁,2001-08-20,SH,主板A
600570,恒生电子,2003-12-16,SH,主板A
600571,信雅达,2002-11-01,SH,主板A
600572,康恩贝,2004-04-12,SH,主板A
600573,惠泉啤酒,2003-02-26,SH,主板A
600575,淮河能源,2003-03-28,SH,主板A
600576,祥源文旅,2003-02-20,SH,主板A
600577,精达股份,2002-09-11,SH,主板A
600578,京能电力,2002-05-10,SH,主板A
600579,中化装备,2002-08-09,SH,主板A
600580,卧龙电驱,2002-06-06,SH,主板A
600581,*ST八钢,2002-08-16,SH,主板A
600582,天地科技,2002-05-15,SH,主板A
600583,海油工程,2002-02-05,SH,主板A
600584,长电科技,2003-06-03,SH,主板A
600585,海螺水泥,2002-02-07,SH,主板A
600586,金晶科技,2002-08-15,SH,主板A
600587,新华医疗,2002-09-27,SH,主板A
600588,用友网络,2001-05-18,SH,主板A
600589,大位科技,2001-06-12,SH,主板A
600590,泰豪科技,2002-07-03,SH,主板A
600592,龙溪股份,2002-08-05,SH,主板A
600593,大连圣亚,2002-07-11,SH,主板A
600594,益佰制药,2004-03-23,SH,主板A
600595,中孚实业,2002-06-26,SH,主板A
600596,新安股份,2001-09-06,SH,主板A
600597,光明乳业,2002-08-28,SH,主板A
600598,北大荒,2002-03-29,SH,主板A
600600,青岛啤酒,1993-08-27,SH,主板A
600601,方正科技,1990-12-19,SH,主板A
600602,云赛智联,1990-12-19,SH,主板A
600603,广汇物流,1992-01-13,SH,主板A
600604,市北高新,1992-03-27,SH,主板A
600605,汇通能源,1992-03-27,SH,主板A
600606,绿地控股,1992-03-27,SH,主板A
600609,金杯汽车,1992-07-24,SH,主板A
600610,中毅达,1992-08-05,SH,主板A
600611,大众交通,1992-08-07,SH,主板A
600612,老凤祥,1992-08-14,SH,主板A
600613,神奇制药,1992-08-20,SH,主板A
600615,鑫源智造,1992-09-10,SH,主板A
600616,金枫酒业,1992-09-29,SH,主板A
600617,国新能源,1992-10-13,SH,主板A
600618,氯碱化工,1992-11-13,SH,主板A
600619,海立股份,1992-11-16,SH,主板A
600620,天宸股份,1992-11-17,SH,主板A
600621,华鑫股份,1992-12-02,SH,主板A
600622,光大嘉宝,1992-12-03,SH,主板A
600623,华谊集团,1992-12-04,SH,主板A
600624,ST复华,1993-01-05,SH,主板A
600626,申达股份,1993-01-07,SH,主板A
600628,新世界,1993-01-19,SH,主板A
600629,华建集团,1993-02-09,SH,主板A
600630,龙头股份,1993-02-09,SH,主板A
600633,浙数文化,1993-03-04,SH,主板A
600635,大众公用,1993-03-04,SH,主板A
600637,XD东方明,1993-03-16,SH,主板A
600638,新黄浦,1993-03-26,SH,主板A
600639,浦东金桥,1993-03-26,SH,主板A
600640,国脉文化,1993-04-07,SH,主板A
600641,先导基电,1993-04-07,SH,主板A
600642,申能股份,1993-04-16,SH,主板A
600643,爱建集团,1993-04-26,SH,主板A
600644,乐山电力,1993-04-26,SH,主板A
600645,中源协和,1993-05-04,SH,主板A
600648,外高桥,1993-05-04,SH,主板A
600649,城投控股,1993-05-18,SH,主板A
600650,锦江在线,1993-06-07,SH,主板A
600651,飞乐音响,1990-12-19,SH,主板A
600653,申华控股,1990-12-19,SH,主板A
600654,中安科,1990-12-19,SH,主板A
600655,豫园股份,1992-09-02,SH,主板A
600657,信达地产,1993-05-24,SH,主板A
600658,电子城,1993-05-24,SH,主板A
600660,福耀玻璃,1993-06-10,SH,主板A
600661,昂立教育,1993-06-14,SH,主板A
600662,外服控股,1993-06-14,SH,主板A
600663,陆家嘴,1993-06-28,SH,主板A
600664,哈药股份,1993-06-29,SH,主板A
600665,天地源,1993-07-09,SH,主板A
600666,奥瑞德,1993-07-12,SH,主板A
600667,太极实业,1993-07-28,SH,主板A
600668,尖峰集团,1993-07-28,SH,主板A
600671,天目药业,1993-08-23,SH,主板A
600673,东阳光,1993-09-17,SH,主板A
600674,川投能源,1993-09-24,SH,主板A
600675,中华企业,1993-09-24,SH,主板A
600676,久事动娱,1993-09-28,SH,主板A
600678,ST金顶,1993-10-08,SH,主板A
600679,上海凤凰,1993-10-08,SH,主板A
600681,百川能源,1993-10-18,SH,主板A
600682,南京新百,1993-10-18,SH,主板A
600683,京投发展,1993-10-25,SH,主板A
600684,珠江股份,1993-10-28,SH,主板A
600685,中船防务,1993-10-28,SH,主板A
600686,金龙汽车,1993-11-08,SH,主板A
600688,上海石化,1993-11-08,SH,主板A
600689,上海三毛,1993-11-08,SH,主板A
600690,海尔智家,1993-11-19,SH,主板A
600691,潞化科技,1993-11-19,SH,主板A
600692,亚通股份,1993-11-19,SH,主板A
600693,东百集团,1993-11-22,SH,主板A
600694,大商股份,1993-11-22,SH,主板A
600697,欧亚集团,1993-12-06,SH,主板A
600698,湖南天雁,1993-12-06,SH,主板A
600699,均胜电子,1993-12-06,SH,主板A
600702,舍得酒业,1996-05-24,SH,主板A
600703,三安光电,1996-05-28,SH,主板A
600704,物产中大,1996-06-06,SH,主板A
600706,曲江文旅,1996-05-16,SH,主板A
600707,彩虹股份,1996-05-20,SH,主板A
600708,光明地产,1996-06-06,SH,主板A
600710,苏美达,1996-07-01,SH,主板A
600711,XD盛屯矿,1996-05-31,SH,主板A
600712,南宁百货,1996-06-26,SH,主板A
600713,南京医药,1996-07-01,SH,主板A
600714,金瑞矿业,1996-06-06,SH,主板A
600715,文投控股,1996-07-01,SH,主板A
600716,凤凰股份,1996-07-02,SH,主板A
600717,天津港,1996-06-14,SH,主板A
600718,东软集团,1996-06-18,SH,主板A
600719,大连热电,1996-07-16,SH,主板A
600720,中交设计,1996-07-16,SH,主板A
600721,百花医药,1996-06-26,SH,主板A
600722,金牛化工,1996-06-26,SH,主板A
600724,宁波富达,1996-07-16,SH,主板A
600725,云维股份,1996-07-02,SH,主板A
600726,华电能源,1996-07-01,SH,主板A
600727,鲁北化工,1996-07-02,SH,主板A
600728,佳都科技,1996-07-16,SH,主板A
600729,重百集团,1996-07-02,SH,主板A
600730,*ST高科,1996-07-26,SH,主板A
600731,湖南海利,1996-08-02,SH,主板A
600732,爱旭股份,1996-08-16,SH,主板A
600733,北汽蓝谷,1996-08-16,SH,主板A
600734,*ST实达,1996-08-08,SH,主板A
600735,ST新华锦,1996-07-26,SH,主板A
600736,苏州高新,1996-08-15,SH,主板A
600737,中粮糖业,1996-07-31,SH,主板A
600738,丽尚国潮,1996-08-02,SH,主板A
600739,辽宁成大,1996-08-19,SH,主板A
600740,山西焦化,1996-08-08,SH,主板A
600741,华域汽车,1996-08-26,SH,主板A
600742,富维股份,1996-08-26,SH,主板A
600743,华远控股,1996-09-09,SH,主板A
600744,华银电力,1996-09-05,SH,主板A
600745,*ST闻泰,1996-08-28,SH,主板A
600746,江苏索普,1996-09-18,SH,主板A
600748,上实发展,1996-09-25,SH,主板A
600749,西藏旅游,1996-10-15,SH,主板A
600750,华润江中,1996-09-23,SH,主板A
600751,海航科技,1996-09-09,SH,主板A
600753,ST海钦,1996-09-27,SH,主板A
600754,锦江酒店,1996-10-11,SH,主板A
600755,厦门国贸,1996-10-03,SH,主板A
600756,浪潮软件,1996-09-23,SH,主板A
600757,长江传媒,1996-10-03,SH,主板A
600758,辽宁能源,1996-10-29,SH,主板A
600759,ST洲际,1996-10-08,SH,主板A
600760,中航沈飞,1996-10-11,SH,主板A
600761,安徽合力,1996-10-09,SH,主板A
600763,通策医疗,1996-10-30,SH,主板A
600764,中国海防,1996-11-04,SH,主板A
600765,中航重机,1996-11-06,SH,主板A
600768,富邦新材,1996-11-11,SH,主板A
600769,祥龙电业,1996-11-01,SH,主板A
600770,综艺股份,1996-11-20,SH,主板A
600771,广誉远,1996-11-05,SH,主板A
600773,西藏城投,1996-11-08,SH,主板A
600774,汉商集团,1996-11-08,SH,主板A
600775,南京熊猫,1996-11-18,SH,主板A
600776,东方通信,1996-11-26,SH,主板A
600777,新潮能源,1996-11-21,SH,主板A
600778,友好集团,1996-12-03,SH,主板A
600779,水井坊,1996-12-06,SH,主板A
600780,通宝能源,1996-12-05,SH,主板A
600782,新钢股份,1996-12-25,SH,主板A
600783,鲁信创投,1996-12-25,SH,主板A
600784,鲁银投资,1996-12-25,SH,主板A
600785,新华百货,1997-01-08,SH,主板A
600787,中储股份,1997-01-21,SH,主板A
600789,鲁抗医药,1997-02-26,SH,主板A
600790,轻纺城,1997-02-28,SH,主板A
600791,京能置业,1997-01-30,SH,主板A
600792,云煤能源,1997-01-23,SH,主板A
600793,宜宾纸业,1997-02-20,SH,主板A
600794,保税科技,1997-03-06,SH,主板A
600795,国电电力,1997-03-18,SH,主板A
600796,钱江生化,1997-04-08,SH,主板A
600797,浙大网新,1997-04-18,SH,主板A
600798,宁波海运,1997-04-23,SH,主板A
600800,渤海化学,1993-12-06,SH,主板A
600801,华新建材,1994-01-03,SH,主板A
600802,福建水泥,1994-01-03,SH,主板A
600803,新奥股份,1994-01-03,SH,主板A
600805,悦达投资,1994-01-03,SH,主板A
600807,济高发展,1994-01-03,SH,主板A
600808,马钢股份,1994-01-06,SH,主板A
600809,山西汾酒,1994-01-06,SH,主板A
600810,神马股份,1994-01-06,SH,主板A
600812,华北制药,1994-01-14,SH,主板A
600814,杭州解百,1994-01-14,SH,主板A
600815,厦工股份,1994-01-28,SH,主板A
600816,建元信托,1994-01-28,SH,主板A
600817,宇通重工,1994-01-28,SH,主板A
600818,ST中路,1994-01-28,SH,主板A
600819,耀皮玻璃,1994-01-28,SH,主板A
600820,隧道股份,1994-01-28,SH,主板A
600821,金开新能,1994-01-28,SH,主板A
600822,上海物贸,1994-02-04,SH,主板A
600824,益民集团,1994-02-04,SH,主板A
600825,新华传媒,1994-02-04,SH,主板A
600826,兰生股份,1994-02-04,SH,主板A
600827,百联股份,1994-02-04,SH,主板A
600828,茂业商业,1994-02-24,SH,主板A
600829,人民同泰,1994-02-24,SH,主板A
600830,香溢融通,1994-02-24,SH,主板A
600831,广电网络,1994-02-24,SH,主板A
600833,第一医药,1994-02-24,SH,主板A
600834,申通地铁,1994-02-24,SH,主板A
600835,上海机电,1994-02-24,SH,主板A
600838,上海九百,1994-02-24,SH,主板A
600839,四川长虹,1994-03-11,SH,主板A
600841,动力新科,1994-03-11,SH,主板A
600843,上工申贝,1994-03-11,SH,主板A
600844,金煤科技,1994-03-11,SH,主板A
600845,宝信软件,1994-03-11,SH,主板A
600846,同济科技,1994-03-11,SH,主板A
600847,万里股份,1994-03-24,SH,主板A
600848,上海临港,1994-03-24,SH,主板A
600850,电科数字,1994-03-24,SH,主板A
600851,海欣股份,1994-04-04,SH,主板A
600853,龙建股份,1994-04-04,SH,主板A
600854,春兰股份,1994-04-25,SH,主板A
600855,航天长峰,1994-04-25,SH,主板A
600857,宁波中百,1994-04-25,SH,主板A
600858,银座股份,1994-05-06,SH,主板A
600859,王府井,1994-05-06,SH,主板A
600860,京城股份,1994-05-06,SH,主板A
600861,北京人力,1994-05-20,SH,主板A
600862,中航高科,1994-05-20,SH,主板A
600863,华能蒙电,1994-05-20,SH,主板A
600864,哈投股份,1994-08-09,SH,主板A
600865,百大集团,1994-08-09,SH,主板A
600866,星湖科技,1994-08-18,SH,主板A
600867,通化东宝,1994-08-24,SH,主板A
600868,梅雁吉祥,1994-09-12,SH,主板A
600869,远东股份,1995-02-06,SH,主板A
600871,石化油服,1995-04-11,SH,主板A
600872,中炬高新,1995-01-24,SH,主板A
600873,梅花生物,1995-02-17,SH,主板A
600874,创业环保,1995-06-30,SH,主板A
600875,东方电气,1995-10-10,SH,主板A
600876,凯盛新能,1995-10-31,SH,主板A
600877,电科芯片,1995-10-13,SH,主板A
600879,航天电子,1995-11-15,SH,主板A
600880,博瑞传播,1995-11-15,SH,主板A
600881,亚泰集团,1995-11-15,SH,主板A
600882,妙可蓝多,1995-12-06,SH,主板A
600883,博闻科技,1995-12-08,SH,主板A
600884,杉杉股份,1996-01-30,SH,主板A
600885,宏发股份,1996-02-05,SH,主板A
600886,国投电力,1996-01-18,SH,主板A
600887,伊利股份,1996-03-12,SH,主板A
600888,新疆众和,1996-02-15,SH,主板A
600889,*ST京化,1996-03-08,SH,主板A
600892,大晟文化,1996-03-15,SH,主板A
600893,航发动力,1996-04-08,SH,主板A
600894,广日股份,1996-03-28,SH,主板A
600895,张江高科,1996-04-22,SH,主板A
600897,厦门空港,1996-05-31,SH,主板A
600900,长江电力,2003-11-18,SH,主板A
600901,江苏金租,2018-03-01,SH,主板A
600903,贵州燃气,2017-11-07,SH,主板A
600905,三峡能源,2021-06-10,SH,主板A
600906,财达证券,2021-05-07,SH,主板A
600908,无锡银行,2016-09-23,SH,主板A
600909,华安证券,2016-12-06,SH,主板A
600916,中国黄金,2021-02-05,SH,主板A
600917,重庆燃气,2014-09-30,SH,主板A
600918,中泰证券,2020-06-03,SH,主板A
600919,江苏银行,2016-08-02,SH,主板A
600925,苏能股份,2023-03-29,SH,主板A
600926,杭州银行,2016-10-27,SH,主板A
600927,永安期货,2021-12-23,SH,主板A
600928,西安银行,2019-03-01,SH,主板A
600929,雪天盐业,2018-03-26,SH,主板A
600930,华电新能,2025-07-16,SH,主板A
600933,爱柯迪,2017-11-17,SH,主板A
600935,华塑股份,2021-11-26,SH,主板A
600936,北投科技,2016-08-15,SH,主板A
600938,中国海油,2022-04-21,SH,主板A
600939,重庆建工,2017-02-21,SH,主板A
600941,中国移动,2022-01-05,SH,主板A
600955,维远股份,2021-09-15,SH,主板A
600956,新天绿能,2020-06-29,SH,主板A
600958,东方证券,2015-03-23,SH,主板A
600959,江苏有线,2015-04-28,SH,主板A
600960,渤海汽车,2004-04-07,SH,主板A
600961,株冶集团,2004-08-30,SH,主板A
600962,国投中鲁,2004-06-22,SH,主板A
600963,岳阳林纸,2004-05-25,SH,主板A
600965,*ST福成,2004-07-13,SH,主板A
600966,博汇纸业,2004-06-08,SH,主板A
600967,内蒙一机,2004-05-18,SH,主板A
600968,海油发展,2019-06-26,SH,主板A
600969,郴电国际,2004-04-08,SH,主板A
600970,中材国际,2005-04-12,SH,主板A
600971,恒源煤电,2004-08-17,SH,主板A
600973,宝胜股份,2004-08-02,SH,主板A
600975,新五丰,2004-06-09,SH,主板A
600976,健民集团,2004-04-19,SH,主板A
600977,中国电影,2016-08-09,SH,主板A
600979,广安爱众,2004-09-06,SH,主板A
600980,北矿科技,2004-05-12,SH,主板A
600981,苏豪汇鸿,2004-06-30,SH,主板A
600982,宁波能源,2004-07-06,SH,主板A
600983,惠而浦,2004-07-27,SH,主板A
600984,建设机械,2004-07-07,SH,主板A
600985,淮北矿业,2004-04-28,SH,主板A
600986,浙文互联,2004-04-26,SH,主板A
600987,航民股份,2004-08-09,SH,主板A
600988,赤峰黄金,2004-04-14,SH,主板A
600989,宝丰能源,2019-05-16,SH,主板A
600990,四创电子,2004-05-10,SH,主板A
600992,贵绳股份,2004-05-14,SH,主板A
600993,马应龙,2004-05-17,SH,主板A
600995,XD南网储,2004-06-15,SH,主板A
600996,贵广网络,2016-12-26,SH,主板A
600997,开滦股份,2004-06-02,SH,主板A
600998,九州通,2010-11-02,SH,主板A
600999,招商证券,2009-11-17,SH,主板A
601000,唐山港,2010-07-05,SH,主板A
601001,晋控煤业,2006-06-23,SH,主板A
601002,晋亿实业,2007-01-26,SH,主板A
601003,柳钢股份,2007-02-27,SH,主板A
601005,重庆钢铁,2007-02-28,SH,主板A
601006,大秦铁路,2006-08-01,SH,主板A
601007,金陵饭店,2007-04-06,SH,主板A
601008,连云港,2007-04-26,SH,主板A
601009,南京银行,2007-07-19,SH,主板A
601010,ST文峰,2011-06-03,SH,主板A
601011,宝泰隆,2011-03-09,SH,主板A
601012,隆基绿能,2012-04-11,SH,主板A
601015,陕西黑猫,2014-11-05,SH,主板A
601016,节能风电,2014-09-29,SH,主板A
601018,宁波港,2010-09-28,SH,主板A
601019,山东出版,2017-11-22,SH,主板A
601020,华钰矿业,2016-03-16,SH,主板A
601021,春秋航空,2015-01-21,SH,主板A
601022,XD宁波远,2022-12-08,SH,主板A
601026,道生天合,2025-10-17,SH,主板A
601033,永兴股份,2024-01-18,SH,主板A
601038,一拖股份,2012-08-08,SH,主板A
601058,赛轮轮胎,2011-06-30,SH,主板A
601059,信达证券,2023-02-01,SH,主板A
601061,中信金属,2023-04-10,SH,主板A
601065,江盐集团,2023-04-10,SH,主板A
601066,中信建投,2018-06-20,SH,主板A
601068,中铝国际,2018-08-31,SH,主板A
601069,西部黄金,2015-01-22,SH,主板A
601077,渝农商行,2019-10-29,SH,主板A
601083,锦江航运,2023-12-05,SH,主板A
601086,国芳集团,2017-09-29,SH,主板A
601088,中国神华,2007-10-09,SH,主板A
601089,福元医药,2022-06-30,SH,主板A
601091,C沈鼓,2026-09-17,SH,主板A
601096,宏盛华源,2023-12-22,SH,主板A
601098,中南传媒,2010-10-28,SH,主板A
601099,太平洋,2007-12-28,SH,主板A
601100,恒立液压,2011-10-28,SH,主板A
601101,昊华能源,2010-03-31,SH,主板A
601106,中国一重,2010-02-09,SH,主板A
601107,四川成渝,2009-07-27,SH,主板A
601108,财通证券,2017-10-24,SH,主板A
601111,中国国航,2006-08-18,SH,主板A
601112,振石股份,2026-01-29,SH,主板A
601113,华鼎股份,2011-05-09,SH,主板A
601116,三江购物,2011-03-02,SH,主板A
601117,中国化学,2010-01-07,SH,主板A
601118,海南橡胶,2011-01-07,SH,主板A
601121,宝地矿业,2023-03-10,SH,主板A
601123,马矿股份,2026-09-01,SH,主板A
601126,四方股份,2010-12-31,SH,主板A
601127,赛力斯,2016-06-15,SH,主板A
601128,常熟银行,2016-09-30,SH,主板A
601133,柏诚股份,2023-04-10,SH,主板A
601136,首创证券,2022-12-22,SH,主板A
601137,博威合金,2011-01-27,SH,主板A
601138,工业富联,2018-06-08,SH,主板A
601139,深圳燃气,2009-12-25,SH,主板A
601155,新城控股,2015-12-04,SH,主板A
601156,东航物流,2021-06-09,SH,主板A
601158,重庆水务,2010-03-29,SH,主板A
601162,天风证券,2018-10-19,SH,主板A
601163,三角轮胎,2016-09-09,SH,主板A
601166,兴业银行,2007-02-05,SH,主板A
601168,西部矿业,2007-07-12,SH,主板A
601169,北京银行,2007-09-19,SH,主板A
601177,杭齿前进,2010-10-11,SH,主板A
601179,XD中国西,2010-01-28,SH,主板A
601186,中国铁建,2008-03-10,SH,主板A
601187,厦门银行,2020-10-27,SH,主板A
601188,龙江交通,2010-03-19,SH,主板A
601198,东兴证券,2015-02-26,SH,主板A
601199,江南水务,2011-03-17,SH,主板A
601200,上海环境,2017-03-31,SH,主板A
601208,东材科技,2011-05-20,SH,主板A
601211,国泰海通,2015-06-26,SH,主板A
601212,白银有色,2017-02-15,SH,主板A
601216,君正集团,2011-02-22,SH,主板A
601218,吉鑫科技,2011-05-06,SH,主板A
601222,林洋能源,2011-08-08,SH,主板A
601225,陕西煤业,2014-01-28,SH,主板A
601226,华电科工,2014-12-11,SH,主板A
601228,广州港,2017-03-29,SH,主板A
601229,上海银行,2016-11-16,SH,主板A
601231,环旭电子,2012-02-20,SH,主板A
601233,桐昆股份,2011-05-18,SH,主板A
601236,红塔证券,2019-07-05,SH,主板A
601238,广汽集团,2012-03-29,SH,主板A
601279,英利汽车,2021-04-15,SH,主板A
601288,农业银行,2010-07-15,SH,主板A
601298,青岛港,2019-01-21,SH,主板A
601311,骆驼股份,2011-06-02,SH,主板A
601318,中国平安,2007-03-01,SH,主板A
601319,中国人保,2018-11-16,SH,主板A
601326,秦港股份,2017-08-16,SH,主板A
601328,交通银行,2007-05-15,SH,主板A
601330,绿色动力,2018-06-11,SH,主板A
601333,广深铁路,2006-12-22,SH,主板A
601336,新华保险,2011-12-16,SH,主板A
601339,百隆东方,2012-06-12,SH,主板A
601360,三六零,2012-01-16,SH,主板A
601366,利群股份,2017-04-12,SH,主板A
601368,绿城水务,2015-06-12,SH,主板A
601369,陕鼓动力,2010-04-28,SH,主板A
601375,中原证券,2017-01-03,SH,主板A
601377,兴业证券,2010-10-13,SH,主板A
601388,怡球资源,2012-04-23,SH,主板A
601390,中国中铁,2007-12-03,SH,主板A
601398,工商银行,2006-10-27,SH,主板A
601399,国机重装,2020-06-08,SH,主板A
601456,国联民生,2020-07-31,SH,主板A
601500,通用股份,2016-09-19,SH,主板A
601512,中新集团,2019-12-20,SH,主板A
601515,衢州东峰,2012-02-16,SH,主板A
601518,吉林高速,2010-03-19,SH,主板A
601519,大智慧,2011-01-28,SH,主板A
601528,瑞丰银行,2021-06-25,SH,主板A
601555,东吴证券,2011-12-12,SH,主板A
601566,九牧王,2011-05-30,SH,主板A
601567,三星电气,2011-06-15,SH,主板A
601568,北元化工,2020-10-20,SH,主板A
601577,长沙银行,2018-09-26,SH,主板A
601579,会稽山,2014-08-25,SH,主板A
601588,北辰实业,2006-10-16,SH,主板A
601595,上海电影,2016-08-17,SH,主板A
601598,中国外运,2019-01-18,SH,主板A
601599,浙文影业,2011-05-27,SH,主板A
601600,中国铝业,2007-04-30,SH,主板A
601601,中国太保,2007-12-25,SH,主板A
601606,长城军工,2018-08-06,SH,主板A
601607,上海医药,1994-03-24,SH,主板A
601608,中信重工,2012-07-06,SH,主板A
601609,金田股份,2020-04-22,SH,主板A
601611,中国核建,2016-06-06,SH,主板A
601615,明阳智能,2019-01-23,SH,主板A
601616,广电电气,2011-02-01,SH,主板A
601618,中国中冶,2009-09-21,SH,主板A
601619,嘉泽新能,2017-07-20,SH,主板A
601628,中国人寿,2007-01-09,SH,主板A
601633,长城汽车,2011-09-28,SH,主板A
601636,旗滨集团,2011-08-12,SH,主板A
601658,邮储银行,2019-12-10,SH,主板A
601665,齐鲁银行,2021-06-18,SH,主板A
601666,平煤股份,2006-11-23,SH,主板A
601668,中国建筑,2009-07-29,SH,主板A
601669,中国电建,2011-10-18,SH,主板A
601677,明泰铝业,2011-09-19,SH,主板A
601678,XD滨化股,2010-02-23,SH,主板A
601686,友发集团,2020-12-04,SH,主板A
601688,华泰证券,2010-02-26,SH,主板A
601689,拓普集团,2015-03-19,SH,主板A
601696,中银证券,2020-02-26,SH,主板A
601698,中国卫通,2019-06-28,SH,主板A
601699,潞安环能,2006-09-22,SH,主板A
601700,风范股份,2011-01-18,SH,主板A
601702,华峰铝业,2020-09-07,SH,主板A
601717,中创智领,2010-08-03,SH,主板A
601718,ST际华,2010-08-16,SH,主板A
601727,上海电气,2008-12-05,SH,主板A
601728,中国电信,2021-08-20,SH,主板A
601766,中国中车,2008-08-18,SH,主板A
601777,千里科技,2010-11-25,SH,主板A
601778,晶科科技,2020-05-19,SH,主板A
601788,光大证券,2009-08-18,SH,主板A
601789,宁波建工,2011-08-16,SH,主板A
601798,蓝科高新,2011-06-22,SH,主板A
601799,星宇股份,2011-02-01,SH,主板A
601800,中国交建,2012-03-09,SH,主板A
601801,皖新传媒,2010-01-18,SH,主板A
601808,中海油服,2007-09-28,SH,主板A
601811,新华文轩,2016-08-08,SH,主板A
601816,京沪高铁,2020-01-16,SH,主板A
601818,光大银行,2010-08-18,SH,主板A
601825,沪农商行,2021-08-19,SH,主板A
601827,三峰环境,2020-06-05,SH,主板A
601828,美凯龙,2018-01-17,SH,主板A
601838,成都银行,2018-01-31,SH,主板A
601857,中国石油,2007-11-05,SH,主板A
601858,中国科传,2017-01-18,SH,主板A
601860,紫金银行,2019-01-03,SH,主板A
601865,福莱特,2019-02-15,SH,主板A
601866,中远海发,2007-12-12,SH,主板A
601868,中国能建,2021-09-28,SH,主板A
601869,长飞光纤,2018-07-20,SH,主板A
601872,招商轮船,2006-12-01,SH,主板A
601877,正泰电器,2010-01-21,SH,主板A
601878,浙商证券,2017-06-26,SH,主板A
601880,辽港股份,2010-12-06,SH,主板A
601881,中国银河,2017-01-23,SH,主板A
601882,海天精工,2016-11-07,SH,主板A
601886,江河集团,2011-08-18,SH,主板A
601888,中国中免,2009-10-15,SH,主板A
601890,XD亚星锚,2010-12-28,SH,主板A
601898,中煤能源,2008-02-01,SH,主板A
601899,紫金矿业,2008-04-25,SH,主板A
601900,南方传媒,2016-02-15,SH,主板A
601901,方正证券,2011-08-10,SH,主板A
601908,京运通,2011-09-08,SH,主板A
601916,浙商银行,2019-11-26,SH,主板A
601918,新集能源,2007-12-19,SH,主板A
601919,中远海控,2007-06-26,SH,主板A
601921,浙版传媒,2021-07-23,SH,主板A
601928,凤凰传媒,2011-11-30,SH,主板A
601929,吉视传媒,2012-02-23,SH,主板A
601933,永辉超市,2010-12-15,SH,主板A
601939,建设银行,2007-09-25,SH,主板A
601949,中国出版,2017-08-21,SH,主板A
601952,苏垦农发,2017-05-15,SH,主板A
601956,东贝集团,2020-12-25,SH,主板A
601958,金钼股份,2008-04-17,SH,主板A
601963,重庆银行,2021-02-05,SH,主板A
601965,中国汽研,2012-06-11,SH,主板A
601966,玲珑轮胎,2016-07-06,SH,主板A
601968,XD宝钢包,2015-06-11,SH,主板A
601969,海南矿业,2014-12-09,SH,主板A
601975,招商南油,2019-01-08,SH,主板A
601985,中国核电,2015-06-10,SH,主板A
601988,中国银行,2006-07-05,SH,主板A
601990,南京证券,2018-06-13,SH,主板A
601991,大唐发电,2006-12-20,SH,主板A
601992,金隅集团,2011-03-01,SH,主板A
601995,中金公司,2020-11-02,SH,主板A
601996,丰林集团,2011-09-29,SH,主板A
601997,贵阳银行,2016-08-16,SH,主板A
601998,中信银行,2007-04-27,SH,主板A
601999,出版传媒,2007-12-21,SH,主板A
603000,人民网,2012-04-27,SH,主板A
603001,奥康国际,2012-04-26,SH,主板A
603002,宏昌电子,2012-05-18,SH,主板A
603004,鼎龙科技,2023-12-27,SH,主板A
603005,晶方科技,2014-02-10,SH,主板A
603006,联明股份,2014-06-30,SH,主板A
603007,顺景科技,2016-08-26,SH,主板A
603008,ST喜临门,2012-07-17,SH,主板A
603009,北特科技,2014-07-18,SH,主板A
603010,万盛股份,2014-10-10,SH,主板A
603011,合锻智能,2014-11-07,SH,主板A
603012,创力集团,2015-03-20,SH,主板A
603013,亚普股份,2018-05-09,SH,主板A
603014,威高血净,2025-05-19,SH,主板A
603015,弘讯科技,2015-03-03,SH,主板A
603016,新宏泰,2016-07-01,SH,主板A
603017,中衡设计,2014-12-31,SH,主板A
603018,华设集团,2014-10-13,SH,主板A
603019,中科曙光,2014-11-06,SH,主板A
603020,爱普股份,2015-03-25,SH,主板A
603021,*ST华鹏,2015-04-23,SH,主板A
603022,新通联,2015-05-18,SH,主板A
603023,威帝股份,2015-05-27,SH,主板A
603025,大豪科技,2015-04-22,SH,主板A
603026,石大胜华,2015-05-29,SH,主板A
603027,千禾味业,2016-03-07,SH,主板A
603028,赛福天,2016-03-31,SH,主板A
603029,天鹅股份,2016-04-27,SH,主板A
603030,全筑股份,2015-03-20,SH,主板A
603031,安孚科技,2016-08-22,SH,主板A
603032,德新科技,2017-01-05,SH,主板A
603033,三维股份,2016-12-07,SH,主板A
603035,常熟汽饰,2017-01-05,SH,主板A
603036,如通股份,2016-12-09,SH,主板A
603037,凯众股份,2017-01-20,SH,主板A
603038,华立股份,2017-01-16,SH,主板A
603039,泛微网络,2017-01-13,SH,主板A
603040,新坐标,2017-02-09,SH,主板A
603041,美思德,2017-03-30,SH,主板A
603042,华脉科技,2017-06-02,SH,主板A
603043,广州酒家,2017-06-27,SH,主板A
603045,福达合金,2018-05-17,SH,主板A
603048,浙江黎明,2021-11-16,SH,主板A
603049,中策橡胶,2025-06-05,SH,主板A
603050,科林电气,2017-04-14,SH,主板A
603051,鹿山新材,2022-03-25,SH,主板A
603052,可川科技,2022-10-11,SH,主板A
603053,成都燃气,2019-12-17,SH,主板A
603055,台华新材,2017-09-21,SH,主板A
603057,紫燕食品,2022-09-26,SH,主板A
603058,永吉股份,2016-12-23,SH,主板A
603059,倍加洁,2018-03-02,SH,主板A
603060,国检集团,2016-11-09,SH,主板A
603061,金海通,2023-03-03,SH,主板A
603062,麦加芯彩,2023-11-07,SH,主板A
603063,禾望电气,2017-07-28,SH,主板A
603065,宿迁联盛,2023-03-21,SH,主板A
603066,音飞储存,2015-06-11,SH,主板A
603067,振华股份,2016-09-13,SH,主板A
603068,博通集成,2019-04-15,SH,主板A
603069,海汽集团,2016-07-12,SH,主板A
603070,万控智造,2022-03-10,SH,主板A
603071,物产环能,2021-12-16,SH,主板A
603072,天和磁材,2025-01-03,SH,主板A
603073,彩蝶实业,2023-03-16,SH,主板A
603075,热威股份,2023-09-11,SH,主板A
603076,乐惠国际,2017-11-13,SH,主板A
603077,和邦生物,2012-07-31,SH,主板A
603078,江化微,2017-04-10,SH,主板A
603079,圣达生物,2017-08-23,SH,主板A
603080,新疆火炬,2018-01-03,SH,主板A
603081,大丰实业,2017-04-20,SH,主板A
603082,北自科技,2024-01-30,SH,主板A
603083,剑桥科技,2017-11-10,SH,主板A
603085,天成自控,2015-06-30,SH,主板A
603086,先达股份,2017-05-11,SH,主板A
603087,甘李药业,2020-06-29,SH,主板A
603088,宁波精达,2014-11-11,SH,主板A
603089,正裕工业,2017-01-26,SH,主板A
603090,宏盛股份,2016-08-31,SH,主板A
603091,众鑫股份,2024-09-20,SH,主板A
603092,德力佳,2025-11-07,SH,主板A
603093,南华期货,2019-08-30,SH,主板A
603095,越剑智能,2020-04-15,SH,主板A
603096,新经典,2017-04-25,SH,主板A
603097,江苏华辰,2022-05-12,SH,主板A
603098,森特股份,2016-12-16,SH,主板A
603099,长白山,2014-08-22,SH,主板A
603100,川仪股份,2014-08-05,SH,主板A
603101,汇嘉时代,2016-05-06,SH,主板A
603102,百合股份,2022-01-25,SH,主板A
603103,横店影视,2017-10-12,SH,主板A
603105,芯能科技,2018-07-09,SH,主板A
603106,恒银科技,2017-09-20,SH,主板A
603107,上海汽配,2023-11-01,SH,主板A
603108,润达医疗,2015-05-27,SH,主板A
603109,神驰机电,2019-12-31,SH,主板A
603110,东方材料,2017-10-13,SH,主板A
603111,康尼机电,2014-08-01,SH,主板A
603112,华翔股份,2020-09-17,SH,主板A
603113,金能科技,2017-05-11,SH,主板A
603115,海星股份,2019-08-09,SH,主板A
603116,红蜻蜓,2015-06-29,SH,主板A
603117,万林物流,2015-06-29,SH,主板A
603118,共进股份,2015-02-25,SH,主板A
603119,浙江荣泰,2023-08-01,SH,主板A
603120,肯特催化,2025-04-16,SH,主板A
603121,华培动力,2019-01-11,SH,主板A
603122,合富中国,2022-02-16,SH,主板A
603123,翠微股份,2012-05-03,SH,主板A
603124,江南新材,2025-03-20,SH,主板A
603125,常青科技,2023-04-10,SH,主板A
603126,中材节能,2014-07-31,SH,主板A
603127,昭衍新药,2017-08-25,SH,主板A
603128,华贸物流,2012-05-29,SH,主板A
603129,春风动力,2017-08-18,SH,主板A
603130,云中马,2022-11-18,SH,主板A
603131,上海沪工,2016-06-07,SH,主板A
603132,金徽股份,2022-02-22,SH,主板A
603135,中重科技,2023-04-10,SH,主板A
603136,天目湖,2017-09-27,SH,主板A
603137,恒尚节能,2023-04-19,SH,主板A
603138,海量数据,2017-03-06,SH,主板A
603139,康惠股份,2017-04-21,SH,主板A
603150,万朗磁塑,2022-01-24,SH,主板A
603151,邦基科技,2022-10-19,SH,主板A
603153,上海建科,2023-03-13,SH,主板A
603155,新亚强,2020-09-01,SH,主板A
603156,XD养元饮,2018-02-12,SH,主板A
603158,腾龙股份,2015-03-20,SH,主板A
603159,上海亚虹,2016-08-12,SH,主板A
603160,汇顶科技,2016-10-17,SH,主板A
603161,科华控股,2018-01-05,SH,主板A
603162,海通发展,2023-03-29,SH,主板A
603163,圣晖集成,2022-10-13,SH,主板A
603165,荣晟环保,2017-01-17,SH,主板A
603166,福达股份,2014-11-27,SH,主板A
603167,渤海轮渡,2012-09-06,SH,主板A
603168,莎普爱思,2014-07-02,SH,主板A
603169,兰石重装,2014-10-09,SH,主板A
603170,宝立食品,2022-07-15,SH,主板A
603171,税友股份,2021-06-30,SH,主板A
603172,万丰股份,2023-05-10,SH,主板A
603173,福斯达,2023-01-30,SH,主板A
603175,超颖电子,2025-10-24,SH,主板A
603176,汇通集团,2021-12-31,SH,主板A
603177,德创环保,2017-02-07,SH,主板A
603178,圣龙股份,2017-03-28,SH,主板A
603179,新泉股份,2017-03-17,SH,主板A
603180,金牌家居,2017-05-12,SH,主板A
603181,皇马科技,2017-08-24,SH,主板A
603182,嘉华股份,2022-09-09,SH,主板A
603183,建研院,2017-09-05,SH,主板A
603185,弘元绿能,2018-12-28,SH,主板A
603186,华正新材,2017-01-03,SH,主板A
603187,海容冷链,2018-11-29,SH,主板A
603188,亚邦股份,2014-09-09,SH,主板A
603189,*ST网达,2016-09-14,SH,主板A
603190,亚通精工,2023-02-17,SH,主板A
603191,望变电气,2022-04-28,SH,主板A
603192,汇得科技,2018-08-28,SH,主板A
603193,润本股份,2023-10-17,SH,主板A
603194,中力股份,2024-12-24,SH,主板A
603195,公牛集团,2020-02-06,SH,主板A
603196,璞源材料,2017-05-31,SH,主板A
603197,XD保隆科,2017-05-19,SH,主板A
603198,迎驾贡酒,2015-05-28,SH,主板A
603199,九华旅游,2015-03-26,SH,主板A
603200,上海洗霸,2017-06-01,SH,主板A
603201,常润股份,2022-07-29,SH,主板A
603202,天有为,2025-04-24,SH,主板A
603203,快克智能,2016-11-08,SH,主板A
603205,健尔康,2024-11-07,SH,主板A
603206,嘉环科技,2022-05-06,SH,主板A
603207,小方制药,2024-08-26,SH,主板A
603208,江山欧派,2017-02-10,SH,主板A
603209,兴通股份,2022-03-24,SH,主板A
603210,泰鸿万立,2025-04-09,SH,主板A
603211,晋拓股份,2022-07-25,SH,主板A
603212,赛伍技术,2020-04-30,SH,主板A
603213,镇洋发展,2021-11-11,SH,主板A
603214,爱婴室,2018-03-30,SH,主板A
603215,比依股份,2022-02-18,SH,主板A
603216,梦天家居,2021-12-15,SH,主板A
603217,元利科技,2019-06-20,SH,主板A
603218,日月股份,2016-12-28,SH,主板A
603219,富佳股份,2021-11-22,SH,主板A
603220,中贝通信,2018-11-15,SH,主板A
603221,爱丽家居,2020-03-23,SH,主板A
603222,济民健康,2015-02-17,SH,主板A
603223,恒通股份,2015-06-30,SH,主板A
603225,新凤鸣,2017-04-18,SH,主板A
603226,菲林格尔,2017-06-15,SH,主板A
603227,雪峰科技,2015-05-15,SH,主板A
603228,景旺电子,2017-01-06,SH,主板A
603229,奥翔药业,2017-05-09,SH,主板A
603230,内蒙新华,2021-12-24,SH,主板A
603231,索宝蛋白,2023-12-15,SH,主板A
603232,格尔软件,2017-04-21,SH,主板A
603233,大参林,2017-07-31,SH,主板A
603235,天新药业,2022-07-12,SH,主板A
603236,移远通信,2019-07-16,SH,主板A
603237,五芳斋,2022-08-31,SH,主板A
603238,诺邦股份,2017-02-22,SH,主板A
603239,浙江仙通,2016-12-30,SH,主板A
603248,锡华科技,2025-12-23,SH,主板A
603255,鼎际得,2022-08-18,SH,主板A
603256,宏和科技,2019-07-19,SH,主板A
603257,中国瑞林,2025-04-08,SH,主板A
603258,电魂网络,2016-10-26,SH,主板A
603259,药明康德,2018-05-08,SH,主板A
603260,合盛硅业,2017-10-30,SH,主板A
603261,立航科技,2022-03-15,SH,主板A
603262,技源集团,2025-07-23,SH,主板A
603266,天龙股份,2017-01-10,SH,主板A
603267,鸿远电子,2019-05-15,SH,主板A
603268,松发股份,2015-03-19,SH,主板A
603269,海鸥股份,2017-05-17,SH,主板A
603270,金帝股份,2023-09-01,SH,主板A
603271,永杰新材,2025-03-11,SH,主板A
603272,*ST联翔,2022-05-20,SH,主板A
603273,天元智能,2023-10-23,SH,主板A
603275,众辰科技,2023-08-23,SH,主板A
603276,恒兴新材,2023-09-25,SH,主板A
603277,银都股份,2017-09-11,SH,主板A
603278,大业股份,2017-11-13,SH,主板A
603279,景津装备,2019-07-29,SH,主板A
603280,南方路机,2022-11-08,SH,主板A
603281,江瀚新材,2023-01-31,SH,主板A
603282,亚光股份,2023-03-15,SH,主板A
603283,赛腾股份,2017-12-25,SH,主板A
603284,林平发展,2026-02-10,SH,主板A
603285,键邦股份,2024-07-05,SH,主板A
603286,日盈电子,2017-06-27,SH,主板A
603288,海天味业,2014-02-11,SH,主板A
603289,泰瑞机器,2017-10-31,SH,主板A
603290,斯达半导,2020-02-04,SH,主板A
603291,联合水务,2023-03-27,SH,主板A
603293,埃泰克,2026-04-16,SH,主板A
603296,华勤技术,2023-08-08,SH,主板A
603297,永新光学,2018-09-10,SH,主板A
603298,杭叉集团,2016-12-27,SH,主板A
603299,苏盐井神,2015-12-31,SH,主板A
603300,海南华铁,2015-05-29,SH,主板A
603301,振德医疗,2018-04-12,SH,主板A
603303,得邦照明,2017-03-30,SH,主板A
603305,旭升集团,2017-07-10,SH,主板A
603306,华懋科技,2014-09-26,SH,主板A
603307,扬州金泉,2023-02-16,SH,主板A
603308,应流股份,2014-01-22,SH,主板A
603309,维力医疗,2015-03-02,SH,主板A
603310,巍华新材,2024-08-14,SH,主板A
603311,金海高科,2015-05-18,SH,主板A
603312,西典新能,2024-01-11,SH,主板A
603313,梦百合,2016-10-13,SH,主板A
603315,福鞍股份,2015-04-24,SH,主板A
603316,诚邦股份,2017-06-19,SH,主板A
603317,天味食品,2019-04-16,SH,主板A
603318,水发燃气,2015-04-24,SH,主板A
603319,美湖股份,2016-11-30,SH,主板A
603320,迪贝电气,2017-05-02,SH,主板A
603321,梅轮电梯,2017-09-15,SH,主板A
603322,超讯科技,2016-07-28,SH,主板A
603323,苏农银行,2016-11-29,SH,主板A
603324,盛剑科技,2021-04-07,SH,主板A
603325,博隆技术,2024-01-10,SH,主板A
603326,我乐家居,2017-06-16,SH,主板A
603327,福蓉科技,2019-05-23,SH,主板A
603328,依顿电子,2014-07-01,SH,主板A
603329,上海雅仕,2017-12-29,SH,主板A
603330,天洋新材,2017-02-13,SH,主板A
603331,百达精工,2017-07-05,SH,主板A
603332,苏州龙杰,2019-01-17,SH,主板A
603333,福华尚纬,2012-05-07,SH,主板A
603334,丰倍生物,2025-11-05,SH,主板A
603335,迪生力,2017-06-20,SH,主板A
603336,宏辉果蔬,2016-11-24,SH,主板A
603337,杰克科技,2017-01-19,SH,主板A
603338,浙江鼎力,2015-03-25,SH,主板A
603339,四方科技,2016-05-19,SH,主板A
603341,龙旗科技,2024-03-01,SH,主板A
603344,星德胜,2024-03-20,SH,主板A
603345,安井食品,2017-02-22,SH,主板A
603348,文灿股份,2018-04-26,SH,主板A
603350,安乃达,2024-07-03,SH,主板A
603351,威尔药业,2019-01-30,SH,主板A
603352,至信股份,2026-01-15,SH,主板A
603353,和顺石油,2020-04-07,SH,主板A
603355,莱克电气,2015-05-13,SH,主板A
603356,华菱精工,2018-01-24,SH,主板A
603357,设计总院,2017-08-01,SH,主板A
603358,华达科技,2017-01-25,SH,主板A
603359,*ST东珠,2017-09-01,SH,主板A
603360,百傲化学,2017-02-06,SH,主板A
603363,傲农生物,2017-09-26,SH,主板A
603365,水星家纺,2017-11-20,SH,主板A
603366,日出东方,2012-05-21,SH,主板A
603367,辰欣药业,2017-09-29,SH,主板A
603368,柳药集团,2014-12-04,SH,主板A
603369,今世缘,2014-07-03,SH,主板A
603370,华新精科,2025-09-05,SH,主板A
603373,安邦护卫,2023-12-20,SH,主板A
603375,盛景微,2024-01-24,SH,主板A
603376,大明电子,2025-11-06,SH,主板A
603377,ST东时,2016-02-05,SH,主板A
603378,*ST亚士,2017-09-28,SH,主板A
603379,三美股份,2019-04-02,SH,主板A
603380,易德龙,2017-06-22,SH,主板A
603381,永臻股份,2024-06-26,SH,主板A
603382,海阳科技,2025-06-12,SH,主板A
603383,顶点软件,2017-05-22,SH,主板A
603385,惠达卫浴,2017-04-05,SH,主板A
603386,骏亚科技,2017-09-12,SH,主板A
603387,基蛋生物,2017-07-17,SH,主板A
603389,亚振家居,2016-12-15,SH,主板A
603390,通达电气,2019-11-25,SH,主板A
603391,力聚热能,2024-07-31,SH,主板A
603392,万泰生物,2020-04-29,SH,主板A
603393,新天然气,2016-09-12,SH,主板A
603395,红四方,2024-11-26,SH,主板A
603396,金辰股份,2017-10-18,SH,主板A
603398,*ST沐邦,2015-12-09,SH,主板A
603399,永杉锂业,2012-08-24,SH,主板A
603400,华之杰,2025-06-20,SH,主板A
603402,陕西旅游,2026-01-06,SH,主板A
603406,天富龙,2025-08-08,SH,主板A
603407,长裕集团,2026-05-11,SH,主板A
603408,建霖家居,2020-07-30,SH,主板A
603409,汇通控股,2025-03-04,SH,主板A
603416,信捷电气,2016-12-21,SH,主板A
603418,友升股份,2025-09-23,SH,主板A
603421,鼎信通讯,2016-10-11,SH,主板A
603429,*ST集友,2017-01-24,SH,主板A
603435,嘉德利,2026-05-22,SH,主板A
603439,三力制药,2020-04-28,SH,主板A
603444,吉比特,2017-01-04,SH,主板A
603448,天博智能,2026-09-07,SH,主板A
603456,九洲药业,2014-10-10,SH,主板A
603458,勘设股份,2017-08-09,SH,主板A
603459,红板科技,2026-04-08,SH,主板A
603466,风语筑,2017-10-20,SH,主板A
603468,津富士达,2026-08-06,SH,主板A
603477,巨星农牧,2017-12-18,SH,主板A
603486,科沃斯,2018-05-28,SH,主板A
603488,展鹏科技,2017-05-16,SH,主板A
603489,八方股份,2019-11-11,SH,主板A
603496,恒为科技,2017-06-07,SH,主板A
603499,翔港科技,2017-10-16,SH,主板A
603500,祥和实业,2017-09-04,SH,主板A
603501,豪威集团,2017-05-04,SH,主板A
603505,金石资源,2017-05-03,SH,主板A
603506,南都物业,2018-02-01,SH,主板A
603507,振江股份,2017-11-06,SH,主板A
603508,思维列控,2015-12-24,SH,主板A
603511,爱慕股份,2021-05-31,SH,主板A
603515,欧普照明,2016-08-19,SH,主板A
603516,淳中科技,2018-02-02,SH,主板A
603517,ST绝味,2017-03-17,SH,主板A
603518,锦泓集团,2014-12-03,SH,主板A
603519,立霸股份,2015-03-19,SH,主板A
603520,司太立,2016-03-09,SH,主板A
603527,众源新材,2017-09-07,SH,主板A
603528,多伦科技,2016-05-03,SH,主板A
603529,爱玛科技,2021-06-15,SH,主板A
603530,神马电力,2019-08-05,SH,主板A
603533,掌阅科技,2017-09-21,SH,主板A
603535,嘉诚国际,2017-08-08,SH,主板A
603536,惠发食品,2017-06-13,SH,主板A
603538,美诺华,2017-04-07,SH,主板A
603551,奥普科技,2020-01-15,SH,主板A
603556,海兴电力,2016-11-10,SH,主板A
603557,*ST起步,2017-08-18,SH,主板A
603558,健盛集团,2015-01-27,SH,主板A
603559,中通国脉,2016-12-02,SH,主板A
603565,中谷物流,2020-09-25,SH,主板A
603566,普莱柯,2015-05-18,SH,主板A
603567,珍宝岛,2015-04-24,SH,主板A
603568,伟明环保,2015-05-28,SH,主板A
603569,长久物流,2016-08-10,SH,主板A
603577,汇金通,2016-12-22,SH,主板A
603578,三星新材,2017-03-06,SH,主板A
603579,荣泰健康,2017-01-11,SH,主板A
603580,艾艾精工,2017-05-25,SH,主板A
603583,捷昌驱动,2018-09-21,SH,主板A
603585,苏利股份,2016-12-14,SH,主板A
603586,金麒麟,2017-04-06,SH,主板A
603587,地素时尚,2018-06-22,SH,主板A
603588,高能环境,2014-12-29,SH,主板A
603589,口子窖,2015-06-29,SH,主板A
603590,康辰药业,2018-08-27,SH,主板A
603595,ST东尼,2017-07-12,SH,主板A
603596,伯特利,2018-04-27,SH,主板A
603598,引力传媒,2015-05-27,SH,主板A
603599,广信股份,2015-05-13,SH,主板A
603600,永艺股份,2015-01-23,SH,主板A
603601,再升科技,2015-01-22,SH,主板A
603602,纵横通信,2017-08-10,SH,主板A
603605,珀莱雅,2017-11-15,SH,主板A
603606,东方电缆,2014-10-15,SH,主板A
603607,京华激光,2017-10-25,SH,主板A
603608,天创时尚,2016-02-18,SH,主板A
603609,禾丰股份,2014-08-08,SH,主板A
603610,麒盛科技,2019-10-29,SH,主板A
603611,诺力股份,2015-01-28,SH,主板A
603612,索通发展,2017-07-18,SH,主板A
603613,国联股份,2019-07-30,SH,主板A
603615,茶花股份,2017-02-13,SH,主板A
603616,韩建河山,2015-06-11,SH,主板A
603617,君禾股份,2017-07-03,SH,主板A
603618,杭电股份,2015-02-17,SH,主板A
603619,中曼石油,2017-11-17,SH,主板A
603626,科森科技,2017-02-09,SH,主板A
603628,清源股份,2017-01-12,SH,主板A
603629,利通电子,2018-12-24,SH,主板A
603630,拉芳家化,2017-03-13,SH,主板A
603633,徕木股份,2016-11-17,SH,主板A
603636,南威软件,2014-12-30,SH,主板A
603637,镇海股份,2017-02-08,SH,主板A
603638,艾迪精密,2017-01-20,SH,主板A
603639,海利尔,2017-01-12,SH,主板A
603648,畅联股份,2017-09-13,SH,主板A
603650,彤程新材,2018-06-27,SH,主板A
603655,朗博科技,2017-12-29,SH,主板A
603656,泰禾智能,2017-03-21,SH,主板A
603657,春光科技,2018-07-30,SH,主板A
603658,安图生物,2016-09-01,SH,主板A
603659,璞泰来,2017-11-03,SH,主板A
603660,苏州科达,2016-12-01,SH,主板A
603661,恒林股份,2017-11-21,SH,主板A
603662,柯力传感,2019-08-06,SH,主板A
603663,三祥新材,2016-08-01,SH,主板A
603665,康隆达,2017-03-13,SH,主板A
603666,亿嘉和,2018-06-12,SH,主板A
603667,五洲新春,2016-10-25,SH,主板A
603668,天马科技,2017-01-17,SH,主板A
603669,灵康药业,2015-05-28,SH,主板A
603676,卫信康,2017-07-21,SH,主板A
603677,奇精机械,2017-02-06,SH,主板A
603678,火炬电子,2015-01-26,SH,主板A
603679,华体科技,2017-06-21,SH,主板A
603680,今创集团,2018-02-27,SH,主板A
603681,永冠新材,2019-03-26,SH,主板A
603682,锦和商管,2020-04-21,SH,主板A
603683,晶华新材,2017-10-20,SH,主板A
603685,晨丰科技,2017-11-27,SH,主板A
603686,福龙马,2015-01-26,SH,主板A
603687,大胜达,2019-07-26,SH,主板A
603688,石英股份,2014-10-31,SH,主板A
603689,皖天然气,2017-01-10,SH,主板A
603690,至纯科技,2017-01-13,SH,主板A
603693,江苏新能,2018-07-03,SH,主板A
603696,安记食品,2015-12-09,SH,主板A
603697,有友食品,2019-05-08,SH,主板A
603698,航天工程,2015-01-28,SH,主板A
603699,纽威股份,2014-01-17,SH,主板A
603700,宁水集团,2019-01-22,SH,主板A
603701,德宏股份,2016-04-12,SH,主板A
603703,盛洋科技,2015-04-23,SH,主板A
603706,东方环宇,2018-07-09,SH,主板A
603707,健友股份,2017-07-19,SH,主板A
603708,家家悦,2016-12-13,SH,主板A
603709,中源家居,2018-02-08,SH,主板A
603711,香飘飘,2017-11-30,SH,主板A
603712,七一二,2018-02-26,SH,主板A
603713,密尔克卫,2018-07-13,SH,主板A
603716,塞力医疗,2016-10-31,SH,主板A
603717,天域生物,2017-03-27,SH,主板A
603718,*ST海利,2015-05-15,SH,主板A
603719,良品铺子,2020-02-24,SH,主板A
603721,中广天择,2017-08-11,SH,主板A
603722,阿科力,2017-10-25,SH,主板A
603725,天安新材,2017-09-06,SH,主板A
603726,朗迪集团,2016-04-21,SH,主板A
603727,博迈科,2016-11-22,SH,主板A
603728,鸣志电器,2017-05-09,SH,主板A
603729,ST龙韵,2015-03-24,SH,主板A
603730,岱美股份,2017-07-28,SH,主板A
603733,仙鹤股份,2018-04-20,SH,主板A
603737,三棵树,2016-06-03,SH,主板A
603738,泰晶科技,2016-09-28,SH,主板A
603739,蔚蓝生物,2019-01-16,SH,主板A
603755,日辰股份,2019-08-28,SH,主板A
603757,大元泵业,2017-07-11,SH,主板A
603758,秦安股份,2017-05-17,SH,主板A
603759,海天股份,2021-03-26,SH,主板A
603766,隆鑫通用,2012-08-10,SH,主板A
603767,中马传动,2017-06-13,SH,主板A
603768,常青股份,2017-03-24,SH,主板A
603773,沃格光电,2018-04-17,SH,主板A
603776,永安行,2017-08-17,SH,主板A
603777,来伊份,2016-10-12,SH,主板A
603778,国晟科技,2015-12-31,SH,主板A
603779,威龙股份,2016-05-16,SH,主板A
603786,科博达,2019-10-15,SH,主板A
603787,新日股份,2017-04-27,SH,主板A
603788,宁波高发,2015-01-20,SH,主板A
603789,ST星农,2015-04-27,SH,主板A
603790,雅运股份,2018-09-12,SH,主板A
603797,联泰环保,2017-04-13,SH,主板A
603798,康普顿,2016-04-06,SH,主板A
603799,华友钴业,2015-01-29,SH,主板A
603800,洪田股份,2015-12-10,SH,主板A
603801,志邦家居,2017-06-30,SH,主板A
603803,瑞斯康达,2017-04-20,SH,主板A
603806,福斯特,2014-09-05,SH,主板A
603808,歌力思,2015-04-22,SH,主板A
603809,豪能股份,2017-11-28,SH,主板A
603810,XD丰山集,2018-09-17,SH,主板A
603811,诚意药业,2017-03-15,SH,主板A
603813,原尚股份,2017-09-18,SH,主板A
603815,交建股份,2019-10-21,SH,主板A
603816,顾家家居,2016-10-14,SH,主板A
603817,海峡环保,2017-02-20,SH,主板A
603818,曲美家居,2015-04-22,SH,主板A
603819,神力股份,2016-11-25,SH,主板A
603822,ST嘉澳,2016-04-28,SH,主板A
603823,百合花,2016-12-20,SH,主板A
603825,ST华扬,2017-08-02,SH,主板A
603826,坤彩科技,2017-04-14,SH,主板A
603828,*ST利达,2015-02-26,SH,主板A
603829,洛凯股份,2017-10-17,SH,主板A
603833,欧派家居,2017-03-28,SH,主板A
603836,海程邦达,2021-05-26,SH,主板A
603838,*ST四通,2015-07-01,SH,主板A
603839,安正时尚,2017-02-14,SH,主板A
603843,*ST正平,2016-09-05,SH,主板A
603848,好太太,2017-12-01,SH,主板A
603855,华荣股份,2017-05-24,SH,主板A
603856,东宏股份,2017-11-06,SH,主板A
603858,步长制药,2016-11-18,SH,主板A
603859,能科科技,2016-10-21,SH,主板A
603860,中公高科,2017-08-02,SH,主板A
603861,白云电器,2016-03-22,SH,主板A
603863,松炀资源,2019-06-21,SH,主板A
603866,桃李面包,2015-12-22,SH,主板A
603867,新化股份,2019-06-27,SH,主板A
603868,飞科电器,2016-04-18,SH,主板A
603869,ST智知,2015-03-26,SH,主板A
603871,嘉友国际,2018-02-06,SH,主板A
603876,鼎胜新材,2018-04-18,SH,主板A
603877,太平鸟,2017-01-09,SH,主板A
603878,武进不锈,2016-12-19,SH,主板A
603879,永悦科技,2017-06-14,SH,主板A
603880,南卫股份,2017-08-07,SH,主板A
603881,数据港,2017-02-08,SH,主板A
603882,金域医学,2017-09-08,SH,主板A
603883,老百姓,2015-04-23,SH,主板A
603885,吉祥航空,2015-05-27,SH,主板A
603886,元祖股份,2016-12-28,SH,主板A
603887,城地香江,2016-10-10,SH,主板A
603888,新华网,2016-10-28,SH,主板A
603889,新澳股份,2014-12-31,SH,主板A
603890,春秋电子,2017-12-12,SH,主板A
603893,瑞芯微,2020-02-07,SH,主板A
603895,天永智能,2018-01-22,SH,主板A
603896,寿仙谷,2017-05-10,SH,主板A
603897,XD长城科,2018-04-10,SH,主板A
603898,好莱客,2015-02-17,SH,主板A
603899,晨光股份,2015-01-27,SH,主板A
603900,莱绅通灵,2016-11-23,SH,主板A
603901,永创智能,2015-05-29,SH,主板A
603903,中持股份,2017-03-14,SH,主板A
603906,龙蟠科技,2017-04-10,SH,主板A
603908,牧高笛,2017-03-07,SH,主板A
603909,建发合诚,2016-06-28,SH,主板A
603912,佳力图,2017-11-01,SH,主板A
603915,国茂股份,2019-06-14,SH,主板A
603916,苏博特,2017-11-10,SH,主板A
603917,合力科技,2017-12-04,SH,主板A
603918,金桥信息,2015-05-28,SH,主板A
603919,金徽酒,2016-03-10,SH,主板A
603920,世运电路,2017-04-26,SH,主板A
603922,ST金鸿顺,2017-10-23,SH,主板A
603926,铁流股份,2017-05-10,SH,主板A
603927,中科软,2019-09-09,SH,主板A
603928,兴业股份,2016-12-12,SH,主板A
603929,亚翔集成,2016-12-30,SH,主板A
603931,格林达,2020-08-19,SH,主板A
603933,睿能科技,2017-07-06,SH,主板A
603936,博敏电子,2015-12-09,SH,主板A
603937,丽岛新材,2017-11-02,SH,主板A
603938,三孚股份,2017-06-28,SH,主板A
603939,益丰药房,2015-02-17,SH,主板A
603948,建业股份,2020-03-02,SH,主板A
603949,雪龙集团,2020-03-10,SH,主板A
603950,长源东谷,2020-05-26,SH,主板A
603955,大千生态,2017-03-10,SH,主板A
603956,威派格,2019-02-22,SH,主板A
603958,哈森股份,2016-06-29,SH,主板A
603959,ST百利,2016-05-17,SH,主板A
603960,克来机电,2017-03-14,SH,主板A
603966,法兰泰克,2017-01-25,SH,主板A
603967,中创物流,2019-04-29,SH,主板A
603968,醋化股份,2015-05-18,SH,主板A
603969,银龙股份,2015-02-27,SH,主板A
603970,中农立华,2017-11-16,SH,主板A
603976,正川股份,2017-08-22,SH,主板A
603977,国泰集团,2016-11-11,SH,主板A
603978,深圳新星,2017-08-07,SH,主板A
603979,金诚信,2015-06-30,SH,主板A
603980,吉华集团,2017-06-15,SH,主板A
603982,泉峰汽车,2019-05-22,SH,主板A
603983,丸美生物,2019-07-25,SH,主板A
603985,恒润股份,2017-05-05,SH,主板A
603986,兆易创新,2016-08-18,SH,主板A
603987,康德莱,2016-11-21,SH,主板A
603988,中电电机,2014-11-04,SH,主板A
603989,艾华集团,2015-05-15,SH,主板A
603990,麦迪科技,2016-12-08,SH,主板A
603991,领先股份,2017-03-08,SH,主板A
603992,松霖科技,2019-08-26,SH,主板A
603993,洛阳钼业,2012-10-09,SH,主板A
603995,甬金股份,2019-12-24,SH,主板A
603997,继峰股份,2015-03-02,SH,主板A
603998,方盛制药,2014-12-05,SH,主板A
603999,读者传媒,2015-12-10,SH,主板A
605001,威奥股份,2020-05-22,SH,主板A
605003,众望布艺,2020-09-08,SH,主板A
605005,合兴股份,2021-01-19,SH,主板A
605006,山东玻纤,2020-09-03,SH,主板A
605007,五洲特纸,2020-11-10,SH,主板A
605008,长鸿高科,2020-08-21,SH,主板A
605009,豪悦护理,2020-09-11,SH,主板A
605011,杭州热电,2021-06-30,SH,主板A
605016,百龙创园,2021-04-21,SH,主板A
605018,长华集团,2020-09-29,SH,主板A
605020,XD永和股,2021-07-09,SH,主板A
605028,世茂能源,2021-07-12,SH,主板A
605033,美邦股份,2021-09-16,SH,主板A
605050,福然德,2020-09-24,SH,主板A
605055,迎丰股份,2021-01-29,SH,主板A
605056,咸亨国际,2021-07-20,SH,主板A
605058,澳弘电子,2020-10-21,SH,主板A
605060,联德股份,2021-03-01,SH,主板A
605066,天正电气,2020-08-07,SH,主板A
605068,明新旭腾,2020-11-23,SH,主板A
605069,正和生态,2021-08-16,SH,主板A
605077,华康股份,2021-02-09,SH,主板A
605080,浙江自然,2021-05-06,SH,主板A
605086,龙高股份,2021-04-16,SH,主板A
605088,冠盛股份,2020-08-17,SH,主板A
605089,味知香,2021-04-27,SH,主板A
605090,九丰能源,2021-05-25,SH,主板A
605098,行动教育,2021-04-21,SH,主板A
605099,共创草坪,2020-09-30,SH,主板A
605100,华丰股份,2020-08-11,SH,主板A
605108,同庆楼,2020-07-16,SH,主板A
605111,新洁能,2020-09-28,SH,主板A
605116,奥锐特,2020-09-21,SH,主板A
605117,德业股份,2021-04-20,SH,主板A
605118,力鼎光电,2020-07-30,SH,主板A
605122,四方新材,2021-03-10,SH,主板A
605123,派克新材,2020-08-25,SH,主板A
605128,上海沿浦,2020-09-15,SH,主板A
605133,嵘泰股份,2021-02-24,SH,主板A
605136,丽人丽妆,2020-09-29,SH,主板A
605138,盛泰集团,2021-10-27,SH,主板A
605151,西上海,2020-12-15,SH,主板A
605155,西大门,2020-12-31,SH,主板A
605158,华达新材,2020-08-05,SH,主板A
605162,新中港,2021-07-07,SH,主板A
605166,聚合顺,2020-06-18,SH,主板A
605167,利柏特,2021-07-26,SH,主板A
605168,三人行,2020-05-28,SH,主板A
605169,洪通燃气,2020-10-30,SH,主板A
605177,东亚药业,2020-11-25,SH,主板A
605178,时空科技,2020-08-21,SH,主板A
605179,一鸣食品,2020-12-28,SH,主板A
605180,华生科技,2021-04-30,SH,主板A
605183,确成股份,2020-12-07,SH,主板A
605186,健麾信息,2020-12-22,SH,主板A
605188,国光连锁,2020-07-28,SH,主板A
605189,富春染织,2021-05-28,SH,主板A
605196,华通线缆,2021-05-11,SH,主板A
605198,安德利,2020-09-18,SH,主板A
605199,ST葫芦娃,2020-07-10,SH,主板A
605208,永茂泰,2021-03-08,SH,主板A
605218,伟时电子,2020-09-28,SH,主板A
605222,起帆电缆,2020-07-31,SH,主板A
605228,神通科技,2021-01-20,SH,主板A
605255,天普股份,2020-08-25,SH,主板A
605258,协和电子,2020-12-03,SH,主板A
605259,绿田机械,2021-06-15,SH,主板A
605266,健之佳,2020-12-01,SH,主板A
605268,王力安防,2021-02-24,SH,主板A
605277,新亚电子,2021-01-06,SH,主板A
605286,同力天启,2021-03-22,SH,主板A
605287,德才股份,2021-07-06,SH,主板A
605288,凯迪股份,2020-06-01,SH,主板A
605289,罗曼股份,2021-04-26,SH,主板A
605296,神农集团,2021-05-28,SH,主板A
605298,必得科技,2021-03-01,SH,主板A
605299,舒华体育,2020-12-15,SH,主板A
605300,佳禾食品,2021-04-30,SH,主板A
605303,园林股份,2021-03-01,SH,主板A
605305,中际联合,2021-05-06,SH,主板A
605318,法狮龙,2020-08-03,SH,主板A
605319,无锡振华,2021-06-07,SH,主板A
605333,沪光股份,2020-08-18,SH,主板A
605336,*ST帅电,2020-10-19,SH,主板A
605337,李子园,2021-02-08,SH,主板A
605338,巴比食品,2020-10-12,SH,主板A
605339,南侨食品,2021-05-18,SH,主板A
605358,立昂微,2020-09-11,SH,主板A
605365,立达信,2021-07-20,SH,主板A
605366,宏柏新材,2020-08-12,SH,主板A
605368,蓝天燃气,2021-01-29,SH,主板A
605369,拱东医疗,2020-09-16,SH,主板A
605376,博迁新材,2020-12-08,SH,主板A
605377,华旺科技,2020-12-28,SH,主板A
605378,野马电池,2021-04-12,SH,主板A
605388,均瑶健康,2020-08-18,SH,主板A
605389,长龄液压,2021-03-22,SH,主板A
605398,新炬网络,2021-01-21,SH,主板A
605399,晨光新材,2020-08-04,SH,主板A
605488,福莱新材,2021-05-13,SH,主板A
605499,东鹏饮料,2021-05-27,SH,主板A
605500,森林包装,2020-12-22,SH,主板A
605507,国邦医药,2021-08-02,SH,主板A
605555,德昌股份,2021-10-21,SH,主板A
605566,福莱蒽特,2021-10-25,SH,主板A
605567,春雪食品,2021-10-13,SH,主板A
605577,龙版传媒,2021-08-24,SH,主板A
605580,恒盛能源,2021-08-19,SH,主板A
605588,冠石科技,2021-08-12,SH,主板A
605589,圣泉集团,2021-08-10,SH,主板A
605598,上海港湾,2021-09-17,SH,主板A
605599,菜百股份,2021-09-09,SH,主板A
688001,华兴源创,2019-07-22,SH,科创板
688002,睿创微纳,2019-07-22,SH,科创板
688003,天准科技,2019-07-22,SH,科创板
688004,博汇科技,2020-06-12,SH,科创板
688005,容百科技,2019-07-22,SH,科创板
688006,杭可科技,2019-07-22,SH,科创板
688007,光峰科技,2019-07-22,SH,科创板
688008,澜起科技,2019-07-22,SH,科创板
688009,中国通号,2019-07-22,SH,科创板
688010,福光股份,2019-07-22,SH,科创板
688011,新光光电,2019-07-22,SH,科创板
688012,中微公司,2019-07-22,SH,科创板
688013,天臣医疗,2020-09-28,SH,科创板
688015,交控科技,2019-07-22,SH,科创板
688016,心脉医疗,2019-07-22,SH,科创板
688017,绿的谐波,2020-08-28,SH,科创板
688018,乐鑫科技,2019-07-22,SH,科创板
688019,安集科技,2019-07-22,SH,科创板
688020,方邦股份,2019-07-22,SH,科创板
688021,奥福科技,2019-11-06,SH,科创板
688022,ST瀚川,2019-07-22,SH,科创板
688023,安恒信息,2019-11-05,SH,科创板
688025,杰普特,2019-10-31,SH,科创板
688026,洁特生物,2020-01-22,SH,科创板
688027,国盾量子,2020-07-09,SH,科创板
688028,沃尔德,2019-07-22,SH,科创板
688029,南微医学,2019-07-22,SH,科创板
688030,山石网科,2019-09-30,SH,科创板
688031,星环科技,2022-10-18,SH,科创板
688032,禾迈股份,2021-12-20,SH,科创板
688033,*ST天宜,2019-07-22,SH,科创板
688035,德邦科技,2022-09-19,SH,科创板
688036,传音控股,2019-09-30,SH,科创板
688037,芯源微,2019-12-16,SH,科创板
688038,中科通达,2021-07-13,SH,科创板
688039,当虹科技,2019-12-11,SH,科创板
688041,海光信息,2022-08-12,SH,科创板
688045,必易微,2022-05-26,SH,科创板
688046,药康生物,2022-04-25,SH,科创板
688047,龙芯中科,2022-06-24,SH,科创板
688048,长光华芯,2022-04-01,SH,科创板
688049,炬芯科技,2021-11-29,SH,科创板
688050,爱博医疗,2020-07-29,SH,科创板
688051,佳华科技,2020-03-20,SH,科创板
688052,纳芯微,2022-04-22,SH,科创板
688053,ST思科瑞,2022-07-08,SH,科创板
688055,龙腾光电,2020-08-17,SH,科创板
688056,莱伯泰科,2020-09-02,SH,科创板
688057,金达莱,2020-11-11,SH,科创板
688058,宝兰德,2019-11-01,SH,科创板
688059,华锐精密,2021-02-08,SH,科创板
688060,云涌科技,2020-07-10,SH,科创板
688061,灿瑞科技,2022-10-18,SH,科创板
688062,迈威生物,2022-01-18,SH,科创板
688063,派能科技,2020-12-30,SH,科创板
688065,凯赛生物,2020-08-12,SH,科创板
688066,*ST航图,2019-07-22,SH,科创板
688067,爱威科技,2021-06-16,SH,科创板
688068,热景生物,2019-09-30,SH,科创板
688069,德林海,2020-07-22,SH,科创板
688070,纵横股份,2021-02-10,SH,科创板
688071,华依科技,2021-07-29,SH,科创板
688072,拓荆科技,2022-04-20,SH,科创板
688073,毕得医药,2022-10-11,SH,科创板
688075,安旭生物,2021-11-18,SH,科创板
688076,ST诺泰,2021-05-20,SH,科创板
688077,大地熊,2020-07-22,SH,科创板
688078,龙软科技,2019-12-30,SH,科创板
688079,美迪凯,2021-03-02,SH,科创板
688080,映翰通,2020-02-12,SH,科创板
688081,兴图新科,2020-01-06,SH,科创板
688082,盛美上海,2021-11-18,SH,科创板
688083,中望软件,2021-03-11,SH,科创板
688084,晶品特装,2022-12-08,SH,科创板
688085,三友医疗,2020-04-09,SH,科创板
688087,英科再生,2021-07-09,SH,科创板
688088,虹软科技,2019-07-22,SH,科创板
688089,ST嘉必优,2019-12-19,SH,科创板
688090,瑞松科技,2020-02-17,SH,科创板
688091,上海谊众,2021-09-09,SH,科创板
688092,爱科科技,2021-03-19,SH,科创板
688093,世华科技,2020-09-30,SH,科创板
688095,福昕软件,2020-09-08,SH,科创板
688096,京源环保,2020-04-09,SH,科创板
688097,博众精工,2021-05-12,SH,科创板
688098,申联生物,2019-10-28,SH,科创板
688099,晶晨股份,2019-08-08,SH,科创板
688100,威胜信息,2020-01-21,SH,科创板
688101,三达膜,2019-11-15,SH,科创板
688102,斯瑞新材,2022-03-16,SH,科创板
688103,国力电子,2021-09-10,SH,科创板
688105,诺唯赞,2021-11-15,SH,科创板
688106,金宏气体,2020-06-16,SH,科创板
688107,安路科技,2021-11-12,SH,科创板
688108,赛诺医疗,2019-10-30,SH,科创板
688109,品茗科技,2021-03-30,SH,科创板
688110,东芯股份,2021-12-10,SH,科创板
688111,金山办公,2019-11-18,SH,科创板
688112,鼎阳科技,2021-12-01,SH,科创板
688113,联测科技,2021-05-06,SH,科创板
688114,华大智造,2022-09-09,SH,科创板
688115,思林杰,2022-03-14,SH,科创板
688116,天奈科技,2019-09-25,SH,科创板
688117,圣诺生物,2021-06-03,SH,科创板
688118,普元信息,2019-12-04,SH,科创板
688119,中钢洛耐,2022-06-06,SH,科创板
688120,华海清科,2022-06-08,SH,科创板
688121,*ST卓然,2021-09-06,SH,科创板
688122,西部超导,2019-07-22,SH,科创板
688123,聚辰股份,2019-12-23,SH,科创板
688125,安达智能,2022-04-15,SH,科创板
688126,沪硅产业,2020-04-20,SH,科创板
688127,蓝特光学,2020-09-21,SH,科创板
688128,中国电研,2019-11-05,SH,科创板
688129,东来技术,2020-10-23,SH,科创板
688130,晶华微,2022-07-29,SH,科创板
688131,皓元医药,2021-06-08,SH,科创板
688132,邦彦技术,2022-09-23,SH,科创板
688133,泰坦科技,2020-10-30,SH,科创板
688135,利扬芯片,2020-11-11,SH,科创板
688136,科兴制药,2020-12-14,SH,科创板
688137,近岸蛋白,2022-09-29,SH,科创板
688138,清溢光电,2019-11-20,SH,科创板
688139,海尔生物,2019-10-25,SH,科创板
688141,杰华特,2022-12-23,SH,科创板
688143,长盈通,2022-12-12,SH,科创板
688146,中船特气,2023-04-21,SH,科创板
688147,微导纳米,2022-12-23,SH,科创板
688148,芳源股份,2021-08-06,SH,科创板
688150,莱特光电,2022-03-18,SH,科创板
688151,华强科技,2021-12-06,SH,科创板
688152,麒麟信安,2022-10-28,SH,科创板
688153,唯捷创芯,2022-04-12,SH,科创板
688155,先惠技术,2020-08-11,SH,科创板
688156,路德科技,2020-09-22,SH,科创板
688157,松井股份,2020-06-09,SH,科创板
688158,优刻得,2020-01-20,SH,科创板
688159,有方科技,2020-01-23,SH,科创板
688160,步科股份,2020-11-12,SH,科创板
688161,威高骨科,2021-06-30,SH,科创板
688162,巨一科技,2021-11-10,SH,科创板
688163,赛伦生物,2022-03-11,SH,科创板
688165,埃夫特,2020-07-15,SH,科创板
688166,博瑞医药,2019-11-08,SH,科创板
688167,炬光科技,2021-12-24,SH,科创板
688168,安博通,2019-09-06,SH,科创板
688169,石头科技,2020-02-21,SH,科创板
688170,德龙激光,2022-04-29,SH,科创板
688171,纬德信息,2022-01-27,SH,科创板
688172,燕东微,2022-12-16,SH,科创板
688173,希荻微,2022-01-21,SH,科创板
688175,高凌信息,2022-03-15,SH,科创板
688176,亚虹医药,2022-01-07,SH,科创板
688177,百奥泰,2020-02-21,SH,科创板
688178,万德斯,2020-01-14,SH,科创板
688179,阿拉丁,2020-10-26,SH,科创板
688180,君实生物,2020-07-15,SH,科创板
688181,八亿时空,2020-01-06,SH,科创板
688182,灿勤科技,2021-11-16,SH,科创板
688183,生益电子,2021-02-25,SH,科创板
688184,ST帕瓦,2022-09-19,SH,科创板
688185,康希诺,2020-08-13,SH,科创板
688186,广大特材,2020-02-11,SH,科创板
688187,时代电气,2021-09-07,SH,科创板
688188,柏楚电子,2019-08-08,SH,科创板
688189,ST南新,2020-03-26,SH,科创板
688190,云路股份,2021-11-26,SH,科创板
688191,智洋创新,2021-04-08,SH,科创板
688192,迪哲医药,2021-12-10,SH,科创板
688193,仁度生物,2022-03-30,SH,科创板
688195,腾景科技,2021-03-26,SH,科创板
688196,卓越新能,2019-11-21,SH,科创板
688197,首药控股,2022-03-23,SH,科创板
688198,佰仁医疗,2019-12-09,SH,科创板
688199,久日新材,2019-11-05,SH,科创板
688200,华峰测控,2020-02-18,SH,科创板
688201,ST信安,2021-04-21,SH,科创板
688202,美迪西,2019-11-05,SH,科创板
688203,海正生材,2022-08-16,SH,科创板
688205,德科立,2022-08-09,SH,科创板
688206,概伦电子,2021-12-28,SH,科创板
688207,格灵深瞳,2022-03-17,SH,科创板
688208,道通科技,2020-02-13,SH,科创板
688209,英集芯,2022-04-19,SH,科创板
688210,统联精密,2021-12-27,SH,科创板
688211,中科微至,2021-10-26,SH,科创板
688212,澳华内镜,2021-11-15,SH,科创板
688213,思特威,2022-05-20,SH,科创板
688215,瑞晟智能,2020-08-28,SH,科创板
688216,气派科技,2021-06-23,SH,科创板
688217,睿昂基因,2021-05-17,SH,科创板
688218,江苏北人,2019-12-11,SH,科创板
688219,会通股份,2020-11-18,SH,科创板
688220,翱捷科技,2022-01-14,SH,科创板
688221,前沿生物,2020-10-28,SH,科创板
688222,成都先导,2020-04-16,SH,科创板
688223,晶科能源,2022-01-26,SH,科创板
688225,亚信安全,2022-02-09,SH,科创板
688226,威腾电气,2021-07-07,SH,科创板
688227,品高股份,2021-12-30,SH,科创板
688228,开普云,2020-03-27,SH,科创板
688229,博睿数据,2020-08-17,SH,科创板
688230,芯导科技,2021-12-01,SH,科创板
688231,隆达股份,2022-07-22,SH,科创板
688232,新点软件,2021-11-17,SH,科创板
688233,神工股份,2020-02-21,SH,科创板
688234,天岳先进,2022-01-12,SH,科创板
688235,百济神州,2021-12-15,SH,科创板
688236,春立医疗,2021-12-30,SH,科创板
688237,超卓航科,2022-07-01,SH,科创板
688238,和元生物,2022-03-22,SH,科创板
688239,航宇科技,2021-07-05,SH,科创板
688244,永信至诚,2022-10-19,SH,科创板
688246,嘉和美康,2021-12-14,SH,科创板
688247,宣泰医药,2022-08-25,SH,科创板
688248,南网科技,2021-12-22,SH,科创板
688249,晶合集成,2023-05-05,SH,科创板
688251,井松智能,2022-06-06,SH,科创板
688252,天德钰,2022-09-27,SH,科创板
688253,英诺特,2022-07-28,SH,科创板
688255,凯尔达,2021-10-25,SH,科创板
688256,寒武纪,2020-07-20,SH,科创板
688257,新锐股份,2021-10-27,SH,科创板
688258,卓易信息,2019-12-09,SH,科创板
688259,创耀科技,2022-01-12,SH,科创板
688260,昀冢科技,2021-04-06,SH,科创板
688261,东微半导,2022-02-10,SH,科创板
688262,国芯科技,2022-01-06,SH,科创板
688265,南模生物,2021-12-28,SH,科创板
688266,泽璟制药,2020-01-23,SH,科创板
688267,中触媒,2022-02-16,SH,科创板
688268,华特气体,2019-12-26,SH,科创板
688269,凯立新材,2021-06-09,SH,科创板
688270,ST臻镭,2022-01-27,SH,科创板
688271,联影医疗,2022-08-22,SH,科创板
688272,富吉瑞,2021-10-18,SH,科创板
688273,麦澜德,2022-08-11,SH,科创板
688275,万润新能,2022-09-29,SH,科创板
688276,百克生物,2021-06-25,SH,科创板
688277,天智航,2020-07-07,SH,科创板
688278,特宝生物,2020-01-17,SH,科创板
688279,峰岹科技,2022-04-20,SH,科创板
688280,精进电动,2021-10-27,SH,科创板
688281,华秦科技,2022-03-07,SH,科创板
688282,理工导航,2022-03-18,SH,科创板
688283,坤恒顺维,2022-02-15,SH,科创板
688285,高铁电气,2021-10-20,SH,科创板
688286,敏芯股份,2020-08-10,SH,科创板
688288,鸿泉技术,2019-11-06,SH,科创板
688289,圣湘生物,2020-08-28,SH,科创板
688290,景业智能,2022-04-29,SH,科创板
688291,金橙子,2022-10-26,SH,科创板
688292,浩瀚深度,2022-08-18,SH,科创板
688293,奥浦迈,2022-09-02,SH,科创板
688295,中复神鹰,2022-04-06,SH,科创板
688296,和达科技,2021-07-27,SH,科创板
688297,中无人机,2022-06-29,SH,科创板
688298,东方生物,2020-02-05,SH,科创板
688299,长阳科技,2019-11-06,SH,科创板
688300,联瑞新材,2019-11-15,SH,科创板
688301,奕瑞科技,2020-09-18,SH,科创板
688302,海创药业,2022-04-12,SH,科创板
688303,大全能源,2021-07-22,SH,科创板
688305,科德数控,2021-07-09,SH,科创板
688306,均普智能,2022-03-22,SH,科创板
688307,中润光学,2023-02-16,SH,科创板
688308,欧科亿,2020-12-10,SH,科创板
688309,恒誉科技,2020-07-14,SH,科创板
688310,迈得医疗,2019-12-03,SH,科创板
688311,盟升电子,2020-07-31,SH,科创板
688312,燕麦科技,2020-06-08,SH,科创板
688313,仕佳光子,2020-08-12,SH,科创板
688314,康拓医疗,2021-05-18,SH,科创板
688315,诺禾致源,2021-04-13,SH,科创板
688316,青云科技,2021-03-16,SH,科创板
688317,之江生物,2021-01-18,SH,科创板
688318,财富趋势,2020-04-27,SH,科创板
688319,欧林生物,2021-06-08,SH,科创板
688320,禾川科技,2022-04-28,SH,科创板
688321,微芯生物,2019-08-12,SH,科创板
688322,奥比中光,2022-07-07,SH,科创板
688323,瑞华泰,2021-04-28,SH,科创板
688325,赛微微电,2022-04-22,SH,科创板
688326,经纬恒润,2022-04-19,SH,科创板
688327,云从科技,2022-05-27,SH,科创板
688328,深科达,2021-03-09,SH,科创板
688329,艾隆科技,2021-03-29,SH,科创板
688330,宏力达,2020-10-15,SH,科创板
688331,荣昌生物,2022-03-31,SH,科创板
688332,中科蓝讯,2022-07-15,SH,科创板
688333,铂力特,2019-07-22,SH,科创板
688334,西高院,2023-06-19,SH,科创板
688335,复洁科技,2020-08-17,SH,科创板
688336,三生国健,2020-07-22,SH,科创板
688337,普源精电,2022-04-08,SH,科创板
688338,赛科希德,2020-08-06,SH,科创板
688339,亿华通,2020-08-10,SH,科创板
688343,云天励飞,2023-04-04,SH,科创板
688345,博力威,2021-06-11,SH,科创板
688347,华虹宏力,2023-08-07,SH,科创板
688348,昱能科技,2022-06-08,SH,科创板
688349,三一重能,2022-06-22,SH,科创板
688350,富淼科技,2021-01-28,SH,科创板
688351,微电生理,2022-08-31,SH,科创板
688352,颀中科技,2023-04-20,SH,科创板
688353,华盛锂电,2022-07-13,SH,科创板
688355,明志科技,2021-05-12,SH,科创板
688356,键凯科技,2020-08-26,SH,科创板
688357,建龙微纳,2019-12-04,SH,科创板
688358,祥生医疗,2019-12-03,SH,科创板
688359,三孚新科,2021-05-21,SH,科创板
688360,德马科技,2020-06-02,SH,科创板
688361,中科飞测,2023-05-19,SH,科创板
688362,甬矽电子,2022-11-16,SH,科创板
688363,华熙生物,2019-11-06,SH,科创板
688365,光云科技,2020-04-29,SH,科创板
688366,昊海生科,2019-10-30,SH,科创板
688367,工大高科,2021-06-28,SH,科创板
688368,晶丰明源,2019-10-14,SH,科创板
688369,致远互联,2019-10-31,SH,科创板
688370,丛麟科技,2022-08-25,SH,科创板
688371,菲沃泰,2022-08-02,SH,科创板
688372,伟测科技,2022-10-26,SH,科创板
688373,盟科药业,2022-08-05,SH,科创板
688375,国博电子,2022-07-22,SH,科创板
688376,美埃科技,2022-11-18,SH,科创板
688377,迪威尔,2020-07-08,SH,科创板
688378,奥来德,2020-09-03,SH,科创板
688379,华光新材,2020-08-19,SH,科创板
688380,中微半导,2022-08-05,SH,科创板
688381,帝奥微,2022-08-23,SH,科创板
688382,益方生物,2022-07-25,SH,科创板
688383,新益昌,2021-04-28,SH,科创板
688385,复旦微电,2021-08-04,SH,科创板
688386,泛亚微透,2020-10-16,SH,科创板
688387,信科移动,2022-09-26,SH,科创板
688388,嘉元科技,2019-07-22,SH,科创板
688389,普门科技,2019-11-05,SH,科创板
688390,固德威,2020-09-04,SH,科创板
688391,钜泉科技,2022-09-13,SH,科创板
688392,骄成超声,2022-09-27,SH,科创板
688393,安必平,2020-08-20,SH,科创板
688395,正弦电气,2021-04-29,SH,科创板
688396,华润微,2020-02-27,SH,科创板
688398,赛特新材,2020-02-11,SH,科创板
688399,硕世生物,2019-12-05,SH,科创板
688400,凌云光,2022-07-06,SH,科创板
688401,路维光电,2022-08-17,SH,科创板
688403,汇成股份,2022-08-18,SH,科创板
688408,中信博,2020-08-28,SH,科创板
688409,富创精密,2022-10-10,SH,科创板
688410,山外山,2022-12-26,SH,科创板
688411,海博思创,2025-01-27,SH,科创板
688416,恒烁股份,2022-08-29,SH,科创板
688418,震有科技,2020-07-22,SH,科创板
688419,耐科装备,2022-11-07,SH,科创板
688420,美腾科技,2022-12-09,SH,科创板
688425,铁建重工,2021-06-22,SH,科创板
688426,康为世纪,2022-10-25,SH,科创板
688428,诺诚健华,2022-09-21,SH,科创板
688429,时创能源,2023-06-29,SH,科创板
688432,有研硅,2022-11-10,SH,科创板
688433,华曙高科,2023-04-17,SH,科创板
688435,英方软件,2023-01-19,SH,科创板
688439,振华风光,2022-08-26,SH,科创板
688443,智翔金泰,2023-06-20,SH,科创板
688448,磁谷科技,2022-09-21,SH,科创板
688449,联芸科技,2024-11-29,SH,科创板
688450,光格科技,2023-07-24,SH,科创板
688455,科捷智能,2022-09-15,SH,科创板
688456,有研粉材,2021-03-17,SH,科创板
688458,美芯晟,2023-05-22,SH,科创板
688459,哈铁科技,2022-10-12,SH,科创板
688466,金科环境,2020-05-08,SH,科创板
688468,科美诊断,2021-04-09,SH,科创板
688469,芯联集成,2023-05-10,SH,科创板
688472,阿特斯,2023-06-09,SH,科创板
688475,萤石网络,2022-12-28,SH,科创板
688478,晶升股份,2023-04-24,SH,科创板
688479,友车科技,2023-05-11,SH,科创板
688480,赛恩斯,2022-11-25,SH,科创板
688484,南芯科技,2023-04-07,SH,科创板
688485,九州一轨,2023-01-18,SH,科创板
688486,龙迅股份,2023-02-21,SH,科创板
688488,艾迪药业,2020-07-20,SH,科创板
688489,三未信安,2022-12-02,SH,科创板
688496,*ST清越,2022-12-28,SH,科创板
688498,源杰科技,2022-12-21,SH,科创板
688499,利元亨,2021-07-01,SH,科创板
688500,慧辰股份,2020-07-16,SH,科创板
688501,青达环保,2021-07-16,SH,科创板
688502,茂莱光学,2023-03-09,SH,科创板
688503,聚和材料,2022-12-09,SH,科创板
688505,复旦张江,2020-06-19,SH,科创板
688506,百利天恒,2023-01-06,SH,科创板
688507,索辰科技,2023-04-18,SH,科创板
688508,芯朋微,2020-07-22,SH,科创板
688509,正元地信,2021-07-30,SH,科创板
688510,航亚科技,2020-12-16,SH,科创板
688511,天微电子,2021-07-30,SH,科创板
688512,慧智微,2023-05-16,SH,科创板
688513,苑东生物,2020-09-02,SH,科创板
688515,裕太微,2023-02-10,SH,科创板
688516,奥特维,2020-05-21,SH,科创板
688517,金冠电气,2021-06-18,SH,科创板
688518,联赢激光,2020-06-22,SH,科创板
688519,南亚新材,2020-08-18,SH,科创板
688520,神州细胞,2020-06-22,SH,科创板
688521,芯原股份,2020-08-18,SH,科创板
688522,纳睿雷达,2023-03-01,SH,科创板
688523,航天环宇,2023-06-02,SH,科创板
688525,佰维存储,2022-12-30,SH,科创板
688526,科前生物,2020-09-22,SH,科创板
688528,秦川物联,2020-07-01,SH,科创板
688529,豪森智能,2020-11-09,SH,科创板
688530,欧莱新材,2024-05-09,SH,科创板
688531,日联科技,2023-03-31,SH,科创板
688533,上声电子,2021-04-19,SH,科创板
688535,华海诚科,2023-04-04,SH,科创板
688536,思瑞浦,2020-09-21,SH,科创板
688538,和辉光电,2021-05-28,SH,科创板
688539,高华科技,2023-04-18,SH,科创板
688543,国科军工,2023-06-21,SH,科创板
688545,兴福电子,2025-01-22,SH,科创板
688548,广钢气体,2023-08-15,SH,科创板
688549,中巨芯,2023-09-08,SH,科创板
688550,瑞联新材,2020-09-02,SH,科创板
688551,科威尔,2020-09-10,SH,科创板
688552,航天南湖,2023-05-18,SH,科创板
688553,汇宇制药,2021-10-26,SH,科创板
688556,高测股份,2020-08-07,SH,科创板
688557,兰剑智能,2020-12-02,SH,科创板
688558,国盛智科,2020-06-30,SH,科创板
688559,海目星,2020-09-09,SH,科创板
688560,明冠新材,2020-12-24,SH,科创板
688561,奇安信,2020-07-22,SH,科创板
688562,航天软件,2023-05-24,SH,科创板
688563,航材股份,2023-07-19,SH,科创板
688565,力源科技,2021-05-13,SH,科创板
688566,吉贝尔,2020-05-18,SH,科创板
688567,孚能科技,2020-07-17,SH,科创板
688568,中科星图,2020-07-08,SH,科创板
688569,铁科轨道,2020-08-31,SH,科创板
688570,天玛智控,2023-06-05,SH,科创板
688571,杭华股份,2020-12-11,SH,科创板
688573,信宇人,2023-08-17,SH,科创板
688575,亚辉龙,2021-05-17,SH,科创板
688576,西山科技,2023-06-06,SH,科创板
688577,浙海德曼,2020-09-16,SH,科创板
688578,艾力斯,2020-12-02,SH,科创板
688579,地纬智能,2020-07-17,SH,科创板
688580,伟思医疗,2020-07-21,SH,科创板
688581,安杰思,2023-05-19,SH,科创板
688582,芯动联科,2023-06-30,SH,科创板
688583,思看科技,2025-01-15,SH,科创板
688584,上海合晶,2024-02-08,SH,科创板
688585,上纬新材,2020-09-28,SH,科创板
688586,江航装备,2020-07-31,SH,科创板
688588,凌志软件,2020-05-11,SH,科创板
688589,力合微,2020-07-22,SH,科创板
688590,新致软件,2020-12-07,SH,科创板
688591,泰凌微,2023-08-25,SH,科创板
688592,司南导航,2023-08-16,SH,科创板
688593,新相微,2023-06-01,SH,科创板
688595,芯海科技,2020-09-28,SH,科创板
688596,正帆科技,2020-08-20,SH,科创板
688597,煜邦电力,2021-06-17,SH,科创板
688598,金博股份,2020-05-18,SH,科创板
688599,天合光能,2020-06-10,SH,科创板
688600,皖仪科技,2020-07-03,SH,科创板
688601,力芯微,2021-06-28,SH,科创板
688602,康鹏科技,2023-07-20,SH,科创板
688603,天承科技,2023-07-10,SH,科创板
688605,先锋精科,2024-12-12,SH,科创板
688606,奥泰生物,2021-03-25,SH,科创板
688607,康众科技,2021-02-01,SH,科创板
688608,恒玄科技,2020-12-16,SH,科创板
688609,九联科技,2021-03-23,SH,科创板
688610,埃科光电,2023-07-19,SH,科创板
688611,杭州柯林,2021-04-12,SH,科创板
688612,威迈斯,2023-07-26,SH,科创板
688613,奥精医疗,2021-05-21,SH,科创板
688615,合合信息,2024-09-26,SH,科创板
688616,西力科技,2021-03-18,SH,科创板
688617,惠泰医疗,2021-01-07,SH,科创板
688618,三旺通信,2020-12-30,SH,科创板
688619,罗普特,2021-02-23,SH,科创板
688620,安凯微,2023-06-27,SH,科创板
688621,阳光诺和,2021-06-21,SH,科创板
688622,*ST禾信,2021-09-13,SH,科创板
688623,双元科技,2023-06-08,SH,科创板
688625,呈和科技,2021-06-07,SH,科创板
688626,翔宇医疗,2021-03-31,SH,科创板
688627,精智达,2023-07-18,SH,科创板
688628,优利德,2021-02-01,SH,科创板
688629,华丰科技,2023-06-27,SH,科创板
688630,芯碁微装,2021-04-01,SH,科创板
688631,莱斯信息,2023-06-28,SH,科创板
688633,星球石墨,2021-03-24,SH,科创板
688635,长进光子,2026-05-27,SH,科创板
688636,智明达,2021-04-08,SH,科创板
688638,誉辰智能,2023-07-12,SH,科创板
688639,华恒生物,2021-04-22,SH,科创板
688646,逸飞激光,2023-07-28,SH,科创板
688648,中邮科技,2023-11-13,SH,科创板
688651,盛邦安全,2023-07-26,SH,科创板
688652,京仪装备,2023-11-29,SH,科创板
688653,康希通信,2023-11-17,SH,科创板
688655,迅捷兴,2021-05-11,SH,科创板
688656,浩欧博,2021-01-13,SH,科创板
688657,浩辰软件,2023-10-10,SH,科创板
688658,悦康药业,2020-12-24,SH,科创板
688659,元琛科技,2021-03-31,SH,科创板
688660,电气风电,2021-05-19,SH,科创板
688661,和林微纳,2021-03-29,SH,科创板
688662,富信科技,2021-04-01,SH,科创板
688663,新风光,2021-04-13,SH,科创板
688665,四方光电,2021-02-09,SH,科创板
688667,菱电电控,2021-03-12,SH,科创板
688668,鼎通科技,2020-12-21,SH,科创板
688669,聚石化学,2021-01-25,SH,科创板
688670,金迪克,2021-08-02,SH,科创板
688671,碧兴物联,2023-08-09,SH,科创板
688676,金盘科技,2021-03-09,SH,科创板
688677,海泰新光,2021-02-26,SH,科创板
688678,福立旺,2020-12-23,SH,科创板
688679,通源环境,2020-12-25,SH,科创板
688680,海优新材,2021-01-22,SH,科创板
688681,科汇股份,2021-06-16,SH,科创板
688682,霍莱沃,2021-04-20,SH,科创板
688683,莱尔科技,2021-04-12,SH,科创板
688685,迈信林,2021-05-13,SH,科创板
688686,奥普特,2020-12-31,SH,科创板
688687,凯因科技,2021-02-08,SH,科创板
688689,银河微电,2021-01-27,SH,科创板
688690,纳微科技,2021-06-23,SH,科创板
688691,灿芯股份,2024-04-11,SH,科创板
688692,达梦数据,2024-06-12,SH,科创板
688693,锴威特,2023-08-18,SH,科创板
688695,中创股份,2024-03-13,SH,科创板
688696,极米科技,2021-03-03,SH,科创板
688697,纽威数控,2021-09-17,SH,科创板
688698,伟创电气,2020-12-29,SH,科创板
688699,明微电子,2020-12-18,SH,科创板
688700,东威科技,2021-06-15,SH,科创板
688701,卓锦股份,2021-09-16,SH,科创板
688702,盛科通信,2023-09-14,SH,科创板
688707,振华新材,2021-09-14,SH,科创板
688708,佳驰科技,2024-12-05,SH,科创板
688709,成都华微,2024-02-07,SH,科创板
688710,益诺思,2024-09-03,SH,科创板
688711,宏微科技,2021-09-01,SH,科创板
688712,北芯生命,2026-02-05,SH,科创板
688716,中研股份,2023-09-20,SH,科创板
688717,艾罗能源,2024-01-03,SH,科创板
688718,唯赛勃,2021-07-28,SH,科创板
688719,爱科赛博,2023-09-28,SH,科创板
688720,艾森股份,2023-12-06,SH,科创板
688721,龙图光罩,2024-08-06,SH,科创板
688722,同益中,2021-10-19,SH,科创板
688726,拉普拉斯,2024-10-29,SH,科创板
688727,恒坤新材,2025-11-18,SH,科创板
688728,格科微,2021-08-18,SH,科创板
688729,屹唐股份,2025-07-08,SH,科创板
688733,壹石通,2021-08-17,SH,科创板
688737,中自科技,2021-10-22,SH,科创板
688739,成大生物,2021-10-28,SH,科创板
688750,金天钛业,2024-11-20,SH,科创板
688755,汉邦科技,2025-05-16,SH,科创板
688757,胜科纳米,2025-03-25,SH,科创板
688758,赛分科技,2025-01-10,SH,科创板
688759,必贝特,2025-10-28,SH,科创板
688765,禾元生物,2025-10-28,SH,科创板
688766,普冉股份,2021-08-23,SH,科创板
688767,博拓生物,2021-09-08,SH,科创板
688768,容知日新,2021-07-26,SH,科创板
688772,珠海冠宇,2021-10-15,SH,科创板
688775,影石创新,2025-06-11,SH,科创板
688776,国光电气,2021-08-31,SH,科创板
688777,中控技术,2020-11-24,SH,科创板
688778,厦钨新能,2021-08-05,SH,科创板
688779,五矿新能,2021-08-11,SH,科创板
688781,视涯科技,2026-03-25,SH,科创板
688783,西安奕材,2025-10-28,SH,科创板
688785,恒运昌,2026-01-28,SH,科创板
688786,悦安新材,2021-08-26,SH,科创板
688787,海天瑞声,2021-08-13,SH,科创板
688788,科思科技,2020-10-22,SH,科创板
688789,宏华数科,2021-07-08,SH,科创板
688790,昂瑞微,2025-12-16,SH,科创板
688793,倍轻松,2021-07-15,SH,科创板
688795,摩尔线程,2025-12-05,SH,科创板
688796,百奥赛图,2025-12-10,SH,科创板
688797,臻宝科技,2026-06-24,SH,科创板
688798,艾为电子,2021-08-16,SH,科创板
688799,华纳药厂,2021-07-13,SH,科创板
688800,瑞可达,2021-07-22,SH,科创板
688801,燧原科技,2026-09-11,SH,科创板
688802,沐曦股份,2025-12-17,SH,科创板
688805,健信超导,2025-12-24,SH,科创板
688806,泰诺麦博,2026-07-21,SH,科创板
688807,优迅股份,2025-12-19,SH,科创板
688808,联讯仪器,2026-04-24,SH,科创板
688809,强一股份,2025-12-30,SH,科创板
688811,有研复材,2026-04-10,SH,科创板
688813,泰金新能,2026-03-31,SH,科创板
688816,易思维,2026-02-11,SH,科创板
688818,电科蓝天,2026-02-10,SH,科创板
688819,天能股份,2021-01-18,SH,科创板
688820,盛合晶微,2026-04-21,SH,科创板
688825,长鑫科技,2026-07-27,SH,科创板
688826,频准激光,2026-08-18,SH,科创板
688828,国仪公司,2026-08-11,SH,科创板
688835,高凯技术,2026-08-25,SH,科创板
688836,宇树科技,2026-08-19,SH,科创板
688837,信诺维,2026-09-16,SH,科创板
688981,中芯国际,2020-07-16,SH,科创板
689009,九号公司,2020-10-29,SH,科创板
