code,name,list_date,exchange,board,is_signal_stock,first_bar_2005_2020,last_bar_2005_2020,n_bars_2005_2020
000001,平安银行,1991-04-03,SZ,深主板,0,2005-01-04,2020-12-31,3741
000002,万  科Ａ,1991-01-29,SZ,深主板,0,2005-01-04,2020-12-31,3689
000006,深振业Ａ,1992-04-27,SZ,深主板,0,2005-01-04,2020-12-31,3694
000007,全新好,1992-04-13,SZ,深主板,0,2005-01-04,2020-12-31,3198
000008,神州高铁,1992-05-07,SZ,深主板,0,2005-01-04,2020-12-31,3520
000009,中国宝安,1991-06-25,SZ,深主板,0,2005-01-04,2020-12-31,3688
000010,*ST美丽,1995-10-27,SZ,深主板,0,2005-01-04,2020-12-31,2906
000011,深物业A,1992-03-30,SZ,深主板,1,2005-01-04,2020-12-31,3687
000012,南  玻Ａ,1992-02-28,SZ,深主板,0,2005-01-04,2020-12-31,3783
000014,沙河股份,1992-06-02,SZ,深主板,0,2005-01-04,2020-12-31,3762
000016,*ST康佳A,1992-03-27,SZ,深主板,0,2005-01-04,2020-12-31,3744
000017,深中华A,1992-03-31,SZ,深主板,0,2005-01-04,2020-12-31,2780
000019,深粮控股,1992-10-12,SZ,深主板,0,2005-01-04,2020-12-31,3514
000020,深华发Ａ,1992-04-28,SZ,深主板,0,2005-01-04,2020-12-31,3386
000021,深科技,1994-02-02,SZ,深主板,0,2005-01-04,2020-12-31,3795
000025,特  力Ａ,1993-06-21,SZ,深主板,0,2005-01-04,2020-12-31,3774
000026,飞亚达,1993-06-03,SZ,深主板,0,2005-01-04,2020-12-31,3797
000027,深圳能源,1993-09-03,SZ,深主板,0,2005-01-04,2020-12-31,3763
000028,国药一致,1993-08-09,SZ,深主板,0,2005-01-04,2020-12-31,3717
000029,深深房Ａ,1993-09-15,SZ,深主板,0,2005-01-04,2020-12-31,2823
000030,富奥股份,1993-09-29,SZ,深主板,0,2005-01-04,2020-12-31,3053
000031,大悦城,1993-10-08,SZ,深主板,0,2005-01-05,2020-12-31,3605
000032,深桑达Ａ,1993-10-28,SZ,深主板,0,2005-01-04,2020-12-31,3576
000034,神州数码,1994-05-09,SZ,深主板,0,2005-01-04,2020-12-31,3154
000035,中国天楹,1994-04-08,SZ,深主板,0,2005-01-04,2020-12-31,2783
000036,华联控股,1994-06-17,SZ,深主板,0,2005-01-04,2020-12-31,3780
000037,深南电A,1994-07-01,SZ,深主板,0,2005-01-04,2020-12-31,3533
000039,中集集团,1994-04-08,SZ,深主板,0,2005-01-04,2020-12-31,3796
000042,中洲控股,1994-09-21,SZ,深主板,0,2005-01-04,2020-12-31,3606
000045,深纺织Ａ,1994-08-15,SZ,深主板,0,2005-01-04,2020-12-31,3648
000048,京基智农,1994-11-01,SZ,深主板,0,2005-01-04,2020-12-31,3655
000049,德赛电池,1995-03-20,SZ,深主板,0,2005-01-04,2020-12-31,3814
000050,深天马Ａ,1995-03-15,SZ,深主板,0,2005-01-04,2020-12-31,3618
000055,方大集团,1996-04-15,SZ,深主板,0,2005-01-04,2020-12-31,3821
000056,*ST皇庭,1996-07-08,SZ,深主板,0,2005-01-04,2020-12-31,3602
000058,深 赛 格,1996-12-26,SZ,深主板,0,2005-01-04,2020-12-31,3379
000059,华锦股份,1997-01-30,SZ,深主板,0,2005-01-04,2020-12-31,3720
000060,中金岭南,1997-01-23,SZ,深主板,0,2005-01-04,2020-12-31,3812
000061,农 产 品,1997-01-10,SZ,深主板,0,2005-01-04,2020-12-31,3606
000062,深圳华强,1997-01-30,SZ,深主板,0,2005-01-04,2020-12-31,3718
000063,中兴通讯,1997-11-18,SZ,深主板,0,2005-01-04,2020-12-31,3754
000065,北方国际,1998-06-05,SZ,深主板,0,2005-01-04,2020-12-31,3695
000066,中国长城,1997-06-26,SZ,深主板,0,2005-01-04,2020-12-31,3587
000068,华控赛格,1997-06-11,SZ,深主板,0,2005-01-04,2020-12-31,3279
000069,华侨城Ａ,1997-09-10,SZ,深主板,0,2005-01-04,2020-12-31,3766
000070,特发信息,2000-05-11,SZ,深主板,0,2005-01-04,2020-12-31,3638
000078,ST海王,1998-12-18,SZ,深主板,0,2005-01-04,2020-12-31,3809
000088,盐 田 港,1997-07-28,SZ,深主板,0,2005-01-04,2020-12-31,3760
000089,深圳机场,1998-04-20,SZ,深主板,0,2005-01-04,2020-12-31,3832
000090,天健集团,1999-07-21,SZ,深主板,0,2005-01-04,2020-12-31,3767
000096,广聚能源,2000-07-24,SZ,深主板,0,2005-01-04,2020-12-31,3847
000099,中信海直,2000-07-31,SZ,深主板,0,2005-01-04,2020-12-31,3729
000100,TCL科技,2004-01-30,SZ,深主板,0,2005-01-04,2020-12-31,3539
000151,中成股份,2000-09-06,SZ,深主板,0,2005-01-04,2020-12-31,3848
000153,丰原药业,2000-09-20,SZ,深主板,0,2005-01-04,2020-12-31,3505
000155,川能动力,2000-09-26,SZ,深主板,0,2005-01-04,2020-12-31,3245
000156,华数传媒,2000-09-06,SZ,深主板,0,2005-01-04,2020-12-31,2117
000157,中联重科,2000-10-12,SZ,深主板,0,2005-01-04,2020-12-31,3762
000158,常山北明,2000-07-24,SZ,深主板,0,2005-01-04,2020-12-31,3748
000159,国际实业,2000-09-26,SZ,深主板,0,2005-01-04,2020-12-31,3647
000301,东方盛虹,2000-05-29,SZ,深主板,0,2005-01-04,2020-12-31,3610
000333,美的集团,2013-09-18,SZ,深主板,0,2013-09-18,2020-12-31,1713
000338,潍柴动力,2007-04-30,SZ,深主板,0,2007-04-30,2020-12-31,3267
000400,许继电气,1997-04-18,SZ,深主板,0,2005-01-04,2020-12-31,3618
000401,金隅冀东,1996-06-14,SZ,深主板,0,2005-01-04,2020-12-31,3662
000402,金 融 街,1996-06-26,SZ,深主板,0,2005-01-04,2020-12-31,3833
000403,派林生物,1996-06-28,SZ,深主板,0,2005-01-04,2020-12-31,2113
000404,长虹华意,1996-06-19,SZ,深主板,1,2005-01-04,2020-12-31,3803
000407,胜利股份,1996-07-03,SZ,深主板,0,2005-01-04,2020-12-31,3639
000408,藏格矿业,1996-06-28,SZ,深主板,0,2005-01-04,2020-12-31,3408
000409,云鼎科技,1996-06-27,SZ,深主板,0,2005-05-30,2020-12-31,3297
000410,沈阳机床,1996-07-18,SZ,深主板,0,2005-01-04,2020-12-31,3760
000411,英特集团,1996-07-16,SZ,深主板,0,2005-01-04,2020-12-31,3671
000415,渤海租赁,1996-07-16,SZ,深主板,0,2005-01-04,2020-12-31,3171
000417,合百集团,1996-08-12,SZ,深主板,0,2005-01-04,2020-12-31,3833
000419,通程控股,1996-08-16,SZ,深主板,0,2005-01-04,2020-12-31,3856
000420,吉林化纤,1996-08-02,SZ,深主板,0,2005-01-04,2020-12-31,3789
000421,南京公用,1996-08-06,SZ,深主板,1,2005-01-04,2020-12-31,3726
000422,湖北宜化,1996-08-15,SZ,深主板,0,2005-01-04,2020-12-31,3763
000423,东阿阿胶,1996-07-29,SZ,深主板,1,2005-01-04,2020-12-31,3737
000425,徐工机械,1996-08-28,SZ,深主板,0,2005-01-04,2020-12-31,3773
000426,兴业银锡,1996-08-28,SZ,深主板,0,2005-01-04,2020-12-31,3470
000428,华天酒店,1996-08-08,SZ,深主板,0,2005-01-04,2020-12-31,3700
000429,粤高速Ａ,1998-02-20,SZ,深主板,0,2005-01-04,2020-12-31,3625
000430,张家界,1996-08-29,SZ,深主板,1,2005-01-04,2020-12-31,3616
000488,ST晨鸣,2000-11-20,SZ,深主板,0,2005-01-04,2020-12-31,3804
000498,山东路桥,1997-06-09,SZ,深主板,0,2005-01-04,2020-12-31,2568
000501,武商集团,1992-11-20,SZ,深主板,0,2005-01-04,2020-12-31,3739
000503,国新健康,1992-11-30,SZ,深主板,1,2005-01-04,2020-12-31,3591
000504,南华生物,1992-12-08,SZ,深主板,0,2005-01-04,2020-12-31,3304
000505,京粮控股,1992-12-21,SZ,深主板,0,2005-01-04,2020-12-31,3467
000506,招金黄金,1993-03-12,SZ,深主板,0,2005-01-04,2020-12-31,2949
000507,珠海港,1993-03-26,SZ,深主板,0,2005-01-04,2020-12-31,3795
000509,华塑控股,1993-05-07,SZ,深主板,0,2005-01-04,2020-12-31,3348
000510,新金路,1993-05-07,SZ,深主板,0,2005-01-04,2020-12-31,3706
000513,丽珠集团,1993-10-28,SZ,深主板,0,2005-01-04,2020-12-31,3595
000514,渝 开 发,1993-07-12,SZ,深主板,0,2005-01-04,2020-12-31,3730
000516,国际医学,1993-08-09,SZ,深主板,0,2005-01-04,2020-12-31,3644
000517,荣安地产,1993-08-06,SZ,深主板,0,2005-01-04,2020-12-31,2909
000518,四环生物,1993-09-08,SZ,深主板,0,2005-01-04,2020-12-31,3705
000519,中兵红箭,1993-10-08,SZ,深主板,1,2005-01-04,2020-12-31,3619
000520,凤凰航运,1993-10-25,SZ,深主板,0,2005-01-04,2020-12-31,3266
000521,长虹美菱,1993-10-18,SZ,深主板,0,2005-01-04,2020-12-31,3793
000523,红棉股份,1993-11-08,SZ,深主板,0,2005-01-04,2020-12-31,3696
000524,岭南控股,1993-11-18,SZ,深主板,0,2005-01-04,2020-12-31,3657
000525,红太阳,1993-10-28,SZ,深主板,1,2005-01-04,2020-12-31,3799
000526,学大教育,1993-11-01,SZ,深主板,1,2005-01-04,2020-12-31,3299
000528,柳    工,1993-11-18,SZ,深主板,0,2005-01-04,2020-12-31,3838
000529,广弘控股,1993-11-18,SZ,深主板,0,2005-01-04,2020-12-31,2934
000530,冰山冷热,1993-12-08,SZ,深主板,0,2005-01-04,2020-12-31,3781
000531,穗恒运Ａ,1994-01-06,SZ,深主板,0,2005-01-04,2020-12-31,3707
000532,华金资本,1994-01-03,SZ,深主板,1,2005-01-04,2020-12-31,3737
000533,顺钠股份,1994-01-03,SZ,深主板,0,2005-01-04,2020-12-31,3629
000534,万泽股份,1994-01-10,SZ,深主板,0,2005-01-04,2020-12-31,3368
000536,华映科技,1993-11-26,SZ,深主板,0,2005-01-04,2020-12-31,3163
000537,绿发电力,1993-12-10,SZ,深主板,0,2005-01-04,2020-12-31,3662
000538,云南白药,1993-12-15,SZ,深主板,0,2005-01-04,2020-12-31,3670
000539,粤电力Ａ,1993-11-26,SZ,深主板,0,2005-01-04,2020-12-31,3706
000541,佛山照明,1993-11-23,SZ,深主板,1,2005-01-04,2020-12-31,3794
000543,皖能电力,1993-12-20,SZ,深主板,0,2005-01-04,2020-12-31,3813
000544,中原环保,1993-12-08,SZ,深主板,0,2005-01-04,2020-12-31,3702
000545,金浦钛业,1993-12-15,SZ,深主板,0,2005-01-04,2020-12-31,3100
000546,金圆股份,1993-12-15,SZ,深主板,1,2005-01-04,2020-12-31,3633
000547,航天发展,1993-11-30,SZ,深主板,0,2005-01-04,2020-12-31,3401
000548,湖南投资,1993-12-20,SZ,深主板,0,2005-01-04,2020-12-31,3847
000550,江铃汽车,1993-12-01,SZ,深主板,1,2005-01-04,2020-12-31,3840
000551,创元科技,1994-01-06,SZ,深主板,1,2005-01-04,2020-12-31,3808
000552,甘肃能化,1994-01-06,SZ,深主板,0,2005-01-04,2020-12-31,3569
000553,安道麦A,1993-12-03,SZ,深主板,0,2005-01-04,2020-12-31,3454
000554,泰山石油,1993-12-15,SZ,深主板,0,2005-01-06,2020-12-31,3813
000555,神州信息,1994-04-08,SZ,深主板,0,2005-01-04,2020-12-31,3390
000557,西部创业,1994-06-17,SZ,深主板,0,2005-01-04,2020-12-31,2530
000558,天府文旅,1994-05-09,SZ,深主板,0,2005-01-04,2020-12-31,3555
000559,万向钱潮,1994-01-10,SZ,深主板,0,2005-01-04,2020-12-31,3835
000560,我爱我家,1994-02-02,SZ,深主板,0,2005-01-04,2020-12-31,3434
000561,烽火电子,1994-05-09,SZ,深主板,0,2005-10-17,2020-12-31,3391
000563,陕国投Ａ,1994-01-10,SZ,深主板,1,2005-01-04,2020-12-31,3706
000564,供销大集,1994-01-10,SZ,深主板,0,2005-01-04,2020-12-31,3345
000565,渝三峡Ａ,1994-04-08,SZ,深主板,0,2005-01-04,2020-12-31,3699
000566,海南海药,1994-05-25,SZ,深主板,0,2005-01-04,2020-12-31,3553
000567,海德股份,1994-05-25,SZ,深主板,0,2005-01-04,2020-12-31,3790
000568,泸州老窖,1994-05-09,SZ,深主板,0,2005-01-04,2020-12-31,3784
000570,苏常柴Ａ,1994-07-01,SZ,深主板,0,2005-01-04,2020-12-31,3842
000571,新大洲A,1994-05-25,SZ,深主板,0,2005-01-04,2020-12-31,3491
000572,海马汽车,1994-08-08,SZ,深主板,0,2005-01-04,2020-12-31,3827
000573,粤宏远Ａ,1994-08-15,SZ,深主板,1,2005-01-04,2020-12-31,3844
000576,甘化科工,1994-09-07,SZ,深主板,0,2005-01-04,2020-12-31,3691
000581,威孚高科,1998-09-24,SZ,深主板,0,2005-01-04,2020-12-31,3840
000582,北部湾港,1995-11-02,SZ,深主板,0,2005-01-04,2020-12-31,3470
000586,汇源通信,1995-12-20,SZ,深主板,0,2005-01-04,2020-12-31,3429
000589,贵州轮胎,1996-03-08,SZ,深主板,0,2005-01-04,2020-12-31,3834
000590,古汉医药,1996-01-19,SZ,深主板,1,2005-01-04,2020-12-31,3617
000591,太阳能,1996-02-08,SZ,深主板,1,2005-01-04,2020-12-31,3703
000592,平潭发展,1996-03-27,SZ,深主板,0,2005-01-04,2020-12-31,3182
000593,德龙汇能,1996-03-12,SZ,深主板,0,2005-01-04,2020-12-31,3663
000595,新能股份,1996-04-19,SZ,深主板,0,2005-01-04,2020-12-31,3634
000596,古井贡酒,1996-09-27,SZ,深主板,0,2005-01-04,2020-12-31,3690
000597,东北制药,1996-05-23,SZ,深主板,0,2005-01-04,2020-12-31,3781
000598,兴蓉环境,1996-05-29,SZ,深主板,0,2005-01-04,2020-12-31,3807
000599,青岛双星,1996-04-30,SZ,深主板,0,2005-01-04,2020-12-31,3816
000600,建投能源,1996-06-06,SZ,深主板,0,2005-01-04,2020-12-31,3708
000601,韶能股份,1996-08-30,SZ,深主板,0,2005-01-04,2020-12-31,3778
000603,盛达资源,1996-08-23,SZ,深主板,0,2005-01-04,2020-12-31,3087
000605,渤海股份,1996-09-13,SZ,深主板,0,2005-01-04,2020-12-31,3262
000607,华媒控股,1996-08-30,SZ,深主板,0,2005-01-04,2020-12-31,3597
000608,阳光股份,1996-09-19,SZ,深主板,0,2005-01-04,2020-12-31,3588
000609,*ST中迪,1996-10-10,SZ,深主板,0,2005-01-04,2020-12-31,3718
000610,*ST西旅,1996-09-26,SZ,深主板,0,2005-01-04,2020-12-31,3697
000612,焦作万方,1996-09-26,SZ,深主板,0,2005-01-04,2020-12-31,3560
000615,*ST美谷,1996-10-16,SZ,深主板,0,2005-01-04,2020-12-31,3601
000617,中油资本,1996-10-22,SZ,深主板,0,2005-01-04,2020-12-31,3684
000619,海螺新材,1996-10-23,SZ,深主板,1,2005-01-04,2020-12-31,3806
000620,盈新发展,1996-10-29,SZ,深主板,0,2005-01-04,2020-12-31,2526
000623,吉林敖东,1996-10-28,SZ,深主板,0,2005-01-04,2020-12-31,3765
000625,长安汽车,1997-06-10,SZ,深主板,0,2005-01-04,2020-12-31,3663
000626,远大控股,1996-11-28,SZ,深主板,0,2005-01-04,2020-12-31,3643
000628,高新发展,1996-11-18,SZ,深主板,0,2005-01-04,2020-12-31,3376
000629,钒钛股份,1996-11-15,SZ,深主板,0,2005-01-04,2020-12-31,3292
000630,铜陵有色,1996-11-20,SZ,深主板,0,2005-01-04,2020-12-31,3675
000631,顺发恒能,1996-11-22,SZ,深主板,0,2005-01-04,2020-12-31,3125
000632,ST三木,1996-11-21,SZ,深主板,0,2005-01-04,2020-12-31,3827
000633,合金投资,1996-11-12,SZ,深主板,0,2005-01-04,2020-12-31,2960
000635,英 力 特,1996-11-20,SZ,深主板,0,2005-01-04,2020-12-31,3744
000636,风华高科,1996-11-29,SZ,深主板,1,2005-01-04,2020-12-31,3656
000637,茂化实华,1996-11-14,SZ,深主板,0,2005-01-04,2020-12-31,3818
000639,ST西王,1996-11-26,SZ,深主板,1,2005-01-04,2020-12-31,3596
000650,仁和药业,1996-12-10,SZ,深主板,0,2005-01-04,2020-12-31,3539
000651,格力电器,1996-11-18,SZ,深主板,0,2005-01-04,2020-12-31,3686
000652,泰达股份,1996-11-28,SZ,深主板,0,2005-01-04,2020-12-31,3620
000655,金岭矿业,1996-11-28,SZ,深主板,0,2005-01-04,2020-12-31,3568
000656,金科股份,1996-11-28,SZ,深主板,0,2005-01-04,2020-12-31,3524
000657,中钨高新,1996-12-05,SZ,深主板,0,2005-01-04,2020-12-31,2856
000659,珠海中富,1996-12-03,SZ,深主板,0,2005-01-04,2020-12-31,3704
000661,长春高新,1996-12-18,SZ,深主板,0,2005-01-04,2020-12-31,3794
000663,永安林业,1996-12-06,SZ,深主板,0,2005-01-04,2020-12-31,3652
000665,湖北广电,1996-12-10,SZ,深主板,1,2005-01-04,2020-12-31,3626
000668,荣丰控股,1996-12-10,SZ,深主板,0,2005-01-04,2020-12-31,3331
000669,ST金鸿,1996-12-10,SZ,深主板,0,2005-01-04,2020-12-31,3571
000670,盈方微,1996-12-17,SZ,深主板,0,2005-01-04,2020-03-19,1970
000672,上峰材料,1996-12-18,SZ,深主板,0,2005-01-04,2020-12-31,2241
000676,智度股份,1996-12-24,SZ,深主板,0,2005-01-04,2020-12-31,3545
000677,ST海龙,1996-12-26,SZ,深主板,0,2005-01-04,2020-12-31,3244
000678,襄阳轴承,1997-01-06,SZ,深主板,0,2005-01-04,2020-12-31,3649
000679,大连友谊,1997-01-24,SZ,深主板,0,2005-01-04,2020-12-31,3689
000680,山推股份,1997-01-22,SZ,深主板,0,2005-01-04,2020-12-31,3813
000681,视觉中国,1997-01-21,SZ,深主板,0,2005-01-04,2020-12-31,2581
000682,东方电子,1997-01-21,SZ,深主板,0,2005-01-04,2020-12-31,3575
000683,博源化工,1997-01-31,SZ,深主板,0,2005-01-04,2020-12-31,3675
000685,中山公用,1997-01-23,SZ,深主板,0,2005-01-04,2020-12-31,3776
000686,东北证券,1997-02-27,SZ,深主板,0,2005-01-04,2020-12-31,3642
000688,国城矿业,1997-01-20,SZ,深主板,0,2005-01-04,2020-12-31,2142
000690,宝新能源,1997-01-28,SZ,深主板,0,2005-01-04,2020-12-31,3792
000691,亚太实业,1997-02-28,SZ,深主板,0,2005-01-04,2020-12-31,3304
000692,惠天热电,1997-02-27,SZ,深主板,0,2005-01-04,2020-12-31,3750
000695,滨海能源,1997-02-18,SZ,深主板,0,2005-01-04,2020-12-31,3540
000697,炼石航空,1997-03-25,SZ,深主板,0,2005-01-04,2020-12-31,3445
000698,ST沈化,1997-02-20,SZ,深主板,0,2005-01-04,2020-12-31,3713
000700,模塑科技,1997-02-28,SZ,深主板,0,2005-01-04,2020-12-31,3728
000701,厦门信达,1997-02-26,SZ,深主板,0,2005-01-04,2020-12-31,3825
000702,正虹科技,1997-03-18,SZ,深主板,0,2005-01-04,2020-12-31,3845
000703,恒逸石化,1997-03-28,SZ,深主板,0,2005-01-04,2020-12-31,3717
000705,浙江震元,1997-04-10,SZ,深主板,0,2005-01-04,2020-12-31,3804
000707,双环科技,1997-04-15,SZ,深主板,0,2005-01-04,2020-12-31,3720
000708,中信特钢,1997-03-26,SZ,深主板,0,2005-01-04,2020-12-31,3715
000709,河钢股份,1997-04-16,SZ,深主板,0,2005-01-04,2020-12-31,3685
000710,贝瑞基因,1997-04-22,SZ,深主板,0,2005-01-04,2020-12-31,3498
000711,京蓝科技,1997-04-11,SZ,深主板,1,2005-01-04,2020-12-31,3359
000712,锦龙股份,1997-04-15,SZ,深主板,0,2005-01-04,2020-12-31,3528
000713,国投丰乐,1997-04-22,SZ,深主板,1,2005-01-04,2020-12-31,3701
000715,中兴商业,1997-05-08,SZ,深主板,0,2005-01-04,2020-12-31,3550
000716,黑芝麻,1997-04-18,SZ,深主板,0,2005-01-04,2020-12-31,3301
000717,中南股份,1997-05-08,SZ,深主板,0,2005-01-04,2020-12-31,3742
000718,苏宁环球,1997-04-08,SZ,深主板,0,2005-01-04,2020-12-31,3499
000719,中原传媒,1997-03-31,SZ,深主板,0,2005-01-04,2020-12-31,2668
000720,新能泰山,1997-05-09,SZ,深主板,0,2005-01-04,2020-12-31,3566
000721,西安饮食,1997-04-30,SZ,深主板,0,2005-01-04,2020-12-31,3663
000722,湖南发展,1997-05-22,SZ,深主板,0,2005-01-04,2020-12-31,3222
000723,美锦能源,1997-05-15,SZ,深主板,0,2005-01-04,2020-12-31,3329
000725,京东方Ａ,2001-01-12,SZ,深主板,0,2005-01-04,2020-12-31,3780
000726,鲁  泰Ａ,2000-12-25,SZ,深主板,0,2005-01-04,2020-12-31,3798
000727,冠捷科技,1997-05-20,SZ,深主板,0,2005-01-04,2020-12-31,3689
000728,国元证券,1997-06-16,SZ,深主板,0,2005-01-04,2020-12-31,3581
000729,燕京啤酒,1997-07-16,SZ,深主板,0,2005-01-04,2020-12-31,3838
000731,四川美丰,1997-06-17,SZ,深主板,0,2005-01-04,2020-12-31,3792
000733,振华科技,1997-07-03,SZ,深主板,0,2005-01-04,2020-12-31,3825
000735,罗 牛 山,1997-06-11,SZ,深主板,0,2005-01-04,2020-12-31,3812
000736,中交发展,1997-04-25,SZ,深主板,1,2005-01-04,2020-12-31,3251
000737,北方铜业,1997-04-28,SZ,深主板,1,2005-01-04,2020-12-31,3785
000738,航发控制,1997-06-26,SZ,深主板,0,2005-01-04,2020-12-31,3761
000739,普洛药业,1997-05-09,SZ,深主板,0,2005-01-04,2020-12-31,3750
000750,国海证券,1997-07-09,SZ,深主板,0,2005-01-04,2020-12-31,2687
000751,锌业股份,1997-06-26,SZ,深主板,0,2005-01-04,2020-12-31,3394
000752,*ST西发,1997-06-25,SZ,深主板,0,2005-01-04,2020-12-31,3741
000753,漳州发展,1997-06-26,SZ,深主板,0,2005-01-04,2020-12-31,3816
000755,山西高速,1997-06-27,SZ,深主板,0,2005-01-04,2020-12-31,3467
000756,新华制药,1997-08-06,SZ,深主板,1,2005-01-04,2020-12-31,3757
000757,浩物股份,1997-06-27,SZ,深主板,1,2005-01-04,2020-12-31,2158
000758,中色股份,1997-04-16,SZ,深主板,0,2005-01-04,2020-12-31,3772
000759,中百集团,1997-05-19,SZ,深主板,0,2005-01-04,2020-12-31,3679
000761,本钢板材,1998-01-15,SZ,深主板,0,2005-01-04,2020-12-31,3795
000762,西藏矿业,1997-07-08,SZ,深主板,0,2005-01-04,2020-12-31,3753
000766,通化金马,1997-04-30,SZ,深主板,0,2005-01-04,2020-12-31,3402
000767,晋控电力,1997-06-09,SZ,深主板,0,2005-01-04,2020-12-31,3710
000768,中航西飞,1997-06-26,SZ,深主板,0,2005-01-04,2020-12-31,3730
000776,广发证券,1997-06-11,SZ,深主板,0,2005-01-04,2020-12-31,2968
000777,中核科技,1997-07-10,SZ,深主板,0,2005-01-04,2020-12-31,3808
000778,新兴铸管,1997-06-06,SZ,深主板,0,2005-01-04,2020-12-31,3777
000779,甘咨询,1997-05-28,SZ,深主板,0,2005-01-04,2020-12-31,3647
000782,恒申新材,1997-06-19,SZ,深主板,0,2005-01-04,2020-12-31,3733
000783,长江证券,1997-07-31,SZ,深主板,0,2005-01-04,2020-12-31,3594
000785,居然智家,1997-07-11,SZ,深主板,0,2005-01-04,2020-12-31,3651
000786,北新建材,1997-06-06,SZ,深主板,0,2005-01-04,2020-12-31,3697
000788,北大医药,1997-06-16,SZ,深主板,0,2005-01-04,2020-12-31,3667
000789,万年青,1997-09-23,SZ,深主板,0,2005-01-04,2020-12-31,3806
000790,华神科技,1998-03-27,SZ,深主板,0,2005-01-04,2020-12-31,3756
000791,甘肃能源,1997-10-14,SZ,深主板,0,2005-01-04,2020-12-31,3778
000792,盐湖股份,1997-09-04,SZ,深主板,0,2005-01-04,2020-04-29,3450
000793,ST华闻,1997-07-29,SZ,深主板,0,2005-01-04,2020-12-31,3406
000795,英洛华,1997-08-08,SZ,深主板,0,2005-01-04,2020-12-31,3685
000796,凯撒旅业,1997-07-03,SZ,深主板,1,2005-01-04,2020-12-31,3317
000797,中国武夷,1997-07-15,SZ,深主板,0,2005-01-04,2020-12-31,3795
000798,中水渔业,1998-02-12,SZ,深主板,0,2005-01-04,2020-12-31,3733
000799,酒鬼酒,1997-07-18,SZ,深主板,0,2005-01-04,2020-12-31,3663
000800,一汽解放,1997-06-18,SZ,深主板,0,2005-01-04,2020-12-31,3816
000801,四川九洲,1998-05-06,SZ,深主板,0,2005-01-04,2020-12-31,3773
000802,北京文化,1998-01-08,SZ,深主板,0,2005-01-04,2020-12-31,3650
000803,山高环能,1998-03-03,SZ,深主板,1,2005-01-04,2020-12-31,3517
000807,云铝股份,1998-04-08,SZ,深主板,0,2005-01-04,2020-12-31,3715
000809,和展能源,1998-06-16,SZ,深主板,0,2005-01-04,2020-12-31,3690
000810,创维数字,1998-06-02,SZ,深主板,1,2005-01-04,2020-12-31,3442
000811,冰轮环境,1998-05-28,SZ,深主板,0,2005-01-04,2020-12-31,3753
000812,陕西金叶,1998-06-23,SZ,深主板,0,2005-01-04,2020-12-31,3515
000813,德展健康,1998-05-19,SZ,深主板,0,2005-01-04,2020-12-31,3400
000815,美利云,1998-06-09,SZ,深主板,1,2005-01-04,2020-12-31,3462
000816,智慧农业,1997-08-18,SZ,深主板,0,2005-01-04,2020-12-31,3740
000818,航锦科技,1997-10-17,SZ,深主板,0,2005-01-04,2020-12-31,3358
000819,岳阳兴长,1997-06-25,SZ,深主板,0,2005-01-04,2020-12-31,3799
000820,神雾节能,1998-06-30,SZ,深主板,0,2005-01-04,2020-12-31,2884
000821,ST京机,1998-06-26,SZ,深主板,0,2005-01-04,2020-12-31,3650
000822,山东海化,1998-07-03,SZ,深主板,0,2005-01-04,2020-12-31,3831
000823,超声电子,1997-10-08,SZ,深主板,1,2005-01-04,2020-12-31,3850
000825,太钢不锈,1998-10-21,SZ,深主板,0,2005-01-04,2020-12-31,3733
000826,*ST启环,1998-02-25,SZ,深主板,0,2005-01-04,2020-12-31,3754
000828,东莞控股,1997-06-17,SZ,深主板,0,2005-01-04,2020-12-31,3708
000829,天音控股,1997-12-02,SZ,深主板,0,2005-01-04,2020-12-31,3565
000830,鲁西化工,1998-08-07,SZ,深主板,0,2005-01-04,2020-12-31,3836
000831,中国稀土,1998-09-11,SZ,深主板,0,2005-01-04,2020-12-31,3367
000833,粤桂股份,1998-11-11,SZ,深主板,0,2005-01-04,2020-12-31,3625
000837,秦川机床,1998-09-28,SZ,深主板,0,2005-01-04,2020-12-31,3773
000838,*ST发展,1997-06-26,SZ,深主板,0,2005-01-04,2020-12-31,3609
000839,国安股份,1997-10-31,SZ,深主板,0,2005-01-04,2020-12-31,3713
000848,承德露露,1997-11-13,SZ,深主板,0,2005-01-04,2020-12-31,3811
000850,华茂股份,1998-10-07,SZ,深主板,1,2005-01-04,2020-12-31,3695
000852,石化机械,1998-11-26,SZ,深主板,1,2005-01-04,2020-12-31,3691
000856,冀东装备,1998-08-13,SZ,深主板,0,2005-01-04,2020-12-31,3776
000858,五 粮 液,1998-04-27,SZ,深主板,0,2005-01-04,2020-12-31,3764
000859,国风新材,1998-11-19,SZ,深主板,0,2005-01-04,2020-12-31,3818
000860,顺鑫农业,1998-11-04,SZ,深主板,0,2005-01-04,2020-12-31,3802
000862,银星能源,1998-09-15,SZ,深主板,0,2005-01-04,2020-12-31,3440
000863,三湘印象,1997-09-25,SZ,深主板,0,2005-01-04,2020-12-31,2446
000868,安凯客车,1997-07-25,SZ,深主板,0,2005-01-04,2020-12-31,3714
000869,张  裕Ａ,2000-10-26,SZ,深主板,0,2005-01-04,2020-12-31,3837
000875,电投绿能,2002-09-26,SZ,深主板,0,2005-01-04,2020-12-31,3691
000876,新 希 望,1998-03-11,SZ,深主板,0,2005-01-04,2020-12-31,3656
000877,天山股份,1999-01-07,SZ,深主板,0,2005-01-04,2020-12-31,3790
000878,云南铜业,1998-06-02,SZ,深主板,0,2005-01-04,2020-12-31,3691
000880,潍柴重机,1998-04-02,SZ,深主板,0,2005-01-04,2020-12-31,3619
000881,中广核技,1998-09-02,SZ,深主板,0,2005-01-04,2020-12-31,3679
000882,华联股份,1998-06-16,SZ,深主板,1,2005-01-04,2020-12-31,3699
000883,湖北能源,1998-05-19,SZ,深主板,0,2005-01-04,2020-12-31,3613
000885,城发环境,1999-03-19,SZ,深主板,0,2005-01-04,2020-12-31,3613
000886,海南高速,1998-01-23,SZ,深主板,0,2005-01-04,2020-12-31,3815
000887,中鼎股份,1998-12-03,SZ,深主板,0,2005-01-04,2020-12-31,3537
000888,峨眉山Ａ,1997-10-21,SZ,深主板,0,2005-01-04,2020-12-31,3818
000889,中嘉博创,1997-12-18,SZ,深主板,0,2005-01-04,2020-12-31,3410
000890,法尔胜,1999-01-19,SZ,深主板,0,2005-01-04,2020-12-31,3668
000892,欢瑞世纪,1999-01-15,SZ,深主板,0,2005-01-04,2020-12-31,3120
000893,亚钾国际,1998-12-24,SZ,深主板,0,2005-01-04,2020-12-31,3469
000895,双汇发展,1998-12-10,SZ,深主板,0,2005-01-04,2020-12-31,3342
000897,津滨发展,1999-04-22,SZ,深主板,0,2005-01-04,2020-12-31,3785
000898,鞍钢股份,1997-12-25,SZ,深主板,0,2005-01-04,2020-12-31,3833
000899,赣能股份,1997-11-26,SZ,深主板,0,2005-01-04,2020-12-31,3770
000900,现代投资,1999-01-28,SZ,深主板,0,2005-01-04,2020-12-31,3653
000901,航天科技,1999-04-01,SZ,深主板,0,2005-01-04,2020-12-31,3672
000902,新洋丰,1999-04-08,SZ,深主板,0,2005-01-04,2020-12-31,3667
000903,ST云动,1999-04-15,SZ,深主板,1,2005-01-04,2020-12-31,3682
000905,厦门港务,1999-04-29,SZ,深主板,0,2005-01-04,2020-12-31,3789
000906,浙商中拓,1999-07-07,SZ,深主板,1,2005-01-04,2020-12-31,3681
000908,石药景峰,1999-02-03,SZ,深主板,0,2005-01-04,2020-12-31,3467
000909,*ST数源,1999-05-07,SZ,深主板,0,2005-01-04,2020-12-31,3824
000910,大亚圣象,1999-06-30,SZ,深主板,0,2005-01-04,2020-12-31,3812
000911,*ST广糖,1999-05-27,SZ,深主板,0,2005-01-04,2020-12-31,3763
000912,泸天化,1999-06-03,SZ,深主板,1,2005-01-04,2020-12-31,3403
000913,钱江摩托,1999-05-14,SZ,深主板,0,2005-01-04,2020-12-31,3794
000915,华特达因,1999-06-09,SZ,深主板,1,2005-01-04,2020-12-31,3848
000917,电广传媒,1999-03-25,SZ,深主板,0,2005-01-04,2020-12-31,3513
000919,金陵药业,1999-11-18,SZ,深主板,0,2005-01-04,2020-12-31,3855
000920,沃顿科技,1999-06-16,SZ,深主板,0,2005-01-04,2020-12-31,3487
000921,海信家电,1999-07-13,SZ,深主板,0,2005-01-04,2020-12-31,3545
000922,佳电股份,1999-06-18,SZ,深主板,0,2005-01-04,2020-12-31,3664
000923,河钢资源,1999-07-14,SZ,深主板,0,2005-01-04,2020-12-31,3687
000925,众合科技,1999-06-11,SZ,深主板,0,2005-01-04,2020-12-31,3131
000926,福星股份,1999-06-18,SZ,深主板,0,2005-01-04,2020-12-31,3791
000927,中国铁物,1999-07-27,SZ,深主板,0,2005-01-04,2020-12-30,3758
000928,中钢国际,1999-03-12,SZ,深主板,0,2005-01-04,2020-12-31,3710
000929,兰州黄河,1999-06-23,SZ,深主板,0,2005-01-04,2020-12-31,3659
000930,中粮科技,1999-07-12,SZ,深主板,0,2005-01-04,2020-12-31,3687
000931,中 关 村,1999-07-12,SZ,深主板,0,2005-01-04,2020-12-31,3595
000932,华菱钢铁,1999-08-03,SZ,深主板,0,2005-01-04,2020-12-31,3632
000933,神火股份,1999-08-31,SZ,深主板,1,2005-01-04,2020-12-31,3814
000935,四川双马,1999-08-24,SZ,深主板,0,2005-01-04,2020-12-31,3468
000936,华西股份,1999-08-10,SZ,深主板,1,2005-01-04,2020-12-31,3802
000937,冀中能源,1999-09-09,SZ,深主板,0,2005-01-04,2020-12-31,3809
000938,紫光股份,1999-11-04,SZ,深主板,0,2005-01-04,2020-12-31,3651
000948,南天信息,1999-10-14,SZ,深主板,0,2005-01-04,2020-12-31,3736
000949,新乡化纤,1999-10-21,SZ,深主板,0,2005-01-04,2020-12-31,3805
000950,重药控股,1999-09-16,SZ,深主板,0,2005-01-04,2020-12-31,3226
000951,中国重汽,1999-11-25,SZ,深主板,0,2005-01-04,2020-12-31,3855
000952,广济药业,1999-11-12,SZ,深主板,0,2005-01-04,2020-12-31,3705
000953,中哲精化,1999-12-02,SZ,深主板,1,2005-01-04,2020-12-31,3544
000955,欣龙控股,1999-12-09,SZ,深主板,0,2005-01-04,2020-12-31,3692
000957,中通客车,2000-01-13,SZ,深主板,0,2005-01-04,2020-12-31,3809
000958,电投产融,1999-12-23,SZ,深主板,0,2005-01-04,2020-12-31,3724
000959,首钢股份,1999-12-16,SZ,深主板,0,2005-01-04,2020-12-31,3469
000960,锡业股份,2000-02-21,SZ,深主板,0,2005-01-04,2020-12-31,3739
000962,东方钽业,2000-01-20,SZ,深主板,0,2005-01-04,2020-12-31,3593
000963,华东医药,2000-01-27,SZ,深主板,0,2005-01-04,2020-12-31,3735
000965,天保基建,2000-04-06,SZ,深主板,0,2005-01-04,2020-12-31,3698
000966,长源电力,2000-03-16,SZ,深主板,1,2005-01-04,2020-12-31,3821
000967,盈峰环境,2000-03-30,SZ,深主板,0,2005-01-04,2020-12-31,3565
000968,蓝焰控股,2000-06-22,SZ,深主板,1,2005-01-04,2020-12-31,3621
000969,安泰科技,2000-05-29,SZ,深主板,0,2005-01-04,2020-12-31,3754
000970,中科三环,2000-04-20,SZ,深主板,0,2005-01-04,2020-12-31,3822
000972,中基健康,2000-09-26,SZ,深主板,0,2005-01-04,2020-12-31,3488
000973,佛塑科技,2000-05-25,SZ,深主板,0,2005-01-04,2020-12-31,3711
000975,山金国际,2000-06-08,SZ,深主板,0,2005-01-04,2020-12-31,3386
000977,浪潮信息,2000-06-08,SZ,深主板,0,2005-01-04,2020-12-31,3776
000978,桂林旅游,2000-05-18,SZ,深主板,0,2005-01-04,2020-12-31,3773
000980,众泰汽车,2000-06-16,SZ,深主板,1,2005-01-04,2020-12-31,3667
000981,山子高科,2000-06-22,SZ,深主板,0,2005-01-04,2020-12-31,2762
000983,山西焦煤,2000-07-26,SZ,深主板,0,2005-01-04,2020-12-31,3848
000985,大庆华科,2000-07-26,SZ,深主板,0,2005-01-04,2020-12-31,3850
000987,越秀资本,2000-07-18,SZ,深主板,1,2005-01-04,2020-12-31,3676
000988,华工科技,2000-06-08,SZ,深主板,1,2005-01-04,2020-12-31,3817
000989,九芝堂,2000-06-28,SZ,深主板,0,2005-01-04,2020-12-31,3745
000990,诚志股份,2000-07-06,SZ,深主板,0,2005-01-04,2020-12-31,3575
000993,闽东电力,2000-07-31,SZ,深主板,0,2005-01-04,2020-12-31,3814
000995,皇台酒业,2000-08-07,SZ,深主板,0,2005-01-05,2020-12-31,3003
000997,新 大 陆,2000-08-07,SZ,深主板,0,2005-01-04,2020-12-31,3699
000998,隆平高科,2000-12-11,SZ,深主板,0,2005-01-04,2020-12-31,3669
000999,华润三九,2000-03-09,SZ,深主板,0,2005-01-04,2020-12-31,3626
001696,宗申动力,1997-03-06,SZ,深主板,0,2005-01-04,2020-12-31,3684
001872,招商港口,1993-05-05,SZ,深主板,0,2005-01-04,2020-12-31,3533
001896,豫能控股,1998-01-22,SZ,深主板,0,2005-01-04,2020-12-31,3652
001914,招商积余,1994-09-28,SZ,深主板,0,2005-01-04,2020-12-31,3683
002001,新 和 成,2004-06-25,SZ,中小板,0,2005-01-04,2020-12-31,3832
002003,伟星股份,2004-06-25,SZ,中小板,1,2005-01-04,2020-12-31,3727
002004,华邦健康,2004-06-25,SZ,中小板,0,2005-01-04,2020-12-31,3662
002005,德豪润达,2004-06-25,SZ,中小板,0,2005-01-04,2020-12-31,3553
002006,精工科技,2004-06-25,SZ,中小板,0,2005-01-04,2020-12-31,3477
002007,华兰生物,2004-06-25,SZ,中小板,0,2005-01-04,2020-12-31,3816
002008,大族激光,2004-06-25,SZ,中小板,0,2005-01-04,2020-12-31,3804
002009,天奇股份,2004-06-29,SZ,中小板,1,2005-01-04,2020-12-31,3697
002010,传化智联,2004-06-29,SZ,中小板,0,2005-01-04,2020-12-31,3712
002011,盾安环境,2004-07-05,SZ,中小板,0,2005-01-04,2020-12-31,3655
002012,凯恩股份,2004-07-05,SZ,中小板,1,2005-01-04,2020-12-31,3500
002014,永新股份,2004-07-08,SZ,中小板,0,2005-01-04,2020-12-31,3721
002015,协鑫能科,2004-07-08,SZ,中小板,1,2005-01-04,2020-12-31,3295
002016,世荣兆业,2004-07-08,SZ,中小板,0,2005-01-04,2020-12-31,3741
002017,东信和平,2004-07-13,SZ,中小板,0,2005-01-04,2020-12-31,3808
002019,亿帆医药,2004-07-13,SZ,中小板,0,2005-01-04,2020-12-31,3730
002020,京新药业,2004-07-15,SZ,中小板,0,2005-01-04,2020-12-31,3734
002021,中捷资源,2004-07-15,SZ,中小板,0,2005-01-04,2020-12-31,3461
002022,科华生物,2004-07-21,SZ,中小板,0,2005-01-04,2020-12-31,3815
002023,海特高新,2004-07-21,SZ,中小板,0,2005-01-04,2020-12-31,3831
002024,ST易购,2004-07-21,SZ,中小板,0,2005-01-04,2020-12-31,3824
002025,航天电器,2004-07-26,SZ,中小板,1,2005-01-04,2020-12-31,3649
002026,山东威达,2004-07-27,SZ,中小板,0,2005-01-04,2020-12-31,3732
002027,分众传媒,2004-08-04,SZ,中小板,1,2005-01-04,2020-12-31,3743
002028,思源电气,2004-08-05,SZ,中小板,0,2005-01-04,2020-12-31,3846
002029,七 匹 狼,2004-08-06,SZ,中小板,0,2005-01-04,2020-12-31,3827
002030,达安基因,2004-08-09,SZ,中小板,0,2005-01-04,2020-12-31,3782
002031,巨轮智能,2004-08-16,SZ,中小板,0,2005-01-04,2020-12-31,3792
002032,苏 泊 尔,2004-08-17,SZ,中小板,0,2005-01-04,2020-12-31,3788
002033,丽江股份,2004-08-25,SZ,中小板,0,2005-01-04,2020-12-31,3736
002034,旺能环境,2004-08-26,SZ,中小板,0,2005-01-04,2020-12-31,3696
002035,华帝股份,2004-09-01,SZ,中小板,0,2005-01-04,2020-12-31,3791
002036,联创电子,2004-09-03,SZ,中小板,0,2005-01-04,2020-12-31,3729
002037,保利联合,2004-09-08,SZ,中小板,0,2005-01-04,2020-12-31,3638
002038,双鹭药业,2004-09-09,SZ,中小板,0,2005-01-04,2020-12-31,3842
002039,黔源电力,2005-03-03,SZ,中小板,0,2005-03-03,2020-12-31,3774
002040,南 京 港,2005-03-25,SZ,中小板,0,2005-03-25,2020-12-31,3649
002041,登海种业,2005-04-18,SZ,中小板,0,2005-04-18,2020-12-31,3770
002042,华孚时尚,2005-04-27,SZ,中小板,0,2005-04-27,2020-12-31,3546
002043,兔 宝 宝,2005-05-10,SZ,中小板,0,2005-05-10,2020-12-31,3642
002044,美年健康,2005-05-18,SZ,中小板,0,2005-05-18,2020-12-31,3440
002045,国光电器,2005-05-23,SZ,中小板,1,2005-05-23,2020-12-31,3691
002046,国机精工,2005-05-26,SZ,中小板,0,2005-05-26,2020-12-31,3646
002047,宝鹰股份,2005-05-31,SZ,中小板,0,2005-05-31,2020-12-31,3498
002048,宁波华翔,2005-06-03,SZ,中小板,1,2005-06-03,2020-12-31,3610
002049,紫光国微,2005-06-06,SZ,中小板,0,2005-06-06,2020-12-31,3460
002050,三花智控,2005-06-07,SZ,中小板,0,2005-06-07,2020-12-31,3563
002051,中工国际,2006-06-19,SZ,中小板,0,2006-06-19,2020-12-31,3306
002052,同洲电子,2006-06-27,SZ,中小板,0,2006-06-27,2020-12-31,3225
002053,云南能投,2006-06-27,SZ,中小板,0,2006-06-27,2020-12-31,3093
002054,德美化工,2006-07-25,SZ,中小板,0,2006-07-25,2020-12-31,3476
002055,ST得润,2006-07-25,SZ,中小板,1,2006-07-25,2020-12-31,3399
002056,横店东磁,2006-08-02,SZ,中小板,0,2006-08-02,2020-12-31,3484
002057,中钢天源,2006-08-02,SZ,中小板,0,2006-08-02,2020-12-31,3248
002058,紫竹高科,2006-08-02,SZ,中小板,1,2006-08-02,2020-12-31,3458
002059,云南旅游,2006-08-10,SZ,中小板,0,2006-08-10,2020-12-31,3142
002060,广东建工,2006-08-10,SZ,中小板,0,2006-08-10,2020-12-31,3446
002061,浙江交科,2006-08-16,SZ,中小板,0,2006-08-16,2020-12-31,3240
002062,宏润建设,2006-08-16,SZ,中小板,0,2006-08-16,2020-12-31,3439
002063,远光软件,2006-08-23,SZ,中小板,0,2006-08-23,2020-12-31,3386
002064,华峰化学,2006-08-23,SZ,中小板,0,2006-08-23,2020-12-31,3472
002065,东华软件,2006-08-23,SZ,中小板,0,2006-08-23,2020-12-31,3122
002066,瑞泰科技,2006-08-23,SZ,中小板,0,2006-08-23,2020-12-31,3467
002067,景兴纸业,2006-09-15,SZ,中小板,1,2006-09-15,2020-12-31,3441
002068,黑猫股份,2006-09-15,SZ,中小板,0,2006-09-15,2020-12-31,3435
002069,獐子岛,2006-09-28,SZ,中小板,0,2006-09-28,2020-12-31,3278
002072,凯瑞德,2006-10-18,SZ,中小板,0,2006-10-18,2020-12-31,2909
002073,软控股份,2006-10-18,SZ,中小板,0,2006-10-18,2020-12-31,3396
002074,国轩高科,2006-10-18,SZ,中小板,0,2006-10-18,2020-12-31,3226
002075,沙钢股份,2006-10-25,SZ,中小板,0,2006-10-25,2020-12-31,2499
002076,星光股份,2006-10-25,SZ,中小板,0,2006-10-25,2020-12-31,3120
002077,大港股份,2006-11-16,SZ,中小板,0,2006-11-16,2020-12-31,3311
002078,太阳纸业,2006-11-16,SZ,中小板,0,2006-11-16,2020-12-31,3379
002079,苏州固锝,2006-11-16,SZ,中小板,0,2006-11-16,2020-12-31,3363
002080,中材科技,2006-11-20,SZ,中小板,1,2006-11-20,2020-12-31,3277
002081,金 螳 螂,2006-11-20,SZ,中小板,0,2006-11-20,2020-12-31,3362
002082,ST万邦,2006-11-20,SZ,中小板,1,2006-11-20,2020-12-31,3043
002083,孚日股份,2006-11-24,SZ,中小板,0,2006-11-24,2020-12-31,3411
002084,海鸥住工,2006-11-24,SZ,中小板,0,2006-11-24,2020-12-31,3360
002085,万丰奥威,2006-11-28,SZ,中小板,0,2006-11-28,2020-12-31,3261
002086,东方海洋,2006-11-28,SZ,中小板,0,2006-11-28,2020-12-31,3300
002088,鲁阳节能,2006-11-30,SZ,中小板,1,2006-11-30,2020-12-31,3345
002090,金智科技,2006-12-08,SZ,中小板,0,2006-12-08,2020-12-31,3272
002091,江苏国泰,2006-12-08,SZ,中小板,0,2006-12-08,2020-12-31,3267
002092,中泰化学,2006-12-08,SZ,中小板,1,2006-12-08,2020-12-31,3233
002093,国脉科技,2006-12-15,SZ,中小板,0,2006-12-15,2020-12-31,3362
002094,青岛金王,2006-12-15,SZ,中小板,0,2006-12-15,2020-12-31,3187
002095,生 意 宝,2006-12-15,SZ,中小板,0,2006-12-15,2020-12-31,3407
002096,易普力,2006-12-22,SZ,中小板,0,2006-12-22,2020-12-31,3331
002097,山河智能,2006-12-22,SZ,中小板,0,2006-12-22,2020-12-31,3287
002098,浔兴股份,2006-12-22,SZ,中小板,0,2006-12-22,2020-12-31,3065
002099,海翔药业,2006-12-26,SZ,中小板,1,2006-12-26,2020-12-31,3198
002100,天康生物,2006-12-26,SZ,中小板,0,2006-12-26,2020-12-31,3206
002101,广东鸿图,2006-12-29,SZ,中小板,0,2006-12-29,2020-12-31,3274
002102,ST能特,2006-12-29,SZ,中小板,1,2006-12-29,2020-12-31,3016
002103,广博股份,2007-01-10,SZ,中小板,0,2007-01-10,2020-12-31,3070
002104,恒宝股份,2007-01-10,SZ,中小板,0,2007-01-10,2020-12-31,3330
002105,信隆健康,2007-01-12,SZ,中小板,1,2007-01-12,2020-12-31,3369
002106,莱宝高科,2007-01-12,SZ,中小板,1,2007-01-12,2020-12-31,3237
002107,沃华医药,2007-01-24,SZ,中小板,1,2007-01-24,2020-12-31,3353
002108,沧州明珠,2007-01-24,SZ,中小板,0,2007-01-24,2020-12-31,3328
002109,ST兴化,2007-01-26,SZ,中小板,0,2007-01-26,2020-12-31,3192
002110,三钢闽光,2007-01-26,SZ,中小板,0,2007-01-26,2020-12-31,3091
002111,威海广泰,2007-01-26,SZ,中小板,0,2007-01-26,2020-12-31,3270
002112,三变科技,2007-02-08,SZ,中小板,0,2007-02-08,2020-12-31,3028
002114,罗平锌电,2007-02-15,SZ,中小板,0,2007-02-15,2020-12-31,3171
002115,三维通信,2007-02-15,SZ,中小板,0,2007-02-15,2020-12-23,3178
002116,中国海诚,2007-02-15,SZ,中小板,0,2007-02-15,2020-12-31,3293
002117,东港股份,2007-03-02,SZ,中小板,0,2007-03-02,2020-12-31,3337
002119,康强电子,2007-03-02,SZ,中小板,0,2007-03-02,2020-12-31,3235
002120,韵达股份,2007-03-06,SZ,中小板,0,2007-03-06,2020-12-31,3239
002121,科陆电子,2007-03-06,SZ,中小板,0,2007-03-06,2020-12-31,3175
002122,ST汇洲,2007-03-28,SZ,中小板,0,2007-03-28,2020-12-31,3140
002123,梦网科技,2007-03-28,SZ,中小板,0,2007-03-28,2020-12-31,3206
002124,天邦食品,2007-04-03,SZ,中小板,0,2007-04-03,2020-12-31,3275
002125,湘潭电化,2007-04-03,SZ,中小板,0,2007-04-03,2020-12-31,3195
002126,银轮股份,2007-04-18,SZ,中小板,0,2007-04-18,2020-12-31,3241
002127,南极电商,2007-04-18,SZ,中小板,0,2007-04-18,2020-12-31,2988
002128,电投能源,2007-04-18,SZ,中小板,0,2007-04-18,2020-12-31,3157
002129,TCL中环,2007-04-20,SZ,中小板,0,2007-04-20,2020-12-31,2788
002130,沃尔核材,2007-04-20,SZ,中小板,0,2007-04-20,2020-12-31,3237
002131,利欧股份,2007-04-27,SZ,中小板,0,2007-04-27,2020-12-31,2968
002132,恒星科技,2007-04-27,SZ,中小板,1,2007-04-27,2020-12-31,3205
002133,广宇集团,2007-04-27,SZ,中小板,0,2007-04-27,2020-12-31,3299
002134,天津普林,2007-05-16,SZ,中小板,0,2007-05-16,2020-12-31,3169
002135,东南网架,2007-05-30,SZ,中小板,0,2007-05-30,2020-12-31,3261
002136,安 纳 达,2007-05-30,SZ,中小板,0,2007-05-30,2020-12-31,3287
002137,实益达,2007-06-13,SZ,中小板,0,2007-06-13,2020-12-31,3104
002138,顺络电子,2007-06-13,SZ,中小板,0,2007-06-13,2020-12-31,3274
002139,拓邦股份,2007-06-29,SZ,中小板,0,2007-06-29,2020-12-31,3238
002140,东华科技,2007-07-12,SZ,中小板,0,2007-07-12,2020-12-31,3253
002141,贤丰控股,2007-07-20,SZ,中小板,0,2007-07-20,2020-12-31,3066
002142,宁波银行,2007-07-19,SZ,中小板,0,2007-07-19,2020-12-31,3259
002144,宏达高科,2007-08-03,SZ,中小板,0,2007-08-03,2020-12-31,3217
002145,钛能化学,2007-08-03,SZ,中小板,0,2007-08-03,2020-12-31,2870
002146,荣盛发展,2007-08-08,SZ,中小板,0,2007-08-08,2020-12-31,3209
002148,北纬科技,2007-08-10,SZ,中小板,0,2007-08-10,2020-12-31,3173
002149,西部材料,2007-08-10,SZ,中小板,1,2007-08-10,2020-12-31,3069
002150,正泰电源,2007-08-10,SZ,中小板,0,2007-08-10,2020-12-31,3179
002151,北斗星通,2007-08-13,SZ,中小板,0,2007-08-13,2020-12-31,3051
002152,广电运通,2007-08-13,SZ,中小板,0,2007-08-13,2020-12-31,3188
002153,石基信息,2007-08-13,SZ,中小板,0,2007-08-13,2020-12-31,3133
002154,报 喜 鸟,2007-08-16,SZ,中小板,0,2007-08-16,2020-12-31,3226
002155,湖南黄金,2007-08-16,SZ,中小板,0,2007-08-16,2020-12-31,3176
002156,通富微电,2007-08-16,SZ,中小板,0,2007-08-16,2020-12-31,3144
002157,正邦科技,2007-08-17,SZ,中小板,0,2007-08-17,2020-12-31,3140
002158,汉钟精机,2007-08-17,SZ,中小板,0,2007-08-17,2020-12-31,3233
002159,三特索道,2007-08-17,SZ,中小板,0,2007-08-17,2020-12-31,3090
002160,常铝股份,2007-08-21,SZ,中小板,0,2007-08-21,2020-12-31,2965
002161,远 望 谷,2007-08-21,SZ,中小板,0,2007-08-21,2020-12-31,3086
002162,悦心健康,2007-08-23,SZ,中小板,1,2007-08-23,2020-12-31,3093
002163,海南发展,2007-08-23,SZ,中小板,0,2007-08-23,2020-12-31,3076
002164,宁波东力,2007-08-23,SZ,中小板,0,2007-08-23,2020-12-31,3059
002165,红 宝 丽,2007-09-13,SZ,中小板,0,2007-09-13,2020-12-31,3136
002166,莱茵生物,2007-09-13,SZ,中小板,0,2007-09-13,2020-12-31,3098
002167,东方锆业,2007-09-13,SZ,中小板,1,2007-09-13,2020-12-31,3065
002168,ST惠程,2007-09-19,SZ,中小板,0,2007-09-19,2020-12-31,2804
002169,智光电气,2007-09-19,SZ,中小板,0,2007-09-19,2020-12-31,3146
002170,芭田股份,2007-09-19,SZ,中小板,0,2007-09-19,2020-12-31,3103
002171,楚江新材,2007-09-21,SZ,中小板,0,2007-09-21,2020-12-31,2973
002172,澳洋健康,2007-09-21,SZ,中小板,0,2007-09-21,2020-12-31,3120
002173,创新医疗,2007-09-25,SZ,中小板,0,2007-09-25,2020-12-31,3046
002174,游族网络,2007-09-25,SZ,中小板,1,2007-09-25,2020-12-31,2948
002175,*ST东智,2007-10-12,SZ,中小板,0,2007-10-12,2020-12-31,2813
002176,江特电机,2007-10-12,SZ,中小板,0,2007-10-12,2020-12-31,3063
002177,御银股份,2007-11-01,SZ,中小板,0,2007-11-01,2020-12-31,3154
002178,延华智能,2007-11-01,SZ,中小板,0,2007-11-01,2020-12-31,3090
002179,中航光电,2007-11-01,SZ,中小板,0,2007-11-01,2020-12-31,3187
002180,奔图科技,2007-11-13,SZ,中小板,0,2007-11-13,2020-12-31,2854
002181,粤 传 媒,2007-11-16,SZ,中小板,0,2007-11-16,2020-12-31,3078
002182,宝武镁业,2007-11-13,SZ,中小板,0,2007-11-13,2020-12-31,3168
002183,怡 亚 通,2007-11-13,SZ,中小板,0,2007-11-13,2020-12-31,3023
002184,海得控制,2007-11-16,SZ,中小板,0,2007-11-16,2020-12-31,3138
002185,华天科技,2007-11-20,SZ,中小板,0,2007-11-20,2020-12-31,3166
002186,全 聚 德,2007-11-20,SZ,中小板,0,2007-11-20,2020-12-31,3164
002187,广百股份,2007-11-22,SZ,中小板,0,2007-11-22,2020-12-31,3160
002188,中天服务,2007-11-22,SZ,中小板,1,2007-11-22,2020-12-31,2992
002189,中光学,2007-12-03,SZ,中小板,0,2007-12-03,2020-12-31,2983
002190,成飞集成,2007-12-03,SZ,中小板,0,2007-12-03,2020-12-31,2917
002191,劲嘉股份,2007-12-05,SZ,中小板,0,2007-12-05,2020-12-31,3038
002192,融捷股份,2007-12-05,SZ,中小板,0,2007-12-05,2020-12-31,3045
002193,ST如意,2007-12-07,SZ,中小板,0,2007-12-07,2020-12-31,2936
002194,武汉凡谷,2007-12-07,SZ,中小板,0,2007-12-07,2020-12-31,3122
002195,岩山科技,2007-12-12,SZ,中小板,0,2007-12-12,2020-12-31,3078
002196,方正电机,2007-12-12,SZ,中小板,0,2007-12-12,2020-12-31,3012
002197,证通电子,2007-12-18,SZ,中小板,0,2007-12-18,2020-12-31,3114
002198,ST嘉应,2007-12-18,SZ,中小板,0,2007-12-18,2020-12-31,3017
002199,东晶电子,2007-12-21,SZ,中小板,1,2007-12-21,2020-12-31,2936
002200,交投生态,2007-12-21,SZ,中小板,0,2007-12-21,2020-12-31,3007
002201,九鼎新材,2007-12-26,SZ,中小板,1,2007-12-26,2020-12-31,2934
002202,金风科技,2007-12-26,SZ,中小板,0,2007-12-26,2020-12-31,3136
002203,海亮股份,2008-01-16,SZ,中小板,0,2008-01-16,2020-12-31,2907
002204,大连重工,2008-01-16,SZ,中小板,0,2008-01-16,2020-12-31,3116
002205,国统股份,2008-01-23,SZ,中小板,0,2008-01-23,2020-12-31,3114
002206,海 利 得,2008-01-23,SZ,中小板,0,2008-01-23,2020-12-31,3100
002207,*ST准油,2008-01-28,SZ,中小板,0,2008-01-28,2020-12-31,2779
002208,合肥城建,2008-01-28,SZ,中小板,0,2008-01-28,2020-12-31,3079
002209,达 意 隆,2008-01-30,SZ,中小板,0,2008-01-30,2020-12-31,2963
002210,飞马国际,2008-01-30,SZ,中小板,0,2008-01-30,2020-12-31,2888
002211,ST宏达,2008-02-01,SZ,中小板,0,2008-02-01,2020-12-31,2738
002212,天融信,2008-02-01,SZ,中小板,0,2008-02-01,2020-12-31,2870
002213,大为股份,2008-02-01,SZ,中小板,1,2008-02-01,2020-12-31,3060
002214,大立科技,2008-02-18,SZ,中小板,0,2008-02-18,2020-12-31,2970
002215,诺 普 信,2008-02-18,SZ,中小板,0,2008-02-18,2020-12-31,3055
002216,三全食品,2008-02-20,SZ,中小板,1,2008-02-20,2020-12-31,3106
002217,ST合力泰,2008-02-20,SZ,中小板,0,2008-02-20,2020-12-31,2922
002218,拓日新能,2008-02-28,SZ,中小板,0,2008-02-28,2020-12-31,3101
002219,新里程,2008-03-06,SZ,中小板,0,2008-03-06,2020-12-31,2638
002221,东华能源,2008-03-06,SZ,中小板,0,2008-03-06,2020-12-31,3063
002222,福晶科技,2008-03-19,SZ,中小板,0,2008-03-19,2020-12-31,3106
002223,鱼跃医疗,2008-04-18,SZ,中小板,0,2008-04-18,2020-12-31,3010
002224,三 力 士,2008-04-25,SZ,中小板,0,2008-04-25,2020-12-31,2961
002225,濮耐股份,2008-04-25,SZ,中小板,0,2008-04-25,2020-12-31,2953
002226,江南化工,2008-05-06,SZ,中小板,0,2008-05-06,2020-12-31,2713
002227,*ST特迅,2008-05-06,SZ,中小板,0,2008-05-06,2020-12-31,3046
002228,合兴包装,2008-05-08,SZ,中小板,1,2008-05-08,2020-12-31,2923
002229,鸿博股份,2008-05-08,SZ,中小板,1,2008-05-08,2020-12-31,3037
002230,科大讯飞,2008-05-12,SZ,中小板,0,2008-05-12,2020-12-31,2990
002232,启明信息,2008-05-09,SZ,中小板,0,2008-05-09,2020-12-31,3055
002233,塔牌集团,2008-05-16,SZ,中小板,0,2008-05-16,2020-12-31,3018
002234,民和股份,2008-05-16,SZ,中小板,1,2008-05-16,2020-12-31,3053
002235,安妮股份,2008-05-16,SZ,中小板,0,2008-05-16,2020-12-31,2854
002236,大华股份,2008-05-20,SZ,中小板,0,2008-05-20,2020-12-31,3047
002237,恒邦股份,2008-05-20,SZ,中小板,0,2008-05-20,2020-12-31,3038
002238,天威视讯,2008-05-26,SZ,中小板,1,2008-05-26,2020-12-31,2905
002239,奥特佳,2008-05-22,SZ,中小板,0,2008-05-22,2020-12-31,2544
002240,盛新锂能,2008-05-23,SZ,中小板,0,2008-05-23,2020-12-31,2777
002241,歌尔股份,2008-05-22,SZ,中小板,0,2008-05-22,2020-12-31,3039
002242,九阳股份,2008-05-28,SZ,中小板,1,2008-05-28,2020-12-31,3029
002243,力合科创,2008-05-28,SZ,中小板,1,2008-05-28,2020-12-31,3031
002244,滨江集团,2008-05-29,SZ,中小板,0,2008-05-29,2020-12-31,3044
002245,蔚蓝锂芯,2008-06-05,SZ,中小板,0,2008-06-05,2020-12-31,3008
002246,北化股份,2008-06-05,SZ,中小板,0,2008-06-05,2020-12-31,2828
002247,聚力文化,2008-06-12,SZ,中小板,1,2008-06-12,2020-12-31,2932
002248,华东数控,2008-06-12,SZ,中小板,0,2008-06-12,2020-12-31,2780
002249,大洋电机,2008-06-19,SZ,中小板,0,2008-06-19,2020-12-31,2926
002250,联化科技,2008-06-19,SZ,中小板,0,2008-06-19,2020-12-31,3020
002251,步步高,2008-06-19,SZ,中小板,0,2008-06-19,2020-12-31,2967
002252,上海莱士,2008-06-23,SZ,中小板,0,2008-06-23,2020-12-31,2564
002253,川大智胜,2008-06-23,SZ,中小板,0,2008-06-23,2020-12-31,3020
002254,泰和新材,2008-06-25,SZ,中小板,0,2008-06-25,2020-12-31,2975
002255,海陆重工,2008-06-25,SZ,中小板,0,2008-06-25,2020-12-31,2839
002256,兆新股份,2008-06-25,SZ,中小板,0,2008-06-25,2020-12-31,2661
002258,利尔化学,2008-07-08,SZ,中小板,0,2008-07-08,2020-12-31,2999
002259,升达林业,2008-07-16,SZ,中小板,0,2008-07-16,2020-12-31,2780
002261,拓维信息,2008-07-23,SZ,中小板,0,2008-07-23,2020-12-31,2851
002262,恩华药业,2008-07-23,SZ,中小板,0,2008-07-23,2020-12-31,3021
002263,大东南,2008-07-28,SZ,中小板,0,2008-07-28,2020-12-31,2536
002264,新 华 都,2008-07-31,SZ,中小板,0,2008-07-31,2020-12-31,2802
002265,建设工业,2008-08-06,SZ,中小板,1,2008-08-06,2020-12-31,2904
002266,浙富控股,2008-08-06,SZ,中小板,0,2008-08-06,2020-12-31,2854
002267,陕天然气,2008-08-13,SZ,中小板,0,2008-08-13,2020-12-31,2999
002268,电科网安,2008-08-11,SZ,中小板,0,2008-08-11,2020-12-31,2886
002269,美邦服饰,2008-08-28,SZ,中小板,0,2008-08-28,2020-12-31,2945
002270,华明装备,2008-09-05,SZ,中小板,1,2008-09-05,2020-12-31,2789
002271,东方雨虹,2008-09-10,SZ,中小板,0,2008-09-10,2020-12-31,2966
002272,川润股份,2008-09-19,SZ,中小板,0,2008-09-19,2020-12-31,2772
002273,水晶光电,2008-09-19,SZ,中小板,0,2008-09-19,2020-12-31,2910
002274,华昌化工,2008-09-25,SZ,中小板,0,2008-09-25,2020-12-31,2937
002275,桂林三金,2009-07-10,SZ,中小板,0,2009-07-10,2020-12-31,2783
002276,万马股份,2009-07-10,SZ,中小板,0,2009-07-10,2020-12-31,2688
002277,友阿股份,2009-07-17,SZ,中小板,0,2009-07-17,2020-12-31,2766
002278,神开股份,2009-08-11,SZ,中小板,0,2009-08-11,2020-12-31,2551
002279,久其软件,2009-08-11,SZ,中小板,0,2009-08-11,2020-12-31,2616
002281,光迅科技,2009-08-21,SZ,中小板,1,2009-08-21,2020-12-31,2697
002282,博深股份,2009-08-21,SZ,中小板,0,2009-08-21,2020-12-31,2590
002283,天润工业,2009-08-21,SZ,中小板,0,2009-08-21,2020-12-31,2612
002284,亚太股份,2009-08-28,SZ,中小板,0,2009-08-28,2020-12-31,2716
002285,世联行,2009-08-28,SZ,中小板,0,2009-08-28,2020-12-31,2718
002286,保龄宝,2009-08-28,SZ,中小板,1,2009-08-28,2020-12-31,2597
002287,奇正藏药,2009-08-28,SZ,中小板,0,2009-08-28,2020-12-31,2747
002289,宇顺电子,2009-09-03,SZ,中小板,0,2009-09-03,2020-12-31,2317
002290,禾盛新材,2009-09-03,SZ,中小板,0,2009-09-03,2020-12-31,2607
002291,遥望科技,2009-09-03,SZ,中小板,1,2009-09-03,2020-12-31,2609
002292,奥飞娱乐,2009-09-10,SZ,中小板,0,2009-09-10,2020-12-31,2598
002293,罗莱生活,2009-09-10,SZ,中小板,0,2009-09-10,2020-12-31,2718
002294,信立泰,2009-09-10,SZ,中小板,0,2009-09-10,2020-12-31,2745
002295,精艺股份,2009-09-29,SZ,中小板,0,2009-09-29,2020-12-31,2639
002296,辉煌科技,2009-09-29,SZ,中小板,0,2009-09-29,2020-12-31,2588
002297,博云新材,2009-09-29,SZ,中小板,0,2009-09-29,2020-12-31,2489
002298,中电鑫龙,2009-09-29,SZ,中小板,1,2009-09-29,2020-12-31,2580
002299,圣农发展,2009-10-21,SZ,中小板,0,2009-10-21,2020-12-31,2599
002300,太阳电缆,2009-10-21,SZ,中小板,0,2009-10-21,2020-12-31,2716
002301,齐心集团,2009-10-21,SZ,中小板,1,2009-10-21,2020-12-31,2365
002302,西部建设,2009-11-03,SZ,中小板,0,2009-11-03,2020-12-31,2609
002303,美盈森,2009-11-03,SZ,中小板,0,2009-11-03,2020-12-31,2577
002304,洋河股份,2009-11-06,SZ,中小板,0,2009-11-06,2020-12-31,2702
002305,*ST南置,2009-11-06,SZ,中小板,0,2009-11-06,2020-12-31,2619
002306,ST云网,2009-11-11,SZ,中小板,1,2009-11-11,2020-12-31,2287
002307,北新路桥,2009-11-11,SZ,中小板,0,2009-11-11,2020-12-31,2678
002309,中利集团,2009-11-27,SZ,中小板,1,2009-11-27,2020-12-31,2498
002310,东方新能,2009-11-27,SZ,中小板,0,2009-11-27,2020-12-31,2466
002311,海大集团,2009-11-27,SZ,中小板,0,2009-11-27,2020-12-31,2674
002312,川发龙蟒,2009-12-03,SZ,中小板,1,2009-12-03,2020-12-31,2295
002313,日海智能,2009-12-03,SZ,中小板,1,2009-12-03,2020-12-31,2555
002314,南山控股,2009-12-03,SZ,中小板,0,2009-12-03,2020-12-31,2497
002315,焦点科技,2009-12-09,SZ,中小板,0,2009-12-09,2020-12-31,2685
002316,亚联发展,2009-12-09,SZ,中小板,0,2009-12-09,2020-12-31,2242
002317,众生药业,2009-12-11,SZ,中小板,0,2009-12-11,2020-12-31,2617
002318,久立特材,2009-12-11,SZ,中小板,0,2009-12-11,2020-12-31,2653
002319,乐通股份,2009-12-11,SZ,中小板,1,2009-12-11,2020-12-31,2466
002320,海峡股份,2009-12-16,SZ,中小板,0,2009-12-16,2020-12-31,2528
002321,华英农业,2009-12-16,SZ,中小板,0,2009-12-16,2020-12-31,2621
002322,理工能科,2009-12-18,SZ,中小板,0,2009-12-18,2020-12-31,2548
002323,*ST雅博,2009-12-18,SZ,中小板,0,2009-12-18,2020-12-31,2225
002324,普利特,2009-12-18,SZ,中小板,0,2009-12-18,2020-12-31,2589
002326,永太科技,2009-12-22,SZ,中小板,0,2009-12-22,2020-12-31,2566
002327,富安娜,2009-12-30,SZ,中小板,0,2009-12-30,2020-12-31,2663
002328,新朋股份,2009-12-30,SZ,中小板,0,2009-12-30,2020-12-31,2601
002329,皇氏集团,2010-01-06,SZ,中小板,0,2010-01-06,2020-12-31,2507
002330,得利斯,2010-01-06,SZ,中小板,0,2010-01-06,2020-12-31,2591
002331,皖通科技,2010-01-06,SZ,中小板,0,2010-01-06,2020-12-31,2331
002332,仙琚制药,2010-01-12,SZ,中小板,0,2010-01-12,2020-12-31,2641
002333,罗普斯金,2010-01-12,SZ,中小板,0,2010-01-12,2020-12-31,2631
002334,英威腾,2010-01-13,SZ,中小板,1,2010-01-13,2020-12-31,2635
002335,科华数据,2010-01-13,SZ,中小板,0,2010-01-13,2020-12-31,2544
002337,赛象科技,2010-01-15,SZ,中小板,0,2010-01-15,2020-12-31,2618
002338,奥普光电,2010-01-15,SZ,中小板,0,2010-01-15,2020-12-31,2619
002339,积成电子,2010-01-22,SZ,中小板,0,2010-01-22,2020-12-31,2600
002340,格林美,2010-01-22,SZ,中小板,0,2010-01-22,2020-12-31,2572
002342,巨力索具,2010-01-26,SZ,中小板,1,2010-01-26,2020-12-31,2626
002343,慈文传媒,2010-01-26,SZ,中小板,1,2010-01-26,2020-12-31,2465
002344,海宁皮城,2010-01-26,SZ,中小板,0,2010-01-26,2020-12-31,2552
002345,潮宏基,2010-01-28,SZ,中小板,0,2010-01-28,2020-12-31,2442
002346,柘中股份,2010-01-28,SZ,中小板,0,2010-01-28,2020-12-31,2463
002347,泰尔股份,2010-01-28,SZ,中小板,0,2010-01-28,2020-12-31,2494
002348,高乐股份,2010-02-03,SZ,中小板,0,2010-02-03,2020-12-31,2510
002349,精华制药,2010-02-03,SZ,中小板,0,2010-02-03,2020-12-31,2425
002350,北京科锐,2010-02-03,SZ,中小板,0,2010-02-03,2020-12-31,2604
002351,漫步者,2010-02-05,SZ,中小板,0,2010-02-05,2020-12-31,2619
002352,顺丰控股,2010-02-05,SZ,中小板,0,2010-02-05,2020-12-31,2596
002353,杰瑞股份,2010-02-05,SZ,中小板,0,2010-02-05,2020-12-31,2531
002354,天娱数科,2010-02-09,SZ,中小板,1,2010-02-09,2020-12-31,2313
002355,兴民智通,2010-02-09,SZ,中小板,0,2010-02-09,2020-12-31,2529
002356,鹏飞绿能,2010-02-09,SZ,中小板,1,2010-02-09,2020-12-31,2346
002357,富临运业,2010-02-10,SZ,中小板,0,2010-02-10,2020-12-31,2440
002358,森源电气,2010-02-10,SZ,中小板,1,2010-02-10,2020-12-31,2429
002360,ST同德,2010-03-03,SZ,中小板,0,2010-03-03,2020-12-31,2534
002361,神剑股份,2010-03-03,SZ,中小板,0,2010-03-03,2020-12-31,2533
002362,汉王科技,2010-03-03,SZ,中小板,0,2010-03-03,2020-12-31,2630
002363,隆基机械,2010-03-05,SZ,中小板,1,2010-03-05,2020-12-31,2609
002364,中恒电气,2010-03-05,SZ,中小板,1,2010-03-05,2020-12-31,2572
002365,永安药业,2010-03-05,SZ,中小板,0,2010-03-05,2020-12-31,2629
002366,融发核电,2010-03-12,SZ,中小板,0,2010-03-12,2020-12-31,2424
002367,康力电梯,2010-03-12,SZ,中小板,0,2010-03-12,2020-12-31,2558
002368,太极股份,2010-03-12,SZ,中小板,0,2010-03-12,2020-12-31,2402
002369,卓翼科技,2010-03-16,SZ,中小板,0,2010-03-16,2020-12-31,2382
002370,亚太药业,2010-03-16,SZ,中小板,1,2010-03-16,2020-12-31,2496
002371,北方华创,2010-03-16,SZ,中小板,0,2010-03-16,2020-12-31,2546
002372,伟星新材,2010-03-18,SZ,中小板,0,2010-03-18,2020-12-31,2614
002373,千方科技,2010-03-18,SZ,中小板,0,2010-03-18,2020-12-31,2339
002374,中锐股份,2010-03-18,SZ,中小板,0,2010-03-18,2020-12-31,2518
002375,亚厦股份,2010-03-23,SZ,中小板,0,2010-03-23,2020-12-31,2566
002376,新北洋,2010-03-23,SZ,中小板,0,2010-03-23,2020-12-31,2547
002377,国创高新,2010-03-23,SZ,中小板,0,2010-03-23,2020-12-31,2407
002378,章源钨业,2010-03-31,SZ,中小板,0,2010-03-31,2020-12-31,2582
002379,宏桥控股,2010-03-31,SZ,中小板,0,2010-03-31,2020-12-31,2265
002380,科远智慧,2010-03-31,SZ,中小板,0,2010-03-31,2020-12-31,2599
002381,双箭股份,2010-04-02,SZ,中小板,0,2010-04-02,2020-12-31,2571
002382,蓝帆医疗,2010-04-02,SZ,中小板,0,2010-04-02,2020-12-31,2418
002383,合众思壮,2010-04-02,SZ,中小板,1,2010-04-02,2020-12-31,2393
002384,东山精密,2010-04-09,SZ,中小板,0,2010-04-09,2020-12-31,2399
002385,大北农,2010-04-09,SZ,中小板,0,2010-04-09,2020-12-31,2566
002386,天原股份,2010-04-09,SZ,中小板,0,2010-04-09,2020-12-31,2565
002387,维信诺,2010-04-13,SZ,中小板,0,2010-04-13,2020-12-31,2457
002388,新亚制程,2010-04-13,SZ,中小板,0,2010-04-13,2020-12-31,2440
002389,航天彩虹,2010-04-13,SZ,中小板,0,2010-04-13,2020-12-31,2327
002390,信邦制药,2010-04-16,SZ,中小板,0,2010-04-16,2020-12-31,2445
002391,长青股份,2010-04-16,SZ,中小板,0,2010-04-16,2020-12-31,2597
002392,北京利尔,2010-04-23,SZ,中小板,0,2010-04-23,2020-12-31,2457
002393,力生制药,2010-04-23,SZ,中小板,0,2010-04-23,2020-12-31,2594
002394,联发股份,2010-04-23,SZ,中小板,0,2010-04-23,2020-12-31,2591
002395,双象股份,2010-04-29,SZ,中小板,0,2010-04-29,2020-12-31,2555
002396,星网锐捷,2010-06-23,SZ,中小板,1,2010-06-23,2020-12-31,2354
002397,梦洁股份,2010-04-29,SZ,中小板,0,2010-04-29,2020-12-31,2583
002398,垒知集团,2010-05-06,SZ,中小板,1,2010-05-06,2020-12-31,2467
002399,海普瑞,2010-05-06,SZ,中小板,0,2010-05-06,2020-12-31,2355
002400,省广集团,2010-05-06,SZ,中小板,1,2010-05-06,2020-12-31,2361
002401,中远海科,2010-05-06,SZ,中小板,0,2010-05-06,2020-12-31,2501
002402,和而泰,2010-05-11,SZ,中小板,0,2010-05-11,2020-12-31,2561
002403,爱仕达,2010-05-11,SZ,中小板,0,2010-05-11,2020-12-31,2539
002404,嘉欣丝绸,2010-05-11,SZ,中小板,0,2010-05-11,2020-12-31,2544
002405,四维图新,2010-05-18,SZ,中小板,0,2010-05-18,2020-12-31,2443
002406,远东传动,2010-05-18,SZ,中小板,1,2010-05-18,2020-12-31,2555
002407,多氟多,2010-05-18,SZ,中小板,1,2010-05-18,2020-12-31,2488
002408,齐翔腾达,2010-05-18,SZ,中小板,1,2010-05-18,2020-12-31,2411
002409,雅克科技,2010-05-25,SZ,中小板,0,2010-05-25,2020-12-31,2276
002410,广联达,2010-05-25,SZ,中小板,0,2010-05-25,2020-12-31,2535
002412,汉森制药,2010-05-25,SZ,中小板,0,2010-05-25,2020-12-31,2452
002413,雷科防务,2010-05-28,SZ,中小板,1,2010-05-28,2020-12-31,2322
002414,高德红外,2010-07-16,SZ,中小板,1,2010-07-16,2020-12-31,2454
002415,海康威视,2010-05-28,SZ,中小板,0,2010-05-28,2020-12-31,2523
002416,爱施德,2010-05-28,SZ,中小板,0,2010-05-28,2020-12-31,2500
002418,康盛股份,2010-06-01,SZ,中小板,0,2010-06-01,2020-12-31,2357
002419,天虹股份,2010-06-01,SZ,中小板,0,2010-06-01,2020-12-31,2568
002420,毅昌科技,2010-06-01,SZ,中小板,0,2010-06-01,2020-12-31,2563
002421,达实智能,2010-06-03,SZ,中小板,0,2010-06-03,2020-12-31,2456
002422,科伦药业,2010-06-03,SZ,中小板,0,2010-06-03,2020-12-31,2546
002423,中粮资本,2010-06-03,SZ,中小板,0,2010-06-03,2020-12-31,2401
002424,ST百灵,2010-06-03,SZ,中小板,0,2010-06-03,2020-12-31,2555
002425,凯撒文化,2010-06-08,SZ,中小板,0,2010-06-08,2020-12-31,2366
002426,胜利精密,2010-06-08,SZ,中小板,0,2010-06-08,2020-12-31,2240
002427,尤夫股份,2010-06-08,SZ,中小板,1,2010-06-08,2020-12-31,2366
002428,云南锗业,2010-06-08,SZ,中小板,0,2010-06-08,2020-12-31,2554
002429,兆驰股份,2010-06-10,SZ,中小板,0,2010-06-10,2020-12-31,2474
002430,杭氧股份,2010-06-10,SZ,中小板,0,2010-06-10,2020-12-31,2544
002431,ST棕榈,2010-06-10,SZ,中小板,1,2010-06-10,2020-12-31,2402
002432,九安医疗,2010-06-10,SZ,中小板,0,2010-06-10,2020-12-31,2523
002434,万里扬,2010-06-18,SZ,中小板,1,2010-06-18,2020-12-31,2418
002436,兴森科技,2010-06-18,SZ,中小板,0,2010-06-18,2020-12-31,2403
002437,誉衡药业,2010-06-23,SZ,中小板,0,2010-06-23,2020-12-31,2291
002438,江苏神通,2010-06-23,SZ,中小板,0,2010-06-23,2020-12-31,2434
002439,启明星辰,2010-06-23,SZ,中小板,0,2010-06-23,2020-12-31,2318
002440,闰土股份,2010-07-06,SZ,中小板,0,2010-07-06,2020-12-31,2488
002441,众业达,2010-07-06,SZ,中小板,1,2010-07-06,2020-12-31,2498
002442,龙星科技,2010-07-06,SZ,中小板,1,2010-07-06,2020-12-31,2250
002443,金洲管道,2010-07-06,SZ,中小板,1,2010-07-06,2020-12-31,2297
002444,巨星科技,2010-07-13,SZ,中小板,1,2010-07-13,2020-12-31,2538
002445,中南文化,2010-07-13,SZ,中小板,0,2010-07-13,2020-12-31,2218
002446,盛路通信,2010-07-13,SZ,中小板,0,2010-07-13,2020-12-31,2404
002448,中原内配,2010-07-16,SZ,中小板,0,2010-07-16,2020-12-31,2533
002449,国星光电,2010-07-16,SZ,中小板,1,2010-07-16,2020-12-31,2490
002451,摩恩电气,2010-07-20,SZ,中小板,0,2010-07-20,2020-12-31,2386
002452,长高电气,2010-07-20,SZ,中小板,0,2010-07-20,2020-12-31,2385
002453,华软科技,2010-07-20,SZ,中小板,0,2010-07-20,2020-12-31,2321
002454,松芝股份,2010-07-20,SZ,中小板,0,2010-07-20,2020-12-31,2488
002455,百川股份,2010-08-03,SZ,中小板,1,2010-08-03,2020-12-31,2483
002456,欧菲光,2010-08-03,SZ,中小板,0,2010-08-03,2020-12-31,2461
002457,青龙管业,2010-08-03,SZ,中小板,0,2010-08-03,2020-12-31,2526
002458,益生股份,2010-08-10,SZ,中小板,1,2010-08-10,2020-12-31,2414
002459,晶澳科技,2010-08-10,SZ,中小板,0,2010-08-10,2020-12-31,2437
002460,赣锋锂业,2010-08-10,SZ,中小板,0,2010-08-10,2020-12-31,2439
002461,珠江啤酒,2010-08-18,SZ,中小板,0,2010-08-18,2020-12-31,2470
002462,嘉事堂,2010-08-18,SZ,中小板,0,2010-08-18,2020-12-31,2413
002463,沪电股份,2010-08-18,SZ,中小板,0,2010-08-18,2020-12-31,2513
002465,海格通信,2010-08-31,SZ,中小板,0,2010-08-31,2020-12-31,2365
002466,天齐锂业,2010-08-31,SZ,中小板,0,2010-08-31,2020-12-31,2354
002467,二六三,2010-09-08,SZ,中小板,0,2010-09-08,2020-12-31,2439
002468,申通快递,2010-09-08,SZ,中小板,1,2010-09-08,2020-12-31,2371
002469,三维化学,2010-09-08,SZ,中小板,0,2010-09-08,2020-12-31,2411
002470,金正大,2010-09-08,SZ,中小板,0,2010-09-08,2020-12-31,2393
002471,中超控股,2010-09-10,SZ,中小板,0,2010-09-10,2020-12-31,2387
002472,双环传动,2010-09-10,SZ,中小板,0,2010-09-10,2020-12-31,2489
002474,榕基软件,2010-09-15,SZ,中小板,0,2010-09-15,2020-12-31,2433
002475,立讯精密,2010-09-15,SZ,中小板,0,2010-09-15,2020-12-31,2474
002476,新叶股份,2010-09-15,SZ,中小板,0,2010-09-15,2020-12-31,2350
002478,常宝股份,2010-09-21,SZ,中小板,0,2010-09-21,2020-12-31,2412
002479,富春环保,2010-09-21,SZ,中小板,0,2010-09-21,2020-12-31,2451
002480,新筑股份,2010-09-21,SZ,中小板,0,2010-09-21,2020-12-31,2460
002481,双塔食品,2010-09-21,SZ,中小板,0,2010-09-21,2020-12-31,2363
002482,广田集团,2010-09-29,SZ,中小板,0,2010-09-29,2020-12-31,2442
002483,润邦股份,2010-09-29,SZ,中小板,0,2010-09-29,2020-12-31,2343
002484,江海股份,2010-09-29,SZ,中小板,0,2010-09-29,2020-12-31,2489
002485,ST雪发,2010-10-15,SZ,中小板,0,2010-10-15,2020-12-31,2146
002486,嘉麟杰,2010-10-15,SZ,中小板,0,2010-10-15,2020-12-31,2257
002487,大金重工,2010-10-15,SZ,中小板,0,2010-10-15,2020-12-31,2463
002488,金固股份,2010-10-21,SZ,中小板,0,2010-10-21,2020-12-31,2451
002489,浙江永强,2010-10-21,SZ,中小板,1,2010-10-21,2020-12-31,2445
002490,山东墨龙,2010-10-21,SZ,中小板,1,2010-10-21,2020-12-31,2478
002491,通鼎互联,2010-10-21,SZ,中小板,1,2010-10-21,2020-12-31,2241
002492,恒基达鑫,2010-11-02,SZ,中小板,0,2010-11-02,2020-12-31,2184
002493,荣盛石化,2010-11-02,SZ,中小板,0,2010-11-02,2020-12-31,2464
002494,华斯股份,2010-11-02,SZ,中小板,0,2010-11-02,2020-12-31,2444
002495,佳隆股份,2010-11-02,SZ,中小板,0,2010-11-02,2020-12-31,2461
002496,辉丰股份,2010-11-09,SZ,中小板,0,2010-11-09,2020-12-31,2441
002497,雅化集团,2010-11-09,SZ,中小板,1,2010-11-09,2020-12-31,2410
002498,汉缆股份,2010-11-09,SZ,中小板,0,2010-11-09,2020-12-31,2393
002500,山西证券,2010-11-15,SZ,中小板,1,2010-11-15,2020-12-31,2341
002501,*ST利源,2010-11-17,SZ,中小板,0,2010-11-17,2020-12-31,2441
002506,协鑫集成,2010-11-18,SZ,中小板,0,2010-11-18,2020-12-31,2053
002507,涪陵榨菜,2010-11-23,SZ,中小板,0,2010-11-23,2020-12-31,2267
002508,老板电器,2010-11-23,SZ,中小板,0,2010-11-23,2020-12-31,2453
002510,天汽模,2010-11-25,SZ,中小板,1,2010-11-25,2020-12-31,2375
002511,中顺洁柔,2010-11-25,SZ,中小板,0,2010-11-25,2020-12-31,2415
002512,ST达华,2010-12-03,SZ,中小板,1,2010-12-03,2020-12-31,2032
002513,蓝丰生化,2010-12-03,SZ,中小板,0,2010-12-03,2020-12-31,2247
002514,*ST宝馨,2010-12-03,SZ,中小板,0,2010-12-03,2020-12-31,2211
002515,金字火腿,2010-12-03,SZ,中小板,1,2010-12-03,2020-12-31,2206
002516,旷达科技,2010-12-07,SZ,中小板,0,2010-12-07,2020-12-31,2412
002517,恺英网络,2010-12-07,SZ,中小板,0,2010-12-07,2020-12-31,2173
002518,科士达,2010-12-07,SZ,中小板,0,2010-12-07,2020-12-31,2418
002519,银河电子,2010-12-07,SZ,中小板,0,2010-12-07,2020-12-31,2311
002520,日发精机,2010-12-10,SZ,中小板,0,2010-12-10,2020-12-31,2241
002521,齐峰新材,2010-12-10,SZ,中小板,0,2010-12-10,2020-12-31,2437
002522,浙江众成,2010-12-10,SZ,中小板,0,2010-12-10,2020-12-31,2412
002523,天桥起重,2010-12-10,SZ,中小板,0,2010-12-10,2020-12-31,2328
002524,光正眼科,2010-12-17,SZ,中小板,0,2010-12-17,2020-12-31,2188
002526,山东矿机,2010-12-17,SZ,中小板,0,2010-12-17,2020-12-31,2237
002527,新时达,2010-12-24,SZ,中小板,1,2010-12-24,2020-12-31,2283
002528,*ST英飞,2010-12-24,SZ,中小板,0,2010-12-24,2020-12-31,2312
002529,海源复材,2010-12-24,SZ,中小板,0,2010-12-24,2020-12-31,2314
002530,金财互联,2010-12-31,SZ,中小板,0,2010-12-31,2020-12-31,2269
002531,天顺风能,2010-12-31,SZ,中小板,0,2010-12-31,2020-12-31,2383
002532,天山铝业,2010-12-31,SZ,中小板,0,2010-12-31,2020-12-31,2313
002533,金杯电工,2010-12-31,SZ,中小板,0,2010-12-31,2020-12-31,2404
002534,西子洁能,2011-01-10,SZ,中小板,1,2011-01-10,2020-12-31,2374
002535,林州重机,2011-01-11,SZ,中小板,0,2011-01-11,2020-12-31,2309
002536,飞龙股份,2011-01-11,SZ,中小板,0,2011-01-11,2020-12-31,2410
002537,海联金汇,2011-01-10,SZ,中小板,0,2011-01-10,2020-12-31,2273
002538,ST司特,2011-01-18,SZ,中小板,0,2011-01-18,2020-12-31,2370
002539,云图控股,2011-01-18,SZ,中小板,0,2011-01-18,2020-12-31,2384
002540,亚太科技,2011-01-18,SZ,中小板,0,2011-01-18,2020-12-31,2406
002541,鸿路钢构,2011-01-18,SZ,中小板,1,2011-01-18,2020-12-31,2408
002542,*ST中岩,2011-01-28,SZ,中小板,0,2011-01-28,2020-12-31,2224
002543,万和电气,2011-01-28,SZ,中小板,1,2011-01-28,2020-12-31,2377
002544,普天科技,2011-01-28,SZ,中小板,1,2011-01-28,2020-12-31,2254
002545,东方铁塔,2011-02-11,SZ,中小板,0,2011-02-11,2020-12-31,2173
002546,新联电子,2011-02-11,SZ,中小板,0,2011-02-11,2020-12-31,2333
002547,*ST春兴,2011-02-18,SZ,中小板,0,2011-02-18,2020-12-31,2199
002548,金新农,2011-02-18,SZ,中小板,0,2011-02-18,2020-12-31,2311
002549,凯美特气,2011-02-18,SZ,中小板,0,2011-02-18,2020-12-31,2292
002550,千红制药,2011-02-18,SZ,中小板,0,2011-02-18,2020-12-31,2398
002551,尚荣医疗,2011-02-25,SZ,中小板,0,2011-02-25,2020-12-31,2242
002552,宝鼎科技,2011-02-25,SZ,中小板,0,2011-02-25,2020-12-31,2314
002553,南方精工,2011-02-25,SZ,中小板,0,2011-02-25,2020-12-31,2271
002554,惠博普,2011-02-25,SZ,中小板,0,2011-02-25,2020-12-31,2360
002555,三七互娱,2011-03-02,SZ,中小板,0,2011-03-02,2020-12-31,2110
002556,辉隆股份,2011-03-02,SZ,中小板,0,2011-03-02,2020-12-31,2372
002557,洽洽食品,2011-03-02,SZ,中小板,0,2011-03-02,2020-12-31,2351
002558,巨人网络,2011-03-02,SZ,中小板,0,2011-03-02,2020-12-31,2024
002559,亚威股份,2011-03-03,SZ,中小板,1,2011-03-03,2020-12-31,2327
002560,通达股份,2011-03-03,SZ,中小板,0,2011-03-03,2020-12-31,2249
002561,徐家汇,2011-03-03,SZ,中小板,0,2011-03-03,2020-12-31,2392
002562,兄弟科技,2011-03-10,SZ,中小板,0,2011-03-10,2020-12-31,2346
002563,森马服饰,2011-03-11,SZ,中小板,0,2011-03-11,2020-12-31,2371
002564,天沃科技,2011-03-10,SZ,中小板,0,2011-03-10,2020-12-31,2254
002565,顺灏股份,2011-03-18,SZ,中小板,0,2011-03-18,2020-12-31,2308
002566,益盛药业,2011-03-18,SZ,中小板,0,2011-03-18,2020-12-31,2316
002567,唐人神,2011-03-25,SZ,中小板,0,2011-03-25,2020-12-31,2153
002568,百润股份,2011-03-25,SZ,中小板,1,2011-03-25,2020-12-31,2305
002569,*ST步森,2011-04-12,SZ,中小板,0,2011-04-12,2020-12-31,1828
002570,贝因美,2011-04-12,SZ,中小板,0,2011-04-12,2020-12-31,2250
002571,德力股份,2011-04-12,SZ,中小板,0,2011-04-12,2020-12-31,1965
002572,索菲亚,2011-04-12,SZ,中小板,0,2011-04-12,2020-12-31,2335
002573,清新环境,2011-04-22,SZ,中小板,0,2011-04-22,2020-12-31,2113
002574,明牌珠宝,2011-04-22,SZ,中小板,1,2011-04-22,2020-12-31,2175
002575,群兴玩具,2011-04-22,SZ,中小板,0,2011-04-22,2020-12-31,1910
002576,通达动力,2011-04-28,SZ,中小板,0,2011-04-28,2020-12-31,1988
002577,雷柏科技,2011-04-28,SZ,中小板,0,2011-04-28,2020-12-31,2204
002578,闽发铝业,2011-04-28,SZ,中小板,0,2011-04-28,2020-12-31,2186
002579,中京电子,2011-05-06,SZ,中小板,0,2011-05-06,2020-12-31,2074
002580,圣阳股份,2011-05-06,SZ,中小板,0,2011-05-06,2020-12-31,2189
002581,*ST未名,2011-05-20,SZ,中小板,0,2011-05-20,2020-12-31,2231
002582,好想你,2011-05-20,SZ,中小板,1,2011-05-20,2020-12-31,2206
002583,海能达,2011-05-27,SZ,中小板,1,2011-05-27,2020-12-31,2283
002584,西陇科学,2011-06-02,SZ,中小板,1,2011-06-02,2020-12-31,2102
002585,双星新材,2011-06-02,SZ,中小板,0,2011-06-02,2020-12-31,2323
002586,围海股份,2011-06-02,SZ,中小板,1,2011-06-02,2020-12-31,2124
002587,奥拓电子,2011-06-10,SZ,中小板,0,2011-06-10,2020-12-31,2201
002588,史丹利,2011-06-10,SZ,中小板,0,2011-06-10,2020-12-31,2320
002589,瑞康医药,2011-06-10,SZ,中小板,0,2011-06-10,2020-12-31,2212
002590,万安科技,2011-06-10,SZ,中小板,0,2011-06-10,2020-12-31,2288
002591,恒大高新,2011-06-21,SZ,中小板,0,2011-06-21,2020-12-31,2159
002592,ST八菱,2011-11-11,SZ,中小板,1,2011-11-11,2020-12-31,2024
002593,日上集团,2011-06-28,SZ,中小板,0,2011-06-28,2020-12-31,2295
002594,比亚迪,2011-06-30,SZ,中小板,0,2011-06-30,2020-12-31,2302
002595,豪迈科技,2011-06-28,SZ,中小板,0,2011-06-28,2020-12-31,2312
002596,海南瑞泽,2011-07-07,SZ,中小板,0,2011-07-07,2020-12-31,2053
002597,金禾实业,2011-07-07,SZ,中小板,0,2011-07-07,2020-12-31,2276
002598,ST章鼓,2011-07-07,SZ,中小板,0,2011-07-07,2020-12-31,2232
002599,盛通股份,2011-07-15,SZ,中小板,0,2011-07-15,2020-12-31,2207
002600,领益智造,2011-07-15,SZ,中小板,1,2011-07-15,2020-12-31,2047
002601,龙佰集团,2011-07-15,SZ,中小板,0,2011-07-15,2020-12-31,2197
002602,世纪华通,2011-07-28,SZ,中小板,0,2011-07-28,2020-12-31,1825
002603,以岭药业,2011-07-28,SZ,中小板,1,2011-07-28,2020-12-31,2274
002605,姚记科技,2011-08-05,SZ,中小板,0,2011-08-05,2020-12-31,2126
002606,大连电瓷,2011-08-05,SZ,中小板,0,2011-08-05,2020-12-31,2071
002607,中公教育,2011-08-10,SZ,中小板,0,2011-08-10,2020-12-31,2109
002608,江苏国信,2011-08-10,SZ,中小板,0,2011-08-10,2020-12-31,1886
002609,捷顺科技,2011-08-15,SZ,中小板,1,2011-08-15,2020-12-31,2256
002611,东方精工,2011-08-30,SZ,中小板,0,2011-08-30,2020-12-31,2023
002612,朗姿股份,2011-08-30,SZ,中小板,0,2011-08-30,2020-12-31,2069
002613,北玻股份,2011-08-30,SZ,中小板,0,2011-08-30,2020-12-31,2261
002614,奥佳华,2011-09-09,SZ,中小板,0,2011-09-09,2020-12-31,2226
002615,哈尔斯,2011-09-09,SZ,中小板,0,2011-09-09,2020-12-31,2251
002616,长青集团,2011-09-20,SZ,中小板,0,2011-09-20,2020-12-31,2147
002617,露笑科技,2011-09-20,SZ,中小板,0,2011-09-20,2020-12-31,1896
002620,*ST瑞和,2011-09-29,SZ,中小板,0,2011-09-29,2020-12-31,2197
002622,皓宸医疗,2011-10-18,SZ,中小板,0,2011-10-18,2020-12-31,1844
002623,亚玛顿,2011-10-13,SZ,中小板,1,2011-10-13,2020-12-31,2234
002624,完美世界,2011-10-28,SZ,中小板,1,2011-10-28,2020-12-31,1847
002625,光启技术,2011-11-03,SZ,中小板,0,2011-11-03,2020-12-31,1918
002626,金达威,2011-10-28,SZ,中小板,1,2011-10-28,2020-12-31,2140
002627,三峡旅游,2011-11-03,SZ,中小板,0,2011-11-03,2020-12-31,2208
002628,成都路桥,2011-11-03,SZ,中小板,0,2011-11-03,2020-12-31,2199
002629,仁智股份,2011-11-03,SZ,中小板,0,2011-11-03,2020-12-31,1908
002630,*ST华西,2011-11-11,SZ,中小板,0,2011-11-11,2020-12-31,1965
002631,德尔未来,2011-11-11,SZ,中小板,0,2011-11-11,2020-12-31,2063
002632,道明光学,2011-11-22,SZ,中小板,0,2011-11-22,2020-12-31,2086
002633,申科股份,2011-11-22,SZ,中小板,0,2011-11-22,2020-12-31,1909
002634,*ST棒杰,2011-12-05,SZ,中小板,0,2011-12-05,2020-12-31,2186
002635,安洁科技,2011-11-25,SZ,中小板,0,2011-11-25,2020-12-31,2112
002636,金安国纪,2011-11-25,SZ,中小板,1,2011-11-25,2020-12-31,2092
002637,赞宇科技,2011-11-25,SZ,中小板,0,2011-11-25,2020-12-31,2135
002638,勤上股份,2011-11-25,SZ,中小板,0,2011-11-25,2020-12-31,1854
002639,雪人集团,2011-12-05,SZ,中小板,0,2011-12-05,2020-12-31,1997
002640,跨境通,2011-12-08,SZ,中小板,0,2011-12-08,2020-12-31,2031
002641,公元股份,2011-12-08,SZ,中小板,0,2011-12-08,2020-12-31,2203
002642,荣联科技,2011-12-20,SZ,中小板,0,2011-12-20,2020-12-31,1943
002643,万润股份,2011-12-20,SZ,中小板,0,2011-12-20,2020-12-31,2076
002644,佛慈制药,2011-12-22,SZ,中小板,0,2011-12-22,2020-12-31,2184
002645,华宏科技,2011-12-20,SZ,中小板,0,2011-12-20,2020-12-31,2039
002646,天佑德酒,2011-12-22,SZ,中小板,0,2011-12-22,2020-12-31,2194
002647,仁东控股,2011-12-28,SZ,中小板,1,2011-12-28,2020-12-31,1641
002648,卫星化学,2011-12-28,SZ,中小板,1,2011-12-28,2020-12-31,2165
002649,博彦科技,2012-01-06,SZ,中小板,0,2012-01-06,2020-12-31,2119
002650,ST加加,2012-01-06,SZ,中小板,0,2012-01-06,2020-12-31,1856
002651,利君股份,2012-01-06,SZ,中小板,0,2012-01-06,2020-12-31,2140
002652,扬子新材,2012-01-19,SZ,中小板,0,2012-01-19,2020-12-31,1889
002653,海思科,2012-01-17,SZ,中小板,0,2012-01-17,2020-12-31,2173
002654,万润科技,2012-02-17,SZ,中小板,0,2012-02-17,2020-12-31,1838
002655,共达电声,2012-02-17,SZ,中小板,0,2012-02-17,2020-12-31,1947
002656,摩登大道,2012-02-28,SZ,中小板,0,2012-02-28,2020-12-31,1866
002657,中科金财,2012-02-28,SZ,中小板,0,2012-02-28,2020-12-31,2084
002658,雪迪龙,2012-03-09,SZ,中小板,0,2012-03-09,2020-12-31,2135
002659,凯文教育,2012-03-09,SZ,中小板,1,2012-03-09,2020-12-31,1948
002660,茂硕电源,2012-03-16,SZ,中小板,0,2012-03-16,2020-12-31,1966
002661,克明食品,2012-03-16,SZ,中小板,0,2012-03-16,2020-12-31,2071
002662,峰璟股份,2012-03-09,SZ,中小板,0,2012-03-09,2020-12-31,1963
002663,普邦股份,2012-03-16,SZ,中小板,0,2012-03-16,2020-12-31,1911
002664,信质集团,2012-03-16,SZ,中小板,0,2012-03-16,2020-12-31,1929
002666,德联集团,2012-03-27,SZ,中小板,0,2012-03-27,2020-12-31,2125
002667,*ST威领,2012-03-29,SZ,中小板,0,2012-03-29,2020-12-31,1952
002668,TCL智家,2012-04-16,SZ,中小板,0,2012-04-16,2020-12-31,1901
002669,康达新材,2012-04-16,SZ,中小板,0,2012-04-16,2020-12-31,1910
002670,国盛证券,2012-04-16,SZ,中小板,0,2012-04-16,2020-12-31,1913
002671,龙泉股份,2012-04-26,SZ,中小板,0,2012-04-26,2020-12-31,2011
002672,东江环保,2012-04-26,SZ,中小板,0,2012-04-26,2020-12-31,2013
002673,西部证券,2012-05-03,SZ,中小板,0,2012-05-03,2020-12-31,2092
002674,兴业科技,2012-05-07,SZ,中小板,0,2012-05-07,2020-12-31,2088
002675,东诚药业,2012-05-25,SZ,中小板,0,2012-05-25,2020-12-31,1713
002676,顺威股份,2012-05-25,SZ,中小板,0,2012-05-25,2020-12-31,1859
002677,浙江美大,2012-05-25,SZ,中小板,0,2012-05-25,2020-12-31,2030
002678,珠江钢琴,2012-05-30,SZ,中小板,0,2012-05-30,2020-12-31,2056
002679,福建金森,2012-06-05,SZ,中小板,0,2012-06-05,2020-12-31,2011
002681,奋达科技,2012-06-05,SZ,中小板,0,2012-06-05,2020-12-31,1936
002682,龙洲股份,2012-06-12,SZ,中小板,0,2012-06-12,2020-12-31,1990
002683,广东宏大,2012-06-12,SZ,中小板,0,2012-06-12,2020-12-31,1915
002685,华东重机,2012-06-12,SZ,中小板,1,2012-06-12,2020-12-31,1868
002686,亿利达,2012-07-03,SZ,中小板,0,2012-07-03,2020-12-31,1968
002687,乔治白,2012-07-13,SZ,中小板,0,2012-07-13,2020-12-31,2057
002688,金河生物,2012-07-13,SZ,中小板,0,2012-07-13,2020-12-31,1981
002689,ST远智,2012-07-17,SZ,中小板,0,2012-07-17,2020-12-31,2041
002690,美亚光电,2012-07-31,SZ,中小板,0,2012-07-31,2020-12-31,2044
002691,*ST冀凯,2012-07-31,SZ,中小板,0,2012-07-31,2020-12-31,1843
002692,远程股份,2012-08-08,SZ,中小板,0,2012-08-08,2020-12-31,1947
002693,双成药业,2012-08-08,SZ,中小板,0,2012-08-08,2020-12-31,1956
002694,*ST顾地,2012-08-16,SZ,中小板,0,2012-08-16,2020-12-31,1779
002695,煌上煌,2012-09-05,SZ,中小板,0,2012-09-05,2020-12-31,2009
002696,百洋股份,2012-09-05,SZ,中小板,0,2012-09-05,2020-12-31,1818
002697,红旗连锁,2012-09-05,SZ,中小板,0,2012-09-05,2020-12-31,1953
002698,博实股份,2012-09-11,SZ,中小板,0,2012-09-11,2020-12-31,2000
002700,万憬能源,2012-09-21,SZ,中小板,0,2012-09-21,2020-12-31,1993
002701,奥瑞金,2012-10-11,SZ,中小板,0,2012-10-11,2020-12-31,1925
002702,海欣食品,2012-10-11,SZ,中小板,0,2012-10-11,2020-12-31,1943
002703,浙江世宝,2012-11-02,SZ,中小板,1,2012-11-02,2020-12-31,1829
002705,新宝股份,2014-01-21,SZ,中小板,0,2014-01-21,2020-12-31,1694
002706,良信股份,2014-01-21,SZ,中小板,0,2014-01-21,2020-12-31,1681
002707,众信旅游,2014-01-23,SZ,中小板,0,2014-01-23,2020-12-31,1441
002708,光洋股份,2014-01-21,SZ,中小板,0,2014-01-21,2020-12-31,1615
002709,天赐材料,2014-01-23,SZ,中小板,0,2014-01-23,2020-12-31,1665
002712,思美传媒,2014-01-23,SZ,中小板,0,2014-01-23,2020-12-31,1495
002713,东易日盛,2014-02-19,SZ,中小板,0,2014-02-19,2020-12-31,1643
002714,牧原股份,2014-01-28,SZ,中小板,0,2014-01-28,2020-12-31,1664
002715,登云股份,2014-02-19,SZ,中小板,0,2014-02-19,2020-12-31,1665
002716,湖南白银,2014-01-28,SZ,中小板,0,2014-01-28,2020-12-31,1509
002717,*ST岭南,2014-02-19,SZ,中小板,0,2014-02-19,2020-12-31,1516
002718,友邦吊顶,2014-01-28,SZ,中小板,0,2014-01-28,2020-12-31,1664
002719,ST麦趣,2014-01-28,SZ,中小板,0,2014-01-28,2020-12-31,1420
002721,金一文化,2014-01-27,SZ,中小板,0,2014-01-27,2020-12-31,1290
002722,物产金轮,2014-01-28,SZ,中小板,0,2014-01-28,2020-12-31,1599
002723,小崧股份,2014-01-29,SZ,中小板,0,2014-01-29,2020-12-31,1593
002724,海洋王,2014-11-04,SZ,中小板,0,2014-11-04,2020-12-31,1432
002725,跃岭股份,2014-01-29,SZ,中小板,0,2014-01-29,2020-12-31,1557
002726,ST龙大,2014-06-26,SZ,中小板,0,2014-06-26,2020-12-31,1517
002727,一心堂,2014-07-02,SZ,中小板,0,2014-07-02,2020-12-31,1490
002728,特一药业,2014-07-31,SZ,中小板,0,2014-07-31,2020-12-31,1435
002729,好利科技,2014-09-12,SZ,中小板,1,2014-09-12,2020-12-31,1439
002730,电光科技,2014-10-09,SZ,中小板,1,2014-10-09,2020-12-31,1390
002731,*ST萃华,2014-11-04,SZ,中小板,0,2014-11-04,2020-12-31,1492
002732,燕塘乳业,2014-12-05,SZ,中小板,0,2014-12-05,2020-12-31,1469
002733,雄韬股份,2014-12-03,SZ,中小板,0,2014-12-03,2020-12-31,1467
002735,王子新材,2014-12-03,SZ,中小板,0,2014-12-03,2020-12-31,1267
002736,国信证券,2014-12-29,SZ,中小板,0,2014-12-29,2020-12-31,1458
002737,葵花药业,2014-12-30,SZ,中小板,0,2014-12-30,2020-12-31,1464
002738,中矿资源,2014-12-30,SZ,中小板,0,2014-12-30,2020-12-31,1336
300001,特锐德,2009-10-30,SZ,创业板,0,2009-10-30,2020-12-31,2626
300002,神州泰岳,2009-10-30,SZ,创业板,1,2009-10-30,2020-12-31,2598
300003,乐普医疗,2009-10-30,SZ,创业板,0,2009-10-30,2020-12-31,2598
300004,南风股份,2009-10-30,SZ,创业板,0,2009-10-30,2020-12-31,2545
300005,探路者,2009-10-30,SZ,创业板,1,2009-10-30,2020-12-31,2636
300006,莱美药业,2009-10-30,SZ,创业板,0,2009-10-30,2020-12-31,2585
300007,汉威科技,2009-10-30,SZ,创业板,0,2009-10-30,2020-12-31,2589
300008,天海防务,2009-10-30,SZ,创业板,0,2009-10-30,2020-12-31,2532
300009,安科生物,2009-10-30,SZ,创业板,0,2009-10-30,2020-12-31,2578
300010,ST豆神,2009-10-30,SZ,创业板,1,2009-10-30,2020-12-31,2378
300011,鼎汉技术,2009-10-30,SZ,创业板,0,2009-10-30,2020-12-31,2533
300012,华测检测,2009-10-30,SZ,创业板,0,2009-10-30,2020-12-31,2620
300013,新宁物流,2009-10-30,SZ,创业板,1,2009-10-30,2020-12-31,2541
300014,亿纬锂能,2009-10-30,SZ,创业板,0,2009-10-30,2020-12-31,2657
300015,爱尔眼科,2009-10-30,SZ,创业板,0,2009-10-30,2020-12-31,2695
300016,北陆药业,2009-10-30,SZ,创业板,0,2009-10-30,2020-12-31,2628
300017,网宿科技,2009-10-30,SZ,创业板,0,2009-10-30,2020-12-31,2665
300018,中元股份,2009-10-30,SZ,创业板,0,2009-10-30,2020-12-31,2633
300019,硅宝科技,2009-10-30,SZ,创业板,0,2009-10-30,2020-12-31,2637
300020,ST银江,2009-10-30,SZ,创业板,1,2009-10-30,2020-12-31,2541
300021,大禹节水,2009-10-30,SZ,创业板,1,2009-10-30,2020-12-31,2681
300022,吉峰科技,2009-10-30,SZ,创业板,0,2009-10-30,2020-12-31,2518
300024,机器人,2009-10-30,SZ,创业板,0,2009-10-30,2020-12-31,2709
300025,华星创业,2009-10-30,SZ,创业板,0,2009-10-30,2020-12-31,2302
300026,红日药业,2009-10-30,SZ,创业板,0,2009-10-30,2020-12-31,2596
300027,ST华谊,2009-10-30,SZ,创业板,0,2009-10-30,2020-12-31,2523
300030,阳普医疗,2009-12-25,SZ,创业板,0,2009-12-25,2020-12-31,2483
300031,宝通科技,2009-12-25,SZ,创业板,1,2009-12-25,2020-12-31,2541
300032,金龙机电,2009-12-25,SZ,创业板,0,2009-12-25,2020-12-31,2450
300033,同花顺,2009-12-25,SZ,创业板,0,2009-12-25,2020-12-31,2659
300034,钢研高纳,2009-12-25,SZ,创业板,1,2009-12-25,2020-12-31,2580
300035,中科电气,2009-12-25,SZ,创业板,0,2009-12-25,2020-12-31,2542
300036,超图软件,2009-12-25,SZ,创业板,0,2009-12-25,2020-12-31,2596
300037,新宙邦,2010-01-08,SZ,创业板,0,2010-01-08,2020-12-31,2581
300039,上海凯宝,2010-01-08,SZ,创业板,0,2010-01-08,2020-12-31,2661
300040,九洲集团,2010-01-08,SZ,创业板,0,2010-01-08,2020-12-31,2432
300041,回天新材,2010-01-08,SZ,创业板,0,2010-01-08,2020-12-31,2616
300042,朗科科技,2010-01-08,SZ,创业板,0,2010-01-08,2020-12-31,2640
300043,星辉娱乐,2010-01-20,SZ,创业板,0,2010-01-20,2020-12-31,2321
300044,*ST赛为,2010-01-20,SZ,创业板,0,2010-01-20,2020-12-31,2459
300045,华力创通,2010-01-20,SZ,创业板,0,2010-01-20,2020-12-31,2608
300046,台基股份,2010-01-20,SZ,创业板,0,2010-01-20,2020-12-31,2516
300047,天源迪科,2010-01-20,SZ,创业板,0,2010-01-20,2020-12-31,2455
300048,合康新能,2010-01-20,SZ,创业板,0,2010-01-20,2020-12-31,2578
300049,福瑞医科,2010-01-20,SZ,创业板,0,2010-01-20,2020-12-31,2424
300050,世纪鼎利,2010-01-20,SZ,创业板,0,2010-01-20,2020-12-31,2514
300051,琏升科技,2010-02-11,SZ,创业板,0,2010-02-11,2020-12-31,2418
300052,中青宝,2010-02-11,SZ,创业板,0,2010-02-11,2020-12-31,2440
300053,航宇微,2010-02-11,SZ,创业板,0,2010-02-11,2020-12-31,2471
300054,鼎龙股份,2010-02-11,SZ,创业板,0,2010-02-11,2020-12-31,2512
300055,万邦达,2010-02-26,SZ,创业板,0,2010-02-26,2020-12-31,2569
300056,中创环保,2010-02-26,SZ,创业板,0,2010-02-26,2020-12-31,2321
300057,万顺新材,2010-02-26,SZ,创业板,1,2010-02-26,2020-12-31,2438
300058,蓝色光标,2010-02-26,SZ,创业板,0,2010-02-26,2020-12-31,2432
300059,东方财富,2010-03-19,SZ,创业板,0,2010-03-19,2020-12-31,2560
300061,旗天科技,2010-03-19,SZ,创业板,1,2010-03-19,2020-12-31,2461
300062,中能电气,2010-03-19,SZ,创业板,1,2010-03-19,2020-12-31,2473
300063,天龙集团,2010-03-26,SZ,创业板,0,2010-03-26,2020-12-31,2338
300065,海兰信,2010-03-26,SZ,创业板,1,2010-03-26,2020-12-31,2394
300066,三川智慧,2010-03-26,SZ,创业板,0,2010-03-26,2020-12-31,2568
300067,安诺其,2010-04-21,SZ,创业板,0,2010-04-21,2020-12-31,2505
300068,ST南都,2010-04-21,SZ,创业板,0,2010-04-21,2020-12-31,2508
300069,金利华电,2010-04-21,SZ,创业板,0,2010-04-21,2020-12-31,2492
300070,碧水源,2010-04-21,SZ,创业板,0,2010-04-21,2020-12-31,2518
300071,福石控股,2010-04-21,SZ,创业板,0,2010-04-21,2020-12-31,2038
300072,海新能科,2010-04-27,SZ,创业板,0,2010-04-27,2020-12-31,2530
300073,当升科技,2010-04-27,SZ,创业板,0,2010-04-27,2020-12-31,2478
300074,华平股份,2010-04-27,SZ,创业板,1,2010-04-27,2020-12-31,2524
300075,数字政通,2010-04-27,SZ,创业板,0,2010-04-27,2020-12-31,2504
300076,*ST宁视,2010-04-30,SZ,创业板,0,2010-04-30,2020-12-31,2461
300077,国民技术,2010-04-30,SZ,创业板,0,2010-04-30,2020-12-31,2518
300078,思创智联,2010-04-30,SZ,创业板,0,2010-04-30,2020-12-31,2508
300079,数码视讯,2010-04-30,SZ,创业板,0,2010-04-30,2020-12-31,2567
300080,易成新能,2010-06-25,SZ,创业板,1,2010-06-25,2020-12-31,2203
300081,ST恒信,2010-05-20,SZ,创业板,0,2010-05-20,2020-12-31,2381
300082,奥克股份,2010-05-20,SZ,创业板,0,2010-05-20,2020-12-31,2559
300083,创世纪,2010-05-20,SZ,创业板,0,2010-05-20,2020-12-31,2460
300084,海默科技,2010-05-20,SZ,创业板,0,2010-05-20,2020-12-31,2466
300085,银之杰,2010-05-26,SZ,创业板,0,2010-05-26,2020-12-31,2364
300086,康芝药业,2010-05-26,SZ,创业板,0,2010-05-26,2020-12-31,2395
300087,ST荃银,2010-05-26,SZ,创业板,0,2010-05-26,2020-12-31,2334
300088,长信科技,2010-05-26,SZ,创业板,1,2010-05-26,2020-12-31,2122
300091,*ST金灵,2010-06-25,SZ,创业板,0,2010-06-25,2020-12-31,2468
300092,科新机电,2010-07-08,SZ,创业板,0,2010-07-08,2020-12-31,2386
300093,金刚光伏,2010-07-08,SZ,创业板,0,2010-07-08,2020-12-31,2290
300094,国联水产,2010-07-08,SZ,创业板,0,2010-07-08,2020-12-31,2438
300095,华伍股份,2010-07-28,SZ,创业板,1,2010-07-28,2020-12-31,2461
300096,ST易联众,2010-07-28,SZ,创业板,0,2010-07-28,2020-12-31,2405
300097,智云股份,2010-07-28,SZ,创业板,0,2010-07-28,2020-12-31,2434
300098,高新兴,2010-07-28,SZ,创业板,1,2010-07-28,2020-12-31,2319
300099,尤洛卡,2010-08-06,SZ,创业板,1,2010-08-06,2020-12-31,2355
300100,双林股份,2010-08-06,SZ,创业板,1,2010-08-06,2020-12-31,2260
300101,振芯科技,2010-08-06,SZ,创业板,1,2010-08-06,2020-12-31,2446
300102,乾照光电,2010-08-12,SZ,创业板,1,2010-08-12,2020-12-31,2433
300103,达刚控股,2010-08-12,SZ,创业板,0,2010-08-12,2020-12-31,2432
300105,龙源技术,2010-08-20,SZ,创业板,0,2010-08-20,2020-12-31,2517
300106,西部牧业,2010-08-20,SZ,创业板,0,2010-08-20,2020-12-31,2458
300107,建新股份,2010-08-20,SZ,创业板,0,2010-08-20,2020-12-31,2514
300109,新开源,2010-08-25,SZ,创业板,0,2010-08-25,2020-12-31,2163
300110,华仁药业,2010-08-25,SZ,创业板,0,2010-08-25,2020-12-31,2279
300111,向日葵,2010-08-27,SZ,创业板,0,2010-08-27,2020-12-31,2308
300112,万讯自控,2010-08-27,SZ,创业板,0,2010-08-27,2020-12-31,2326
300113,顺网科技,2010-08-27,SZ,创业板,0,2010-08-27,2020-12-31,2370
300115,长盈精密,2010-09-02,SZ,创业板,0,2010-09-02,2020-12-31,2476
300118,东方日升,2010-09-02,SZ,创业板,0,2010-09-02,2020-12-31,2358
300119,瑞普生物,2010-09-17,SZ,创业板,1,2010-09-17,2020-12-31,2457
300120,经纬辉开,2010-09-17,SZ,创业板,1,2010-09-17,2020-12-31,2382
300121,阳谷华泰,2010-09-17,SZ,创业板,0,2010-09-17,2020-12-31,2456
300122,智飞生物,2010-09-28,SZ,创业板,1,2010-09-28,2020-12-31,2420
300123,ST亚光,2010-09-28,SZ,创业板,0,2010-09-28,2020-12-31,2237
300124,汇川技术,2010-09-28,SZ,创业板,1,2010-09-28,2020-12-31,2475
300125,聆达股份,2010-10-13,SZ,创业板,0,2010-10-13,2020-12-31,2351
300126,锐奇股份,2010-10-13,SZ,创业板,0,2010-10-13,2020-12-31,2368
300127,银河磁体,2010-10-13,SZ,创业板,0,2010-10-13,2020-12-31,2487
300128,锦富技术,2010-10-13,SZ,创业板,0,2010-10-13,2020-12-31,2319
300129,泰胜风能,2010-10-19,SZ,创业板,0,2010-10-19,2020-12-31,2444
300130,新国都,2010-10-19,SZ,创业板,0,2010-10-19,2020-12-31,2355
300131,英唐智控,2010-10-19,SZ,创业板,0,2010-10-19,2020-12-31,2122
300132,诺斯贝尔,2010-10-26,SZ,创业板,0,2010-10-26,2020-12-31,2365
300133,华策影视,2010-10-26,SZ,创业板,0,2010-10-26,2020-12-31,2354
300134,大富科技,2010-10-26,SZ,创业板,0,2010-10-26,2020-12-31,2098
300135,宝利国际,2010-10-26,SZ,创业板,0,2010-10-26,2020-12-31,2342
300136,信维通信,2010-11-05,SZ,创业板,0,2010-11-05,2020-12-31,2399
300137,先河环保,2010-11-05,SZ,创业板,1,2010-11-05,2020-12-31,2407
300138,晨光生物,2010-11-05,SZ,创业板,0,2010-11-05,2020-12-31,2441
300139,晓程科技,2010-11-12,SZ,创业板,0,2010-11-12,2020-12-31,2453
300140,节能环境,2010-11-12,SZ,创业板,0,2010-11-12,2020-12-31,2256
300141,和顺电气,2010-11-12,SZ,创业板,0,2010-11-12,2020-12-31,2364
300142,沃森生物,2010-11-12,SZ,创业板,0,2010-11-12,2020-12-31,2194
300143,盈康生命,2010-12-09,SZ,创业板,0,2010-12-09,2020-12-31,2038
300144,宋城演艺,2010-12-09,SZ,创业板,1,2010-12-09,2020-12-31,2357
300145,南方泵业,2010-12-09,SZ,创业板,0,2010-12-09,2020-12-31,2304
300146,汤臣倍健,2010-12-15,SZ,创业板,0,2010-12-15,2020-12-31,2273
300147,*ST香雪,2010-12-15,SZ,创业板,0,2010-12-15,2020-12-31,2423
300148,天舟文化,2010-12-15,SZ,创业板,0,2010-12-15,2020-12-31,2137
300149,睿智医药,2010-12-22,SZ,创业板,0,2010-12-22,2020-12-31,2025
300150,世纪瑞尔,2010-12-22,SZ,创业板,0,2010-12-22,2020-12-31,2247
300151,昌红科技,2010-12-22,SZ,创业板,0,2010-12-22,2020-12-31,2343
300152,*ST动力,2010-12-29,SZ,创业板,0,2010-12-29,2020-12-31,2245
300153,科泰电源,2010-12-29,SZ,创业板,1,2010-12-29,2020-12-31,2308
300154,瑞凌股份,2010-12-29,SZ,创业板,0,2010-12-29,2020-12-31,2402
300155,安居宝,2011-01-07,SZ,创业板,0,2011-01-07,2020-12-31,2396
300157,新锦动力,2011-01-07,SZ,创业板,0,2011-01-07,2020-12-31,2180
300158,振东制药,2011-01-07,SZ,创业板,0,2011-01-07,2020-12-31,2287
300159,新研股份,2011-01-07,SZ,创业板,1,2011-01-07,2020-12-31,2272
300160,秀强股份,2011-01-13,SZ,创业板,0,2011-01-13,2020-12-31,2351
300161,华中数控,2011-01-13,SZ,创业板,0,2011-01-13,2020-12-31,2210
300162,雷曼光电,2011-01-13,SZ,创业板,0,2011-01-13,2020-12-31,2264
300163,先锋新材,2011-01-13,SZ,创业板,0,2011-01-13,2020-12-31,2015
300164,通源石油,2011-01-13,SZ,创业板,0,2011-01-13,2020-12-31,2117
300165,天瑞仪器,2011-01-25,SZ,创业板,0,2011-01-25,2020-12-31,2215
300166,东方国信,2011-01-25,SZ,创业板,0,2011-01-25,2020-12-31,2189
300167,ST迪威迅,2011-01-25,SZ,创业板,0,2011-01-25,2020-12-31,2332
300168,万达信息,2011-01-25,SZ,创业板,0,2011-01-25,2020-12-31,2186
300169,天晟新材,2011-01-25,SZ,创业板,0,2011-01-25,2020-12-31,2152
300170,汉得信息,2011-02-01,SZ,创业板,0,2011-02-01,2020-12-31,2341
300171,东富龙,2011-02-01,SZ,创业板,0,2011-02-01,2020-12-31,2403
300172,中电环保,2011-02-01,SZ,创业板,0,2011-02-01,2020-12-31,2407
300173,ST福能,2011-02-01,SZ,创业板,1,2011-02-01,2020-12-31,2091
300174,元力股份,2011-02-01,SZ,创业板,0,2011-02-01,2020-12-31,2364
300175,朗源股份,2011-02-15,SZ,创业板,0,2011-02-15,2020-12-31,2376
300176,鸿特科技,2011-02-15,SZ,创业板,0,2011-02-15,2020-12-31,2265
300177,中海达,2011-02-15,SZ,创业板,0,2011-02-15,2020-12-31,2321
300179,四方达,2011-02-15,SZ,创业板,0,2011-02-15,2020-12-31,2244
300180,华峰超纤,2011-02-22,SZ,创业板,0,2011-02-22,2020-12-31,2235
300181,佐力药业,2011-02-22,SZ,创业板,0,2011-02-22,2020-12-31,2275
300182,捷成股份,2011-02-22,SZ,创业板,0,2011-02-22,2020-12-29,2248
300183,东软载波,2011-02-22,SZ,创业板,1,2011-02-22,2020-12-31,2298
300184,力源信息,2011-02-22,SZ,创业板,0,2011-02-22,2020-12-31,2061
300185,通裕重工,2011-03-08,SZ,创业板,0,2011-03-08,2020-12-31,2347
300187,永清环保,2011-03-08,SZ,创业板,0,2011-03-08,2020-12-31,2171
300188,国投智能,2011-03-16,SZ,创业板,0,2011-03-16,2020-12-31,2283
300189,神农种业,2011-03-16,SZ,创业板,0,2011-03-16,2020-12-31,2124
300190,维尔利,2011-03-16,SZ,创业板,0,2011-03-16,2020-12-31,2159
300191,潜能恒信,2011-03-16,SZ,创业板,0,2011-03-16,2020-12-31,2286
300192,科德教育,2011-03-22,SZ,创业板,0,2011-03-22,2020-12-31,2072
300193,佳士科技,2011-03-22,SZ,创业板,0,2011-03-22,2020-12-31,2369
300194,福安药业,2011-03-22,SZ,创业板,0,2011-03-22,2020-12-31,2184
300195,长荣股份,2011-03-29,SZ,创业板,0,2011-03-29,2020-12-31,2242
300196,长海股份,2011-03-29,SZ,创业板,0,2011-03-29,2020-12-31,2218
300197,节能铁汉,2011-03-29,SZ,创业板,0,2011-03-29,2020-12-31,2065
300198,*ST纳川,2011-04-07,SZ,创业板,0,2011-04-07,2020-12-31,2102
300199,翰宇药业,2011-04-07,SZ,创业板,0,2011-04-07,2020-12-31,2214
300200,高盟新材,2011-04-07,SZ,创业板,1,2011-04-07,2020-12-31,2318
300201,海伦哲,2011-04-07,SZ,创业板,0,2011-04-07,2020-12-31,2053
300203,聚光科技,2011-04-15,SZ,创业板,0,2011-04-15,2020-12-31,2283
300204,舒泰神,2011-04-15,SZ,创业板,1,2011-04-15,2020-12-31,2364
300205,*ST天喻,2011-04-21,SZ,创业板,0,2011-04-21,2020-12-31,2329
300206,理邦仪器,2011-04-21,SZ,创业板,1,2011-04-21,2020-12-31,2357
300207,欣旺达,2011-04-21,SZ,创业板,0,2011-04-21,2020-12-31,2308
300209,行云科技,2011-04-26,SZ,创业板,0,2011-04-26,2020-12-31,2030
300210,森远股份,2011-04-26,SZ,创业板,0,2011-04-26,2020-12-31,2311
300211,*ST亿通,2011-05-05,SZ,创业板,0,2011-05-05,2020-12-31,2314
300212,*ST易录,2011-05-05,SZ,创业板,0,2011-05-05,2020-12-31,2167
300213,佳讯飞鸿,2011-05-05,SZ,创业板,1,2011-05-05,2020-12-31,2113
300214,日科化学,2011-05-11,SZ,创业板,0,2011-05-11,2020-12-31,2299
300215,电科院,2011-05-11,SZ,创业板,0,2011-05-11,2020-12-31,2312
300217,东方电热,2011-05-18,SZ,创业板,0,2011-05-18,2020-12-31,2313
300218,安利股份,2011-05-18,SZ,创业板,0,2011-05-18,2020-12-31,2326
300219,鸿利智汇,2011-05-18,SZ,创业板,1,2011-05-18,2020-12-31,2116
300220,金运激光,2011-05-25,SZ,创业板,1,2011-05-25,2020-12-31,2120
300221,银禧科技,2011-05-25,SZ,创业板,0,2011-05-25,2020-12-31,2257
300222,科大智能,2011-05-25,SZ,创业板,0,2011-05-25,2020-12-31,2018
300223,君正股份,2011-05-31,SZ,创业板,0,2011-05-31,2020-12-31,2088
300224,正海磁材,2011-05-31,SZ,创业板,0,2011-05-31,2020-12-31,2248
300225,金力泰,2011-05-31,SZ,创业板,0,2011-05-31,2020-12-31,2162
300226,上海钢联,2011-06-08,SZ,创业板,0,2011-06-08,2020-12-31,2215
300227,光韵达,2011-06-08,SZ,创业板,0,2011-06-08,2020-12-31,2236
300228,富瑞特装,2011-06-08,SZ,创业板,0,2011-06-08,2020-12-31,2260
300229,拓尔思,2011-06-15,SZ,创业板,0,2011-06-15,2020-12-31,2170
300230,永利股份,2011-06-15,SZ,创业板,1,2011-06-15,2020-12-31,2197
300231,银信科技,2011-06-15,SZ,创业板,0,2011-06-15,2020-12-31,2309
300232,洲明科技,2011-06-22,SZ,创业板,0,2011-06-22,2020-12-31,2233
300233,金城医药,2011-06-22,SZ,创业板,0,2011-06-22,2020-12-31,2215
300234,开尔新材,2011-06-22,SZ,创业板,0,2011-06-22,2020-12-31,2230
300235,方直科技,2011-06-29,SZ,创业板,0,2011-06-29,2020-12-31,2178
300236,上海新阳,2011-06-29,SZ,创业板,0,2011-06-29,2020-12-31,2276
300237,ST美晨,2011-06-29,SZ,创业板,0,2011-06-29,2020-12-31,2189
300238,冠昊生物,2011-07-06,SZ,创业板,1,2011-07-06,2020-12-31,2076
300239,东宝生物,2011-07-06,SZ,创业板,0,2011-07-06,2020-12-31,2232
300240,飞力达,2011-07-06,SZ,创业板,0,2011-07-06,2020-12-31,2158
300241,瑞丰光电,2011-07-12,SZ,创业板,0,2011-07-12,2020-12-31,2182
300242,佳云科技,2011-07-12,SZ,创业板,0,2011-07-12,2020-12-31,2020
300243,瑞丰高材,2011-07-12,SZ,创业板,0,2011-07-12,2020-12-31,2133
300244,迪安诊断,2011-07-19,SZ,创业板,0,2011-07-19,2020-12-31,2208
300245,ST天玑,2011-07-19,SZ,创业板,1,2011-07-19,2020-12-31,2290
300246,宝莱特,2011-07-19,SZ,创业板,0,2011-07-19,2020-12-31,2297
300247,融捷健康,2011-07-29,SZ,创业板,0,2011-07-29,2020-12-31,2039
300248,新开普,2011-07-29,SZ,创业板,0,2011-07-29,2020-12-31,2147
300249,依米康,2011-08-03,SZ,创业板,0,2011-08-03,2020-12-31,2170
300250,初灵信息,2011-08-03,SZ,创业板,0,2011-08-03,2020-12-31,2169
300251,光线传媒,2011-08-03,SZ,创业板,0,2011-08-03,2020-12-31,2173
300252,金信诺,2011-08-18,SZ,创业板,1,2011-08-18,2020-12-31,2135
300253,卫宁健康,2011-08-18,SZ,创业板,0,2011-08-18,2020-12-31,2215
300254,仟源医药,2011-08-19,SZ,创业板,0,2011-08-19,2020-12-31,2183
300255,常山药业,2011-08-19,SZ,创业板,0,2011-08-19,2020-12-31,2249
300256,星星科技,2011-08-19,SZ,创业板,0,2011-08-19,2020-12-31,2121
300257,开山股份,2011-08-19,SZ,创业板,0,2011-08-19,2020-12-31,2228
300258,精锻科技,2011-08-26,SZ,创业板,1,2011-08-26,2020-12-31,2271
300259,新天科技,2011-08-31,SZ,创业板,0,2011-08-31,2020-12-31,2246
300260,新莱应材,2011-09-06,SZ,创业板,0,2011-09-06,2020-12-31,2186
300261,雅本化学,2011-09-06,SZ,创业板,0,2011-09-06,2020-12-31,2199
300263,隆华科技,2011-09-16,SZ,创业板,0,2011-09-16,2020-12-31,2126
300264,佳创视讯,2011-09-16,SZ,创业板,0,2011-09-16,2020-12-31,2248
300265,通光线缆,2011-09-16,SZ,创业板,1,2011-09-16,2020-12-31,2128
300266,兴源环境,2011-09-27,SZ,创业板,0,2011-09-27,2020-12-31,1864
300267,尔康制药,2011-09-27,SZ,创业板,0,2011-09-27,2020-12-31,2087
300268,佳沃食品,2011-09-27,SZ,创业板,0,2011-09-27,2020-12-31,1681
300269,联建光电,2011-10-12,SZ,创业板,0,2011-10-12,2020-12-31,1982
300270,中威电子,2011-10-12,SZ,创业板,1,2011-10-12,2020-12-31,2230
300271,华宇软件,2011-10-26,SZ,创业板,0,2011-10-26,2020-12-31,2036
300272,开能健康,2011-11-02,SZ,创业板,0,2011-11-02,2020-12-31,2070
300274,阳光电源,2011-11-02,SZ,创业板,0,2011-11-02,2020-12-31,2203
300275,梅安森,2011-11-02,SZ,创业板,0,2011-11-02,2020-12-31,2217
300276,三丰智能,2011-11-15,SZ,创业板,0,2011-11-15,2020-12-31,2082
300277,汽轮科技,2011-11-23,SZ,创业板,0,2011-11-23,2020-12-31,2157
300278,华昌达,2011-12-16,SZ,创业板,0,2011-12-16,2020-12-31,1624
300279,和晶科技,2011-12-29,SZ,创业板,0,2011-12-29,2020-12-31,1936
300281,金明精机,2011-12-29,SZ,创业板,0,2011-12-29,2020-12-31,2134
300283,温州宏丰,2012-01-10,SZ,创业板,1,2012-01-10,2020-12-31,2142
300284,苏交科,2012-01-10,SZ,创业板,0,2012-01-10,2020-12-31,2043
300285,国瓷材料,2012-01-13,SZ,创业板,0,2012-01-13,2020-12-31,2046
300286,安科瑞,2012-01-13,SZ,创业板,1,2012-01-13,2020-12-31,2175
300287,飞利信,2012-02-01,SZ,创业板,0,2012-02-01,2020-12-31,2031
300288,朗玛信息,2012-02-16,SZ,创业板,0,2012-02-16,2020-12-31,1984
300289,利德曼,2012-02-16,SZ,创业板,0,2012-02-16,2020-12-31,2079
300290,ST荣科,2012-02-16,SZ,创业板,0,2012-02-16,2020-12-31,1861
300291,百纳千成,2012-02-09,SZ,创业板,0,2012-02-09,2020-12-31,1938
300292,吴通控股,2012-02-29,SZ,创业板,0,2012-02-29,2020-12-31,1761
300293,蓝英装备,2012-03-08,SZ,创业板,0,2012-03-08,2020-12-31,2055
300294,博雅生物,2012-03-08,SZ,创业板,0,2012-03-08,2020-12-31,1976
300295,*ST三六五,2012-03-15,SZ,创业板,0,2012-03-15,2020-12-31,1996
300296,利亚德,2012-03-15,SZ,创业板,0,2012-03-15,2020-12-31,1964
300298,三诺生物,2012-03-19,SZ,创业板,0,2012-03-19,2020-12-31,1926
300299,富春股份,2012-03-19,SZ,创业板,1,2012-03-19,2020-12-31,1777
300300,海峡创新,2012-03-19,SZ,创业板,0,2012-03-19,2020-12-31,1935
300301,ST长方,2012-03-21,SZ,创业板,0,2012-03-21,2020-12-31,1983
300302,同有科技,2012-03-21,SZ,创业板,0,2012-03-21,2020-12-31,2108
300303,聚飞光电,2012-03-19,SZ,创业板,1,2012-03-19,2020-12-31,2124
300304,云意电气,2012-03-21,SZ,创业板,0,2012-03-21,2020-12-31,2112
300305,裕兴股份,2012-03-29,SZ,创业板,1,2012-03-29,2020-12-31,2130
300306,远方信息,2012-03-29,SZ,创业板,0,2012-03-29,2020-12-31,2034
300307,慈星股份,2012-03-29,SZ,创业板,0,2012-03-29,2020-12-31,2120
300308,中际旭创,2012-04-10,SZ,创业板,0,2012-04-10,2020-12-31,1958
300310,宜通世纪,2012-04-25,SZ,创业板,1,2012-04-25,2020-12-31,1957
300311,任子行,2012-04-25,SZ,创业板,0,2012-04-25,2020-12-31,1955
300313,天山生物,2012-04-25,SZ,创业板,1,2012-04-25,2020-12-31,1837
300314,戴维医疗,2012-05-08,SZ,创业板,0,2012-05-08,2020-12-31,2101
300315,掌趣科技,2012-05-11,SZ,创业板,0,2012-05-11,2020-12-31,1724
300316,晶盛机电,2012-05-11,SZ,创业板,0,2012-05-11,2020-12-31,2003
300317,珈伟新能,2012-05-11,SZ,创业板,0,2012-05-11,2020-12-31,1809
300318,博晖创新,2012-05-23,SZ,创业板,0,2012-05-23,2020-12-31,1980
300319,麦捷科技,2012-05-23,SZ,创业板,0,2012-05-23,2020-12-31,1858
300320,海达股份,2012-06-01,SZ,创业板,1,2012-06-01,2020-12-31,1996
300321,同大股份,2012-05-23,SZ,创业板,0,2012-05-23,2020-12-31,2098
300322,硕贝德,2012-06-08,SZ,创业板,0,2012-06-08,2020-12-31,1828
300323,华灿光电,2012-06-01,SZ,创业板,0,2012-06-01,2020-12-31,1744
300324,旋极信息,2012-06-08,SZ,创业板,1,2012-06-08,2020-12-31,1745
300326,ST凯利,2012-06-13,SZ,创业板,0,2012-06-13,2020-12-31,1811
300327,中颖电子,2012-06-13,SZ,创业板,0,2012-06-13,2020-12-31,2079
300328,宜安科技,2012-06-19,SZ,创业板,0,2012-06-19,2020-12-31,2042
300329,海伦钢琴,2012-06-19,SZ,创业板,0,2012-06-19,2020-12-31,2052
300331,苏大维格,2012-06-28,SZ,创业板,1,2012-06-28,2020-12-31,1916
300332,天壕能源,2012-06-28,SZ,创业板,0,2012-06-28,2020-12-31,1847
300333,兆日科技,2012-06-28,SZ,创业板,0,2012-06-28,2020-12-31,2073
300334,津膜科技,2012-07-05,SZ,创业板,1,2012-07-05,2020-12-31,1856
300335,迪森股份,2012-07-10,SZ,创业板,0,2012-07-10,2020-12-31,1915
300337,银邦股份,2012-07-18,SZ,创业板,0,2012-07-18,2020-12-31,1999
300338,*ST开元,2012-07-26,SZ,创业板,0,2012-07-26,2020-12-31,1949
300339,润和软件,2012-07-18,SZ,创业板,0,2012-07-18,2020-12-31,1913
300340,科恒股份,2012-07-26,SZ,创业板,0,2012-07-26,2020-12-31,1887
300341,麦克奥迪,2012-07-26,SZ,创业板,1,2012-07-26,2020-12-31,1871
300342,天银机电,2012-07-26,SZ,创业板,0,2012-07-26,2020-12-31,1974
300343,联创股份,2012-08-01,SZ,创业板,0,2012-08-01,2020-12-31,1767
300345,华民股份,2012-08-01,SZ,创业板,0,2012-08-01,2020-12-31,1918
300346,南大光电,2012-08-07,SZ,创业板,0,2012-08-07,2020-12-31,1989
300347,泰格医药,2012-08-17,SZ,创业板,0,2012-08-17,2020-12-31,1899
300348,长亮科技,2012-08-17,SZ,创业板,0,2012-08-17,2020-12-31,1860
300349,金卡智能,2012-08-17,SZ,创业板,0,2012-08-17,2020-12-31,1838
300350,华鹏飞,2012-08-21,SZ,创业板,0,2012-08-21,2020-12-31,1843
300351,永贵电器,2012-09-20,SZ,创业板,0,2012-09-20,2020-12-31,1876
300352,ST信源,2012-09-12,SZ,创业板,0,2012-09-12,2020-12-31,1903
300353,东土科技,2012-09-27,SZ,创业板,0,2012-09-27,2020-12-31,1676
300354,东华测试,2012-09-20,SZ,创业板,0,2012-09-20,2020-12-31,2013
300355,蒙草生态,2012-09-27,SZ,创业板,0,2012-09-27,2020-12-31,1886
300357,我武生物,2014-01-21,SZ,创业板,0,2014-01-21,2020-12-31,1692
300358,楚天科技,2014-01-21,SZ,创业板,0,2014-01-21,2020-12-31,1569
300359,全通教育,2014-01-21,SZ,创业板,0,2014-01-21,2020-12-31,1524
300360,炬华科技,2014-01-21,SZ,创业板,1,2014-01-21,2020-12-31,1605
300363,博腾股份,2014-01-29,SZ,创业板,0,2014-01-29,2020-12-31,1576
300365,恒华科技,2014-01-23,SZ,创业板,0,2014-01-23,2020-12-31,1629
300366,ST创意,2014-01-27,SZ,创业板,0,2014-01-27,2020-12-31,1503
300368,汇金股份,2014-01-23,SZ,创业板,0,2014-01-23,2020-12-31,1570
300369,绿盟科技,2014-01-29,SZ,创业板,0,2014-01-29,2020-12-31,1593
300370,安控科技,2014-01-23,SZ,创业板,0,2014-01-23,2020-12-31,1598
300371,汇中股份,2014-01-23,SZ,创业板,1,2014-01-23,2020-12-31,1692
300373,扬杰科技,2014-01-23,SZ,创业板,1,2014-01-23,2020-12-31,1657
300375,鹏翎股份,2014-01-27,SZ,创业板,0,2014-01-27,2020-12-31,1644
300376,易事特,2014-01-27,SZ,创业板,1,2014-01-27,2020-12-31,1568
300377,赢时胜,2014-01-27,SZ,创业板,0,2014-01-27,2020-12-31,1643
300378,鼎捷数智,2014-01-27,SZ,创业板,0,2014-01-27,2020-12-31,1685
300380,安硕信息,2014-01-28,SZ,创业板,0,2014-01-28,2020-12-31,1689
300381,溢多利,2014-01-28,SZ,创业板,0,2014-01-28,2020-12-31,1533
300382,斯莱克,2014-01-29,SZ,创业板,0,2014-01-29,2020-12-31,1676
300383,光环新网,2014-01-29,SZ,创业板,1,2014-01-29,2020-12-31,1498
300384,三联虹普,2014-08-01,SZ,创业板,0,2014-08-01,2020-12-31,1450
300385,ST雪浪,2014-06-26,SZ,创业板,0,2014-06-26,2020-12-31,1574
300386,飞天诚信,2014-06-26,SZ,创业板,0,2014-06-26,2020-12-31,1591
300387,富邦科技,2014-07-02,SZ,创业板,0,2014-07-02,2020-12-31,1496
300388,节能国祯,2014-08-01,SZ,创业板,0,2014-08-01,2020-12-31,1520
300389,艾比森,2014-08-01,SZ,创业板,0,2014-08-01,2020-12-31,1559
300390,天华新能,2014-07-31,SZ,创业板,0,2014-07-31,2020-12-31,1496
300393,中来股份,2014-09-12,SZ,创业板,0,2014-09-12,2020-12-31,1526
300395,菲利华,2014-09-10,SZ,创业板,0,2014-09-10,2020-12-31,1538
300396,ST迪瑞,2014-09-10,SZ,创业板,0,2014-09-10,2020-12-31,1476
300397,天和防务,2014-09-10,SZ,创业板,0,2014-09-10,2020-12-31,1499
300398,飞凯材料,2014-10-09,SZ,创业板,0,2014-10-09,2020-12-31,1427
300399,天利科技,2014-10-09,SZ,创业板,0,2014-10-09,2020-12-31,1507
300400,劲拓股份,2014-10-10,SZ,创业板,0,2014-10-10,2020-12-31,1521
300401,花园生物,2014-10-09,SZ,创业板,0,2014-10-09,2020-12-31,1505
300402,宝色股份,2014-10-10,SZ,创业板,0,2014-10-10,2020-12-31,1434
300403,汉宇集团,2014-10-30,SZ,创业板,0,2014-10-30,2020-12-31,1507
300405,科隆股份,2014-10-30,SZ,创业板,0,2014-10-30,2020-12-31,1420
300406,九强生物,2014-10-30,SZ,创业板,0,2014-10-30,2020-12-31,1507
300407,凯发电气,2014-12-03,SZ,创业板,0,2014-12-03,2020-12-31,1364
300408,三环集团,2014-12-03,SZ,创业板,0,2014-12-03,2020-12-31,1473
300409,道氏技术,2014-12-03,SZ,创业板,0,2014-12-03,2020-12-31,1393
300410,正业科技,2014-12-31,SZ,创业板,0,2014-12-31,2020-12-31,1248
300411,金盾股份,2014-12-31,SZ,创业板,1,2014-12-31,2020-12-31,1182
300412,迦南科技,2014-12-31,SZ,创业板,0,2014-12-31,2020-12-31,1368
302132,中航成飞,2010-08-27,SZ,创业板,0,2010-08-27,2020-12-31,2436
600000,浦发银行,1999-11-10,SH,沪主板,0,2005-01-04,2020-12-31,3787
600004,白云机场,2003-04-28,SH,沪主板,0,2005-01-04,2020-12-31,3841
600006,东风股份,1999-07-27,SH,沪主板,0,2005-01-04,2020-12-31,3797
600007,中国国贸,1999-03-12,SH,沪主板,0,2005-01-04,2020-12-31,3844
600008,首创环保,2000-04-27,SH,沪主板,0,2005-01-04,2020-12-31,3803
600009,上海机场,1998-02-18,SH,沪主板,0,2005-01-04,2020-12-31,3850
600010,包钢股份,2001-03-09,SH,沪主板,0,2005-01-04,2020-12-31,3780
600011,华能国际,2001-12-06,SH,沪主板,1,2005-01-04,2020-12-31,3831
600012,皖通高速,2003-01-07,SH,沪主板,0,2005-01-04,2020-12-31,3836
600015,华夏银行,2003-09-12,SH,沪主板,0,2005-01-04,2020-12-31,3797
600016,民生银行,2000-12-19,SH,沪主板,0,2005-01-04,2020-12-31,3840
600017,日照港,2006-10-17,SH,沪主板,0,2006-10-17,2020-12-31,3420
600018,上港集团,2000-07-19,SH,沪主板,0,2005-01-04,2020-12-31,3761
600019,宝钢股份,2000-12-12,SH,沪主板,0,2005-01-04,2020-12-31,3750
600020,中原高速,2003-08-08,SH,沪主板,0,2005-01-04,2020-12-31,3807
600021,上海电力,2003-10-29,SH,沪主板,0,2005-01-04,2020-12-31,3726
600022,山东钢铁,2004-06-29,SH,沪主板,0,2005-01-04,2020-12-31,3549
600023,浙能电力,2013-12-19,SH,沪主板,0,2013-12-19,2020-12-31,1716
600026,中远海能,2002-05-23,SH,沪主板,0,2005-01-04,2020-12-31,3733
600027,华电国际,2005-02-03,SH,沪主板,0,2005-02-03,2020-12-31,3810
600028,中国石化,2001-08-08,SH,沪主板,0,2005-01-04,2020-12-31,3846
600029,南方航空,2003-07-25,SH,沪主板,0,2005-01-04,2020-12-31,3792
600030,中信证券,2003-01-06,SH,沪主板,0,2005-01-04,2020-12-31,3801
600031,三一重工,2003-07-03,SH,沪主板,1,2005-01-04,2020-12-31,3842
600033,福建高速,2001-02-09,SH,沪主板,0,2005-01-04,2020-12-31,3851
600035,楚天高速,2004-03-10,SH,沪主板,0,2005-01-04,2020-12-31,3667
600036,招商银行,2002-04-09,SH,沪主板,0,2005-01-04,2020-12-31,3820
600037,歌华有线,2001-02-08,SH,沪主板,1,2005-01-04,2020-12-31,3822
600038,中直股份,2000-12-18,SH,沪主板,0,2005-01-04,2020-12-31,3741
600039,四川路桥,2003-03-25,SH,沪主板,0,2005-01-04,2020-12-31,3758
600048,保利发展,2006-07-31,SH,沪主板,0,2006-07-31,2020-12-31,3485
600050,中国联通,2002-10-09,SH,沪主板,0,2005-01-04,2020-12-31,3753
600051,宁波联合,1997-04-10,SH,沪主板,0,2005-01-04,2020-12-31,3687
600052,东望时代,1997-04-15,SH,沪主板,0,2005-01-04,2020-12-31,3582
600053,*ST九鼎,1997-04-18,SH,沪主板,0,2005-01-04,2020-12-31,3520
600054,黄山旅游,1997-05-06,SH,沪主板,0,2005-01-04,2020-12-31,3832
600055,万东医疗,1997-05-19,SH,沪主板,1,2005-01-04,2020-12-31,3677
600056,中国医药,1997-05-15,SH,沪主板,0,2005-01-04,2020-12-31,3697
600057,厦门象屿,1997-06-04,SH,沪主板,0,2005-01-04,2020-12-31,3213
600058,五矿发展,1997-05-28,SH,沪主板,0,2005-01-04,2020-12-31,3654
600059,古越龙山,1997-05-16,SH,沪主板,0,2005-01-04,2020-12-31,3840
600060,海信视像,1997-04-22,SH,沪主板,0,2005-01-04,2020-12-31,3833
600061,国投资本,1997-05-19,SH,沪主板,0,2005-01-04,2020-12-31,3699
600062,华润双鹤,1997-05-22,SH,沪主板,1,2005-01-04,2020-12-31,3784
600063,皖维高新,1997-05-28,SH,沪主板,0,2005-01-04,2020-12-31,3771
600064,南京高科,1997-05-06,SH,沪主板,0,2005-01-04,2020-12-31,3830
600066,宇通客车,1997-05-08,SH,沪主板,0,2005-01-04,2020-12-31,3807
600067,冠城新材,1997-05-08,SH,沪主板,0,2005-01-04,2020-12-31,3831
600071,凤凰光学,1997-05-28,SH,沪主板,0,2005-01-04,2020-12-31,3648
600072,中船科技,1997-06-03,SH,沪主板,0,2005-01-04,2020-12-31,3750
600073,光明肉业,1997-07-04,SH,沪主板,0,2005-01-04,2020-12-31,3742
600075,新疆天业,1997-06-17,SH,沪主板,1,2005-01-04,2020-12-31,3659
600076,康欣新材,1997-05-26,SH,沪主板,0,2005-01-04,2020-12-31,3619
600078,澄星股份,1997-06-27,SH,沪主板,0,2005-01-04,2020-12-31,3768
600079,ST人福,1997-06-06,SH,沪主板,0,2005-01-04,2020-12-31,3797
600080,ST金花,1997-06-12,SH,沪主板,0,2005-01-04,2020-12-31,3797
600081,东风科技,1997-07-03,SH,沪主板,0,2005-01-04,2020-12-31,3827
600082,ST海泰,1997-06-20,SH,沪主板,0,2005-01-04,2020-12-31,3805
600084,*ST尼雅,1997-07-11,SH,沪主板,0,2005-01-04,2020-12-31,3462
600085,同仁堂,1997-06-25,SH,沪主板,0,2005-01-04,2020-12-31,3859
600088,中视传媒,1997-06-16,SH,沪主板,0,2005-01-04,2020-12-31,3746
600089,特变电工,1997-06-18,SH,沪主板,0,2005-01-04,2020-12-31,3721
600094,大名城,1997-07-03,SH,沪主板,0,2005-01-04,2020-12-31,2936
600095,湘财股份,1997-07-08,SH,沪主板,0,2005-01-04,2020-12-31,3781
600096,云天化,1997-07-09,SH,沪主板,0,2005-01-04,2020-12-31,3570
600097,开创国际,1997-06-19,SH,沪主板,0,2005-01-04,2020-12-31,3648
600098,广州发展,1997-07-18,SH,沪主板,0,2005-01-04,2020-12-31,3825
600099,林海股份,1997-07-04,SH,沪主板,0,2005-01-04,2020-12-31,3664
600100,同方股份,1997-06-27,SH,沪主板,0,2005-01-04,2020-12-31,3673
600101,明星电力,1997-06-27,SH,沪主板,0,2005-01-04,2020-12-31,3840
600103,青山纸业,1997-07-03,SH,沪主板,0,2005-01-04,2020-12-31,3756
600104,上汽集团,1997-11-25,SH,沪主板,0,2005-01-04,2020-12-31,3784
600105,永鼎股份,1997-09-29,SH,沪主板,1,2005-01-04,2020-12-31,3759
600106,重庆路桥,1997-06-18,SH,沪主板,0,2005-01-04,2020-12-31,3737
600107,*ST尔雅,1997-11-06,SH,沪主板,0,2005-01-04,2020-12-31,3785
600108,亚盛集团,1997-08-18,SH,沪主板,0,2005-01-04,2020-12-31,3809
600109,国金证券,1997-08-07,SH,沪主板,0,2005-01-04,2020-12-31,3724
600110,诺德股份,1997-10-07,SH,沪主板,0,2005-01-04,2020-12-31,3529
600111,北方稀土,1997-09-24,SH,沪主板,0,2005-01-04,2020-12-31,3849
600113,浙江东日,1997-10-21,SH,沪主板,0,2005-01-04,2020-12-31,3620
600114,东睦股份,2004-05-11,SH,沪主板,0,2005-01-04,2020-12-31,3830
600115,中国东航,1997-11-05,SH,沪主板,0,2005-01-04,2020-12-31,3699
600116,三峡水利,1997-08-04,SH,沪主板,0,2005-01-04,2020-12-31,3802
600117,西宁特钢,1997-10-15,SH,沪主板,0,2005-01-04,2020-12-31,3750
600118,中国卫星,1997-09-08,SH,沪主板,0,2005-01-04,2020-12-31,3829
600119,*ST长投,1998-01-15,SH,沪主板,0,2005-01-04,2020-12-31,3815
600120,浙江东方,1997-12-01,SH,沪主板,0,2005-01-04,2020-12-31,3656
600121,郑州煤电,1998-01-07,SH,沪主板,0,2005-01-04,2020-12-31,3709
600123,兰花科创,1998-12-17,SH,沪主板,0,2005-01-04,2020-12-31,3846
600125,铁龙物流,1998-05-11,SH,沪主板,0,2005-01-04,2020-12-31,3843
600126,杭钢股份,1998-03-11,SH,沪主板,0,2005-01-04,2020-12-31,3764
600127,金健米业,1998-05-06,SH,沪主板,0,2005-01-04,2020-12-31,3774
600128,苏豪弘业,1997-09-01,SH,沪主板,1,2005-01-04,2020-12-31,3816
600129,太极集团,1997-11-18,SH,沪主板,0,2005-01-04,2020-12-31,3688
600130,波导股份,2000-07-06,SH,沪主板,0,2005-01-04,2020-12-31,3840
600131,国网信通,1998-04-02,SH,沪主板,1,2005-01-04,2020-12-31,3793
600132,重庆啤酒,1997-10-30,SH,沪主板,0,2005-01-04,2020-12-31,3761
600133,东湖高新,1998-02-12,SH,沪主板,0,2005-01-04,2020-12-31,3512
600135,乐凯胶片,1998-01-22,SH,沪主板,0,2005-01-04,2020-12-31,3816
600136,ST明诚,1998-03-03,SH,沪主板,1,2005-01-04,2020-12-31,3250
600137,浪莎股份,1998-04-16,SH,沪主板,0,2005-01-04,2020-12-31,3715
600138,中青旅,1997-12-03,SH,沪主板,0,2005-01-04,2020-12-31,3832
600141,兴发集团,1999-06-16,SH,沪主板,0,2005-01-04,2020-12-31,3771
600143,XD金发科,2004-06-23,SH,沪主板,0,2005-01-04,2020-12-31,3748
600148,长春一东,1998-05-20,SH,沪主板,0,2005-01-04,2020-12-31,3680
600149,廊坊发展,1999-10-14,SH,沪主板,1,2005-01-04,2020-12-31,3643
600150,中国船舶,1998-05-20,SH,沪主板,0,2005-01-04,2020-12-31,3702
600151,航天机电,1998-06-05,SH,沪主板,0,2005-01-04,2020-12-31,3617
600152,维科技术,1998-06-09,SH,沪主板,0,2005-01-04,2020-12-31,3753
600153,建发股份,1998-06-16,SH,沪主板,0,2005-01-04,2020-12-31,3608
600155,华创云信,1998-09-18,SH,沪主板,0,2005-01-04,2020-12-31,3279
600156,华升股份,1998-05-27,SH,沪主板,0,2005-01-04,2020-12-31,3814
600157,永泰能源,1998-05-13,SH,沪主板,0,2005-01-04,2020-12-31,3357
600158,中体产业,1998-03-27,SH,沪主板,1,2005-01-04,2020-12-31,3675
600159,大龙地产,1998-05-26,SH,沪主板,1,2005-01-04,2020-12-31,3836
600160,巨化股份,1998-06-26,SH,沪主板,0,2005-01-04,2020-12-31,3783
600161,XD天坛生,1998-06-16,SH,沪主板,0,2005-01-04,2020-12-31,3673
600162,香江控股,1998-06-09,SH,沪主板,0,2005-01-04,2020-12-31,3704
600163,中闽能源,1998-06-02,SH,沪主板,0,2005-01-04,2020-12-31,3659
600165,宁科生物,1998-05-29,SH,沪主板,0,2005-01-04,2020-12-31,3579
600166,福田汽车,1998-06-02,SH,沪主板,1,2005-01-04,2020-12-31,3801
600167,联美控股,1999-01-28,SH,沪主板,1,2005-01-04,2020-12-31,3638
600168,武汉控股,1998-04-27,SH,沪主板,0,2005-01-04,2020-12-31,3637
600169,ST太重,1998-09-04,SH,沪主板,0,2005-01-04,2020-12-31,3824
600170,上海建工,1998-06-23,SH,沪主板,0,2005-01-04,2020-12-31,3783
600171,上海贝岭,1998-09-24,SH,沪主板,0,2005-01-04,2020-12-31,3794
600172,黄河旋风,1998-11-26,SH,沪主板,0,2005-01-04,2020-12-31,3778
600173,卧龙新能,1999-04-15,SH,沪主板,0,2005-01-04,2020-12-31,3523
600176,中国巨石,1999-04-22,SH,沪主板,0,2005-01-04,2020-12-31,3788
600177,雅戈尔,1998-11-19,SH,沪主板,0,2005-01-04,2020-12-31,3779
600178,东安动力,1998-10-14,SH,沪主板,0,2005-01-04,2020-12-31,3810
600179,安通控股,1998-11-04,SH,沪主板,1,2005-01-04,2020-12-31,3581
600180,*ST瑞茂,1998-07-03,SH,沪主板,0,2005-01-04,2020-12-31,3469
600182,S佳通,1999-05-07,SH,沪主板,1,2005-01-04,2020-12-31,3694
600183,生益科技,1998-10-28,SH,沪主板,0,2005-01-04,2020-12-31,3818
600184,光电股份,2003-11-06,SH,沪主板,1,2005-01-04,2020-12-31,3740
600185,珠免集团,1999-06-11,SH,沪主板,0,2005-01-04,2020-12-31,3758
600186,莲花控股,1998-08-25,SH,沪主板,0,2005-01-04,2020-12-31,3656
600187,*ST国中,1998-11-11,SH,沪主板,0,2005-01-04,2020-12-31,3015
600188,兖矿能源,1998-07-01,SH,沪主板,0,2005-01-04,2020-12-31,3827
600189,泉阳泉,1998-10-07,SH,沪主板,0,2005-01-04,2020-12-31,3536
600191,华资实业,1998-12-10,SH,沪主板,1,2005-01-04,2020-12-31,3645
600192,长城电工,1998-12-24,SH,沪主板,0,2005-01-04,2020-12-31,3839
600195,中牧股份,1999-01-07,SH,沪主板,0,2005-01-04,2020-12-31,3774
600196,复星医药,1998-08-07,SH,沪主板,0,2005-01-04,2020-12-31,3819
600197,伊力特,1999-09-16,SH,沪主板,0,2005-01-04,2020-12-31,3848
600198,大唐电信,1998-10-21,SH,沪主板,0,2005-01-04,2020-12-31,3630
600199,金种子酒,1998-08-12,SH,沪主板,0,2005-01-04,2020-12-31,3811
600201,生物股份,1999-01-15,SH,沪主板,0,2005-01-04,2020-12-31,3811
600202,哈空调,1999-06-03,SH,沪主板,0,2005-01-04,2020-12-31,3734
600203,福日电子,1999-05-14,SH,沪主板,0,2005-01-04,2020-12-31,3434
600206,有研新材,1999-03-19,SH,沪主板,0,2005-01-04,2020-12-31,3756
600207,安彩高科,1999-07-14,SH,沪主板,0,2005-01-04,2020-12-31,3724
600208,衢州发展,1999-06-23,SH,沪主板,1,2005-01-04,2020-12-31,3721
600210,紫江企业,1999-08-24,SH,沪主板,0,2005-01-04,2020-12-31,3824
600211,西藏药业,1999-07-21,SH,沪主板,1,2005-01-04,2020-12-31,3660
600212,绿能慧充,1999-08-17,SH,沪主板,0,2005-01-04,2020-12-31,3360
600215,派斯林,1999-09-09,SH,沪主板,0,2005-01-04,2020-12-31,3724
600216,浙江医药,1999-10-21,SH,沪主板,0,2005-01-04,2020-12-31,3820
600217,中再资环,1999-12-16,SH,沪主板,0,2005-01-04,2020-12-31,3406
600218,全柴动力,1998-12-03,SH,沪主板,0,2005-01-04,2020-12-31,3809
600219,南山铝业,1999-12-23,SH,沪主板,0,2005-01-04,2020-12-31,3731
600221,海航控股,1999-11-25,SH,沪主板,0,2005-01-04,2020-12-31,3643
600222,太龙药业,1999-11-05,SH,沪主板,0,2005-01-04,2020-12-31,3755
600223,福瑞达,2000-01-13,SH,沪主板,1,2005-01-04,2020-12-31,3755
600226,亨通股份,1999-11-16,SH,沪主板,1,2005-01-04,2020-12-31,3390
600227,赤天化,2000-02-21,SH,沪主板,1,2005-01-04,2020-12-31,3527
600228,返利科技,1999-01-19,SH,沪主板,0,2005-01-04,2020-12-31,3503
600229,城市传媒,2000-03-09,SH,沪主板,1,2005-01-04,2020-12-31,3698
600230,沧州大化,2000-04-06,SH,沪主板,0,2005-01-04,2020-12-31,3774
600231,凌钢股份,2000-05-11,SH,沪主板,0,2005-01-04,2020-12-31,3758
600232,金鹰股份,2000-06-02,SH,沪主板,1,2005-01-04,2020-12-31,3677
600233,圆通速递,2000-06-08,SH,沪主板,1,2005-01-04,2020-12-31,3760
600234,科新发展,2000-06-15,SH,沪主板,0,2005-01-04,2020-12-31,3439
600235,民丰特纸,2000-06-15,SH,沪主板,0,2005-01-04,2020-12-31,3833
600236,桂冠电力,2000-03-23,SH,沪主板,0,2005-01-04,2020-12-31,3703
600237,铜峰电子,2000-06-09,SH,沪主板,1,2005-01-04,2020-12-31,3765
600238,ST椰岛,2000-01-20,SH,沪主板,0,2005-01-04,2020-12-31,3673
600239,ST云城,1999-12-02,SH,沪主板,1,2005-01-04,2020-12-31,3401
600241,时代万恒,2000-11-28,SH,沪主板,1,2005-01-04,2020-12-31,3626
600243,*ST海华,2000-11-20,SH,沪主板,0,2005-01-04,2020-12-31,3721
600246,万通发展,2000-09-22,SH,沪主板,0,2005-01-04,2020-12-31,3549
600248,陕建股份,2000-06-22,SH,沪主板,0,2005-01-04,2020-12-31,3223
600249,两面针,2004-01-30,SH,沪主板,0,2005-01-04,2020-12-31,3834
600250,南京商旅,2001-03-06,SH,沪主板,0,2005-01-04,2020-12-31,3651
600251,冠农股份,2003-06-09,SH,沪主板,0,2005-01-04,2020-12-31,3794
600252,中恒集团,2000-11-30,SH,沪主板,0,2005-01-04,2020-12-31,3776
600255,鑫科材料,2000-11-22,SH,沪主板,0,2005-01-04,2020-12-31,3545
600256,广汇能源,2000-05-26,SH,沪主板,0,2005-01-04,2020-12-31,3786
600257,大湖股份,2000-06-12,SH,沪主板,1,2005-01-04,2020-12-31,3654
600258,首旅酒店,2000-06-01,SH,沪主板,0,2005-01-04,2020-12-31,3516
600259,中稀有色,2000-05-25,SH,沪主板,0,2005-01-04,2020-12-31,3279
600261,阳光照明,2000-07-20,SH,沪主板,0,2005-01-04,2020-12-31,3847
600262,北方股份,2000-06-30,SH,沪主板,0,2005-01-04,2020-12-31,3831
600265,*ST景谷,2000-08-25,SH,沪主板,0,2005-01-04,2020-12-31,3715
600266,城建发展,1999-02-03,SH,沪主板,0,2005-01-04,2020-12-31,3819
600267,海正药业,2000-07-25,SH,沪主板,0,2005-01-04,2020-12-31,3785
600268,国电南自,1999-11-18,SH,沪主板,0,2005-01-04,2020-12-31,3794
600269,赣粤高速,2000-05-18,SH,沪主板,0,2005-01-04,2020-12-31,3807
600271,航天信息,2003-07-11,SH,沪主板,0,2005-01-04,2020-12-31,3701
600272,开开实业,2001-02-28,SH,沪主板,0,2005-01-04,2020-12-31,3801
600273,嘉化能源,2003-06-27,SH,沪主板,0,2005-01-04,2020-12-31,3636
600276,恒瑞医药,2000-10-18,SH,沪主板,0,2005-01-04,2020-12-31,3850
600278,东方创业,2000-07-12,SH,沪主板,0,2005-01-04,2020-12-31,3789
600279,重庆港,2000-07-31,SH,沪主板,0,2005-01-04,2020-12-31,3766
600280,中央商场,2000-09-26,SH,沪主板,0,2005-01-04,2020-12-31,3750
600281,华阳新材,2000-11-09,SH,沪主板,0,2005-01-04,2020-12-31,3744
600282,南钢股份,2000-09-19,SH,沪主板,0,2005-01-04,2020-12-31,3774
600283,钱江水利,2000-10-18,SH,沪主板,0,2005-01-04,2020-12-31,3829
600284,浦东建设,2004-03-16,SH,沪主板,0,2005-01-04,2020-12-31,3779
600285,羚锐制药,2000-10-18,SH,沪主板,1,2005-01-04,2020-12-31,3800
600287,苏豪时尚,2000-09-01,SH,沪主板,1,2005-01-04,2020-12-31,3809
600288,大恒科技,2000-11-29,SH,沪主板,1,2005-01-04,2020-12-31,3779
600289,ST信通,2000-07-20,SH,沪主板,0,2005-01-04,2020-12-31,3683
600292,电投水电,2000-11-01,SH,沪主板,0,2005-01-04,2020-12-31,3758
600293,三峡新材,2000-09-19,SH,沪主板,1,2005-01-04,2020-12-31,3674
600295,鄂尔多斯,2001-04-26,SH,沪主板,0,2005-01-04,2020-12-31,3682
600298,安琪酵母,2000-08-18,SH,沪主板,0,2005-01-04,2020-12-31,3820
600299,安迪苏,2000-04-20,SH,沪主板,1,2005-01-04,2020-12-31,3621
600300,维维股份,2000-06-30,SH,沪主板,0,2005-01-04,2020-12-31,3804
600301,华锡有色,2000-07-12,SH,沪主板,0,2005-01-04,2020-12-31,3734
600302,ST标准,2000-12-13,SH,沪主板,1,2005-01-04,2020-12-31,3826
600303,曙光股份,2000-12-26,SH,沪主板,0,2005-01-04,2020-12-31,3768
600305,恒顺醋业,2001-02-06,SH,沪主板,0,2005-01-04,2020-12-31,3830
600307,酒钢宏兴,2000-12-20,SH,沪主板,0,2005-01-04,2020-12-31,3811
600308,华泰股份,2000-09-28,SH,沪主板,0,2005-01-04,2020-12-31,3835
600309,万华化学,2001-01-05,SH,沪主板,0,2005-01-04,2020-12-31,3702
600310,广西能源,2001-02-28,SH,沪主板,0,2005-01-04,2020-12-31,3818
600312,平高电气,2001-02-21,SH,沪主板,0,2005-01-04,2020-12-31,3714
600313,农发种业,2001-01-19,SH,沪主板,1,2005-01-04,2020-12-31,3335
600315,上海家化,2001-03-15,SH,沪主板,0,2005-01-04,2020-12-31,3587
600316,洪都航空,2000-12-15,SH,沪主板,0,2005-01-04,2020-12-31,3762
600318,新力金融,2000-12-08,SH,沪主板,0,2005-01-04,2020-12-31,3297
600319,亚星化学,2001-03-26,SH,沪主板,0,2005-01-04,2020-12-31,3488
600320,振华重工,2000-12-21,SH,沪主板,0,2005-01-04,2020-12-31,3830
600322,津投城开,2001-09-10,SH,沪主板,0,2005-01-04,2020-12-31,3837
600323,瀚蓝环境,2000-12-25,SH,沪主板,0,2005-01-04,2020-12-31,3767
600325,华发股份,2004-02-25,SH,沪主板,0,2005-01-04,2020-12-31,3802
600326,西藏天路,2001-01-16,SH,沪主板,0,2005-01-04,2020-12-31,3826
600327,大东方,2002-06-25,SH,沪主板,1,2005-01-04,2020-12-31,3826
600328,中盐化工,2000-12-22,SH,沪主板,0,2005-01-04,2020-12-31,3622
600329,达仁堂,2001-06-06,SH,沪主板,0,2005-01-04,2020-12-31,3837
600330,天通股份,2001-01-18,SH,沪主板,0,2005-01-04,2020-12-31,3720
600331,宏达股份,2001-12-20,SH,沪主板,0,2005-01-04,2020-12-31,3580
600332,白云山,2001-02-06,SH,沪主板,0,2005-01-04,2020-12-31,3659
600333,长春燃气,2000-12-11,SH,沪主板,0,2005-01-04,2020-12-31,3800
600335,国机汽车,2001-03-05,SH,沪主板,0,2005-01-04,2020-12-31,3558
600336,澳柯玛,2000-12-29,SH,沪主板,0,2005-01-04,2020-12-31,3809
600337,ST美克,2000-11-27,SH,沪主板,0,2005-01-04,2020-12-31,3779
600338,西藏珠峰,2000-12-27,SH,沪主板,1,2005-01-04,2020-12-31,3481
600339,中油工程,2000-12-25,SH,沪主板,0,2005-01-04,2020-12-31,3676
600340,*ST华幸,2003-12-30,SH,沪主板,0,2005-01-04,2020-12-31,3700
600343,航天动力,2003-04-08,SH,沪主板,0,2005-01-04,2020-12-31,3820
600345,长江通信,2000-12-22,SH,沪主板,0,2005-01-04,2020-12-31,3796
600346,恒力石化,2001-08-20,SH,沪主板,0,2005-01-04,2020-12-31,3537
600348,华阳股份,2003-08-21,SH,沪主板,1,2005-01-04,2020-12-31,3841
600350,山东高速,2002-03-18,SH,沪主板,0,2005-01-04,2020-12-31,3802
600351,亚宝药业,2002-09-26,SH,沪主板,0,2005-01-04,2020-12-31,3805
600352,浙江龙盛,2003-08-01,SH,沪主板,0,2005-01-04,2020-12-31,3809
600353,旭光电子,2002-11-20,SH,沪主板,0,2005-01-04,2020-12-31,3736
600354,敦煌种业,2004-01-15,SH,沪主板,1,2005-01-04,2020-12-31,3751
600356,恒丰纸业,2001-04-19,SH,沪主板,0,2005-01-04,2020-12-31,3775
600358,国旅联合,2000-09-22,SH,沪主板,0,2005-01-04,2020-12-31,3526
600359,新农开发,1999-04-29,SH,沪主板,0,2005-01-04,2020-12-31,3713
600360,华微电子,2001-03-16,SH,沪主板,0,2005-01-04,2020-12-31,3813
600361,创新新材,2001-11-29,SH,沪主板,0,2005-01-04,2020-12-31,3817
600362,江西铜业,2002-01-11,SH,沪主板,0,2005-01-04,2020-12-31,3817
600363,联创光电,2001-03-29,SH,沪主板,0,2005-01-04,2020-12-31,3706
600365,ST通葡,2001-01-15,SH,沪主板,0,2005-01-04,2020-12-31,3573
600366,宁波韵升,2000-10-30,SH,沪主板,0,2005-01-04,2020-12-31,3786
600367,红星发展,2001-03-20,SH,沪主板,1,2005-01-04,2020-12-31,3854
600368,五洲交通,2000-12-21,SH,沪主板,0,2005-01-04,2020-12-31,3820
600369,西南证券,2001-01-09,SH,沪主板,0,2005-01-04,2020-12-31,3414
600370,*ST三房,2003-03-06,SH,沪主板,0,2005-01-04,2020-12-31,3756
600371,万向德农,2002-09-16,SH,沪主板,1,2005-01-04,2020-12-31,3786
600372,中航机载,2001-07-06,SH,沪主板,0,2005-01-04,2020-12-31,3411
600373,中文传媒,2002-03-04,SH,沪主板,0,2005-01-04,2020-12-31,3644
600375,汉马科技,2003-04-01,SH,沪主板,0,2005-01-04,2020-12-31,3594
600376,首开股份,2001-03-12,SH,沪主板,0,2005-01-04,2020-12-31,3757
600377,宁沪高速,2001-01-16,SH,沪主板,0,2005-01-04,2020-12-31,3821
600378,昊华科技,2001-01-11,SH,沪主板,0,2005-01-04,2020-12-31,3657
600379,宝光股份,2002-01-16,SH,沪主板,0,2005-01-04,2020-12-31,3441
600380,健康元,2001-06-08,SH,沪主板,0,2005-01-04,2020-12-31,3750
600381,*ST春天,2001-05-08,SH,沪主板,0,2005-01-04,2020-12-31,3349
600382,广东明珠,2001-01-18,SH,沪主板,0,2005-01-04,2020-12-31,3799
600383,金地集团,2001-04-12,SH,沪主板,0,2005-01-04,2020-12-31,3766
600386,北巴传媒,2001-02-16,SH,沪主板,0,2005-01-04,2020-12-31,3791
600388,紫金龙净,2000-12-29,SH,沪主板,0,2005-01-04,2020-12-31,3827
600389,江山股份,2001-01-10,SH,沪主板,0,2005-01-04,2020-12-31,3699
600390,五矿资本,2001-01-15,SH,沪主板,1,2005-01-04,2020-12-31,3702
600391,航发科技,2001-12-12,SH,沪主板,1,2005-01-04,2020-12-31,3812
600392,盛和资源,2003-05-29,SH,沪主板,1,2005-01-04,2020-12-31,3542
600395,盘江股份,2001-05-31,SH,沪主板,1,2005-01-04,2020-12-31,3758
600396,华电辽能,2001-03-28,SH,沪主板,0,2005-01-04,2020-12-31,3733
600397,江钨装备,2002-07-02,SH,沪主板,0,2005-01-04,2020-12-31,3711
600398,海澜之家,2000-12-28,SH,沪主板,0,2005-01-04,2020-12-31,3775
600399,抚顺特钢,2000-12-29,SH,沪主板,1,2005-01-04,2020-12-31,3589
600400,红豆股份,2001-01-08,SH,沪主板,0,2005-01-04,2020-12-31,3721
600403,大有能源,2003-10-09,SH,沪主板,0,2005-01-04,2020-12-31,3718
600405,动力源,2004-04-01,SH,沪主板,0,2005-01-04,2020-12-31,3824
600406,国电南瑞,2003-10-16,SH,沪主板,0,2005-01-04,2020-12-31,3682
600408,安泰集团,2003-02-12,SH,沪主板,0,2005-01-04,2020-12-31,3590
600409,三友化工,2003-06-18,SH,沪主板,0,2005-01-04,2020-12-31,3794
600410,华胜天成,2004-04-27,SH,沪主板,0,2005-01-04,2020-12-31,3742
600415,小商品城,2002-05-09,SH,沪主板,0,2005-01-04,2020-12-31,3767
600416,湘电股份,2002-07-18,SH,沪主板,0,2005-01-04,2020-12-31,3764
600418,江淮汽车,2001-08-24,SH,沪主板,1,2005-01-04,2020-12-31,3723
600419,天润乳业,2001-06-28,SH,沪主板,0,2005-01-04,2020-12-31,3510
600420,国药现代,2004-06-16,SH,沪主板,0,2005-01-04,2020-12-31,3723
600422,昆药集团,2000-12-06,SH,沪主板,0,2005-01-04,2020-12-31,3798
600423,*ST柳化,2003-07-17,SH,沪主板,0,2005-01-04,2020-12-31,3553
600425,青松建化,2003-07-24,SH,沪主板,0,2005-01-04,2020-12-31,3816
600426,华鲁恒升,2002-06-20,SH,沪主板,0,2005-01-04,2020-12-31,3837
600428,中远海特,2002-04-18,SH,沪主板,0,2005-01-04,2020-12-31,3730
600429,三元股份,2003-09-15,SH,沪主板,0,2005-01-04,2020-12-31,3626
600433,冠豪高新,2003-06-19,SH,沪主板,0,2005-01-04,2020-12-31,3572
600435,北方导航,2003-07-04,SH,沪主板,0,2005-01-04,2020-12-31,3630
600436,片仔癀,2003-06-16,SH,沪主板,0,2005-01-04,2020-12-31,3832
600438,通威股份,2004-03-02,SH,沪主板,0,2005-01-04,2020-12-31,3689
600439,ST瑞贝卡,2003-07-10,SH,沪主板,1,2005-01-04,2020-12-31,3837
600444,国机通用,2004-02-19,SH,沪主板,1,2005-01-04,2020-12-31,3664
600446,金证股份,2003-12-24,SH,沪主板,0,2005-01-04,2020-12-31,3714
600448,华纺股份,2001-09-03,SH,沪主板,0,2005-01-04,2020-12-31,3760
600449,宁夏建材,2003-08-29,SH,沪主板,0,2005-01-04,2020-12-31,3777
600452,涪陵电力,2004-03-03,SH,沪主板,0,2005-01-04,2020-12-31,3770
600455,博通股份,2004-03-29,SH,沪主板,0,2005-01-04,2020-12-31,3152
600456,宝钛股份,2002-04-12,SH,沪主板,0,2005-01-04,2020-12-31,3844
600458,时代新材,2002-12-19,SH,沪主板,0,2005-01-04,2020-12-31,3711
600459,贵研铂业,2003-05-16,SH,沪主板,0,2005-01-04,2020-12-31,3822
600460,士兰微,2003-03-11,SH,沪主板,0,2005-01-04,2020-12-31,3762
600461,洪城环境,2004-06-01,SH,沪主板,0,2005-01-04,2020-12-31,3707
600463,空港股份,2004-03-18,SH,沪主板,0,2005-01-04,2020-12-31,3822
600467,好当家,2004-04-05,SH,沪主板,0,2005-01-04,2020-12-31,3835
600468,百利电气,2001-06-15,SH,沪主板,0,2005-01-04,2020-12-31,3589
600469,风神股份,2003-10-21,SH,沪主板,0,2005-01-04,2020-12-31,3659
600470,六国化工,2004-03-05,SH,沪主板,0,2005-01-04,2020-12-31,3839
600475,华光环能,2003-07-21,SH,沪主板,1,2005-01-04,2020-12-31,3700
600476,*ST湘邮,2003-12-10,SH,沪主板,0,2005-01-04,2020-12-31,3826
600477,杭萧钢构,2003-11-10,SH,沪主板,0,2005-01-04,2020-12-31,3771
600478,科力远,2003-09-18,SH,沪主板,0,2005-01-04,2020-12-31,3624
600479,千金药业,2004-03-12,SH,沪主板,0,2005-01-04,2020-12-31,3832
600480,凌云股份,2003-08-15,SH,沪主板,0,2005-01-04,2020-12-31,3678
600481,双良节能,2003-04-22,SH,沪主板,0,2005-01-04,2020-12-31,3705
600482,中国动力,2004-07-14,SH,沪主板,0,2005-01-04,2020-12-31,3694
600483,福能股份,2004-05-31,SH,沪主板,0,2005-01-04,2020-12-31,3746
600486,扬农化工,2002-04-25,SH,沪主板,0,2005-01-04,2020-12-31,3838
600487,亨通光电,2003-08-22,SH,沪主板,0,2005-01-04,2020-12-31,3710
600488,津药药业,2001-06-18,SH,沪主板,1,2005-01-04,2020-12-31,3747
600489,中金黄金,2003-08-14,SH,沪主板,0,2005-01-04,2020-12-31,3806
600490,鹏欣资源,2003-06-26,SH,沪主板,0,2005-01-04,2020-12-31,3335
600491,ST龙元,2004-05-24,SH,沪主板,0,2005-01-04,2020-12-31,3829
600493,凤竹纺织,2004-04-21,SH,沪主板,0,2005-01-04,2020-12-31,3829
600495,晋西车轴,2004-05-26,SH,沪主板,1,2005-01-04,2020-12-31,3812
600496,精工钢构,2002-06-05,SH,沪主板,0,2005-01-04,2020-12-31,3800
600497,驰宏锌锗,2004-04-20,SH,沪主板,0,2005-01-04,2020-12-31,3600
600498,烽火通信,2001-08-23,SH,沪主板,0,2005-01-04,2020-12-31,3798
600499,科达制造,2002-10-10,SH,沪主板,1,2005-01-04,2020-12-31,3617
600500,中化国际,2000-03-01,SH,沪主板,0,2005-01-04,2020-12-31,3813
600501,航天晨光,2001-06-15,SH,沪主板,0,2005-01-04,2020-12-31,3829
600502,安徽建工,2003-04-15,SH,沪主板,0,2005-01-04,2020-12-31,3704
600503,华丽家族,2002-07-09,SH,沪主板,0,2005-01-04,2020-12-31,3567
600505,西昌电力,2002-05-30,SH,沪主板,1,2005-01-04,2020-12-31,3789
600506,统一股份,2001-12-26,SH,沪主板,0,2005-01-04,2020-12-31,3595
600507,方大特钢,2003-09-30,SH,沪主板,0,2005-01-04,2020-12-31,3783
600508,上海能源,2001-08-29,SH,沪主板,0,2005-01-04,2020-12-31,3851
600509,天富能源,2002-02-28,SH,沪主板,0,2005-01-04,2020-12-31,3805
600510,黑牡丹,2002-06-18,SH,沪主板,0,2005-01-04,2020-12-31,3777
600511,国药股份,2002-11-27,SH,沪主板,0,2005-01-04,2020-12-31,3673
600512,腾达建设,2002-12-26,SH,沪主板,0,2005-01-04,2020-12-31,3769
600513,联环药业,2003-03-19,SH,沪主板,0,2005-01-04,2020-12-31,3808
600515,海南机场,2002-08-06,SH,沪主板,0,2005-01-04,2020-12-31,3387
600516,方大炭素,2002-08-30,SH,沪主板,0,2005-01-04,2020-12-31,3737
600517,国网英大,2003-10-10,SH,沪主板,0,2005-01-04,2020-12-31,3704
600518,康美药业,2001-03-19,SH,沪主板,0,2005-01-04,2020-12-31,3785
600519,贵州茅台,2001-08-27,SH,沪主板,0,2005-01-04,2020-12-31,3821
600520,三佳科技,2002-01-08,SH,沪主板,0,2005-01-04,2020-12-31,3705
600521,华海药业,2003-03-04,SH,沪主板,0,2005-01-04,2020-12-31,3828
600522,中天科技,2002-10-24,SH,沪主板,0,2005-01-04,2020-12-31,3760
600523,贵航股份,2001-12-27,SH,沪主板,0,2005-01-04,2020-12-31,3755
600525,长园集团,2002-12-02,SH,沪主板,1,2005-01-04,2020-12-31,3604
600526,XD菲达环,2002-07-22,SH,沪主板,0,2005-01-04,2020-12-31,3804
600527,江南高纤,2003-11-27,SH,沪主板,0,2005-01-04,2020-12-31,3842
600528,中铁工业,2001-05-28,SH,沪主板,0,2005-01-04,2020-12-31,3769
600529,XD山东药,2002-06-03,SH,沪主板,0,2005-01-04,2020-12-31,3805
600530,ST交昂,2001-07-02,SH,沪主板,1,2005-01-04,2020-12-31,3671
600531,豫光金铅,2002-07-30,SH,沪主板,0,2005-01-04,2020-12-31,3818
600533,栖霞建设,2002-03-28,SH,沪主板,0,2005-01-04,2020-12-31,3716
600535,天士力,2002-08-23,SH,沪主板,0,2005-01-04,2020-12-31,3828
600536,中国软件,2002-05-17,SH,沪主板,0,2005-01-04,2020-12-31,3824
600537,*ST亿晶,2003-01-23,SH,沪主板,0,2005-01-04,2020-12-31,3767
600538,国发股份,2003-01-14,SH,沪主板,0,2005-01-04,2020-12-31,3655
600539,狮头股份,2001-08-24,SH,沪主板,1,2005-01-04,2020-12-31,3584
600540,新赛股份,2004-01-07,SH,沪主板,0,2005-01-04,2020-12-31,3745
600543,*ST莫高,2004-03-24,SH,沪主板,0,2005-01-04,2020-12-31,3815
600545,卓郎智能,2003-12-03,SH,沪主板,0,2005-01-04,2020-12-31,3718
600546,山煤国际,2003-07-31,SH,沪主板,0,2005-01-04,2020-12-31,3752
600547,山东黄金,2003-08-28,SH,沪主板,0,2005-01-04,2020-12-31,3652
600548,深高速,2001-12-25,SH,沪主板,0,2005-01-04,2020-12-31,3835
600549,厦门钨业,2002-11-07,SH,沪主板,0,2005-01-04,2020-12-31,3828
600550,保变电气,2001-02-28,SH,沪主板,0,2005-01-04,2020-12-31,3730
600551,时代出版,2002-09-05,SH,沪主板,0,2005-01-04,2020-12-31,3676
600552,凯盛科技,2002-11-08,SH,沪主板,0,2005-01-04,2020-12-31,3566
600556,天下秀,2001-08-07,SH,沪主板,1,2005-01-04,2020-12-31,2233
600557,康缘药业,2002-09-18,SH,沪主板,1,2005-01-04,2020-12-31,3827
600558,大西洋,2001-02-27,SH,沪主板,1,2005-01-04,2020-12-31,3744
600559,老白干酒,2002-10-29,SH,沪主板,0,2005-01-04,2020-12-31,3594
600560,金自天正,2002-09-19,SH,沪主板,0,2005-01-04,2020-12-31,3849
600561,江西长运,2002-07-16,SH,沪主板,0,2005-01-04,2020-12-31,3775
600562,国睿科技,2003-01-28,SH,沪主板,0,2005-01-04,2020-12-31,3780
600563,法拉电子,2002-12-10,SH,沪主板,0,2005-01-04,2020-12-31,3852
600566,济川药业,2001-08-22,SH,沪主板,0,2005-01-04,2020-12-31,3722
600567,山鹰国际,2001-12-18,SH,沪主板,0,2005-01-04,2020-12-31,3775
600568,ST中珠,2001-05-18,SH,沪主板,0,2005-01-04,2020-12-31,3439
600569,安阳钢铁,2001-08-20,SH,沪主板,0,2005-01-04,2020-12-31,3752
600570,恒生电子,2003-12-16,SH,沪主板,0,2005-01-04,2020-12-31,3786
600571,信雅达,2002-11-01,SH,沪主板,0,2005-01-04,2020-12-31,3681
600572,康恩贝,2004-04-12,SH,沪主板,0,2005-01-04,2020-12-31,3676
600573,惠泉啤酒,2003-02-26,SH,沪主板,0,2005-01-04,2020-12-31,3853
600575,淮河能源,2003-03-28,SH,沪主板,0,2005-01-04,2020-12-31,3501
600576,祥源文旅,2003-02-20,SH,沪主板,0,2005-01-04,2020-12-31,3400
600577,精达股份,2002-09-11,SH,沪主板,0,2005-01-04,2020-12-31,3601
600578,京能电力,2002-05-10,SH,沪主板,0,2005-01-04,2020-12-31,3695
600579,中化装备,2002-08-09,SH,沪主板,0,2005-01-04,2020-12-31,3470
600580,卧龙电驱,2002-06-06,SH,沪主板,0,2005-01-04,2020-12-31,3753
600581,*ST八钢,2002-08-16,SH,沪主板,0,2005-01-04,2020-12-31,3674
600582,天地科技,2002-05-15,SH,沪主板,0,2005-01-04,2020-12-31,3783
600583,海油工程,2002-02-05,SH,沪主板,0,2005-01-04,2020-12-31,3841
600584,长电科技,2003-06-03,SH,沪主板,0,2005-01-04,2020-12-31,3586
600585,海螺水泥,2002-02-07,SH,沪主板,0,2005-01-04,2020-12-31,3837
600586,金晶科技,2002-08-15,SH,沪主板,0,2005-01-04,2020-12-31,3822
600587,新华医疗,2002-09-27,SH,沪主板,0,2005-01-04,2020-12-31,3702
600588,用友网络,2001-05-18,SH,沪主板,0,2005-01-04,2020-12-31,3834
600589,大位科技,2001-06-12,SH,沪主板,0,2005-01-04,2020-12-31,3691
600590,泰豪科技,2002-07-03,SH,沪主板,1,2005-01-04,2020-12-31,3612
600592,龙溪股份,2002-08-05,SH,沪主板,0,2005-01-04,2020-12-31,3775
600593,大连圣亚,2002-07-11,SH,沪主板,0,2005-01-04,2020-12-31,3775
600594,益佰制药,2004-03-23,SH,沪主板,0,2005-01-04,2020-12-31,3830
600595,中孚实业,2002-06-26,SH,沪主板,0,2005-01-04,2020-12-31,3737
600596,新安股份,2001-09-06,SH,沪主板,0,2005-01-04,2020-12-31,3815
600597,光明乳业,2002-08-28,SH,沪主板,0,2005-01-04,2020-12-31,3735
600598,北大荒,2002-03-29,SH,沪主板,0,2005-01-04,2020-12-31,3790
600600,青岛啤酒,1993-08-27,SH,沪主板,0,2005-01-04,2020-12-31,3803
600601,方正科技,1990-12-19,SH,沪主板,0,2005-01-04,2020-12-31,3842
600602,云赛智联,1990-12-19,SH,沪主板,0,2005-01-04,2020-12-31,3561
600603,广汇物流,1992-01-13,SH,沪主板,0,2005-01-04,2020-12-31,3445
600604,市北高新,1992-03-27,SH,沪主板,0,2005-01-04,2020-12-31,3673
600605,汇通能源,1992-03-27,SH,沪主板,0,2005-01-04,2020-12-31,3757
600606,绿地控股,1992-03-27,SH,沪主板,0,2005-01-04,2020-12-31,3498
600609,金杯汽车,1992-07-24,SH,沪主板,0,2005-01-04,2020-12-31,3613
600610,中毅达,1992-08-05,SH,沪主板,1,2005-01-04,2020-12-31,2941
600611,大众交通,1992-08-07,SH,沪主板,0,2005-01-04,2020-12-31,3837
600612,老凤祥,1992-08-14,SH,沪主板,0,2005-01-04,2020-12-31,3806
600613,神奇制药,1992-08-20,SH,沪主板,1,2005-01-04,2020-12-31,3755
600615,鑫源智造,1992-09-10,SH,沪主板,0,2005-01-04,2020-12-31,3616
600616,金枫酒业,1992-09-29,SH,沪主板,0,2005-01-04,2020-12-31,3812
600617,国新能源,1992-10-13,SH,沪主板,0,2005-01-04,2020-12-31,3378
600618,氯碱化工,1992-11-13,SH,沪主板,0,2005-01-04,2020-12-31,3836
600619,海立股份,1992-11-16,SH,沪主板,0,2005-01-04,2020-12-31,3760
600620,天宸股份,1992-11-17,SH,沪主板,1,2005-01-04,2020-12-31,3775
600621,华鑫股份,1992-12-02,SH,沪主板,0,2005-01-04,2020-12-31,3774
600622,光大嘉宝,1992-12-03,SH,沪主板,0,2005-01-04,2020-12-31,3817
600623,华谊集团,1992-12-04,SH,沪主板,0,2005-01-04,2020-12-31,3738
600624,ST复华,1993-01-05,SH,沪主板,0,2005-01-04,2020-12-31,3842
600626,申达股份,1993-01-07,SH,沪主板,0,2005-01-04,2020-12-31,3799
600628,新世界,1993-01-19,SH,沪主板,0,2005-01-04,2020-12-31,3806
600629,华建集团,1993-02-09,SH,沪主板,0,2005-01-04,2020-12-31,3293
600630,龙头股份,1993-02-09,SH,沪主板,0,2005-01-04,2020-12-31,3849
600633,浙数文化,1993-03-04,SH,沪主板,0,2005-01-04,2020-12-31,3315
600635,大众公用,1993-03-04,SH,沪主板,0,2005-01-04,2020-12-31,3796
600637,XD东方明,1993-03-16,SH,沪主板,0,2005-01-04,2020-12-31,3492
600638,新黄浦,1993-03-26,SH,沪主板,0,2005-01-04,2020-12-31,3831
600639,浦东金桥,1993-03-26,SH,沪主板,0,2005-01-04,2020-12-31,3789
600640,国脉文化,1993-04-07,SH,沪主板,0,2005-01-04,2020-12-31,3706
600641,先导基电,1993-04-07,SH,沪主板,0,2005-01-04,2020-12-31,3591
600642,申能股份,1993-04-16,SH,沪主板,0,2005-01-04,2020-12-31,3841
600643,爱建集团,1993-04-26,SH,沪主板,0,2005-01-04,2020-12-31,3545
600644,乐山电力,1993-04-26,SH,沪主板,0,2005-01-04,2020-12-31,3793
600645,中源协和,1993-05-04,SH,沪主板,0,2005-01-04,2020-12-31,3418
600648,外高桥,1993-05-04,SH,沪主板,1,2005-01-04,2020-12-31,3706
600649,城投控股,1993-05-18,SH,沪主板,0,2005-01-04,2020-12-31,3433
600650,锦江在线,1993-06-07,SH,沪主板,0,2005-01-04,2020-12-31,3843
600651,飞乐音响,1990-12-19,SH,沪主板,0,2005-01-04,2020-12-31,3739
600653,申华控股,1990-12-19,SH,沪主板,0,2005-01-04,2020-12-31,3607
600654,中安科,1990-12-19,SH,沪主板,0,2005-01-04,2020-12-31,3333
600655,豫园股份,1992-09-02,SH,沪主板,0,2005-01-04,2020-12-31,3473
600657,信达地产,1993-05-24,SH,沪主板,0,2005-01-04,2020-12-31,3517
600658,电子城,1993-05-24,SH,沪主板,0,2005-01-04,2020-12-31,3800
600660,福耀玻璃,1993-06-10,SH,沪主板,0,2005-01-04,2020-12-31,3838
600661,昂立教育,1993-06-14,SH,沪主板,0,2005-01-04,2020-12-31,3721
600662,外服控股,1993-06-14,SH,沪主板,0,2005-01-04,2020-12-31,3759
600663,陆家嘴,1993-06-28,SH,沪主板,0,2005-01-04,2020-12-31,3728
600664,哈药股份,1993-06-29,SH,沪主板,1,2005-01-04,2020-12-31,3618
600665,天地源,1993-07-09,SH,沪主板,0,2005-01-04,2020-12-31,3832
600666,奥瑞德,1993-07-12,SH,沪主板,0,2005-01-04,2020-12-31,3403
600667,太极实业,1993-07-28,SH,沪主板,0,2005-01-04,2020-12-31,3688
600668,尖峰集团,1993-07-28,SH,沪主板,0,2005-01-04,2020-12-31,3842
600671,天目药业,1993-08-23,SH,沪主板,0,2005-01-04,2020-12-31,3367
600673,东阳光,1993-09-17,SH,沪主板,0,2005-01-04,2020-12-31,3543
600674,川投能源,1993-09-24,SH,沪主板,0,2005-01-04,2020-12-31,3748
600675,中华企业,1993-09-24,SH,沪主板,0,2005-01-04,2020-12-31,3570
600676,久事动娱,1993-09-28,SH,沪主板,0,2005-01-04,2020-12-31,3792
600678,ST金顶,1993-10-08,SH,沪主板,1,2005-01-04,2020-12-31,3342
600679,上海凤凰,1993-10-08,SH,沪主板,1,2005-01-04,2020-12-31,3758
600681,百川能源,1993-10-18,SH,沪主板,0,2005-01-04,2020-12-31,2746
600682,南京新百,1993-10-18,SH,沪主板,0,2005-01-04,2020-12-31,3400
600683,京投发展,1993-10-25,SH,沪主板,0,2005-01-04,2020-12-31,3782
600684,珠江股份,1993-10-28,SH,沪主板,0,2005-01-04,2020-12-31,3851
600685,中船防务,1993-10-28,SH,沪主板,0,2005-01-04,2020-12-31,3541
600686,金龙汽车,1993-11-08,SH,沪主板,0,2005-01-04,2020-12-31,3744
600688,上海石化,1993-11-08,SH,沪主板,0,2005-01-04,2020-12-31,3783
600689,上海三毛,1993-11-08,SH,沪主板,1,2005-01-04,2020-12-31,3659
600690,海尔智家,1993-11-19,SH,沪主板,0,2005-01-04,2020-12-31,3734
600691,潞化科技,1993-11-19,SH,沪主板,0,2005-01-04,2020-12-31,3561
600692,亚通股份,1993-11-19,SH,沪主板,0,2005-01-04,2020-12-31,3826
600693,东百集团,1993-11-22,SH,沪主板,0,2005-01-04,2020-12-31,3807
600694,大商股份,1993-11-22,SH,沪主板,0,2005-01-04,2020-12-31,3768
600697,欧亚集团,1993-12-06,SH,沪主板,0,2005-01-04,2020-12-31,3829
600698,湖南天雁,1993-12-06,SH,沪主板,1,2005-01-04,2020-12-31,3473
600699,均胜电子,1993-12-06,SH,沪主板,0,2005-01-04,2020-12-31,3431
600702,舍得酒业,1996-05-24,SH,沪主板,0,2005-01-04,2020-12-31,3795
600703,三安光电,1996-05-28,SH,沪主板,0,2005-01-04,2020-12-31,3525
600704,物产中大,1996-06-06,SH,沪主板,1,2005-01-04,2020-12-31,3638
600706,曲江文旅,1996-05-16,SH,沪主板,0,2005-01-04,2020-12-31,3756
600707,彩虹股份,1996-05-20,SH,沪主板,0,2005-01-04,2020-12-31,3721
600708,光明地产,1996-06-06,SH,沪主板,0,2005-01-04,2020-12-31,3786
600710,苏美达,1996-07-01,SH,沪主板,0,2005-01-04,2020-12-31,3385
600711,XD盛屯矿,1996-05-31,SH,沪主板,0,2005-01-04,2020-12-31,3500
600712,南宁百货,1996-06-26,SH,沪主板,1,2005-01-04,2020-12-31,3813
600713,南京医药,1996-07-01,SH,沪主板,0,2005-01-04,2020-12-31,3810
600714,金瑞矿业,1996-06-06,SH,沪主板,1,2005-01-04,2020-12-31,3622
600715,文投控股,1996-07-01,SH,沪主板,0,2005-01-04,2020-12-31,3592
600716,凤凰股份,1996-07-02,SH,沪主板,0,2005-01-04,2020-12-31,3636
600717,天津港,1996-06-14,SH,沪主板,0,2005-01-04,2020-12-31,3825
600718,东软集团,1996-06-18,SH,沪主板,0,2005-01-04,2020-12-31,3825
600719,大连热电,1996-07-16,SH,沪主板,0,2005-01-04,2020-12-31,3652
600720,中交设计,1996-07-16,SH,沪主板,0,2005-01-04,2020-12-31,3804
600721,百花医药,1996-06-26,SH,沪主板,0,2005-01-04,2020-12-31,3575
600722,金牛化工,1996-06-26,SH,沪主板,0,2005-01-04,2020-12-31,3493
600724,宁波富达,1996-07-16,SH,沪主板,1,2005-01-04,2020-12-31,3722
600725,云维股份,1996-07-02,SH,沪主板,0,2005-01-04,2020-12-31,3462
600726,华电能源,1996-07-01,SH,沪主板,0,2005-01-04,2020-12-31,3803
600727,鲁北化工,1996-07-02,SH,沪主板,0,2005-01-04,2020-12-31,3368
600728,佳都科技,1996-07-16,SH,沪主板,0,2005-01-04,2020-12-31,3466
600729,重百集团,1996-07-02,SH,沪主板,0,2005-01-04,2020-12-31,3576
600730,*ST高科,1996-07-26,SH,沪主板,0,2005-01-04,2020-12-31,3701
600731,湖南海利,1996-08-02,SH,沪主板,0,2005-01-04,2020-12-31,3814
600732,爱旭股份,1996-08-16,SH,沪主板,0,2005-01-04,2020-12-31,3347
600733,北汽蓝谷,1996-08-16,SH,沪主板,0,2005-01-04,2020-12-31,3312
600734,*ST实达,1996-08-08,SH,沪主板,0,2005-01-04,2020-12-31,2894
600735,ST新华锦,1996-07-26,SH,沪主板,0,2005-01-04,2020-12-31,3384
600736,苏州高新,1996-08-15,SH,沪主板,0,2005-01-04,2020-12-31,3720
600737,中粮糖业,1996-07-31,SH,沪主板,0,2005-01-04,2020-12-31,3787
600738,丽尚国潮,1996-08-02,SH,沪主板,1,2005-01-04,2020-12-31,3684
600739,辽宁成大,1996-08-19,SH,沪主板,0,2005-01-04,2020-12-31,3677
600740,山西焦化,1996-08-08,SH,沪主板,0,2005-01-04,2020-12-31,3684
600741,华域汽车,1996-08-26,SH,沪主板,0,2005-01-04,2020-12-31,3760
600742,富维股份,1996-08-26,SH,沪主板,0,2005-01-04,2020-12-31,3843
600743,华远控股,1996-09-09,SH,沪主板,0,2005-01-04,2020-12-31,3625
600744,华银电力,1996-09-05,SH,沪主板,0,2005-01-04,2020-12-31,3728
600745,*ST闻泰,1996-08-28,SH,沪主板,0,2005-01-04,2020-12-31,3048
600746,江苏索普,1996-09-18,SH,沪主板,0,2005-01-04,2020-12-31,3754
600748,上实发展,1996-09-25,SH,沪主板,0,2005-01-04,2020-12-31,3771
600749,西藏旅游,1996-10-15,SH,沪主板,1,2005-01-04,2020-12-31,3577
600750,华润江中,1996-09-23,SH,沪主板,0,2005-01-04,2020-12-31,3748
600751,海航科技,1996-09-09,SH,沪主板,0,2005-01-04,2020-12-31,3259
600753,ST海钦,1996-09-27,SH,沪主板,1,2005-01-04,2020-12-31,3445
600754,锦江酒店,1996-10-11,SH,沪主板,0,2005-01-04,2020-12-31,3688
600755,厦门国贸,1996-10-03,SH,沪主板,0,2005-01-04,2020-12-31,3830
600756,浪潮软件,1996-09-23,SH,沪主板,1,2005-01-04,2020-12-31,3723
600757,长江传媒,1996-10-03,SH,沪主板,0,2005-01-04,2020-12-31,3477
600758,辽宁能源,1996-10-29,SH,沪主板,0,2005-01-04,2020-12-31,3714
600759,ST洲际,1996-10-08,SH,沪主板,0,2005-01-04,2020-12-31,3227
600760,中航沈飞,1996-10-11,SH,沪主板,1,2005-01-04,2020-12-31,3669
600761,安徽合力,1996-10-09,SH,沪主板,1,2005-01-04,2020-12-31,3852
600763,通策医疗,1996-10-30,SH,沪主板,0,2005-01-04,2020-12-31,3672
600764,中国海防,1996-11-04,SH,沪主板,0,2005-01-04,2020-12-31,3479
600765,中航重机,1996-11-06,SH,沪主板,1,2005-01-04,2020-12-31,3747
600768,富邦新材,1996-11-11,SH,沪主板,0,2005-01-04,2020-12-31,3524
600769,祥龙电业,1996-11-01,SH,沪主板,0,2005-01-04,2020-12-31,3641
600770,综艺股份,1996-11-20,SH,沪主板,0,2005-01-04,2020-12-31,3762
600771,广誉远,1996-11-05,SH,沪主板,0,2005-01-04,2020-12-31,3642
600773,西藏城投,1996-11-08,SH,沪主板,0,2005-01-04,2020-12-31,3623
600774,汉商集团,1996-11-08,SH,沪主板,0,2005-01-04,2020-12-31,3824
600775,南京熊猫,1996-11-18,SH,沪主板,0,2005-01-04,2020-12-31,3730
600776,东方通信,1996-11-26,SH,沪主板,0,2005-01-04,2020-12-31,3845
600777,新潮能源,1996-11-21,SH,沪主板,0,2005-01-04,2020-12-31,3499
600778,友好集团,1996-12-03,SH,沪主板,0,2005-01-04,2020-12-31,3717
600779,水井坊,1996-12-06,SH,沪主板,1,2005-01-04,2020-12-31,3829
600780,通宝能源,1996-12-05,SH,沪主板,0,2005-01-04,2020-12-31,3477
600782,新钢股份,1996-12-25,SH,沪主板,0,2005-01-04,2020-12-31,3720
600783,鲁信创投,1996-12-25,SH,沪主板,0,2005-01-04,2020-12-31,3686
600784,鲁银投资,1996-12-25,SH,沪主板,0,2005-01-04,2020-12-31,3529
600785,新华百货,1997-01-08,SH,沪主板,0,2005-01-04,2020-12-31,3684
600787,中储股份,1997-01-21,SH,沪主板,0,2005-01-04,2020-12-31,3811
600789,鲁抗医药,1997-02-26,SH,沪主板,0,2005-01-04,2020-12-31,3838
600790,轻纺城,1997-02-28,SH,沪主板,0,2005-01-04,2020-12-31,3673
600791,京能置业,1997-01-30,SH,沪主板,0,2005-01-04,2020-12-31,3814
600792,云煤能源,1997-01-23,SH,沪主板,0,2005-01-04,2020-12-31,3612
600793,宜宾纸业,1997-02-20,SH,沪主板,0,2005-01-04,2020-12-31,3624
600794,保税科技,1997-03-06,SH,沪主板,0,2005-01-04,2020-12-31,3646
600795,国电电力,1997-03-18,SH,沪主板,0,2005-01-04,2020-12-31,3734
600796,钱江生化,1997-04-08,SH,沪主板,0,2005-01-04,2020-12-31,3611
600797,浙大网新,1997-04-18,SH,沪主板,0,2005-01-04,2020-12-31,3702
600798,宁波海运,1997-04-23,SH,沪主板,0,2005-01-04,2020-12-31,3658
600800,渤海化学,1993-12-06,SH,沪主板,0,2005-01-04,2020-12-31,3583
600801,华新建材,1994-01-03,SH,沪主板,0,2005-01-04,2020-12-31,3827
600802,福建水泥,1994-01-03,SH,沪主板,0,2005-01-04,2020-12-31,3842
600803,新奥股份,1994-01-03,SH,沪主板,0,2005-01-04,2020-12-31,3628
600805,悦达投资,1994-01-03,SH,沪主板,0,2005-01-04,2020-12-31,3802
600807,济高发展,1994-01-03,SH,沪主板,0,2005-01-04,2020-12-31,3368
600808,马钢股份,1994-01-06,SH,沪主板,0,2005-01-04,2020-12-31,3830
600809,山西汾酒,1994-01-06,SH,沪主板,0,2005-01-04,2020-12-31,3840
600810,神马股份,1994-01-06,SH,沪主板,0,2005-01-04,2020-12-31,3760
600812,华北制药,1994-01-14,SH,沪主板,1,2005-01-04,2020-12-31,3814
600814,杭州解百,1994-01-14,SH,沪主板,0,2005-01-04,2020-12-31,3718
600815,厦工股份,1994-01-28,SH,沪主板,0,2005-01-04,2020-12-31,3821
600816,建元信托,1994-01-28,SH,沪主板,0,2005-01-04,2020-12-31,3326
600817,宇通重工,1994-01-28,SH,沪主板,1,2005-01-04,2020-12-31,2657
600818,ST中路,1994-01-28,SH,沪主板,0,2005-01-04,2020-12-31,3751
600819,耀皮玻璃,1994-01-28,SH,沪主板,0,2005-01-04,2020-12-31,3702
600820,隧道股份,1994-01-28,SH,沪主板,0,2005-01-04,2020-12-31,3766
600821,金开新能,1994-01-28,SH,沪主板,0,2005-01-04,2020-12-31,3773
600822,上海物贸,1994-02-04,SH,沪主板,0,2005-01-04,2020-12-31,3684
600824,益民集团,1994-02-04,SH,沪主板,0,2005-01-04,2020-12-31,3837
600825,新华传媒,1994-02-04,SH,沪主板,0,2005-01-04,2020-12-31,3713
600826,兰生股份,1994-02-04,SH,沪主板,0,2005-01-04,2020-12-31,3823
600827,百联股份,1994-02-04,SH,沪主板,0,2005-01-04,2020-12-31,3728
600828,茂业商业,1994-02-24,SH,沪主板,1,2005-01-04,2020-12-31,3617
600829,人民同泰,1994-02-24,SH,沪主板,0,2005-01-04,2020-12-31,3637
600830,香溢融通,1994-02-24,SH,沪主板,0,2005-01-04,2020-12-31,3831
600831,广电网络,1994-02-24,SH,沪主板,0,2005-01-04,2020-12-31,3830
600833,第一医药,1994-02-24,SH,沪主板,0,2005-01-04,2020-12-31,3844
600834,申通地铁,1994-02-24,SH,沪主板,0,2005-01-04,2020-12-31,3772
600835,上海机电,1994-02-24,SH,沪主板,0,2005-01-04,2020-12-31,3835
600838,上海九百,1994-02-24,SH,沪主板,0,2005-01-04,2020-12-31,3857
600839,四川长虹,1994-03-11,SH,沪主板,0,2005-01-04,2020-12-31,3787
600841,动力新科,1994-03-11,SH,沪主板,1,2005-01-04,2020-12-18,3720
600843,上工申贝,1994-03-11,SH,沪主板,0,2005-01-04,2020-12-31,3706
600844,金煤科技,1994-03-11,SH,沪主板,0,2005-01-04,2020-12-31,3496
600845,宝信软件,1994-03-11,SH,沪主板,0,2005-01-04,2020-12-31,3779
600846,同济科技,1994-03-11,SH,沪主板,0,2005-01-04,2020-12-31,3839
600847,万里股份,1994-03-24,SH,沪主板,0,2005-01-04,2020-12-31,3557
600848,上海临港,1994-03-24,SH,沪主板,0,2005-01-04,2020-12-31,3441
600850,电科数字,1994-03-24,SH,沪主板,0,2005-01-04,2020-12-31,3679
600851,海欣股份,1994-04-04,SH,沪主板,0,2005-01-04,2020-12-31,3816
600853,龙建股份,1994-04-04,SH,沪主板,0,2005-01-04,2020-12-31,3808
600854,春兰股份,1994-04-25,SH,沪主板,0,2005-01-04,2020-12-31,3463
600855,航天长峰,1994-04-25,SH,沪主板,0,2005-01-04,2020-12-31,3669
600857,宁波中百,1994-04-25,SH,沪主板,0,2005-01-04,2020-12-31,3775
600858,银座股份,1994-05-06,SH,沪主板,0,2005-01-04,2020-12-31,3703
600859,王府井,1994-05-06,SH,沪主板,0,2005-01-04,2020-12-31,3646
600860,京城股份,1994-05-06,SH,沪主板,1,2005-01-04,2020-12-31,3621
600861,北京人力,1994-05-20,SH,沪主板,0,2005-01-04,2020-12-31,3828
600862,中航高科,1994-05-20,SH,沪主板,1,2005-01-04,2020-12-31,3538
600863,华能蒙电,1994-05-20,SH,沪主板,0,2005-01-04,2020-12-31,3790
600864,哈投股份,1994-08-09,SH,沪主板,0,2005-01-04,2020-12-31,3661
600865,百大集团,1994-08-09,SH,沪主板,0,2005-01-04,2020-12-31,3750
600866,星湖科技,1994-08-18,SH,沪主板,0,2005-01-04,2020-12-31,3606
600867,通化东宝,1994-08-24,SH,沪主板,1,2005-01-04,2020-12-31,3795
600868,梅雁吉祥,1994-09-12,SH,沪主板,0,2005-01-04,2020-12-31,3751
600869,远东股份,1995-02-06,SH,沪主板,1,2005-01-04,2020-12-31,3708
600871,石化油服,1995-04-11,SH,沪主板,0,2005-01-04,2020-12-31,3667
600872,中炬高新,1995-01-24,SH,沪主板,0,2005-01-04,2020-12-31,3760
600873,梅花生物,1995-02-17,SH,沪主板,0,2005-01-04,2020-12-31,3634
600874,创业环保,1995-06-30,SH,沪主板,1,2005-01-04,2020-12-31,3822
600875,东方电气,1995-10-10,SH,沪主板,1,2005-01-04,2020-12-31,3728
600876,凯盛新能,1995-10-31,SH,沪主板,0,2005-01-04,2020-12-31,3552
600877,电科芯片,1995-10-13,SH,沪主板,0,2005-01-04,2020-12-31,3518
600879,航天电子,1995-11-15,SH,沪主板,0,2005-01-04,2020-12-31,3743
600880,博瑞传播,1995-11-15,SH,沪主板,0,2005-01-04,2020-12-31,3584
600881,亚泰集团,1995-11-15,SH,沪主板,0,2005-01-04,2020-12-31,3792
600882,妙可蓝多,1995-12-06,SH,沪主板,1,2005-01-04,2020-12-31,3594
600883,博闻科技,1995-12-08,SH,沪主板,0,2005-01-04,2020-12-31,3846
600884,杉杉股份,1996-01-30,SH,沪主板,0,2005-01-04,2020-12-31,3806
600885,宏发股份,1996-02-05,SH,沪主板,0,2005-01-04,2020-12-31,3643
600886,国投电力,1996-01-18,SH,沪主板,0,2005-01-04,2020-12-31,3700
600887,伊利股份,1996-03-12,SH,沪主板,0,2005-01-04,2020-12-31,3796
600888,新疆众和,1996-02-15,SH,沪主板,0,2005-01-04,2020-12-31,3770
600889,*ST京化,1996-03-08,SH,沪主板,0,2005-01-04,2020-12-31,3797
600892,大晟文化,1996-03-15,SH,沪主板,0,2005-01-04,2020-12-31,3480
600893,航发动力,1996-04-08,SH,沪主板,0,2005-01-04,2020-12-31,3257
600894,广日股份,1996-03-28,SH,沪主板,0,2005-01-04,2020-12-31,3768
600895,张江高科,1996-04-22,SH,沪主板,0,2005-01-04,2020-12-31,3841
600897,厦门空港,1996-05-31,SH,沪主板,0,2005-01-04,2020-12-31,3852
600900,长江电力,2003-11-18,SH,沪主板,0,2005-01-04,2020-12-31,3477
600917,重庆燃气,2014-09-30,SH,沪主板,0,2014-09-30,2020-12-31,1519
600960,渤海汽车,2004-04-07,SH,沪主板,0,2005-01-04,2020-12-31,3673
600961,株冶集团,2004-08-30,SH,沪主板,0,2005-01-04,2020-12-31,3813
600962,国投中鲁,2004-06-22,SH,沪主板,1,2005-01-04,2020-12-31,3719
600963,岳阳林纸,2004-05-25,SH,沪主板,0,2005-01-04,2020-12-31,3730
600965,*ST福成,2004-07-13,SH,沪主板,0,2005-01-04,2020-12-31,3679
600966,博汇纸业,2004-06-08,SH,沪主板,0,2005-01-04,2020-12-31,3788
600967,内蒙一机,2004-05-18,SH,沪主板,0,2005-01-04,2020-12-31,3684
600969,郴电国际,2004-04-08,SH,沪主板,0,2005-01-04,2020-12-31,3839
600970,中材国际,2005-04-12,SH,沪主板,0,2005-04-12,2020-12-31,3702
600971,恒源煤电,2004-08-17,SH,沪主板,0,2005-01-04,2020-12-31,3819
600973,宝胜股份,2004-08-02,SH,沪主板,0,2005-01-04,2020-12-31,3720
600975,新五丰,2004-06-09,SH,沪主板,0,2005-01-04,2020-12-31,3735
600976,健民集团,2004-04-19,SH,沪主板,0,2005-01-04,2020-12-31,3814
600979,广安爱众,2004-09-06,SH,沪主板,0,2005-01-04,2020-12-31,3711
600980,北矿科技,2004-05-12,SH,沪主板,0,2005-01-04,2020-12-31,3819
600981,苏豪汇鸿,2004-06-30,SH,沪主板,1,2005-01-04,2020-12-31,3669
600982,宁波能源,2004-07-06,SH,沪主板,0,2005-01-04,2020-12-31,3739
600983,惠而浦,2004-07-27,SH,沪主板,0,2005-01-04,2020-12-31,3656
600984,建设机械,2004-07-07,SH,沪主板,0,2005-01-04,2020-12-31,3684
600985,淮北矿业,2004-04-28,SH,沪主板,0,2005-01-04,2020-12-31,3613
600986,浙文互联,2004-04-26,SH,沪主板,1,2005-01-04,2020-12-31,3646
600987,航民股份,2004-08-09,SH,沪主板,0,2005-01-04,2020-12-31,3787
600988,赤峰黄金,2004-04-14,SH,沪主板,0,2005-01-04,2020-12-31,3437
600990,四创电子,2004-05-10,SH,沪主板,1,2005-01-04,2020-12-31,3701
600992,贵绳股份,2004-05-14,SH,沪主板,0,2005-01-04,2020-12-31,3852
600993,马应龙,2004-05-17,SH,沪主板,0,2005-01-04,2020-12-31,3854
600995,XD南网储,2004-06-15,SH,沪主板,0,2005-01-04,2020-12-31,3778
600997,开滦股份,2004-06-02,SH,沪主板,0,2005-01-04,2020-12-31,3775
600998,九州通,2010-11-02,SH,沪主板,0,2010-11-02,2020-12-31,2453
600999,招商证券,2009-11-17,SH,沪主板,0,2009-11-17,2020-12-31,2687
601000,唐山港,2010-07-05,SH,沪主板,0,2010-07-05,2020-12-31,2463
601001,晋控煤业,2006-06-23,SH,沪主板,0,2006-06-23,2020-12-31,3350
601002,晋亿实业,2007-01-26,SH,沪主板,0,2007-01-26,2020-12-31,3361
601003,柳钢股份,2007-02-27,SH,沪主板,0,2007-02-27,2020-12-31,3189
601005,重庆钢铁,2007-02-28,SH,沪主板,0,2007-02-28,2020-12-31,2918
601006,大秦铁路,2006-08-01,SH,沪主板,0,2006-08-01,2020-12-31,3487
601007,金陵饭店,2007-04-06,SH,沪主板,1,2007-04-06,2020-12-31,3327
601008,连云港,2007-04-26,SH,沪主板,0,2007-04-26,2020-12-31,3312
601009,南京银行,2007-07-19,SH,沪主板,0,2007-07-19,2020-12-31,3254
601010,ST文峰,2011-06-03,SH,沪主板,0,2011-06-03,2020-12-31,2316
601011,宝泰隆,2011-03-09,SH,沪主板,0,2011-03-09,2020-12-31,2361
601012,隆基绿能,2012-04-11,SH,沪主板,0,2012-04-11,2020-12-31,2085
601015,陕西黑猫,2014-11-05,SH,沪主板,0,2014-11-05,2020-12-31,1500
601016,节能风电,2014-09-29,SH,沪主板,0,2014-09-29,2020-12-31,1516
601018,宁波港,2010-09-28,SH,沪主板,0,2010-09-28,2020-12-31,2357
601038,一拖股份,2012-08-08,SH,沪主板,0,2012-08-08,2020-12-31,2044
601058,赛轮轮胎,2011-06-30,SH,沪主板,1,2011-06-30,2020-12-31,2277
601088,中国神华,2007-10-09,SH,沪主板,0,2007-10-09,2020-12-31,3154
601098,中南传媒,2010-10-28,SH,沪主板,0,2010-10-28,2020-12-31,2473
601099,太平洋,2007-12-28,SH,沪主板,0,2007-12-28,2020-12-31,3136
601100,恒立液压,2011-10-28,SH,沪主板,0,2011-10-28,2020-12-31,2193
601101,昊华能源,2010-03-31,SH,沪主板,0,2010-03-31,2020-12-31,2505
601106,中国一重,2010-02-09,SH,沪主板,0,2010-02-09,2020-12-31,2635
601107,四川成渝,2009-07-27,SH,沪主板,1,2009-07-27,2020-12-31,2764
601111,中国国航,2006-08-18,SH,沪主板,0,2006-08-18,2020-12-31,3428
601113,华鼎股份,2011-05-09,SH,沪主板,0,2011-05-09,2020-12-31,2259
601116,三江购物,2011-03-02,SH,沪主板,0,2011-03-02,2020-12-31,2377
601117,中国化学,2010-01-07,SH,沪主板,0,2010-01-07,2020-12-31,2664
601118,海南橡胶,2011-01-07,SH,沪主板,0,2011-01-07,2020-12-31,2297
601126,四方股份,2010-12-31,SH,沪主板,0,2010-12-31,2020-12-31,2422
601137,博威合金,2011-01-27,SH,沪主板,0,2011-01-27,2020-12-31,2350
601139,深圳燃气,2009-12-25,SH,沪主板,0,2009-12-25,2020-12-31,2662
601158,重庆水务,2010-03-29,SH,沪主板,0,2010-03-29,2020-12-31,2603
601166,兴业银行,2007-02-05,SH,沪主板,0,2007-02-05,2020-12-31,3359
601168,西部矿业,2007-07-12,SH,沪主板,0,2007-07-12,2020-12-31,3065
601169,北京银行,2007-09-19,SH,沪主板,0,2007-09-19,2020-12-31,3176
601177,杭齿前进,2010-10-11,SH,沪主板,0,2010-10-11,2020-12-31,2486
601179,XD中国西,2010-01-28,SH,沪主板,0,2010-01-28,2020-12-31,2643
601186,中国铁建,2008-03-10,SH,沪主板,0,2008-03-10,2020-12-31,3100
601188,龙江交通,2010-03-19,SH,沪主板,0,2010-03-19,2020-12-31,2615
601199,江南水务,2011-03-17,SH,沪主板,0,2011-03-17,2020-12-31,2352
601208,东材科技,2011-05-20,SH,沪主板,0,2011-05-20,2020-12-31,2333
601216,君正集团,2011-02-22,SH,沪主板,0,2011-02-22,2020-12-31,2275
601218,吉鑫科技,2011-05-06,SH,沪主板,0,2011-05-06,2020-12-31,2335
601222,林洋能源,2011-08-08,SH,沪主板,0,2011-08-08,2020-12-31,2269
601225,陕西煤业,2014-01-28,SH,沪主板,0,2014-01-28,2020-12-31,1689
601226,华电科工,2014-12-11,SH,沪主板,0,2014-12-11,2020-12-31,1476
601231,环旭电子,2012-02-20,SH,沪主板,0,2012-02-20,2020-12-31,2142
601233,桐昆股份,2011-05-18,SH,沪主板,1,2011-05-18,2020-12-31,2331
601238,广汽集团,2012-03-29,SH,沪主板,1,2012-03-29,2020-12-31,2120
601288,农业银行,2010-07-15,SH,沪主板,0,2010-07-15,2020-12-31,2542
601311,骆驼股份,2011-06-02,SH,沪主板,0,2011-06-02,2020-12-31,2308
601318,中国平安,2007-03-01,SH,沪主板,0,2007-03-01,2020-12-31,3304
601328,交通银行,2007-05-15,SH,沪主板,1,2007-05-15,2020-12-31,3306
601333,广深铁路,2006-12-22,SH,沪主板,0,2006-12-22,2020-12-31,3402
601336,新华保险,2011-12-16,SH,沪主板,0,2011-12-16,2020-12-31,2172
601339,百隆东方,2012-06-12,SH,沪主板,0,2012-06-12,2020-12-31,2083
601360,三六零,2012-01-16,SH,沪主板,0,2012-01-16,2020-12-31,2052
601369,陕鼓动力,2010-04-28,SH,沪主板,0,2010-04-28,2020-12-31,2554
601377,兴业证券,2010-10-13,SH,沪主板,1,2010-10-13,2020-12-31,2469
601388,怡球资源,2012-04-23,SH,沪主板,0,2012-04-23,2020-12-31,1964
601390,中国中铁,2007-12-03,SH,沪主板,0,2007-12-03,2020-12-31,3088
601398,工商银行,2006-10-27,SH,沪主板,0,2006-10-27,2020-12-31,3430
601515,衢州东峰,2012-02-16,SH,沪主板,0,2012-02-16,2020-12-31,2157
601518,吉林高速,2010-03-19,SH,沪主板,0,2010-03-19,2020-12-31,2575
601519,大智慧,2011-01-28,SH,沪主板,0,2011-01-28,2020-12-31,2264
601555,东吴证券,2011-12-12,SH,沪主板,0,2011-12-12,2020-12-31,2189
601566,九牧王,2011-05-30,SH,沪主板,0,2011-05-30,2020-12-31,2319
601567,三星电气,2011-06-15,SH,沪主板,0,2011-06-15,2020-12-31,2270
601579,会稽山,2014-08-25,SH,沪主板,0,2014-08-25,2020-12-31,1527
601588,北辰实业,2006-10-16,SH,沪主板,0,2006-10-16,2020-12-31,3436
601599,浙文影业,2011-05-27,SH,沪主板,0,2011-05-27,2020-12-31,2169
601600,中国铝业,2007-04-30,SH,沪主板,0,2007-04-30,2020-12-31,3184
601601,中国太保,2007-12-25,SH,沪主板,0,2007-12-25,2020-12-31,3160
601607,上海医药,1994-03-24,SH,沪主板,1,2005-01-04,2020-12-31,3724
601608,中信重工,2012-07-06,SH,沪主板,0,2012-07-06,2020-12-31,1917
601616,广电电气,2011-02-01,SH,沪主板,0,2011-02-01,2020-12-31,2397
601618,中国中冶,2009-09-21,SH,沪主板,0,2009-09-21,2020-12-31,2663
601628,中国人寿,2007-01-09,SH,沪主板,0,2007-01-09,2020-12-31,3393
601633,长城汽车,2011-09-28,SH,沪主板,0,2011-09-28,2020-12-31,2226
601636,旗滨集团,2011-08-12,SH,沪主板,0,2011-08-12,2020-12-31,2270
601666,平煤股份,2006-11-23,SH,沪主板,1,2006-11-23,2020-12-31,3421
601668,中国建筑,2009-07-29,SH,沪主板,0,2009-07-29,2020-12-31,2773
601669,中国电建,2011-10-18,SH,沪主板,0,2011-10-18,2020-12-31,2126
601677,明泰铝业,2011-09-19,SH,沪主板,0,2011-09-19,2020-12-31,2254
601678,XD滨化股,2010-02-23,SH,沪主板,0,2010-02-23,2020-12-31,2634
601688,华泰证券,2010-02-26,SH,沪主板,0,2010-02-26,2020-12-31,2629
601699,潞安环能,2006-09-22,SH,沪主板,0,2006-09-22,2020-12-31,3439
601700,风范股份,2011-01-18,SH,沪主板,0,2011-01-18,2020-12-31,2219
601717,中创智领,2010-08-03,SH,沪主板,0,2010-08-03,2020-12-31,2329
601718,ST际华,2010-08-16,SH,沪主板,0,2010-08-16,2020-12-31,2511
601727,上海电气,2008-12-05,SH,沪主板,0,2008-12-05,2020-12-31,2657
601766,中国中车,2008-08-18,SH,沪主板,0,2008-08-18,2020-12-31,2911
601777,千里科技,2010-11-25,SH,沪主板,0,2010-11-25,2020-12-31,2414
601788,光大证券,2009-08-18,SH,沪主板,0,2009-08-18,2020-12-31,2744
601789,宁波建工,2011-08-16,SH,沪主板,0,2011-08-16,2020-12-31,2093
601798,蓝科高新,2011-06-22,SH,沪主板,0,2011-06-22,2020-12-31,2249
601799,星宇股份,2011-02-01,SH,沪主板,0,2011-02-01,2020-12-31,2359
601800,中国交建,2012-03-09,SH,沪主板,0,2012-03-09,2020-12-31,2145
601801,皖新传媒,2010-01-18,SH,沪主板,1,2010-01-18,2020-12-31,2635
601808,中海油服,2007-09-28,SH,沪主板,0,2007-09-28,2020-12-31,3214
601818,光大银行,2010-08-18,SH,沪主板,1,2010-08-18,2020-12-31,2503
601857,中国石油,2007-11-05,SH,沪主板,1,2007-11-05,2020-12-31,3195
601866,中远海发,2007-12-12,SH,沪主板,0,2007-12-12,2020-12-31,3069
601872,招商轮船,2006-12-01,SH,沪主板,1,2006-12-01,2020-12-31,3299
601877,正泰电器,2010-01-21,SH,沪主板,0,2010-01-21,2020-12-31,2520
601880,辽港股份,2010-12-06,SH,沪主板,0,2010-12-06,2020-12-31,2435
601886,江河集团,2011-08-18,SH,沪主板,0,2011-08-18,2020-12-31,2245
601888,中国中免,2009-10-15,SH,沪主板,0,2009-10-15,2020-12-31,2664
601890,XD亚星锚,2010-12-28,SH,沪主板,0,2010-12-28,2020-12-31,2430
601898,中煤能源,2008-02-01,SH,沪主板,0,2008-02-01,2020-12-31,3131
601899,紫金矿业,2008-04-25,SH,沪主板,0,2008-04-25,2020-12-31,3044
601901,方正证券,2011-08-10,SH,沪主板,0,2011-08-10,2020-12-31,2166
601908,京运通,2011-09-08,SH,沪主板,0,2011-09-08,2020-12-31,2245
601918,新集能源,2007-12-19,SH,沪主板,0,2007-12-19,2020-12-31,3019
601919,中远海控,2007-06-26,SH,沪主板,0,2007-06-26,2020-12-31,3105
601928,凤凰传媒,2011-11-30,SH,沪主板,0,2011-11-30,2020-12-31,2156
601929,吉视传媒,2012-02-23,SH,沪主板,0,2012-02-23,2020-12-31,2147
601933,永辉超市,2010-12-15,SH,沪主板,0,2010-12-15,2020-12-31,2421
601939,建设银行,2007-09-25,SH,沪主板,0,2007-09-25,2020-12-31,3213
601958,金钼股份,2008-04-17,SH,沪主板,0,2008-04-17,2020-12-31,3085
601965,中国汽研,2012-06-11,SH,沪主板,0,2012-06-11,2020-12-31,2076
601969,海南矿业,2014-12-09,SH,沪主板,0,2014-12-09,2020-12-31,1437
601988,中国银行,2006-07-05,SH,沪主板,0,2006-07-05,2020-12-31,3513
601991,大唐发电,2006-12-20,SH,沪主板,0,2006-12-20,2020-12-31,3374
601992,金隅集团,2011-03-01,SH,沪主板,0,2011-03-01,2020-12-31,2368
601996,丰林集团,2011-09-29,SH,沪主板,0,2011-09-29,2020-12-31,2149
601998,中信银行,2007-04-27,SH,沪主板,0,2007-04-27,2020-12-31,3308
601999,出版传媒,2007-12-21,SH,沪主板,1,2007-12-21,2020-12-31,3064
603000,人民网,2012-04-27,SH,沪主板,0,2012-04-27,2020-12-31,2114
603001,奥康国际,2012-04-26,SH,沪主板,0,2012-04-26,2020-12-31,2097
603002,宏昌电子,2012-05-18,SH,沪主板,1,2012-05-18,2020-12-31,2074
603005,晶方科技,2014-02-10,SH,沪主板,0,2014-02-10,2020-12-31,1682
603006,联明股份,2014-06-30,SH,沪主板,0,2014-06-30,2020-12-31,1522
603008,ST喜临门,2012-07-17,SH,沪主板,0,2012-07-17,2020-12-31,1972
603009,北特科技,2014-07-18,SH,沪主板,0,2014-07-18,2020-12-31,1496
603010,万盛股份,2014-10-10,SH,沪主板,0,2014-10-10,2020-12-31,1234
603011,合锻智能,2014-11-07,SH,沪主板,0,2014-11-07,2020-12-31,1403
603017,中衡设计,2014-12-31,SH,沪主板,0,2014-12-31,2020-12-31,1395
603018,华设集团,2014-10-13,SH,沪主板,0,2014-10-13,2020-12-31,1459
603019,中科曙光,2014-11-06,SH,沪主板,0,2014-11-06,2020-12-31,1485
603077,和邦生物,2012-07-31,SH,沪主板,0,2012-07-31,2020-12-31,1965
603088,宁波精达,2014-11-11,SH,沪主板,0,2014-11-11,2020-12-31,1487
603099,长白山,2014-08-22,SH,沪主板,0,2014-08-22,2020-12-31,1550
603100,川仪股份,2014-08-05,SH,沪主板,0,2014-08-05,2020-12-31,1525
603111,康尼机电,2014-08-01,SH,沪主板,0,2014-08-01,2020-12-31,1374
603123,翠微股份,2012-05-03,SH,沪主板,0,2012-05-03,2020-12-31,2031
603126,中材节能,2014-07-31,SH,沪主板,0,2014-07-31,2020-12-31,1506
603128,华贸物流,2012-05-29,SH,沪主板,0,2012-05-29,2020-12-31,1978
603166,福达股份,2014-11-27,SH,沪主板,1,2014-11-27,2020-12-31,1484
603167,渤海轮渡,2012-09-06,SH,沪主板,0,2012-09-06,2020-12-31,2023
603168,莎普爱思,2014-07-02,SH,沪主板,1,2014-07-02,2020-12-31,1561
603169,兰石重装,2014-10-09,SH,沪主板,0,2014-10-09,2020-12-31,1424
603188,亚邦股份,2014-09-09,SH,沪主板,0,2014-09-09,2020-12-31,1455
603288,海天味业,2014-02-11,SH,沪主板,0,2014-02-11,2020-12-31,1684
603306,华懋科技,2014-09-26,SH,沪主板,0,2014-09-26,2020-12-31,1501
603308,应流股份,2014-01-22,SH,沪主板,0,2014-01-22,2020-12-31,1625
603328,依顿电子,2014-07-01,SH,沪主板,0,2014-07-01,2020-12-31,1584
603333,福华尚纬,2012-05-07,SH,沪主板,1,2012-05-07,2020-12-31,2063
603366,日出东方,2012-05-21,SH,沪主板,0,2012-05-21,2020-12-31,2098
603368,柳药集团,2014-12-04,SH,沪主板,0,2014-12-04,2020-12-31,1469
603369,今世缘,2014-07-03,SH,沪主板,0,2014-07-03,2020-12-31,1583
603399,永杉锂业,2012-08-24,SH,沪主板,0,2012-08-24,2020-12-31,1830
603456,九洲药业,2014-10-10,SH,沪主板,0,2014-10-10,2020-12-31,1483
603518,锦泓集团,2014-12-03,SH,沪主板,0,2014-12-03,2020-12-31,1350
603588,高能环境,2014-12-29,SH,沪主板,0,2014-12-29,2020-12-31,1362
603606,东方电缆,2014-10-15,SH,沪主板,0,2014-10-15,2020-12-31,1509
603609,禾丰股份,2014-08-08,SH,沪主板,0,2014-08-08,2020-12-31,1548
603636,南威软件,2014-12-30,SH,沪主板,0,2014-12-30,2020-12-31,1390
603688,石英股份,2014-10-31,SH,沪主板,0,2014-10-31,2020-12-31,1503
603699,纽威股份,2014-01-17,SH,沪主板,1,2014-01-17,2020-12-31,1686
603766,隆鑫通用,2012-08-10,SH,沪主板,1,2012-08-10,2020-12-31,2001
603806,福斯特,2014-09-05,SH,沪主板,0,2014-09-05,2020-12-31,1521
603889,新澳股份,2014-12-31,SH,沪主板,0,2014-12-31,2020-12-31,1347
603988,中电电机,2014-11-04,SH,沪主板,0,2014-11-04,2020-12-31,1490
603993,洛阳钼业,2012-10-09,SH,沪主板,0,2012-10-09,2020-12-31,1983
603998,方盛制药,2014-12-05,SH,沪主板,0,2014-12-05,2020-12-31,1405
