swap,cap,wn,wa,wp,A_final,A_cagr,A_dd,A_ddp10,A_npanic,A_exp,B_final,B_cagr,B_dd,B_ddp10,B_npanic,B_exp,F_final,F_cagr,F_dd,F_ddp10,F_npanic,F_exp,B_no2402_final,B_no2402_cagr,B_no2402_dd,B_no2402_ddp10,F_no2402_final,F_no2402_cagr,F_no2402_dd,F_no2402_ddp10
True,0.85,0.01,0.06,0.03,1275124.913224982,0.07775984527818014,-0.1568005693402657,-0.15734533293814504,30.0,0.1707604656371884,1934523.8436311348,0.11641128096816988,-0.26798558056241145,-0.28897252677296753,90.0,0.3519959026868823,4148103.028682675,0.09825540498397178,-0.27329486027254635,-0.28430552443228607,120.0,0.2643158803575413,1773860.8748935089,0.10734222868792354,-0.26798558056241145,-0.28897252677296753,3711779.8465168467,0.09235462919156179,-0.27329486027254635,-0.28430552443228607
True,0.85,0.01,0.06,0.04,1259981.9116276363,0.07648112309450794,-0.15022476015135494,-0.16081416340604368,23.0,0.17340004756189625,1923954.6186657897,0.11583575736012663,-0.26853921804383707,-0.2706740571243014,74.5,0.3554049460207137,4000234.1581155495,0.09632465291116277,-0.26333702697451333,-0.2706295615088308,97.0,0.26662205818736096,1715719.0695618289,0.10387714701019435,-0.26853921804383707,-0.2706740571243014,3602204.048299047,0.0907688954122644,-0.26333702697451333,-0.2706295615088308
True,0.85,0.01,0.06,0.06,1119589.6455725604,0.06392306143052895,-0.18648404978369565,-0.23194897922482904,3.0,0.1874893833103795,1676052.4536191542,0.10143123717411273,-0.2853934035190256,-0.30738086257953323,24.0,0.3859088859878068,3118396.665676439,0.08316977528980185,-0.2830474564212896,-0.3006755669341708,27.0,0.28643478716312176,1550255.577168759,0.09339729181681178,-0.2853934035190256,-0.30738086257953323,2852706.3555710698,0.07850387437921869,-0.2830474564212896,-0.3006755669341708
True,0.85,0.01,0.08,0.03,1303297.8485159117,0.08010199894106163,-0.14134071620028543,-0.19320856724710486,30.0,0.17409272794411193,1938862.2365910066,0.11664652238192141,-0.26708240421113644,-0.2897206255924708,90.0,0.3523782095460553,4186106.2135426425,0.09873929844427698,-0.2697914327911015,-0.28267558283737976,120.0,0.26536995433508265,1788217.6427745018,0.10818276132740234,-0.26708240421113644,-0.2897206255924708,3886492.049910848,0.09479284033089685,-0.2697914327911015,-0.28267558283737976
True,0.85,0.01,0.08,0.04,1348175.2640981274,0.08374011101185408,-0.13928690787926706,-0.1598794096259065,23.0,0.17709301730764776,1879274.452761812,0.11337257555754332,-0.26691394724827866,-0.2746179338209815,74.5,0.3616481133193323,4150117.8172589974,0.09828123797472077,-0.2653815937708999,-0.2745794903479659,97.0,0.2727804029570652,1762469.494028899,0.10667237345471015,-0.26691394724827866,-0.2746179338209815,3888470.4918451156,0.09481984792265441,-0.2653815937708999,-0.2745794903479659
True,0.85,0.01,0.08,0.06,1198131.6802740875,0.07111276648009623,-0.17781022745258418,-0.23540807772378083,3.0,0.19060169942772717,1711025.7422610167,0.10359284085696363,-0.2803166164595589,-0.30070673125755665,19.0,0.38695792831650777,3106031.819367891,0.08296117905630007,-0.28845152598199547,-0.3045388186491119,23.0,0.2946850613176061,1717063.3551189126,0.10395878784971935,-0.2803166164595589,-0.30070673125755665,3185344.730699127,0.08428572127263967,-0.28845152598199547,-0.3045388186491119
True,0.85,0.01,0.1,0.03,1420277.7986013494,0.08936353737168734,-0.13726410853628762,-0.20206655989344421,30.0,0.1785069129421319,1903361.001270561,0.11470658841002557,-0.2709746175488687,-0.3024457324244957,90.0,0.35444495075143845,4354503.842942286,0.1008423712766151,-0.27412077443831484,-0.3004847582613187,120.0,0.2716923565752603,1867542.8833539486,0.1127150800354757,-0.2709746175488687,-0.3024457324244957,4278319.142642198,0.09990214262681363,-0.27412077443831484,-0.3004847582613187
True,0.85,0.01,0.1,0.04,1420788.414351808,0.08940235567707477,-0.13372171925673187,-0.19959320029297192,23.0,0.18137153126525307,1862341.3305903967,0.11242345546622423,-0.2671984409163926,-0.27668789938547483,74.0,0.3582192418752449,4279745.068962438,0.09991513940338981,-0.265907477428717,-0.2763692868848424,97.0,0.2757844012890116,1830431.7779435557,0.11061789608212858,-0.2671984409163926,-0.27668789938547483,4227531.972848113,0.09926511744934696,-0.265907477428717,-0.2763692868848424
True,0.85,0.01,0.1,0.06,1247213.6610779972,0.07533165467103231,-0.18208595338309663,-0.24742004329245776,3.0,0.19181042223154873,1686417.0355688692,0.10208864119042749,-0.2734012805910579,-0.2878216414057511,22.0,0.3800841181769128,3284648.9946405278,0.08589703449754094,-0.27228520934247136,-0.3064837505429146,32.0,0.2877967064208099,1612835.8313080613,0.09747377236181909,-0.2734012805910579,-0.2878216414057511,3264096.4962552334,0.08556015421700758,-0.27228520934247136,-0.3064837505429146
True,0.85,0.01,0.12,0.03,1409662.4133030449,0.08855086180587457,-0.17904195808958873,-0.1880016923045693,30.0,0.1901175037566584,1891095.6363817267,0.11402948324640294,-0.25310850635983906,-0.2757868119046707,90.0,0.348932454659544,4470049.731817527,0.10224135458479322,-0.2530857292836031,-0.2708415421256088,120.0,0.27064571404360993,1872990.0010212366,0.11301591026286639,-0.25310850635983906,-0.2757868119046707,4552897.287385474,0.10322182993818452,-0.2530857292836031,-0.2708415421256088
True,0.85,0.01,0.12,0.04,1483356.7064016354,0.0940753118902985,-0.1382159457482217,-0.19687724016910224,23.0,0.1869705045630472,1826778.1059640762,0.11040796739432424,-0.2657270363984395,-0.27738839629282286,74.5,0.35763719772033714,4516597.774980063,0.10279337568230196,-0.2639409431745964,-0.27685179460579196,97.0,0.2813338349296655,1829380.1831692855,0.1105580674411436,-0.2657270363984395,-0.27738839629282286,4407957.741006287,0.10149486841376332,-0.2639409431745964,-0.27685179460579196
True,0.85,0.01,0.12,0.06,1291995.3676861897,0.07916401294797115,-0.2107087045411707,-0.2568740912157992,3.0,0.19719390630888708,1633801.2016238738,0.09880030897245529,-0.269392868565223,-0.2761573679910692,19.5,0.3939258736017569,3390046.6894222144,0.0875642007877544,-0.2675811420233793,-0.27612067018955727,25.5,0.29871143686846763,1584332.3214591877,0.0956319527560534,-0.269392868565223,-0.27720714851452366,3474966.1392141925,0.08886935031259291,-0.2675811420233793,-0.27612067018955727
True,0.85,0.01,0.14,0.03,1490132.6334403562,0.09457137873071508,-0.18301214515278896,-0.1934897375055991,30.0,0.19459411158090653,1884743.9972354406,0.11367663766589664,-0.2537750561964563,-0.27891169991306186,90.0,0.3531202419365918,4671215.953655745,0.10459391696865061,-0.2393619602110416,-0.2613283722588693,120.0,0.27573811799113046,1808766.5425805596,0.10937410708466111,-0.2537750561964563,-0.27891169991306186,4515467.030845205,0.10278225099480942,-0.2393619602110416,-0.2613283722588693
True,0.85,0.01,0.14,0.04,1488212.3160255472,0.09443101458414882,-0.16789732939646668,-0.1918281549499116,23.0,0.19942255845582463,1768544.9922561096,0.10701191353950879,-0.27236949621189566,-0.2725458078791472,74.0,0.35891639047005364,4287560.4564456325,0.10001657492409666,-0.2724391823069426,-0.27257812444375273,97.0,0.2816174857575926,1709073.5990034356,0.10347456865407434,-0.27236949621189566,-0.2725458078791472,4290504.529895315,0.10005372796417245,-0.2724391823069426,-0.27257812444375273
True,0.85,0.01,0.14,0.06,1397847.0698128873,0.0876395928713064,-0.21350085177695516,-0.25735517481345027,2.0,0.1973488048380488,1564501.0086861118,0.09433727070781728,-0.24931802920899643,-0.2553679731975274,20.0,0.39139422727070616,3361024.07134506,0.08710141851614805,-0.24684971010131446,-0.26880884099147906,22.5,0.29798796372453595,1586587.3985713094,0.09576667269376893,-0.24947100838774122,-0.2553679731975274,3563306.1557104103,0.09019489718350981,-0.24684971010131446,-0.26880884099147906
True,0.85,0.01,0.16,0.03,1476730.1453500222,0.09358938470717149,-0.1870117760451801,-0.19891891333979336,30.0,0.19722043755592564,1762720.141907251,0.10661029594229299,-0.2041159054857516,-0.27366617311304314,90.0,0.34801310418363046,4025626.179784216,0.09666056838021975,-0.24098186597155086,-0.2736713833949969,120.0,0.2741516862381588,1712755.521283425,0.10367829941333218,-0.211745755141799,-0.27366617311304314,4096011.68148306,0.09758117716480263,-0.24625995734381112,-0.2736713833949969
True,0.85,0.01,0.16,0.04,1469291.5536729712,0.09304102281273974,-0.16989736512379155,-0.19747420776990776,23.0,0.19708995113245203,1664339.6322399883,0.1007249858941286,-0.2708532841858604,-0.27257225138096824,74.0,0.3519352598100977,4179754.4756172,0.09866007042994773,-0.27080126661946974,-0.2724969488220201,97.0,0.280302666798105,1706300.2597701657,0.10330255068104255,-0.2708532841858604,-0.27257225138096824,4083472.349956954,0.09741737483933888,-0.27080126661946974,-0.2724969488220201
True,0.85,0.01,0.16,0.06,1312556.934965522,0.08085688250561485,-0.21235759189026276,-0.24462722173809415,4.0,0.19365015322838938,1490443.3583679127,0.08928995727386524,-0.2454857466559432,-0.32397282453249787,22.0,0.39594277322385113,3086129.026028307,0.08261978748133947,-0.2745475669572798,-0.3227066734987108,27.0,0.2996153731033292,1482420.3298626367,0.08880259557171943,-0.2458286147362665,-0.32397282453249787,2853584.224528808,0.07851773643860105,-0.27454756695727983,-0.3227066734987108
True,0.85,0.01,0.2,0.03,1481562.096989573,0.09394445100665483,-0.19441075494918347,-0.20973086633156468,30.0,0.20368981617495274,1846840.6333638616,0.11146175789441015,-0.23915983823437303,-0.2823717790593486,90.0,0.33747332847239386,4299016.86674238,0.10015744518318592,-0.2391874993906823,-0.28231025425548767,120.0,0.2652560929044053,1768115.5502030405,0.10700430859220611,-0.23915983823437303,-0.2823717790593486,4356180.02811696,0.10086406568877959,-0.2391874993906823,-0.28231025425548767
True,0.85,0.01,0.2,0.04,1470262.5712875717,0.09311287167357907,-0.17918379057224149,-0.20680998591531244,23.0,0.19353684813288807,1676273.7472116775,0.10145993524235164,-0.2709981072335695,-0.27112837237131626,74.5,0.3438568462648596,4020382.698798282,0.0965880866381017,-0.271026511307384,-0.27121587243115974,97.0,0.2772850719932417,1639711.967582087,0.09917377483495693,-0.2709981072335695,-0.27112837237131626,4018796.1259011417,0.09657052656385412,-0.271026511307384,-0.27121587243115974
True,0.85,0.01,0.2,0.06,1336253.3160372246,0.0827841213130257,-0.19835580978254497,-0.24301506407868573,5.0,0.18529327614062724,1411678.4621972824,0.08378758316109236,-0.312473715280938,-0.3212430957105345,24.5,0.4102344866965417,3042469.2307871203,0.08187158546510032,-0.3133833124833587,-0.3261095500982662,28.0,0.3038545811844602,1430367.7345405142,0.08515047096489792,-0.312473715280938,-0.3212430957105345,3080418.8628740264,0.08251951802360968,-0.3133833124833587,-0.3261095500982662
True,0.85,0.02,0.06,0.03,1328738.1295475075,0.08217811558609711,-0.1518502791750746,-0.1907987668219739,30.0,0.18574246262435157,1937760.6574317107,0.11658686059841206,-0.2763313835138224,-0.30086812130079393,90.0,0.3822748615186907,4296484.691169778,0.10012802648549934,-0.2771399270634725,-0.2918255540732447,120.0,0.2872454276181411,1778137.58328686,0.10759051767247929,-0.2763313835138224,-0.30086812130079393,3905890.118443936,0.09505666237472776,-0.2771399270634725,-0.2918255540732447
True,0.85,0.02,0.06,0.04,1347076.9267592183,0.08365260951884446,-0.1458351653707673,-0.1651028344400417,23.0,0.18935572722473537,1900816.7781775452,0.11456682302174581,-0.27512977584588055,-0.28281992887276813,74.5,0.38173044373296716,4201506.709639198,0.09893661828803779,-0.27623584075817353,-0.28142778541343305,97.0,0.28975914489930243,1715131.1278919224,0.10384186673085616,-0.27512977584588055,-0.28281992887276813,3833704.2354279803,0.09406734214682844,-0.27623584075817353,-0.28142778541343305
True,0.85,0.02,0.06,0.06,1284926.1376371495,0.07857988985596265,-0.15114042648355308,-0.2260456736955524,16.0,0.18795291816667253,1905441.0597769464,0.11482111699903219,-0.26711712120908015,-0.2920265688462807,49.5,0.37541488866180944,4334473.657988412,0.10059747262348417,-0.283459162374267,-0.297367547800724,65.5,0.28669382333668497,1756073.5336950761,0.10629171494108347,-0.26711712120908015,-0.2920265688462807,3964701.8762153843,0.09585014849426454,-0.283459162374267,-0.297367547800724
True,0.85,0.02,0.08,0.03,1362197.8111753576,0.08485432188869613,-0.17885878280848205,-0.18479413448943566,30.0,0.19703424779765272,1959064.997229171,0.11773543405243736,-0.2731356384703717,-0.2921576412029816,90.0,0.3822611384399337,4283347.08747122,0.09996256188790831,-0.2746415154202782,-0.2896285232570529,120.0,0.2903106300002467,1852397.7564491166,0.11186479606590705,-0.2731356384703717,-0.2921576412029816,4081353.1460632486,0.0973921202277026,-0.2746415154202782,-0.2896285232570529
True,0.85,0.02,0.08,0.04,1396353.3588740265,0.08752682515746879,-0.13253955858441469,-0.19233851835168578,23.0,0.1943154481720755,1887771.5640419202,0.11384032732932226,-0.27473346652183905,-0.28274880002731134,74.0,0.37940281371937257,4283039.334830863,0.09996066370366907,-0.2728585796758761,-0.2823716209632698,97.0,0.29313932814356575,1783374.5641258452,0.10790040662123268,-0.27473346652183905,-0.28274880002731134,4138338.390611993,0.09812973338679953,-0.2728585796758761,-0.2823716209632698
True,0.85,0.02,0.08,0.06,1326564.865629791,0.08200215955887158,-0.16520083354509535,-0.21703374762745856,16.0,0.19252698726548162,1966278.3242213805,0.11812218891801907,-0.2668407098941246,-0.2903735180008777,49.5,0.3789841997824826,4462286.725735605,0.10214912474867577,-0.28233431819271954,-0.29510753826806735,65.5,0.2939080861445975,1867109.887135669,0.11268379296073483,-0.2668407098941246,-0.2903735180008777,4280867.6586056,0.09993251491618138,-0.28233431819271954,-0.29510753826806735
True,0.85,0.02,0.1,0.03,1429027.889949386,0.09002833298007307,-0.18279032829342923,-0.19017681102721803,30.0,0.20461159849170507,1926155.5389264342,0.11595610498645259,-0.28672105055527,-0.29350680854425193,90.0,0.37627088367259565,4574554.265998399,0.10347720688496043,-0.2742026092028329,-0.2935260369575793,120.0,0.2931119368326919,1828581.778184185,0.11051244510294667,-0.28672105055527,-0.29350680854425193,4421064.9457781855,0.10165299233121228,-0.2742026092028329,-0.2935260369575793
True,0.85,0.02,0.1,0.04,1430002.0894749444,0.09010022491777048,-0.16760760379226708,-0.18876575057467393,23.0,0.20619981333786264,1853457.5295490404,0.1119240597596235,-0.2790871212615251,-0.2792701726681531,74.0,0.3815737059202341,4479935.905331638,0.10235997222372983,-0.2789500372709136,-0.27926151808748534,97.0,0.2985172750672773,1789487.9159994111,0.10825638527501924,-0.2790871212615251,-0.2792701726681531,4314608.660784069,0.10035257368095973,-0.2789500372709136,-0.27926151808748534
True,0.85,0.02,0.1,0.06,1377857.7437689286,0.08608729896919876,-0.16276962378249415,-0.22087251564336255,16.0,0.1973780172779274,1954263.234305975,0.11747787096654949,-0.2657593081917135,-0.2934365208777605,49.0,0.374367679810134,4706922.250348224,0.1049963000019748,-0.2811749992299986,-0.3033053840856744,65.5,0.2944487831492075,1853214.217850889,0.11191109127727095,-0.2657593081917135,-0.2934365208777605,4494994.743997954,0.10253157144382519,-0.2811749992299986,-0.3033053840856744
True,0.85,0.02,0.12,0.03,1491279.1390607962,0.09465501543165511,-0.18568629643728785,-0.1951408355912339,30.0,0.20948325758540562,1952280.5257566958,0.11737115528724262,-0.26335415453811845,-0.28495872399719846,90.0,0.38252532119338545,4889116.770716906,0.1070403649246463,-0.25103726341455224,-0.269740811920967,120.0,0.2968829823735141,1860104.754522778,0.11229922760256061,-0.26335415453811845,-0.28495872399719846,4662295.615084702,0.10449404060810275,-0.25103726341455224,-0.269740811920967
True,0.85,0.02,0.12,0.04,1501247.2638768856,0.09537974653190007,-0.16964456215623702,-0.19363739107960792,23.0,0.21173881449188497,1846394.094236875,0.11151493849814775,-0.27883232878890685,-0.2789304158218058,74.0,0.3852302918866517,4555386.677484605,0.10325179918432392,-0.27886647415240184,-0.27900299641844467,97.0,0.30135236239457525,1756365.9373452393,0.10631070310855362,-0.27883232878890685,-0.2789304158218058,4392484.267939871,0.10130544777026429,-0.27886647415240184,-0.27900299641844467
True,0.85,0.02,0.12,0.06,1448119.263704937,0.09146602585725594,-0.1675420270482818,-0.2091736427673865,16.0,0.19738814273648014,1913428.9917355832,0.11526041725277891,-0.2668174166403372,-0.29320839047776326,49.0,0.37642056182320865,4802260.073921075,0.10607088870987424,-0.2821473632688959,-0.3033776901941029,65.5,0.2937856910648814,1804997.2120941675,0.10915714648608354,-0.2668174166403372,-0.29320839047776326,4566356.62841896,0.10335944004922393,-0.2821473632688959,-0.3033776901941029
True,0.85,0.02,0.14,0.03,1546151.9592128564,0.0985913457016031,-0.18863041503957984,-0.19899464487575466,30.0,0.21404168345698144,1851114.345271105,0.11174641109868177,-0.22976242587618773,-0.28092176788415846,90.0,0.372275650312368,4698077.963226678,0.10490180407362915,-0.24390188377259414,-0.2808680474593891,120.0,0.2902068470563829,1803119.214664795,0.10902528766061637,-0.22976242587618773,-0.28092176788415846,4500661.642096257,0.10259663680632858,-0.24390188377259414,-0.2808680474593891
True,0.85,0.02,0.14,0.04,1550084.9306598254,0.0988685699548647,-0.17375139297344944,-0.19753997898524225,23.0,0.21578099527227812,1814259.2875791423,0.10969105642956867,-0.27898776613490256,-0.279112120413883,74.5,0.37745341637812396,4650204.81200769,0.10435492045452466,-0.279023427745167,-0.2791396129913953,97.0,0.30150592433637313,1757475.8602927336,0.10637685991283108,-0.27898776613490256,-0.279112120413883,4419349.486940961,0.10163258607319303,-0.279023427745167,-0.2791396129913953
True,0.85,0.02,0.14,0.06,1480494.662045721,0.09386288381701091,-0.1715467505281828,-0.2122496854473132,16.0,0.20674644208286874,1924577.706972612,0.11586383455805238,-0.2651597629681691,-0.2934725002893236,49.0,0.37326724692218294,4731855.472508605,0.10528721017281883,-0.28005698073360236,-0.3036642099234039,65.5,0.2968071854319447,1788767.7335982528,0.10821449361275493,-0.2651597629681691,-0.2934725002893236,4528793.245896682,0.10293405240259734,-0.28005698073360236,-0.3036642099234039
True,0.85,0.02,0.16,0.03,1490651.5874889279,0.09460933344251266,-0.1628082729394889,-0.16303465181244373,30.0,0.1997702090423511,1865569.4051712835,0.11256699469096432,-0.24988133064814344,-0.2842420116666005,90.0,0.3579546718950549,4480142.239491654,0.10236090122101282,-0.24976632563906787,-0.2842424764141824,120.0,0.2822929875422445,1759764.2544278938,0.10651256627528627,-0.24988133064814344,-0.2842420116666005,4298085.744592393,0.10014190535720113,-0.24976632563906787,-0.2842424764141824
True,0.85,0.02,0.16,0.04,1491418.2304096138,0.09466500927059351,-0.16819944069946818,-0.19224427691763452,23.0,0.20475058257983653,1806590.1939933938,0.10924911772841794,-0.2793022759664815,-0.27947640753239983,74.5,0.37173493061413165,4335526.186187329,0.10061027597542549,-0.27930463857192633,-0.2793869056282954,97.0,0.292674731900076,1680719.7568379825,0.10173250419169733,-0.2793022759664815,-0.27947640753239983,4209238.829320893,0.09903455651606596,-0.27930463857192633,-0.2793869056282954
True,0.85,0.02,0.16,0.06,1470886.2026814641,0.09315545010869009,-0.17252886320196503,-0.2155550995811532,16.0,0.20900990753802823,1971581.802973216,0.1184055058112532,-0.2651252068213318,-0.2939150670691462,49.0,0.38107063970452293,4617570.693939762,0.10397758820687075,-0.28000770321895146,-0.30403675482084486,65.5,0.2953361972678642,1775720.4487077831,0.1074512649001158,-0.2651252068213318,-0.2939150670691462,4545853.633491883,0.10310732249860277,-0.28000770321895146,-0.30403675482084486
True,0.85,0.02,0.2,0.03,1490984.0634870522,0.09463358955477719,-0.16284462493667334,-0.1632748344340396,30.0,0.20172515481188513,1820718.1007193325,0.11006013122923008,-0.2538327102999044,-0.29907450805111857,90.0,0.3621308386371329,4536328.202869525,0.10302863789212868,-0.25384781786991356,-0.29912927437595266,119.0,0.28412898836331835,1735289.563591822,0.10505535187887205,-0.2538327102999044,-0.29907450805111857,4334598.271338118,0.10059897011003227,-0.25384781786991356,-0.29912927437595266
True,0.85,0.02,0.2,0.04,1490168.2774406378,0.09457408002733392,-0.15154592662325522,-0.17873039090144952,23.0,0.2043134014003298,1784461.5130203296,0.10796047439576417,-0.27919002244212543,-0.27931722125265135,74.0,0.37525712010565926,4414022.78914597,0.10156828642553706,-0.2792442379902434,-0.2793507656116154,97.0,0.2893573279559112,1696706.7381671544,0.10271589708297302,-0.27919002244212543,-0.27931722125265135,4162613.5804880424,0.09843833770840316,-0.2792442379902434,-0.2793507656116154
True,0.85,0.02,0.2,0.06,1448561.2405593526,0.09149940303252957,-0.1620300330600712,-0.2049841400849528,16.0,0.20183048537806764,1835502.2136873174,0.11089015451971584,-0.26995022584336753,-0.29360513284062256,49.0,0.3735056126798917,4477150.362000095,0.1023266754410963,-0.28773355793165706,-0.30391111995761116,65.0,0.29200535156413887,1723997.4428785034,0.10437312460928971,-0.26995022584336753,-0.29360513284062256,4405222.68703038,0.10146089646426526,-0.28773355793165706,-0.30391111995761116
True,0.85,0.03,0.06,0.03,1360079.062174544,0.08468708465218322,-0.18112521929532222,-0.18661172616033914,30.0,0.20544843221450113,1960108.682233932,0.11779188272748398,-0.29329223219233064,-0.30422713851827116,90.0,0.40900512792914456,4417227.875771366,0.10160652428573358,-0.28503562341591626,-0.30451566639823235,120.0,0.31085259601048676,1826213.297841154,0.11037667512637872,-0.29329223219233064,-0.30422713851827116,4079604.465130821,0.09736909889135992,-0.28503562341591626,-0.30451566639823235
True,0.85,0.03,0.06,0.04,1386828.9542581344,0.08678732457201888,-0.14151837909372245,-0.18793146142869033,23.0,0.2048533427315114,1898865.0776394568,0.11445908405923022,-0.2882055036095813,-0.28882243589191536,74.5,0.40791212055212167,4314712.175698306,0.10035385649462814,-0.2885516593062157,-0.2888956681571944,97.0,0.310893050677366,1753893.67371272,0.10616481954994861,-0.2882055036095813,-0.28882243589191536,4060853.260955744,0.0971242320051473,-0.2885516593062157,-0.2888956681571944
True,0.85,0.03,0.06,0.06,1351639.155997863,0.08401639153122153,-0.16796050513585287,-0.21693158433873744,16.0,0.1980614471987442,1933915.4740379122,0.11637821405735493,-0.27293505425577547,-0.2958482528573101,50.0,0.40189268920574267,4448288.5358417295,0.10198122781105268,-0.28839800920177644,-0.30994295128495963,65.5,0.30634306807226797,1793869.5667111545,0.10851155765516762,-0.27293505425577547,-0.2958482528573101,4204182.204327226,0.09896990240579817,-0.28839800920177644,-0.30994295128495963
True,0.85,0.03,0.08,0.03,1413282.9559575361,0.08882943971736501,-0.18380846612793084,-0.18929072607323694,30.0,0.21057124656257856,1995401.4449863299,0.11966970782746889,-0.2893188474516736,-0.29476125187753355,90.0,0.39993697727439287,4606995.673034335,0.10385543752087611,-0.279401249353486,-0.29489491969132325,120.0,0.3081766654184387,1841575.1869225684,0.11125236251499548,-0.2893188474516736,-0.29476125187753355,4346925.9056359865,0.10075067294463769,-0.279401249353486,-0.29489491969132325
True,0.85,0.03,0.08,0.04,1436491.4443597188,0.09059257813750754,-0.1679836038823057,-0.18769569379256876,23.0,0.21112065511225203,1888268.1774470482,0.11387241638105527,-0.28861104235628626,-0.2888154575489021,74.5,0.40755599790969665,4479019.976897098,0.10234726932594818,-0.28847699914423525,-0.2887895729748829,97.0,0.31569384147163837,1764374.0298409855,0.1067848423058263,-0.28861104235628626,-0.2888154575489021,4247028.658812167,0.0995107307871631,-0.28847699914423525,-0.2887895729748829
True,0.85,0.03,0.08,0.06,1387007.869230996,0.08680162810706515,-0.16471185299759655,-0.20903327558428184,16.0,0.20801904826103604,1949507.276293993,0.11721753867551155,-0.2719478403758778,-0.29639904539142564,49.0,0.4025330807930356,4606083.337872427,0.10384475515918479,-0.28617209670990323,-0.3101609748247638,65.0,0.31228540329045623,1826639.3892271472,0.11040140500859674,-0.2719478403758778,-0.29639904539142564,4199459.26296564,0.09891065515566555,-0.28617209670990323,-0.3101609748247638
True,0.85,0.03,0.1,0.03,1475011.8164523528,0.09346311196776691,-0.17054784549425556,-0.17104777450404243,30.0,0.21402085004931648,1929341.0790970975,0.11612073462629613,-0.2794600746531126,-0.27974327640143454,90.0,0.39997227753636344,4680821.589398617,0.1047058606578154,-0.271877459184631,-0.2797783824563248,120.0,0.3122569993235941,1786686.9677570763,0.10809391609527153,-0.2794600746531126,-0.27974327640143454,4390042.947410974,0.10127733706356368,-0.271877459184631,-0.2797783824563248
True,0.85,0.03,0.1,0.04,1473849.55707313,0.09337748133308688,-0.16993428963063684,-0.18348708666996408,23.0,0.21598268393852493,1898659.505406067,0.11442848611499479,-0.2884024306819814,-0.28853329449615184,74.0,0.4089271906829296,4635638.566960368,0.10418696982211884,-0.28843992441556154,-0.2886279770845131,97.0,0.31643811620443374,1734459.866901777,0.1050058089370921,-0.2884024306819814,-0.28853329449615184,4331201.463186101,0.10055730836959131,-0.28843992441556154,-0.2886279770845131
True,0.85,0.03,0.1,0.06,1427515.9513673307,0.08990970938130127,-0.1672067032141461,-0.20927177342805584,16.0,0.21412354827137237,1916796.5491254209,0.11544413700514633,-0.2707660736534416,-0.2960938362044486,49.5,0.3980374573345732,4731307.709226891,0.10528058857125266,-0.28416326721126556,-0.3095432630221458,65.0,0.30964810457703296,1788517.092955066,0.10820067146188017,-0.2707660736534416,-0.2960938362044486,4355817.0004921835,0.1008597054506073,-0.28416326721126556,-0.3095432630221458
True,0.85,0.03,0.12,0.03,1535842.032788287,0.09786147950981916,-0.17061187461619887,-0.17105368441333815,30.0,0.21906805491578044,2009060.041121131,0.12038823822829015,-0.2445545522774294,-0.26942815449094987,90.0,0.39014787863683953,5139902.938916605,0.10972730548782883,-0.25677931410061033,-0.26951800040223883,120.0,0.3072595958977161,1804692.6824301817,0.10913222312344684,-0.2445545522774294,-0.26942815449094987,4580883.696231713,0.1035497094493365,-0.25677931410061033,-0.26951800040223883
True,0.85,0.03,0.12,0.04,1524119.38737468,0.09702621942620793,-0.17189067073470432,-0.18595573975125748,23.0,0.21972660540564182,1873697.8289858045,0.1130598478163386,-0.2885884530303288,-0.28874518618412126,74.5,0.4053214273953887,4697906.159821158,0.10490048874055213,-0.28854318654926325,-0.2887191955762755,97.0,0.31676345575563747,1725333.9770870616,0.10445785489318316,-0.2885884530303288,-0.28874518618412126,4326610.685645149,0.10049967527448722,-0.28854318654926325,-0.2887191955762755
True,0.85,0.03,0.12,0.06,1502917.674200939,0.09550051792068404,-0.17195780153871454,-0.2103609031708561,16.0,0.2185172016798111,1950821.063997538,0.11728928831844532,-0.27121458574713414,-0.2962036223530469,49.0,0.4001448043470219,4783181.759294054,0.10586496717117533,-0.28387076381668175,-0.30995477133637,65.0,0.3116241611777432,1751609.339638919,0.10602573271539062,-0.27121458574713414,-0.2962036223530469,4464159.995314673,0.10217100594812756,-0.28387076381668175,-0.30995477133637
True,0.85,0.03,0.14,0.03,1537931.9354483038,0.09800978555107087,-0.18002717484244035,-0.18002767453693946,30.0,0.22174162751622367,1918189.933600116,0.11551383227031198,-0.2625330582890317,-0.29413803865447286,90.0,0.3881981021715432,4877427.961174959,0.10691183889490008,-0.262447946584104,-0.29420807585744835,120.0,0.3082397278387212,1729499.1109262903,0.10470832031917643,-0.2625330582890317,-0.29413803865447286,4456085.869485092,0.10207379805594374,-0.262447946584104,-0.29420807585744835
True,0.85,0.03,0.14,0.04,1514971.470764984,0.09637020953869824,-0.18002727489387382,-0.18002770096145032,23.0,0.21877198817241794,1839710.615802793,0.11114630139628523,-0.28879186487710684,-0.2889440687195404,74.0,0.40163672877493206,4513341.543476477,0.10275651658487928,-0.28873963755583,-0.2888728303988937,97.0,0.3122745248557951,1684700.161737043,0.10198464822714648,-0.28879186487710684,-0.2889440687195404,4186512.3374626003,0.09874568963925401,-0.28873963755583,-0.2888728303988937
True,0.85,0.03,0.14,0.06,1493273.1925497483,0.09479904948718754,-0.18002767453693946,-0.20895651740472396,16.0,0.21875129895515605,1948845.256525289,0.11717685302176784,-0.2760423199903313,-0.2972097942432393,49.0,0.4090363995166856,4830889.93719271,0.10639761817997395,-0.29271622232325,-0.31071823324028797,65.0,0.31610951853921343,1788594.5056540533,0.10820297703903936,-0.2760423199903313,-0.2972097942432393,4552584.52040175,0.10319208015017911,-0.29271622232325,-0.31071823324028797
True,0.85,0.03,0.16,0.03,1547164.6469905716,0.09866280168294483,-0.1705901595363924,-0.1710907591692866,30.0,0.2229373885944375,1897142.8861203878,0.11435533164430034,-0.265886428352935,-0.3054471272924431,90.0,0.39171704061434887,4881411.217263321,0.10695573105726353,-0.2659217877935157,-0.3055535565484053,120.0,0.3099741680485839,1786807.7773445058,0.10810067365238774,-0.265886428352935,-0.3054471272924431,4587668.60586999,0.1036295495856363,-0.2659217877935157,-0.3055535565484053
True,0.85,0.03,0.16,0.04,1470596.2613166887,0.09313751356157018,-0.16429928160379859,-0.17577009785622139,23.0,0.21407766657101052,1828985.0066802609,0.11053503436955614,-0.2887463984378242,-0.2888204910502467,74.0,0.40420451960415027,4439224.697195137,0.1018723246846448,-0.2886962028411343,-0.2888640355493168,97.0,0.31224503826967503,1735794.5255570894,0.10508603129610627,-0.2887463984378242,-0.2888204910502467,4236183.586580521,0.09937458126307996,-0.2886962028411343,-0.2888640355493168
True,0.85,0.03,0.16,0.06,1464963.5028449863,0.09272050149037447,-0.1673076583428627,-0.2113808597182209,16.0,0.2152493921160321,1923095.512786183,0.1157885106541312,-0.2760306402822618,-0.2969342356210715,49.0,0.3961270221550133,4797396.826367417,0.10602186860710117,-0.2926224141205413,-0.31042040354708306,65.0,0.3095286866184124,1756111.1489983196,0.10629598889464842,-0.2760306402822618,-0.2969342356210715,4479201.129844708,0.10234744259176332,-0.2926224141205413,-0.31042040354708306
True,0.85,0.03,0.2,0.03,1459835.2987929215,0.09234031970907897,-0.17088043429355226,-0.17145496183865538,30.0,0.20673082026498754,1887561.0590705974,0.11379402712193654,-0.28222285684381204,-0.32547467149802556,90.0,0.3926304348347447,4484836.462767268,0.10241472175724209,-0.2710465599348936,-0.3249481984745559,120.0,0.30102500373402075,1647653.0336293417,0.09965623277242841,-0.28222285684381204,-0.32547467149802556,3866675.183419874,0.09452144227349435,-0.2710465599348936,-0.3249481984745559
True,0.85,0.03,0.2,0.04,1472978.2135782356,0.09331326731877454,-0.15562572251166096,-0.17407184050522742,23.0,0.20914946347662547,1869818.9793836884,0.11283385969649673,-0.28870015434968227,-0.28899249393969506,74.0,0.40097541275333853,4252552.012301983,0.0995784010091183,-0.2817827529870484,-0.2888956919169623,97.0,0.30705791357042017,1680727.3034229022,0.10173146818341827,-0.28870015434968227,-0.28899249393969506,3856904.5008339295,0.09438707270417823,-0.2817827529870484,-0.2888956919169623
True,0.85,0.03,0.2,0.06,1467685.7346313824,0.0929218333131735,-0.16772198597406607,-0.2113996569599287,16.0,0.2138432357805618,1911979.7891065618,0.1151809285658939,-0.2758826110699188,-0.2973226793238166,49.0,0.3952799506154336,4497666.02355748,0.10256994143018905,-0.2928005197241519,-0.3108351776222849,65.0,0.3076181573815647,1704138.9859771482,0.10317263119564979,-0.2758826110699188,-0.2973226793238166,4156361.9011004632,0.09836130511713681,-0.2928005197241519,-0.3108351776222849
True,0.85,0.04,0.06,0.03,1408710.164658024,0.08847901437449002,-0.1739045261115924,-0.17419403320013294,30.0,0.21605388028261585,1976674.578305597,0.11867706487842389,-0.2866634664908804,-0.2885796906718221,90.0,0.42665719459701085,4536245.429315051,0.10302763764800793,-0.2849967355105458,-0.29054213084090935,120.0,0.3272152708175301,1796910.3230236734,0.10868803616258105,-0.2866634664908804,-0.2885796906718221,4117393.7346895784,0.09785990652686183,-0.2849967355105458,-0.29054213084090935
True,0.85,0.04,0.06,0.04,1411679.768255785,0.08870640648660844,-0.17075088646592856,-0.18193665194141137,23.0,0.2195694408514154,1882535.3509941571,0.11355244984750223,-0.2859189646613599,-0.2879240638218638,74.5,0.43366986490402787,4337265.173789881,0.10063196536571062,-0.2855299300073386,-0.2877813239810705,97.0,0.3315438550098263,1692978.4070903473,0.10249285860853041,-0.2859189646613599,-0.2879240638218638,3983082.3129831823,0.09609638612322013,-0.2855299300073386,-0.2877813239810705
True,0.85,0.04,0.06,0.06,1391155.1774746391,0.08711954491877538,-0.16746337466226763,-0.21138260957081192,16.0,0.21534333310621148,1976712.8629882017,0.11867634032168195,-0.2805358737422244,-0.3020800199777351,49.0,0.4268575156297212,4574982.315313338,0.10347951203328865,-0.29119634400568617,-0.31572392773264274,65.0,0.3257574995825012,1783904.0065901321,0.10792386518186559,-0.2805358737422244,-0.3020800199777351,4185938.5259145712,0.09873575555221448,-0.29119634400568617,-0.31572392773264274
True,0.85,0.04,0.08,0.03,1468072.2924614388,0.0929510104233563,-0.1739069316088856,-0.17444125525672383,30.0,0.22102482862799036,2002256.919996447,0.12003071419449263,-0.28032190352996134,-0.28072347415051474,90.0,0.4254633218437432,4858995.340562385,0.10670864205896358,-0.2784911668873181,-0.2807748807156766,120.0,0.32671618678659314,1788964.0204841641,0.10822538184828745,-0.28032190352996134,-0.28072347415051474,4396502.301316299,0.10135591953790113,-0.2784911668873181,-0.2807748807156766
True,0.85,0.04,0.08,0.04,1452918.86273877,0.0918251401963901,-0.1618475404730752,-0.17663896746955426,23.0,0.2218376688498106,1918853.6680110435,0.11555740870861242,-0.2848508055379419,-0.28644775421014024,74.0,0.43199148590100933,4583726.935611019,0.10358458028883555,-0.2838109476094036,-0.2863803148297113,97.0,0.33184159589697904,1711346.018991844,0.10361209587598952,-0.2848508055379419,-0.28644775421014024,4125150.787628717,0.09795933612957475,-0.2838109476094036,-0.2863803148297113
True,0.85,0.04,0.08,0.06,1427137.8685081715,0.08988512853430508,-0.17204015026425895,-0.21149743136363894,16.0,0.22109163178919677,1916096.3824870195,0.11540519495778145,-0.28062704780112374,-0.301879737152618,49.5,0.42442104390256463,4670943.868117306,0.10459108194904021,-0.29201174611070035,-0.3152889777409393,65.0,0.32667582563658615,1767778.9634349712,0.10698473189962465,-0.28062704780112374,-0.301879737152618,4368633.938244069,0.10101647793674629,-0.29201174611070035,-0.3152889777409393
True,0.85,0.04,0.1,0.03,1532591.9253913404,0.09763048109199957,-0.17407129557783985,-0.17456415012002144,30.0,0.2258200545514104,1967100.0259113412,0.1181661954622093,-0.2853691938324825,-0.3112648337455905,90.0,0.41992293105815676,5108255.1644369885,0.10939576790807992,-0.2864300809123071,-0.3114038349746842,120.0,0.3256693951823374,1805142.7724235826,0.10916385051656785,-0.2853691938324825,-0.3112648337455905,4577067.523323288,0.10350680358351061,-0.2864300809123071,-0.3114038349746842
True,0.85,0.04,0.1,0.04,1512139.812635817,0.09616648254472648,-0.16320909387554033,-0.1769256425288097,23.0,0.2269015262976517,1888620.3407515348,0.11389194227702648,-0.2863948653622228,-0.2880098773002929,74.0,0.4311909407620797,4697600.660176784,0.10489197560484764,-0.2853379889001089,-0.28792897444087856,97.0,0.3324297263139226,1709794.5004263795,0.10351558021159246,-0.2863948653622228,-0.2880098773002929,4259244.590880163,0.09966393857287825,-0.2853379889001089,-0.28792897444087856
True,0.85,0.04,0.1,0.06,1468069.0986229032,0.0929496399464419,-0.17079832077794527,-0.2115775566226341,16.0,0.2243952701545115,2050248.8694184325,0.12252912864399867,-0.28222671302880303,-0.30190918197195826,49.0,0.4235586224892896,4937205.084938964,0.10756564390006262,-0.29593031581886675,-0.315309850306403,65.0,0.3281002812042576,1794164.789697888,0.10852921581129649,-0.28222671302880303,-0.30190918197195826,4643682.301126803,0.10426746777125073,-0.29593031581886675,-0.315309850306403
True,0.85,0.04,0.12,0.03,1535319.1490345346,0.09782434613776725,-0.17529246833760176,-0.17529390647866372,30.0,0.22876389560143073,1949460.3001856639,0.11721926757622869,-0.27551668734129764,-0.300061181338127,90.0,0.41823645238423435,4941210.9351758985,0.10760927056415193,-0.2760494166567913,-0.30007490143977456,120.0,0.32596011511045414,1761001.39536415,0.10658570313482796,-0.27551668734129764,-0.300061181338127,4498930.04689504,0.1025858413597337,-0.2760494166567913,-0.30007490143977456
True,0.85,0.04,0.12,0.04,1466592.645533416,0.09284153791142369,-0.17529327108453707,-0.17659469806105219,23.0,0.22354766824025255,1876077.2987860853,0.11319423669993589,-0.28663081220659864,-0.29230944003484627,74.0,0.43090692742325587,4528559.430709504,0.10293703101094354,-0.2856104118347132,-0.2921906018120056,97.0,0.32993281305608524,1688266.483167119,0.10220380924063732,-0.28663081220659864,-0.29230944003484627,4107282.576806262,0.09772836227576931,-0.2856104118347132,-0.2921906018120056
True,0.85,0.04,0.12,0.06,1465144.3777103042,0.09273425390420975,-0.17529390647866372,-0.21139652713624543,16.0,0.22553391015518356,1978940.6509477776,0.11879769833802034,-0.2823738812059641,-0.3022257376956646,49.0,0.4211231871165139,4850850.850063636,0.10661641596640081,-0.2961699028389873,-0.31588354516302103,65.0,0.326021538569231,1740857.1110472875,0.1053887275219676,-0.2823738812059641,-0.3022257376956646,4451035.237153344,0.10200107398096447,-0.2961699028389873,-0.31588354516302103
True,0.85,0.04,0.14,0.03,1463429.0326228226,0.09260714217154109,-0.17399069199775263,-0.17449248158963745,30.0,0.21700069959615098,1915199.9906902309,0.11535693633956978,-0.2788969574724366,-0.3082327045887639,90.0,0.4245693648264113,4619809.216826456,0.10400411904061424,-0.27912080674395157,-0.308076044182679,120.0,0.32247410414835154,1698802.4719380394,0.10284893441262866,-0.2788969574724366,-0.3082327045887639,4074102.096412477,0.09729744262747753,-0.27912080674395157,-0.308076044182679
True,0.85,0.04,0.14,0.04,1467086.8859148442,0.09287807517834012,-0.16114491886460197,-0.17700349135506227,23.0,0.22307348779424857,1851148.7022576944,0.11179442937236783,-0.2870805872930623,-0.2926030090498508,74.0,0.43383452367663716,4538022.906954585,0.1030484864221698,-0.28574565027522886,-0.2927764378910725,97.0,0.3316894056077491,1628321.0227618031,0.0984619429723893,-0.2870805872930623,-0.2926030090498508,3957497.580435993,0.0957540327337062,-0.28574565027522886,-0.2927764378910725
True,0.85,0.04,0.14,0.06,1446893.182443676,0.09136402152485867,-0.1707181742013752,-0.2117567999555362,16.0,0.2232870752103815,1972090.5407850016,0.11843234112453072,-0.28310080416926825,-0.3025264311256185,49.0,0.4258343554482642,4735028.401746749,0.1053132479011395,-0.296894239736529,-0.3165223594791404,65.0,0.328745471424443,1772548.024608418,0.10726615833522068,-0.28310080416926825,-0.3025264311256185,4317523.21712129,0.10038737584918844,-0.296894239736529,-0.3165223594791404
True,0.85,0.04,0.16,0.03,1462550.4484719704,0.09254196567281425,-0.17370786248754816,-0.17403769079278494,30.0,0.2173659406014996,1914040.565850586,0.11526446658617961,-0.2848489118252903,-0.3152391549633226,90.0,0.4214061803587641,4623191.622244056,0.1040422621049395,-0.28099947914218815,-0.3148021479928047,120.0,0.3201125186082822,1685035.309937367,0.10199412813612929,-0.2848489118252903,-0.3152391549633226,3990163.0202145637,0.09619074543836259,-0.28099947914218815,-0.3148021479928047
True,0.85,0.04,0.16,0.04,1464692.6675899252,0.0927008210321647,-0.17283414620218535,-0.176598447654903,23.0,0.22198405694373485,1855279.6263849782,0.1120117854199062,-0.28676905216764587,-0.29258561918040965,74.0,0.4283678787517322,4345667.655942994,0.10073487643868917,-0.2856452674458647,-0.2922655690847192,97.0,0.3273356475502487,1671268.987449564,0.10114712038917406,-0.28676905216764587,-0.29258561918040965,3891466.72745852,0.09485936169597142,-0.2856452674458647,-0.2922655690847192
True,0.85,0.04,0.16,0.06,1447216.052734037,0.09138903720379443,-0.17284337586887688,-0.2114346193859484,16.0,0.22153450518835527,1931101.1430650107,0.11622330776903489,-0.2829264639616703,-0.30257195982798,49.0,0.42200525214915985,4482984.913783807,0.10239181408712295,-0.29675259462081316,-0.31621064817836747,65.0,0.32650027397158965,1718889.0670143808,0.10406899410129455,-0.2829264639616703,-0.30257195982798,4079782.8699293956,0.09736573339846377,-0.29675259462081316,-0.31621064817836747
True,0.85,0.04,0.2,0.03,1460252.2640877832,0.09237130759585921,-0.17397687043596438,-0.17456758790678417,30.0,0.21652298739436404,1905224.43184599,0.11478201955528011,-0.2884628899520146,-0.3315209287181794,90.0,0.42368937920323757,4536002.210412294,0.10302316288632407,-0.2773660682678021,-0.331064116665588,120.0,0.3207288386841938,1721651.6670151846,0.10421463159526567,-0.2884628899520146,-0.3315209287181794,4051835.3837811877,0.09700602274134862,-0.2773660682678021,-0.331064116665588
True,0.85,0.04,0.2,0.04,1459018.6964173696,0.09227961234118842,-0.16125694997430012,-0.1769478964458722,23.0,0.22114828781357018,1899259.3806389803,0.11445916694826641,-0.2865715653043721,-0.28861427963740544,74.0,0.4333116692583008,4370842.4991395045,0.10104257052462173,-0.2856681483072637,-0.28858596304383427,97.0,0.3293059065784379,1698743.9279791242,0.10278278007904595,-0.2865715653043721,-0.28861427963740544,3964328.0104902587,0.09584538254854047,-0.2856681483072637,-0.28858596304383427
True,0.85,0.04,0.2,0.06,1422090.0815551234,0.08950126722814555,-0.17066515836898788,-0.21155475834302753,16.0,0.21893601271196292,1974264.2575665584,0.11854622117251357,-0.2821952805133753,-0.3024508706170835,49.0,0.4251898343563707,4494765.541051077,0.1025361943125872,-0.29656597372606625,-0.31584729687647944,64.5,0.32780840997704846,1753899.347960109,0.10615975510231834,-0.2821952805133753,-0.3024508706170835,4135394.651695464,0.09808589025570291,-0.29656597372606625,-0.31584729687647944
True,0.9,0.01,0.06,0.03,1280908.8518993512,0.07824436527507128,-0.17148635319004835,-0.17206909762601202,31.0,0.17618054142130338,2015960.3324883766,0.12074966510376439,-0.2865339202689028,-0.31526641395288496,94.0,0.36756292808288316,4287883.849859267,0.10002122213956033,-0.2844923884751271,-0.30301557690155634,125.0,0.27446315927282394,1817479.6306900103,0.10987651353061789,-0.2865339202689028,-0.31526641395288496,3864988.086537877,0.09449843239583744,-0.2844923884751271,-0.30301557690155634
True,0.9,0.01,0.06,0.04,1287945.1603405243,0.07883137197225443,-0.1507071004442272,-0.1719181207470965,24.0,0.18091369219547904,1976321.2170222914,0.11865803981427614,-0.2833766672784611,-0.2891795588109313,76.5,0.36533907919826636,4173688.431841646,0.09858267596689874,-0.27807983536665026,-0.2862099950272935,101.0,0.2756551420118556,1751384.979504771,0.10601588701820097,-0.2833766672784611,-0.2891795588109313,3730660.126496833,0.09262283480514422,-0.27807983536665026,-0.2862099950272935
True,0.9,0.01,0.06,0.06,1152624.1049459227,0.06700072910887478,-0.1945152619473543,-0.2391440353346041,3.0,0.194767223489475,1832913.9603274825,0.11075960056850565,-0.3007098515918623,-0.3279461379816875,32.0,0.39899640021281924,3394350.633961334,0.0876292890596162,-0.29795723593764106,-0.31982215958928917,34.0,0.3031936957096823,1643854.9818108333,0.09944202927507018,-0.3007098515918623,-0.3279461379816875,3037319.8477710932,0.08178515784532958,-0.29795723593764106,-0.31982215958928917
True,0.9,0.01,0.08,0.03,1345775.6874865727,0.08354849613390303,-0.15565469932883397,-0.20760462897768694,31.0,0.18215792965304942,1989015.655607484,0.1193319325342217,-0.2812090652667127,-0.3157189898704251,94.0,0.3715767915419092,4311663.9501897935,0.10031398981059447,-0.2875603899319379,-0.31210934943393226,125.0,0.2823608258148204,1880080.622487042,0.11341649483300742,-0.2812090652667127,-0.3157189898704251,3991530.007570165,0.09620869779601415,-0.2875603899319379,-0.31210934943393226
True,0.9,0.01,0.08,0.04,1388566.9096828075,0.08692290410140135,-0.14876587885271908,-0.15501343664416561,24.0,0.18794660843486105,1969932.1502352855,0.11831718637161392,-0.2669873575013979,-0.2691163444675008,77.0,0.37038519785030555,4527941.097196529,0.10292837666468158,-0.2615798273554803,-0.27009913853043244,101.0,0.28038753025048446,1826995.053080865,0.11042179686519182,-0.2669873575013979,-0.2691163444675008,4192234.693563367,0.09881759990421102,-0.2615798273554803,-0.27009913853043244
True,0.9,0.01,0.08,0.06,1231589.049053715,0.07404672924210642,-0.18320551146846503,-0.2425638233994469,2.0,0.20359534939385848,1770457.2626063004,0.10714265048235017,-0.2923753773042703,-0.30991808664313564,27.5,0.4047359228264153,3578198.5578345996,0.09041550257192343,-0.2937473171075164,-0.3351298192741576,31.5,0.3046383263331983,1698658.0466023108,0.10284021602125137,-0.2923753773042703,-0.30991808664313564,3383786.5082946885,0.0874632352425283,-0.2937473171075164,-0.3351298192741576
True,0.9,0.01,0.1,0.03,1410122.9187216954,0.08858739810781391,-0.15241829534249196,-0.21710777773727022,31.0,0.18574689291541435,2014417.2358456082,0.12066216781847894,-0.2827013897614519,-0.30356797461656226,93.0,0.37301832270954033,4563861.322452737,0.10334880652290745,-0.28412009283141476,-0.30131428143474914,125.0,0.2826912960755711,1949469.6017015418,0.11721970356099232,-0.2827013897614519,-0.30356797461656226,4434857.649340012,0.10181886385566596,-0.28412009283141476,-0.30131428143474914
True,0.9,0.01,0.1,0.04,1409252.486549865,0.08851961604899439,-0.13725842980714476,-0.19873509751280807,24.0,0.19015900649847495,1974956.342071719,0.11858495005988967,-0.2645246417410535,-0.27457203749169723,76.5,0.3675129611986888,4509973.439639004,0.1027140058460091,-0.262939639741504,-0.274136021018923,101.0,0.2832595354735873,1888328.7074733423,0.11387602230719729,-0.2645246417410535,-0.27457203749169723,4382975.34529371,0.10118884891576241,-0.262939639741504,-0.274136021018923
True,0.9,0.01,0.1,0.06,1264092.749185795,0.07682994423555967,-0.18813914883555305,-0.26599477276369404,2.0,0.20709555746819483,1785202.0368945696,0.10800649780421334,-0.2887753282202731,-0.3077256345810463,23.0,0.40751637452250017,3640364.7050593756,0.09132550293553177,-0.2946288181753305,-0.3093580934372215,34.5,0.30983806688833504,1821391.7740679733,0.11009991474730785,-0.2887753282202731,-0.3077256345810463,3589653.547796771,0.09058296675753974,-0.2934334658583886,-0.3093580934372215
True,0.9,0.01,0.12,0.03,1410184.7428082372,0.08859195781734874,-0.19388444045717423,-0.20307009340467383,31.0,0.18832891484485476,1965912.0408524938,0.11809233226208782,-0.2830265113750975,-0.29110420013143895,93.5,0.37055919632315404,4583505.880840788,0.10358028602334413,-0.265805363320764,-0.29115565314214537,124.5,0.2834856939559547,1943949.1975398392,0.11692116927032359,-0.2830265113750975,-0.29110420013143895,4658207.121401081,0.10444711714389798,-0.265805363320764,-0.29115565314214537
True,0.9,0.01,0.12,0.04,1505543.3765632135,0.09569025196214376,-0.1382159457482217,-0.20802514107331832,24.0,0.1933536364809441,1933336.7907460602,0.1163468129619124,-0.26174603156164844,-0.27528208390581743,76.5,0.36723362286281064,4844541.525330777,0.1065489657990949,-0.2601384016085355,-0.27436399969999725,101.0,0.28594614177601996,1935290.4959018975,0.11645289508363232,-0.26174603156164844,-0.27528208390581743,4656179.597076639,0.10442380468047274,-0.2601384016085355,-0.27436399969999725
True,0.9,0.01,0.12,0.06,1295490.0921206265,0.07945069253363601,-0.22262842939987232,-0.27289812879444747,4.0,0.20225429865369268,1689598.1061002016,0.10228561658187385,-0.2794873423786012,-0.2833251654757605,26.0,0.4074638948301852,3583822.428425334,0.09049831682159026,-0.27836518924606934,-0.28688159231827626,31.0,0.30965945163388975,1678179.4135532863,0.10158264296473718,-0.2794873423786012,-0.2833251654757605,3538328.042565,0.0898207694380937,-0.27836518924606934,-0.28688159231827626
True,0.9,0.01,0.14,0.03,1459274.4078159328,0.09229795941253993,-0.19822720188939952,-0.2085274034856313,31.0,0.20256307281388364,2005597.3347433957,0.12020467767315002,-0.25159538302798135,-0.2780577483620026,93.0,0.3639887796327149,4837632.548277778,0.10645672893434122,-0.23845104970861397,-0.25555927738989276,124.0,0.28649107647035243,1942805.453111669,0.11685993590779131,-0.25159538302798135,-0.2780577483620026,4695338.610042404,0.10487215159710417,-0.23845104970861397,-0.25555927738989276
True,0.9,0.01,0.14,0.04,1512617.3664864018,0.09620101916294155,-0.17877072574543196,-0.19137748233680993,24.0,0.20241222793263697,1932422.659075758,0.11628133787588268,-0.25919255856177287,-0.27289016215178097,76.0,0.36493760531177655,4579939.62921676,0.10354023146915903,-0.25701325866741453,-0.27282106519029936,100.5,0.2919758486377929,1868511.796510665,0.11277095606204413,-0.25919255856177287,-0.27289016215178097,4661403.5544901285,0.10448280285325484,-0.25701325866741453,-0.27282106519029936
True,0.9,0.01,0.14,0.06,1372336.7201068876,0.08565361059058463,-0.22037352962045303,-0.2594359621539177,4.0,0.20205770099904735,1690242.67556457,0.10232515919115659,-0.26759772785631303,-0.2751803704641236,23.0,0.4123034465447149,3586497.9218698065,0.09053756062199603,-0.26753173885155623,-0.27448426903170114,26.0,0.31551966488500466,1672709.167609328,0.10124385479952946,-0.26646174726541194,-0.27266533921344677,3617555.3560430515,0.09099395125418241,-0.26753173885155623,-0.27448426903170114
True,0.9,0.01,0.16,0.03,1547338.0354593527,0.09867489961888143,-0.20145728847114358,-0.21337926279565284,31.0,0.20545573873766518,1870574.6689881948,0.11288662802910743,-0.2617497745891249,-0.29093625448554533,93.0,0.3637304330723856,4767995.142193858,0.10569424340883138,-0.2617307155791694,-0.26743851385654877,124.5,0.28718922354413934,1835758.6563302057,0.11091906135684648,-0.2617497745891249,-0.29093625448554533,4714152.944074186,0.10508650689221222,-0.2617307155791694,-0.26743851385654877
True,0.9,0.01,0.16,0.04,1549162.6646211399,0.09880363406361092,-0.18076870935208705,-0.19494236159093226,24.0,0.20658124775258083,1868654.5239047199,0.11277920868564772,-0.2637307615084734,-0.2781095299768207,76.5,0.37087929134883024,4786396.238407876,0.10590125782699522,-0.2611541148959459,-0.278117521802466,100.5,0.2918456663474196,1841893.310684768,0.11126649463266758,-0.2637307615084734,-0.2781095299768207,4855032.059063073,0.10666483278934491,-0.2611541148959459,-0.278117521802466
True,0.9,0.01,0.16,0.06,1509967.3049477101,0.096010108501273,-0.22969517763673958,-0.2834811952516031,0.0,0.2131122228812623,1652037.2170286966,0.09994421730209213,-0.2757119212673805,-0.3395998950338312,23.0,0.42369967181137597,3917041.423472506,0.09520471989879298,-0.2964331393732735,-0.3404872264814678,24.0,0.32230642707133134,1664748.7703950633,0.10075042310253446,-0.2720581531086461,-0.3395998950338312,3936276.225195055,0.09546811792371102,-0.2964331393732735,-0.3404872264814678
True,0.9,0.01,0.2,0.03,1590753.8952324903,0.10169890441837315,-0.20939247577252212,-0.2242448405458125,31.0,0.2147967309759042,1801894.779905888,0.1089777697888743,-0.2789092309800733,-0.31258892010877204,93.0,0.37898550437866413,4531190.439285263,0.10296805496533656,-0.27907779047394465,-0.3125686890507028,124.0,0.29550921096577365,1751815.6322077727,0.10604126806173275,-0.2789092309800733,-0.31258892010877204,4639349.261638831,0.10422557147641243,-0.27907779047394465,-0.3125686890507028
True,0.9,0.01,0.2,0.04,1615331.6640963356,0.10337684731862917,-0.18810493102785875,-0.2057152256214575,24.0,0.21420871231982797,1741332.47031215,0.10541647281284316,-0.27974834714906205,-0.27985247861080254,76.0,0.3652429969921245,4516992.482006728,0.10279600829002067,-0.27969805994862273,-0.27983254641234223,101.0,0.2928886224961169,1767936.8986035695,0.10699492984193804,-0.27974834714906205,-0.27985247861080254,4703695.148947258,0.10495117086474437,-0.27969805994862273,-0.27983254641234223
True,0.9,0.01,0.2,0.06,1448828.0788103251,0.09151732649408739,-0.23985610704579385,-0.28660835334175294,0.0,0.21671370525498393,1485167.743019078,0.08899156753992254,-0.3247876425552505,-0.33236703581405375,25.0,0.4353394356117317,3765463.1412092904,0.09311366068223881,-0.32209091519435534,-0.3356798803523102,32.5,0.32601064317396417,1528264.9818372596,0.09192673755680913,-0.3247876425552505,-0.33236703581405375,3610689.2127854833,0.09089023945871633,-0.322245737891462,-0.3356798803523102
True,0.9,0.02,0.06,0.03,1329700.4443639943,0.08225585930153256,-0.16722062681649413,-0.20594095336907292,31.0,0.19406368816501735,2018627.889067674,0.12088930200915049,-0.29665571914968947,-0.3213142627104497,94.0,0.398057918050044,4495816.770953709,0.10254881844099717,-0.29416530594999435,-0.31478161055875614,125.0,0.3002629631131277,1876146.4289886267,0.11319786810542232,-0.29665571914968947,-0.3213142627104497,4055123.8596649393,0.09704833856762263,-0.29416530594999435,-0.31478161055875614
True,0.9,0.02,0.06,0.04,1371131.4015035883,0.08555947999913882,-0.15628073675865017,-0.16319956440354813,24.0,0.19612731514427387,1999981.159663881,0.11991085432655113,-0.29317175439993576,-0.29750332374283056,76.5,0.3940576665216717,4507738.1081968015,0.10269067519923847,-0.29040920244716284,-0.29357877827368334,101.0,0.2995006531723945,1797399.494588586,0.10871725397544096,-0.29317175439993576,-0.29750332374283056,4075879.109903629,0.0973204742399093,-0.29040920244716284,-0.29357877827368334
True,0.9,0.02,0.06,0.06,1319950.1952527007,0.08146493694451495,-0.15722041603827175,-0.20885723604711764,16.0,0.19573908939521917,2097247.648681909,0.12492481956090573,-0.2796931213699712,-0.29975373788571075,52.0,0.38880335835953506,4584444.133661151,0.10359293746792564,-0.29084774294558824,-0.31893930933240555,69.0,0.29838263411455135,1889562.9931691098,0.11394443727554737,-0.2796931213699712,-0.29975373788571075,4178783.162083472,0.09864777553315707,-0.29084774294558824,-0.31893930933240555
True,0.9,0.02,0.08,0.03,1403082.9698860543,0.08804628025262884,-0.16130261586380268,-0.2129717119618332,31.0,0.1960439216103998,2048096.891563965,0.12241787295643902,-0.30523959381782617,-0.3164854025354129,93.0,0.4006363560141343,4729386.750466327,0.10525932880035893,-0.29963004020868034,-0.3220488456792749,125.0,0.3036608634556369,1967037.4838772865,0.11816243128774206,-0.30523959381782617,-0.3164854025354129,4421979.300254548,0.10166433550610188,-0.29963004020868034,-0.3220488456792749
True,0.9,0.02,0.08,0.04,1437043.8893022446,0.0906342214821253,-0.14118867339032015,-0.19693674606520012,24.0,0.20065111257307217,2014703.426269641,0.12068285365541986,-0.27557771780983253,-0.2814040707074951,76.5,0.393183149308419,4781031.537133208,0.10584137054922393,-0.2742246705172751,-0.2813075270707591,101.0,0.3024883768383164,1922831.1125667887,0.1157735428888087,-0.27557771780983253,-0.2814040707074951,4465503.451371332,0.10218590414115514,-0.2742246705172751,-0.2813075270707591
True,0.9,0.02,0.08,0.06,1367008.9616004322,0.08523402897260524,-0.1584341549797737,-0.21456108253764491,16.0,0.19980356390356754,2056559.0494784461,0.12285308422971042,-0.2779300697227475,-0.30406315445688636,52.0,0.39235909556806037,4685833.847706022,0.10476242145068082,-0.2916599403756881,-0.3165315370927915,69.0,0.2998994473279384,1933432.8227824904,0.11635072588435713,-0.2779300697227475,-0.30406315445688636,4519203.518925937,0.10282045084093838,-0.2916599403756881,-0.3165315370927915
True,0.9,0.02,0.1,0.03,1418028.128367374,0.08919205830322152,-0.19801208722126118,-0.20510770316087737,31.0,0.20908316343027605,2056023.7302389937,0.12282342672687596,-0.2816548744872892,-0.300207073581233,94.0,0.39044378403432745,4796615.345942736,0.10601485901836905,-0.28080251474436635,-0.29605112072192286,124.0,0.30356495784971194,1963325.3628173019,0.11796266923575316,-0.2816548744872892,-0.300207073581233,4668858.270954352,0.10456936630616498,-0.28080251474436635,-0.29605112072192286
True,0.9,0.02,0.1,0.04,1505262.2859063486,0.09567023921395668,-0.13957877591625634,-0.20404399042383836,24.0,0.20435147861488678,1963329.925006778,0.11796435473332545,-0.27213032187601216,-0.28312846526051255,76.5,0.39307961918108897,4904110.148638637,0.10720448643585123,-0.27086115762957313,-0.2823873619136364,101.0,0.3039604939530347,1906517.1021358576,0.11488088822767728,-0.27213032187601216,-0.28312846526051255,4668645.530305196,0.10456141948323361,-0.27086115762957313,-0.2823873619136364
True,0.9,0.02,0.1,0.06,1428059.574982727,0.08994699760845637,-0.17150340788021534,-0.22248301501550988,16.0,0.20443319370959018,2045906.0127741056,0.12230495028367383,-0.2847701077915823,-0.30286078298751856,52.0,0.3968746450598697,4869046.437977844,0.10681962040720017,-0.2929815010048029,-0.328263353050475,69.0,0.3098418111799773,1914690.1461502975,0.11532710579763417,-0.2847701077915823,-0.30286078298751856,4737953.541700749,0.1053555580777158,-0.2929815010048029,-0.328263353050475
True,0.9,0.02,0.12,0.03,1486640.5478780419,0.09431629161913613,-0.20197230621066914,-0.21067299569496073,31.0,0.21616187251299795,2023884.4503786787,0.12116066288293292,-0.27348690329558395,-0.2737919272909693,94.0,0.39287241524964917,5000329.85740991,0.10824777804051888,-0.25879897991515133,-0.27374587944613793,124.5,0.30607494313514777,1898589.377904456,0.11444376809658596,-0.27348690329558395,-0.2737919272909693,4719398.682198912,0.10514587453291002,-0.25879897991515133,-0.27374587944613793
True,0.9,0.02,0.12,0.04,1530209.3346492471,0.09746081267409212,-0.181876046644462,-0.1933209048347993,24.0,0.2150565626888417,1972677.366644624,0.1184534707899435,-0.26867117460822,-0.2816998036764629,76.5,0.3919980769880579,5004932.599118125,0.108296193172847,-0.26814904018837676,-0.28030913148172787,101.0,0.3085153600487646,1881186.7370924214,0.11347884363044625,-0.26867117460822,-0.2816998036764629,4711799.516162669,0.10505972067089642,-0.26814904018837676,-0.28030913148172787
True,0.9,0.02,0.12,0.06,1462090.3809940312,0.09250719366798976,-0.16751714949274893,-0.2248265818101344,16.0,0.209797028281456,1996178.2386277714,0.11969861544539828,-0.28532871840625307,-0.3056038976968015,52.0,0.39145427437745384,5044646.051923324,0.10869782661178273,-0.291802103124612,-0.3297478593441102,69.0,0.30654823166933576,1829810.0988591518,0.11057015182385455,-0.28532871840625307,-0.3056038976968015,4788124.579579059,0.10591426731140263,-0.291802103124612,-0.3297478593441102
True,0.9,0.02,0.14,0.03,1546790.387109776,0.09863633289968288,-0.20514284601854232,-0.2154973541857298,31.0,0.2209019140599779,1953792.33285616,0.11745248813080944,-0.2711770667317457,-0.29634026667750246,93.0,0.3909184375927016,5038480.506996112,0.10865607345884665,-0.2710973239445909,-0.2780534176746442,124.0,0.30919894004526854,1902425.1218594771,0.11464978154451588,-0.2711770667317457,-0.29634026667750246,4739575.420061663,0.10537416194987015,-0.2710973239445909,-0.2780534176746442
True,0.9,0.02,0.14,0.04,1588411.3285372257,0.10153787989656782,-0.1815610787515553,-0.19736892106799786,24.0,0.2230056149225037,1927141.50555084,0.11600957755771002,-0.26768514711845093,-0.28127442629436916,76.5,0.39059235315578167,5022773.615937244,0.10848693784038832,-0.26554169897355184,-0.281314142079181,101.0,0.311010298665516,1875815.843061496,0.11317781030133556,-0.26768514711845093,-0.28127442629436916,4906334.790908871,0.10722902015301583,-0.26554169897355184,-0.281314142079181
True,0.9,0.02,0.14,0.06,1542068.6079372936,0.09829179700021884,-0.1767909420217189,-0.22759894204857686,16.0,0.21369876285157416,1946668.196340506,0.11706798266568297,-0.28400378865550263,-0.30361268383564877,52.0,0.3964874940368405,5295708.233818829,0.11133517189896214,-0.29045452502107044,-0.32977874233602766,69.0,0.31101870651679464,1853958.5410710052,0.11194145351680751,-0.28400378865550263,-0.30361268383564877,5053244.496226311,0.10880201217407326,-0.29045452502107044,-0.32977874233602766
True,0.9,0.02,0.16,0.03,1539953.3047180302,0.09815286860121786,-0.20710753327594433,-0.2189458646581866,31.0,0.21946509511985274,1991128.9659755724,0.11933576017020386,-0.22210977886683736,-0.2884648671052681,93.0,0.38988041336069346,4838971.324808134,0.1064718261341735,-0.2552503142406851,-0.28846816738366626,124.0,0.30125076091891734,1888999.8751008639,0.11390449407109249,-0.2331784093436738,-0.2884648671052681,4673546.975786441,0.10462311151126791,-0.2580448397064851,-0.28846816738366626
True,0.9,0.02,0.16,0.04,1559517.6451133932,0.0995291798957475,-0.1863885526310639,-0.20238172783743136,24.0,0.21531231112296795,1952719.4121166966,0.11739483354849756,-0.28675644038394255,-0.2893289340209181,77.0,0.39238142132401177,4983946.467356323,0.10806533850698319,-0.28436468250466307,-0.2893389117641942,101.0,0.3129912463252451,1858581.0049405715,0.11220951687511704,-0.28675644038394255,-0.2893289340209181,4591825.129473116,0.1036783991532132,-0.28436468250466307,-0.2893389117641942
True,0.9,0.02,0.16,0.06,1499378.038307275,0.09524326100494684,-0.18140270514522827,-0.22992397582510174,16.0,0.21426301714308263,2035964.7287250985,0.12179129781169251,-0.28660972513187816,-0.30790595353051636,52.0,0.39630195730526563,5149263.686125815,0.10982445409427766,-0.29807762092697165,-0.32962595543099843,68.5,0.30717073684472085,1860389.4790686667,0.11231515205965292,-0.28660972513187816,-0.30790595353051636,4796033.35287124,0.10600607483647595,-0.29807762092697165,-0.32962595543099843
True,0.9,0.02,0.2,0.03,1477659.0975984526,0.093657897511784,-0.17760661089425056,-0.17804667815131248,31.0,0.20460853044762028,1918081.8691763086,0.11551398283316516,-0.2542240595048197,-0.2970681290048709,93.0,0.3712022750071819,4547758.963281229,0.10316291972276925,-0.25433397725446466,-0.29706629909212845,124.0,0.29163926850114147,1764637.3550993325,0.10680021839869369,-0.2542240595048197,-0.2970681290048709,4306979.746977756,0.10025814058070848,-0.25433397725446466,-0.29706629909212845
True,0.9,0.02,0.2,0.04,1508399.9386453312,0.09589705678709459,-0.1925673681351578,-0.21128014675596402,24.0,0.2105386271446776,1867690.7381677781,0.11272486906930956,-0.2845355548679004,-0.28467715259454407,76.5,0.3898329210744399,4577034.06039966,0.10350585996624528,-0.2845053771804291,-0.2847394390646853,101.0,0.3018549803475668,1788896.3914011265,0.1082222327588448,-0.2845355548679004,-0.28467715259454407,4394201.837230919,0.10132747090505367,-0.2845053771804291,-0.2847394390646853
True,0.9,0.02,0.2,0.06,1481701.6201814595,0.09395468111130156,-0.17327508244057999,-0.22569734746660244,16.0,0.21118115631868672,1934053.7788290572,0.1163751754200254,-0.2868341853212877,-0.3083626381927223,52.0,0.38785789552433203,4799207.573045316,0.10604469481301748,-0.2984846309671653,-0.3282411581993503,68.0,0.3053284829204761,1829206.1332393624,0.11054554863581434,-0.2868341853212877,-0.3083626381927223,4625338.500436142,0.10406756568494502,-0.2984846309671653,-0.3282411581993503
True,0.9,0.03,0.06,0.03,1351391.803767865,0.08399684403535013,-0.19576198492761215,-0.20085034420675243,31.0,0.21273549427370653,2047883.058272427,0.12240620876857267,-0.30764441754722543,-0.32219358142171844,94.0,0.4226739756965542,4624599.995779903,0.1040595854432258,-0.30292277744699,-0.32401229524907565,125.0,0.3207599600817174,1909227.9015157842,0.1150295772198594,-0.30764441754722543,-0.32219358142171844,4211730.490908289,0.09906599143146466,-0.30292277744699,-0.32401229524907565
True,0.9,0.03,0.06,0.04,1416208.586633171,0.08905304344876841,-0.1496492943885302,-0.19184662128113403,24.0,0.21145995375644688,1957904.4227290058,0.1176734325892167,-0.3056092790618011,-0.31050147877352596,76.5,0.4254071126530074,4605500.868549749,0.10383806308292143,-0.3054879162939752,-0.30934542895739076,101.0,0.3226094221174951,1800286.937577702,0.10888464875103876,-0.3056092790618011,-0.31050147877352596,4238295.78264128,0.0993995470261847,-0.3054879162939752,-0.30934542895739076
True,0.9,0.03,0.06,0.06,1350146.6692429837,0.08389290104168301,-0.16941860651187485,-0.21945303503438923,16.0,0.20395609167296913,2061033.1718592392,0.12308333705225771,-0.2916422146087232,-0.3068944270492738,52.0,0.42012275216639716,4659172.640259127,0.10445375059178641,-0.2977007478129114,-0.3319955519805694,68.5,0.319097810084219,1911610.5530297812,0.11516055300808359,-0.2916422146087232,-0.3068944270492738,4327936.653412912,0.10051584325955332,-0.2977007478129114,-0.3319955519805694
True,0.9,0.03,0.08,0.03,1417745.289277275,0.0891703973692155,-0.199985468623817,-0.2063851220693082,31.0,0.21717920968001705,2111157.410790979,0.12562470322837838,-0.30974884152249427,-0.3145933573918951,94.0,0.4230805428966976,4786171.433806723,0.10589743719414535,-0.30677046730418406,-0.3194630115743542,124.0,0.3253036039139241,1995134.9755444007,0.11965566379509351,-0.30974884152249427,-0.3145933573918951,4512445.842786502,0.10274644476915362,-0.30677046730418406,-0.3194630115743542
True,0.9,0.03,0.08,0.04,1451155.5454797056,0.09169344341125829,-0.17767059974929578,-0.19015997411018565,24.0,0.21992373404614549,2046098.1755190345,0.1223151105333089,-0.28344222583437123,-0.2908104887309139,76.5,0.42020906994941454,4746489.388502437,0.1054522850586016,-0.2827114497308883,-0.28836345332690105,101.0,0.3248474030476518,1882518.9961086605,0.11355252244089986,-0.28344222583437123,-0.2908104887309139,4514895.730251225,0.10277412367952465,-0.2827114497308883,-0.28836345332690105
True,0.9,0.03,0.08,0.06,1431963.9155386747,0.090250659541531,-0.17109736511572066,-0.22376106256659234,16.0,0.21246433096140144,2067044.5002592718,0.12338933814803688,-0.2905112873562734,-0.3064249169624189,52.0,0.41850882356979074,5048972.081017844,0.1087682003601318,-0.29698413483871716,-0.33216514253227836,68.5,0.3193480646297403,1889817.2239303933,0.11395563359502925,-0.2905112873562734,-0.3064249169624189,4645949.06428059,0.10430480675899134,-0.29698413483871716,-0.33216514253227836
True,0.9,0.03,0.1,0.03,1484819.7646416938,0.09418302505044684,-0.20183217870009768,-0.2094417299031598,31.0,0.22449845353075987,2071572.912029541,0.12362159223953317,-0.28125498894786716,-0.2815756665016811,93.0,0.417331919926701,5121268.311227606,0.10953226649183767,-0.2688997807057509,-0.28152968113367416,124.0,0.3226877083780143,1882183.1563777844,0.11353458536992656,-0.28125498894786716,-0.2815756665016811,4702577.560410628,0.104954812975245,-0.2688997807057509,-0.28152968113367416
True,0.9,0.03,0.1,0.04,1511657.5739651846,0.09613068871464403,-0.18284887517667275,-0.19227116439673553,24.0,0.22620676701470213,1994638.3301502888,0.11961990004880707,-0.27955790703112476,-0.28892713328464487,76.5,0.41694213166285077,5016779.568881618,0.10842141931058735,-0.27884003357169185,-0.28880835669159816,101.0,0.32751442730148805,1860842.06574276,0.11234068983777401,-0.27955790703112476,-0.28892713328464487,4685667.336219064,0.10476157393258767,-0.27884003357169185,-0.28880835669159816
True,0.9,0.03,0.1,0.06,1473481.123599378,0.09334232108194618,-0.17031045897403896,-0.22454605517050102,16.0,0.21797292757928474,2031251.7306195032,0.12154139910249762,-0.2892678289241273,-0.30944779120849125,52.0,0.4200263321057164,5199664.015045965,0.11034844070403071,-0.296559515469149,-0.3322663496260569,69.0,0.32396699572708665,1870048.2765214965,0.11285659223048894,-0.2892678289241273,-0.30944779120849125,4943422.938387152,0.10763329571053837,-0.296559515469149,-0.3322663496260569
True,0.9,0.03,0.12,0.03,1529145.5938007268,0.09738505361659766,-0.18543260639514175,-0.18631870149953578,31.0,0.22576847859295207,1958696.03473365,0.11770912250525167,-0.28798721533723276,-0.31347757598780746,93.0,0.4175785384788902,4948985.584481873,0.10769368631934284,-0.2891529016246516,-0.31347140278409497,124.0,0.32401341747195084,1839740.6409569182,0.11114552585817339,-0.28798721533723276,-0.31347757598780746,4556426.777461978,0.10326432321858059,-0.2891529016246516,-0.31347140278409497
True,0.9,0.03,0.12,0.04,1572174.8109893822,0.10041385539636083,-0.1857474988807547,-0.19608450785910134,24.0,0.2294459979089587,2012194.0339216753,0.12054968844979119,-0.2867209403351029,-0.2877427704794021,76.5,0.41663243507918835,5175569.883365394,0.11009774349642798,-0.2867282119486257,-0.28773491902566384,101.0,0.33012030895525146,1879309.0018731286,0.11337441123984227,-0.2867209403351029,-0.2877427704794021,4828947.656210298,0.10636830624231453,-0.2867282119486257,-0.28773491902566384
True,0.9,0.03,0.12,0.06,1527007.6132716453,0.09723233172421142,-0.1752252692221788,-0.21212109313061717,16.0,0.22248669792241188,1956860.1754056243,0.1176171686847548,-0.2941562540062195,-0.31509600500960216,52.0,0.4239029509824,5360524.516818888,0.11198964742138495,-0.30516458034614397,-0.3325029165811375,68.5,0.3280168212013568,1890207.4479366206,0.11398021314399231,-0.2941562540062195,-0.31509600500960216,5009401.457308438,0.10834135677455525,-0.30516458034614397,-0.3325029165811375
True,0.9,0.03,0.14,0.03,1562462.5737882876,0.09973710706015737,-0.18563410585160617,-0.18636615499203948,31.0,0.23019171900074542,2018378.7766540372,0.12086632085920446,-0.23035273176919313,-0.29199948162300327,93.0,0.41246048267129826,5184711.518356279,0.11019100592783482,-0.25959680340928376,-0.2918162123348911,124.0,0.3254323782188743,1867650.4407448475,0.11266512368657378,-0.23573062094791047,-0.29199948162300327,4645096.414336288,0.1042935623309138,-0.2639046234766576,-0.2918162123348911
True,0.9,0.03,0.14,0.04,1602970.0044205256,0.10253665358442354,-0.18772357849597315,-0.20140813460160828,24.0,0.22776272108818227,2011063.1567643313,0.12049330513205325,-0.2924391197215661,-0.2938371454020468,77.0,0.4217172320520772,5216288.319305401,0.11052178665383738,-0.29236234189013277,-0.29377824381593576,101.0,0.33205630224448135,1866435.2865624456,0.11265425622136771,-0.2924391197215661,-0.2938371454020468,4972197.456086377,0.10794495886424182,-0.29236234189013277,-0.29377824381593576
True,0.9,0.03,0.14,0.06,1536033.1038828497,0.09787350894151547,-0.18220502308671305,-0.21664427895528623,16.0,0.2280776447894563,2065121.9474774855,0.12329051241331956,-0.2939636778732355,-0.3146755353151931,52.0,0.42189202305828727,5395486.086946819,0.11234140947838389,-0.30475725655518043,-0.3319907189844343,68.5,0.3281738807717349,1866716.5956310758,0.11266966633535025,-0.2939636778732355,-0.3146755353151931,5069773.3453655625,0.10898443995748475,-0.30475725655518043,-0.3319907189844343
True,0.9,0.03,0.16,0.03,1575743.8785006204,0.10066215392854516,-0.18546636223936197,-0.1860426993918932,31.0,0.2299998831776348,2038746.187176166,0.12193532653881833,-0.264302675729445,-0.29811335141273615,93.0,0.39668048594218364,5253210.9197001215,0.11089994952922044,-0.26454206490454824,-0.2982874692206917,124.0,0.3185220302356001,1832617.1083713672,0.11074249634223365,-0.264302675729445,-0.29811335141273615,4773057.477860982,0.10575100530054082,-0.26454206490454824,-0.2982874692206917
True,0.9,0.03,0.16,0.04,1529186.6862502387,0.09738793590125883,-0.16696617347489173,-0.18786670354251875,24.0,0.21994425140880386,1963317.775054146,0.11796378613084568,-0.2905633226544735,-0.2914799607338695,77.0,0.4166008037118893,4926235.122443156,0.10744630180569481,-0.29102384676088805,-0.29147070294675836,101.0,0.3220846297434409,1814990.3702862603,0.10973341401288861,-0.2905633226544735,-0.2914799607338695,4646929.944170374,0.104317406166763,-0.29102384676088805,-0.29147070294675836
True,0.9,0.03,0.16,0.06,1547112.791446855,0.0986571276979955,-0.17949721543554487,-0.22087033256199895,16.0,0.2258728534471318,1962589.4792681541,0.1179246827406849,-0.29426061627959055,-0.31532707278058064,52.0,0.4120139264517855,5171203.737393701,0.11005418275910672,-0.30509846407037855,-0.33270662603141005,68.5,0.32409040069326567,1824447.9473362402,0.11027257882025499,-0.29426061627959055,-0.31532707278058064,4912674.810868604,0.10729834995786725,-0.30509846407037855,-0.33270662603141005
True,0.9,0.03,0.2,0.03,1457549.7833326613,0.09217032686624771,-0.18502135480184412,-0.18540526654886158,31.0,0.21277919253339625,1958649.3783564698,0.11771154172044829,-0.26929559352120186,-0.3142620740337506,93.0,0.3990323517029978,4609638.419629435,0.10387318509585441,-0.2694701255238436,-0.31398120103590693,124.5,0.3073057921710599,1789839.6115523123,0.10827394950901736,-0.26929559352120186,-0.3142620740337506,4114329.6848457176,0.09781945585174734,-0.2694701255238436,-0.31398120103590693
True,0.9,0.03,0.2,0.04,1488849.3547407468,0.09447780766167069,-0.16282608760891198,-0.17839487194216894,24.0,0.21515270098316763,1941758.2161083114,0.11679783575828451,-0.29083774131793466,-0.29188815197805734,77.0,0.41115799734605596,4683381.580565554,0.10472360125241198,-0.2911902270582704,-0.29171812046392265,101.0,0.3147009880694045,1744590.7700786444,0.10561145167437214,-0.29083774131793466,-0.29188815197805734,4113389.9089572118,0.09780812107858272,-0.2911902270582704,-0.29171812046392265
True,0.9,0.03,0.2,0.06,1483894.1874416112,0.09411358674951964,-0.16943152998605415,-0.21206542449557497,16.0,0.22066530970887593,1973276.410118929,0.11849607071391366,-0.2937091283711025,-0.31604145747461726,52.0,0.420156930879792,4975645.685235458,0.10793560126745794,-0.3043773885127291,-0.3330051388463326,68.5,0.3261615841214752,1747637.0180035806,0.10578159163052803,-0.2937091283711025,-0.31604145747461726,4651407.101188744,0.10436795257838871,-0.3043773885127291,-0.3330051388463326
True,0.9,0.04,0.06,0.03,1411311.8043397693,0.08867853096720268,-0.19186479008768453,-0.19252007267928747,31.0,0.22642476752906615,2060715.5185858281,0.12306315797290679,-0.31150580379481907,-0.3143180343561086,93.0,0.44630038423760365,4798707.689476727,0.10603920359945274,-0.311440904780125,-0.3169105912232181,124.0,0.34190239530105293,1886582.1968648755,0.11377903982411419,-0.31150580379481907,-0.3143180343561086,4404688.977773899,0.10145517172287444,-0.311440904780125,-0.3169105912232181
True,0.9,0.04,0.06,0.04,1445621.454345821,0.09127917501118121,-0.18144609733131994,-0.18938891752451392,24.0,0.22703666779383747,1972671.3889860334,0.11846372579615627,-0.30512939276958895,-0.31485690787379683,76.5,0.4510733696667994,4607389.002955058,0.1038592588744327,-0.30655735096030823,-0.31830979128635795,101.0,0.3462653780352628,1782317.0269127283,0.10783875830748224,-0.30512939276958895,-0.31485690787379683,4226803.568379553,0.0992544945240118,-0.30655735096030823,-0.31830979128635795
True,0.9,0.04,0.06,0.06,1413956.1977474918,0.08886545197421813,-0.16879577953798103,-0.2147905765630378,16.0,0.22627277718455824,2094280.9472553458,0.12476523842316867,-0.29426973919349814,-0.3159200918869216,52.0,0.4451706736136401,5021481.002831819,0.10847025189753601,-0.30173454753364937,-0.33496640629289937,68.5,0.3391292540077516,1875905.3319624756,0.11318370134012268,-0.29426973919349814,-0.3159200918869216,4537703.432400899,0.10304428014093592,-0.30173454753364937,-0.33496640629289937
True,0.9,0.04,0.08,0.03,1473712.0981693692,0.09336736556895808,-0.1918498107609085,-0.19288305366004033,31.0,0.2313573493279295,2092242.4865834643,0.12467063548028934,-0.2845182371513562,-0.30985265551497043,93.0,0.4434264516035199,5027152.254127547,0.10853541819519075,-0.28274207470463125,-0.3096584055508915,124.0,0.34168688978651246,1870348.412839878,0.11287394781736049,-0.2845182371513562,-0.30985265551497043,4555931.77088077,0.10325918181113591,-0.28274207470463125,-0.3096584055508915
True,0.9,0.04,0.08,0.04,1506914.2301457094,0.09578923977606202,-0.1849164995512952,-0.1918989509314553,24.0,0.23457612510057801,2042294.369525838,0.12211863234792575,-0.29956815031283723,-0.3001293410559011,76.5,0.4512776057681177,5008089.877895465,0.10832744741721867,-0.299491605877621,-0.3000831436987429,101.0,0.3487792675032564,1828526.5050290502,0.11050883378873988,-0.29956815031283723,-0.3001293410559011,4616573.768356118,0.10396563727784647,-0.299491605877621,-0.3000831436987429
True,0.9,0.04,0.08,0.06,1443823.7032984823,0.09114410028262732,-0.17153006985061708,-0.21491877438199594,16.0,0.22720099736695532,2074648.9482698934,0.12377919452248343,-0.29662383818316673,-0.31977189371662573,52.0,0.4475331788512464,5194400.891434403,0.11029527623346602,-0.30855767897225883,-0.33472967220329064,68.5,0.34128354581086323,1877949.1616676778,0.11328768591016214,-0.29662383818316673,-0.31977189371662573,4767792.7789142635,0.10569261858672663,-0.30855767897225883,-0.33472967220329064
True,0.9,0.04,0.1,0.03,1530818.2952177655,0.09750423471854974,-0.19156647273946137,-0.19348221087440975,31.0,0.23652488151228676,2012022.2995515903,0.12054273598096177,-0.28789898861975066,-0.3168489715820354,93.0,0.4470473406385784,5181075.0088357795,0.11015573964539416,-0.2899871023658897,-0.3168866822004803,124.0,0.3443189842880858,1787497.7486625817,0.10814090036805535,-0.28789898861975066,-0.3168489715820354,4638947.7433202155,0.10422480157822855,-0.2899871023658897,-0.3168866822004803
True,0.9,0.04,0.1,0.04,1535700.8279791167,0.09784971593857839,-0.17378519998607783,-0.18468204657003576,24.0,0.23448937979964996,2045015.1066659216,0.12225939558119092,-0.2992961225039625,-0.2998633029529564,77.0,0.44546338498616633,5179211.059426909,0.11013778520968642,-0.29918236650920266,-0.29983990503080205,101.0,0.3462436350622151,1852031.048928963,0.11184431639869363,-0.2992961225039625,-0.2998633029529564,4661552.448524814,0.1044855779883741,-0.29918236650920266,-0.29983990503080205
True,0.9,0.04,0.1,0.06,1502444.7230001038,0.09546626250425039,-0.17376748297520184,-0.2150458829329433,16.0,0.23195744721674394,2005529.285249326,0.12020232175400769,-0.2966364172946588,-0.31982662493809133,52.0,0.44455467405563065,5350404.957683209,0.1118879906337723,-0.3086192806923564,-0.33476148001502215,68.5,0.3452283526015583,1822660.653327508,0.11016708654858998,-0.2966364172946588,-0.31982662493809133,4793597.394017689,0.10597761675834427,-0.3086192806923564,-0.33476148001502215
True,0.9,0.04,0.12,0.03,1572406.9860146027,0.10043039405813725,-0.1918958895676537,-0.1931105473813741,31.0,0.2411476231775898,1969120.857333316,0.11827419322329136,-0.3058813655849282,-0.31849863882660384,93.0,0.4397914178664766,5111166.421022108,0.10942522898683738,-0.30886821140360077,-0.3163796764635775,124.0,0.34430591195508653,1789532.712499444,0.10825983023775987,-0.3058813655849282,-0.31849863882660384,4578741.928174827,0.10352627703102046,-0.30886821140360077,-0.3163796764635775
True,0.9,0.04,0.12,0.04,1555204.673481251,0.09922860818687318,-0.17529372264088883,-0.18856054924789506,24.0,0.23800443819166558,1981347.1812474867,0.11892544252973358,-0.29587984918673915,-0.3003238511697787,76.5,0.44723598414520765,5109986.378114693,0.10941364257484865,-0.2960113906626154,-0.3005687405742209,101.0,0.3463360033599716,1800529.6466679126,0.1088987383813369,-0.29587984918673915,-0.3003238511697787,4619302.123335741,0.10399805389016503,-0.2960113906626154,-0.3005687405742209
True,0.9,0.04,0.12,0.06,1534198.768599944,0.09774399960748736,-0.177342521372844,-0.21479235647601294,16.0,0.23801613386899395,2087036.6198687234,0.12440866968122533,-0.2973458765705967,-0.32041237978503073,52.0,0.44353307807031583,5490135.724943601,0.11327942412853065,-0.30880673181426677,-0.33523274243671136,68.5,0.34652720414259985,1845804.6557227161,0.11149105502707846,-0.2973458765705967,-0.32041237978503073,4964877.501462398,0.10786542541650379,-0.30880673181426677,-0.33523274243671136
True,0.9,0.04,0.14,0.03,1497384.9911564877,0.09509948774747079,-0.19202495396862107,-0.19296865822144021,31.0,0.23035983574784658,2040080.3424668408,0.12199970945957672,-0.27717931875056306,-0.3066463156792458,93.0,0.43140803199805755,5101843.664258737,0.10932793414584685,-0.2772489000691521,-0.30681838883388246,124.0,0.3334061407148182,1844927.767155896,0.1114424533319861,-0.27717931875056306,-0.3066463156792458,4569005.308545693,0.10341142727108954,-0.2772489000691521,-0.30681838883388246
True,0.9,0.04,0.14,0.04,1533449.4631726919,0.0976914687925825,-0.19157825202658862,-0.19158012793239232,24.0,0.23513756739896777,1984938.1211683685,0.11911611040598924,-0.29623352433544303,-0.30047910383341847,76.5,0.4424337971461841,5049841.032864587,0.10877739302444411,-0.30003017074719424,-0.30092463621726107,101.0,0.34199148236749444,1805109.8734671175,0.10916351030488969,-0.29623352433544303,-0.30047910383341847,4491716.879049082,0.10250010793624886,-0.30003017074719424,-0.30092463621726107
True,0.9,0.04,0.14,0.06,1515437.6781030255,0.09640377132062705,-0.19157930286857838,-0.21531542421523372,16.0,0.23838835589588026,2014069.0528173228,0.12064919268722862,-0.29676225441225623,-0.319897751671361,52.0,0.4398521323425758,5275590.109897256,0.11113045161880364,-0.308796284004301,-0.33502475374216206,68.5,0.34283815734985146,1810098.0769974266,0.1094501926661986,-0.29676225441225623,-0.319897751671361,4886212.703975917,0.10699411529428948,-0.308796284004301,-0.33502475374216206
True,0.9,0.04,0.16,0.03,1503664.0729218782,0.09555479025396174,-0.19173429567432598,-0.19233185148594031,31.0,0.22942125133306918,2028947.1121098325,0.12142590033240086,-0.2795682524231545,-0.31515408865263334,93.0,0.4364647458131291,4984533.727421043,0.10807805530397041,-0.27990773527341106,-0.31476729187619973,124.0,0.336004018104457,1813497.9339478023,0.10964708174203053,-0.2795682524231545,-0.31515408865263334,4358078.677282632,0.10088619956460443,-0.27990773527341106,-0.31476729187619973
True,0.9,0.04,0.16,0.04,1538739.7524449644,0.09806706187798864,-0.1757164474777162,-0.18208757966521094,24.0,0.2342676267693724,1930877.1497735092,0.11621294202097632,-0.2956798243019897,-0.2964545446958337,77.0,0.4469557114465116,4898071.116279173,0.10713831173197952,-0.29566475320024344,-0.29614917046753414,101.0,0.34362337046265984,1723229.821138448,0.10433086225728816,-0.2956798243019897,-0.2964545446958337,4366010.226991367,0.10098440063351377,-0.29566475320024344,-0.29614917046753414
True,0.9,0.04,0.16,0.06,1510980.712663063,0.09608095306396847,-0.17573460619800169,-0.21487500244576646,16.0,0.23383008039413652,2004476.6964104548,0.12014781074373426,-0.2974003657991174,-0.3209964107162598,52.0,0.443706407116103,5072645.143879084,0.10901958243799736,-0.30907829146139815,-0.33548707959546303,68.5,0.34210247321212134,1792026.6267484645,0.10839702669642204,-0.2974003657991174,-0.3209964107162598,4724822.6769615505,0.1052072235081638,-0.30907829146139815,-0.33548707959546303
True,0.9,0.04,0.2,0.03,1500456.412565431,0.09532241640904326,-0.1916334962268137,-0.19291003755075503,31.0,0.228373096889187,2001493.5581491077,0.11998158971521122,-0.2969598138719625,-0.3400089969480647,93.0,0.43689388258648376,4876549.858175313,0.10690117010993927,-0.2860947561889592,-0.33511027238899993,124.0,0.33405849706010504,1770093.410668659,0.10710373902528636,-0.2969598138719625,-0.3400089969480647,4253994.877308499,0.09959790896347054,-0.2860947561889592,-0.33511027238899993
True,0.9,0.04,0.2,0.04,1535083.7510602528,0.09780762396848597,-0.17031799436476253,-0.18164816895684766,24.0,0.2323327310463284,1986544.661832408,0.11919403627566416,-0.2957302740092638,-0.2963212249720522,76.0,0.4431734802272426,4872054.339735477,0.10685139423835266,-0.2956052884354048,-0.29611419569451647,101.0,0.3404840728808294,1759504.0279359426,0.10643005860198462,-0.2957302740092638,-0.2963212249720522,4270987.588112002,0.09980992887610429,-0.2956052884354048,-0.29611419569451647
True,0.9,0.04,0.2,0.06,1504397.6937682186,0.09560553417143836,-0.1727724125071341,-0.2154250684575537,16.0,0.23195852126845753,2071638.2612686025,0.12361571046006603,-0.2967810415133352,-0.32011272581089245,52.0,0.4365328595229457,4939001.214255987,0.10756939086620354,-0.30876288699285076,-0.33499500312562747,68.0,0.34050384362021285,1830652.638958464,0.11063041073837465,-0.2967810415133352,-0.32011272581089245,4429055.83890169,0.10174635970845913,-0.30876288699285076,-0.33499500312562747
True,0.95,0.01,0.06,0.03,1287030.1768319649,0.078755217917031,-0.18474924258450043,-0.20119469893066366,31.0,0.18357248286406247,2110015.2672668044,0.12556739359151192,-0.3098342827893118,-0.3159659849606873,96.0,0.3795447432749627,4409706.5199534185,0.10151354622770603,-0.31074579544089315,-0.3329855475229585,127.0,0.2875918912010299,1868577.5683607345,0.11277443302185663,-0.3098342827893118,-0.3159659849606873,3935162.8430228266,0.0954534961629373,-0.31074579544089315,-0.3329855475229585
True,0.95,0.01,0.06,0.04,1303781.6217883886,0.08014181800221198,-0.15931239627855887,-0.1746385955242851,25.0,0.1855292028305714,2074040.1403272287,0.12374817318271047,-0.2910075095469342,-0.3016799079404852,80.0,0.3801361561891521,4533720.82034529,0.10299790336889814,-0.2866007989003299,-0.30320091993183546,105.5,0.2839460700291862,1815885.3954965195,0.10978489421735627,-0.2910075095469342,-0.3016799079404852,3956464.3245694805,0.09574002557804517,-0.2866007989003299,-0.30320091993183546
True,0.95,0.01,0.06,0.06,1303268.357748734,0.08007785357231811,-0.1598370785845613,-0.2050038049149528,17.0,0.18668041043923844,1959706.7316418514,0.1177702969782688,-0.31496361808678514,-0.33924708173129814,35.0,0.40687574017675704,4217914.63854485,0.09914395322358749,-0.3038964506188144,-0.3345076575893541,51.5,0.3046239802477395,1725840.1143444018,0.10448835203433449,-0.31496361808678514,-0.33924708173129814,3674885.4501126623,0.09182570758942465,-0.3038964506188144,-0.3345076575893541
True,0.95,0.01,0.08,0.03,1376620.1156177125,0.08599037131514176,-0.171558904277207,-0.17227639050874818,31.0,0.1856639965089386,2056148.191181881,0.12283268519326507,-0.3108728584698218,-0.3465855032466687,97.0,0.39007141454135197,4675840.818607295,0.10464489803266408,-0.31171246713847267,-0.3416614726080867,128.0,0.29202304308222593,1911457.53469973,0.11515187602697285,-0.3108728584698218,-0.3465855032466687,4315314.192604728,0.10036119241031172,-0.31171246713847267,-0.3416614726080867
True,0.95,0.01,0.08,0.04,1370970.6401583194,0.08554684038282379,-0.1568470145777135,-0.165039919275569,25.0,0.19046784024155103,2060900.460456999,0.12307635445537268,-0.2998744582568532,-0.31274538295779314,80.0,0.3939630239514411,4740823.0256322045,0.10538804940128887,-0.29406620539753553,-0.31233368667838846,106.0,0.2950979841247712,1887632.1233585482,0.11383657177109419,-0.2998744582568532,-0.31274538295779314,4305796.2511664545,0.10024343657481116,-0.29406620539753553,-0.31233368667838846
True,0.95,0.01,0.08,0.06,1263751.0780244863,0.07680033040061318,-0.19584936386169216,-0.24582620774318392,2.5,0.21043381093701316,1790983.7899134294,0.10832631693038719,-0.3157767352972277,-0.33847110687601933,24.0,0.41768202604538296,3611431.228534897,0.09090378694477519,-0.32047406377926846,-0.3382204589683452,25.0,0.3185943146628717,1753733.9331414793,0.10615401479293529,-0.3157767352972277,-0.33847110687601933,3523342.2656214912,0.089599099657665,-0.32047406377926846,-0.3382204589683452
True,0.95,0.01,0.1,0.03,1442335.4194044399,0.09103249629177701,-0.15205574523661314,-0.21649083013746528,31.0,0.1928334475887611,2148501.760898034,0.1274826643036775,-0.3079289223541174,-0.3309983480210722,97.0,0.3969848674403666,4944625.793567052,0.10763977045350481,-0.29066853007826515,-0.33038797531914577,127.0,0.29582364662541166,2066714.556268646,0.12337232577015644,-0.3079289223541174,-0.3309983480210722,4724871.637121796,0.10520737493467569,-0.29066853007826515,-0.33038797531914577
True,0.95,0.01,0.1,0.04,1485508.973741785,0.09423234931145208,-0.1423693926871143,-0.2017586604949564,25.0,0.19867673171242733,2088301.3290804527,0.12447253671523895,-0.2955711533608605,-0.30455333694922937,80.0,0.3970703532456112,5076267.77850275,0.10905799626697654,-0.2910638714569423,-0.30345598636756904,105.0,0.29678493413491824,2067949.83108363,0.12343588054850685,-0.2955711533608605,-0.30455333694922937,4839123.679571366,0.10648705328035679,-0.2910638714569423,-0.30345598636756904
True,0.95,0.01,0.1,0.06,1288912.5296273427,0.07891180457837654,-0.19026793060525254,-0.27980515182050714,2.5,0.2114947143398243,1784891.2969186606,0.10798711397505123,-0.30462985370018314,-0.34957221149366685,26.5,0.42820556085795214,3749317.621687157,0.09288703293093281,-0.30432324363959457,-0.34967355873336053,31.0,0.32225617336142015,1753600.1743729939,0.10614269829402911,-0.30462985370018314,-0.34957221149366685,3748376.2081423746,0.09287412998618927,-0.30432324363959457,-0.34967355873336053
True,0.95,0.01,0.12,0.03,1499056.8119102493,0.09522084550434784,-0.14918685894024286,-0.2261735024713579,31.0,0.19553761418835558,2083599.0856979028,0.12423286186622351,-0.29572238772468706,-0.32228417777656354,96.0,0.38827653356920094,4978064.636185011,0.10800829844175353,-0.29762317424162926,-0.3196798296966042,127.0,0.29520302153540956,2011671.1821955969,0.12052499243194181,-0.29572238772468706,-0.32228417777656354,4846063.830707019,0.10656542641352984,-0.29762317424162926,-0.3196798296966042
True,0.95,0.01,0.12,0.04,1509336.6208996694,0.09596449677505325,-0.14125429717142834,-0.2135119264288582,25.0,0.2005838921361292,1993028.4689397928,0.11950398116618921,-0.26319345417710543,-0.2728629226697777,80.0,0.38121792993798376,5143114.841206789,0.10974492416454651,-0.2622665550770642,-0.27339879526577476,105.0,0.29373538206069894,1986152.1409628498,0.1191804046794438,-0.26319345417710543,-0.2728629226697777,4887348.053333251,0.10701974417105453,-0.2622665550770642,-0.27339879526577476
True,0.95,0.01,0.12,0.06,1479777.6769161494,0.09381348129464873,-0.160731446402279,-0.21987606195761855,17.0,0.19697440737245903,1790370.0752105585,0.10830834002804435,-0.30525792031595583,-0.3168673919434567,30.0,0.4246577692019265,4364392.507595364,0.10096411114369619,-0.31259666192730384,-0.3443510532699916,48.5,0.3181866960416895,1720449.9072780346,0.1041626458144671,-0.30525792031595583,-0.3168673919434567,4353777.103123462,0.10083470619121326,-0.31259666192730384,-0.3443510532699916
True,0.95,0.01,0.14,0.03,1570056.4264316591,0.10026678999669447,-0.15934640865714522,-0.2347819728211848,31.0,0.2006519247244977,1967171.9396648426,0.11816992766157242,-0.31732228821977554,-0.32600534199016135,96.0,0.391465367761086,5177141.966617458,0.11011577926686633,-0.2661204180353099,-0.3260533042485789,127.0,0.2985538353451524,1927543.908691122,0.11603175247679742,-0.31732228821977554,-0.32600534199016135,5062297.1822907645,0.1089093596094608,-0.2661204180353099,-0.3260533042485789
True,0.95,0.01,0.14,0.04,1517254.0490696572,0.09652638851588535,-0.1839389599648777,-0.2048937981663481,25.0,0.20222498654466758,1988620.3104262338,0.11930835959522346,-0.26138183146696176,-0.2736636884800689,79.0,0.37867045075386996,4923868.918956982,0.10742027583991298,-0.260328826985091,-0.2726430272872491,105.0,0.29840616321821956,1978252.0834396433,0.11875621040160966,-0.26138183146696176,-0.2736636884800689,4914754.788959673,0.10731537110757805,-0.260328826985091,-0.2726430272872491
True,0.95,0.01,0.14,0.06,1538614.3049828568,0.09805815849609201,-0.16234611476696836,-0.2249446480761676,17.0,0.202742002693387,1756358.9765236275,0.106310741074235,-0.2964092513333174,-0.29874078846519636,37.0,0.4435527730946404,4489101.321281692,0.10246340129544329,-0.2964155242520919,-0.3018028823090926,50.0,0.32670404819071147,1703910.7306722114,0.10316043578503242,-0.2964092513333174,-0.29874078846519636,4192873.4820487257,0.09882522368306057,-0.2964155242520919,-0.3018028823090926
True,0.95,0.01,0.16,0.03,1524771.8717858177,0.09707260311845434,-0.20221540486399436,-0.2139852435026747,31.0,0.21167106956290133,2031103.7884871508,0.12150239122317918,-0.2719623533064893,-0.27214898608999954,96.0,0.38301105551139325,5241478.083236065,0.11077986235342463,-0.2541109844396921,-0.27217201004259717,127.0,0.3006374964360737,2004849.8810295518,0.12016709196705277,-0.2719623533064893,-0.27214898608999954,5128540.327062542,0.10960889937442952,-0.2541109844396921,-0.27217201004259717
True,0.95,0.01,0.16,0.04,1601013.9285776601,0.10240297854632774,-0.18795531788744518,-0.20143940007804612,25.0,0.21084548240609263,2014862.6823070652,0.1206680578730811,-0.25686530265107316,-0.27252067962404963,79.0,0.3837723172585933,5469157.118493957,0.11307297854991805,-0.25436392166583877,-0.2724864897450125,105.0,0.30571941246469947,2000095.0453706747,0.11991504940583908,-0.25686530265107316,-0.27252067962404963,5367265.357767435,0.11205632217985417,-0.25436392166583877,-0.2724864897450125
True,0.95,0.01,0.16,0.06,1523964.5376332812,0.0970143989720671,-0.23834799897966752,-0.2879623162135876,1.5,0.22175668308219565,1650722.4881714508,0.09987387448682483,-0.27787260635422084,-0.2810315653411019,23.5,0.43179361033103025,3981806.367159077,0.09607688154848226,-0.2778820386489753,-0.29802103430836663,25.0,0.33742723828047116,1674986.411485486,0.10138284065537218,-0.27787260635422084,-0.28341140232022816,4156625.7656638743,0.09836208592736428,-0.2778820386489753,-0.29802103430836663
True,0.95,0.01,0.2,0.03,1591057.7615974979,0.10171980618045173,-0.20949938697407916,-0.22432545254766117,31.0,0.21486870222250937,1968606.9494619726,0.11824516782332384,-0.27294692654479774,-0.30894054027480544,96.0,0.38438303850686895,5111299.4290355,0.10942471936115361,-0.2729807853855476,-0.2836731712135631,127.0,0.30453445637204357,2029894.224011798,0.12146715468410041,-0.27294692654479774,-0.30894054027480544,4850470.72809362,0.10661215446878669,-0.2729807853855476,-0.2836731712135631
True,0.95,0.01,0.2,0.04,1642401.804023067,0.10520114588028362,-0.19602868854403122,-0.20951656860531093,25.0,0.22047124137617577,2019929.8206941863,0.12095726229728643,-0.2616268759171919,-0.2800587201238113,80.0,0.38884720612101864,5509053.874848334,0.11345256304081408,-0.25880600829874556,-0.27999925590241737,105.5,0.3123961075698718,1926629.1983764963,0.11597202746949808,-0.2616268759171919,-0.2800587201238113,5204294.360531145,0.11039787445371596,-0.25880600829874556,-0.27999925590241737
True,0.95,0.01,0.2,0.06,1471141.1131354617,0.09317774200009543,-0.2480536557155008,-0.29635604939819515,1.0,0.22268057296508686,1618089.0159802167,0.09781035757831502,-0.27582783460203486,-0.3669618382067691,23.0,0.45269508803449354,3746578.0915233125,0.092626116735542,-0.3199484447556335,-0.36543751063454,25.0,0.3442305967705187,1580384.887900629,0.09536154879478631,-0.28001880441545324,-0.3669618382067691,3567764.569123802,0.09026083027088394,-0.3199484447556335,-0.36543751063454
True,0.95,0.02,0.06,0.03,1344041.525424155,0.08340972874933406,-0.18165288125877538,-0.2351269314774832,31.0,0.20254266455472075,2163983.156101098,0.12824446609280138,-0.31541861835420515,-0.32950455434490333,96.0,0.4115469143236915,4771625.1486929115,0.10573576499368631,-0.3169540827625141,-0.33495860527374083,127.0,0.31090188434866006,1965738.6451043193,0.11809327930112268,-0.31541861835420515,-0.32950455434490333,4233731.350406572,0.09934289880975322,-0.3169540827625141,-0.33495860527374083
True,0.95,0.02,0.06,0.04,1384038.9408572712,0.08657031822875105,-0.1642032003666538,-0.17261390648853533,25.0,0.1977179557198323,2111157.0313265156,0.12562417600761244,-0.3009451554100493,-0.31250494603649953,80.0,0.41467601773425916,4913029.205694679,0.10730183752841915,-0.2940319121274842,-0.3093578670212857,106.0,0.30939855315484543,1878198.245195786,0.11330904568706346,-0.3009451554100493,-0.31250494603649953,4354461.57601166,0.10084297631273653,-0.2940319121274842,-0.3093578670212857
True,0.95,0.02,0.06,0.06,1356807.892049607,0.08442767612329927,-0.16103250254164053,-0.2263460257896815,17.0,0.20334260406419663,2185745.2916417588,0.1293068971953113,-0.29169895998110423,-0.30510217354790886,56.0,0.4080924327602226,4856501.9378092075,0.10668063817064954,-0.29735534629723837,-0.3307987152955038,73.0,0.3092354822799134,1934288.4876247277,0.11639821076779178,-0.29169895998110423,-0.30510217354790886,4350209.386830149,0.10079087179722401,-0.29735534629723837,-0.3307987152955038
True,0.95,0.02,0.08,0.03,1425429.3465618459,0.08975545346076197,-0.16329415702819255,-0.2152118841245257,31.0,0.2049767776401144,2089325.3907142743,0.12452455758055037,-0.3204011243726493,-0.3418939072591572,96.0,0.4163299607082239,4870251.3278479,0.1068328224445576,-0.31567437309208185,-0.34343392923175464,127.5,0.31826212861147907,2036645.5314496076,0.12182653782915431,-0.3204011243726493,-0.3418939072591572,4488973.07458373,0.10246772547129257,-0.31567437309208185,-0.34343392923175464
True,0.95,0.02,0.08,0.04,1470680.401481994,0.09314373073247184,-0.15170560352620377,-0.20001992051906353,25.0,0.2084509008987825,2076845.6894759147,0.12389035396088288,-0.3037698011327459,-0.32138556666172435,80.0,0.4203589115979667,5017708.939690568,0.1084344205203579,-0.3067561078160851,-0.3184589133099477,105.0,0.31999461979692106,1946126.0828437544,0.11703927246130452,-0.3037698011327459,-0.32138556666172435,4647232.0570776705,0.10432033432395771,-0.3067561078160851,-0.3184589133099477
True,0.95,0.02,0.08,0.06,1407540.590530634,0.08838900782943426,-0.1610995513829262,-0.21900957406814917,17.0,0.20919320212810869,2146260.4225569423,0.1273720792216838,-0.2916367511137751,-0.30385053602892603,56.0,0.41288401626468696,4915603.306581769,0.10733032094878192,-0.29582501304506603,-0.3316294993642274,73.0,0.31533163725849367,1974758.2915305845,0.11857504443461753,-0.2916367511137751,-0.30385053602892603,4595307.2169144675,0.1037192231411137,-0.29582501304506603,-0.3316294993642274
True,0.95,0.02,0.1,0.03,1502076.8595007337,0.09543986318591147,-0.1586622114261088,-0.2236908515880711,31.0,0.20822474863450763,2146059.8169721817,0.12736184025819697,-0.3172854989045303,-0.33639982561267084,96.0,0.4133925636963952,5179488.869930815,0.11013444512606374,-0.30963309658489585,-0.3347016768383358,127.0,0.3165498029713289,2055897.6055635652,0.12281984787380906,-0.3172854989045303,-0.33639982561267084,4920372.165907821,0.1073823200027173,-0.30963309658489585,-0.3347016768383358
True,0.95,0.02,0.1,0.04,1533216.7404390904,0.09767488547469438,-0.146050790336628,-0.20982976998037406,25.0,0.21140124565555818,2078161.5800426835,0.12395098208999256,-0.3160413189898294,-0.3233052580351109,80.0,0.4191724966657101,5071274.35743813,0.10900425159784366,-0.3113764254624748,-0.3231016403058118,105.0,0.3210642331414454,2024472.360065013,0.12119410492060345,-0.3160413189898294,-0.3233052580351109,4897818.620610224,0.10713577581533884,-0.3113764254624748,-0.3231016403058118
True,0.95,0.02,0.1,0.06,1471979.3746302808,0.09323955842858711,-0.1642712086312646,-0.2316021905638046,17.0,0.21037295339106998,2130433.905205824,0.1265871255675225,-0.2913104507750338,-0.3041606230718553,56.0,0.41316643191191715,5162506.8942249995,0.10996398951136721,-0.29223964353171517,-0.3325287019644563,73.0,0.31652128570122706,2006792.0181395987,0.12026758884618038,-0.2913104507750338,-0.3041606230718553,4937828.996472871,0.10756757770423775,-0.29223964353171517,-0.3325287019644563
True,0.95,0.02,0.12,0.03,1490041.1361127067,0.09456292771853236,-0.2012743857670244,-0.21044969120731677,31.0,0.22136819864322355,2153742.892772286,0.1277365787436091,-0.2915547221641414,-0.31348203800300956,96.0,0.41586486568083547,5404768.451322997,0.11243028664015053,-0.29035901240201795,-0.3085205289471089,127.0,0.3200015895071604,2092130.6182370302,0.12466598488518488,-0.2915547221641414,-0.31348203800300956,5171913.833384512,0.11006198738526807,-0.29035901240201795,-0.3085205289471089
True,0.95,0.02,0.12,0.04,1555332.365945693,0.09923755580389682,-0.1877715948085486,-0.20107588615113325,25.0,0.2157458446548754,2102781.221970275,0.12520209694165663,-0.2710915535374113,-0.28153979547942987,80.0,0.4070884528230245,5401311.197360316,0.112390811872358,-0.27009654262229416,-0.2805249492555613,105.5,0.3238458945840905,2038927.0565442052,0.12194412972450486,-0.2710915535374113,-0.28153979547942987,5247779.070534235,0.1108410692337467,-0.27009654262229416,-0.2805249492555613
True,0.95,0.02,0.12,0.06,1467289.1161277632,0.09289306090176497,-0.18594857896351924,-0.2335380466140472,17.0,0.2154594056418567,2111661.8476107107,0.12564925365165325,-0.2887692693596006,-0.30483093998625427,56.0,0.4130796436610198,5391417.843063987,0.11228751125643566,-0.2946317710203241,-0.3305313411086941,73.0,0.3204245615336121,1976907.1079262015,0.11868713683776355,-0.2887692693596006,-0.30483093998625427,5339194.97709021,0.1117627466020974,-0.2946317710203241,-0.3305313411086941
True,0.95,0.02,0.14,0.03,1563634.331632874,0.09981840654239515,-0.20588488069475147,-0.21604993489825158,31.0,0.22458850841189404,2129772.170787001,0.12655457977105744,-0.280089658872884,-0.2803609972450398,96.0,0.4112294165916135,5515670.509454774,0.11352965523750458,-0.26303546193307714,-0.28042199290361236,127.0,0.31947850711292775,1986489.4133003117,0.1191951404899847,-0.280089658872884,-0.2803609972450398,5245228.093882581,0.11081965002577332,-0.26303546193307714,-0.28042199290361236
True,0.95,0.02,0.14,0.04,1613113.1197777316,0.10322691551108709,-0.19059253953910538,-0.2008468614885453,25.0,0.23062317816153807,2127959.114693463,0.12645882436819744,-0.2684440618916477,-0.2789948079456655,80.0,0.41075002864897425,5583451.938527321,0.11418948852402,-0.2672013837035986,-0.27897267850052704,106.0,0.3247190391623667,2008750.6774400314,0.12037222307595685,-0.2684440618916477,-0.2789948079456655,5491113.022731157,0.11328907909600638,-0.2672013837035986,-0.27897267850052704
True,0.95,0.02,0.14,0.06,1585236.5978478193,0.10131883359577598,-0.19075308857766843,-0.2371621592484894,17.0,0.2214103910566701,2039380.338540345,0.12195433559804247,-0.29457759533275635,-0.3054374334206388,56.0,0.41303259505090506,5348564.342946619,0.11187063803132924,-0.2982115475114943,-0.34372063833681654,73.0,0.3233112985824562,1942963.5193645435,0.116868034435607,-0.29457759533275635,-0.3054374334206388,5366862.546405429,0.1120547282887433,-0.2982115475114943,-0.34372063833681654
True,0.95,0.02,0.16,0.03,1625426.615904214,0.10406129207785908,-0.20984066858012795,-0.22198725356090945,31.0,0.2324650147144554,2048266.566474725,0.12242709797045803,-0.27642885715604637,-0.3465863574851103,96.0,0.4073451594443778,5135695.019711299,0.1096832350885385,-0.27629692822693114,-0.34662518852828006,127.0,0.3231325326242156,1894742.830003033,0.1142144886216222,-0.27642885715604637,-0.3465863574851103,4915842.590541652,0.10733279831369247,-0.27629692822693114,-0.34662518852828006
True,0.95,0.02,0.16,0.04,1671557.4546665193,0.10713449680204234,-0.1955804037017841,-0.20643432629792285,25.0,0.23364410314291406,2041328.3689958751,0.12206715294488912,-0.2651397322020286,-0.2817978199546408,80.0,0.409218913064312,5630894.731698101,0.11464589573140083,-0.2634409754973413,-0.2804993204615101,105.0,0.32635833212919213,2019396.4306975375,0.12092943670268852,-0.2651397322020286,-0.2817978199546408,5612055.251504205,0.1144604223140736,-0.2634409754973413,-0.2804993204615101
True,0.95,0.02,0.16,0.06,1604575.4912253176,0.10262922650677908,-0.1957396318831977,-0.2394687333206189,17.0,0.226440834498146,2023276.4284146656,0.12113085181220606,-0.2932772998571746,-0.3056612784962438,56.0,0.41109146376304667,5392452.368767057,0.11227025646900657,-0.2978867296868098,-0.34386597464377544,73.0,0.3250161413402113,1914094.5689396407,0.11529517771954811,-0.2932772998571746,-0.3056612784962438,5249290.786464652,0.11086045593720839,-0.2978867296868098,-0.34386597464377544
True,0.95,0.02,0.2,0.03,1661409.6238625026,0.1064653051961082,-0.2163045383720555,-0.2317531435741546,31.0,0.23747699426479513,1984868.3250906102,0.11911201320477549,-0.29437147243793294,-0.327653315328698,96.0,0.4092519653064286,5167182.366335124,0.11001245420568084,-0.2943853809477058,-0.3277265615743147,127.0,0.31696990551315757,1868332.1457725023,0.11276065775661515,-0.29437147243793294,-0.327653315328698,5009138.45526991,0.10834257193263974,-0.2943853809477058,-0.3277265615743147
True,0.95,0.02,0.2,0.04,1692764.8739568624,0.10852219954116737,-0.2014619747998576,-0.21536563691703484,25.0,0.22797739296149333,2057519.4796134937,0.12290016192394049,-0.294642810484866,-0.2947664208728701,80.0,0.4016851204758026,5456560.238130627,0.11293758335119286,-0.2945995072227171,-0.2947954378570696,105.0,0.3210878314692109,1908340.130596492,0.11498107066375451,-0.294642810484866,-0.2947664208728701,5258875.837353971,0.11095893361721976,-0.2945995072227171,-0.2947954378570696
True,0.95,0.02,0.2,0.06,1600869.0827681175,0.10239287498242888,-0.19817711924614412,-0.2237045474566698,17.0,0.22937732040943296,1938781.1554545525,0.11663789918346157,-0.29402611549551033,-0.3064205847711086,56.0,0.4010163621414242,5308649.424790429,0.1114660703987469,-0.2978583829686104,-0.3444827269908435,73.0,0.3197975095242687,1886446.5231232946,0.11377156999083604,-0.29402611549551033,-0.3064205847711086,5227834.030370537,0.11062768245527976,-0.2978583829686104,-0.3444827269908435
True,0.95,0.03,0.06,0.03,1357415.514524623,0.08447562015547261,-0.2116161661163482,-0.22623039734440753,31.0,0.2188398098423165,2160561.0650459724,0.12807631032647127,-0.32455249415285625,-0.3365029655192231,96.0,0.4444745728106991,4846828.2442052085,0.1065711237685264,-0.3256475211379519,-0.33369359637739054,127.0,0.3346106789096206,1967076.7860672972,0.11816506140205052,-0.32455249415285625,-0.3365029655192231,4416000.677795086,0.10159220783350342,-0.3256475211379519,-0.33369359637739054
True,0.95,0.03,0.06,0.04,1447195.290049833,0.09139708843443672,-0.15979823795824621,-0.19735787744881741,25.0,0.21826665510646778,2105891.9674164085,0.1253594774316894,-0.3070675586860904,-0.3228587017917409,80.0,0.44631955301654846,5049338.163830097,0.10877196792213861,-0.30665110484133307,-0.3222824337429084,105.0,0.33489937725915536,1916352.8250422268,0.1154205570405068,-0.3070675586860904,-0.3228587017917409,4569213.836509155,0.10341474869910239,-0.30665110484133307,-0.3222824337429084
True,0.95,0.03,0.06,0.06,1390125.0937737206,0.08704387237256439,-0.1753299959446989,-0.22750119655698103,17.0,0.21386017859686504,2135980.102949064,0.12686276845508604,-0.2994727556887571,-0.31308175348289363,56.0,0.43771899791132496,4905424.789794484,0.1072190059408542,-0.3060565231903893,-0.3413985096413267,73.0,0.3305035758319731,1922845.7269611591,0.11577561051688179,-0.2994727556887571,-0.31308175348289363,4462944.45914961,0.10215682113116076,-0.3060565231903893,-0.3413985096413267
True,0.95,0.03,0.08,0.03,1483454.8017404112,0.09408324277720836,-0.16771018720300174,-0.2192833909135647,31.0,0.218164688053134,2133437.388315878,0.12673171783631454,-0.32387500158232363,-0.3336936729469708,96.0,0.4427703106720442,5070822.144857293,0.10899885714949675,-0.3236631722049367,-0.34050673848577634,127.0,0.3391042174099904,2006895.608571918,0.12027314482526186,-0.32387500158232363,-0.3336936729469708,4780223.066639492,0.10583230725047488,-0.3236631722049367,-0.34050673848577634
True,0.95,0.03,0.08,0.04,1488422.2358256658,0.09444644493593668,-0.18738657283553045,-0.19685349938093946,25.0,0.22743531360180866,2088581.63414643,0.12448122497060443,-0.3162854846911379,-0.3199996047654711,79.5,0.444118007170069,5058995.706283884,0.10887441012289789,-0.3162610931897465,-0.3205141894236509,105.0,0.33985001198255643,1982581.9128413377,0.11899037849928462,-0.3162854846911379,-0.3199996047654711,4779301.649224009,0.10582138505547078,-0.3162610931897465,-0.3205141894236509
True,0.95,0.03,0.08,0.06,1461915.1204890604,0.09249473422671162,-0.16964345237883638,-0.22928404842406425,17.0,0.21962275136825168,2158873.803303573,0.12799006205364272,-0.29852395013570066,-0.3126776031350885,56.0,0.43850223801924504,5246968.145338429,0.11083642402451654,-0.3041446975637748,-0.34054927431380405,73.0,0.33357495815843574,1992133.1896417164,0.11949626590409357,-0.29852395013570066,-0.3126776031350885,4936132.100095844,0.1075513490905059,-0.3041446975637748,-0.34054927431380405
True,0.95,0.03,0.1,0.03,1507757.536931566,0.09585066379633367,-0.204535182853265,-0.21204267310121264,31.0,0.2342112556206971,2110560.5765594905,0.12559475090963956,-0.3228595727422255,-0.3251903658977766,96.0,0.4403755468950118,5469395.472793423,0.11307350474186106,-0.3059678152165712,-0.32446803725236334,127.0,0.34113625487754873,1992953.5134240561,0.11953883206219285,-0.3228595727422255,-0.3251903658977766,5140605.480986966,0.10973531135046144,-0.3059678152165712,-0.32446803725236334
True,0.95,0.03,0.1,0.04,1544065.1476652946,0.09844396073602313,-0.1878814086017146,-0.19957454723013446,25.0,0.23244450925115095,2096813.4367940724,0.12490308449926424,-0.3178944863817887,-0.32479905820953875,80.0,0.4451489783510225,5395203.511189141,0.11233860076488766,-0.31725226012486124,-0.32513231403253545,105.0,0.34387819052297,1995965.662836912,0.11969945742898436,-0.3178944863817887,-0.32479905820953875,5201213.429517493,0.11036596080330685,-0.31725226012486124,-0.32513231403253545
True,0.95,0.03,0.1,0.06,1512824.9535658718,0.09621590641768929,-0.18892829880092854,-0.23335441981793642,17.0,0.22526005688772474,2116192.6574557954,0.12587493380511794,-0.3005338912108843,-0.31518260232669715,56.0,0.43882813306169827,5338693.027307186,0.11177048231507558,-0.30791937850411066,-0.348204261539049,73.0,0.3394383102470362,1943652.7980735227,0.1169033111089367,-0.3005338912108843,-0.31518260232669715,5145741.393367367,0.10978899595922842,-0.30791937850411066,-0.348204261539049
True,0.95,0.03,0.12,0.03,1567398.1739269611,0.10008141982909591,-0.20812888705656396,-0.21678326136819515,31.0,0.23794529014434557,2183213.0415761536,0.12918082876546433,-0.2877460439725856,-0.2882021061088149,96.5,0.43609158110090923,5698643.891020503,0.1152915226987723,-0.27309488129589676,-0.2882004631330789,127.0,0.339310586185718,1998787.3281388127,0.11984798227405824,-0.2877460439725856,-0.2882021061088149,5298071.908056041,0.11135931447701675,-0.27309488129589676,-0.2882004631330789
True,0.95,0.03,0.12,0.04,1611450.5159301157,0.103114541892951,-0.19258505377732177,-0.20293885361278094,25.0,0.23906377220138933,2168770.6848396333,0.12847851745118255,-0.27692759311790577,-0.28792346797956175,79.5,0.42978506794931026,5728333.008297836,0.11557344389329882,-0.2778230345706858,-0.28583900145741165,105.0,0.34072816854520294,1979856.8058531173,0.11884403906919172,-0.27692759311790577,-0.28792346797956175,5399390.069333898,0.1123804691183169,-0.2778230345706858,-0.28583900145741165
True,0.95,0.03,0.12,0.06,1584238.5909425407,0.10125000850627808,-0.19208974572464638,-0.22394441559332862,17.0,0.23123093380168303,2088466.1931831744,0.12448067424659592,-0.3008194397271342,-0.3132836066406354,56.0,0.4389397008395831,5488370.827489106,0.11326222474309233,-0.3053725617605353,-0.3490926745947952,73.0,0.341964129994883,1934171.8311021947,0.11639216848739642,-0.3008194397271342,-0.3132836066406354,5353097.992424728,0.11190384499459582,-0.3053725617605353,-0.3490926745947952
True,0.95,0.03,0.14,0.03,1617241.8989064274,0.10350782408285353,-0.2103745591723078,-0.2210374443842123,31.0,0.24038269301197326,2114417.601783383,0.12578350555451734,-0.28489172595968,-0.3473623048671645,96.0,0.4345427515977637,5352335.6740758605,0.11190832378200166,-0.29109222718032074,-0.34742978831888316,127.0,0.3413107390066127,1893182.345829916,0.11414359811240837,-0.28489172595968,-0.3473623048671645,5000771.331841862,0.10825197079393512,-0.29109222718032074,-0.34742978831888316
True,0.95,0.03,0.14,0.04,1659156.745652963,0.10631621968527805,-0.19627491675059194,-0.20554601028630298,25.0,0.23849465418730076,2140267.7801121236,0.12707529608741142,-0.27598289788274133,-0.288422482428328,80.0,0.4259461784161095,5904938.851756947,0.11721565871021944,-0.27662111059331923,-0.28636485818428625,105.5,0.3382504188700181,1948572.684786339,0.11715575355918562,-0.27598289788274133,-0.288422482428328,5290614.822577045,0.11128356735807998,-0.27662111059331923,-0.28636485818428625
True,0.95,0.03,0.14,0.06,1623379.976494613,0.10392299629188817,-0.19707093023655653,-0.22856246118520213,17.0,0.23733011289700334,2085640.067157154,0.12433786870036212,-0.2994179045878695,-0.31358571178365025,56.0,0.43699819976524656,5643461.46618848,0.1147634939591432,-0.3032413284759938,-0.348120372738062,73.0,0.34122313014282135,1907139.0375697329,0.11491400026420229,-0.2994179045878695,-0.31358571178365025,5411320.600587621,0.11249704498953383,-0.3032413284759938,-0.348120372738062
True,0.95,0.03,0.16,0.03,1608395.4459107278,0.10290617047933204,-0.21360063029077125,-0.2257681080559843,31.0,0.23219941243947792,2058197.9580220277,0.12293465696633465,-0.2955268223239857,-0.3294276438018193,96.0,0.44394786618495896,5476684.354015312,0.11314698602923756,-0.2992206436034862,-0.34279692632881736,127.0,0.34080430880832024,1923137.7842446293,0.1157914579644469,-0.2955268223239857,-0.3294276438018193,5013367.815256696,0.1083875305358919,-0.2992206436034862,-0.34279692632881736
True,0.95,0.03,0.16,0.04,1622029.0922655426,0.10383194197737189,-0.17509187112718427,-0.20301039150570663,25.0,0.23625844936218193,2104202.6672125254,0.1252753647227538,-0.3015847619610236,-0.301980966573021,80.0,0.4318122866788908,5356770.40943831,0.111950320773891,-0.30150883890608327,-0.30201953827142436,105.0,0.33726996520339037,1890776.461238192,0.11401176693158821,-0.3015847619610236,-0.301980966573021,5044360.052477839,0.1087184111513484,-0.30150883890608327,-0.30201953827142436
True,0.95,0.03,0.16,0.06,1585299.574247798,0.10132156965638262,-0.19990776432636626,-0.22951759271402886,17.0,0.23569014385590836,2111967.1548942467,0.12566289637542583,-0.30028690047536233,-0.3117251522137336,56.0,0.4330516835303626,5656615.394949341,0.11489100619265058,-0.30370638143221407,-0.3486097586261399,73.0,0.341109472352329,1928361.4988315655,0.11607458711970386,-0.30028690047536233,-0.3117251522137336,5223361.120844964,0.11059340994375433,-0.30370638143221407,-0.3486097586261399
True,0.95,0.03,0.2,0.03,1573561.9696533782,0.10051066798204811,-0.1851425274993298,-0.1856935970863275,31.0,0.2316655316272515,2029766.5436273143,0.12146937913117661,-0.30161665324612347,-0.3350826086756522,95.5,0.4358989829250254,5243583.818112694,0.11080265551000457,-0.3016427937707498,-0.33517987770770624,126.0,0.3323628828995725,1931528.4858257421,0.11624839832193612,-0.30161665324612347,-0.3350826086756522,4985853.682810087,0.10808949703765602,-0.3016427937707498,-0.33517987770770624
True,0.95,0.03,0.2,0.04,1623288.6453205217,0.10391705010782826,-0.17207059719738865,-0.18313550755643576,25.0,0.23629640626294884,2029969.6752095306,0.12147985267835826,-0.30189754196276797,-0.30203446725121197,80.0,0.436540673238637,5436751.64402708,0.11275240120306418,-0.30194846949051724,-0.3022338914160176,105.0,0.3354530225614038,1955512.0860315734,0.11754487981506712,-0.30189754196276797,-0.30203446725121197,5056791.320614416,0.10885136131546835,-0.30194846949051724,-0.3022338914160176
True,0.95,0.03,0.2,0.06,1551321.0322907008,0.09895555726883931,-0.1738767975134174,-0.2196245599520858,17.0,0.23574077274986138,2041232.5700093103,0.12203694012136246,-0.3023546758511091,-0.32091708467362384,56.0,0.43253580160121285,5274682.796245708,0.11111394504982941,-0.3091230574906596,-0.34809115209464264,72.0,0.3376335867384474,1872860.2320468482,0.11301455711012132,-0.3023546758511091,-0.32091708467362384,4843318.908621542,0.10653544426208594,-0.3091230574906596,-0.34809115209464264
True,0.95,0.04,0.06,0.03,1420918.0193080246,0.08941236669006103,-0.20852531079431452,-0.22225490423674332,31.0,0.2365601090769077,2174383.5429526563,0.12875346077525385,-0.33305187284072413,-0.34294346798076414,96.0,0.4698715890866436,5096560.551908559,0.10927202454884988,-0.3178097403134461,-0.3427650330413408,127.0,0.35806349806863413,1976418.8868751703,0.11866343451115613,-0.33305187284072413,-0.34294346798076414,4661588.767039946,0.10448602055023137,-0.3178097403134461,-0.3427650330413408
True,0.95,0.04,0.06,0.04,1477600.6088792237,0.09365355842794865,-0.18583083334252737,-0.19472376626493976,25.0,0.23304142599302963,2088723.0919282876,0.12449405721240137,-0.31569153990496507,-0.3225628935428136,79.5,0.47248146272520053,5015837.385278612,0.10841434171424114,-0.31501932785252673,-0.3262920091453141,105.0,0.3581213890108656,1901918.832679873,0.11462414077428551,-0.31569153990496507,-0.3225628935428136,4658959.187001349,0.1044556378692656,-0.31501932785252673,-0.3262920091453141
True,0.95,0.04,0.06,0.06,1461121.1014627179,0.0924358362187161,-0.1850023392202087,-0.22238158023819668,17.0,0.23325377613486803,2110458.38597105,0.1255877204484751,-0.3086064602027397,-0.3212555684662387,56.0,0.4642471588854634,5149569.757240342,0.10982903863037774,-0.3129989994333707,-0.3501892304071175,73.0,0.3542273694210315,1907814.2711474514,0.11495220207331647,-0.3086064602027397,-0.3212555684662387,4651135.037471744,0.10436582823112017,-0.3129989994333707,-0.3501892304071175
True,0.95,0.04,0.08,0.03,1497666.894369851,0.09511994374269095,-0.20426450025912107,-0.21037731234109244,31.0,0.239399450819053,2131442.7134866733,0.12663697718039924,-0.31570042765627715,-0.32382449509791605,96.0,0.464786188041314,5454431.641292511,0.1129261614852397,-0.3066591046212542,-0.3172294521301517,127.0,0.35338190111969225,1941045.0343137966,0.11676468877338009,-0.31570042765627715,-0.32382449509791605,4922201.10062322,0.10740134489468667,-0.3066591046212542,-0.3172294521301517
True,0.95,0.04,0.08,0.04,1534288.5186992385,0.09775112065141434,-0.18867043426086916,-0.19790593456228248,25.0,0.24179184843287155,2128734.0637555234,0.12650175356891413,-0.31778507106701204,-0.32221966254529816,80.0,0.46724870308467686,5386091.2388997,0.11224752897980939,-0.3179969727866101,-0.32234217197655635,105.0,0.35970769664564206,1948711.0987865187,0.11717561160247636,-0.31778507106701204,-0.32221966254529816,5047549.491938248,0.10875299982017494,-0.3179969727866101,-0.32234217197655635
True,0.95,0.04,0.08,0.06,1513011.0875187907,0.09622934181510856,-0.18739125648520438,-0.22246324108014232,17.0,0.2352148797502765,2100115.4651119146,0.1250688832928193,-0.3088361012927543,-0.32120577466743133,56.0,0.46841101027520204,5237313.864839563,0.11073835312415481,-0.3138792061216998,-0.3503874843374604,73.0,0.3582716253680882,1883242.4281719436,0.11359337066820119,-0.3088361012927543,-0.32120577466743133,4830442.762418447,0.10639223560868294,-0.3138792061216998,-0.3503874843374604
True,0.95,0.04,0.1,0.03,1562477.0121138082,0.09973812479502275,-0.20818653400268472,-0.21558674352766738,31.0,0.24340557357370501,2155540.8698035423,0.12782973379911589,-0.2985742432272613,-0.3246065611259287,96.0,0.4591588862789663,5529431.371497379,0.11366452207155431,-0.30082234362956084,-0.32479227018456264,127.0,0.3546201014174477,1960551.2657343596,0.11781542334078365,-0.2985742432272613,-0.3246065611259287,5037702.59041493,0.10864807093726225,-0.30082234362956084,-0.32479227018456264
True,0.95,0.04,0.1,0.04,1586273.9854128202,0.10139059488268298,-0.18207717004349605,-0.1938008650812268,25.0,0.24709425908469057,2120866.0160192903,0.1261097487801066,-0.31269549667558527,-0.31497220614839627,80.0,0.47017077328052714,5600777.424685357,0.11435668776631847,-0.31052005737579275,-0.3150205992281207,105.0,0.36332438798793476,1949117.3958396907,0.11720077103741622,-0.31269549667558527,-0.31497220614839627,5161459.883308226,0.10995290008209113,-0.31052005737579275,-0.3150205992281207
True,0.95,0.04,0.1,0.06,1557081.9508004764,0.0993430633023481,-0.19239990014238373,-0.22379402059819942,17.0,0.24169013129229122,2130143.0183937196,0.12657291872518173,-0.3069751892448633,-0.32087210608799027,56.0,0.45676012522126946,5603127.260353904,0.11437900350503338,-0.31191161850461185,-0.349637469735224,73.0,0.353656940547155,1883501.6631559301,0.11360743029338483,-0.3069751892448633,-0.32087210608799027,5133708.404338798,0.10965496260173024,-0.31191161850461185,-0.349637469735224
True,0.95,0.04,0.12,0.03,1613163.669087761,0.10323116707842406,-0.19308602910404993,-0.19450878471543143,31.0,0.24870306745082343,2145308.0154296225,0.12732474027448548,-0.2838670292159872,-0.33768526601469434,96.0,0.46114923880883896,5621313.650124622,0.11455393808586223,-0.2944927017084691,-0.33779330333924884,127.0,0.3558903658210486,1865652.8882409069,0.11261091036489168,-0.2838670292159872,-0.33768526601469434,5040219.400234548,0.1086714185543789,-0.2944927017084691,-0.33779330333924884
True,0.95,0.04,0.12,0.04,1649359.7435608013,0.1056655958843632,-0.18304587828947327,-0.19559202402726406,25.0,0.2513290653222473,2166521.9680485926,0.12836826528569112,-0.3036237362787666,-0.3046547438315955,80.0,0.4611870104342633,5841748.977703074,0.1166345935825277,-0.3044300800834967,-0.3048634367379583,105.0,0.3596218487969797,1965341.5852457033,0.11807074843062937,-0.3036237362787666,-0.3046547438315955,5263957.4493180085,0.11100858832693572,-0.3044300800834967,-0.3048634367379583
True,0.95,0.04,0.12,0.06,1580654.6544122016,0.10100094226359313,-0.17579083963279024,-0.2228490276797025,17.0,0.24829777734346542,2100034.8678764473,0.12506393021766637,-0.3073206351952601,-0.3195085012088102,56.0,0.4585624656723967,5761922.795085981,0.11588990797212684,-0.3114433200768468,-0.3499984827437166,73.0,0.3554400862871744,1891325.9082992957,0.1140286093558095,-0.3073206351952601,-0.3195085012088102,5257218.005087545,0.11094022228352651,-0.3114433200768468,-0.3499984827437166
True,0.95,0.04,0.14,0.03,1612416.1394843925,0.10318037199681596,-0.1944737623837341,-0.19476757905218486,31.0,0.25189377074992536,2073078.6024465875,0.12369799824353933,-0.3324683631313018,-0.33876910099070534,96.0,0.464419109681933,5303485.662444753,0.1114145014249075,-0.33238272464854773,-0.3386871084595868,127.0,0.35984782433581064,1906559.813729942,0.11488321287138492,-0.3324683631313018,-0.33876910099070534,4854236.506887965,0.106654123057907,-0.33238272464854773,-0.3386871084595868
True,0.95,0.04,0.14,0.04,1650262.7974529022,0.10572571707969969,-0.19447466188989826,-0.19603412850940063,25.0,0.2542524498219676,2145382.2657024153,0.12732826325949842,-0.30573614760307355,-0.3070091038241618,80.0,0.46160263712727834,5677655.934048185,0.11509348196034441,-0.3062571398638799,-0.3069318965173978,105.0,0.35840302001769675,1941669.0617792793,0.1167984751211747,-0.30573614760307355,-0.3070091038241618,5140424.756374244,0.10973329757092476,-0.3062571398638799,-0.3069318965173978
True,0.95,0.04,0.14,0.06,1563098.5558483214,0.09978156461511556,-0.19447493652603165,-0.22242672855154602,17.0,0.24841930096837841,2050350.7345285057,0.12253453867891595,-0.30869832716198015,-0.31971204599551795,56.0,0.4658489795490096,5485930.990583092,0.1132345539871551,-0.3121576983826572,-0.350363919018942,73.0,0.3594000764800077,1931543.0360141315,0.11624909591467769,-0.30869832716198015,-0.31971204599551795,5105582.525810205,0.1093604425986553,-0.3121576983826572,-0.350363919018942
True,0.95,0.04,0.16,0.03,1537847.2147762757,0.09800377174521357,-0.19334597220648625,-0.19458581590450297,31.0,0.238446123275233,2092105.751441631,0.12466523781326377,-0.32060993971199203,-0.3338386725725201,96.0,0.45232245935529436,5126174.283128375,0.10958329825529345,-0.3220884932338429,-0.3439651950863745,127.0,0.3487712509778318,1905194.1572221215,0.114808092640179,-0.32060993971199203,-0.3338386725725201,4686680.086459021,0.10477316131534853,-0.3220884932338429,-0.3439651950863745
True,0.95,0.04,0.16,0.04,1577485.9088416542,0.10078294812441146,-0.17840079569350287,-0.1866000053659339,25.0,0.24123781983387552,2155652.026480714,0.12783312454130424,-0.3056132944697876,-0.30653262057532327,80.0,0.463818703514977,5589407.29321214,0.11424706485498481,-0.30608854415326264,-0.3068857472509397,105.0,0.3546910324135939,1911789.5149492512,0.1151568363764961,-0.3056132944697876,-0.30653262057532327,5013323.356896579,0.10838671119662002,-0.30608854415326264,-0.3068857472509397
True,0.95,0.04,0.16,0.06,1580264.011197407,0.10097476692528962,-0.17602719167957054,-0.2229760829670278,17.0,0.24795101783123308,2060132.77248831,0.12303657783718291,-0.30896399848602807,-0.3207632838581249,56.0,0.45746181819772586,5396091.142193928,0.11233031361945556,-0.3121009991496514,-0.3501422988130304,73.0,0.3562763744817749,1870016.135406649,0.11285526251108235,-0.30896399848602807,-0.3207632838581249,4941395.622417955,0.10760853897464284,-0.3121009991496514,-0.3501422988130304
True,0.95,0.04,0.2,0.03,1537730.871955508,0.09799552214663365,-0.19346591700964327,-0.19431198876231934,31.0,0.2360473257616824,2139333.7239901046,0.12702207383587139,-0.28420001530830924,-0.3291031634660821,96.0,0.4417683096880477,5227047.154305023,0.11062521287338356,-0.2844655855527372,-0.32853431847005377,127.0,0.3431298357133281,1866124.3271301729,0.11261393957782473,-0.28420001530830924,-0.3291031634660821,4510223.310080804,0.10271413424466336,-0.2844655855527372,-0.32853431847005377
True,0.95,0.04,0.2,0.04,1573623.3803538573,0.10051493383608268,-0.17863946109825396,-0.18731749678020346,25.0,0.23972121194052964,2148701.834007172,0.12749017373427252,-0.3063676153442109,-0.3075992156104373,80.0,0.4596518769137584,5260290.033753384,0.11097368932604534,-0.3069881294837053,-0.3074342158869613,105.0,0.3525150646549441,1860134.7879272334,0.11224017096178374,-0.3063676153442109,-0.3075992156104373,4665194.9151378255,0.1045266118992344,-0.3069881294837053,-0.3074342158869613
True,0.95,0.04,0.2,0.06,1560647.985023174,0.09961017900100144,-0.17823577546076658,-0.22294325990708502,17.0,0.237600226497252,2071457.843829452,0.12361634418596212,-0.30879054577852544,-0.31945519782335013,56.0,0.44911009552953784,5141851.508609943,0.10974685266213768,-0.3122290235785374,-0.3504894056389584,72.5,0.3482489488768796,1836228.0989447439,0.11094466056066477,-0.30879054577852544,-0.31945519782335013,4528820.613003394,0.10293755870527532,-0.3122290235785374,-0.3504894056389584
True,1.0,0.01,0.06,0.03,1307003.3959639748,0.08040660334613026,-0.19641981182158513,-0.21421043088494712,31.0,0.1931338404584573,2186371.077431348,0.12933729653716097,-0.327924493946878,-0.3354565057370353,100.0,0.3971118237869382,4694835.769503554,0.10486618239952872,-0.32801994118136374,-0.3354737427743162,130.0,0.2995298082727431,1912403.4450576715,0.11520423452786066,-0.327924493946878,-0.3354565057370353,4151526.0867780596,0.0982993008832107,-0.32801994118136374,-0.3354737427743162
True,1.0,0.01,0.06,0.04,1338563.7342352197,0.08297038524843148,-0.1684928661478844,-0.17999298257514312,26.0,0.19282308386497213,2159666.742590373,0.12803201688247245,-0.3137129430196517,-0.3224388308516374,84.0,0.3971705591224014,4837443.508504212,0.10647028736926867,-0.31347342614899215,-0.3220510852327372,110.0,0.2958032963071323,1865402.3893901897,0.11259670204715222,-0.3137129430196517,-0.3224388308516374,4197314.896725203,0.09888323860915049,-0.31347342614899215,-0.3220510852327372
True,1.0,0.01,0.06,0.06,1258017.1329273488,0.07631470608441215,-0.21683835363453174,-0.21686257380959087,0.0,0.20558818015581232,2033448.9945182097,0.1216592625814229,-0.32252414842268845,-0.34937786792862924,37.0,0.42959479356323127,4402523.005386464,0.10142899905940994,-0.32380495903660933,-0.3381541661369179,38.0,0.32328706573330535,1793649.9100652249,0.10849870154228791,-0.32252414842268845,-0.34937786792862924,3830915.7834826326,0.0940287014433906,-0.32380495903660933,-0.3381541661369179
True,1.0,0.01,0.08,0.03,1371948.2077827249,0.08562368558252687,-0.19333049536092628,-0.21086699047690188,31.0,0.200905760275268,2200386.750619223,0.13001441968014704,-0.3115006556069851,-0.34923607827681874,100.0,0.4080921742768277,4969178.892102974,0.10791227161222905,-0.316788385862056,-0.3396786697156093,131.0,0.30822831093750613,2055335.7372561009,0.12279094198545648,-0.3115006556069851,-0.34923607827681874,4548043.154372748,0.10316657859211642,-0.316788385862056,-0.3396786697156093
True,1.0,0.01,0.08,0.04,1446905.9890025784,0.0913754576047211,-0.16724943792466757,-0.1750185542020182,26.0,0.19903147204442329,2122765.5121472897,0.1262053706449351,-0.32121833405985434,-0.33630987944446183,84.0,0.4048059721642702,5089736.16684569,0.10920038001372445,-0.315520022043795,-0.32898408639688315,110.0,0.3043053402203863,1917409.4644449828,0.1154783114475435,-0.32121833405985434,-0.33630987944446183,4591504.805436539,0.10367520731688495,-0.315520022043795,-0.32898408639688315
True,1.0,0.01,0.08,0.06,1253988.0072444272,0.07597182504014766,-0.2109416696450524,-0.2581181453446549,3.0,0.223204608603493,1838875.980079751,0.11109904446901364,-0.3430347886751414,-0.3566172836224709,22.0,0.4456864733131648,3537356.3546026163,0.08980864100165675,-0.3430307713648508,-0.3515987111925637,24.5,0.34469864015789775,1762305.3713689651,0.1066625439545057,-0.3430347886751414,-0.3566172836224709,3436886.1255606078,0.08828785484885515,-0.3430307713648508,-0.3515987111925637
True,1.0,0.01,0.1,0.03,1433716.2145898347,0.09038284250331918,-0.18322616584895074,-0.2521728811522339,31.0,0.20545302769224938,2253795.211448619,0.13256695677228192,-0.31521530373466494,-0.3309856744154002,100.0,0.40982114323085045,5277974.341378323,0.1111544368568339,-0.30233578661462424,-0.33352181125889946,131.0,0.3097624085541898,2114507.2065276643,0.12579253625629383,-0.31521530373466494,-0.3309856744154002,4944698.267133246,0.10764624491729413,-0.30233578661462424,-0.33352181125889946
True,1.0,0.01,0.1,0.04,1522219.7313811919,0.09689032310042434,-0.15310157509889455,-0.15896809727224015,26.0,0.2059443212372712,2233396.4383595884,0.13160020822670937,-0.3099237235675363,-0.3293982588000038,84.0,0.4097758637333245,5435736.7969705295,0.11274233032296166,-0.30376668987286637,-0.3279892788655814,110.0,0.3098436175875385,2116204.3136759507,0.12587745637959724,-0.3099237235675363,-0.3293982588000038,5078296.288771965,0.10907946628272114,-0.30376668987286637,-0.3279892788655814
True,1.0,0.01,0.1,0.06,1303705.8952337257,0.0801346114938919,-0.1998328339538213,-0.28327389910540707,1.0,0.22359770396395331,1913387.5692591004,0.11525414911819731,-0.3185905436084258,-0.34296248996522805,23.5,0.4456487613757417,3998847.317110502,0.09630629664584855,-0.32281016968997506,-0.344563667475934,27.5,0.3346701561529234,1904330.8734363667,0.11474466430709584,-0.3185905436084258,-0.34296248996522805,4071498.6841991246,0.09726257633372104,-0.32281016968997506,-0.344563667475934
True,1.0,0.01,0.12,0.03,1431804.6242354554,0.09023862876521238,-0.22072049296845742,-0.24990862579329742,31.0,0.20777068135324128,2197812.144731698,0.1298916220239983,-0.31750717475882106,-0.34210936176037493,100.0,0.40647536892033637,4805004.904354211,0.10610951384357126,-0.3089697472614883,-0.3503366623377799,130.0,0.31867639092992694,2145485.9437330095,0.12733355071745267,-0.31750717475882106,-0.34210936176037493,4779583.49793139,0.10582511795711447,-0.3089697472614883,-0.3503366623377799
True,1.0,0.01,0.12,0.04,1577501.1682473621,0.10078392216754606,-0.14418771562695953,-0.21232996004215152,26.0,0.20673063050952656,2109394.9758840124,0.12553269979960646,-0.31184829484189214,-0.33027002070901157,83.0,0.41010307749851727,5366339.813307412,0.11204940480503522,-0.3107639571671053,-0.33291808410453994,110.0,0.31566329638409446,2142489.301993625,0.12718275073078367,-0.31184829484189214,-0.33027002070901157,5251301.16449089,0.11088183405127183,-0.3107639571671053,-0.33291808410453994
True,1.0,0.01,0.12,0.06,1396427.2567591667,0.08752443995241521,-0.22367102667206784,-0.30907207516187246,1.5,0.22447587449829093,1863469.8621659928,0.11248836253167727,-0.3246816854785594,-0.33851643360491246,33.0,0.4391568608881893,4267823.978466044,0.09977048673742295,-0.3246169459940809,-0.3610007342154374,36.0,0.3374915850559774,1904875.5176594679,0.11478731190738178,-0.3246816854785594,-0.33851643360491246,4187896.429970717,0.09876239401035991,-0.3246169459940809,-0.3610007342154374
True,1.0,0.01,0.14,0.03,1587931.0356054092,0.10150474359692885,-0.15934640865714522,-0.23525695504786653,31.0,0.20447969140025118,2133170.219251163,0.12671526474581185,-0.3086110040713507,-0.33590776883013207,100.0,0.4096241431923716,5534421.836097572,0.1137126322267572,-0.2901552189480509,-0.3177621068749743,130.0,0.3154126396988923,2139430.4984254725,0.12703409169343227,-0.3086110040713507,-0.33590776883013207,5464440.1957430765,0.11302643713430116,-0.2901552189480509,-0.3177621068749743
True,1.0,0.01,0.14,0.04,1654578.5172962293,0.10601236009887904,-0.15934640865714522,-0.22188822823432125,26.0,0.2113119221229476,2141987.320891888,0.12715714382002008,-0.30624890287624323,-0.3187110009733043,83.5,0.4029535099959526,5692613.091770047,0.11523539629974078,-0.2995784084428004,-0.3180520396260192,110.0,0.3126805921514322,2095078.978761807,0.12481297143982328,-0.30624890287624323,-0.3187110009733043,5867596.151752631,0.11686982869451457,-0.2995784084428004,-0.3180520396260192
True,1.0,0.01,0.14,0.06,1485184.6617266187,0.094209506858566,-0.24750540692515488,-0.30312730272199545,2.0,0.23095090013506417,1825689.8273839243,0.11034476164374962,-0.31441298089615527,-0.3185643768640756,22.0,0.45838526740977054,4348066.716226569,0.10076466407634621,-0.31343097687441673,-0.3219917815495921,36.0,0.3420213420449076,1787270.0700585924,0.10812613457230924,-0.31441298089615527,-0.3185643768640756,4292040.937116618,0.10007130417974641,-0.31343097687441673,-0.3219917815495921
True,1.0,0.01,0.16,0.03,1663184.8558382923,0.1065826581622743,-0.18037416184112925,-0.24431689494488124,31.0,0.21133158726938983,2030906.5886640889,0.12148071869330634,-0.2594711877792178,-0.2747256830554094,99.0,0.40836293342993074,5372026.633089448,0.11208917145729391,-0.2594161240381566,-0.25948977380597005,130.0,0.3154137737895982,2042076.1852248749,0.12209873165602758,-0.2594711877792178,-0.27768359400128656,5357088.3909869045,0.11195641131991407,-0.2594161240381566,-0.25948977380597005
True,1.0,0.01,0.16,0.04,1737547.6254771808,0.11140118144463707,-0.18037416538313478,-0.2283921517541812,26.0,0.2145108126023717,2174616.6221018564,0.12876017086458658,-0.3081942781837931,-0.3083622800952755,83.0,0.4017893681036363,5867222.631985315,0.11686388672071657,-0.2916733140628042,-0.3084374873451311,109.0,0.3189513864658339,2100001.293812461,0.12506382105714586,-0.3081942781837931,-0.3083622800952755,5817627.049193487,0.11640252795949757,-0.2916733140628042,-0.3084374873451311
True,1.0,0.01,0.16,0.06,1470830.8648928362,0.09315483936906876,-0.24480304993868623,-0.288228694878091,3.5,0.22356211392637515,1727932.6637203977,0.10461386924827065,-0.29188489751847935,-0.2994900221325988,25.0,0.4448080651658595,4229764.9980185395,0.09929248073387686,-0.29252854483706847,-0.2980512709052623,38.5,0.34254839480673177,1706499.4155351173,0.10331752167845898,-0.2927312130391381,-0.3007121724448903,4169205.6114342394,0.09852535829889597,-0.29252854483706847,-0.2980512709052623
True,1.0,0.01,0.2,0.03,1571026.4192564497,0.10033353273650436,-0.21006906254439928,-0.22557180704839527,31.0,0.22305475596537863,2067243.2374617779,0.12340088345800104,-0.2732324594394781,-0.3090991950577499,99.0,0.3987000244543759,5116547.333380975,0.10948290924556625,-0.27300190179325595,-0.2809549126949594,130.0,0.3148761825093025,2081107.353803631,0.12410676325726633,-0.2732324594394781,-0.3090991950577499,5134550.300122216,0.10967161931209723,-0.27300190179325595,-0.2809549126949594
True,1.0,0.01,0.2,0.04,1644222.6210896545,0.10531904461463593,-0.19892662729155008,-0.20984317729024454,26.0,0.2266162575809606,2046416.19038015,0.12233162505257034,-0.25501546201869046,-0.2699297801765118,82.5,0.39687118470744065,5634559.343007103,0.11468162344660315,-0.2552018497270811,-0.2699154210587386,108.5,0.3128117677075688,2157007.8009431404,0.12790180375435733,-0.25501546201869046,-0.2701379981708577,5648421.381855082,0.11479860941924425,-0.25520184972708115,-0.2733699429700722
True,1.0,0.01,0.2,0.06,1483113.1699394833,0.09405794214816421,-0.25107314348464177,-0.28801379459370774,3.0,0.22915208122791586,1634700.4136799397,0.09885172117270302,-0.2790563879891448,-0.3789998740295056,34.0,0.4599735239767514,3840481.6524925325,0.09416022396486212,-0.327123504841232,-0.3799462524654587,38.5,0.3513322587497161,1644843.5249207127,0.09945044645089529,-0.2881187103299298,-0.3789998740295056,3796974.519523411,0.09355396403397753,-0.327123504841232,-0.3799462524654587
True,1.0,0.02,0.06,0.03,1343339.228852174,0.0833530821734344,-0.1980804339691235,-0.23641170726942612,31.0,0.21186512053852907,2251123.280475106,0.13244173774076684,-0.34219066497047085,-0.35033844903744127,100.0,0.4313203647803742,4975216.774022628,0.10797756477252973,-0.333921101016126,-0.34348268510680485,130.0,0.3263560238577147,2017398.5856333736,0.12082484356732748,-0.34219066497047085,-0.35033844903744127,4428616.119783796,0.10174452747660401,-0.333921101016126,-0.34348268510680485
True,1.0,0.02,0.06,0.04,1418508.3824056096,0.08922870475917599,-0.170475604565545,-0.1821369214100734,26.0,0.20732744399153272,2232089.075951785,0.13153691195673134,-0.32110441692172054,-0.33288921241427577,84.0,0.4308583751841174,5198900.8839159375,0.1103420453680779,-0.31787188307775743,-0.33111033956645936,110.0,0.3214649052607045,1952674.6859414997,0.11739218489437497,-0.32110441692172054,-0.33288921241427577,4581134.413298478,0.103554274527065,-0.31787188307775743,-0.33111033956645936
True,1.0,0.02,0.06,0.06,1385361.2007213226,0.08667283896464062,-0.172095940795841,-0.2280526677650465,18.0,0.21202657151533985,2250202.4908666867,0.13239819972553224,-0.30993516530283066,-0.3227596661277053,59.0,0.4221589643365671,5238331.849725576,0.11074881749231569,-0.301027087539033,-0.3232384010221894,78.0,0.3217452176059229,1997012.3976480467,0.11975475301310812,-0.30993516530283066,-0.3227596661277053,4611051.157410542,0.1039024019687399,-0.301027087539033,-0.3232384010221894
True,1.0,0.02,0.08,0.03,1422561.001454405,0.08953712546940562,-0.18109348338605125,-0.2323138735950106,31.0,0.21359728395463703,2248458.5445264396,0.13231552731616658,-0.3227290741449603,-0.35157409922089367,100.0,0.4313158589442053,5286466.560148992,0.11124126595296724,-0.31896604761723985,-0.3487992200680339,130.0,0.3308623339254333,2127549.0233927313,0.12644372880854526,-0.3227290741449603,-0.35157409922089367,4892515.257006565,0.10707765154834847,-0.31896604761723985,-0.3487992200680339
True,1.0,0.02,0.08,0.04,1503733.8252066013,0.09555982776577987,-0.15982841256072527,-0.1670363079474232,26.0,0.21562610906621757,2204154.011398404,0.13019740874342078,-0.3279512328929807,-0.3481908567181837,84.0,0.43462463475714364,5457420.626029832,0.11295703702597637,-0.32550377010498155,-0.34400002361517923,110.0,0.3300516733930587,1992701.0397052788,0.11952716995372126,-0.3279512328929807,-0.3481908567181837,5022326.2275051065,0.10848342724975424,-0.32550377010498155,-0.34400002361517923
True,1.0,0.02,0.08,0.06,1433937.5326881926,0.09039971799440183,-0.1649841803987216,-0.25262320392583626,18.0,0.21997318414307426,2250569.609565592,0.13240667314769572,-0.3078210965255857,-0.3251258900684987,59.0,0.43381074612590964,5347160.75980532,0.11185551854324816,-0.30546107634723574,-0.32453281306849674,78.0,0.3303544613083569,2050123.6251856727,0.12252284700876914,-0.3078210965255857,-0.3251258900684987,4905421.087761473,0.10721850056810489,-0.30546107634723574,-0.32453281306849674
True,1.0,0.02,0.1,0.03,1457135.9169086707,0.09213931462011027,-0.21803417754119686,-0.23321629445834052,31.0,0.22213274626055984,2271342.8181078658,0.13339212310795456,-0.32063634387576273,-0.33599672680072634,99.5,0.43286343597739896,5225787.8734820485,0.11061930017844879,-0.32180299243868177,-0.3394753403563666,130.0,0.3351724131687897,2202648.469254547,0.13012552334885408,-0.32063634387576273,-0.33599672680072634,5027984.328849053,0.10854421573504758,-0.32180299243868177,-0.3394753403563666
True,1.0,0.02,0.1,0.04,1566330.6489228315,0.1000072489910887,-0.1484599036356154,-0.2104241184593079,26.0,0.21878106016878746,2184667.290227847,0.1292514552248093,-0.31336708676253505,-0.3298597962909572,84.0,0.4347832664001936,5466274.389996158,0.11304408863884863,-0.31297087853443956,-0.3308707536450731,110.0,0.3311802112501715,2123695.152964292,0.12625045121612066,-0.31336708676253505,-0.3298597962909572,5280809.624226957,0.11118364319792051,-0.31297087853443956,-0.3308707536450731
True,1.0,0.02,0.1,0.06,1489878.9543254422,0.0945529563881583,-0.18394733260434787,-0.24148260775852187,18.0,0.2209341489288998,2254889.2174521573,0.13261976987742685,-0.3082918928904231,-0.32350934235670403,59.0,0.4338772091153198,5528195.590075897,0.1136524582385311,-0.3041097609650723,-0.3241895656139049,78.0,0.334626665270674,2158373.458853869,0.12796902440949376,-0.3082918928904231,-0.32350934235670403,5362568.643555248,0.11201148157683094,-0.3041097609650723,-0.3241895656139049
True,1.0,0.02,0.12,0.03,1527670.1757712492,0.09727961387163797,-0.2132679320602771,-0.23917151148469154,31.0,0.2211132369665601,2200969.2517502652,0.13004129505128859,-0.3206542191126229,-0.3281170237235426,100.0,0.42753664631644117,5428238.699061822,0.11266788135019878,-0.2952945736274105,-0.3280970048666577,130.0,0.3342097388816623,2118658.4096517162,0.125999670679666,-0.3206542191126229,-0.3281170237235426,5257746.423558172,0.1109477999702062,-0.2952945736274105,-0.3280970048666577
True,1.0,0.02,0.12,0.04,1644008.2929379619,0.10530814833704638,-0.14959713921143902,-0.21700274573714295,26.0,0.22244113142382388,2204292.3922319505,0.13020461151367302,-0.31908488518669265,-0.34412626629605025,84.0,0.4300232070594152,5962893.981773805,0.1177441765878795,-0.31867404168800306,-0.3399086133119085,110.0,0.335395694579415,2124031.469544553,0.1262685911976963,-0.31908488518669265,-0.34412626629605025,5862653.034078813,0.11682795973523674,-0.31867404168800306,-0.3399086133119085
True,1.0,0.02,0.12,0.06,1513630.7153497534,0.09626561809995882,-0.19468048882141903,-0.2441325199081817,18.0,0.22423984196336072,2224620.1871099975,0.13117766934627384,-0.30592563692746033,-0.3275170429719193,59.0,0.4295574525213432,5745886.832706886,0.11573890927339148,-0.305596594821637,-0.32383734851541335,78.0,0.3345437811211353,2093899.3047916978,0.1247548225699312,-0.30592563692746033,-0.3275170429719193,5509938.066105853,0.11347388853113038,-0.305596594821637,-0.32383734851541335
True,1.0,0.02,0.14,0.03,1581325.106077509,0.10104878867689715,-0.20484768252004598,-0.21541096946239674,31.0,0.22634914050947086,2193960.837867196,0.12966750099820923,-0.2683442761100623,-0.268750406152966,99.5,0.43341952919827087,5462858.729250993,0.11300980958087758,-0.2686862373535118,-0.2717119040855576,130.0,0.3365881623174106,2112764.9535234068,0.1256948717032782,-0.26835273914236707,-0.2688077695896387,5433872.525023471,0.1127227242217348,-0.2687750212803463,-0.2764539604677166
True,1.0,0.02,0.14,0.04,1626726.4544666046,0.10414808787852847,-0.1924470458549939,-0.20254393738477836,26.0,0.2350582120045884,2179592.04476,0.12900627471969262,-0.3187312295961928,-0.31898041719079295,83.0,0.43116751739743897,5823758.165646576,0.1164496608802702,-0.30560533899086173,-0.3189870621339754,109.5,0.33555063139450814,2094845.3152334595,0.12479494554928894,-0.3187312295961928,-0.31898041719079295,5665440.374591038,0.11497690215142475,-0.30560533899086173,-0.3189870621339754
True,1.0,0.02,0.14,0.06,1618690.256045531,0.10360565385143061,-0.20111529975186748,-0.24781806114164415,18.0,0.22687319656879693,2162149.8124433616,0.12815333466423995,-0.3093023381312632,-0.33009429504298243,59.0,0.4311139365647739,5959286.138886327,0.11771014202126473,-0.3101388729726476,-0.323507311697009,77.5,0.3357995879445884,2075570.605842779,0.12381355447240905,-0.3093023381312632,-0.33009429504298243,5846825.794913397,0.11667977215503622,-0.3101388729726476,-0.323507311697009
True,1.0,0.02,0.16,0.03,1626327.9789558812,0.10412189466613275,-0.20945410044810847,-0.22119297195637183,31.0,0.23706170199625134,2137947.150787376,0.12695597747621268,-0.26965587620370945,-0.3401238072323545,100.0,0.42002843445763716,5439620.094968349,0.11277403904435379,-0.28085180799839476,-0.34017076851845407,130.0,0.33278462955744903,1991954.2387185725,0.11948320112885691,-0.26965587620370945,-0.3401238072323545,5015062.073454417,0.10840555759680093,-0.28143217758907974,-0.34017076851845407
True,1.0,0.02,0.16,0.04,1702142.1570385671,0.1091306782673338,-0.1991477043695059,-0.20779253416788546,26.0,0.24309253029945,2125279.3394117747,0.12632837253891205,-0.2925717525562542,-0.3229655521437737,83.0,0.41950952883639314,5886697.6741163,0.1170494813074825,-0.30750939907333474,-0.3229547002446759,109.0,0.33703996423206617,2077157.8160073636,0.12390337340304503,-0.2925717525562542,-0.3229655521437737,5731820.7334891,0.11560663070725385,-0.30750939907333474,-0.3229547002446759
True,1.0,0.02,0.16,0.06,1650040.61610886,0.10570808720598135,-0.19526066255622848,-0.24259179795619995,18.0,0.23348105225683324,2097772.504549782,0.12495142259896908,-0.311215120282154,-0.33067245023672737,59.0,0.43779882805806647,5914979.596330836,0.11730911483613793,-0.31247212442078864,-0.32576059387690526,78.0,0.34205897010544306,2061608.160254944,0.12311245325560671,-0.311215120282154,-0.33067245023672737,5834075.26922111,0.11655090733945073,-0.31247212442078864,-0.32576059387690526
True,1.0,0.02,0.2,0.03,1686319.3414999999,0.10810125253895841,-0.21761102010942218,-0.2330652929461228,31.0,0.24184262881296792,2179069.9299453683,0.1289815318930404,-0.3077769792095691,-0.33049066790790643,100.0,0.4232618494186866,5713338.10097507,0.11542681010296141,-0.2843857532382415,-0.36238021654478036,131.0,0.33391557148231926,1947932.1339954415,0.11712890780440977,-0.3077769792095691,-0.33049066790790643,5257020.079865759,0.11094053910351875,-0.2843857532382415,-0.36238021654478036
True,1.0,0.02,0.2,0.04,1733661.3814239348,0.11115401055222462,-0.20645404734399297,-0.21836765221380522,26.0,0.24411362992481334,2200055.3473708527,0.13000024565001445,-0.26467976183437536,-0.2843288861857554,83.0,0.4134664875896442,6171888.366544592,0.11961406449195344,-0.2616570047108683,-0.2845494693512082,109.0,0.32748305610425144,2087592.6280889923,0.12443538185262781,-0.26467976183437536,-0.2843288861857554,6029417.130434694,0.11834534490302251,-0.2644139999797251,-0.2845494693512082
True,1.0,0.02,0.2,0.06,1650473.2866281795,0.10573780131908461,-0.20379616258660327,-0.2370665396484989,18.0,0.24020917934687674,2188372.0449325973,0.12943405231603655,-0.30809161592922074,-0.3312774525212312,59.0,0.427257163374477,6137913.478330245,0.1193143838317875,-0.3116695541753018,-0.3241179178635299,78.0,0.3405306930110441,2104160.8355227276,0.12527327548090383,-0.30809161592922074,-0.3312774525212312,5886174.362758959,0.11704446035947036,-0.3116695541753018,-0.3241179178635299
True,1.0,0.03,0.06,0.03,1393718.4820407063,0.08732273359650689,-0.2089421644854974,-0.24233791436264246,31.0,0.22641345931475387,2259590.222106317,0.13284147781661693,-0.3485800223861095,-0.35574192726479886,100.0,0.459256238157032,5180604.873403147,0.11015212494856097,-0.3391555694428791,-0.3504286832882902,130.5,0.34877653365570593,2065770.4265663524,0.1233259028438638,-0.3485800223861095,-0.35574192726479886,4648420.656920392,0.10433456771127181,-0.3391555694428791,-0.3504286832882902
True,1.0,0.03,0.06,0.04,1482029.2597355652,0.09397876347550949,-0.16874102491415965,-0.17526909880093983,26.0,0.22628483174102848,2238903.3907533335,0.13186234953074616,-0.3273641219399386,-0.3402854895403438,84.0,0.4591678271880041,5466176.82429871,0.11304330569912968,-0.3247666070346523,-0.3399769952069911,110.0,0.34692501149874294,2007517.8215283519,0.12030751365521686,-0.3273641219399386,-0.3402854895403438,4894059.472246001,0.10709446461983596,-0.3247666070346523,-0.3399769952069911
True,1.0,0.03,0.06,0.06,1428814.634520622,0.0900121348140559,-0.16721640626496603,-0.23660453964319414,18.0,0.22277388552654137,2261912.5594387753,0.13294673191461526,-0.3189736668262539,-0.33222902885739763,59.0,0.4524658138652967,5457952.49282977,0.11296206771135642,-0.3135534776955722,-0.3326106453027751,78.0,0.3429010310754155,2031389.8746479398,0.12155396882438696,-0.3189736668262539,-0.33222902885739763,4868464.147363981,0.10681286173658788,-0.3135534776955722,-0.3326106453027751
True,1.0,0.03,0.08,0.03,1438155.8379025273,0.09071753350098599,-0.21559203972719804,-0.24572754732042154,31.0,0.22896601597860083,2285381.4693630314,0.1340520382164736,-0.3408160988929666,-0.35589569179284086,100.0,0.46593112140888115,5344907.343519555,0.11183366571498643,-0.3311967168593459,-0.3504777970051521,130.0,0.35234850173842036,2137919.59542956,0.12695183216964778,-0.3408160988929666,-0.35589569179284086,5021435.426857948,0.10847384953934591,-0.3311967168593459,-0.3504777970051521
True,1.0,0.03,0.08,0.04,1550441.2748082937,0.09889370061929659,-0.15537662040479167,-0.2079279936215137,26.0,0.2288118082417572,2212040.4309329186,0.13057095947499686,-0.3420394375598652,-0.35166983590781886,83.5,0.4619736519327908,5593519.8319825595,0.11428679141727116,-0.34329615685164994,-0.351081808749814,109.0,0.3508498728518118,2076843.9241113274,0.12389064211809164,-0.3420394375598652,-0.35166983590781886,5257609.36025684,0.11094657415937381,-0.34329615685164994,-0.351081808749814
True,1.0,0.03,0.08,0.06,1497047.4813617815,0.09507224464465636,-0.1821047504210742,-0.23956486430583085,18.0,0.22798256372707448,2281189.341543852,0.13384901925032322,-0.3161157389693215,-0.3315655718077588,59.0,0.45703663018443597,5527503.145813999,0.11364569706974181,-0.3119766785933369,-0.33188647969360413,78.0,0.34738304123023644,2108785.2138824705,0.12550550224073997,-0.3161157389693215,-0.3315655718077588,5192997.443452274,0.11028070994568273,-0.3119766785933369,-0.33188647969360413
True,1.0,0.03,0.1,0.03,1487540.8734634868,0.09438216956606493,-0.22431711648011005,-0.25836623919729546,31.0,0.23801011624471385,2220175.0764662013,0.13096740383582184,-0.3168503187522215,-0.3234098442929931,100.0,0.45745755217854667,5596195.103758425,0.1143119955147811,-0.29816947612539657,-0.32334613327496126,130.0,0.3514876998914897,2062999.25351838,0.1231834927707508,-0.3168503187522215,-0.3234098442929931,5226591.014815727,0.1106255208371254,-0.29816947612539657,-0.32334613327496126
True,1.0,0.03,0.1,0.04,1621357.485524341,0.1037862178827772,-0.1491903377756001,-0.2124029557618453,26.0,0.2331427896982069,2237005.829794055,0.13177199268417372,-0.32300481000021153,-0.3397916960451355,83.0,0.45390014016165575,6016795.0203509005,0.11823235216441474,-0.319099258914141,-0.33901257105681143,109.0,0.35249297267859614,2096205.111390863,0.1248723864479635,-0.32300481000021153,-0.3397916960451355,5722186.081156632,0.11551585025857569,-0.319099258914141,-0.33901257105681143
True,1.0,0.03,0.1,0.06,1539262.5999643628,0.09810334561332146,-0.1985384456631759,-0.24341519909488057,18.0,0.2341258095526844,2284280.4274292914,0.13400005327489461,-0.3196492344556234,-0.33490781507886014,59.0,0.4616853166968915,5745324.153904568,0.11573304439467891,-0.31764159576345885,-0.3322267726526889,78.0,0.3543272843491725,2116285.1001466205,0.12588143354975434,-0.3196492344556234,-0.33490781507886014,5525278.779571462,0.11362391938003857,-0.31764159576345885,-0.3322267726526889
True,1.0,0.03,0.12,0.03,1576274.011448948,0.10069893166769661,-0.2143400036002076,-0.23367672677661752,31.0,0.2453634601991743,2153698.215017803,0.12773810110233685,-0.3005687549712613,-0.3320025326694387,99.0,0.4545444528514105,5527712.444470549,0.11364670550522837,-0.29427435671519253,-0.33191185767221615,130.0,0.3568290356014324,2087708.646659107,0.12444271184416533,-0.3005687549712613,-0.3320025326694387,5309566.287292123,0.11147286691942904,-0.29427435671519253,-0.33191185767221615
True,1.0,0.03,0.12,0.04,1634479.5749083315,0.10467067097196514,-0.19528401669288464,-0.20474224541195166,26.0,0.24924288795521576,2221381.8981985766,0.13102621933791658,-0.32763636913740635,-0.32806009572687345,83.0,0.4582773808107348,6090134.546145139,0.11889075047815545,-0.31648650396339484,-0.32801463253398583,109.0,0.3571993664007329,2088427.7805804503,0.12447686666127933,-0.32763636913740635,-0.32806009572687345,5711532.910491632,0.11541491696231798,-0.31648650396339484,-0.32801463253398583
True,1.0,0.03,0.12,0.06,1599698.9386339472,0.1023130012951422,-0.19928484075734182,-0.24418376925347057,18.0,0.24489823552007933,2197820.806259007,0.1298895356869808,-0.3174606507610331,-0.3349678011521688,59.0,0.45425477492211486,5688402.914291404,0.11519532637969943,-0.3167806597434896,-0.3296494263909893,77.5,0.3539330520041567,2068194.5618241327,0.12344870224676585,-0.3174606507610331,-0.3349678011521688,5531965.8923015185,0.11367503046058769,-0.3167806597434896,-0.3296494263909893
True,1.0,0.03,0.14,0.03,1664472.4386301592,0.10666769225784511,-0.2124953484067622,-0.22270179283953773,31.0,0.2504605258895209,2212739.3851167895,0.13060951201534665,-0.27879122730451633,-0.34079475291372635,100.0,0.446886810852161,5615989.329287056,0.11450326060127236,-0.2874113617888325,-0.34109499476271904,130.0,0.35511666701040234,2027890.2987617133,0.12136185740840566,-0.27879122730451633,-0.34079475291372635,5233897.524165413,0.11069970856526357,-0.2874113617888325,-0.34109499476271904
True,1.0,0.03,0.14,0.04,1694087.1116689523,0.10860820567586604,-0.19998168302514568,-0.20970366767573326,26.0,0.2515308993295491,2155445.739727081,0.12782153177447464,-0.31254587010392826,-0.3354903845777944,83.0,0.45096936697087786,5986885.041722411,0.11796199755744596,-0.3238173532717147,-0.3354288016991409,109.0,0.35958931955017837,2089203.5722535546,0.12451785181458919,-0.31254587010392826,-0.3354903845777944,5811976.912110608,0.11635538926890499,-0.3238173532717147,-0.3354288016991409
True,1.0,0.03,0.14,0.06,1670959.0046442142,0.1070894786724993,-0.19647536997688198,-0.24489592556753778,18.0,0.24791350217686256,2147744.0472683534,0.12744536972622456,-0.31514765765077174,-0.3354963452323722,59.0,0.45413226721829336,6023091.139221584,0.11827948786741294,-0.31599010278715467,-0.328237857318336,78.0,0.36004667876748914,2029424.7247660272,0.12144340217599925,-0.31514765765077174,-0.3354963452323722,5813993.090816498,0.11637254499270866,-0.31599010278715467,-0.328237857318336
True,1.0,0.03,0.16,0.03,1695641.07901576,0.1087091685599707,-0.21542137702073744,-0.2286548911660747,31.0,0.25317941227945495,2202990.670673158,0.13013619109582264,-0.29004904216727295,-0.36126143577686615,99.0,0.45538672366801647,5814208.717359118,0.11637854456451369,-0.29728106053999453,-0.3613310600338143,130.0,0.35596303572788734,2064864.072616918,0.12326543368835552,-0.29004904216727295,-0.36126143577686615,5387224.779307508,0.11225653890447862,-0.2973424264868371,-0.3613310600338143
True,1.0,0.03,0.16,0.04,1742934.386490971,0.11174297355061091,-0.2047661406660451,-0.2139233058248426,26.0,0.25571655248933933,2239929.3034861465,0.13191100407986134,-0.31280574278577333,-0.3390264078559808,83.0,0.45320732162660315,6467272.74098767,0.12215061370144598,-0.3256959964703472,-0.33896656181465706,109.0,0.35620899473245277,2035524.100537151,0.12175881908244468,-0.31280574278577333,-0.3390264078559808,5998530.622126296,0.11806897195140698,-0.3256959964703472,-0.33896656181465706
True,1.0,0.03,0.16,0.06,1668352.0414320258,0.10692374590196518,-0.2032777082710867,-0.2448639091310026,18.0,0.251725340339583,2225772.9854117315,0.1312351086913368,-0.3149776499076413,-0.3351987653108571,59.0,0.4503714658000042,6170402.609527849,0.1195951976812838,-0.31670623970184597,-0.3283748613139034,78.0,0.35690212089292184,2056330.9076555204,0.12283914983944755,-0.3149776499076413,-0.3351987653108571,5920901.62616398,0.11735640600466679,-0.31670623970184597,-0.3283748613139034
True,1.0,0.03,0.2,0.03,1687623.3983020328,0.10818730447328362,-0.22232637343845058,-0.2376467912032735,31.0,0.2385405465276289,2132431.4245042857,0.12668254125130396,-0.30846984799358274,-0.34125757044532595,99.0,0.4563260652625919,5465311.868488113,0.11303497249184635,-0.30849309194042135,-0.34150241122389585,130.0,0.3458578150448288,2033440.9659087476,0.12165885360234874,-0.30846984799358274,-0.34125757044532595,5256916.245621398,0.11093938644798396,-0.30849309194042135,-0.34150241122389585
True,1.0,0.03,0.2,0.04,1716138.2897530813,0.11003323130002474,-0.20299693977059363,-0.21964809123031365,26.0,0.2467133997097666,2183461.3264853107,0.12919531284368124,-0.2727800912293539,-0.2922063554942294,83.0,0.4353780359090018,6246313.77762777,0.12026217453759835,-0.2697451336258849,-0.2923183625275982,109.0,0.34155180964269644,2086339.9654279735,0.12437273989536668,-0.2728463147571394,-0.2922063554942294,5783864.872979443,0.1160867974555605,-0.2723651900060935,-0.2923183625275982
True,1.0,0.03,0.2,0.06,1656345.0556816822,0.10612969689149543,-0.19663366313040298,-0.23470613595864168,18.0,0.24894236089652397,2136377.7067573853,0.1268826930034287,-0.3240825222187022,-0.3352913244880364,59.0,0.44705726025305265,5797115.339551867,0.11621954679926816,-0.31940220008551296,-0.3376283049543278,78.0,0.3556017640862944,1977753.888104009,0.11873361208760269,-0.3240825222187022,-0.3352913244880364,5486795.999343512,0.11324668080359779,-0.31940220008551296,-0.3376283049543278
True,1.0,0.04,0.06,0.03,1436690.7010190843,0.09060760885068653,-0.22209689820360928,-0.23219929539094036,31.0,0.24351074536405648,2208842.903436359,0.13042374325199435,-0.3448062496576915,-0.3673840033073949,100.0,0.49143560020928534,5328881.880821114,0.11167093684908747,-0.34040518183868446,-0.36882640998162775,130.0,0.375062267467662,2046919.6020328398,0.12235701474690808,-0.3448062496576915,-0.3673840033073949,4855682.24878866,0.10667201312148578,-0.34040518183868446,-0.36882640998162775
True,1.0,0.04,0.06,0.04,1514043.3749847075,0.09630365254596207,-0.16395905539243827,-0.20340880081514554,26.0,0.23939387641548673,2211214.444428526,0.13053819761037155,-0.3368993212923059,-0.35316540698981497,83.0,0.48653755594468706,5542375.1467707325,0.11378993183411679,-0.33714345779602317,-0.3421868841137134,109.0,0.3685871326568953,2015394.0419550284,0.12072022587823428,-0.3368993212923059,-0.35316540698981497,5076257.707893778,0.10905703995073046,-0.33714345779602317,-0.3421868841137134
True,1.0,0.04,0.06,0.06,1479200.8058804942,0.0937711225319664,-0.19108626377712778,-0.23464347186898665,18.0,0.24290803503006902,2191509.0588930123,0.12958671865567817,-0.3242291757633301,-0.34126548663785156,59.0,0.48305162135729984,5398255.640556319,0.11236905176104062,-0.32038873318283057,-0.335982031549273,78.0,0.3670696573102391,1969311.6798623067,0.11828449937593077,-0.3242291757633301,-0.34126548663785156,4966207.576467442,0.10787948390071689,-0.32038873318283057,-0.335982031549273
True,1.0,0.04,0.08,0.03,1477836.97239127,0.09367092836756208,-0.21246702273773926,-0.23200998774555187,31.0,0.2435421757066854,2298097.997142559,0.13464220040330743,-0.3405195568120075,-0.34756332448801835,99.0,0.48396024805218035,5605160.202009743,0.11439897643543151,-0.3376852754679032,-0.34788670810366906,130.0,0.3728828874401675,2112594.4235456036,0.1256886361131887,-0.3405195568120075,-0.34756332448801835,5104350.057182271,0.10935462811251251,-0.3376852754679032,-0.34788670810366906
True,1.0,0.04,0.08,0.04,1565435.8085619677,0.09994480614763956,-0.19150969415935964,-0.2009324377887428,26.0,0.2485122130455838,2266348.547188875,0.1331544541777817,-0.34399218202023524,-0.34851184671278496,83.0,0.48305808243862236,5669014.949047532,0.11501095006767437,-0.3471690349905486,-0.35424338570887065,109.0,0.37280787477358623,2065689.2853517183,0.12331832493334005,-0.34399218202023524,-0.34851184671278496,5252801.565857457,0.1108973416841782,-0.3471690349905486,-0.35424338570887065
True,1.0,0.04,0.08,0.06,1536996.173021261,0.09794268094068259,-0.19564037677721885,-0.23891775244441768,18.0,0.245611128309562,2292162.043607361,0.13436802984557306,-0.32523742246404125,-0.34056008506375673,59.0,0.4778423037043507,5777083.854383349,0.11603220791951496,-0.3233661286568767,-0.33655767460687963,78.0,0.369648024363209,2080498.1445956472,0.12407678383122034,-0.32523742246404125,-0.34056008506375673,5326203.606553574,0.11164192529812111,-0.3233661286568767,-0.33655767460687963
True,1.0,0.04,0.1,0.03,1535462.8780826859,0.09783397176190622,-0.21784243021449345,-0.23937088427572467,31.0,0.2507999367557783,2270772.820168486,0.13336762648203204,-0.2841340806722732,-0.3299872866887654,99.5,0.4787292937057272,5797093.16692177,0.11621932345820962,-0.28417133584501014,-0.3297974023469325,130.0,0.3680335034304743,2062885.468103675,0.12317586031656258,-0.2871356630126546,-0.3299872866887654,5244048.432475648,0.11080726425807619,-0.2862983933119077,-0.3297974023469325
True,1.0,0.04,0.1,0.04,1626626.8308651159,0.10414233962276653,-0.19703172697020993,-0.20597358595442106,26.0,0.2559269313870206,2286445.6885150764,0.13410117070313132,-0.3300292287194806,-0.3305196281675432,83.0,0.4782570182070749,6289189.054912465,0.1206326429799387,-0.32678229603755893,-0.33048531596235436,109.0,0.3699979119068538,2059371.2808027156,0.12299813858352249,-0.3300292287194806,-0.3305196281675432,5658518.753407678,0.11491090149612859,-0.32678229603755893,-0.33048531596235436
True,1.0,0.04,0.1,0.06,1580882.141184525,0.10101557378934911,-0.193894614614179,-0.24368758792976924,18.0,0.25053345588886394,2273704.4479608024,0.13349157829885683,-0.3242524116308402,-0.3411353153045645,59.0,0.4771085581302874,5998304.510448778,0.11806569836134351,-0.3245887097089822,-0.334130970067963,78.0,0.37110239120320576,2030502.5852011328,0.1215078820400306,-0.3242524116308402,-0.3411353153045645,5536234.518664603,0.11373048002305852,-0.3245887097089822,-0.334130970067963
True,1.0,0.04,0.12,0.03,1594546.8672566772,0.10195977185491911,-0.21754178158207116,-0.23980802945510507,31.0,0.2558073286124214,2098333.350869705,0.12497973903757742,-0.30227237141173674,-0.35503867550374507,99.0,0.47552069942397207,5722660.116298573,0.11551788824458298,-0.3062024869485966,-0.3494417245503013,130.0,0.3736160934014798,1999415.339674085,0.11988033725346936,-0.30227237141173674,-0.35503867550374507,5206323.426395804,0.11041556717144374,-0.3062024869485966,-0.3494417245503013
True,1.0,0.04,0.12,0.04,1692128.5379495146,0.10848082400945269,-0.19590287915947613,-0.20452209590506537,26.0,0.25939898573937914,2223961.7079958804,0.1311493018479779,-0.32085364202220445,-0.33622592770987747,82.5,0.47670311495113527,6427450.469692644,0.12181608403831934,-0.3280194144635742,-0.3363032587004266,109.0,0.37237798395332744,2078074.30547299,0.12395097377922615,-0.32085364202220445,-0.33622592770987747,5727146.4116777,0.11556121003322295,-0.3280194144635742,-0.3363032587004266
True,1.0,0.04,0.12,0.06,1622056.5370884184,0.10383058391578259,-0.18595389163333115,-0.23422185192523926,18.0,0.2565137440898436,2234421.319218586,0.131628895648506,-0.3226445522422138,-0.3420125290136753,59.0,0.48010515689000266,6044991.9239106495,0.11848349120393709,-0.32409258249399486,-0.3346503344747407,77.5,0.3729750715292235,2016515.6376266447,0.12077230624717206,-0.3226445522422138,-0.3420125290136753,5617703.545338657,0.11451926758689612,-0.32409258249399486,-0.3346503344747407
True,1.0,0.04,0.14,0.03,1697576.9522642735,0.10883484573732483,-0.2160862488991429,-0.22606756694886823,31.0,0.2500615629716072,2306490.356050984,0.1350160113144736,-0.2932658124501358,-0.3555679069533906,99.5,0.4829419815710712,5981950.82468938,0.11791845293471426,-0.30253990401778247,-0.35598530776213627,130.0,0.3736201223624794,2013466.0588963046,0.12061732349292975,-0.2932658124501358,-0.3555679069533906,5347226.874865245,0.11185716604784601,-0.30253990401778247,-0.35598530776213627
True,1.0,0.04,0.14,0.04,1729410.0816781232,0.11088304835596918,-0.19756651482430976,-0.20997581661657333,26.0,0.2645590787372518,2286581.5255123414,0.13409892739763896,-0.3237776869415216,-0.33919689711387035,83.0,0.4807194077540296,6436908.754614432,0.12189168626436409,-0.33140245430559934,-0.3392781075301507,109.0,0.3754424357837985,2071927.5240888866,0.12363950689017678,-0.3237776869415216,-0.33919689711387035,5791750.3343494255,0.1161694377468635,-0.33140245430559934,-0.3392781075301507
True,1.0,0.04,0.14,0.06,1647270.8998953316,0.10552010951311352,-0.19447516230420747,-0.23406445208233315,18.0,0.2585482727279754,2233953.4030993804,0.13162532658797188,-0.3266717830532676,-0.3414332936521308,59.0,0.47588202407169333,6158770.6421248885,0.11949695556823803,-0.32259999084941293,-0.3381608330767125,77.0,0.3724713429326089,2046622.9574012114,0.12234202896133495,-0.3266717830532676,-0.3414332936521308,5887438.3278105995,0.11705636748212311,-0.32259999084941293,-0.3381608330767125
True,1.0,0.04,0.16,0.03,1674720.2164814868,0.10734272898124941,-0.19347691345855295,-0.19504872965201175,31.0,0.2577833700168807,2108676.397949214,0.12549724407475138,-0.33499566768555933,-0.35555323975947084,100.0,0.4784396516890637,5756756.7069242485,0.11584150743864996,-0.34226486187362765,-0.35541966979675627,130.0,0.3680138332884917,1970960.2947139624,0.11836995198644218,-0.33499566768555933,-0.35555323975947084,5265971.369229836,0.11103144237699103,-0.34226486187362765,-0.35541966979675627
True,1.0,0.04,0.16,0.04,1653965.0180919673,0.10597186549147963,-0.17581742740693357,-0.1965416520945161,26.0,0.25122996481129706,2155112.9361923514,0.12780866040051497,-0.33556511883979706,-0.36608483851714424,83.0,0.48121682243373987,5859340.029025648,0.11679382891723078,-0.33565152197357023,-0.3663666294232748,109.0,0.36775965919881204,1965982.9638828686,0.11810624423966254,-0.33556511883979706,-0.36608483851714424,5374291.436550278,0.11212828350524007,-0.33565152197357023,-0.3663666294232748
True,1.0,0.04,0.16,0.06,1634138.8991359877,0.10464756053097568,-0.18867260770162675,-0.23449967663973778,18.0,0.25797091462120814,2173699.3255610783,0.12871878353039046,-0.3273982381894226,-0.34167218863216436,59.0,0.4721394199754967,5919300.129664928,0.11734653529384653,-0.32311190086582176,-0.33872982204207386,78.0,0.36912429639679284,1969400.6144465432,0.11828910343843801,-0.3273982381894226,-0.34167218863216436,5404313.465385826,0.11242561789017125,-0.32311190086582176,-0.33872982204207386
True,1.0,0.04,0.2,0.03,1548743.7301286717,0.0987741288384425,-0.1931928921790268,-0.19488026521043017,31.0,0.2410167202262571,2064407.9001937541,0.12325519356831549,-0.31396733871792604,-0.3471755372436745,99.5,0.48606748193039306,5118926.583805845,0.10950798299335784,-0.3127762478623416,-0.3466052310959663,130.0,0.3727076502733908,1852089.3816509733,0.11184056768350148,-0.31396733871792604,-0.3471755372436745,4463788.499983769,0.10216703509267244,-0.3127762478623416,-0.3466052310959663
True,1.0,0.04,0.2,0.04,1618848.4253541706,0.10361674057433623,-0.1754924899214823,-0.19541538057324986,26.0,0.2470442769902605,2294425.6832657154,0.1344448083477917,-0.3139070453791277,-0.3145853538682074,83.0,0.4738534064876009,5710767.618434684,0.11540772695103785,-0.31402142183595,-0.3142121439520292,109.0,0.3620955210399609,1996256.66537585,0.11970186653840842,-0.3139070453791277,-0.3145853538682074,4943378.992582893,0.10763212412047052,-0.31402142183595,-0.3142121439520292
True,1.0,0.04,0.2,0.06,1618774.2081127986,0.10361171403912162,-0.19066622924741894,-0.2341804492571423,18.0,0.24916930134500895,2162252.888117093,0.12815952586706458,-0.32809243437855945,-0.3416818399930798,59.0,0.4754808039592399,5710265.144821933,0.11540198178673378,-0.3231810901560933,-0.3390831500282295,77.5,0.3713030487156277,1890588.744328097,0.11400141288959709,-0.32809243437855945,-0.3416818399930798,5057719.328328927,0.10885102867740115,-0.3231810901560933,-0.3390831500282295
False,0.85,0.01,0.06,0.03,1181449.4956474705,0.06962197102700429,-0.18147352306698045,-0.21215879353394457,1.0,0.18363568868098074,1695249.877166097,0.10262847970124178,-0.28109253677650936,-0.2890219095733526,5.0,0.4109918052370178,3340862.2042794107,0.08679403768234184,-0.273573410547133,-0.28859970124796114,5.5,0.30258382782806936,1666554.37839339,0.10086261054693058,-0.28109253677650936,-0.2890219095733526,3278851.792819012,0.08580723858444783,-0.273573410547133,-0.28859970124796114
False,0.85,0.01,0.06,0.04,1178415.2694456805,0.06934879885616207,-0.17729711983316304,-0.20992136423249155,0.0,0.18260195764306542,1673853.6078682975,0.10131063505320059,-0.28468243631571266,-0.3055230451146332,4.5,0.41176785042711794,3245054.722348379,0.08526179468248418,-0.2819433579685519,-0.29664164013581545,5.0,0.30381882265048016,1637915.4984042996,0.09906781097494899,-0.28468243631571266,-0.3055230451146332,3195536.4201130755,0.08445365703125463,-0.2819433579685519,-0.29664164013581545
False,0.85,0.01,0.06,0.06,1174438.005113021,0.06898918007322086,-0.17729711983316304,-0.20992136423249155,0.0,0.18096452909472077,1695190.8040945174,0.10262828520600786,-0.27051741089535475,-0.2895360833774571,1.0,0.4084268814993318,3325827.557836909,0.0865564592618735,-0.2739469499026203,-0.28853106872342127,1.0,0.2995472472583237,1666205.4505982287,0.1008392841242004,-0.27051741089535475,-0.2895360833774571,3281360.948086721,0.08584776594433552,-0.2739469499026203,-0.28853106872342127
False,0.85,0.01,0.08,0.03,1241781.8916724334,0.07491873505445601,-0.17412799875540896,-0.23877612897914283,1.0,0.18777154375553093,1653013.0502779959,0.10001747059514454,-0.27023922808404083,-0.3009969049370202,2.0,0.41357821726650423,3409052.6325536976,0.08785650562893021,-0.2640112939020421,-0.3047468087699761,5.0,0.310133878130822,1675265.5758965528,0.10140267542632797,-0.27023922808404083,-0.3009969049370202,3382283.785400709,0.08744311661832416,-0.2640112939020421,-0.3047468087699761
False,0.85,0.01,0.08,0.04,1238380.9310596809,0.07463344843074382,-0.16737281030950568,-0.23642008456985386,1.0,0.18974827113147252,1652709.6046267406,0.09999347269519332,-0.2684547019050524,-0.3045968104253605,1.5,0.4121026858740875,3360194.409310047,0.08709804301685975,-0.264149052301235,-0.30836269406359307,3.0,0.3113399557490142,1681276.0445525665,0.10177376630222479,-0.26799060136052955,-0.3045968104253605,3354136.556898607,0.0870025857505412,-0.264149052301235,-0.30836269406359307
False,0.85,0.01,0.08,0.06,1246430.3427122138,0.07532553205210868,-0.16698883111443474,-0.23642008456985386,0.0,0.18626173603091592,1644705.7038332634,0.09949642506969214,-0.27023922808404083,-0.2936346138347968,0.0,0.4112445244233729,3385614.1125732837,0.08749418500329265,-0.26414905230123487,-0.2938991528891257,0.0,0.30722580553160195,1656973.3880607039,0.10026578939386788,-0.27023922808404083,-0.29063207135512353,3442590.592704738,0.08837526666350859,-0.26414905230123487,-0.2938991528891257
False,0.85,0.01,0.1,0.03,1268891.8870284506,0.07721931125038661,-0.19079832410706526,-0.2598274771991696,2.0,0.19095435591301677,1641781.6827313034,0.09931290163007034,-0.27624046526704277,-0.2928318402537248,5.5,0.4202327736519319,3540356.642241995,0.08985368362089197,-0.275554659027925,-0.29719398326181934,8.0,0.30898548653786617,1639435.3202475233,0.09915968615885029,-0.2729536923336426,-0.28299372222226526,3626226.5905860085,0.09112031923948649,-0.275554659027925,-0.29719398326181934
False,0.85,0.01,0.1,0.04,1279334.648741225,0.07810521853450936,-0.19203823826028837,-0.26312301291458123,1.0,0.19569143571969616,1683066.9327258593,0.10188411370084194,-0.2660503712368683,-0.2858993941210594,4.0,0.4147172064490054,3430623.7962390734,0.08819016764467447,-0.2752244526323392,-0.3038493713386312,6.0,0.309508417018817,1667213.6514734435,0.10090358524608256,-0.2660503712368683,-0.2858993941210594,3535617.833167724,0.08977982567867726,-0.2752244526323392,-0.3038493713386312
False,0.85,0.01,0.1,0.06,1262424.4829514588,0.07667688715792886,-0.18541559360729892,-0.2560643944262699,0.0,0.19303457020380602,1643548.359179652,0.09942314889657977,-0.268638056470452,-0.2833308861076306,1.0,0.4088993577384311,3465026.1697013397,0.08871723299869994,-0.2718526260698105,-0.2985010425631934,2.0,0.30622857929757186,1643279.3535846618,0.09940179233820412,-0.268638056470452,-0.2833308861076306,3518783.778751896,0.08953091691265413,-0.2718526260698105,-0.2985010425631934
False,0.85,0.01,0.12,0.03,1362551.746446971,0.08488279200100612,-0.2155513830756915,-0.26119082500054414,1.5,0.19701901648537196,1584628.528070739,0.09565515967681859,-0.2631855950529325,-0.2656905607460081,4.5,0.42592513621344147,3781087.497956861,0.09330705008201967,-0.26387858739756404,-0.2847740516264015,7.0,0.313637021281546,1561513.916017586,0.09414100922918756,-0.26318218253702164,-0.26569170196180175,3682306.5994831007,0.09191141605334818,-0.26347838920008576,-0.2847740516264015
False,0.85,0.01,0.12,0.04,1359344.6234292788,0.0846289088059704,-0.2066215706536691,-0.2521291859047515,0.5,0.19803712127240802,1599753.8595272535,0.09663464456601356,-0.26318218253702164,-0.26569170196180175,3.0,0.42492112442081525,3724553.4034237177,0.09249332705805491,-0.2638785873975642,-0.28983343961293817,3.5,0.31319632900173544,1567303.3857858453,0.09452249512109456,-0.26318218253702164,-0.26569170196180175,3710135.613167979,0.09231072772830429,-0.2638785873975642,-0.28983343961293817
False,0.85,0.01,0.12,0.06,1359344.6234292788,0.0846289088059704,-0.2066215706536691,-0.2521291859047515,0.0,0.1986131058627311,1584465.8429877653,0.09564459406665748,-0.2631855950529325,-0.26569170196180175,2.0,0.4220930347254286,3757158.7677584635,0.09298629815961668,-0.2638785873975642,-0.28678029988209447,2.0,0.31260875588632886,1562069.518915327,0.09417844759472316,-0.26318218253702164,-0.26569170196180175,3750431.687222927,0.09290320278339126,-0.2638785873975642,-0.28678029988209447
False,0.85,0.01,0.14,0.03,1422976.816815096,0.08956866162412513,-0.21456384367368903,-0.2606621455203683,1.5,0.1999233199289787,1542738.241791634,0.09288451883641324,-0.24749620902206498,-0.2642634987230274,6.0,0.4230048819115164,3682948.575594143,0.09193733941392546,-0.24657972402170686,-0.26772835568476777,9.0,0.3115935139151855,1551218.2950778424,0.0934610999734582,-0.24686203526142103,-0.2580004107622005,3564205.024675565,0.09019794294267025,-0.24657972402170686,-0.26772835568476777
False,0.85,0.01,0.14,0.04,1424571.6776858666,0.08969026891891663,-0.21531947130085755,-0.2600510243260797,1.5,0.2006780363176937,1575564.4790561714,0.0950598633554599,-0.2488856122938401,-0.2807574062205487,4.5,0.4218174145550295,3666969.960939644,0.09171102501809947,-0.24888570360870432,-0.26997840363674597,7.0,0.3101329819852829,1547530.8174078055,0.09321515101878808,-0.24752141563752583,-0.2528000842744668,3604033.023664605,0.09079592584651208,-0.24888570360870432,-0.26997840363674597
False,0.85,0.01,0.14,0.06,1411109.2286303039,0.08866224191407734,-0.20562134092786272,-0.2546644667089758,0.0,0.19682208534713472,1582082.699434351,0.09548879400365595,-0.24204128004589676,-0.25964259307387644,2.0,0.41815338843024125,3535692.3223135234,0.08978414410388291,-0.2420389762938352,-0.2634494993714112,3.0,0.30712324386192397,1532565.557381481,0.09221386682434718,-0.2420392180973966,-0.24941800623234628,3457629.8368814117,0.08860498688329344,-0.2420389762938352,-0.2634494993714112
False,0.85,0.01,0.16,0.03,1351377.432078604,0.08399444647361443,-0.20947855602597498,-0.23802228290312355,4.0,0.19408364135008113,1583903.0229746033,0.09532322196527698,-0.2669841612396751,-0.3188966576101324,12.0,0.4216554192578017,3408237.1813363796,0.08784547939751508,-0.28607779514357967,-0.3190272157970259,17.0,0.3100900199338885,1591039.621941749,0.09606586268266104,-0.2629864965020972,-0.3188966576101324,3366187.9383284533,0.08715749572219478,-0.2767347674266914,-0.3190272157970259
False,0.85,0.01,0.16,0.04,1351022.9269635323,0.0839636242322489,-0.21042464858698356,-0.2428121713334214,2.5,0.1952887106568704,1586917.1409891793,0.09544786641607361,-0.2728064009978879,-0.31833128515224435,9.0,0.4168872454185652,3358334.3219649093,0.08706582031081889,-0.28742491186413466,-0.3173009421421707,12.0,0.3080632779625525,1606004.3050730526,0.09703045629766527,-0.2736449481984174,-0.31833128515224435,3247485.0407179887,0.085300319784687,-0.27565344146424714,-0.3173009421421707
False,0.85,0.01,0.16,0.06,1344717.1300678335,0.08346320618426362,-0.21073356328658582,-0.25179472511613926,1.0,0.1963909082678372,1552323.0984620699,0.09322252785329799,-0.2797893759994192,-0.31750078849580093,5.0,0.41537144555982847,3287615.6015334353,0.08594775743904104,-0.2808144444597611,-0.3162229841482196,6.0,0.3069558494560828,1572526.5503356128,0.0948501157998467,-0.26530464924551234,-0.31750078849580093,3225906.8452188936,0.08495076825983838,-0.28042428689785154,-0.3162229841482196
False,0.85,0.01,0.2,0.03,1365289.0879857554,0.08509652143026103,-0.20407357041631502,-0.2497569989711309,6.5,0.19326900104157838,1552631.5162046393,0.09354301490739525,-0.31072364883781983,-0.31667698444245773,17.0,0.42653236793003857,3569492.411122132,0.09028679031031595,-0.30940634960938745,-0.3179067371722196,23.0,0.31041292685187655,1511751.251396626,0.09081179346904711,-0.31072364883781983,-0.31667698444245773,3339049.800577314,0.08675127647230829,-0.30940634960938745,-0.3179067371722196
False,0.85,0.01,0.2,0.04,1356478.3166033248,0.08439952957550656,-0.19925359567735001,-0.24710693343390505,4.0,0.19150725746929717,1553729.3515868348,0.09360937401289093,-0.30904141790426615,-0.31517766503954053,12.0,0.4223289099255605,3431966.833960088,0.08821141027118018,-0.308234507829922,-0.3179316404889583,16.0,0.30918792620954083,1517006.5468794,0.09116077845629911,-0.30904141790426615,-0.31517766503954053,3282038.625510241,0.08585858219047049,-0.308234507829922,-0.3179316404889583
False,0.85,0.01,0.2,0.06,1359967.2466607164,0.08467802695751281,-0.20099549197184924,-0.25565673160399954,2.0,0.19074122767191545,1575720.653070346,0.09507042982993397,-0.30815286868451786,-0.3173662210228918,7.0,0.4206305674235171,3249367.3315704856,0.08532734860761126,-0.30936406674912825,-0.31621433507719443,10.0,0.3080823518374797,1530901.235577479,0.09210194967316332,-0.30815286868451786,-0.3173662210228918,3261797.0183058474,0.08552081400231126,-0.30936406674912825,-0.31621433507719443
False,0.85,0.02,0.06,0.03,1200203.906435058,0.07129665970232735,-0.19739811435974264,-0.23091030812036878,1.0,0.1999948290901556,1696729.7576393473,0.10272186837152453,-0.275085923969016,-0.29129173427370786,3.0,0.43516988245444976,3348623.806986594,0.08691553744536706,-0.2726811300380554,-0.29542065607279194,3.0,0.3211220356495952,1671910.0974851884,0.1011948281613737,-0.275085923969016,-0.29129173427370786,3388027.509494706,0.08753264037721875,-0.2726811300380554,-0.29542065607279194
False,0.85,0.02,0.06,0.04,1197049.2949259318,0.07101662359647087,-0.19739811435974264,-0.23091030812036878,1.0,0.19889911172235736,1670331.1809880757,0.10109710558215312,-0.2767674559749499,-0.29059644717464045,1.0,0.4357444561618906,3310941.9018894406,0.08632017531866065,-0.2764121013495378,-0.29059802346131136,2.0,0.3227687217583328,1654678.686126296,0.10011893419828022,-0.2767674559749499,-0.29059644717464045,3321731.587791307,0.08649157735362278,-0.2764121013495378,-0.29059802346131136
False,0.85,0.02,0.06,0.06,1211855.0964863105,0.07232522366739169,-0.19739811435974264,-0.23091030812036878,0.0,0.19826690729079302,1658918.3220159877,0.10038614324859485,-0.26243042230576763,-0.29059644717464045,0.0,0.4368996442611504,3341336.052965573,0.08680153319247463,-0.26164199281832307,-0.29059802346131136,0.0,0.3216756500596994,1670982.8144487992,0.10113744125399315,-0.26243042230576763,-0.29059644717464045,3364209.3162818956,0.0871610020816127,-0.26164199281832307,-0.29059802346131136
False,0.85,0.02,0.08,0.03,1258550.5968083106,0.07635589162540946,-0.19277911609431592,-0.23721671610284922,0.0,0.20236555993338204,1691220.9026541342,0.10238229031382373,-0.2578254886287141,-0.27727577356986094,7.0,0.43419527070140596,3376802.346753701,0.08735773091874288,-0.2620468511836879,-0.2749220500964693,6.0,0.3245805044569937,1673693.4446876044,0.10130118895872697,-0.25680329566872984,-0.27727577356986094,3382394.897362653,0.0874449283820583,-0.26168811014030136,-0.2749220500964693
False,0.85,0.02,0.08,0.04,1260160.1045186967,0.07649362363284973,-0.19277911609431592,-0.23721671610284922,0.0,0.20313492543457043,1646155.8197031952,0.09958544517476975,-0.26257513422580764,-0.27465463942828017,4.0,0.4349737513437142,3376218.0351052443,0.08734879400906614,-0.26371557403976437,-0.28707324388074107,4.0,0.32460853925732885,1685733.5300476665,0.10204590853763496,-0.2602027022877471,-0.27465463942828017,3436676.168036738,0.08828389658208757,-0.26371557403976437,-0.28707324388074107
False,0.85,0.02,0.08,0.06,1259875.4411353178,0.0764692871200996,-0.19277911609431592,-0.23721671610284922,0.0,0.2018178814781392,1674063.8520577005,0.1013283130729955,-0.2613069962627933,-0.28185205014359127,3.0,0.4351514620702339,3419978.525470849,0.08802745087199404,-0.26808732690558423,-0.27890958263604354,2.0,0.3224108257928435,1690338.4294641702,0.10232470727862686,-0.2558975220341952,-0.27837435301820673,3408994.3038389436,0.08785799635996228,-0.26720661461206,-0.27890958263604354
False,0.85,0.02,0.1,0.03,1337964.509388521,0.08291649025674497,-0.1975058101779691,-0.24262963476078703,3.0,0.20250594506557185,1616892.5900442647,0.0977303642664411,-0.253201741904915,-0.2659725956948296,4.0,0.441293885010329,3699697.020948109,0.09218183527107138,-0.25878494541082175,-0.27474275024129813,8.0,0.32427001031635033,1569811.4696325748,0.09468739956556682,-0.25255062948306534,-0.26488770132534695,3666996.4368086825,0.09171208176150814,-0.25878494541082175,-0.2701027100602836
False,0.85,0.02,0.1,0.04,1337178.8925476759,0.08285817690801933,-0.19755699416734013,-0.24071907614031052,1.5,0.20282624467791965,1586112.4647350188,0.09575151377151614,-0.25234877881188256,-0.2623737861095059,2.0,0.4396457854777093,3747835.542222809,0.09285960340574373,-0.25176593733214897,-0.2784258724937321,4.5,0.32395407747872074,1592157.3351660634,0.0961419015645224,-0.25205753880749343,-0.25732217045916533,3699871.0280245263,0.09217902665357025,-0.25176593733214897,-0.27168563188786027
False,0.85,0.02,0.1,0.06,1354568.0916668095,0.08424933423524783,-0.20466948270743812,-0.242093873073571,1.0,0.20527947899136334,1586401.8443890377,0.09576797620569466,-0.25205753880749343,-0.2576946665897112,1.0,0.43689400845973947,3649292.5714823483,0.09145599741615296,-0.2520582301277904,-0.27569370282914596,3.0,0.32516404950329747,1606271.689732724,0.09705341095946962,-0.25202995821519264,-0.25732217045916533,3708755.222237695,0.09230602409659994,-0.2520582301277904,-0.27108145859769034
False,0.85,0.02,0.12,0.03,1345614.5499233692,0.0835353161057718,-0.19536307103866074,-0.23926475539443076,3.5,0.20569639130885972,1604190.7579921733,0.09691934765781995,-0.2424663725372787,-0.2648144177819659,4.0,0.4476835827630277,3651819.6204348095,0.09149146316418799,-0.24247003252467197,-0.2636455891667328,8.5,0.3253052356148026,1545828.480681597,0.09310266779814125,-0.24188339068227166,-0.247857132274861,3623909.7977670375,0.09108670135075769,-0.2416120132001664,-0.2541464989056345
False,0.85,0.02,0.12,0.04,1365423.776581029,0.08508969271782563,-0.19738554239662565,-0.2400566682511789,2.0,0.2087091330772149,1623802.1846304925,0.09816376276364835,-0.23362748858428162,-0.27319626214011833,2.0,0.44102734260970167,3661202.3826493365,0.09162393700505456,-0.24137350379711325,-0.26672769872088903,5.0,0.3248167013075638,1571866.204988055,0.09481054574959846,-0.23362508224132422,-0.24661591129066324,3638751.4444914823,0.09129725319989157,-0.23362719069837984,-0.26011889822391965
False,0.85,0.02,0.12,0.06,1369465.8484246093,0.08539192858872402,-0.20445677426344672,-0.2429421047111908,1.0,0.2056510040338222,1601391.5329575697,0.0967399674683721,-0.23362748858428162,-0.2737579571511107,1.0,0.4415710807335672,3609811.986300725,0.09087972845290793,-0.23995556137032253,-0.2650461160590386,3.0,0.323444401939714,1555848.5456185895,0.09376235353905227,-0.23362128824961814,-0.247165406880622,3634744.306233697,0.09124373952405418,-0.23385429619161957,-0.2615532120935605
False,0.85,0.02,0.14,0.03,1413691.452853957,0.08886018129372208,-0.2085508097566991,-0.24188192302691663,3.0,0.2095494138062181,1640006.5714530402,0.09898206295603718,-0.28204695678927333,-0.30225780024686866,7.0,0.44528885481697905,3642726.879861337,0.09136041620855462,-0.28264112852289963,-0.3007102482220769,12.0,0.3270291050218681,1669566.4071604968,0.10101738492229428,-0.27303752841018103,-0.3008344799271219,3577248.6676948024,0.09040158056748182,-0.2696886914379952,-0.3007102482220769
False,0.85,0.02,0.14,0.04,1408639.6703497362,0.08847319148813104,-0.20836755612056723,-0.24219641666460162,2.0,0.20864842440767906,1617963.4632884744,0.09764284689404867,-0.26742636880092824,-0.2993214973783141,5.5,0.43952208737673304,3442376.316286008,0.08836310431260108,-0.2827827862763485,-0.29843476163910027,8.0,0.32640391621730497,1627218.2564797583,0.09837160446006654,-0.26578401844678945,-0.2993214973783141,3487343.5259054704,0.08904869600983589,-0.2708348398963322,-0.29843476163910027
False,0.85,0.02,0.14,0.06,1404078.8262450965,0.0881229184946597,-0.20926083045813482,-0.24224645894650776,1.0,0.20765105447275395,1635505.823564231,0.09887498427889996,-0.2717538181215763,-0.3040584062013825,3.0,0.43672196316218215,3581341.3390487786,0.09046045533249558,-0.26378598329466174,-0.30282266298041066,5.0,0.3224503773861605,1643143.4477531402,0.09939298713254652,-0.2676972943018466,-0.3040584062013825,3506878.0309244646,0.08934887067765762,-0.2605728383053878,-0.30282266298041066
False,0.85,0.02,0.16,0.03,1353828.4820702975,0.0841887907593426,-0.19046704271833537,-0.24647932660608804,2.0,0.20700452228052033,1563802.7953526252,0.09429227519103212,-0.28881514250358287,-0.2930999723704136,9.0,0.4514261708006765,3449707.877176968,0.08846003762371113,-0.2869092387355085,-0.29130777738299013,10.5,0.3307594312659369,1637037.2258445048,0.099012700364709,-0.28881514250358287,-0.2930999723704136,3552148.5467633987,0.090029066272169,-0.2869092387355085,-0.29130777738299013
False,0.85,0.02,0.16,0.04,1349079.4253776572,0.08381189816352386,-0.1913886428774736,-0.24647932660608804,2.0,0.20553257324577384,1563017.3091020002,0.09423020733770893,-0.28929021618335476,-0.29590771285652023,6.0,0.4510216186944992,3382058.056349125,0.08742342328999475,-0.29055152664071654,-0.2993821375429002,8.0,0.33160052999728196,1648176.5517499638,0.09971430109885104,-0.28782090625694956,-0.29401239230211973,3505264.2793607754,0.08932722968721962,-0.28929916245346743,-0.2993821375429002
False,0.85,0.02,0.16,0.06,1335149.2585598829,0.0826937757377415,-0.1901635441139613,-0.24647932660608804,1.0,0.2038274663105309,1535003.8823290132,0.09238092560489419,-0.2911000482587208,-0.29623125547395485,3.5,0.45157428945193756,3361857.6546579394,0.0871233076094512,-0.2900234098961756,-0.29623140169652096,4.0,0.3296182667626454,1636106.0656942306,0.09895048596512157,-0.2909884085448491,-0.29623125547395485,3557065.33887109,0.09010200999836804,-0.2900234098961756,-0.29623140169652096
False,0.85,0.02,0.2,0.03,1338293.4539956124,0.0829441595680821,-0.2114632016624015,-0.2529769262941846,2.0,0.20467506355632256,1527553.854700006,0.0918778106759639,-0.30653155075293004,-0.30920443811866183,6.0,0.4595902086810396,3373598.3035589517,0.087291603070346,-0.3069892682308563,-0.30916112203009777,8.0,0.3301165672112297,1526076.420196041,0.0917812334603132,-0.30653155075293004,-0.30920443811866183,3344205.4606357384,0.08683700410017325,-0.3069892682308563,-0.30916112203009777
False,0.85,0.02,0.2,0.04,1345158.3254722443,0.08349912556411154,-0.20401526759192556,-0.25293330862417723,1.0,0.2049774703136683,1519863.2507235277,0.0913617936964265,-0.3007235383373904,-0.300734663131078,4.0,0.4554522096632905,3309031.6380871367,0.0862842755261295,-0.3007220773019833,-0.30073456476121213,5.0,0.3299483696243849,1520180.4653059994,0.09137890042344277,-0.3007235383373904,-0.300734663131078,3294563.8474847246,0.08605598957538296,-0.3007220773019833,-0.30073456476121213
False,0.85,0.02,0.2,0.06,1350040.6468152716,0.08388915516806372,-0.20522428907498974,-0.2559060838881251,1.0,0.20698392461061732,1515172.4349488365,0.09104434548732376,-0.3007235383373904,-0.300734663131078,2.0,0.45507690346828855,3320608.678257157,0.08647364032607086,-0.3007220773019833,-0.30073456476121213,3.5,0.32871394060724385,1511181.787813825,0.09077117088918119,-0.3007235383373904,-0.300734663131078,3295347.4673329983,0.08607156745899058,-0.3007220773019833,-0.30073456476121213
False,0.85,0.03,0.06,0.03,1240025.1752669862,0.0747757111815448,-0.19381041829567908,-0.21958124377228225,1.0,0.21189733703620905,1607628.9318970826,0.09713825332989867,-0.2604726708322368,-0.2674392114189094,2.0,0.4571634989754054,3373042.969872794,0.08729819349454715,-0.26076552529234537,-0.2735534553615817,3.0,0.33852155023683983,1624484.804226082,0.09821825487607405,-0.2581742609920269,-0.26677612414790125,3353475.2929431368,0.08699040234840494,-0.2585657621010636,-0.2672486489427591
False,0.85,0.03,0.06,0.04,1255164.4431385486,0.07607202650465594,-0.1914106093859314,-0.22280959422615365,0.0,0.20908673020369314,1625102.2022115248,0.09825622098723663,-0.2626052978871269,-0.2702296700595605,1.0,0.45685474250471336,3450023.3413954508,0.08848914151178178,-0.25927476171418695,-0.27353803434873575,2.0,0.3370054972456824,1633952.6002581043,0.09881827297685919,-0.2532351258147805,-0.26927930515531745,3439683.8846342308,0.08833049456479158,-0.25295812967054226,-0.27010086368210284
False,0.85,0.03,0.06,0.06,1255164.4431385486,0.07607202650465594,-0.1914106093859314,-0.22280959422615365,0.0,0.208123410802607,1589121.9632694959,0.09594631680236987,-0.25431892095756164,-0.2656871754464195,0.0,0.4568681814534557,3410595.7636910956,0.08788284950643444,-0.2580886958425149,-0.2735090647258586,0.0,0.33741847808486447,1618882.4260886898,0.09786143433968852,-0.2543179538563015,-0.2604925910478567,3414421.525868236,0.08794201669137891,-0.24806251168065213,-0.26344296650306104
False,0.85,0.03,0.08,0.03,1298450.926233198,0.07970227055051193,-0.18833863765660436,-0.24458346770744677,0.0,0.2111395319187034,1566308.166004282,0.0944427380140489,-0.24972425629415396,-0.25777210344583007,4.0,0.456796251235881,3515045.155529703,0.08947419308758009,-0.2480871445072828,-0.2617993509249762,4.0,0.33781565223922067,1598038.0851830188,0.09651879213060877,-0.2453060680851012,-0.2576425461750321,3489979.827541051,0.08909498084982126,-0.2480871445072828,-0.2580029001536873
False,0.85,0.03,0.08,0.04,1298450.926233198,0.07970227055051193,-0.18833863765660436,-0.24458346770744677,0.0,0.21012065159532928,1600529.164256981,0.09668399178796738,-0.25313748850578804,-0.25690895807081077,3.0,0.45623589185574065,3363440.1821306907,0.08714886545346945,-0.25147011561647653,-0.26314973943538805,3.0,0.3383485248655199,1592560.4612207208,0.09616726655727326,-0.24505678789389296,-0.25690895807081077,3411887.2011880428,0.08790281242475217,-0.25147011561647653,-0.2563406792361466
False,0.85,0.03,0.08,0.06,1295704.4223366515,0.07947518508567686,-0.18833863765660436,-0.24458346770744677,0.0,0.21012065159532928,1596199.848218271,0.09640529533929765,-0.24221599183037773,-0.25091749496903665,1.0,0.4533198245708968,3436768.629185682,0.08828494770874928,-0.24731298221910103,-0.2601090941517947,1.0,0.3360756432599836,1569926.3861843417,0.0946879796429283,-0.2422117980456603,-0.25354922325339146,3473435.451187143,0.08884609564701718,-0.24310007864574007,-0.25897913127255645
False,0.85,0.03,0.1,0.03,1358023.2625988224,0.08452026211081087,-0.1911376080187951,-0.23079083119447005,2.0,0.21321053924240996,1587998.1663464173,0.0958684291791847,-0.2336430017112177,-0.28428729566799693,3.0,0.45752981562035344,3478955.4693485526,0.08892982953483619,-0.23775519582366633,-0.271895910923792,6.0,0.33741835965200284,1577568.825731106,0.09518190149528605,-0.23302025521266995,-0.2613038026698298,3628818.2209974793,0.09115346874421659,-0.23456092007928542,-0.24506043639865172
False,0.85,0.03,0.1,0.04,1367606.715889439,0.0852794731037908,-0.18949735015968444,-0.22826988001364845,1.0,0.2164759421409417,1586203.54250293,0.09575745438396766,-0.23367834287181571,-0.2751376923830263,2.0,0.4564661800743911,3468568.9312748956,0.08877205424954282,-0.2413159233972006,-0.26335375043988474,4.0,0.33951476079210896,1558407.6912030496,0.09393424678416562,-0.23167518059536552,-0.25609974683801773,3537743.0895878156,0.08981178452042726,-0.23521058126142946,-0.2486407146950379
False,0.85,0.03,0.1,0.06,1361773.4430475968,0.08482058683622318,-0.1900602382803353,-0.23083859973696433,1.0,0.21187319713175182,1581467.2415744825,0.0954483825235195,-0.23112986479479292,-0.27318741760857834,1.0,0.4543810432508888,3533506.082399503,0.08975032470920474,-0.2466911867802447,-0.2676770949709719,2.5,0.3355453155060333,1554753.1534038438,0.09367668956095154,-0.23364621823092463,-0.2540791697490796,3540516.9153926675,0.08985608056424998,-0.23596828849493218,-0.2577820112390833
False,0.85,0.03,0.12,0.03,1417486.0226563963,0.08915070422296922,-0.1860599814551282,-0.2289631367996214,3.0,0.21446801431335838,1523567.8834030426,0.0916127048130081,-0.2657889943329606,-0.28772926757981215,5.0,0.4575650926625268,3442177.2626167946,0.08835057660519097,-0.26352231566702145,-0.2868168684410791,9.0,0.3430947209810161,1563101.2476352744,0.09424103509479964,-0.2600171152428848,-0.28772926757981215,3497733.8180767624,0.08921135157372384,-0.26136244169841966,-0.2868168684410791
False,0.85,0.03,0.12,0.04,1420615.1716319495,0.08938861435303391,-0.18713457646722054,-0.23362959212456633,2.0,0.21850125828959419,1534469.4366722198,0.0923448216810675,-0.2640974817911336,-0.29144472737731364,3.0,0.45739318904037773,3428966.1651256816,0.08815465032238323,-0.2605759611375704,-0.29136825974967334,6.0,0.34226483025477894,1601315.5108857625,0.09673330463661012,-0.2583247755169882,-0.2914440051273322,3558142.094892268,0.09011851753990596,-0.2572740421824664,-0.29022727375519186
False,0.85,0.03,0.12,0.06,1396414.4651333997,0.08753155011719338,-0.19317077986406767,-0.23529116679071216,1.0,0.2138049046645939,1529872.0582946273,0.09203623150307627,-0.28028489870318174,-0.2879243399737264,1.0,0.45581793824992556,3349830.753251966,0.08693524903215377,-0.2664076435813326,-0.2802895918666619,3.0,0.33868226175908334,1539442.063563114,0.09266527905401334,-0.26333154044491097,-0.28028942709881227,3473160.328520227,0.08884069633181169,-0.26406837934749455,-0.28028855641809763
False,0.85,0.03,0.14,0.03,1384322.7422172022,0.08657756872287314,-0.19291343265294753,-0.23605659185797034,0.0,0.21358912695786308,1615124.5098314574,0.09762127857930192,-0.27331362416209937,-0.28226580730488715,9.5,0.4652156764528521,3450626.5269870535,0.08849683917544471,-0.2729809382197105,-0.2826969598876982,9.0,0.3455941025964756,1530635.3056489727,0.09208780396464356,-0.27284047281097157,-0.2811324371006517,3558696.8323367327,0.09011677785360706,-0.2711134252246083,-0.2809937611917601
False,0.85,0.03,0.14,0.04,1384322.7422172022,0.08657756872287314,-0.19291343265294753,-0.23605659185797034,0.0,0.2143903680418538,1545019.941322363,0.09304861531160225,-0.2735461170406185,-0.2877421643865181,6.0,0.46526562296612173,3371034.9822698045,0.08726533527703961,-0.2785505936211636,-0.2917496876170051,6.0,0.34424909268147486,1542149.5157900534,0.09285830281169216,-0.2714383761108294,-0.27983129186555666,3526697.714873816,0.08963876231641688,-0.2729666951223394,-0.27884647298656884
False,0.85,0.03,0.14,0.06,1384322.7422172022,0.08657756872287314,-0.19291343265294753,-0.23605659185797034,0.0,0.2136946597397567,1586398.2431917256,0.09575911827857453,-0.27714942968233264,-0.2887690129807714,4.0,0.46431836840976115,3383969.2341113565,0.0874696555004918,-0.27510834379094995,-0.2889970814115632,3.5,0.3420799343919335,1533986.6325703661,0.09231254384543108,-0.2762732790846678,-0.28353166018769554,3511549.573545935,0.08941834860612052,-0.27510834379094995,-0.2779102717384838
False,0.85,0.03,0.16,0.03,1392324.073936711,0.08721466129982458,-0.19169118626946507,-0.2347474911401661,4.0,0.21175400380207005,1569022.5789202992,0.09461598490243228,-0.2853973916104705,-0.2875826896260126,7.0,0.46071040673981445,3391962.224359163,0.0875908111541649,-0.28480939647696146,-0.28703475538033496,11.0,0.33990443348893484,1573306.8643626973,0.09491339877257499,-0.28433453351593746,-0.2870846926396623,3500231.594697506,0.08924598119864358,-0.28480939647696146,-0.28703475538033496
False,0.85,0.03,0.16,0.04,1388376.4500861585,0.08690792169920836,-0.1906087288585474,-0.23975982166192267,2.0,0.21417002631068988,1567814.9389254486,0.09455306491199833,-0.2878853609774982,-0.2907853102781104,5.0,0.46380922323142637,3360441.895292335,0.08710173254985132,-0.28776025279425815,-0.29071796943631995,8.0,0.3409310443734693,1537947.2301740833,0.09257759823180578,-0.28712708278499327,-0.2907853102781104,3507645.9944010526,0.08935553889764958,-0.28776025279425815,-0.29071796943631995
False,0.85,0.03,0.16,0.06,1370667.2813462312,0.08551549393398605,-0.19817796097864787,-0.24260147877424995,1.0,0.21171573011760703,1533724.9491960993,0.09228920122026185,-0.2796883299739326,-0.27969569007938583,2.0,0.4631079895579836,3367445.486441209,0.08721018499872346,-0.2796875029984113,-0.2796954625734262,3.5,0.33821746664022534,1547933.8495310876,0.09323619684618867,-0.2796883299739326,-0.2796956862209915,3396792.5515840147,0.08766259332634319,-0.2796875029984113,-0.2796954625734262
False,0.85,0.03,0.2,0.03,1405777.981269026,0.08825368425179869,-0.19107847168168807,-0.22373202573006112,5.0,0.21357521527369555,1623758.072839628,0.09817193625111587,-0.28355019844333096,-0.29697897308238236,14.0,0.4573207179973707,3478637.329631473,0.08892507272647121,-0.2792499895406112,-0.29755551792765933,19.0,0.33793969393236123,1571113.983911738,0.09477270432121931,-0.2831784912534907,-0.2997476241294092,3423077.4141993225,0.08807552847806199,-0.2785919201882109,-0.2952720254576323
False,0.85,0.03,0.2,0.04,1405923.520456425,0.08826365319957963,-0.193363811848289,-0.22938433460248567,4.0,0.21397581572507418,1602322.8098272856,0.0968002218321754,-0.2863307976039468,-0.29841337535440177,10.0,0.45874874073010735,3485719.640488021,0.08902963492968685,-0.27821182365462904,-0.30476670533888633,14.5,0.3377400099256149,1570395.1395144884,0.09472568805641457,-0.2837038595300666,-0.29841337535440177,3479432.951195891,0.08893641019883969,-0.27501154514670556,-0.2982838335463089
False,0.85,0.03,0.2,0.06,1394223.3823990705,0.08736189718286502,-0.19528905604161806,-0.22972560654051594,2.0,0.21110972603929057,1590460.1666150505,0.09603187513197997,-0.2809426536427112,-0.30155443912257324,6.0,0.46068300205422663,3407673.9931376074,0.08783534068838994,-0.28343789182528467,-0.3053981475567662,8.0,0.3358394279038033,1561640.1636430556,0.09414883819603337,-0.27786317074211925,-0.30155443912257324,3347436.2614537175,0.0868952717026974,-0.2818934376431321,-0.29957222046013804
False,0.85,0.04,0.06,0.03,1284118.6543072807,0.07851255625087794,-0.18904560818285548,-0.22847111809417742,0.0,0.22115161419853369,1544522.330925052,0.09301101951294366,-0.24077451804804612,-0.2584865447246109,3.0,0.4737886045855101,3342900.6047554016,0.08682618958541477,-0.24064513017516992,-0.2656070605607991,2.0,0.35188641536481907,1560019.532798775,0.09404321513286829,-0.24588932086728482,-0.25986227251117483,3399057.918466811,0.08770314537704282,-0.2472325260521092,-0.2624524147543895
False,0.85,0.04,0.06,0.04,1284118.6543072807,0.07851255625087794,-0.18904560818285548,-0.22847111809417742,0.0,0.22066905344888052,1514271.49933746,0.09098457920267133,-0.24168185303043072,-0.2664385025854017,3.0,0.4741862748353288,3328423.3635834567,0.08659752337235138,-0.24449195291203474,-0.26872890486093004,2.0,0.3528513776782267,1553066.9510496529,0.09358329178786973,-0.24847534534431598,-0.25974692052321463,3353987.63472132,0.08700051585460811,-0.2519093363530872,-0.26390830233083884
False,0.85,0.04,0.06,0.06,1284118.6543072807,0.07851255625087794,-0.18904560818285548,-0.22847111809417742,0.0,0.22066905344888052,1508573.2149772947,0.09059610145299268,-0.23959875535986852,-0.25298466749462617,0.0,0.47125556766364274,3356806.8067332343,0.08704481200482117,-0.23859279488097934,-0.26184905215202037,0.0,0.35023561391426666,1519342.8329922361,0.09132356475107306,-0.24621489715968292,-0.26116386749214904,3345546.251616508,0.08686785447894974,-0.24285439535992565,-0.25683790442104826
False,0.85,0.04,0.08,0.03,1346537.384634351,0.08360861887559223,-0.19751739625137799,-0.2326612052187203,0.0,0.22430765528363794,1480952.0405532122,0.08870149853308251,-0.2404146490463711,-0.28244729691276543,2.0,0.4776015509252526,3312420.6304027135,0.08634302108550973,-0.24350868989871427,-0.267368457886083,3.5,0.35510023835172455,1537417.992965879,0.0925400103563403,-0.24397378119045593,-0.2601077942824745,3410733.2267251983,0.08788483805416425,-0.24091414016758955,-0.2574234817623986
False,0.85,0.04,0.08,0.04,1346537.384634351,0.08360861887559223,-0.19751739625137799,-0.2326612052187203,0.0,0.22504893385364283,1477851.8727523256,0.08848392314237352,-0.23573160393919212,-0.2778673509931262,2.0,0.4777256529074369,3322281.4323407086,0.08650024509055021,-0.24700182338792143,-0.27200946396790043,1.0,0.35641449873599196,1537395.1532264764,0.09253141313642421,-0.24602320641209607,-0.2548610522117032,3376573.4029345578,0.0873471789951491,-0.2425116359293532,-0.25507412422821923
False,0.85,0.04,0.08,0.06,1346537.384634351,0.08360861887559223,-0.19751739625137799,-0.2326612052187203,0.0,0.22504893385364283,1515670.915400024,0.09106523823519153,-0.2377200543407859,-0.27682257711163066,1.0,0.47491918041283254,3267705.8762575425,0.08562687140132019,-0.25078504961030507,-0.2733308227816569,1.0,0.35674040662206596,1544788.0768023375,0.0930332321911368,-0.24137363823309382,-0.2647619321996533,3383090.9050805387,0.087455955995139,-0.24253115343432974,-0.25613398072935006
False,0.85,0.04,0.1,0.03,1403376.1673388206,0.0880673781165281,-0.18373346051945733,-0.22510785693734497,2.0,0.21998750895231967,1495590.5062937941,0.08970867890191969,-0.2719151944557087,-0.2827608653088158,5.0,0.4838227219373109,3401137.9057801953,0.08773615714791272,-0.2669668288466591,-0.2850581195707025,7.5,0.35507763897155264,1517613.3487691432,0.09120034586680537,-0.27191517542665905,-0.2721786874250777,3381170.3523750445,0.0874257086065151,-0.2694529395899492,-0.27203066651125474
False,0.85,0.04,0.1,0.04,1391488.5119168044,0.08714981849378844,-0.18440679692972445,-0.22761107260643773,2.0,0.22374061955640853,1497629.9285534038,0.0898342422036702,-0.2719151944557087,-0.2737521601689739,2.5,0.48154730096915344,3363528.436083656,0.08714925473158308,-0.2719148037865514,-0.27730708384707475,5.0,0.35525785105901675,1506869.8894571136,0.09047685291561913,-0.26546983459030205,-0.2719182707816411,3391122.898160724,0.08758090483241798,-0.27130181075353155,-0.2719185638457071
False,0.85,0.04,0.1,0.06,1410876.4337669024,0.08864516455140448,-0.18416421864121335,-0.22932886367220495,1.0,0.2213537769595162,1514617.0171386627,0.09100763364563036,-0.2719151944557087,-0.2877170042592894,2.0,0.4815493612809981,3377893.4022918465,0.0873748742177286,-0.27191480378655136,-0.29081685009025576,3.0,0.3559610663131627,1495201.2935118726,0.089679239667945,-0.26896009915042407,-0.271918563845707,3340467.6144199893,0.08678761311576688,-0.261922185080925,-0.272815689390045
False,0.85,0.04,0.12,0.03,1390107.6049361324,0.08703032517475573,-0.18988803847085428,-0.22954694737559486,0.0,0.22216254398516821,1502158.5977742807,0.09016039683905586,-0.2648967997198756,-0.2760320484431106,3.0,0.47728013830037785,3231695.8741573356,0.08504515876423846,-0.2638833147187852,-0.2821553682258901,5.0,0.35406659725446,1519408.143879744,0.09133169600916191,-0.2626214653852626,-0.2649050676013325,3410847.980904094,0.08788376561637401,-0.2637453784248714,-0.2651864325857313
False,0.85,0.04,0.12,0.04,1397222.1997019644,0.0875884053049446,-0.18988803847085428,-0.22954694737559486,0.0,0.22345775976430016,1483708.6383118453,0.08889387191918008,-0.2686833335424636,-0.27417148108890754,3.0,0.4802564592338323,3257454.942783958,0.08546188399327292,-0.267332054104489,-0.27861724490103157,4.0,0.3547363678866825,1524549.8888851986,0.09167594898751286,-0.26714293511467696,-0.2688935594030192,3429840.3311056676,0.08817887062375906,-0.2670425123726814,-0.26870731071988074
False,0.85,0.04,0.12,0.06,1397222.1997019644,0.0875884053049446,-0.18988803847085428,-0.22954694737559486,0.0,0.22262013380471357,1466557.7797302841,0.08770324727690404,-0.2585564003913119,-0.27801390343813026,1.0,0.4778211634115361,3236912.8987684306,0.08512966157311508,-0.25855475813112133,-0.27939221324761004,1.0,0.3525922164402403,1516060.485244561,0.09110573540768152,-0.2585558524310992,-0.2627038750591243,3350309.87605872,0.08694196481446015,-0.25855378216715375,-0.2659471918431336
False,0.85,0.04,0.14,0.03,1396993.3425678262,0.08757308295171007,-0.18973262702439653,-0.23259394864212748,3.0,0.22207288985531803,1546180.780503952,0.09310760446142963,-0.2643700642822652,-0.27816718691541675,10.0,0.47626078842974484,3306369.307179333,0.08623007792055992,-0.2623335192920677,-0.28497829221785914,12.5,0.35676230451001123,1563764.418740124,0.09427944923442655,-0.26132479756469795,-0.27200728053704604,3510243.9948415165,0.08939796594878169,-0.26220654747699873,-0.27260327554524333
False,0.85,0.04,0.14,0.04,1380805.0348399424,0.08631717345657497,-0.18471918699186274,-0.23370070933983972,1.0,0.21961687378715905,1568294.347519642,0.09458118235893598,-0.2583018218887806,-0.27842712422282967,7.0,0.47460700755051005,3309853.438213382,0.08629805034907112,-0.2560593763557043,-0.28173372737759844,8.0,0.3524515134544167,1574041.5870331416,0.09496336469221911,-0.2570259370428239,-0.2712431106907365,3550250.237080267,0.09000118905072851,-0.260499498246227,-0.2728106679467698
False,0.85,0.04,0.14,0.06,1387911.9001103253,0.08686211158664892,-0.18399820213598816,-0.23768370203381178,1.0,0.22199370199504503,1595289.4058941137,0.09632635900660147,-0.26456392214813484,-0.27894384994600807,4.0,0.4770511696628388,3320214.6441716957,0.0864635183514485,-0.26154613977901703,-0.28162483885346357,5.0,0.35454574305489817,1565143.3247965723,0.09437506082424152,-0.2598651481780818,-0.2769109926477677,3491373.467982376,0.0890980438728779,-0.2641935932912496,-0.2767621817507632
False,0.85,0.04,0.16,0.03,1382273.8426994719,0.08642966450257672,-0.19312154957701028,-0.23433163119058745,1.0,0.22271048904802002,1573801.4242271436,0.09494370351068382,-0.2743499038846925,-0.2848170798515888,9.0,0.4772793005064703,3342477.678823818,0.08681933522028362,-0.2697414518466324,-0.2906813772141258,9.0,0.35442242594255,1521970.767655694,0.09150220904216544,-0.2666738645856593,-0.27884435119656176,3445820.4450059584,0.08842486532564309,-0.26411949042469757,-0.2793599167718242
False,0.85,0.04,0.16,0.04,1366016.4526977134,0.0851565345430102,-0.19312154957701028,-0.23433163119058745,0.0,0.22268675865369075,1566792.6958157383,0.09447861486756892,-0.271244589503479,-0.2994895287099187,5.5,0.473652537580989,3255021.723551349,0.08542346790480382,-0.2693645149745343,-0.2922154261288291,5.5,0.35318202939431365,1534603.7896926105,0.09235357426842827,-0.2629313456864317,-0.27854356857219503,3427615.3674774817,0.08814516739265965,-0.26641045353775006,-0.27732430306392
False,0.85,0.04,0.16,0.06,1366016.4526977134,0.0851565345430102,-0.19312154957701028,-0.23433163119058745,0.0,0.22268675865369075,1511883.006602205,0.09081956217945364,-0.2722751558973249,-0.2937465699285244,2.5,0.4711464432715765,3288602.6456071446,0.08596375594026939,-0.2746338761831069,-0.29620417964538326,2.5,0.3524549462383839,1490355.2752133436,0.08935031786294656,-0.2587432300696491,-0.27673372242442146,3414718.6591101163,0.08794649386672504,-0.2644494506783424,-0.2754731502825452
False,0.85,0.04,0.2,0.03,1375319.8728202377,0.08588498567741543,-0.19566686086705098,-0.227235695453306,2.0,0.22041785497009225,1522723.2829671174,0.09155573822786789,-0.2833893094607337,-0.3040445497609251,9.0,0.47277018223670064,3066155.311688758,0.0822828583929549,-0.2837986723702367,-0.2908868858386414,11.0,0.3579183800074726,1524427.5657502608,0.09166032639142507,-0.2833890562801658,-0.29088688583864153,3323388.1933009382,0.08651761062581587,-0.28337805798185645,-0.2908864864266337
False,0.85,0.04,0.2,0.04,1383507.8442798783,0.08652536779412201,-0.19809344445744959,-0.2284410338387474,2.0,0.22195237013141633,1522994.3122618576,0.09157393621357124,-0.2833893094607337,-0.2933022170213981,7.0,0.4697368488144625,3174967.30726425,0.08411267033945802,-0.2884828395764874,-0.2933122079899806,8.5,0.35456797576842153,1505978.7720348686,0.09042107907585695,-0.2833890562801658,-0.2908868927188933,3291402.2945201974,0.08600858866169403,-0.2833780579818563,-0.2908864864266338
False,0.85,0.04,0.2,0.06,1367001.8464058042,0.08523339151102893,-0.19411082798333473,-0.2279499843828754,1.0,0.2214426858268227,1540374.50944677,0.09273379452245323,-0.2833890562801658,-0.3092853863200437,4.0,0.4686344175263647,3198190.7488271585,0.08449510980918484,-0.28337805798185645,-0.2908864864266337,5.0,0.3578215389038451,1524661.0361072512,0.09168536990477294,-0.2833890562801658,-0.2908868927188933,3270750.8742442233,0.08567695009711263,-0.28337805798185645,-0.2908864864266337
False,0.9,0.01,0.06,0.03,1198247.307125675,0.07112304424790905,-0.19189936856004564,-0.2088313427358398,0.0,0.19224794257610966,1784716.0649125422,0.10797887232433356,-0.2985582689522923,-0.30797250801221393,9.5,0.43396712323554637,3514204.6311676,0.08946008965053243,-0.29308040966359505,-0.3040953647943072,10.5,0.31804928082301964,1751099.8358677803,0.10599834684939813,-0.2985582689522923,-0.30797250801221393,3520505.422340771,0.08955676944236113,-0.29308040966359505,-0.3040953647943072
False,0.9,0.01,0.06,0.04,1198247.307125675,0.07112304424790905,-0.19189936856004564,-0.2088313427358398,0.0,0.19114892994290947,1746087.7848908268,0.10570079066804927,-0.3031601976983715,-0.31178048330330604,7.0,0.42923480931012453,3452376.226770659,0.0885242836135487,-0.2946330184785732,-0.3094918867739215,7.0,0.3175104406067899,1725171.8684617095,0.10444804921485717,-0.3031601976983715,-0.31178048330330604,3492143.8235731237,0.08912877206915382,-0.2946330184785732,-0.3094918867739215
False,0.9,0.01,0.06,0.06,1198247.307125675,0.07112304424790905,-0.19189936856004564,-0.2088313427358398,0.0,0.19114892994290947,1794551.9905794384,0.10855177139386818,-0.2844451770735428,-0.30503553336872247,3.0,0.42682310710289606,3508587.6779255094,0.08937764719300056,-0.2879451689826718,-0.296887067045503,3.0,0.317143252656723,1781211.257442273,0.10777373155049585,-0.2844451770735428,-0.30503553336872247,3510771.943995283,0.0894105066827855,-0.2879451689826718,-0.296887067045503
False,0.9,0.01,0.08,0.03,1265149.2695423828,0.07691933817731733,-0.1832055114684651,-0.23697384870471705,1.0,0.20252261053525852,1768223.5331505742,0.10701181132228199,-0.2842087378801549,-0.30986334121271003,6.0,0.43833281714907424,3733477.5090617957,0.0926632550329255,-0.2891624079732708,-0.31592644931480085,6.0,0.3242894608512643,1776251.502407672,0.10748295276096109,-0.2842087378801549,-0.30986334121271003,3773778.5221536066,0.09323212351013122,-0.2891624079732708,-0.31592644931480085
False,0.9,0.01,0.08,0.04,1272830.0925085263,0.07756701186352877,-0.1832055114684651,-0.23697384870471705,0.0,0.2007033818831107,1788168.224428664,0.10817908813285104,-0.282421684206869,-0.30457467134157523,2.0,0.43418878428435426,3685010.415428048,0.09197137108463693,-0.27864109870007925,-0.3205293400872438,2.0,0.32283534990800133,1788465.660552537,0.10819764456499903,-0.28204389939418395,-0.30457467134157523,3773932.4151972663,0.09323429174782205,-0.27864109870007925,-0.3205293400872438
False,0.9,0.01,0.08,0.06,1272830.0925085263,0.07756701186352877,-0.1832055114684651,-0.23697384870471705,0.0,0.2004901220217411,1796725.2933765952,0.1086764075317922,-0.2896605887346535,-0.31018799409948017,2.5,0.4353453058463935,3708827.0955397175,0.09231247348845639,-0.2961724067881678,-0.3136423110027302,2.0,0.3227637808597914,1793235.277484601,0.10847136128328771,-0.2896605887346535,-0.31018799409948017,3713609.2176040034,0.09238014513765958,-0.2961724067881678,-0.3136423110027302
False,0.9,0.01,0.1,0.03,1301461.9479495496,0.07994819063223035,-0.18953494059283443,-0.2659947727636939,1.0,0.20824894862539847,1747643.6120464061,0.10579259788864559,-0.28566498875655105,-0.29469790936425333,7.0,0.43638354675688573,3926055.145247424,0.09533044025426995,-0.28294419650643315,-0.2996747772072216,8.0,0.3284783318257348,1765124.4959004745,0.10682916563924116,-0.28522362534647544,-0.29469790936425333,3866882.54700005,0.09452318114327873,-0.28294419650643315,-0.2996747772072216
False,0.9,0.01,0.1,0.04,1306037.5815395322,0.08032663877724777,-0.1872767478221085,-0.2659947727636939,0.0,0.20700008755080276,1770277.78908934,0.10712233341154309,-0.2873301936085218,-0.30036723651823666,4.0,0.4372960415524275,3812059.885289748,0.09376588355090132,-0.2868137607077124,-0.3085365678865743,5.0,0.32559094977689007,1770427.3437224568,0.10713924010376497,-0.2873301936085218,-0.30036723651823666,3839315.503273759,0.09414491169494188,-0.2868137607077124,-0.3085365678865743
False,0.9,0.01,0.1,0.06,1312984.6287507217,0.08089666704091358,-0.1872767478221085,-0.2659947727636939,0.0,0.20405880066417253,1789263.8459495106,0.10823267963560279,-0.2855534412491368,-0.29847498763609054,2.0,0.4306822225139867,3776717.268628569,0.09327338260019724,-0.2841265085063434,-0.3171306925115512,3.0,0.3259526265750598,1780784.8166276563,0.107749153415308,-0.2855534412491368,-0.29847498763609054,3762256.1480108453,0.09306958181707392,-0.2841265085063434,-0.3171306925115512
False,0.9,0.01,0.12,0.03,1382192.4934020585,0.08642590560329,-0.21871117127831446,-0.2670195414256797,3.0,0.2066113459066733,1668015.6506731883,0.1009495006576906,-0.27963255536925724,-0.28778690456820966,9.0,0.43839407737021113,3868529.531282138,0.09454646468900918,-0.2790931346945006,-0.2916581776448587,11.5,0.3245462536737197,1645135.166834319,0.09951701443563954,-0.27762245212811604,-0.28191145410133983,3894778.7710922454,0.09488820941092879,-0.2790931346945006,-0.2911073428446172
False,0.9,0.01,0.12,0.04,1395534.3044638468,0.08746335192185606,-0.22121559364732857,-0.26986505874063876,3.0,0.20660577691511,1691753.488284246,0.10241317888021917,-0.2765671981760237,-0.2808851389137074,5.0,0.4399812718102432,3928851.1046687663,0.09536075800386912,-0.2779306046641835,-0.2957145385525024,8.0,0.32235361477832375,1641535.6471978999,0.09929590636542196,-0.2741369540410203,-0.2802879034697643,3974336.018986251,0.09597955785813961,-0.27803250550544856,-0.2934793308309083
False,0.9,0.01,0.12,0.06,1380023.0235572946,0.08625622779678865,-0.2186403523736445,-0.26620070814888863,1.0,0.20674361797560104,1668839.9891667967,0.10100348133285997,-0.2794873423786012,-0.2833251654757605,3.0,0.4391327302677952,3873082.2115446227,0.09460941585488936,-0.2796130371856399,-0.3051659993013451,4.0,0.32404397505339,1661166.2857388041,0.10052739885481221,-0.2788642894544153,-0.2829310713080206,3861380.752418601,0.09444866927465889,-0.2796130371856399,-0.3028740039534842
False,0.9,0.01,0.14,0.03,1420278.4729245715,0.08934717262325487,-0.21174772109886164,-0.2528031723679234,4.5,0.2066539758441836,1655465.578299145,0.100167922569525,-0.25910145605505447,-0.27266149410835705,11.0,0.4429109098698556,3822367.58390556,0.09390920559101157,-0.2586212502459548,-0.28450718725229446,13.0,0.3297989954797754,1595590.0827220136,0.09634331495922366,-0.2582530538555608,-0.2695199484789337,3782144.45136474,0.093349443067541,-0.25849121018208154,-0.2813604919355264
False,0.9,0.01,0.14,0.04,1442986.2692616354,0.09108073284197138,-0.2178370446737093,-0.2587583826071626,3.0,0.20737360885336106,1612396.6237919144,0.0974417916222865,-0.2627048850530134,-0.2947035679266787,8.0,0.441239450420381,3851884.2496569324,0.09431562558692863,-0.26171921615767585,-0.2866487721987534,9.0,0.32428489176771624,1557957.2806927527,0.0939051689970003,-0.2626767812992398,-0.2712983335213092,3771673.17361377,0.09319787160700188,-0.26171921615767585,-0.27732914115291396
False,0.9,0.01,0.14,0.06,1434844.4049998876,0.09046817827615239,-0.21555656946746643,-0.25909583761879523,1.5,0.20473486755938214,1604859.8163504195,0.09696342975756889,-0.2615996830533981,-0.26724391297584804,3.0,0.4398886473249893,3865548.380973219,0.09449027992414316,-0.2610207949022576,-0.2776646997874832,5.0,0.32149491392118446,1587067.858483809,0.09580969222102476,-0.260423321110197,-0.26693707232413827,3779929.8733254294,0.09331769470238027,-0.2610207949022576,-0.2776646997874832
False,0.9,0.01,0.16,0.03,1509967.3049477101,0.096010108501273,-0.22969517763673958,-0.28348119525160304,0.0,0.21300264153599244,1620298.0715647184,0.0979517448350613,-0.3076701516451617,-0.32974229553412804,9.0,0.45213614280825787,4208772.279566959,0.09891477376650992,-0.3113912253933205,-0.3281369694579005,10.0,0.3340224135006058,1585740.3690211968,0.09571775662698101,-0.30161241167608616,-0.32974229553412804,4143109.700835945,0.09812314797095611,-0.3113912253933205,-0.32790688594998774
False,0.9,0.01,0.16,0.04,1509967.3049477101,0.096010108501273,-0.22969517763673958,-0.28348119525160304,0.0,0.2131122228812623,1631972.047695899,0.09868901480261927,-0.2979052921675941,-0.3313319421114891,6.5,0.44644746115621303,4094922.5635003215,0.09747746544194069,-0.31143269955401703,-0.3320159791511961,7.0,0.3339120038088085,1627345.8804117395,0.09838227476263395,-0.2979052921675941,-0.3313319421114891,4056843.343005265,0.09700544782939324,-0.31143269955401703,-0.3320159791511961
False,0.9,0.01,0.16,0.06,1509967.3049477101,0.096010108501273,-0.22969517763673958,-0.28348119525160304,0.0,0.21158922580909162,1608928.4769077357,0.09722415219977432,-0.2957119574681025,-0.3313338505704008,4.0,0.44552127687712173,4037174.9999802285,0.09673412370745627,-0.3135249416754427,-0.3319890187612965,4.0,0.3298037008897326,1569409.8545785875,0.09463380869612881,-0.2957119574681025,-0.3313338505704008,3997966.179160335,0.09621856556144537,-0.3135249416754427,-0.3319890187612965
False,0.9,0.01,0.2,0.03,1448828.0788103251,0.09151732649408739,-0.23985610704579385,-0.28660835334175294,0.0,0.21578516622756014,1572886.1307829954,0.09488419903312739,-0.32545864520288975,-0.331529851811512,11.5,0.4614918900386116,4141569.4922182355,0.09817056362085363,-0.3234613214304714,-0.3316668654531336,12.5,0.336847578878412,1622202.6353125337,0.09806776336558154,-0.32545864520288975,-0.331529851811512,4186626.0322859706,0.09874691722797413,-0.3234613214304714,-0.3316668654531336
False,0.9,0.01,0.2,0.04,1448828.0788103251,0.09151732649408739,-0.23985610704579385,-0.28660835334175294,0.0,0.21577848593514093,1577341.0603581718,0.09517731870843038,-0.32073548264793017,-0.3297761571918164,8.0,0.45977636377652065,4094107.6357243336,0.09755811522133262,-0.32162273421370313,-0.33032991376829457,8.5,0.3356906169915712,1629787.5776661234,0.09853957793237478,-0.32073548264793017,-0.3297453405917734,4111582.5014955592,0.09778419902685453,-0.32162273421370313,-0.33032991376829457
False,0.9,0.01,0.2,0.06,1448828.0788103251,0.09151732649408739,-0.23985610704579385,-0.28660835334175294,0.0,0.21671370525498393,1561709.759118218,0.09414416659454883,-0.3228584772215973,-0.33236703581405375,5.0,0.45588019062093615,4157803.21003352,0.09837937937477337,-0.322088553361263,-0.3356798803523102,6.0,0.3365798988733768,1620067.0873354352,0.09789667361366361,-0.3228584772215973,-0.33236703581405375,4139616.7583432253,0.09814640284316667,-0.322088553361263,-0.3356798803523102
False,0.9,0.02,0.06,0.03,1226581.6093299815,0.07361044587604526,-0.20733195024550094,-0.24171897658313982,2.0,0.2083357104629765,1728182.9642623684,0.1046271933358841,-0.2977841420473706,-0.30822055241741064,2.0,0.4560939466445894,3548714.053979432,0.08997834465585042,-0.29778160359654576,-0.30821792900498923,3.0,0.337608049489014,1713895.6582479398,0.10376421707096772,-0.2977841420473706,-0.30822055241741064,3466446.5097210943,0.0887396026296301,-0.29778160359654576,-0.30821792900498923
False,0.9,0.02,0.06,0.04,1238063.846513779,0.07460673437159004,-0.2095577096839915,-0.24235809096749292,1.5,0.2080145439856856,1722112.5993789234,0.10426314137555781,-0.30145068044816115,-0.3118870759758807,2.0,0.45781737824362545,3518755.462353821,0.08953051395987033,-0.3014481496951998,-0.31188445149030053,3.0,0.339372592413073,1719860.7162908507,0.10412782921870001,-0.30145068044816115,-0.3118870759758807,3459971.579242552,0.08864105016947921,-0.3014481496951998,-0.31188445149030053
False,0.9,0.02,0.06,0.06,1258557.3986393143,0.07636048041372501,-0.18112131827787303,-0.2322704824375155,0.0,0.204647778794666,1738702.2420649098,0.10525996479581956,-0.2867845268449988,-0.2972209817420004,0.0,0.45644866601061507,3607048.4731277796,0.09084012872553437,-0.286781965300584,-0.2972183615490552,0.0,0.3337944714627257,1746176.7250579284,0.10570608648402624,-0.2867845268449988,-0.2972209817420004,3609947.014901733,0.09088262462266172,-0.286781965300584,-0.2972183615490552
False,0.9,0.02,0.08,0.03,1321034.0447991735,0.0815531605641856,-0.2031829504856797,-0.2510586360509094,3.0,0.20988937760960086,1776090.9194373135,0.10747292417092913,-0.2823717897407055,-0.30068923584347707,4.0,0.461571533750772,3850397.6534478813,0.09429754296347137,-0.2768589707141441,-0.3020808543619232,8.0,0.34147603389690034,1743091.1186740529,0.10551857070033477,-0.2813076293267422,-0.30068923584347707,3813766.056611757,0.09379083117497955,-0.2768589707141441,-0.3020808543619232
False,0.9,0.02,0.08,0.04,1315333.7525047765,0.08108838186203615,-0.17791762209991763,-0.24943630224108426,1.0,0.20931070906453342,1780618.2460682467,0.10773942155792215,-0.2807943827582313,-0.30023322206690545,3.0,0.4526986976355236,3692326.2624434056,0.0920764071745922,-0.27927683407138204,-0.3009375217781801,4.5,0.3422580926932637,1744826.7597875353,0.10562546657526262,-0.2807943827582313,-0.30023322206690545,3725886.600400817,0.09255107925893702,-0.27927683407138204,-0.3009375217781801
False,0.9,0.02,0.08,0.06,1294469.5177664626,0.07937300368268818,-0.2019821925086202,-0.2534303097221733,1.0,0.21028921780441945,1722407.9733791377,0.10428140439510358,-0.2848366619213874,-0.292699792490523,0.0,0.45725667837063405,3699834.3457366154,0.09217905104823032,-0.2668776115382983,-0.295073651147817,2.0,0.34197401365758373,1740452.4373348088,0.10536403433109331,-0.2848366619213874,-0.292699792490523,3747017.175648692,0.0928550253401812,-0.2668776115382983,-0.295073651147817
False,0.9,0.02,0.1,0.03,1307125.3204093412,0.08041665995942848,-0.2017636333148426,-0.2668231476005519,1.0,0.21332710042877415,1740164.2905815719,0.10534620096454284,-0.26583808989968416,-0.2767889475502409,7.0,0.46242365037710365,3910647.2867839076,0.09511993187057399,-0.26658217984751437,-0.29054655112528605,7.0,0.3432351306182032,1665352.9887796575,0.10078773637958471,-0.26390300295281044,-0.27544173725210547,3945366.8875681777,0.09559091294661837,-0.2661963261922551,-0.2814858809391526
False,0.9,0.02,0.1,0.04,1308930.0602660216,0.08056471486560102,-0.2017636333148426,-0.2668231476005519,1.0,0.21480356686636332,1711440.2150665135,0.10360642889369631,-0.26500160194984634,-0.28085146094378677,5.0,0.46359938979658677,3847109.9017778276,0.0942511812533059,-0.26981053764480933,-0.28168744916634164,6.0,0.34312471268630784,1677740.4317150677,0.10154610296737943,-0.26429164021848084,-0.2779192938937945,3963735.4257562254,0.09583772725069473,-0.2692576068013344,-0.28018676698361844
False,0.9,0.02,0.1,0.06,1321253.428268578,0.08157068802732903,-0.2017636333148426,-0.2668231476005519,0.0,0.21379224094128152,1696965.406503979,0.10273538792146342,-0.2738195606328537,-0.2794909742092808,3.0,0.45973715951828986,4055195.2628002292,0.09704966199444254,-0.27322458532916527,-0.2844538878072783,3.0,0.33907188158027357,1678114.5121128648,0.10157031623525692,-0.2738195606328537,-0.2794909742092808,4001267.723914466,0.09633762763808384,-0.27165001471119293,-0.28491541452635727
False,0.9,0.02,0.12,0.03,1411191.316459822,0.08866821877473863,-0.21182763436686708,-0.24445739105516318,3.0,0.21430972098594442,1637279.4261830936,0.099026619963688,-0.2527403223896701,-0.2787943563409799,8.0,0.46087171070616195,3865899.158322004,0.09449898234437992,-0.25129219485877713,-0.2714978058477121,11.0,0.3393112594081955,1670452.1028379335,0.10110434294321491,-0.2524419880728778,-0.263343563490289,3906121.808312538,0.09506005420391328,-0.25129219485877713,-0.25884755671979315
False,0.9,0.02,0.12,0.04,1411460.5837584534,0.08868993068175557,-0.21781021290260832,-0.24871421931241006,2.0,0.21442481930702328,1714871.9626600153,0.1038246898431775,-0.25648112158368797,-0.2657319508251891,5.0,0.4546928562880228,3765741.0086801974,0.09311651314308866,-0.2560806479412648,-0.2946598214617843,8.0,0.341271432625201,1675572.1937520225,0.10142076991495141,-0.25268510329376537,-0.26651380523690177,3848662.2783429255,0.09427366856816433,-0.25546605861198934,-0.2615463201590561
False,0.9,0.02,0.12,0.06,1439741.555119093,0.09083650898316442,-0.21078344723717835,-0.24886281260374685,1.0,0.21288549816877955,1664494.3338987466,0.10072089716270916,-0.25751570217678366,-0.2698428382040287,3.0,0.4591548225492158,3848953.077562969,0.09427292598384662,-0.2629972505907242,-0.2862250169404017,4.0,0.33889756569705026,1676320.8875420713,0.10146700997931779,-0.2568831202060335,-0.26397494023275014,3851122.4974620156,0.0943076721976146,-0.2596658772019479,-0.27720918926060734
False,0.9,0.02,0.14,0.03,1388558.0068923892,0.08692193829763484,-0.20429826866982936,-0.25035028381794777,2.0,0.22157332951632142,1625280.7313684383,0.09826891450901154,-0.2877922331729549,-0.313698019613517,10.0,0.46852035600911035,3932352.8200809127,0.09539801785103297,-0.28752756082131875,-0.3148858002198951,10.0,0.3473089850603434,1641976.4864188733,0.09922630522747378,-0.2771965594465874,-0.313698019613517,4090007.914761673,0.09746182876994103,-0.28752756082131875,-0.31442055554073917
False,0.9,0.02,0.14,0.04,1389205.197277804,0.08696830522075372,-0.20429826866982936,-0.25035028381794777,1.0,0.2187878448408712,1638461.923207052,0.09910238016177575,-0.2932980991355685,-0.319590535785395,7.5,0.47159446701749536,3944233.152444606,0.09557344441243598,-0.2836649593009911,-0.31582626179720963,7.5,0.34825020028235293,1650222.7974387023,0.0998156433388635,-0.28446638010843983,-0.319590535785395,4044563.6942150174,0.09689785922744976,-0.2836649593009911,-0.3120134646821438
False,0.9,0.02,0.14,0.06,1402403.0311032888,0.08799263894120313,-0.20429826866982936,-0.25035028381794777,1.0,0.221530459242715,1655836.8106889934,0.10017769953718192,-0.28528801032557866,-0.32007840633048246,4.0,0.4678066955661002,3849598.171052808,0.09428510802902668,-0.28482242348424225,-0.319979765940221,4.5,0.3494873323912709,1650962.5065695862,0.09986148621724289,-0.2785922669635283,-0.32007840633048246,3977446.917319515,0.09599500202876965,-0.28482242348424225,-0.319979765940221
False,0.9,0.02,0.16,0.03,1388079.5575679606,0.0868844132207982,-0.22721722195515343,-0.2633328893166743,2.5,0.21772903347775552,1672797.9310843903,0.10124982178114594,-0.29586285797160233,-0.32447109809869584,7.0,0.46969497919057684,3645342.5672095744,0.09139079316419663,-0.2873613527994909,-0.3238142228866824,10.5,0.3436841117321271,1649352.532094323,0.09974199684460505,-0.29373314362253916,-0.32447109809869584,3622472.814629279,0.09105488658141236,-0.2872369642465529,-0.3238142228866824
False,0.9,0.02,0.16,0.04,1413834.284759541,0.08887161754836548,-0.22460148689504034,-0.26272260649630397,1.0,0.21807415698268556,1672424.9120182917,0.10122674328619974,-0.2910925502287623,-0.32805962121185694,5.0,0.4698103465521773,3732444.917657658,0.09264777362192611,-0.2854979587361615,-0.3271776416877776,6.5,0.34553125238663523,1660361.4826666075,0.10042093331739699,-0.2882115958043489,-0.32805962121185694,3732568.861096751,0.09263615488120258,-0.2854979587361615,-0.3271776416877776
False,0.9,0.02,0.16,0.06,1410608.9730725477,0.08862430417665212,-0.21552189229475077,-0.256154340083303,2.0,0.21613526335208422,1685786.8886851007,0.10203885116070854,-0.30450284730908544,-0.3202564164215225,2.0,0.46935786604381424,3618134.4357290403,0.09099376749127752,-0.2978109415413123,-0.32025552241164035,4.0,0.34358025685709864,1683686.008322967,0.1018814629672159,-0.2956177212339317,-0.3202564164215225,3520705.339075933,0.08955961904358256,-0.29155841414350786,-0.32025552241164035
False,0.9,0.02,0.2,0.03,1431777.5877058615,0.0902365260972352,-0.2194626961855135,-0.2602149413958478,3.0,0.21706769311695784,1646105.7671970928,0.09958340112099184,-0.3134930666572528,-0.32070229910706416,11.0,0.47325487032163716,3727790.1809930457,0.0925590942178558,-0.31539458096252343,-0.320646435627288,13.0,0.3456509442526797,1651310.0197953058,0.09990972633212403,-0.3134930666572528,-0.32070229910706416,3716230.5392443086,0.0924144112626365,-0.31539458096252343,-0.320646435627288
False,0.9,0.02,0.2,0.04,1436407.2251841645,0.09058603232606621,-0.21526165148283222,-0.2621692971463435,2.0,0.21512090432207256,1621803.6690156893,0.09796646679668808,-0.3147999121948973,-0.3248860830577561,8.0,0.4757759754542488,3854578.2463741796,0.09435054488937888,-0.3153405058092734,-0.32481590141490646,10.0,0.34497841929550005,1612569.9708470814,0.09740996831313398,-0.3147999121948973,-0.3248860830577561,3854660.240811807,0.09434808936103756,-0.3153405058092734,-0.32481590141490646
False,0.9,0.02,0.2,0.06,1410490.4846182175,0.08861537100649608,-0.21360424402554917,-0.26002967755603945,1.0,0.21713899033450115,1639782.970549265,0.0990822546931085,-0.3198210031817191,-0.32390570502653054,5.0,0.470844978124645,3820709.349364836,0.09388297252066735,-0.3181593508385026,-0.32245506118923023,5.0,0.34495387106686437,1606694.6268933946,0.0970364300941835,-0.3198210031817191,-0.32390570502653054,3799719.4681432145,0.09359100241344875,-0.3181593508385026,-0.32245506118923023
False,0.9,0.03,0.06,0.03,1273596.0934365902,0.07763033484325721,-0.20535575251924226,-0.2315517854718419,0.0,0.21936953059528097,1701094.9362629687,0.10298840200953396,-0.2783453442471406,-0.29009533014327205,1.5,0.47958736589439366,3634885.5744309537,0.09124673194164334,-0.27625892083117,-0.2963573728873934,2.0,0.35467325642467423,1716412.1912060326,0.10391828848667273,-0.2761343150105151,-0.29009533014327205,3679519.5222766865,0.09189149571800437,-0.273234234113083,-0.2963573728873934
False,0.9,0.03,0.06,0.04,1278632.9708746,0.07805202109286602,-0.20535575251924226,-0.2315517854718419,0.0,0.21968290081449743,1702363.5564110817,0.103060677170287,-0.27734415602602774,-0.29042143551230043,1.0,0.4783216656585789,3631252.8351205206,0.09119269878697522,-0.2775951869178545,-0.2932309231124977,1.0,0.3544091768235159,1713056.983938291,0.10371488702371012,-0.27734415602602774,-0.29042143551230043,3688992.3357876856,0.09202712551564807,-0.2773285619770592,-0.2932309231124977
False,0.9,0.03,0.06,0.06,1279528.8472900619,0.07812479829758667,-0.20535575251924226,-0.2315517854718419,0.0,0.2184549772447591,1693557.5335961478,0.10252528761194513,-0.27368730472475555,-0.29042143551230043,0.0,0.47932724420829187,3624735.0700124614,0.09109820491765297,-0.2716307501281105,-0.2932309231124977,0.0,0.35377497806974223,1707251.9267917704,0.10336025817294026,-0.2712502786813716,-0.29042143551230043,3682781.1711814394,0.09193938754611519,-0.2665706672416217,-0.2932309231124977
False,0.9,0.03,0.08,0.03,1330370.015860526,0.08230981912660384,-0.2005944102468114,-0.2580289762327825,2.0,0.2221250103788488,1634950.478416786,0.09887458017731754,-0.27069749276377797,-0.28401174830909076,4.0,0.48484593142439725,3773044.789721926,0.09321422525581868,-0.27786960592082527,-0.28465020454091106,6.0,0.3564218292089303,1645672.9182575848,0.09955743183773214,-0.2692472624854799,-0.28401174830909076,3794393.101775309,0.09352039492580344,-0.2742952693440246,-0.2846487295418043
False,0.9,0.03,0.08,0.04,1325486.6892577028,0.08191477147512827,-0.1977966732318554,-0.2504626733878068,1.0,0.21960434865818335,1650841.9830297197,0.09987697708373222,-0.27069749276377797,-0.2850127898528495,2.0,0.48391957754287496,3746978.300602912,0.09285284281363049,-0.27786960592082516,-0.2846487295418043,4.0,0.35520394726336896,1651958.660724569,0.0999521489351688,-0.2692472624854799,-0.28401174830909076,3777319.960101419,0.09328086441607253,-0.27429526934402476,-0.2846487295418043
False,0.9,0.03,0.08,0.06,1324351.365036148,0.08182241015029146,-0.2016249716722613,-0.25555287240174324,1.0,0.22164472187667555,1611459.683749438,0.09738668145092766,-0.2715104627248051,-0.28554008652693685,1.0,0.48475470339101673,3730612.42285381,0.0926224749854262,-0.27786960592082516,-0.28486337092525726,3.0,0.35534618870583,1628389.771717799,0.09846223638768092,-0.2692472624854799,-0.28401174830909076,3803697.318070624,0.09365061760024007,-0.2774866158665147,-0.2846487295418042
False,0.9,0.03,0.1,0.03,1366565.5194767956,0.08519981147572353,-0.20604375481426357,-0.2453289985659717,0.0,0.22261706667802128,1622926.7894651608,0.09811345488222534,-0.2502036259729068,-0.2692955294035209,6.0,0.4777088806051578,3751786.440624847,0.09291835155629558,-0.2532930277196507,-0.2851896789656373,7.0,0.3541087581124815,1627258.8579732925,0.09839447378312816,-0.24846808315057684,-0.2613227176838334,3844693.526921885,0.0942185624336982,-0.25149247337837294,-0.26993906132048484
False,0.9,0.03,0.1,0.04,1366565.5194767956,0.08519981147572353,-0.20604375481426357,-0.2453289985659717,0.0,0.22340690933350577,1708002.6758144868,0.1034094601221417,-0.24804543400523665,-0.26231195616474406,4.0,0.47555848503844717,3801220.2669478185,0.09360507953188246,-0.24804714903603592,-0.27381871013719916,3.5,0.3544207030975123,1661149.9968431417,0.10052544139103303,-0.2474389685773825,-0.2596900204408383,3828891.9560638154,0.09400047674172396,-0.24836076904462678,-0.2724608185878242
False,0.9,0.03,0.1,0.06,1366565.5194767956,0.08519981147572353,-0.20604375481426357,-0.2453289985659717,0.0,0.22293966432247503,1658872.3891790942,0.10037806658562798,-0.25172962310859187,-0.2659728011818788,3.0,0.4763615822964612,3774738.260086828,0.09324499265050279,-0.25761385768954514,-0.27301883116213166,2.5,0.3553796024455146,1642964.169479923,0.09938642988982771,-0.24973736876914954,-0.2538671697689914,3810982.183776876,0.09375189494885616,-0.2521331589157492,-0.2715149098375776
False,0.9,0.03,0.12,0.03,1408068.9448426617,0.08842443675543865,-0.20286910167021077,-0.24192463817110857,0.0,0.22429363395509522,1693735.3921188635,0.10253821060395485,-0.2781800047824586,-0.3054240177671686,9.0,0.48158365305518236,3936837.7242851555,0.09547605592802022,-0.27820180995424326,-0.2987068823753384,8.5,0.3601139329201134,1650790.8741908711,0.09983442775374118,-0.27862013649603873,-0.30477886422313233,3891744.4519062247,0.09485371140858212,-0.27364042431475305,-0.2987068823753384
False,0.9,0.03,0.12,0.04,1408068.9448426617,0.08842443675543865,-0.20286910167021077,-0.24192463817110857,0.0,0.22600825766164506,1685611.9828672402,0.10203996432600915,-0.28261979954992855,-0.30471559014975014,5.5,0.48367213444468454,3915844.901782684,0.09519140125186765,-0.2846234974982745,-0.3028170455530553,6.0,0.3590737190104647,1616886.129703118,0.09770102905669209,-0.27427168339925195,-0.3027082130483929,3867416.458817938,0.09452864108624237,-0.2738073517670395,-0.3028170455530553
False,0.9,0.03,0.12,0.06,1408068.9448426617,0.08842443675543865,-0.20286910167021077,-0.24192463817110857,0.0,0.22525365983703766,1678012.7465321855,0.10157238545216207,-0.2769007842084145,-0.30257894845381705,3.0,0.4819033380546914,3750068.015154179,0.09289814051158118,-0.28583078834941406,-0.30257869632472156,3.0,0.3603192311104918,1680786.4605140178,0.10173466758340544,-0.26966875296695436,-0.30257323657397345,3847148.201113996,0.09425273291316405,-0.2727171659722955,-0.30257869632472156
False,0.9,0.03,0.14,0.03,1434320.4264396173,0.09042465514001041,-0.20160602924238713,-0.2477106618436122,2.5,0.22454005437311186,1625488.9445449351,0.09823471944146955,-0.2990551522383626,-0.30829925013468973,5.0,0.48901798355041237,3594881.839900646,0.09066148430721221,-0.2886138340883463,-0.3078610464003024,8.5,0.35974888503719593,1599069.5187460328,0.09659048347652144,-0.2828913470932022,-0.3078622292426707,3780069.266863198,0.0933200724330322,-0.28536569723734995,-0.3078610464003024
False,0.9,0.03,0.14,0.04,1440564.8002775214,0.09089799868518589,-0.19535182119961136,-0.24719511651857695,1.0,0.225300906481057,1642144.983038589,0.09926301050891462,-0.29119431553856234,-0.30823408221297566,3.0,0.49066848190744133,3755912.9278242383,0.09298067080593375,-0.2881600350053711,-0.3078610464003024,5.5,0.3577874785440944,1626690.1976774184,0.09833947249162767,-0.2845468183395423,-0.3078622292426707,3778956.002047576,0.09330461395049738,-0.28338737803935016,-0.3078610464003024
False,0.9,0.03,0.14,0.06,1445091.2561185146,0.09123934477385864,-0.19694853211574087,-0.25177156318030136,1.0,0.22637696576475536,1620384.597055234,0.09792542653846492,-0.29107901212264176,-0.3154565271840532,2.0,0.4893887799191741,3658908.289635374,0.09158959541974132,-0.2872875233790152,-0.30786239552972083,3.0,0.3607344743675688,1622427.8851904247,0.0980630528875508,-0.2807484246638213,-0.3078622292426707,3677779.9684133576,0.0918674060446305,-0.29194262939631815,-0.30786104640030215
False,0.9,0.03,0.16,0.03,1436393.446764825,0.09058423744024124,-0.2055216052909506,-0.2413690702310921,4.0,0.22539507528168212,1564513.6960998732,0.09433930809274749,-0.2968032515088185,-0.30552399014075593,9.0,0.4834474798404168,3722003.5898665097,0.09246314691894619,-0.2953442885569254,-0.30489837990500607,14.5,0.35794608090599234,1633338.8620831713,0.09876276005696794,-0.29543074548772336,-0.30500341164605177,3843423.4773918064,0.09420159260153738,-0.29381803988202126,-0.30489837990500607
False,0.9,0.03,0.16,0.04,1448208.4702304774,0.0914725382641347,-0.19764328771064776,-0.24183977676512064,3.0,0.2263721991763916,1587379.7506939825,0.09583317708340044,-0.29327450059227966,-0.303743019516688,7.0,0.48245190823463724,3727444.4861362446,0.09257483056054738,-0.2973381369578527,-0.30293058930614675,11.0,0.3578317194699806,1619367.7130498989,0.09787530229234309,-0.29327450059227966,-0.3037639415533954,3800318.6132633807,0.09360053385218181,-0.29523906470961736,-0.30289219324193956
False,0.9,0.03,0.16,0.06,1498836.1077382113,0.09520017367531752,-0.21419154899993642,-0.25023997249390345,2.0,0.22519558819590982,1669047.73096983,0.10101706297931945,-0.29855310099398974,-0.30189189285113754,3.0,0.484065918021951,3828354.7838681727,0.09399225680419088,-0.2991189749978899,-0.3031711209671378,6.0,0.3570321514848116,1630944.8139146927,0.09862341909986727,-0.29644671201894934,-0.30189189285113754,3772866.833418454,0.09321719908087223,-0.2973907573814167,-0.3017921997616213
False,0.9,0.03,0.2,0.03,1378688.0224622837,0.0861522737713053,-0.20631707446746467,-0.25617210276826036,1.0,0.2161327714079228,1630834.5040534898,0.09862137570722729,-0.3046057974747839,-0.3284970910121832,15.0,0.49017297971892626,3645454.23937057,0.09139291064054078,-0.29771605790388184,-0.309354650098378,17.0,0.3563913145806896,1601522.1150751696,0.09674865514577091,-0.3003108808618097,-0.30932745506320714,3747806.8518563793,0.09286251465610451,-0.2971848015855001,-0.30904720133772506
False,0.9,0.03,0.2,0.04,1378688.0224622837,0.0861522737713053,-0.20631707446746467,-0.25617210276826036,1.0,0.21763718154792913,1647608.8035363988,0.09967931983301714,-0.30115561731469204,-0.31263102698535167,10.0,0.48495032875498945,3624831.5287945243,0.09109976358835603,-0.29392756441398654,-0.30932684606310024,13.5,0.3563974976348548,1588343.6641802783,0.09589369972195172,-0.29934874657831295,-0.3100728902094177,3689414.0931655867,0.09203448355354227,-0.29211552906567595,-0.30833618812205105
False,0.9,0.03,0.2,0.06,1378688.0224622837,0.0861522737713053,-0.20631707446746467,-0.25617210276826036,0.5,0.21745763489979236,1556133.432624646,0.09378071244950437,-0.299295746959453,-0.3105185872914876,6.0,0.47721130573532544,3592026.0490679666,0.0906141165572889,-0.30006262734345845,-0.3099409326500509,8.0,0.3551560378369773,1593308.3649011618,0.09620604741266825,-0.2985798444794502,-0.3065105531150162,3609584.6017313153,0.09087726268205654,-0.2943384865588085,-0.30949237320155504
False,0.9,0.04,0.06,0.03,1318010.206817316,0.08130560382447316,-0.20132074588962917,-0.2413985392987925,1.0,0.2296911684954622,1642126.6543143948,0.09933242246693186,-0.25981550651713115,-0.2756638944435946,3.0,0.4947695693610572,3585715.416683173,0.09052467662692809,-0.26498893689153125,-0.27392388665978723,4.0,0.36908878775657605,1670557.6103938734,0.10111111663456795,-0.26603765709803295,-0.2778562152412309,3558335.569793422,0.09012130198093848,-0.2664383857741049,-0.2729414038768393
False,0.9,0.04,0.06,0.04,1305286.3143760548,0.08026516556363184,-0.20036646448368434,-0.2422067298237838,1.0,0.23048245152708147,1657084.987732795,0.10027117574278832,-0.26208759186511316,-0.27551307646475676,2.5,0.49494630073038537,3541259.777705241,0.08986726259948574,-0.2699565377686616,-0.27591711797486596,4.0,0.3684475218333281,1686326.9894875146,0.10208456686146472,-0.26840573669878476,-0.27832942770481334,3515481.776607966,0.08948121545136445,-0.268860963139891,-0.2764923511626528
False,0.9,0.04,0.06,0.06,1296034.8307253695,0.07950241650659229,-0.18884422689257985,-0.2346569559917109,0.0,0.22941734202553754,1622385.6517745662,0.0980846324989415,-0.25696409346945076,-0.2723694296607284,0.0,0.49490319488146417,3464397.8106706915,0.08870820664884216,-0.2650964846659943,-0.27791898299694867,0.0,0.3686335966238714,1620545.0935581974,0.09796536802521727,-0.26220786375987243,-0.2732836716962778,3515716.886126557,0.08948460288834004,-0.2650961004649999,-0.2682730088823985
False,0.9,0.04,0.08,0.03,1360605.9918611506,0.08472820177965434,-0.2034971684984035,-0.2395114314814838,1.0,0.23192793810586815,1616170.9416459657,0.09768792743228993,-0.24937474679916105,-0.28503131085231276,5.0,0.49937987872245654,3691356.2727429913,0.09206251834766821,-0.2509480969607245,-0.2865358115147692,6.5,0.370395678372067,1613357.9034975665,0.09750764361023423,-0.26021985996061736,-0.2774219898971512,3785877.4660560414,0.09339650342057992,-0.2542694970890294,-0.28011938333464276
False,0.9,0.04,0.08,0.04,1382738.6888764906,0.08646888102541495,-0.20455433104294163,-0.24339559039305236,1.0,0.2328276588967811,1614578.9986436306,0.09758664411740536,-0.24817098867112797,-0.28613848490251725,3.0,0.4982988319966508,3663639.5643848036,0.09166342612717426,-0.2543254133805904,-0.2865961696507601,4.0,0.37013340091296876,1618290.9955597331,0.09782356159829253,-0.25252731946580753,-0.27352546698943936,3788780.2603519345,0.09344239453683512,-0.2556036207109415,-0.27394094834944166
False,0.9,0.04,0.08,0.06,1372686.276721851,0.0856816895377962,-0.2021308391672475,-0.23880758511194566,0.0,0.23089612523858466,1666733.994399245,0.10087384384600595,-0.2531512139512665,-0.2893297245458715,2.0,0.4998515183703182,3762693.7593949167,0.0930760712943226,-0.25378674418282116,-0.28983147353497246,2.0,0.368413596454382,1650625.412937014,0.09986489014546307,-0.25660668803210324,-0.27880993979420193,3766967.7836173526,0.09313591516010089,-0.25733397576846007,-0.27695735077961187
False,0.9,0.04,0.1,0.03,1420017.1624712101,0.0893437373101097,-0.1987960716041095,-0.24083602759196499,2.0,0.23592287888871527,1643045.4124747156,0.09938750116247097,-0.2782653783471749,-0.29453423128135864,6.0,0.5054730342920146,3738783.470483953,0.09273811851002955,-0.26776324723960315,-0.2955254905170526,7.0,0.37604379851623365,1672270.3198130871,0.10119686844808329,-0.27081800915386134,-0.2932016499224111,3782876.028161562,0.09335965165949289,-0.26776324723960315,-0.2917863002134779
False,0.9,0.04,0.1,0.04,1410616.1729911682,0.08861950274706121,-0.19956155647352153,-0.2340765662082489,0.0,0.23151712535153895,1651417.2224252834,0.09991824170634345,-0.27575875037964,-0.2869145447103495,3.0,0.5023926651878959,3863227.458429506,0.09447421659781885,-0.2707481331987272,-0.28684203710962286,3.5,0.3726005246815728,1664108.8108271393,0.10067856004197906,-0.264942954349665,-0.28691406381066215,3809199.366612042,0.09372722441436854,-0.2624998961946542,-0.28684203710962286
False,0.9,0.04,0.1,0.06,1410616.1729911682,0.08861950274706121,-0.19956155647352153,-0.2340765662082489,0.0,0.23151712535153895,1652382.6803293694,0.09997265995105087,-0.2832699098090284,-0.2943747662835188,2.5,0.502345881924035,3731846.6229265416,0.09264009531424344,-0.28186625689894684,-0.30596496964889963,2.0,0.37222999514652755,1657294.4609462002,0.10024011563162971,-0.26635407178831616,-0.29437428727723913,3740314.297666016,0.09275859760673633,-0.27015694054779943,-0.29425685968780735
False,0.9,0.04,0.12,0.03,1443906.2193744858,0.09114463568434339,-0.197377049236811,-0.2414406378394407,1.0,0.23242631040567144,1561578.4964514829,0.09414318291058066,-0.27947049971631394,-0.297872151934383,8.0,0.5019317939075998,3782659.2085295934,0.09335596156344672,-0.27606557264712345,-0.3036905361660172,9.0,0.372578473022676,1580379.868173009,0.09537840293500155,-0.2773247566526608,-0.2853817236600395,3883022.1449123626,0.09474530551803861,-0.2778047911416025,-0.28747248695032407
False,0.9,0.04,0.12,0.04,1448654.9110908043,0.09150643111707901,-0.19669432446275492,-0.24473211997402317,1.0,0.23397947058674634,1543664.1860334463,0.09295808622641921,-0.2800207083654551,-0.29640411740470224,5.0,0.4997123185369066,3615065.6637529805,0.09095753281931962,-0.2771429293600685,-0.2964433027223547,6.0,0.37213366610972476,1593063.6046590256,0.09620247966386297,-0.2764466392844438,-0.2824623689059331,3736482.923860538,0.0927059075733292,-0.2768362809341129,-0.2866271530116806
False,0.9,0.04,0.12,0.06,1448475.3767103136,0.0914929209452725,-0.19134595129245052,-0.24100033744237345,0.0,0.23406042983041553,1560378.9311135006,0.0940669254795794,-0.2802496781568515,-0.29824929017088325,3.0,0.501153441390336,3625048.823154695,0.09110168976604327,-0.279235471014242,-0.298453616784978,3.0,0.37044136337564526,1640320.8195359288,0.09921478450840016,-0.27923559112072793,-0.281751045624312,3734760.4534494085,0.09268086981816903,-0.27923289838321286,-0.28331898969034075
False,0.9,0.04,0.14,0.03,1460376.103963389,0.09238044988862182,-0.19689045931195587,-0.2388785028543832,3.0,0.23270983483659657,1587601.333902318,0.0958482669667341,-0.28767602138940396,-0.30529591773130177,5.5,0.5034482975866479,3662779.046982261,0.09164541575053575,-0.28736821885364955,-0.29816138709099377,9.5,0.37340723441234835,1593443.8591538966,0.09622242909903411,-0.2861692495064072,-0.2887033622903576,3777378.2827685457,0.09327817800478388,-0.28703792169133724,-0.2887066482268707
False,0.9,0.04,0.14,0.04,1438043.4519281136,0.09070959050271055,-0.19617070082215393,-0.2384228958235406,2.0,0.23263852007080427,1596126.5089523252,0.09639864801306297,-0.2907775612758624,-0.29835607428054456,4.0,0.503523333484948,3652515.9751478294,0.09150271635158114,-0.29077405747494184,-0.29426550597461093,6.5,0.3730429452816133,1589310.7317982,0.09595616934121631,-0.28911681285268914,-0.292424264523028,3727807.709319339,0.09256767511669817,-0.2898925325304659,-0.2923557011960152
False,0.9,0.04,0.14,0.06,1435366.659532548,0.09050522559840779,-0.19400326104608284,-0.24980631950586013,1.0,0.23247089320390144,1581981.0174655057,0.09547592903831337,-0.2825251641606982,-0.3002892349858462,2.0,0.5011230770444602,3522465.711715587,0.08958331174564638,-0.28252553206318926,-0.30293427817923285,2.5,0.3714622955968583,1599314.4326634435,0.09659899450147569,-0.2825224099023844,-0.28252818205323166,3642647.8204514645,0.09135857175923823,-0.2825226666887984,-0.2835690720111365
False,0.9,0.04,0.16,0.03,1435807.5272652754,0.09054039057888341,-0.1999238695689995,-0.2481779716660497,1.0,0.23169332970051684,1607100.8467865137,0.09710383193151495,-0.27922399257771946,-0.2930615957572078,10.5,0.4994099352042781,3679759.466926199,0.09189571174756206,-0.2772773262636375,-0.3015768796972428,11.0,0.3720387913583396,1674868.5044150697,0.10137136581112116,-0.27631853230726416,-0.2872000344142161,3887591.8299702704,0.09480780808409539,-0.27398113143473624,-0.2859151674803549
False,0.9,0.04,0.16,0.04,1440387.1940088929,0.09088541743238243,-0.20042922420680798,-0.2516807596095688,1.0,0.23391497861034188,1646574.3806264321,0.09957911551703635,-0.2823877950020746,-0.29759693202010157,8.0,0.4976557005681891,3561511.25316739,0.09016852975742706,-0.27758875050185716,-0.31784997583379765,9.0,0.3743527416471706,1609454.706027875,0.09725846419508699,-0.2784101981431631,-0.2941388429730363,3877982.8574661408,0.0946765285962543,-0.2770456763898947,-0.2915917396942749
False,0.9,0.04,0.16,0.06,1430939.027578,0.09017313075584754,-0.20107696760251792,-0.2455071923413208,0.0,0.23308007703334677,1646282.377554927,0.09959291933049375,-0.2836660568972236,-0.2976412872775561,5.0,0.49930249332073817,3389369.81518859,0.08755064840245619,-0.2816078237489805,-0.31232412479892807,5.0,0.37443506188819026,1643787.4468634578,0.099438510212145,-0.2747832367811171,-0.29325502565585365,3850337.791102902,0.09429688531139535,-0.27997732076866666,-0.2949766884155741
False,0.9,0.04,0.2,0.03,1454802.0964370193,0.09196534572278137,-0.20553693077961044,-0.2407468961833986,4.5,0.23136026887739275,1606976.680463742,0.09707754364240917,-0.2957337335721673,-0.3090065134331509,9.0,0.498784309606886,3483087.0573864337,0.08899252038439909,-0.29347957830528565,-0.30806618393912893,13.0,0.37176185976925447,1606305.4290079426,0.09705065167990545,-0.2957337335721673,-0.3090065134331509,3501576.006869447,0.08926606028531481,-0.29347957830528565,-0.30806618393912893
False,0.9,0.04,0.2,0.04,1446018.01822547,0.09130883898222719,-0.2004879587551069,-0.23691062543902044,3.0,0.23570146333765993,1626671.3936138642,0.09835486085846168,-0.2851500850923554,-0.30404174278046586,5.5,0.49428622486714746,3577636.6162415855,0.09040243725581365,-0.2934910998543384,-0.30395784086338146,9.0,0.3690713003074313,1653653.2395762107,0.10005474057385855,-0.2851500850923554,-0.30404174278046586,3561270.9702585945,0.09016298994946037,-0.2934910998543384,-0.30395784086338146
False,0.9,0.04,0.2,0.06,1435291.4184625098,0.09050056489072389,-0.20553774793478052,-0.23823319707797727,2.0,0.2361000787077896,1644084.6599529805,0.09943372701958941,-0.28722552423693465,-0.31059370131928093,4.0,0.5002341006308431,3459305.0346510834,0.08863082589737314,-0.2954446418658567,-0.31046045059505867,6.0,0.37047028589638753,1606614.491476207,0.09707590769909824,-0.28722552423693465,-0.31059370131928093,3466186.718701713,0.08873567499521617,-0.2969822284713666,-0.31046045059505867
False,0.95,0.01,0.06,0.03,1236167.9844847666,0.07444311703741135,-0.20440558458844882,-0.2196705481214172,0.0,0.19968446644675836,1905726.113809596,0.11483736056360283,-0.3052886118030992,-0.3118297645268532,13.0,0.4542802039355136,3849773.9349548845,0.09428919919275891,-0.301980836790092,-0.3108118682387219,14.0,0.3336756650157956,1862680.6592438985,0.11244414060664232,-0.3052886118030992,-0.3118297645268532,3824483.9260445717,0.09393962889706042,-0.301980836790092,-0.3108118682387219
False,0.95,0.01,0.06,0.04,1236167.9844847666,0.07444311703741135,-0.20440558458844882,-0.2196705481214172,0.0,0.2001265940364218,1850896.1672041658,0.11177999760404866,-0.30954493243244907,-0.319399659462455,9.0,0.4512724595430185,3791942.35257003,0.09348660722811808,-0.3063207426106121,-0.3176624248085701,9.0,0.3298013578235168,1815706.1952753975,0.10977434858670432,-0.30954493243244907,-0.319399659462455,3744680.454772205,0.09282192790051058,-0.3063207426106121,-0.3176624248085701
False,0.95,0.01,0.06,0.06,1236167.9844847666,0.07444311703741135,-0.20440558458844882,-0.2196705481214172,0.0,0.19774954990149207,1877200.4027451947,0.11325681862353876,-0.3029624026628699,-0.31770997466972384,6.0,0.4473423985004825,3755816.349941436,0.0929777542462007,-0.3027770871548117,-0.3128224140623762,6.0,0.33229447372239473,1834637.0110471174,0.11085751091683416,-0.3029624026628699,-0.31770997466972384,3754349.9142686883,0.09295849171530135,-0.3027770871548117,-0.3128224140623762
False,0.95,0.01,0.08,0.03,1283148.5167885083,0.07843129912756586,-0.1883448594893295,-0.24579391732564473,1.5,0.20780123420615657,1865519.329283333,0.11260274887131394,-0.3137141534591551,-0.3292322377707161,6.0,0.4562710489229804,3849258.2847934254,0.09428208721010778,-0.3125835456603253,-0.3432322757262337,8.0,0.3387441756245969,1849328.3033067142,0.11169080472226867,-0.3137141534591551,-0.3292322377707161,3834894.2222366855,0.09408378511611315,-0.3125835456603253,-0.3432322757262337
False,0.95,0.01,0.08,0.04,1291921.264736034,0.07916174976893897,-0.19112576359600408,-0.24524282817143664,1.0,0.208198615390575,1873203.922817307,0.11302282491060422,-0.3046892786036327,-0.32922282134748554,4.0,0.45557566662633675,3831607.7435084768,0.0940382813970454,-0.31383811262455763,-0.3350254527572641,5.0,0.3388578078166822,1840311.6378363143,0.11117935700276127,-0.3046892786036327,-0.32922282134748554,3803508.42792344,0.0936478004664022,-0.31383811262455763,-0.3350254527572641
False,0.95,0.01,0.08,0.06,1266434.1215752037,0.07702780311054325,-0.18306921589699054,-0.2476413257289733,0.0,0.20780633639823498,1831002.554552876,0.11065050506021923,-0.29846444117943494,-0.34680621441151444,1.0,0.45443412187442034,3679555.343453317,0.09189302615074224,-0.29321301666488775,-0.3468088931461402,2.0,0.3381567227497989,1799627.3966943305,0.10884577694500641,-0.29846444117943494,-0.34680621441151444,3702724.6082333736,0.09222527938055258,-0.29321301666488775,-0.3468088931461402
False,0.95,0.01,0.1,0.03,1335024.5161534906,0.08268283293109813,-0.1877404681200498,-0.2753512453639336,2.0,0.21151432638147832,1778060.9768460426,0.10758718675956469,-0.314373714196597,-0.334657262482334,6.0,0.4595889244768794,3942222.2196886777,0.09554837772796387,-0.2972670339139598,-0.33608994898948796,8.5,0.34510527738310914,1812804.7610222907,0.10960715060886217,-0.30973069638999867,-0.334657262482334,3986701.3760544923,0.09614416750528731,-0.2972670339139598,-0.33608994898948796
False,0.95,0.01,0.1,0.04,1336535.3568847906,0.08280537395004128,-0.18785019221862392,-0.27736292080506003,1.5,0.21318610855703057,1834658.8069583103,0.11085907839155651,-0.30336953769423153,-0.34099374307171904,4.0,0.4554248125228496,3972491.9528482305,0.09594234740349483,-0.2987333067559316,-0.3407827279355701,6.0,0.34383267035077286,1826944.594671125,0.11041839733307701,-0.30102015842213053,-0.34099374307171904,3978037.7389333993,0.09602887425690831,-0.2987333067559316,-0.3407827279355701
False,0.95,0.01,0.1,0.06,1317686.7338091708,0.08128048593415182,-0.19620686135971527,-0.2683883637539384,1.0,0.2107257026932728,1838690.9320132965,0.11108764191479714,-0.3065938692472804,-0.334904367314063,2.0,0.45437576671236624,3867886.759952766,0.0945377608589979,-0.28718799903508574,-0.33911580035993333,2.5,0.3418328797158495,1838854.1260852313,0.1110969526540242,-0.3065938692472804,-0.334904367314063,3909611.246752821,0.09510657240096931,-0.28491386287660553,-0.33911580035993333
False,0.95,0.01,0.12,0.03,1367195.7546276695,0.08523075152746906,-0.21554831437745942,-0.29725649718215075,0.5,0.21620976200920636,1817292.8522082684,0.10986497673125606,-0.30525792031595583,-0.31572009006226365,5.0,0.4713899489599777,4347274.175148271,0.10075217005164838,-0.3125966619273039,-0.33293772604161753,6.0,0.34589664013458227,1778996.7010557167,0.10763992090527863,-0.30525792031595583,-0.31572009006226365,4299244.886524113,0.1001617378507188,-0.3125966619273039,-0.33293772604161753
False,0.95,0.01,0.12,0.04,1367195.7546276695,0.08523075152746906,-0.21554831437745942,-0.29725649718215075,0.5,0.21503061573544274,1792081.44265411,0.10840827384057339,-0.30525792031595583,-0.31625092837987623,3.0,0.46742954381574464,4385762.861600163,0.10121780290987803,-0.3125966619273039,-0.33640531436176474,4.0,0.3457569045090653,1766445.8576030734,0.10690707676428979,-0.30525792031595583,-0.31625092837987623,4303163.266253414,0.1002100210611927,-0.3125966619273039,-0.33640531436176474
False,0.95,0.01,0.12,0.06,1367195.7546276695,0.08523075152746906,-0.21554831437745942,-0.29725649718215075,0.0,0.2180053867015714,1806197.2989506202,0.10922634619463178,-0.30528214480916843,-0.3146743723924349,2.0,0.46743294231227533,4290841.9839939475,0.10005798914207142,-0.3125966619273039,-0.3225349610811749,2.0,0.34830413276311417,1774276.6081333684,0.1073659157752368,-0.30525792031595583,-0.3146743723924349,4247430.127439378,0.09951295457712239,-0.3125966619273039,-0.3225349610811749
False,0.95,0.01,0.14,0.03,1462604.0037004347,0.09254593977418502,-0.2344956085550468,-0.2849461659506779,0.5,0.22160391855853104,1716527.8235673206,0.10391775302436279,-0.2964092513333174,-0.2988095826592389,4.0,0.47350215070893953,4423959.987222448,0.1016500989332747,-0.29641976533353204,-0.31972139092059415,6.0,0.34819679009925963,1692145.0525867846,0.10243916373382789,-0.2964092513333174,-0.2988095826592389,4310867.095483976,0.10026623145014657,-0.29641976533353204,-0.31972139092059415
False,0.95,0.01,0.14,0.04,1462604.0037004347,0.09254593977418502,-0.2344956085550468,-0.2849461659506779,0.5,0.22181441492176107,1724190.2910160953,0.1043851120408873,-0.2964092513333174,-0.29874078846519636,3.0,0.4743921641098001,4428056.735594319,0.10171417479781464,-0.29757857825036843,-0.3198344738182466,4.0,0.3468535500084262,1708990.3416181807,0.10346816101753653,-0.2964092513333174,-0.29874078846519636,4369793.594129903,0.10098666748511675,-0.29757857825036843,-0.3198344738182466
False,0.95,0.01,0.14,0.06,1462604.0037004347,0.09254593977418502,-0.2344956085550468,-0.2849461659506779,0.0,0.22175730713940944,1701874.4268597062,0.10303553045242886,-0.2964092513333174,-0.29877002892958193,1.0,0.46832284012850245,4432404.184965257,0.10176819911249424,-0.29680267425741536,-0.3243952419092879,3.0,0.34727366107518454,1714485.4725441262,0.10380231031622678,-0.2964092513333174,-0.29877002892958193,4371330.113485469,0.10103455553276641,-0.29641976533353204,-0.3243952419092879
False,0.95,0.01,0.16,0.03,1532834.2485068946,0.09764759354855201,-0.23831104863123775,-0.29149040650543373,2.0,0.2220382417588103,1659792.139537667,0.10043409831083205,-0.2748322843643219,-0.2890326324409116,7.5,0.47211553500111847,4257555.347577299,0.09963630864476047,-0.2743436567191803,-0.2989428177949253,10.5,0.3466465875770976,1674002.320040729,0.10132399652550639,-0.2745226844503214,-0.2829709825093965,4125042.2602515277,0.09794549201214198,-0.2743164821996227,-0.2989428177949253
False,0.95,0.01,0.16,0.04,1530809.1802017791,0.09750338333051967,-0.23909447609883816,-0.290870520730076,1.5,0.2214463737532557,1674061.520221313,0.10132754822164158,-0.27633555694749795,-0.2961360944983094,5.0,0.47044656666300194,4273592.521106762,0.09983444994077728,-0.2767709330800295,-0.3011491221941064,8.0,0.34353794715186386,1662235.3600276227,0.10059282735162345,-0.2754653728813342,-0.28011542635108594,4211918.651950993,0.09906799635912522,-0.2767709330800295,-0.3011491221941064
False,0.95,0.01,0.16,0.06,1521086.0428907424,0.09680910963112,-0.22974882331875413,-0.28446019377096765,0.5,0.21932004757292978,1745014.7774022412,0.10563526963541825,-0.2701297398954806,-0.29489358815443556,2.0,0.4657098186085369,4161459.82141124,0.09842489288424505,-0.2701336837328635,-0.30143946765962143,3.5,0.3429727947477087,1721195.5036623296,0.10420191140782309,-0.27012715918665575,-0.28652152984852475,4044760.581446176,0.09691069932309437,-0.27012673334125303,-0.30143946765962143
False,0.95,0.01,0.2,0.03,1476509.7746632455,0.09357317562561562,-0.24164420872964182,-0.29373487269396253,1.0,0.22039427352926216,1779418.2991232157,0.10758406666640885,-0.31432293000557054,-0.362132454185195,9.0,0.4703680916340859,3931890.864759171,0.0954060750912864,-0.3219269551769464,-0.36136868534827205,10.0,0.3481422631351354,1744026.3212423094,0.10557165361001264,-0.3142704666590985,-0.362132454185195,3900287.022889156,0.09496670601508206,-0.3219269551769464,-0.36136868534827205
False,0.95,0.01,0.2,0.04,1477140.955458914,0.09361969164127637,-0.244375348478783,-0.2956178243926229,1.0,0.22222024889725184,1780444.619344987,0.10769886863448586,-0.3106814795784656,-0.3643852494396409,7.0,0.47160539372528887,3948278.794720156,0.09562702636284659,-0.31547320309181537,-0.363425207994072,7.0,0.3499866958425969,1754191.9479959318,0.10618242568560032,-0.3124114043554528,-0.3643852494396409,3904829.996006715,0.09502864861589366,-0.31547320309181537,-0.363425207994072
False,0.95,0.01,0.2,0.06,1474344.1851715595,0.09341332777833244,-0.2407484624844926,-0.28750776906986936,0.0,0.21818461700127403,1679292.5439976607,0.10121518149782582,-0.32523301141811134,-0.3575697790661484,3.0,0.47168013293643174,3959291.8534090016,0.09577772728627953,-0.3224950540331701,-0.3575683306679551,3.0,0.3476871869409275,1679514.7411889955,0.1015867547724667,-0.3188235089157651,-0.3575697790661484,3912598.4296781756,0.09514577799824087,-0.3224950540331701,-0.3575683306679551
False,0.95,0.02,0.06,0.03,1255868.5683926195,0.07613179880948051,-0.2269515854858415,-0.2512644667575603,2.0,0.21786711511447315,1821490.3272063218,0.11010520295974724,-0.3100415488155648,-0.3289630583703333,3.0,0.4786611743627774,3830697.074024105,0.09402493390124933,-0.30938141688158766,-0.3197565284633643,5.0,0.35318101067934926,1809226.9850074393,0.10940147920571952,-0.3100415488155648,-0.3289630583703333,3737842.548455241,0.09272488035407656,-0.30938141688158766,-0.3197565284633643
False,0.95,0.02,0.06,0.04,1253497.7711242917,0.07592940291509553,-0.22791255200491506,-0.25444473015136126,2.0,0.21862492355481122,1810235.0608369056,0.10945958954110857,-0.31297849582245874,-0.3259751148976236,3.0,0.4764337887064053,3803062.3224123693,0.09364170306047703,-0.31482627390310153,-0.3256700714403307,4.5,0.3532448456737315,1788896.0705706677,0.10822238532288819,-0.31297849582245874,-0.3259751148976236,3699288.0958951823,0.09217614565144139,-0.31482627390310153,-0.3256700714403307
False,0.95,0.02,0.06,0.06,1252459.6731697335,0.07584148300593996,-0.19746452562826922,-0.2273872437336316,0.0,0.21216089016468365,1846102.4246662422,0.11150885684090317,-0.302123003120813,-0.3185852875431052,1.0,0.47393260381972857,3880507.332457565,0.09471098656601773,-0.30709818024769214,-0.31820784752844666,1.0,0.35041546218956443,1827407.169097683,0.1104449454005818,-0.302123003120813,-0.3185852875431052,3826729.322409051,0.09396909739012194,-0.30709818024769214,-0.31820784752844666
False,0.95,0.02,0.08,0.03,1315187.3343613595,0.08107563257266925,-0.21748862542649622,-0.2583096503731213,2.0,0.22140032906607027,1779331.3710200465,0.1076637103362672,-0.3014648694223497,-0.32453623695830475,2.0,0.480886351160662,3976295.487200666,0.09600542016112279,-0.29858958405640124,-0.3283801218883441,5.0,0.3569413599298261,1809982.9262084798,0.1094443974342516,-0.2997890203687103,-0.32453623695830475,3987319.9691286413,0.0961508708023261,-0.29858958405640124,-0.3283801218883441
False,0.95,0.02,0.08,0.04,1318816.5995391964,0.0813717509329902,-0.22012699763883625,-0.25933738239310156,1.0,0.22242845553493312,1775575.4261497674,0.10744261462162386,-0.30287385875933176,-0.32453623695830475,2.0,0.4795014648826812,3940666.269066614,0.09552770732983684,-0.30220570569791755,-0.32838012188834387,3.0,0.35739804313263557,1805641.5102562467,0.10919432646004279,-0.30287385875933176,-0.32453623695830475,3958107.0557231186,0.09576224032540648,-0.30220570569791755,-0.32838012188834387
False,0.95,0.02,0.08,0.06,1346846.0768370042,0.08363388662935545,-0.19299279747353093,-0.2516493491398377,0.0,0.2163752774429773,1786164.8209597673,0.10806262541614076,-0.2989015824699244,-0.32453623695830475,1.0,0.4778290917914407,3947670.1898216633,0.09562199324345777,-0.28774121913185247,-0.32838012188834403,1.0,0.35538897918342627,1816650.0577389773,0.10982856235427585,-0.2989015824699244,-0.32453623695830475,4065447.482256842,0.09718443132501764,-0.28774121913185247,-0.32838012188834403
False,0.95,0.02,0.1,0.03,1360265.8995379554,0.08470150684971167,-0.20247521092592147,-0.2797211878238827,3.0,0.22431526057474394,1741270.32713049,0.10541344478714132,-0.296131346862048,-0.31356338992966326,5.5,0.4876726019998826,4094988.5339125367,0.0975689204115201,-0.3009117235020881,-0.31527781430714696,9.0,0.35890157413363033,1761234.038454372,0.10659869174736847,-0.2908928409887494,-0.31253522518731514,4094476.201029701,0.09756276798472774,-0.3009117235020881,-0.31527781430714696
False,0.95,0.02,0.1,0.04,1375839.3986076755,0.08592912495015514,-0.2063358349410358,-0.27346520116938366,1.0,0.2227797711531925,1776396.105360275,0.10749207419898821,-0.28987618358642814,-0.3221934358904602,2.0,0.48255869461764844,4136460.939746595,0.0981034882895947,-0.2978235401994909,-0.322996345753282,4.0,0.3554748901703607,1746393.8928431435,0.10571644347506548,-0.28987618358642814,-0.3054705514843387,4123623.3763361834,0.09793934403851479,-0.2972943926628854,-0.322996345753282
False,0.95,0.02,0.1,0.06,1369106.7320365305,0.08540012637732919,-0.20824826713216138,-0.27291772926391883,1.0,0.22418768334670314,1794839.5501106961,0.10856794421098581,-0.28987618358642814,-0.3065895224469957,1.0,0.4789270823758366,4239369.923452791,0.09941102365510823,-0.2978235401994909,-0.3088675268520369,3.0,0.35784170219533173,1750773.1054659248,0.10597937928498669,-0.28987618358642814,-0.3040556697854011,4182799.1762232566,0.09869870401335834,-0.29545254062928905,-0.3088675268520369
False,0.95,0.02,0.12,0.03,1430478.5053973328,0.09013742045664064,-0.22062285434940576,-0.26770432493073626,2.0,0.22848307733599288,1750539.7076163688,0.10596557079676716,-0.28662917582461805,-0.29100040077543615,3.5,0.4914879777658928,4381974.440886011,0.10117546457653592,-0.2866301123106645,-0.30810013615277637,6.0,0.3600278169947547,1749022.924049797,0.10586720197003241,-0.28631819573005235,-0.29100040077543615,4341355.217666946,0.10066845590912965,-0.2866301123106645,-0.30810013615277637
False,0.95,0.02,0.12,0.04,1444541.5217674212,0.0911966506504499,-0.22264510968598122,-0.2707988453920125,1.5,0.22512535751156454,1724932.942335495,0.1044305321729011,-0.2869438287030614,-0.29307287099649604,2.0,0.4920651141328477,4379660.441143035,0.10115043732232543,-0.28663011231066443,-0.31209196455824184,5.0,0.36061974980175177,1703074.9036750603,0.10310936457071318,-0.28662917582461805,-0.2910018586851557,4349592.15132026,0.10078337324899633,-0.28663011231066443,-0.3103392578053879
False,0.95,0.02,0.12,0.06,1400688.857644881,0.08786169255453513,-0.22598315129364555,-0.27247742650318707,0.0,0.2242996334955759,1730306.6671225438,0.10475568693524273,-0.28694052897953065,-0.29122893956571727,1.0,0.49329293383529094,4325603.745896978,0.10048829508456203,-0.286949914465504,-0.30157305311773963,2.0,0.3598518050543336,1755999.7533822516,0.10628662278603296,-0.28662917582461805,-0.2910018586851557,4307523.257874836,0.10026415017944512,-0.2866301123106645,-0.30105422330985754
False,0.95,0.02,0.14,0.03,1497427.119746313,0.0951008299921211,-0.2374940314615991,-0.27575409642141807,3.0,0.23240543582579815,1710774.5856667291,0.10357537451527177,-0.2710545371793469,-0.2969147518008305,5.0,0.49320639863745686,4283908.969731115,0.09997173099316414,-0.2704874995737766,-0.2967095256960537,10.0,0.35793565946645955,1641711.2019491524,0.099307622499199,-0.26953492481993413,-0.27680024113214036,4181338.3425736064,0.09867926908672597,-0.2704874995737766,-0.2829844242923143
False,0.95,0.02,0.14,0.04,1492981.408863274,0.09477904803894488,-0.23254733297412866,-0.26734404184040284,2.0,0.23092190640191135,1732480.9155090712,0.10488329727483792,-0.26212809457260405,-0.29204680223754026,3.0,0.49112696797066174,4161649.211141158,0.09842880264920206,-0.2621277508413792,-0.2917825510579542,6.0,0.3604608543195177,1638698.74417834,0.09911861861581017,-0.2621199465304269,-0.27703179703285585,4232335.990627896,0.09932611177394879,-0.262127750841379,-0.2917825510579542
False,0.95,0.02,0.14,0.06,1467163.9317862373,0.0928808718374522,-0.22443024450420018,-0.2700785465695308,2.0,0.23251221421040666,1733932.977490546,0.10497360687307722,-0.26212809457260405,-0.303412113264485,2.0,0.48617037008764763,4209370.923022342,0.09902601958880464,-0.2633419577073805,-0.2931363146169307,4.0,0.357748943735799,1683819.705257711,0.10192192540848877,-0.2621199382152137,-0.27444081815768157,4247609.151884222,0.09951394578936323,-0.26212775084137907,-0.2931363146169307
False,0.95,0.02,0.16,0.03,1539589.8662906908,0.09812726896450918,-0.23748108358855435,-0.2740060809378403,4.0,0.232321585390216,1768034.4746458982,0.10674427764073136,-0.3082199467943621,-0.3413249824880028,10.5,0.4903021283804412,4177637.6611878905,0.09863299844316165,-0.30988741795399477,-0.33695431887806837,16.0,0.36252298606549194,1781153.4606443578,0.10773876838610275,-0.301920745666734,-0.3413249824880028,4224870.926554063,0.09923101123404598,-0.30422573040120854,-0.33695431887806837
False,0.95,0.02,0.16,0.04,1519560.7802055131,0.09669946139757912,-0.23038493830543683,-0.2681909159338118,3.0,0.231899436141794,1765947.794707399,0.10656312247101896,-0.3021210415044611,-0.33811274903079275,7.0,0.4926498789458734,4181503.372937453,0.09868198835288067,-0.3115903842170336,-0.3378859610513854,11.0,0.36037501552110146,1823396.4968930061,0.11017709480585547,-0.2957425416944267,-0.33811274903079275,4091348.984494065,0.09752126516548976,-0.302465406172021,-0.3378859610513854
False,0.95,0.02,0.16,0.06,1508184.133825153,0.09588133472191607,-0.2323550362753412,-0.2692363043561237,2.0,0.23054146417263371,1744887.206448063,0.10549976485810175,-0.3131854230146726,-0.33903550199487614,5.0,0.48137642769873074,3911208.9740531486,0.09512601497308493,-0.31281386105028486,-0.33630597324372835,7.0,0.35847180731402184,1758893.744112171,0.10643048487901696,-0.294145925852117,-0.3377526633550861,4036676.7402737373,0.09680675155479701,-0.304865890468791,-0.33630597324372835
False,0.95,0.02,0.2,0.03,1567240.2531823725,0.10007047754637666,-0.22748219470858383,-0.2656532082765569,5.0,0.2312018594514857,1715490.2460121305,0.10386302666023295,-0.32873069247547176,-0.33310650268462266,14.5,0.49678587126156715,4467579.157622089,0.10220139224832658,-0.3283461507446911,-0.3307585506120687,20.5,0.3648344284178965,1720199.240645083,0.10414799523998264,-0.32825175560353537,-0.33273613290885656,4267037.000450414,0.09976055009791951,-0.3283461507446911,-0.3307585506120687
False,0.95,0.02,0.2,0.04,1564643.483150289,0.09988949382533419,-0.22779853840003428,-0.26513696787383517,4.0,0.23046290018297855,1755467.3592321454,0.10625464075137059,-0.3281023460916815,-0.3361424789576537,12.0,0.4889635092152783,4262575.778699804,0.09968464746409678,-0.32721788728171824,-0.3360662378126147,15.0,0.3652507258144496,1748445.8162480448,0.10583610285131684,-0.3281023460916815,-0.3361424789576537,4338431.950920161,0.10063655803853244,-0.32721788728171824,-0.3360662378126147
False,0.95,0.02,0.2,0.06,1542492.378712682,0.09833276350748932,-0.2188566518757611,-0.27278599260064357,2.0,0.2312243815411601,1770347.915510478,0.10712785193152108,-0.3236947636571461,-0.3381451855766752,7.0,0.4900318465118031,4313493.235215269,0.10033504832476292,-0.3292253185614821,-0.3380517536116398,9.0,0.3610744177436139,1727611.1060498976,0.10459097219248159,-0.3236947636571461,-0.3381451855766752,4278053.087509051,0.0998946546518672,-0.32852935818470813,-0.3380517536116398
False,0.95,0.03,0.06,0.03,1281043.406138637,0.07825571822320221,-0.21841691230396826,-0.24915864202739538,1.0,0.2292899280981059,1801838.3931484665,0.10897403591671218,-0.2994623985994692,-0.31718313586423397,1.0,0.5039948190677844,3831412.5387766855,0.0940338689452781,-0.29241946678115943,-0.3171845723329519,2.0,0.37132396604759377,1774857.5625299509,0.10740142426146804,-0.2994623985994692,-0.31718313586423397,3903205.8858761294,0.09502058153446702,-0.29241946678115943,-0.3171845723329519
False,0.95,0.03,0.06,0.04,1282975.4097042568,0.07841713697061148,-0.21841691230396826,-0.24915864202739538,1.0,0.2296952561605482,1809823.9089529105,0.10943582465071999,-0.3030494708433672,-0.31718313586423397,1.0,0.5039661349843496,3830318.4184550666,0.09401736465266064,-0.2924194667811594,-0.3171845723329519,2.0,0.3721607002328191,1772948.1097024258,0.10728954441214023,-0.3030494708433672,-0.31718313586423397,3913707.6125451867,0.09516321242888381,-0.2924194667811594,-0.3171845723329519
False,0.95,0.03,0.06,0.06,1280090.8349154633,0.0781760435329889,-0.21841691230396826,-0.24915864202739538,0.0,0.22930725379664674,1807085.0846367513,0.10927748449758301,-0.28957103089094033,-0.31718313586423397,0.0,0.5007175429356965,3850470.008665957,0.09429838229762433,-0.29135361648633434,-0.3171845723329519,0.0,0.37136767185514397,1784635.1324237208,0.10797093239770672,-0.28957103089094033,-0.31718313586423397,3910740.797310154,0.09512290989128636,-0.29135361648633434,-0.3171845723329519
False,0.95,0.03,0.08,0.03,1340850.7889060874,0.08315374704811096,-0.21566926011070842,-0.2646908623282389,1.0,0.2321938029636428,1771317.3044952445,0.1071928837892705,-0.28040466701078975,-0.3014706644499158,5.0,0.5032463466571191,3897091.4515826465,0.09493620032731886,-0.2916141964053008,-0.2990958882001122,7.5,0.3735950125970972,1798530.4568934366,0.10878247180432266,-0.2813174848573369,-0.29743071421394435,3981301.5737490123,0.09607173312454786,-0.2903761588955923,-0.296893273433939
False,0.95,0.03,0.08,0.04,1336536.8906841204,0.08280736920187681,-0.2081035452383948,-0.25848967437611914,0.0,0.23070082414982984,1773626.0190045107,0.10732904047262504,-0.2819316933646717,-0.2998207987132802,3.0,0.5022471452146,3930681.7340947594,0.09538935824285455,-0.2913072020207507,-0.29725101132419296,3.5,0.3724940638080959,1832146.348994536,0.1107156759065987,-0.2816264606392757,-0.29873311172445277,3963772.2845492205,0.0958373495022129,-0.2872315188062384,-0.29725101132419296
False,0.95,0.03,0.08,0.06,1336683.0904634106,0.08281913995254819,-0.2081035452383948,-0.25848967437611914,0.0,0.23070082414982984,1781317.5101649368,0.10777522348658042,-0.28087907122976474,-0.30183859349553954,1.0,0.49900380239957065,3908681.0322374925,0.09509443007815632,-0.2928105359812154,-0.2984477395639001,2.0,0.3717500230367715,1830379.876791941,0.11061501742525448,-0.2818775114011889,-0.30078779684777684,3986096.874614328,0.09613641746326185,-0.29028417782055566,-0.2984477395639001
False,0.95,0.03,0.1,0.03,1404233.0208498072,0.08813486668745518,-0.21653444777487213,-0.26358641671756605,2.0,0.23229238450553993,1699464.8262778274,0.10288951020454928,-0.27602388397958627,-0.31179924041964546,4.0,0.5062888083118459,4137420.5277016,0.09811407942490491,-0.27541435157635336,-0.289331647102839,8.5,0.37079693269093006,1713647.3683234318,0.10375004573238722,-0.27541149455323827,-0.2860947154444385,4111542.988545825,0.097783997232334,-0.27541435157635336,-0.2858180301118153
False,0.95,0.03,0.1,0.04,1414384.9519534204,0.08891378245395531,-0.21266456101792197,-0.26068288805806106,1.0,0.23398425090751934,1703237.0025563485,0.10311857764815446,-0.276026727056695,-0.3034077290344237,3.0,0.5029895569561318,4118867.7306300774,0.09787886196342777,-0.27602403155105115,-0.2860866195550808,5.0,0.37336648990153454,1741008.871452943,0.10538208003005434,-0.27541149455323827,-0.2829956661996418,4101381.686498761,0.09764638724854768,-0.27541435157635336,-0.2858180301118149
False,0.95,0.03,0.1,0.06,1422605.8450008929,0.08953047288003435,-0.223895253177453,-0.2622666162202926,1.0,0.23247630791613857,1683273.0700248284,0.10189251492115503,-0.27541061568264064,-0.29234892875085416,2.0,0.5001287015663403,4031121.223650247,0.09673299672401525,-0.2767504760589428,-0.2887333966894071,4.0,0.3709247765293684,1755532.3363798677,0.1062614135174863,-0.2748031155006161,-0.2832622481861323,4150796.261206019,0.09828991800435427,-0.2760219397750901,-0.28581803011181517
False,0.95,0.03,0.12,0.03,1450547.8589332905,0.09164305855124644,-0.2148742298407369,-0.25866308675610306,2.0,0.23641380225605957,1724700.1048099776,0.10441907373415826,-0.2577096482566156,-0.3140249835433365,4.0,0.4991004265400147,4089043.2974817194,0.09748965327531545,-0.2602564000077522,-0.2895100051995761,8.0,0.3683133758855896,1692450.0454173933,0.10245469868451396,-0.2577095650262479,-0.28227249442493596,4249868.4661278315,0.09954228484192373,-0.2577096482566159,-0.2748733560002604
False,0.95,0.03,0.12,0.04,1470837.5944025037,0.09314666544743144,-0.2218431342240345,-0.2587950176678805,1.0,0.23339759125225118,1733909.406453599,0.10497294477403574,-0.2577095650262479,-0.30359020266655323,2.5,0.5019969141269461,4193284.863903622,0.09881716830880438,-0.26456246120803995,-0.2816324781181211,5.0,0.3699886931063767,1707236.6546391645,0.10334919946186483,-0.2577096482566156,-0.288833040837454,4162797.6316454443,0.09843188978698103,-0.25825047329781564,-0.27978619453587894
False,0.95,0.03,0.12,0.06,1441573.6678372417,0.09096570453482355,-0.22535398363139503,-0.25756467875633776,1.0,0.23200189253197817,1708953.2699750937,0.10346694412222057,-0.2577095650262479,-0.3053752222442057,1.0,0.5040166199944873,4001557.0339983483,0.09633960775395911,-0.26238731791640374,-0.28796075206870536,3.0,0.37169908964366905,1702106.9084761874,0.10304633534639318,-0.2577095650262479,-0.2791431940587731,4087423.466746158,0.09747092278338176,-0.258402945066536,-0.28302943596985414
False,0.95,0.03,0.14,0.03,1493265.3828240298,0.09479828844907723,-0.21005870033301555,-0.2590122822226281,3.5,0.23732870817769766,1691656.8915699122,0.10238364420475954,-0.3014421043912994,-0.3287262554256554,6.5,0.506742799325803,4061247.646759651,0.09712932225643933,-0.31066052716679693,-0.3265090098634824,10.5,0.37641130252549304,1744802.8028561557,0.10554756516418207,-0.29284258361758714,-0.3272504493419431,4065718.70530264,0.09718722862492168,-0.2927371743627624,-0.3265090098634824
False,0.95,0.03,0.14,0.04,1494646.6373606655,0.09490030482289002,-0.22665897410933805,-0.26129855526534657,2.0,0.23847324279578308,1693278.3602043504,0.10251025784438972,-0.29746015314848,-0.3225463131255304,4.0,0.5054446339899927,4025530.765996221,0.09665973432035857,-0.30980326659880014,-0.3225459762858481,6.0,0.37553132818809776,1754133.526798389,0.10616844877485054,-0.28527990351582216,-0.3225225663633676,4032847.4716825546,0.09675604849422437,-0.29467757995165506,-0.32131165900472386
False,0.95,0.03,0.14,0.06,1500354.738138739,0.09531497363930497,-0.2144425780550161,-0.26008755976978687,1.0,0.23686564298696916,1714088.514131866,0.10377844683643378,-0.29460816978319515,-0.3298643133686009,3.0,0.5042237686450137,4009703.538351958,0.09644126228966621,-0.303327079469029,-0.3280323968561297,4.0,0.3718268674825817,1750934.7107652086,0.10596405426000433,-0.2837334847024935,-0.3298173852652372,3993785.1896242904,0.09622685684712418,-0.28643801888571735,-0.3280323968561297
False,0.95,0.03,0.16,0.03,1446725.93499272,0.09134042143349852,-0.21075676908828517,-0.26326801360890345,1.0,0.23262202516806713,1719003.1450285236,0.1040375800479566,-0.30996364476510285,-0.31324888013169083,11.5,0.5126520344770079,4045692.7985851006,0.09692380902980369,-0.3085248994224772,-0.31205953731214076,11.0,0.37632507651588626,1737490.712446319,0.10518320259513358,-0.30788133152137453,-0.3127591591181488,4188650.5996640334,0.09877205708994063,-0.3085248994224772,-0.3118169483002363
False,0.95,0.03,0.16,0.04,1432533.2990565859,0.09028580020273058,-0.21007658305706844,-0.2629177494197296,1.0,0.23126701808803912,1681523.787161336,0.1017871371863901,-0.3058863082533284,-0.31747446020884423,9.0,0.5089797920693235,4058184.5062918393,0.0970807353527865,-0.30573123981122985,-0.3159368615536606,8.0,0.3706733877978433,1691653.0688071202,0.10241050810896324,-0.3058863082533284,-0.3146469127390672,4194767.687014554,0.09884685804416926,-0.3048593000180968,-0.31445421522995265
False,0.95,0.03,0.16,0.06,1461992.2748989067,0.09249790768644495,-0.21007658305706844,-0.2629177494197296,0.0,0.23356728198382284,1664819.2961543365,0.10075201984939941,-0.306166177420137,-0.3184563858378797,4.5,0.513813630242339,3949422.6489115953,0.09564494072737584,-0.30950286028328916,-0.3163211343426702,5.0,0.37760148047533554,1710224.0342649496,0.1034835709994133,-0.30432354534055256,-0.31753507803108144,4140715.0738473497,0.09814269900162975,-0.3057271094236824,-0.3163211343426702
False,0.95,0.03,0.2,0.03,1416160.8164204264,0.08904951497451241,-0.21464543685417087,-0.27026887970606667,3.0,0.22726942415036064,1673678.977784495,0.10128605106328004,-0.323544474221189,-0.323555528465696,5.5,0.5141229241789622,3657722.119849123,0.09157802143883798,-0.32354303097527115,-0.32355530674469024,9.5,0.3759526527951199,1659647.1430725432,0.10042987054131325,-0.323544474221189,-0.323555528465696,3848526.9424269167,0.0942712709598893,-0.32354303097527115,-0.32355530674469024
False,0.95,0.03,0.2,0.04,1406210.2508571153,0.08828212765896115,-0.2244447453368087,-0.2708728940277007,1.0,0.2277797187306732,1675852.3660303084,0.10140186279830088,-0.323544474221189,-0.323555528465696,4.0,0.5116467295488241,3686533.3513997723,0.09199331251867515,-0.32354303097527104,-0.32355530674469035,6.0,0.37614874120996816,1647740.2194083943,0.09968571752938093,-0.323544474221189,-0.323555528465696,3854344.199167733,0.09435114132983202,-0.32354303097527104,-0.32355530674469035
False,0.95,0.03,0.2,0.06,1454481.8035594882,0.09194165493388162,-0.2262869718909526,-0.2744709030534078,1.0,0.23056552026155458,1643846.5322222817,0.0994389696271889,-0.323544474221189,-0.323555528465696,2.0,0.518200002024277,3766930.979775591,0.09312891507227505,-0.32354303097527115,-0.32355530674469024,4.0,0.37902115129904534,1638378.1616114606,0.09909618656097685,-0.323544474221189,-0.323555528465696,3840864.7534531327,0.09416630628105149,-0.32354303097527115,-0.32355530674469024
False,0.95,0.04,0.06,0.03,1330090.4521014623,0.08228712422606821,-0.21579370463607406,-0.24181001578047917,1.5,0.24327273165635488,1712612.9241624337,0.10368922292763816,-0.2828641792479212,-0.29382370645476824,3.0,0.5209711083766281,3741113.0712394817,0.09277105230531701,-0.28907400632734587,-0.29654954970731284,4.5,0.38632996474447756,1773783.6408302872,0.10733834960392208,-0.28496818409918956,-0.2943575815125967,3778243.751418962,0.09329478189756502,-0.2792085374749703,-0.2948039892835855
False,0.95,0.04,0.06,0.04,1334331.0821290924,0.08262964012735108,-0.21735272471593037,-0.2433749397023635,1.0,0.24210139235426503,1711394.6240509585,0.10361174871108014,-0.2772844358669105,-0.28751427109663535,1.0,0.5164529388526689,3784251.2229015036,0.09337574274382943,-0.2796588244332214,-0.29568975116266016,2.0,0.3860398445391694,1769597.1594398227,0.10709265422107872,-0.28254807908846763,-0.28966978390976345,3841874.1280921893,0.09417964185845384,-0.279655771443486,-0.2941237094742811
False,0.95,0.04,0.06,0.06,1331473.614785158,0.08239860054261605,-0.21131275269079963,-0.244485677028735,0.0,0.23802158774595167,1684397.6958122435,0.10196582909527674,-0.2770848947139314,-0.28833116804957853,0.0,0.5158289039455887,3786796.544026104,0.09341409138579837,-0.2834806067802713,-0.2949886448803973,0.0,0.38431018486358365,1743921.2489588936,0.10557165421084247,-0.28254807908846763,-0.28865766466871806,3775212.492969999,0.09325222496808261,-0.27965577144348597,-0.28625858634557166
False,0.95,0.04,0.08,0.03,1359240.4525124019,0.08461999048818525,-0.20709782258845671,-0.26482636136418825,0.0,0.24183569053202836,1663168.1077570617,0.10063908312487735,-0.27891224654734026,-0.2872879204907781,4.5,0.5231707246762072,3782404.150061018,0.09335160120283525,-0.27831501804996334,-0.2970431246164193,5.0,0.3882317476050846,1680677.86280857,0.10173688162972838,-0.2753292203554581,-0.2894792474165514,3822740.7434118437,0.0939154548670934,-0.2770835733127814,-0.28993281392524073
False,0.95,0.04,0.08,0.04,1362203.9979614317,0.0848552148741949,-0.20709782258845671,-0.26482636136418825,0.0,0.24120860382778492,1646491.5005892562,0.09959982772367526,-0.27246522029594333,-0.29254078063119404,3.0,0.5233068821635316,3788716.661708312,0.09344149966020399,-0.2775173215185229,-0.29954892285072704,2.0,0.3855196842520814,1687649.6449098906,0.10216300322768135,-0.27017119818088553,-0.2848789592297981,3781158.003036186,0.09333565325396698,-0.27411466605596446,-0.28888768919893176
False,0.95,0.04,0.08,0.06,1359360.8659561854,0.08463017988621979,-0.20709782258845671,-0.26482636136418825,0.0,0.24239937943717155,1601903.9214121222,0.0967724021080204,-0.2748005177153617,-0.2997967490632417,0.0,0.5213766247600445,3754779.7448630934,0.09296403852702373,-0.2740622062562943,-0.28455268959219165,1.0,0.3853667705863709,1650448.9686496286,0.09985530870317083,-0.27266360221169633,-0.2876901743906966,3825711.1012253445,0.09395605527139339,-0.2756290832494104,-0.28625778734668456
False,0.95,0.04,0.1,0.03,1452405.0151058172,0.09178674275917886,-0.21033647770918062,-0.2507671873205167,2.0,0.24269642144275078,1693772.2954907792,0.10253657948146455,-0.2623769081824233,-0.31101773581754577,4.0,0.5246095779250999,4065305.1653855257,0.0971727227689706,-0.26955416206142996,-0.2900821061035216,8.0,0.38707982996661927,1662123.547789813,0.10058623253932975,-0.27314401815328826,-0.28997649779361984,4009848.959323926,0.0964518376306065,-0.2703463701430784,-0.28800838980701443
False,0.95,0.04,0.1,0.04,1445311.2584559617,0.09125556612920016,-0.21267759562612742,-0.25411955109676815,2.0,0.24367036291905286,1662539.4846453464,0.10060095656080081,-0.2593878941829892,-0.3019400409553594,2.0,0.5250330716364748,3869288.796644548,0.09455743969376817,-0.26404393127919423,-0.29353195379269564,6.0,0.386971027397065,1662922.3724211291,0.10063419043675992,-0.26966234044208454,-0.2837605949679709,3997195.4836621685,0.0962840731216339,-0.26458694330333893,-0.2883195116817241
False,0.95,0.04,0.1,0.06,1467319.812643076,0.0928950864354845,-0.20927011570935572,-0.25323920304429,1.0,0.24235777206807685,1631454.3084125537,0.09865487371706194,-0.25852156856740643,-0.30240021574191617,1.0,0.5178890427911104,3964084.8226527353,0.09583158502682854,-0.2666159694828578,-0.29564669450194675,3.0,0.38683772618327006,1641779.9546089778,0.09931273127843798,-0.26729247334866074,-0.2790001373722437,4071921.970063851,0.09725222040267711,-0.262933710861387,-0.2914487874952225
False,0.95,0.04,0.12,0.03,1495718.2114028716,0.09497794308345253,-0.2017244597554681,-0.2509925955802859,4.0,0.24382779345175926,1602240.4181939755,0.09679082996334387,-0.30192076946842944,-0.3155405335330729,4.5,0.5302206524297972,3919022.5987713807,0.09521062700147775,-0.29559771130019946,-0.3144515100043326,9.5,0.3926294217009316,1676891.8264836248,0.1014996211227488,-0.2919917722066378,-0.3145236622374747,3932486.0823579966,0.09541399488552027,-0.2867763339152523,-0.313603856335868
False,0.95,0.04,0.12,0.04,1507546.6342387858,0.09583292832907775,-0.20858856095101247,-0.2541116337757347,2.0,0.24259248047748408,1609139.8778365164,0.0972247663838195,-0.30344149844582813,-0.3256189311950551,2.5,0.5267057082838674,3971895.535143203,0.095946547534279,-0.2954891711091974,-0.31249794169398426,5.0,0.3890552570224893,1655853.2289544032,0.10018757383718957,-0.29419191720149296,-0.3034459480985175,4056534.352832377,0.09706081945485734,-0.2973188445485425,-0.3034462446164242
False,0.95,0.04,0.12,0.06,1506419.2634969768,0.09575402685337875,-0.2026085856982417,-0.2569548778621395,1.0,0.24418345791226675,1645695.4868915994,0.09955678467719764,-0.30344149844582813,-0.32551927864051444,1.0,0.5256674765491779,3914560.0228596553,0.09517384253065997,-0.3034409450991771,-0.3100451002399453,3.0,0.3859957162628708,1651377.7261194983,0.09990375066533685,-0.29490604681988136,-0.30344624461642433,3882292.492586524,0.09473520810798075,-0.2977786140347136,-0.30344624461642433
False,0.95,0.04,0.14,0.03,1484193.7627290878,0.09412265485644422,-0.20888006030246298,-0.2565259634630933,0.0,0.24418080757625554,1638223.175226232,0.09908702181010509,-0.3001727930771969,-0.31139444475802697,7.5,0.5350275696062177,3871369.2310419343,0.09458553292384864,-0.30142724179539526,-0.31777195689179183,8.0,0.39285197243499587,1642318.373112881,0.09934673980439912,-0.29838510541481955,-0.30788059422788533,4143094.987955859,0.09819107485050604,-0.29914424812486506,-0.307931323489817
False,0.95,0.04,0.14,0.04,1484193.7627290878,0.09412265485644422,-0.20888006030246298,-0.2565259634630933,0.0,0.2445963836015887,1641842.2501978576,0.09929534430050846,-0.30172827813963843,-0.3058033476716337,5.0,0.5294164022782055,3878876.2537995074,0.09468592065524772,-0.30278715879397844,-0.3176770905600154,4.5,0.392202563121017,1658811.754321284,0.10037984017618251,-0.29575785833152873,-0.3058033476716337,4036178.4537249114,0.09679737099502017,-0.3002016457379788,-0.3056008823632241
False,0.95,0.04,0.14,0.06,1484193.7627290878,0.09412265485644422,-0.20888006030246298,-0.2565259634630933,0.0,0.2445963836015887,1617241.7655159114,0.09775529837588082,-0.29758539595295025,-0.3047297552382843,2.0,0.5308714029725395,3812131.216800481,0.09376776504437379,-0.2975693108612668,-0.3103361921996716,2.5,0.38732418637126653,1696855.985085342,0.10272094148946231,-0.2975693253822001,-0.30080215514666303,3964153.5983043457,0.09584325647656311,-0.29756582387211933,-0.30206208570377413
False,0.95,0.04,0.16,0.03,1508347.370239107,0.09589323510852277,-0.21049812658421385,-0.25672137846705534,4.0,0.2448748350485863,1650609.8681145222,0.09986762028405738,-0.31101551437251523,-0.31338941094854156,6.0,0.5298711476916909,3855280.453798687,0.09436459409155473,-0.31084663246412125,-0.31260993401109094,11.0,0.39042395549444636,1661338.0081858612,0.10053420325534645,-0.30995481840559186,-0.3126559350937588,4115542.905634552,0.09783287679362174,-0.31042036842627435,-0.31260993401109094
False,0.95,0.04,0.16,0.04,1486101.9446553066,0.09427688722828331,-0.2098917078803616,-0.25943673844886067,2.0,0.24156529488965556,1638136.5719944723,0.09908241517021454,-0.3015930504990568,-0.3061454449870408,4.0,0.5267475151098071,3840215.5544588426,0.09415118726301042,-0.301591119162364,-0.3018634920079094,6.0,0.3868483447775869,1654757.2880189565,0.10012407351974162,-0.301591880694148,-0.3015992456319186,4034546.1612077523,0.0967722084183914,-0.301591119162364,-0.3015988405235024
False,0.95,0.04,0.16,0.06,1474356.6042587887,0.0934088948661973,-0.2040795571909249,-0.263949338255483,1.0,0.2443122766401209,1635807.399444663,0.09893483917442758,-0.3015954320282112,-0.3159227687360238,2.0,0.5256468809520023,3781354.125121111,0.0933135544003173,-0.301595466268571,-0.3202585764024364,3.5,0.38946091938018224,1660417.7737127156,0.10047328027778824,-0.301591880694148,-0.30159923878387984,3936079.987913703,0.09546516807636451,-0.301591119162364,-0.30159923878387973
False,0.95,0.04,0.2,0.03,1494068.7843445132,0.09485826273711118,-0.2103142400670901,-0.2547589444490234,7.0,0.2423242220226142,1734020.6901917346,0.10497929346721413,-0.30371233726309277,-0.3209596264095561,12.0,0.5179043356852984,4036181.7574564954,0.09680021868404542,-0.3040226408715619,-0.3161514989766576,20.0,0.38776842721602833,1631934.8068251372,0.09869024116012226,-0.3003676933118432,-0.31513110862742283,4042048.1520867087,0.09687659570713847,-0.29973449311592804,-0.31559415108879474
False,0.95,0.04,0.2,0.04,1491475.7638627016,0.0946690134701259,-0.2094196542809903,-0.2530140065124827,4.0,0.243840104269728,1723095.8153598122,0.10432240786118063,-0.3079071173164065,-0.3187652461242619,8.0,0.5249045327592448,3878192.112513301,0.0946792668992178,-0.3062495710006767,-0.31815753695012206,12.5,0.3872256789801587,1663010.7272198077,0.10064226595693093,-0.30383105792817755,-0.3150405368411741,3883903.1128518684,0.09475460837213945,-0.30219784248123666,-0.31377808970864446
False,0.95,0.04,0.2,0.06,1487794.477259336,0.09439076381066314,-0.20762218746224403,-0.25307477710092147,3.0,0.24738845603590948,1697538.9671375507,0.10276929361773524,-0.30763057210579003,-0.317973871378476,5.0,0.5207274301781055,3779307.6808846435,0.0933097150827975,-0.302585083059851,-0.31802011979157935,8.0,0.38562774498078495,1682732.9863040275,0.1018456465064913,-0.29851036270240583,-0.3174933734731198,3814096.476176583,0.09379525700008717,-0.3034461112293563,-0.31599134769083287
False,1.0,0.01,0.06,0.03,1258017.1329273488,0.07631470608441215,-0.21683835363453174,-0.21686257380959087,0.0,0.20558818015581232,1980499.6664534968,0.11887890782993382,-0.3188187548192079,-0.3310247881010608,17.0,0.4693218791047078,4121843.53594476,0.09791729744051048,-0.31440539446923826,-0.3286542168735264,18.0,0.3431629311356508,1895148.2998947017,0.11425344008437655,-0.3188187548192079,-0.3310247881010608,3980128.5185512733,0.09605697391630408,-0.31440539446923826,-0.3286542168735264
False,1.0,0.01,0.06,0.04,1258017.1329273488,0.07631470608441215,-0.21683835363453174,-0.21686257380959087,0.0,0.20558818015581232,1992650.966169321,0.11952428879472021,-0.3161660496835559,-0.3263874571248389,13.0,0.46938307802217627,4187437.180480106,0.0987579743944037,-0.309378611378611,-0.3214199095743439,13.0,0.3436988641202864,1932288.210888723,0.11628985876578513,-0.3161660496835559,-0.3263874571248389,4054156.7146758595,0.09703630257606843,-0.309378611378611,-0.3214199095743439
False,1.0,0.01,0.06,0.06,1258017.1329273488,0.07631470608441215,-0.21683835363453174,-0.21686257380959087,0.0,0.20558818015581232,1960470.6420734865,0.11780756463104658,-0.30926664641856344,-0.3298044721330896,7.0,0.46381939866294736,4111539.215485762,0.0977830256246578,-0.3031408587075247,-0.3168898457288825,7.5,0.34031723015154447,1895293.3040084504,0.11426146474320664,-0.30926664641856344,-0.3298044721330896,4025372.9226929415,0.09665769004066804,-0.3031408587075247,-0.3168898457288825
False,1.0,0.01,0.08,0.03,1294366.5621178509,0.07936446681472387,-0.20053783474513948,-0.2826008169090169,1.0,0.21865289531250406,1868991.2047970751,0.11279744122677215,-0.33469696635090745,-0.3482795783445771,5.0,0.47992425755709806,3989339.6192207616,0.09617980869179388,-0.3346928841010032,-0.3482749750033008,6.0,0.3550818082549716,1845460.1276412727,0.11147265439697451,-0.33469696635090745,-0.3482795783445771,3910389.596381085,0.09511819898336393,-0.3346928841010032,-0.3482749750033008
False,1.0,0.01,0.08,0.04,1294701.7149018038,0.07939221134631591,-0.20053783474513948,-0.2826008169090169,1.0,0.2173324117566362,1871670.8662643395,0.11294764189380013,-0.33351064432643646,-0.34709326322996437,3.0,0.48089839001933876,3972540.0878675636,0.09595539165047717,-0.33350655596015805,-0.34708866044987924,3.5,0.3556937704373555,1857622.75845874,0.1121596139330523,-0.33351064432643646,-0.34709326322996437,3976303.5123471236,0.09600589387468761,-0.33350655596015805,-0.34708866044987924
False,1.0,0.01,0.08,0.06,1299496.2591924758,0.07978819870388709,-0.20053783474513948,-0.2826008169090169,0.0,0.2162087625078844,1818032.9961975762,0.10988869496306863,-0.34071033600451056,-0.3542929127674606,1.0,0.47792071689678245,3908367.637877482,0.09509057568165402,-0.3407062846068722,-0.35428830635192765,2.0,0.35327505909988033,1802026.8625258603,0.10898509513206889,-0.34071033600451056,-0.3542929127674606,3867268.904135109,0.09452956509316035,-0.3407062846068722,-0.35428830635192765
False,1.0,0.01,0.1,0.03,1368614.4662231025,0.08536120580006679,-0.2005907947734638,-0.28327389910540707,1.0,0.22294821511061033,1910342.0260424581,0.11509042424099913,-0.324051931384937,-0.3464005791841531,8.0,0.4796661720031553,4404893.314829046,0.10145769372518054,-0.312438996450324,-0.3390828141352431,9.5,0.3628644798187627,1933562.9565097713,0.11635862933429586,-0.32348457332111935,-0.3464005791841531,4326824.861263801,0.10050338097655276,-0.312438996450324,-0.3390828141352431
False,1.0,0.01,0.1,0.04,1366482.9756231746,0.08519277324546892,-0.20032302138413938,-0.28327389910540707,1.0,0.22195767282093082,1933825.580832899,0.1163722448874327,-0.3160828373542444,-0.3484997449981106,5.0,0.4750335638218396,4377902.895520227,0.10112958158660057,-0.31523360156582203,-0.3448595728463037,5.5,0.3633687798601888,1952629.8924502856,0.11738891902061221,-0.3160828373542444,-0.3484997449981106,4276845.170424568,0.09987887585611432,-0.31523360156582203,-0.3448595728463037
False,1.0,0.01,0.1,0.06,1375008.9380228883,0.08586367807226103,-0.1988015398649175,-0.28327389910540707,0.0,0.2211245238889822,1928752.4644047287,0.11609753879977813,-0.31559981199621695,-0.35579121753931464,3.0,0.47827258746773543,4380709.475198161,0.10116334881982614,-0.3064256497465209,-0.35526203067756024,2.5,0.3614120181403842,1937600.5079809423,0.11657750198909733,-0.31537896768355417,-0.35579121753931464,4276135.128252841,0.09987229949440146,-0.3064256497465209,-0.35526203067756024
False,1.0,0.01,0.12,0.03,1400433.6786915495,0.08782213646149972,-0.22327826884493585,-0.3015234515607333,3.0,0.22000629310359954,1856000.4457759256,0.11206794541640663,-0.3209726728872214,-0.3339711147094384,7.5,0.48447889430697105,4515413.493496538,0.10277132967765423,-0.3207668078032274,-0.346663734386374,11.0,0.3566995467553694,1845127.9233070295,0.11144867631790134,-0.3193475774644006,-0.3339711147094384,4507957.995885984,0.10269304957838765,-0.3207668078032274,-0.346663734386374
False,1.0,0.01,0.12,0.04,1388299.0143637708,0.08689261608675636,-0.2234565187018211,-0.3042056088318731,1.0,0.222850031930368,1895624.6531781508,0.1142739306895516,-0.32339438703996176,-0.3422927196177603,5.0,0.4859422482872088,4323907.826549513,0.10046740432080081,-0.3212874144521491,-0.34855470186012716,6.5,0.35730954597640896,1891625.532669098,0.11405513718942062,-0.31998692923168026,-0.3314362928613925,4435712.255631119,0.10182882728842613,-0.3212874144521491,-0.34855470186012716
False,1.0,0.01,0.12,0.06,1396427.2567591667,0.08752443995241521,-0.22367102667206784,-0.30907207516187246,1.0,0.22425163565705544,1897038.8284157964,0.11435376451131452,-0.3137923315782968,-0.3343233573136583,2.0,0.48111457672041413,4186920.2901784917,0.09874682631201825,-0.3162926200724423,-0.34334049100205993,4.0,0.35940766254620354,1889581.2922634087,0.11394555215658742,-0.3137923315782968,-0.32345436673640565,4282892.898564118,0.09995905403830618,-0.3162926200724423,-0.34334049100205993
False,1.0,0.01,0.14,0.03,1495030.0488216323,0.09492826190315451,-0.24511848892655808,-0.299157463422063,3.0,0.22843295821551568,1772531.0351978783,0.10726519704990578,-0.3089574497738817,-0.3103836818423536,8.0,0.4923452355381577,4628733.21588666,0.10405875036056156,-0.3087833555778634,-0.32822306600408097,13.0,0.36197650787564084,1778796.704221798,0.10760828465259109,-0.308459533030672,-0.3103836818423536,4527599.181348031,0.10286748662107503,-0.3087833555778634,-0.32822306600408097
False,1.0,0.01,0.14,0.04,1482591.3607278154,0.09401989742218098,-0.24564923038223102,-0.29914650726363523,2.0,0.2308904576025577,1807857.386893516,0.10932213373129995,-0.30991289869402394,-0.313754070340543,6.0,0.48848380306199535,4453616.65061406,0.10204462364254396,-0.3094375483237222,-0.32660818567518884,9.0,0.3606598259959143,1729795.5198343666,0.10472292384862358,-0.3098567879981251,-0.312235626929799,4532489.665695443,0.10296991389935573,-0.3094375483237222,-0.32660818567518884
False,1.0,0.01,0.14,0.06,1485184.6617266187,0.094209506858566,-0.24750540692515488,-0.30312730272199545,1.0,0.2306589889846109,1865520.7832276565,0.11259146945679965,-0.304914596840877,-0.3070502626655267,3.5,0.48455796873477763,4361723.078308545,0.10093186413430155,-0.3055274287607007,-0.3357927715655015,5.0,0.36114981754257525,1825508.4662577743,0.11032239609219074,-0.304914596840877,-0.3070502626655267,4533219.529227154,0.1029919141947998,-0.30491833306307436,-0.3357927715655015
False,1.0,0.01,0.16,0.03,1554703.5525927893,0.09919341927080216,-0.23462163273516884,-0.28297394842384266,5.0,0.22845189031040308,1764407.3575722876,0.10678645270237319,-0.28580177407349294,-0.2947335440625066,13.0,0.491323616816969,4553049.531226853,0.10321433882964048,-0.28622520656476436,-0.3130090702734396,14.0,0.361164335672849,1745784.6725745434,0.10562487739926385,-0.2849265907019989,-0.2921843892393776,4375444.59522507,0.1010976248718759,-0.28611422096742584,-0.3112617672089875
False,1.0,0.01,0.16,0.04,1543645.493544815,0.09841425106125812,-0.24138072002496275,-0.2881985339705679,3.0,0.22883950625259813,1763978.3129291432,0.10676130681620077,-0.28903918418932734,-0.3092263526739605,8.5,0.4897379794598375,4453672.30401918,0.1020417033955543,-0.2894442392672072,-0.3178960303804868,10.0,0.3596088861128253,1715315.8426087243,0.10383455313446066,-0.28903918418932734,-0.3085085294367253,4390550.384464432,0.10128165957476787,-0.2894442392672072,-0.30399754586537564
False,1.0,0.01,0.16,0.06,1538966.8124356112,0.09808306824065582,-0.2400104191597185,-0.289646534670089,1.5,0.22656365000012552,1737474.4190955823,0.10518582660585474,-0.28927255737822294,-0.3347645695851996,4.0,0.48606202279200195,4353421.429129463,0.10082987514979758,-0.28864131912056235,-0.32034676656219585,6.0,0.3572807592823988,1715041.8314077863,0.10383150747345027,-0.2892691251656173,-0.2981994426723437,4368516.383712182,0.10101396593290968,-0.28864131912056235,-0.32034676656219585
False,1.0,0.01,0.2,0.03,1506073.6344169108,0.095727620607999,-0.24858581892301468,-0.2848685140142381,4.0,0.2278172985611131,1873675.6669279966,0.11299102990247156,-0.3340118510065093,-0.3772776813376056,13.0,0.48989448864859864,4293638.551710298,0.10009180669550277,-0.3230151042815615,-0.37330246222766744,19.0,0.36233596887650943,1820453.4490299514,0.11003133487645711,-0.3198232467368126,-0.3772776813376056,4124664.6045134645,0.09794759716583312,-0.3230151042815615,-0.37330246222766744
False,1.0,0.01,0.2,0.04,1506139.657826615,0.0957302502663766,-0.2493798324533093,-0.2895766523774744,3.0,0.22755033586620677,1759865.5455184751,0.10649911755330432,-0.3426819561794175,-0.3774614065945005,9.0,0.49350731520046287,4147250.501126008,0.09824347664948807,-0.33213943217603986,-0.3773031278877101,13.0,0.36048576720085657,1810606.2820849419,0.10946801003947537,-0.3205602756088724,-0.3774614065945005,4016105.086971908,0.0965351582984253,-0.33213943217603986,-0.3773031278877101
False,1.0,0.01,0.2,0.06,1493837.5585132479,0.09484042696754325,-0.24980942792850314,-0.2993778823805701,1.0,0.22948363822684248,1724553.6202142444,0.10393559443963085,-0.34953618416897225,-0.3770516967192926,5.5,0.49302708354028657,4080026.7145154364,0.09737334352463378,-0.333792649757179,-0.37557235275952555,7.0,0.36176654916454076,1782611.8949564635,0.1078451166227804,-0.3403402348085135,-0.3770516967192926,3964660.7602706198,0.09584255160128885,-0.333792649757179,-0.37557235275952555
False,1.0,0.02,0.06,0.03,1273644.7011524239,0.07763550387158535,-0.23880323100181683,-0.25946976902152513,2.0,0.2267957608772061,1968055.782909276,0.11821736856101683,-0.3210206990419572,-0.32986655084578664,8.0,0.4962983419176811,4151620.6885328135,0.09830053814113882,-0.3145514689728208,-0.3256168879670225,10.0,0.3689253553403368,1927641.4031920712,0.11603659304046754,-0.3210206990419572,-0.32986655084578664,4090354.744122801,0.09750846688359704,-0.3145514689728208,-0.3256168879670225
False,1.0,0.02,0.06,0.04,1281255.7022398515,0.07827346142334202,-0.21413939178611302,-0.25021327829140194,0.0,0.22377953338520062,1958811.3272722978,0.11772227266443958,-0.3226775694087668,-0.3290724877809518,5.0,0.4962583498209876,4127350.513576895,0.09798844723949018,-0.314181026131942,-0.3267883396425534,5.0,0.3653353238402376,1913587.8858722937,0.11526914253819598,-0.3226775694087668,-0.3290724877809518,4092612.118420302,0.09753810606258007,-0.314181026131942,-0.3267883396425534
False,1.0,0.02,0.06,0.06,1281255.7022398515,0.07827346142334202,-0.21413939178611302,-0.25021327829140194,0.0,0.22265472218779706,1961457.6353139603,0.11786420857288682,-0.3173290007307579,-0.3390689818552961,3.0,0.49642830373776364,4048021.043715447,0.09695599491010465,-0.3192299089946749,-0.3309870380927153,3.0,0.36465202621605375,1944873.0187137933,0.11697134746492999,-0.3173290007307579,-0.3390689818552961,4052693.705017823,0.0970158518654638,-0.3192299089946749,-0.3309870380927153
False,1.0,0.02,0.08,0.03,1334067.9822775023,0.08260838404419901,-0.22166409750948302,-0.25874857923689704,0.5,0.23172282120757692,1919251.8841317142,0.11557904013324449,-0.3174026273869136,-0.33590054602132935,6.0,0.49905799734530476,4300676.12590616,0.10017958045530584,-0.3169712868701842,-0.3392985947171201,7.0,0.3745171608730201,1955483.3204115524,0.11754348983534668,-0.31522075444613756,-0.33590054602132935,4257593.0298012085,0.09964323701686362,-0.3169712868701842,-0.3392985947171201
False,1.0,0.02,0.08,0.04,1334566.9006869616,0.08264852507479659,-0.22166409750948302,-0.25874857923689704,0.5,0.23116437801651313,1899423.0578209846,0.11448996473196338,-0.3133980526136918,-0.33061363367588686,3.0,0.4978300634576042,4253907.801578339,0.09959710298637947,-0.31271833889778883,-0.34006672427526663,3.5,0.3735877020554906,1942183.3006770853,0.11682631948665934,-0.30998300237691795,-0.33061363367588686,4322880.820451625,0.10045473115502468,-0.31271833889778883,-0.34006672427526663
False,1.0,0.02,0.08,0.06,1341135.456717675,0.08317666155298287,-0.22166409750948302,-0.25874857923689704,0.0,0.23172282120757692,1953191.421193927,0.11742023666334134,-0.3186119387426419,-0.3303025884779762,3.0,0.49582021762520645,4313463.705585226,0.10033772707242183,-0.3240616182850457,-0.3449886136939134,3.0,0.3741868495176587,1983455.4361004825,0.1190366547483157,-0.3186119387426419,-0.3303025884779762,4175699.4356272905,0.09860844529067803,-0.3240616182850457,-0.3449886136939134
False,1.0,0.02,0.1,0.03,1361195.1047651714,0.08477536492426474,-0.22593128047646605,-0.27901965476534046,1.0,0.23414561402320375,1912924.2772711979,0.11522977603713935,-0.30680261813917015,-0.32558965693995834,7.0,0.5035867130811175,4314003.1466245055,0.10033386602498429,-0.3079676818092404,-0.3291711751599201,8.0,0.37604197803804235,1948303.6969641247,0.1171522205209764,-0.3058055339936482,-0.32558965693995834,4353088.800357146,0.10082604046633203,-0.3079676818092404,-0.3291711751599201
False,1.0,0.02,0.1,0.04,1359088.6171284975,0.08460861625460092,-0.22593128047646605,-0.27901965476534046,1.0,0.23355505037185997,1968786.207739159,0.11825494837566852,-0.30529910546971156,-0.32920354012312314,6.0,0.5026214658262582,4341695.591349062,0.10068578866154954,-0.30643238094842273,-0.3260522603760892,6.0,0.37687860224775105,1957140.9076503012,0.11763163726858161,-0.30285683281981396,-0.32920354012312314,4342557.622889355,0.10069340252407966,-0.30643238094842273,-0.3260522603760892
False,1.0,0.02,0.1,0.06,1367514.5676751947,0.08527284103059907,-0.22593128047646605,-0.27901965476534046,0.0,0.2327550618242394,1891911.3479335934,0.11407469035898665,-0.3121845776246178,-0.3283046335510723,3.0,0.5079236486269643,4302603.165227128,0.10019193719182462,-0.31330501382580384,-0.3274081273817995,3.0,0.3759500574171388,1944054.7365606255,0.11692616982530601,-0.30910253777153746,-0.3257432966705924,4371208.1346268505,0.10104791525210333,-0.31330501382580384,-0.3274081273817995
False,1.0,0.02,0.12,0.03,1475232.3897269557,0.09347437658170421,-0.24859088749027963,-0.2834437748725462,4.0,0.23367103099724656,1777303.4507005792,0.10754528196459234,-0.2977413602337219,-0.3132044274687413,6.5,0.5058820444125381,4542335.800476262,0.10308360446764253,-0.2991146717531909,-0.31436921231671955,12.0,0.3752494167339341,1804087.2519755084,0.10910411882221127,-0.2977413602337219,-0.31000085929626003,4516784.483400229,0.10279449977089483,-0.2994231274951916,-0.30977011567803703
False,1.0,0.02,0.12,0.04,1473346.57488687,0.09333437804792821,-0.24148432972866363,-0.28762749829115364,2.0,0.2388371813014275,1824745.2615979635,0.11026607788717047,-0.29761485130729937,-0.31531875330933873,4.0,0.5029197150534708,4554778.877574418,0.10324571814675199,-0.3010847775665296,-0.32563778077418626,8.0,0.3750022600715409,1833874.3584030773,0.11080017321724867,-0.29305185207662304,-0.3079437625075084,4600659.527466894,0.10377379500525574,-0.30108627714158603,-0.319753222116986
False,1.0,0.02,0.12,0.06,1449523.722473593,0.09156959692113953,-0.23691274445571792,-0.2807899337982048,1.0,0.23457791123041807,1901306.521948923,0.11458894089311389,-0.2972331208846915,-0.31272799916705624,2.0,0.503606294379675,4442838.85102502,0.10191189879504636,-0.3048252060101859,-0.3148134196363254,4.0,0.3764232676178137,1901426.921001384,0.11459946144812716,-0.293133143521573,-0.31080601595071017,4545906.930388542,0.10314146146189251,-0.3048252060101859,-0.313438804887567
False,1.0,0.02,0.14,0.03,1517109.7718550577,0.09652258241835387,-0.2368887676037943,-0.27411544575229874,4.0,0.23663001045524448,1852409.872928747,0.11186482116490037,-0.28047562953093674,-0.29569266913114584,10.0,0.5068720663821008,4624602.253206457,0.10405933481235885,-0.2802229824132114,-0.3162835455605108,12.5,0.3745651977474974,1796859.8416567962,0.10868572541756338,-0.27719987125989254,-0.30116817710137644,4535043.076146939,0.10301308905497086,-0.27971802834058973,-0.2840172018132312
False,1.0,0.02,0.14,0.04,1495018.325310044,0.09491724060908446,-0.2381088875472704,-0.27894743058890376,2.0,0.23667159383404052,1836540.5762598207,0.11096369265471806,-0.2844028077352549,-0.30257728970828945,7.0,0.5157039934664855,4470277.813352011,0.10223984806753628,-0.2845138790858352,-0.30213238245601665,9.5,0.3755886018740259,1809063.733128664,0.10939144083313723,-0.28359297221531937,-0.2972471254843667,4585442.107315449,0.10358388802873053,-0.2832612281458936,-0.2887679719202044
False,1.0,0.02,0.14,0.06,1490654.5248618808,0.0946009174764838,-0.2350054771413087,-0.2788615390674381,1.0,0.2362481811912777,1886559.3902495566,0.11377785478893576,-0.28385887660674586,-0.3284587937747981,4.0,0.5075685637140694,4270049.8066364,0.09979900531577834,-0.28365251083534004,-0.29877827482397407,6.0,0.37455859076145437,1810852.131634728,0.1094933108964572,-0.2837507415630684,-0.2915189826016952,4428581.198633628,0.10174325716009258,-0.28364257837768464,-0.29877827482397407
False,1.0,0.02,0.16,0.03,1513225.5371300534,0.09624063574133401,-0.24042715182001656,-0.27718400600648174,2.0,0.24143618146262025,1754508.3423215137,0.10618363343861903,-0.32177319606089605,-0.3484048089346693,9.5,0.5142578164709695,4584439.020401119,0.1035766508036402,-0.32121730837201784,-0.3500863832047634,11.0,0.38304667918615554,1764637.3223159318,0.10662795705796835,-0.307085102321911,-0.3484048089346693,4699250.510103128,0.10483103795809112,-0.32121730837201784,-0.34991465910053154
False,1.0,0.02,0.16,0.04,1508747.6603963524,0.09591482076159652,-0.24042715182001656,-0.27718400600648174,1.5,0.24143893518574844,1780621.6053007941,0.10773826222891769,-0.3221106963161509,-0.35288004006071966,7.5,0.5159689257548937,4640311.478503473,0.10423991562592794,-0.3173176889360554,-0.35355995528431217,8.0,0.38438572022853557,1739005.2926252624,0.10527814789152667,-0.30980303378484136,-0.35288004006071966,4650891.629406499,0.10431968454939711,-0.3173176889360554,-0.3532093330825018
False,1.0,0.02,0.16,0.06,1525925.0484235403,0.0971552210053711,-0.24042715182001656,-0.27718400600648174,1.0,0.2410293217656823,1782963.8160827516,0.10787634113893774,-0.3128984790773453,-0.3560561477280171,4.5,0.5164556478064148,4507823.400001338,0.10269157726273259,-0.3240041341512745,-0.3558805357264148,5.0,0.3833155018836777,1764323.2687263468,0.10672366349093543,-0.3026588500157213,-0.3560561477280171,4640528.228623249,0.10420466863710254,-0.3240041341512745,-0.3558805357264148
False,1.0,0.02,0.2,0.03,1486421.1432860373,0.09429840138484669,-0.2244264835739908,-0.2897459003089854,2.0,0.23524130050633157,1828013.3230657075,0.11044969089661616,-0.3420137087693168,-0.3479502512468633,12.0,0.5306252011640209,4476510.2459248025,0.10230726098312437,-0.34011325440720136,-0.3475770389785028,14.0,0.3820560224710201,1864381.9759360333,0.11252652178770661,-0.3420137087693168,-0.3479502512468633,4409207.87355341,0.10150737657677467,-0.34011325440720136,-0.3467256583106003
False,1.0,0.02,0.2,0.04,1485745.0887102252,0.09424894396884509,-0.2244264835739908,-0.2897459003089854,2.0,0.23758201452205555,1785937.4656834141,0.10804994003347967,-0.3406579719664,-0.3469945690339498,8.0,0.5209750406551223,4363459.062013223,0.10093348801702884,-0.3392190310344463,-0.34619253156174123,11.0,0.3827641543790274,1868062.330362875,0.11274399348260367,-0.3406579719664,-0.3464933703986053,4432861.474508031,0.1017956535370812,-0.3390780357072712,-0.3438842561188499
False,1.0,0.02,0.2,0.06,1484392.999177277,0.09414996956957178,-0.2244264835739908,-0.2897459003089854,2.0,0.2394073926584623,1741312.0216899791,0.10541512547201337,-0.34102679195262664,-0.3547455388753124,5.0,0.5248332253818724,4189620.90261402,0.09877042547541881,-0.3402666775850304,-0.35629463129474853,7.0,0.3858308524593068,1876521.9533989748,0.11321867385996054,-0.34102679195262664,-0.3547455388753124,4337167.3587111365,0.10063074603126965,-0.3395103882088998,-0.3546922921017677
False,1.0,0.03,0.06,0.03,1305942.2449397163,0.08031911456670515,-0.2317990263080696,-0.2505366827273438,1.0,0.2399127570221184,1895023.347384232,0.11424688422256302,-0.31265009204788,-0.3230547143377345,2.0,0.5195003992682916,4043008.496826539,0.09688992984211675,-0.31264744014467494,-0.3230520550474756,3.0,0.38775645535599024,1881250.8437955424,0.1134826743775813,-0.31265009204788,-0.3230547143377345,4074430.2917073453,0.09730182210455729,-0.31264744014467494,-0.3230520550474756
False,1.0,0.03,0.06,0.04,1300323.2478729887,0.07985585062514655,-0.2317990263080696,-0.2505366827273438,0.0,0.23886617281424016,1905604.9555192222,0.11483068155421494,-0.31265009204788,-0.3230547143377345,1.0,0.5191272010548318,4064548.1735129813,0.09717265256586816,-0.31264744014467494,-0.3230520550474757,2.0,0.38663561776718536,1888640.9422455495,0.11389334951225438,-0.31265009204788,-0.3230547143377345,4063515.9657365,0.09715915389184848,-0.31264744014467494,-0.3230520550474757
False,1.0,0.03,0.06,0.06,1312363.7461067387,0.08084584884703638,-0.2317990263080696,-0.2505366827273438,0.0,0.2389788601476845,1868569.7924478399,0.11277438561417807,-0.31265009204788,-0.3230547143377345,0.0,0.5164137891712,4100734.728173446,0.0976440524819836,-0.3126474401446749,-0.3230520550474757,0.0,0.3857263110594572,1869219.5391837247,0.11280990818864933,-0.31265009204788,-0.3230547143377345,4125153.240197991,0.0979601020733234,-0.3126474401446749,-0.3230520550474757
False,1.0,0.03,0.08,0.03,1375968.1707129187,0.08593633355331154,-0.23000660376142473,-0.2651710744074258,0.5,0.24264565611814792,1792331.4600979784,0.10842252946269249,-0.3041266850932534,-0.31958620209935246,3.5,0.5210534810493663,4303142.638664387,0.1002106491998791,-0.3028818267043859,-0.32105695066334705,5.0,0.39015400164432007,1831404.1944969003,0.11067266182792257,-0.3041266850932534,-0.31958620209935246,4322082.105336221,0.10044489050436778,-0.3028818267043859,-0.32105695066334705
False,1.0,0.03,0.08,0.04,1384013.5048398902,0.08655941976638548,-0.23000660376142473,-0.2651710744074258,0.0,0.24183362911544878,1846722.490577778,0.11152741616838957,-0.3078984636990688,-0.3143683771547868,1.0,0.5204329194115204,4345265.980715127,0.10073027814416724,-0.29864821615589354,-0.3174116331675789,2.0,0.389904624914845,1835902.5071510295,0.11092992237536747,-0.3078984636990688,-0.3143683771547868,4309955.818407567,0.10029488604483883,-0.29722577358179186,-0.3174116331675789
False,1.0,0.03,0.08,0.06,1384013.5048398902,0.08655941976638548,-0.23000660376142473,-0.2651710744074258,0.0,0.24183362911544878,1802395.660150608,0.10899724441806813,-0.3078984636990688,-0.3143683771547868,1.0,0.5248062394083708,4351580.265894407,0.10080764333774972,-0.29600428110222693,-0.31741163316757864,1.0,0.38885778417138395,1841503.4274636875,0.11124795042841751,-0.3078984636990688,-0.3143683771547868,4316986.876358446,0.10038195103490755,-0.2950352919629647,-0.31741163316757864
False,1.0,0.03,0.1,0.03,1399316.0518635348,0.08775539432785895,-0.21704238361302625,-0.2863431226008501,0.0,0.24297499245570087,1839084.5190131352,0.1111066309778378,-0.28675444453171006,-0.30210943961431663,6.0,0.5275991038027723,4386232.799924204,0.1012268335846771,-0.29465198372946233,-0.30621178627336565,7.0,0.3904841308321971,1823650.4047307211,0.11022995443889161,-0.2843018702802608,-0.3034876484222623,4407404.511351504,0.10148407671385873,-0.2928527979034612,-0.3026160423415615
False,1.0,0.03,0.1,0.04,1403628.001844938,0.08808830789935329,-0.21704238361302625,-0.2863431226008501,0.0,0.2428776099645249,1834003.6339181014,0.1108212245564979,-0.2929305745825464,-0.30171108958907406,4.0,0.5262845431654752,4327687.1698718015,0.10050912682870217,-0.294649133230215,-0.31284874859866274,5.0,0.3895649137114112,1877127.3858935237,0.11322922707599625,-0.2863985335892223,-0.3016757523911166,4394799.129681058,0.10133515499267509,-0.29246462566998915,-0.30616675071536054
False,1.0,0.03,0.1,0.06,1403628.001844938,0.08808830789935329,-0.21704238361302625,-0.2863431226008501,0.0,0.2428743841648629,1847798.823504407,0.11159423085059239,-0.2963458883266865,-0.30493643623835004,2.0,0.5237516393293615,4333646.191967953,0.1005867131467294,-0.2953811326457054,-0.3264093051908483,3.0,0.3903297867125447,1893573.6806614124,0.11416630630255409,-0.29082632637811084,-0.3028414717823498,4378173.69901858,0.10113068569707517,-0.29476909956442865,-0.3049895562331008
False,1.0,0.03,0.12,0.03,1469842.9086519894,0.09308186428713927,-0.23302452829278514,-0.27871256613460527,0.0,0.24697772267465246,1836435.8460110207,0.11095588915283794,-0.2776307014080473,-0.2928398412977067,7.0,0.517582285066974,4382448.741250159,0.1011840682003996,-0.2777366469532024,-0.31142701235728304,7.0,0.38730627609677915,1780773.4481478152,0.1077319917366949,-0.2764152610415752,-0.29954754878309103,4441055.122051388,0.10189434848737411,-0.27800189726319324,-0.29905996002563073
False,1.0,0.03,0.12,0.04,1469842.9086519894,0.09308186428713927,-0.23302452829278514,-0.27871256613460527,0.0,0.24697772267465246,1860630.1460733942,0.11232843306299156,-0.27558416823737925,-0.3030252931167328,5.0,0.5205145216561609,4437126.643162512,0.10184642331730509,-0.276002401340351,-0.33001337094093214,4.0,0.3884024954662597,1771855.9351154673,0.1072240925221073,-0.274496781698905,-0.30181332920817777,4426833.679152975,0.1017230404552022,-0.276002401340351,-0.30327537313015535
False,1.0,0.03,0.12,0.06,1473157.9516237022,0.0933263810622319,-0.23302452829278514,-0.27871256613460527,0.0,0.24697772267465246,1871717.8785585486,0.11294747127880789,-0.28020161331300214,-0.31768679436897074,3.0,0.5208764385207374,4350379.768523492,0.10079292159688913,-0.2858347855900677,-0.31089356638166693,3.0,0.38671229225157483,1799206.9991123767,0.10882206150606932,-0.27706239897818985,-0.3029875015402883,4323454.205224225,0.10046180878431277,-0.27902074288066264,-0.30703749441502437
False,1.0,0.03,0.14,0.03,1516428.027250626,0.09647467688196687,-0.2259068537926326,-0.26933091535489895,0.0,0.249285884230171,1782333.5948173977,0.10783884373923991,-0.31671405615616016,-0.336198168625567,11.5,0.528153770521965,4727471.110328946,0.10523758652932558,-0.3107048154641747,-0.33829153674284096,9.5,0.39310826456320813,1775281.0892463208,0.10737906437632017,-0.30144070958221325,-0.3359958972450795,4809785.830985421,0.10613400693479025,-0.3080602912984995,-0.33419507384655617
False,1.0,0.03,0.14,0.04,1514357.564431216,0.09632541164353181,-0.2259068537926326,-0.26933091535489895,0.0,0.25141369713879336,1807799.4966487158,0.10931889560507435,-0.3096329066571874,-0.33815900598697335,8.0,0.5211520710921116,4538686.413399941,0.10305646255697798,-0.3104899694611992,-0.33644743595372445,7.5,0.3951353277355222,1818270.5887831657,0.10983538426160078,-0.3102749315617109,-0.3373815024675009,4724298.896036161,0.10518335591643413,-0.3051039061839079,-0.33644743595372445
False,1.0,0.03,0.14,0.06,1514357.564431216,0.09632541164353181,-0.2259068537926326,-0.26933091535489895,0.0,0.25141369713879336,1773755.8560815519,0.1073146808090627,-0.3239337019764231,-0.33458628831456316,4.0,0.5264900747653418,4439200.505009018,0.10186687686618645,-0.31833332421832417,-0.3335482139213816,4.0,0.3922091991559431,1769976.0403345115,0.10703318791968774,-0.31137633575052887,-0.3335485467559749,4677681.425091362,0.10467027326187428,-0.31050110586205365,-0.3335482139213816
False,1.0,0.03,0.16,0.03,1550835.063251859,0.09892143030824341,-0.2190574814700183,-0.2720159300245861,3.0,0.24593452825319845,1787317.533041424,0.1081171576457971,-0.3333234759572838,-0.34953989758089465,7.0,0.5334277793866258,4328991.266846031,0.1005276590276376,-0.322420077719998,-0.3488360320076226,11.0,0.39518655606399566,1750437.6141120908,0.10589889337494318,-0.31095930611440004,-0.34953989758089465,4301214.013259456,0.10018566684677077,-0.3164946951470661,-0.3488360320076226
False,1.0,0.03,0.16,0.04,1552008.4678933392,0.09900309856867562,-0.22063825964166983,-0.275387493069054,2.0,0.25181601741557635,1829945.7097670282,0.11054534705156216,-0.3360426058077729,-0.34249021699437887,4.0,0.535567560527374,4316309.332735471,0.1003721609890712,-0.3270114874466707,-0.34248929469832584,7.0,0.3955892560382448,1818568.901252725,0.10993531527621869,-0.3127215127385648,-0.34249021699437887,4321802.41047916,0.10044063661275726,-0.31720098224970467,-0.34248929469832584
False,1.0,0.03,0.16,0.06,1566666.32341742,0.10003062429443843,-0.23390880303399636,-0.27596503174125436,1.0,0.25054351479912296,1805798.169331748,0.10915306278207904,-0.3386996727172405,-0.34251031252686004,1.5,0.5331811618717082,4319460.9731146805,0.10040861431689607,-0.3280797190032069,-0.34248929469832595,4.0,0.3913157194040017,1828183.1570775483,0.1104871870277977,-0.31124980915663536,-0.34249021699437887,4417309.153181211,0.10160688202480272,-0.3171310378838048,-0.34248929469832595
False,1.0,0.03,0.2,0.03,1547531.0384974885,0.09867849783630012,-0.23571595924808852,-0.27848990084443864,4.0,0.2485831263167492,1776795.8593909715,0.107413423743145,-0.33622658136221206,-0.3438955664859669,10.0,0.5379460744338507,4433284.351094862,0.1017915831686047,-0.33770829989310014,-0.34340801573274116,14.0,0.39324159355222804,1786223.8110778532,0.1080214000222588,-0.33584454513435774,-0.34345702736652267,4386452.049292624,0.10122982373431577,-0.33623663038646556,-0.34340801573274116
False,1.0,0.03,0.2,0.04,1557660.9340854557,0.09940036214073655,-0.22557276739016574,-0.2760023229083918,3.0,0.24972202514774666,1797395.4007300325,0.10866490774589532,-0.33821993525139177,-0.3417039938392383,7.0,0.5364365612026061,4453162.229708668,0.10201887238514784,-0.33881757247885014,-0.3416504260234741,10.0,0.39214934531792506,1801311.4203878776,0.10893738007776932,-0.33821993525139177,-0.3422562490857028,4428946.3666973505,0.10174798017471709,-0.33881757247885014,-0.3416504260234741
False,1.0,0.03,0.2,0.06,1591242.0660086689,0.10172806023350045,-0.24321469283334723,-0.28293815692189295,2.0,0.24998937112137523,1818565.7257053272,0.10988709129229346,-0.3400150545079954,-0.34522810634595413,4.0,0.5367570778905308,4327612.675010575,0.10051263295888702,-0.3409126123213361,-0.34514554907489253,6.0,0.3951545661828262,1770698.2572064754,0.10714588817864501,-0.3400150545079954,-0.34522810634595413,4302795.7218552595,0.10020635320319904,-0.3409126123213361,-0.34514554907489253
False,1.0,0.04,0.06,0.03,1361154.7169181043,0.08477228071395981,-0.22839840844874038,-0.2567951698304416,1.0,0.2508983876829939,1807627.5105841048,0.10930919585220789,-0.29668442592028305,-0.3145362195003652,1.5,0.5403553492654862,3971117.8468886586,0.09593643036969446,-0.29398932597190625,-0.3176493905288061,3.0,0.4012719965123612,1845330.6284648536,0.11146276024573021,-0.2981698851577902,-0.3145362195003652,4160633.127764745,0.09841590644149123,-0.29013955835901073,-0.31746684682218124
False,1.0,0.04,0.06,0.04,1358196.530883661,0.08453787695510429,-0.2272284291953065,-0.2510544717637901,0.0,0.24876489695893544,1801421.5862635453,0.10894922031901177,-0.30164280843748015,-0.3145362195003652,1.0,0.5391436010020274,4051303.4535759646,0.09699898255180228,-0.2928881646061124,-0.31903026876755824,2.0,0.40028742927189354,1851537.8607576983,0.11181646807834411,-0.30197591228741477,-0.3145362195003652,4074703.0035070023,0.09730494953065427,-0.29363619290772897,-0.31746684682218124
False,1.0,0.04,0.06,0.06,1357756.7386245267,0.0845029864010518,-0.2272284291953065,-0.2510544717637901,0.0,0.24784143070401948,1782481.369074149,0.10784765735618629,-0.2903116650355293,-0.3145362195003652,0.0,0.535000349328088,4036330.4729736014,0.09680073480809481,-0.29508642946967495,-0.31746684682218124,0.0,0.39770170211340405,1804875.7980822108,0.10915010538518732,-0.2952814215986568,-0.3145362195003652,4129059.1530257966,0.09801027976454701,-0.2899628480349791,-0.31746684682218124
False,1.0,0.04,0.08,0.03,1402296.238357766,0.08798301264566288,-0.2220715912152572,-0.27704156959433984,2.0,0.2518930660153475,1730231.757727255,0.1047523973232648,-0.30032324239385266,-0.3138643533677552,1.5,0.550206045219171,4206991.637728526,0.09900509326095841,-0.30188092463307714,-0.30647031375958983,5.0,0.40604959818359637,1756336.6603675778,0.10630578166689097,-0.2959031544725982,-0.30878109731695935,4251116.300877923,0.09956211744569599,-0.30188092463307714,-0.3087827828947866
False,1.0,0.04,0.08,0.04,1407157.9651847854,0.0883594243659499,-0.21621350917895849,-0.27279980226247713,1.0,0.2496848747490922,1791890.3667942742,0.10839535766140906,-0.29728347615088413,-0.3150437676706191,0.5,0.5490669003228221,4232382.12429174,0.09932673906285883,-0.3018809246330769,-0.3094662484529727,2.5,0.4061415836199249,1758003.6488359028,0.10640326504663478,-0.2960907537391885,-0.30878109731695935,4285748.194690341,0.09999205564156821,-0.30232526901459494,-0.3087827828947865
False,1.0,0.04,0.08,0.06,1418909.202406935,0.0892592799187587,-0.21725141626351713,-0.2720635258330346,1.0,0.25226697059041386,1711245.270353795,0.10360552214513208,-0.2976093599788713,-0.3150437676706191,0.0,0.5467863792301566,4255447.796376672,0.0996138730645969,-0.30232526901459494,-0.3094662484529728,1.0,0.4067002713073927,1760242.6639507397,0.1065369221441077,-0.29677848689512354,-0.30878109731695935,4273438.4218201665,0.09983943463116918,-0.29936115388021817,-0.30647031375958983
False,1.0,0.04,0.1,0.03,1473684.797504774,0.09336471587742556,-0.2294423129536311,-0.2734815122431529,1.0,0.25389143919022883,1750091.633539904,0.10593895918801344,-0.2756871343345896,-0.2964466649431919,5.0,0.542975938217495,4312377.53411302,0.10032461917920732,-0.2782629579516221,-0.3003651428894097,7.0,0.4052054998517897,1757307.7786794663,0.10636568071270769,-0.2779164053112663,-0.298444011557174,4404920.011918472,0.10145805291661802,-0.2795716421895973,-0.30046047294549744
False,1.0,0.04,0.1,0.04,1466705.5479340383,0.09284973464687951,-0.22535018412581787,-0.26721597423834853,0.0,0.2511219519034881,1763656.5983802504,0.10674013876845345,-0.2712133841371852,-0.2982790474155378,3.0,0.5423166356825146,4325162.892315582,0.10048017052504954,-0.2811578691479141,-0.3021702613222596,3.0,0.4029433054397498,1757914.8444133296,0.10640206669254271,-0.271240371915418,-0.29636620040671474,4400499.404231602,0.10140381090562678,-0.2798724547594594,-0.30122939056363396
False,1.0,0.04,0.1,0.06,1466705.5479340383,0.09284973464687951,-0.22535018412581787,-0.26721597423834853,0.0,0.2511219519034881,1792541.3523358647,0.1084343685685285,-0.27952787332837753,-0.3024241402953004,2.0,0.5449865048470337,4291203.457759542,0.1000622946190024,-0.2795118605065581,-0.3122725364513617,2.0,0.4029292149267024,1785798.1205708848,0.10803808783461077,-0.28029889766338106,-0.30055017551718005,4368179.868016673,0.10101091133964057,-0.27902033163977774,-0.30016807887837654
False,1.0,0.04,0.12,0.03,1514434.7858474902,0.0963179186595341,-0.22783981326334546,-0.2685435607051087,1.0,0.2552185944781327,1778910.925950008,0.10763925615302106,-0.3079710008870295,-0.32444288721030795,7.0,0.5472411580692949,4473826.588454113,0.10228696894503053,-0.2981328686338804,-0.3229873763297948,8.0,0.40636227489197063,1780193.8848070917,0.1076281279537189,-0.30198004099915654,-0.3237077767337064,4451188.253152963,0.1020111733758321,-0.30495319927845127,-0.3229873763297948
False,1.0,0.04,0.12,0.04,1519006.150098539,0.09665805407733008,-0.22404278716767917,-0.26278886063324336,0.0,0.25252813035595667,1794169.848664651,0.10852748705527548,-0.3084213047120321,-0.33141127334731946,5.0,0.5473186899277438,4445332.244347932,0.1019455306343261,-0.3002852072092456,-0.33121297082413126,5.0,0.40657985248320794,1807330.5734395625,0.10916895073251676,-0.296329253468895,-0.32943511343186893,4421525.55771962,0.10165242523522089,-0.3066623492488596,-0.3294594979219125
False,1.0,0.04,0.12,0.06,1519006.150098539,0.09665805407733008,-0.22404278716767917,-0.26278886063324336,0.0,0.2505489806818022,1782510.2375679857,0.10784544950589348,-0.3060108666800026,-0.32554876010959977,3.0,0.5491002539537448,4436043.22425843,0.1018340259645577,-0.29140286865049847,-0.32539045901106944,3.0,0.40361616280791374,1827882.4318726615,0.11043806083564878,-0.2963599885497854,-0.32554876010959977,4384846.995440211,0.10121382629326836,-0.29129714038934224,-0.32539045901106944
False,1.0,0.04,0.14,0.03,1563847.5281949425,0.09983322373968939,-0.22083004838552173,-0.26716572073723355,2.0,0.2560667460427155,1651662.921508836,0.09992260215542581,-0.33145300484354034,-0.334444924635067,8.0,0.5542699648780014,4256647.265333341,0.09962896983656289,-0.3237558230805419,-0.3344452244513372,10.0,0.4080423491657077,1691587.7552489494,0.10240560906107632,-0.3142896983615451,-0.334444924635067,4432342.04531273,0.10178793131145181,-0.31680884791882746,-0.33444373758137175
False,1.0,0.04,0.14,0.04,1530876.0106052645,0.09750493632124813,-0.21518762709618394,-0.2668905923977391,1.0,0.2543790174178742,1675159.1694933432,0.10139540800630098,-0.3263512002559631,-0.334444924635067,6.0,0.5514451956267055,4231401.204231467,0.09931181702242642,-0.3277345400889979,-0.3344452244513374,6.0,0.40676355327385444,1716465.7279918347,0.1039226395398688,-0.3056239629731645,-0.334444924635067,4161832.189205482,0.0984286328251005,-0.316024246931854,-0.3344452244513374
False,1.0,0.04,0.14,0.06,1561722.1620335695,0.09968429699770887,-0.21667238255086518,-0.271171165199311,1.0,0.2549412242423633,1729159.8098683385,0.10468145497474046,-0.3333190542495927,-0.3344452244513373,3.0,0.5520581024870633,4281415.493450239,0.09993858561424984,-0.3300705038710543,-0.3350041680246588,4.0,0.40740790882317124,1676173.2340683276,0.10144270731374305,-0.3113953631541449,-0.334444924635067,4220265.716503393,0.09917358065804582,-0.3197599442561602,-0.33444373758137164
False,1.0,0.04,0.16,0.03,1542802.8558682008,0.09835459741425001,-0.21736433184118514,-0.2681022090545418,6.0,0.25302620550542126,1694003.333854361,0.1025555046689891,-0.31578769424607334,-0.3233758781238995,7.5,0.5488036441668773,4291810.76346069,0.10006854675019328,-0.32036218128919813,-0.32837163714365447,13.0,0.4041592797626644,1775833.0266141435,0.10745419271763434,-0.31414437955178554,-0.3218015789396117,4423311.898541894,0.1016803119603279,-0.3166369875853488,-0.3217485367698224
False,1.0,0.04,0.16,0.04,1559652.1698297928,0.0995404465679226,-0.21682996849524028,-0.25793211317174836,3.0,0.25368734557440087,1712849.4014926031,0.10369643534519979,-0.31830522806932543,-0.3286220248553001,5.5,0.543938194112711,4093776.55546036,0.09754820921517837,-0.3252069583132609,-0.3290723253863716,8.5,0.40781816315796005,1756686.6474409178,0.10630790243529764,-0.31830522806932543,-0.3286220248553001,4329660.346253488,0.10053580150968111,-0.3213535028115415,-0.3285688371359716
False,1.0,0.04,0.16,0.06,1541065.674677306,0.09823147287189138,-0.21552723966892517,-0.26565567143993796,2.0,0.25228100761127786,1746349.6801409842,0.10571344732224697,-0.32067070771185524,-0.32454376146983593,3.0,0.5487653098919747,4119024.505598437,0.09787901789797193,-0.3202091702714966,-0.3236657002009596,5.5,0.403319978466428,1751688.0608694912,0.10603357635120403,-0.3185487787460412,-0.32366156640416116,4281725.69395561,0.09994457931819622,-0.32015085996041004,-0.3236657002009596
False,1.0,0.04,0.2,0.03,1479967.0729405964,0.09382589428311106,-0.22492174948689087,-0.2801478163167036,1.0,0.2512955671426933,1732809.3322349023,0.10490622061908572,-0.32033178679394003,-0.3588649345205386,14.0,0.5574676027965221,4271217.766883067,0.09981299753652861,-0.31885046583839194,-0.34243078393074106,15.0,0.40365391553818714,1715106.9799052817,0.10383938194342157,-0.3156628702490845,-0.33195687868415963,4387567.792543346,0.10124624053030751,-0.3117606737923746,-0.3296100418482349
False,1.0,0.04,0.2,0.04,1477025.0061542788,0.09361124609769633,-0.225364701880013,-0.27361832540074205,0.0,0.24652899055853483,1774319.527664173,0.1073688795959995,-0.31581620715253395,-0.33351839266710265,10.5,0.5467209161468223,4159432.548966378,0.09839861320802878,-0.3225742466939542,-0.3417773061244087,11.0,0.4032440819393005,1716398.4195049987,0.10391746453056416,-0.3143349331360725,-0.33800024793862515,4289849.5832056515,0.10004428639519969,-0.3128438546716964,-0.33042294960203844
False,1.0,0.04,0.2,0.06,1477025.0061542788,0.09361124609769633,-0.225364701880013,-0.27361832540074205,0.0,0.24652899055853483,1696740.9843128575,0.10272290900927994,-0.31708269808702216,-0.3332482395137399,5.5,0.5475135183382609,3997134.776296179,0.0962832923946002,-0.3209530910998515,-0.3466872585809909,6.5,0.403610586653366,1734583.00753325,0.10499746386142184,-0.31464837118093847,-0.33209624187540193,4245208.04048514,0.09948596904434148,-0.3167507821236726,-0.33016559281275426
