swap,cap,wn,wa,wp,A_final,A_cagr,A_dd,A_ddp10,A_npanic,A_exp,B_final,B_cagr,B_dd,B_ddp10,B_npanic,B_exp,F_final,F_cagr,F_dd,F_ddp10,F_npanic,F_exp,B_no2402_final,B_no2402_cagr,B_no2402_dd,B_no2402_ddp10,F_no2402_final,F_no2402_cagr,F_no2402_dd,F_no2402_ddp10,s_A_cagr,s_B_cagr,s_A_dd,s_B_dd,s_F_dd,s_B_no2402_cagr,s_F_cagr
True,0.85,0.01,0.06,0.03,1275124.913224982,0.0777598452781801,-0.1568005693402657,-0.157345332938145,30.0,0.1707604656371884,1934523.8436311348,0.1164112809681698,-0.2679855805624114,-0.2889725267729675,90.0,0.3519959026868823,4148103.028682675,0.0982554049839717,-0.2732948602725463,-0.284305524432286,120.0,0.2643158803575413,1773860.8748935089,0.1073422286879235,-0.2679855805624114,-0.2889725267729675,3711779.846516847,0.0923546291915617,-0.2732948602725463,-0.284305524432286,0.08122357042350872,0.11684502450023512,-0.1572125868810269,-0.27113375168943543,-0.2737169338868496,0.108745075938428,0.09927132295041405
True,0.85,0.01,0.06,0.04,1259981.9116276363,0.0764811230945079,-0.1502247601513549,-0.1608141634060436,23.0,0.1734000475618962,1923954.6186657895,0.1158357573601266,-0.268539218043837,-0.2706740571243014,74.5,0.3554049460207137,4000234.1581155495,0.0963246529111627,-0.2633370269745133,-0.2706295615088308,97.0,0.2666220581873609,1715719.0695618289,0.1038771470101943,-0.268539218043837,-0.2706740571243014,3602204.048299047,0.0907688954122644,-0.2633370269745133,-0.2706295615088308,0.08285016719566875,0.11440387081718448,-0.14197159799645095,-0.2713291019149588,-0.2694532602948657,0.10557294845424828,0.09837579321939753
True,0.85,0.01,0.06,0.06,1119589.6455725604,0.0639230614305289,-0.1864840497836956,-0.231948979224829,3.0,0.1874893833103795,1676052.4536191542,0.1014312371741127,-0.2853934035190256,-0.3073808625795332,24.0,0.3859088859878068,3118396.665676439,0.0831697752898018,-0.2830474564212896,-0.3006755669341708,27.0,0.2864347871631217,1550255.577168759,0.0933972918168117,-0.2853934035190256,-0.3073808625795332,2852706.3555710698,0.0785038743792186,-0.2830474564212896,-0.3006755669341708,0.0739044693313648,0.10949184598703185,-0.170158884316232,-0.2749169627704473,-0.28432311574256786,0.1040828968920873,0.09221938792956541
True,0.85,0.01,0.08,0.03,1303297.8485159115,0.0801019989410616,-0.1413407162002854,-0.1932085672471048,30.0,0.1740927279441119,1938862.2365910064,0.1166465223819214,-0.2670824042111364,-0.2897206255924708,90.0,0.3523782095460553,4186106.2135426425,0.0987392984442769,-0.2697914327911015,-0.2826755828373797,120.0,0.2653699543350826,1788217.6427745018,0.1081827613274023,-0.2670824042111364,-0.2897206255924708,3886492.049910848,0.0947928403308968,-0.2697914327911015,-0.2826755828373797,0.08404769200763253,0.11634046523290308,-0.15815079739230406,-0.2737051124769801,-0.27386518653142433,0.10970130481535571,0.10023414499387195
True,0.85,0.01,0.08,0.04,1348175.2640981274,0.083740111011854,-0.139286907879267,-0.1598794096259065,23.0,0.1770930173076477,1879274.452761812,0.1133725755575433,-0.2669139472482786,-0.2746179338209815,74.5,0.3616481133193323,4150117.817258997,0.0982812379747207,-0.2653815937708999,-0.2745794903479659,97.0,0.2727804029570652,1762469.494028899,0.1066723734547101,-0.2669139472482786,-0.2746179338209815,3888470.491845116,0.0948198479226544,-0.2653815937708999,-0.2745794903479659,0.08515054156292001,0.11366049974909759,-0.14486928583913375,-0.2719336616396255,-0.27044509264651556,0.10686101252902347,0.09929638075078495
True,0.85,0.01,0.08,0.06,1198131.6802740877,0.0711127664800962,-0.1778102274525841,-0.2354080777237808,3.0,0.1906016994277271,1711025.7422610167,0.1035928408569636,-0.2803166164595589,-0.3007067312575566,19.0,0.3869579283165077,3106031.819367891,0.0829611790563,-0.2884515259819954,-0.3045388186491119,23.0,0.2946850613176061,1717063.3551189126,0.1039587878497193,-0.2803166164595589,-0.3007067312575566,3185344.730699127,0.0842857212726396,-0.2884515259819954,-0.3045388186491119,0.07617280516094836,0.10958898268418403,-0.1709151857384198,-0.2731380733107601,-0.2817921119237902,0.10428607520123985,0.09329514770296288
True,0.85,0.01,0.1,0.03,1420277.7986013494,0.0893635373716873,-0.1372641085362876,-0.2020665598934442,30.0,0.1785069129421319,1903361.001270561,0.1147065884100255,-0.2709746175488687,-0.3024457324244957,90.0,0.3544449507514384,4354503.842942286,0.1008423712766151,-0.2741207744383148,-0.3004847582613187,120.0,0.2716923565752603,1867542.8833539488,0.1127150800354757,-0.2709746175488687,-0.3024457324244957,4278319.142642198,0.0999021426268136,-0.2741207744383148,-0.3004847582613187,0.08792567806984126,0.11607421472741371,-0.16749703172756011,-0.26906272861393404,-0.2661465540917804,0.1114317033995264,0.1020505263338667
True,0.85,0.01,0.1,0.04,1420788.414351808,0.0894023556770747,-0.1337217192567318,-0.1995932002929719,23.0,0.181371531265253,1862341.330590397,0.1124234554662242,-0.2671984409163926,-0.2766878993854748,74.0,0.3582192418752449,4279745.068962438,0.0999151394033898,-0.265907477428717,-0.2763692868848424,97.0,0.2757844012890116,1830431.777943556,0.1106178960821285,-0.2671984409163926,-0.2766878993854748,4227531.972848113,0.0992651174493469,-0.265907477428717,-0.2763692868848424,0.09003742919772771,0.11224722066753086,-0.1468360495695232,-0.2720820568558969,-0.27098418424556747,0.10838597199713128,0.10109369802868919
True,0.85,0.01,0.1,0.06,1247213.6610779972,0.0753316546710323,-0.1820859533830966,-0.2474200432924577,3.0,0.1918104222315487,1686417.0355688692,0.1020886411904274,-0.2734012805910579,-0.2878216414057511,22.0,0.3800841181769128,3284648.994640528,0.0858970344975409,-0.2722852093424713,-0.3064837505429146,32.0,0.2877967064208099,1612835.8313080613,0.097473772361819,-0.2734012805910579,-0.2878216414057511,3264096.4962552334,0.0855601542170075,-0.2722852093424713,-0.3064837505429146,0.0808606530807376,0.10922371135953225,-0.1776862282921204,-0.2704213667236692,-0.2789957596732433,0.10513609061528018,0.09493978796702
True,0.85,0.01,0.12,0.03,1409662.4133030449,0.0885508618058745,-0.1790419580895887,-0.1880016923045693,30.0,0.1901175037566584,1891095.6363817267,0.1140294832464029,-0.253108506359839,-0.2757868119046707,90.0,0.348932454659544,4470049.731817527,0.1022413545847932,-0.2530857292836031,-0.2708415421256088,120.0,0.2706457140436099,1872990.0010212369,0.1130159102628663,-0.253108506359839,-0.2757868119046707,4552897.287385474,0.1032218299381845,-0.2530857292836031,-0.2708415421256088,0.09262674533693467,0.11458106344911695,-0.17607087525816034,-0.25961596851245666,-0.25595170338715645,0.11115700962485442,0.10384950311888247
True,0.85,0.01,0.12,0.04,1483356.7064016354,0.0940753118902985,-0.1382159457482217,-0.1968772401691022,23.0,0.1869705045630472,1826778.105964076,0.1104079673943242,-0.2657270363984395,-0.2773883962928228,74.5,0.3576371977203371,4516597.774980063,0.1027933756823019,-0.2639409431745964,-0.2768517946057919,97.0,0.2813338349296655,1829380.1831692853,0.1105580674411436,-0.2657270363984395,-0.2773883962928228,4407957.741006287,0.1014948684137633,-0.2639409431745964,-0.2768517946057919,0.09370953725934288,0.11049556518123282,-0.15847309222056227,-0.27370036495201033,-0.2731879236797898,0.10759908007895835,0.10211529697872779
True,0.85,0.01,0.12,0.06,1291995.3676861897,0.0791640129479711,-0.2107087045411707,-0.2568740912157992,3.0,0.197193906308887,1633801.2016238738,0.0988003089724552,-0.269392868565223,-0.2761573679910692,19.5,0.3939258736017569,3390046.6894222144,0.0875642007877544,-0.2675811420233793,-0.2761206701895572,25.5,0.2987114368684676,1584332.3214591877,0.0956319527560534,-0.269392868565223,-0.2772071485145236,3474966.1392141925,0.0888693503125929,-0.2675811420233793,-0.2761206701895572,0.08559191152229588,0.10730472394134673,-0.18469231851003018,-0.2649747776942495,-0.2716825674499437,0.10302585486462511,0.09615284211435184
True,0.85,0.01,0.14,0.03,1490132.6334403562,0.094571378730715,-0.1830121451527889,-0.1934897375055991,30.0,0.1945941115809065,1884743.9972354409,0.1136766376658966,-0.2537750561964563,-0.2789116999130618,90.0,0.3531202419365918,4671215.953655745,0.1045939169686506,-0.2393619602110416,-0.2613283722588693,120.0,0.2757381179911304,1808766.54258056,0.1093741070846611,-0.2537750561964563,-0.2789116999130618,4515467.030845205,0.1027822509948094,-0.2393619602110416,-0.2613283722588693,0.0940945533032553,0.11266682965524683,-0.18103181061731907,-0.24233289651741605,-0.24635583804873495,0.1089842330498871,0.10296648502549195
True,0.85,0.01,0.14,0.04,1488212.3160255472,0.0944310145841488,-0.1678973293964666,-0.1918281549499116,23.0,0.1994225584558246,1768544.9922561096,0.1070119135395087,-0.2723694962118956,-0.2725458078791472,74.0,0.3589163904700536,4287560.4564456325,0.1000165749240966,-0.2724391823069426,-0.2725781244437527,97.0,0.2816174857575926,1709073.5990034356,0.1034745686540743,-0.2723694962118956,-0.2725458078791472,4290504.529895315,0.1000537279641724,-0.2724391823069426,-0.2725781244437527,0.09507677917409087,0.10809999658068263,-0.1646010060162724,-0.27434536461441433,-0.2740626554284173,0.10529254233155705,0.10161450277510337
True,0.85,0.01,0.14,0.06,1397847.069812887,0.0876395928713064,-0.2135008517769551,-0.2573551748134502,2.0,0.1973488048380488,1564501.0086861118,0.0943372707078172,-0.2493180292089964,-0.2553679731975274,20.0,0.3913942272707061,3361024.07134506,0.087101418516148,-0.2468497101013144,-0.268808840991479,22.5,0.2979879637245359,1586587.3985713094,0.0957666726937689,-0.2494710083877412,-0.2553679731975274,3563306.1557104103,0.0901948971835098,-0.2468497101013144,-0.268808840991479,0.08769080801797485,0.10532621576270366,-0.19136413149780304,-0.26021650514333344,-0.27186507771723717,0.10083735433674933,0.09543684897913425
True,0.85,0.01,0.16,0.03,1476730.1453500222,0.0935893847071714,-0.1870117760451801,-0.1989189133397933,30.0,0.1972204375559256,1762720.141907251,0.1066102959422929,-0.2041159054857516,-0.2736661731130431,90.0,0.3480131041836304,4025626.179784216,0.0966605683802197,-0.2409818659715508,-0.2736713833949969,120.0,0.2741516862381588,1712755.521283425,0.1036782994133321,-0.211745755141799,-0.2736661731130431,4096011.68148306,0.0975811771648026,-0.2462599573438111,-0.2736713833949969,0.094989913857239,0.11102037142024594,-0.1797863315104824,-0.23842121112346937,-0.24450789214247504,0.10677498681749564,0.10195054561980443
True,0.85,0.01,0.16,0.04,1469291.5536729712,0.0930410228127397,-0.1698973651237915,-0.1974742077699077,23.0,0.197089951132452,1664339.6322399883,0.1007249858941286,-0.2708532841858604,-0.2725722513809682,74.0,0.3519352598100977,4179754.4756172,0.0986600704299477,-0.2708012666194697,-0.2724969488220201,97.0,0.280302666798105,1706300.2597701657,0.1033025506810425,-0.2708532841858604,-0.2725722513809682,4083472.349956954,0.0974173748393388,-0.2708012666194697,-0.2724969488220201,0.09478209472054328,0.10601624720495657,-0.16841254089811206,-0.27528349202913915,-0.2753065440901888,0.10279602589292917,0.10029970247460551
True,0.85,0.01,0.16,0.06,1312556.934965522,0.0808568825056148,-0.2123575918902627,-0.2446272217380941,4.0,0.1936501532283893,1490443.3583679127,0.0892899572738652,-0.2454857466559432,-0.3239728245324978,22.0,0.3959427732238511,3086129.026028307,0.0826197874813394,-0.2745475669572798,-0.3227066734987108,27.0,0.2996153731033292,1482420.3298626367,0.0888025955717194,-0.2458286147362665,-0.3239728245324978,2853584.224528808,0.078517736438601,-0.2745475669572798,-0.3227066734987108,0.08829972227469622,0.10209571767196601,-0.18838665003999697,-0.267918781129791,-0.28042980523769395,0.09829310372542444,0.09386404421389559
True,0.85,0.01,0.2,0.03,1481562.096989573,0.0939444510066548,-0.1944107549491834,-0.2097308663315646,30.0,0.2036898161749527,1846840.6333638616,0.1114617578944101,-0.239159838234373,-0.2823717790593486,90.0,0.3374733284723938,4299016.86674238,0.1001574451831859,-0.2391874993906823,-0.2823102542554876,120.0,0.2652560929044053,1768115.5502030405,0.1070043085922061,-0.239159838234373,-0.2823717790593486,4356180.02811696,0.1008640656887795,-0.2391874993906823,-0.2823102542554876,0.09419418967777898,0.11017479493922433,-0.17676885721763141,-0.2367474461670431,-0.2459458772178036,0.1055626315399241,0.10055188816913674
True,0.85,0.01,0.2,0.04,1470262.5712875717,0.093112871673579,-0.1791837905722414,-0.2068099859153124,23.0,0.193536848132888,1676273.7472116775,0.1014599352423516,-0.2709981072335695,-0.2711283723713162,74.5,0.3438568462648596,4020382.698798282,0.0965880866381017,-0.271026511307384,-0.2712158724311597,97.0,0.2772850719932417,1639711.967582087,0.0991737748349569,-0.2709981072335695,-0.2711283723713162,4018796.1259011417,0.0965705265638541,-0.271026511307384,-0.2712158724311597,0.09384824594606153,0.10484862831516555,-0.16720663075468906,-0.2750859224570092,-0.2750941636222558,0.10173118169766743,0.09935667986725295
True,0.85,0.01,0.2,0.06,1336253.3160372246,0.0827841213130257,-0.1983558097825449,-0.2430150640786857,5.0,0.1852932761406272,1411678.4621972824,0.0837875831610923,-0.312473715280938,-0.3212430957105345,24.5,0.4102344866965417,3042469.2307871203,0.0818715854651003,-0.3133833124833587,-0.3261095500982662,28.0,0.3038545811844602,1430367.7345405142,0.0851504709648979,-0.312473715280938,-0.3212430957105345,3080418.8628740264,0.0825195180236096,-0.3133833124833587,-0.3261095500982662,0.08707396423996501,0.10059330019148162,-0.18631807448371096,-0.2732587236503951,-0.2889180351478117,0.0964443640115057,0.09269890914860168
True,0.85,0.02,0.06,0.03,1328738.1295475075,0.0821781155860971,-0.1518502791750746,-0.1907987668219739,30.0,0.1857424626243515,1937760.6574317107,0.116586860598412,-0.2763313835138224,-0.3008681213007939,90.0,0.3822748615186907,4296484.691169778,0.1001280264854993,-0.2771399270634725,-0.2918255540732447,120.0,0.2872454276181411,1778137.58328686,0.1075905176724792,-0.2763313835138224,-0.3008681213007939,3905890.118443936,0.0950566623747277,-0.2771399270634725,-0.2918255540732447,0.08306846767726385,0.11747361475931552,-0.16563067215789343,-0.2778576810669577,-0.2765507680528001,0.10943489023251435,0.1004245422680443
True,0.85,0.02,0.06,0.04,1347076.9267592183,0.0836526095188444,-0.1458351653707673,-0.1651028344400417,23.0,0.1893557272247353,1900816.7781775447,0.1145668230217458,-0.2751297758458805,-0.2828199288727681,74.5,0.3817304437329671,4201506.709639198,0.0989366182880377,-0.2762358407581735,-0.281427785413433,97.0,0.2897591448993024,1715131.1278919224,0.1038418667308561,-0.2751297758458805,-0.2828199288727681,3833704.23542798,0.0940673421468284,-0.2762358407581735,-0.281427785413433,0.08479676191536689,0.11432449728483722,-0.14623139582697198,-0.2770221589376171,-0.27580694993831895,0.10587357594546133,0.09936738311636105
True,0.85,0.02,0.06,0.06,1284926.1376371495,0.0785798898559626,-0.151140426483553,-0.2260456736955524,16.0,0.1879529181666725,1905441.0597769464,0.1148211169990321,-0.2671171212090801,-0.2920265688462807,49.5,0.3754148886618094,4334473.657988412,0.1005974726234841,-0.283459162374267,-0.297367547800724,65.5,0.2866938233366849,1756073.533695076,0.1062917149410834,-0.2671171212090801,-0.2920265688462807,3964701.876215384,0.0958501484942645,-0.283459162374267,-0.297367547800724,0.0777393161606243,0.11192718944683232,-0.1688846492330629,-0.2740917909522404,-0.2853104281469918,0.10587409170535227,0.09578392244808315
True,0.85,0.02,0.08,0.03,1362197.8111753576,0.0848543218886961,-0.178858782808482,-0.1847941344894356,30.0,0.1970342477976527,1959064.997229171,0.1177354340524373,-0.2731356384703717,-0.2921576412029816,90.0,0.3822611384399337,4283347.08747122,0.0999625618879083,-0.2746415154202782,-0.2896285232570529,120.0,0.2903106300002467,1852397.7564491169,0.111864796065907,-0.2731356384703717,-0.2921576412029816,4081353.1460632486,0.0973921202277026,-0.2746415154202782,-0.2896285232570529,0.08569619870923448,0.11684723517540746,-0.1649318128079259,-0.2782557587954442,-0.27550060568250884,0.10977008695875332,0.10128585471418408
True,0.85,0.02,0.08,0.04,1396353.3588740265,0.0875268251574687,-0.1325395585844146,-0.1923385183516857,23.0,0.1943154481720755,1887771.56404192,0.1138403273293222,-0.274733466521839,-0.2827488000273113,74.0,0.3794028137193725,4283039.334830863,0.099960663703669,-0.2728585796758761,-0.2823716209632698,97.0,0.2931393281435657,1783374.5641258452,0.1079004066212326,-0.274733466521839,-0.2827488000273113,4138338.390611993,0.0981297333867995,-0.2728585796758761,-0.2823716209632698,0.08685118149112592,0.11385810944998509,-0.14985022084905195,-0.2774245496095113,-0.2764599043050117,0.10656906066300087,0.10029626446082275
True,0.85,0.02,0.08,0.06,1326564.865629791,0.0820021595588715,-0.1652008335450953,-0.2170337476274585,16.0,0.1925269872654816,1966278.3242213803,0.118122188918019,-0.2668407098941246,-0.2903735180008777,49.5,0.3789841997824826,4462286.725735605,0.1021491247486757,-0.2823343181927195,-0.2951075382680673,65.5,0.2939080861445975,1867109.887135669,0.1126837929607348,-0.2668407098941246,-0.2903735180008777,4280867.6586056,0.0999325149161813,-0.2823343181927195,-0.2951075382680673,0.079751617776142,0.11184153176034634,-0.16948557508645712,-0.27271971201662837,-0.2832762271850763,0.10587000948145371,0.09676416197325191
True,0.85,0.02,0.1,0.03,1429027.889949386,0.090028332980073,-0.1827903282934292,-0.190176811027218,30.0,0.204611598491705,1926155.5389264345,0.1159561049864525,-0.28672105055527,-0.2935068085442519,90.0,0.3762708836725956,4574554.265998399,0.1034772068849604,-0.2742026092028329,-0.2935260369575793,120.0,0.2931119368326919,1828581.778184185,0.1105124451029466,-0.28672105055527,-0.2935068085442519,4421064.9457781855,0.1016529923312122,-0.2742026092028329,-0.2935260369575793,0.0897453444015554,0.11695821878294857,-0.16999448628930508,-0.26974553845175775,-0.26721526079882335,0.11078541357009691,0.10339908462996895
True,0.85,0.02,0.1,0.04,1430002.0894749444,0.0901002249177704,-0.167607603792267,-0.1887657505746739,23.0,0.2061998133378626,1853457.5295490404,0.1119240597596235,-0.2790871212615251,-0.2792701726681531,74.0,0.3815737059202341,4479935.905331638,0.1023599722237298,-0.2789500372709136,-0.2792615180874853,97.0,0.2985172750672773,1789487.9159994111,0.1082563852750192,-0.2790871212615251,-0.2792701726681531,4314608.660784069,0.1003525736809597,-0.2789500372709136,-0.2792615180874853,0.0912467615647965,0.11276045270195262,-0.15453609574053176,-0.2775660296893309,-0.27681835728694054,0.10739603756876545,0.10199965734008379
True,0.85,0.02,0.1,0.06,1377857.7437689286,0.0860872989691987,-0.1627696237824941,-0.2208725156433625,16.0,0.1973780172779274,1954263.234305975,0.1174778709665494,-0.2657593081917135,-0.2934365208777605,49.0,0.374367679810134,4706922.250348224,0.1049963000019748,-0.2811749992299986,-0.3033053840856744,65.5,0.2944487831492075,1853214.217850889,0.1119110912772709,-0.2657593081917135,-0.2934365208777605,4494994.743997954,0.1025315714438251,-0.2811749992299986,-0.3033053840856744,0.08415286376594178,0.11169924801736629,-0.1744437475003533,-0.2707174111242743,-0.2809089650863678,0.10616048365306092,0.09829211541152584
True,0.85,0.02,0.12,0.03,1491279.1390607962,0.0946550154316551,-0.1856862964372878,-0.1951408355912339,30.0,0.2094832575854056,1952280.525756696,0.1173711552872426,-0.2633541545381184,-0.2849587239971984,90.0,0.3825253211933854,4889116.770716906,0.1070403649246463,-0.2510372634145522,-0.269740811920967,120.0,0.2968829823735141,1860104.754522778,0.1122992276025606,-0.2633541545381184,-0.2849587239971984,4662295.615084702,0.1044940406081027,-0.2510372634145522,-0.269740811920967,0.09389942767225164,0.11550102064662221,-0.17529023850020628,-0.2604714995882571,-0.2585349933546982,0.10987516858744681,0.10493800263931544
True,0.85,0.02,0.12,0.04,1501247.2638768856,0.0953797465319,-0.169644562156237,-0.1936373910796079,23.0,0.2117388144918849,1846394.094236875,0.1115149384981477,-0.2788323287889068,-0.2789304158218058,74.0,0.3852302918866517,4555386.677484605,0.1032517991843239,-0.2788664741524018,-0.2790029964184446,97.0,0.3013523623945752,1756365.937345239,0.1063107031085536,-0.2788323287889068,-0.2789304158218058,4392484.267939871,0.1013054477702642,-0.2788664741524018,-0.2790029964184446,0.09433679265045,0.11128978071277948,-0.16363230984250982,-0.27866499314460874,-0.2783166989554881,0.10633808805901909,0.1027261952244352
True,0.85,0.02,0.12,0.06,1448119.263704937,0.0914660258572559,-0.1675420270482818,-0.2091736427673865,16.0,0.1973881427364801,1913428.9917355832,0.1152604172527789,-0.2668174166403372,-0.2932083904777632,49.0,0.3764205618232086,4802260.073921075,0.1060708887098742,-0.2821473632688959,-0.3033776901941029,65.5,0.2937856910648814,1804997.2120941677,0.1091571464860835,-0.2668174166403372,-0.2932083904777632,4566356.62841896,0.1033594400492239,-0.2821473632688959,-0.3033776901941029,0.08819563843588313,0.11041540244371555,-0.180816232261109,-0.2675412939507116,-0.2767606286723177,0.10450939004489562,0.0993844696231681
True,0.85,0.02,0.14,0.03,1546151.9592128564,0.0985913457016031,-0.1886304150395798,-0.1989946448757546,30.0,0.2140416834569814,1851114.345271105,0.1117464110986817,-0.2297624258761877,-0.2809217678841584,90.0,0.372275650312368,4698077.963226678,0.1049018040736291,-0.2439018837725941,-0.2808680474593891,120.0,0.2902068470563829,1803119.214664795,0.1090252876606163,-0.2297624258761877,-0.2809217678841584,4500661.642096257,0.1025966368063285,-0.2439018837725941,-0.2808680474593891,0.09545570961815182,0.11402870889715369,-0.17860223029988287,-0.24744126866932137,-0.25147600853007107,0.1084274017104815,0.1045993095103271
True,0.85,0.02,0.14,0.04,1550084.9306598254,0.0988685699548647,-0.1737513929734494,-0.1975399789852422,23.0,0.2157809952722781,1814259.2875791425,0.1096910564295686,-0.2789877661349025,-0.279112120413883,74.5,0.3774534163781239,4650204.81200769,0.1043549204545246,-0.279023427745167,-0.2791396129913953,97.0,0.3015059243363731,1757475.8602927336,0.106376859912831,-0.2789877661349025,-0.279112120413883,4419349.486940961,0.101632586073193,-0.279023427745167,-0.2791396129913953,0.09522162417455793,0.10926012922958618,-0.16709147370333455,-0.2791332115590829,-0.27892832883519236,0.10480930982286422,0.10213514962896625
True,0.85,0.02,0.14,0.06,1480494.662045721,0.0938628838170109,-0.1715467505281828,-0.2122496854473132,16.0,0.2067464420828687,1924577.706972612,0.1158638345580523,-0.2651597629681691,-0.2934725002893236,49.0,0.3732672469221829,4731855.472508605,0.1052872101728188,-0.2800569807336023,-0.3036642099234039,65.5,0.2968071854319447,1788767.7335982528,0.1082144936127549,-0.2651597629681691,-0.2934725002893236,4528793.245896682,0.1029340524025973,-0.2800569807336023,-0.3036642099234039,0.08990721300067722,0.10913466073006292,-0.18527532482281497,-0.2649540640977476,-0.27782220739598845,0.10283875829661936,0.09898950531478395
True,0.85,0.02,0.16,0.03,1490651.587488928,0.0946093334425126,-0.1628082729394889,-0.1630346518124437,30.0,0.1997702090423511,1865569.4051712835,0.1125669946909643,-0.2498813306481434,-0.2842420116666005,90.0,0.3579546718950549,4480142.239491654,0.1023609012210128,-0.2497663256390678,-0.2842424764141824,120.0,0.2822929875422445,1759764.2544278938,0.1065125662752862,-0.2498813306481434,-0.2842420116666005,4298085.744592393,0.1001419053572011,-0.2497663256390678,-0.2842424764141824,0.09543915445405872,0.11219837995089159,-0.17780175085947547,-0.2490188455807328,-0.25182929412970706,0.10590168307210737,0.10310950726980357
True,0.85,0.02,0.16,0.04,1491418.2304096138,0.0946650092705935,-0.1681994406994681,-0.1922442769176345,23.0,0.2047505825798365,1806590.1939933936,0.1092491177284179,-0.2793022759664815,-0.2794764075323998,74.5,0.3717349306141316,4335526.186187329,0.1006102759754254,-0.2793046385719263,-0.2793869056282954,97.0,0.292674731900076,1680719.7568379825,0.1017325041916973,-0.2793022759664815,-0.2794764075323998,4209238.829320893,0.0990345565160659,-0.2793046385719263,-0.2793869056282954,0.09461261763803361,0.10784585318800861,-0.16782528048866727,-0.279771041093272,-0.2790064286583495,0.10284203367380508,0.1006672730140306
True,0.85,0.02,0.16,0.06,1470886.202681464,0.09315545010869,-0.172528863201965,-0.2155550995811532,16.0,0.2090099075380282,1971581.802973216,0.1184055058112532,-0.2651252068213318,-0.2939150670691462,49.0,0.3810706397045229,4617570.693939762,0.1039775882068707,-0.2800077032189514,-0.3040367548208448,65.5,0.2953361972678642,1775720.4487077831,0.1074512649001158,-0.2651252068213318,-0.2939150670691462,4545853.633491883,0.1031073224986027,-0.2800077032189514,-0.3040367548208448,0.09002663532654585,0.10674673314150988,-0.18281969101042775,-0.2706075842356953,-0.28452422084378964,0.10082557994243156,0.09757485483340417
True,0.85,0.02,0.2,0.03,1490984.0634870522,0.0946335895547771,-0.1628446249366733,-0.1632748344340396,30.0,0.2017251548118851,1820718.1007193325,0.11006013122923,-0.2538327102999044,-0.2990745080511185,90.0,0.3621308386371329,4536328.202869525,0.1030286378921286,-0.2538478178699135,-0.2991292743759526,119.0,0.2841289883633183,1735289.563591822,0.105055351878872,-0.2538327102999044,-0.2990745080511185,4334598.271338118,0.1005989701100322,-0.2538478178699135,-0.2991292743759526,0.09462998001718993,0.11147475642052236,-0.17475767045007837,-0.2491831783108199,-0.25345864276660396,0.10500123876408542,0.10192966758184208
True,0.85,0.02,0.2,0.04,1490168.2774406378,0.0945740800273339,-0.1515459266232552,-0.1787303909014495,23.0,0.2043134014003298,1784461.5130203296,0.1079604743957641,-0.2791900224421254,-0.2793172212526513,74.0,0.3752571201056592,4414022.78914597,0.101568286425537,-0.2792442379902434,-0.2793507656116154,97.0,0.2893573279559112,1696706.7381671544,0.102715897082973,-0.2791900224421254,-0.2793172212526513,4162613.5804880415,0.0984383377084031,-0.2792442379902434,-0.2793507656116154,0.09364062744409846,0.1071272345544525,-0.16479192118903593,-0.2796317071025905,-0.27847593505286766,0.10229037104503234,0.09981290752712917
True,0.85,0.02,0.2,0.06,1448561.2405593526,0.0914994030325295,-0.1620300330600712,-0.2049841400849528,16.0,0.2018304853780676,1835502.2136873172,0.1108901545197158,-0.2699502258433675,-0.2936051328406225,49.0,0.3735056126798917,4477150.362000095,0.1023266754410963,-0.287733557931657,-0.3039111199576111,65.0,0.2920053515641388,1723997.4428785034,0.1043731246092897,-0.2699502258433675,-0.2936051328406225,4405222.68703038,0.1014608964642652,-0.287733557931657,-0.3039111199576111,0.08898969862723466,0.10555710666432526,-0.18005032370862875,-0.27415802432562686,-0.29018251240599,0.0992076793560535,0.09656457443861614
True,0.85,0.03,0.06,0.03,1360079.062174544,0.0846870846521832,-0.1811252192953222,-0.1866117261603391,30.0,0.2054484322145011,1960108.682233932,0.1177918827274839,-0.2932922321923306,-0.3042271385182711,90.0,0.4090051279291445,4417227.875771366,0.1016065242857335,-0.2850356234159162,-0.3045156663982323,120.0,0.3108525960104867,1826213.297841154,0.1103766751263787,-0.2932922321923306,-0.3042271385182711,4079604.465130821,0.0973690988913599,-0.2850356234159162,-0.3045156663982323,0.08699649777369796,0.1184152773797864,-0.17390903418788128,-0.28317724527484,-0.27995103627516943,0.10966629489843811,0.1025481383144981
True,0.85,0.03,0.06,0.04,1386828.9542581344,0.0867873245720188,-0.1415183790937224,-0.1879314614286903,23.0,0.2048533427315114,1898865.0776394568,0.1144590840592302,-0.2882055036095813,-0.2888224358919153,74.5,0.4079121205521216,4314712.175698306,0.1003538564946281,-0.2885516593062157,-0.2888956681571944,97.0,0.310893050677366,1753893.67371272,0.1061648195499486,-0.2882055036095813,-0.2888224358919153,4060853.260955744,0.0971242320051473,-0.2885516593062157,-0.2888956681571944,0.08818181401147297,0.11430808489124468,-0.1534125223117023,-0.28290825975548145,-0.28257732608354047,0.10513281494873057,0.10096915891113817
True,0.85,0.03,0.06,0.06,1351639.155997863,0.0840163915312215,-0.1679605051358528,-0.2169315843387374,16.0,0.1980614471987442,1933915.474037912,0.1163782140573549,-0.2729350542557754,-0.2958482528573101,50.0,0.4018926892057426,4448288.5358417295,0.1019812278110526,-0.2883980092017764,-0.3099429512849596,65.5,0.3063430680722679,1793869.5667111543,0.1085115576551676,-0.2729350542557754,-0.2958482528573101,4204182.204327226,0.0989699024057981,-0.2883980092017764,-0.3099429512849596,0.0847341237510335,0.11677009898823014,-0.16475285718143734,-0.27333394121303434,-0.2872619460991754,0.10879951127451211,0.10277386238745433
True,0.85,0.03,0.08,0.03,1413282.955957536,0.088829439717365,-0.1838084661279308,-0.1892907260732369,30.0,0.2105712465625785,1995401.4449863296,0.1196697078274688,-0.2893188474516736,-0.2947612518775335,90.0,0.3999369772743928,4606995.673034335,0.1038554375208761,-0.279401249353486,-0.2948949196913232,120.0,0.3081766654184387,1841575.1869225684,0.1112523625149954,-0.2893188474516736,-0.2947612518775335,4346925.9056359865,0.1007506729446376,-0.279401249353486,-0.2948949196913232,0.08923343474244745,0.11785941103929737,-0.17454040827697914,-0.2834015322988783,-0.27913515188342086,0.10952977567837939,0.10365196281531602
True,0.85,0.03,0.08,0.04,1436491.4443597188,0.0905925781375075,-0.1679836038823057,-0.1876956937925687,23.0,0.211120655112252,1888268.177447048,0.1138724163810552,-0.2886110423562862,-0.2888154575489021,74.5,0.4075559979096966,4479019.976897098,0.1023472693259481,-0.2884769991442352,-0.2887895729748829,97.0,0.3156938414716383,1764374.0298409855,0.1067848423058263,-0.2886110423562862,-0.2888154575489021,4247028.658812167,0.0995107307871631,-0.2884769991442352,-0.2887895729748829,0.08985945254049127,0.11401033305545696,-0.1579140134631842,-0.28348155287095755,-0.28313243412086964,0.10528607379067635,0.10191709679083615
True,0.85,0.03,0.08,0.06,1387007.869230996,0.0868016281070651,-0.1647118529975965,-0.2090332755842818,16.0,0.208019048261036,1949507.276293993,0.1172175386755115,-0.2719478403758778,-0.2963990453914256,49.0,0.4025330807930356,4606083.337872427,0.1038447551591847,-0.2861720967099032,-0.3101609748247638,65.0,0.3122854032904562,1826639.3892271472,0.1104014050085967,-0.2719478403758778,-0.2963990453914256,4199459.26296564,0.0989106551556655,-0.2861720967099032,-0.3101609748247638,0.08637237675590476,0.11734130339389723,-0.16547686565146769,-0.27319508246135155,-0.28720447320613146,0.10904867179972444,0.10383174519977954
True,0.85,0.03,0.1,0.03,1475011.8164523528,0.0934631119677669,-0.1705478454942555,-0.1710477745040424,30.0,0.2140208500493164,1929341.0790970973,0.1161207346262961,-0.2794600746531126,-0.2797432764014345,90.0,0.3999722775363634,4680821.589398617,0.1047058606578154,-0.271877459184631,-0.2797783824563248,120.0,0.3122569993235941,1786686.9677570765,0.1080939160952715,-0.2794600746531126,-0.2797432764014345,4390042.947410974,0.1012773370635636,-0.271877459184631,-0.2797783824563248,0.09312194879427758,0.11807306136012422,-0.17728603214465682,-0.27530578918330195,-0.2721011194592008,0.10968110066720121,0.10583137976613673
True,0.85,0.03,0.1,0.04,1473849.55707313,0.0933774813330868,-0.1699342896306368,-0.183487086669964,23.0,0.2159826839385249,1898659.505406067,0.1144284861149947,-0.2884024306819814,-0.2885332944961518,74.0,0.4089271906829296,4635638.566960368,0.1041869698221188,-0.2884399244155615,-0.2886279770845131,97.0,0.3164381162044337,1734459.866901777,0.1050058089370921,-0.2884024306819814,-0.2885332944961518,4331201.463186101,0.1005573083695913,-0.2884399244155615,-0.2886279770845131,0.0927595817951646,0.11347596262056185,-0.16443891046819087,-0.2840145917497367,-0.283432727728053,0.10533860960768068,0.10315786110055204
True,0.85,0.03,0.1,0.06,1427515.9513673307,0.0899097093813012,-0.1672067032141461,-0.2092717734280558,16.0,0.2141235482713723,1916796.5491254209,0.1154441370051463,-0.2707660736534416,-0.2960938362044486,49.5,0.3980374573345732,4731307.709226891,0.1052805885712526,-0.2841632672112655,-0.3095432630221458,65.0,0.3096481045770329,1788517.092955066,0.1082006714618801,-0.2707660736534416,-0.2960938362044486,4355817.000492184,0.1008597054506073,-0.2841632672112655,-0.3095432630221458,0.08970404024214812,0.11750482923069454,-0.16861346884968845,-0.27317484183761326,-0.2871083081331132,0.10880916834920502,0.10521997401973787
True,0.85,0.03,0.12,0.03,1535842.032788287,0.0978614795098191,-0.1706118746161988,-0.1710536844133381,30.0,0.2190680549157804,2009060.041121131,0.1203882382282901,-0.2445545522774294,-0.2694281544909498,90.0,0.3901478786368395,5139902.938916605,0.1097273054878288,-0.2567793141006103,-0.2695180004022388,120.0,0.3072595958977161,1804692.6824301817,0.1091322231234468,-0.2445545522774294,-0.2694281544909498,4580883.696231713,0.1035497094493365,-0.2567793141006103,-0.2695180004022388,0.09563011561592175,0.11642654176392028,-0.1779609322929317,-0.2673520172039296,-0.26687186450804157,0.10804110088533807,0.10641928204851399
True,0.85,0.03,0.12,0.04,1524119.38737468,0.0970262194262079,-0.1718906707347043,-0.1859557397512574,23.0,0.2197266054056418,1873697.8289858045,0.1130598478163386,-0.2885884530303288,-0.2887451861841212,74.5,0.4053214273953887,4697906.159821158,0.1049004887405521,-0.2885431865492632,-0.2887191955762755,97.0,0.3167634557556374,1725333.9770870616,0.1044578548931831,-0.2885884530303288,-0.2887451861841212,4326610.685645149,0.1004996752744872,-0.2885431865492632,-0.2887191955762755,0.09477872748189091,0.11229392204047646,-0.1702781197784275,-0.2847551366262928,-0.2843618598554653,0.10406373253093827,0.10363201778312103
True,0.85,0.03,0.12,0.06,1502917.674200939,0.095500517920684,-0.1719578015387145,-0.2103609031708561,16.0,0.2185172016798111,1950821.063997538,0.1172892883184453,-0.2712145857471341,-0.2962036223530469,49.0,0.4001448043470219,4783181.759294054,0.1058649671711753,-0.2838707638166817,-0.30995477133637,65.0,0.3116241611777432,1751609.339638919,0.1060257327153906,-0.2712145857471341,-0.2962036223530469,4464159.995314673,0.1021710059481275,-0.2838707638166817,-0.30995477133637,0.09207482231201648,0.11758572991436551,-0.17087344245630479,-0.273717873955018,-0.2881248949975641,0.10809957936232266,0.10593254228607471
True,0.85,0.03,0.14,0.03,1537931.9354483038,0.0980097855510708,-0.1800271748424403,-0.1800276745369394,30.0,0.2217416275162236,1918189.933600116,0.1155138322703119,-0.2625330582890317,-0.2941380386544728,90.0,0.3881981021715432,4877427.961174959,0.1069118388949,-0.262447946584104,-0.2942080758574483,120.0,0.3082397278387212,1729499.1109262905,0.1047083203191764,-0.2625330582890317,-0.2941380386544728,4456085.869485092,0.1020737980559437,-0.262447946584104,-0.2942080758574483,0.09615146836685866,0.1155314037468632,-0.17570502402603227,-0.26169272295787444,-0.2628915804274861,0.10680078492411774,0.10595039970766512
True,0.85,0.03,0.14,0.04,1514971.470764984,0.0963702095386982,-0.1800272748938738,-0.1800277009614503,23.0,0.2187719881724179,1839710.615802793,0.1111463013962852,-0.2887918648771068,-0.2889440687195404,74.0,0.401636728774932,4513341.543476477,0.1027565165848792,-0.28873963755583,-0.2888728303988937,97.0,0.3122745248557951,1684700.161737043,0.1019846482271464,-0.2887918648771068,-0.2889440687195404,4186512.3374626,0.098745689639254,-0.28873963755583,-0.2888728303988937,0.09487418915619587,0.11135519419228042,-0.17078721769031727,-0.284858837655873,-0.284463877441281,0.10308460824796868,0.10271852438846137
True,0.85,0.03,0.14,0.06,1493273.1925497483,0.0947990494871875,-0.1800276745369394,-0.2089565174047239,16.0,0.218751298955156,1948845.256525289,0.1171768530217678,-0.2760423199903313,-0.2972097942432393,49.0,0.4090363995166856,4830889.93719271,0.1063976181799739,-0.29271622232325,-0.3107182332402879,65.0,0.3161095185392134,1788594.5056540533,0.1082029770390393,-0.2760423199903313,-0.2972097942432393,4552584.52040175,0.1031920801501791,-0.29271622232325,-0.3107182332402879,0.0929990823682295,0.11702641742755716,-0.17219624797176242,-0.27431012019849643,-0.2890264649642502,0.10689683151183502,0.1053268465558308
True,0.85,0.03,0.16,0.03,1547164.6469905716,0.0986628016829448,-0.1705901595363924,-0.1710907591692866,30.0,0.2229373885944375,1897142.886120388,0.1143553316443003,-0.265886428352935,-0.3054471272924431,90.0,0.3917170406143488,4881411.217263321,0.1069557310572635,-0.2659217877935157,-0.3055535565484053,120.0,0.3099741680485839,1786807.7773445058,0.1081006736523877,-0.265886428352935,-0.3054471272924431,4587668.60586999,0.1036295495856363,-0.2659217877935157,-0.3055535565484053,0.09492973234246686,0.11371557228182823,-0.17305072294548798,-0.26625861883997287,-0.2649354084164478,0.10467956963364337,0.1041825754364504
True,0.85,0.03,0.16,0.04,1470596.2613166887,0.0931375135615701,-0.1642992816037985,-0.1757700978562213,23.0,0.2140776665710105,1828985.0066802609,0.1105350343695561,-0.2887463984378242,-0.2888204910502467,74.0,0.4042045196041502,4439224.697195137,0.1018723246846448,-0.2886962028411343,-0.2888640355493168,97.0,0.312245038269675,1735794.5255570894,0.1050860312961062,-0.2887463984378242,-0.2888204910502467,4236183.586580521,0.0993745812630799,-0.2886962028411343,-0.2888640355493168,0.0943096842470587,0.11107569175073656,-0.1654094504829548,-0.2849044096636892,-0.2837611070799674,0.10244658359275347,0.10172962872440111
True,0.85,0.03,0.16,0.06,1464963.5028449865,0.0927205014903744,-0.1673076583428627,-0.2113808597182209,16.0,0.2152493921160321,1923095.512786183,0.1157885106541312,-0.2760306402822618,-0.2969342356210715,49.0,0.3961270221550133,4797396.826367417,0.1060218686071011,-0.2926224141205413,-0.310420403547083,65.0,0.3095286866184124,1756111.1489983196,0.1062959888946484,-0.2760306402822618,-0.2969342356210715,4479201.129844708,0.1023474425917633,-0.2926224141205413,-0.310420403547083,0.09235704968952935,0.11627862857743258,-0.1705988526759252,-0.2751570350688549,-0.2906833562372847,0.10613393197670347,0.10409135092654437
True,0.85,0.03,0.2,0.03,1459835.2987929217,0.0923403197090789,-0.1708804342935522,-0.1714549618386553,30.0,0.2067308202649875,1887561.0590705972,0.1137940271219365,-0.282222856843812,-0.3254746714980255,90.0,0.3926304348347447,4484836.462767268,0.102414721757242,-0.2710465599348936,-0.3249481984745559,120.0,0.3010250037340207,1647653.0336293415,0.0996562327724284,-0.282222856843812,-0.3254746714980255,3866675.183419874,0.0945214422734943,-0.2710465599348936,-0.3249481984745559,0.09419321960966447,0.1134704951379818,-0.16913470410493656,-0.2708558546536833,-0.26649133977456346,0.10425559738506152,0.10363756948648506
True,0.85,0.03,0.2,0.04,1472978.2135782356,0.0933132673187745,-0.1556257225116609,-0.1740718405052274,23.0,0.2091494634766254,1869818.9793836884,0.1128338596964967,-0.2887001543496822,-0.288992493939695,74.0,0.4009754127533385,4252552.012301983,0.0995784010091183,-0.2817827529870484,-0.2888956919169623,97.0,0.3070579135704201,1680727.3034229022,0.1017314681834182,-0.2887001543496822,-0.288992493939695,3856904.5008339295,0.0943870727041782,-0.2817827529870484,-0.2888956919169623,0.09344505059193751,0.11117490642640122,-0.162293577935778,-0.28487991144468855,-0.28339020802391346,0.1025326335370691,0.10090112250967272
True,0.85,0.03,0.2,0.06,1467685.7346313824,0.0929218333131735,-0.167721985974066,-0.2113996569599287,16.0,0.2138432357805618,1911979.7891065616,0.1151809285658939,-0.2758826110699188,-0.2973226793238166,49.0,0.3952799506154336,4497666.02355748,0.102569941430189,-0.2928005197241519,-0.3108351776222849,65.0,0.3076181573815647,1704138.9859771482,0.1031726311956497,-0.2758826110699188,-0.2973226793238166,4156361.9011004632,0.0983613051171368,-0.2928005197241519,-0.3108351776222849,0.09186458206278454,0.11583910474875707,-0.16884951246947155,-0.2753517380819876,-0.29108046055703013,0.1052536264672194,0.10330401368082787
True,0.85,0.04,0.06,0.03,1408710.164658024,0.08847901437449,-0.1739045261115924,-0.1741940332001329,30.0,0.2160538802826158,1976674.578305597,0.1186770648784238,-0.2866634664908804,-0.2885796906718221,90.0,0.4266571945970108,4536245.429315051,0.1030276376480079,-0.2849967355105458,-0.2905421308409093,120.0,0.3272152708175301,1796910.3230236734,0.108688036162581,-0.2866634664908804,-0.2885796906718221,4117393.7346895775,0.0978599065268618,-0.2849967355105458,-0.2905421308409093,0.08873663729184862,0.11904234240696729,-0.17818628578593274,-0.28739911241621147,-0.2819811937918165,0.10963561391306062,0.10379956037839524
True,0.85,0.04,0.06,0.04,1411679.768255785,0.0887064064866084,-0.1707508864659285,-0.1819366519414113,23.0,0.2195694408514154,1882535.350994157,0.1135524498475022,-0.2859189646613599,-0.2879240638218638,74.5,0.4336698649040278,4337265.173789881,0.1006319653657106,-0.2855299300073386,-0.2877813239810705,97.0,0.3315438550098263,1692978.4070903473,0.1024928586085304,-0.2859189646613599,-0.2879240638218638,3983082.3129831823,0.0960963861232201,-0.2855299300073386,-0.2877813239810705,0.0894778623481312,0.11436033974910001,-0.16052510247875795,-0.28689657904129234,-0.2865923840167983,0.10476365408507371,0.10172941786878058
True,0.85,0.04,0.06,0.06,1391155.1774746391,0.0871195449187753,-0.1674633746622676,-0.2113826095708119,16.0,0.2153433331062114,1976712.8629882017,0.1186763403216819,-0.2805358737422244,-0.3020800199777351,49.0,0.4268575156297212,4574982.315313338,0.1034795120332886,-0.2911963440056861,-0.3157239277326427,65.0,0.3257574995825012,1783904.006590132,0.1079238651818655,-0.2805358737422244,-0.3020800199777351,4185938.5259145712,0.0987357555522144,-0.2911963440056861,-0.3157239277326427,0.0869556732728417,0.11691932200308243,-0.16804397076499394,-0.2765114540437503,-0.2894445490070165,0.10845538993631361,0.10347414423814152
True,0.85,0.04,0.08,0.03,1468072.2924614388,0.0929510104233563,-0.1739069316088856,-0.1744412552567238,30.0,0.2210248286279903,2002256.919996447,0.1200307141944926,-0.2803219035299613,-0.2807234741505147,90.0,0.4254633218437432,4858995.340562385,0.1067086420589635,-0.2784911668873181,-0.2807748807156766,120.0,0.3267161867865931,1788964.020484164,0.1082253818482874,-0.2803219035299613,-0.2807234741505147,4396502.301316299,0.1013559195379011,-0.2784911668873181,-0.2807748807156766,0.09100669037119348,0.11840938328606242,-0.1762273807026377,-0.28573761969174016,-0.2810387192107007,0.10930003704401363,0.10488331167991272
True,0.85,0.04,0.08,0.04,1452918.86273877,0.0918251401963901,-0.1618475404730752,-0.1766389674695542,23.0,0.2218376688498106,1918853.6680110437,0.1155574087086124,-0.2848508055379419,-0.2864477542101402,74.0,0.4319914859010093,4583726.935611019,0.1035845802888355,-0.2838109476094036,-0.2863803148297113,97.0,0.331841595896979,1711346.018991844,0.1036120958759895,-0.2848508055379419,-0.2864477542101402,4125150.787628717,0.0979593361295747,-0.2838109476094036,-0.2863803148297113,0.09124256887838966,0.11429363123140351,-0.16254063223686815,-0.2870639353682289,-0.2866912415638106,0.1045960009148299,0.10266610281701478
True,0.85,0.04,0.08,0.06,1427137.8685081715,0.089885128534305,-0.1720401502642589,-0.2114974313636389,16.0,0.2210916317891967,1916096.3824870195,0.1154051949577814,-0.2806270478011237,-0.301879737152618,49.5,0.4244210439025646,4670943.868117306,0.1045910819490402,-0.2920117461107003,-0.3152889777409393,65.0,0.3266758256365861,1767778.9634349712,0.1069847318996246,-0.2806270478011237,-0.301879737152618,4368633.938244069,0.1010164779367462,-0.2920117461107003,-0.3152889777409393,0.08844700706985166,0.11760842561024576,-0.16836348450867786,-0.276506433809541,-0.28964529650969967,0.10842524116973849,0.10445713490398022
True,0.85,0.04,0.1,0.03,1532591.9253913404,0.0976304810919995,-0.1740712955778398,-0.1745641501200214,30.0,0.2258200545514104,1967100.0259113407,0.1181661954622093,-0.2853691938324825,-0.3112648337455905,90.0,0.4199229310581567,5108255.1644369885,0.1093957679080799,-0.2864300809123071,-0.3114038349746842,120.0,0.3256693951823374,1805142.7724235824,0.1091638505165678,-0.2853691938324825,-0.3112648337455905,4577067.523323288,0.1035068035835106,-0.2864300809123071,-0.3114038349746842,0.09475997814134567,0.11859914298583091,-0.17470648029378535,-0.2757568765143262,-0.27483811451585727,0.10874223953889946,0.10700038069961927
True,0.85,0.04,0.1,0.04,1512139.812635817,0.0961664825447264,-0.1632090938755403,-0.1769256425288097,23.0,0.2269015262976517,1888620.3407515348,0.1138919422770264,-0.2863948653622228,-0.2880098773002929,74.0,0.4311909407620797,4697600.660176784,0.1048919756048476,-0.2853379889001089,-0.2879289744408785,97.0,0.3324297263139226,1709794.5004263795,0.1035155802115924,-0.2863948653622228,-0.2880098773002929,4259244.590880163,0.0996639385728782,-0.2853379889001089,-0.2879289744408785,0.09363823992489038,0.11400072299966052,-0.16835974494679992,-0.28724640152922665,-0.28670324307554756,0.10426333191072013,0.10380805246554094
True,0.85,0.04,0.1,0.06,1468069.0986229032,0.0929496399464419,-0.1707983207779452,-0.2115775566226341,16.0,0.2243952701545115,2050248.8694184325,0.1225291286439986,-0.282226713028803,-0.3019091819719582,49.0,0.4235586224892896,4937205.084938964,0.1075656439000626,-0.2959303158188667,-0.315309850306403,65.0,0.3281002812042576,1794164.789697888,0.1085292158112964,-0.282226713028803,-0.3019091819719582,4643682.301126803,0.1042674677712507,-0.2959303158188667,-0.315309850306403,0.09129681296566783,0.1177804976564839,-0.1703347892118875,-0.27652602363539075,-0.28971968208440074,0.10758841406979268,0.10562724211951936
True,0.85,0.04,0.12,0.03,1535319.1490345346,0.0978243461377672,-0.1752924683376017,-0.1752939064786637,30.0,0.2287638956014307,1949460.300185664,0.1172192675762286,-0.2755166873412976,-0.300061181338127,90.0,0.4182364523842343,4941210.9351758985,0.1076092705641519,-0.2760494166567913,-0.3000749014397745,120.0,0.3259601151104541,1761001.39536415,0.1065857031348279,-0.2755166873412976,-0.300061181338127,4498930.04689504,0.1025858413597337,-0.2760494166567913,-0.3000749014397745,0.09623272440499409,0.11712753408381761,-0.17409022514434813,-0.271055087310965,-0.2721175040303992,0.10675549126698651,0.10705902709223171
True,0.85,0.04,0.12,0.04,1466592.645533416,0.0928415379114236,-0.175293271084537,-0.1765946980610521,23.0,0.2235476682402525,1876077.298786085,0.1131942366999358,-0.2866308122065986,-0.2923094400348462,74.0,0.4309069274232558,4528559.430709504,0.1029370310109435,-0.2856104118347132,-0.2921906018120056,97.0,0.3299328130560852,1688266.483167119,0.1022038092406373,-0.2866308122065986,-0.2923094400348462,4107282.576806262,0.0977283622757693,-0.2856104118347132,-0.2921906018120056,0.09477666765541383,0.11291920727949141,-0.17024991984731566,-0.2876481689085501,-0.28706946658845095,0.10260494074700677,0.10378691136425183
True,0.85,0.04,0.12,0.06,1465144.3777103042,0.0927342539042097,-0.1752939064786637,-0.2113965271362454,16.0,0.2255339101551835,1978940.6509477776,0.1187976983380203,-0.2823738812059641,-0.3022257376956646,49.0,0.4211231871165139,4850850.850063636,0.1066164159664008,-0.2961699028389873,-0.315883545163021,65.0,0.326021538569231,1740857.1110472877,0.1053887275219676,-0.2823738812059641,-0.3022257376956646,4451035.237153344,0.1020010739809644,-0.2961699028389873,-0.315883545163021,0.0928761986941138,0.11827824107531816,-0.17266709679129735,-0.27762072963249035,-0.29162411862426335,0.10726891381413244,0.10617308028166744
True,0.85,0.04,0.14,0.03,1463429.0326228226,0.092607142171541,-0.1739906919977526,-0.1744924815896374,30.0,0.2170006995961509,1915199.9906902309,0.1153569363395697,-0.2788969574724366,-0.3082327045887639,90.0,0.4245693648264113,4619809.216826456,0.1040041190406142,-0.2791208067439515,-0.308076044182679,120.0,0.3224741041483515,1698802.4719380394,0.1028489344126286,-0.2788969574724366,-0.3082327045887639,4074102.096412477,0.0972974426274775,-0.2791208067439515,-0.308076044182679,0.09625125345432618,0.1163496787741467,-0.17403670530298898,-0.2687060992597367,-0.2702197918368601,0.10556166379643277,0.10654175452494967
True,0.85,0.04,0.14,0.04,1467086.8859148442,0.0928780751783401,-0.1611449188646019,-0.1770034913550622,23.0,0.2230734877942485,1851148.7022576944,0.1117944293723678,-0.2870805872930623,-0.2926030090498508,74.0,0.4338345236766371,4538022.906954585,0.1030484864221698,-0.2857456502752288,-0.2927764378910725,97.0,0.3316894056077491,1628321.0227618031,0.0984619429723893,-0.2870805872930623,-0.2926030090498508,3957497.580435993,0.0957540327337062,-0.2857456502752288,-0.2927764378910725,0.09415906277473411,0.11195693917906495,-0.17091492723061683,-0.28776786133542775,-0.28716339275033903,0.10222356783643938,0.10270828731364641
True,0.85,0.04,0.14,0.06,1446893.182443676,0.0913640215248586,-0.1707181742013752,-0.2117567999555362,16.0,0.2232870752103815,1972090.5407850016,0.1184323411245307,-0.2831008041692682,-0.3025264311256185,49.0,0.4258343554482642,4735028.401746749,0.1053132479011395,-0.296894239736529,-0.3165223594791404,65.0,0.328745471424443,1772548.024608418,0.1072661583352206,-0.2831008041692682,-0.3025264311256185,4317523.21712129,0.1003873758491884,-0.296894239736529,-0.3165223594791404,0.09308456358851809,0.11728466653765501,-0.17302476516123869,-0.2786147825594383,-0.2931710229094671,0.1062080964345935,0.1054343219854856
True,0.85,0.04,0.16,0.03,1462550.4484719704,0.0925419656728142,-0.1737078624875481,-0.1740376907927849,30.0,0.2173659406014996,1914040.565850586,0.1152644665861796,-0.2848489118252903,-0.3152391549633226,90.0,0.4214061803587641,4623191.622244056,0.1040422621049395,-0.2809994791421881,-0.3148021479928047,120.0,0.3201125186082822,1685035.309937367,0.1019941281361292,-0.2848489118252903,-0.3152391549633226,3990163.020214564,0.0961907454383625,-0.2809994791421881,-0.3148021479928047,0.09442222039721815,0.11484443558626302,-0.17386219893227498,-0.27714185045592005,-0.2728171080777425,0.10358715348133597,0.10455863929021386
True,0.85,0.04,0.16,0.04,1464692.6675899252,0.0927008210321647,-0.1728341462021853,-0.176598447654903,23.0,0.2219840569437348,1855279.6263849784,0.1120117854199062,-0.2867690521676458,-0.2925856191804096,74.0,0.4283678787517322,4345667.655942994,0.1007348764386891,-0.2856452674458647,-0.2922655690847192,97.0,0.3273356475502487,1671268.987449564,0.101147120389174,-0.2867690521676458,-0.2925856191804096,3891466.72745852,0.0948593616959714,-0.2856452674458647,-0.2922655690847192,0.09344658316178933,0.11213009620047974,-0.16586471567507008,-0.28777660373828223,-0.28604627656872833,0.10186566519121336,0.10150552927735383
True,0.85,0.04,0.16,0.06,1447216.052734037,0.0913890372037944,-0.1728433758688768,-0.2114346193859484,16.0,0.2215345051883552,1931101.143065011,0.1162233077690348,-0.2829264639616703,-0.30257195982798,49.0,0.4220052521491598,4482984.913783807,0.1023918140871229,-0.2967525946208131,-0.3162106481783674,65.0,0.3265002739715896,1718889.0670143808,0.1040689941012945,-0.2829264639616703,-0.30257195982798,4079782.869929396,0.0973657333984637,-0.2967525946208131,-0.3162106481783674,0.0921159517079223,0.11689136038464532,-0.17154733788218465,-0.27936301999780433,-0.2947253273752253,0.10586108411136182,0.10420511408635226
True,0.85,0.04,0.2,0.03,1460252.2640877832,0.0923713075958592,-0.1739768704359643,-0.1745675879067841,30.0,0.216522987394364,1905224.43184599,0.1147820195552801,-0.2884628899520146,-0.3315209287181794,90.0,0.4236893792032375,4536002.210412294,0.103023162886324,-0.2773660682678021,-0.331064116665588,120.0,0.3207288386841938,1721651.6670151846,0.1042146315952656,-0.2884628899520146,-0.3315209287181794,4051835.383781188,0.0970060227413486,-0.2773660682678021,-0.331064116665588,0.09397909866517427,0.11454896122692412,-0.17228883168836426,-0.280355271743513,-0.2738334737845999,0.10349141653905272,0.10410896945144225
True,0.85,0.04,0.2,0.04,1459018.6964173696,0.0922796123411884,-0.1612569499743001,-0.1769478964458722,23.0,0.2211482878135701,1899259.3806389803,0.1144591669482664,-0.2865715653043721,-0.2886142796374054,74.0,0.4333116692583008,4370842.4991395045,0.1010425705246217,-0.2856681483072637,-0.2885859630438342,97.0,0.3293059065784379,1698743.9279791242,0.1027827800790459,-0.2865715653043721,-0.2886142796374054,3964328.010490258,0.0958453825485404,-0.2856681483072637,-0.2885859630438342,0.09285780356342443,0.11245996160855636,-0.1635040250729862,-0.28769679256488107,-0.2854480928953278,0.10268684998693607,0.10080704316426847
True,0.85,0.04,0.2,0.06,1422090.0815551234,0.0895012672281455,-0.1706651583689878,-0.2115547583430275,16.0,0.2189360127119629,1974264.2575665584,0.1185462211725135,-0.2821952805133753,-0.3024508706170835,49.0,0.4251898343563707,4494765.541051077,0.1025361943125872,-0.2965659737260662,-0.3158472968764794,64.5,0.3278084099770484,1753899.347960109,0.1061597551023183,-0.2821952805133753,-0.3024508706170835,4135394.651695464,0.0980858902557029,-0.2965659737260662,-0.3158472968764794,0.09163315980887195,0.11643474204039335,-0.16963454463869831,-0.2792587489568066,-0.29468537554789315,0.10492434232347772,0.10337995460925005
True,0.9,0.01,0.06,0.03,1280908.8518993512,0.0782443652750712,-0.1714863531900483,-0.172069097626012,31.0,0.1761805414213033,2015960.3324883769,0.1207496651037643,-0.2865339202689028,-0.3152664139528849,94.0,0.3675629280828831,4287883.849859267,0.1000212221395603,-0.2844923884751271,-0.3030155769015563,125.0,0.2744631592728239,1817479.6306900105,0.1098765135306178,-0.2865339202689028,-0.3152664139528849,3864988.086537877,0.0944984323958374,-0.2844923884751271,-0.3030155769015563,0.08302375024078387,0.12084719315089384,-0.16391607379979473,-0.29240957462578276,-0.2914620311414349,0.11366332693919738,0.10203583979787767
True,0.9,0.01,0.06,0.04,1287945.1603405245,0.0788313719722544,-0.1507071004442272,-0.1719181207470965,24.0,0.180913692195479,1976321.2170222916,0.1186580398142761,-0.2833766672784611,-0.2891795588109313,76.5,0.3653390791982663,4173688.431841646,0.0985826759668987,-0.2780798353666502,-0.2862099950272935,101.0,0.2756551420118556,1751384.979504771,0.1060158870182009,-0.2833766672784611,-0.2891795588109313,3730660.126496833,0.0926228348051442,-0.2780798353666502,-0.2862099950272935,0.08548699438872995,0.11939223354196522,-0.14923559736147907,-0.2797783742474068,-0.2760733839216421,0.11023212018691057,0.10251077459501062
True,0.9,0.01,0.06,0.06,1152624.1049459227,0.0670007291088747,-0.1945152619473543,-0.2391440353346041,3.0,0.194767223489475,1832913.9603274823,0.1107596005685056,-0.3007098515918623,-0.3279461379816875,32.0,0.3989964002128192,3394350.633961334,0.0876292890596162,-0.297957235937641,-0.3198221595892891,34.0,0.3031936957096823,1643854.981810833,0.0994420292750701,-0.3007098515918623,-0.3279461379816875,3037319.847771093,0.0817851578453295,-0.297957235937641,-0.3198221595892891,0.07693660606702529,0.11642003871036796,-0.17334383610846615,-0.2876771049972128,-0.29355305909160845,0.10814435211405646,0.09660003763753651
True,0.9,0.01,0.08,0.03,1345775.687486573,0.083548496133903,-0.1556546993288339,-0.2076046289776869,31.0,0.1821579296530494,1989015.655607484,0.1193319325342217,-0.2812090652667127,-0.3157189898704251,94.0,0.3715767915419092,4311663.9501897935,0.1003139898105944,-0.2875603899319379,-0.3121093494339322,125.0,0.2823608258148204,1880080.622487042,0.1134164948330074,-0.2812090652667127,-0.3157189898704251,3991530.007570165,0.0962086977960141,-0.2875603899319379,-0.3121093494339322,0.08497907622902849,0.12114572785815503,-0.16768244629382198,-0.2889990937919787,-0.2884617886902534,0.11497261342558913,0.10291783745546453
True,0.9,0.01,0.08,0.04,1388566.9096828075,0.0869229041014013,-0.148765878852719,-0.1550134366441656,24.0,0.187946608434861,1969932.1502352853,0.1183171863716139,-0.2669873575013979,-0.2691163444675008,77.0,0.3703851978503055,4527941.097196529,0.1029283766646815,-0.2615798273554803,-0.2700991385304324,101.0,0.2803875302504844,1826995.053080865,0.1104217968651918,-0.2669873575013979,-0.2691163444675008,4192234.693563367,0.098817599904211,-0.2615798273554803,-0.2700991385304324,0.08768963880297843,0.11901970649351264,-0.14562993252821957,-0.27596141010111547,-0.2730157221762743,0.11161423188041943,0.10332693177698381
True,0.9,0.01,0.08,0.06,1231589.049053715,0.0740467292421064,-0.183205511468465,-0.2425638233994469,2.0,0.2035953493938584,1770457.2626063004,0.1071426504823501,-0.2923753773042703,-0.3099180866431356,27.5,0.4047359228264153,3578198.5578346,0.0904155025719234,-0.2937473171075164,-0.3351298192741576,31.5,0.3046383263331983,1698658.0466023108,0.1028402160212513,-0.2923753773042703,-0.3099180866431356,3383786.5082946885,0.0874632352425283,-0.2937473171075164,-0.3351298192741576,0.07908722768535285,0.11599860048822648,-0.17550298352493884,-0.28737564266678445,-0.29363709259109455,0.10966740483352795,0.09742421231547964
True,0.9,0.01,0.1,0.03,1410122.9187216954,0.0885873981078139,-0.1524182953424919,-0.2171077777372702,31.0,0.1857468929154143,2014417.235845608,0.1206621678184789,-0.2827013897614519,-0.3035679746165622,93.0,0.3730183227095403,4563861.322452737,0.1033488065229074,-0.2841200928314147,-0.3013142814347491,125.0,0.2826912960755711,1949469.6017015416,0.1172197035609923,-0.2827013897614519,-0.3035679746165622,4434857.649340012,0.1018188638556659,-0.2841200928314147,-0.3013142814347491,0.08871374703900865,0.12074806586350602,-0.1772074074040388,-0.2845530563339935,-0.2794528968253857,0.11635437271406736,0.10446084136934879
True,0.9,0.01,0.1,0.04,1409252.486549865,0.0885196160489943,-0.1372584298071447,-0.198735097512808,24.0,0.1901590064984749,1974956.342071719,0.1185849500598896,-0.2645246417410535,-0.2745720374916972,76.5,0.3675129611986888,4509973.439639004,0.1027140058460091,-0.262939639741504,-0.274136021018923,101.0,0.2832595354735873,1888328.7074733423,0.1138760223071972,-0.2645246417410535,-0.2745720374916972,4382975.34529371,0.1011888489157624,-0.262939639741504,-0.274136021018923,0.0924830075804522,0.11839160476201743,-0.1478139583931873,-0.26827287418302737,-0.2663154561734575,0.11414733150049224,0.10558889974461794
True,0.9,0.01,0.1,0.06,1264092.749185795,0.0768299442355596,-0.188139148835553,-0.265994772763694,2.0,0.2070955574681948,1785202.0368945696,0.1080064978042133,-0.2887753282202731,-0.3077256345810463,23.0,0.4075163745225001,3640364.705059376,0.0913255029355317,-0.2946288181753305,-0.3093580934372215,34.5,0.309838066888335,1821391.7740679733,0.1100999147473078,-0.2887753282202731,-0.3077256345810463,3589653.547796771,0.0905829667575397,-0.2934334658583886,-0.3093580934372215,0.08300259771005887,0.11371523580453659,-0.18190463367610474,-0.2847778239706212,-0.2905308115056699,0.10946179287319031,0.09875319846645149
True,0.9,0.01,0.12,0.03,1410184.7428082372,0.0885919578173487,-0.1938844404571742,-0.2030700934046738,31.0,0.1883289148448547,1965912.0408524936,0.1180923322620878,-0.2830265113750975,-0.2911042001314389,93.5,0.370559196323154,4583505.880840788,0.1035802860233441,-0.265805363320764,-0.2911556531421453,124.5,0.2834856939559547,1943949.1975398392,0.1169211692703235,-0.2830265113750975,-0.2911042001314389,4658207.121401081,0.1044471171438979,-0.265805363320764,-0.2911556531421453,0.09193699969329049,0.12006595924905583,-0.19160952952325636,-0.27394035477985823,-0.2665125540774835,0.11634283793599365,0.10605075533305452
True,0.9,0.01,0.12,0.04,1505543.3765632135,0.0956902519621437,-0.1382159457482217,-0.2080251410733183,24.0,0.1933536364809441,1933336.79074606,0.1163468129619124,-0.2617460315616484,-0.2752820839058174,76.5,0.3672336228628106,4844541.525330777,0.1065489657990949,-0.2601384016085355,-0.2743639996999972,101.0,0.2859461417760199,1935290.495901897,0.1164528950836323,-0.2617460315616484,-0.2752820839058174,4656179.597076639,0.1044238046804727,-0.2601384016085355,-0.2743639996999972,0.09584663649311602,0.11727341732977727,-0.159543500435512,-0.2656583125778596,-0.26410719946815925,0.11410623593538875,0.10613180342722493
True,0.9,0.01,0.12,0.06,1295490.0921206265,0.079450692533636,-0.2226284293998723,-0.2728981287944474,4.0,0.2022542986536926,1689598.1061002016,0.1022856165818738,-0.2794873423786012,-0.2833251654757605,26.0,0.4074638948301852,3583822.428425334,0.0904983168215902,-0.2783651892460693,-0.2868815923182762,31.0,0.3096594516338897,1678179.4135532863,0.1015826429647371,-0.2794873423786012,-0.2833251654757605,3538328.042565,0.0898207694380937,-0.2783651892460693,-0.2868815923182762,0.08711337260607417,0.11194813699533307,-0.19115876787509356,-0.2816605022180875,-0.28596064590390685,0.10846085394164508,0.09986899988284381
True,0.9,0.01,0.14,0.03,1459274.4078159328,0.0922979594125399,-0.1982272018893995,-0.2085274034856313,31.0,0.2025630728138836,2005597.334743396,0.12020467767315,-0.2515953830279813,-0.2780577483620026,93.0,0.3639887796327149,4837632.548277778,0.1064567289343412,-0.2384510497086139,-0.2555592773898927,124.0,0.2864910764703524,1942805.453111669,0.1168599359077913,-0.2515953830279813,-0.2780577483620026,4695338.610042404,0.1048721515971041,-0.2384510497086139,-0.2555592773898927,0.09511171832813443,0.11818875819138187,-0.2012986027204788,-0.2605242363143951,-0.2585222911181624,0.11461636837452588,0.10651782266667592
True,0.9,0.01,0.14,0.04,1512617.3664864018,0.0962010191629415,-0.1787707257454319,-0.1913774823368099,24.0,0.2024122279326369,1932422.659075758,0.1162813378758826,-0.2591925585617728,-0.2728901621517809,76.0,0.3649376053117765,4579939.62921676,0.103540231469159,-0.2570132586674145,-0.2728210651902993,100.5,0.2919758486377929,1868511.796510665,0.1127709560620441,-0.2591925585617728,-0.2728901621517809,4661403.5544901285,0.1044828028532548,-0.2570132586674145,-0.2728210651902993,0.09820379627585059,0.11621087356993227,-0.1745968431454703,-0.26796368562375134,-0.2660601994730813,0.11322608609754044,0.10680648743591124
True,0.9,0.01,0.14,0.06,1372336.7201068876,0.0856536105905846,-0.220373529620453,-0.2594359621539177,4.0,0.2020577009990473,1690242.67556457,0.1023251591911565,-0.267597727856313,-0.2751803704641236,23.0,0.4123034465447149,3586497.9218698065,0.090537560621996,-0.2675317388515562,-0.2744842690317011,26.0,0.3155196648850046,1672709.167609328,0.1012438547995294,-0.2664617472654119,-0.2726653392134467,3617555.356043052,0.0909939512541824,-0.2675317388515562,-0.2744842690317011,0.09119277721644148,0.11051881483298266,-0.19973465555279346,-0.27978987061598803,-0.28711071942392546,0.1064006130445193,0.10101634165790024
True,0.9,0.01,0.16,0.03,1547338.035459353,0.0986748996188814,-0.2014572884711435,-0.2133792627956528,31.0,0.2054557387376651,1870574.6689881948,0.1128866280291074,-0.2617497745891249,-0.2909362544855453,93.0,0.3637304330723856,4767995.142193858,0.1056942434088313,-0.2617307155791694,-0.2674385138565487,124.5,0.2871892235441393,1835758.6563302055,0.1109190613568464,-0.2617497745891249,-0.2909362544855453,4714152.944074186,0.1050865068922122,-0.2617307155791694,-0.2674385138565487,0.09718647707707984,0.11572855110421831,-0.19982232605363368,-0.25662754895009704,-0.25999019520024474,0.1115291265567787,0.1055683077707164
True,0.9,0.01,0.16,0.04,1549162.66462114,0.0988036340636109,-0.180768709352087,-0.1949423615909322,24.0,0.2065812477525808,1868654.52390472,0.1127792086856477,-0.2637307615084734,-0.2781095299768207,76.5,0.3708792913488302,4786396.238407876,0.1059012578269952,-0.2611541148959459,-0.278117521802466,100.5,0.2918456663474196,1841893.310684768,0.1112664946326675,-0.2637307615084734,-0.2781095299768207,4855032.059063073,0.1066648327893449,-0.2611541148959459,-0.278117521802466,0.09922426952076523,0.11343438325831506,-0.18469356094052577,-0.27360813493160036,-0.2720461986951045,0.11077365674532448,0.10538260564996522
True,0.9,0.01,0.16,0.06,1509967.30494771,0.096010108501273,-0.2296951776367395,-0.2834811952516031,0.0,0.2131122228812623,1652037.2170286966,0.0999442173020921,-0.2757119212673805,-0.3395998950338312,23.0,0.4236996718113759,3917041.423472506,0.0952047198987929,-0.2964331393732735,-0.3404872264814678,24.0,0.3223064270713313,1664748.770395063,0.1007504231025344,-0.2720581531086461,-0.3395998950338312,3936276.225195055,0.095468117923711,-0.2964331393732735,-0.3404872264814678,0.09344513078373533,0.10774923332176199,-0.20356559065175225,-0.2875908317979354,-0.29551209505573206,0.10478719494519127,0.10101004366821413
True,0.9,0.01,0.2,0.03,1590753.8952324905,0.1016989044183731,-0.2093924757725221,-0.2242448405458125,31.0,0.2147967309759042,1801894.779905888,0.1089777697888743,-0.2789092309800733,-0.312588920108772,93.0,0.3789855043786641,4531190.439285263,0.1029680549653365,-0.2790777904739446,-0.3125686890507028,124.0,0.2955092109657736,1751815.6322077727,0.1060412680617327,-0.2789092309800733,-0.312588920108772,4639349.261638831,0.1042255714764124,-0.2790777904739446,-0.3125686890507028,0.09804614253756408,0.11417853520533765,-0.1988909771034651,-0.25424821098521383,-0.26259819938706597,0.10941626047209127,0.10457426105777762
True,0.9,0.01,0.2,0.04,1615331.6640963356,0.1033768473186291,-0.1881049310278587,-0.2057152256214575,24.0,0.2142087123198279,1741332.47031215,0.1054164728128431,-0.279748347149062,-0.2798524786108025,76.0,0.3652429969921245,4516992.482006728,0.1027960082900206,-0.2796980599486227,-0.2798325464123422,101.0,0.2928886224961169,1767936.8986035697,0.106994929841938,-0.279748347149062,-0.2798524786108025,4703695.148947258,0.1049511708647443,-0.2796980599486227,-0.2798325464123422,0.09940167951627049,0.11207884602907445,-0.18695739028654185,-0.27869277597734454,-0.27743055863241517,0.10967329352714182,0.10506711614756101
True,0.9,0.01,0.2,0.06,1448828.0788103251,0.0915173264940873,-0.2398561070457938,-0.2866083533417529,0.0,0.2167137052549839,1485167.743019078,0.0889915675399225,-0.3247876425552505,-0.3323670358140537,25.0,0.4353394356117317,3765463.1412092894,0.0931136606822388,-0.3220909151943553,-0.3356798803523102,32.5,0.3260106431739641,1528264.9818372596,0.0919267375568091,-0.3247876425552505,-0.3323670358140537,3610689.2127854833,0.0908902394587163,-0.322245737891462,-0.3356798803523102,0.09418134427790215,0.10677556451843313,-0.20605726806708533,-0.2934858685689492,-0.3037715766154414,0.10388446533870267,0.10104688237208168
True,0.9,0.02,0.06,0.03,1329700.4443639943,0.0822558593015325,-0.1672206268164941,-0.2059409533690729,31.0,0.1940636881650173,2018627.889067674,0.1208893020091504,-0.2966557191496894,-0.3213142627104497,94.0,0.398057918050044,4495816.770953709,0.1025488184409971,-0.2941653059499943,-0.3147816105587561,125.0,0.3002629631131277,1876146.4289886267,0.1131978681054223,-0.2966557191496894,-0.3213142627104497,4055123.8596649393,0.0970483385676226,-0.2941653059499943,-0.3147816105587561,0.08421037372795019,0.12190328076675437,-0.17523529145843467,-0.2978385929288085,-0.2959235615528189,0.11488975812862373,0.10301673030481362
True,0.9,0.02,0.06,0.04,1371131.4015035883,0.0855594799991388,-0.1562807367586501,-0.1631995644035481,24.0,0.1961273151442738,1999981.159663881,0.1199108543265511,-0.2931717543999357,-0.2975033237428305,76.5,0.3940576665216717,4507738.1081968015,0.1026906751992384,-0.2904092024471628,-0.2935787782736833,101.0,0.2995006531723945,1797399.494588586,0.1087172539754409,-0.2931717543999357,-0.2975033237428305,4075879.109903629,0.0973204742399093,-0.2904092024471628,-0.2935787782736833,0.08711574406915773,0.11959291288173109,-0.1540437139306237,-0.28469416698096656,-0.28208215028523864,0.11056094198993012,0.10322224108692758
True,0.9,0.02,0.06,0.06,1319950.1952527007,0.0814649369445149,-0.1572204160382717,-0.2088572360471176,16.0,0.1957390893952191,2097247.648681909,0.1249248195609057,-0.2796931213699712,-0.2997537378857107,52.0,0.388803358359535,4584444.133661151,0.1035929374679256,-0.2908477429455882,-0.3189393093324055,69.0,0.2983826341145513,1889562.9931691096,0.1139444372755473,-0.2796931213699712,-0.2997537378857107,4178783.162083472,0.098647775533157,-0.2908477429455882,-0.3189393093324055,0.0803149974752192,0.11869213834029439,-0.17231521934357666,-0.2888103203256413,-0.2948161865030104,0.11028226584322309,0.0999370169170107
True,0.9,0.02,0.08,0.03,1403082.9698860543,0.0880462802526288,-0.1613026158638026,-0.2129717119618332,31.0,0.1960439216103998,2048096.891563965,0.122417872956439,-0.3052395938178261,-0.3164854025354129,93.0,0.4006363560141343,4729386.750466327,0.1052593288003589,-0.2996300402086803,-0.3220488456792749,125.0,0.3036608634556369,1967037.4838772863,0.118162431287742,-0.3052395938178261,-0.3164854025354129,4421979.300254548,0.1016643355061018,-0.2996300402086803,-0.3220488456792749,0.08635830264768703,0.12205854126504602,-0.17818603444605097,-0.29251586786327327,-0.2899293063998273,0.11533950077093492,0.10411070154022176
True,0.9,0.02,0.08,0.04,1437043.8893022446,0.0906342214821253,-0.1411886733903201,-0.1969367460652001,24.0,0.2006511125730721,2014703.426269641,0.1206828536554198,-0.2755777178098325,-0.2814040707074951,76.5,0.393183149308419,4781031.537133208,0.1058413705492239,-0.2742246705172751,-0.2813075270707591,101.0,0.3024883768383164,1922831.112566789,0.1157735428888087,-0.2755777178098325,-0.2814040707074951,4465503.451371332,0.1021859041411551,-0.2742246705172751,-0.2813075270707591,0.08922388982139348,0.11930296468137873,-0.1537720404982018,-0.2804864302815544,-0.27834819251713344,0.11160702803469211,0.1041859286793348
True,0.9,0.02,0.08,0.06,1367008.9616004322,0.0852340289726052,-0.1584341549797737,-0.2145610825376449,16.0,0.1998035639035675,2056559.049478446,0.1228530842297104,-0.2779300697227475,-0.3040631544568863,52.0,0.3923590955680603,4685833.847706022,0.1047624214506808,-0.2916599403756881,-0.3165315370927915,69.0,0.2998994473279384,1933432.8227824904,0.1163507258843571,-0.2779300697227475,-0.3040631544568863,4519203.518925937,0.1028204508409383,-0.2916599403756881,-0.3165315370927915,0.08244547197525302,0.11822285302579456,-0.17376048130569638,-0.28840835409887006,-0.2947852170741494,0.11110857864830771,0.1009017406165363
True,0.9,0.02,0.1,0.03,1418028.128367374,0.0891920583032215,-0.1980120872212611,-0.2051077031608773,31.0,0.209083163430276,2056023.7302389937,0.1228234267268759,-0.2816548744872892,-0.300207073581233,94.0,0.3904437840343274,4796615.345942736,0.106014859018369,-0.2808025147443663,-0.2960511207219228,124.0,0.3035649578497119,1963325.3628173016,0.1179626692357531,-0.2816548744872892,-0.300207073581233,4668858.270954352,0.1045693663061649,-0.2808025147443663,-0.2960511207219228,0.09033566203003465,0.12127153479491103,-0.18338829979369878,-0.287367709312395,-0.2823933922874334,0.11582911236751084,0.10554315980237983
True,0.9,0.02,0.1,0.04,1505262.2859063486,0.0956702392139566,-0.1395787759162563,-0.2040439904238383,24.0,0.2043514786148867,1963329.925006778,0.1179643547333254,-0.2721303218760121,-0.2831284652605125,76.5,0.3930796191810889,4904110.148638637,0.1072044864358512,-0.2708611576295731,-0.2823873619136364,101.0,0.3039604939530347,1906517.1021358576,0.1148808882276772,-0.2721303218760121,-0.2831284652605125,4668645.530305196,0.1045614194832336,-0.2708611576295731,-0.2823873619136364,0.09368178144499736,0.11920381417822352,-0.15923896935176074,-0.27326203536652927,-0.27179693692132784,0.11379462361349663,0.10638942737036937
True,0.9,0.02,0.1,0.06,1428059.574982727,0.0899469976084563,-0.1715034078802153,-0.2224830150155098,16.0,0.2044331937095901,2045906.0127741056,0.1223049502836738,-0.2847701077915823,-0.3028607829875185,52.0,0.3968746450598697,4869046.437977844,0.1068196204072001,-0.2929815010048029,-0.328263353050475,69.0,0.3098418111799773,1914690.1461502973,0.1153271057976341,-0.2847701077915823,-0.3028607829875185,4737953.541700749,0.1053555580777158,-0.2929815010048029,-0.328263353050475,0.08653787762311575,0.11609325786250096,-0.1786734328187296,-0.28695581267892745,-0.2935436777431144,0.1108403551342947,0.10262505325380625
True,0.9,0.02,0.12,0.03,1486640.547878042,0.0943162916191361,-0.2019723062106691,-0.2106729956949607,31.0,0.2161618725129979,2023884.4503786787,0.1211606628829329,-0.2734869032955839,-0.2737919272909693,94.0,0.3928724152496491,5000329.85740991,0.1082477780405188,-0.2587989799151513,-0.2737458794461379,124.5,0.3060749431351477,1898589.377904456,0.1144437680965859,-0.2734869032955839,-0.2737919272909693,4719398.682198912,0.10514587453291,-0.2587989799151513,-0.2737458794461379,0.09365857598743828,0.12028808789981377,-0.19139511867626485,-0.2714707849703825,-0.2685249789116208,0.11504469583673727,0.10708016563748249
True,0.9,0.02,0.12,0.04,1530209.3346492471,0.0974608126740921,-0.181876046644462,-0.1933209048347993,24.0,0.2150565626888417,1972677.366644624,0.1184534707899435,-0.26867117460822,-0.2816998036764629,76.5,0.3919980769880579,5004932.599118125,0.108296193172847,-0.2681490401883767,-0.2803091314817278,101.0,0.3085153600487646,1881186.7370924212,0.1134788436304462,-0.26867117460822,-0.2816998036764629,4711799.516162669,0.1050597206708964,-0.2681490401883767,-0.2803091314817278,0.09712900185045827,0.11825593306770164,-0.1681756616851636,-0.27251864917277235,-0.2713970871354896,0.11366741921236849,0.10731464111380024
True,0.9,0.02,0.12,0.06,1462090.3809940312,0.0925071936679897,-0.1675171494927489,-0.2248265818101344,16.0,0.209797028281456,1996178.2386277716,0.1196986154453982,-0.285328718406253,-0.3056038976968015,52.0,0.3914542743774538,5044646.051923324,0.1086978266117827,-0.291802103124612,-0.3297478593441102,69.0,0.3065482316693357,1829810.098859152,0.1105701518238545,-0.285328718406253,-0.3056038976968015,4788124.579579059,0.1059142673114026,-0.291802103124612,-0.3297478593441102,0.0901253774871242,0.1149042113525078,-0.18607703983705468,-0.2852611971235675,-0.29136058086599054,0.1100301772621891,0.1037659441000958
True,0.9,0.02,0.14,0.03,1546790.387109776,0.0986363328996828,-0.2051428460185423,-0.2154973541857298,31.0,0.2209019140599779,1953792.33285616,0.1174524881308094,-0.2711770667317457,-0.2963402666775024,93.0,0.3909184375927016,5038480.506996112,0.1086560734588466,-0.2710973239445909,-0.2780534176746442,124.0,0.3091989400452685,1902425.121859477,0.1146497815445158,-0.2711770667317457,-0.2963402666775024,4739575.420061663,0.1053741619498701,-0.2710973239445909,-0.2780534176746442,0.09649495828601186,0.11884925767239617,-0.19603607675655363,-0.26064311563580467,-0.262713946294162,0.113583484014904,0.10754350864182817
True,0.9,0.02,0.14,0.04,1588411.3285372255,0.1015378798965678,-0.1815610787515553,-0.1973689210679978,24.0,0.2230056149225037,1927141.50555084,0.11600957755771,-0.2676851471184509,-0.2812744262943691,76.5,0.3905923531557816,5022773.615937244,0.1084869378403883,-0.2655416989735518,-0.281314142079181,101.0,0.311010298665516,1875815.843061496,0.1131778103013355,-0.2676851471184509,-0.2812744262943691,4906334.790908871,0.1072290201530158,-0.2655416989735518,-0.281314142079181,0.09884013583746074,0.11736355790358706,-0.17644647885827125,-0.27527838849485003,-0.27405284415979264,0.11279095533992677,0.10765608406349195
True,0.9,0.02,0.14,0.06,1542068.6079372936,0.0982917970002188,-0.1767909420217189,-0.2275989420485768,16.0,0.2136987628515741,1946668.196340506,0.1170679826656829,-0.2840037886555026,-0.3036126838356487,52.0,0.3964874940368405,5295708.233818829,0.1113351718989621,-0.2904545250210704,-0.3297787423360276,69.0,0.3110187065167946,1853958.5410710047,0.1119414535168075,-0.2840037886555026,-0.3036126838356487,5053244.496226311,0.1088020121740732,-0.2904545250210704,-0.3297787423360276,0.09343551462915237,0.11354947253740615,-0.1928150490067997,-0.28456886353944155,-0.2930760686128062,0.10836957072963478,0.10449814328958631
True,0.9,0.02,0.16,0.03,1539953.3047180302,0.0981528686012178,-0.2071075332759443,-0.2189458646581866,31.0,0.2194650951198527,1991128.9659755724,0.1193357601702038,-0.2221097788668373,-0.2884648671052681,93.0,0.3898804133606934,4838971.324808134,0.1064718261341735,-0.2552503142406851,-0.2884681673836662,124.0,0.3012507609189173,1888999.875100864,0.1139044940710924,-0.2331784093436738,-0.2884648671052681,4673546.975786441,0.1046231115112679,-0.2580448397064851,-0.2884681673836662,0.09729871670193657,0.11720938841597565,-0.19500619769051267,-0.255968477191158,-0.2615055738932382,0.11120625876427742,0.10648599857524532
True,0.9,0.02,0.16,0.04,1559517.6451133932,0.0995291798957475,-0.1863885526310639,-0.2023817278374313,24.0,0.2153123111229679,1952719.4121166968,0.1173948335484975,-0.2867564403839425,-0.2893289340209181,77.0,0.3923814213240117,4983946.467356323,0.1080653385069831,-0.284364682504663,-0.2893389117641942,101.0,0.3129912463252451,1858581.0049405715,0.112209516875117,-0.2867564403839425,-0.2893289340209181,4591825.129473116,0.1036783991532132,-0.284364682504663,-0.2893389117641942,0.09886089047466047,0.1150956918412304,-0.1806308005803257,-0.2794987770315085,-0.2785392897644353,0.11029345137561947,0.10610970262352615
True,0.9,0.02,0.16,0.06,1499378.038307275,0.0952432610049468,-0.1814027051452282,-0.2299239758251017,16.0,0.2142630171430826,2035964.7287250983,0.1217912978116925,-0.2866097251318781,-0.3079059535305163,52.0,0.3963019573052656,5149263.686125815,0.1098244540942776,-0.2980776209269716,-0.3296259554309984,68.5,0.3071707368447208,1860389.4790686667,0.1123151520596529,-0.2866097251318781,-0.3079059535305163,4796033.35287124,0.1060060748364759,-0.2980776209269716,-0.3296259554309984,0.09459055645460474,0.11180074064427664,-0.19472525693542503,-0.28971982370128235,-0.2985895199414089,0.10638300071747563,0.10404349505713702
True,0.9,0.02,0.2,0.03,1477659.0975984526,0.093657897511784,-0.1776066108942505,-0.1780466781513124,31.0,0.2046085304476202,1918081.8691763089,0.1155139828331651,-0.2542240595048197,-0.2970681290048709,93.0,0.3712022750071819,4547758.963281229,0.1031629197227692,-0.2543339772544646,-0.2970662990921284,124.0,0.2916392685011414,1764637.3550993323,0.1068002183986936,-0.2542240595048197,-0.2970681290048709,4306979.746977756,0.1002581405807084,-0.2543339772544646,-0.2970662990921284,0.09750284182417485,0.11606016818010284,-0.1943419375758444,-0.25843185219858367,-0.2640674979961093,0.10944691462326932,0.10551169647603088
True,0.9,0.02,0.2,0.04,1508399.9386453312,0.0958970567870945,-0.1925673681351578,-0.211280146755964,24.0,0.2105386271446776,1867690.738167778,0.1127248690693095,-0.2845355548679004,-0.284677152594544,76.5,0.3898329210744399,4577034.06039966,0.1035058599662452,-0.2845053771804291,-0.2847394390646853,101.0,0.3018549803475668,1788896.3914011265,0.1082222327588448,-0.2845355548679004,-0.284677152594544,4394201.837230919,0.1013274709050536,-0.2845053771804291,-0.2847394390646853,0.09824541027133522,0.11384616766757132,-0.1796036370383285,-0.28269536131363104,-0.2819893847248032,0.10900633996597132,0.10540639460805845
True,0.9,0.02,0.2,0.06,1481701.6201814597,0.0939546811113015,-0.1732750824405799,-0.2256973474666024,16.0,0.2111811563186867,1934053.7788290568,0.1163751754200254,-0.2868341853212877,-0.3083626381927223,52.0,0.387857895524332,4799207.573045316,0.1060446948130174,-0.2984846309671653,-0.3282411581993503,68.0,0.3053284829204761,1829206.1332393624,0.1105455486358143,-0.2868341853212877,-0.3083626381927223,4625338.500436142,0.104067565684945,-0.2984846309671653,-0.3282411581993503,0.09491601525985395,0.11058716858805517,-0.19552630294832338,-0.2936522031544149,-0.30409369317414553,0.10526533863426561,0.10369621891914856
True,0.9,0.03,0.06,0.03,1351391.803767865,0.0839968440353501,-0.1957619849276121,-0.2008503442067524,31.0,0.2127354942737065,2047883.058272427,0.1224062087685726,-0.3076444175472254,-0.3221935814217184,94.0,0.4226739756965542,4624599.995779903,0.1040595854432258,-0.30292277744699,-0.3240122952490756,125.0,0.3207599600817174,1909227.901515784,0.1150295772198594,-0.3076444175472254,-0.3221935814217184,4211730.490908289,0.0990659914314646,-0.30292277744699,-0.3240122952490756,0.08758587958248125,0.12317864673595606,-0.18466421618005313,-0.3025521021639017,-0.2996119283991008,0.11544975467493195,0.10538996527889509
True,0.9,0.03,0.06,0.04,1416208.586633171,0.0890530434487684,-0.1496492943885302,-0.191846621281134,24.0,0.2114599537564468,1957904.4227290056,0.1176734325892167,-0.3056092790618011,-0.3105014787735259,76.5,0.4254071126530074,4605500.868549749,0.1038380630829214,-0.3054879162939752,-0.3093454289573907,101.0,0.3226094221174951,1800286.937577702,0.1088846487510387,-0.3056092790618011,-0.3105014787735259,4238295.78264128,0.0993995470261847,-0.3054879162939752,-0.3093454289573907,0.09066810052142231,0.12019410154142973,-0.1651919835282352,-0.2937497533647277,-0.2931470326378718,0.11087926002540167,0.10500151669693943
True,0.9,0.03,0.06,0.06,1350146.6692429837,0.083892901041683,-0.1694186065118748,-0.2194530350343892,16.0,0.2039560916729691,2061033.1718592392,0.1230833370522577,-0.2916422146087232,-0.3068944270492738,52.0,0.4201227521663971,4659172.640259127,0.1044537505917864,-0.2977007478129114,-0.3319955519805694,68.5,0.319097810084219,1911610.5530297807,0.1151605530080835,-0.2916422146087232,-0.3068944270492738,4327936.653412912,0.1005158432595533,-0.2977007478129114,-0.3319955519805694,0.08680867979286323,0.12379916865609376,-0.16608273200570647,-0.2884450450723967,-0.29791413207980216,0.11431378950221698,0.10672380633358776
True,0.9,0.03,0.08,0.03,1417745.289277275,0.0891703973692155,-0.199985468623817,-0.2063851220693082,31.0,0.217179209680017,2111157.410790979,0.1256247032283783,-0.3097488415224942,-0.3145933573918951,94.0,0.4230805428966976,4786171.433806723,0.1058974371941453,-0.306770467304184,-0.3194630115743542,124.0,0.3253036039139241,1995134.9755444007,0.1196556637950935,-0.3097488415224942,-0.3145933573918951,4512445.842786502,0.1027464447691536,-0.306770467304184,-0.3194630115743542,0.08959939950745616,0.12289551504034521,-0.1888217817490154,-0.2962357183375908,-0.2930401075789569,0.11470407589148074,0.10644918409210789
True,0.9,0.03,0.08,0.04,1451155.5454797056,0.0916934434112582,-0.1776705997492957,-0.1901599741101856,24.0,0.2199237340461454,2046098.1755190345,0.1223151105333089,-0.2834422258343712,-0.2908104887309139,76.5,0.4202090699494145,4746489.388502437,0.1054522850586016,-0.2827114497308883,-0.288363453326901,101.0,0.3248474030476518,1882518.9961086605,0.1135525224408998,-0.2834422258343712,-0.2908104887309139,4514895.730251225,0.1027741236795246,-0.2827114497308883,-0.288363453326901,0.09262880522174587,0.12011202884576686,-0.1652627502498242,-0.290386985733274,-0.28975175039307755,0.11159349495739497,0.10619697679308461
True,0.9,0.03,0.08,0.06,1431963.9155386747,0.090250659541531,-0.1710973651157206,-0.2237610625665923,16.0,0.2124643309614014,2067044.500259272,0.1233893381480368,-0.2905112873562734,-0.3064249169624189,52.0,0.4185088235697907,5048972.081017844,0.1087682003601318,-0.2969841348387171,-0.3321651425322783,68.5,0.3193480646297403,1889817.223930393,0.1139556335950292,-0.2905112873562734,-0.3064249169624189,4645949.06428059,0.1043048067589913,-0.2969841348387171,-0.3321651425322783,0.08884529555020357,0.1229826314529713,-0.168008637984855,-0.2890382916049721,-0.298405009960569,0.11380372462111274,0.1077109877496144
True,0.9,0.03,0.1,0.03,1484819.7646416938,0.0941830250504468,-0.2018321787000976,-0.2094417299031598,31.0,0.2244984535307598,2071572.912029541,0.1236215922395331,-0.2812549889478671,-0.2815756665016811,93.0,0.417331919926701,5121268.311227606,0.1095322664918376,-0.2688997807057509,-0.2815296811336741,124.0,0.3226877083780143,1882183.1563777844,0.1135345853699265,-0.2812549889478671,-0.2815756665016811,4702577.560410628,0.104954812975245,-0.2688997807057509,-0.2815296811336741,0.09373278895076569,0.12187166058043923,-0.19153882623142363,-0.29085233430714763,-0.2872946747752118,0.11379770245182777,0.10786241585466605
True,0.9,0.03,0.1,0.04,1511657.5739651846,0.096130688714644,-0.1828488751766727,-0.1922711643967355,24.0,0.2262067670147021,1994638.3301502888,0.119619900048807,-0.2795579070311247,-0.2889271332846448,76.5,0.4169421316628507,5016779.568881618,0.1084214193105873,-0.2788400335716918,-0.2888083566915981,101.0,0.327514427301488,1860842.06574276,0.112340689837774,-0.2795579070311247,-0.2889271332846448,4685667.336219064,0.1047615739325876,-0.2788400335716918,-0.2888083566915981,0.09609675831043893,0.12032098318549399,-0.17143398799289147,-0.28453826772202245,-0.2840222140706522,0.11273919853713538,0.10813248591392138
True,0.9,0.03,0.1,0.06,1473481.123599378,0.0933423210819461,-0.1703104589740389,-0.224546055170501,16.0,0.2179729275792847,2031251.7306195032,0.1215413991024976,-0.2892678289241273,-0.3094477912084912,52.0,0.4200263321057164,5199664.015045965,0.1103484407040307,-0.296559515469149,-0.3322663496260569,69.0,0.3239669957270866,1870048.2765214965,0.1128565922304889,-0.2892678289241273,-0.3094477912084912,4943422.938387152,0.1076332957105383,-0.296559515469149,-0.3322663496260569,0.09254087722123383,0.12175497131686533,-0.17074754220703767,-0.2902855998061805,-0.3001261629597772,0.11310958332902071,0.10964987199455332
True,0.9,0.03,0.12,0.03,1529145.5938007268,0.0973850536165976,-0.1854326063951417,-0.1863187014995357,31.0,0.225768478592952,1958696.03473365,0.1177091225052516,-0.2879872153372327,-0.3134775759878074,93.0,0.4175785384788902,4948985.584481873,0.1076936863193428,-0.2891529016246516,-0.3134714027840949,124.0,0.3240134174719508,1839740.6409569185,0.1111455258581733,-0.2879872153372327,-0.3134775759878074,4556426.777461978,0.1032643232185805,-0.2891529016246516,-0.3134714027840949,0.09627599834148885,0.12049447244538188,-0.1948348274081171,-0.2774303837249059,-0.2782725020202708,0.11247162641436997,0.10880495244831422
True,0.9,0.03,0.12,0.04,1572174.8109893822,0.1004138553963608,-0.1857474988807547,-0.1960845078591013,24.0,0.2294459979089587,2012194.0339216755,0.1205496884497911,-0.2867209403351029,-0.2877427704794021,76.5,0.4166324350791883,5175569.883365394,0.1100977434964279,-0.2867282119486257,-0.2877349190256638,101.0,0.3301203089552514,1879309.0018731288,0.1133744112398422,-0.2867209403351029,-0.2877427704794021,4828947.656210298,0.1063683062423145,-0.2867282119486257,-0.2877349190256638,0.09872443582200874,0.11926569391428266,-0.17777700316880324,-0.2842904563018468,-0.2841896013467738,0.11220149606037366,0.10903970974654646
True,0.9,0.03,0.12,0.06,1527007.6132716453,0.0972323317242114,-0.1752252692221788,-0.2121210931306171,16.0,0.2224866979224118,1956860.1754056243,0.1176171686847548,-0.2941562540062195,-0.3150960050096021,52.0,0.4239029509824,5360524.516818888,0.1119896474213849,-0.3051645803461439,-0.3325029165811375,68.5,0.3280168212013568,1890207.4479366208,0.1139802131439923,-0.2941562540062195,-0.3150960050096021,5009401.457308438,0.1083413567745552,-0.3051645803461439,-0.3325029165811375,0.09542313149518915,0.1207534236353098,-0.17624906198824866,-0.29135943599271463,-0.3008824197813203,0.11205039078777716,0.11086999810031675
True,0.9,0.03,0.14,0.03,1562462.5737882876,0.0997371070601573,-0.1856341058516061,-0.1863661549920394,31.0,0.2301917190007454,2018378.7766540367,0.1208663208592044,-0.2303527317691931,-0.2919994816230032,93.0,0.4124604826712982,5184711.518356279,0.1101910059278348,-0.2595968034092837,-0.2918162123348911,124.0,0.3254323782188743,1867650.4407448475,0.1126651236865737,-0.2357306209479104,-0.2919994816230032,4645096.414336288,0.1042935623309138,-0.2639046234766576,-0.2918162123348911,0.09777494219832293,0.12001772045583212,-0.19404565546687402,-0.2680050342765204,-0.27382924830945277,0.11187783943455012,0.10877683753851015
True,0.9,0.03,0.14,0.04,1602970.0044205256,0.1025366535844235,-0.1877235784959731,-0.2014081346016082,24.0,0.2277627210881822,2011063.1567643315,0.1204933051320532,-0.2924391197215661,-0.2938371454020468,77.0,0.4217172320520772,5216288.319305401,0.1105217866538373,-0.2923623418901327,-0.2937782438159357,101.0,0.3320563022444813,1866435.2865624456,0.1126542562213677,-0.2924391197215661,-0.2938371454020468,4972197.456086377,0.1079449588642418,-0.2923623418901327,-0.2937782438159357,0.09931705068954386,0.11834657295172667,-0.18142792789154383,-0.2867365936273253,-0.28665290409736566,0.11078015146939019,0.1086937387563834
True,0.9,0.03,0.14,0.06,1536033.1038828497,0.0978735089415154,-0.182205023086713,-0.2166442789552862,16.0,0.2280776447894563,2065121.9474774853,0.1232905124133195,-0.2939636778732355,-0.3146755353151931,52.0,0.4218920230582872,5395486.086946819,0.1123414094783838,-0.3047572565551804,-0.3319907189844343,68.5,0.3281738807717349,1866716.595631076,0.1126696663353502,-0.2939636778732355,-0.3146755353151931,5069773.3453655625,0.1089844399574847,-0.3047572565551804,-0.3319907189844343,0.09667043822544003,0.12028843698596899,-0.17858830387150626,-0.29220347523718326,-0.3024484285915914,0.11123194334329013,0.11085246116102548
True,0.9,0.03,0.16,0.03,1575743.8785006204,0.1006621539285451,-0.1854663622393619,-0.1860426993918932,31.0,0.2299998831776348,2038746.187176166,0.1219353265388183,-0.264302675729445,-0.2981133514127361,93.0,0.3966804859421836,5253210.9197001215,0.1108999495292204,-0.2645420649045482,-0.2982874692206917,124.0,0.3185220302356001,1832617.1083713672,0.1107424963422336,-0.264302675729445,-0.2981133514127361,4773057.477860982,0.1057510053005408,-0.2645420649045482,-0.2982874692206917,0.09655482014201226,0.11958029108442643,-0.1912635065501455,-0.2627965879076581,-0.26861577786765983,0.11058103751682549,0.10750690215871725
True,0.9,0.03,0.16,0.04,1529186.686250239,0.0973879359012588,-0.1669661734748917,-0.1878667035425187,24.0,0.2199442514088038,1963317.775054146,0.1179637861308456,-0.2905633226544735,-0.2914799607338695,77.0,0.4166008037118893,4926235.122443156,0.1074463018056948,-0.291023846760888,-0.2914707029467583,101.0,0.3220846297434409,1814990.3702862605,0.1097334140128886,-0.2905633226544735,-0.2914799607338695,4646929.944170374,0.104317406166763,-0.291023846760888,-0.2914707029467583,0.09832585204064664,0.11732303287770332,-0.17951617032962455,-0.28894010541232945,-0.28892093186119744,0.10905923477867645,0.10727965833559298
True,0.9,0.03,0.16,0.06,1547112.791446855,0.0986571276979955,-0.1794972154355448,-0.2208703325619989,16.0,0.2258728534471318,1962589.479268154,0.1179246827406849,-0.2942606162795905,-0.3153270727805806,52.0,0.4120139264517855,5171203.737393701,0.1100541827591067,-0.3050984640703785,-0.33270662603141,68.5,0.3240904006932656,1824447.94733624,0.1102725788202549,-0.2942606162795905,-0.3153270727805806,4912674.810868604,0.1072983499578672,-0.3050984640703785,-0.33270662603141,0.09624713567350349,0.11992871507292752,-0.17807653552106145,-0.29225830926192287,-0.3030985942791161,0.11022262456660033,0.10947277102602332
True,0.9,0.03,0.2,0.03,1457549.7833326613,0.0921703268662477,-0.1850213548018441,-0.1854052665488615,31.0,0.2127791925333962,1958649.3783564696,0.1177115417204482,-0.2692955935212018,-0.3142620740337506,93.0,0.3990323517029978,4609638.419629435,0.1038731850958544,-0.2694701255238436,-0.3139812010359069,124.5,0.3073057921710599,1789839.6115523125,0.1082739495090173,-0.2692955935212018,-0.3142620740337506,4114329.6848457176,0.0978194558517473,-0.2694701255238436,-0.3139812010359069,0.09592007559513326,0.11931735021837457,-0.18976160885209006,-0.2644100289862368,-0.2682664955643186,0.10941199651472562,0.10656451764932118
True,0.9,0.03,0.2,0.04,1488849.3547407468,0.0944778076616706,-0.1628260876089119,-0.1783948719421689,24.0,0.2151527009831676,1941758.2161083117,0.1167978357582845,-0.2908377413179346,-0.2918881519780573,77.0,0.4111579973460559,4683381.580565554,0.1047236012524119,-0.2911902270582704,-0.2917181204639226,101.0,0.3147009880694045,1744590.7700786444,0.1056114516743721,-0.2908377413179346,-0.2918881519780573,4113389.908957212,0.0978081210785827,-0.2911902270582704,-0.2917181204639226,0.09719444434870765,0.1167147171339296,-0.17579710394875067,-0.29068385958925075,-0.29039236252331646,0.10775625603008254,0.10628846791694453
True,0.9,0.03,0.2,0.06,1483894.1874416112,0.0941135867495196,-0.1694315299860541,-0.2120654244955749,16.0,0.2206653097088759,1973276.410118929,0.1184960707139136,-0.2937091283711025,-0.3160414574746172,52.0,0.420156930879792,4975645.685235458,0.1079356012674579,-0.3043773885127291,-0.3330051388463326,68.5,0.3261615841214752,1747637.0180035806,0.105781591630528,-0.2937091283711025,-0.3160414574746172,4651407.101188744,0.1043679525783887,-0.3043773885127291,-0.3330051388463326,0.09560919063319502,0.11972512464835278,-0.17535225861875714,-0.2925991770693852,-0.3039798804885822,0.10965705143017446,0.10840798437301007
True,0.9,0.04,0.06,0.03,1411311.8043397693,0.0886785309672026,-0.1918647900876845,-0.1925200726792874,31.0,0.2264247675290661,2060715.518585828,0.1230631579729067,-0.311505803794819,-0.3143180343561086,93.0,0.4463003842376036,4798707.689476727,0.1060392035994527,-0.311440904780125,-0.3169105912232181,124.0,0.3419023953010529,1886582.1968648755,0.1137790398241141,-0.311505803794819,-0.3143180343561086,4404688.977773899,0.1014551717228744,-0.311440904780125,-0.3169105912232181,0.08880328448518154,0.12394117636253672,-0.19486551360000554,-0.3033543250039737,-0.30096905605898255,0.11533455716410684,0.10613291110800362
True,0.9,0.04,0.06,0.04,1445621.454345821,0.0912791750111812,-0.1814460973313199,-0.1893889175245139,24.0,0.2270366677938374,1972671.3889860332,0.1184637257961562,-0.3051293927695889,-0.3148569078737968,76.5,0.4510733696667994,4607389.002955058,0.1038592588744327,-0.3065573509603082,-0.3183097912863579,101.0,0.3462653780352628,1782317.0269127283,0.1078387583074822,-0.3051293927695889,-0.3148569078737968,4226803.568379553,0.0992544945240118,-0.3065573509603082,-0.3183097912863579,0.09195372541181746,0.12014272531665188,-0.17342062275511025,-0.29843726199464954,-0.2985620807156981,0.11019619082204013,0.10536926360829359
True,0.9,0.04,0.06,0.06,1413956.1977474918,0.0888654519742181,-0.168795779537981,-0.2147905765630378,16.0,0.2262727771845582,2094280.9472553455,0.1247652384231686,-0.2942697391934981,-0.3159200918869216,52.0,0.4451706736136401,5021481.002831819,0.108470251897536,-0.3017345475336493,-0.3349664062928993,68.5,0.3391292540077516,1875905.331962476,0.1131837013401226,-0.2942697391934981,-0.3159200918869216,4537703.432400899,0.1030442801409359,-0.3017345475336493,-0.3349664062928993,0.08853827821001485,0.12375427703648662,-0.17021045525404835,-0.29326176983541535,-0.30124427728938413,0.11389689346334934,0.10799686977073006
True,0.9,0.04,0.08,0.03,1473712.0981693692,0.093367365568958,-0.1918498107609085,-0.1928830536600403,31.0,0.2313573493279295,2092242.4865834643,0.1246706354802893,-0.2845182371513562,-0.3098526555149704,93.0,0.4434264516035199,5027152.254127547,0.1085354181951907,-0.2827420747046312,-0.3096584055508915,124.0,0.3416868897865124,1870348.412839878,0.1128739478173604,-0.2845182371513562,-0.3098526555149704,4555931.77088077,0.1032591818111359,-0.2827420747046312,-0.3096584055508915,0.0911500662849538,0.12332150561177362,-0.19547678430659685,-0.29709521293058544,-0.2937938512179285,0.11383561906573487,0.10736994176154102
True,0.9,0.04,0.08,0.04,1506914.2301457094,0.095789239776062,-0.1849164995512952,-0.1918989509314553,24.0,0.234576125100578,2042294.369525838,0.1221186323479257,-0.2995681503128372,-0.3001293410559011,76.5,0.4512776057681177,5008089.877895465,0.1083274474172186,-0.299491605877621,-0.3000831436987429,101.0,0.3487792675032564,1828526.5050290504,0.1105088337887398,-0.2995681503128372,-0.3001293410559011,4616573.768356118,0.1039656372778464,-0.299491605877621,-0.3000831436987429,0.09363255105008202,0.12040836614943425,-0.1750527610305319,-0.2954338462522809,-0.29537845382394784,0.11082829492077136,0.10667270982557465
True,0.9,0.04,0.08,0.06,1443823.7032984823,0.0911441002826273,-0.171530069850617,-0.2149187743819959,16.0,0.2272009973669553,2074648.9482698932,0.1237791945224834,-0.2966238381831667,-0.3197718937166257,52.0,0.4475331788512464,5194400.891434403,0.110295276233466,-0.3085576789722588,-0.3347296722032906,68.5,0.3412835458108632,1877949.1616676776,0.1132876859101621,-0.2966238381831667,-0.3197718937166257,4767792.778914264,0.1056926185867266,-0.3085576789722588,-0.3347296722032906,0.09049361607104263,0.1227934715004086,-0.170819960494239,-0.2931585542600746,-0.301692650886507,0.11310187543874604,0.10903731840345388
True,0.9,0.04,0.1,0.03,1530818.2952177655,0.0975042347185497,-0.1915664727394613,-0.1934822108744097,31.0,0.2365248815122867,2012022.2995515903,0.1205427359809617,-0.2878989886197506,-0.3168489715820354,93.0,0.4470473406385784,5181075.00883578,0.1101557396453941,-0.2899871023658897,-0.3168866822004803,124.0,0.3443189842880858,1787497.7486625817,0.1081409003680553,-0.2878989886197506,-0.3168489715820354,4638947.743320216,0.1042248015782285,-0.2899871023658897,-0.3168866822004803,0.09534007839698412,0.12174049710961754,-0.1937604044645133,-0.29288160619393816,-0.2910700896847847,0.11226840890772814,0.10853996280545795
True,0.9,0.04,0.1,0.04,1535700.8279791167,0.0978497159385783,-0.1737851999860778,-0.1846820465700357,24.0,0.2344893797996499,2045015.1066659216,0.1222593955811909,-0.2992961225039625,-0.2998633029529564,77.0,0.4454633849861663,5179211.059426909,0.1101377852096864,-0.2991823665092026,-0.299839905030802,101.0,0.3462436350622151,1852031.048928963,0.1118443163986936,-0.2992961225039625,-0.2998633029529564,4661552.448524814,0.1044855779883741,-0.2991823665092026,-0.299839905030802,0.09685092523729606,0.12096469491512618,-0.18004373266416415,-0.2907441992006896,-0.2904941763834408,0.11175325201454772,0.1086417205112284
True,0.9,0.04,0.1,0.06,1502444.7230001038,0.0954662625042503,-0.1737674829752018,-0.2150458829329433,16.0,0.2319574472167439,2005529.285249326,0.1202023217540076,-0.2966364172946588,-0.3198266249380913,52.0,0.4445546740556306,5350404.957683209,0.1118879906337723,-0.3086192806923564,-0.3347614800150221,68.5,0.3452283526015583,1822660.653327508,0.1101670865485899,-0.2966364172946588,-0.3198266249380913,4793597.394017689,0.1059776167583442,-0.3086192806923564,-0.3347614800150221,0.09419661245700889,0.12182301531550092,-0.17321219458510018,-0.29409025038917375,-0.304115320355482,0.11262304440922348,0.11109482991355273
True,0.9,0.04,0.12,0.03,1572406.9860146027,0.1004303940581372,-0.1918958895676537,-0.1931105473813741,31.0,0.2411476231775898,1969120.857333316,0.1182741932232913,-0.3058813655849282,-0.3184986388266038,93.0,0.4397914178664766,5111166.421022108,0.1094252289868373,-0.3088682114036007,-0.3163796764635775,124.0,0.3443059119550865,1789532.712499444,0.1082598302377598,-0.3058813655849282,-0.3184986388266038,4578741.928174827,0.1035262770310204,-0.3088682114036007,-0.3163796764635775,0.09738988370855989,0.12050227904463646,-0.19139770120376356,-0.27842576816825576,-0.2822922832630548,0.11086473647541245,0.10938764358618225
True,0.9,0.04,0.12,0.04,1555204.673481251,0.0992286081868731,-0.1752937226408888,-0.188560549247895,24.0,0.2380044381916655,1981347.1812474867,0.1189254425297335,-0.2958798491867391,-0.3003238511697787,76.5,0.4472359841452076,5109986.378114693,0.1094136425748486,-0.2960113906626154,-0.3005687405742209,101.0,0.3463360033599716,1800529.6466679126,0.1088987383813369,-0.2958798491867391,-0.3003238511697787,4619302.123335741,0.103998053890165,-0.2960113906626154,-0.3005687405742209,0.09897516510224369,0.12016064035792749,-0.18282952120115928,-0.29168791051898973,-0.29219241922157707,0.11137932039731734,0.10956162837830528
True,0.9,0.04,0.12,0.06,1534198.768599944,0.0977439996074873,-0.177342521372844,-0.2147923564760129,16.0,0.2380161338689939,2087036.6198687237,0.1244086696812253,-0.2973458765705967,-0.3204123797850307,52.0,0.4435330780703158,5490135.724943601,0.1132794241285306,-0.3088067318142667,-0.3352327424367113,68.5,0.3465272041425998,1845804.655722716,0.1114910550270784,-0.2973458765705967,-0.3204123797850307,4964877.501462398,0.1078654254165037,-0.3088067318142667,-0.3352327424367113,0.09634369919667292,0.12128487738717224,-0.1784050097499258,-0.29468871818018233,-0.30545060814689956,0.11176913432528306,0.11182956066415099
True,0.9,0.04,0.14,0.03,1497384.9911564875,0.0950994877474707,-0.192024953968621,-0.1929686582214402,31.0,0.2303598357478465,2040080.3424668408,0.1219997094595767,-0.277179318750563,-0.3066463156792458,93.0,0.4314080319980575,5101843.664258737,0.1093279341458468,-0.2772489000691521,-0.3068183888338824,124.0,0.3334061407148182,1844927.767155896,0.1114424533319861,-0.277179318750563,-0.3066463156792458,4569005.308545693,0.1034114272710895,-0.2772489000691521,-0.3068183888338824,0.09814483111081161,0.12036842881975718,-0.1886980356161184,-0.27421192659908605,-0.2798861027807746,0.11065041853312618,0.10926931003550876
True,0.9,0.04,0.14,0.04,1533449.463172692,0.0976914687925825,-0.1915782520265886,-0.1915801279323923,24.0,0.2351375673989677,1984938.1211683685,0.1191161104059892,-0.296233524335443,-0.3004791038334184,76.5,0.4424337971461841,5049841.032864587,0.1087773930244441,-0.3000301707471942,-0.300924636217261,101.0,0.3419914823674944,1805109.8734671173,0.1091635103048896,-0.296233524335443,-0.3004791038334184,4491716.879049082,0.1025001079362488,-0.3000301707471942,-0.300924636217261,0.09922093062324788,0.11887687911156482,-0.18050427883280218,-0.29291943008921906,-0.29363678586828323,0.10969253206960217,0.10889919654787204
True,0.9,0.04,0.14,0.06,1515437.6781030255,0.096403771320627,-0.1915793028685783,-0.2153154242152337,16.0,0.2383883558958802,2014069.0528173228,0.1206491926872286,-0.2967622544122562,-0.319897751671361,52.0,0.4398521323425758,5275590.109897256,0.1111304516188036,-0.308796284004301,-0.335024753742162,68.5,0.3428381573498514,1810098.0769974263,0.1094501926661986,-0.2967622544122562,-0.319897751671361,4886212.703975917,0.1069941152942894,-0.308796284004301,-0.335024753742162,0.0973319487259675,0.12067300615849123,-0.18026398969731008,-0.2956481741568359,-0.30695026804194475,0.11104345544821607,0.11130244964070113
True,0.9,0.04,0.16,0.03,1503664.0729218782,0.0955547902539617,-0.1917342956743259,-0.1923318514859403,31.0,0.2294212513330691,2028947.1121098325,0.1214259003324008,-0.2795682524231545,-0.3151540886526333,93.0,0.4364647458131291,4984533.727421043,0.1080780553039704,-0.279907735273411,-0.3147672918761997,124.0,0.336004018104457,1813497.9339478023,0.1096470817420305,-0.2795682524231545,-0.3151540886526333,4358078.677282632,0.1008861995646044,-0.279907735273411,-0.3147672918761997,0.09642438037757095,0.1206533981042766,-0.1885857614604288,-0.26960973101091995,-0.27281006422819964,0.10997914060618792,0.108211883352111
True,0.9,0.04,0.16,0.04,1538739.7524449644,0.0980670618779886,-0.1757164474777162,-0.1820875796652109,24.0,0.2342676267693724,1930877.1497735088,0.1162129420209763,-0.2956798243019897,-0.2964545446958337,77.0,0.4469557114465116,4898071.116279173,0.1071383117319795,-0.2956647532002434,-0.2961491704675341,101.0,0.3436233704626598,1723229.821138448,0.1043308622572881,-0.2956798243019897,-0.2964545446958337,4366010.226991367,0.1009844006335137,-0.2956647532002434,-0.2961491704675341,0.09799475863106832,0.11829633595396882,-0.17585475557480734,-0.2935806343901118,-0.29431277134868894,0.10798725884546512,0.10757646478445337
True,0.9,0.04,0.16,0.06,1510980.712663063,0.0960809530639684,-0.1757346061980016,-0.2148750024457664,16.0,0.2338300803941365,2004476.6964104548,0.1201478107437342,-0.2974003657991174,-0.3209964107162598,52.0,0.443706407116103,5072645.143879084,0.1090195824379973,-0.3090782914613981,-0.335487079595463,68.5,0.3421024732121213,1792026.6267484643,0.108397026696422,-0.2974003657991174,-0.3209964107162598,4724822.676961551,0.1052072235081638,-0.3090782914613981,-0.335487079595463,0.09645574699084403,0.12068732995982447,-0.17853668168033765,-0.2954795140414395,-0.3068117619328063,0.10953357781452137,0.10967510307132546
True,0.9,0.04,0.2,0.03,1500456.412565431,0.0953224164090432,-0.1916334962268137,-0.192910037550755,31.0,0.228373096889187,2001493.558149108,0.1199815897152112,-0.2969598138719625,-0.3400089969480647,93.0,0.4368938825864837,4876549.858175313,0.1069011701099392,-0.2860947561889592,-0.3351102723889999,124.0,0.334058497060105,1770093.410668659,0.1071037390252863,-0.2969598138719625,-0.3400089969480647,4253994.877308499,0.0995979089634705,-0.2860947561889592,-0.3351102723889999,0.09592742186444943,0.12026358957671962,-0.18846387723558639,-0.27753158388644095,-0.2750036704726905,0.10894181665464193,0.1074380900097461
True,0.9,0.04,0.2,0.04,1535083.7510602528,0.0978076239684859,-0.1703179943647625,-0.1816481689568476,24.0,0.2323327310463284,1986544.661832408,0.1191940362756641,-0.2957302740092638,-0.2963212249720522,76.0,0.4431734802272426,4872054.339735477,0.1068513942383526,-0.2956052884354048,-0.2961141956945164,101.0,0.3404840728808294,1759504.0279359426,0.1064300586019846,-0.2957302740092638,-0.2963212249720522,4270987.588112002,0.0998099288761042,-0.2956052884354048,-0.2961141956945164,0.09693510735235097,0.11754215004644263,-0.16895667573157055,-0.2932027905709154,-0.29337102886370164,0.10652644663663335,0.1065399022571097
True,0.9,0.04,0.2,0.06,1504397.6937682186,0.0956055341714383,-0.1727724125071341,-0.2154250684575537,16.0,0.2319585212684575,2071638.2612686025,0.123615710460066,-0.2967810415133352,-0.3201127258108924,52.0,0.4365328595229457,4939001.214255987,0.1075693908662035,-0.3087628869928507,-0.3349950031256274,68.0,0.3405038436202128,1830652.638958464,0.1106304107383746,-0.2967810415133352,-0.3201127258108924,4429055.83890169,0.1017463597084591,-0.3087628869928507,-0.3349950031256274,0.09611430042073045,0.12004606866459969,-0.17435894103168365,-0.2955377879907864,-0.3068292577593391,0.10877040197139487,0.10864468933269135
True,0.95,0.01,0.06,0.03,1287030.1768319649,0.078755217917031,-0.1847492425845004,-0.2011946989306636,31.0,0.1835724828640624,2110015.2672668044,0.1255673935915119,-0.3098342827893118,-0.3159659849606873,96.0,0.3795447432749627,4409706.5199534185,0.101513546227706,-0.3107457954408931,-0.3329855475229585,127.0,0.2875918912010299,1868577.5683607345,0.1127744330218566,-0.3098342827893118,-0.3159659849606873,3935162.8430228266,0.0954534961629373,-0.3107457954408931,-0.3329855475229585,0.08447769286056715,0.1252922756145321,-0.1753137962871688,-0.314131720996497,-0.3137716796084904,0.11696153154477656,0.10468175792465348
True,0.95,0.01,0.06,0.04,1303781.6217883886,0.0801418180022119,-0.1593123962785588,-0.1746385955242851,25.0,0.1855292028305714,2074040.1403272287,0.1237481731827104,-0.2910075095469342,-0.3016799079404852,80.0,0.3801361561891521,4533720.82034529,0.1029979033688981,-0.2866007989003299,-0.3032009199318354,105.5,0.2839460700291862,1815885.3954965195,0.1097848942173562,-0.2910075095469342,-0.3016799079404852,3956464.324569481,0.0957400255780451,-0.2866007989003299,-0.3032009199318354,0.0863506768365646,0.12408476440164454,-0.15801705368728244,-0.2988992310866456,-0.2953637560603587,0.11349244603420455,0.10603055270474097
True,0.95,0.01,0.06,0.06,1303268.357748734,0.0800778535723181,-0.1598370785845613,-0.2050038049149528,17.0,0.1866804104392384,1959706.7316418516,0.1177702969782688,-0.3149636180867851,-0.3392470817312981,35.0,0.406875740176757,4217914.63854485,0.0991439532235874,-0.3038964506188144,-0.3345076575893541,51.5,0.3046239802477395,1725840.1143444018,0.1044883520343344,-0.3149636180867851,-0.3392470817312981,3674885.4501126623,0.0918257075894246,-0.3038964506188144,-0.3345076575893541,0.08242371698141615,0.12069389758141275,-0.16945462409270504,-0.303519016119723,-0.30438771843509677,0.11140390550741971,0.10101467482194848
True,0.95,0.01,0.08,0.03,1376620.1156177125,0.0859903713151417,-0.171558904277207,-0.1722763905087481,31.0,0.1856639965089386,2056148.191181881,0.122832685193265,-0.3108728584698218,-0.3465855032466687,97.0,0.3900714145413519,4675840.818607295,0.104644898032664,-0.3117124671384726,-0.3416614726080867,128.0,0.2920230430822259,1911457.53469973,0.1151518760269728,-0.3108728584698218,-0.3465855032466687,4315314.192604728,0.1003611924103117,-0.3117124671384726,-0.3416614726080867,0.0873971884866595,0.12600226783666713,-0.16866219030189952,-0.3136235508741059,-0.3092313908495204,0.11900638330384528,0.10608354121303042
True,0.95,0.01,0.08,0.04,1370970.6401583194,0.0855468403828237,-0.1568470145777135,-0.165039919275569,25.0,0.190467840241551,2060900.460456999,0.1230763544553726,-0.2998744582568532,-0.3127453829577931,80.0,0.3939630239514411,4740823.0256322045,0.1053880494012888,-0.2940662053975355,-0.3123336866783884,106.0,0.2950979841247712,1887632.123358548,0.1138365717710941,-0.2998744582568532,-0.3127453829577931,4305796.251166455,0.1002434365748111,-0.2940662053975355,-0.3123336866783884,0.08955165702206745,0.12412709606863492,-0.15341473296214533,-0.3012015661162121,-0.29731588686014193,0.11643329493432138,0.10703074311396399
True,0.95,0.01,0.08,0.06,1263751.0780244863,0.0768003304006131,-0.1958493638616921,-0.2458262077431839,2.5,0.2104338109370131,1790983.7899134294,0.1083263169303871,-0.3157767352972277,-0.3384711068760193,24.0,0.4176820260453829,3611431.228534897,0.0909037869447751,-0.3204740637792684,-0.3382204589683452,25.0,0.3185943146628717,1753733.9331414793,0.1061540147929352,-0.3157767352972277,-0.3384711068760193,3523342.2656214912,0.089599099657665,-0.3204740637792684,-0.3382204589683452,0.08364103848877136,0.11955830497803745,-0.1720596059345562,-0.30166939482568483,-0.30235229348528275,0.11200431819498137,0.101151620288349
True,0.95,0.01,0.1,0.03,1442335.41940444,0.091032496291777,-0.1520557452366131,-0.2164908301374652,31.0,0.1928334475887611,2148501.760898034,0.1274826643036775,-0.3079289223541174,-0.3309983480210722,97.0,0.3969848674403666,4944625.793567052,0.1076397704535048,-0.2906685300782651,-0.3303879753191457,127.0,0.2958236466254116,2066714.556268646,0.1233723257701564,-0.3079289223541174,-0.3309983480210722,4724871.637121796,0.1052073749346756,-0.2906685300782651,-0.3303879753191457,0.09200032624607868,0.1256951979909204,-0.16600537711256477,-0.3072942523316579,-0.30261177558956043,0.12139359413620317,0.1082817535231157
True,0.95,0.01,0.1,0.04,1485508.973741785,0.094232349311452,-0.1423693926871143,-0.2017586604949564,25.0,0.1986767317124273,2088301.329080453,0.1244725367152389,-0.2955711533608605,-0.3045533369492293,80.0,0.3970703532456112,5076267.77850275,0.1090579962669765,-0.2910638714569423,-0.303455986367569,105.0,0.2967849341349182,2067949.83108363,0.1234358805485068,-0.2955711533608605,-0.3045533369492293,4839123.679571366,0.1064870532803567,-0.2910638714569423,-0.303455986367569,0.09429997641339864,0.12334938422155545,-0.15433311551793938,-0.29159028990913427,-0.2892709513053993,0.11943839401757624,0.10900340897056189
True,0.95,0.01,0.1,0.06,1288912.5296273427,0.0789118045783765,-0.1902679306052525,-0.2798051518205071,2.5,0.2114947143398243,1784891.2969186606,0.1079871139750512,-0.3046298537001831,-0.3495722114936668,26.5,0.4282055608579521,3749317.621687157,0.0928870329309328,-0.3043232436395945,-0.3496735587333605,31.0,0.3222561733614201,1753600.174372994,0.1061426982940291,-0.3046298537001831,-0.3495722114936668,3748376.208142375,0.0928741299861892,-0.3043232436395945,-0.3496735587333605,0.08734120723890408,0.11737170489572368,-0.17636134664115558,-0.29956349676029603,-0.3033483994905453,0.1123315215033321,0.10238945878933144
True,0.95,0.01,0.12,0.03,1499056.8119102493,0.0952208455043478,-0.1491868589402428,-0.2261735024713579,31.0,0.1955376141883555,2083599.0856979028,0.1242328618662235,-0.295722387724687,-0.3222841777765635,96.0,0.3882765335692009,4978064.636185011,0.1080082984417535,-0.2976231742416292,-0.3196798296966042,127.0,0.2952030215354095,2011671.1821955969,0.1205249924319418,-0.295722387724687,-0.3222841777765635,4846063.830707019,0.1065654264135298,-0.2976231742416292,-0.3196798296966042,0.09605688820660967,0.1252564087673895,-0.17106841512031426,-0.3016505797066893,-0.2862399488791992,0.12110167398797901,0.11030970586097387
True,0.95,0.01,0.12,0.04,1509336.6208996694,0.0959644967750532,-0.1412542971714283,-0.2135119264288582,25.0,0.2005838921361292,1993028.4689397928,0.1195039811661892,-0.2631934541771054,-0.2728629226697777,80.0,0.3812179299379837,5143114.841206789,0.1097449241645465,-0.2622665550770642,-0.2733987952657747,105.0,0.2937353820606989,1986152.1409628496,0.1191804046794438,-0.2631934541771054,-0.2728629226697777,4887348.053333251,0.1070197441710545,-0.2622665550770642,-0.2733987952657747,0.0978104318986781,0.12314946347941631,-0.1653295957512837,-0.27928722890396934,-0.2770556008845775,0.12081382555843752,0.11030129137760958
True,0.95,0.01,0.12,0.06,1479777.6769161494,0.0938134812946487,-0.160731446402279,-0.2198760619576185,17.0,0.196974407372459,1790370.0752105585,0.1083083400280443,-0.3052579203159558,-0.3168673919434567,30.0,0.4246577692019265,4364392.507595364,0.1009641111436961,-0.3125966619273038,-0.3443510532699916,48.5,0.3181866960416895,1720449.9072780346,0.1041626458144671,-0.3052579203159558,-0.3168673919434567,4353777.103123462,0.1008347061912132,-0.3125966619273038,-0.3443510532699916,0.09303914954920751,0.1161328183157581,-0.17571972799115865,-0.2968257234694745,-0.2997363986470873,0.11154809000217991,0.10507278069486736
True,0.95,0.01,0.14,0.03,1570056.4264316591,0.1002667899966944,-0.1593464086571452,-0.2347819728211848,31.0,0.2006519247244977,1967171.9396648423,0.1181699276615724,-0.3173222882197755,-0.3260053419901613,96.0,0.391465367761086,5177141.966617458,0.1101157792668663,-0.2661204180353099,-0.3260533042485789,127.0,0.2985538353451524,1927543.908691122,0.1160317524767974,-0.3173222882197755,-0.3260053419901613,5062297.1822907645,0.1089093596094608,-0.2661204180353099,-0.3260533042485789,0.09850047749304715,0.12343723953934993,-0.18795810125054768,-0.2888467112406706,-0.27459099654644287,0.11913324181209727,0.11075785283803964
True,0.95,0.01,0.14,0.04,1517254.0490696572,0.0965263885158853,-0.1839389599648777,-0.2048937981663481,25.0,0.2022249865446675,1988620.3104262336,0.1193083595952234,-0.2613818314669617,-0.2736636884800689,79.0,0.3786704507538699,4923868.918956982,0.1074202758399129,-0.260328826985091,-0.2726430272872491,105.0,0.2984061632182195,1978252.0834396435,0.1187562104016096,-0.2613818314669617,-0.2736636884800689,4914754.788959673,0.107315371107578,-0.260328826985091,-0.2726430272872491,0.10074880532571538,0.12220141214820612,-0.1811821855121982,-0.26435265598770463,-0.26294970092520464,0.12018290899834043,0.1119107291136927
True,0.95,0.01,0.14,0.06,1538614.3049828568,0.098058158496092,-0.1623461147669683,-0.2249446480761676,17.0,0.202742002693387,1756358.9765236275,0.106310741074235,-0.2964092513333174,-0.2987407884651963,37.0,0.4435527730946404,4489101.321281692,0.1024634012954432,-0.2964155242520919,-0.3018028823090926,50.0,0.3267040481907114,1703910.7306722114,0.1031604357850324,-0.2964092513333174,-0.2987407884651963,4192873.4820487257,0.0988252236830605,-0.2964155242520919,-0.3018028823090926,0.09762119329452125,0.1138712327751676,-0.18897780992888336,-0.29269399042550426,-0.2962707121744999,0.10992604520796505,0.1059887999573988
True,0.95,0.01,0.16,0.03,1524771.8717858177,0.0970726031184543,-0.2022154048639943,-0.2139852435026747,31.0,0.2116710695629013,2031103.7884871508,0.1215023912231791,-0.2719623533064893,-0.2721489860899995,96.0,0.3830110555113932,5241478.083236065,0.1107798623534246,-0.2541109844396921,-0.2721720100425971,127.0,0.3006374964360737,2004849.881029552,0.1201670919670527,-0.2719623533064893,-0.2721489860899995,5128540.327062542,0.1096088993744295,-0.2541109844396921,-0.2721720100425971,0.10156736718532712,0.12100186294239434,-0.2005152146903589,-0.2855202594229876,-0.2711549931613772,0.11730604766602876,0.1105909509188614
True,0.95,0.01,0.16,0.04,1601013.92857766,0.1024029785463277,-0.1879553178874451,-0.2014394000780461,25.0,0.2108454824060926,2014862.6823070648,0.1206680578730811,-0.2568653026510731,-0.2725206796240496,79.0,0.3837723172585933,5469157.118493957,0.113072978549918,-0.2543639216658387,-0.2724864897450125,105.0,0.3057194124646994,2000095.0453706747,0.119915049405839,-0.2568653026510731,-0.2725206796240496,5367265.357767435,0.1120563221798541,-0.2543639216658387,-0.2724864897450125,0.1038356874661322,0.12205996983376961,-0.1925929807395168,-0.2680167691022948,-0.266456770562222,0.11848766961989106,0.11261979750620976
True,0.95,0.01,0.16,0.06,1523964.5376332812,0.0970143989720671,-0.2383479989796675,-0.2879623162135876,1.5,0.2217566830821956,1650722.4881714508,0.0998738744868248,-0.2778726063542208,-0.2810315653411019,23.5,0.4317936103310302,3981806.367159077,0.0960768815484822,-0.2778820386489753,-0.2980210343083666,25.0,0.3374272382804711,1674986.411485486,0.1013828406553721,-0.2778726063542208,-0.2834114023202281,4156625.7656638734,0.0983620859273642,-0.2778820386489753,-0.2980210343083666,0.09909853909220635,0.11061967662218077,-0.20556960152819115,-0.28866511716250237,-0.29803377797060254,0.10763993456353033,0.10446222741309165
True,0.95,0.01,0.2,0.03,1591057.761597498,0.1017198061804517,-0.2094993869740791,-0.2243254525476611,31.0,0.2148687022225093,1968606.9494619728,0.1182451678233238,-0.2729469265447977,-0.3089405402748054,96.0,0.3843830385068689,5111299.4290355,0.1094247193611536,-0.2729807853855476,-0.2836731712135631,127.0,0.3045344563720435,2029894.224011798,0.1214671546841004,-0.2729469265447977,-0.3089405402748054,4850470.72809362,0.1066121544687866,-0.2729807853855476,-0.2836731712135631,0.10232975164321831,0.12032166755543408,-0.2094649996975642,-0.2789274023613166,-0.27444351974996917,0.11715234825734759,0.10997506775219937
True,0.95,0.01,0.2,0.04,1642401.804023067,0.1052011458802836,-0.1960286885440312,-0.2095165686053109,25.0,0.2204712413761757,2019929.8206941865,0.1209572622972864,-0.2616268759171919,-0.2800587201238113,80.0,0.3888472061210186,5509053.874848334,0.113452563040814,-0.2588060082987455,-0.2799992559024173,105.5,0.3123961075698718,1926629.1983764963,0.115972027469498,-0.2616268759171919,-0.2800587201238113,5204294.360531145,0.1103978744537159,-0.2588060082987455,-0.2799992559024173,0.10581520519245523,0.12164815875979926,-0.1952565962332795,-0.2695686803137899,-0.26780260317116067,0.11794939606044501,0.11352725516833141
True,0.95,0.01,0.2,0.06,1471141.1131354617,0.0931777420000954,-0.2480536557155008,-0.2963560493981951,1.0,0.2226805729650868,1618089.015980217,0.097810357578315,-0.2758278346020348,-0.3669618382067691,23.0,0.4526950880344935,3746578.091523313,0.092626116735542,-0.3199484447556335,-0.36543751063454,25.0,0.3442305967705187,1580384.887900629,0.0953615487947863,-0.2800188044154532,-0.3669618382067691,3567764.569123802,0.0902608302708839,-0.3199484447556335,-0.36543751063454,0.09880356061534257,0.10886324576520183,-0.22007960145612754,-0.28525096407723516,-0.29839389901500724,0.10645278429013562,0.1031098312879444
True,0.95,0.02,0.06,0.03,1344041.525424155,0.083409728749334,-0.1816528812587753,-0.2351269314774832,31.0,0.2025426645547207,2163983.156101098,0.1282444660928013,-0.3154186183542051,-0.3295045543449033,96.0,0.4115469143236915,4771625.148692912,0.1057357649936863,-0.3169540827625141,-0.3349586052737408,127.0,0.31090188434866,1965738.6451043196,0.1180932793011226,-0.3154186183542051,-0.3295045543449033,4233731.350406572,0.0993428988097532,-0.3169540827625141,-0.3349586052737408,0.08607827239582493,0.12599618843681903,-0.1800969230780042,-0.31749239662019463,-0.31739956862947505,0.11771405540106976,0.1057161687694395
True,0.95,0.02,0.06,0.04,1384038.9408572712,0.086570318228751,-0.1642032003666538,-0.1726139064885353,25.0,0.1977179557198323,2111157.031326516,0.1256241760076124,-0.3009451554100493,-0.3125049460364995,80.0,0.4146760177342591,4913029.205694679,0.1073018375284191,-0.2940319121274842,-0.3093578670212857,106.0,0.3093985531548454,1878198.245195786,0.1133090456870634,-0.3009451554100493,-0.3125049460364995,4354461.57601166,0.1008429763127365,-0.2940319121274842,-0.3093578670212857,0.0885410401194386,0.124363293334812,-0.1632088375904844,-0.30315832795396846,-0.30072787037875237,0.1147301199461016,0.10696143147733338
True,0.95,0.02,0.06,0.06,1356807.892049607,0.0844276761232992,-0.1610325025416405,-0.2263460257896815,17.0,0.2033426040641966,2185745.2916417588,0.1293068971953113,-0.2916989599811042,-0.3051021735479088,56.0,0.4080924327602226,4856501.937809208,0.1066806381706495,-0.2973553462972383,-0.3307987152955038,73.0,0.3092354822799134,1934288.487624728,0.1163982107677917,-0.2916989599811042,-0.3051021735479088,4350209.386830149,0.100790871797224,-0.2973553462972383,-0.3307987152955038,0.08487224575415675,0.12293807013906329,-0.1704653241157259,-0.30201212838389163,-0.30462534908242517,0.11348124974177566,0.10368568820886077
True,0.95,0.02,0.08,0.03,1425429.346561846,0.0897554534607619,-0.1632941570281925,-0.2152118841245257,31.0,0.2049767776401144,2089325.3907142745,0.1245245575805503,-0.3204011243726493,-0.3418939072591572,96.0,0.4163299607082239,4870251.3278479,0.1068328224445576,-0.3156743730920818,-0.3434339292317546,127.5,0.318262128611479,2036645.531449608,0.1218265378291543,-0.3204011243726493,-0.3418939072591572,4488973.07458373,0.1024677254712925,-0.3156743730920818,-0.3434339292317546,0.08875473973877461,0.12626848734360313,-0.1773149642204458,-0.3170031526357823,-0.3122963170729536,0.11911281534584187,0.10723830365978516
True,0.95,0.02,0.08,0.04,1470680.401481994,0.0931437307324718,-0.1517056035262037,-0.2000199205190635,25.0,0.2084509008987825,2076845.6894759147,0.1238903539608828,-0.3037698011327459,-0.3213855666617243,80.0,0.4203589115979667,5017708.939690568,0.1084344205203579,-0.3067561078160851,-0.3184589133099477,105.0,0.319994619796921,1946126.0828437544,0.1170392724613045,-0.3037698011327459,-0.3213855666617243,4647232.057077671,0.1043203343239577,-0.3067561078160851,-0.3184589133099477,0.09128860402653345,0.1243895959237075,-0.16172829079648482,-0.30538410293958773,-0.3026733088129769,0.11696779584163378,0.10801882638818977
True,0.95,0.02,0.08,0.06,1407540.590530634,0.0883890078294342,-0.1610995513829262,-0.2190095740681491,17.0,0.2091932021281086,2146260.4225569423,0.1273720792216838,-0.2916367511137751,-0.303850536028926,56.0,0.4128840162646869,4915603.306581769,0.1073303209487819,-0.295825013045066,-0.3316294993642274,73.0,0.3153316372584936,1974758.2915305845,0.1185750444346175,-0.2916367511137751,-0.303850536028926,4595307.216914468,0.1037192231411137,-0.295825013045066,-0.3316294993642274,0.08640008266106591,0.1220086215757857,-0.17402882030353342,-0.3009496628877168,-0.30358159557444125,0.11380012185553334,0.10408173711228223
True,0.95,0.02,0.1,0.03,1502076.8595007337,0.0954398631859114,-0.1586622114261088,-0.2236908515880711,31.0,0.2082247486345076,2146059.8169721817,0.1273618402581969,-0.3172854989045303,-0.3363998256126708,96.0,0.4133925636963952,5179488.869930815,0.1101344451260637,-0.3096330965848958,-0.3347016768383358,127.0,0.3165498029713289,2055897.6055635647,0.122819847873809,-0.3172854989045303,-0.3363998256126708,4920372.165907821,0.1073823200027173,-0.3096330965848958,-0.3347016768383358,0.09355747598656777,0.1261864983841045,-0.1751562799764688,-0.3086940146985646,-0.3020440580283074,0.12089128044208132,0.10967271174764713
True,0.95,0.02,0.1,0.04,1533216.7404390904,0.0976748854746943,-0.146050790336628,-0.209829769980374,25.0,0.2114012456555581,2078161.5800426835,0.1239509820899925,-0.3160413189898294,-0.3233052580351109,80.0,0.4191724966657101,5071274.35743813,0.1090042515978436,-0.3113764254624748,-0.3231016403058118,105.0,0.3210642331414454,2024472.360065013,0.1211941049206034,-0.3160413189898294,-0.3233052580351109,4897818.620610224,0.1071357758153388,-0.3113764254624748,-0.3231016403058118,0.09575608956058916,0.12421768136115374,-0.16598352536913366,-0.29562770040507086,-0.29410689952418767,0.11935158212254643,0.11008965651160617
True,0.95,0.02,0.1,0.06,1471979.3746302808,0.0932395584285871,-0.1642712086312646,-0.2316021905638046,17.0,0.2103729533910699,2130433.905205824,0.1265871255675225,-0.2913104507750338,-0.3041606230718553,56.0,0.4131664319119171,5162506.894225,0.1099639895113672,-0.2922396435317151,-0.3325287019644563,73.0,0.316521285701227,2006792.018139599,0.1202675888461803,-0.2913104507750338,-0.3041606230718553,4937828.996472871,0.1075675777042377,-0.2922396435317151,-0.3325287019644563,0.09044532139823369,0.12028621105329984,-0.1787588418612605,-0.2996953624039439,-0.30416967053018806,0.11408676383560214,0.10557843153540812
True,0.95,0.02,0.12,0.03,1490041.1361127067,0.0945629277185323,-0.2012743857670244,-0.2104496912073167,31.0,0.2213681986432235,2153742.892772286,0.1277365787436091,-0.2915547221641414,-0.3134820380030095,96.0,0.4158648656808354,5404768.451322997,0.1124302866401505,-0.2903590124020179,-0.3085205289471089,127.0,0.3200015895071604,2092130.6182370305,0.1246659848851848,-0.2915547221641414,-0.3134820380030095,5171913.833384512,0.110061987385268,-0.2903590124020179,-0.3085205289471089,0.097309026327549,0.12578861531488422,-0.18327212442266916,-0.3006000912127363,-0.2875105129964426,0.12001560626405926,0.11134795404316424
True,0.95,0.02,0.12,0.04,1555332.365945693,0.0992375558038968,-0.1877715948085486,-0.2010758861511332,25.0,0.2157458446548754,2102781.221970275,0.1252020969416566,-0.2710915535374113,-0.2815397954794298,80.0,0.4070884528230245,5401311.197360316,0.112390811872358,-0.2700965426222941,-0.2805249492555613,105.5,0.3238458945840905,2038927.0565442047,0.1219441297245048,-0.2710915535374113,-0.2815397954794298,5247779.070534235,0.1108410692337467,-0.2700965426222941,-0.2805249492555613,0.09941525707848009,0.12437263099048398,-0.17430210595970336,-0.28294759453402796,-0.28155889006625906,0.12006468926755409,0.11188171684822924
True,0.95,0.02,0.12,0.06,1467289.1161277632,0.0928930609017649,-0.1859485789635192,-0.2335380466140472,17.0,0.2154594056418567,2111661.8476107107,0.1256492536516532,-0.2887692693596006,-0.3048309399862542,56.0,0.4130796436610198,5391417.843063987,0.1122875112564356,-0.2946317710203241,-0.3305313411086941,73.0,0.3204245615336121,1976907.1079262013,0.1186871368377635,-0.2887692693596006,-0.3048309399862542,5339194.97709021,0.1117627466020974,-0.2946317710203241,-0.3305313411086941,0.09551375650123337,0.1190544874051805,-0.18137859363434258,-0.2979695084825262,-0.30166129562479593,0.11305533554151276,0.10780365390961279
True,0.95,0.02,0.14,0.03,1563634.331632874,0.0998184065423951,-0.2058848806947514,-0.2160499348982515,31.0,0.224588508411894,2129772.170787001,0.1265545797710574,-0.280089658872884,-0.2803609972450398,96.0,0.4112294165916135,5515670.509454774,0.1135296552375045,-0.2630354619330771,-0.2804219929036123,127.0,0.3194785071129277,1986489.413300312,0.1191951404899847,-0.280089658872884,-0.2803609972450398,5245228.093882581,0.1108196500257733,-0.2630354619330771,-0.2804219929036123,0.09972203103884048,0.12428026983582398,-0.19553918711365875,-0.2890272066333639,-0.27899485903981786,0.11828694324705522,0.11165488328202772
True,0.95,0.02,0.14,0.04,1613113.1197777316,0.103226915511087,-0.1905925395391053,-0.2008468614885453,25.0,0.230623178161538,2127959.114693463,0.1264588243681974,-0.2684440618916477,-0.2789948079456655,80.0,0.4107500286489742,5583451.938527321,0.11418948852402,-0.2672013837035986,-0.278972678500527,106.0,0.3247190391623667,2008750.6774400317,0.1203722230759568,-0.2684440618916477,-0.2789948079456655,5491113.022731157,0.1132890790960063,-0.2672013837035986,-0.278972678500527,0.10197283727887702,0.12378196123895381,-0.1834494394142541,-0.27117902098754426,-0.2704056877357018,0.11901211261666754,0.11291153311772947
True,0.95,0.02,0.14,0.06,1585236.597847819,0.1013188335957759,-0.1907530885776684,-0.2371621592484894,17.0,0.2214103910566701,2039380.338540345,0.1219543355980424,-0.2945775953327563,-0.3054374334206388,56.0,0.413032595050905,5348564.342946619,0.1118706380313292,-0.2982115475114943,-0.3437206383368165,73.0,0.3233112985824562,1942963.5193645435,0.116868034435607,-0.2945775953327563,-0.3054374334206388,5366862.546405429,0.1120547282887433,-0.2982115475114943,-0.3437206383368165,0.09913574824685292,0.11752320399704327,-0.19143725554009658,-0.29518757637148796,-0.298882727190638,0.11188189190212142,0.1087610582932532
True,0.95,0.02,0.16,0.03,1625426.615904214,0.104061292077859,-0.2098406685801279,-0.2219872535609094,31.0,0.2324650147144554,2048266.566474725,0.122427097970458,-0.2764288571560463,-0.3465863574851103,96.0,0.4073451594443778,5135695.019711299,0.1096832350885385,-0.2762969282269311,-0.34662518852828,127.0,0.3231325326242156,1894742.830003033,0.1142144886216222,-0.2764288571560463,-0.3465863574851103,4915842.590541652,0.1073327983136924,-0.2762969282269311,-0.34662518852828,0.10181431840624404,0.1217998577007105,-0.20135655612272915,-0.28835075089641277,-0.2798761803914245,0.11666886004388487,0.11104485231493465
True,0.95,0.02,0.16,0.04,1671557.4546665193,0.1071344968020423,-0.1955804037017841,-0.2064343262979228,25.0,0.233644103142914,2041328.3689958751,0.1220671529448891,-0.2651397322020286,-0.2817978199546408,80.0,0.409218913064312,5630894.731698101,0.1146458957314008,-0.2634409754973413,-0.2804993204615101,105.0,0.3263583321291921,2019396.4306975373,0.1209294367026885,-0.2651397322020286,-0.2817978199546408,5612055.251504205,0.1144604223140736,-0.2634409754973413,-0.2804993204615101,0.10411992628525235,0.12291003694346014,-0.1887772521680295,-0.27639620182447794,-0.27542433804036126,0.11773760200279858,0.11307079619160366
True,0.95,0.02,0.16,0.06,1604575.4912253176,0.102629226506779,-0.1957396318831977,-0.2394687333206189,17.0,0.226440834498146,2023276.4284146656,0.121130851812206,-0.2932772998571746,-0.3056612784962438,56.0,0.4110914637630466,5392452.368767057,0.1122702564690065,-0.2978867296868098,-0.3438659746437754,73.0,0.3250161413402113,1914094.568939641,0.1152951777195481,-0.2932772998571746,-0.3056612784962438,5249290.786464652,0.1108604559372083,-0.2978867296868098,-0.3438659746437754,0.09986570641892759,0.11508397388113721,-0.20047478902727633,-0.2926722426543728,-0.30047482613583143,0.10998252798613435,0.10750464552001923
True,0.95,0.02,0.2,0.03,1661409.6238625026,0.1064653051961082,-0.2163045383720555,-0.2317531435741546,31.0,0.2374769942647951,1984868.3250906104,0.1191120132047754,-0.2943714724379329,-0.327653315328698,96.0,0.4092519653064286,5167182.366335124,0.1100124542056808,-0.2943853809477058,-0.3277265615743147,127.0,0.3169699055131575,1868332.1457725023,0.1127606577566151,-0.2943714724379329,-0.327653315328698,5009138.45526991,0.1083425719326397,-0.2943853809477058,-0.3277265615743147,0.10212264083904223,0.12094845105320794,-0.20610052609672627,-0.2854755141692293,-0.28310625272901874,0.11677487488596222,0.1106416520913399
True,0.95,0.02,0.2,0.04,1692764.8739568624,0.1085221995411673,-0.2014619747998576,-0.2153656369170348,25.0,0.2279773929614933,2057519.4796134937,0.1229001619239404,-0.294642810484866,-0.2947664208728701,80.0,0.4016851204758026,5456560.238130627,0.1129375833511928,-0.2945995072227171,-0.2947954378570696,105.0,0.3210878314692109,1908340.130596492,0.1149810706637545,-0.294642810484866,-0.2947664208728701,5258875.837353971,0.1109589336172197,-0.2945995072227171,-0.2947954378570696,0.1051683021425035,0.12222464207338483,-0.1880314755429485,-0.2802928375298252,-0.27911128684687386,0.11722570516473922,0.11313529044171344
True,0.95,0.02,0.2,0.06,1600869.0827681175,0.1023928749824288,-0.1981771192461441,-0.2237045474566698,17.0,0.2293773204094329,1938781.1554545525,0.1166378991834615,-0.2940261154955103,-0.3064205847711086,56.0,0.4010163621414242,5308649.424790429,0.1114660703987469,-0.2978583829686104,-0.3444827269908435,73.0,0.3197975095242687,1886446.5231232943,0.113771569990836,-0.2940261154955103,-0.3064205847711086,5227834.030370537,0.1106276824552797,-0.2978583829686104,-0.3444827269908435,0.09924856156443203,0.11385880325959925,-0.20901716127738232,-0.290607572105902,-0.30106750583048375,0.1091500468983946,0.10640737939904292
True,0.95,0.03,0.06,0.03,1357415.514524623,0.0844756201554726,-0.2116161661163482,-0.2262303973444075,31.0,0.2188398098423165,2160561.0650459724,0.1280763103264712,-0.3245524941528562,-0.3365029655192231,96.0,0.4444745728106991,4846828.2442052085,0.1065711237685264,-0.3256475211379519,-0.3336935963773905,127.0,0.3346106789096206,1967076.7860672968,0.1181650614020505,-0.3245524941528562,-0.3365029655192231,4416000.677795086,0.1015922078335034,-0.3256475211379519,-0.3336935963773905,0.08937605926258811,0.12716124829863173,-0.18951053377662552,-0.32216658982650587,-0.31773466568869746,0.11896435777368754,0.10838945906505942
True,0.95,0.03,0.06,0.04,1447195.290049833,0.0913970884344367,-0.1597982379582462,-0.1973578774488174,25.0,0.2182666551064677,2105891.9674164085,0.1253594774316894,-0.3070675586860904,-0.3228587017917409,80.0,0.4463195530165484,5049338.163830097,0.1087719679221386,-0.306651104841333,-0.3222824337429084,105.0,0.3348993772591553,1916352.8250422268,0.1154205570405068,-0.3070675586860904,-0.3228587017917409,4569213.836509155,0.1034147486991023,-0.306651104841333,-0.3222824337429084,0.09282704356849315,0.12505850719201742,-0.17293248038167175,-0.3102574351486667,-0.3094527531022976,0.11609316767748686,0.10900741779797729
True,0.95,0.03,0.06,0.06,1390125.0937737206,0.0870438723725643,-0.1753299959446989,-0.227501196556981,17.0,0.213860178596865,2135980.102949064,0.126862768455086,-0.2994727556887571,-0.3130817534828936,56.0,0.4377189979113249,4905424.789794484,0.1072190059408542,-0.3060565231903893,-0.3413985096413267,73.0,0.3305035758319731,1922845.7269611591,0.1157756105168817,-0.2994727556887571,-0.3130817534828936,4462944.45914961,0.1021568211311607,-0.3060565231903893,-0.3413985096413267,0.090170078097639,0.12703140177783637,-0.17324984965891913,-0.29979582973580515,-0.3050432976085898,0.11646511739415032,0.10877229680655577
True,0.95,0.03,0.08,0.03,1483454.8017404112,0.0940832427772083,-0.1677101872030017,-0.2192833909135647,31.0,0.218164688053134,2133437.388315878,0.1267317178363145,-0.3238750015823236,-0.3336936729469708,96.0,0.4427703106720442,5070822.144857293,0.1089988571494967,-0.3236631722049367,-0.3405067384857763,127.0,0.3391042174099904,2006895.608571918,0.1202731448252618,-0.3238750015823236,-0.3336936729469708,4780223.066639492,0.1058323072504748,-0.3236631722049367,-0.3405067384857763,0.09192055637253294,0.12708375719541584,-0.18982745899353462,-0.31907987264811694,-0.31364791661813474,0.11932891665765674,0.10968991403664838
True,0.95,0.03,0.08,0.04,1488422.2358256658,0.0944464449359366,-0.1873865728355304,-0.1968534993809394,25.0,0.2274353136018086,2088581.63414643,0.1244812249706044,-0.3162854846911379,-0.3199996047654711,79.5,0.444118007170069,5058995.706283884,0.1088744101228978,-0.3162610931897465,-0.3205141894236509,105.0,0.3398500119825564,1982581.9128413375,0.1189903784992846,-0.3162854846911379,-0.3199996047654711,4779301.649224009,0.1058213850554707,-0.3162610931897465,-0.3205141894236509,0.09494130027826214,0.12503498428016308,-0.1726226945857632,-0.31201954588213376,-0.31065169573076823,0.11718370438354724,0.10997156076854592
True,0.95,0.03,0.08,0.06,1461915.1204890604,0.0924947342267116,-0.1696434523788363,-0.2292840484240642,17.0,0.2196227513682516,2158873.803303573,0.1279900620536427,-0.2985239501357006,-0.3126776031350885,56.0,0.438502238019245,5246968.145338429,0.1108364240245165,-0.3041446975637748,-0.340549274313804,73.0,0.3335749581584357,1992133.1896417164,0.1194962659040935,-0.2985239501357006,-0.3126776031350885,4936132.100095844,0.1075513490905059,-0.3041446975637748,-0.340549274313804,0.09220211074827316,0.1268025987516489,-0.17612205616978796,-0.2997327232939569,-0.30470338068799735,0.11661878162371152,0.10986080624120118
True,0.95,0.03,0.1,0.03,1507757.536931566,0.0958506637963336,-0.204535182853265,-0.2120426731012126,31.0,0.2342112556206971,2110560.5765594905,0.1255947509096395,-0.3228595727422255,-0.3251903658977766,96.0,0.4403755468950118,5469395.472793423,0.113073504741861,-0.3059678152165712,-0.3244680372523633,127.0,0.3411362548775487,1992953.513424056,0.1195388320621928,-0.3228595727422255,-0.3251903658977766,5140605.480986966,0.1097353113504614,-0.3059678152165712,-0.3244680372523633,0.09642920070933123,0.12699130281641946,-0.189904674966668,-0.3068737404264424,-0.3022629445284093,0.11957370580319068,0.11198956227150646
True,0.95,0.03,0.1,0.04,1544065.1476652946,0.0984439607360231,-0.1878814086017146,-0.1995745472301344,25.0,0.2324445092511509,2096813.4367940724,0.1249030844992642,-0.3178944863817887,-0.3247990582095387,80.0,0.4451489783510225,5395203.511189141,0.1123386007648876,-0.3172522601248612,-0.3251323140325354,105.0,0.34387819052297,1995965.662836912,0.1196994574289843,-0.3178944863817887,-0.3247990582095387,5201213.429517493,0.1103659608033068,-0.3172522601248612,-0.3251323140325354,0.09898538122160377,0.12576511417203273,-0.17857494516442063,-0.30401272687468694,-0.303612508225783,0.11890650146382169,0.11220608323336655
True,0.95,0.03,0.1,0.06,1512824.9535658718,0.0962159064176892,-0.1889282988009285,-0.2333544198179364,17.0,0.2252600568877247,2116192.6574557954,0.1258749338051179,-0.3005338912108843,-0.3151826023266971,56.0,0.4388281330616982,5338693.027307186,0.1117704823150755,-0.3079193785041106,-0.348204261539049,73.0,0.3394383102470362,1943652.7980735227,0.1169033111089367,-0.3005338912108843,-0.3151826023266971,5145741.393367367,0.1097889959592284,-0.3079193785041106,-0.348204261539049,0.09567284707683497,0.1260733178646537,-0.17972920357138883,-0.29941396422833405,-0.3041519122365205,0.11683899177070926,0.1118286908222871
True,0.95,0.03,0.12,0.03,1567398.1739269611,0.1000814198290959,-0.2081288870565639,-0.2167832613681951,31.0,0.2379452901443455,2183213.0415761536,0.1291808287654643,-0.2877460439725856,-0.2882021061088149,96.5,0.4360915811009092,5698643.891020503,0.1152915226987723,-0.2730948812958967,-0.2882004631330789,127.0,0.339310586185718,1998787.328138813,0.1198479822740582,-0.2877460439725856,-0.2882021061088149,5298071.908056041,0.1113593144770167,-0.2730948812958967,-0.2882004631330789,0.09949008544726493,0.12678495070218057,-0.1982896036067211,-0.299926317576733,-0.29565336273326187,0.11839121469718866,0.11288896664540864
True,0.95,0.03,0.12,0.04,1611450.5159301157,0.103114541892951,-0.1925850537773217,-0.2029388536127809,25.0,0.2390637722013893,2168770.6848396333,0.1284785174511825,-0.2769275931179057,-0.2879234679795617,79.5,0.4297850679493102,5728333.008297836,0.1155734438932988,-0.2778230345706858,-0.2858390014574116,105.0,0.3407281685452029,1979856.8058531173,0.1188440390691917,-0.2769275931179057,-0.2879234679795617,5399390.069333898,0.1123804691183169,-0.2778230345706858,-0.2858390014574116,0.10231066521674176,0.12643056430700006,-0.18452822378186418,-0.29427081026208324,-0.2935086704889337,0.11903107804084964,0.11408855763020198
True,0.95,0.03,0.12,0.06,1584238.590942541,0.101250008506278,-0.1920897457246463,-0.2239444155933286,17.0,0.231230933801683,2088466.1931831744,0.1244806742465959,-0.3008194397271342,-0.3132836066406354,56.0,0.4389397008395831,5488370.827489106,0.1132622247430923,-0.3053725617605353,-0.3490926745947952,73.0,0.341964129994883,1934171.8311021947,0.1163921684873964,-0.3008194397271342,-0.3132836066406354,5353097.992424728,0.1119038449945958,-0.3053725617605353,-0.3490926745947952,0.09877399270255999,0.12478395324345087,-0.1868586141373099,-0.29982474473282017,-0.3041254297520321,0.11643526394932868,0.11304686725341757
True,0.95,0.03,0.14,0.03,1617241.8989064274,0.1035078240828535,-0.2103745591723078,-0.2210374443842123,31.0,0.2403826930119732,2114417.601783383,0.1257835055545173,-0.28489172595968,-0.3473623048671645,96.0,0.4345427515977637,5352335.6740758605,0.1119083237820016,-0.2910922271803207,-0.3474297883188831,127.0,0.3413107390066127,1893182.345829916,0.1141435981124083,-0.28489172595968,-0.3473623048671645,5000771.331841862,0.1082519707939351,-0.2910922271803207,-0.3474297883188831,0.10103926128339123,0.1255894693447477,-0.20333441947286854,-0.29479812916762266,-0.293562563803621,0.11668454091379561,0.11239352747136312
True,0.95,0.03,0.14,0.04,1659156.745652963,0.106316219685278,-0.1962749167505919,-0.2055460102863029,25.0,0.2384946541873007,2140267.780112124,0.1270752960874114,-0.2759828978827413,-0.288422482428328,80.0,0.4259461784161095,5904938.851756947,0.1172156587102194,-0.2766211105933192,-0.2863648581842862,105.5,0.3382504188700181,1948572.684786339,0.1171557535591856,-0.2759828978827413,-0.288422482428328,5290614.822577045,0.1112835673580799,-0.2766211105933192,-0.2863648581842862,0.10389288141790012,0.1264541006225094,-0.18820196839749,-0.28601597543826507,-0.28594084999932906,0.11814260099904618,0.11466008443367165
True,0.95,0.03,0.14,0.06,1623379.976494613,0.1039229962918881,-0.1970709302365565,-0.2285624611852021,17.0,0.2373301128970033,2085640.067157154,0.1243378687003621,-0.2994179045878695,-0.3135857117836502,56.0,0.4369981997652465,5643461.46618848,0.1147634939591432,-0.3032413284759938,-0.348120372738062,73.0,0.3412231301428213,1907139.0375697329,0.1149140002642022,-0.2994179045878695,-0.3135857117836502,5411320.600587621,0.1124970449895338,-0.3032413284759938,-0.348120372738062,0.10056588547365185,0.12376121412422782,-0.18975585639448295,-0.30023681890924064,-0.30430581527739187,0.11570711918286561,0.1134222118033772
True,0.95,0.03,0.16,0.03,1608395.4459107278,0.102906170479332,-0.2136006302907712,-0.2257681080559843,31.0,0.2321994124394779,2058197.958022028,0.1229346569663346,-0.2955268223239857,-0.3294276438018193,96.0,0.4439478661849589,5476684.354015312,0.1131469860292375,-0.2992206436034862,-0.3427969263288173,127.0,0.3408043088083202,1923137.784244629,0.1157914579644469,-0.2955268223239857,-0.3294276438018193,5013367.815256696,0.1083875305358919,-0.2992206436034862,-0.3427969263288173,0.10182770358325098,0.12374072694344375,-0.20249260624546744,-0.2966892786831395,-0.2960678043441554,0.11496210959515578,0.11118959137850576
True,0.95,0.03,0.16,0.04,1622029.0922655426,0.1038319419773718,-0.1750918711271842,-0.2030103915057066,25.0,0.2362584493621819,2104202.6672125254,0.1252753647227538,-0.3015847619610236,-0.301980966573021,80.0,0.4318122866788908,5356770.40943831,0.111950320773891,-0.3015088389060832,-0.3020195382714243,105.0,0.3372699652033903,1890776.461238192,0.1140117669315882,-0.3015847619610236,-0.301980966573021,5044360.052477839,0.1087184111513484,-0.3015088389060832,-0.3020195382714243,0.10444138029610757,0.12532313491784725,-0.18695413575528516,-0.2917120959780164,-0.2916282332127138,0.11657673480085501,0.11377839827057362
True,0.95,0.03,0.16,0.06,1585299.574247798,0.1013215696563826,-0.1999077643263662,-0.2295175927140288,17.0,0.2356901438559083,2111967.1548942467,0.1256628963754258,-0.3002869004753623,-0.3117251522137336,56.0,0.4330516835303626,5656615.394949341,0.1148910061926505,-0.303706381432214,-0.3486097586261399,73.0,0.341109472352329,1928361.4988315653,0.1160745871197038,-0.3002869004753623,-0.3117251522137336,5223361.120844964,0.1105934099437543,-0.303706381432214,-0.3486097586261399,0.10121195209372225,0.12232758361032456,-0.18936258171663545,-0.30115481811403505,-0.3051683498529586,0.11444299395849367,0.11240968115216154
True,0.95,0.03,0.2,0.03,1573561.9696533782,0.1005106679820481,-0.1851425274993298,-0.1856935970863275,31.0,0.2316655316272515,2029766.5436273145,0.1214693791311766,-0.3016166532461234,-0.3350826086756522,95.5,0.4358989829250254,5243583.818112694,0.1108026555100045,-0.3016427937707498,-0.3351798777077062,126.0,0.3323628828995725,1931528.485825742,0.1162483983219361,-0.3016166532461234,-0.3350826086756522,4985853.682810087,0.108089497037656,-0.3016427937707498,-0.3351798777077062,0.1016571216045324,0.12293840982031327,-0.20195004232640226,-0.2954589600307316,-0.2963499708892422,0.11440617248043734,0.11064230699368971
True,0.95,0.03,0.2,0.04,1623288.6453205217,0.1039170501078282,-0.1720705971973886,-0.1831355075564357,25.0,0.2362964062629488,2029969.6752095304,0.1214798526783582,-0.3018975419627679,-0.3020344672512119,80.0,0.436540673238637,5436751.64402708,0.1127524012030641,-0.3019484694905172,-0.3022338914160176,105.0,0.3354530225614038,1955512.0860315731,0.1175448798150671,-0.3018975419627679,-0.3020344672512119,5056791.320614416,0.1088513613154683,-0.3019484694905172,-0.3022338914160176,0.10411726173148393,0.12450763842425304,-0.1835408506029952,-0.2958742927374474,-0.2957624107922711,0.1158106935752297,0.1129178258734298
True,0.95,0.03,0.2,0.06,1551321.0322907008,0.0989555572688393,-0.1738767975134174,-0.2196245599520858,17.0,0.2357407727498613,2041232.5700093105,0.1220369401213624,-0.3023546758511091,-0.3209170846736238,56.0,0.4325358016012128,5274682.796245708,0.1111139450498294,-0.3091230574906596,-0.3480911520946426,72.0,0.3376335867384474,1872860.232046848,0.1130145571101213,-0.3023546758511091,-0.3209170846736238,4843318.908621542,0.1065354442620859,-0.3091230574906596,-0.3480911520946426,0.10098069572345346,0.12202025158593345,-0.1869940466849104,-0.3012832559906183,-0.3054840957177471,0.11365930250199269,0.11196974073197107
True,0.95,0.04,0.06,0.03,1420918.0193080246,0.089412366690061,-0.2085253107943145,-0.2222549042367433,31.0,0.2365601090769077,2174383.5429526563,0.1287534607752538,-0.3330518728407241,-0.3429434679807641,96.0,0.4698715890866436,5096560.551908559,0.1092720245488498,-0.3178097403134461,-0.3427650330413408,127.0,0.3580634980686341,1976418.8868751705,0.1186634345111561,-0.3330518728407241,-0.3429434679807641,4661588.767039946,0.1044860205502313,-0.3178097403134461,-0.3427650330413408,0.0907727933413582,0.12754961652960967,-0.19802904109319636,-0.32429494905804523,-0.31844488456939724,0.11846658237796209,0.10944204173802816
True,0.95,0.04,0.06,0.04,1477600.6088792237,0.0936535584279486,-0.1858308333425273,-0.1947237662649397,25.0,0.2330414259930296,2088723.091928288,0.1244940572124013,-0.315691539904965,-0.3225628935428136,79.5,0.4724814627252005,5015837.385278612,0.1084143417142411,-0.3150193278525267,-0.3262920091453141,105.0,0.3581213890108656,1901918.832679873,0.1146241407742855,-0.315691539904965,-0.3225628935428136,4658959.187001349,0.1044556378692656,-0.3150193278525267,-0.3262920091453141,0.09431205311243404,0.1252091282959023,-0.18042151959929326,-0.3142074135873013,-0.31398212466755404,0.1165526719791383,0.1095770621847717
True,0.95,0.04,0.06,0.06,1461121.101462718,0.0924358362187161,-0.1850023392202087,-0.2223815802381966,17.0,0.233253776134868,2110458.38597105,0.1255877204484751,-0.3086064602027397,-0.3212555684662387,56.0,0.4642471588854634,5149569.757240342,0.1098290386303777,-0.3129989994333707,-0.3501892304071175,73.0,0.3542273694210315,1907814.2711474516,0.1149522020733164,-0.3086064602027397,-0.3212555684662387,4651135.037471744,0.1043658282311201,-0.3129989994333707,-0.3501892304071175,0.09205094615827512,0.12637735856250576,-0.17934176100723703,-0.3038598168299879,-0.3092698565773086,0.11595436229062317,0.1096557054299758
True,0.95,0.04,0.08,0.03,1497666.894369851,0.0951199437426909,-0.204264500259121,-0.2103773123410924,31.0,0.239399450819053,2131442.7134866733,0.1266369771803992,-0.3157004276562771,-0.323824495097916,96.0,0.464786188041314,5454431.641292511,0.1129261614852397,-0.3066591046212542,-0.3172294521301517,127.0,0.3533819011196922,1941045.0343137968,0.11676468877338,-0.3157004276562771,-0.323824495097916,4922201.10062322,0.1074013448946866,-0.3066591046212542,-0.3172294521301517,0.09311332699279817,0.12727049180453234,-0.2008063135381225,-0.3197689353669447,-0.31342828285395347,0.11853676415247079,0.11075103229425465
True,0.95,0.04,0.08,0.04,1534288.5186992383,0.0977511206514143,-0.1886704342608691,-0.1979059345622824,25.0,0.2417918484328715,2128734.0637555234,0.1265017535689141,-0.317785071067012,-0.3222196625452981,80.0,0.4672487030846768,5386091.2388997,0.1122475289798093,-0.3179969727866101,-0.3223421719765563,105.0,0.359707696645642,1948711.098786519,0.1171756116024763,-0.317785071067012,-0.3222196625452981,5047549.491938248,0.1087529998201749,-0.3179969727866101,-0.3223421719765563,0.09618046134474036,0.1253082244104967,-0.1819407761737306,-0.31456993956776325,-0.3139501360284784,0.11718515273049229,0.11083392287838212
True,0.95,0.04,0.08,0.06,1513011.0875187907,0.0962293418151085,-0.1873912564852043,-0.2224632410801423,17.0,0.2352148797502765,2100115.4651119146,0.1250688832928193,-0.3088361012927543,-0.3212057746674313,56.0,0.468411010275202,5237313.864839563,0.1107383531241548,-0.3138792061216998,-0.3503874843374604,73.0,0.3582716253680882,1883242.428171944,0.1135933706682011,-0.3088361012927543,-0.3212057746674313,4830442.762418447,0.1063922356086829,-0.3138792061216998,-0.3503874843374604,0.0939604590588563,0.12632621446338713,-0.18311587382871006,-0.3038247246292832,-0.3094850705529928,0.1157213650941357,0.11079538459000199
True,0.95,0.04,0.1,0.03,1562477.0121138082,0.0997381247950227,-0.2081865340026847,-0.2155867435276673,31.0,0.243405573573705,2155540.8698035423,0.1278297337991158,-0.2985742432272613,-0.3246065611259287,96.0,0.4591588862789663,5529431.371497379,0.1136645220715543,-0.3008223436295608,-0.3247922701845626,127.0,0.3546201014174477,1960551.26573436,0.1178154233407836,-0.2985742432272613,-0.3246065611259287,5037702.59041493,0.1086480709372622,-0.3008223436295608,-0.3247922701845626,0.09801742700312922,0.1272164581275698,-0.1976518867464477,-0.3054370530661101,-0.3007833364461147,0.11780849694009465,0.11308475103879771
True,0.95,0.04,0.1,0.04,1586273.9854128202,0.1013905948826829,-0.182077170043496,-0.1938008650812268,25.0,0.2470942590846905,2120866.0160192903,0.1261097487801066,-0.3126954966755852,-0.3149722061483962,80.0,0.4701707732805271,5600777.424685357,0.1143566877663184,-0.3105200573757927,-0.3150205992281207,105.0,0.3633243879879347,1949117.3958396907,0.1172007710374162,-0.3126954966755852,-0.3149722061483962,5161459.883308226,0.1099529000820911,-0.3105200573757927,-0.3150205992281207,0.10013537649722852,0.12647376575929384,-0.18694108630140086,-0.3075353113686993,-0.3073805830218655,0.11833016767799705,0.11333754418495658
True,0.95,0.04,0.1,0.06,1557081.9508004764,0.0993430633023481,-0.1923999001423837,-0.2237940205981994,17.0,0.2416901312922912,2130143.01839372,0.1265729187251817,-0.3069751892448633,-0.3208721060879902,56.0,0.4567601252212694,5603127.260353904,0.1143790035050333,-0.3119116185046118,-0.349637469735224,73.0,0.353656940547155,1883501.66315593,0.1136074302933848,-0.3069751892448633,-0.3208721060879902,5133708.404338798,0.1096549626017302,-0.3119116185046118,-0.349637469735224,0.0977556660886214,0.12584190039017062,-0.18437391552746488,-0.30383486780109953,-0.30911179708859654,0.11567019263630368,0.11281273261399988
True,0.95,0.04,0.12,0.03,1613163.669087761,0.103231167078424,-0.1930860291040499,-0.1945087847154314,31.0,0.2487030674508234,2145308.0154296225,0.1273247402744854,-0.2838670292159872,-0.3376852660146943,96.0,0.4611492388088389,5621313.650124622,0.1145539380858622,-0.2944927017084691,-0.3377933033392488,127.0,0.3558903658210486,1865652.8882409069,0.1126109103648916,-0.2838670292159872,-0.3376852660146943,5040219.400234548,0.1086714185543789,-0.2944927017084691,-0.3377933033392488,0.10093159526309092,0.12656859292446027,-0.20313082576210087,-0.30173449637484023,-0.2996421156132277,0.11647332650428656,0.11331771880082649
True,0.95,0.04,0.12,0.04,1649359.7435608013,0.1056655958843632,-0.1830458782894732,-0.195592024027264,25.0,0.2513290653222473,2166521.968048593,0.1283682652856911,-0.3036237362787666,-0.3046547438315955,80.0,0.4611870104342633,5841748.977703074,0.1166345935825277,-0.3044300800834967,-0.3048634367379583,105.0,0.3596218487969797,1965341.5852457036,0.1180707484306293,-0.3036237362787666,-0.3046547438315955,5263957.4493180085,0.1110085883269357,-0.3044300800834967,-0.3048634367379583,0.10344277169349964,0.12704386256052572,-0.18938984822541594,-0.2988100596566435,-0.2988172804353393,0.11796154077443032,0.11520207777959938
True,0.95,0.04,0.12,0.06,1580654.6544122016,0.1010009422635931,-0.1757908396327902,-0.2228490276797025,17.0,0.2482977773434654,2100034.8678764477,0.1250639302176663,-0.3073206351952601,-0.3195085012088102,56.0,0.4585624656723967,5761922.795085981,0.1158899079721268,-0.3114433200768468,-0.3499984827437166,73.0,0.3554400862871744,1891325.908299296,0.1140286093558095,-0.3073206351952601,-0.3195085012088102,5257218.005087545,0.1109402222835265,-0.3114433200768468,-0.3499984827437166,0.100252413566152,0.1248108107289733,-0.19012577517722282,-0.30396089785466524,-0.3086743176174593,0.11534910257073454,0.1138832777469377
True,0.95,0.04,0.14,0.03,1612416.1394843925,0.1031803719968159,-0.1944737623837341,-0.1947675790521848,31.0,0.2518937707499253,2073078.6024465875,0.1236979982435393,-0.3324683631313018,-0.3387691009907053,96.0,0.464419109681933,5303485.662444753,0.1114145014249075,-0.3323827246485477,-0.3386871084595868,127.0,0.3598478243358106,1906559.813729942,0.1148832128713849,-0.3324683631313018,-0.3387691009907053,4854236.506887965,0.106654123057907,-0.3323827246485477,-0.3386871084595868,0.10181845420195579,0.12559782793626742,-0.20216830670231886,-0.30085165405258874,-0.3020619452784272,0.11534754237122814,0.11264976171267908
True,0.95,0.04,0.14,0.04,1650262.7974529022,0.1057257170796996,-0.1944746618898982,-0.1960341285094006,25.0,0.2542524498219676,2145382.2657024157,0.1273282632594984,-0.3057361476030735,-0.3070091038241618,80.0,0.4616026371272783,5677655.934048185,0.1150934819603444,-0.3062571398638799,-0.3069318965173978,105.0,0.3584030200176967,1941669.0617792795,0.1167984751211747,-0.3057361476030735,-0.3070091038241618,5140424.756374244,0.1097332975709247,-0.3062571398638799,-0.3069318965173978,0.10423949410734583,0.12739313855797355,-0.18664552958799532,-0.29491140521888304,-0.29545479136178787,0.1166729365813776,0.11511909396254434
True,0.95,0.04,0.14,0.06,1563098.5558483214,0.0997815646151155,-0.1944749365260316,-0.222426728551546,17.0,0.2484193009683784,2050350.7345285057,0.1225345386789159,-0.3086983271619801,-0.3197120459955179,56.0,0.4658489795490096,5485930.990583092,0.1132345539871551,-0.3121576983826572,-0.350363919018942,73.0,0.3594000764800077,1931543.0360141315,0.1162490959146776,-0.3086983271619801,-0.3197120459955179,5105582.525810205,0.1093604425986553,-0.3121576983826572,-0.350363919018942,0.10137530804309114,0.12418608100935813,-0.18922690135432688,-0.30425120093893904,-0.3080037148796497,0.11508562060881196,0.11406191674560391
True,0.95,0.04,0.16,0.03,1537847.2147762757,0.0980037717452135,-0.1933459722064862,-0.1945858159045029,31.0,0.238446123275233,2092105.751441631,0.1246652378132637,-0.320609939711992,-0.3338386725725201,96.0,0.4523224593552943,5126174.283128375,0.1095832982552934,-0.3220884932338429,-0.3439651950863745,127.0,0.3487712509778318,1905194.1572221213,0.114808092640179,-0.320609939711992,-0.3338386725725201,4686680.086459021,0.1047731613153485,-0.3220884932338429,-0.3439651950863745,0.10101738807214944,0.12426214192411712,-0.1984005614270454,-0.30321891994689865,-0.3051487446649474,0.11474811658136332,0.11124682964580468
True,0.95,0.04,0.16,0.04,1577485.9088416542,0.1007829481244114,-0.1784007956935028,-0.1866000053659339,25.0,0.2412378198338755,2155652.026480714,0.1278331245413042,-0.3056132944697876,-0.3065326205753232,80.0,0.463818703514977,5589407.29321214,0.1142470648549848,-0.3060885441532626,-0.3068857472509397,105.0,0.3546910324135939,1911789.5149492512,0.1151568363764961,-0.3056132944697876,-0.3065326205753232,5013323.356896579,0.10838671119662,-0.3060885441532626,-0.3068857472509397,0.10351480180177859,0.1260803458372664,-0.18249205062613658,-0.2995303765372675,-0.2999020387484612,0.11548464712754924,0.11370543613809152
True,0.95,0.04,0.16,0.06,1580264.011197407,0.1009747669252896,-0.1760271916795705,-0.2229760829670278,17.0,0.247951017831233,2060132.77248831,0.1230365778371829,-0.308963998486028,-0.3207632838581249,56.0,0.4574618181977258,5396091.142193928,0.1123303136194555,-0.3121009991496514,-0.3501422988130304,73.0,0.3562763744817749,1870016.135406649,0.1128552625110823,-0.308963998486028,-0.3207632838581249,4941395.622417955,0.1076085389746428,-0.3121009991496514,-0.3501422988130304,0.10076110562641942,0.12353752764986853,-0.18659889929045145,-0.30475205872347905,-0.30875974808495227,0.11400869391340863,0.11268002757839522
True,0.95,0.04,0.2,0.03,1537730.871955508,0.0979955221466336,-0.1934659170096432,-0.1943119887623193,31.0,0.2360473257616824,2139333.7239901046,0.1270220738358713,-0.2842000153083092,-0.3291031634660821,96.0,0.4417683096880477,5227047.154305023,0.1106252128733835,-0.2844655855527372,-0.3285343184700537,127.0,0.3431298357133281,1866124.3271301729,0.1126139395778247,-0.2842000153083092,-0.3291031634660821,4510223.310080804,0.1027141342446633,-0.2844655855527372,-0.3285343184700537,0.0998540330883068,0.12402283693666155,-0.1963887617515576,-0.3004883576476025,-0.30185437904020407,0.11486547212609668,0.11103953816697973
True,0.95,0.04,0.2,0.04,1573623.3803538573,0.1005149338360826,-0.1786394610982539,-0.1873174967802034,25.0,0.2397212119405296,2148701.834007172,0.1274901737342725,-0.3063676153442109,-0.3075992156104373,80.0,0.4596518769137584,5260290.033753384,0.1109736893260453,-0.3069881294837053,-0.3074342158869613,105.0,0.3525150646549441,1860134.7879272331,0.1122401709617837,-0.3063676153442109,-0.3075992156104373,4665194.9151378255,0.1045266118992344,-0.3069881294837053,-0.3074342158869613,0.1022617185114235,0.12551962891917218,-0.17605068127908238,-0.3038658034344475,-0.3041334955083921,0.11473841352123378,0.11248086903949629
True,0.95,0.04,0.2,0.06,1560647.985023174,0.0996101790010014,-0.1782357754607665,-0.222943259907085,17.0,0.237600226497252,2071457.843829452,0.1236163441859621,-0.3087905457785254,-0.3194551978233501,56.0,0.4491100955295378,5141851.508609943,0.1097468526621376,-0.3122290235785374,-0.3504894056389584,72.5,0.3482489488768796,1836228.098944744,0.1109446605606647,-0.3087905457785254,-0.3194551978233501,4528820.613003394,0.1029375587052753,-0.3122290235785374,-0.3504894056389584,0.10021551821287822,0.1235881896299833,-0.18201188224503015,-0.3050990301477562,-0.3092898654127656,0.11322226682539303,0.11202052938101825
True,1.0,0.01,0.06,0.03,1307003.3959639748,0.0804066033461302,-0.1964198118215851,-0.2142104308849471,31.0,0.1931338404584573,2186371.077431348,0.1293372965371609,-0.327924493946878,-0.3354565057370353,100.0,0.3971118237869382,4694835.769503554,0.1048661823995287,-0.3280199411813637,-0.3354737427743162,130.0,0.2995298082727431,1912403.4450576715,0.1152042345278606,-0.327924493946878,-0.3354565057370353,4151526.08677806,0.0982993008832107,-0.3280199411813637,-0.3354737427743162,0.08473012414287426,0.1310272453185603,-0.19223105613442149,-0.3260862221673235,-0.3244238689191964,0.1213159372222974,0.10799932118431364
True,1.0,0.01,0.06,0.04,1338563.7342352197,0.0829703852484314,-0.1684928661478844,-0.1799929825751431,26.0,0.1928230838649721,2159666.742590373,0.1280320168824724,-0.3137129430196517,-0.3224388308516374,84.0,0.3971705591224014,4837443.508504212,0.1064702873692686,-0.3134734261489921,-0.3220510852327372,110.0,0.2958032963071323,1865402.3893901897,0.1125967020471522,-0.3137129430196517,-0.3224388308516374,4197314.896725203,0.0988832386091504,-0.3134734261489921,-0.3220510852327372,0.08978359384452705,0.12899292705688986,-0.16651158029970553,-0.3209967317235518,-0.31809227534388146,0.11624859208569796,0.1097424374442618
True,1.0,0.01,0.06,0.06,1258017.1329273488,0.0763147060844121,-0.2168383536345317,-0.2168625738095908,0.0,0.2055881801558123,2033448.9945182097,0.1216592625814229,-0.3225241484226884,-0.3493778679286292,37.0,0.4295947935632312,4402523.005386464,0.1014289990594099,-0.3238049590366093,-0.3381541661369179,38.0,0.3232870657333053,1793649.9100652249,0.1084987015422879,-0.3225241484226884,-0.3493778679286292,3830915.7834826326,0.0940287014433906,-0.3238049590366093,-0.3381541661369179,0.08233977202090054,0.1243907949809161,-0.19121503611853669,-0.32082879973156153,-0.3183309735719322,0.1143597113796677,0.10346049402415756
True,1.0,0.01,0.08,0.03,1371948.2077827249,0.0856236855825268,-0.1933304953609262,-0.2108669904769018,31.0,0.200905760275268,2200386.750619223,0.130014419680147,-0.3115006556069851,-0.3492360782768187,100.0,0.4080921742768277,4969178.892102974,0.107912271612229,-0.316788385862056,-0.3396786697156093,131.0,0.3082283109375061,2055335.7372561009,0.1227909419854564,-0.3115006556069851,-0.3492360782768187,4548043.154372748,0.1031665785921164,-0.316788385862056,-0.3396786697156093,0.08690710894915438,0.13167801019241296,-0.1950307613213056,-0.3233660893799536,-0.3203057091216819,0.12353030141572291,0.10896183696208954
True,1.0,0.01,0.08,0.04,1446905.9890025784,0.0913754576047211,-0.1672494379246675,-0.1750185542020182,26.0,0.1990314720444232,2122765.5121472897,0.1262053706449351,-0.3212183340598543,-0.3363098794444618,84.0,0.4048059721642702,5089736.16684569,0.1092003800137244,-0.315520022043795,-0.3289840863968831,110.0,0.3043053402203863,1917409.4644449828,0.1154783114475435,-0.3212183340598543,-0.3363098794444618,4591504.805436539,0.1036752073168849,-0.315520022043795,-0.3289840863968831,0.09267199124493686,0.12947056194651302,-0.16126796665555532,-0.3178796228707131,-0.31485111163047197,0.11952037932308494,0.11079269478980958
True,1.0,0.01,0.08,0.06,1253988.0072444272,0.0759718250401476,-0.2109416696450524,-0.2581181453446549,3.0,0.223204608603493,1838875.980079751,0.1110990444690136,-0.3430347886751414,-0.3566172836224709,22.0,0.4456864733131648,3537356.3546026163,0.0898086410016567,-0.3430307713648508,-0.3515987111925637,24.5,0.3446986401578977,1762305.3713689651,0.1066625439545057,-0.3430347886751414,-0.3566172836224709,3436886.125560608,0.0882878548488551,-0.3430307713648508,-0.3515987111925637,0.08400777599427539,0.12423951648654807,-0.1914400518387193,-0.31836627257084915,-0.31670730415712933,0.11669208903921006,0.103966788496835
True,1.0,0.01,0.1,0.03,1433716.214589835,0.0903828425033191,-0.1832261658489507,-0.2521728811522339,31.0,0.2054530276922493,2253795.211448619,0.1325669567722819,-0.3152153037346649,-0.3309856744154002,100.0,0.4098211432308504,5277974.341378323,0.1111544368568339,-0.3023357866146242,-0.3335218112588994,131.0,0.3097624085541898,2114507.2065276643,0.1257925362562938,-0.3152153037346649,-0.3309856744154002,4944698.267133246,0.1076462449172941,-0.3023357866146242,-0.3335218112588994,0.090866868468702,0.13137032399197276,-0.20161212452764324,-0.31804046187230284,-0.3106929222369168,0.126414325299378,0.10995077829904144
True,1.0,0.01,0.1,0.04,1522219.731381192,0.0968903231004243,-0.1531015750988945,-0.1589680972722401,26.0,0.2059443212372712,2233396.4383595884,0.1316002082267093,-0.3099237235675363,-0.3293982588000038,84.0,0.4097758637333245,5435736.7969705295,0.1127423303229616,-0.3037666898728663,-0.3279892788655814,110.0,0.3098436175875385,2116204.3136759507,0.1258774563795972,-0.3099237235675363,-0.3293982588000038,5078296.288771965,0.1090794662827211,-0.3037666898728663,-0.3279892788655814,0.0983208213277677,0.12883195902552563,-0.15373736400971685,-0.3172322595519152,-0.3145332265685317,0.12343078848757706,0.11295623623240426
True,1.0,0.01,0.1,0.06,1303705.8952337257,0.0801346114938919,-0.1998328339538213,-0.283273899105407,1.0,0.2235977039639533,1913387.5692591004,0.1152541491181973,-0.3185905436084258,-0.342962489965228,23.5,0.4456487613757417,3998847.317110502,0.0963062966458485,-0.322810169689975,-0.344563667475934,27.5,0.3346701561529234,1904330.873436367,0.1147446643070958,-0.3185905436084258,-0.342962489965228,4071498.6841991246,0.097262576333721,-0.322810169689975,-0.344563667475934,0.08747486149482893,0.1225076114150474,-0.19634292201590497,-0.31805760735093264,-0.3176042198638086,0.11857353569286287,0.10452205174001644
True,1.0,0.01,0.12,0.03,1431804.6242354554,0.0902386287652123,-0.2207204929684574,-0.2499086257932974,31.0,0.2077706813532412,2197812.144731698,0.1298916220239983,-0.317507174758821,-0.3421093617603749,100.0,0.4064753689203363,4805004.904354211,0.1061095138435712,-0.3089697472614883,-0.3503366623377799,130.0,0.3186763909299269,2145485.943733009,0.1273335507174526,-0.317507174758821,-0.3421093617603749,4779583.49793139,0.1058251179571144,-0.3089697472614883,-0.3503366623377799,0.09543232200568423,0.1303791271165907,-0.1999071432660122,-0.3084947202772141,-0.29787409270729454,0.12699670739982946,0.11121226233944786
True,1.0,0.01,0.12,0.04,1577501.168247362,0.100783922167546,-0.1441877156269595,-0.2123299600421515,26.0,0.2067306305095265,2109394.9758840124,0.1255326997996064,-0.3118482948418921,-0.3302700207090115,83.0,0.4101030774985172,5366339.813307412,0.1120494048050352,-0.3107639571671053,-0.3329180841045399,110.0,0.3156632963840944,2142489.301993625,0.1271827507307836,-0.3118482948418921,-0.3302700207090115,5251301.16449089,0.1108818340512718,-0.3107639571671053,-0.3329180841045399,0.10219168176225212,0.12879206555075176,-0.1578566313475079,-0.31320068713851534,-0.30855988578267934,0.1258645277522183,0.11454417625578929
True,1.0,0.01,0.12,0.06,1396427.2567591667,0.0875244399524152,-0.2236710266720678,-0.3090720751618724,1.5,0.2244758744982909,1863469.8621659928,0.1124883625316772,-0.3246816854785594,-0.3385164336049124,33.0,0.4391568608881893,4267823.978466044,0.0997704867374229,-0.3246169459940809,-0.3610007342154374,36.0,0.3374915850559774,1904875.517659468,0.1147873119073817,-0.3246816854785594,-0.3385164336049124,4187896.429970717,0.0987623940103599,-0.3246169459940809,-0.3610007342154374,0.0927154644407368,0.1216730078635941,-0.2084587314547797,-0.31353417965538116,-0.3134505535529716,0.11903258537310342,0.10732382616546747
True,1.0,0.01,0.14,0.03,1587931.0356054092,0.1015047435969288,-0.1593464086571452,-0.2352569550478665,31.0,0.2044796914002511,2133170.219251163,0.1267152647458118,-0.3086110040713507,-0.335907768830132,100.0,0.4096241431923716,5534421.836097572,0.1137126322267572,-0.2901552189480509,-0.3177621068749743,130.0,0.3154126396988923,2139430.4984254725,0.1270340916934322,-0.3086110040713507,-0.335907768830132,5464440.1957430765,0.1130264371343011,-0.2901552189480509,-0.3177621068749743,0.10012938795651387,0.1274587298314711,-0.19800179641586055,-0.29070728967263065,-0.2838956182045021,0.12460735292978557,0.11172717458384203
True,1.0,0.01,0.14,0.04,1654578.5172962293,0.106012360098879,-0.1593464086571452,-0.2218882282343212,26.0,0.2113119221229476,2141987.320891888,0.12715714382002,-0.3062489028762432,-0.3187110009733043,83.5,0.4029535099959526,5692613.091770047,0.1152353962997407,-0.2995784084428004,-0.3180520396260192,110.0,0.3126805921514322,2095078.978761807,0.1248129714398232,-0.3062489028762432,-0.3187110009733043,5867596.151752631,0.1168698286945145,-0.2995784084428004,-0.3180520396260192,0.10613072969899508,0.12783154554274842,-0.1708500298505297,-0.3094465572068447,-0.3056340765708182,0.12533774222963048,0.11589866776685409
True,1.0,0.01,0.14,0.06,1485184.661726619,0.094209506858566,-0.2475054069251548,-0.3031273027219954,2.0,0.2309509001350641,1825689.8273839245,0.1103447616437496,-0.3144129808961552,-0.3185643768640756,22.0,0.4583852674097705,4348066.716226569,0.1007646640763462,-0.3134309768744167,-0.3219917815495921,36.0,0.3420213420449076,1787270.0700585924,0.1081261345723092,-0.3144129808961552,-0.3185643768640756,4292040.937116618,0.1000713041797464,-0.3134309768744167,-0.3219917815495921,0.0967446908895701,0.11862157000553002,-0.21783932244423723,-0.30957044320567856,-0.30979734332010656,0.11631863307601613,0.10843096627973998
True,1.0,0.01,0.16,0.03,1663184.8558382925,0.1065826581622743,-0.1803741618411292,-0.2443168949448812,31.0,0.2113315872693898,2030906.5886640889,0.1214807186933063,-0.2594711877792178,-0.2747256830554094,99.0,0.4083629334299307,5372026.633089448,0.1120891714572939,-0.2594161240381566,-0.25948977380597,130.0,0.3154137737895982,2042076.1852248749,0.1220987316560275,-0.2594711877792178,-0.2776835940012865,5357088.3909869045,0.111956411319914,-0.2594161240381566,-0.25948977380597,0.1036154783962826,0.1262003128774302,-0.19695040602004166,-0.2811819638022312,-0.27608284056160187,0.12259109454054512,0.11274922860963499
True,1.0,0.01,0.16,0.04,1737547.6254771808,0.111401181444637,-0.1803741653831347,-0.2283921517541812,26.0,0.2145108126023717,2174616.6221018564,0.1287601708645865,-0.3081942781837931,-0.3083622800952755,83.0,0.4017893681036363,5867222.631985315,0.1168638867207165,-0.2916733140628042,-0.3084374873451311,109.0,0.3189513864658339,2100001.293812461,0.1250638210571458,-0.3081942781837931,-0.3083622800952755,5817627.049193487,0.1164025279594975,-0.2916733140628042,-0.3084374873451311,0.10786089380937314,0.12726397210763263,-0.18944933315005377,-0.29090689784425816,-0.2868708858346251,0.12515204950938133,0.1166490188577944
True,1.0,0.01,0.16,0.06,1470830.8648928362,0.0931548393690687,-0.2448030499386862,-0.288228694878091,3.5,0.2235621139263751,1727932.6637203975,0.1046138692482706,-0.2918848975184793,-0.2994900221325988,25.0,0.4448080651658595,4229764.99801854,0.0992924807338768,-0.2925285448370684,-0.2980512709052623,38.5,0.3425483948067317,1706499.4155351173,0.1033175216784589,-0.2927312130391381,-0.3007121724448903,4169205.61143424,0.0985253582988959,-0.2925285448370684,-0.2980512709052623,0.09941230512538257,0.1160581936073281,-0.2239256208738636,-0.30232722345773616,-0.3112272630202425,0.1138488976517638,0.10809183491071254
True,1.0,0.01,0.2,0.03,1571026.4192564497,0.1003335327365043,-0.2100690625443992,-0.2255718070483952,31.0,0.2230547559653786,2067243.2374617776,0.123400883458001,-0.2732324594394781,-0.3090991950577499,99.0,0.3987000244543759,5116547.333380975,0.1094829092455662,-0.2730019017932559,-0.2809549126949594,130.0,0.3148761825093025,2081107.353803631,0.1241067632572663,-0.2732324594394781,-0.3090991950577499,5134550.300122216,0.1096716193120972,-0.2730019017932559,-0.2809549126949594,0.10478483452596743,0.12520477788014006,-0.20437708623576473,-0.27753412565799357,-0.27441389676701217,0.1207044009616401,0.1124432324625438
True,1.0,0.01,0.2,0.04,1644222.6210896545,0.1053190446146359,-0.19892662729155,-0.2098431772902445,26.0,0.2266162575809606,2046416.19038015,0.1223316250525703,-0.2550154620186904,-0.2699297801765118,82.5,0.3968711847074406,5634559.343007103,0.1146816234466031,-0.2552018497270811,-0.2699154210587386,108.5,0.3128117677075688,2157007.8009431404,0.1279018037543573,-0.2550154620186904,-0.2701379981708577,5648421.381855082,0.1147986094192442,-0.2552018497270811,-0.2733699429700722,0.10925122871970783,0.1268551035265208,-0.19622563609704585,-0.28011531364827824,-0.27901039189352206,0.12532609501679398,0.11705226399168887
True,1.0,0.01,0.2,0.06,1483113.1699394833,0.0940579421481642,-0.2510731434846417,-0.2880137945937077,3.0,0.2291520812279158,1634700.4136799397,0.098851721172703,-0.2790563879891448,-0.3789998740295056,34.0,0.4599735239767514,3840481.652492533,0.0941602239648621,-0.327123504841232,-0.3799462524654587,38.5,0.3513322587497161,1644843.5249207127,0.0994504464508952,-0.2881187103299298,-0.3789998740295056,3796974.519523411,0.0935539640339775,-0.327123504841232,-0.3799462524654587,0.0996646675105747,0.11446276633399477,-0.22373325464153987,-0.2975620054297497,-0.31094843206859774,0.11278842421646615,0.10751905084166608
True,1.0,0.02,0.06,0.03,1343339.228852174,0.0833530821734344,-0.1980804339691235,-0.2364117072694261,31.0,0.211865120538529,2251123.280475106,0.1324417377407668,-0.3421906649704708,-0.3503384490374412,100.0,0.4313203647803742,4975216.774022628,0.1079775647725297,-0.333921101016126,-0.3434826851068048,130.0,0.3263560238577147,2017398.5856333736,0.1208248435673274,-0.3421906649704708,-0.3503384490374412,4428616.119783796,0.101744527476604,-0.333921101016126,-0.3434826851068048,0.08616012727816495,0.13183374955122196,-0.19890973812506355,-0.33229016832472835,-0.3280079603298351,0.12259024731711683,0.10899717923346698
True,1.0,0.02,0.06,0.04,1418508.3824056096,0.0892287047591759,-0.170475604565545,-0.1821369214100734,26.0,0.2073274439915327,2232089.075951785,0.1315369119567313,-0.3211044169217205,-0.3328892124142757,84.0,0.4308583751841174,5198900.8839159375,0.1103420453680779,-0.3178718830777574,-0.3311103395664593,110.0,0.3214649052607045,1952674.6859415,0.1173921848943749,-0.3211044169217205,-0.3328892124142757,4581134.413298478,0.103554274527065,-0.3178718830777574,-0.3311103395664593,0.09200113991215235,0.12973416953888373,-0.16502732775296222,-0.3255650810656685,-0.3234053108769714,0.11819875401935005,0.11104997448224134
True,1.0,0.02,0.06,0.06,1385361.2007213226,0.0866728389646406,-0.172095940795841,-0.2280526677650465,18.0,0.2120265715153398,2250202.4908666867,0.1323981997255322,-0.3099351653028306,-0.3227596661277053,59.0,0.4221589643365671,5238331.849725576,0.1107488174923156,-0.301027087539033,-0.3232384010221894,78.0,0.3217452176059229,1997012.3976480467,0.1197547530131081,-0.3099351653028306,-0.3227596661277053,4611051.157410542,0.1039024019687399,-0.301027087539033,-0.3232384010221894,0.08574057792371907,0.1273931551814338,-0.1856968835266978,-0.31973410078697023,-0.3164756750961063,0.1174163860972996,0.1067416234796214
True,1.0,0.02,0.08,0.03,1422561.001454405,0.0895371254694056,-0.1810934833860512,-0.2323138735950106,31.0,0.213597283954637,2248458.54452644,0.1323155273161665,-0.3227290741449603,-0.3515740992208936,100.0,0.4313158589442053,5286466.560148992,0.1112412659529672,-0.3189660476172398,-0.3487992200680339,130.0,0.3308623339254333,2127549.023392732,0.1264437288085452,-0.3227290741449603,-0.3515740992208936,4892515.257006565,0.1070776515483484,-0.3189660476172398,-0.3487992200680339,0.08820723226205378,0.1319921090025989,-0.20211509873562652,-0.3273825529234466,-0.3211506685730792,0.12384922625317775,0.11000764532787395
True,1.0,0.02,0.08,0.04,1503733.8252066013,0.0955598277657798,-0.1598284125607252,-0.1670363079474232,26.0,0.2156261090662175,2204154.011398404,0.1301974087434207,-0.3279512328929807,-0.3481908567181837,84.0,0.4346246347571436,5457420.626029832,0.1129570370259763,-0.3255037701049815,-0.3440000236151792,110.0,0.3300516733930587,1992701.0397052788,0.1195271699537212,-0.3279512328929807,-0.3481908567181837,5022326.2275051065,0.1084834272497542,-0.3255037701049815,-0.3440000236151792,0.0947434032719116,0.1301142970409994,-0.16010175366976478,-0.3221873451915882,-0.3195854102870305,0.1206880909066424,0.11225762422440809
True,1.0,0.02,0.08,0.06,1433937.5326881926,0.0903997179944018,-0.1649841803987216,-0.2526232039258362,18.0,0.2199731841430742,2250569.609565592,0.1324066731476957,-0.3078210965255857,-0.3251258900684987,59.0,0.4338107461259096,5347160.75980532,0.1118555185432481,-0.3054610763472357,-0.3245328130684967,78.0,0.3303544613083569,2050123.625185673,0.1225228470087691,-0.3078210965255857,-0.3251258900684987,4905421.087761473,0.1072185005681048,-0.3054610763472357,-0.3245328130684967,0.08747048678196509,0.1273592114843468,-0.18849999037572576,-0.31832625285292154,-0.31593506411057154,0.11923260431668238,0.10734906001742078
True,1.0,0.02,0.1,0.03,1457135.916908671,0.0921393146201102,-0.2180341775411968,-0.2332162944583405,31.0,0.2221327462605598,2271342.8181078658,0.1333921231079545,-0.3206363438757627,-0.3359967268007263,99.5,0.4328634359773989,5225787.8734820485,0.1106193001784487,-0.3218029924386817,-0.3394753403563666,130.0,0.3351724131687897,2202648.469254547,0.130125523348854,-0.3206363438757627,-0.3359967268007263,5027984.328849053,0.1085442157350475,-0.3218029924386817,-0.3394753403563666,0.09233331617188437,0.13121994301182988,-0.20710243410815277,-0.31849754931669627,-0.3097553425690484,0.12589599873120352,0.11105522628102717
True,1.0,0.02,0.1,0.04,1566330.6489228315,0.1000072489910887,-0.1484599036356154,-0.2104241184593079,26.0,0.2187810601687874,2184667.290227847,0.1292514552248093,-0.313367086762535,-0.3298597962909572,84.0,0.4347832664001936,5466274.389996158,0.1130440886388486,-0.3129708785344395,-0.3308707536450731,110.0,0.3311802112501715,2123695.152964292,0.1262504512161206,-0.313367086762535,-0.3298597962909572,5280809.624226957,0.1111836431979205,-0.3129708785344395,-0.3308707536450731,0.09969727971562722,0.12959565840558232,-0.15803057321461972,-0.32178601933433043,-0.3184534754600418,0.12375829179475521,0.11434970127269632
True,1.0,0.02,0.1,0.06,1489878.9543254422,0.0945529563881583,-0.1839473326043478,-0.2414826077585218,18.0,0.2209341489288998,2254889.2174521573,0.1326197698774268,-0.3082918928904231,-0.323509342356704,59.0,0.4338772091153198,5528195.590075897,0.1136524582385311,-0.3041097609650723,-0.3241895656139049,78.0,0.334626665270674,2158373.458853869,0.1279690244094937,-0.3082918928904231,-0.323509342356704,5362568.643555248,0.1120114815768309,-0.3041097609650723,-0.3241895656139049,0.09114864005801039,0.12586491963360924,-0.19533172988189132,-0.31795236314350817,-0.3168915836981263,0.12069742802160414,0.1079673753649132
True,1.0,0.02,0.12,0.03,1527670.1757712492,0.0972796138716379,-0.2132679320602771,-0.2391715114846915,31.0,0.2211132369665601,2200969.251750265,0.1300412950512885,-0.3206542191126229,-0.3281170237235426,100.0,0.4275366463164411,5428238.699061822,0.1126678813501987,-0.2952945736274105,-0.3280970048666577,130.0,0.3342097388816623,2118658.409651716,0.125999670679666,-0.3206542191126229,-0.3281170237235426,5257746.423558172,0.1109477999702062,-0.2952945736274105,-0.3280970048666577,0.09714919172507912,0.13017664218367217,-0.20562170312035033,-0.3052420691879204,-0.29634441676368767,0.12566314515803317,0.11219283729532988
True,1.0,0.02,0.12,0.04,1644008.292937962,0.1053081483370463,-0.149597139211439,-0.2170027457371429,26.0,0.2224411314238238,2204292.3922319505,0.130204611513673,-0.3190848851866926,-0.3441262662960502,84.0,0.4300232070594152,5962893.981773805,0.1177441765878795,-0.318674041688003,-0.3399086133119085,110.0,0.335395694579415,2124031.469544553,0.1262685911976963,-0.3190848851866926,-0.3441262662960502,5862653.034078813,0.1168279597352367,-0.318674041688003,-0.3399086133119085,0.10335724278934678,0.12926357078900835,-0.16573286950874197,-0.3158212413414042,-0.31230693676059185,0.12545047460412684,0.11581668419275021
True,1.0,0.02,0.12,0.06,1513630.7153497534,0.0962656180999588,-0.194680488821419,-0.2441325199081817,18.0,0.2242398419633607,2224620.187109997,0.1311776693462738,-0.3059256369274603,-0.3275170429719193,59.0,0.4295574525213432,5745886.832706886,0.1157389092733914,-0.305596594821637,-0.3238373485154133,78.0,0.3345437811211353,2093899.3047916975,0.1247548225699312,-0.3059256369274603,-0.3275170429719193,5509938.066105853,0.1134738885311303,-0.305596594821637,-0.3238373485154133,0.09597762358059819,0.12459700065218494,-0.2050056716806753,-0.3148291800888573,-0.31456840884577025,0.12055211669012666,0.11035009062606622
True,1.0,0.02,0.14,0.03,1581325.106077509,0.1010487886768971,-0.2048476825200459,-0.2154109694623967,31.0,0.2263491405094708,2193960.837867196,0.1296675009982092,-0.2683442761100623,-0.268750406152966,99.5,0.4334195291982708,5462858.729250993,0.1130098095808775,-0.2686862373535118,-0.2717119040855576,130.0,0.3365881623174106,2112764.9535234068,0.1256948717032782,-0.268352739142367,-0.2688077695896387,5433872.525023471,0.1127227242217348,-0.2687750212803463,-0.2764539604677166,0.10187245780273284,0.12813735368914805,-0.20336305639143004,-0.2904058624976483,-0.28692672091900356,0.12407934672440442,0.11276572868600739
True,1.0,0.02,0.14,0.04,1626726.4544666046,0.1041480878785284,-0.1924470458549939,-0.2025439373847783,26.0,0.2350582120045884,2179592.04476,0.1290062747196926,-0.3187312295961928,-0.3189804171907929,83.0,0.4311675173974389,5823758.165646576,0.1164496608802702,-0.3056053389908617,-0.3189870621339754,109.5,0.3355506313945081,2094845.3152334597,0.1247949455492889,-0.3187312295961928,-0.3189804171907929,5665440.374591038,0.1149769021514247,-0.3056053389908617,-0.3189870621339754,0.10686735871026806,0.1286386698276381,-0.1805702243874726,-0.31218525836313066,-0.31108936812559623,0.12475333232623287,0.11715504092646352
True,1.0,0.02,0.14,0.06,1618690.256045531,0.1036056538514306,-0.2011152997518674,-0.2478180611416441,18.0,0.2268731965687969,2162149.8124433616,0.1281533346642399,-0.3093023381312632,-0.3300942950429824,59.0,0.4311139365647739,5959286.138886327,0.1177101420212647,-0.3101388729726476,-0.323507311697009,77.5,0.3357995879445884,2075570.605842779,0.123813554472409,-0.3093023381312632,-0.3300942950429824,5846825.794913397,0.1166797721550362,-0.3101388729726476,-0.323507311697009,0.09964381902300301,0.12225549268196916,-0.2117859837411927,-0.31166762417261307,-0.31202900690590324,0.11840478363536769,0.11151731217853733
True,1.0,0.02,0.16,0.03,1626327.9789558812,0.1041218946661327,-0.2094541004481084,-0.2211929719563718,31.0,0.2370617019962513,2137947.150787376,0.1269559774762126,-0.2696558762037094,-0.3401238072323545,100.0,0.4200284344576371,5439620.094968349,0.1127740390443537,-0.2808518079983947,-0.340170768518454,130.0,0.332784629557449,1991954.2387185723,0.1194832011288569,-0.2696558762037094,-0.3401238072323545,5015062.073454417,0.1084055575968009,-0.2814321775890797,-0.340170768518454,0.105028559518755,0.12718112462522826,-0.20354950388735554,-0.2849335444754177,-0.2832980619598733,0.12242585688248672,0.11337912770171579
True,1.0,0.02,0.16,0.04,1702142.1570385671,0.1091306782673338,-0.1991477043695059,-0.2077925341678854,26.0,0.24309253029945,2125279.3394117747,0.126328372538912,-0.2925717525562542,-0.3229655521437737,83.0,0.4195095288363931,5886697.6741163,0.1170494813074825,-0.3075093990733347,-0.3229547002446759,109.0,0.3370399642320661,2077157.816007364,0.123903373403045,-0.2925717525562542,-0.3229655521437737,5731820.7334891,0.1156066307072538,-0.3075093990733347,-0.3229547002446759,0.10861664148697114,0.12805685348264587,-0.19382675137356742,-0.293730343464956,-0.2933870887084108,0.12461796753874316,0.1178076554381396
True,1.0,0.02,0.16,0.06,1650040.61610886,0.1057080872059813,-0.1952606625562284,-0.2425917979561999,18.0,0.2334810522568332,2097772.504549782,0.124951422598969,-0.311215120282154,-0.3306724502367273,59.0,0.4377988280580664,5914979.596330836,0.1173091148361379,-0.3124721244207886,-0.3257605938769052,78.0,0.342058970105443,2061608.160254944,0.1231124532556067,-0.311215120282154,-0.3306724502367273,5834075.26922111,0.1165509073394507,-0.3124721244207886,-0.3257605938769052,0.10184630580202836,0.12021248145166208,-0.2155489407357281,-0.3075745745026147,-0.3132735689662187,0.11623439444595912,0.11140502686802667
True,1.0,0.02,0.2,0.03,1686319.3415,0.1081012525389584,-0.2176110201094221,-0.2330652929461228,31.0,0.2418426288129679,2179069.9299453683,0.1289815318930404,-0.3077769792095691,-0.3304906679079064,100.0,0.4232618494186866,5713338.10097507,0.1154268101029614,-0.2843857532382415,-0.3623802165447803,131.0,0.3339155714823192,1947932.1339954413,0.1171289078044097,-0.3077769792095691,-0.3304906679079064,5257020.079865759,0.1109405391035187,-0.2843857532382415,-0.3623802165447803,0.106005968522854,0.1262729739779478,-0.2092093492337078,-0.28477589879880494,-0.28390495659141074,0.1212903151895441,0.1131977411510892
True,1.0,0.02,0.2,0.04,1733661.3814239348,0.1111540105522246,-0.2064540473439929,-0.2183676522138052,26.0,0.2441136299248133,2200055.3473708527,0.1300002456500144,-0.2646797618343753,-0.2843288861857554,83.0,0.4134664875896442,6171888.366544592,0.1196140644919534,-0.2616570047108683,-0.2845494693512082,109.0,0.3274830561042514,2087592.6280889923,0.1244353818526278,-0.2646797618343753,-0.2843288861857554,6029417.130434694,0.1183453449030225,-0.2644139999797251,-0.2845494693512082,0.1097968532882445,0.12808778850493763,-0.19877760413747034,-0.2843411814347067,-0.2852471162783867,0.12457265650749784,0.11843697403429994
True,1.0,0.02,0.2,0.06,1650473.2866281795,0.1057378013190846,-0.2037961625866032,-0.2370665396484989,18.0,0.2402091793468767,2188372.0449325973,0.1294340523160365,-0.3080916159292207,-0.3312774525212312,59.0,0.427257163374477,6137913.478330245,0.1193143838317875,-0.3116695541753018,-0.3241179178635299,78.0,0.3405306930110441,2104160.835522728,0.1252732754809038,-0.3080916159292207,-0.3312774525212312,5886174.362758959,0.1170444603594703,-0.3116695541753018,-0.3241179178635299,0.10195201880595989,0.11932814450512409,-0.21580739832794152,-0.3048846989742237,-0.31331702801029165,0.11545440979881912,0.1109818246412027
True,1.0,0.03,0.06,0.03,1393718.4820407063,0.0873227335965068,-0.2089421644854974,-0.2423379143626424,31.0,0.2264134593147538,2259590.222106317,0.1328414778166169,-0.3485800223861095,-0.3557419272647988,100.0,0.459256238157032,5180604.873403147,0.1101521249485609,-0.3391555694428791,-0.3504286832882902,130.5,0.3487765336557059,2065770.4265663524,0.1233259028438638,-0.3485800223861095,-0.3557419272647988,4648420.656920392,0.1043345677112718,-0.3391555694428791,-0.3504286832882902,0.08920150199309686,0.13278612079088759,-0.2063786737515364,-0.3399402778107011,-0.3335549820403631,0.12426532637491346,0.11121242244559386
True,1.0,0.03,0.06,0.04,1482029.2597355652,0.0939787634755094,-0.1687410249141596,-0.1752690988009398,26.0,0.2262848317410284,2238903.390753333,0.1318623495307461,-0.3273641219399386,-0.3402854895403438,84.0,0.4591678271880041,5466176.82429871,0.1130433056991296,-0.3247666070346523,-0.3399769952069911,110.0,0.3469250114987429,2007517.821528352,0.1203075136552168,-0.3273641219399386,-0.3402854895403438,4894059.472246001,0.1070944646198359,-0.3247666070346523,-0.3399769952069911,0.09565157588556052,0.1313100469156747,-0.16831506866616985,-0.3332251187711744,-0.3326251516426021,0.1208593435721631,0.11323834356870766
True,1.0,0.03,0.06,0.06,1428814.634520622,0.0900121348140559,-0.167216406264966,-0.2366045396431941,18.0,0.2227738855265413,2261912.5594387758,0.1329467319146152,-0.3189736668262539,-0.3322290288573976,59.0,0.4524658138652967,5457952.49282977,0.1129620677113564,-0.3135534776955722,-0.3326106453027751,78.0,0.3429010310754155,2031389.87464794,0.1215539688243869,-0.3189736668262539,-0.3322290288573976,4868464.147363981,0.1068128617365878,-0.3135534776955722,-0.3326106453027751,0.09231178998173391,0.1325925620899029,-0.17885465307249157,-0.3170520443085605,-0.3126288636691475,0.1219497257156925,0.11293556008286955
True,1.0,0.03,0.08,0.03,1438155.8379025273,0.0907175335009859,-0.215592039727198,-0.2457275473204215,31.0,0.2289660159786008,2285381.4693630314,0.1340520382164736,-0.3408160988929666,-0.3558956917928408,100.0,0.4659311214088811,5344907.343519555,0.1118336657149864,-0.3311967168593459,-0.3504777970051521,130.0,0.3523485017384203,2137919.59542956,0.1269518321696477,-0.3408160988929666,-0.3558956917928408,5021435.426857948,0.1084738495393459,-0.3311967168593459,-0.3504777970051521,0.09106271865629584,0.13271598646345933,-0.21094064074944655,-0.3290291566849404,-0.3228304107390296,0.12467520385396089,0.11204723931388916
True,1.0,0.03,0.08,0.04,1550441.2748082937,0.0988937006192965,-0.1553766204047916,-0.2079279936215137,26.0,0.2288118082417572,2212040.4309329186,0.1305709594749968,-0.3420394375598652,-0.3516698359078188,83.5,0.4619736519327908,5593519.83198256,0.1142867914172711,-0.3432961568516499,-0.351081808749814,109.0,0.3508498728518118,2076843.9241113276,0.1238906421180916,-0.3420394375598652,-0.3516698359078188,5257609.36025684,0.1109465741593738,-0.3432961568516499,-0.351081808749814,0.09798280686777729,0.13144276667846247,-0.16717470893093828,-0.3295279820121414,-0.32828926037130585,0.12214189307562057,0.11459323835504977
True,1.0,0.03,0.08,0.06,1497047.4813617817,0.0950722446446563,-0.1821047504210742,-0.2395648643058308,18.0,0.2279825637270744,2281189.341543852,0.1338490192503232,-0.3161157389693215,-0.3315655718077588,59.0,0.4570366301844359,5527503.145813999,0.1136456970697418,-0.3119766785933369,-0.3318864796936041,78.0,0.3473830412302364,2108785.2138824705,0.1255055022407399,-0.3161157389693215,-0.3315655718077588,5192997.443452274,0.1102807099456827,-0.3119766785933369,-0.3318864796936041,0.09417140174235915,0.13285186377673283,-0.18327870125740578,-0.31716731164758327,-0.3135681387169331,0.12300629936593707,0.11389606238797453
True,1.0,0.03,0.1,0.03,1487540.8734634868,0.0943821695660649,-0.22431711648011,-0.2583662391972954,31.0,0.2380101162447138,2220175.0764662013,0.1309674038358218,-0.3168503187522215,-0.3234098442929931,100.0,0.4574575521785466,5596195.103758425,0.1143119955147811,-0.2981694761253965,-0.3233461332749612,130.0,0.3514876998914897,2062999.25351838,0.1231834927707508,-0.3168503187522215,-0.3234098442929931,5226591.014815727,0.1106255208371254,-0.2981694761253965,-0.3233461332749612,0.09535770674225427,0.13127733939477315,-0.21272177636992715,-0.31657564651620146,-0.3097514735160863,0.12509908814498327,0.11338411137275939
True,1.0,0.03,0.1,0.04,1621357.485524341,0.1037862178827772,-0.1491903377756001,-0.2124029557618453,26.0,0.2331427896982069,2237005.829794055,0.1317719926841737,-0.3230048100002115,-0.3397916960451355,83.0,0.4539001401616557,6016795.0203509005,0.1182323521644147,-0.319099258914141,-0.3390125710568114,109.0,0.3524929726785961,2096205.111390863,0.1248723864479635,-0.3230048100002115,-0.3397916960451355,5722186.081156632,0.1155158502585756,-0.319099258914141,-0.3390125710568114,0.10231042048309025,0.13126973041198678,-0.17135341450778904,-0.3275509860335124,-0.3264445950609212,0.12395039387677345,0.11695720815538643
True,1.0,0.03,0.1,0.06,1539262.5999643628,0.0981033456133214,-0.1985384456631759,-0.2434151990948805,18.0,0.2341258095526844,2284280.4274292914,0.1340000532748946,-0.3196492344556234,-0.3349078150788601,59.0,0.4616853166968915,5745324.153904568,0.1157330443946789,-0.3176415957634588,-0.3322267726526889,78.0,0.3543272843491725,2116285.1001466205,0.1258814335497543,-0.3196492344556234,-0.3349078150788601,5525278.779571462,0.1136239193800385,-0.3176415957634588,-0.3322267726526889,0.09772174696460587,0.13260346937517006,-0.1887809912989788,-0.31637762631850463,-0.3148459763437871,0.12404881157154188,0.11537803904267624
True,1.0,0.03,0.12,0.03,1576274.011448948,0.1006989316676966,-0.2143400036002076,-0.2336767267766175,31.0,0.2453634601991743,2153698.215017803,0.1277381011023368,-0.3005687549712613,-0.3320025326694387,99.0,0.4545444528514105,5527712.444470549,0.1136467055052283,-0.2942743567151925,-0.3319118576722161,130.0,0.3568290356014324,2087708.646659107,0.1244427118441653,-0.3005687549712613,-0.3320025326694387,5309566.287292123,0.111472866919429,-0.2942743567151925,-0.3319118576722161,0.1000939000016002,0.13064214588278228,-0.21541919125603412,-0.29839082274006584,-0.29539474720671266,0.12383129431312015,0.11426829081870148
True,1.0,0.03,0.12,0.04,1634479.5749083315,0.1046706709719651,-0.1952840166928846,-0.2047422454119516,26.0,0.2492428879552157,2221381.8981985766,0.1310262193379165,-0.3276363691374063,-0.3280600957268734,83.0,0.4582773808107348,6090134.546145139,0.1188907504781554,-0.3164865039633948,-0.3280146325339858,109.0,0.3571993664007329,2088427.7805804503,0.1244768666612793,-0.3276363691374063,-0.3280600957268734,5711532.910491632,0.1154149169623179,-0.3164865039633948,-0.3280146325339858,0.10555942130282887,0.13093683168927642,-0.1806068052388527,-0.32100342316335256,-0.3203175044632541,0.12464107912665143,0.11851815995440401
True,1.0,0.03,0.12,0.06,1599698.9386339472,0.1023130012951422,-0.1992848407573418,-0.2441837692534705,18.0,0.2448982355200793,2197820.806259007,0.1298895356869808,-0.3174606507610331,-0.3349678011521688,59.0,0.4542547749221148,5688402.914291404,0.1151953263796994,-0.3167806597434896,-0.3296494263909893,77.5,0.3539330520041567,2068194.5618241327,0.1234487022467658,-0.3174606507610331,-0.3349678011521688,5531965.892301519,0.1136750304605876,-0.3167806597434896,-0.3296494263909893,0.1013662579043062,0.1311146147901528,-0.19426282734741682,-0.3165940175269885,-0.31572654112287224,0.12354812851921008,0.11692839036761075
True,1.0,0.03,0.14,0.03,1664472.4386301592,0.1066676922578451,-0.2124953484067622,-0.2227017928395377,31.0,0.2504605258895209,2212739.385116789,0.1306095120153466,-0.2787912273045163,-0.3407947529137263,100.0,0.446886810852161,5615989.329287056,0.1145032606012723,-0.2874113617888325,-0.341094994762719,130.0,0.3551166670104023,2027890.298761713,0.1213618574084056,-0.2787912273045163,-0.3407947529137263,5233897.524165413,0.1106997085652635,-0.2874113617888325,-0.341094994762719,0.10407371514151927,0.12896017468511317,-0.2107701542217673,-0.2953996941574307,-0.2972007389848159,0.12212392879839652,0.11469534325159901
True,1.0,0.03,0.14,0.04,1694087.1116689525,0.108608205675866,-0.1999816830251456,-0.2097036676757332,26.0,0.2515308993295491,2155445.739727081,0.1278215317744746,-0.3125458701039282,-0.3354903845777944,83.0,0.4509693669708778,5986885.041722411,0.1179619975574459,-0.3238173532717147,-0.3354288016991409,109.0,0.3595893195501783,2089203.5722535544,0.1245178518145891,-0.3125458701039282,-0.3354903845777944,5811976.912110608,0.1163553892689049,-0.3238173532717147,-0.3354288016991409,0.10766050028202798,0.12992832262340684,-0.19005672791230369,-0.3181746996855301,-0.3214291138000444,0.12349079695748982,0.11897203108139928
True,1.0,0.03,0.14,0.06,1670959.0046442142,0.1070894786724993,-0.1964753699768819,-0.2448959255675377,18.0,0.2479135021768625,2147744.0472683534,0.1274453697262245,-0.3151476576507717,-0.3354963452323722,59.0,0.4541322672182933,6023091.139221584,0.1182794878674129,-0.3159901027871546,-0.328237857318336,78.0,0.3600466787674891,2029424.7247660272,0.1214434021759992,-0.3151476576507717,-0.3354963452323722,5813993.090816498,0.1163725449927086,-0.3159901027871546,-0.328237857318336,0.1039893154429832,0.12942504960898812,-0.1954662257526656,-0.31674929190502527,-0.3163876742951992,0.12231283591190047,0.11768390668057907
True,1.0,0.03,0.16,0.03,1695641.07901576,0.1087091685599707,-0.2154213770207374,-0.2286548911660747,31.0,0.2531794122794549,2202990.670673158,0.1301361910958226,-0.2900490421672729,-0.3612614357768661,99.0,0.4553867236680164,5814208.717359118,0.1163785445645136,-0.2972810605399945,-0.3613310600338143,130.0,0.3559630357278873,2064864.072616918,0.1232654336883555,-0.2900490421672729,-0.3612614357768661,5387224.779307508,0.1122565389044786,-0.2973424264868371,-0.3613310600338143,0.10575420052556714,0.12853352263194173,-0.2094346618311388,-0.2961462297602593,-0.29829892517923867,0.1199356631665031,0.11426615330583852
True,1.0,0.03,0.16,0.04,1742934.386490971,0.1117429735506109,-0.2047661406660451,-0.2139233058248426,26.0,0.2557165524893393,2239929.3034861465,0.1319110040798613,-0.3128057427857733,-0.3390264078559808,83.0,0.4532073216266031,6467272.74098767,0.1221506137014459,-0.3256959964703472,-0.338966561814657,109.0,0.3562089947324527,2035524.100537151,0.1217588190824446,-0.3128057427857733,-0.3390264078559808,5998530.622126296,0.1180689719514069,-0.3256959964703472,-0.338966561814657,0.10836542684959705,0.1300683486391757,-0.19496333257588916,-0.30526269991848043,-0.30834506936201456,0.12280341436284552,0.11862013717875874
True,1.0,0.03,0.16,0.06,1668352.0414320258,0.1069237459019651,-0.2032777082710867,-0.2448639091310026,18.0,0.251725340339583,2225772.9854117315,0.1312351086913368,-0.3149776499076413,-0.3351987653108571,59.0,0.4503714658000042,6170402.609527849,0.1195951976812838,-0.3167062397018459,-0.3283748613139034,78.0,0.3569021208929218,2056330.9076555204,0.1228391498394475,-0.3149776499076413,-0.3351987653108571,5920901.62616398,0.1173564060046667,-0.3167062397018459,-0.3283748613139034,0.10544153865840744,0.12851173522062914,-0.19670809616959148,-0.3183310399712226,-0.3172524528905088,0.12109422140014875,0.11785259396510812
True,1.0,0.03,0.2,0.03,1687623.3983020328,0.1081873044732836,-0.2223263734384505,-0.2376467912032735,31.0,0.2385405465276289,2132431.4245042857,0.1266825412513039,-0.3084698479935827,-0.3412575704453259,99.0,0.4563260652625919,5465311.868488113,0.1130349724918463,-0.3084930919404213,-0.3415024112238958,130.0,0.3458578150448288,2033440.965908748,0.1216588536023487,-0.3084698479935827,-0.3412575704453259,5256916.245621398,0.1109393864479839,-0.3084930919404213,-0.3415024112238958,0.10587274634300621,0.12691811322657437,-0.2085804461090497,-0.30415245866293655,-0.30434213724217024,0.11862448598231905,0.11382730943928045
True,1.0,0.03,0.2,0.04,1716138.2897530813,0.1100332313000247,-0.2029969397705936,-0.2196480912303136,26.0,0.2467133997097666,2183461.3264853107,0.1291953128436812,-0.2727800912293539,-0.2922063554942294,83.0,0.4353780359090018,6246313.77762777,0.1202621745375983,-0.2697451336258849,-0.2923183625275982,109.0,0.3415518096426964,2086339.9654279733,0.1243727398953666,-0.2728463147571394,-0.2922063554942294,5783864.872979443,0.1160867974555605,-0.2723651900060935,-0.2923183625275982,0.10860824995600164,0.12994806731012926,-0.19411245824642556,-0.29871825210411357,-0.3023800796149925,0.12204640416859248,0.11854631498445811
True,1.0,0.03,0.2,0.06,1656345.0556816822,0.1061296968914954,-0.1966336631304029,-0.2347061359586416,18.0,0.2489423608965239,2136377.7067573853,0.1268826930034287,-0.3240825222187022,-0.3352913244880364,59.0,0.4470572602530526,5797115.339551867,0.1162195467992681,-0.3194022000855129,-0.3376283049543278,78.0,0.3556017640862944,1977753.888104009,0.1187336120876026,-0.3240825222187022,-0.3352913244880364,5486795.999343512,0.1132466808035977,-0.3194022000855129,-0.3376283049543278,0.10545976764810394,0.12823026433453766,-0.19638450558222778,-0.3189762634842834,-0.31775718490089405,0.12037483449859926,0.1175311267048429
True,1.0,0.04,0.06,0.03,1436690.7010190843,0.0906076088506865,-0.2220968982036092,-0.2321992953909403,31.0,0.2435107453640564,2208842.903436359,0.1304237432519943,-0.3448062496576915,-0.3673840033073949,100.0,0.4914356002092853,5328881.880821114,0.1116709368490874,-0.3404051818386844,-0.3688264099816277,130.0,0.375062267467662,2046919.60203284,0.122357014746908,-0.3448062496576915,-0.3673840033073949,4855682.24878866,0.1066720131214857,-0.3404051818386844,-0.3688264099816277,0.09057970107893529,0.13298986492209805,-0.21477453128851096,-0.3436804819371938,-0.33711068590220317,0.12458084646840203,0.11201392598701655
True,1.0,0.04,0.06,0.04,1514043.3749847077,0.096303652545962,-0.1639590553924382,-0.2034088008151455,26.0,0.2393938764154867,2211214.444428526,0.1305381976103715,-0.3368993212923059,-0.3531654069898149,83.0,0.486537555944687,5542375.1467707325,0.1137899318341167,-0.3371434577960231,-0.3421868841137134,109.0,0.3685871326568953,2015394.0419550284,0.1207202258782342,-0.3368993212923059,-0.3531654069898149,5076257.707893778,0.1090570399507304,-0.3371434577960231,-0.3421868841137134,0.09728023069710186,0.13153149019847404,-0.16989659871768725,-0.3375737657030862,-0.33809381416821843,0.12205917664622064,0.11403274475454793
True,1.0,0.04,0.06,0.06,1479200.8058804942,0.0937711225319664,-0.1910862637771277,-0.2346434718689866,18.0,0.242908035030069,2191509.0588930123,0.1295867186556781,-0.3242291757633301,-0.3412654866378515,59.0,0.4830516213572998,5398255.640556319,0.1123690517610406,-0.3203887331828305,-0.335982031549273,78.0,0.3670696573102391,1969311.6798623067,0.1182844993759307,-0.3242291757633301,-0.3412654866378515,4966207.576467442,0.1078794839007168,-0.3203887331828305,-0.335982031549273,0.09419954573284027,0.13268762491654737,-0.18401194931009668,-0.32113900100573667,-0.3173212545321541,0.12235518856806944,0.11375225611541342
True,1.0,0.04,0.08,0.03,1477836.97239127,0.093670928367562,-0.2124670227377392,-0.2320099877455518,31.0,0.2435421757066854,2298097.997142559,0.1346422004033074,-0.3405195568120075,-0.3475633244880183,99.0,0.4839602480521803,5605160.202009743,0.1143989764354315,-0.3376852754679032,-0.347886708103669,130.0,0.3728828874401675,2112594.423545604,0.1256886361131887,-0.3405195568120075,-0.3475633244880183,5104350.057182271,0.1093546281125125,-0.3376852754679032,-0.347886708103669,0.09242249094061872,0.13271574833437436,-0.2168762786414412,-0.32928438786221165,-0.3217972592632032,0.12411378982682024,0.11309783715350948
True,1.0,0.04,0.08,0.04,1565435.8085619677,0.0999448061476395,-0.1915096941593596,-0.2009324377887428,26.0,0.2485122130455838,2266348.547188875,0.1331544541777817,-0.3439921820202352,-0.3485118467127849,83.0,0.4830580824386223,5669014.949047532,0.1150109500676743,-0.3471690349905486,-0.3542433857088706,109.0,0.3728078747735862,2065689.2853517183,0.12331832493334,-0.3439921820202352,-0.3485118467127849,5252801.565857457,0.1108973416841782,-0.3471690349905486,-0.3542433857088706,0.09950824671565851,0.1319998540302002,-0.17096807660275984,-0.33388818358867284,-0.3330428019374289,0.12268453860272806,0.11583266236042418
True,1.0,0.04,0.08,0.06,1536996.173021261,0.0979426809406825,-0.1956403767772188,-0.2389177524444176,18.0,0.245611128309562,2292162.043607361,0.134368029845573,-0.3252374224640412,-0.3405600850637567,59.0,0.4778423037043507,5777083.854383349,0.1160322079195149,-0.3233661286568767,-0.3365576746068796,78.0,0.369648024363209,2080498.1445956472,0.1240767838312203,-0.3252374224640412,-0.3405600850637567,5326203.606553574,0.1116419252981211,-0.3233661286568767,-0.3365576746068796,0.0959861837223386,0.1330403552066568,-0.1880801429196236,-0.32140960835156834,-0.3185858872668429,0.12280167831034379,0.11480129453627935
True,1.0,0.04,0.1,0.03,1535462.878082686,0.0978339717619062,-0.2178424302144934,-0.2393708842757246,31.0,0.2507999367557783,2270772.820168486,0.133367626482032,-0.2841340806722732,-0.3299872866887654,99.5,0.4787292937057272,5797093.16692177,0.1162193234582096,-0.2841713358450101,-0.3297974023469325,130.0,0.3680335034304743,2062885.468103675,0.1231758603165625,-0.2871356630126546,-0.3299872866887654,5244048.432475648,0.1108072642580761,-0.2862983933119077,-0.3297974023469325,0.09654388445318912,0.13095785151292486,-0.2170167323903032,-0.3141935302520778,-0.3086166079935741,0.12388714507796406,0.1143214258122033
True,1.0,0.04,0.1,0.04,1626626.830865116,0.1041423396227665,-0.1970317269702099,-0.205973585954421,26.0,0.2559269313870206,2286445.6885150764,0.1341011707031313,-0.3300292287194806,-0.3305196281675432,83.0,0.4782570182070749,6289189.054912465,0.1206326429799387,-0.3267822960375589,-0.3304853159623543,109.0,0.3699979119068538,2059371.280802716,0.1229981385835224,-0.3300292287194806,-0.3305196281675432,5658518.753407678,0.1149109014961285,-0.3267822960375589,-0.3304853159623543,0.10331975987564956,0.13196234970432966,-0.1807158791937203,-0.3312592782432338,-0.3301421108701445,0.12391788875390382,0.11814492852429559
True,1.0,0.04,0.1,0.06,1580882.141184525,0.1010155737893491,-0.193894614614179,-0.2436875879297692,18.0,0.2505334558888639,2273704.4479608024,0.1334915782988568,-0.3242524116308402,-0.3411353153045645,59.0,0.4771085581302874,5998304.510448778,0.1180656983613435,-0.3245887097089822,-0.334130970067963,78.0,0.3711023912032057,2030502.5852011328,0.1215078820400306,-0.3242524116308402,-0.3411353153045645,5536234.518664603,0.1137304800230585,-0.3245887097089822,-0.334130970067963,0.09971290503315566,0.13287118533418907,-0.19256948664438678,-0.3208933350871788,-0.3197410591600232,0.12353210169261382,0.11619257755481925
True,1.0,0.04,0.12,0.03,1594546.8672566772,0.1019597718549191,-0.2175417815820711,-0.239808029455105,31.0,0.2558073286124214,2098333.350869705,0.1249797390375774,-0.3022723714117367,-0.355038675503745,99.0,0.475520699423972,5722660.116298573,0.1155178882445829,-0.3062024869485966,-0.3494417245503013,130.0,0.3736160934014798,1999415.339674085,0.1198803372534693,-0.3022723714117367,-0.355038675503745,5206323.426395804,0.1104155671714437,-0.3062024869485966,-0.3494417245503013,0.10172956380762611,0.13044639896459803,-0.2171038215304645,-0.29598042759369075,-0.2954614869068018,0.12211026384771388,0.11535293770979808
True,1.0,0.04,0.12,0.04,1692128.5379495146,0.1084808240094526,-0.1959028791594761,-0.2045220959050653,26.0,0.2593989857393791,2223961.7079958804,0.1311493018479779,-0.3208536420222044,-0.3362259277098774,82.5,0.4767031149511352,6427450.469692644,0.1218160840383193,-0.3280194144635742,-0.3363032587004266,109.0,0.3723779839533274,2078074.30547299,0.1239509737792261,-0.3208536420222044,-0.3362259277098774,5727146.4116777,0.1155612100332229,-0.3280194144635742,-0.3363032587004266,0.1067618844197994,0.13166152395755215,-0.18915952640793765,-0.3229746011541254,-0.32426788015933045,0.12407595402945952,0.11990425224710632
True,1.0,0.04,0.12,0.06,1622056.5370884184,0.1038305839157825,-0.1859538916333311,-0.2342218519252392,18.0,0.2565137440898436,2234421.319218586,0.131628895648506,-0.3226445522422138,-0.3420125290136753,59.0,0.4801051568900026,6044991.9239106495,0.118483491203937,-0.3240925824939948,-0.3346503344747407,77.5,0.3729750715292235,2016515.6376266447,0.120772306247172,-0.3226445522422138,-0.3420125290136753,5617703.545338657,0.1145192675868961,-0.3240925824939948,-0.3346503344747407,0.10297868213320134,0.13134679320390574,-0.1947703874915195,-0.3209710482989583,-0.3202822735577488,0.12256595920350949,0.1175423339625516
True,1.0,0.04,0.14,0.03,1697576.9522642735,0.1088348457373248,-0.2160862488991429,-0.2260675669488682,31.0,0.2500615629716072,2306490.356050984,0.1350160113144736,-0.2932658124501358,-0.3555679069533906,99.5,0.4829419815710712,5981950.82468938,0.1179184529347142,-0.3025399040177824,-0.3559853077621362,130.0,0.3736201223624794,2013466.0588963048,0.1206173234929297,-0.2932658124501358,-0.3555679069533906,5347226.874865245,0.111857166047846,-0.3025399040177824,-0.3559853077621362,0.10570218984316763,0.12899613310671806,-0.21156027882791237,-0.299990479331747,-0.304995671980671,0.12132293594562792,0.11563439321482687
True,1.0,0.04,0.14,0.04,1729410.0816781232,0.1108830483559691,-0.1975665148243097,-0.2099758166165733,26.0,0.2645590787372518,2286581.5255123414,0.1340989273976389,-0.3237776869415216,-0.3391968971138703,83.0,0.4807194077540296,6436908.754614432,0.121891686264364,-0.3314024543055993,-0.3392781075301507,109.0,0.3754424357837985,2071927.5240888863,0.1236395068901767,-0.3237776869415216,-0.3391968971138703,5791750.3343494255,0.1161694377468635,-0.3314024543055993,-0.3392781075301507,0.10839293134255722,0.13063594080639737,-0.19488644362913243,-0.3221974049717718,-0.3268455407413667,0.12274171041122972,0.11991749349282686
True,1.0,0.04,0.14,0.06,1647270.8998953316,0.1055201095131135,-0.1944751623042074,-0.2340644520823331,18.0,0.2585482727279754,2233953.4030993804,0.1316253265879718,-0.3266717830532676,-0.3414332936521308,59.0,0.4758820240716933,6158770.6421248885,0.119496955568238,-0.3225999908494129,-0.3381608330767125,77.0,0.3724713429326089,2046622.9574012116,0.1223420289613349,-0.3266717830532676,-0.3414332936521308,5887438.3278106,0.1170563674821231,-0.3225999908494129,-0.3381608330767125,0.10505407997157969,0.13009050331190172,-0.19468993010741256,-0.320716755300725,-0.3198802460736199,0.12152244881819291,0.11806616566573629
True,1.0,0.04,0.16,0.03,1674720.2164814868,0.1073427289812494,-0.1934769134585529,-0.1950487296520117,31.0,0.2577833700168807,2108676.397949214,0.1254972440747513,-0.3349956676855593,-0.3555532397594708,100.0,0.4784396516890637,5756756.7069242485,0.1158415074386499,-0.3422648618736276,-0.3554196697967562,130.0,0.3680138332884917,1970960.2947139624,0.1183699519864421,-0.3349956676855593,-0.3555532397594708,5265971.369229836,0.111031442376991,-0.3422648618736276,-0.3554196697967562,0.10641931147468603,0.12853278222000222,-0.2088331922337788,-0.3032564893864988,-0.3084610880038334,0.11951899797699717,0.11453078683739236
True,1.0,0.04,0.16,0.04,1653965.018091967,0.1059718654914796,-0.1758174274069335,-0.1965416520945161,26.0,0.251229964811297,2155112.9361923514,0.1278086604005149,-0.335565118839797,-0.3660848385171442,83.0,0.4812168224337398,5859340.029025648,0.1167938289172307,-0.3356515219735702,-0.3663666294232748,109.0,0.367759659198812,1965982.9638828689,0.1181062442396625,-0.335565118839797,-0.3660848385171442,5374291.436550278,0.11212828350524,-0.3356515219735702,-0.3663666294232748,0.10847601082471442,0.1308800408073271,-0.19277019926908498,-0.31189692587991696,-0.31672231358051106,0.122016171410108,0.11907800465485376
True,1.0,0.04,0.16,0.06,1634138.8991359875,0.1046475605309756,-0.1886726077016267,-0.2344996766397377,18.0,0.2579709146212081,2173699.3255610783,0.1287187835303904,-0.3273982381894226,-0.3416721886321643,59.0,0.4721394199754967,5919300.129664928,0.1173465352938465,-0.3231119008658217,-0.3387298220420738,78.0,0.3691242963967928,1969400.6144465432,0.118289103438438,-0.3273982381894226,-0.3416721886321643,5404313.465385826,0.1124256178901712,-0.3231119008658217,-0.3387298220420738,0.10565371759152842,0.12901113456773614,-0.1950334567719374,-0.3227283808997275,-0.3201652540743069,0.11960811823206985,0.1177232841661305
True,1.0,0.04,0.2,0.03,1548743.7301286715,0.0987741288384425,-0.1931928921790268,-0.1948802652104301,31.0,0.2410167202262571,2064407.900193754,0.1232551935683154,-0.313967338717926,-0.3471755372436745,99.5,0.486067481930393,5118926.583805845,0.1095079829933578,-0.3127762478623416,-0.3466052310959663,130.0,0.3727076502733908,1852089.381650973,0.1118405676835014,-0.313967338717926,-0.3471755372436745,4463788.499983769,0.1021670350926724,-0.3127762478623416,-0.3466052310959663,0.10575333271323656,0.12639279249754828,-0.2061043890241919,-0.3118704741410852,-0.31520381555409627,0.11878370174016192,0.11369075187209189
True,1.0,0.04,0.2,0.04,1618848.4253541706,0.1036167405743362,-0.1754924899214823,-0.1954153805732498,26.0,0.2470442769902605,2294425.6832657154,0.1344448083477917,-0.3139070453791277,-0.3145853538682074,83.0,0.4738534064876009,5710767.618434684,0.1154077269510378,-0.31402142183595,-0.3142121439520292,109.0,0.3620955210399609,1996256.66537585,0.1197018665384084,-0.3139070453791277,-0.3145853538682074,4943378.992582893,0.1076321241204705,-0.31402142183595,-0.3142121439520292,0.10784120272911285,0.13083994641796226,-0.18976824944126364,-0.308764499558513,-0.31127851847643806,0.12098491743897052,0.11865358602682817
True,1.0,0.04,0.2,0.06,1618774.2081127986,0.1036117140391216,-0.1906662292474189,-0.2341804492571423,18.0,0.2491693013450089,2162252.888117093,0.1281595258670645,-0.3280924343785594,-0.3416818399930798,59.0,0.4754808039592399,5710265.144821933,0.1154019817867337,-0.3231810901560933,-0.3390831500282295,77.5,0.3713030487156277,1890588.744328097,0.114001412889597,-0.3280924343785594,-0.3416818399930798,5057719.328328927,0.1088510286774011,-0.3231810901560933,-0.3390831500282295,0.10532817934088942,0.1287490277730551,-0.1948125520876338,-0.3236377111735814,-0.32060035770231843,0.11846581956377128,0.11714081539028302
False,0.85,0.01,0.06,0.03,1181449.4956474705,0.0696219710270042,-0.1814735230669804,-0.2121587935339445,1.0,0.1836356886809807,1695249.877166097,0.1026284797012417,-0.2810925367765093,-0.2890219095733526,5.0,0.4109918052370178,3340862.2042794107,0.0867940376823418,-0.273573410547133,-0.2885997012479611,5.5,0.3025838278280693,1666554.37839339,0.1008626105469305,-0.2810925367765093,-0.2890219095733526,3278851.792819012,0.0858072385844478,-0.273573410547133,-0.2885997012479611,0.07304831435229922,0.10193752724543362,-0.18644468806911194,-0.27106079436457003,-0.2680781714177296,0.10119032577333976,0.08723095291884544
False,0.85,0.01,0.06,0.04,1178415.2694456803,0.069348798856162,-0.177297119833163,-0.2099213642324915,0.0,0.1826019576430654,1673853.6078682975,0.1013106350532005,-0.2846824363157126,-0.3055230451146332,4.5,0.4117678504271179,3245054.722348379,0.0852617946824841,-0.2819433579685519,-0.2966416401358154,5.0,0.3038188226504801,1637915.4984042996,0.0990678109749489,-0.2846824363157126,-0.3055230451146332,3195536.4201130755,0.0844536570312546,-0.2819433579685519,-0.2966416401358154,0.07287312362905657,0.10049666462632915,-0.18371179014918176,-0.27311993210538066,-0.2715550214147722,0.10075160500327218,0.08650720175676761
False,0.85,0.01,0.06,0.06,1174438.005113021,0.0689891800732208,-0.177297119833163,-0.2099213642324915,0.0,0.1809645290947207,1695190.8040945174,0.1026282852060078,-0.2705174108953547,-0.2895360833774571,1.0,0.4084268814993318,3325827.557836909,0.0865564592618735,-0.2739469499026203,-0.2885310687234212,1.0,0.2995472472583237,1666205.4505982287,0.1008392841242004,-0.2705174108953547,-0.2895360833774571,3281360.948086721,0.0858477659443355,-0.2739469499026203,-0.2885310687234212,0.07327730572820515,0.10095979164932255,-0.18361579535041406,-0.2661235143869891,-0.26695633048194056,0.10114180551267203,0.08721990708240866
False,0.85,0.01,0.08,0.03,1241781.8916724334,0.074918735054456,-0.1741279987554089,-0.2387761289791428,1.0,0.1877715437555309,1653013.050277996,0.1000174705951445,-0.2702392280840408,-0.3009969049370202,2.0,0.4135782172665042,3409052.6325536976,0.0878565056289302,-0.2640112939020421,-0.3047468087699761,5.0,0.310133878130822,1675265.5758965528,0.1014026754263279,-0.2702392280840408,-0.3009969049370202,3382283.785400709,0.0874431166183241,-0.2640112939020421,-0.3047468087699761,0.07538817648605474,0.10079889581304097,-0.1890138144269137,-0.26894756410503967,-0.2677753816849442,0.09976806480296267,0.08849322176122416
False,0.85,0.01,0.08,0.04,1238380.9310596809,0.0746334484307438,-0.1673728103095056,-0.2364200845698538,1.0,0.1897482711314725,1652709.6046267406,0.0999934726951933,-0.2684547019050524,-0.3045968104253605,1.5,0.4121026858740875,3360194.409310047,0.0870980430168597,-0.264149052301235,-0.308362694063593,3.0,0.3113399557490142,1681276.0445525665,0.1017737663022247,-0.2679906013605295,-0.3045968104253605,3354136.556898607,0.0870025857505412,-0.264149052301235,-0.308362694063593,0.07540931499312582,0.09993704766294575,-0.18740706550405925,-0.26847981307837887,-0.2688684126039295,0.10000865113728226,0.08784642967958144
False,0.85,0.01,0.08,0.06,1246430.3427122138,0.0753255320521086,-0.1669888311144347,-0.2364200845698538,0.0,0.1862617360309159,1644705.7038332634,0.0994964250696921,-0.2702392280840408,-0.2936346138347968,0.0,0.4112445244233729,3385614.112573284,0.0874941850032926,-0.2641490523012348,-0.2938991528891257,0.0,0.3072258055316019,1656973.388060704,0.1002657893938678,-0.2702392280840408,-0.2906320713551235,3442590.592704738,0.0883752666635085,-0.2641490523012348,-0.2938991528891257,0.07567257405099953,0.0998383819499274,-0.18742470961939886,-0.2641982754709837,-0.26528936302089384,0.10017040422472696,0.08817547645741458
False,0.85,0.01,0.1,0.03,1268891.8870284506,0.0772193112503866,-0.1907983241070652,-0.2598274771991696,2.0,0.1909543559130167,1641781.6827313034,0.0993129016300703,-0.2762404652670427,-0.2928318402537248,5.5,0.4202327736519319,3540356.642241995,0.0898536836208919,-0.275554659027925,-0.2971939832618193,8.0,0.3089854865378661,1639435.3202475233,0.0991596861588502,-0.2729536923336426,-0.2829937222222652,3626226.590586009,0.0911203192394864,-0.275554659027925,-0.2971939832618193,0.07997142271562914,0.09866958902335299,-0.19435428387485187,-0.2605264819124873,-0.26112439490778544,0.09729910452280009,0.09034137811430727
False,0.85,0.01,0.1,0.04,1279334.648741225,0.0781052185345093,-0.1920382382602883,-0.2631230129145812,1.0,0.1956914357196961,1683066.932725859,0.1018841137008419,-0.2660503712368683,-0.2858993941210594,4.0,0.4147172064490054,3430623.7962390734,0.0881901676446744,-0.2752244526323392,-0.3038493713386312,6.0,0.309508417018817,1667213.6514734435,0.1009035852460825,-0.2660503712368683,-0.2858993941210594,3535617.833167724,0.0897798256786772,-0.2752244526323392,-0.3038493713386312,0.08030151150498636,0.09866882544533047,-0.19229237864695745,-0.25770644288348565,-0.26001785125002747,0.09836636708685957,0.08993564535657554
False,0.85,0.01,0.1,0.06,1262424.4829514588,0.0766768871579288,-0.1854155936072989,-0.2560643944262699,0.0,0.193034570203806,1643548.359179652,0.0994231488965797,-0.268638056470452,-0.2833308861076306,1.0,0.4088993577384311,3465026.16970134,0.0887172329986999,-0.2718526260698105,-0.2985010425631934,2.0,0.3062285792975718,1643279.3535846618,0.0994017923382041,-0.268638056470452,-0.2833308861076306,3518783.778751896,0.0895309169126541,-0.2718526260698105,-0.2985010425631934,0.0804569796600132,0.0980667374633319,-0.1934885614067672,-0.2581758172103322,-0.2599968973620511,0.09783108351732393,0.0899268154837773
False,0.85,0.01,0.12,0.03,1362551.746446971,0.0848827920010061,-0.2155513830756915,-0.2611908250005441,1.5,0.1970190164853719,1584628.528070739,0.0956551596768185,-0.2631855950529325,-0.2656905607460081,4.5,0.4259251362134414,3781087.497956861,0.0933070500820196,-0.263878587397564,-0.2847740516264015,7.0,0.313637021281546,1561513.916017586,0.0941410092291875,-0.2631821825370216,-0.2656917019618017,3682306.5994831007,0.0919114160533481,-0.2634783892000857,-0.2847740516264015,0.08449712542195942,0.09691405917060002,-0.2037222069716291,-0.2607728900955845,-0.26165151281759813,0.09592820794124968,0.09168863129344178
False,0.85,0.01,0.12,0.04,1359344.6234292788,0.0846289088059704,-0.2066215706536691,-0.2521291859047515,0.5,0.198037121272408,1599753.8595272535,0.0966346445660135,-0.2631821825370216,-0.2656917019618017,3.0,0.4249211244208152,3724553.4034237177,0.0924933270580549,-0.2638785873975642,-0.2898334396129381,3.5,0.3131963290017354,1567303.385785845,0.0945224951210945,-0.2631821825370216,-0.2656917019618017,3710135.613167979,0.0923107277283042,-0.2638785873975642,-0.2898334396129381,0.08480757622889538,0.09752279084192138,-0.20288156214989128,-0.25525346704413704,-0.26065182850736973,0.09632754719335872,0.09087352740737131
False,0.85,0.01,0.12,0.06,1359344.6234292788,0.0846289088059704,-0.2066215706536691,-0.2521291859047515,0.0,0.1986131058627311,1584465.842987765,0.0956445940666574,-0.2631855950529325,-0.2656917019618017,2.0,0.4220930347254286,3757158.767758464,0.0929862981596166,-0.2638785873975642,-0.2867802998820944,2.0,0.3126087558863288,1562069.518915327,0.0941784475947231,-0.2631821825370216,-0.2656917019618017,3750431.687222927,0.0929032027833912,-0.2638785873975642,-0.2867802998820944,0.08462203653276801,0.0969899108199766,-0.20267426543630837,-0.2552172961804387,-0.2555949940923307,0.0960004763980571,0.0907139760772926
False,0.85,0.01,0.14,0.03,1422976.816815096,0.0895686616241251,-0.214563843673689,-0.2606621455203683,1.5,0.1999233199289787,1542738.241791634,0.0928845188364132,-0.2474962090220649,-0.2642634987230274,6.0,0.4230048819115164,3682948.575594143,0.0919373394139254,-0.2465797240217068,-0.2677283556847677,9.0,0.3115935139151855,1551218.2950778424,0.0934610999734582,-0.246862035261421,-0.2580004107622005,3564205.024675565,0.0901979429426702,-0.2465797240217068,-0.2677283556847677,0.08583836470959699,0.09567609771389962,-0.20566245104817507,-0.2651657395241345,-0.26809275105765507,0.09613345416174185,0.09073363098165227
False,0.85,0.01,0.14,0.04,1424571.6776858666,0.0896902689189166,-0.2153194713008575,-0.2600510243260797,1.5,0.2006780363176937,1575564.4790561714,0.0950598633554599,-0.2488856122938401,-0.2807574062205487,4.5,0.4218174145550295,3666969.960939644,0.0917110250180994,-0.2488857036087043,-0.2699784036367459,7.0,0.3101329819852829,1547530.8174078057,0.093215151018788,-0.2475214156375258,-0.2528000842744668,3604033.023664605,0.090795925846512,-0.2488857036087043,-0.2699784036367459,0.08594293072110272,0.09619653188882547,-0.20491790532269605,-0.2625363782328856,-0.2691495032640969,0.09627742562434394,0.08978010616577055
False,0.85,0.01,0.14,0.06,1411109.228630304,0.0886622419140773,-0.2056213409278627,-0.2546644667089758,0.0,0.1968220853471347,1582082.699434351,0.0954887940036559,-0.2420412800458967,-0.2596425930738764,2.0,0.4181533884302412,3535692.3223135234,0.0897841441038829,-0.2420389762938352,-0.2634494993714112,3.0,0.3071232438619239,1532565.557381481,0.0922138668243471,-0.2420392180973966,-0.2494180062323462,3457629.836881412,0.0886049868832934,-0.2420389762938352,-0.2634494993714112,0.08549382995423942,0.0953919655459629,-0.20447627061727672,-0.2635829343438045,-0.26341616045205335,0.09555804280927287,0.08953028184956585
False,0.85,0.01,0.16,0.03,1351377.432078604,0.0839944464736144,-0.2094785560259749,-0.2380222829031235,4.0,0.1940836413500811,1583903.022974603,0.0953232219652769,-0.2669841612396751,-0.3188966576101324,12.0,0.4216554192578017,3408237.18133638,0.087845479397515,-0.2860777951435796,-0.3190272157970259,17.0,0.3100900199338885,1591039.621941749,0.096065862682661,-0.2629864965020972,-0.3188966576101324,3366187.9383284533,0.0871574957221947,-0.2767347674266914,-0.3190272157970259,0.08577546019152453,0.09448381742201974,-0.20643283737556914,-0.28376627819089095,-0.28643391737732304,0.09535834581208046,0.089530277670728
False,0.85,0.01,0.16,0.04,1351022.9269635323,0.0839636242322489,-0.2104246485869835,-0.2428121713334214,2.5,0.1952887106568704,1586917.1409891793,0.0954478664160736,-0.2728064009978879,-0.3183312851522443,9.0,0.4168872454185652,3358334.3219649093,0.0870658203108188,-0.2874249118641346,-0.3173009421421707,12.0,0.3080632779625525,1606004.3050730526,0.0970304562976652,-0.2736449481984174,-0.3183312851522443,3247485.0407179887,0.085300319784687,-0.2756534414642471,-0.3173009421421707,0.08563960632373972,0.09455865861876807,-0.20479486369252622,-0.2813622590862779,-0.2864335855869682,0.09514519862585208,0.08817650978813725
False,0.85,0.01,0.16,0.06,1344717.1300678337,0.0834632061842636,-0.2107335632865858,-0.2517947251161392,1.0,0.1963909082678372,1552323.09846207,0.0932225278532979,-0.2797893759994192,-0.3175007884958009,5.0,0.4153714455598284,3287615.6015334358,0.085947757439041,-0.2808144444597611,-0.3162229841482196,6.0,0.3069558494560828,1572526.5503356128,0.0948501157998467,-0.2653046492455123,-0.3175007884958009,3225906.8452188936,0.0849507682598383,-0.2804242868978515,-0.3162229841482196,0.0852515540760531,0.09434700117633422,-0.2036665099722306,-0.28226015490792017,-0.2811248263325909,0.09471342938070104,0.08751944223642542
False,0.85,0.01,0.2,0.03,1365289.0879857554,0.085096521430261,-0.204073570416315,-0.2497569989711309,6.5,0.1932690010415783,1552631.516204639,0.0935430149073952,-0.3107236488378198,-0.3166769844424577,17.0,0.4265323679300385,3569492.411122132,0.0902867903103159,-0.3094063496093874,-0.3179067371722196,23.0,0.3104129268518765,1511751.251396626,0.0908117934690471,-0.3107236488378198,-0.3166769844424577,3339049.800577314,0.0867512764723082,-0.3094063496093874,-0.3179067371722196,0.08405597955782503,0.09375908068491702,-0.20387059270575666,-0.2932636258335019,-0.297345662929833,0.09441789749418257,0.08847097760047201
False,0.85,0.01,0.2,0.04,1356478.3166033248,0.0843995295755065,-0.19925359567735,-0.247106933433905,4.0,0.1915072574692971,1553729.3515868348,0.0936093740128909,-0.3090414179042661,-0.3151776650395405,12.0,0.4223289099255605,3431966.833960088,0.0882114102711801,-0.308234507829922,-0.3179316404889583,16.0,0.3091879262095408,1517006.5468794,0.0911607784562991,-0.3090414179042661,-0.3151776650395405,3282038.625510241,0.0858585821904704,-0.308234507829922,-0.3179316404889583,0.08391854438384767,0.09366231036577496,-0.20127053868343314,-0.2929653933557248,-0.2967332559091891,0.0948211090690645,0.08724623234953077
False,0.85,0.01,0.2,0.06,1359967.2466607164,0.0846780269575128,-0.2009954919718492,-0.2556567316039995,2.0,0.1907412276719154,1575720.653070346,0.0950704298299339,-0.3081528686845178,-0.3173662210228918,7.0,0.4206305674235171,3249367.3315704856,0.0853273486076112,-0.3093640667491282,-0.3162143350771944,10.0,0.3080823518374797,1530901.235577479,0.0921019496731633,-0.3081528686845178,-0.3173662210228918,3261797.0183058474,0.0855208140023112,-0.3093640667491282,-0.3162143350771944,0.08368104101189541,0.0929295571938624,-0.20177922211184648,-0.2949414578200121,-0.295230999601762,0.09416843058182817,0.08621801349554355
False,0.85,0.02,0.06,0.03,1200203.906435058,0.0712966597023273,-0.1973981143597426,-0.2309103081203687,1.0,0.1999948290901556,1696729.757639347,0.1027218683715245,-0.275085923969016,-0.2912917342737078,3.0,0.4351698824544497,3348623.806986594,0.086915537445367,-0.2726811300380554,-0.2954206560727919,3.0,0.3211220356495952,1671910.0974851884,0.1011948281613737,-0.275085923969016,-0.2912917342737078,3388027.509494706,0.0875326403772187,-0.2726811300380554,-0.2954206560727919,0.07444520652354226,0.099888516720947,-0.18798796803812187,-0.26574001743077846,-0.2635275592450911,0.09991639168334028,0.08761603304291815
False,0.85,0.02,0.06,0.04,1197049.2949259318,0.0710166235964708,-0.1973981143597426,-0.2309103081203687,1.0,0.1988991117223573,1670331.1809880757,0.1010971055821531,-0.2767674559749499,-0.2905964471746404,1.0,0.4357444561618906,3310941.9018894406,0.0863201753186606,-0.2764121013495378,-0.2905980234613113,2.0,0.3227687217583328,1654678.686126296,0.1001189341982802,-0.2767674559749499,-0.2905964471746404,3321731.587791307,0.0864915773536227,-0.2764121013495378,-0.2905980234613113,0.074544465261899,0.09948781188008675,-0.18576606793987713,-0.26803708580240626,-0.2661608271649587,0.09966532659120349,0.08694446899872027
False,0.85,0.02,0.06,0.06,1211855.0964863105,0.0723252236673916,-0.1973981143597426,-0.2309103081203687,0.0,0.198266907290793,1658918.3220159877,0.1003861432485948,-0.2624304223057676,-0.2905964471746404,0.0,0.4368996442611504,3341336.052965573,0.0868015331924746,-0.261641992818323,-0.2905980234613113,0.0,0.3216756500596994,1670982.8144487992,0.1011374412539931,-0.2624304223057676,-0.2905964471746404,3364209.316281896,0.0871610020816127,-0.261641992818323,-0.2905980234613113,0.07477607241719221,0.09936512978982627,-0.1857020714073653,-0.26017149505598264,-0.2622044999982297,0.09951943933888414,0.0875079042574697
False,0.85,0.02,0.08,0.03,1258550.5968083106,0.0763558916254094,-0.1927791160943159,-0.2372167161028492,0.0,0.202365559933382,1691220.9026541342,0.1023822903138237,-0.2578254886287141,-0.2772757735698609,7.0,0.4341952707014059,3376802.346753701,0.0873577309187428,-0.2620468511836879,-0.2749220500964693,6.0,0.3245805044569937,1673693.4446876044,0.1013011889587269,-0.2568032956687298,-0.2772757735698609,3382394.897362653,0.0874449283820583,-0.2616881101403013,-0.2749220500964693,0.07681414475102177,0.0991380883779309,-0.18970772783695114,-0.2619472570519829,-0.26147335063699545,0.09872525970219387,0.08851794963158979
False,0.85,0.02,0.08,0.04,1260160.104518697,0.0764936236328497,-0.1927791160943159,-0.2372167161028492,0.0,0.2031349254345704,1646155.8197031952,0.0995854451747697,-0.2625751342258076,-0.2746546394282801,4.0,0.4349737513437142,3376218.0351052443,0.0873487940090661,-0.2637155740397643,-0.287073243880741,4.0,0.3246085392573288,1685733.5300476665,0.1020459085376349,-0.2602027022877471,-0.2746546394282801,3436676.168036738,0.0882838965820875,-0.2637155740397643,-0.287073243880741,0.07705662890196817,0.09892443923742736,-0.1881876655807306,-0.2622555564150005,-0.2628079195946046,0.0987746325713324,0.08794318214358694
False,0.85,0.02,0.08,0.06,1259875.4411353178,0.0764692871200996,-0.1927791160943159,-0.2372167161028492,0.0,0.2018178814781392,1674063.8520577005,0.1013283130729955,-0.2613069962627933,-0.2818520501435912,3.0,0.4351514620702339,3419978.525470849,0.088027450871994,-0.2680873269055842,-0.2789095826360435,2.0,0.3224108257928435,1690338.4294641702,0.1023247072786268,-0.2558975220341952,-0.2783743530182067,3408994.303838944,0.0878579963599622,-0.26720661461206,-0.2789095826360435,0.07715591585917254,0.09853669848497239,-0.18826197144880713,-0.25698382560095934,-0.26042544921858046,0.09858316987688114,0.08833010896320842
False,0.85,0.02,0.1,0.03,1337964.509388521,0.0829164902567449,-0.1975058101779691,-0.242629634760787,3.0,0.2025059450655718,1616892.590044265,0.0977303642664411,-0.253201741904915,-0.2659725956948296,4.0,0.441293885010329,3699697.020948109,0.0921818352710713,-0.2587849454108217,-0.2747427502412981,8.0,0.3242700103163503,1569811.4696325748,0.0946873995655668,-0.2525506294830653,-0.2648877013253469,3666996.4368086825,0.0917120817615081,-0.2587849454108217,-0.2701027100602836,0.08146686368645187,0.09710460068292885,-0.1924068811532932,-0.25692390486813954,-0.2573456694938537,0.09663737287305499,0.08986698532371674
False,0.85,0.02,0.1,0.04,1337178.892547676,0.0828581769080193,-0.1975569941673401,-0.2407190761403105,1.5,0.2028262446779196,1586112.4647350188,0.0957515137715161,-0.2523487788118825,-0.2623737861095059,2.0,0.4396457854777093,3747835.542222809,0.0928596034057437,-0.2517659373321489,-0.2784258724937321,4.5,0.3239540774787207,1592157.3351660634,0.0961419015645224,-0.2520575388074934,-0.2573221704591653,3699871.0280245263,0.0921790266535702,-0.2517659373321489,-0.2716856318878602,0.08179771411525052,0.09742213561388724,-0.19096942624058377,-0.25523910782996123,-0.2570521230723792,0.09744811338880072,0.08929882690720542
False,0.85,0.02,0.1,0.06,1354568.0916668095,0.0842493342352478,-0.2046694827074381,-0.242093873073571,1.0,0.2052794789913633,1586401.8443890377,0.0957679762056946,-0.2520575388074934,-0.2576946665897112,1.0,0.4368940084597394,3649292.571482348,0.0914559974161529,-0.2520582301277904,-0.2756937028291459,3.0,0.3251640495032974,1606271.689732724,0.0970534109594696,-0.2520299582151926,-0.2573221704591653,3708755.222237695,0.0923060240965999,-0.2520582301277904,-0.2710814585976903,0.08161879999990802,0.09692114823843162,-0.1925001138046234,-0.25585396206559397,-0.25782146630588726,0.09644627215131518,0.08939237937253015
False,0.85,0.02,0.12,0.03,1345614.5499233692,0.0835353161057718,-0.1953630710386607,-0.2392647553944307,3.5,0.2056963913088597,1604190.7579921733,0.0969193476578199,-0.2424663725372787,-0.2648144177819659,4.0,0.4476835827630277,3651819.6204348095,0.0914914631641879,-0.2424700325246719,-0.2636455891667328,8.5,0.3253052356148026,1545828.480681597,0.0931026677981412,-0.2418833906822716,-0.247857132274861,3623909.7977670375,0.0910867013507576,-0.2416120132001664,-0.2541464989056345,0.08524792084315662,0.0962874186216772,-0.19916047377296062,-0.25970921786442047,-0.2604630585128874,0.09523110980024746,0.09065655923068026
False,0.85,0.02,0.12,0.04,1365423.776581029,0.0850896927178256,-0.1973855423966256,-0.2400566682511789,2.0,0.2087091330772149,1623802.1846304925,0.0981637627636483,-0.2336274885842816,-0.2731962621401183,2.0,0.4410273426097016,3661202.382649337,0.0916239370050545,-0.2413735037971132,-0.266727698720889,5.0,0.3248167013075638,1571866.204988055,0.0948105457495984,-0.2336250822413242,-0.2466159112906632,3638751.4444914814,0.0912972531998915,-0.2336271906983798,-0.2601188982239196,0.08556567928367446,0.09625418182535174,-0.19853719246435558,-0.25587141599648777,-0.2604837165777948,0.0957212374880689,0.08993702269924371
False,0.85,0.02,0.12,0.06,1369465.8484246093,0.085391928588724,-0.2044567742634467,-0.2429421047111908,1.0,0.2056510040338222,1601391.5329575697,0.0967399674683721,-0.2336274885842816,-0.2737579571511107,1.0,0.4415710807335672,3609811.986300725,0.0908797284529079,-0.2399555613703225,-0.2650461160590386,3.0,0.323444401939714,1555848.5456185895,0.0937623535390522,-0.2336212882496181,-0.247165406880622,3634744.306233697,0.0912437395240541,-0.2338542961916195,-0.2615532120935605,0.08518465831921085,0.09613146635833664,-0.19913222704613343,-0.25776310780699324,-0.25797523763405683,0.09496193009430426,0.08982656507840066
False,0.85,0.02,0.14,0.03,1413691.452853957,0.088860181293722,-0.2085508097566991,-0.2418819230269166,3.0,0.2095494138062181,1640006.5714530402,0.0989820629560371,-0.2820469567892733,-0.3022578002468686,7.0,0.445288854816979,3642726.879861337,0.0913604162085546,-0.2826411285228996,-0.3007102482220769,12.0,0.3270291050218681,1669566.4071604968,0.1010173849222942,-0.273037528410181,-0.3008344799271219,3577248.6676948024,0.0904015805674818,-0.2696886914379952,-0.3007102482220769,0.08644145805591653,0.09532295050868221,-0.20051547851851015,-0.26838827191670417,-0.26998546185662486,0.09533810697805212,0.08987111253607934
False,0.85,0.02,0.14,0.04,1408639.6703497362,0.088473191488131,-0.2083675561205672,-0.2421964166646016,2.0,0.208648424407679,1617963.4632884744,0.0976428468940486,-0.2674263688009282,-0.2993214973783141,5.5,0.439522087376733,3442376.316286008,0.088363104312601,-0.2827827862763485,-0.2984347616391002,8.0,0.3264039162173049,1627218.2564797583,0.0983716044600665,-0.2657840184467894,-0.2993214973783141,3487343.5259054704,0.0890486960098358,-0.2708348398963322,-0.2984347616391002,0.0865035210113035,0.09523618813751342,-0.20001824110165467,-0.2667496921340627,-0.2713093141263971,0.09553708438068571,0.08902248390487749
False,0.85,0.02,0.14,0.06,1404078.8262450965,0.0881229184946597,-0.2092608304581348,-0.2422464589465077,1.0,0.2076510544727539,1635505.823564231,0.0988749842788999,-0.2717538181215763,-0.3040584062013825,3.0,0.4367219631621821,3581341.339048778,0.0904604553324955,-0.2637859832946617,-0.3028226629804106,5.0,0.3224503773861605,1643143.4477531402,0.0993929871325465,-0.2676972943018466,-0.3040584062013825,3506878.0309244646,0.0893488706776576,-0.2605728383053878,-0.3028226629804106,0.08584306583327656,0.09471514936418776,-0.20123553302214703,-0.26873558493580824,-0.2668556058981127,0.09461803073347444,0.08875519784764047
False,0.85,0.02,0.16,0.03,1353828.4820702977,0.0841887907593426,-0.1904670427183353,-0.246479326606088,2.0,0.2070045222805203,1563802.7953526252,0.0942922751910321,-0.2888151425035828,-0.2930999723704136,9.0,0.4514261708006765,3449707.877176968,0.0884600376237111,-0.2869092387355085,-0.2913077773829901,10.5,0.3307594312659369,1637037.2258445048,0.099012700364709,-0.2888151425035828,-0.2930999723704136,3552148.5467633987,0.090029066272169,-0.2869092387355085,-0.2913077773829901,0.08629985282484927,0.09525690047388537,-0.2015866794286128,-0.28276209815124964,-0.2839604253890246,0.09488044243676894,0.08913270989782765
False,0.85,0.02,0.16,0.04,1349079.4253776572,0.0838118981635238,-0.1913886428774736,-0.246479326606088,2.0,0.2055325732457738,1563017.3091020002,0.0942302073377089,-0.2892902161833547,-0.2959077128565202,6.0,0.4510216186944992,3382058.056349125,0.0874234232899947,-0.2905515266407165,-0.2993821375429002,8.0,0.3316005299972819,1648176.5517499638,0.099714301098851,-0.2878209062569495,-0.2940123923021197,3505264.2793607754,0.0893272296872196,-0.2892991624534674,-0.2993821375429002,0.0861763090626777,0.09463931708537604,-0.20062835061277123,-0.28177064779330346,-0.2847915759546511,0.09455919787278053,0.08805064016504456
False,0.85,0.02,0.16,0.06,1335149.2585598829,0.0826937757377415,-0.1901635441139613,-0.246479326606088,1.0,0.2038274663105309,1535003.8823290132,0.0923809256048941,-0.2911000482587208,-0.2962312554739548,3.5,0.4515742894519375,3361857.6546579394,0.0871233076094512,-0.2900234098961756,-0.2962314016965209,4.0,0.3296182667626454,1636106.0656942306,0.0989504859651215,-0.2909884085448491,-0.2962312554739548,3557065.33887109,0.090102009998368,-0.2900234098961756,-0.2962314016965209,0.08566269825511587,0.09446246685431352,-0.2009310566118441,-0.28126014919405523,-0.28055363295668784,0.09421979501909544,0.08751464828957307
False,0.85,0.02,0.2,0.03,1338293.4539956124,0.0829441595680821,-0.2114632016624015,-0.2529769262941846,2.0,0.2046750635563225,1527553.854700006,0.0918778106759639,-0.30653155075293,-0.3092044381186618,6.0,0.4595902086810396,3373598.303558952,0.087291603070346,-0.3069892682308563,-0.3091611220300977,8.0,0.3301165672112297,1526076.420196041,0.0917812334603132,-0.30653155075293,-0.3092044381186618,3344205.4606357384,0.0868370041001732,-0.3069892682308563,-0.3091611220300977,0.08528204396382054,0.09463737398220268,-0.19970867146236326,-0.2903336822313015,-0.2922403396228174,0.09455961551175408,0.08839996571375403
False,0.85,0.02,0.2,0.04,1345158.3254722443,0.0834991255641115,-0.2040152675919255,-0.2529333086241772,1.0,0.2049774703136683,1519863.2507235275,0.0913617936964265,-0.3007235383373904,-0.300734663131078,4.0,0.4554522096632905,3309031.6380871367,0.0862842755261295,-0.3007220773019833,-0.3007345647612121,5.0,0.3299483696243849,1520180.4653059994,0.0913789004234427,-0.3007235383373904,-0.300734663131078,3294563.8474847246,0.0860559895753829,-0.3007220773019833,-0.3007345647612121,0.08514095873902977,0.09433375470121226,-0.19817578257342816,-0.2910129553340574,-0.2921508500142739,0.0944312870940797,0.08751938281294354
False,0.85,0.02,0.2,0.06,1350040.6468152716,0.0838891551680637,-0.2052242890749897,-0.2559060838881251,1.0,0.2069839246106173,1515172.4349488365,0.0910443454873237,-0.3007235383373904,-0.300734663131078,2.0,0.4550769034682885,3320608.678257157,0.0864736403260708,-0.3007220773019833,-0.3007345647612121,3.5,0.3287139406072438,1511181.787813825,0.0907711708891811,-0.3007235383373904,-0.300734663131078,3295347.4673329983,0.0860715674589905,-0.3007220773019833,-0.3007345647612121,0.0846002591940721,0.09333988418794854,-0.20009731757794194,-0.29006613581611534,-0.2906748988717907,0.09400979289492244,0.08665292994488126
False,0.85,0.03,0.06,0.03,1240025.1752669862,0.0747757111815448,-0.193810418295679,-0.2195812437722822,1.0,0.211897337036209,1607628.9318970826,0.0971382533298986,-0.2604726708322368,-0.2674392114189094,2.0,0.4571634989754054,3373042.969872794,0.0872981934945471,-0.2607655252923453,-0.2735534553615817,3.0,0.3385215502368398,1624484.804226082,0.098218254876074,-0.2581742609920269,-0.2667761241479012,3353475.2929431368,0.0869904023484049,-0.2585657621010636,-0.2672486489427591,0.07737528469771059,0.09639961134588697,-0.19314821514009586,-0.25404958446975634,-0.25462241184920925,0.09730271493599864,0.08736914426952687
False,0.85,0.03,0.06,0.04,1255164.4431385486,0.0760720265046559,-0.1914106093859314,-0.2228095942261536,0.0,0.2090867302036931,1625102.2022115248,0.0982562209872366,-0.2626052978871269,-0.2702296700595605,1.0,0.4568547425047133,3450023.3413954508,0.0884891415117817,-0.2592747617141869,-0.2735380343487357,2.0,0.3370054972456824,1633952.6002581045,0.0988182729768591,-0.2532351258147805,-0.2692793051553174,3439683.8846342308,0.0883304945647915,-0.2529581296705422,-0.2701008636821028,0.07756761990182638,0.09584854431286192,-0.19274824698847126,-0.2554164722605492,-0.2570610548366536,0.09721084786572355,0.08706745745931321
False,0.85,0.03,0.06,0.06,1255164.4431385486,0.0760720265046559,-0.1914106093859314,-0.2228095942261536,0.0,0.208123410802607,1589121.963269496,0.0959463168023698,-0.2543189209575616,-0.2656871754464195,0.0,0.4568681814534557,3410595.763691096,0.0878828495064344,-0.2580886958425149,-0.2735090647258586,0.0,0.3374184780848644,1618882.4260886898,0.0978614343396885,-0.2543179538563015,-0.2604925910478567,3414421.525868236,0.0879420166913789,-0.2480625116806521,-0.263442966503061,0.07774381625071565,0.09595456802524031,-0.19274824698847126,-0.24959852350952572,-0.2540848070461346,0.09672805990957441,0.08727807744763223
False,0.85,0.03,0.08,0.03,1298450.926233198,0.0797022705505119,-0.1883386376566043,-0.2445834677074467,0.0,0.2111395319187034,1566308.166004282,0.0944427380140489,-0.2497242562941539,-0.25777210344583,4.0,0.456796251235881,3515045.155529703,0.08947419308758,-0.2480871445072828,-0.2617993509249762,4.0,0.3378156522392206,1598038.0851830188,0.0965187921306087,-0.2453060680851012,-0.2576425461750321,3489979.827541051,0.0890949808498212,-0.2480871445072828,-0.2580029001536873,0.07997287096337193,0.0957450156025408,-0.19236290772853298,-0.2536730494322644,-0.2545823823529336,0.09609843739373887,0.08811807639677571
False,0.85,0.03,0.08,0.04,1298450.926233198,0.0797022705505119,-0.1883386376566043,-0.2445834677074467,0.0,0.2101206515953292,1600529.164256981,0.0966839917879673,-0.253137488505788,-0.2569089580708107,3.0,0.4562358918557406,3363440.1821306907,0.0871488654534694,-0.2514701156164765,-0.263149739435388,3.0,0.3383485248655199,1592560.4612207208,0.0961672665572732,-0.2450567878938929,-0.2569089580708107,3411887.2011880428,0.0879028124247521,-0.2514701156164765,-0.2563406792361466,0.08007702087961745,0.0951593862484806,-0.1919945136875085,-0.254493461078078,-0.2563736659484247,0.0959797876065165,0.08790951746030543
False,0.85,0.03,0.08,0.06,1295704.4223366517,0.0794751850856768,-0.1883386376566043,-0.2445834677074467,0.0,0.2101206515953292,1596199.848218271,0.0964052953392976,-0.2422159918303777,-0.2509174949690366,1.0,0.4533198245708968,3436768.629185682,0.0882849477087492,-0.247312982219101,-0.2601090941517947,1.0,0.3360756432599836,1569926.3861843415,0.0946879796429283,-0.2422117980456603,-0.2535492232533914,3473435.451187143,0.0888460956470171,-0.24310007864574,-0.2589791312725564,0.08046422034746326,0.09532793339180959,-0.19282038017331268,-0.2502993043461277,-0.2550192292190438,0.09564196662731252,0.08802774011431996
False,0.85,0.03,0.1,0.03,1358023.2625988224,0.0845202621108108,-0.1911376080187951,-0.23079083119447,2.0,0.2132105392424099,1587998.1663464173,0.0958684291791847,-0.2336430017112177,-0.2842872956679969,3.0,0.4575298156203534,3478955.4693485526,0.0889298295348361,-0.2377551958236663,-0.271895910923792,6.0,0.3374183596520028,1577568.825731106,0.095181901495286,-0.2330202552126699,-0.2613038026698298,3628818.2209974793,0.0911534687442165,-0.2345609200792854,-0.2450604363986517,0.08387636189323268,0.09416960539093158,-0.1913692355203514,-0.25331961095902167,-0.2541139242868123,0.09445611525282631,0.08854555173102997
False,0.85,0.03,0.1,0.04,1367606.715889439,0.0852794731037908,-0.1894973501596844,-0.2282698800136484,1.0,0.2164759421409417,1586203.54250293,0.0957574543839676,-0.2336783428718157,-0.2751376923830263,2.0,0.4564661800743911,3468568.931274896,0.0887720542495428,-0.2413159233972006,-0.2633537504398847,4.0,0.3395147607921089,1558407.6912030496,0.0939342467841656,-0.2316751805953655,-0.2560997468380177,3537743.089587816,0.0898117845204272,-0.2352105812614294,-0.2486407146950379,0.0841287437711507,0.09394433631424001,-0.19161160539930525,-0.25286609408089705,-0.2551628551776929,0.09494637654104007,0.08833547647340731
False,0.85,0.03,0.1,0.06,1361773.4430475968,0.0848205868362231,-0.1900602382803353,-0.2308385997369643,1.0,0.2118731971317518,1581467.2415744823,0.0954483825235195,-0.2311298647947929,-0.2731874176085783,1.0,0.4543810432508888,3533506.082399503,0.0897503247092047,-0.2466911867802447,-0.2676770949709719,2.5,0.3355453155060333,1554753.1534038438,0.0936766895609515,-0.2336462182309246,-0.2540791697490796,3540516.9153926675,0.0898560805642499,-0.2359682884949321,-0.2577820112390833,0.08419778452390064,0.09416692058563127,-0.19389385358107258,-0.2520904920189697,-0.25575194916803917,0.09422095858908945,0.08816278948703622
False,0.85,0.03,0.12,0.03,1417486.0226563965,0.0891507042229692,-0.1860599814551282,-0.2289631367996214,3.0,0.2144680143133583,1523567.8834030426,0.0916127048130081,-0.2657889943329606,-0.2877292675798121,5.0,0.4575650926625268,3442177.2626167946,0.0883505766051909,-0.2635223156670214,-0.2868168684410791,9.0,0.3430947209810161,1563101.2476352744,0.0942410350947996,-0.2600171152428848,-0.2877292675798121,3497733.8180767624,0.0892113515737238,-0.2613624416984196,-0.2868168684410791,0.08647014543954284,0.09463454085046642,-0.19276498212387863,-0.2612936388772883,-0.26125980211403366,0.0941255204390139,0.08886915042133295
False,0.85,0.03,0.12,0.04,1420615.1716319495,0.0893886143530339,-0.1871345764672205,-0.2336295921245663,2.0,0.2185012582895941,1534469.4366722198,0.0923448216810675,-0.2640974817911336,-0.2914447273773136,3.0,0.4573931890403777,3428966.1651256816,0.0881546503223832,-0.2605759611375704,-0.2913682597496733,6.0,0.3422648302547789,1601315.5108857625,0.0967333046366101,-0.2583247755169882,-0.2914440051273322,3558142.094892268,0.0901185175399059,-0.2572740421824664,-0.2902272737551918,0.08652467939433128,0.09400203458751516,-0.192429941595203,-0.25818054753195696,-0.26129677108981003,0.09444067473355625,0.08843865262736575
False,0.85,0.03,0.12,0.06,1396414.4651333997,0.0875315501171933,-0.1931707798640676,-0.2352911667907121,1.0,0.2138049046645939,1529872.0582946271,0.0920362315030762,-0.2802848987031817,-0.2879243399737264,1.0,0.4558179382499255,3349830.753251966,0.0869352490321537,-0.2664076435813326,-0.2802895918666619,3.0,0.3386822617590833,1539442.063563114,0.0926652790540133,-0.2633315404449109,-0.2802894270988122,3473160.328520227,0.0888406963318116,-0.2640683793474945,-0.2802885564180976,0.086643285381991,0.09440710002080804,-0.19473133305271395,-0.26011539507653486,-0.2595580722935546,0.09378036666570358,0.08843549606507763
False,0.85,0.03,0.14,0.03,1384322.7422172022,0.0865775687228731,-0.1929134326529475,-0.2360565918579703,0.0,0.213589126957863,1615124.5098314574,0.0976212785793019,-0.2733136241620993,-0.2822658073048871,9.5,0.4652156764528521,3450626.526987053,0.0884968391754447,-0.2729809382197105,-0.2826969598876982,9.0,0.3455941025964756,1530635.3056489727,0.0920878039646435,-0.2728404728109715,-0.2811324371006517,3558696.8323367327,0.090116777853607,-0.2711134252246083,-0.2809937611917601,0.08672892167039396,0.09469503987897783,-0.19308752655149963,-0.27127169442472204,-0.26992125955602875,0.09460981613365735,0.08820496842625955
False,0.85,0.03,0.14,0.04,1384322.7422172022,0.0865775687228731,-0.1929134326529475,-0.2360565918579703,0.0,0.2143903680418538,1545019.941322363,0.0930486153116022,-0.2735461170406185,-0.2877421643865181,6.0,0.4652656229661217,3371034.9822698045,0.0872653352770396,-0.2785505936211636,-0.2917496876170051,6.0,0.3442490926814748,1542149.5157900534,0.0928583028116921,-0.2714383761108294,-0.2798312918655566,3526697.714873816,0.0896387623164168,-0.2729666951223394,-0.2788464729865688,0.08659011116101394,0.09421522089397319,-0.19283636160145656,-0.26823364203472644,-0.27048339663354415,0.09489539388186487,0.08745728722267468
False,0.85,0.03,0.14,0.06,1384322.7422172022,0.0865775687228731,-0.1929134326529475,-0.2360565918579703,0.0,0.2136946597397567,1586398.2431917256,0.0957591182785745,-0.2771494296823326,-0.2887690129807714,4.0,0.4643183684097611,3383969.2341113565,0.0874696555004918,-0.2751083437909499,-0.2889970814115632,3.5,0.3420799343919335,1533986.632570366,0.092312543845431,-0.2762732790846678,-0.2835316601876955,3511549.573545935,0.0894183486061205,-0.2751083437909499,-0.2779102717384838,0.08616003189219792,0.09365884409078196,-0.19501679027945093,-0.2698888324178664,-0.2677448021138999,0.09390566227524694,0.08751505742122848
False,0.85,0.03,0.16,0.03,1392324.073936711,0.0872146612998245,-0.191691186269465,-0.2347474911401661,4.0,0.21175400380207,1569022.5789202992,0.0946159849024322,-0.2853973916104705,-0.2875826896260126,7.0,0.4607104067398144,3391962.224359163,0.0875908111541649,-0.2848093964769614,-0.2870347553803349,11.0,0.3399044334889348,1573306.8643626971,0.0949133987725749,-0.2843345335159374,-0.2870846926396623,3500231.594697506,0.0892459811986435,-0.2848093964769614,-0.2870347553803349,0.08643630878081612,0.09501871052842935,-0.19607613135666602,-0.2824182379877087,-0.28105040035949824,0.09455857894153011,0.0874952279436101
False,0.85,0.03,0.16,0.04,1388376.4500861585,0.0869079216992083,-0.1906087288585474,-0.2397598216619226,2.0,0.2141700263106898,1567814.9389254486,0.0945530649119983,-0.2878853609774982,-0.2907853102781104,5.0,0.4638092232314263,3360441.895292335,0.0871017325498513,-0.2877602527942581,-0.2907179694363199,8.0,0.3409310443734693,1537947.2301740833,0.0925775982318057,-0.2871270827849932,-0.2907853102781104,3507645.9944010526,0.0893555388976495,-0.2877602527942581,-0.2907179694363199,0.08617027051457049,0.09425227593600399,-0.1951768467751192,-0.2797931244218589,-0.28138731013286944,0.09415160145764186,0.08681129938651509
False,0.85,0.03,0.16,0.06,1370667.2813462312,0.085515493933986,-0.1981779609786478,-0.2426014787742499,1.0,0.211715730117607,1533724.9491960993,0.0922892012202618,-0.2796883299739326,-0.2796956900793858,2.0,0.4631079895579836,3367445.486441209,0.0872101849987234,-0.2796875029984113,-0.2796954625734262,3.5,0.3382174666402253,1547933.8495310876,0.0932361968461886,-0.2796883299739326,-0.2796956862209915,3396792.5515840147,0.0876625933263431,-0.2796875029984113,-0.2796954625734262,0.08571253854231968,0.09402890730116024,-0.19580663255740358,-0.2801762169269211,-0.27914703145016073,0.09380255238516255,0.08705499650628058
False,0.85,0.03,0.2,0.03,1405777.981269026,0.0882536842517986,-0.191078471681688,-0.2237320257300611,5.0,0.2135752152736955,1623758.072839628,0.0981719362511158,-0.2835501984433309,-0.2969789730823823,14.0,0.4573207179973707,3478637.329631473,0.0889250727264712,-0.2792499895406112,-0.2975555179276593,19.0,0.3379396939323612,1571113.983911738,0.0947727043212193,-0.2831784912534907,-0.2997476241294092,3423077.4141993225,0.0880755284780619,-0.2785919201882109,-0.2952720254576323,0.08581932434317331,0.09424290812651594,-0.1955813854626585,-0.2870055827759567,-0.2852496695334678,0.09394042872540113,0.08689495303132196
False,0.85,0.03,0.2,0.04,1405923.520456425,0.0882636531995796,-0.193363811848289,-0.2293843346024856,4.0,0.2139758157250741,1602322.8098272856,0.0968002218321754,-0.2863307976039468,-0.2984133753544017,10.0,0.4587487407301073,3485719.640488021,0.0890296349296868,-0.278211823654629,-0.3047667053388863,14.5,0.3377400099256149,1570395.1395144884,0.0947256880564145,-0.2837038595300666,-0.2984133753544017,3479432.951195891,0.0889364101988396,-0.2750115451467055,-0.2982838335463089,0.08569408349392589,0.09383297314324153,-0.19509857420178256,-0.28647730201106714,-0.2858488391571014,0.09352852352579984,0.08656253408998736
False,0.85,0.03,0.2,0.06,1394223.3823990703,0.087361897182865,-0.195289056041618,-0.2297256065405159,2.0,0.2111097260392905,1590460.1666150503,0.0960318751319799,-0.2809426536427112,-0.3015544391225732,6.0,0.4606830020542266,3407673.993137608,0.0878353406883899,-0.2834378918252846,-0.3053981475567662,8.0,0.3358394279038033,1561640.1636430556,0.0941488381960333,-0.2778631707421192,-0.3015544391225732,3347436.261453717,0.0868952717026974,-0.2818934376431321,-0.299572220460138,0.08497504134611589,0.09254995069106105,-0.19601453796159363,-0.2846864637317076,-0.285313802697803,0.09302372994404066,0.08651688989534823
False,0.85,0.04,0.06,0.03,1284118.654307281,0.0785125562508779,-0.1890456081828554,-0.2284711180941774,0.0,0.2211516141985336,1544522.330925052,0.0930110195129436,-0.2407745180480461,-0.2584865447246109,3.0,0.4737886045855101,3342900.6047554016,0.0868261895854147,-0.2406451301751699,-0.2656070605607991,2.0,0.351886415364819,1560019.532798775,0.0940432151328682,-0.2458893208672848,-0.2598622725111748,3399057.918466811,0.0877031453770428,-0.2472325260521092,-0.2624524147543895,0.0791497892146317,0.09332337734749341,-0.19217801509662916,-0.24784652355520195,-0.24825162246837804,0.0953300681239728,0.08748539931326288
False,0.85,0.04,0.06,0.04,1284118.654307281,0.0785125562508779,-0.1890456081828554,-0.2284711180941774,0.0,0.2206690534488805,1514271.49933746,0.0909845792026713,-0.2416818530304307,-0.2664385025854017,3.0,0.4741862748353288,3328423.3635834567,0.0865975233723513,-0.2444919529120347,-0.26872890486093,2.0,0.3528513776782267,1553066.9510496529,0.0935832917878697,-0.2484753453443159,-0.2597469205232146,3353987.63472132,0.0870005158546081,-0.2519093363530872,-0.2639083023308388,0.07947386804540948,0.09360217878006219,-0.19157806286919224,-0.24828906084063443,-0.25055966340765484,0.09527506111460655,0.08718394385703815
False,0.85,0.04,0.06,0.06,1284118.654307281,0.0785125562508779,-0.1890456081828554,-0.2284711180941774,0.0,0.2206690534488805,1508573.214977295,0.0905961014529926,-0.2395987553598685,-0.2529846674946261,0.0,0.4712555676636427,3356806.8067332343,0.0870448120048211,-0.2385927948809793,-0.2618490521520203,0.0,0.3502356139142666,1519342.832992236,0.091323564751073,-0.2462148971596829,-0.261163867492149,3345546.251616508,0.0868678544789497,-0.2428543953599256,-0.2568379044210482,0.07941709667920069,0.09350323795746288,-0.19157806286919224,-0.24346343062214842,-0.24869488063822506,0.09422655273120664,0.0872098701553312
False,0.85,0.04,0.08,0.03,1346537.384634351,0.0836086188755922,-0.1975173962513779,-0.2326612052187203,0.0,0.2243076552836379,1480952.0405532122,0.0887014985330825,-0.2404146490463711,-0.2824472969127654,2.0,0.4776015509252526,3312420.630402713,0.0863430210855097,-0.2435086898987142,-0.267368457886083,3.5,0.3551002383517245,1537417.992965879,0.0925400103563403,-0.2439737811904559,-0.2601077942824745,3410733.2267251983,0.0878848380541642,-0.2409141401675895,-0.2574234817623986,0.08153113284764428,0.09314510291184631,-0.19059718815412818,-0.2494907150646224,-0.2496214190906396,0.09461708664299708,0.08776793065596672
False,0.85,0.04,0.08,0.04,1346537.384634351,0.0836086188755922,-0.1975173962513779,-0.2326612052187203,0.0,0.2250489338536428,1477851.8727523256,0.0884839231423735,-0.2357316039391921,-0.2778673509931262,2.0,0.4777256529074369,3322281.432340709,0.0865002450905502,-0.2470018233879214,-0.2720094639679004,1.0,0.3564144987359919,1537395.1532264764,0.0925314131364242,-0.246023206412096,-0.2548610522117032,3376573.4029345578,0.0873471789951491,-0.2425116359293532,-0.2550741242282192,0.08172079396320285,0.09333340195131441,-0.19003606642769633,-0.24979163011501035,-0.2525782301357286,0.09425189069303515,0.0874428474015464
False,0.85,0.04,0.08,0.06,1346537.384634351,0.0836086188755922,-0.1975173962513779,-0.2326612052187203,0.0,0.2250489338536428,1515670.915400024,0.0910652382351915,-0.2377200543407859,-0.2768225771116306,1.0,0.4749191804128325,3267705.8762575425,0.0856268714013201,-0.250785049610305,-0.2733308227816569,1.0,0.3567404066220659,1544788.0768023375,0.0930332321911368,-0.2413736382330938,-0.2647619321996533,3383090.9050805387,0.087455955995139,-0.2425311534343297,-0.25613398072935,0.08185568968407173,0.09341149466650023,-0.19008945139971958,-0.24614979695651593,-0.2522309188532827,0.09337702335895386,0.08766077992470968
False,0.85,0.04,0.1,0.03,1403376.1673388206,0.0880673781165281,-0.1837334605194573,-0.2251078569373449,2.0,0.2199875089523196,1495590.506293794,0.0897086789019196,-0.2719151944557087,-0.2827608653088158,5.0,0.4838227219373109,3401137.9057801957,0.0877361571479127,-0.2669668288466591,-0.2850581195707025,7.5,0.3550776389715526,1517613.3487691432,0.0912003458668053,-0.271915175426659,-0.2721786874250777,3381170.3523750445,0.0874257086065151,-0.2694529395899492,-0.2720306665112547,0.08534659317519466,0.09174907438004994,-0.18944585372870282,-0.2543971492600479,-0.25395391491035485,0.0935022968255003,0.08764648937087798
False,0.85,0.04,0.1,0.04,1391488.5119168044,0.0871498184937884,-0.1844067969297244,-0.2276110726064377,2.0,0.2237406195564085,1497629.9285534038,0.0898342422036702,-0.2719151944557087,-0.2737521601689739,2.5,0.4815473009691534,3363528.436083656,0.087149254731583,-0.2719148037865514,-0.2773070838470747,5.0,0.3552578510590167,1506869.8894571136,0.0904768529156191,-0.265469834590302,-0.2719182707816411,3391122.898160724,0.0875809048324179,-0.2713018107535315,-0.2719185638457071,0.08545286678027697,0.09199971751970436,-0.18946379932257762,-0.25454057418435033,-0.2566017802383682,0.09358650550293417,0.08719782564013358
False,0.85,0.04,0.1,0.06,1410876.4337669024,0.0886451645514044,-0.1841642186412133,-0.2293288636722049,1.0,0.2213537769595162,1514617.0171386627,0.0910076336456303,-0.2719151944557087,-0.2877170042592894,2.0,0.4815493612809981,3377893.4022918465,0.0873748742177286,-0.2719148037865513,-0.2908168500902557,3.0,0.3559610663131627,1495201.2935118726,0.089679239667945,-0.268960099150424,-0.271918563845707,3340467.6144199893,0.0867876131157668,-0.261922185080925,-0.272815689390045,0.08527825179517241,0.09227767142060318,-0.19052321819407544,-0.2536370674193598,-0.2569444040181093,0.09247469258744273,0.08718365477371189
False,0.85,0.04,0.12,0.03,1390107.6049361324,0.0870303251747557,-0.1898880384708542,-0.2295469473755948,0.0,0.2221625439851682,1502158.5977742807,0.0901603968390558,-0.2648967997198756,-0.2760320484431106,3.0,0.4772801383003778,3231695.874157336,0.0850451587642384,-0.2638833147187852,-0.2821553682258901,5.0,0.35406659725446,1519408.143879744,0.0913316960091619,-0.2626214653852626,-0.2649050676013325,3410847.980904094,0.087883765616374,-0.2637453784248714,-0.2651864325857313,0.0871532202166078,0.09301318212898328,-0.18891085802359645,-0.2623212797773546,-0.2612403520946517,0.09305370527752048,0.0874647731913638
False,0.85,0.04,0.12,0.04,1397222.1997019644,0.0875884053049446,-0.1898880384708542,-0.2295469473755948,0.0,0.2234577597643001,1483708.6383118453,0.08889387191918,-0.2686833335424636,-0.2741714810889075,3.0,0.4802564592338323,3257454.942783958,0.0854618839932729,-0.267332054104489,-0.2786172449010315,4.0,0.3547363678866825,1524549.8888851986,0.0916759489875128,-0.2671429351146769,-0.2688935594030192,3429840.331105668,0.088178870623759,-0.2670425123726814,-0.2687073107198807,0.08705017557250094,0.09241003130973723,-0.1880932302787156,-0.2617037152650868,-0.2626247854004466,0.09344033680463647,0.08718353815381545
False,0.85,0.04,0.12,0.06,1397222.1997019644,0.0875884053049446,-0.1898880384708542,-0.2295469473755948,0.0,0.2226201338047135,1466557.779730284,0.087703247276904,-0.2585564003913119,-0.2780139034381302,1.0,0.4778211634115361,3236912.8987684306,0.085129661573115,-0.2585547581311213,-0.27939221324761,1.0,0.3525922164402403,1516060.485244561,0.0911057354076815,-0.2585558524310992,-0.2627038750591243,3350309.87605872,0.0869419648144601,-0.2585537821671537,-0.2659471918431336,0.08700423118654789,0.09304682870571764,-0.18903248500756767,-0.2639332850292438,-0.2633704793082028,0.09230242472671063,0.08718721389735705
False,0.85,0.04,0.14,0.03,1396993.3425678262,0.08757308295171,-0.1897326270243965,-0.2325939486421274,3.0,0.222072889855318,1546180.780503952,0.0931076044614296,-0.2643700642822652,-0.2781671869154167,10.0,0.4762607884297448,3306369.307179333,0.0862300779205599,-0.2623335192920677,-0.2849782922178591,12.5,0.3567623045100112,1563764.418740124,0.0942794492344265,-0.2613247975646979,-0.272007280537046,3510243.9948415165,0.0893979659487816,-0.2622065474769987,-0.2726032755452433,0.08732933447911821,0.09367694551765189,-0.19056780257496694,-0.2713527963320606,-0.2695451560368631,0.09305926535296195,0.08708879980664706
False,0.85,0.04,0.14,0.04,1380805.0348399424,0.0863171734565749,-0.1847191869918627,-0.2337007093398397,1.0,0.219616873787159,1568294.347519642,0.0945811823589359,-0.2583018218887806,-0.2784271242228296,7.0,0.47460700755051,3309853.438213382,0.0862980503490711,-0.2560593763557043,-0.2817337273775984,8.0,0.3524515134544167,1574041.5870331416,0.0949633646922191,-0.2570259370428239,-0.2712431106907365,3550250.237080267,0.0900011890507285,-0.260499498246227,-0.2728106679467698,0.08698936967994082,0.09298336184172545,-0.1897309188364071,-0.2706264507906622,-0.26994045883128664,0.09352701560471134,0.08661752006607032
False,0.85,0.04,0.14,0.06,1387911.9001103253,0.0868621115866489,-0.1839982021359881,-0.2376837020338117,1.0,0.221993701995045,1595289.4058941137,0.0963263590066014,-0.2645639221481348,-0.278943849946008,4.0,0.4770511696628388,3320214.644171696,0.0864635183514485,-0.261546139779017,-0.2816248388534635,5.0,0.3545457430548981,1565143.3247965723,0.0943750608242415,-0.2598651481780818,-0.2769109926477677,3491373.467982376,0.0890980438728779,-0.2641935932912496,-0.2767621817507632,0.08653861070144268,0.09248895324414524,-0.19187832727991924,-0.2720863561327031,-0.26932304407732316,0.09217418897341707,0.08652867089936694
False,0.85,0.04,0.16,0.03,1382273.842699472,0.0864296645025767,-0.1931215495770102,-0.2343316311905874,1.0,0.22271048904802,1573801.4242271436,0.0949437035106838,-0.2743499038846925,-0.2848170798515888,9.0,0.4772793005064703,3342477.678823818,0.0868193352202836,-0.2697414518466324,-0.2906813772141258,9.0,0.35442242594255,1521970.767655694,0.0915022090421654,-0.2666738645856593,-0.2788443511965617,3445820.4450059584,0.088424865325643,-0.2641194904246975,-0.2793599167718242,0.08698894123436639,0.09500270765547185,-0.19236735467875968,-0.277395081973932,-0.27548566129103663,0.09320264862107576,0.08672416576497988
False,0.85,0.04,0.16,0.04,1366016.4526977134,0.0851565345430102,-0.1931215495770102,-0.2343316311905874,0.0,0.2226867586536907,1566792.6958157383,0.0944786148675689,-0.271244589503479,-0.2994895287099187,5.5,0.473652537580989,3255021.723551349,0.0854234679048038,-0.2693645149745343,-0.2922154261288291,5.5,0.3531820293943136,1534603.7896926105,0.0923535742684282,-0.2629313456864317,-0.278543568572195,3427615.3674774817,0.0881451673926596,-0.26641045353775,-0.27732430306392,0.08662470323589468,0.09417260591597533,-0.19213669239768438,-0.2767829994125095,-0.2764049001627961,0.09298326785606942,0.08653848189165177
False,0.85,0.04,0.16,0.06,1366016.4526977134,0.0851565345430102,-0.1931215495770102,-0.2343316311905874,0.0,0.2226867586536907,1511883.006602205,0.0908195621794536,-0.2722751558973249,-0.2937465699285244,2.5,0.4711464432715765,3288602.6456071446,0.0859637559402693,-0.2746338761831069,-0.2962041796453832,2.5,0.3524549462383839,1490355.2752133436,0.0893503178629465,-0.2587432300696491,-0.2767337224244214,3414718.6591101163,0.087946493866725,-0.2644494506783424,-0.2754731502825452,0.08611783291340203,0.09399331838988739,-0.19293517156159104,-0.2763347579374336,-0.2762986354264377,0.09251805457993563,0.08657292754808461
False,0.85,0.04,0.2,0.03,1375319.8728202377,0.0858849856774154,-0.1956668608670509,-0.227235695453306,2.0,0.2204178549700922,1522723.2829671174,0.0915557382278678,-0.2833893094607337,-0.3040445497609251,9.0,0.4727701822367006,3066155.311688758,0.0822828583929549,-0.2837986723702367,-0.2908868858386414,11.0,0.3579183800074726,1524427.5657502608,0.091660326391425,-0.2833890562801658,-0.2908868858386415,3323388.1933009382,0.0865176106258158,-0.2833780579818564,-0.2908864864266337,0.0869457489329038,0.09482184072302491,-0.19288951709880353,-0.2816717008498069,-0.2793998775586104,0.09321215963184615,0.08640451937346866
False,0.85,0.04,0.2,0.04,1383507.8442798783,0.086525367794122,-0.1980934444574495,-0.2284410338387474,2.0,0.2219523701314163,1522994.3122618576,0.0915739362135712,-0.2833893094607337,-0.2933022170213981,7.0,0.4697368488144625,3174967.30726425,0.084112670339458,-0.2884828395764874,-0.2933122079899806,8.5,0.3545679757684215,1505978.7720348686,0.0904210790758569,-0.2833890562801658,-0.2908868927188933,3291402.294520197,0.086008588661694,-0.2833780579818563,-0.2908864864266338,0.08671336930898002,0.09435145945632845,-0.19379688368532402,-0.28221251438641437,-0.2809548577499772,0.09251948490812632,0.08641687643094999
False,0.85,0.04,0.2,0.06,1367001.8464058042,0.0852333915110289,-0.1941108279833347,-0.2279499843828754,1.0,0.2214426858268227,1540374.50944677,0.0927337945224532,-0.2833890562801658,-0.3092853863200437,4.0,0.4686344175263647,3198190.7488271585,0.0844951098091848,-0.2833780579818564,-0.2908864864266337,5.0,0.3578215389038451,1524661.0361072512,0.0916853699047729,-0.2833890562801658,-0.2908868927188933,3270750.874244224,0.0856769500971126,-0.2833780579818564,-0.2908864864266337,0.08581682929272252,0.09296860826353712,-0.19517484864515267,-0.2790737989485336,-0.28028433224716476,0.09210518070248531,0.08637609785914184
False,0.9,0.01,0.06,0.03,1198247.307125675,0.071123044247909,-0.1918993685600456,-0.2088313427358398,0.0,0.1922479425761096,1784716.0649125422,0.1079788723243335,-0.2985582689522923,-0.3079725080122139,9.5,0.4339671232355463,3514204.6311676,0.0894600896505324,-0.293080409663595,-0.3040953647943072,10.5,0.3180492808230196,1751099.8358677805,0.1059983468493981,-0.2985582689522923,-0.3079725080122139,3520505.422340771,0.0895567694423611,-0.293080409663595,-0.3040953647943072,0.07580149721636428,0.10677270028835714,-0.19640494518992282,-0.29073073465513083,-0.2892208479868889,0.10569102184541539,0.0915998080756949
False,0.9,0.01,0.06,0.04,1198247.307125675,0.071123044247909,-0.1918993685600456,-0.2088313427358398,0.0,0.1911489299429094,1746087.7848908268,0.1057007906680492,-0.3031601976983715,-0.311780483303306,7.0,0.4292348093101245,3452376.226770659,0.0885242836135487,-0.2946330184785732,-0.3094918867739215,7.0,0.3175104406067899,1725171.8684617097,0.1044480492148571,-0.3031601976983715,-0.311780483303306,3492143.823573124,0.0891287720691538,-0.2946330184785732,-0.3094918867739215,0.07609629308626595,0.10647061043359503,-0.19064505295310494,-0.29195673627790825,-0.28849977523630854,0.10559974739345468,0.09052564395816202
False,0.9,0.01,0.06,0.06,1198247.307125675,0.071123044247909,-0.1918993685600456,-0.2088313427358398,0.0,0.1911489299429094,1794551.9905794384,0.1085517713938681,-0.2844451770735428,-0.3050355333687224,3.0,0.426823107102896,3508587.6779255094,0.0893776471930005,-0.2879451689826718,-0.296887067045503,3.0,0.317143252656723,1781211.257442273,0.1077737315504958,-0.2844451770735428,-0.3050355333687224,3510771.943995283,0.0894105066827855,-0.2879451689826718,-0.296887067045503,0.0761058850519627,0.10669238702914582,-0.18955209770375098,-0.28643173864364563,-0.2844442881524305,0.10682880341222575,0.09117732511380536
False,0.9,0.01,0.08,0.03,1265149.2695423828,0.0769193381773173,-0.1832055114684651,-0.236973848704717,1.0,0.2025226105352585,1768223.5331505742,0.1070118113222819,-0.2842087378801549,-0.30986334121271,6.0,0.4383328171490742,3733477.509061796,0.0926632550329255,-0.2891624079732708,-0.3159264493148008,6.0,0.3242894608512643,1776251.502407672,0.107482952760961,-0.2842087378801549,-0.30986334121271,3773778.522153607,0.0932321235101312,-0.2891624079732708,-0.3159264493148008,0.07726180657618596,0.10637160000110284,-0.19615305911122805,-0.2857376695461264,-0.28440162805025054,0.10506349823341454,0.0928082674046039
False,0.9,0.01,0.08,0.04,1272830.0925085263,0.0775670118635287,-0.1832055114684651,-0.236973848704717,0.0,0.2007033818831107,1788168.224428664,0.108179088132851,-0.282421684206869,-0.3045746713415752,2.0,0.4341887842843542,3685010.415428048,0.0919713710846369,-0.2786410987000792,-0.3205293400872438,2.0,0.3228353499080013,1788465.660552537,0.108197644564999,-0.2820438993941839,-0.3045746713415752,3773932.415197266,0.093234291747822,-0.2786410987000792,-0.3205293400872438,0.07754608766465208,0.10610186733993655,-0.19193676549156183,-0.28669312344500014,-0.2851038998829593,0.10518072210749384,0.09168660677280921
False,0.9,0.01,0.08,0.06,1272830.0925085263,0.0775670118635287,-0.1832055114684651,-0.236973848704717,0.0,0.2004901220217411,1796725.2933765952,0.1086764075317922,-0.2896605887346535,-0.3101879940994801,2.5,0.4353453058463935,3708827.0955397175,0.0923124734884563,-0.2961724067881678,-0.3136423110027302,2.0,0.3227637808597914,1793235.277484601,0.1084713612832877,-0.2896605887346535,-0.3101879940994801,3713609.2176040034,0.0923801451376595,-0.2961724067881678,-0.3136423110027302,0.07781514921268222,0.1062896026122749,-0.1912081286586592,-0.2841833260760955,-0.28252137440753844,0.10610578054991132,0.09250539084164351
False,0.9,0.01,0.1,0.03,1301461.9479495496,0.0799481906322303,-0.1895349405928344,-0.2659947727636939,1.0,0.2082489486253984,1747643.612046406,0.1057925978886455,-0.285664988756551,-0.2946979093642533,7.0,0.4363835467568857,3926055.145247424,0.0953304402542699,-0.2829441965064331,-0.2996747772072216,8.0,0.3284783318257348,1765124.4959004745,0.1068291656392411,-0.2852236253464754,-0.2946979093642533,3866882.54700005,0.0945231811432787,-0.2829441965064331,-0.2996747772072216,0.08232191228519836,0.10426660916129632,-0.2013709735845005,-0.2750760806726705,-0.27432218076577336,0.10353996380982931,0.09440943619243826
False,0.9,0.01,0.1,0.04,1306037.5815395322,0.0803266387772477,-0.1872767478221085,-0.2659947727636939,0.0,0.2070000875508027,1770277.78908934,0.107122333411543,-0.2873301936085218,-0.3003672365182366,4.0,0.4372960415524275,3812059.885289748,0.0937658835509013,-0.2868137607077124,-0.3085365678865743,5.0,0.32559094977689,1770427.3437224568,0.1071392401037649,-0.2873301936085218,-0.3003672365182366,3839315.503273759,0.0941449116949418,-0.2868137607077124,-0.3085365678865743,0.08261667166200418,0.10548085678656816,-0.19819822020921177,-0.27476603038053,-0.2747589139549052,0.1038708550819632,0.09342368570173233
False,0.9,0.01,0.1,0.06,1312984.6287507217,0.0808966670409135,-0.1872767478221085,-0.2659947727636939,0.0,0.2040588006641725,1789263.8459495106,0.1082326796356027,-0.2855534412491368,-0.2984749876360905,2.0,0.4306822225139867,3776717.268628569,0.0932733826001972,-0.2841265085063434,-0.3171306925115512,3.0,0.3259526265750598,1780784.8166276563,0.107749153415308,-0.2855534412491368,-0.2984749876360905,3762256.148010845,0.0930695818170739,-0.2841265085063434,-0.3171306925115512,0.08275001789906872,0.10427504299658848,-0.2006086474541432,-0.2784788828489027,-0.27716856665638984,0.1041915456831793,0.09394948516167702
False,0.9,0.01,0.12,0.03,1382192.4934020585,0.08642590560329,-0.2187111712783144,-0.2670195414256797,3.0,0.2066113459066733,1668015.6506731885,0.1009495006576906,-0.2796325553692572,-0.2877869045682096,9.0,0.4383940773702111,3868529.531282138,0.0945464646890091,-0.2790931346945006,-0.2916581776448587,11.5,0.3245462536737197,1645135.166834319,0.0995170144356395,-0.277622452128116,-0.2819114541013398,3894778.771092245,0.0948882094109287,-0.2790931346945006,-0.2911073428446172,0.08528801431509615,0.10159195942551723,-0.2063138948869249,-0.27179494094052864,-0.27101008616241645,0.10063464659739624,0.09480050710004619
False,0.9,0.01,0.12,0.04,1395534.3044638468,0.087463351921856,-0.2212155936473285,-0.2698650587406387,3.0,0.20660577691511,1691753.488284246,0.1024131788802191,-0.2765671981760237,-0.2808851389137074,5.0,0.4399812718102432,3928851.1046687663,0.0953607580038691,-0.2779306046641835,-0.2957145385525024,8.0,0.3223536147783237,1641535.6471979,0.0992959063654219,-0.2741369540410203,-0.2802879034697643,3974336.018986251,0.0959795578581396,-0.2780325055054485,-0.2934793308309083,0.08584894571819753,0.10225180046878302,-0.20836691683840444,-0.27356384991777694,-0.2726699544027728,0.10052047194789691,0.09439723432508823
False,0.9,0.01,0.12,0.06,1380023.0235572946,0.0862562277967886,-0.2186403523736445,-0.2662007081488886,1.0,0.206743617975601,1668839.989166797,0.1010034813328599,-0.2794873423786012,-0.2833251654757605,3.0,0.4391327302677952,3873082.211544623,0.0946094158548893,-0.2796130371856399,-0.3051659993013451,4.0,0.32404397505339,1661166.285738804,0.1005273988548122,-0.2788642894544153,-0.2829310713080206,3861380.752418601,0.0944486692746588,-0.2796130371856399,-0.3028740039534842,0.08633681817759183,0.1016389292245643,-0.2063865031475116,-0.273877289969392,-0.2743007666663954,0.10116417615382706,0.09466346239775754
False,0.9,0.01,0.14,0.03,1420278.4729245715,0.0893471726232548,-0.2117477210988616,-0.2528031723679234,4.5,0.2066539758441836,1655465.578299145,0.100167922569525,-0.2591014560550544,-0.272661494108357,11.0,0.4429109098698556,3822367.58390556,0.0939092055910115,-0.2586212502459548,-0.2845071872522944,13.0,0.3297989954797754,1595590.0827220136,0.0963433149592236,-0.2582530538555608,-0.2695199484789337,3782144.45136474,0.093349443067541,-0.2584912101820815,-0.2813604919355264,0.08904295950349823,0.09960242071935371,-0.21724953250096088,-0.28046659610061675,-0.27921445313556037,0.09860845517285628,0.09477637290102331
False,0.9,0.01,0.14,0.04,1442986.2692616354,0.0910807328419713,-0.2178370446737093,-0.2587583826071626,3.0,0.207373608853361,1612396.6237919144,0.0974417916222865,-0.2627048850530134,-0.2947035679266787,8.0,0.441239450420381,3851884.249656933,0.0943156255869286,-0.2617192161576758,-0.2866487721987534,9.0,0.3242848917677162,1557957.280692753,0.0939051689970003,-0.2626767812992398,-0.2712983335213092,3771673.17361377,0.0931978716070018,-0.2617192161576758,-0.2773291411529139,0.08984734111932917,0.10044963309937964,-0.21924296407087587,-0.27967485772410833,-0.27938768105904893,0.09887344944937798,0.09474859670169815
False,0.9,0.01,0.14,0.06,1434844.4049998876,0.0904681782761523,-0.2155565694674664,-0.2590958376187952,1.5,0.2047348675593821,1604859.8163504195,0.0969634297575688,-0.2615996830533981,-0.267243912975848,3.0,0.4398886473249893,3865548.380973219,0.0944902799241431,-0.2610207949022576,-0.2776646997874832,5.0,0.3214949139211844,1587067.858483809,0.0958096922210247,-0.260423321110197,-0.2669370723241382,3779929.873325429,0.0933176947023802,-0.2610207949022576,-0.2776646997874832,0.0900313277792056,0.09968808519180043,-0.21574928461326812,-0.2806842571185916,-0.2832982315632699,0.09903014315595703,0.09423093683177321
False,0.9,0.01,0.16,0.03,1509967.30494771,0.096010108501273,-0.2296951776367395,-0.283481195251603,0.0,0.2130026415359924,1620298.0715647184,0.0979517448350613,-0.3076701516451617,-0.329742295534128,9.0,0.4521361428082578,4208772.279566959,0.0989147737665099,-0.3113912253933205,-0.3281369694579005,10.0,0.3340224135006058,1585740.3690211968,0.095717756626981,-0.3016124116760861,-0.329742295534128,4143109.700835945,0.0981231479709561,-0.3113912253933205,-0.3279068859499877,0.09015291420571388,0.09868433397481047,-0.22204619876531517,-0.29822973511748596,-0.29729288194217995,0.09816781055933145,0.09505707470191005
False,0.9,0.01,0.16,0.04,1509967.30494771,0.096010108501273,-0.2296951776367395,-0.283481195251603,0.0,0.2131122228812623,1631972.047695899,0.0986890148026192,-0.2979052921675941,-0.3313319421114891,6.5,0.446447461156213,4094922.5635003215,0.0974774654419406,-0.311432699554017,-0.3320159791511961,7.0,0.3339120038088085,1627345.8804117397,0.0983822747626339,-0.2979052921675941,-0.3313319421114891,4056843.343005265,0.0970054478293932,-0.311432699554017,-0.3320159791511961,0.09083902048875282,0.09826728589633323,-0.2219249560673241,-0.2967560369046276,-0.296546345628637,0.09807892777690053,0.09532049486232376
False,0.9,0.01,0.16,0.06,1509967.30494771,0.096010108501273,-0.2296951776367395,-0.283481195251603,0.0,0.2115892258090916,1608928.4769077357,0.0972241521997743,-0.2957119574681025,-0.3313338505704008,4.0,0.4455212768771217,4037174.999980229,0.0967341237074562,-0.3135249416754427,-0.3319890187612965,4.0,0.3298037008897326,1569409.8545785877,0.0946338086961288,-0.2957119574681025,-0.3313338505704008,3997966.179160335,0.0962185655614453,-0.3135249416754427,-0.3319890187612965,0.09053798789931063,0.0982717589904818,-0.21975537652335478,-0.29829699642658014,-0.29957116763383673,0.09785325896824322,0.09479427184122402
False,0.9,0.01,0.2,0.03,1448828.0788103251,0.0915173264940873,-0.2398561070457938,-0.2866083533417529,0.0,0.2157851662275601,1572886.1307829954,0.0948841990331273,-0.3254586452028897,-0.331529851811512,11.5,0.4614918900386116,4141569.492218236,0.0981705636208536,-0.3234613214304714,-0.3316668654531336,12.5,0.336847578878412,1622202.6353125337,0.0980677633655815,-0.3254586452028897,-0.331529851811512,4186626.03228597,0.0987469172279741,-0.3234613214304714,-0.3316668654531336,0.09116209357834842,0.09841729169258157,-0.22905780070580004,-0.31062118036922665,-0.3094021201464515,0.09835931079232288,0.09525880619235397
False,0.9,0.01,0.2,0.04,1448828.0788103251,0.0915173264940873,-0.2398561070457938,-0.2866083533417529,0.0,0.2157784859351409,1577341.0603581718,0.0951773187084303,-0.3207354826479301,-0.3297761571918164,8.0,0.4597763637765206,4094107.6357243336,0.0975581152213326,-0.3216227342137031,-0.3303299137682945,8.5,0.3356906169915712,1629787.5776661234,0.0985395779323747,-0.3207354826479301,-0.3297453405917734,4111582.5014955592,0.0977841990268545,-0.3216227342137031,-0.3303299137682945,0.09174627121744797,0.09826488589848428,-0.22735360576510144,-0.30613330930979593,-0.3084734745782888,0.09868818858138484,0.09550847479364452
False,0.9,0.01,0.2,0.06,1448828.0788103251,0.0915173264940873,-0.2398561070457938,-0.2866083533417529,0.0,0.2167137052549839,1561709.759118218,0.0941441665945488,-0.3228584772215973,-0.3323670358140537,5.0,0.4558801906209361,4157803.21003352,0.0983793793747733,-0.322088553361263,-0.3356798803523102,6.0,0.3365798988733768,1620067.0873354352,0.0978966736136636,-0.3228584772215973,-0.3323670358140537,4139616.758343225,0.0981464028431666,-0.322088553361263,-0.3356798803523102,0.0911917775446271,0.09812235616203502,-0.22466935525070827,-0.31072357129512607,-0.31289594685413014,0.09786209384279795,0.09499756077354357
False,0.9,0.02,0.06,0.03,1226581.6093299815,0.0736104458760452,-0.2073319502455009,-0.2417189765831398,2.0,0.2083357104629765,1728182.9642623684,0.1046271933358841,-0.2977841420473706,-0.3082205524174106,2.0,0.4560939466445894,3548714.053979432,0.0899783446558504,-0.2977816035965457,-0.3082179290049892,3.0,0.337608049489014,1713895.6582479398,0.1037642170709677,-0.2977841420473706,-0.3082205524174106,3466446.5097210943,0.0887396026296301,-0.2977816035965457,-0.3082179290049892,0.07719102380588636,0.10482563055671333,-0.19859499058762417,-0.28532762927190697,-0.28516865311659184,0.1043733012843444,0.09181003158337359
False,0.9,0.02,0.06,0.04,1238063.846513779,0.07460673437159,-0.2095577096839915,-0.2423580909674929,1.5,0.2080145439856856,1722112.5993789234,0.1042631413755578,-0.3014506804481611,-0.3118870759758807,2.0,0.4578173782436254,3518755.462353821,0.0895305139598703,-0.3014481496951998,-0.3118844514903005,3.0,0.339372592413073,1719860.716290851,0.1041278292187,-0.3014506804481611,-0.3118870759758807,3459971.579242552,0.0886410501694792,-0.3014481496951998,-0.3118844514903005,0.07739199415217633,0.1048033493313999,-0.19428877292725288,-0.2859780989835731,-0.28491064896398566,0.10434433758878293,0.09102468623887561
False,0.9,0.02,0.06,0.06,1258557.3986393143,0.076360480413725,-0.181121318277873,-0.2322704824375155,0.0,0.204647778794666,1738702.2420649098,0.1052599647958195,-0.2867845268449988,-0.2972209817420004,0.0,0.456448666010615,3607048.47312778,0.0908401287255343,-0.286781965300584,-0.2972183615490552,0.0,0.3337944714627257,1746176.7250579284,0.1057060864840262,-0.2867845268449988,-0.2972209817420004,3609947.014901733,0.0908826246226617,-0.286781965300584,-0.2972183615490552,0.0773951247759548,0.10444691952990932,-0.19419818583441792,-0.28182078700402385,-0.2812129181097763,0.10485628470158735,0.09140499672638343
False,0.9,0.02,0.08,0.03,1321034.0447991735,0.0815531605641856,-0.2031829504856797,-0.2510586360509094,3.0,0.2098893776096008,1776090.9194373137,0.1074729241709291,-0.2823717897407055,-0.300689235843477,4.0,0.461571533750772,3850397.653447881,0.0942975429634713,-0.2768589707141441,-0.3020808543619232,8.0,0.3414760338969003,1743091.1186740529,0.1055185707003347,-0.2813076293267422,-0.300689235843477,3813766.056611757,0.0937908311749795,-0.2768589707141441,-0.3020808543619232,0.07874564498918893,0.10424511523063264,-0.19876803024974285,-0.27929694225117596,-0.2793145914192388,0.10358346483422448,0.09269210146459786
False,0.9,0.02,0.08,0.04,1315333.7525047765,0.0810883818620361,-0.1779176220999176,-0.2494363022410842,1.0,0.2093107090645334,1780618.246068247,0.1077394215579221,-0.2807943827582313,-0.3002332220669054,3.0,0.4526986976355236,3692326.2624434056,0.0920764071745922,-0.279276834071382,-0.3009375217781801,4.5,0.3422580926932637,1744826.7597875353,0.1056254665752626,-0.2807943827582313,-0.3002332220669054,3725886.600400817,0.092551079258937,-0.279276834071382,-0.3009375217781801,0.07893812555907004,0.10477314649064225,-0.19564630816830358,-0.2795828692738937,-0.27934837124138573,0.10391964555498609,0.09197447352992702
False,0.9,0.02,0.08,0.06,1294469.5177664626,0.0793730036826881,-0.2019821925086202,-0.2534303097221733,1.0,0.2102892178044194,1722407.9733791377,0.1042814043951035,-0.2848366619213874,-0.292699792490523,0.0,0.457256678370634,3699834.345736616,0.0921790510482303,-0.2668776115382983,-0.295073651147817,2.0,0.3419740136575837,1740452.4373348088,0.1053640343310933,-0.2848366619213874,-0.292699792490523,3747017.175648692,0.0928550253401812,-0.2668776115382983,-0.295073651147817,0.0791153239110772,0.10422529459134999,-0.19558591677308024,-0.2780030385571917,-0.2780269400204124,0.1042048453055463,0.09244422417816031
False,0.9,0.02,0.1,0.03,1307125.3204093412,0.0804166599594284,-0.2017636333148426,-0.2668231476005519,1.0,0.2133271004287741,1740164.290581572,0.1053462009645428,-0.2658380898996841,-0.2767889475502409,7.0,0.4624236503771036,3910647.286783908,0.0951199318705739,-0.2665821798475143,-0.290546551125286,7.0,0.3432351306182032,1665352.9887796575,0.1007877363795847,-0.2639030029528104,-0.2754417372521054,3945366.8875681777,0.0955909129466183,-0.2661963261922551,-0.2814858809391526,0.08331839345210623,0.1027917667368084,-0.20197034535980987,-0.2721708452839074,-0.2728108364654844,0.1021140129148419,0.09422947221052932
False,0.9,0.02,0.1,0.04,1308930.0602660216,0.080564714865601,-0.2017636333148426,-0.2668231476005519,1.0,0.2148035668663633,1711440.2150665135,0.1036064288936963,-0.2650016019498463,-0.2808514609437867,5.0,0.4635993897965867,3847109.901777828,0.0942511812533059,-0.2698105376448093,-0.2816874491663416,6.0,0.3431247126863078,1677740.4317150677,0.1015461029673794,-0.2642916402184808,-0.2779192938937945,3963735.425756226,0.0958377272506947,-0.2692576068013344,-0.2801867669836184,0.0834710055198128,0.10424572691681024,-0.19954431677462223,-0.272217656511347,-0.27323263735384073,0.10237819443051922,0.09357682642308605
False,0.9,0.02,0.1,0.06,1321253.428268578,0.081570688027329,-0.2017636333148426,-0.2668231476005519,0.0,0.2137922409412815,1696965.406503979,0.1027353879214634,-0.2738195606328537,-0.2794909742092808,3.0,0.4597371595182898,4055195.262800229,0.0970496619944425,-0.2732245853291652,-0.2844538878072783,3.0,0.3390718815802735,1678114.5121128648,0.1015703162352569,-0.2738195606328537,-0.2794909742092808,4001267.723914466,0.0963376276380838,-0.2716500147111929,-0.2849154145263572,0.08354964064176287,0.10277637682980537,-0.20157663476462162,-0.274557129681692,-0.2760361835442359,0.10274806755110998,0.09360694656861913
False,0.9,0.02,0.12,0.03,1411191.316459822,0.0886682187747386,-0.211827634366867,-0.2444573910551631,3.0,0.2143097209859444,1637279.4261830936,0.099026619963688,-0.2527403223896701,-0.2787943563409799,8.0,0.4608717107061619,3865899.158322004,0.0944989823443799,-0.2512921948587771,-0.2714978058477121,11.0,0.3393112594081955,1670452.1028379337,0.1011043429432149,-0.2524419880728778,-0.263343563490289,3906121.808312538,0.0950600542039132,-0.2512921948587771,-0.2588475567197931,0.08619744325130549,0.10093757127563922,-0.20537802833871227,-0.2731342698485444,-0.27179657652630435,0.09984747384419647,0.09420654826575611
False,0.9,0.02,0.12,0.04,1411460.5837584534,0.0886899306817555,-0.2178102129026083,-0.24871421931241,2.0,0.2144248193070232,1714871.962660015,0.1038246898431775,-0.2564811215836879,-0.2657319508251891,5.0,0.4546928562880228,3765741.008680197,0.0931165131430886,-0.2560806479412648,-0.2946598214617843,8.0,0.341271432625201,1675572.1937520225,0.1014207699149514,-0.2526851032937653,-0.2665138052369017,3848662.2783429255,0.0942736685681643,-0.2554660586119893,-0.2615463201590561,0.08662399124728144,0.1020248041966404,-0.20605179763494577,-0.27369362762226546,-0.27298337866181316,0.09996541940297045,0.09424006194891257
False,0.9,0.02,0.12,0.06,1439741.555119093,0.0908365089831644,-0.2107834472371783,-0.2488628126037468,1.0,0.2128854981687795,1664494.3338987466,0.1007208971627091,-0.2575157021767836,-0.2698428382040287,3.0,0.4591548225492158,3848953.077562969,0.0942729259838466,-0.2629972505907242,-0.2862250169404017,4.0,0.3388975656970502,1676320.8875420713,0.1014670099793177,-0.2568831202060335,-0.2639749402327501,3851122.497462016,0.0943076721976146,-0.2596658772019479,-0.2772091892606073,0.0869871668967302,0.10107882821373786,-0.2049089341650316,-0.27366368436177774,-0.27517075215737186,0.10068546747597179,0.0939681669964856
False,0.9,0.02,0.14,0.03,1388558.0068923892,0.0869219382976348,-0.2042982686698293,-0.2503502838179477,2.0,0.2215733295163214,1625280.7313684383,0.0982689145090115,-0.2877922331729549,-0.313698019613517,10.0,0.4685203560091103,3932352.8200809127,0.0953980178510329,-0.2875275608213187,-0.3148858002198951,10.0,0.3473089850603434,1641976.4864188733,0.0992263052274737,-0.2771965594465874,-0.313698019613517,4090007.914761673,0.097461828769941,-0.2875275608213187,-0.3144205555407391,0.08929900959518662,0.09919186249492155,-0.21261043680103484,-0.28409310945926003,-0.28193851682365306,0.09853760025826314,0.09413988050670204
False,0.9,0.02,0.14,0.04,1389205.197277804,0.0869683052207537,-0.2042982686698293,-0.2503502838179477,1.0,0.2187878448408712,1638461.923207052,0.0991023801617757,-0.2932980991355685,-0.319590535785395,7.5,0.4715944670174953,3944233.152444606,0.0955734444124359,-0.2836649593009911,-0.3158262617972096,7.5,0.3482502002823529,1650222.7974387023,0.0998156433388635,-0.2844663801084398,-0.319590535785395,4044563.6942150174,0.0968978592274497,-0.2836649593009911,-0.3120134646821438,0.089986557824526,0.09998155005717797,-0.21236911055619168,-0.2827930846694911,-0.28293863953508797,0.0985729445041034,0.09435983142539305
False,0.9,0.02,0.14,0.06,1402403.0311032888,0.0879926389412031,-0.2042982686698293,-0.2503502838179477,1.0,0.221530459242715,1655836.8106889934,0.1001776995371819,-0.2852880103255786,-0.3200784063304824,4.0,0.4678066955661002,3849598.171052808,0.0942851080290266,-0.2848224234842422,-0.319979765940221,4.5,0.3494873323912709,1650962.5065695862,0.0998614862172428,-0.2785922669635283,-0.3200784063304824,3977446.917319515,0.0959950020287696,-0.2848224234842422,-0.319979765940221,0.09056132465331647,0.09984926512452764,-0.21205609894061073,-0.28340427111517724,-0.28578074178954865,0.09917799983406282,0.09376284596957249
False,0.9,0.02,0.16,0.03,1388079.5575679606,0.0868844132207982,-0.2272172219551534,-0.2633328893166743,2.5,0.2177290334777555,1672797.9310843905,0.1012498217811459,-0.2958628579716023,-0.3244710980986958,7.0,0.4696949791905768,3645342.5672095744,0.0913907931641966,-0.2873613527994909,-0.3238142228866824,10.5,0.3436841117321271,1649352.532094323,0.099741996844605,-0.2937331436225391,-0.3244710980986958,3622472.814629279,0.0910548865814123,-0.2872369642465529,-0.3238142228866824,0.08978651684287113,0.09814460078781188,-0.21619132239918815,-0.29887140132520895,-0.2961590524669149,0.09790097355947211,0.09387333223090659
False,0.9,0.02,0.16,0.04,1413834.284759541,0.0888716175483654,-0.2246014868950403,-0.2627226064963039,1.0,0.2180741569826855,1672424.9120182917,0.1012267432861997,-0.2910925502287623,-0.3280596212118569,5.0,0.4698103465521773,3732444.917657658,0.0926477736219261,-0.2854979587361615,-0.3271776416877776,6.5,0.3455312523866352,1660361.4826666077,0.1004209333173969,-0.2882115958043489,-0.3280596212118569,3732568.861096751,0.0926361548812025,-0.2854979587361615,-0.3271776416877776,0.09039521485034918,0.09826435808925905,-0.21454021330907422,-0.29624007276369996,-0.2954115344610036,0.09784244901859172,0.0942864704587533
False,0.9,0.02,0.16,0.06,1410608.9730725477,0.0886243041766521,-0.2155218922947507,-0.256154340083303,2.0,0.2161352633520842,1685786.8886851007,0.1020388511607085,-0.3045028473090854,-0.3202564164215225,2.0,0.4693578660438142,3618134.43572904,0.0909937674912775,-0.2978109415413123,-0.3202555224116403,4.0,0.3435802568570986,1683686.008322967,0.1018814629672159,-0.2956177212339317,-0.3202564164215225,3520705.339075933,0.0895596190435825,-0.2915584141435078,-0.3202555224116403,0.09064663551292723,0.09803930621224215,-0.2151099349692523,-0.2976344265150628,-0.298210681280376,0.09777911924550506,0.0938846222031739
False,0.9,0.02,0.2,0.03,1431777.5877058615,0.0902365260972352,-0.2194626961855135,-0.2602149413958478,3.0,0.2170676931169578,1646105.7671970928,0.0995834011209918,-0.3134930666572528,-0.3207022991070641,11.0,0.4732548703216371,3727790.1809930457,0.0925590942178558,-0.3153945809625234,-0.320646435627288,13.0,0.3456509442526797,1651310.0197953058,0.099909726332124,-0.3134930666572528,-0.3207022991070641,3716230.5392443086,0.0924144112626365,-0.3153945809625234,-0.320646435627288,0.09023081425415669,0.09777164176171681,-0.22134498043026926,-0.30731562841008486,-0.30511147117443554,0.09815810972867171,0.09414854705481711
False,0.9,0.02,0.2,0.04,1436407.2251841645,0.0905860323260662,-0.2152616514828322,-0.2621692971463435,2.0,0.2151209043220725,1621803.6690156893,0.097966466796688,-0.3147999121948973,-0.3248860830577561,8.0,0.4757759754542488,3854578.24637418,0.0943505448893788,-0.3153405058092734,-0.3248159014149064,10.0,0.3449784192955,1612569.9708470814,0.0974099683131339,-0.3147999121948973,-0.3248860830577561,3854660.240811807,0.0943480893610375,-0.3153405058092734,-0.3248159014149064,0.09076831615087198,0.0980953400850591,-0.21889579753975305,-0.30316055919102586,-0.30419326661416574,0.09808695938997235,0.0942847488872469
False,0.9,0.02,0.2,0.06,1410490.4846182177,0.088615371006496,-0.2136042440255491,-0.2600296775560394,1.0,0.2171389903345011,1639782.970549265,0.0990822546931085,-0.3198210031817191,-0.3239057050265305,5.0,0.470844978124645,3820709.349364836,0.0938829725206673,-0.3181593508385026,-0.3224550611892302,5.0,0.3449538710668643,1606694.6268933946,0.0970364300941835,-0.3198210031817191,-0.3239057050265305,3799719.4681432154,0.0935910024134487,-0.3181593508385026,-0.3224550611892302,0.0910199262708552,0.0978812000128273,-0.219864340745039,-0.30679052218899117,-0.3084608982929781,0.09771297364728787,0.09409943607594233
False,0.9,0.03,0.06,0.03,1273596.0934365902,0.0776303348432572,-0.2053557525192422,-0.2315517854718419,0.0,0.2193695305952809,1701094.9362629687,0.1029884020095339,-0.2783453442471406,-0.290095330143272,1.5,0.4795873658943936,3634885.5744309537,0.0912467319416433,-0.27625892083117,-0.2963573728873934,2.0,0.3546732564246742,1716412.1912060326,0.1039182884866727,-0.2761343150105151,-0.290095330143272,3679519.522276687,0.0918914957180043,-0.273234234113083,-0.2963573728873934,0.0801895943357032,0.10183057493214771,-0.2035471629808778,-0.2730648370192144,-0.27411768915249013,0.10189621139008488,0.09188733996522996
False,0.9,0.03,0.06,0.04,1278632.9708746,0.078052021092866,-0.2053557525192422,-0.2315517854718419,0.0,0.2196829008144974,1702363.5564110817,0.103060677170287,-0.2773441560260277,-0.2904214355123004,1.0,0.4783216656585789,3631252.835120521,0.0911926987869752,-0.2775951869178545,-0.2932309231124977,1.0,0.3544091768235159,1713056.983938291,0.1037148870237101,-0.2773441560260277,-0.2904214355123004,3688992.3357876856,0.092027125515648,-0.2773285619770592,-0.2932309231124977,0.0803993258984445,0.10213300617461545,-0.19925809217693877,-0.2734242154220732,-0.27674528795908554,0.10222141003543311,0.09119719191028801
False,0.9,0.03,0.06,0.06,1279528.847290062,0.0781247982975866,-0.2053557525192422,-0.2315517854718419,0.0,0.2184549772447591,1693557.5335961478,0.1025252876119451,-0.2736873047247555,-0.2904214355123004,0.0,0.4793272442082918,3624735.070012461,0.0910982049176529,-0.2716307501281105,-0.2932309231124977,0.0,0.3537749780697422,1707251.9267917704,0.1033602581729402,-0.2712502786813716,-0.2904214355123004,3682781.17118144,0.0919393875461151,-0.2665706672416217,-0.2932309231124977,0.08014413309811325,0.10140196909979053,-0.19684321683963732,-0.27115571060611066,-0.2703405269561055,0.10178714559107012,0.09142068960333473
False,0.9,0.03,0.08,0.03,1330370.015860526,0.0823098191266038,-0.2005944102468114,-0.2580289762327825,2.0,0.2221250103788488,1634950.478416786,0.0988745801773175,-0.2706974927637779,-0.2840117483090907,4.0,0.4848459314243972,3773044.789721926,0.0932142252558186,-0.2778696059208252,-0.284650204540911,6.0,0.3564218292089303,1645672.9182575848,0.0995574318377321,-0.2692472624854799,-0.2840117483090907,3794393.101775309,0.0935203949258034,-0.2742952693440246,-0.2846487295418043,0.08178864163994232,0.1015367340669028,-0.20309849306872024,-0.2702995684816725,-0.27026050996907874,0.10130626077236723,0.09245560463647541
False,0.9,0.03,0.08,0.04,1325486.6892577028,0.0819147714751282,-0.1977966732318554,-0.2504626733878068,1.0,0.2196043486581833,1650841.9830297197,0.0998769770837322,-0.2706974927637779,-0.2850127898528495,2.0,0.4839195775428749,3746978.300602912,0.0928528428136304,-0.2778696059208251,-0.2846487295418043,4.0,0.3552039472633689,1651958.660724569,0.0999521489351688,-0.2692472624854799,-0.2840117483090907,3777319.960101419,0.0932808644160725,-0.2742952693440247,-0.2846487295418043,0.08186444271989474,0.10219246308554157,-0.20032416640714004,-0.26992789765190683,-0.27211972751489844,0.10178650717922112,0.09216818098274834
False,0.9,0.03,0.08,0.06,1324351.365036148,0.0818224101502914,-0.2016249716722613,-0.2555528724017432,1.0,0.2216447218766755,1611459.683749438,0.0973866814509276,-0.2715104627248051,-0.2855400865269368,1.0,0.4847547033910167,3730612.42285381,0.0926224749854262,-0.2778696059208251,-0.2848633709252572,3.0,0.35534618870583,1628389.771717799,0.0984622363876809,-0.2692472624854799,-0.2840117483090907,3803697.318070624,0.09365061760024,-0.2774866158665147,-0.2846487295418042,0.08180608898208813,0.10127754767298723,-0.19871424951560573,-0.270639261909682,-0.27052754018381003,0.10132441503368167,0.09238432084213301
False,0.9,0.03,0.1,0.03,1366565.5194767956,0.0851998114757235,-0.2060437548142635,-0.2453289985659717,0.0,0.2226170666780212,1622926.7894651608,0.0981134548822253,-0.2502036259729068,-0.2692955294035209,6.0,0.4777088806051578,3751786.440624847,0.0929183515562955,-0.2532930277196507,-0.2851896789656373,7.0,0.3541087581124815,1627258.8579732925,0.0983944737831281,-0.2484680831505768,-0.2613227176838334,3844693.526921885,0.0942185624336982,-0.2514924733783729,-0.2699390613204848,0.08575429793669176,0.1002878446964443,-0.20288353047088878,-0.2674602167124281,-0.26654163398473396,0.09991998871011717,0.09374240981552265
False,0.9,0.03,0.1,0.04,1366565.5194767956,0.0851998114757235,-0.2060437548142635,-0.2453289985659717,0.0,0.2234069093335057,1708002.6758144868,0.1034094601221417,-0.2480454340052366,-0.262311956164744,4.0,0.4755584850384471,3801220.2669478185,0.0936050795318824,-0.2480471490360359,-0.2738187101371991,3.5,0.3544207030975123,1661149.9968431415,0.100525441391033,-0.2474389685773825,-0.2596900204408383,3828891.956063816,0.0940004767417239,-0.2483607690446267,-0.2724608185878242,0.08583076244502645,0.10121776820853852,-0.2005568011125462,-0.2675100311141035,-0.26865830533910867,0.10016395112718017,0.0931320667458533
False,0.9,0.03,0.1,0.06,1366565.5194767956,0.0851998114757235,-0.2060437548142635,-0.2453289985659717,0.0,0.222939664322475,1658872.3891790942,0.1003780665856279,-0.2517296231085918,-0.2659728011818788,3.0,0.4763615822964612,3774738.260086828,0.0932449926505027,-0.2576138576895451,-0.2730188311621316,2.5,0.3553796024455146,1642964.169479923,0.0993864298898277,-0.2497373687691495,-0.2538671697689914,3810982.183776876,0.0937518949488561,-0.2521331589157492,-0.2715149098375776,0.08589121914497387,0.10022091691606996,-0.20201171646117733,-0.2703315107433314,-0.27103357461266464,0.10081160941023054,0.09323167817207095
False,0.9,0.03,0.12,0.03,1408068.9448426615,0.0884244367554386,-0.2028691016702107,-0.2419246381711085,0.0,0.2242936339550952,1693735.3921188635,0.1025382106039548,-0.2781800047824586,-0.3054240177671686,9.0,0.4815836530551823,3936837.724285156,0.0954760559280202,-0.2782018099542432,-0.2987068823753384,8.5,0.3601139329201134,1650790.8741908711,0.0998344277537411,-0.2786201364960387,-0.3047788642231323,3891744.4519062247,0.0948537114085821,-0.273640424314753,-0.2987068823753384,0.08810272703178325,0.09898967460051972,-0.20238577802569738,-0.2754690364343255,-0.2729675162255807,0.09874838556064253,0.0935347021868363
False,0.9,0.03,0.12,0.04,1408068.9448426615,0.0884244367554386,-0.2028691016702107,-0.2419246381711085,0.0,0.226008257661645,1685611.9828672402,0.1020399643260091,-0.2826197995499285,-0.3047155901497501,5.5,0.4836721344446845,3915844.901782684,0.0951914012518676,-0.2846234974982745,-0.3028170455530553,6.0,0.3590737190104647,1616886.129703118,0.097701029056692,-0.2742716833992519,-0.3027082130483929,3867416.458817938,0.0945286410862423,-0.2738073517670395,-0.3028170455530553,0.08795341356125654,0.10005787886683783,-0.2022848193699773,-0.2759108213093098,-0.27433910516227605,0.09913174091195612,0.0935169729074704
False,0.9,0.03,0.12,0.06,1408068.9448426615,0.0884244367554386,-0.2028691016702107,-0.2419246381711085,0.0,0.2252536598370376,1678012.7465321857,0.101572385452162,-0.2769007842084145,-0.302578948453817,3.0,0.4819033380546914,3750068.015154179,0.0928981405115811,-0.285830788349414,-0.3025786963247215,3.0,0.3603192311104918,1680786.4605140178,0.1017346675834054,-0.2696687529669543,-0.3025732365739734,3847148.201113996,0.094252732913164,-0.2727171659722955,-0.3025786963247215,0.08843123091638429,0.09922504196295029,-0.20084638962601334,-0.2758197160779379,-0.2772670765331649,0.09979298415934518,0.09296283571278596
False,0.9,0.03,0.14,0.03,1434320.4264396173,0.0904246551400104,-0.2016060292423871,-0.2477106618436122,2.5,0.2245400543731118,1625488.9445449351,0.0982347194414695,-0.2990551522383626,-0.3082992501346897,5.0,0.4890179835504123,3594881.839900646,0.0906614843072122,-0.2886138340883463,-0.3078610464003024,8.5,0.3597488850371959,1599069.5187460328,0.0965904834765214,-0.2828913470932022,-0.3078622292426707,3780069.266863198,0.0933200724330322,-0.2853656972373499,-0.3078610464003024,0.08955259730896781,0.09786143068898297,-0.2052812488125738,-0.28408937063858936,-0.2810057954270569,0.09869250157196453,0.09297617439725915
False,0.9,0.03,0.14,0.04,1440564.8002775214,0.0908979986851858,-0.1953518211996113,-0.2471951165185769,1.0,0.225300906481057,1642144.983038589,0.0992630105089146,-0.2911943155385623,-0.3082340822129756,3.0,0.4906684819074413,3755912.9278242383,0.0929806708059337,-0.2881600350053711,-0.3078610464003024,5.5,0.3577874785440944,1626690.1976774184,0.0983394724916276,-0.2845468183395423,-0.3078622292426707,3778956.002047576,0.0933046139504973,-0.2833873780393501,-0.3078610464003024,0.08982514068975618,0.09891397944066616,-0.2039853809488516,-0.28457182791913127,-0.28231899697519813,0.09833225151244895,0.0927459347471252
False,0.9,0.03,0.14,0.06,1445091.2561185146,0.0912393447738586,-0.1969485321157408,-0.2517715631803013,1.0,0.2263769657647553,1620384.597055234,0.0979254265384649,-0.2910790121226417,-0.3154565271840532,2.0,0.4893887799191741,3658908.289635374,0.0915895954197413,-0.2872875233790152,-0.3078623955297208,3.0,0.3607344743675688,1622427.8851904247,0.0980630528875508,-0.2807484246638213,-0.3078622292426707,3677779.9684133576,0.0918674060446305,-0.2919426293963181,-0.3078610464003021,0.09049874273390689,0.09917645518654802,-0.20344877454763305,-0.28447559515014076,-0.2845818587965566,0.09965370977295783,0.09180749379486772
False,0.9,0.03,0.16,0.03,1436393.446764825,0.0905842374402412,-0.2055216052909506,-0.2413690702310921,4.0,0.2253950752816821,1564513.6960998732,0.0943393080927474,-0.2968032515088185,-0.3055239901407559,9.0,0.4834474798404168,3722003.5898665097,0.0924631469189461,-0.2953442885569254,-0.304898379905006,14.5,0.3579460809059923,1633338.8620831713,0.0987627600569679,-0.2954307454877233,-0.3050034116460517,3843423.4773918064,0.0942015926015373,-0.2938180398820212,-0.304898379905006,0.0895655811286124,0.09781413146591682,-0.20741935060798494,-0.2955829007292295,-0.2922314220616732,0.09840270818594704,0.09182212166469789
False,0.9,0.03,0.16,0.04,1448208.4702304774,0.0914725382641347,-0.1976432877106477,-0.2418397767651206,3.0,0.2263721991763916,1587379.7506939825,0.0958331770834004,-0.2932745005922796,-0.303743019516688,7.0,0.4824519082346372,3727444.4861362446,0.0925748305605473,-0.2973381369578527,-0.3029305893061467,11.0,0.3578317194699806,1619367.7130498989,0.097875302292343,-0.2932745005922796,-0.3037639415533954,3800318.6132633807,0.0936005338521818,-0.2952390647096173,-0.3028921932419395,0.08976140141479233,0.0986004135620618,-0.20450683046772158,-0.2936811595972283,-0.29175367422830817,0.0981138215094976,0.09236674569371105
False,0.9,0.03,0.16,0.06,1498836.1077382113,0.0952001736753175,-0.2141915489999364,-0.2502399724939034,2.0,0.2251955881959098,1669047.73096983,0.1010170629793194,-0.2985531009939897,-0.3018918928511375,3.0,0.484065918021951,3828354.7838681727,0.0939922568041908,-0.2991189749978899,-0.3031711209671378,6.0,0.3570321514848116,1630944.8139146927,0.0986234190998672,-0.2964467120189493,-0.3018918928511375,3772866.833418454,0.0932171990808722,-0.2973907573814167,-0.3017921997616213,0.08988922528775684,0.09872495363852044,-0.20572217079518357,-0.2946618295763693,-0.29409331547360523,0.0983094790101608,0.09123584476307421
False,0.9,0.03,0.2,0.03,1378688.0224622835,0.0861522737713053,-0.2063170744674646,-0.2561721027682603,1.0,0.2161327714079228,1630834.5040534898,0.0986213757072272,-0.3046057974747839,-0.3284970910121832,15.0,0.4901729797189262,3645454.23937057,0.0913929106405407,-0.2977160579038818,-0.309354650098378,17.0,0.3563913145806896,1601522.1150751696,0.0967486551457709,-0.3003108808618097,-0.3093274550632071,3747806.8518563793,0.0928625146561045,-0.2971848015855001,-0.309047201337725,0.0893938644718741,0.09799588037933939,-0.21066323304128198,-0.29762044996039067,-0.29442886413195746,0.09893085931174905,0.09144902951225004
False,0.9,0.03,0.2,0.04,1378688.0224622835,0.0861522737713053,-0.2063170744674646,-0.2561721027682603,1.0,0.2176371815479291,1647608.8035363988,0.0996793198330171,-0.301155617314692,-0.3126310269853516,10.0,0.4849503287549894,3624831.528794524,0.091099763588356,-0.2939275644139865,-0.3093268460631002,13.5,0.3563974976348548,1588343.6641802783,0.0958936997219517,-0.2993487465783129,-0.3100728902094177,3689414.0931655862,0.0920344835535422,-0.2921155290656759,-0.308336188122051,0.08987945305408018,0.09877328056246719,-0.20745678058631659,-0.2946434100708435,-0.29386400271224494,0.09815218473562848,0.0918739799455748
False,0.9,0.03,0.2,0.06,1378688.0224622835,0.0861522737713053,-0.2063170744674646,-0.2561721027682603,0.5,0.2174576348997923,1556133.432624646,0.0937807124495043,-0.299295746959453,-0.3105185872914876,6.0,0.4772113057353254,3592026.049067966,0.0906141165572889,-0.3000626273434584,-0.3099409326500509,8.0,0.3551560378369773,1593308.3649011618,0.0962060474126682,-0.2985798444794502,-0.3065105531150162,3609584.6017313153,0.0908772626820565,-0.2943384865588085,-0.309492373201555,0.08987763637939038,0.0991575879387873,-0.20937491255416651,-0.2988440465964009,-0.29870072672266673,0.09837696291419634,0.0909440979455423
False,0.9,0.04,0.06,0.03,1318010.206817316,0.0813056038244731,-0.2013207458896291,-0.2413985392987925,1.0,0.2296911684954622,1642126.6543143948,0.0993324224669318,-0.2598155065171311,-0.2756638944435946,3.0,0.4947695693610572,3585715.416683173,0.090524676626928,-0.2649889368915312,-0.2739238866597872,4.0,0.369088787756576,1670557.6103938734,0.1011111166345679,-0.2660376570980329,-0.2778562152412309,3558335.569793422,0.0901213019809384,-0.2664383857741049,-0.2729414038768393,0.0814934898934971,0.09972083302151827,-0.20269201928852154,-0.26455827258180264,-0.2675163901510627,0.10052362014230173,0.09176203804301453
False,0.9,0.04,0.06,0.04,1305286.3143760548,0.0802651655636318,-0.2003664644836843,-0.2422067298237838,1.0,0.2304824515270814,1657084.987732795,0.1002711757427883,-0.2620875918651131,-0.2755130764647567,2.5,0.4949463007303853,3541259.777705241,0.0898672625994857,-0.2699565377686616,-0.2759171179748659,4.0,0.3684475218333281,1686326.9894875146,0.1020845668614647,-0.2684057366987847,-0.2783294277048133,3515481.776607966,0.0894812154513644,-0.268860963139891,-0.2764923511626528,0.08167520978926023,0.1001988685285532,-0.20201830531943088,-0.26457505733151165,-0.2699366859969829,0.10089379110465901,0.09139405758181637
False,0.9,0.04,0.06,0.06,1296034.8307253695,0.0795024165065922,-0.1888442268925798,-0.2346569559917109,0.0,0.2294173420255375,1622385.6517745662,0.0980846324989415,-0.2569640934694507,-0.2723694296607284,0.0,0.4949031948814641,3464397.8106706915,0.0887082066488421,-0.2650964846659943,-0.2779189829969486,0.0,0.3686335966238714,1620545.0935581974,0.0979653680252172,-0.2622078637598724,-0.2732836716962778,3515716.886126557,0.08948460288834,-0.2650961004649999,-0.2682730088823985,0.0812828286230666,0.09971761135195502,-0.1994889475628327,-0.2638282687175695,-0.26709589622443775,0.09991318818282532,0.09137623946156095
False,0.9,0.04,0.08,0.03,1360605.9918611506,0.0847282017796543,-0.2034971684984035,-0.2395114314814838,1.0,0.2319279381058681,1616170.9416459657,0.0976879274322899,-0.249374746799161,-0.2850313108523127,5.0,0.4993798787224565,3691356.2727429913,0.0920625183476682,-0.2509480969607245,-0.2865358115147692,6.5,0.370395678372067,1613357.9034975665,0.0975076436102342,-0.2602198599606173,-0.2774219898971512,3785877.4660560414,0.0933965034205799,-0.2542694970890294,-0.2801193833346427,0.08341958472663695,0.09939738135512821,-0.20260131726207653,-0.26445034910788207,-0.2651869725939175,0.10028097046673635,0.09211743703973052
False,0.9,0.04,0.08,0.04,1382738.6888764906,0.0864688810254149,-0.2045543310429416,-0.2433955903930523,1.0,0.2328276588967811,1614578.9986436306,0.0975866441174053,-0.2481709886711279,-0.2861384849025172,3.0,0.4982988319966508,3663639.564384804,0.0916634261271742,-0.2543254133805904,-0.2865961696507601,4.0,0.3701334009129687,1618290.9955597331,0.0978235615982925,-0.2525273194658075,-0.2735254669894393,3788780.2603519354,0.0934423945368351,-0.2556036207109415,-0.2739409483494416,0.08342002556330426,0.10068719599044966,-0.20227975542758478,-0.26368406895182056,-0.2664236710371158,0.10079652764194136,0.09227592107616112
False,0.9,0.04,0.08,0.06,1372686.276721851,0.0856816895377962,-0.2021308391672475,-0.2388075851119456,0.0,0.2308961252385846,1666733.994399245,0.1008738438460059,-0.2531512139512665,-0.2893297245458715,2.0,0.4998515183703182,3762693.7593949167,0.0930760712943226,-0.2537867441828211,-0.2898314735349724,2.0,0.368413596454382,1650625.412937014,0.099864890145463,-0.2566066880321032,-0.2788099397942019,3766967.7836173526,0.0931359151601008,-0.25733397576846,-0.2769573507796118,0.08315843811917518,0.09987019532408313,-0.20059351692318597,-0.26505210129798296,-0.2679772832477071,0.09987988304212646,0.09189834096849832
False,0.9,0.04,0.1,0.03,1420017.16247121,0.0893437373101097,-0.1987960716041095,-0.2408360275919649,2.0,0.2359228788887152,1643045.4124747156,0.0993875011624709,-0.2782653783471749,-0.2945342312813586,6.0,0.5054730342920146,3738783.470483953,0.0927381185100295,-0.2677632472396031,-0.2955254905170526,7.0,0.3760437985162336,1672270.3198130871,0.1011968684480832,-0.2708180091538613,-0.2932016499224111,3782876.028161562,0.0933596516594928,-0.2677632472396031,-0.2917863002134779,0.0868584403553122,0.0984574761948065,-0.20152959267843493,-0.2676986247302988,-0.26735689340702834,0.0986448747279867,0.09329420519354646
False,0.9,0.04,0.1,0.04,1410616.1729911682,0.0886195027470612,-0.1995615564735215,-0.2340765662082489,0.0,0.2315171253515389,1651417.2224252834,0.0999182417063434,-0.27575875037964,-0.2869145447103495,3.0,0.5023926651878959,3863227.458429506,0.0944742165978188,-0.2707481331987272,-0.2868420371096228,3.5,0.3726005246815728,1664108.8108271393,0.100678560041979,-0.264942954349665,-0.2869140638106621,3809199.366612042,0.0937272244143685,-0.2624998961946542,-0.2868420371096228,0.08702230576597424,0.09929822893034183,-0.20125329028259129,-0.26755219562252763,-0.2687927880657536,0.09881387011450471,0.09312408319028216
False,0.9,0.04,0.1,0.06,1410616.1729911682,0.0886195027470612,-0.1995615564735215,-0.2340765662082489,0.0,0.2315171253515389,1652382.6803293694,0.0999726599510508,-0.2832699098090284,-0.2943747662835188,2.5,0.502345881924035,3731846.6229265416,0.0926400953142434,-0.2818662568989468,-0.3059649696488996,2.0,0.3722299951465275,1657294.4609462002,0.1002401156316297,-0.2663540717883161,-0.2943742872772391,3740314.297666016,0.0927585976067363,-0.2701569405477994,-0.2942568596878073,0.08687346193526391,0.09904176046089226,-0.20059602918165917,-0.2694686119931597,-0.272700454009299,0.09981718735773447,0.09259724408701986
False,0.9,0.04,0.12,0.03,1443906.2193744858,0.0911446356843433,-0.197377049236811,-0.2414406378394407,1.0,0.2324263104056714,1561578.4964514829,0.0941431829105806,-0.2794704997163139,-0.297872151934383,8.0,0.5019317939075998,3782659.2085295934,0.0933559615634467,-0.2760655726471234,-0.3036905361660172,9.0,0.372578473022676,1580379.868173009,0.0953784029350015,-0.2773247566526608,-0.2853817236600395,3883022.1449123626,0.0947453055180386,-0.2778047911416025,-0.287472486950324,0.08948628770904121,0.0980442226612392,-0.20059707764662293,-0.27880844707443675,-0.27521761841710274,0.09793618091591823,0.09279923126925664
False,0.9,0.04,0.12,0.04,1448654.9110908045,0.091506431117079,-0.1966943244627549,-0.2447321199740231,1.0,0.2339794705867463,1543664.1860334463,0.0929580862264192,-0.2800207083654551,-0.2964041174047022,5.0,0.4997123185369066,3615065.663752981,0.0909575328193196,-0.2771429293600685,-0.2964433027223547,6.0,0.3721336661097247,1593063.6046590256,0.0962024796638629,-0.2764466392844438,-0.2824623689059331,3736482.923860538,0.0927059075733292,-0.2768362809341129,-0.2866271530116806,0.08922629521386644,0.09899790181714847,-0.19944854324041927,-0.2780694281857808,-0.27658263359556984,0.0982338586644018,0.09311860289306721
False,0.9,0.04,0.12,0.06,1448475.3767103136,0.0914929209452725,-0.1913459512924505,-0.2410003374423734,0.0,0.2340604298304155,1560378.9311135006,0.0940669254795794,-0.2802496781568515,-0.2982492901708832,3.0,0.501153441390336,3625048.823154695,0.0911016897660432,-0.279235471014242,-0.298453616784978,3.0,0.3704413633756452,1640320.8195359288,0.0992147845084001,-0.2792355911207279,-0.281751045624312,3734760.453449409,0.092680869818169,-0.2792328983832128,-0.2833189896903407,0.08924687371596035,0.09823189884086637,-0.1984620262353783,-0.27762569526103764,-0.2790599048990587,0.09920634083371488,0.091842970901293
False,0.9,0.04,0.14,0.03,1460376.103963389,0.0923804498886218,-0.1968904593119558,-0.2388785028543832,3.0,0.2327098348365965,1587601.333902318,0.0958482669667341,-0.2876760213894039,-0.3052959177313017,5.5,0.5034482975866479,3662779.046982261,0.0916454157505357,-0.2873682188536495,-0.2981613870909937,9.5,0.3734072344123483,1593443.8591538966,0.0962224290990341,-0.2861692495064072,-0.2887033622903576,3777378.2827685457,0.0932781780047838,-0.2870379216913372,-0.2887066482268707,0.09058313424792312,0.09703458665783354,-0.20069801905355245,-0.2867348203688461,-0.2838118417273209,0.09802664485539785,0.0925829627026205
False,0.9,0.04,0.14,0.04,1438043.4519281136,0.0907095905027105,-0.1961707008221539,-0.2384228958235406,2.0,0.2326385200708042,1596126.5089523252,0.0963986480130629,-0.2907775612758624,-0.2983560742805445,4.0,0.503523333484948,3652515.975147829,0.0915027163515811,-0.2907740574749418,-0.2942655059746109,6.5,0.3730429452816133,1589310.7317982,0.0959561693412163,-0.2891168128526891,-0.292424264523028,3727807.709319339,0.0925676751166981,-0.2898925325304659,-0.2923557011960152,0.09064940212615517,0.09767866694580708,-0.19819307667869776,-0.28671244672069374,-0.28593790113306095,0.09722215284013812,0.09222928025777938
False,0.9,0.04,0.14,0.06,1435366.659532548,0.0905052255984077,-0.1940032610460828,-0.2498063195058601,1.0,0.2324708932039014,1581981.0174655055,0.0954759290383133,-0.2825251641606982,-0.3002892349858462,2.0,0.5011230770444602,3522465.711715587,0.0895833117456463,-0.2825255320631892,-0.3029342781792328,2.5,0.3714622955968583,1599314.4326634435,0.0965989945014756,-0.2825224099023844,-0.2825281820532316,3642647.820451465,0.0913585717592382,-0.2825226666887984,-0.2835690720111365,0.09117253875069041,0.09827510813638879,-0.20007256045448985,-0.28549563275663653,-0.28593435225878844,0.09894557146547402,0.09111927377494312
False,0.9,0.04,0.16,0.03,1435807.5272652754,0.0905403905788834,-0.1999238695689995,-0.2481779716660497,1.0,0.2316933297005168,1607100.8467865137,0.0971038319315149,-0.2792239925777194,-0.2930615957572078,10.5,0.4994099352042781,3679759.466926199,0.091895711747562,-0.2772773262636375,-0.3015768796972428,11.0,0.3720387913583396,1674868.5044150697,0.1013713658111211,-0.2763185323072641,-0.2872000344142161,3887591.8299702704,0.0948078080840953,-0.2739811314347362,-0.2859151674803549,0.09034122542364058,0.0968708409636837,-0.20263266144356132,-0.2938496581268759,-0.28996655066195437,0.0977910575448868,0.0911751982915326
False,0.9,0.04,0.16,0.04,1440387.1940088929,0.0908854174323824,-0.2004292242068079,-0.2516807596095688,1.0,0.2339149786103418,1646574.380626432,0.0995791155170363,-0.2823877950020746,-0.2975969320201015,8.0,0.4976557005681891,3561511.25316739,0.090168529757427,-0.2775887505018571,-0.3178499758337976,9.0,0.3743527416471706,1609454.706027875,0.0972584641950869,-0.2784101981431631,-0.2941388429730363,3877982.8574661408,0.0946765285962543,-0.2770456763898947,-0.2915917396942749,0.09023777627299095,0.09818468863564882,-0.19940001119363204,-0.29065664580263767,-0.2902132740347246,0.09756297476934733,0.09145482471994311
False,0.9,0.04,0.16,0.06,1430939.027578,0.0901731307558475,-0.2010769676025179,-0.2455071923413208,0.0,0.2330800770333467,1646282.377554927,0.0995929193304937,-0.2836660568972236,-0.2976412872775561,5.0,0.4993024933207381,3389369.81518859,0.0875506484024561,-0.2816078237489805,-0.312324124798928,5.0,0.3744350618881902,1643787.4468634578,0.099438510212145,-0.2747832367811171,-0.2932550256558536,3850337.791102902,0.0942968853113953,-0.2799773207686666,-0.2949766884155741,0.09062845224424339,0.09787096289261416,-0.2030125220277538,-0.2903907675618234,-0.29100785389973166,0.09766765530213417,0.09032679247111608
False,0.9,0.04,0.2,0.03,1454802.0964370193,0.0919653457227813,-0.2055369307796104,-0.2407468961833986,4.5,0.2313602688773927,1606976.680463742,0.0970775436424091,-0.2957337335721673,-0.3090065134331509,9.0,0.498784309606886,3483087.0573864337,0.088992520384399,-0.2934795783052856,-0.3080661839391289,13.0,0.3717618597692544,1606305.4290079426,0.0970506516799054,-0.2957337335721673,-0.3090065134331509,3501576.006869447,0.0892660602853148,-0.2934795783052856,-0.3080661839391289,0.0898105618783028,0.09678551484347465,-0.20432487002675628,-0.29409169378337224,-0.29095431275743255,0.09848335817344132,0.09118607242286195
False,0.9,0.04,0.2,0.04,1446018.01822547,0.0913088389822271,-0.2004879587551069,-0.2369106254390204,3.0,0.2357014633376599,1626671.3936138642,0.0983548608584616,-0.2851500850923554,-0.3040417427804658,5.5,0.4942862248671474,3577636.616241585,0.0904024372558136,-0.2934910998543384,-0.3039578408633814,9.0,0.3690713003074313,1653653.2395762107,0.1000547405738585,-0.2851500850923554,-0.3040417427804658,3561270.9702585945,0.0901629899494603,-0.2934910998543384,-0.3039578408633814,0.08995476711251238,0.09836161832297885,-0.2012193862850068,-0.2904919995003504,-0.29058638793200864,0.09777055169581002,0.09106139029053598
False,0.9,0.04,0.2,0.06,1435291.4184625098,0.0905005648907238,-0.2055377479347805,-0.2382331970779772,2.0,0.2361000787077896,1644084.6599529805,0.0994337270195894,-0.2872255242369346,-0.3105937013192809,4.0,0.5002341006308431,3459305.0346510834,0.0886308258973731,-0.2954446418658567,-0.3104604505950586,6.0,0.3704702858963875,1606614.491476207,0.0970759076990982,-0.2872255242369346,-0.3105937013192809,3466186.718701713,0.0887356749952161,-0.2969822284713666,-0.3104604505950586,0.09050653577329854,0.0984561054447267,-0.20678083475117487,-0.2921851072719002,-0.2940585169890464,0.09783597110594465,0.09019696191532722
False,0.95,0.01,0.06,0.03,1236167.9844847666,0.0744431170374113,-0.2044055845884488,-0.2196705481214172,0.0,0.1996844664467583,1905726.113809596,0.1148373605636028,-0.3052886118030992,-0.3118297645268532,13.0,0.4542802039355136,3849773.934954885,0.0942891991927589,-0.301980836790092,-0.3108118682387219,14.0,0.3336756650157956,1862680.6592438985,0.1124441406066423,-0.3052886118030992,-0.3118297645268532,3824483.926044572,0.0939396288970604,-0.301980836790092,-0.3108118682387219,0.0775204618867817,0.11130225568273278,-0.20929766374752898,-0.3076272958750422,-0.3056338458471015,0.1107452054922205,0.09465041011630965
False,0.95,0.01,0.06,0.04,1236167.9844847666,0.0744431170374113,-0.2044055845884488,-0.2196705481214172,0.0,0.2001265940364218,1850896.1672041656,0.1117799976040486,-0.309544932432449,-0.319399659462455,9.0,0.4512724595430185,3791942.35257003,0.093486607228118,-0.3063207426106121,-0.3176624248085701,9.0,0.3298013578235168,1815706.1952753973,0.1097743485867043,-0.309544932432449,-0.319399659462455,3744680.454772205,0.0928219279005105,-0.3063207426106121,-0.3176624248085701,0.07772650516360899,0.11042625666934627,-0.21089272445705098,-0.307521641404468,-0.30929770870904716,0.10959260434309909,0.0941735747538693
False,0.95,0.01,0.06,0.06,1236167.9844847666,0.0744431170374113,-0.2044055845884488,-0.2196705481214172,0.0,0.197749549901492,1877200.4027451947,0.1132568186235387,-0.3029624026628699,-0.3177099746697238,6.0,0.4473423985004825,3755816.349941436,0.0929777542462007,-0.3027770871548117,-0.3128224140623762,6.0,0.3322944737223947,1834637.0110471172,0.1108575109168341,-0.3029624026628699,-0.3177099746697238,3754349.914268688,0.0929584917153013,-0.3027770871548117,-0.3128224140623762,0.07773657244581245,0.11086970148520042,-0.19448303089680985,-0.30061285735826054,-0.297707375799811,0.10999419890417453,0.09380094005160457
False,0.95,0.01,0.08,0.03,1283148.5167885085,0.0784312991275658,-0.1883448594893295,-0.2457939173256447,1.5,0.2078012342061565,1865519.329283333,0.1126027488713139,-0.3137141534591551,-0.3292322377707161,6.0,0.4562710489229804,3849258.284793426,0.0942820872101077,-0.3125835456603253,-0.3432322757262337,8.0,0.3387441756245969,1849328.3033067144,0.1116908047222686,-0.3137141534591551,-0.3292322377707161,3834894.2222366855,0.0940837851161131,-0.3125835456603253,-0.3432322757262337,0.07957769788798942,0.10970160904627284,-0.20456772233934786,-0.30683570742646893,-0.30345235680074234,0.1098644440541854,0.09528648976745374
False,0.95,0.01,0.08,0.04,1291921.264736034,0.0791617497689389,-0.191125763596004,-0.2452428281714366,1.0,0.208198615390575,1873203.922817307,0.1130228249106042,-0.3046892786036327,-0.3292228213474855,4.0,0.4555756666263367,3831607.7435084768,0.0940382813970454,-0.3138381126245576,-0.3350254527572641,5.0,0.3388578078166822,1840311.6378363145,0.1111793570027612,-0.3046892786036327,-0.3292228213474855,3803508.42792344,0.0936478004664022,-0.3138381126245576,-0.3350254527572641,0.0799400865924387,0.11000936321132164,-0.20629282083131062,-0.3038887144830886,-0.30562461363193516,0.10908420969675643,0.09512335578476112
False,0.95,0.01,0.08,0.06,1266434.1215752035,0.0770278031105432,-0.1830692158969905,-0.2476413257289733,0.0,0.2078063363982349,1831002.554552876,0.1106505050602192,-0.2984644411794349,-0.3468062144115144,1.0,0.4544341218744203,3679555.343453317,0.0918930261507422,-0.2932130166648877,-0.3468088931461402,2.0,0.3381567227497989,1799627.3966943305,0.1088457769450064,-0.2984644411794349,-0.3468062144115144,3702724.6082333736,0.0922252793805525,-0.2932130166648877,-0.3468088931461402,0.07960448368245511,0.1105223986777641,-0.197064542013186,-0.2998202470444584,-0.29597350707230347,0.10950885459261815,0.09485875745342072
False,0.95,0.01,0.1,0.03,1335024.5161534906,0.0826828329310981,-0.1877404681200498,-0.2753512453639336,2.0,0.2115143263814783,1778060.9768460426,0.1075871867595646,-0.314373714196597,-0.334657262482334,6.0,0.4595889244768794,3942222.2196886777,0.0955483777279638,-0.2972670339139598,-0.3360899489894879,8.5,0.3451052773831091,1812804.761022291,0.1096071506088621,-0.3097306963899986,-0.334657262482334,3986701.376054492,0.0961441675052873,-0.2972670339139598,-0.3360899489894879,0.08370990724419237,0.10818293971371835,-0.20537005544811035,-0.30292853001345393,-0.3014297768951238,0.10847469456467695,0.09755540668981642
False,0.95,0.01,0.1,0.04,1336535.3568847906,0.0828053739500412,-0.1878501922186239,-0.27736292080506,1.5,0.2131861085570305,1834658.8069583103,0.1108590783915565,-0.3033695376942315,-0.340993743071719,4.0,0.4554248125228496,3972491.9528482314,0.0959423474034948,-0.2987333067559316,-0.3407827279355701,6.0,0.3438326703507728,1826944.594671125,0.110418397333077,-0.3010201584221305,-0.340993743071719,3978037.7389333993,0.0960288742569083,-0.2987333067559316,-0.3407827279355701,0.08428256696334073,0.10860923302270785,-0.20727203540965675,-0.2988351012771069,-0.301971239919311,0.10775416093432484,0.09766334410869586
False,0.95,0.01,0.1,0.06,1317686.7338091708,0.0812804859341518,-0.1962068613597152,-0.2683883637539384,1.0,0.2107257026932728,1838690.9320132963,0.1110876419147971,-0.3065938692472804,-0.334904367314063,2.0,0.4543757667123662,3867886.759952766,0.0945377608589979,-0.2871879990350857,-0.3391158003599333,2.5,0.3418328797158495,1838854.1260852315,0.1110969526540242,-0.3065938692472804,-0.334904367314063,3909611.246752821,0.0951065724009693,-0.2849138628766055,-0.3391158003599333,0.08340579102223061,0.1087251249553362,-0.20367476792225048,-0.2976764583786278,-0.2942520585706874,0.10823386829992714,0.09700168135582322
False,0.95,0.01,0.12,0.03,1367195.7546276697,0.085230751527469,-0.2155483143774594,-0.2972564971821507,0.5,0.2162097620092063,1817292.8522082684,0.109864976731256,-0.3052579203159558,-0.3157200900622636,5.0,0.4713899489599777,4347274.175148271,0.1007521700516483,-0.3125966619273039,-0.3329377260416175,6.0,0.3458966401345822,1778996.7010557167,0.1076399209052786,-0.3052579203159558,-0.3157200900622636,4299244.886524113,0.1001617378507188,-0.3125966619273039,-0.3329377260416175,0.08839988025520423,0.1060540511023939,-0.21639608129824706,-0.2949759909519805,-0.2940521327602208,0.10524329191076137,0.09944446044901782
False,0.95,0.01,0.12,0.04,1367195.7546276697,0.085230751527469,-0.2155483143774594,-0.2972564971821507,0.5,0.2150306157354427,1792081.44265411,0.1084082738405733,-0.3052579203159558,-0.3162509283798762,3.0,0.4674295438157446,4385762.861600163,0.101217802909878,-0.3125966619273039,-0.3364053143617647,4.0,0.3457569045090653,1766445.8576030734,0.1069070767642897,-0.3052579203159558,-0.3162509283798762,4303163.266253414,0.1002100210611927,-0.3125966619273039,-0.3364053143617647,0.08874781481520749,0.10674306131995738,-0.21657039879204595,-0.29066413603426633,-0.2925816583808564,0.10478967696274862,0.09942617556205158
False,0.95,0.01,0.12,0.06,1367195.7546276697,0.085230751527469,-0.2155483143774594,-0.2972564971821507,0.0,0.2180053867015714,1806197.29895062,0.1092263461946317,-0.3052821448091684,-0.3146743723924349,2.0,0.4674329423122753,4290841.983993948,0.1000579891420714,-0.3125966619273039,-0.3225349610811749,2.0,0.3483041327631141,1774276.6081333684,0.1073659157752368,-0.3052579203159558,-0.3146743723924349,4247430.127439378,0.0995129545771223,-0.3125966619273039,-0.3225349610811749,0.08753331133418703,0.10694112609686056,-0.21748540787037138,-0.29120501208805477,-0.2907837912653634,0.10607551770416597,0.09921488124033973
False,0.95,0.01,0.14,0.03,1462604.0037004347,0.092545939774185,-0.2344956085550468,-0.2849461659506779,0.5,0.221603918558531,1716527.8235673206,0.1039177530243627,-0.2964092513333174,-0.2988095826592389,4.0,0.4735021507089395,4423959.987222448,0.1016500989332747,-0.296419765333532,-0.3197213909205941,6.0,0.3481967900992596,1692145.0525867846,0.1024391637338278,-0.2964092513333174,-0.2988095826592389,4310867.095483976,0.1002662314501465,-0.296419765333532,-0.3197213909205941,0.0931316340439128,0.10508367516987012,-0.2306588234938838,-0.290400519301987,-0.291727518969742,0.10405277900332448,0.10030312860709084
False,0.95,0.01,0.14,0.04,1462604.0037004347,0.092545939774185,-0.2344956085550468,-0.2849461659506779,0.5,0.221814414921761,1724190.291016095,0.1043851120408873,-0.2964092513333174,-0.2987407884651963,3.0,0.4743921641098001,4428056.735594319,0.1017141747978146,-0.2975785782503684,-0.3198344738182466,4.0,0.3468535500084262,1708990.3416181807,0.1034681610175365,-0.2964092513333174,-0.2987407884651963,4369793.594129903,0.1009866674851167,-0.2975785782503684,-0.3198344738182466,0.0929925391198579,0.10499964767031,-0.22911929666614847,-0.28819928222948293,-0.29121573677112983,0.10389552385430469,0.10017127599547963
False,0.95,0.01,0.14,0.06,1462604.0037004347,0.092545939774185,-0.2344956085550468,-0.2849461659506779,0.0,0.2217573071394094,1701874.4268597062,0.1030355304524288,-0.2964092513333174,-0.2987700289295819,1.0,0.4683228401285024,4432404.184965257,0.1017681991124942,-0.2968026742574153,-0.3243952419092879,3.0,0.3472736610751845,1714485.4725441262,0.1038023103162267,-0.2964092513333174,-0.2987700289295819,4371330.113485469,0.1010345555327664,-0.296419765333532,-0.3243952419092879,0.09186828334111287,0.10552103415815006,-0.22709352972074118,-0.28901253043412894,-0.29043979219012533,0.10500152842880417,0.09914856846421034
False,0.95,0.01,0.16,0.03,1532834.2485068946,0.097647593548552,-0.2383110486312377,-0.2914904065054337,2.0,0.2220382417588103,1659792.139537667,0.100434098310832,-0.2748322843643219,-0.2890326324409116,7.5,0.4721155350011184,4257555.347577299,0.0996363086447604,-0.2743436567191803,-0.2989428177949253,10.5,0.3466465875770976,1674002.320040729,0.1013239965255063,-0.2745226844503214,-0.2829709825093965,4125042.260251528,0.0979454920121419,-0.2743164821996227,-0.2989428177949253,0.09617754757522656,0.10435309946963989,-0.23615136261244393,-0.2989282736920651,-0.3002352409170202,0.10342153333243852,0.09958310072566229
False,0.95,0.01,0.16,0.04,1530809.1802017791,0.0975033833305196,-0.2390944760988381,-0.290870520730076,1.5,0.2214463737532557,1674061.520221313,0.1013275482216415,-0.2763355569474979,-0.2961360944983094,5.0,0.4704465666630019,4273592.521106762,0.0998344499407772,-0.2767709330800295,-0.3011491221941064,8.0,0.3435379471518638,1662235.360027623,0.1005928273516234,-0.2754653728813342,-0.2801154263510859,4211918.651950993,0.0990679963591252,-0.2767709330800295,-0.3011491221941064,0.09583950300130649,0.10518543156570699,-0.23478270713537794,-0.2959629616713379,-0.2984597894603907,0.10422920505462376,0.09899518159460292
False,0.95,0.01,0.16,0.06,1521086.0428907424,0.09680910963112,-0.2297488233187541,-0.2844601937709676,0.5,0.2193200475729297,1745014.7774022412,0.1056352696354182,-0.2701297398954806,-0.2948935881544355,2.0,0.4657098186085369,4161459.82141124,0.098424892884245,-0.2701336837328635,-0.3014394676596214,3.5,0.3429727947477087,1721195.5036623296,0.104201911407823,-0.2701271591866557,-0.2865215298485247,4044760.581446176,0.0969106993230943,-0.270126733341253,-0.3014394676596214,0.09497722454174916,0.10458120087472879,-0.230105804502266,-0.2984633806485554,-0.29913542489043277,0.1037557264960839,0.09840965036161185
False,0.95,0.01,0.2,0.03,1476509.7746632455,0.0935731756256156,-0.2416442087296418,-0.2937348726939625,1.0,0.2203942735292621,1779418.2991232155,0.1075840666664088,-0.3143229300055705,-0.362132454185195,9.0,0.4703680916340859,3931890.864759171,0.0954060750912864,-0.3219269551769464,-0.361368685348272,10.0,0.3481422631351354,1744026.3212423094,0.1055716536100126,-0.3142704666590985,-0.362132454185195,3900287.022889156,0.094966706015082,-0.3219269551769464,-0.361368685348272,0.09735462892126333,0.10465636731955125,-0.23622963391450438,-0.3065264634099315,-0.3086260451487032,0.10469560344040105,0.09896919360688372
False,0.95,0.01,0.2,0.04,1477140.955458914,0.0936196916412763,-0.244375348478783,-0.2956178243926229,1.0,0.2222202488972518,1780444.619344987,0.1076988686344858,-0.3106814795784656,-0.3643852494396409,7.0,0.4716053937252888,3948278.794720156,0.0956270263628465,-0.3154732030918153,-0.363425207994072,7.0,0.3499866958425969,1754191.9479959318,0.1061824256856003,-0.3124114043554528,-0.3643852494396409,3904829.996006715,0.0950286486158936,-0.3154732030918153,-0.363425207994072,0.09692800754867728,0.10546104501962916,-0.23541332532077303,-0.3043101060305265,-0.30776310191764916,0.10569711267359898,0.09845702803015026
False,0.95,0.01,0.2,0.06,1474344.1851715597,0.0934133277783324,-0.2407484624844926,-0.2875077690698693,0.0,0.218184617001274,1679292.5439976607,0.1012151814978258,-0.3252330114181113,-0.3575697790661484,3.0,0.4716801329364317,3959291.8534090016,0.0957777272862795,-0.3224950540331701,-0.3575683306679551,3.0,0.3476871869409275,1679514.7411889955,0.1015867547724667,-0.3188235089157651,-0.3575697790661484,3912598.429678176,0.0951457779982408,-0.3224950540331701,-0.3575683306679551,0.09610913390971443,0.10486951698071667,-0.23042724348858723,-0.3080607344963527,-0.30866697934445014,0.10420253081294703,0.09741592086709308
False,0.95,0.02,0.06,0.03,1255868.5683926195,0.0761317988094805,-0.2269515854858415,-0.2512644667575603,2.0,0.2178671151144731,1821490.3272063215,0.1101052029597472,-0.3100415488155648,-0.3289630583703333,3.0,0.4786611743627774,3830697.074024105,0.0940249339012493,-0.3093814168815876,-0.3197565284633643,5.0,0.3531810106793492,1809226.9850074395,0.1094014792057195,-0.3100415488155648,-0.3289630583703333,3737842.548455241,0.0927248803540765,-0.3093814168815876,-0.3197565284633643,0.07858188546973999,0.11022932373948562,-0.2118794712341321,-0.30172937485173795,-0.301094841095811,0.10986078633911212,0.09459528495630591
False,0.95,0.02,0.06,0.04,1253497.7711242917,0.0759294029150955,-0.227912552004915,-0.2544447301513612,2.0,0.2186249235548112,1810235.0608369056,0.1094595895411085,-0.3129784958224587,-0.3259751148976236,3.0,0.4764337887064053,3803062.322412369,0.093641703060477,-0.3148262739031015,-0.3256700714403307,4.5,0.3532448456737315,1788896.0705706675,0.1082223853228881,-0.3129784958224587,-0.3259751148976236,3699288.0958951823,0.0921761456514413,-0.3148262739031015,-0.3256700714403307,0.0786884211378207,0.10974498196678834,-0.21168189256176118,-0.30251128830431845,-0.30348625060634976,0.10939593961518922,0.09435017031849872
False,0.95,0.02,0.06,0.06,1252459.6731697335,0.0758414830059399,-0.1974645256282692,-0.2273872437336316,0.0,0.2121608901646836,1846102.4246662424,0.1115088568409031,-0.302123003120813,-0.3185852875431052,1.0,0.4739326038197285,3880507.332457565,0.0947109865660177,-0.3070981802476921,-0.3182078475284466,1.0,0.3504154621895644,1827407.169097683,0.1104449454005818,-0.302123003120813,-0.3185852875431052,3826729.322409051,0.0939690973901219,-0.3070981802476921,-0.3182078475284466,0.07865691221146447,0.11008858565416085,-0.20074209685493374,-0.2954835885922912,-0.29583227594446565,0.10976045757327653,0.09409942876369981
False,0.95,0.02,0.08,0.03,1315187.3343613597,0.0810756325726692,-0.2174886254264962,-0.2583096503731213,2.0,0.2214003290660702,1779331.3710200463,0.1076637103362672,-0.3014648694223497,-0.3245362369583047,2.0,0.480886351160662,3976295.487200666,0.0960054201611227,-0.2985895840564012,-0.3283801218883441,5.0,0.3569413599298261,1809982.92620848,0.1094443974342516,-0.2997890203687103,-0.3245362369583047,3987319.969128641,0.0961508708023261,-0.2985895840564012,-0.3283801218883441,0.08077894658741164,0.10858512046535208,-0.20866966158062622,-0.29965613268318436,-0.2977957950630297,0.10879117845814337,0.0954225652558027
False,0.95,0.02,0.08,0.04,1318816.5995391964,0.0813717509329902,-0.2201269976388362,-0.2593373823931015,1.0,0.2224284555349331,1775575.4261497674,0.1074426146216238,-0.3028738587593317,-0.3245362369583047,2.0,0.4795014648826812,3940666.269066614,0.0955277073298368,-0.3022057056979175,-0.3283801218883438,3.0,0.3573980431326355,1805641.510256247,0.1091943264600427,-0.3028738587593317,-0.3245362369583047,3958107.055723119,0.0957622403254064,-0.3022057056979175,-0.3283801218883438,0.08108653424234175,0.10888218022660322,-0.20854910483868316,-0.29826001979591843,-0.2992775980160636,0.10865472872548132,0.0953361910630566
False,0.95,0.02,0.08,0.06,1346846.0768370042,0.0836338866293554,-0.1929927974735309,-0.2516493491398377,0.0,0.2163752774429773,1786164.820959767,0.1080626254161407,-0.2989015824699244,-0.3245362369583047,1.0,0.4778290917914407,3947670.1898216633,0.0956219932434577,-0.2877412191318524,-0.328380121888344,1.0,0.3553889791834262,1816650.0577389773,0.1098285623542758,-0.2989015824699244,-0.3245362369583047,4065447.482256842,0.0971844313250176,-0.2877412191318524,-0.328380121888344,0.08090583982892244,0.10911995721910034,-0.20364477364432576,-0.29386468889667733,-0.29297285232892367,0.10910005454401736,0.0950309282022578
False,0.95,0.02,0.1,0.03,1360265.8995379554,0.0847015068497116,-0.2024752109259214,-0.2797211878238827,3.0,0.2243152605747439,1741270.32713049,0.1054134447871413,-0.296131346862048,-0.3135633899296632,5.5,0.4876726019998826,4094988.5339125367,0.0975689204115201,-0.3009117235020881,-0.3152778143071469,9.0,0.3589015741336303,1761234.038454372,0.1065986917473684,-0.2908928409887494,-0.3125352251873151,4094476.201029701,0.0975627679847277,-0.3009117235020881,-0.3152778143071469,0.08502123508355186,0.10706656733447645,-0.2088109189349977,-0.292412153258635,-0.29287373437334996,0.10731504262325393,0.09731915257404862
False,0.95,0.02,0.1,0.04,1375839.3986076757,0.0859291249501551,-0.2063358349410358,-0.2734652011693836,1.0,0.2227797711531925,1776396.105360275,0.1074920741989882,-0.2898761835864281,-0.3221934358904602,2.0,0.4825586946176484,4136460.939746595,0.0981034882895947,-0.2978235401994909,-0.322996345753282,4.0,0.3554748901703607,1746393.8928431435,0.1057164434750654,-0.2898761835864281,-0.3054705514843387,4123623.376336184,0.0979393440385147,-0.2972943926628854,-0.322996345753282,0.08561813543147864,0.10745288455900691,-0.2095826058820324,-0.28985317701225066,-0.2937467926995231,0.10733021344494077,0.09756282812969573
False,0.95,0.02,0.1,0.06,1369106.7320365305,0.0854001263773291,-0.2082482671321613,-0.2729177292639188,1.0,0.2241876833467031,1794839.550110696,0.1085679442109858,-0.2898761835864281,-0.3065895224469957,1.0,0.4789270823758366,4239369.923452791,0.0994110236551082,-0.2978235401994909,-0.3088675268520369,3.0,0.3578417021953317,1750773.1054659248,0.1059793792849866,-0.2898761835864281,-0.3040556697854011,4182799.1762232566,0.0986987040133583,-0.295452540629289,-0.3088675268520369,0.08486111816675439,0.10727615914021922,-0.20882237662008285,-0.2888953335789355,-0.2886067423756319,0.1077028862320774,0.09668634696567444
False,0.95,0.02,0.12,0.03,1430478.5053973328,0.0901374204566406,-0.2206228543494057,-0.2677043249307362,2.0,0.2284830773359928,1750539.7076163688,0.1059655707967671,-0.286629175824618,-0.2910004007754361,3.5,0.4914879777658928,4381974.440886011,0.1011754645765359,-0.2866301123106645,-0.3081001361527763,6.0,0.3600278169947547,1749022.924049797,0.1058672019700324,-0.2863181957300523,-0.2910004007754361,4341355.217666946,0.1006684559091296,-0.2866301123106645,-0.3081001361527763,0.08944172169100045,0.10511294830642559,-0.21553820730423406,-0.2894479535932649,-0.2900715639235808,0.10480134011618349,0.09882220196119627
False,0.95,0.02,0.12,0.04,1444541.5217674212,0.0911966506504499,-0.2226451096859812,-0.2707988453920125,1.5,0.2251253575115645,1724932.942335495,0.1044305321729011,-0.2869438287030614,-0.293072870996496,2.0,0.4920651141328477,4379660.441143035,0.1011504373223254,-0.2866301123106644,-0.3120919645582418,5.0,0.3606197498017517,1703074.9036750605,0.1031093645707131,-0.286629175824618,-0.2910018586851557,4349592.15132026,0.1007833732489963,-0.2866301123106644,-0.3103392578053879,0.08993862684616909,0.10567334979848046,-0.21784322912261894,-0.2861312512707801,-0.28954218996033654,0.10484864333814016,0.0988792019961
False,0.95,0.02,0.12,0.06,1400688.857644881,0.0878616925545351,-0.2259831512936455,-0.272477426503187,0.0,0.2242996334955759,1730306.6671225438,0.1047556869352427,-0.2869405289795306,-0.2912289395657172,1.0,0.4932929338352909,4325603.745896978,0.100488295084562,-0.286949914465504,-0.3015730531177396,2.0,0.3598518050543336,1755999.7533822516,0.1062866227860329,-0.286629175824618,-0.2910018586851557,4307523.257874836,0.1002641501794451,-0.2866301123106645,-0.3010542233098575,0.08900122433992054,0.1056427402734414,-0.21873380689845467,-0.2861064914467125,-0.2874630690040617,0.10574721214987552,0.0983114615788532
False,0.95,0.02,0.14,0.03,1497427.119746313,0.0951008299921211,-0.2374940314615991,-0.275754096421418,3.0,0.2324054358257981,1710774.5856667291,0.1035753745152717,-0.2710545371793469,-0.2969147518008305,5.0,0.4932063986374568,4283908.969731115,0.0999717309931641,-0.2704874995737766,-0.2967095256960537,10.0,0.3579356594664595,1641711.2019491524,0.099307622499199,-0.2695349248199341,-0.2768002411321403,4181338.3425736064,0.0986792690867259,-0.2704874995737766,-0.2829844242923143,0.09295239696636655,0.10459359433401057,-0.2244047378028156,-0.29016872369165997,-0.2922007711572754,0.10416690449597513,0.09926239513378926
False,0.95,0.02,0.14,0.04,1492981.408863274,0.0947790480389448,-0.2325473329741286,-0.2673440418404028,2.0,0.2309219064019113,1732480.9155090712,0.1048832972748379,-0.262128094572604,-0.2920468022375402,3.0,0.4911269679706617,4161649.211141158,0.098428802649202,-0.2621277508413792,-0.2917825510579542,6.0,0.3604608543195177,1638698.74417834,0.0991186186158101,-0.2621199465304269,-0.2770317970328558,4232335.990627896,0.0993261117739487,-0.262127750841379,-0.2917825510579542,0.09292088946579992,0.10436313620296395,-0.22592160793192573,-0.2878057466449949,-0.2919323764716498,0.1039223666079452,0.09928725488386966
False,0.95,0.02,0.14,0.06,1467163.9317862373,0.0928808718374522,-0.2244302445042001,-0.2700785465695308,2.0,0.2325122142104066,1733932.977490546,0.1049736068730772,-0.262128094572604,-0.303412113264485,2.0,0.4861703700876476,4209370.923022342,0.0990260195888046,-0.2633419577073805,-0.2931363146169307,4.0,0.357748943735799,1683819.705257711,0.1019219254084887,-0.2621199382152137,-0.2744408181576815,4247609.151884222,0.0995139457893632,-0.262127750841379,-0.2931363146169307,0.09222092065636119,0.10456929063966154,-0.22360381367421406,-0.2880621216482615,-0.29087289008994155,0.10472257013095952,0.09814635795069591
False,0.95,0.02,0.16,0.03,1539589.8662906908,0.0981272689645091,-0.2374810835885543,-0.2740060809378403,4.0,0.232321585390216,1768034.4746458982,0.1067442776407313,-0.3082199467943621,-0.3413249824880028,10.5,0.4903021283804412,4177637.6611878905,0.0986329984431616,-0.3098874179539947,-0.3369543188780683,16.0,0.3625229860654919,1781153.4606443578,0.1077387683861027,-0.301920745666734,-0.3413249824880028,4224870.926554063,0.0992310112340459,-0.3042257304012085,-0.3369543188780683,0.09469483447871639,0.10375843023709283,-0.22804100910557054,-0.30316887394777575,-0.30490443367407405,0.10352109314391773,0.09812552856433938
False,0.95,0.02,0.16,0.04,1519560.7802055131,0.0966994613975791,-0.2303849383054368,-0.2681909159338118,3.0,0.231899436141794,1765947.794707399,0.1065631224710189,-0.3021210415044611,-0.3381127490307927,7.0,0.4926498789458734,4181503.372937453,0.0986819883528806,-0.3115903842170336,-0.3378859610513854,11.0,0.3603750155211014,1823396.496893006,0.1101770948058554,-0.2957425416944267,-0.3381127490307927,4091348.984494065,0.0975212651654897,-0.302465406172021,-0.3378859610513854,0.09427836118804672,0.10409020524703584,-0.22998628281283137,-0.30029652285011393,-0.3033151415719606,0.10373776719343746,0.09774498575104865
False,0.95,0.02,0.16,0.06,1508184.133825153,0.095881334721916,-0.2323550362753412,-0.2692363043561237,2.0,0.2305414641726337,1744887.206448063,0.1054997648581017,-0.3131854230146726,-0.3390355019948761,5.0,0.4813764276987307,3911208.9740531486,0.0951260149730849,-0.3128138610502848,-0.3363059732437283,7.0,0.3584718073140218,1758893.744112171,0.1064304848790169,-0.294145925852117,-0.3377526633550861,4036676.740273737,0.096806751554797,-0.304865890468791,-0.3363059732437283,0.0944019870566807,0.10349518239571052,-0.22571566222407036,-0.3016776783684281,-0.3034650577855762,0.1034531300885442,0.09729700225099866
False,0.95,0.02,0.2,0.03,1567240.2531823723,0.1000704775463766,-0.2274821947085838,-0.2656532082765569,5.0,0.2312018594514857,1715490.2460121303,0.1038630266602329,-0.3287306924754717,-0.3331065026846226,14.5,0.4967858712615671,4467579.157622089,0.1022013922483265,-0.3283461507446911,-0.3307585506120687,20.5,0.3648344284178965,1720199.240645083,0.1041479952399826,-0.3282517556035353,-0.3327361329088565,4267037.000450414,0.0997605500979195,-0.3283461507446911,-0.3307585506120687,0.09496807534884404,0.1039915167315736,-0.22838679026674558,-0.3099356621043363,-0.3110953518320935,0.10406591448300846,0.09739643414936272
False,0.95,0.02,0.2,0.04,1564643.483150289,0.0998894938253341,-0.2277985384000342,-0.2651369678738351,4.0,0.2304629001829785,1755467.3592321454,0.1062546407513705,-0.3281023460916815,-0.3361424789576537,12.0,0.4889635092152783,4262575.778699804,0.0996846474640967,-0.3272178872817182,-0.3360662378126147,15.0,0.3652507258144496,1748445.8162480448,0.1058361028513168,-0.3281023460916815,-0.3361424789576537,4338431.950920161,0.1006365580385324,-0.3272178872817182,-0.3360662378126147,0.0943799930094001,0.10417219667720125,-0.22936243827949485,-0.3077785344327706,-0.31005444640951624,0.10414744605545667,0.0971503599986771
False,0.95,0.02,0.2,0.06,1542492.378712682,0.0983327635074893,-0.2188566518757611,-0.2727859926006435,2.0,0.2312243815411601,1770347.915510478,0.107127851931521,-0.3236947636571461,-0.3381451855766752,7.0,0.4900318465118031,4313493.235215269,0.1003350483247629,-0.3292253185614821,-0.3380517536116398,9.0,0.3610744177436139,1727611.1060498976,0.1045909721924815,-0.3236947636571461,-0.3381451855766752,4278053.087509051,0.0998946546518672,-0.3285293581847081,-0.3380517536116398,0.09481268304319736,0.1032781762332425,-0.2263454214837283,-0.31032559827112277,-0.3112856347727268,0.10323164680202972,0.09640625654467051
False,0.95,0.03,0.06,0.03,1281043.406138637,0.0782557182232022,-0.2184169123039682,-0.2491586420273953,1.0,0.2292899280981059,1801838.3931484665,0.1089740359167121,-0.2994623985994692,-0.3171831358642339,1.0,0.5039948190677844,3831412.5387766855,0.0940338689452781,-0.2924194667811594,-0.3171845723329519,2.0,0.3713239660475937,1774857.5625299509,0.107401424261468,-0.2994623985994692,-0.3171831358642339,3903205.8858761294,0.095020581534467,-0.2924194667811594,-0.3171845723329519,0.08092066856128603,0.10637735650908542,-0.21690298509192418,-0.2921916516072391,-0.2932322814169597,0.10735083398990199,0.09418717947385352
False,0.95,0.03,0.06,0.04,1282975.4097042568,0.0784171369706114,-0.2184169123039682,-0.2491586420273953,1.0,0.2296952561605482,1809823.9089529105,0.1094358246507199,-0.3030494708433672,-0.3171831358642339,1.0,0.5039661349843496,3830318.4184550666,0.0940173646526606,-0.2924194667811594,-0.3171845723329519,2.0,0.3721607002328191,1772948.1097024258,0.1072895444121402,-0.3030494708433672,-0.3171831358642339,3913707.612545186,0.0951632124288838,-0.2924194667811594,-0.3171845723329519,0.08100175250368663,0.10614644095347207,-0.2165017590817502,-0.29176386249211383,-0.29298913239244556,0.10744626492507163,0.0942322292816437
False,0.95,0.03,0.06,0.06,1280090.834915463,0.0781760435329889,-0.2184169123039682,-0.2491586420273953,0.0,0.2293072537966467,1807085.0846367516,0.109277484497583,-0.2895710308909403,-0.3171831358642339,0.0,0.5007175429356965,3850470.008665957,0.0942983822976243,-0.2913536164863343,-0.3171845723329519,0.0,0.3713676718551439,1784635.1324237208,0.1079709323977067,-0.2895710308909403,-0.3171831358642339,3910740.797310154,0.0951229098912863,-0.2913536164863343,-0.3171845723329519,0.08124988892494465,0.1058937369074174,-0.20589805932056993,-0.2872266833567892,-0.2894243941472766,0.107381070081972,0.094350653683013
False,0.95,0.03,0.08,0.03,1340850.7889060874,0.0831537470481109,-0.2156692601107084,-0.2646908623282389,1.0,0.2321938029636428,1771317.3044952443,0.1071928837892705,-0.2804046670107897,-0.3014706644499158,5.0,0.5032463466571191,3897091.4515826474,0.0949362003273188,-0.2916141964053008,-0.2990958882001122,7.5,0.3735950125970972,1798530.4568934366,0.1087824718043226,-0.2813174848573369,-0.2974307142139443,3981301.573749012,0.0960717331245478,-0.2903761588955923,-0.296893273433939,0.08334968085156241,0.10545596372529638,-0.2145293385512799,-0.28752022762972135,-0.28947488062684773,0.10611555266205526,0.09533097771650186
False,0.95,0.03,0.08,0.04,1336536.8906841204,0.0828073692018768,-0.2081035452383948,-0.2584896743761191,0.0,0.2307008241498298,1773626.0190045107,0.107329040472625,-0.2819316933646717,-0.2998207987132802,3.0,0.5022471452146,3930681.73409476,0.0953893582428545,-0.2913072020207507,-0.2972510113241929,3.5,0.3724940638080959,1832146.348994536,0.1107156759065987,-0.2816264606392757,-0.2987331117244527,3963772.284549221,0.0958373495022129,-0.2872315188062384,-0.2972510113241929,0.08356766539504783,0.10534336156986399,-0.214520949563954,-0.28620821997542173,-0.28842514415382325,0.10626781149914549,0.09510368507073919
False,0.95,0.03,0.08,0.06,1336683.0904634106,0.0828191399525481,-0.2081035452383948,-0.2584896743761191,0.0,0.2307008241498298,1781317.5101649368,0.1077752234865804,-0.2808790712297647,-0.3018385934955395,1.0,0.4990038023995706,3908681.032237493,0.0950944300781563,-0.2928105359812154,-0.2984477395639001,2.0,0.3717500230367715,1830379.876791941,0.1106150174252544,-0.2818775114011889,-0.3007877968477768,3986096.874614328,0.0961364174632618,-0.2902841778205556,-0.2984477395639001,0.08392500213805731,0.10494197269930078,-0.2085335546602655,-0.2830187186641345,-0.2864151500694391,0.10620443828586029,0.09534216972266998
False,0.95,0.03,0.1,0.03,1404233.0208498072,0.0881348666874551,-0.2165344477748721,-0.263586416717566,2.0,0.2322923845055399,1699464.8262778274,0.1028895102045492,-0.2760238839795862,-0.3117992404196454,4.0,0.5062888083118459,4137420.5277016,0.0981140794249049,-0.2754143515763533,-0.289331647102839,8.5,0.37079693269093,1713647.3683234318,0.1037500457323872,-0.2754114945532382,-0.2860947154444385,4111542.988545825,0.097783997232334,-0.2754143515763533,-0.2858180301118153,0.0878034342774056,0.1037234095797599,-0.21186926538680514,-0.2823970572838,-0.2840981399189058,0.104524471407187,0.09678052101666682
False,0.95,0.03,0.1,0.04,1414384.9519534204,0.0889137824539553,-0.2126645610179219,-0.260682888058061,1.0,0.2339842509075193,1703237.0025563485,0.1031185776481544,-0.276026727056695,-0.3034077290344237,3.0,0.5029895569561318,4118867.730630077,0.0978788619634277,-0.2760240315510511,-0.2860866195550808,5.0,0.3733664899015345,1741008.871452943,0.1053820800300543,-0.2754114945532382,-0.2829956661996418,4101381.686498761,0.0976463872485476,-0.2754143515763533,-0.2858180301118149,0.08836767255214793,0.10357903717295819,-0.21334257354575564,-0.2811840521579107,-0.2839559418772032,0.10449465082288552,0.09675694537167716
False,0.95,0.03,0.1,0.06,1422605.8450008929,0.0895304728800343,-0.223895253177453,-0.2622666162202926,1.0,0.2324763079161385,1683273.0700248284,0.101892514921155,-0.2754106156826406,-0.2923489287508541,2.0,0.5001287015663403,4031121.223650247,0.0967329967240152,-0.2767504760589428,-0.2887333966894071,4.0,0.3709247765293684,1755532.3363798675,0.1062614135174863,-0.2748031155006161,-0.2832622481861323,4150796.261206019,0.0982899180043542,-0.2760219397750901,-0.2858180301118151,0.08816559067818981,0.10327833328828945,-0.21150594688251495,-0.2807201257447925,-0.28317579162130424,0.10456545792904162,0.0964064236248634
False,0.95,0.03,0.12,0.03,1450547.8589332905,0.0916430585512464,-0.2148742298407369,-0.258663086756103,2.0,0.2364138022560595,1724700.1048099776,0.1044190737341582,-0.2577096482566156,-0.3140249835433365,4.0,0.4991004265400147,4089043.29748172,0.0974896532753154,-0.2602564000077522,-0.2895100051995761,8.0,0.3683133758855896,1692450.045417393,0.1024546986845139,-0.2577095650262479,-0.2822724944249359,4249868.466127832,0.0995422848419237,-0.2577096482566159,-0.2748733560002604,0.09171147907614749,0.10256233883306226,-0.2136667191614069,-0.28371790746906256,-0.28565996992160625,0.10277315769601784,0.09760200595913074
False,0.95,0.03,0.12,0.04,1470837.5944025037,0.0931466654474314,-0.2218431342240345,-0.2587950176678805,1.0,0.2333975912522511,1733909.406453599,0.1049729447740357,-0.2577095650262479,-0.3035902026665532,2.5,0.5019969141269461,4193284.863903622,0.0988171683088043,-0.2645624612080399,-0.2816324781181211,5.0,0.3699886931063767,1707236.6546391645,0.1033491994618648,-0.2577096482566156,-0.288833040837454,4162797.631645444,0.098431889786981,-0.2582504732978156,-0.2797861945358789,0.0922307472976165,0.10272541679538175,-0.21698235153689363,-0.28163358031799685,-0.28436571376575503,0.10267175104205446,0.09735871119300082
False,0.95,0.03,0.12,0.06,1441573.6678372417,0.0909657045348235,-0.225353983631395,-0.2575646787563377,1.0,0.2320018925319781,1708953.2699750937,0.1034669441222205,-0.2577095650262479,-0.3053752222442057,1.0,0.5040166199944873,4001557.033998348,0.0963396077539591,-0.2623873179164037,-0.2879607520687053,3.0,0.371699089643669,1702106.9084761874,0.1030463353463931,-0.2577095650262479,-0.2791431940587731,4087423.466746158,0.0974709227833817,-0.258402945066536,-0.2830294359698541,0.09163617888542072,0.10260023340769503,-0.21590135994488124,-0.28069129117742564,-0.2842451679177836,0.10348857267073655,0.09702359974421972
False,0.95,0.03,0.14,0.03,1493265.3828240298,0.0947982884490772,-0.2100587003330155,-0.2590122822226281,3.5,0.2373287081776976,1691656.8915699122,0.1023836442047595,-0.3014421043912994,-0.3287262554256554,6.5,0.506742799325803,4061247.646759651,0.0971293222564393,-0.3106605271667969,-0.3265090098634824,10.5,0.376411302525493,1744802.8028561557,0.105547565164182,-0.2928425836175871,-0.3272504493419431,4065718.70530264,0.0971872286249216,-0.2927371743627624,-0.3265090098634824,0.09401568009950137,0.10254122144412783,-0.21693225725597126,-0.2942364593477207,-0.2949242713327975,0.10305329149796198,0.09727597028792233
False,0.95,0.03,0.14,0.04,1494646.6373606657,0.09490030482289,-0.226658974109338,-0.2612985552653465,2.0,0.238473242795783,1693278.3602043504,0.1025102578443897,-0.29746015314848,-0.3225463131255304,4.0,0.5054446339899927,4025530.765996221,0.0966597343203585,-0.3098032665988001,-0.3225459762858481,6.0,0.3755313281880977,1754133.526798389,0.1061684487748505,-0.2852799035158221,-0.3225225663633676,4032847.4716825546,0.0967560484942243,-0.294677579951655,-0.3213116590047238,0.09391560010820343,0.10230553528645732,-0.2190573779433138,-0.291001313143634,-0.2933680737836319,0.1027805246523523,0.0972891690843216
False,0.95,0.03,0.14,0.06,1500354.738138739,0.0953149736393049,-0.2144425780550161,-0.2600875597697868,1.0,0.2368656429869691,1714088.514131866,0.1037784468364337,-0.2946081697831951,-0.3298643133686009,3.0,0.5042237686450137,4009703.538351958,0.0964412622896662,-0.303327079469029,-0.3280323968561297,4.0,0.3718268674825817,1750934.7107652086,0.1059640542600043,-0.2837334847024935,-0.3298173852652372,3993785.1896242895,0.0962268568471241,-0.2864380188857173,-0.3280323968561297,0.09318756239449964,0.10216371018910901,-0.21646775333425505,-0.29148447613593076,-0.29343652368010065,0.10335899623465962,0.09614681137697817
False,0.95,0.03,0.16,0.03,1446725.93499272,0.0913404214334985,-0.2107567690882851,-0.2632680136089034,1.0,0.2326220251680671,1719003.1450285236,0.1040375800479566,-0.3099636447651028,-0.3132488801316908,11.5,0.5126520344770079,4045692.798585101,0.0969238090298036,-0.3085248994224772,-0.3120595373121407,11.0,0.3763250765158862,1737490.712446319,0.1051832025951335,-0.3078813315213745,-0.3127591591181488,4188650.5996640334,0.0987720570899406,-0.3085248994224772,-0.3118169483002363,0.09481788378468588,0.1028693210770676,-0.2186234047764417,-0.3064284493932863,-0.30752733788534287,0.10232513429397565,0.09690973556768685
False,0.95,0.03,0.16,0.04,1432533.299056586,0.0902858002027305,-0.2100765830570684,-0.2629177494197296,1.0,0.2312670180880391,1681523.787161336,0.1017871371863901,-0.3058863082533284,-0.3174744602088442,9.0,0.5089797920693235,4058184.5062918393,0.0970807353527865,-0.3057312398112298,-0.3159368615536606,8.0,0.3706733877978433,1691653.0688071202,0.1024105081089632,-0.3058863082533284,-0.3146469127390672,4194767.687014554,0.0988468580441692,-0.3048593000180968,-0.3144542152299526,0.09421164350014366,0.10290005396202348,-0.2200113927385144,-0.3033856515274273,-0.305626823186939,0.10272696337100355,0.09622728838616393
False,0.95,0.03,0.16,0.06,1461992.2748989067,0.0924979076864449,-0.2100765830570684,-0.2629177494197296,0.0,0.2335672819838228,1664819.2961543363,0.1007520198493994,-0.306166177420137,-0.3184563858378797,4.5,0.513813630242339,3949422.6489115953,0.0956449407273758,-0.3095028602832891,-0.3163211343426702,5.0,0.3776014804753355,1710224.0342649496,0.1034835709994133,-0.3043235453405525,-0.3175350780310814,4140715.0738473497,0.0981426990016297,-0.3057271094236824,-0.3163211343426702,0.0943079799844215,0.10233667679375172,-0.21633665229044122,-0.30334872252843276,-0.30483377424849173,0.10294745139712481,0.09556591505593975
False,0.95,0.03,0.2,0.03,1416160.8164204264,0.0890495149745124,-0.2146454368541708,-0.2702688797060666,3.0,0.2272694241503606,1673678.977784495,0.10128605106328,-0.323544474221189,-0.323555528465696,5.5,0.5141229241789622,3657722.119849123,0.0915780214388379,-0.3235430309752711,-0.3235553067446902,9.5,0.3759526527951199,1659647.1430725432,0.1004298705413132,-0.323544474221189,-0.323555528465696,3848526.9424269167,0.0942712709598893,-0.3235430309752711,-0.3235553067446902,0.09488986346075506,0.1034629748605787,-0.21852964181514967,-0.31419776831528895,-0.3141951287386862,0.10278738019633345,0.09675017232262162
False,0.95,0.03,0.2,0.04,1406210.2508571153,0.0882821276589611,-0.2244447453368087,-0.2708728940277007,1.0,0.2277797187306732,1675852.3660303084,0.1014018627983008,-0.323544474221189,-0.323555528465696,4.0,0.5116467295488241,3686533.351399772,0.0919933125186751,-0.323543030975271,-0.3235553067446903,6.0,0.3761487412099681,1647740.2194083943,0.0996857175293809,-0.323544474221189,-0.323555528465696,3854344.199167733,0.094351141329832,-0.323543030975271,-0.3235553067446903,0.09401713063050232,0.10323526437307924,-0.21866936121011668,-0.3115257229810206,-0.3126538720747155,0.10314596046203146,0.09604518964177784
False,0.95,0.03,0.2,0.06,1454481.8035594882,0.0919416549338816,-0.2262869718909526,-0.2744709030534078,1.0,0.2305655202615545,1643846.5322222817,0.0994389696271889,-0.323544474221189,-0.323555528465696,2.0,0.518200002024277,3766930.979775591,0.093128915072275,-0.3235430309752711,-0.3235553067446902,4.0,0.3790211512990453,1638378.1616114606,0.0990961865609768,-0.323544474221189,-0.323555528465696,3840864.7534531327,0.0941663062810514,-0.3235430309752711,-0.3235553067446902,0.09440888658776538,0.10242045650972896,-0.216546164625382,-0.31263614040785764,-0.3132109366997915,0.10265335690269467,0.09514303143010223
False,0.95,0.04,0.06,0.03,1330090.4521014623,0.0822871242260682,-0.215793704636074,-0.2418100157804791,1.5,0.2432727316563548,1712612.9241624337,0.1036892229276381,-0.2828641792479212,-0.2938237064547682,3.0,0.5209711083766281,3741113.0712394817,0.092771052305317,-0.2890740063273458,-0.2965495497073128,4.5,0.3863299647444775,1773783.6408302872,0.107338349603922,-0.2849681840991895,-0.2943575815125967,3778243.751418962,0.093294781897565,-0.2792085374749703,-0.2948039892835855,0.08207914499639163,0.1051238064396245,-0.2142444249098018,-0.28541087285138006,-0.2878556718909423,0.1063147818248602,0.09377318069518728
False,0.95,0.04,0.06,0.04,1334331.0821290924,0.082629640127351,-0.2173527247159303,-0.2433749397023635,1.0,0.242101392354265,1711394.6240509583,0.1036117487110801,-0.2772844358669105,-0.2875142710966353,1.0,0.5164529388526689,3784251.222901504,0.0933757427438294,-0.2796588244332214,-0.2956897511626601,2.0,0.3860398445391694,1769597.159439823,0.1070926542210787,-0.2825480790884676,-0.2896697839097634,3841874.128092189,0.0941796418584538,-0.279655771443486,-0.2941237094742811,0.08217734029350851,0.10499411038952505,-0.21274275121168748,-0.28368270509272314,-0.2852257036884136,0.10681521944187472,0.0940559913248871
False,0.95,0.04,0.06,0.06,1331473.614785158,0.082398600542616,-0.2113127526907996,-0.244485677028735,0.0,0.2380215877459516,1684397.6958122435,0.1019658290952767,-0.2770848947139314,-0.2883311680495785,0.0,0.5158289039455887,3786796.544026104,0.0934140913857983,-0.2834806067802713,-0.2949886448803973,0.0,0.3843101848635836,1743921.2489588936,0.1055716542108424,-0.2825480790884676,-0.288657664668718,3775212.492969999,0.0932522249680826,-0.2796557714434859,-0.2862585863455716,0.08200599097859317,0.10394773479686513,-0.21123275820540482,-0.2805838786374995,-0.28542674137602886,0.10600322818424357,0.09394273557215066
False,0.95,0.04,0.08,0.03,1359240.452512402,0.0846199904881852,-0.2070978225884567,-0.2648263613641882,0.0,0.2418356905320283,1663168.1077570615,0.1006390831248773,-0.2789122465473402,-0.2872879204907781,4.5,0.5231707246762072,3782404.150061018,0.0933516012028352,-0.2783150180499633,-0.2970431246164193,5.0,0.3882317476050846,1680677.86280857,0.1017368816297283,-0.2753292203554581,-0.2894792474165514,3822740.743411844,0.0939154548670934,-0.2770835733127814,-0.2899328139252407,0.08470636490536672,0.10432021924075197,-0.21397477085387664,-0.28000738059458835,-0.2827318668669254,0.10493256759519297,0.09506325416243744
False,0.95,0.04,0.08,0.04,1362203.9979614315,0.0848552148741949,-0.2070978225884567,-0.2648263613641882,0.0,0.2412086038277849,1646491.5005892562,0.0995998277236752,-0.2724652202959433,-0.292540780631194,3.0,0.5233068821635316,3788716.661708312,0.0934414996602039,-0.2775173215185229,-0.299548922850727,2.0,0.3855196842520814,1687649.6449098906,0.1021630032276813,-0.2701711981808855,-0.2848789592297981,3781158.003036186,0.0933356532539669,-0.2741146660559644,-0.2888876891989317,0.0848131182928649,0.10394932929450923,-0.21271886024846653,-0.2783575736017628,-0.2801617962639833,0.10554619137238552,0.09477671115945735
False,0.95,0.04,0.08,0.06,1359360.8659561854,0.0846301798862197,-0.2070978225884567,-0.2648263613641882,0.0,0.2423993794371715,1601903.9214121222,0.0967724021080204,-0.2748005177153617,-0.2997967490632417,0.0,0.5213766247600445,3754779.744863093,0.0929640385270237,-0.2740622062562943,-0.2845526895921916,1.0,0.3853667705863709,1650448.9686496286,0.0998553087031708,-0.2726636022116963,-0.2876901743906966,3825711.101225345,0.0939560552713933,-0.2756290832494104,-0.2862577873466845,0.08507492053831524,0.1027230546376129,-0.2130160669514047,-0.27604461646667416,-0.2808455685076527,0.10493117625548308,0.09472258733990772
False,0.95,0.04,0.1,0.03,1452405.0151058172,0.0917867427591788,-0.2103364777091806,-0.2507671873205167,2.0,0.2426964214427507,1693772.2954907792,0.1025365794814645,-0.2623769081824233,-0.3110177358175457,4.0,0.5246095779250999,4065305.1653855257,0.0971727227689706,-0.2695541620614299,-0.2900821061035216,8.0,0.3870798299666192,1662123.547789813,0.1005862325393297,-0.2731440181532882,-0.2899764977936198,4009848.959323926,0.0964518376306065,-0.2703463701430784,-0.2880083898070144,0.08905272476960481,0.10241132671627724,-0.2110394496299038,-0.2762246872408641,-0.2784586399001665,0.10313499191883842,0.0960458140001371
False,0.95,0.04,0.1,0.04,1445311.2584559617,0.0912555661292001,-0.2126775956261274,-0.2541195510967681,2.0,0.2436703629190528,1662539.4846453464,0.1006009565608008,-0.2593878941829892,-0.3019400409553594,2.0,0.5250330716364748,3869288.796644548,0.0945574396937681,-0.2640439312791942,-0.2935319537926956,6.0,0.386971027397065,1662922.3724211291,0.1006341904367599,-0.2696623404420845,-0.2837605949679709,3997195.483662169,0.0962840731216339,-0.2645869433033389,-0.2883195116817241,0.08946858773928938,0.10214101892718509,-0.2118292032743246,-0.27516043306206256,-0.2781573531144594,0.10373862048335807,0.09600514590055624
False,0.95,0.04,0.1,0.06,1467319.812643076,0.0928950864354845,-0.2092701157093557,-0.25323920304429,1.0,0.2423577720680768,1631454.3084125535,0.0986548737170619,-0.2585215685674064,-0.3024002157419161,1.0,0.5178890427911104,3964084.8226527353,0.0958315850268285,-0.2666159694828578,-0.2956466945019467,3.0,0.38683772618327,1641779.9546089778,0.0993127312784379,-0.2672924733486607,-0.2790001373722437,4071921.970063851,0.0972522204026771,-0.262933710861387,-0.2914487874952225,0.0894324350904148,0.10135312383870598,-0.21272155100721615,-0.27512713944454154,-0.27934457513248184,0.10316575948934655,0.09535608344010711
False,0.95,0.04,0.12,0.03,1495718.2114028716,0.0949779430834525,-0.2017244597554681,-0.2509925955802859,4.0,0.2438277934517592,1602240.4181939757,0.0967908299633438,-0.3019207694684294,-0.3155405335330729,4.5,0.5302206524297972,3919022.5987713807,0.0952106270014777,-0.2955977113001994,-0.3144515100043326,9.5,0.3926294217009316,1676891.8264836248,0.1014996211227488,-0.2919917722066378,-0.3145236622374747,3932486.0823579966,0.0954139948855202,-0.2867763339152523,-0.313603856335868,0.09257725906447571,0.10135110989973002,-0.21040139595262267,-0.28327435122592515,-0.2854850656513211,0.10219748384126014,0.09661698960849274
False,0.95,0.04,0.12,0.04,1507546.6342387858,0.0958329283290777,-0.2085885609510124,-0.2541116337757347,2.0,0.242592480477484,1609139.8778365164,0.0972247663838195,-0.3034414984458281,-0.3256189311950551,2.5,0.5267057082838674,3971895.535143203,0.095946547534279,-0.2954891711091974,-0.3124979416939842,5.0,0.3890552570224893,1655853.2289544032,0.1001875738371895,-0.2941919172014929,-0.3034459480985175,4056534.352832377,0.0970608194548573,-0.2973188445485425,-0.3034462446164242,0.09302865033983311,0.10128714125195142,-0.2152188143718162,-0.2826256859999798,-0.2854516700900435,0.10268355545281692,0.09642427874598088
False,0.95,0.04,0.12,0.06,1506419.2634969768,0.0957540268533787,-0.2026085856982417,-0.2569548778621395,1.0,0.2441834579122667,1645695.4868915994,0.0995567846771976,-0.3034414984458281,-0.3255192786405144,1.0,0.5256674765491779,3914560.0228596553,0.0951738425306599,-0.3034409450991771,-0.3100451002399453,3.0,0.3859957162628708,1651377.7261194985,0.0999037506653368,-0.2949060468198813,-0.3034462446164243,3882292.492586524,0.0947352081079807,-0.2977786140347136,-0.3034462446164243,0.09309715319991169,0.10085081044165824,-0.2140750960956541,-0.2812128022430447,-0.2850151831479462,0.10286820442618679,0.0957145098949171
False,0.95,0.04,0.14,0.03,1484193.7627290878,0.0941226548564442,-0.2088800603024629,-0.2565259634630933,0.0,0.2441808075762555,1638223.175226232,0.099087021810105,-0.3001727930771969,-0.3113944447580269,7.5,0.5350275696062177,3871369.2310419343,0.0945855329238486,-0.3014272417953952,-0.3177719568917918,8.0,0.3928519724349958,1642318.373112881,0.0993467398043991,-0.2983851054148195,-0.3078805942278853,4143094.987955859,0.098191074850506,-0.299144248124865,-0.307931323489817,0.09379593358037358,0.10109762834073006,-0.20946539098403041,-0.2970374123885266,-0.29788556869279037,0.10242767177105394,0.09595058976307323
False,0.95,0.04,0.14,0.04,1484193.7627290878,0.0941226548564442,-0.2088800603024629,-0.2565259634630933,0.0,0.2445963836015887,1641842.2501978576,0.0992953443005084,-0.3017282781396384,-0.3058033476716337,5.0,0.5294164022782055,3878876.2537995074,0.0946859206552477,-0.3027871587939784,-0.3176770905600154,4.5,0.392202563121017,1658811.754321284,0.1003798401761825,-0.2957578583315287,-0.3058033476716337,4036178.453724912,0.0967973709950201,-0.3002016457379788,-0.3056008823632241,0.09376087348114286,0.10081214427655966,-0.21432317008737964,-0.29463647558543,-0.2966607361139349,0.10210327397979868,0.09622354890574773
False,0.95,0.04,0.14,0.06,1484193.7627290878,0.0941226548564442,-0.2088800603024629,-0.2565259634630933,0.0,0.2445963836015887,1617241.7655159114,0.0977552983758808,-0.2975853959529502,-0.3047297552382843,2.0,0.5308714029725395,3812131.216800481,0.0937677650443737,-0.2975693108612668,-0.3103361921996716,2.5,0.3873241863712665,1696855.985085342,0.1027209414894623,-0.2975693253822001,-0.300802155146663,3964153.5983043457,0.0958432564765631,-0.2975658238721193,-0.3020620857037741,0.09367736040609892,0.1007073888392599,-0.21090689132251816,-0.2935177064427616,-0.29630382998295607,0.10259865550639967,0.09511349545772534
False,0.95,0.04,0.16,0.03,1508347.370239107,0.0958932351085227,-0.2104981265842138,-0.2567213784670553,4.0,0.2448748350485863,1650609.8681145222,0.0998676202840573,-0.3110155143725152,-0.3133894109485415,6.0,0.5298711476916909,3855280.453798687,0.0943645940915547,-0.3108466324641212,-0.3126099340110909,11.0,0.3904239554944463,1661338.0081858612,0.1005342032553464,-0.3099548184055918,-0.3126559350937588,4115542.905634552,0.0978328767936217,-0.3104203684262743,-0.3126099340110909,0.09334372959319436,0.10194020181289541,-0.2108588888715397,-0.30830847801506606,-0.3098374954492706,0.10162197042008274,0.0952302497374216
False,0.95,0.04,0.16,0.04,1486101.9446553066,0.0942768872282833,-0.2098917078803616,-0.2594367384488606,2.0,0.2415652948896555,1638136.5719944723,0.0990824151702145,-0.3015930504990568,-0.3061454449870408,4.0,0.5267475151098071,3840215.5544588426,0.0941511872630104,-0.301591119162364,-0.3018634920079094,6.0,0.3868483447775869,1654757.2880189563,0.1001240735197416,-0.301591880694148,-0.3015992456319186,4034546.161207752,0.0967722084183914,-0.301591119162364,-0.3015988405235024,0.09275613137323917,0.10139990419349736,-0.21489528749450496,-0.30635323026301653,-0.3082842310570533,0.10156847567767495,0.09487502616821601
False,0.95,0.04,0.16,0.06,1474356.6042587887,0.0934088948661973,-0.2040795571909249,-0.263949338255483,1.0,0.2443122766401209,1635807.399444663,0.0989348391744275,-0.3015954320282112,-0.3159227687360238,2.0,0.5256468809520023,3781354.125121111,0.0933135544003173,-0.301595466268571,-0.3202585764024364,3.5,0.3894609193801822,1660417.7737127156,0.1004732802777882,-0.301591880694148,-0.3015992387838798,3936079.987913703,0.0954651680763645,-0.301591119162364,-0.3015992387838797,0.09361280829882268,0.10057147791351091,-0.21189798965977813,-0.3051883702519121,-0.30635380515287963,0.10226394668235604,0.0942676921028009
False,0.95,0.04,0.2,0.03,1494068.7843445132,0.0948582627371111,-0.2103142400670901,-0.2547589444490234,7.0,0.2423242220226142,1734020.6901917346,0.1049792934672141,-0.3037123372630927,-0.3209596264095561,12.0,0.5179043356852984,4036181.757456496,0.0968002186840454,-0.3040226408715619,-0.3161514989766576,20.0,0.3877684272160283,1631934.8068251372,0.0986902411601222,-0.3003676933118432,-0.3151311086274228,4042048.1520867087,0.0968765957071384,-0.299734493115928,-0.3155941510887947,0.09278535856341116,0.10254263621562701,-0.21155364314843994,-0.31205899265547493,-0.31173430093335786,0.10120937938797882,0.0949166608110604
False,0.95,0.04,0.2,0.04,1491475.7638627016,0.0946690134701259,-0.2094196542809903,-0.2530140065124827,4.0,0.243840104269728,1723095.8153598122,0.1043224078611806,-0.3079071173164065,-0.3187652461242619,8.0,0.5249045327592448,3878192.112513301,0.0946792668992178,-0.3062495710006767,-0.318157536950122,12.5,0.3872256789801587,1663010.7272198077,0.1006422659569309,-0.3038310579281775,-0.3150405368411741,3883903.112851869,0.0947546083721394,-0.3021978424812366,-0.3137780897086444,0.0918784571400252,0.10164845575402151,-0.21345817263880723,-0.3097327375724952,-0.3092787402373854,0.10071564127875415,0.09447612550842245
False,0.95,0.04,0.2,0.06,1487794.477259336,0.0943907638106631,-0.207622187462244,-0.2530747771009214,3.0,0.2473884560359094,1697538.9671375507,0.1027692936177352,-0.30763057210579,-0.317973871378476,5.0,0.5207274301781055,3779307.680884644,0.0933097150827975,-0.302585083059851,-0.3180201197915793,8.0,0.3856277449807849,1682732.9863040275,0.1018456465064913,-0.2985103627024058,-0.3174933734731198,3814096.476176583,0.0937952570000871,-0.3034461112293563,-0.3159913476908328,0.09305980532429672,0.10047378056718774,-0.21201632490029748,-0.3097341639438318,-0.30930661014674554,0.1012246710861674,0.0938492813206914
False,1.0,0.01,0.06,0.03,1258017.1329273488,0.0763147060844121,-0.2168383536345317,-0.2168625738095908,0.0,0.2055881801558123,1980499.6664534968,0.1188789078299338,-0.3188187548192079,-0.3310247881010608,17.0,0.4693218791047078,4121843.53594476,0.0979172974405104,-0.3144053944692382,-0.3286542168735264,18.0,0.3431629311356508,1895148.2998947017,0.1142534400843765,-0.3188187548192079,-0.3310247881010608,3980128.518551273,0.096056973916304,-0.3144053944692382,-0.3286542168735264,0.07898076520373006,0.11636818943774177,-0.2194608792227427,-0.3229847618997465,-0.3201552586033116,0.11482654433929126,0.0981443061821872
False,1.0,0.01,0.06,0.04,1258017.1329273488,0.0763147060844121,-0.2168383536345317,-0.2168625738095908,0.0,0.2055881801558123,1992650.966169321,0.1195242887947202,-0.3161660496835559,-0.3263874571248389,13.0,0.4693830780221762,4187437.180480106,0.0987579743944037,-0.309378611378611,-0.3214199095743439,13.0,0.3436988641202864,1932288.210888723,0.1162898587657851,-0.3161660496835559,-0.3263874571248389,4054156.71467586,0.0970363025760684,-0.309378611378611,-0.3214199095743439,0.07915722598221664,0.11617104202123077,-0.21329491941881676,-0.3214380790081127,-0.31744613309212494,0.11513623368092314,0.09807472906768759
False,1.0,0.01,0.06,0.06,1258017.1329273488,0.0763147060844121,-0.2168383536345317,-0.2168625738095908,0.0,0.2055881801558123,1960470.6420734865,0.1178075646310465,-0.3092666464185634,-0.3298044721330896,7.0,0.4638193986629473,4111539.215485762,0.0977830256246578,-0.3031408587075247,-0.3168898457288825,7.5,0.3403172301515444,1895293.3040084504,0.1142614647432066,-0.3092666464185634,-0.3298044721330896,4025372.9226929415,0.096657690040668,-0.3031408587075247,-0.3168898457288825,0.07938825694115598,0.1157451762075858,-0.21329491941881676,-0.3214794804741184,-0.32178466764852937,0.11481364052213025,0.09754183082220955
False,1.0,0.01,0.08,0.03,1294366.5621178509,0.0793644668147238,-0.2005378347451394,-0.2826008169090169,1.0,0.218652895312504,1868991.2047970751,0.1127974412267721,-0.3346969663509074,-0.3482795783445771,5.0,0.479924257557098,3989339.6192207616,0.0961798086917938,-0.3346928841010032,-0.3482749750033008,6.0,0.3550818082549716,1845460.1276412727,0.1114726543969745,-0.3346969663509074,-0.3482795783445771,3910389.596381085,0.0951181989833639,-0.3346928841010032,-0.3482749750033008,0.08100993858987528,0.11596549300485093,-0.21739426535681675,-0.3204655995205155,-0.3168379521121351,0.11546950453540622,0.09906146407981892
False,1.0,0.01,0.08,0.04,1294701.7149018038,0.0793922113463159,-0.2005378347451394,-0.2826008169090169,1.0,0.2173324117566362,1871670.8662643395,0.1129476418938001,-0.3335106443264364,-0.3470932632299643,3.0,0.4808983900193387,3972540.087867564,0.0959553916504771,-0.333506555960158,-0.3470886604498792,3.5,0.3556937704373555,1857622.75845874,0.1121596139330523,-0.3335106443264364,-0.3470932632299643,3976303.512347124,0.0960058938746876,-0.333506555960158,-0.3470886604498792,0.08107171557148939,0.11655189355800405,-0.21323899658931203,-0.3178557098094011,-0.3152417524804574,0.11592758183548107,0.09901904775315006
False,1.0,0.01,0.08,0.06,1299496.2591924758,0.079788198703887,-0.2005378347451394,-0.2826008169090169,0.0,0.2162087625078844,1818032.996197576,0.1098886949630686,-0.3407103360045105,-0.3542929127674606,1.0,0.4779207168967824,3908367.637877482,0.095090575681654,-0.3407062846068722,-0.3542883063519276,2.0,0.3532750590998803,1802026.8625258603,0.1089850951320688,-0.3407103360045105,-0.3542929127674606,3867268.904135109,0.0945295650931603,-0.3407062846068722,-0.3542883063519276,0.08144825781124732,0.11552548899818467,-0.21298541633610843,-0.3189503852528847,-0.31781155569440706,0.1154597056504874,0.09858710155008149
False,1.0,0.01,0.1,0.03,1368614.4662231023,0.0853612058000667,-0.2005907947734638,-0.283273899105407,1.0,0.2229482151106103,1910342.026042458,0.1150904242409991,-0.324051931384937,-0.3464005791841531,8.0,0.4796661720031553,4404893.314829046,0.1014576937251805,-0.312438996450324,-0.3390828141352431,9.5,0.3628644798187627,1933562.9565097715,0.1163586293342958,-0.3234845733211193,-0.3464005791841531,4326824.861263801,0.1005033809765527,-0.312438996450324,-0.3390828141352431,0.08556765577107633,0.1130516515031923,-0.22009886063996123,-0.31694469606381187,-0.315325388131195,0.11384663153795095,0.10066764717376019
False,1.0,0.01,0.1,0.04,1366482.9756231746,0.0851927732454689,-0.2003230213841393,-0.283273899105407,1.0,0.2219576728209308,1933825.580832899,0.1163722448874327,-0.3160828373542444,-0.3484997449981106,5.0,0.4750335638218396,4377902.895520227,0.1011295815866005,-0.315233601565822,-0.3448595728463037,5.5,0.3633687798601888,1952629.8924502856,0.1173889190206122,-0.3160828373542444,-0.3484997449981106,4276845.170424568,0.0998788758561143,-0.315233601565822,-0.3448595728463037,0.08534485334264445,0.11443413474426443,-0.2188995137576187,-0.3148833130185575,-0.3150438448984783,0.11481030001926242,0.10018016455875987
False,1.0,0.01,0.1,0.06,1375008.9380228885,0.085863678072261,-0.1988015398649175,-0.283273899105407,0.0,0.2211245238889822,1928752.4644047287,0.1160975387997781,-0.3155998119962169,-0.3557912175393146,3.0,0.4782725874677354,4380709.475198161,0.1011633488198261,-0.3064256497465209,-0.3552620306775602,2.5,0.3614120181403842,1937600.5079809425,0.1165775019890973,-0.3153789676835541,-0.3557912175393146,4276135.128252841,0.0998722994944014,-0.3064256497465209,-0.3552620306775602,0.0855325693722141,0.11440397769826716,-0.21791975395396526,-0.3163553528051626,-0.31760273209114515,0.11501173921658374,0.0995737189787985
False,1.0,0.01,0.12,0.03,1400433.6786915497,0.0878221364614997,-0.2232782688449358,-0.3015234515607333,3.0,0.2200062931035995,1856000.4457759256,0.1120679454164066,-0.3209726728872214,-0.3339711147094384,7.5,0.484478894306971,4515413.493496538,0.1027713296776542,-0.3207668078032274,-0.346663734386374,11.0,0.3566995467553694,1845127.9233070293,0.1114486763179013,-0.3193475774644006,-0.3339711147094384,4507957.995885984,0.1026930495783876,-0.3207668078032274,-0.346663734386374,0.09048065468150727,0.11151057431232388,-0.23006641468591624,-0.3065002769916448,-0.30488241596784293,0.11172627584425648,0.10262742984473028
False,1.0,0.01,0.12,0.04,1388299.0143637708,0.0868926160867563,-0.2234565187018211,-0.3042056088318731,1.0,0.222850031930368,1895624.6531781508,0.1142739306895516,-0.3233943870399617,-0.3422927196177603,5.0,0.4859422482872088,4323907.826549513,0.1004674043208008,-0.3212874144521491,-0.3485547018601271,6.5,0.3573095459764089,1891625.532669098,0.1140551371894206,-0.3199869292316802,-0.3314362928613925,4435712.255631119,0.1018288272884261,-0.3212874144521491,-0.3485547018601271,0.08982758694433658,0.11324217137097352,-0.22915887803676518,-0.30611781460008264,-0.3063316003237468,0.11233170522960395,0.10163549407096378
False,1.0,0.01,0.12,0.06,1396427.2567591667,0.0875244399524152,-0.2236710266720678,-0.3090720751618724,1.0,0.2242516356570554,1897038.8284157964,0.1143537645113145,-0.3137923315782968,-0.3343233573136583,2.0,0.4811145767204141,4186920.290178492,0.0987468263120182,-0.3162926200724423,-0.3433404910020599,4.0,0.3594076625462035,1889581.292263409,0.1139455521565874,-0.3137923315782968,-0.3234543667364056,4282892.898564118,0.0999590540383061,-0.3162926200724423,-0.3433404910020599,0.08984016338524409,0.11424737646815471,-0.22797124592260545,-0.3045972192552409,-0.30500473820849894,0.11364406540129429,0.10045748009479917
False,1.0,0.01,0.14,0.03,1495030.0488216323,0.0949282619031545,-0.245118488926558,-0.299157463422063,3.0,0.2284329582155156,1772531.0351978785,0.1072651970499057,-0.3089574497738817,-0.3103836818423536,8.0,0.4923452355381577,4628733.21588666,0.1040587503605615,-0.3087833555778634,-0.3282230660040809,13.0,0.3619765078756408,1778796.704221798,0.107608284652591,-0.308459533030672,-0.3103836818423536,4527599.181348031,0.102867486621075,-0.3087833555778634,-0.3282230660040809,0.09469690206280805,0.1086188886227995,-0.2381541995701255,-0.30262034709335844,-0.3027217220807125,0.10818327327791649,0.10346066815858294
False,1.0,0.01,0.14,0.04,1482591.3607278154,0.0940198974221809,-0.245649230382231,-0.2991465072636352,2.0,0.2308904576025577,1807857.386893516,0.1093221337312999,-0.3099128986940239,-0.313754070340543,6.0,0.4884838030619953,4453616.65061406,0.1020446236425439,-0.3094375483237222,-0.3266081856751888,9.0,0.3606598259959143,1729795.5198343666,0.1047229238486235,-0.3098567879981251,-0.312235626929799,4532489.665695443,0.1029699138993557,-0.3094375483237222,-0.3266081856751888,0.09391553399813407,0.10988756733464304,-0.2384178063674942,-0.30441247088033635,-0.30384759127191646,0.10801372935240285,0.10237986886651916
False,1.0,0.01,0.14,0.06,1485184.661726619,0.094209506858566,-0.2475054069251548,-0.3031273027219954,1.0,0.2306589889846109,1865520.7832276565,0.1125914694567996,-0.304914596840877,-0.3070502626655267,3.5,0.4845579687347776,4361723.078308545,0.1009318641343015,-0.3055274287607007,-0.3357927715655015,5.0,0.3611498175425752,1825508.4662577745,0.1103223960921907,-0.304914596840877,-0.3070502626655267,4533219.529227154,0.1029919141947998,-0.3049183330630743,-0.3357927715655015,0.09385712507577192,0.11139569956582601,-0.23725537102899738,-0.30032832706102985,-0.3038238698250843,0.10981931525962467,0.10081850782827904
False,1.0,0.01,0.16,0.03,1554703.5525927893,0.0991934192708021,-0.2346216327351688,-0.2829739484238426,5.0,0.228451890310403,1764407.3575722876,0.1067864527023731,-0.2858017740734929,-0.2947335440625066,13.0,0.491323616816969,4553049.531226853,0.1032143388296404,-0.2862252065647643,-0.3130090702734396,14.0,0.361164335672849,1745784.6725745434,0.1056248773992638,-0.2849265907019989,-0.2921843892393776,4375444.59522507,0.1010976248718759,-0.2861142209674258,-0.3112617672089875,0.09615182022108167,0.10925680419248096,-0.23834472393042386,-0.3121722682025056,-0.3099295352694366,0.1085174501985917,0.10288469041413796
False,1.0,0.01,0.16,0.04,1543645.493544815,0.0984142510612581,-0.2413807200249627,-0.2881985339705679,3.0,0.2288395062525981,1763978.3129291432,0.1067613068162007,-0.2890391841893273,-0.3092263526739605,8.5,0.4897379794598375,4453672.30401918,0.1020417033955543,-0.2894442392672072,-0.3178960303804868,10.0,0.3596088861128253,1715315.8426087245,0.1038345531344606,-0.2890391841893273,-0.3085085294367253,4390550.384464432,0.1012816595747678,-0.2894442392672072,-0.3039975458653756,0.09554090068155692,0.10822240883632002,-0.23989538430029678,-0.31480091918009573,-0.31201196980388435,0.10757317820497113,0.10162384256634653
False,1.0,0.01,0.16,0.06,1538966.8124356112,0.0980830682406558,-0.2400104191597185,-0.289646534670089,1.5,0.2265636500001255,1737474.4190955823,0.1051858266058547,-0.2892725573782229,-0.3347645695851996,4.0,0.4860620227920019,4353421.429129463,0.1008298751497975,-0.2886413191205623,-0.3203467665621958,6.0,0.3572807592823988,1715041.8314077863,0.1038315074734502,-0.2892691251656173,-0.2981994426723437,4368516.383712182,0.1010139659329096,-0.2886413191205623,-0.3203467665621958,0.09550651835303194,0.10813036865036196,-0.23953072775811543,-0.3135845810041316,-0.3126474533683478,0.10857244473929574,0.10006601514377705
False,1.0,0.01,0.2,0.03,1506073.6344169108,0.095727620607999,-0.2485858189230146,-0.2848685140142381,4.0,0.2278172985611131,1873675.6669279968,0.1129910299024715,-0.3340118510065093,-0.3772776813376056,13.0,0.4898944886485986,4293638.551710298,0.1000918066955027,-0.3230151042815615,-0.3733024622276674,19.0,0.3623359688765094,1820453.4490299516,0.1100313348764571,-0.3198232467368126,-0.3772776813376056,4124664.604513465,0.0979475971658331,-0.3230151042815615,-0.3733024622276674,0.09636501925124544,0.10910270173501992,-0.2370152717630477,-0.3209001324775538,-0.31764271840638625,0.10870267278034895,0.1022975143279769
False,1.0,0.01,0.2,0.04,1506139.657826615,0.0957302502663766,-0.2493798324533093,-0.2895766523774744,3.0,0.2275503358662067,1759865.5455184751,0.1064991175533043,-0.3426819561794175,-0.3774614065945005,9.0,0.4935073152004628,4147250.501126008,0.098243476649488,-0.3321394321760398,-0.3773031278877101,13.0,0.3604857672008565,1810606.2820849416,0.1094680100394753,-0.3205602756088724,-0.3774614065945005,4016105.086971908,0.0965351582984253,-0.3321394321760398,-0.3773031278877101,0.09607706651451905,0.10726215665797555,-0.2389035469680698,-0.3236224521628239,-0.31953009785343717,0.10783117613701654,0.10136464592199974
False,1.0,0.01,0.2,0.06,1493837.558513248,0.0948404269675432,-0.2498094279285031,-0.2993778823805701,1.0,0.2294836382268424,1724553.6202142444,0.1039355944396308,-0.3495361841689722,-0.3770516967192926,5.5,0.4930270835402865,4080026.714515437,0.0973733435246337,-0.333792649757179,-0.3755723527595255,7.0,0.3617665491645407,1782611.8949564637,0.1078451166227804,-0.3403402348085135,-0.3770516967192926,3964660.76027062,0.0958425516012888,-0.333792649757179,-0.3755723527595255,0.09605717144578546,0.10560322191410912,-0.23866837062055724,-0.32318350314429173,-0.32167619515351153,0.10790474036178162,0.09991630535314562
False,1.0,0.02,0.06,0.03,1273644.701152424,0.0776355038715853,-0.2388032310018168,-0.2594697690215251,2.0,0.2267957608772061,1968055.782909276,0.1182173685610168,-0.3210206990419572,-0.3298665508457866,8.0,0.4962983419176811,4151620.6885328135,0.0983005381411388,-0.3145514689728208,-0.3256168879670225,10.0,0.3689253553403368,1927641.4031920712,0.1160365930404675,-0.3210206990419572,-0.3298665508457866,4090354.744122801,0.097508466883597,-0.3145514689728208,-0.3256168879670225,0.08036308482248947,0.11469036190603708,-0.2232748578267442,-0.31811930412335326,-0.3160250502103845,0.11391025226044481,0.09827963396179078
False,1.0,0.02,0.06,0.04,1281255.7022398517,0.078273461423342,-0.214139391786113,-0.2502132782914019,0.0,0.2237795333852006,1958811.3272722976,0.1177222726644395,-0.3226775694087668,-0.3290724877809518,5.0,0.4962583498209876,4127350.513576895,0.0979884472394901,-0.314181026131942,-0.3267883396425534,5.0,0.3653353238402376,1913587.8858722935,0.1152691425381959,-0.3226775694087668,-0.3290724877809518,4092612.118420302,0.09753810606258,-0.314181026131942,-0.3267883396425534,0.08050736238673308,0.11517371096792124,-0.21916421795746022,-0.31771681196323326,-0.313513364778178,0.11422803443521905,0.09836697449679761
False,1.0,0.02,0.06,0.06,1281255.7022398517,0.078273461423342,-0.214139391786113,-0.2502132782914019,0.0,0.222654722187797,1961457.6353139605,0.1178642085728868,-0.3173290007307579,-0.3390689818552961,3.0,0.4964283037377636,4048021.043715447,0.0969559949101046,-0.3192299089946749,-0.3309870380927153,3.0,0.3646520262160537,1944873.0187137933,0.1169713474649299,-0.3173290007307579,-0.3390689818552961,4052693.705017823,0.0970158518654638,-0.3192299089946749,-0.3309870380927153,0.08082638272967425,0.1141253891437649,-0.21916421795746022,-0.31774441294057043,-0.3159650653068365,0.1138854034509313,0.09810316985142858
False,1.0,0.02,0.08,0.03,1334067.9822775023,0.082608384044199,-0.221664097509483,-0.258748579236897,0.5,0.2317228212075769,1919251.8841317145,0.1155790401332444,-0.3174026273869136,-0.3359005460213293,6.0,0.4990579973453047,4300676.12590616,0.1001795804553058,-0.3169712868701842,-0.3392985947171201,7.0,0.3745171608730201,1955483.3204115524,0.1175434898353466,-0.3152207544461375,-0.3359005460213293,4257593.0298012085,0.0996432370168636,-0.3169712868701842,-0.3392985947171201,0.08223005266523635,0.11439655585468876,-0.22035706731371346,-0.31403609097732627,-0.31235655147237046,0.11413359087298142,0.09918846634506516
False,1.0,0.02,0.08,0.04,1334566.9006869616,0.0826485250747965,-0.221664097509483,-0.258748579236897,0.5,0.2311643780165131,1899423.0578209849,0.1144899647319633,-0.3133980526136918,-0.3306136336758868,3.0,0.4978300634576042,4253907.801578339,0.0995971029863794,-0.3127183388977888,-0.3400667242752666,3.5,0.3735877020554906,1942183.3006770853,0.1168263194866593,-0.3099830023769179,-0.3306136336758868,4322880.820451625,0.1004547311550246,-0.3127183388977888,-0.3400667242752666,0.08232598574664682,0.11516563151412518,-0.21758688813537697,-0.3134014876873225,-0.31082170049039193,0.1148464433307227,0.09916959378418196
False,1.0,0.02,0.08,0.06,1341135.456717675,0.0831766615529828,-0.221664097509483,-0.258748579236897,0.0,0.2317228212075769,1953191.421193927,0.1174202366633413,-0.3186119387426419,-0.3303025884779762,3.0,0.4958202176252064,4313463.705585226,0.1003377270724218,-0.3240616182850457,-0.3449886136939134,3.0,0.3741868495176587,1983455.4361004825,0.1190366547483157,-0.3186119387426419,-0.3303025884779762,4175699.4356272905,0.098608445290678,-0.3240616182850457,-0.3449886136939134,0.08268701370891764,0.1140576438746607,-0.2174178346332412,-0.3145107506212159,-0.3123224653398944,0.11455359986917167,0.0989512242518835
False,1.0,0.02,0.1,0.03,1361195.1047651714,0.0847753649242647,-0.225931280476466,-0.2790196547653404,1.0,0.2341456140232037,1912924.2772711976,0.1152297760371393,-0.3068026181391701,-0.3255896569399583,7.0,0.5035867130811175,4314003.1466245055,0.1003338660249842,-0.3079676818092404,-0.3291711751599201,8.0,0.3760419780380423,1948303.696964125,0.1171522205209764,-0.3058055339936482,-0.3255896569399583,4353088.800357146,0.100826040466332,-0.3079676818092404,-0.3291711751599201,0.08668661408830751,0.11208832873472464,-0.22229629772300039,-0.30779777860176466,-0.3074691984638023,0.11241271080346833,0.10073638155861298
False,1.0,0.02,0.1,0.04,1359088.6171284977,0.0846086162546009,-0.225931280476466,-0.2790196547653404,1.0,0.2335550503718599,1968786.207739159,0.1182549483756685,-0.3052991054697115,-0.3292035401231231,6.0,0.5026214658262582,4341695.591349062,0.1006857886615495,-0.3064323809484227,-0.3260522603760892,6.0,0.376878602247751,1957140.9076503008,0.1176316372685816,-0.3028568328198139,-0.3292035401231231,4342557.622889355,0.1006934025240796,-0.3064323809484227,-0.3260522603760892,0.08664430133430494,0.1134757646948295,-0.22149673313477203,-0.30730145384781543,-0.30661809112414773,0.11336056023211616,0.10046297951585928
False,1.0,0.02,0.1,0.06,1367514.5676751947,0.085272841030599,-0.225931280476466,-0.2790196547653404,0.0,0.2327550618242394,1891911.3479335932,0.1140746903589866,-0.3121845776246178,-0.3283046335510723,3.0,0.5079236486269643,4302603.165227128,0.1001919371918246,-0.3133050138258038,-0.3274081273817995,3.0,0.3759500574171388,1944054.7365606253,0.116926169825306,-0.3091025377715374,-0.3257432966705924,4371208.1346268505,0.1010479152521033,-0.3133050138258038,-0.3274081273817995,0.08679661388458389,0.11332920141523013,-0.22084355993233643,-0.3091753424633037,-0.3092040657649856,0.11381186150406035,0.09995884355046214
False,1.0,0.02,0.12,0.03,1475232.3897269557,0.0934743765817042,-0.2485908874902796,-0.2834437748725462,4.0,0.2336710309972465,1777303.4507005792,0.1075452819645923,-0.2977413602337219,-0.3132044274687413,6.5,0.5058820444125381,4542335.800476262,0.1030836044676425,-0.2991146717531909,-0.3143692123167195,12.0,0.3752494167339341,1804087.2519755084,0.1091041188222112,-0.2977413602337219,-0.31000085929626,4516784.483400229,0.1027944997708948,-0.2994231274951916,-0.309770115678037,0.09113287373177871,0.11099608997153987,-0.22848580597932683,-0.3022334293384206,-0.3013764379948774,0.11063318506860505,0.10260145193142042
False,1.0,0.02,0.12,0.04,1473346.57488687,0.0933343780479282,-0.2414843297286636,-0.2876274982911536,2.0,0.2388371813014275,1824745.2615979635,0.1102660778871704,-0.2976148513072993,-0.3153187533093387,4.0,0.5029197150534708,4554778.877574418,0.1032457181467519,-0.3010847775665296,-0.3256377807741862,8.0,0.3750022600715409,1833874.358403077,0.1108001732172486,-0.293051852076623,-0.3079437625075084,4600659.527466894,0.1037737950052557,-0.301086277141586,-0.319753222116986,0.09071790061067153,0.11243573127226719,-0.22788078154655947,-0.3016505041197343,-0.3021256784415829,0.1115865483597031,0.10169166412541863
False,1.0,0.02,0.12,0.06,1449523.722473593,0.0915695969211395,-0.2369127444557179,-0.2807899337982048,1.0,0.234577911230418,1901306.521948923,0.1145889408931138,-0.2972331208846915,-0.3127279991670562,2.0,0.503606294379675,4442838.85102502,0.1019118987950463,-0.3048252060101859,-0.3148134196363254,4.0,0.3764232676178137,1901426.921001384,0.1145994614481271,-0.293133143521573,-0.3108060159507101,4545906.930388542,0.1031414614618925,-0.3048252060101859,-0.313438804887567,0.09075345343517571,0.11303784908304346,-0.2270890268037863,-0.3031182799052841,-0.30328640796723233,0.11243177201511963,0.10066571024206665
False,1.0,0.02,0.14,0.03,1517109.7718550577,0.0965225824183538,-0.2368887676037943,-0.2741154457522987,4.0,0.2366300104552444,1852409.872928747,0.1118648211649003,-0.2804756295309367,-0.2956926691311458,10.0,0.5068720663821008,4624602.253206457,0.1040593348123588,-0.2802229824132114,-0.3162835455605108,12.5,0.3745651977474974,1796859.8416567962,0.1086857254175633,-0.2771998712598925,-0.3011681771013764,4535043.076146939,0.1030130890549708,-0.2797180283405897,-0.2840172018132312,0.09518437598379975,0.10873613580829687,-0.23410156233068768,-0.3048211462312935,-0.3030213191801834,0.10778995435060634,0.10307925807876225
False,1.0,0.02,0.14,0.04,1495018.325310044,0.0949172406090844,-0.2381088875472704,-0.2789474305889037,2.0,0.2366715938340405,1836540.5762598207,0.110963692654718,-0.2844028077352549,-0.3025772897082894,7.0,0.5157039934664855,4470277.813352011,0.1022398480675362,-0.2845138790858352,-0.3021323824560166,9.5,0.3755886018740259,1809063.733128664,0.1093914408331372,-0.2835929722153193,-0.2972471254843667,4585442.107315449,0.1035838880287305,-0.2832612281458936,-0.2887679719202044,0.09465595316535011,0.11016867552527623,-0.2344529422146725,-0.30530383399826194,-0.30406548954219104,0.10834190757492707,0.10217269556249657
False,1.0,0.02,0.14,0.06,1490654.5248618808,0.0946009174764838,-0.2350054771413087,-0.2788615390674381,1.0,0.2362481811912777,1886559.3902495569,0.1137778547889357,-0.2838588766067458,-0.3284587937747981,4.0,0.5075685637140694,4270049.8066364,0.0997990053157783,-0.28365251083534,-0.298778274823974,6.0,0.3745585907614543,1810852.131634728,0.1094933108964572,-0.2837507415630684,-0.2915189826016952,4428581.198633628,0.1017432571600925,-0.2836425783776846,-0.298778274823974,0.09475835193942594,0.11086549025165617,-0.2351524901437109,-0.30497832781920503,-0.3061323386402338,0.10947314755681142,0.10088660663884952
False,1.0,0.02,0.16,0.03,1513225.5371300534,0.096240635741334,-0.2404271518200165,-0.2771840060064817,2.0,0.2414361814626202,1754508.3423215137,0.106183633438619,-0.321773196060896,-0.3484048089346693,9.5,0.5142578164709695,4584439.020401119,0.1035766508036402,-0.3212173083720178,-0.3500863832047634,11.0,0.3830466791861555,1764637.3223159318,0.1066279570579683,-0.307085102321911,-0.3484048089346693,4699250.510103128,0.1048310379580911,-0.3212173083720178,-0.3499146591005315,0.0967761695947778,0.10876780558700752,-0.23452762645480915,-0.31769974696563213,-0.3144900449659881,0.10804489544056356,0.10276277457893286
False,1.0,0.02,0.16,0.04,1508747.6603963524,0.0959148207615965,-0.2404271518200165,-0.2771840060064817,1.5,0.2414389351857484,1780621.605300794,0.1077382622289176,-0.3221106963161509,-0.3528800400607196,7.5,0.5159689257548937,4640311.478503473,0.1042399156259279,-0.3173176889360554,-0.3535599552843121,8.0,0.3843857202285355,1739005.2926252624,0.1052781478915266,-0.3098030337848413,-0.3528800400607196,4650891.629406499,0.1043196845493971,-0.3173176889360554,-0.3532093330825018,0.09644158627136507,0.10865151149116131,-0.23461002073624984,-0.3191889958663252,-0.3164878720233363,0.10823857209393505,0.10168783903658622
False,1.0,0.02,0.16,0.06,1525925.0484235403,0.0971552210053711,-0.2404271518200165,-0.2771840060064817,1.0,0.2410293217656823,1782963.8160827516,0.1078763411389377,-0.3128984790773453,-0.3560561477280171,4.5,0.5164556478064148,4507823.400001338,0.1026915772627325,-0.3240041341512745,-0.3558805357264148,5.0,0.3833155018836777,1764323.2687263468,0.1067236634909354,-0.3026588500157213,-0.3560561477280171,4640528.228623249,0.1042046686371025,-0.3240041341512745,-0.3558805357264148,0.09679146736551801,0.10834856075395632,-0.23780163513429653,-0.3204617683584943,-0.31813448619477264,0.10845565906243387,0.1003538016671813
False,1.0,0.02,0.2,0.03,1486421.1432860373,0.0942984013848466,-0.2244264835739908,-0.2897459003089854,2.0,0.2352413005063315,1828013.3230657077,0.1104496908966161,-0.3420137087693168,-0.3479502512468633,12.0,0.5306252011640209,4476510.2459248025,0.1023072609831243,-0.3401132544072013,-0.3475770389785028,14.0,0.3820560224710201,1864381.9759360333,0.1125265217877066,-0.3420137087693168,-0.3479502512468633,4409207.87355341,0.1015073765767746,-0.3401132544072013,-0.3467256583106003,0.09717666752492088,0.10865689805483696,-0.23380575462838293,-0.3255250978716185,-0.3217832085397738,0.10812183075309961,0.10191821658469165
False,1.0,0.02,0.2,0.04,1485745.0887102252,0.094248943968845,-0.2244264835739908,-0.2897459003089854,2.0,0.2375820145220555,1785937.465683414,0.1080499400334796,-0.3406579719664,-0.3469945690339498,8.0,0.5209750406551223,4363459.062013223,0.1009334880170288,-0.3392190310344463,-0.3461925315617412,11.0,0.3827641543790274,1868062.330362875,0.1127439934826036,-0.3406579719664,-0.3464933703986053,4432861.474508031,0.1017956535370812,-0.3390780357072712,-0.3438842561188499,0.09711862112791474,0.10804314690489326,-0.23363753581735247,-0.32812539161841003,-0.3239915752232116,0.10836623331700901,0.10130826951036968
False,1.0,0.02,0.2,0.06,1484392.999177277,0.0941499695695717,-0.2244264835739908,-0.2897459003089854,2.0,0.2394073926584623,1741312.0216899791,0.1054151254720133,-0.3410267919526266,-0.3547455388753124,5.0,0.5248332253818724,4189620.90261402,0.0987704254754188,-0.3402666775850304,-0.3562946312947485,7.0,0.3858308524593068,1876521.9533989748,0.1132186738599605,-0.3410267919526266,-0.3547455388753124,4337167.3587111365,0.1006307460312696,-0.3395103882088998,-0.3546922921017677,0.09766456171851345,0.10690884028846814,-0.23863282972492872,-0.3285747899670671,-0.32594951865643157,0.10820867277559486,0.10009774478139426
False,1.0,0.03,0.06,0.03,1305942.2449397163,0.0803191145667051,-0.2317990263080696,-0.2505366827273438,1.0,0.2399127570221184,1895023.347384232,0.114246884222563,-0.31265009204788,-0.3230547143377345,2.0,0.5195003992682916,4043008.496826539,0.0968899298421167,-0.3126474401446749,-0.3230520550474756,3.0,0.3877564553559902,1881250.8437955424,0.1134826743775813,-0.31265009204788,-0.3230547143377345,4074430.291707345,0.0973018221045572,-0.3126474401446749,-0.3230520550474756,0.08320910489923726,0.11175456925916487,-0.2287904930407986,-0.3087012953140233,-0.3071537122161748,0.11258399349898983,0.09842037021151552
False,1.0,0.03,0.06,0.04,1300323.2478729887,0.0798558506251465,-0.2317990263080696,-0.2505366827273438,0.0,0.2388661728142401,1905604.9555192224,0.1148306815542149,-0.31265009204788,-0.3230547143377345,1.0,0.5191272010548318,4064548.173512981,0.0971726525658681,-0.3126474401446749,-0.3230520550474757,2.0,0.3866356177671853,1888640.9422455493,0.1138933495122543,-0.31265009204788,-0.3230547143377345,4063515.9657365,0.0971591538918484,-0.3126474401446749,-0.3230520550474757,0.08337242636845409,0.11265248551657131,-0.22350850962322585,-0.3092584103929619,-0.305494018428248,0.11252307783957594,0.0986357004250943
False,1.0,0.03,0.06,0.06,1312363.7461067387,0.0808458488470363,-0.2317990263080696,-0.2505366827273438,0.0,0.2389788601476845,1868569.79244784,0.112774385614178,-0.31265009204788,-0.3230547143377345,0.0,0.5164137891712,4100734.728173446,0.0976440524819836,-0.3126474401446749,-0.3230520550474757,0.0,0.3857263110594572,1869219.539183725,0.1128099081886493,-0.31265009204788,-0.3230547143377345,4125153.240197991,0.0979601020733234,-0.3126474401446749,-0.3230520550474757,0.08376960965159284,0.11141820912829874,-0.22368149413731897,-0.3074017533724582,-0.3082258245018153,0.1126254813932679,0.09869333761249192
False,1.0,0.03,0.08,0.03,1375968.1707129187,0.0859363335533115,-0.2300066037614247,-0.2651710744074258,0.5,0.2426456561181479,1792331.4600979784,0.1084225294626924,-0.3041266850932534,-0.3195862020993524,3.5,0.5210534810493663,4303142.638664387,0.1002106491998791,-0.3028818267043859,-0.321056950663347,5.0,0.39015400164432,1831404.1944969003,0.1106726618279225,-0.3041266850932534,-0.3195862020993524,4322082.105336221,0.1004448905043677,-0.3028818267043859,-0.321056950663347,0.08501667828055251,0.11142253130644218,-0.22723988169865722,-0.30238355209884554,-0.30264498853193045,0.11213909074072384,0.09915639333977354
False,1.0,0.03,0.08,0.04,1384013.5048398902,0.0865594197663854,-0.2300066037614247,-0.2651710744074258,0.0,0.2418336291154487,1846722.490577778,0.1115274161683895,-0.3078984636990688,-0.3143683771547868,1.0,0.5204329194115204,4345265.980715127,0.1007302781441672,-0.2986482161558935,-0.3174116331675789,2.0,0.389904624914845,1835902.5071510293,0.1109299223753674,-0.3078984636990688,-0.3143683771547868,4309955.818407567,0.1002948860448388,-0.2972257735817918,-0.3174116331675789,0.08508680189017312,0.11241458053333862,-0.22326387843940726,-0.30277705850524606,-0.30168927709956006,0.11248904423050846,0.09927658761842967
False,1.0,0.03,0.08,0.06,1384013.5048398902,0.0865594197663854,-0.2300066037614247,-0.2651710744074258,0.0,0.2418336291154487,1802395.660150608,0.1089972444180681,-0.3078984636990688,-0.3143683771547868,1.0,0.5248062394083708,4351580.265894407,0.1008076433377497,-0.2960042811022269,-0.3174116331675786,1.0,0.3888577841713839,1841503.4274636875,0.1112479504284175,-0.3078984636990688,-0.3143683771547868,4316986.876358446,0.1003819510349075,-0.2950352919629647,-0.3174116331675786,0.08542539349848763,0.11140139383865552,-0.22337920144880263,-0.30360765105715903,-0.30417255044321767,0.11276482803578647,0.09922233007027866
False,1.0,0.03,0.1,0.03,1399316.0518635348,0.0877553943278589,-0.2170423836130262,-0.2863431226008501,0.0,0.2429749924557008,1839084.5190131352,0.1111066309778378,-0.28675444453171,-0.3021094396143166,6.0,0.5275991038027723,4386232.799924204,0.1012268335846771,-0.2946519837294623,-0.3062117862733656,7.0,0.3904841308321971,1823650.404730721,0.1102299544388916,-0.2843018702802608,-0.3034876484222623,4407404.511351504,0.1014840767138587,-0.2928527979034612,-0.3026160423415615,0.08947748498901109,0.10968552893251592,-0.22840149984174424,-0.29715997937869865,-0.2975112054486939,0.11030378083504006,0.10087058703534274
False,1.0,0.03,0.1,0.04,1403628.001844938,0.0880883078993532,-0.2170423836130262,-0.2863431226008501,0.0,0.2428776099645249,1834003.6339181012,0.1108212245564979,-0.2929305745825464,-0.301711089589074,4.0,0.5262845431654752,4327687.1698718015,0.1005091268287021,-0.294649133230215,-0.3128487485986627,5.0,0.3895649137114112,1877127.385893524,0.1132292270759962,-0.2863985335892223,-0.3016757523911166,4394799.129681058,0.101335154992675,-0.2924646256699891,-0.3061667507153605,0.08957648049115143,0.11126122758531322,-0.2260844115393671,-0.2966270423233109,-0.2969843610143819,0.11095729493529495,0.10092965314523217
False,1.0,0.03,0.1,0.06,1403628.001844938,0.0880883078993532,-0.2170423836130262,-0.2863431226008501,0.0,0.2428743841648629,1847798.823504407,0.1115942308505923,-0.2963458883266865,-0.30493643623835,2.0,0.5237516393293615,4333646.191967953,0.1005867131467294,-0.2953811326457054,-0.3264093051908483,3.0,0.3903297867125447,1893573.6806614124,0.114166306302554,-0.2908263263781108,-0.3028414717823498,4378173.69901858,0.1011306856970751,-0.2947690995644286,-0.3049895562331008,0.08964003076396222,0.11105646163138487,-0.2256917806295463,-0.29951374473088443,-0.29918355951452075,0.11220129723035074,0.10068211497653533
False,1.0,0.03,0.12,0.03,1469842.9086519894,0.0930818642871392,-0.2330245282927851,-0.2787125661346052,0.0,0.2469777226746524,1836435.8460110207,0.1109558891528379,-0.2776307014080473,-0.2928398412977067,7.0,0.517582285066974,4382448.741250159,0.1011840682003996,-0.2777366469532024,-0.311427012357283,7.0,0.3873062760967791,1780773.4481478152,0.1077319917366949,-0.2764152610415752,-0.299547548783091,4441055.122051388,0.1018943484873741,-0.2780018972631932,-0.2990599600256307,0.0935111241886596,0.10867134005922308,-0.2294996528746091,-0.2979144388961006,-0.2967278257542807,0.10852027700446226,0.10192953906446536
False,1.0,0.03,0.12,0.04,1469842.9086519894,0.0930818642871392,-0.2330245282927851,-0.2787125661346052,0.0,0.2469777226746524,1860630.1460733945,0.1123284330629915,-0.2755841682373792,-0.3030252931167328,5.0,0.5205145216561609,4437126.643162512,0.101846423317305,-0.276002401340351,-0.3300133709409321,4.0,0.3884024954662597,1771855.9351154673,0.1072240925221073,-0.274496781698905,-0.3018133292081777,4426833.679152975,0.1017230404552022,-0.276002401340351,-0.3032753731301553,0.09304094930967725,0.1098462562191278,-0.22734209576005832,-0.29682781145495096,-0.2980389064531901,0.10973395690484442,0.10148009841784718
False,1.0,0.03,0.12,0.06,1473157.9516237022,0.0933263810622319,-0.2330245282927851,-0.2787125661346052,0.0,0.2469777226746524,1871717.8785585489,0.1129474712788078,-0.2802016133130021,-0.3176867943689707,3.0,0.5208764385207374,4350379.768523492,0.1007929215968891,-0.2858347855900677,-0.3108935663816669,3.0,0.3867122922515748,1799206.9991123767,0.1088220615060693,-0.2770623989781898,-0.3029875015402883,4323454.205224225,0.1004618087843127,-0.2790207428806626,-0.3070374944150243,0.09315283797280638,0.11058434911429568,-0.22665429129069986,-0.3014017303322377,-0.30025746735039305,0.1101065948758004,0.10077602879002934
False,1.0,0.03,0.14,0.03,1516428.027250626,0.0964746768819668,-0.2259068537926326,-0.2693309153548989,0.0,0.249285884230171,1782333.5948173977,0.1078388437392399,-0.3167140561561601,-0.336198168625567,11.5,0.528153770521965,4727471.110328946,0.1052375865293255,-0.3107048154641747,-0.3382915367428409,9.5,0.3931082645632081,1775281.0892463208,0.1073790643763201,-0.3014407095822132,-0.3359958972450795,4809785.830985421,0.1061340069347902,-0.3080602912984995,-0.3341950738465561,0.09658014511469054,0.10695811000926916,-0.22999220710661986,-0.3092077910359654,-0.30596304174215727,0.10699063116868116,0.10218370993031006
False,1.0,0.03,0.14,0.04,1514357.564431216,0.0963254116435318,-0.2259068537926326,-0.2693309153548989,0.0,0.2514136971387933,1807799.496648716,0.1093188956050743,-0.3096329066571874,-0.3381590059869733,8.0,0.5211520710921116,4538686.413399941,0.1030564625569779,-0.3104899694611992,-0.3364474359537244,7.5,0.3951353277355222,1818270.5887831657,0.1098353842616007,-0.3102749315617109,-0.3373815024675009,4724298.896036161,0.1051833559164341,-0.3051039061839079,-0.3364474359537244,0.09625336120938405,0.1083088932108011,-0.22840559928690457,-0.3087184187887072,-0.3077385454942384,0.1079848940788358,0.10153400950838898
False,1.0,0.03,0.14,0.06,1514357.564431216,0.0963254116435318,-0.2259068537926326,-0.2693309153548989,0.0,0.2514136971387933,1773755.856081552,0.1073146808090627,-0.3239337019764231,-0.3345862883145631,4.0,0.5264900747653418,4439200.505009018,0.1018668768661864,-0.3183333242183241,-0.3335482139213816,4.0,0.3922091991559431,1769976.0403345115,0.1070331879196877,-0.3113763357505288,-0.3335485467559749,4677681.425091362,0.1046702732618742,-0.3105011058620536,-0.3335482139213816,0.09639799737223628,0.10932207816597972,-0.22904755199154733,-0.3107584548018776,-0.30960135806682765,0.10834146853218557,0.10079139151447868
False,1.0,0.03,0.16,0.03,1550835.063251859,0.0989214303082434,-0.2190574814700183,-0.2720159300245861,3.0,0.2459345282531984,1787317.533041424,0.1081171576457971,-0.3333234759572838,-0.3495398975808946,7.0,0.5334277793866258,4328991.266846031,0.1005276590276376,-0.322420077719998,-0.3488360320076226,11.0,0.3951865560639956,1750437.6141120908,0.1058988933749431,-0.3109593061144,-0.3495398975808946,4301214.013259456,0.1001856668467707,-0.3164946951470661,-0.3488360320076226,0.09701666000089945,0.106583544230202,-0.22728209191357093,-0.3220110148578177,-0.3194839120530928,0.10698208286209915,0.10189006549421953
False,1.0,0.03,0.16,0.04,1552008.4678933392,0.0990030985686756,-0.2206382596416698,-0.275387493069054,2.0,0.2518160174155763,1829945.709767028,0.1105453470515621,-0.3360426058077729,-0.3424902169943788,4.0,0.535567560527374,4316309.332735471,0.1003721609890712,-0.3270114874466707,-0.3424892946983258,7.0,0.3955892560382448,1818568.901252725,0.1099353152762186,-0.3127215127385648,-0.3424902169943788,4321802.41047916,0.1004406366127572,-0.3172009822497046,-0.3424892946983258,0.09671850074214854,0.10752686314079411,-0.22582918902635363,-0.3212821732457756,-0.32143170817103,0.1078077409253985,0.10090215412081369
False,1.0,0.03,0.16,0.06,1566666.32341742,0.1000306242944384,-0.2339088030339963,-0.2759650317412543,1.0,0.2505435147991229,1805798.169331748,0.109153062782079,-0.3386996727172405,-0.34251031252686,1.5,0.5331811618717082,4319460.9731146805,0.100408614316896,-0.3280797190032069,-0.3424892946983259,4.0,0.3913157194040017,1828183.1570775483,0.1104871870277977,-0.3112498091566353,-0.3424902169943788,4417309.153181211,0.1016068820248027,-0.3171310378838048,-0.3424892946983259,0.09727969113224373,0.10739355195439879,-0.22893930958834396,-0.3235005596540941,-0.322942415928546,0.10739729543331693,0.099794447566969
False,1.0,0.03,0.2,0.03,1547531.0384974885,0.0986784978363001,-0.2357159592480885,-0.2784899008444386,4.0,0.2485831263167492,1776795.8593909715,0.107413423743145,-0.336226581362212,-0.3438955664859669,10.0,0.5379460744338507,4433284.351094862,0.1017915831686047,-0.3377082998931001,-0.3434080157327411,14.0,0.393241593552228,1786223.8110778532,0.1080214000222588,-0.3358445451343577,-0.3434570273665226,4386452.049292624,0.1012298237343157,-0.3362366303864655,-0.3434080157327411,0.09671990949468086,0.10660427183537534,-0.22698552624003168,-0.32824274053162034,-0.32677859791998454,0.10739472448398878,0.10134744971162145
False,1.0,0.03,0.2,0.04,1557660.9340854555,0.0994003621407365,-0.2255727673901657,-0.2760023229083918,3.0,0.2497220251477466,1797395.4007300325,0.1086649077458953,-0.3382199352513917,-0.3417039938392383,7.0,0.5364365612026061,4453162.229708668,0.1020188723851478,-0.3388175724788501,-0.3416504260234741,10.0,0.392149345317925,1801311.4203878776,0.1089373800777693,-0.3382199352513917,-0.3422562490857028,4428946.366697351,0.101747980174717,-0.3388175724788501,-0.3416504260234741,0.09695315301757874,0.10767729533350896,-0.225543222133516,-0.3285254407605958,-0.3283578308172062,0.10785336728232997,0.10058520990673044
False,1.0,0.03,0.2,0.06,1591242.0660086689,0.1017280602335004,-0.2432146928333472,-0.2829381569218929,2.0,0.2499893711213752,1818565.7257053272,0.1098870912922934,-0.3400150545079954,-0.3452281063459541,4.0,0.5367570778905308,4327612.675010575,0.100512632958887,-0.3409126123213361,-0.3451455490748925,6.0,0.3951545661828262,1770698.2572064754,0.107145888178645,-0.3400150545079954,-0.3452281063459541,4302795.72185526,0.100206353203199,-0.3409126123213361,-0.3451455490748925,0.09748443234541154,0.1067946628361417,-0.2304781788017148,-0.32839890067568084,-0.3290709007386993,0.10810107546166074,0.0994242600510844
False,1.0,0.04,0.06,0.03,1361154.7169181043,0.0847722807139598,-0.2283984084487403,-0.2567951698304416,1.0,0.2508983876829939,1807627.5105841048,0.1093091958522078,-0.296684425920283,-0.3145362195003652,1.5,0.5403553492654862,3971117.8468886586,0.0959364303696944,-0.2939893259719062,-0.3176493905288061,3.0,0.4012719965123612,1845330.6284648536,0.1114627602457302,-0.2981698851577902,-0.3145362195003652,4160633.127764745,0.0984159064414912,-0.2901395583590107,-0.3174668468221812,0.08475268536990979,0.10918275171518199,-0.22806890743337294,-0.3034461113638173,-0.30284987936351104,0.11048096952953124,0.09801052566816215
False,1.0,0.04,0.06,0.04,1358196.530883661,0.0845378769551042,-0.2272284291953065,-0.2510544717637901,0.0,0.2487648969589354,1801421.586263545,0.1089492203190117,-0.3016428084374801,-0.3145362195003652,1.0,0.5391436010020274,4051303.453575965,0.0969989825518022,-0.2928881646061124,-0.3190302687675582,2.0,0.4002874292718935,1851537.8607576983,0.1118164680783441,-0.3019759122874147,-0.3145362195003652,4074703.003507002,0.0973049495306542,-0.2936361929077289,-0.3174668468221812,0.0848281429281465,0.11092566892575628,-0.2263118921109398,-0.3048687100838282,-0.30151618638493943,0.11076075125315013,0.09855716308117407
False,1.0,0.04,0.06,0.06,1357756.738624527,0.0845029864010518,-0.2272284291953065,-0.2510544717637901,0.0,0.2478414307040194,1782481.369074149,0.1078476573561862,-0.2903116650355293,-0.3145362195003652,0.0,0.535000349328088,4036330.4729736014,0.0968007348080948,-0.2950864294696749,-0.3174668468221812,0.0,0.397701702113404,1804875.7980822108,0.1091501053851873,-0.2952814215986568,-0.3145362195003652,4129059.1530257966,0.098010279764547,-0.2899628480349791,-0.3174668468221812,0.08529188373330805,0.10830620238339106,-0.22657136888207946,-0.3021173951903373,-0.30151585493279287,0.10993622153659044,0.09871657592310626
False,1.0,0.04,0.08,0.03,1402296.238357766,0.0879830126456628,-0.2220715912152572,-0.2770415695943398,2.0,0.2518930660153475,1730231.757727255,0.1047523973232648,-0.3003232423938526,-0.3138643533677552,1.5,0.550206045219171,4206991.637728526,0.0990050932609584,-0.3018809246330771,-0.3064703137595898,5.0,0.4060495981835963,1756336.6603675778,0.1063057816668909,-0.2959031544725982,-0.3087810973169593,4251116.300877923,0.0995621174456959,-0.3018809246330771,-0.3087827828947866,0.08668847528082059,0.10896276617109653,-0.22646005438335817,-0.29603767072026144,-0.2973857431891881,0.10975325221162069,0.09893225923942217
False,1.0,0.04,0.08,0.04,1407157.9651847854,0.0883594243659499,-0.2162135091789584,-0.2727998022624771,1.0,0.2496848747490922,1791890.3667942742,0.108395357661409,-0.2972834761508841,-0.3150437676706191,0.5,0.5490669003228221,4232382.12429174,0.0993267390628588,-0.3018809246330769,-0.3094662484529727,2.5,0.4061415836199249,1758003.6488359028,0.1064032650466347,-0.2960907537391885,-0.3087810973169593,4285748.194690341,0.0999920556415682,-0.3023252690145949,-0.3087827828947865,0.08670843570980312,0.11021067317132942,-0.22460668936376718,-0.2972697998425074,-0.29697862465298114,0.11044571646352323,0.09920299161307466
False,1.0,0.04,0.08,0.06,1418909.202406935,0.0892592799187587,-0.2172514162635171,-0.2720635258330346,1.0,0.2522669705904138,1711245.270353795,0.103605522145132,-0.2976093599788713,-0.3150437676706191,0.0,0.5467863792301566,4255447.796376672,0.0996138730645969,-0.3023252690145949,-0.3094662484529728,1.0,0.4067002713073927,1760242.6639507397,0.1065369221441077,-0.2967784868951235,-0.3087810973169593,4273438.421820167,0.0998394346311691,-0.2993611538802181,-0.3064703137595898,0.08701759624657747,0.10887556815878084,-0.22477967387786033,-0.2973905570694022,-0.29682606881390583,0.11032488004725442,0.0992525519096928
False,1.0,0.04,0.1,0.03,1473684.797504774,0.0933647158774255,-0.2294423129536311,-0.2734815122431529,1.0,0.2538914391902288,1750091.633539904,0.1059389591880134,-0.2756871343345896,-0.2964466649431919,5.0,0.542975938217495,4312377.53411302,0.1003246191792073,-0.2782629579516221,-0.3003651428894097,7.0,0.4052054998517897,1757307.7786794663,0.1063656807127076,-0.2779164053112663,-0.298444011557174,4404920.011918472,0.101458052916618,-0.2795716421895973,-0.3004604729454974,0.09073987322515535,0.10813594370961122,-0.22657120551657828,-0.2920822014414138,-0.29225786810093835,0.10815569972280441,0.10070637206169201
False,1.0,0.04,0.1,0.04,1466705.5479340383,0.0928497346468795,-0.2253501841258178,-0.2672159742383485,0.0,0.2511219519034881,1763656.5983802504,0.1067401387684534,-0.2712133841371852,-0.2982790474155378,3.0,0.5423166356825146,4325162.892315582,0.1004801705250495,-0.2811578691479141,-0.3021702613222596,3.0,0.4029433054397498,1757914.8444133296,0.1064020666925427,-0.271240371915418,-0.2963662004067147,4400499.404231602,0.1014038109056267,-0.2798724547594594,-0.3012293905636339,0.0909328008405062,0.10972334287883612,-0.22427999935661522,-0.2922218952531826,-0.2921039586194493,0.10889292074086084,0.10080637808540145
False,1.0,0.04,0.1,0.06,1466705.5479340383,0.0928497346468795,-0.2253501841258178,-0.2672159742383485,0.0,0.2511219519034881,1792541.352335865,0.1084343685685285,-0.2795278733283775,-0.3024241402953004,2.0,0.5449865048470337,4291203.457759542,0.1000622946190024,-0.2795118605065581,-0.3122725364513617,2.0,0.4029292149267024,1785798.1205708848,0.1080380878346107,-0.280298897663381,-0.30055017551718,4368179.868016673,0.1010109113396405,-0.2790203316397777,-0.3001680788783765,0.09112352956182312,0.10890404779450368,-0.22445298387070833,-0.2945990108876681,-0.29174336625160857,0.10987489817523464,0.1006162452882542
False,1.0,0.04,0.12,0.03,1514434.7858474902,0.0963179186595341,-0.2278398132633454,-0.2685435607051087,1.0,0.2552185944781327,1778910.925950008,0.107639256153021,-0.3079710008870295,-0.3244428872103079,7.0,0.5472411580692949,4473826.588454113,0.1022869689450305,-0.2981328686338804,-0.3229873763297948,8.0,0.4063622748919706,1780193.8848070917,0.1076281279537189,-0.3019800409991565,-0.3237077767337064,4451188.253152963,0.1020111733758321,-0.3049531992784512,-0.3229873763297948,0.09447129896226897,0.10723369689439595,-0.22568099005015704,-0.2993683903601794,-0.29720751596881395,0.10695673804656824,0.10164817437920047
False,1.0,0.04,0.12,0.04,1519006.150098539,0.09665805407733,-0.2240427871676791,-0.2627888606332433,0.0,0.2525281303559566,1794169.848664651,0.1085274870552754,-0.3084213047120321,-0.3314112733473194,5.0,0.5473186899277438,4445332.244347932,0.1019455306343261,-0.3002852072092456,-0.3312129708241312,5.0,0.4065798524832079,1807330.5734395625,0.1091689507325167,-0.296329253468895,-0.3294351134318689,4421525.55771962,0.1016524252352208,-0.3066623492488596,-0.3294594979219125,0.09408471814591364,0.10818859784243223,-0.2234257273480208,-0.2973555897637156,-0.2983865200796538,0.10829706013743873,0.10119158848079784
False,1.0,0.04,0.12,0.06,1519006.150098539,0.09665805407733,-0.2240427871676791,-0.2627888606332433,0.0,0.2505489806818022,1782510.2375679857,0.1078454495058934,-0.3060108666800026,-0.3255487601095997,3.0,0.5491002539537448,4436043.22425843,0.1018340259645577,-0.2914028686504984,-0.3253904590110694,3.0,0.4036161628079137,1827882.4318726612,0.1104380608356487,-0.2963599885497854,-0.3255487601095997,4384846.995440211,0.1012138262932683,-0.2912971403893422,-0.3253904590110694,0.09448869772117252,0.10880294266460418,-0.22367318659046767,-0.3032231663123474,-0.30008907924703465,0.10832340195205221,0.1008469029679358
False,1.0,0.04,0.14,0.03,1563847.5281949425,0.0998332237396893,-0.2208300483855217,-0.2671657207372335,2.0,0.2560667460427155,1651662.921508836,0.0999226021554258,-0.3314530048435403,-0.334444924635067,8.0,0.5542699648780014,4256647.265333341,0.0996289698365628,-0.3237558230805419,-0.3344452244513372,10.0,0.4080423491657077,1691587.7552489494,0.1024056090610763,-0.3142896983615451,-0.334444924635067,4432342.04531273,0.1017879313114518,-0.3168088479188274,-0.3344437375813717,0.09716395188180378,0.1061715422525518,-0.2240038428409147,-0.31381332224968905,-0.3088520688568326,0.10641631320339795,0.10148896654819152
False,1.0,0.04,0.14,0.04,1530876.0106052645,0.0975049363212481,-0.2151876270961839,-0.2668905923977391,1.0,0.2543790174178742,1675159.1694933432,0.1013954080063009,-0.3263512002559631,-0.334444924635067,6.0,0.5514451956267055,4231401.204231467,0.0993118170224264,-0.3277345400889979,-0.3344452244513374,6.0,0.4067635532738544,1716465.7279918347,0.1039226395398688,-0.3056239629731645,-0.334444924635067,4161832.189205482,0.0984286328251005,-0.316024246931854,-0.3344452244513374,0.09701896857764121,0.10763533435440065,-0.2226050040810318,-0.31238956895661,-0.31112176064328756,0.10773238079460162,0.10068010062254747
False,1.0,0.04,0.14,0.06,1561722.1620335695,0.0996842969977088,-0.2166723825508651,-0.271171165199311,1.0,0.2549412242423633,1729159.8098683383,0.1046814549747404,-0.3333190542495927,-0.3344452244513373,3.0,0.5520581024870633,4281415.493450239,0.0999385856142498,-0.3300705038710543,-0.3350041680246588,4.0,0.4074079088231712,1676173.2340683276,0.101442707313743,-0.3113953631541449,-0.334444924635067,4220265.716503393,0.0991735806580458,-0.3197599442561602,-0.3344437375813716,0.09737604015785538,0.1079425944454717,-0.22484709908448056,-0.3171392694413527,-0.3123217286007747,0.10737613015902508,0.10045334037612515
False,1.0,0.04,0.16,0.03,1542802.8558682008,0.09835459741425,-0.2173643318411851,-0.2681022090545418,6.0,0.2530262055054212,1694003.333854361,0.1025555046689891,-0.3157876942460733,-0.3233758781238995,7.5,0.5488036441668773,4291810.76346069,0.1000685467501932,-0.3203621812891981,-0.3283716371436544,13.0,0.4041592797626644,1775833.0266141435,0.1074541927176343,-0.3141443795517855,-0.3218015789396117,4423311.898541894,0.1016803119603279,-0.3166369875853488,-0.3217485367698224,0.09768138674392675,0.10512562542861377,-0.2239660707040562,-0.32563943322653494,-0.3223002772142341,0.10583309024927567,0.10117789047480873
False,1.0,0.04,0.16,0.04,1559652.1698297928,0.0995404465679226,-0.2168299684952402,-0.2579321131717483,3.0,0.2536873455744008,1712849.4014926031,0.1036964353451997,-0.3183052280693254,-0.3286220248553001,5.5,0.543938194112711,4093776.55546036,0.0975482092151783,-0.3252069583132609,-0.3290723253863716,8.5,0.40781816315796,1756686.6474409178,0.1063079024352976,-0.3183052280693254,-0.3286220248553001,4329660.346253488,0.1005358015096811,-0.3213535028115415,-0.3285688371359716,0.09756425022330183,0.10683164555833863,-0.2215833630493175,-0.32406134719902907,-0.32530579574715546,0.10714268102021984,0.10011768922947172
False,1.0,0.04,0.16,0.06,1541065.674677306,0.0982314728718913,-0.2155272396689251,-0.2656556714399379,2.0,0.2522810076112778,1746349.6801409842,0.1057134473222469,-0.3206707077118552,-0.3245437614698359,3.0,0.5487653098919747,4119024.505598437,0.0978790178979719,-0.3202091702714966,-0.3236657002009596,5.5,0.403319978466428,1751688.0608694912,0.106033576351204,-0.3185487787460412,-0.3236615664041611,4281725.69395561,0.0999445793181962,-0.32015085996041,-0.3236657002009596,0.09826851868979451,0.10657877436495039,-0.22676577895996322,-0.3289534815416882,-0.3264264034642116,0.10619000177541654,0.09948150334146522
False,1.0,0.04,0.2,0.03,1479967.0729405964,0.093825894283111,-0.2249217494868908,-0.2801478163167036,1.0,0.2512955671426933,1732809.3322349023,0.1049062206190857,-0.32033178679394,-0.3588649345205386,14.0,0.5574676027965221,4271217.766883067,0.0998129975365286,-0.3188504658383919,-0.342430783930741,15.0,0.4036539155381871,1715106.9799052817,0.1038393819434215,-0.3156628702490845,-0.3319568786841596,4387567.792543346,0.1012462405303075,-0.3117606737923746,-0.3296100418482349,0.09744510496047612,0.10574807666925423,-0.22426488051154567,-0.32641738458987724,-0.324835256185172,0.10630346701456443,0.10055019662074102
False,1.0,0.04,0.2,0.04,1477025.0061542788,0.0936112460976963,-0.225364701880013,-0.273618325400742,0.0,0.2465289905585348,1774319.527664173,0.1073688795959995,-0.3158162071525339,-0.3335183926671026,10.5,0.5467209161468223,4159432.548966378,0.0983986132080287,-0.3225742466939542,-0.3417773061244087,11.0,0.4032440819393005,1716398.4195049987,0.1039174645305641,-0.3143349331360725,-0.3380002479386251,4289849.583205652,0.1000442863951996,-0.3128438546716964,-0.3304229496020384,0.09788878834375775,0.10756889243466415,-0.2221014243517722,-0.32709599407025597,-0.328402566233184,0.1072745155799624,0.0995844639493565
False,1.0,0.04,0.2,0.06,1477025.0061542788,0.0936112460976963,-0.225364701880013,-0.273618325400742,0.0,0.2465289905585348,1696740.9843128575,0.1027229090092799,-0.3170826980870221,-0.3332482395137399,5.5,0.5475135183382609,3997134.776296179,0.0962832923946002,-0.3209530910998515,-0.3466872585809909,6.5,0.403610586653366,1734583.00753325,0.1049974638614218,-0.3146483711809384,-0.3320962418754019,4245208.04048514,0.0994859690443414,-0.3167507821236726,-0.3301655928127542,0.09840035087438159,0.1068691276014748,-0.2295038593540704,-0.32911703325602826,-0.32753864817397277,0.10716602885476713,0.09877088939208878
