name,win,drop,xlag,lag,slip,final,cagr,dd,c10,c90,dd_worst,dd_p10,exp,n,npan
base,A,,0,,,131.55890980202093,8.110748464840567,-17.700939442492402,7.217893967486158,8.731386301043083,-25.453450847427106,-24.494147720122054,20.97619405441023,58.0,0.0
base,B,,0,,,172.24079733791376,10.428140439510358,-28.48366619213874,9.561789831592577,11.753888675659134,-29.507137197619226,-29.2699792490523,45.31161169300834,126.0,0.0
base,F,,0,,,368.6040274189751,9.198591915800304,-26.687761153829825,8.778661567054662,9.680120480308155,-29.87376072030461,-29.50736511478169,34.04053648875461,183.0,0.0
tr|0.35|0.05|0.4,A,,0,,,138.90146755387119,8.695768875607623,-14.038379622604241,7.917883791215612,8.8508331907234,-18.503188366821444,-16.22389489139443,18.844890445353972,62.0,0.0
tr|0.35|0.05|0.4,B,,0,,,172.575669232191,10.448322201914683,-25.062136034296078,9.741495368896965,11.435460914166034,-27.493629900540874,-26.906455497972466,43.72805364843639,126.0,0.0
tr|0.35|0.05|0.4,F,,0,,,395.7803647551018,9.575708907032698,-24.633194006072458,9.094966600150482,10.10632091007893,-27.64804670707638,-26.240852849297962,31.651255192890616,189.5,0.0
tr|0.35|0.05|0.5,A,,0,,,143.33384383566695,9.035130290316662,-14.752599393851156,8.729332242971012,9.354830961640832,-22.18877509069769,-16.89557585300583,19.799398363334102,60.5,0.0
tr|0.35|0.05|0.5,B,,0,,,166.66350130670307,10.086560583010362,-26.565039047102417,9.559232675280944,11.094708650403408,-28.09907190671407,-27.86520619250582,46.058347089625535,123.5,0.0
tr|0.35|0.05|0.5,F,,0,,,412.4228537581243,9.794817887828744,-25.206723968942136,9.080536743095676,10.278081692829275,-28.814072514016587,-27.017074273105212,33.23929531257735,185.0,0.0
tr|0.35|0.05|0.6,A,,0,,,150.22471750108096,9.545026152182123,-14.344382277594864,9.011950684720151,9.752234792629714,-22.421788323636427,-17.271419820760052,20.79305806069348,61.0,0.0
tr|0.35|0.05|0.6,B,,0,,,170.7850046291258,10.339906652989338,-27.06436920337399,9.423543558784676,12.126293222451194,-29.610979820497107,-28.653800618023745,48.55024413485464,112.5,0.0
tr|0.35|0.05|0.6,F,,0,,,446.1833310780556,10.214347555452264,-26.12991053682652,9.462875849570377,10.779320906453856,-29.37181160166307,-28.1419125669156,35.41096490513681,174.5,0.0
tr|0.35|0.05|0.7,A,,0,,,152.4382794918281,9.70431340813035,-14.343676817531003,9.177623192142475,9.909344290360337,-22.42107103835934,-17.270712464359654,20.789549731502365,61.0,0.0
tr|0.35|0.05|0.7,B,,0,,,177.95630564293833,10.76776239706706,-26.819621120354636,9.913106984641715,12.445252480700441,-29.122078319853586,-28.26866566601834,49.4534975599818,110.0,0.0
tr|0.35|0.05|0.7,F,,0,,,476.23182512960665,10.563079559501764,-26.308863023288474,9.638208233614778,10.885492996535211,-29.350226652144517,-28.098828698394286,35.72262416077645,171.0,0.0
tr|0.35|0.05|0.8,A,,0,,,152.4382794918281,9.70431340813035,-14.343676817531003,9.177623192142475,9.909344290360337,-22.42107103835934,-17.270712464359654,20.789549731502365,61.0,0.0
tr|0.35|0.05|0.8,B,,0,,,178.30062148649404,10.787904324696607,-26.8400534149365,9.749140091694109,12.484093065251564,-29.305433830095485,-28.28613161255712,49.57995289573395,109.5,0.0
tr|0.35|0.05|0.8,F,,0,,,476.8285630533965,10.569784832697394,-26.416904261282077,9.627383622216271,10.89196522705802,-29.350226652144517,-28.140354556386267,35.85985471990213,170.5,0.0
tr|0.35|0.05|None,A,,0,,,152.4382794918281,9.70431340813035,-14.343676817531003,9.177623192142475,9.909344290360337,-22.42107103835934,-17.270712464359654,20.789549731502365,61.0,0.0
tr|0.35|0.05|None,B,,0,,,178.55656491939783,10.802853608308926,-26.8400534149365,9.76601754216871,12.497938757317389,-29.305433830095485,-28.28613161255712,49.58603520938082,109.5,0.0
tr|0.35|0.05|None,F,,0,,,477.72123093886523,10.579799369820586,-26.416904261282077,9.63622118926866,10.899370346662005,-29.350226652144517,-28.140354556386267,35.851445240285216,170.0,0.0
tr|0.35|0.075|0.4,A,,0,,,134.98793870746442,8.387633587762611,-14.875377943262441,7.758235987307163,8.577488482620947,-18.492542736638395,-16.685365308423822,19.098881729364862,61.0,0.0
tr|0.35|0.075|0.4,B,,0,,,167.58326336230962,10.14375305216053,-26.179938995141118,9.563734482706147,11.496143852128803,-28.59821970138132,-27.22187971724395,44.1049444579244,127.0,0.0
tr|0.35|0.075|0.4,F,,0,,,381.37330597334443,9.379031533815452,-25.091517416831476,8.682538516614047,9.955455578756519,-26.596451803215583,-26.232000771147025,31.943489689764366,190.0,0.0
tr|0.35|0.075|0.5,A,,0,,,138.89447981672376,8.695102682217692,-15.42462819065953,8.312730023930982,9.004516225831887,-22.178357827658523,-17.422096345634746,19.92174157239555,60.0,0.0
tr|0.35|0.075|0.5,B,,0,,,175.47709606344583,10.621684556795142,-27.241745861478865,9.639774468335837,11.420211865107628,-29.203812530158736,-28.949151564618784,46.13975634757679,122.5,0.0
tr|0.35|0.075|0.5,F,,0,,,412.4054868966337,9.794363769392733,-25.207506603830883,9.32130937395238,10.386009535172327,-29.925557524638215,-28.12390988696799,33.2726506837654,183.0,0.0
tr|0.35|0.075|0.6,A,,0,,,146.15450875892634,9.246632815138456,-15.21182298921125,8.835879875369724,9.497776009022111,-22.411363739703194,-17.740625233922454,21.23286501645509,61.0,0.0
tr|0.35|0.075|0.6,B,,0,,,177.9361957408343,10.766570399174856,-27.91828422152367,9.052032336678364,11.985769063290853,-29.8383931968502,-29.08079139268916,48.38353053477606,114.5,0.0
tr|0.35|0.075|0.6,F,,0,,,429.44162602554746,10.01023946525612,-26.946796443918007,9.3086781825631,10.797477409792473,-30.47031881713227,-28.798834901096544,35.60071304976775,175.5,0.0
tr|0.35|0.075|0.7,A,,0,,,148.2814966502793,9.40353734006889,-15.211113213952954,8.997772239272518,9.652240450334745,-22.41064645442612,-17.739917877522068,21.22990308820713,61.0,0.0
tr|0.35|0.075|0.7,B,,0,,,187.11158287075662,11.291693703077133,-27.3398606920145,10.357555315377724,12.136589793200555,-29.29108262670307,-29.036654035590498,48.819637945756654,110.0,0.0
tr|0.35|0.075|0.7,F,,0,,,472.6789935813261,10.522990661399923,-26.613181369753942,9.618091009092062,11.01993066351172,-30.468171321548574,-28.63310046083575,35.9552340622464,171.0,0.0
tr|0.35|0.075|0.8,A,,0,,,148.2814966502793,9.40353734006889,-15.211113213952954,8.997772239272518,9.652240450334745,-22.41064645442612,-17.739917877522068,21.22990308820713,61.0,0.0
tr|0.35|0.075|0.8,B,,0,,,184.75719363097036,11.158610585456085,-27.466937018835008,10.25649486504471,12.20943932070063,-29.29108262670307,-29.036654035590498,49.021854055137034,109.0,0.0
tr|0.35|0.075|0.8,F,,0,,,474.30773641089286,10.541392304380892,-26.686588832657787,9.617225209495226,11.045203127135379,-30.468171321548574,-28.63310046083575,36.14266922616398,171.0,0.0
tr|0.35|0.075|None,A,,0,,,148.2814966502793,9.40353734006889,-15.211113213952954,8.997772239272518,9.652240450334745,-22.41064645442612,-17.739917877522068,21.22990308820713,61.0,0.0
tr|0.35|0.075|None,B,,0,,,185.023648529544,11.173683581842331,-27.466937018835008,10.27194376328574,12.22312835055466,-29.29108262670307,-29.036654035590498,49.02762697066183,108.5,0.0
tr|0.35|0.075|None,F,,0,,,474.9500416419141,10.548643634992205,-26.686588832657787,9.625613394791326,11.051504466260546,-30.468171321548574,-28.63310046083575,36.14572824076444,171.0,0.0
tr|0.35|0.1|0.4,A,,0,,,126.28193551261069,7.672203452507431,-16.460944400741212,7.061707961185353,7.917403065385546,-19.63223802574181,-18.543370763740118,19.862838111483967,61.0,0.0
tr|0.35|0.1|0.4,B,,0,,,157.1975462911113,9.482916474630166,-26.126231368069984,8.70736452154163,10.618678810111266,-28.254995085224277,-27.6259019244402,44.860219604220134,129.0,0.0
tr|0.35|0.1|0.4,F,,0,,,333.00303861115725,8.66211068196402,-25.222896382616522,7.987495194604128,9.121164159746439,-29.109728968705582,-26.909600445210614,33.068166084514694,190.0,0.0
tr|0.35|0.1|0.5,A,,0,,,131.59077114348065,8.113322467558781,-16.700381129306763,7.64991498666557,8.355739829290428,-22.706236888569464,-19.693480434098724,20.85362627628371,60.0,0.0
tr|0.35|0.1|0.5,B,,0,,,173.5976003877975,10.509652150277816,-27.40172833974975,9.438345603546061,11.24435654634951,-29.15808703468524,-28.90371216959513,47.447712798098415,122.5,0.0
tr|0.35|0.1|0.5,F,,0,,,379.47764688201585,9.352616464611485,-25.901224177482064,8.911864169259792,9.82257084236715,-29.880403505063303,-28.08318490779235,34.27798346084682,184.5,0.0
tr|0.35|0.1|0.6,A,,0,,,138.45995227872214,8.661315620512378,-17.07473313563662,8.238687648674295,8.91073011750776,-22.944175686780866,-20.08766958980657,22.085470468431755,61.0,0.0
tr|0.35|0.1|0.6,B,,0,,,171.09571955889896,10.357847789448037,-27.91260039025246,9.400910083323392,11.62116521080692,-30.20211047954944,-29.378844186221997,49.5765978568475,113.0,0.0
tr|0.35|0.1|0.6,F,,0,,,394.7082034229812,9.56077190948481,-27.110188550646203,9.012159539784866,10.296658235754848,-30.223466731037885,-28.688776235940654,36.555248600936245,176.0,0.0
tr|0.35|0.1|0.7,A,,0,,,140.31679112754534,8.805202099391085,-17.07402516583645,8.38756415358054,9.051674838813499,-22.94345840150379,-20.086962233406183,22.093701784861082,61.0,0.0
tr|0.35|0.1|0.7,B,,0,,,182.98635367023496,11.058448138868238,-27.82198083937746,10.265261702720037,11.958197522806797,-29.245357768724944,-28.991214779533564,49.91473004011896,112.0,0.0
tr|0.35|0.1|0.7,F,,0,,,435.28147453606425,10.082142127459825,-27.140355769659607,9.36449382851287,10.64965200637527,-30.111233958243833,-28.776267500715925,36.79725919895298,173.5,0.0
tr|0.35|0.1|0.8,A,,0,,,140.31679112754534,8.805202099391085,-17.07402516583645,8.38756415358054,9.051674838813499,-22.94345840150379,-20.086962233406183,22.093701784861082,61.0,0.0
tr|0.35|0.1|0.8,B,,0,,,182.8640423531274,11.051544512231237,-27.87802376657756,10.195492487103266,11.984453993840544,-29.245357768724944,-28.991214779533564,50.26515970300842,110.5,0.0
tr|0.35|0.1|0.8,F,,0,,,431.7630675158905,10.038628011492213,-27.178278531287177,9.385240116610284,10.650945416906374,-30.111233958243833,-28.799995765331076,36.98485495497241,172.5,0.0
tr|0.35|0.1|None,A,,0,,,140.31679112754534,8.805202099391085,-17.07402516583645,8.38756415358054,9.051674838813499,-22.94345840150379,-20.086962233406183,22.093701784861082,61.0,0.0
tr|0.35|0.1|None,B,,0,,,183.12127784810997,11.066228780877797,-27.87802376657756,10.211213112501056,11.998517346461075,-29.245357768724944,-28.991214779533564,50.27104142770562,110.5,0.0
tr|0.35|0.1|None,F,,0,,,432.37200284429287,10.046143607440793,-27.178278531287177,9.393326992096362,10.657848163288968,-30.111233958243833,-28.799995765331076,36.964431034559006,172.5,0.0
tr|0.35|0.125|0.4,A,,0,,,123.02817360743042,7.393386624094401,-17.92097383872858,6.832901695527929,7.642213393700448,-20.243462865255736,-19.57240636536482,20.500929250752332,61.0,0.0
tr|0.35|0.125|0.4,B,,0,,,168.14824878176063,10.178206779535138,-26.520064581348425,8.733265452434392,11.261304106075464,-28.28181127702728,-27.15278058292933,45.6816920896564,127.0,0.0
tr|0.35|0.125|0.4,F,,0,,,325.4626501271114,8.541559471943216,-25.231394046088194,8.23754991132132,9.252049097056906,-29.129364945285186,-27.244309398734945,33.701308827307706,189.0,0.0
tr|0.35|0.125|0.5,A,,0,,,127.20633637513568,7.750064671839296,-17.83245917082235,7.3327239108022555,8.00981891486263,-23.47429158911093,-20.245441159527484,21.57819856404949,61.0,0.0
tr|0.35|0.125|0.5,B,,0,,,160.35526288374638,9.687415065660886,-27.630673734847733,8.930797885157697,10.526404898564683,-29.17669852781668,-28.925135524613832,48.128615475095664,117.5,0.0
tr|0.35|0.125|0.5,F,,0,,,352.7243228243497,8.96574976615928,-26.07543329750033,8.473923648624272,9.449699963162777,-29.899202032949912,-28.332829992459967,35.01355353543445,180.5,0.0
tr|0.35|0.125|0.6,A,,0,,,134.10614441629596,8.316916438375399,-18.2113323933851,7.934822917735959,8.57178811517943,-23.719658998124295,-20.627406927159104,22.763731439833144,61.0,0.0
tr|0.35|0.125|0.6,B,,0,,,180.61550746984702,10.922393998144454,-27.99556882575033,9.061520321661954,12.636467591822836,-30.352987147584532,-29.279637609301744,50.428436228545756,108.5,0.0
tr|0.35|0.125|0.6,F,,0,,,386.1555658728606,9.444985423713625,-27.7230777176851,8.109820329873486,10.177034030307034,-30.964072563903468,-29.956341791246377,37.32602728778409,169.5,0.0
tr|0.35|0.125|0.7,A,,0,,,135.96169022849514,8.464874761670682,-18.210622618126816,8.083090964011378,8.717629119544453,-23.71894171284723,-20.626694438650606,22.76717516228779,61.0,0.0
tr|0.35|0.125|0.7,B,,0,,,191.47448077781002,11.532303855063997,-27.933596198720885,10.044756772329965,13.165086447305335,-29.262268607788812,-29.01092964295055,50.75515234025958,107.5,0.0
tr|0.35|0.125|0.7,F,,0,,,410.1878321010425,9.765836513923764,-26.898664916342508,8.830328906675717,10.584409625614839,-30.131484053829837,-28.648034798036555,37.557468459893485,169.0,0.0
tr|0.35|0.125|0.8,A,,0,,,135.96169022849514,8.464874761670682,-18.210622618126816,8.083090964011378,8.717629119544453,-23.71894171284723,-20.626694438650606,22.76717516228779,61.0,0.0
tr|0.35|0.125|0.8,B,,0,,,190.30194359807712,11.46883058260304,-27.933596198720885,10.096864946934396,12.969457501578017,-29.262268607788812,-29.03690876423415,50.86648528158159,106.0,0.0
tr|0.35|0.125|0.8,F,,0,,,410.2228657128182,9.766049324763094,-27.360117826590898,8.864737861084162,10.563128113660031,-30.131484053829837,-28.825449822388816,37.73468333236433,167.5,0.0
tr|0.35|0.125|None,A,,0,,,135.96169022849514,8.464874761670682,-18.210622618126816,8.083090964011378,8.717629119544453,-23.71894171284723,-20.626694438650606,22.76717516228779,61.0,0.0
tr|0.35|0.125|None,B,,0,,,190.55162808149908,11.482579457787502,-27.933596198720885,10.112067217682494,12.981543435541393,-29.262268607788812,-29.03690876423415,50.87231982385381,106.0,0.0
tr|0.35|0.125|None,F,,0,,,409.6695357843286,9.759002348881495,-27.360117826590898,8.850210521044758,10.569514900881153,-30.131484053829837,-28.825449822388816,37.73773316329723,167.5,0.0
tr|0.35|0.15|0.4,A,,0,,,130.74208156895264,8.044048374406398,-18.3307736148078,7.5706339657608455,8.326182645564883,-20.518184465011345,-20.161795439329374,21.97035997051337,61.0,0.0
tr|0.35|0.15|0.4,B,,0,,,147.64894992061403,8.839463829312688,-26.685984222647875,8.007903818607453,9.88097554923596,-28.39266064049838,-27.678713132915945,46.979325486102866,126.0,0.0
tr|0.35|0.15|0.4,F,,0,,,328.5659934029101,8.591667088961607,-25.675307908950067,7.989967200389003,9.045538865388957,-28.53576879436197,-28.027945274453753,34.99773847405649,188.0,0.0
tr|0.35|0.15|0.5,A,,0,,,136.25733508285117,8.488451102340623,-18.11079440548955,8.05165771973294,8.748944994333693,-23.64063374767972,-21.062619130666725,23.133912999497504,61.0,0.0
tr|0.35|0.15|0.5,B,,0,,,160.07164475304504,9.669484501985515,-27.785991215003108,8.981220462566771,10.36953120206186,-29.287962718089222,-29.036321946404485,48.86947243024715,117.0,0.0
tr|0.35|0.15|0.5,F,,0,,,371.5168076593442,9.240124243226045,-26.54563545250091,8.637177886136952,9.715336682581093,-30.010824284040062,-28.291638862348417,36.557631797811574,180.0,0.0
tr|0.35|0.15|0.6,A,,0,,,143.2515448709824,9.029235672513813,-18.471074800490726,8.629462155181297,9.28425299034186,-23.889408620717578,-21.450364787062522,24.360580655133095,61.0,0.0
tr|0.35|0.15|0.6,B,,0,,,159.42280866940985,9.627781926520795,-28.239732862454588,8.770912156720911,10.630050060766335,-30.78282883939467,-30.074438889457955,51.41632545251789,107.5,0.0
tr|0.35|0.15|0.6,F,,0,,,382.6253397926079,9.396408694711255,-27.568622394965768,8.434501352692163,10.060804747605966,-31.796321409201678,-29.53024085470472,38.70778887624034,170.0,0.0
tr|0.35|0.15|0.7,A,,0,,,145.24155997782503,9.178754585648985,-18.470371302917854,8.779282932347234,9.430165967907238,-23.888691335440516,-21.449657430662132,24.35593768999491,61.0,0.0
tr|0.35|0.15|0.7,B,,0,,,170.45459633102993,10.31992150267781,-28.02426487549685,9.576729575277728,11.279409262232921,-29.37366137184322,-29.122245421034094,51.58220420007953,105.0,0.0
tr|0.35|0.15|0.7,F,,0,,,417.7679330549562,9.862211167853175,-27.29705621010403,8.94310581854983,10.516358866941705,-30.218329398008127,-29.455529039495147,39.02588032240605,169.0,0.0
tr|0.35|0.15|0.8,A,,0,,,145.24155997782503,9.178754585648985,-18.470371302917854,8.779282932347234,9.430165967907238,-23.888691335440516,-21.449657430662132,24.35593768999491,61.0,0.0
tr|0.35|0.15|0.8,B,,0,,,170.98807665261714,10.3523558965676,-28.045495242366247,9.551810458281237,11.378086412364832,-29.37366137184322,-29.158842916501364,51.91105972603138,105.0,0.0
tr|0.35|0.15|0.8,F,,0,,,417.2177474190115,9.855417329437287,-27.867408324692168,8.953184771526479,10.54517760853858,-30.218329398008127,-29.496435836002817,39.20364668560493,168.0,0.0
tr|0.35|0.15|None,A,,0,,,145.24155997782503,9.178754585648985,-18.470371302917854,8.779282932347234,9.430165967907238,-23.888691335440516,-21.449657430662132,24.35593768999491,61.0,0.0
tr|0.35|0.15|None,B,,0,,,171.23430759734302,10.367293951702795,-28.045495242366247,9.567271122164078,11.392161134539295,-29.37366137184322,-29.158842916501364,51.91704708457129,105.0,0.0
tr|0.35|0.15|None,F,,0,,,417.8047683491397,9.862907456676485,-27.86740832469216,8.946654661942995,10.551688125039485,-30.218329398008127,-29.496435836002817,39.195273180721905,168.0,0.0
tr|0.35|0.2|0.4,A,,0,,,152.19784855129683,9.687193799745252,-18.942364021955417,8.974070143303821,10.185501117857253,-23.79567757651777,-22.562376792342047,26.182113083872228,61.0,0.0
tr|0.35|0.2|0.4,B,,0,,,131.87089091559326,7.688451857411627,-27.394166028404122,7.06374149609201,8.62634934919674,-29.774965215217573,-28.96400976670782,50.12955836368911,125.0,0.0
tr|0.35|0.2|0.4,F,,0,,,336.1044721300875,8.711120181175168,-27.007321673424894,8.111692464404566,9.336442157606779,-29.3132260675649,-28.553752178636632,38.96549324568647,186.5,0.0
tr|0.35|0.2|0.5,A,,0,,,157.29316727095255,10.046682394511674,-20.808835160337736,9.419337011785933,10.602330694253332,-26.42903065387795,-23.908857842550567,27.159052084921342,60.0,0.0
tr|0.35|0.2|0.5,B,,0,,,141.64570355180783,8.415246133591648,-28.526851460990795,7.792256548900505,9.192972458061437,-29.84335797503971,-29.59274160684813,52.16604332684912,115.0,0.0
tr|0.35|0.2|0.5,F,,0,,,364.89284714298077,9.14506395178748,-27.61307145646694,8.733294460796163,9.977048851450105,-30.569460173462183,-29.027697182945666,40.15747682608942,177.0,0.0
tr|0.35|0.2|0.6,A,,0,,,162.3741019254914,10.394757412492028,-20.211158703703152,9.88548672120881,10.960197103408404,-26.71274740917816,-23.243738492895112,28.396806303650724,59.5,0.0
tr|0.35|0.2|0.6,B,,0,,,146.6859694131466,8.772358337866626,-28.663049670995132,8.083694428796491,9.632294593622566,-32.304887588300836,-29.95920185509906,53.82047114977411,108.0,0.0
tr|0.35|0.2|0.6,F,,0,,,392.11301022532126,9.526334236439038,-28.146956276777814,8.846240977545143,10.155791420397467,-31.51628191461474,-30.165759373582873,41.68603584298014,168.5,0.0
tr|0.35|0.2|0.7,A,,0,,,165.01468009694503,10.571797635898307,-20.210438330241015,9.984530279815807,11.104575267670949,-26.71204046907627,-23.243023123310486,27.531757947209854,59.0,0.0
tr|0.35|0.2|0.7,B,,0,,,155.82501658910573,9.392096943674632,-28.612185776313243,8.701853058520005,10.104906860723222,-30.27073680180372,-29.72272547332913,54.44227855668966,104.5,0.0
tr|0.35|0.2|0.7,F,,0,,,412.69540059356785,9.798310096156415,-27.649039087979173,9.212897894819724,10.41816026950229,-31.022814331717107,-29.822120387948548,41.83299457141239,166.0,0.0
tr|0.35|0.2|0.8,A,,0,,,165.01468009694503,10.571797635898307,-20.210438330241015,9.984530279815807,11.104575267670949,-26.71204046907627,-23.243023123310486,27.531757947209854,59.0,0.0
tr|0.35|0.2|0.8,B,,0,,,156.65110954848208,9.44695884214518,-28.612185776313243,8.749516840012266,10.08889045724152,-30.191871331990484,-29.932846597206698,54.67317315292439,104.5,0.0
tr|0.35|0.2|0.8,F,,0,,,416.4840058962161,9.846953553463022,-27.814404190788522,9.208184504402098,10.454863946871143,-31.022814331717107,-29.90405083584642,41.96166847030614,165.0,0.0
tr|0.35|0.2|None,A,,0,,,165.01468009694503,10.571797635898307,-20.210438330241015,9.984530279815807,11.104575267670949,-26.71204046907627,-23.243023123310486,27.531757947209854,59.0,0.0
tr|0.35|0.2|None,B,,0,,,156.88326534733082,9.462206066324342,-28.612185776313243,8.76573849543929,10.103614965362368,-30.191871331990484,-29.932846597206698,54.680058782183,104.0,0.0
tr|0.35|0.2|None,F,,0,,,416.61142740576753,9.848558145563846,-27.814404190788522,9.216953989824475,10.462617920622002,-31.022814331717107,-29.90405083584642,41.96502612834962,165.0,0.0
tr|0.35|0.25|0.4,A,,0,,,217.19675559743462,13.631273953000555,-21.03359263876713,12.557822931766099,15.354450007984417,-24.91359708006232,-23.859360754365014,34.44634192705026,58.5,0.0
tr|0.35|0.25|0.4,B,,0,,,117.91196084700758,6.561068360308964,-28.351195755447428,5.778976539877194,7.791018552650264,-32.09746412054609,-30.78859438190199,53.33928856305137,121.0,0.0
tr|0.35|0.25|0.4,F,,0,,,446.84424522155973,10.22222509353412,-29.27833342957887,9.813266494097391,11.432252827305673,-33.897642954929054,-31.607191480196967,43.7943008749122,179.0,0.0
tr|0.35|0.25|0.5,A,,0,,,231.07197147605493,14.331995032027544,-21.899772824912688,12.936359198352115,15.705285280251976,-25.985850948331702,-24.910857126845492,35.25361847111398,57.5,0.0
tr|0.35|0.25|0.5,B,,0,,,133.33131963728664,7.800141120997839,-28.94240388647057,6.924600330199879,8.629399577269856,-30.285200699282722,-30.03659985497954,54.00744985727237,112.5,0.0
tr|0.35|0.25|0.5,F,,0,,,531.7882107452219,11.156030535383932,-29.416431128201577,10.036610245136634,11.942230816977705,-35.42796138179891,-32.516930984211704,44.711511858259975,171.0,0.0
tr|0.35|0.25|0.6,A,,0,,,234.3124370654002,14.49053440174245,-21.63080153951184,13.240954156940818,15.8610137979931,-26.26874877160009,-24.06505038047492,35.63591658459028,58.0,0.0
tr|0.35|0.25|0.6,B,,0,,,132.50925889470386,7.737486929888737,-29.06265840583209,6.869834723989392,8.764219655733037,-32.01679054577322,-30.529703955615105,55.40704369830447,105.0,0.0
tr|0.35|0.25|0.6,F,,0,,,522.9909466733193,11.066111344303575,-30.028340951341193,10.42169325158306,12.041150126559307,-36.32108899126746,-33.37651398888072,45.580720511454366,164.5,0.0
tr|0.35|0.25|0.7,A,,0,,,232.51234843394374,14.401424947105712,-21.630105436047387,13.147608346264555,15.955861504221907,-26.268031486323018,-24.06434556574163,35.50346145369024,58.0,0.0
tr|0.35|0.25|0.7,B,,0,,,136.85277218397684,8.064819648380128,-29.062421067977322,7.531484090826197,9.257772444559167,-30.370999505098638,-30.122623319443807,55.726625943626296,103.0,0.0
tr|0.35|0.25|0.7,F,,0,,,551.7949208200348,11.35515785347766,-29.454016870511403,10.469660897624722,12.380627032472402,-35.211003175997455,-32.880213212622486,45.371902987014465,164.0,0.0
tr|0.35|0.25|0.8,A,,0,,,232.51234843394374,14.401424947105712,-21.630105436047387,13.147608346264555,15.955861504221907,-26.268031486323018,-24.06434556574163,35.50346145369024,58.0,0.0
tr|0.35|0.25|0.8,B,,0,,,137.75775477661617,8.131864802099164,-29.062421067977322,7.602804033597765,9.343735120341144,-30.370999505098638,-30.14708115381663,55.86872021929308,102.0,0.0
tr|0.35|0.25|0.8,F,,0,,,545.5993907856835,11.294286960596644,-29.454016870511403,10.512688123213525,12.416551613227396,-35.211003175997455,-32.880213212622486,45.50324164415487,162.5,0.0
tr|0.35|0.25|None,A,,0,,,232.51234843394374,14.401424947105712,-21.630105436047387,13.147608346264555,15.955861504221907,-26.268031486323018,-24.06434556574163,35.50346145369024,58.0,0.0
tr|0.35|0.25|None,B,,0,,,137.98496247811275,8.14862813636804,-29.062421067977322,7.620752050932267,9.359390293611598,-30.370999505098638,-30.14708115381663,55.87548798860662,102.0,0.0
tr|0.35|0.25|None,F,,0,,,545.9921479898198,11.29815723948202,-29.454016870511403,10.522134952251902,12.424373922844852,-35.211003175997455,-32.880213212622486,45.50648129783755,162.5,0.0
tr|0.35|0.3|0.4,A,,0,,,239.35436971438904,14.732806364774975,-24.620282891323004,14.120293429284066,15.838458730471034,-28.581191769325155,-26.852434625575107,37.98314430743494,57.0,0.0
tr|0.35|0.3|0.4,B,,0,,,107.65597923733368,5.652814768076242,-29.995238232365818,5.365386828192844,6.54840734197316,-33.654606676074614,-31.508791076782032,58.008508611406995,118.0,0.0
tr|0.35|0.3|0.4,F,,0,,,455.65196178972946,10.326597385917669,-36.1739300378067,9.866909151533793,11.229781997408406,-40.67383766718579,-39.14894273224053,48.14683515666547,174.0,0.0
tr|0.35|0.3|0.5,A,,0,,,261.48658014059316,15.745423485788779,-25.12455880302952,14.28200457551825,17.641477598827958,-29.36977137442629,-26.943956376147455,38.71501141692533,54.5,0.0
tr|0.35|0.3|0.5,B,,0,,,117.49099067629457,6.5247111374897475,-30.190761570788254,5.535252329386369,7.140717569398674,-31.649385937092134,-31.19029924850632,58.98274617883816,109.0,0.0
tr|0.35|0.3|0.5,F,,0,,,529.8151598153773,11.135899128513227,-36.98837256676945,9.899394443041976,12.14286503043894,-42.215465666914874,-40.677088602593145,49.22824532310326,163.0,0.0
tr|0.35|0.3|0.6,A,,0,,,264.0535862752252,15.854900783871518,-25.287614557381012,14.468611702613247,17.76429073774663,-29.337139076097184,-27.92631235878825,39.46159396487164,53.5,0.0
tr|0.35|0.3|0.6,B,,0,,,120.10462810493098,6.746000392476981,-30.571832597795463,5.27584464657773,7.8849066403833445,-33.48715282803349,-31.790122236978984,60.04512862827684,101.5,0.0
tr|0.35|0.3|0.6,F,,0,,,548.4097715069155,11.320041582918716,-37.65020214988834,10.403111442235643,12.163154435630515,-42.378870260433445,-40.705525395389564,50.36302337617893,156.5,0.0
tr|0.35|0.3|0.7,A,,0,,,266.7487042161134,15.971893246630797,-25.2869128593586,14.575208345007102,17.86279384773469,-29.11399942408579,-27.777674637184674,39.098636923711695,53.0,0.0
tr|0.35|0.3|0.7,B,,0,,,128.87324925808934,7.455698564267221,-30.269541355458006,6.139757963126484,8.307728192261218,-31.734678981700824,-31.276084313307273,60.14617697658189,99.0,0.0
tr|0.35|0.3|0.7,F,,0,,,556.4555221569516,11.399788990358717,-37.547767296558554,10.788663546831453,12.9522582394578,-42.19981929974922,-40.598365682602704,50.235097030786534,153.0,0.0
tr|0.35|0.3|0.8,A,,0,,,266.7487042161134,15.971893246630797,-25.2869128593586,14.575208345007102,17.86279384773469,-29.11399942408579,-27.777674637184674,39.098636923711695,53.0,0.0
tr|0.35|0.3|0.8,B,,0,,,126.96951962733915,7.3055828370212295,-30.52994795043495,6.0005901475003665,8.323177863104213,-31.734678981700824,-31.53977480394991,60.27214574222912,100.0,0.0
tr|0.35|0.3|0.8,F,,0,,,560.7592627377968,11.441481049221592,-37.547767296558554,10.811421310643752,12.893433646651092,-42.19981929974922,-40.598365682602704,50.4111964454818,152.5,0.0
tr|0.35|0.3|None,A,,0,,,266.7487042161134,15.971893246630797,-25.2869128593586,14.575208345007102,17.86279384773469,-29.11399942408579,-27.777674637184674,39.098636923711695,53.0,0.0
tr|0.35|0.3|None,B,,0,,,127.19216926140562,7.323268423865958,-30.52994795043495,5.970829399285356,8.339104362881876,-31.734678981700824,-31.53977480394991,60.27937877646028,100.0,0.0
tr|0.35|0.3|None,F,,0,,,561.681389201445,11.45036088774165,-37.547767296558554,10.821921184249144,12.902308836316214,-42.19981929974922,-40.598365682602704,50.39148204204555,152.5,0.0
tr|0.35|0.35|0.4,A,,0,,,208.6073103900535,13.176740363118123,-26.87973783639967,12.758379228181088,14.745994200651946,-31.155198020138364,-29.41088349957659,42.072186364422215,54.0,0.0
tr|0.35|0.35|0.4,B,,0,,,119.93081594269601,6.728824399847911,-31.298111504655562,5.7789818096286405,8.989583250711899,-33.43492080714607,-32.83473714506608,65.33173799166431,110.0,0.0
tr|0.35|0.35|0.4,F,,0,,,508.2371784176864,10.912236497822414,-40.563093898850525,10.030511812298338,11.768734074742596,-43.017406967600536,-42.72375040048135,54.07106629931615,165.5,0.0
tr|0.35|0.35|0.5,A,,0,,,226.02548473799646,14.080906657619874,-28.302435823931628,13.02882393333111,16.38445512052891,-32.45792824413382,-30.386057176614965,42.100133410640424,53.0,0.0
tr|0.35|0.35|0.5,B,,0,,,123.5065163953361,7.0268094054411705,-31.255106058772576,5.982179547152146,9.02449543676614,-32.997930888301596,-32.77469215742078,65.77221586546405,103.0,0.0
tr|0.35|0.35|0.5,F,,0,,,525.8355467718487,11.095418490050768,-41.998409659637154,10.169300998035554,12.322796619189994,-45.49760375202476,-43.31953913315552,54.42365972917691,156.5,0.0
tr|0.35|0.35|0.6,A,,0,,,231.64639364204808,14.358127082785376,-28.97705474671366,13.471955417022375,16.30349769157241,-32.7987740027328,-30.754362373919196,43.107978925485845,52.5,0.0
tr|0.35|0.35|0.6,B,,0,,,123.58917476369231,7.033275911281822,-31.481233441473638,5.585461181417946,9.004050943132617,-32.85909532487804,-32.39387618889518,65.80315416160352,98.5,0.0
tr|0.35|0.35|0.6,F,,0,,,537.2967694619133,11.208474204392738,-42.098792209319214,10.14743789308273,12.455021728651937,-45.75881731579605,-43.875474443815726,54.870036229147125,148.0,0.0
tr|0.35|0.35|0.7,A,,0,,,228.25053317427086,14.19272575514734,-28.566840583672025,13.467342238328012,16.374682946792415,-32.67602698351085,-30.480380122241385,42.936085564457485,52.0,0.0
tr|0.35|0.35|0.7,B,,0,,,129.0713535966752,7.471351396055292,-31.338042654630467,6.28747033777047,9.609466601036882,-32.85909532487803,-32.393876188895184,65.84053218147864,95.5,0.0
tr|0.35|0.35|0.7,F,,0,,,574.6923954548538,11.574157115228934,-42.029929354594294,10.333433453710587,12.049316158677394,-45.661110439145716,-43.71397460315606,55.07591731053019,147.0,0.0
tr|0.35|0.35|0.8,A,,0,,,228.25053317427086,14.19272575514734,-28.566840583672025,13.467342238328012,16.374682946792415,-32.67602698351085,-30.480380122241385,42.936085564457485,52.0,0.0
tr|0.35|0.35|0.8,B,,0,,,131.59212163874568,7.666858728780223,-31.338042654630467,6.268955576228581,9.694289586624382,-32.85909532487803,-32.393876188895184,66.02246308619664,96.0,0.0
tr|0.35|0.35|0.8,F,,0,,,560.4893193530994,11.439261509291153,-42.029929354594294,10.475352342912913,12.06905359821841,-45.661110439145716,-43.71397460315606,55.15108490481971,145.5,0.0
tr|0.35|0.35|None,A,,0,,,228.25053317427086,14.19272575514734,-28.566840583672025,13.467342238328012,16.374682946792415,-32.67602698351085,-30.480380122241385,42.936085564457485,52.0,0.0
tr|0.35|0.35|None,B,,0,,,131.42409298030958,7.654088213634891,-31.338042654630467,6.240102582536903,9.707853755542576,-32.85909532487803,-32.393876188895184,66.02863171845672,96.0,0.0
tr|0.35|0.35|None,F,,0,,,561.3505209916588,11.447548235725712,-42.029929354594294,10.484449709668013,12.077319032026859,-45.661110439145716,-43.71397460315606,55.15404793648666,145.5,0.0
tr|0.4|0.05|0.4,A,,0,,,137.30075994849065,8.57069496503967,-19.023871495119298,7.766644644189316,9.041455449363951,-25.182352034848265,-24.56434421635262,21.6548694490231,58.0,0.0
tr|0.4|0.05|0.4,B,,0,,,177.35496422976624,10.731584575958752,-28.527675416816123,9.877039942574745,11.951761583669965,-29.551081547256707,-29.314324355344006,45.786666572230075,126.0,0.0
tr|0.4|0.05|0.4,F,,0,,,413.47658144751995,9.80839596264138,-27.071391606972018,9.505018579722337,10.206489613189744,-29.91798915016277,-29.551309475760608,34.3250601116098,183.0,0.0
tr|0.4|0.05|0.5,A,,0,,,142.08059496758025,8.94022789862654,-21.125924079637098,8.562248519728868,9.324277800595148,-25.479807710466908,-24.48179372690254,22.025246716011086,57.5,0.0
tr|0.4|0.05|0.5,B,,0,,,161.09408930591476,9.735327775241476,-29.03631950833374,8.841932312823571,10.983456460860923,-29.64209932430699,-29.387734791947878,49.749899047455074,117.0,0.0
tr|0.4|0.05|0.5,F,,0,,,410.7026435138346,9.772556105695207,-27.097691196879886,8.724128040491532,10.09096386593971,-30.015052355801096,-29.354708841606676,36.72853289668305,173.5,0.0
tr|0.4|0.05|0.6,A,,0,,,147.58463218094954,9.352453930191995,-21.09743075684279,8.739300673895208,9.761154948429093,-25.736144955105022,-24.733364558422256,22.758760219931457,57.5,0.0
tr|0.4|0.05|0.6,B,,0,,,162.51705832838746,9.826167236599447,-29.13504945812675,8.536458683803742,11.447309775131442,-29.730242356802904,-29.617886062554703,51.47286201417592,108.5,0.0
tr|0.4|0.05|0.6,F,,0,,,430.407185624161,10.022197671488653,-27.465924525123782,8.979746575969683,10.516054080320954,-30.258152947187245,-29.913439930879527,37.45359786055712,165.0,0.0
tr|0.4|0.05|0.7,A,,0,,,149.82955783897756,9.516561797472711,-21.09674049081876,8.908828687481634,9.921848403775362,-25.73542766982796,-24.732652472941755,22.74089772273176,57.5,0.0
tr|0.4|0.05|0.7,B,,0,,,178.77489479228993,10.815126378325823,-29.135121479502097,9.809228656337373,12.38385774461408,-29.730242356802904,-29.47449859795611,51.94658673631898,104.5,0.0
tr|0.4|0.05|0.7,F,,0,,,472.9133715171142,10.525602349329255,-27.464691054852914,9.191315401258512,10.913829749295811,-30.26698535803941,-29.60094076361987,37.70880605289913,163.0,0.0
tr|0.4|0.05|0.8,A,,0,,,149.82955783897756,9.516561797472711,-21.09674049081876,8.908828687481634,9.921848403775362,-25.73542766982796,-24.732652472941755,22.74089772273176,57.5,0.0
tr|0.4|0.05|0.8,B,,0,,,179.95544928701128,10.883807598966166,-29.135121479502097,9.872538009672187,12.321640098190288,-29.730242356802904,-29.47449859795611,52.09755843850908,104.0,0.0
tr|0.4|0.05|0.8,F,,0,,,473.02947589752057,10.526640581267454,-27.464691054852914,9.257834211349898,10.947592555518774,-30.26698535803941,-29.60094076361987,37.79069680234679,162.0,0.0
tr|0.4|0.05|None,A,,0,,,149.82955783897756,9.516561797472711,-21.09674049081876,8.908828687481634,9.921848403775362,-25.73542766982796,-24.732652472941755,22.74089772273176,57.5,0.0
tr|0.4|0.05|None,B,,0,,,180.20744756767334,10.89840670158898,-29.135121479502097,9.86136927603632,12.335788848996414,-29.730242356802904,-29.47449859795611,52.103692703342496,104.0,0.0
tr|0.4|0.05|None,F,,0,,,473.65312610257155,10.533698799414527,-27.464691054852914,9.266154898435124,10.954142318560004,-30.26698535803941,-29.60094076361987,37.79356675326076,162.0,0.0
tr|0.4|0.075|0.4,A,,0,,,131.21259052908957,8.082306740623524,-19.377544319282435,7.421976522048819,8.599975208302746,-25.704273102831664,-24.66400074282787,21.961186230229305,58.0,0.0
tr|0.4|0.075|0.4,B,,0,,,174.07246262447404,10.536707293685332,-28.527843388883696,9.706063635452566,11.823040600145951,-29.551190547452812,-29.314434116328947,46.3059464598509,126.0,0.0
tr|0.4|0.075|0.4,F,,0,,,395.53749819154393,9.572556618875971,-27.071529447677477,9.175998593802799,9.812477348536792,-29.918099650900132,-29.55141847624262,34.61628201870567,182.5,0.0
tr|0.4|0.075|0.5,A,,0,,,136.2583788308437,8.488534275140525,-21.121609379415336,8.227017038829084,8.851388498235865,-25.469080007468502,-24.967774720162076,22.12176634300025,58.0,0.0
tr|0.4|0.075|0.5,B,,0,,,175.43814314890597,10.619368471748514,-29.036488879530065,9.83793995635921,11.655961104371038,-29.64220251298214,-29.387902900329777,49.645783433694525,117.0,0.0
tr|0.4|0.075|0.5,F,,0,,,408.00738572200436,9.733362588343997,-27.097838300419973,9.095636735808089,10.362428363625138,-30.01516272641419,-29.35481685047031,36.78488866652762,174.0,0.0
tr|0.4|0.075|0.6,A,,0,,,143.10521827954963,9.018151812796749,-21.467955264208104,8.424779981930838,9.401588180629457,-25.725408989731278,-25.2246538765386,23.210969062128857,57.5,0.0
tr|0.4|0.075|0.6,B,,0,,,179.62182624767055,10.864838124236497,-29.135188860824474,9.607595776713673,12.06203861082417,-29.730345641557765,-29.474666717098437,51.44432312947451,109.5,0.0
tr|0.4|0.075|0.6,F,,0,,,424.5580575875031,9.948751389176246,-27.470897774661683,8.973345152732612,10.578711507630043,-30.27709556509994,-29.60781282349804,37.82427649787948,166.0,0.0
tr|0.4|0.075|0.7,A,,0,,,144.50511868280984,9.123586527234838,-21.467255750129365,8.583434115161806,9.561103218232264,-25.724691704454195,-25.223941791058095,23.193768494548433,57.0,0.0
tr|0.4|0.075|0.7,B,,0,,,192.595347543068,11.59450600458911,-29.123954280425856,10.238793152735196,12.755267634152156,-29.730345641557765,-29.474666717098458,51.60899987199219,104.0,0.0
tr|0.4|0.075|0.7,F,,0,,,474.69469390674925,10.545650186625144,-27.470918129782373,9.338397743894616,11.077991490032478,-30.27525704767354,-29.610439327798353,38.01834128613003,163.0,0.0
tr|0.4|0.075|0.8,A,,0,,,144.50511868280984,9.123586527234838,-21.467255750129365,8.583434115161806,9.561103218232264,-25.724691704454195,-25.223941791058095,23.193768494548433,57.0,0.0
tr|0.4|0.075|0.8,B,,0,,,193.9901508943688,11.670282085237726,-29.13526088247155,10.267872646474894,12.617163305742771,-29.730345641557765,-29.474666717098458,51.83653887350745,103.0,0.0
tr|0.4|0.075|0.8,F,,0,,,472.7233227108142,10.523471912767668,-27.470918129782373,9.642493112660686,11.053726111364407,-30.27525704767354,-29.610439327798353,38.10257055544748,162.0,0.0
tr|0.4|0.075|None,A,,0,,,144.50511868280984,9.123586527234838,-21.467255750129365,8.583434115161806,9.561103218232264,-25.724691704454195,-25.223941791058095,23.193768494548433,57.0,0.0
tr|0.4|0.075|None,B,,0,,,194.25160017146698,11.684430357298437,-29.13526088247155,10.28256486681602,12.629460539719092,-29.730345641557765,-29.474666717098458,51.84222803387377,103.0,0.0
tr|0.4|0.075|None,F,,0,,,472.0488037115475,10.515844752159243,-27.470918129782373,9.649767958713952,11.059849425812484,-30.27525704767354,-29.610439327798353,38.093872876785774,162.0,0.0
tr|0.4|0.1|0.4,A,,0,,,126.3784125086349,7.680380137436571,-20.591608996152548,7.377033272668014,8.11708604243346,-25.77887995096796,-24.74152144441475,22.417289729871953,57.0,0.0
tr|0.4|0.1|0.4,B,,0,,,158.64910427462965,9.577498882275204,-28.37618908836343,8.981621710885141,11.017990152630482,-29.806037611876768,-29.571599492940358,47.17883279288133,125.0,0.0
tr|0.4|0.1|0.4,F,,0,,,353.6538414571301,8.979674814554228,-27.205681944576927,8.626335226430747,9.287087554100701,-30.175437768938796,-29.80707821616168,35.58500338399401,181.5,0.0
tr|0.4|0.1|0.5,A,,0,,,133.25101989786614,8.24828333113059,-22.19220954461581,7.8772870934437105,8.541957918703801,-25.54750271520645,-25.045250546078506,22.979287023085032,58.0,0.0
tr|0.4|0.1|0.5,B,,0,,,167.90441978663787,10.163611599584266,-29.296420301009807,9.446003844218946,11.22434569946022,-29.90398324399045,-29.645749569109665,50.52050931884511,117.0,0.0
tr|0.4|0.1|0.5,F,,0,,,384.17439489377836,9.417519574078925,-27.615310274100104,8.81243462276611,9.88239976587722,-30.276762741681896,-29.61426503404871,37.6459554809454,173.0,0.0
tr|0.4|0.1|0.6,A,,0,,,139.84159244853993,8.768622666104209,-22.151594879291665,8.36284969331368,9.11254998787723,-25.803892097896618,-25.302176491865282,23.884185968794437,57.0,0.0
tr|0.4|0.1|0.6,B,,0,,,171.80321281312925,10.401353280973613,-29.383885728958383,8.868801134922046,11.628670290331714,-30.00882476677048,-29.74729570739682,51.96392307769217,109.0,0.0
tr|0.4|0.1|0.6,F,,0,,,408.8477376004731,9.747596524543711,-27.779296901480844,8.777467740985163,10.592404099563952,-30.538579996104232,-30.18246062820532,38.80182942272009,168.0,0.0
tr|0.4|0.1|0.7,A,,0,,,141.12079733784677,8.867002041157212,-22.150881697303987,8.299043785743072,9.257125417743616,-25.803174812619545,-25.3014644063848,23.87348436119038,56.5,0.0
tr|0.4|0.1|0.7,B,,0,,,186.24473665286746,11.243057283720493,-29.395672508231918,10.022848900848638,12.279095838753143,-29.9921266079996,-29.732513412245638,52.57805635787622,104.5,0.0
tr|0.4|0.1|0.7,F,,0,,,449.7545574894256,10.256817131377115,-27.7846783842531,9.346092424194582,10.823984324014353,-30.537466992149763,-29.87687713099165,38.710113312827794,163.5,0.0
tr|0.4|0.1|0.8,A,,0,,,141.12079733784677,8.867002041157212,-22.150881697303987,8.299043785743072,9.257125417743616,-25.803174812619545,-25.3014644063848,23.87348436119038,56.5,0.0
tr|0.4|0.1|0.8,B,,0,,,186.04774356408777,11.231858323611355,-29.395672508231918,10.014599953123682,12.272084149162488,-29.9921266079996,-29.734259207007064,52.66897748073966,103.5,0.0
tr|0.4|0.1|0.8,F,,0,,,450.35312317555184,10.264072730902685,-27.7846783842531,9.46019172548944,10.78681908147182,-30.537466992149763,-29.87687713099165,38.83938416770008,162.5,0.0
tr|0.4|0.1|None,A,,0,,,141.12079733784677,8.867002041157212,-22.150881697303987,8.299043785743072,9.257125417743616,-25.803174812619545,-25.3014644063848,23.87348436119038,56.5,0.0
tr|0.4|0.1|None,B,,0,,,186.40462475994877,11.251940041735931,-29.395672508231918,10.030054792712962,12.248719570314833,-29.9921266079996,-29.734259207007064,52.675268599458505,103.5,0.0
tr|0.4|0.1|None,F,,0,,,450.90789424075,10.270653166725241,-27.7846783842531,9.467965664211945,10.793524349585395,-30.537466992149763,-29.87687713099165,38.84229441818399,162.5,0.0
tr|0.4|0.125|0.4,A,,0,,,125.79640692202891,7.631012796226743,-20.875179132993622,7.201912171616424,8.218146586057866,-26.499972750926126,-25.008202503391423,23.286601832231067,57.0,0.0
tr|0.4|0.125|0.4,B,,0,,,155.97640111437292,9.398447994371162,-28.7553155313981,8.397919073616427,11.359327512315094,-29.77372982566915,-29.53903504733837,48.45185320754261,122.5,0.0
tr|0.4|0.125|0.4,F,,0,,,339.34791017358936,8.761757100686474,-27.84007909581084,8.333254364787662,9.627926837975984,-30.14297036689869,-29.77492921027794,36.4968655224178,177.0,0.0
tr|0.4|0.125|0.5,A,,0,,,131.91373938147322,8.139881643247493,-22.281794916707636,7.787494252748747,8.266589488774574,-25.63609491274358,-25.458702500987023,23.876435348066433,58.0,0.0
tr|0.4|0.125|0.5,B,,0,,,171.76794091758708,10.399489944223983,-29.259223824112667,8.836217708849167,11.10629505136868,-29.863041712845263,-29.608775457907328,51.11308139260482,112.0,0.0
tr|0.4|0.125|0.5,F,,0,,,360.23778384472854,9.076957214394987,-27.846723179246492,8.347473569484743,9.679861939626129,-30.236435179074494,-29.574351009838956,38.43129277687346,168.0,0.0
tr|0.4|0.125|0.6,A,,0,,,137.37886134521275,8.576806309615904,-22.49624891111022,8.123444114790209,8.768123748686525,-25.892552528305924,-25.717848335907934,24.865811477993567,56.5,0.0
tr|0.4|0.125|0.6,B,,0,,,166.02311755345715,10.04690934231396,-29.50222545023267,9.252766099253984,11.416785874413945,-30.786619489574218,-29.99389503899917,52.71003012110107,103.0,0.0
tr|0.4|0.125|0.6,F,,0,,,392.9533214547003,9.53774640000824,-28.012978328787646,8.82681697875018,9.980819215503994,-30.722599944138963,-30.145278911890212,39.518881838863656,163.5,0.0
tr|0.4|0.125|0.7,A,,0,,,138.9365622339446,8.69850018374737,-22.49553572912255,8.145641112598216,8.911859056134244,-25.89183524302886,-25.71714295094038,24.796252288382135,56.0,0.0
tr|0.4|0.125|0.7,B,,0,,,172.30565567443526,10.431497333530304,-29.34498112719596,9.61300879661405,12.25423329879936,-29.949467660016182,-29.693845027051808,53.172235313449214,100.0,0.0
tr|0.4|0.125|0.7,F,,0,,,425.95491950568703,9.966662913587331,-28.071406775169798,8.998577116147725,10.413880718708867,-30.489566335869068,-29.839006642255743,39.52378981994437,157.5,0.0
tr|0.4|0.125|0.8,A,,0,,,138.9365622339446,8.69850018374737,-22.49553572912255,8.145641112598216,8.911859056134244,-25.89183524302886,-25.71714295094038,24.796252288382135,56.0,0.0
tr|0.4|0.125|0.8,B,,0,,,173.25406177421675,10.488374025579494,-29.34498112719596,9.58187321581931,12.025790995185002,-29.949467660016182,-29.693845027051808,53.44116257578219,99.0,0.0
tr|0.4|0.125|0.8,F,,0,,,427.0489516845702,9.980331257304664,-28.071406775169798,9.007571286463223,10.42474339437499,-30.489566335869068,-29.839006642255743,39.70017145880662,156.5,0.0
tr|0.4|0.125|None,A,,0,,,138.9365622339446,8.69850018374737,-22.49553572912255,8.145641112598216,8.911859056134244,-25.89183524302886,-25.71714295094038,24.796252288382135,56.0,0.0
tr|0.4|0.125|None,B,,0,,,173.49517599969545,10.502830614032966,-29.34498112719596,9.607786327991636,12.048955458746,-29.949467660016182,-29.693845027051808,53.44742446242514,99.0,0.0
tr|0.4|0.125|None,F,,0,,,426.4520409457694,9.972762872439379,-28.071406775169798,8.989270508065117,10.431110991378322,-30.489566335869068,-29.839006642255743,39.70272562879246,156.0,0.0
tr|0.4|0.15|0.4,A,,0,,,135.5329461413273,8.430969763813456,-20.936398426062404,7.79205391086463,9.18390763816056,-26.343989825752622,-25.23779748029692,24.919450797703828,57.0,0.0
tr|0.4|0.15|0.4,B,,0,,,149.08828675096808,8.938743403520089,-28.757138268542537,8.131334611574903,9.977687223953916,-29.7758563659528,-29.541178783325318,49.550589434235846,123.0,0.0
tr|0.4|0.15|0.4,F,,0,,,350.2725064105715,8.928718185966112,-28.411867140159767,8.689179338195137,9.288164154401239,-30.144805205700788,-29.776748236896633,37.791240520039494,178.0,0.0
tr|0.4|0.15|0.5,A,,0,,,141.94155898200228,8.92977513990264,-22.12132211397673,8.402947967802595,9.626881146218933,-25.471868253467488,-25.29806006568503,25.437820094841353,58.0,0.0
tr|0.4|0.15|0.5,B,,0,,,148.7852394845716,8.91798470384908,-29.261542722376916,8.206526253685864,10.282165925765739,-29.865839329414456,-29.61108123598009,52.234867016437335,111.0,0.0
tr|0.4|0.15|0.5,F,,0,,,365.4595596490623,9.152472478353236,-28.14055627722562,8.489150068653428,9.639546983928124,-30.238854394328428,-29.576751849481482,39.90657002333794,168.5,0.0
tr|0.4|0.15|0.6,A,,0,,,146.80670977820265,9.294981733955987,-22.34992110539781,8.909102927067538,9.956591421474663,-25.72819938321096,-25.55712370971171,26.501283368363417,57.0,0.0
tr|0.4|0.15|0.6,B,,0,,,155.51663686722793,9.372140664842533,-29.36844485527447,8.322453102377224,10.717042203207619,-31.70417531157711,-30.242517325555212,53.371901570119064,103.0,0.0
tr|0.4|0.15|0.6,F,,0,,,398.07690620811934,9.60643703262878,-28.294825951578883,8.673808540102872,10.212590610136047,-30.454187919564035,-30.012921665586195,40.69730151630299,162.0,0.0
tr|0.4|0.15|0.7,A,,0,,,148.00676737740054,9.383482003479383,-22.34921133013951,8.939895389108903,9.971577863256558,-25.727482097933873,-25.55641832474418,26.128356910658656,56.0,0.0
tr|0.4|0.15|0.7,B,,0,,,168.02855207757912,10.171259450095205,-29.347429375355883,9.4677539385896,11.444436819614264,-30.461481611053387,-29.721974333925015,54.194359983687065,99.5,0.0
tr|0.4|0.15|0.7,F,,0,,,423.5150635927475,9.936134758406867,-28.337302521994364,9.28778642706605,10.467759186032431,-30.45374657934773,-29.82512507879198,41.062259848212086,158.0,0.0
tr|0.4|0.15|0.8,A,,0,,,148.00676737740054,9.383482003479383,-22.34921133013951,8.939895389108903,9.971577863256558,-25.727482097933873,-25.55641832474418,26.128356910658656,56.0,0.0
tr|0.4|0.15|0.8,B,,0,,,168.6549560520313,10.209838389074799,-29.347429375355883,9.46779760296194,11.350535370138527,-30.474482005426083,-29.721974333925015,54.384719862692776,98.5,0.0
tr|0.4|0.15|0.8,F,,0,,,423.7534883465143,9.939086350140236,-28.358842748489216,9.184414623486918,10.487628326955106,-30.45374657934773,-29.82512507879198,41.2373300839203,157.0,0.0
tr|0.4|0.15|None,A,,0,,,148.00676737740054,9.383482003479383,-22.34921133013951,8.939895389108903,9.971577863256558,-25.727482097933873,-25.55641832474418,26.128356910658656,56.0,0.0
tr|0.4|0.15|None,B,,0,,,168.89735333076797,10.224728222315315,-29.347429375355883,9.48363390357437,11.364045645104477,-30.474482005426083,-29.721974333925015,54.39072901721559,98.0,0.0
tr|0.4|0.15|None,F,,0,,,424.3563734154454,9.946662230253366,-28.358842748489216,9.19297022949738,10.494489449442368,-30.45374657934773,-29.82512507879198,41.240297563813286,157.0,0.0
tr|0.4|0.2|0.4,A,,0,,,166.29390326229552,10.65658360648526,-21.66354129926656,9.574550079823869,11.26169311749587,-25.96082668904902,-24.53915390328131,28.555449488189055,54.5,0.0
tr|0.4|0.2|0.4,B,,0,,,131.56671086498815,7.664367859505816,-29.065950856273854,7.057680753039075,8.575223760900991,-30.006694443132375,-29.774115017022098,52.78900149179504,122.0,0.0
tr|0.4|0.2|0.4,F,,0,,,372.62998915839705,9.255971102629957,-28.547031667704093,8.723749417564182,9.78942104920699,-31.84391983320595,-30.191568566912913,41.26813345958785,175.0,0.0
tr|0.4|0.2|0.5,A,,0,,,170.00563434961705,10.899460051454412,-22.20838055780594,10.079726594066054,11.806842876739768,-25.587812447719738,-25.146141563542056,28.775308445372406,55.0,0.0
tr|0.4|0.2|0.5,B,,0,,,131.97436042879843,7.696388345671423,-29.519105316982326,6.621021701967318,8.48124604457035,-30.103643926104706,-29.927030533774957,54.85738851268438,109.5,0.0
tr|0.4|0.2|0.5,F,,0,,,369.94030568097725,9.217738495473693,-28.959248054505565,8.6712570105578,9.844024914856627,-33.107433121960874,-31.126955365311243,42.82608758067559,163.0,0.0
tr|0.4|0.2|0.6,A,,0,,,173.99314457817223,11.155242432275504,-22.24960197088595,10.47950777742414,12.176683084998722,-25.84423287658444,-25.532783826297432,29.953038557202127,54.0,0.0
tr|0.4|0.2|0.6,B,,0,,,134.40497150286035,7.881399587732984,-29.849602254644346,6.7437431531585394,8.66207704651586,-31.464145339572458,-30.472218088550346,55.87887388912234,101.0,0.0
tr|0.4|0.2|0.6,F,,0,,,388.9736780401322,9.483659176519431,-29.28533390491034,9.138016505732756,10.228510211234212,-33.74829976853706,-31.68336112995757,43.82176939064838,157.0,0.0
tr|0.4|0.2|0.7,A,,0,,,176.08063219506954,11.28701542552022,-22.125200479972246,10.628380466671114,12.308650043932444,-25.843515591307376,-25.532076872925053,29.92465518714862,54.0,0.0
tr|0.4|0.2|0.7,B,,0,,,146.3732777407621,8.750649935428644,-29.605498908413207,7.967496911993869,9.941577764622416,-30.190337631821194,-30.01151777105693,56.82000205474601,98.0,0.0
tr|0.4|0.2|0.7,F,,0,,,436.19825439111844,10.093508889550495,-29.14474305805608,9.691982307627205,10.527690951058469,-33.65517164845356,-31.59018194686405,44.28360351553488,152.5,0.0
tr|0.4|0.2|0.8,A,,0,,,176.08063219506954,11.28701542552022,-22.125200479972246,10.628380466671114,12.308650043932444,-25.843515591307376,-25.532076872925053,29.92465518714862,54.0,0.0
tr|0.4|0.2|0.8,B,,0,,,149.09290820848457,8.93913672284723,-29.605498908413207,7.914967041382496,10.186018871922816,-30.190337631821194,-30.01151777105693,56.957944216851075,98.0,0.0
tr|0.4|0.2|0.8,F,,0,,,440.43912890683134,10.145119553426252,-29.14474305805608,9.71400810811737,10.595101729511281,-33.65517164845356,-31.59018194686405,44.445718833204396,153.0,0.0
tr|0.4|0.2|None,A,,0,,,176.08063219506954,11.28701542552022,-22.125200479972246,10.628380466671114,12.308650043932444,-25.843515591307376,-25.532076872925053,29.92465518714862,54.0,0.0
tr|0.4|0.2|None,B,,0,,,149.33275138870258,8.955608691099904,-29.605498908413207,7.932078181138961,10.200623097166169,-30.190337631821194,-30.01151777105693,56.96455342491944,97.5,0.0
tr|0.4|0.2|None,F,,0,,,441.14230336150194,10.153639919152779,-29.14474305805608,9.722056731842306,10.602900539864727,-33.65517164845356,-31.59018194686405,44.44905113825727,153.0,0.0
tr|0.4|0.25|0.4,A,,0,,,212.90992404886387,13.405636826030232,-21.823132005757746,12.62723797223629,15.227284460464347,-24.946795476830673,-24.613459249868928,34.471376593979045,54.5,0.0
tr|0.4|0.25|0.4,B,,0,,,131.35312010837254,7.648259238610833,-29.471095799133508,7.010404754726704,8.985542721827695,-30.645304021493956,-29.961319121361278,55.413180961210664,120.0,0.0
tr|0.4|0.25|0.4,F,,0,,,488.96315907355734,10.704464164297212,-30.21455717387515,10.147829186960882,11.795978605382778,-35.671593190059845,-33.11193818886975,45.57941766156636,173.0,0.0
tr|0.4|0.25|0.5,A,,0,,,224.13830704426096,13.985785659874594,-22.567893391067095,12.970024264943786,15.27229302906203,-25.802153228921597,-25.419118322751334,34.96198076734456,53.0,0.0
tr|0.4|0.25|0.5,B,,0,,,140.886878100329,8.360254249700748,-29.466924955342687,7.284269771120185,8.95212059170966,-30.07354701094035,-29.814856173439725,57.04251241266006,108.0,0.0
tr|0.4|0.25|0.5,F,,0,,,527.9171524133112,11.116508110632306,-30.87058090174082,10.041511975922756,11.745264009522181,-37.10818770970696,-33.45969060373228,46.4821635099928,161.5,0.0
tr|0.4|0.25|0.6,A,,0,,,219.76651406148764,13.762858394817567,-22.842494919681023,13.06099415889253,15.309878588845418,-26.058738741027653,-25.670523474846934,35.68283273453635,54.0,0.0
tr|0.4|0.25|0.6,B,,0,,,139.59210717835282,8.266052022878512,-29.57439994299681,6.893536033170158,9.473163109578355,-30.440566726537753,-29.926241480602112,58.11692341703407,102.5,0.0
tr|0.4|0.25|0.6,F,,0,,,523.4281315463919,11.070714391703806,-31.247331877141576,10.46151173191221,11.924943933787633,-36.57603215849411,-33.39793242826083,47.62106157706393,156.0,0.0
tr|0.4|0.25|0.7,A,,0,,,224.9931521960801,14.02974080163606,-22.841790303961236,13.18079381925052,15.438290176687872,-26.05802145575059,-25.66981138936643,35.398425713745965,53.0,0.0
tr|0.4|0.25|0.7,B,,0,,,150.38729071505043,9.027610736520387,-29.55291150037401,8.307181276064224,9.927828651226392,-30.160202707030017,-29.900153056413643,58.967481361143605,99.0,0.0
tr|0.4|0.25|0.7,F,,0,,,559.4837840930958,11.429757607909409,-31.172420848081305,10.933579111763962,12.314259570512897,-36.46698741192327,-33.512952775969765,47.84240722411983,151.0,0.0
tr|0.4|0.25|0.8,A,,0,,,224.9931521960801,14.02974080163606,-22.841790303961236,13.18079381925052,15.438290176687872,-26.05802145575059,-25.66981138936643,35.398425713745965,53.0,0.0
tr|0.4|0.25|0.8,B,,0,,,151.04277025673542,9.071872448348339,-29.55291150037401,8.36981560025261,10.019489646002276,-30.160202707030017,-29.900153056413643,59.143926076367784,98.0,0.0
tr|0.4|0.25|0.8,F,,0,,,571.5928701398315,11.544467918233881,-31.172420848081305,11.073886663133484,12.326013101995951,-36.46698741192327,-33.512952775969765,47.98853736657767,151.0,0.0
tr|0.4|0.25|None,A,,0,,,224.9931521960801,14.02974080163606,-22.841790303961236,13.18079381925052,15.438290176687872,-26.05802145575059,-25.66981138936643,35.398425713745965,53.0,0.0
tr|0.4|0.25|None,B,,0,,,151.2691694736394,9.087238370565187,-29.55291150037401,8.385777054608281,10.03371726371137,-30.160202707030017,-29.900153056413643,59.150438292340326,98.0,0.0
tr|0.4|0.25|None,F,,0,,,570.9351326167538,11.537925124383685,-31.172420848081305,11.082587514872651,12.333723573193753,-36.46698741192327,-33.512952775969765,47.99194252681387,150.5,0.0
tr|0.4|0.3|0.4,A,,0,,,260.7414181244164,15.712548734108067,-25.89029435659586,14.554232552204157,16.906481020671887,-29.862607479158353,-29.139664017368226,39.552100425719786,50.0,0.0
tr|0.4|0.3|0.4,B,,0,,,128.46842937027267,7.424041490789035,-30.342928415992432,6.31289848251928,8.171975115468891,-33.40048916937013,-31.389448481320763,60.74432021636185,117.0,0.0
tr|0.4|0.3|0.4,F,,0,,,558.0039865590643,11.414385750958534,-38.08614380232084,10.93335643499113,12.462537597548105,-40.300275412568986,-39.69786039506097,50.668122731384635,166.0,0.0
tr|0.4|0.3|0.5,A,,0,,,269.4280776092346,16.089679922342214,-25.99925463397468,15.059665850106036,18.459757187082822,-29.746659261433074,-28.175477098332948,40.24948583281848,49.0,0.0
tr|0.4|0.3|0.5,B,,0,,,135.42493321161007,7.958291311891985,-29.900995645863702,6.04140919296408,8.723240058722448,-30.460842846949078,-30.213820759772258,61.985020695158674,106.0,0.0
tr|0.4|0.3|0.5,F,,0,,,609.2693645313259,11.891335344497866,-38.4001240867238,11.226873863711754,13.433312847843867,-41.89915269718911,-40.10163535192212,51.53582795574252,155.0,0.0
tr|0.4|0.3|0.6,A,,0,,,274.7664278734539,16.316181589582822,-26.45975874770749,15.253529331493116,18.66904951445983,-29.92832139756507,-28.602299229789768,40.92168948499767,48.0,0.0
tr|0.4|0.3|0.6,B,,0,,,137.19775965673006,8.090243998702718,-29.93563615319767,6.778024903576312,8.755405093235428,-33.408426735081754,-32.053311526228576,62.78726137995854,99.5,0.0
tr|0.4|0.3|0.6,F,,0,,,659.9652566807548,12.325665557282806,-38.73855665038475,11.001005967943653,13.469398451312426,-42.11942002003596,-40.55418853497688,52.13577478609934,149.0,0.0
tr|0.4|0.3|0.7,A,,0,,,277.28961644214223,16.421841122140446,-26.314923921981215,15.369589490248586,18.76311979713192,-29.953058890903804,-28.452723442968143,40.83894681845407,48.0,0.0
tr|0.4|0.3|0.7,B,,0,,,144.26944920978394,8.602671191256706,-29.93563615319768,7.162843503853381,9.332890381525226,-31.248616949267337,-30.557629405295074,63.473272470037976,94.5,0.0
tr|0.4|0.3|0.7,F,,0,,,702.9390407115654,12.669503419240025,-38.70794189954973,11.619689294912188,13.339753483197455,-42.13984242176183,-40.42640310422625,52.44587992712704,143.0,0.0
tr|0.4|0.3|0.8,A,,0,,,277.28961644214223,16.421841122140446,-26.314923921981215,15.369589490248586,18.76311979713192,-29.953058890903804,-28.452723442968143,40.83894681845407,48.0,0.0
tr|0.4|0.3|0.8,B,,0,,,141.17627030890003,8.38047692617746,-29.93563615319768,7.370232387031169,9.46199211538277,-30.855694139893675,-30.396529413742122,63.548300786558144,93.5,0.0
tr|0.4|0.3|0.8,F,,0,,,693.2990056417846,12.594307657743077,-38.70794189954973,11.607696557543239,13.614292251367367,-42.13984242176183,-40.42640310422625,52.442159410491854,142.0,0.0
tr|0.4|0.3|None,A,,0,,,277.28961644214223,16.421841122140446,-26.314923921981215,15.369589490248586,18.76311979713192,-29.953058890903804,-28.452723442968143,40.83894681845407,48.0,0.0
tr|0.4|0.3|None,B,,0,,,141.3969044889032,8.396399245873166,-29.93563615319768,7.387777826536915,9.47781816305126,-30.855694139893675,-30.396529413742122,63.55469386398293,93.5,0.0
tr|0.4|0.3|None,F,,0,,,694.2950900431695,12.60214415274472,-38.70794189954973,11.616835223791163,13.622808119010859,-42.13984242176183,-40.42640310422625,52.44542380596129,142.0,0.0
tr|0.4|0.35|0.4,A,,0,,,230.6154393582268,14.309944307505129,-28.618385302196046,13.113854008957018,15.80116289837937,-32.83115576524457,-31.76009767845258,42.78015107255329,46.0,0.0
tr|0.4|0.35|0.4,B,,0,,,120.36769627015344,6.767601065825268,-30.749976331912443,5.340602210905461,8.925287835445268,-35.04908631546342,-31.38676803931289,67.0611264901202,109.0,0.0
tr|0.4|0.35|0.4,F,,0,,,559.9851931518538,11.434785648026525,-42.081935365245634,10.21694788478138,12.341685709779544,-44.433763372150906,-43.707938163013,55.34658649465079,156.5,0.0
tr|0.4|0.35|0.5,A,,0,,,236.89228380063597,14.614481182560436,-29.262152738674562,13.583425130544935,16.990071987923766,-34.01839150760233,-31.205203184586523,42.9273055395089,47.0,0.0
tr|0.4|0.35|0.5,B,,0,,,119.16964255191242,6.6667658867277435,-30.708210528194847,5.815567469352003,8.550608115354173,-31.865854193054567,-31.369152716327463,67.58503649838265,99.0,0.0
tr|0.4|0.35|0.5,F,,0,,,543.3533945844762,11.272046192530594,-42.2491523242078,10.05405427322477,12.615835865904995,-46.70244764052692,-43.681993936081504,55.92071075124952,146.5,0.0
tr|0.4|0.35|0.6,A,,0,,,241.38753509740792,14.829504941798888,-29.580030924432922,14.039932701878467,17.147603778415636,-33.8900453609925,-31.815334257360327,43.54752246200618,47.0,0.0
tr|0.4|0.35|0.6,B,,0,,,119.84085216678682,6.723926605562768,-31.3518726712739,5.4690196512889955,8.371373606410952,-33.83478190068211,-32.46881257394778,67.279719141577,93.0,0.0
tr|0.4|0.35|0.6,F,,0,,,543.5521579227827,11.272636777661916,-42.671105911959,9.667212211934357,12.179733006596718,-46.66442304841685,-44.128318237357554,56.19810094917912,139.0,0.0
tr|0.4|0.35|0.7,A,,0,,,240.9838147828364,14.81041637713667,-29.54617257365497,13.783957859393626,17.217467424550446,-33.973639542673084,-31.457987012382482,43.4002300270274,46.0,0.0
tr|0.4|0.35|0.7,B,,0,,,126.57805504724901,7.2744200001273684,-30.614806625156355,5.9067922472194745,9.684854623678477,-31.434246310181667,-31.285997294027148,67.94248229219542,89.0,0.0
tr|0.4|0.35|0.7,F,,0,,,542.4668646885881,11.263166282651005,-42.516924978294014,10.38743335141107,12.650060024802553,-46.73185165050505,-44.00112274764095,56.29602065873412,136.0,0.0
tr|0.4|0.35|0.8,A,,0,,,240.9838147828364,14.81041637713667,-29.54617257365497,13.783957859393626,17.217467424550446,-33.973639542673084,-31.457987012382482,43.4002300270274,46.0,0.0
tr|0.4|0.35|0.8,B,,0,,,128.41588379655042,7.419916671122406,-30.673567212046365,6.37890312769696,9.733450286219645,-31.434246310181667,-31.285997294027148,67.83759594801947,89.0,0.0
tr|0.4|0.35|0.8,F,,0,,,553.3225927534601,11.370060209511834,-42.516924978294014,9.9935894982734,12.650917279388112,-46.73185165050505,-44.00112274764095,56.32474669877454,136.0,0.0
tr|0.4|0.35|None,A,,0,,,240.9838147828364,14.81041637713667,-29.54617257365497,13.783957859393626,17.217467424550446,-33.973639542673084,-31.457987012382482,43.4002300270274,46.0,0.0
tr|0.4|0.35|None,B,,0,,,128.63065173965717,7.436802932555864,-30.673567212046365,6.3019961142193175,9.7475580796591,-31.434246310181667,-31.285997294027148,67.84330764397917,89.0,0.0
tr|0.4|0.35|None,F,,0,,,554.2101959380153,11.378709788355955,-42.516924978294014,10.003430006911296,12.659800460175735,-46.73185165050505,-44.00112274764095,56.31637469735173,135.5,0.0
tr|0.45|0.05|0.4,A,,0,,,141.13354721282516,8.868030987034425,-23.855900823596386,8.443523782430686,9.749313806962757,-26.662965593841527,-25.295390667791796,24.00538968184077,54.0,0.0
tr|0.45|0.05|0.4,B,,0,,,175.67443810950545,10.633231572181746,-28.527675416816123,10.051722388436897,11.99330206902321,-29.551081547256707,-29.314324355344006,46.66906966285756,123.0,0.0
tr|0.45|0.05|0.4,F,,0,,,442.7682025878196,10.173126749810846,-27.206835591535892,9.635988199957106,10.642489161623637,-29.917989150162715,-29.551309475760608,35.791386714361806,177.0,0.0
tr|0.45|0.05|0.5,A,,0,,,149.06153350150802,9.460667899997144,-23.050872982677063,8.976968950005752,9.604493684541012,-27.513028584322065,-25.820838431528735,24.479795952330413,56.0,0.0
tr|0.45|0.05|0.5,B,,0,,,175.03862564493627,10.595386635744674,-29.03631950833374,9.809687180496837,11.964661435133097,-29.64209932430699,-29.387734791947878,49.52642050907523,115.0,0.0
tr|0.45|0.05|0.5,F,,0,,,444.01736908540727,10.188229511690173,-27.545540914778915,9.473458977305697,10.881030216614004,-30.015052355801085,-29.354708841606676,37.376887669656675,169.0,0.0
tr|0.45|0.05|0.6,A,,0,,,153.9464583186041,9.811842134856352,-23.291512639581956,9.33521872283339,10.068169302382254,-27.783246623205503,-26.079913157260908,25.274728170810647,55.0,0.0
tr|0.45|0.05|0.6,B,,0,,,180.89942860523368,10.938803800718254,-29.13504945812675,9.917256176493368,11.998821187999722,-29.730242356802904,-29.48249591006084,51.20312290525846,107.0,0.0
tr|0.45|0.05|0.6,F,,0,,,465.00058823387064,10.432408481631617,-27.93903913651375,9.494534578859751,11.127425381749559,-30.25374014945911,-29.85591263685108,38.846228751966116,160.5,0.0
tr|0.45|0.05|0.7,A,,0,,,156.2130999423243,9.971392052090454,-23.290798339447385,9.556095595137297,10.221595836637732,-27.782539683103646,-26.079196666693434,25.221211756746424,55.0,0.0
tr|0.45|0.05|0.7,B,,0,,,194.1119250451244,11.676252346228766,-29.135121479502097,9.991456098345022,12.502742657298718,-30.970798662328434,-29.500156814441976,51.58349012468744,105.0,0.0
tr|0.45|0.05|0.7,F,,0,,,512.2961898425093,10.955016910850112,-27.851132517168864,10.111012843760061,11.453050335439437,-30.25218273837598,-29.56739021066132,38.68603615155645,157.5,0.0
tr|0.45|0.05|0.8,A,,0,,,156.2130999423243,9.971392052090454,-23.290798339447385,9.556095595137297,10.221595836637732,-27.782539683103646,-26.079196666693434,25.221211756746424,55.0,0.0
tr|0.45|0.05|0.8,B,,0,,,193.56751774983528,11.647371684579234,-29.135121479502097,10.002278123864102,12.567299094833526,-31.048985756522473,-29.500156814441976,51.806229764689334,103.0,0.0
tr|0.45|0.05|0.8,F,,0,,,518.5870349413092,11.020542802697053,-27.851132517168864,10.144452633120489,11.488066628637759,-30.25218273837598,-29.56739021066132,38.69141520563617,156.5,0.0
tr|0.45|0.05|None,A,,0,,,156.2130999423243,9.971392052090454,-23.290798339447385,9.556095595137297,10.221595836637732,-27.782539683103646,-26.079196666693434,25.221211756746424,55.0,0.0
tr|0.45|0.05|None,B,,0,,,193.8227435332484,11.66121029615148,-29.135121479502097,10.018206870948369,12.579661803157382,-31.048985756522473,-29.500156814441976,51.81153627691326,103.0,0.0
tr|0.45|0.05|None,F,,0,,,519.2265387958104,11.02717810246533,-27.851132517168864,10.125537315250755,11.494683688540434,-30.25218273837598,-29.56739021066132,38.69416273636743,156.0,0.0
tr|0.45|0.075|0.4,A,,0,,,137.387420582253,8.577485131963325,-24.237351163930686,8.221082791124475,9.484349104266105,-26.662965593841513,-25.774304775962815,24.36792433402803,54.0,0.0
tr|0.45|0.075|0.4,B,,0,,,175.650582379416,10.631926195067077,-28.527843388883696,9.954694372480777,12.03145207625905,-29.551190547452787,-29.314434116328954,47.19814114432901,122.5,0.0
tr|0.45|0.075|0.4,F,,0,,,433.8846287033716,10.064856829699432,-27.20698263195172,9.51853652051167,10.588421392300928,-29.918099650900142,-29.551418476242624,36.16441692993634,177.0,0.0
tr|0.45|0.075|0.5,A,,0,,,145.54624522586286,9.201484276163319,-23.60383324488978,8.66847229872109,9.31346674211958,-27.513028584322065,-25.820838431528742,24.872120869858872,55.0,0.0
tr|0.45|0.075|0.5,B,,0,,,178.81828856890598,10.818102795250251,-29.036488879530065,9.807992252114447,11.879575894330765,-29.64220251298214,-29.387902900329777,50.01023027879352,114.5,0.0
tr|0.45|0.075|0.5,F,,0,,,437.46918241191895,10.108377370905874,-27.54561429387701,9.477989789886806,10.757894529363773,-30.01516272641418,-29.35481685047032,37.84979257795181,168.5,0.0
tr|0.45|0.075|0.6,A,,0,,,151.00397062059926,9.601518472238169,-23.85040232731002,9.096375958129501,9.841263076088609,-27.783246623205514,-26.079913157260947,25.74698362436797,55.0,0.0
tr|0.45|0.075|0.6,B,,0,,,180.76203203069278,10.930388435217065,-29.123954280425853,9.618520576578957,11.964241343876683,-29.730345641557765,-29.474666717098437,51.53471827862299,107.5,0.0
tr|0.45|0.075|0.6,F,,0,,,453.21238066925247,10.297387472716402,-27.852474555456197,9.605936044056888,11.026080504042538,-30.25787711416692,-29.570904295900874,39.29946352377023,160.5,0.0
tr|0.45|0.075|0.7,A,,0,,,153.18835869348712,9.75799284107155,-23.849688027175453,9.292631461242593,9.991966190116122,-27.782539683103646,-26.079196666693477,25.637776871791885,55.0,0.0
tr|0.45|0.075|0.7,B,,0,,,196.44924549425178,11.802614683883517,-29.13526088247155,10.261043765101183,12.70162684908575,-30.538627013171283,-29.50031845001755,52.03527991101079,105.0,0.0
tr|0.45|0.075|0.7,F,,0,,,509.17243000210374,10.922137227805774,-27.851803529795315,10.089566688635879,11.46959280366872,-30.25639453254917,-29.569815769123807,39.22332959007059,157.5,0.0
tr|0.45|0.075|0.8,A,,0,,,153.18835869348712,9.75799284107155,-23.849688027175453,9.292631461242593,9.991966190116122,-27.782539683103646,-26.079196666693477,25.637776871791885,55.0,0.0
tr|0.45|0.075|0.8,B,,0,,,199.41832086552088,11.95998700335188,-29.13526088247155,10.303853237911738,12.769269945106881,-30.56446451960101,-29.50031845001755,52.2510370677096,103.5,0.0
tr|0.45|0.075|0.8,F,,0,,,514.5408878996647,10.978552156922028,-27.851803529795315,10.128741374124731,11.504967649063794,-30.25639453254917,-29.569815769123807,39.21999417100209,156.5,0.0
tr|0.45|0.075|None,A,,0,,,153.18835869348712,9.75799284107155,-23.849688027175453,9.292631461242593,9.991966190116122,-27.782539683103646,-26.079196666693477,25.637776871791885,55.0,0.0
tr|0.45|0.075|None,B,,0,,,199.67244501407427,11.973397326292412,-29.13526088247155,10.31852635726143,12.781796621302583,-30.56446451960101,-29.50031845001755,52.25621696875755,103.5,0.0
tr|0.45|0.075|None,F,,0,,,515.1634025922956,10.985057179428248,-27.851803529795315,10.136446519085096,11.511370332836476,-30.25639453254917,-29.569815769123807,39.22270994308013,156.5,0.0
tr|0.45|0.1|0.4,A,,0,,,135.6705281820009,8.441951792562374,-24.312837066507438,8.116213575842654,9.310116716546672,-26.739555577224284,-25.84903634794071,25.082856393833264,54.0,0.0
tr|0.45|0.1|0.4,B,,0,,,168.4127678075683,10.194629135885913,-28.37618908836343,9.566367004071974,11.535144558072565,-29.806037611876768,-29.571599492940358,48.03656495471721,123.0,0.0
tr|0.45|0.1|0.4,F,,0,,,400.113394516474,9.633653815497677,-27.891611295438928,9.202108211732307,9.986905343536655,-30.175437768938796,-29.807078216161702,37.04350301860361,176.5,0.0
tr|0.45|0.1|0.5,A,,0,,,143.8491998068243,9.074338054995545,-23.681505556339033,8.706357372115106,9.239708911864026,-27.59032987513287,-25.899174957284714,25.590913802692327,55.0,0.0
tr|0.45|0.1|0.5,B,,0,,,172.41344426151906,10.438411064458652,-29.296420301009807,9.450496224791346,11.427710925989423,-29.90398324399045,-29.645749569109665,50.76765145833375,115.0,0.0
tr|0.45|0.1|0.5,F,,0,,,422.6664688710725,9.92547021499256,-27.839849074755023,9.326512899958237,10.496129735652136,-30.276762729527373,-29.61426501613948,38.72322517151468,168.5,0.0
tr|0.45|0.1|0.6,A,,0,,,148.7140962616652,9.435214829742378,-23.928122744785895,9.036718500802614,9.761144633906296,-27.86059779470579,-26.158309310791594,26.553379490379008,55.0,0.0
tr|0.45|0.1|0.6,B,,0,,,176.10387623471902,10.658742222228067,-29.383885728958383,9.221861934601094,11.449897354421012,-29.9921266079996,-29.732513412245627,52.641262055826424,107.0,0.0
tr|0.45|0.1|0.6,F,,0,,,433.202874552352,10.056703329212446,-28.147944366652922,9.356402426909154,10.725621892039767,-30.513275239418014,-30.027687639229626,40.23811831870556,161.0,0.0
tr|0.45|0.1|0.7,A,,0,,,150.97958457773015,9.599775585767112,-23.927408444651334,9.250575939093649,9.895819203560283,-27.85989085460393,-26.157592820224107,26.410081704951153,54.0,0.0
tr|0.45|0.1|0.7,B,,0,,,194.40928134494385,11.692957016521522,-29.383885728958376,10.218338314676863,12.521239011281112,-29.9921266079996,-29.732513412245638,53.031982711431944,105.0,0.0
tr|0.45|0.1|0.7,F,,0,,,485.5521925209915,10.667011144074968,-27.799066681689784,9.775544589682363,11.068088313287944,-30.514203803949545,-29.835643769877635,40.29270591390496,156.0,0.0
tr|0.45|0.1|0.8,A,,0,,,150.97958457773015,9.599775585767112,-23.927408444651334,9.250575939093649,9.895819203560283,-27.85989085460393,-26.157592820224107,26.410081704951153,54.0,0.0
tr|0.45|0.1|0.8,B,,0,,,195.89941575683252,11.773208632757182,-29.383885728958376,10.251380592052014,12.590803563904046,-29.9921266079996,-29.732513412245638,53.122959786279885,104.0,0.0
tr|0.45|0.1|0.8,F,,0,,,489.7679479731039,10.713213514602993,-27.799066681689784,10.071651306812225,11.099352388356387,-30.514203803949545,-29.835643769877635,40.3663084245025,156.5,0.0
tr|0.45|0.1|None,A,,0,,,150.97958457773015,9.599775585767112,-23.927408444651334,9.250575939093649,9.895819203560283,-27.85989085460393,-26.157592820224107,26.410081704951153,54.0,0.0
tr|0.45|0.1|None,B,,0,,,196.15324575470825,11.786823590330165,-29.383885728958376,10.26618987198888,12.603113454039033,-29.9921266079996,-29.732513412245638,53.12834675826148,104.0,0.0
tr|0.45|0.1|None,F,,0,,,490.37174393215645,10.719829701767535,-27.799066681689784,10.078864786576624,11.105625855325306,-30.514203803949545,-29.835643769877635,40.35741952256853,156.5,0.0
tr|0.45|0.125|0.4,A,,0,,,134.80945964138786,8.373388923631797,-24.663610053059337,7.899020780255388,9.211987016427466,-26.826077391287107,-26.50658891686046,25.855422236072283,54.0,0.0
tr|0.45|0.125|0.4,B,,0,,,170.97029751461724,10.351078977616378,-28.7553155313981,9.184265803690277,11.49069431201845,-29.77372982566915,-29.57469306687106,48.99913525192693,119.5,0.0
tr|0.45|0.125|0.4,F,,0,,,377.455081449911,9.32428279618075,-27.44131732718584,8.410286369440886,10.207898298480849,-30.1429703668987,-29.77492921027793,37.96178839292966,173.0,0.0
tr|0.45|0.125|0.5,A,,0,,,141.54793250750186,8.899742291044376,-24.28595390230197,8.54144340889698,9.111971624071124,-27.677655235642806,-25.987669797163704,26.464740935035024,55.0,0.0
tr|0.45|0.125|0.5,B,,0,,,172.012999229926,10.414409095786715,-29.259223824112667,9.053010317008054,11.371812306134968,-29.863041712845263,-29.608775457907328,51.47218391703288,109.5,0.0
tr|0.45|0.125|0.5,F,,0,,,394.73428710820076,9.561747608396976,-27.99762348310983,8.698511322989647,10.130505969968466,-30.23643516839689,-29.57435099262617,39.86644494191018,162.5,0.0
tr|0.45|0.125|0.6,A,,0,,,147.6183748194637,9.354936449577,-24.53817740815757,8.818883105661468,9.51463184137485,-27.947979504199637,-26.246871510696028,27.553511164847077,55.0,0.0
tr|0.45|0.125|0.6,B,,0,,,166.23529831850234,10.060073482636367,-29.498253893152572,9.183969562902476,11.434112093174468,-30.631789335631076,-30.06727852295437,52.95958752259384,102.0,0.0
tr|0.45|0.125|0.6,F,,0,,,424.41786267448913,9.947468583552045,-28.28090693517527,9.224195929908497,10.415179404343471,-30.465548824341802,-29.79080858979729,40.84980265134185,156.5,0.0
tr|0.45|0.125|0.7,A,,0,,,148.93780037319678,9.451634825965415,-24.53746310802299,9.03627492289506,9.585944254701026,-27.94727256409778,-26.24615502012856,27.352517074048667,54.0,0.0
tr|0.45|0.125|0.7,B,,0,,,191.71815470011018,11.546382015351819,-29.34498112719596,10.323638980791007,12.539956092310458,-30.281805414173924,-29.71939799816171,54.002937235086755,100.0,0.0
tr|0.45|0.125|0.7,F,,0,,,454.7581737389231,10.31574435454713,-27.73362678324311,9.595128662004226,10.946962053673525,-30.46603750484006,-29.793259826015433,41.2733677435553,151.0,0.0
tr|0.45|0.125|0.8,A,,0,,,148.93780037319678,9.451634825965415,-24.53746310802299,9.03627492289506,9.585944254701026,-27.94727256409778,-26.24615502012856,27.352517074048667,54.0,0.0
tr|0.45|0.125|0.8,B,,0,,,191.9471805011523,11.558922827764162,-29.34498112719596,10.202540814925232,12.950244887792314,-30.30637507100544,-29.71939799816171,53.94021790675403,99.0,0.0
tr|0.45|0.125|0.8,F,,0,,,453.03020733709457,10.29547725785882,-27.73362678324311,9.583771834151019,11.174470787747754,-30.46603750484006,-29.793259826015433,41.415552527534096,150.0,0.0
tr|0.45|0.125|None,A,,0,,,148.93780037319678,9.451634825965415,-24.53746310802299,9.03627492289506,9.585944254701026,-27.94727256409778,-26.24615502012856,27.352517074048667,54.0,0.0
tr|0.45|0.125|None,B,,0,,,192.1939006080027,11.572403523118947,-29.34498112719596,10.218487633934547,12.96194827557409,-30.30637507100544,-29.71939799816171,53.92288440593174,99.0,0.0
tr|0.45|0.125|None,F,,0,,,452.45014041344143,10.288468481939017,-27.73362678324311,9.591820693169515,11.180445800649697,-30.46603750484006,-29.793259826015433,41.407100918293736,150.0,0.0
tr|0.45|0.15|0.4,A,,0,,,150.38261785096958,9.556652213345219,-24.541420982121696,8.924092030472575,10.217350611209786,-26.665688679040823,-26.350319518699283,26.871181737976602,53.0,0.0
tr|0.45|0.15|0.4,B,,0,,,150.4825102321051,9.03413627656362,-28.757138268542537,8.228578687156388,10.08341075537386,-29.859535268262004,-29.759274633367305,49.59799183419236,120.0,0.0
tr|0.45|0.15|0.4,F,,0,,,394.0955332108074,9.55315752425453,-28.738521252702505,9.122768286746144,9.79318854904591,-30.1448052057008,-29.776748236896633,39.00944890374423,172.5,0.0
tr|0.45|0.15|0.5,A,,0,,,156.23653394013925,9.97303144271784,-24.123298663844935,9.470988483656825,10.484298828355394,-27.51577695939147,-25.823623613407992,27.633090993997023,53.5,0.0
tr|0.45|0.15|0.5,B,,0,,,149.64153511743496,8.976706882528074,-29.271761493568288,8.148595560644896,9.907943502927479,-29.865839329414456,-29.61108123598009,52.40667019066218,108.0,0.0
tr|0.45|0.15|0.5,F,,0,,,414.23378289409123,9.81809339514258,-28.14055625611576,9.09452978892223,10.162005743530713,-30.238854382754365,-29.58212553596421,40.619647680772964,161.0,0.0
tr|0.45|0.15|0.6,A,,0,,,161.35076798015552,10.325453366587222,-24.375421429847616,9.87287294559314,10.891839192606618,-27.785996771736134,-26.082700459149915,28.677664538577964,52.5,0.0
tr|0.45|0.15|0.6,B,,0,,,156.92119459774923,9.464584094241179,-29.484406662056607,8.094975204671643,10.376904395350762,-31.662749186417948,-30.15591689063553,53.46880337210749,102.0,0.0
tr|0.45|0.15|0.6,F,,0,,,437.0928236290752,10.104215987947917,-28.836846508257192,8.960835258985064,10.704758574290707,-31.140030750481195,-30.022900277183833,42.1300685897292,156.5,0.0
tr|0.45|0.15|0.7,A,,0,,,163.63616061921496,10.479618254714328,-24.374707129713048,9.973812578583138,11.0563822006519,-27.785289831634273,-26.08198396858244,28.322320720343306,51.5,0.0
tr|0.45|0.15|0.7,B,,0,,,170.66680964835655,10.332825798454582,-29.347429375355883,9.55431224123389,11.402534049067022,-30.41594103631996,-29.721974333925015,53.99195844892716,100.0,0.0
tr|0.45|0.15|0.7,F,,0,,,453.9673646178838,10.306400027841999,-28.32501442591142,9.762044385885511,11.223645431406792,-30.325077866716367,-29.78385971378114,42.326197062367584,150.0,0.0
tr|0.45|0.15|0.8,A,,0,,,163.63616061921496,10.479618254714328,-24.374707129713048,9.973812578583138,11.0563822006519,-27.785289831634273,-26.08198396858244,28.322320720343306,51.5,0.0
tr|0.45|0.15|0.8,B,,0,,,171.1803154505193,10.36401762052337,-29.347429375355883,9.55168862437162,11.443536244275588,-30.428993496956824,-29.721974333925015,54.31198953957623,98.0,0.0
tr|0.45|0.15|0.8,F,,0,,,455.5221094920021,10.324956134937857,-28.47336490347364,9.762330031271478,11.239563198583669,-30.325077866716367,-29.78385971378114,42.49646999516482,149.0,0.0
tr|0.45|0.15|None,A,,0,,,163.63616061921496,10.479618254714328,-24.374707129713048,9.973812578583138,11.0563822006519,-27.785289831634273,-26.08198396858244,28.322320720343306,51.5,0.0
tr|0.45|0.15|None,B,,0,,,170.9625283454638,10.350793536794068,-29.347429375355883,9.56674934927045,11.456658802441881,-30.428993496956824,-29.721974333925015,54.317545781507036,98.0,0.0
tr|0.45|0.15|None,F,,0,,,456.1800822966906,10.332677032252391,-28.47336490347364,9.770415601733644,11.246401650523435,-30.325077866716367,-29.78385971378114,42.49955567001608,149.0,0.0
tr|0.45|0.2|0.4,A,,0,,,180.30600989745946,11.549386322765077,-23.322594853374934,10.825386557919796,13.168488314893706,-26.778923278651657,-25.070107659416784,29.746549379733217,48.5,0.0
tr|0.45|0.2|0.4,B,,0,,,137.53038362927143,8.114997523765567,-29.04711313358414,7.606029780609392,9.148633217498405,-30.006694443132375,-29.774115017022098,53.36491364877107,119.0,0.0
tr|0.45|0.2|0.4,F,,0,,,426.9984548918395,9.979051391331561,-28.56938356414102,9.361143135870595,10.735752967679572,-32.70504183435471,-30.00742015383313,42.003175347537294,167.0,0.0
tr|0.45|0.2|0.5,A,,0,,,183.14089348952965,11.722445346004417,-24.122991948162813,11.0116173395626,13.328324251905563,-27.630063192757227,-25.939440391752942,30.172143860228083,47.0,0.0
tr|0.45|0.2|0.5,B,,0,,,141.0587812811527,8.373001976230688,-29.618366732334444,6.872816151378795,9.01344672367504,-30.103643926104706,-29.927030533774957,55.65690484874418,108.0,0.0
tr|0.45|0.2|0.5,F,,0,,,435.93713169016513,10.090273673457817,-28.722123153880936,9.060375393700436,10.558162562375593,-33.58934985311126,-30.3795105463979,43.631585838118866,154.0,0.0
tr|0.45|0.2|0.6,A,,0,,,185.49772028020598,11.864445378435473,-24.433700737487484,11.159827306674174,13.55514985835867,-27.900356751297583,-26.19860539428629,30.883534623551878,46.0,0.0
tr|0.45|0.2|0.6,B,,0,,,142.86067073252812,8.502472156895113,-29.849602254644353,7.050384815979334,9.298428717428775,-31.41991066574289,-30.440175294534242,56.14679472658162,101.0,0.0
tr|0.45|0.2|0.6,F,,0,,,427.663430885908,9.988112887712674,-29.45572919631811,9.27566444347937,10.625234444279792,-34.13214020484254,-31.04096371149454,44.735699311972944,148.5,0.0
tr|0.45|0.2|0.7,A,,0,,,187.18812095994681,11.965299521083395,-23.86457802781447,11.35143820697367,13.650912955198411,-27.899649811195715,-26.19788890371881,30.689265549405032,45.0,0.0
tr|0.45|0.2|0.7,B,,0,,,153.37258124833266,9.229532128564832,-29.720695750599845,8.221056910458369,10.180307718519318,-30.964719026929465,-30.02967466655635,57.05425733461544,98.0,0.0
tr|0.45|0.2|0.7,F,,0,,,473.8971127360446,10.536564020083027,-29.21358407141945,9.94875052392933,11.280387761360853,-33.81889387968534,-30.74869034474281,44.949597846062574,143.0,0.0
tr|0.45|0.2|0.8,A,,0,,,187.18812095994681,11.965299521083395,-23.86457802781447,11.35143820697367,13.650912955198411,-27.899649811195715,-26.19788890371881,30.689265549405032,45.0,0.0
tr|0.45|0.2|0.8,B,,0,,,153.5953466968229,9.244441038218664,-29.720695750599845,8.13000002559784,10.07625211844257,-30.750794454932596,-30.02967466655635,57.37871220549087,97.0,0.0
tr|0.45|0.2|0.8,F,,0,,,476.7234104850159,10.568475655781807,-29.21358407141945,10.000377084052667,11.313190335931289,-33.81889387968534,-30.74869034474281,45.11481608791535,143.5,0.0
tr|0.45|0.2|None,A,,0,,,187.18812095994681,11.965299521083395,-23.86457802781447,11.35143820697367,13.650912955198411,-27.899649811195715,-26.19788890371881,30.689265549405032,45.0,0.0
tr|0.45|0.2|None,B,,0,,,153.41695822819526,9.23250617633693,-29.720695750599845,8.14471867614348,10.090741812682836,-30.750794454932596,-30.02967466655635,57.35949698608637,97.0,0.0
tr|0.45|0.2|None,F,,0,,,477.43697875685393,10.576491501188068,-29.21358407141945,10.008210028049705,11.287974731433346,-33.81889387968534,-30.74869034474281,45.10484491878791,143.5,0.0
tr|0.45|0.25|0.4,A,,0,,,233.4721525425188,14.4494826078307,-23.44247068053346,13.629615374317188,15.992745758489995,-26.988254954948097,-25.282265080047615,35.21720781290695,49.0,0.0
tr|0.45|0.25|0.4,B,,0,,,136.02994359921328,8.003501135751378,-29.471095799133508,7.137341437673661,8.972125222854142,-32.3243150642908,-30.712226599198683,55.716839367630385,118.5,0.0
tr|0.45|0.25|0.4,F,,0,,,560.791018731755,11.442502057595217,-30.36778415731463,10.792152499456723,12.39243907758412,-35.52311597181671,-32.73307674297028,45.79782487415452,167.0,0.0
tr|0.45|0.25|0.5,A,,0,,,244.3571053467016,14.969050669700025,-24.069836140379685,13.756005691163761,16.271831943627376,-27.84133897675154,-26.15354562493719,35.81730922948959,48.0,0.0
tr|0.45|0.25|0.5,B,,0,,,142.31744724156937,8.463582111485701,-29.466924955342687,7.394421421564106,9.34300411913688,-30.07354701094035,-29.814856173439725,57.54133896974055,107.5,0.0
tr|0.45|0.25|0.5,F,,0,,,597.130070916849,11.78165928973729,-31.01646456396289,10.4187565804886,12.346002464889914,-36.2234226402871,-33.93024875674313,46.65260025302882,155.5,0.0
tr|0.45|0.25|0.6,A,,0,,,248.33622497141147,15.153669289874882,-24.310293205919447,13.934690660499255,16.462415976226584,-28.11176886654416,-26.412873598938514,36.20965166652267,47.0,0.0
tr|0.45|0.25|0.6,B,,0,,,142.97080180136297,8.509440230182841,-29.629259547401904,7.141105062503486,9.829527435933372,-30.44775477446323,-30.18823910898078,58.27525664401405,102.0,0.0
tr|0.45|0.25|0.6,F,,0,,,567.9271152846835,11.510823089874943,-31.221221401137516,10.853292983576472,12.626211916422575,-36.34933054672095,-34.201438777863686,47.537820499736725,149.0,0.0
tr|0.45|0.25|0.7,A,,0,,,251.10624929305916,15.280623625049639,-24.309578905784857,14.074427040882947,16.57707073231546,-28.111061926442304,-26.412157108371037,36.15412369149409,47.0,0.0
tr|0.45|0.25|0.7,B,,0,,,154.44089523205008,9.300846676470453,-29.55291150037401,8.553850108524475,9.94498918346149,-30.160202707030017,-29.900153056413643,59.22083442783328,99.0,0.0
tr|0.45|0.25|0.7,F,,0,,,641.105440685705,12.167277708157364,-31.110617805085493,11.24845026158388,12.971286484531847,-36.26179428965789,-34.11428763239824,47.97628531598646,145.0,0.0
tr|0.45|0.25|0.8,A,,0,,,251.10624929305916,15.280623625049639,-24.309578905784857,14.074427040882947,16.57707073231546,-28.111061926442304,-26.412157108371037,36.15412369149409,47.0,0.0
tr|0.45|0.25|0.8,B,,0,,,155.51453576886774,9.372127836955801,-29.55291150037401,8.583442332954272,10.037443543231968,-30.160202707030017,-29.900153056413643,59.48217856743163,97.5,0.0
tr|0.45|0.25|0.8,F,,0,,,641.4165701862978,12.169877690550878,-31.110617805085493,11.28539727889987,12.97720874803074,-36.26179428965789,-34.11428763239824,47.94370836977255,144.5,0.0
tr|0.45|0.25|None,A,,0,,,251.10624929305916,15.280623625049639,-24.309578905784857,14.074427040882947,16.57707073231546,-28.111061926442304,-26.412157108371037,36.15412369149409,47.0,0.0
tr|0.45|0.25|None,B,,0,,,155.74421889042617,9.387312333069953,-29.55291150037401,8.59921494751229,10.051655774310673,-30.160202707030017,-29.900153056413643,59.48807155044098,97.5,0.0
tr|0.45|0.25|None,F,,0,,,642.3823485826483,12.178071660385893,-31.110617805085493,11.299729646315555,12.979535151599672,-36.26179428965789,-34.11428763239824,47.934991716741095,144.5,0.0
tr|0.45|0.3|0.4,A,,0,,,296.7902871924219,17.2103239080838,-25.809673074314006,16.21552621075845,18.30673712002068,-29.406341037283777,-27.729126601330623,38.83183346580939,45.0,0.0
tr|0.45|0.3|0.4,B,,0,,,132.53441336471417,7.73942625848123,-30.342928415992432,6.7288907082689375,8.853147775461547,-32.654069039247105,-31.377021674444194,60.96808310941177,117.0,0.0
tr|0.45|0.3|0.4,F,,0,,,667.3037443278068,12.385881145502275,-37.63991711716441,11.62482070744613,13.016232830799623,-40.45119991254798,-39.33669445722425,50.31084243740223,162.0,0.0
tr|0.45|0.3|0.5,A,,0,,,302.7484989963943,17.44230461672448,-26.03213984788536,16.33686417944246,19.61049810860422,-29.92322491541639,-27.931689892238907,39.7563223940156,44.0,0.0
tr|0.45|0.3|0.5,B,,0,,,136.40606163787302,8.031470137562124,-29.89290079577821,6.796754814012056,8.904452332406684,-30.460842846949078,-30.195971158025735,62.18205729135595,106.0,0.0
tr|0.45|0.3|0.5,F,,0,,,691.5759096397728,12.580731656530542,-37.996169169238605,11.851948626317428,13.970746633408854,-42.04517172421461,-39.72404218569892,51.0139986859004,151.5,0.0
tr|0.45|0.3|0.6,A,,0,,,308.56201617678624,17.66440623969211,-26.400117412217462,16.520598842879945,19.737537345381188,-29.891814794667383,-28.230354988465432,39.96893676323543,43.0,0.0
tr|0.45|0.3|0.6,B,,0,,,139.21667959379897,8.23907836892076,-29.986830769316136,7.128602636029068,9.025549112224803,-33.408426735081754,-32.053311526228576,62.84938559662665,99.0,0.0
tr|0.45|0.3|0.6,F,,0,,,730.8932668145195,12.881898328947827,-38.188185110676656,11.93550376356565,13.998706123118737,-42.08929962531218,-40.16808268410033,51.98165474623401,144.0,0.0
tr|0.45|0.3|0.7,A,,0,,,311.00391527940326,17.75657570161333,-26.271010997244844,16.618261854100584,19.81388585046179,-29.91095104963797,-28.19491227510757,40.0937528233805,43.0,0.0
tr|0.45|0.3|0.7,B,,0,,,145.92713228117856,8.71941277825644,-29.986830769316153,7.270186287062567,9.907526650682048,-31.248616949267337,-30.6595712528501,63.47089470059333,93.5,0.0
tr|0.45|0.3|0.7,F,,0,,,784.9459898343353,13.273742288243518,-38.147202108913056,12.138943121890414,14.293334608820397,-42.1050955724643,-40.05424537639079,52.397918324904765,138.5,0.0
tr|0.45|0.3|0.8,A,,0,,,311.00391527940326,17.75657570161333,-26.271010997244844,16.618261854100584,19.81388585046179,-29.91095104963797,-28.19491227510757,40.0937528233805,43.0,0.0
tr|0.45|0.3|0.8,B,,0,,,142.64272504741,8.486373351576425,-29.986830769316153,7.632455793909003,9.499696804141399,-30.855694139893675,-30.566217249165824,63.52271835594274,93.5,0.0
tr|0.45|0.3|0.8,F,,0,,,781.057539824188,13.246676787560908,-38.147202108913056,12.108057180712102,14.345297571405139,-42.1050955724643,-40.05424537639079,52.33260229162151,139.0,0.0
tr|0.45|0.3|None,A,,0,,,311.00391527940326,17.75657570161333,-26.271010997244844,16.618261854100584,19.81388585046179,-29.91095104963797,-28.19491227510757,40.0937528233805,43.0,0.0
tr|0.45|0.3|None,B,,0,,,142.474136994202,8.474536081703166,-29.986830769316153,7.649766331362487,9.515151283350988,-30.855694139893675,-30.566217249165824,63.52911667965644,93.5,0.0
tr|0.45|0.3|None,F,,0,,,782.2083260072748,13.254758986570625,-38.147202108913056,12.116981781556193,14.35287259184525,-42.1050955724643,-40.05424537639079,52.33617066806184,139.0,0.0
tr|0.45|0.35|0.4,A,,0,,,263.92894850923847,15.852356007544287,-28.905970326411385,14.925337141030598,17.009558950995203,-33.03658621049978,-31.309909968198728,41.19699536487086,46.0,0.0
tr|0.45|0.35|0.4,B,,0,,,126.10571025131576,7.235838940276995,-30.783618562783104,5.867401444414015,9.247411929697272,-34.302186199836406,-32.12928625530518,67.10462027820924,108.0,0.0
tr|0.45|0.35|0.4,F,,0,,,640.8198468282217,12.16552509780512,-41.40703138918486,11.110988558634686,13.184118490558411,-44.60370818602502,-43.290606488863695,54.78566160014417,154.5,0.0
tr|0.45|0.35|0.5,A,,0,,,268.99975435554404,16.071572121559985,-29.662463435935095,15.03353873171061,18.176550290769313,-34.20580493530255,-32.11204859945533,42.18565790983884,44.0,0.0
tr|0.45|0.35|0.5,B,,0,,,122.18353750145629,6.918173763475477,-30.56599720326628,5.8808323947816366,8.550608115354173,-31.34991995521428,-31.202921580776422,67.60173065418206,99.0,0.0
tr|0.45|0.35|0.5,F,,0,,,599.8084624468298,11.806502763305726,-42.53364825831612,11.179571112914447,13.614774417011136,-46.853820464190434,-44.34157594370434,55.5998293473631,144.5,0.0
tr|0.45|0.35|0.6,A,,0,,,268.0868242332596,16.032381972013255,-29.654957182290897,15.001506334326173,18.30391777180106,-34.081191584834,-31.927297576760193,42.63853798030275,42.0,0.0
tr|0.45|0.35|0.6,B,,0,,,120.2338869425443,6.756794391146126,-31.14464033828494,5.307357466431804,8.371373606410952,-33.83478190068211,-32.448366944937646,67.4504611296916,92.0,0.0
tr|0.45|0.35|0.6,F,,0,,,600.3757082974134,11.80935381069469,-42.54076012982734,10.904330234598273,13.33863216234857,-46.818620844104295,-44.23805527034887,55.9582143438595,135.5,0.0
tr|0.45|0.35|0.7,A,,0,,,269.6955967174327,16.10136223763877,-29.658694655686567,15.077473838426947,18.362706848768546,-34.16246135580281,-32.018795808511705,42.779320414184866,43.0,0.0
tr|0.45|0.35|0.7,B,,0,,,131.94110322138908,7.693792154270229,-30.614806625156355,6.667651632234775,9.674164329227903,-31.434246310181667,-31.285997294027148,68.27382478274818,89.0,0.0
tr|0.45|0.35|0.7,F,,0,,,616.9205960518489,11.959003072389706,-42.537874138347114,11.006835374347693,13.2086784446774,-46.88417441006555,-44.31998845325686,56.122107320758595,133.0,0.0
tr|0.45|0.35|0.8,A,,0,,,269.6955967174327,16.10136223763877,-29.658694655686567,15.077473838426947,18.362706848768546,-34.16246135580281,-32.018795808511705,42.779320414184866,43.0,0.0
tr|0.45|0.35|0.8,B,,0,,,131.62126380979566,7.669358734996701,-30.673567212046365,6.611409721760504,9.733450286219645,-31.434246310181667,-31.285997294027148,68.27896111431909,88.5,0.0
tr|0.45|0.35|0.8,F,,0,,,650.3760373773343,12.246015709130997,-42.537874138347114,10.67302354239291,13.147548815180073,-46.88417441006555,-44.31998845325686,56.111892061867906,133.0,0.0
tr|0.45|0.35|None,A,,0,,,269.6955967174327,16.10136223763877,-29.658694655686567,15.077473838426947,18.362706848768546,-34.16246135580281,-32.018795808511705,42.779320414184866,43.0,0.0
tr|0.45|0.35|None,B,,0,,,131.83603160956721,7.685872269863026,-30.673567212046365,6.629358366438143,9.7475580796591,-31.434246310181667,-31.285997294027148,68.28560480158899,88.5,0.0
tr|0.45|0.35|None,F,,0,,,651.3441480678804,12.254108436751531,-42.537874138347114,10.683026044660123,13.152868211583824,-46.88417441006555,-44.31998845325686,56.11514130678281,133.0,0.0
tr|0.5|0.05|0.4,A,,0,,,146.85919778937838,9.29894280710929,-23.670727275711222,8.695640120104372,9.951769612865558,-26.29321697889052,-25.047064953448334,25.452939365512055,54.0,0.0
tr|0.5|0.05|0.4,B,,0,,,171.02303602544504,10.354476604000007,-28.528132820936325,9.718652722748962,11.745922803143515,-29.87254429998031,-29.53473416815949,49.75708642379144,118.0,0.0
tr|0.5|0.05|0.4,F,,0,,,417.93628554979506,9.865515213028253,-27.20905382488985,9.475514476193203,10.301736306818412,-29.919656164948382,-29.55295385743525,38.1244340250767,173.0,0.0
tr|0.5|0.05|0.5,A,,0,,,152.44299508178537,9.70483889285828,-22.86022609552445,9.196424079239272,10.041208326192738,-27.251750858275702,-25.55606161989705,25.750712494943073,55.0,0.0
tr|0.5|0.05|0.5,B,,0,,,188.88827317177123,11.390571695616403,-29.036780722418037,9.829496039934911,12.128091251026513,-29.64238031747698,-29.388192567265115,51.6579616540221,111.0,0.0
tr|0.5|0.05|0.5,F,,0,,,471.9428262491232,10.5142633903328,-27.416009248650973,9.918661660027801,11.221358493979231,-30.016717748707155,-29.356338578546758,39.312311527199086,164.5,0.0
tr|0.5|0.05|0.6,A,,0,,,156.9380908413225,10.021925171970913,-23.098051411730953,9.514645825080855,10.19912313210368,-27.521800300839704,-25.81493480424219,26.65277817135012,54.0,0.0
tr|0.5|0.05|0.6,B,,0,,,183.460413162857,11.083683677528988,-29.381671929176033,10.114299903490934,12.63822335860772,-32.0586038208448,-30.377641826059836,53.48591715632208,104.0,0.0
tr|0.5|0.05|0.6,F,,0,,,506.9286447742488,10.898277852991722,-27.638378162075938,9.777497659621933,11.614362696060567,-30.55665799691584,-29.855140699290683,40.746792890200254,158.0,0.0
tr|0.5|0.05|0.7,A,,0,,,158.81789169876703,10.152186560433506,-23.097355450438624,9.740799038402299,10.351273608892955,-27.521093360737815,-25.814218313674708,26.528833161317323,54.0,0.0
tr|0.5|0.05|0.7,B,,0,,,202.74878696570872,12.135110180158737,-29.135501087437788,11.009753724693491,13.776373091384928,-29.920710048712394,-29.58696011641407,53.85282842941949,102.5,0.0
tr|0.5|0.05|0.7,F,,0,,,541.3392882536592,11.251925238830951,-27.59172587460343,10.140920570237713,11.784280673613194,-30.550680500607484,-29.849958714579977,40.794075938783095,154.0,0.0
tr|0.5|0.05|0.8,A,,0,,,158.81789169876703,10.152186560433506,-23.097355450438624,9.740799038402299,10.351273608892955,-27.521093360737815,-25.814218313674708,26.528833161317323,54.0,0.0
tr|0.5|0.05|0.8,B,,0,,,203.1604979232466,12.156418481452913,-29.135501087437788,10.935959101585764,13.768389448478317,-29.945769144891564,-29.64942013678903,54.07047694181421,102.5,0.0
tr|0.5|0.05|0.8,F,,0,,,545.7348002523617,11.295452085668945,-27.60227977104841,10.34030417560972,11.799952685489878,-30.550680500607484,-29.849958714579977,40.88685890273513,154.0,0.0
tr|0.5|0.05|None,A,,0,,,158.81789169876703,10.152186560433506,-23.097355450438624,9.740799038402299,10.351273608892955,-27.521093360737815,-25.814218313674708,26.528833161317323,54.0,0.0
tr|0.5|0.05|None,B,,0,,,203.41003754515103,12.16936978846297,-29.135501087437788,10.899137374483303,13.729472372643187,-29.945769144891564,-29.64942013678903,54.075425163326265,102.5,0.0
tr|0.5|0.05|None,F,,0,,,546.383186191807,11.301859386157876,-27.60227977104841,10.347460928777945,11.805795606736623,-30.550680500607484,-29.849958714579977,40.88954075420715,154.0,0.0
tr|0.5|0.075|0.4,A,,0,,,143.9815883907639,9.084282908616592,-24.043197502041235,8.531815353905545,9.808938337706419,-26.29794832121921,-25.530589461558183,25.850070273968413,54.0,0.0
tr|0.5|0.075|0.4,B,,0,,,169.61118195216986,10.26811011370098,-28.527843388883696,9.464950899737188,11.585345385405388,-30.18718496044902,-29.534545726513777,50.01491369031618,118.0,0.0
tr|0.5|0.075|0.4,F,,0,,,408.2336188539383,9.740484335732368,-27.645642536001453,9.320755588063804,10.130377708121603,-29.919469034501102,-29.552769267690383,38.50586694054945,172.5,0.0
tr|0.5|0.075|0.5,A,,0,,,149.7174174129349,9.508288083857853,-23.40028101040042,9.14266134046566,9.949019202688932,-27.256520016243947,-25.56089464741954,26.121430482631077,55.0,0.0
tr|0.5|0.075|0.5,B,,0,,,186.32145058546192,11.24684299606794,-29.036488879530065,9.868538550666702,12.014644652747743,-29.64220251298214,-29.387902900329777,52.09065281163825,112.0,0.0
tr|0.5|0.075|0.5,F,,0,,,463.75834876482224,10.420519447107512,-27.418269566624904,9.833150275199216,11.040235942392746,-30.01653083878789,-29.35615567218024,39.7413637513489,164.0,0.0
tr|0.5|0.075|0.6,A,,0,,,154.78709827200566,9.871256865906798,-23.64376542070709,9.386765316051711,10.102645104781223,-27.52657253623242,-25.819771510542495,27.111156336421377,54.0,0.0
tr|0.5|0.075|0.6,B,,0,,,180.0098521453451,10.88725469665457,-29.39468355920873,9.99881497123446,12.748863979652903,-32.05778230407188,-29.964828329875854,53.7845610793535,104.0,0.0
tr|0.5|0.075|0.6,F,,0,,,497.9917509760051,10.802708768081237,-27.752333333342722,9.74720886858044,11.426138672413352,-30.553467863120588,-29.857015299880878,41.122411789645696,157.5,0.0
tr|0.5|0.075|0.7,A,,0,,,156.76492988920228,10.009876649564731,-23.64306942671931,9.615194560666806,10.287122672902626,-27.52586559613055,-25.819055019975025,27.027909270786495,53.0,0.0
tr|0.5|0.075|0.7,B,,0,,,200.50848610547473,12.017565296320576,-29.13526088247155,11.043284189568789,13.679903761854392,-30.08386734441123,-29.72308437133304,54.0325798181685,103.0,0.0
tr|0.5|0.075|0.7,F,,0,,,539.8362214193434,11.237007066162786,-27.91259002945086,10.19662448382224,11.707038378015607,-30.547830511301267,-29.817953825866528,41.11519040900522,154.0,0.0
tr|0.5|0.075|0.8,A,,0,,,156.76492988920228,10.009876649564731,-23.64306942671931,9.615194560666806,10.287122672902626,-27.52586559613055,-25.819055019975025,27.027909270786495,53.0,0.0
tr|0.5|0.075|0.8,B,,0,,,200.80660354227697,12.033027089393089,-29.13526088247155,10.870360678398756,13.685300275922705,-30.10906363208029,-29.732085494413745,54.3585534804573,102.0,0.0
tr|0.5|0.075|0.8,F,,0,,,541.118572934092,11.249727796656305,-27.923199927173464,10.567289264616827,11.694416355944071,-30.547830511301267,-29.817953825866528,41.068516365522676,154.0,0.0
tr|0.5|0.075|None,A,,0,,,156.76492988920228,10.009876649564731,-23.64306942671931,9.615194560666806,10.287122672902626,-27.52586559613055,-25.819055019975025,27.027909270786495,53.0,0.0
tr|0.5|0.075|None,B,,0,,,201.06452733134657,12.046551200237431,-29.13526088247155,10.868253668714562,13.64649315546649,-30.10906363208029,-29.732085494413745,54.36374629694711,102.0,0.0
tr|0.5|0.075|None,F,,0,,,541.9461668212542,11.257980765966103,-27.923199927173464,10.574588159087192,11.700235827161158,-30.547830511301267,-29.817953825866528,41.07105716094514,154.0,0.0
tr|0.5|0.1|0.4,A,,0,,,145.1636941562356,9.17289464255273,-24.089939994979375,8.615609958501627,9.683004415912123,-26.374895980499012,-25.605570187744387,26.42999469887727,54.0,0.0
tr|0.5|0.1|0.4,B,,0,,,170.59145110427392,10.328253684839206,-28.37618908836343,9.717365877486243,11.540396330199194,-30.75360783316755,-29.789503080333724,50.66664365042296,118.0,0.0
tr|0.5|0.1|0.4,F,,0,,,425.7827486779947,9.964332283828858,-27.985109143407357,9.545048547601013,10.320786026062393,-30.175978019881477,-29.837291766009866,39.37075232685875,173.0,0.0
tr|0.5|0.1|0.5,A,,0,,,150.22206111883585,9.545015890491849,-23.441922769948555,9.103860746903866,10.015163736195188,-27.334082685967765,-25.63949605252929,26.765897567281854,54.0,0.0
tr|0.5|0.1|0.5,B,,0,,,190.63776004753143,11.486328005880619,-29.296420301009807,10.33045905350998,12.437697546491187,-29.90398324399045,-29.645749569109665,52.759313157230636,111.0,0.0
tr|0.5|0.1|0.5,F,,0,,,483.86873026217194,10.648404888585972,-27.79784263159688,10.085388382515207,11.213575539651643,-30.277302533014982,-29.61479329981004,40.34159484511534,164.0,0.0
tr|0.5|0.1|0.6,A,,0,,,154.600503927175,9.85801840480718,-23.684450672578784,9.298202484138821,10.413065541325686,-27.604185255307346,-25.89843274504634,27.83592890234442,54.0,0.0
tr|0.5|0.1|0.6,B,,0,,,190.5806980220879,11.484125561248549,-29.407667628943873,10.236284984678127,12.966311025476667,-32.39440617268505,-30.075972724386947,54.25178080784361,104.0,0.0
tr|0.5|0.1|0.6,F,,0,,,508.8031759587843,10.91808554491246,-28.097948781019937,10.205928777577762,11.724943772409578,-30.79308682957701,-30.12035557244093,41.939679411032635,157.5,0.0
tr|0.5|0.1|0.7,A,,0,,,157.0740141217649,10.031417099501638,-23.683753219203407,9.528534736846941,10.591640806320216,-27.603478315205475,-25.897716254478865,27.632711493777055,53.0,0.0
tr|0.5|0.1|0.7,B,,0,,,211.38021447264143,12.575682531022691,-29.39567250823193,11.564835070836747,13.319608295601315,-30.911041350589088,-29.857355460522722,54.99143048742907,102.0,0.0
tr|0.5|0.1|0.7,F,,0,,,572.3702325391449,11.552883030075122,-28.322293765694223,10.618857284458379,11.786857959720495,-30.78911184745182,-30.072431845258752,41.778092082899235,154.0,0.0
tr|0.5|0.1|0.8,A,,0,,,157.0740141217649,10.031417099501638,-23.683753219203407,9.528534736846941,10.591640806320216,-27.603478315205475,-25.897716254478865,27.632711493777055,53.0,0.0
tr|0.5|0.1|0.8,B,,0,,,209.66310419329415,12.487774872735347,-29.39567250823193,11.562057507651875,13.595311694912246,-30.936223118515148,-29.880467008891813,55.115396997409526,101.5,0.0
tr|0.5|0.1|0.8,F,,0,,,577.892789805649,11.604954184273764,-28.3339481711238,10.641366634329529,11.782569521492718,-30.78911184745182,-30.072431845258752,41.941658939306315,154.0,0.0
tr|0.5|0.1|None,A,,0,,,157.0740141217649,10.031417099501638,-23.683753219203407,9.528534736846941,10.591640806320216,-27.603478315205475,-25.897716254478865,27.632711493777055,53.0,0.0
tr|0.5|0.1|None,B,,0,,,209.91067873863784,12.50026610918522,-29.39567250823193,11.57552874494698,13.607171776122193,-30.936223118515148,-29.88046700889179,55.1202576221523,101.5,0.0
tr|0.5|0.1|None,F,,0,,,578.5688150330595,11.611279253356233,-28.333948171123797,10.648115755240617,11.78833375084734,-30.78911184745182,-30.072431845258752,41.94399488283141,154.0,0.0
tr|0.5|0.125|0.4,A,,0,,,142.7852217296856,8.993051000120367,-24.428838633939225,8.531427957948274,9.509708409617287,-26.552660825310404,-26.2401945951275,27.376318078046612,54.0,0.0
tr|0.5|0.125|0.4,B,,0,,,162.57044744406306,9.829461716198152,-28.7553155313981,8.981545600699015,11.547106526776167,-32.4498246479804,-29.798097305837672,50.92738577024629,115.0,0.0
tr|0.5|0.125|0.4,F,,0,,,382.94994950586084,9.40081563480668,-28.385599933844347,9.02525438429221,9.881297432697902,-31.944981875718724,-30.495623217265678,39.91743759555426,169.0,0.0
tr|0.5|0.125|0.5,A,,0,,,146.29269782503135,9.256962077360697,-24.008673561845388,8.954764960089232,9.622497744551096,-27.401699391998978,-25.70801829553438,27.744450425472795,54.0,0.0
tr|0.5|0.125|0.5,B,,0,,,176.6069842732876,10.688489494277198,-29.259223824112674,9.374424267475183,11.703496130054125,-30.02650806334467,-29.63419278274265,53.35870031212482,105.5,0.0
tr|0.5|0.125|0.5,F,,0,,,444.927690656705,10.198354346233707,-27.859954244764218,9.573884269013835,10.708468410176257,-30.236933035166402,-29.60755543944162,41.05886209998487,158.5,0.0
tr|0.5|0.125|0.6,A,,0,,,150.7239790622127,9.581247438783091,-24.260725335262606,9.212043024512326,10.002269332789833,-27.671845592795176,-25.967007145443237,28.534291103365717,53.0,0.0
tr|0.5|0.125|0.6,B,,0,,,204.99393502095458,12.251292610382592,-29.36557862386603,10.273370719242477,13.031570318682483,-31.634256121554593,-30.003176859735696,54.46954360984604,101.0,0.0
tr|0.5|0.125|0.6,F,,0,,,490.24960795167965,10.717878278644122,-28.260132888632466,10.061815725562607,11.32344431783333,-30.754348246415,-30.092168793716347,42.30546789135972,152.5,0.0
tr|0.5|0.125|0.7,A,,0,,,152.14901850496148,9.68380570895404,-24.26001103512803,9.29164673043513,10.157151599034217,-27.671138652693315,-25.966290654875767,28.3188691591689,53.0,0.0
tr|0.5|0.125|0.7,B,,0,,,192.96006343123773,11.614360829229142,-29.365578623866018,10.450643707174676,12.750843532367506,-31.391052260320297,-29.994151273131088,55.40115846378284,97.0,0.0
tr|0.5|0.125|0.7,F,,0,,,521.1258177776214,11.04698480352152,-28.802063552270145,10.294289714308299,11.315821693665582,-30.750156316977197,-30.031928001164875,42.28959431482651,149.0,0.0
tr|0.5|0.125|0.8,A,,0,,,152.14901850496148,9.68380570895404,-24.26001103512803,9.29164673043513,10.157151599034217,-27.671138652693315,-25.966290654875767,28.3188691591689,53.0,0.0
tr|0.5|0.125|0.8,B,,0,,,196.01449830734975,11.779180634356345,-29.365578623866018,10.816496363563363,12.69693550280734,-31.416465956395168,-29.996749075061352,55.43549762353137,98.0,0.0
tr|0.5|0.125|0.8,F,,0,,,520.9021572611733,11.044668392688395,-28.802063552270145,10.33087001479354,11.31882611038748,-30.750156316977197,-30.031928001164875,42.3660673572961,148.0,0.0
tr|0.5|0.125|None,A,,0,,,152.14901850496148,9.68380570895404,-24.26001103512803,9.29164673043513,10.157151599034217,-27.671138652693315,-25.966290654875767,28.3188691591689,53.0,0.0
tr|0.5|0.125|None,B,,0,,,196.2647592107399,11.792598036976187,-29.365578623866018,10.83014640202404,12.718513658794226,-31.416465956395168,-29.996749075061352,55.44084135961362,98.0,0.0
tr|0.5|0.125|None,F,,0,,,521.5224909494739,11.051075318644932,-28.802063552270145,10.337729963854825,11.324908554514383,-30.750156316977197,-30.031928001164875,42.368690485459645,148.0,0.0
tr|0.5|0.15|0.4,A,,0,,,159.08837132258262,10.17081118841281,-24.541420982121664,9.449398457223287,10.900005825391675,-26.665688679040834,-26.350319518699273,28.173350151979648,53.0,0.0
tr|0.5|0.15|0.4,B,,0,,,156.27752725207358,9.422474729941433,-28.859817364647565,8.380608269491479,10.365703762597105,-33.228254671447665,-29.927619815892765,52.14588617704609,114.0,0.0
tr|0.5|0.15|0.4,F,,0,,,418.8995810591419,9.87769838033784,-29.09490071068406,9.442134416702023,10.23199240520662,-32.818197095203374,-30.57723715120441,40.733268143675865,168.0,0.0
tr|0.5|0.15|0.5,A,,0,,,162.46658911882574,10.400982424084738,-24.12329866384492,10.12527126789633,10.98555507420447,-27.515776959391445,-25.82362361340803,28.669365209705845,52.5,0.0
tr|0.5|0.15|0.5,B,,0,,,174.17427729931438,10.543983936900325,-29.261542722376916,9.293852688323136,11.374897700372454,-30.034754484072103,-29.63654774474883,54.11457752870926,105.0,0.0
tr|0.5|0.15|0.5,F,,0,,,475.44520908508844,10.554232875150404,-28.141225663045695,9.89709993721275,11.107836231702553,-30.239389917981285,-29.57727709009873,42.02409258357722,157.0,0.0
tr|0.5|0.15|0.6,A,,0,,,167.64487028102727,10.745489320351398,-24.375421429847627,10.401214067782199,11.27011017984803,-27.785996771736134,-26.082700459149937,29.566859295752934,51.5,0.0
tr|0.5|0.15|0.6,B,,0,,,173.67002086820122,10.513883525639066,-29.6624151989812,9.670555616926917,12.224146793011911,-32.843542194245835,-31.240259967643546,55.37978998483391,99.0,0.0
tr|0.5|0.15|0.6,F,,0,,,530.4343147752786,11.142324802182513,-28.65573159122364,10.291767704851882,11.47959717961121,-31.14066283685084,-30.011571519755957,43.22471710294096,153.5,0.0
tr|0.5|0.15|0.7,A,,0,,,170.14919380272926,10.908829840043277,-24.37470712971304,10.539266492495416,11.419081015975507,-27.785289831634273,-26.081983968582463,29.37482710481539,51.0,0.0
tr|0.5|0.15|0.7,B,,0,,,191.0790309591424,11.511293426565505,-29.36844485527445,10.63997274405927,12.65822938433746,-31.060384233959702,-29.98649494700653,56.067978123001616,98.0,0.0
tr|0.5|0.15|0.7,F,,0,,,571.9010263928529,11.548488949314816,-28.279524637288684,10.75145317243376,11.979536673052275,-30.34379420116885,-29.710343396566973,43.3837940461646,150.5,0.0
tr|0.5|0.15|0.8,A,,0,,,170.14919380272926,10.908829840043277,-24.37470712971304,10.539266492495416,11.419081015975507,-27.785289831634273,-26.081983968582463,29.37482710481539,51.0,0.0
tr|0.5|0.15|0.8,B,,0,,,193.60350713186102,11.649322548868968,-29.36844485527445,10.840473393220188,12.86818271281332,-31.086002339001606,-29.989256120831843,56.347546900270174,97.0,0.0
tr|0.5|0.15|0.8,F,,0,,,578.880967582232,11.614057248491394,-28.279524637288684,10.736064366356546,12.15734328518897,-30.34379420116885,-29.710343396566973,43.477050798691884,149.5,0.0
tr|0.5|0.15|None,A,,0,,,170.14919380272926,10.908829840043277,-24.37470712971304,10.539266492495416,11.419081015975507,-27.785289831634273,-26.081983968582463,29.37482710481539,51.0,0.0
tr|0.5|0.15|None,B,,0,,,193.84734595387783,11.66254262515748,-29.36844485527445,10.803483509386565,12.879465126315143,-31.086002339001606,-29.989256120831843,56.35262433757566,97.0,0.0
tr|0.5|0.15|None,F,,0,,,579.564634191896,11.62044393205407,-28.279524637288684,10.74311942939799,12.163275873038955,-30.34379420116885,-29.710343396566973,43.479575984943494,149.5,0.0
tr|0.5|0.2|0.4,A,,0,,,184.10309807109564,11.78059165671982,-23.322594853374934,11.135804655204415,13.401326260884677,-26.778923278651632,-25.070107659416784,30.69738836939132,48.0,0.0
tr|0.5|0.2|0.4,B,,0,,,148.91529514574628,8.926446135444188,-29.100465002561222,7.5644842880222,9.969336913245339,-33.376720619404196,-30.047229240028717,55.354973726929124,113.5,0.0
tr|0.5|0.2|0.4,F,,0,,,459.5720756793716,10.372383051268109,-29.14195606870323,9.70473767462366,11.30134505786948,-32.78701263433468,-31.542136350368395,43.58427934813061,163.0,0.0
tr|0.5|0.2|0.5,A,,0,,,187.20314695652658,11.966181767724649,-24.12299194816282,11.26346820325917,13.50881126242294,-27.630063192757216,-25.93944039175296,31.172223373947205,47.0,0.0
tr|0.5|0.2|0.5,B,,0,,,163.90366734939954,9.913985786408242,-29.519105316982326,8.258144243293719,10.76574764219445,-31.4920301133382,-29.944966519880033,57.29033242647205,105.0,0.0
tr|0.5|0.2|0.5,F,,0,,,498.17205149134935,10.804765840817222,-28.79203595340474,10.078214245627946,11.834268146332542,-33.655062614712506,-30.49249325297863,44.234730299146094,152.0,0.0
tr|0.5|0.2|0.6,A,,0,,,188.88959880560733,12.065974876530028,-24.433700737487463,11.36766365100019,13.760325613971178,-27.900356751297572,-26.19860539428633,31.802219371852157,45.0,0.0
tr|0.5|0.2|0.6,B,,0,,,164.04372121892342,9.92261059811419,-29.89657743371339,8.580131837996733,11.019347125425021,-32.83806273586908,-31.81301348140008,57.91743034307092,100.0,0.0
tr|0.5|0.2|0.6,F,,0,,,534.5356499845536,11.18382146000495,-29.36727251223259,9.981418113301485,12.196979586485872,-34.514057957441025,-31.483218906787503,45.57824462545521,149.0,0.0
tr|0.5|0.2|0.7,A,,0,,,190.940541448715,12.186264148451919,-23.86457802781448,11.579937623444813,13.871318086622637,-27.899649811195715,-26.19788890371884,31.77580960835611,45.0,0.0
tr|0.5|0.2|0.7,B,,0,,,170.8757843390869,10.345533360680104,-29.896074490144574,9.633416414798782,11.471635609593198,-31.503882825957575,-30.28428191580346,58.53465144381333,97.0,0.0
tr|0.5|0.2|0.7,F,,0,,,573.4425295983812,11.563131659690274,-29.08440196920014,11.0603141435949,12.366099222388822,-34.11005147586397,-31.105965851719507,45.72928628405067,144.0,0.0
tr|0.5|0.2|0.8,A,,0,,,190.940541448715,12.186264148451919,-23.86457802781448,11.579937623444813,13.871318086622637,-27.899649811195715,-26.19788890371884,31.77580960835611,45.0,0.0
tr|0.5|0.2|0.8,B,,0,,,171.56125492951432,10.387100905435032,-29.8965774337134,9.489858312769321,11.217335953684763,-31.529732595375247,-30.51427233393355,58.77658145007205,96.0,0.0
tr|0.5|0.2|0.8,F,,0,,,574.1934915774439,11.570173271848482,-29.08440196920014,10.938668608331396,12.35030215184566,-34.11005147586397,-31.105965851719507,45.83317513696062,143.0,0.0
tr|0.5|0.2|None,A,,0,,,190.940541448715,12.186264148451919,-23.86457802781448,11.579937623444813,13.871318086622637,-27.899649811195715,-26.19788890371884,31.77580960835611,45.0,0.0
tr|0.5|0.2|None,B,,0,,,171.79755079900292,10.401393414478155,-29.8965774337134,9.503251609574255,11.231728105556096,-31.529732595375247,-30.51427233393355,58.78214758089968,95.0,0.0
tr|0.5|0.2|None,F,,0,,,574.9432023019281,11.577230586229348,-29.08440196920014,10.946187158946037,12.357634274426854,-34.11005147586397,-31.105965851719507,45.83611426441882,143.0,0.0
tr|0.5|0.25|0.4,A,,0,,,233.4721525425188,14.4494826078307,-23.44247068053346,13.63432327329328,16.040073593802383,-26.988254954948097,-25.282265080047615,35.32854261017491,49.0,0.0
tr|0.5|0.25|0.4,B,,0,,,141.40991286219747,8.398298643551605,-29.471095799133508,7.383403147461724,9.75487188928249,-33.48159842191356,-30.85861317613501,56.847627776063256,115.0,0.0
tr|0.5|0.25|0.4,F,,0,,,594.7433739965463,11.76052025386377,-31.9711525806801,10.697563686702543,12.494920597558313,-35.52311597181671,-33.54933228781121,46.096501284592215,163.5,0.0
tr|0.5|0.25|0.5,A,,0,,,244.3571053467016,14.969050669700025,-24.069836140379685,13.756005691163761,16.271831943627376,-27.84133897675154,-26.15354562493719,35.81730922948959,48.0,0.0
tr|0.5|0.25|0.5,B,,0,,,156.38742024462053,9.429729010858201,-29.466924955342687,8.21877965105248,10.406347562476173,-30.670630096674866,-29.840715975457798,58.7665128522657,105.5,0.0
tr|0.5|0.25|0.5,F,,0,,,646.2166766096326,12.211132674207315,-31.01646456396289,11.325342932071573,13.208402540253225,-36.2234226402871,-33.93024875674313,47.58388862392252,152.5,0.0
tr|0.5|0.25|0.6,A,,0,,,249.03659015755377,15.185888080546539,-24.310293205919443,13.970168191390728,16.49150173311925,-28.111768866544185,-26.412873598938514,36.39336846090418,47.0,0.0
tr|0.5|0.25|0.6,B,,0,,,157.71721194302577,9.516906953324733,-29.818785913453794,8.659791248272892,10.60419676674993,-32.28566937424554,-31.306524110662863,59.532387545495936,98.0,0.0
tr|0.5|0.25|0.6,F,,0,,,665.8157840536104,12.372857990150655,-31.72978655182024,11.560297574798525,13.182483140058196,-36.868551413981535,-34.54068420614586,48.3253870700622,145.5,0.0
tr|0.5|0.25|0.7,A,,0,,,251.82050037075254,15.313154214357361,-24.30957890578485,14.110207728662017,16.606469353000257,-28.111061926442314,-26.412157108371037,36.44707276568844,47.0,0.0
tr|0.5|0.25|0.7,B,,0,,,170.34354186022705,10.313146118265571,-29.574399942996816,9.405068334649705,11.823171257214979,-31.250591179524033,-30.63321056524054,60.182968904430176,97.5,0.0
tr|0.5|0.25|0.7,F,,0,,,720.0869463649237,12.800831400798385,-31.719698168000303,12.206246967856886,13.29572510833937,-36.963677471711485,-34.47246693042099,48.90901198357249,146.0,0.0
tr|0.5|0.25|0.8,A,,0,,,251.82050037075254,15.313154214357361,-24.30957890578485,14.110207728662017,16.606469353000257,-28.111061926442314,-26.412157108371037,36.44707276568844,47.0,0.0
tr|0.5|0.25|0.8,B,,0,,,167.9060515243387,10.163711391723728,-29.574399942996816,9.491853412507442,11.890075960281594,-31.27532613740509,-30.681127769515488,60.44470564489101,97.0,0.0
tr|0.5|0.25|0.8,F,,0,,,708.2478843313595,12.710552505329087,-31.719698168000303,12.24303623859363,13.33915584720333,-36.963677471711485,-34.47246693042099,49.09526722526757,144.5,0.0
tr|0.5|0.25|None,A,,0,,,251.82050037075254,15.313154214357361,-24.30957890578485,14.110207728662017,16.606469353000257,-28.111061926442314,-26.412157108371037,36.44707276568844,47.0,0.0
tr|0.5|0.25|None,B,,0,,,168.13293299911356,10.17770494580258,-29.574399942996816,9.500977322161807,11.903407700543603,-31.27532613740509,-30.68112776951548,60.45011196943306,97.0,0.0
tr|0.5|0.25|None,F,,0,,,709.1795842940968,12.717739067774525,-31.719698168000303,12.251669174120766,13.346352623888302,-36.963677471711485,-34.47246693042099,49.08630133598295,144.5,0.0
tr|0.5|0.3|0.4,A,,0,,,297.2721251301457,17.22905758750981,-25.809673074314006,16.21962404364524,18.310184106483977,-29.406341037283777,-27.74122595038374,39.025881745632304,45.0,0.0
tr|0.5|0.3|0.4,B,,0,,,139.19271839252227,8.237328673979793,-30.34318247711972,7.09172915950312,9.250303353322858,-35.0220557791117,-32.70909793715913,62.2889877221023,114.0,0.0
tr|0.5|0.3|0.4,F,,0,,,699.1883925257024,12.640423246619958,-37.63991711716441,11.955150990496639,13.24424132686755,-40.45119991254798,-39.33669445722423,50.90979533087133,160.0,0.0
tr|0.5|0.3|0.5,A,,0,,,302.7484989963943,17.44230461672448,-26.03213984788536,16.33686417944246,19.61049810860422,-29.92322491541639,-27.931689892238907,39.7563223940156,44.0,0.0
tr|0.5|0.3|0.5,B,,0,,,147.5378732499615,8.831728661282835,-29.849980896864732,7.9512044724826465,9.664499491092359,-31.182144028312685,-30.28177285900303,63.54094097664511,103.0,0.0
tr|0.5|0.3|0.5,F,,0,,,774.3973157563411,13.19966440673561,-37.996169169238605,12.367882163270743,14.614211157067697,-42.04517172421461,-39.72404218569892,51.44945332254582,148.0,0.0
tr|0.5|0.3|0.6,A,,0,,,308.3234407114702,17.655366015812646,-26.450746815586296,16.510720448416997,19.729821564518403,-29.934208661325002,-28.268379886015634,40.003349586150414,43.0,0.0
tr|0.5|0.3|0.6,B,,0,,,150.63685706845098,9.044677666176248,-30.06032662380389,8.032445494681335,9.83605587322988,-32.34961760027463,-32.22782425103575,63.74323488818897,97.0,0.0
tr|0.5|0.3|0.6,F,,0,,,785.396781549383,13.277119936303539,-38.467913818137525,12.34294207194943,14.453520211062473,-42.40251932326595,-40.45962168572314,52.25865276191738,142.0,0.0
tr|0.5|0.3|0.7,A,,0,,,310.76533981408727,17.74759945822141,-26.321314539249634,16.608458268969645,19.806214548772807,-29.952964603883615,-28.198774103631557,40.127953107400344,43.0,0.0
tr|0.5|0.3|0.7,B,,0,,,163.89085978370966,9.913043714532021,-29.986830769316143,9.074085755276414,10.741453861701373,-33.08728154836508,-31.389594732997296,64.50327008928545,95.0,0.0
tr|0.5|0.3|0.7,F,,0,,,880.4567146713764,13.906142994982373,-38.42500497624224,12.956879528760323,14.860641025427674,-42.415505398420095,-40.34394875797368,52.9803930725834,141.0,0.0
tr|0.5|0.3|0.8,A,,0,,,310.76533981408727,17.74759945822141,-26.321314539249634,16.608458268969645,19.806214548772807,-29.952964603883615,-28.198774103631557,40.127953107400344,43.0,0.0
tr|0.5|0.3|0.8,B,,0,,,160.92080789257747,9.724264636468416,-29.986830769316143,9.070778206739012,10.643325070246496,-33.26260614138836,-31.53569359184214,64.61495581437514,93.5,0.0
tr|0.5|0.3|0.8,F,,0,,,904.5459546223549,14.05397900915979,-38.42500497624224,12.940978700201178,14.882150817515338,-42.415505398420095,-40.34394875797368,53.01983964991306,140.0,0.0
tr|0.5|0.3|None,A,,0,,,310.76533981408727,17.74759945822141,-26.321314539249634,16.608458268969645,19.806214548772807,-29.952964603883615,-28.198774103631557,40.127953107400344,43.0,0.0
tr|0.5|0.3|None,B,,0,,,161.14197275367476,9.738440738462428,-29.986830769316143,9.08587580310601,10.656512284700698,-33.26260614138836,-31.53569359184214,64.62077119525682,93.5,0.0
tr|0.5|0.3|None,F,,0,,,905.7633663069829,14.061411960673809,-38.42500497624224,12.948424573764047,14.889060705358922,-42.415505398420095,-40.34394875797368,53.02262764971282,140.0,0.0
tr|0.5|0.35|0.4,A,,0,,,263.92894850923847,15.852356007544287,-29.00853967644264,14.946983009420183,17.012623287133547,-33.03658621049978,-31.326805812095476,41.358443591081,46.0,0.0
tr|0.5|0.35|0.4,B,,0,,,131.9757880053732,7.696602765166993,-31.788098842291525,6.391365341659043,9.393876958308885,-35.99536400687045,-34.895291201415915,67.64741011571603,106.0,0.0
tr|0.5|0.35|0.4,F,,0,,,686.595837225787,12.540996371836787,-41.40703138918486,11.516396773499771,13.577658483814488,-44.60370818602502,-43.387734255612294,54.887466706078825,152.5,0.0
tr|0.5|0.35|0.5,A,,0,,,262.9897820950663,15.811344323156662,-29.6202314862463,14.754982728779975,18.07916827962407,-34.05415383882613,-31.91700240104476,42.17733446396722,43.0,0.0
tr|0.5|0.35|0.5,B,,0,,,140.02319093115386,8.297244825076344,-30.7038669611856,6.540548419532273,9.754006652020843,-33.17392553797437,-31.415167567056745,67.53715483639802,96.0,0.0
tr|0.5|0.35|0.5,F,,0,,,695.6439831664527,12.612129331898647,-42.44736896313425,11.48607839394236,14.017993064952508,-46.73136945144732,-44.15988675769613,55.83794651174821,142.0,0.0
tr|0.5|0.35|0.6,A,,0,,,268.0547523556891,16.03100302111876,-29.64604536259562,15.000011156161106,18.30276112445907,-34.072336755201974,-31.919051227629463,42.66961045308163,42.0,0.0
tr|0.5|0.35|0.6,B,,0,,,137.67200374050688,8.125490793736944,-31.181585994308076,6.83549638897853,9.822068854564407,-34.47763586720188,-33.396542191702174,67.56052517739819,92.0,0.0
tr|0.5|0.35|0.6,F,,0,,,652.2594760268419,12.261771507739482,-42.774483966965285,10.673553145910981,13.832316385456398,-47.05718213118766,-44.46825398493963,56.35856853474568,133.0,0.0
tr|0.5|0.35|0.7,A,,0,,,269.66352483986225,16.099990697964028,-29.64984382368916,15.075987588977663,18.361555399334385,-34.15367614443867,-32.01060987410576,42.81024637817745,43.0,0.0
tr|0.5|0.35|0.7,B,,0,,,144.92069315215704,8.648376878924003,-30.77584373991739,7.185620166365345,9.811765999825957,-32.691819186719805,-31.45940363235121,67.83762822916827,88.0,0.0
tr|0.5|0.35|0.7,F,,0,,,726.8069586905626,12.851749036346083,-42.76948436422447,11.70221425976658,14.258157053420245,-47.120860085275915,-44.5484400293266,56.31764718347527,132.5,0.0
tr|0.5|0.35|0.8,A,,0,,,269.66352483986225,16.099990697964028,-29.64984382368916,15.075987588977663,18.361555399334385,-34.15367614443867,-32.01060987410576,42.81024637817745,43.0,0.0
tr|0.5|0.35|0.8,B,,0,,,145.34674140069637,8.678694112976848,-30.77584373991739,7.743317512697045,10.505365353748406,-31.704042084548067,-31.434219834567255,67.80548624785511,88.0,0.0
tr|0.5|0.35|0.8,F,,0,,,710.967453906066,12.7316832508083,-42.76948436422447,11.720881692874489,14.260786437769882,-47.120860085275915,-44.5484400293266,56.41512490552749,132.0,0.0
tr|0.5|0.35|None,A,,0,,,269.66352483986225,16.099990697964028,-29.64984382368916,15.075987588977663,18.361555399334385,-34.15367614443867,-32.01060987410576,42.81024637817745,43.0,0.0
tr|0.5|0.35|None,B,,0,,,145.56150958111982,8.693789416760856,-30.77584373991739,7.759310459936657,10.512971327452169,-31.704042084548046,-31.434219834567255,67.81125945115338,88.0,0.0
tr|0.5|0.35|None,F,,0,,,711.9769015571354,12.739434426045836,-42.76948436422447,11.729373617448699,14.267761450947122,-47.120860085275915,-44.5484400293266,56.41809860787268,132.0,0.0
tr|0.55|0.05|0.4,A,,0,,,156.6680444708862,10.003146536602115,-23.513844236608612,9.440080349212352,10.474098735662206,-25.997784864257657,-24.92115676377721,26.036386762520802,52.0,0.0
tr|0.55|0.05|0.4,B,,0,,,156.6323173537327,9.445283182570453,-28.85364457856081,8.078808853763885,10.600464185862696,-30.105473435604544,-29.99885218987901,52.54532545441188,113.0,0.0
tr|0.55|0.05|0.4,F,,0,,,428.23777119692863,9.995254301548728,-29.11999004411007,9.272321778555481,10.256549174080012,-33.812233309301455,-30.533743456262375,39.736142344875844,166.5,0.0
tr|0.55|0.05|0.5,A,,0,,,161.38959394725876,10.328089584393108,-22.62834439367813,9.8596475455028,10.602826404598149,-26.999252014662755,-25.286049301521306,26.75299494563707,54.0,0.0
tr|0.55|0.05|0.5,B,,0,,,169.5726584078866,10.266096873474961,-29.473186233553218,9.145851210483242,10.987940412251394,-32.223608297310925,-29.85218164005486,54.80832375042579,106.5,0.0
tr|0.55|0.05|0.5,F,,0,,,461.927198603612,10.399115929311986,-27.865914555421035,9.493470454222246,11.240677413510644,-30.478336910911164,-29.834703721607443,41.25989968359861,158.0,0.0
tr|0.55|0.05|0.6,A,,0,,,167.65389955391717,10.746214366938222,-22.87067733626209,10.28664012575524,11.007539751162954,-26.857403441278706,-25.13998944725379,27.530326943224487,52.0,0.0
tr|0.55|0.05|0.6,B,,0,,,175.50383523681322,10.623252581054976,-29.89169471460714,9.347986285600406,12.098179669206802,-31.892056337283947,-30.90384636096038,56.79567677227186,100.0,0.0
tr|0.55|0.05|0.6,F,,0,,,479.55787604110054,10.60040915657824,-29.024626787573283,9.895087392229074,11.568175385242514,-30.88948771254888,-30.233445689433548,43.072805159009995,151.5,0.0
tr|0.55|0.05|0.7,A,,0,,,169.65618801192613,10.876878914628795,-22.869980640723377,10.391838403631331,11.158564596753545,-26.856695750384517,-25.13927218695492,27.439415908679965,52.0,0.0
tr|0.55|0.05|0.7,B,,0,,,181.82294199225683,10.99192082075856,-29.634818799687018,10.19408183636121,12.843723228612422,-31.88277544243285,-30.125353395770414,57.21342083860731,96.5,0.0
tr|0.55|0.05|0.7,F,,0,,,519.288018369043,11.027806768934678,-28.009724621524455,9.976641136589329,11.78199857123627,-30.885095353752344,-30.229353527444008,42.9804004396316,145.5,0.0
tr|0.55|0.05|0.8,A,,0,,,169.65618801192613,10.876878914628795,-22.869980640723377,10.391838403631331,11.158564596753545,-26.856695750384517,-25.13927218695492,27.439415908679965,52.0,0.0
tr|0.55|0.05|0.8,B,,0,,,181.0797314003626,10.949036301386872,-29.634818799687018,10.304878425458392,12.903662908674649,-31.90757228481812,-30.14633978760631,57.36143810782119,95.5,0.0
tr|0.55|0.05|0.8,F,,0,,,534.4576831954364,11.183013756380367,-28.009724621524455,10.196633480035572,11.727379982904262,-30.885095353752344,-30.229353527444008,42.96141438837439,146.5,0.0
tr|0.55|0.05|None,A,,0,,,169.65618801192613,10.876878914628795,-22.869980640723377,10.391838403631331,11.158564596753545,-26.856695750384517,-25.13927218695492,27.439415908679965,52.0,0.0
tr|0.55|0.05|None,B,,0,,,180.77387671440778,10.931190094612253,-29.634818799687018,10.318654917843267,12.915416462847547,-31.90757228481813,-30.14633978760631,57.3668569024417,95.0,0.0
tr|0.55|0.05|None,F,,0,,,535.1296134669323,11.189786119996349,-28.009724621524455,10.204523367092891,11.733583972548518,-30.885095353752344,-30.229353527444008,42.96411732080501,146.5,0.0
tr|0.55|0.075|0.4,A,,0,,,155.8088625186805,9.943079188795977,-23.79247319430246,9.421516384208969,10.45501428659638,-26.005463073688883,-25.407281799328835,26.51439163487955,52.0,0.0
tr|0.55|0.075|0.4,B,,0,,,157.3359814599568,9.491952043985618,-28.62186998390777,7.594819305371134,10.427677587065453,-30.603579017991756,-30.115344322551195,52.47211942095984,111.0,0.0
tr|0.55|0.075|0.4,F,,0,,,420.4913350175964,9.897931837787466,-28.677222350025456,8.964879551714885,10.18213264823498,-34.13932278887671,-30.454822845676876,40.02469810188916,164.5,0.0
tr|0.55|0.075|0.5,A,,0,,,161.36618377199915,10.326499794159306,-23.171817706640148,9.863515632872366,10.798494207960834,-27.00695509142781,-25.293877492910426,27.298292306050687,54.0,0.0
tr|0.55|0.075|0.5,B,,0,,,168.00341329674552,10.169561290633656,-29.501527117639476,8.998375733927015,10.850611954639144,-32.655353993784594,-29.852732718611,55.10094900190224,104.5,0.0
tr|0.55|0.075|0.5,F,,0,,,461.2684341035357,10.39049534347204,-28.057514861434175,9.544846720559953,11.229795677090603,-30.479535467611583,-29.835965106262556,41.739311154282014,156.0,0.0
tr|0.55|0.075|0.6,A,,0,,,167.2636257329922,10.720541747036616,-23.349984010344084,10.256776601867564,10.974166216346227,-26.86492098558322,-25.147628427024472,27.872105886953868,52.0,0.0
tr|0.55|0.075|0.6,B,,0,,,174.88063055923317,10.586223906564406,-29.75096033692317,9.12815805206711,12.024352937533045,-31.924363465573368,-30.3814446528637,56.93168934647899,99.0,0.0
tr|0.55|0.075|0.6,F,,0,,,466.634727562485,10.454060359109862,-28.877803099216067,9.686981399113503,11.50976588870919,-30.895825034132006,-30.524750788264715,43.46101270551012,149.0,0.0
tr|0.55|0.075|0.7,A,,0,,,168.8435828840587,10.823989908090393,-23.349273360315998,10.36215187060904,11.071964470343975,-26.864213303690264,-25.146911175957097,27.478355502707398,51.0,0.0
tr|0.55|0.075|0.7,B,,0,,,183.83122453501633,11.10667943029846,-29.57930232226584,9.527358910394604,12.89137360381329,-31.25241643239174,-29.957623497965702,57.29570307665656,95.0,0.0
tr|0.55|0.075|0.7,F,,0,,,530.2102934404236,11.137353428564145,-27.962632113360048,10.053890609603746,11.893778721476139,-30.892880649719412,-30.236174507433965,42.90172011975604,145.0,0.0
tr|0.55|0.075|0.8,A,,0,,,168.8435828840587,10.823989908090393,-23.349273360315998,10.36215187060904,11.071964470343975,-26.864213303690264,-25.146911175957097,27.478355502707398,51.0,0.0
tr|0.55|0.075|0.8,B,,0,,,182.93821451633656,11.055770962859379,-29.57930232226584,10.271175465062187,12.96155647805694,-31.277232494428254,-29.957623497965702,57.39211374182389,94.0,0.0
tr|0.55|0.075|0.8,F,,0,,,546.0927523583612,11.2991750969619,-27.97395945568312,10.255675465246455,11.890068250954304,-30.892880649719412,-30.236174507433965,43.034884060261156,146.0,0.0
tr|0.55|0.075|None,A,,0,,,168.8435828840587,10.823989908090393,-23.349273360315998,10.36215187060904,11.071964470343975,-26.864213303690264,-25.146911175957097,27.478355502707398,51.0,0.0
tr|0.55|0.075|None,B,,0,,,183.16632848236773,11.068789831351333,-29.57930232226584,10.284843183875992,12.97312895047994,-31.277232494428254,-29.957623497965702,57.3979068311169,94.0,0.0
tr|0.55|0.075|None,F,,0,,,546.7495589458117,11.305660300405462,-27.97395945568312,10.263326134163576,11.896101224497187,-30.892880649719412,-30.236174507433965,43.03751130309396,146.0,0.0
tr|0.55|0.1|0.4,A,,0,,,153.2824472854342,9.764689771344893,-23.844698350839348,9.246420747424864,10.229420469021886,-26.079664490824307,-25.479369468234854,27.210603694791764,52.0,0.0
tr|0.55|0.1|0.4,B,,0,,,160.52418940012785,9.696099274829272,-28.879296525472824,8.226680395289154,10.84656312342415,-31.277512465718125,-30.32104423980386,53.282148230512185,111.0,0.0
tr|0.55|0.1|0.4,F,,0,,,427.2442640568651,9.982728020693777,-29.64468665120138,9.277291980239717,10.602335644770895,-34.346543436898635,-30.926768917349456,40.8002632253165,164.0,0.0
tr|0.55|0.1|0.5,A,,0,,,160.31724353228176,10.25442084588427,-23.21041634691796,9.620481887503837,10.843239044848014,-27.08174572941704,-25.369662405500055,27.868726978271948,53.0,0.0
tr|0.55|0.1|0.5,B,,0,,,179.47463239706553,10.856101304220855,-29.73337294368994,9.886977398572828,11.843269984302077,-32.72495416293593,-30.110643860532576,55.8320019603922,104.0,0.0
tr|0.55|0.1|0.5,F,,0,,,491.9252326094184,10.736979912806255,-28.338303813232006,10.175888611097239,11.531030515468741,-30.743497326010406,-30.097690691734584,41.71197959074931,156.5,0.0
tr|0.55|0.1|0.6,A,,0,,,165.09392746844784,10.576905743678866,-23.39448892810236,9.998736706833359,11.046240395290383,-26.93976795940146,-25.22346567691126,28.46714225877054,52.0,0.0
tr|0.55|0.1|0.6,B,,0,,,187.25605371974677,11.299776345995149,-29.838894567191822,10.066715295393806,12.139525457892443,-32.36334780929673,-30.21547761226734,57.403419704225776,98.0,0.0
tr|0.55|0.1|0.6,F,,0,,,547.531952922884,11.313320353056543,-28.534896239817854,10.39810720108003,11.71895361222165,-30.47451505007045,-30.20467058560844,43.251673471332275,149.5,0.0
tr|0.55|0.1|0.7,A,,0,,,166.32157357784914,10.65826604495208,-23.3937779909651,10.08417675961999,11.132831794720815,-26.939060266866456,-25.222748414934866,28.082882563153778,51.0,0.0
tr|0.55|0.1|0.7,B,,0,,,198.39345794811535,11.90618201149578,-29.89573644116172,11.1952452857041,13.142452566675427,-32.138669449142434,-30.838774495544858,57.609770980785726,96.0,0.0
tr|0.55|0.1|0.7,F,,0,,,575.8565089992061,11.585694556690395,-28.79829456334751,10.747372125490246,12.25054076212781,-31.407283967607004,-30.30469619120233,43.66697648541123,145.5,0.0
tr|0.55|0.1|0.8,A,,0,,,166.32157357784914,10.65826604495208,-23.3937779909651,10.08417675961999,11.132831794720815,-26.939060266866456,-25.222748414934866,28.082882563153778,51.0,0.0
tr|0.55|0.1|0.8,B,,0,,,198.7721186411417,11.926358001812243,-29.89573644116172,11.230608760351146,13.21814728384533,-32.163738482686554,-30.862835614064778,57.67031305427219,95.0,0.0
tr|0.55|0.1|0.8,F,,0,,,569.9890240002339,11.530277664117982,-28.80932515635938,10.760539748350832,12.377527928353718,-31.431768000109216,-30.32623007666236,43.81418222676172,144.5,0.0
tr|0.55|0.1|None,A,,0,,,166.32157357784914,10.65826604495208,-23.3937779909651,10.08417675961999,11.132831794720815,-26.939060266866456,-25.222748414934866,28.082882563153778,51.0,0.0
tr|0.55|0.1|None,B,,0,,,199.00344261734386,11.938604062673342,-29.89573644116172,11.243221698181287,13.229480988762912,-32.163738482686554,-30.862835614064778,57.675002317802026,95.0,0.0
tr|0.55|0.1|None,F,,0,,,570.6287361687707,11.536342992268011,-28.80932515635938,10.767151820636519,12.382930407980483,-31.431768000109216,-30.32623007666236,43.81683201638403,144.5,0.0
tr|0.55|0.125|0.4,A,,0,,,149.85197750006193,9.518125301138081,-24.022489992448428,9.207479369668473,10.112880289921545,-26.14629268006854,-25.830813643642497,28.18756212031835,51.0,0.0
tr|0.55|0.125|0.4,B,,0,,,171.07820295646428,10.357787899530702,-28.859663368694893,8.75728878944659,11.954591091794397,-31.891905277984133,-30.354573416615615,53.82857708997839,112.0,0.0
tr|0.55|0.125|0.4,F,,0,,,433.9572470172057,10.066009682062859,-28.632740103939902,9.358342757272842,10.729286097565401,-31.5256327286756,-30.678454227962,41.289551724211435,165.0,0.0
tr|0.55|0.125|0.5,A,,0,,,155.934909195268,9.951922142657155,-23.77183604533431,9.695225861648371,10.301052047408755,-27.148874421980395,-25.437696615405837,28.418113357825902,53.0,0.0
tr|0.55|0.125|0.5,B,,0,,,172.3104795467696,10.432343677159118,-29.715636307947413,9.42773483997273,11.547781564535239,-33.041280263348646,-30.374867058307803,56.26887187751601,104.0,0.0
tr|0.55|0.125|0.5,F,,0,,,474.1526872503236,10.53951727161765,-28.643586567205936,9.751304905230777,11.291314485682584,-30.693891706585486,-30.048217302277386,42.54535642604185,156.0,0.0
tr|0.55|0.125|0.6,A,,0,,,161.83570122924783,10.358343679573224,-23.955796122298388,10.07614463392765,10.709814138828921,-27.007292131542716,-25.37608816483234,29.447906314411494,52.0,0.0
tr|0.55|0.125|0.6,B,,0,,,175.18808169422894,10.604519688177128,-29.846233900555895,9.868476474848242,12.123866644671038,-32.87522302571525,-30.1693156494759,58.12624744264407,98.0,0.0
tr|0.55|0.125|0.6,F,,0,,,496.6103915020269,10.787894806063736,-28.758241033266053,10.196045169065505,11.458850661042455,-30.734735509436018,-30.293178390923277,44.31374827426028,150.0,0.0
tr|0.55|0.125|0.7,A,,0,,,163.22937030585504,10.452382123531635,-23.955084942130096,10.15511365007799,10.800062360142022,-27.006584437263715,-25.37537614213969,29.079070753418733,51.0,0.0
tr|0.55|0.125|0.7,B,,0,,,190.2302480146535,11.464033187583123,-29.96096447908644,10.556286069919397,12.683898309575694,-32.21384981461088,-31.137806229534537,58.18007914281018,96.0,0.0
tr|0.55|0.125|0.7,F,,0,,,535.4819654299963,11.19259751880377,-28.951700443203777,10.705996257121964,11.837868820419681,-30.936409368808516,-30.535471944595354,44.33384306306613,145.0,0.0
tr|0.55|0.125|0.8,A,,0,,,163.22937030585504,10.452382123531635,-23.955084942130096,10.15511365007799,10.800062360142022,-27.006584437263715,-25.37537614213969,29.079070753418733,51.0,0.0
tr|0.55|0.125|0.8,B,,0,,,189.64408785112133,11.432527746425858,-29.96096447908644,10.77211250724259,12.712654535482462,-32.23920198806649,-31.162020900932347,58.37457381975941,95.0,0.0
tr|0.55|0.125|0.8,F,,0,,,537.0385654338542,11.209007182798313,-28.96477123317413,10.620088496966522,11.882144962937577,-30.936409368808516,-30.55761959133662,44.30667703409519,145.0,0.0
tr|0.55|0.125|None,A,,0,,,163.22937030585504,10.452382123531635,-23.955084942130096,10.15511365007799,10.800062360142022,-27.006584437263715,-25.37537614213969,29.079070753418733,51.0,0.0
tr|0.55|0.125|None,B,,0,,,189.87786899153983,11.445441760633933,-29.96096447908644,10.785557446769289,12.724585746453435,-32.23920198806649,-31.162020900932347,58.379743708540566,95.0,0.0
tr|0.55|0.125|None,F,,0,,,537.6839090249616,11.215480967017545,-28.96477123317413,10.626838934927777,11.887754481770829,-30.936409368808516,-30.55761959133662,44.309140439548976,145.0,0.0
tr|0.55|0.15|0.4,A,,0,,,157.82071102870506,10.083290961740154,-24.132768398544496,9.482347048973807,10.908754242155858,-26.257346636643074,-25.93896415312364,28.84351649475187,51.0,0.0
tr|0.55|0.15|0.4,B,,0,,,148.5142965765544,8.897209168088127,-29.050940796346186,7.589052907129689,9.865987238631469,-31.23903263152944,-30.626812204629772,54.937189399265066,111.5,0.0
tr|0.55|0.15|0.4,F,,0,,,412.4284182359421,9.79482238730962,-28.781889058918274,8.726928342230861,10.202077141004178,-30.66927445085863,-30.321004670147637,42.0453530280878,163.5,0.0
tr|0.55|0.15|0.5,A,,0,,,163.01880075466846,10.438219595198417,-23.884210251158017,10.121985813947287,10.951057520538914,-27.260786430028816,-25.551108850216504,29.34303952918619,51.5,0.0
tr|0.55|0.15|0.5,B,,0,,,163.62821177902646,9.896600257881028,-29.693065818073972,8.902171384617208,10.913617580056366,-33.15060627687305,-30.070185560541656,56.893925611138194,104.0,0.0
tr|0.55|0.15|0.5,F,,0,,,461.30475921704135,10.392414365196423,-28.915825415560718,9.442260637324592,11.081336041955971,-30.69899582044333,-30.05311741876735,43.73862609332686,155.0,0.0
tr|0.55|0.15|0.6,A,,0,,,168.2834952175262,10.787416539598759,-24.034004312702077,10.417534600410123,11.301762298926894,-27.11987883953968,-25.4884596942893,30.36824148854394,50.0,0.0
tr|0.55|0.15|0.6,B,,0,,,166.80153418083825,10.095284593274123,-29.850568840563085,9.312759780620812,11.63309411616754,-32.670113237690856,-30.173294871340424,58.76587341279532,98.0,0.0
tr|0.55|0.15|0.6,F,,0,,,495.97596823714844,10.780994715104464,-29.044409483993768,9.788864979562753,11.428096118626318,-31.07625848937531,-30.697918013397725,45.296013852554815,147.0,0.0
tr|0.55|0.15|0.7,A,,0,,,169.76539151954063,10.883935308878101,-24.03328923625639,10.513265623488454,11.397458738778269,-27.119171137890884,-25.487747664143022,29.954380065428275,49.0,0.0
tr|0.55|0.15|0.7,B,,0,,,178.95062921824828,10.825266018509927,-29.850568840563096,9.899734732171101,12.897687765297913,-32.801775798965515,-30.531837033116695,59.43442666244611,94.5,0.0
tr|0.55|0.15|0.7,F,,0,,,536.6531634000704,11.205131148491187,-29.10053224478381,10.165681995825544,11.612765979045978,-31.07398672603754,-30.383779768759585,45.5904137395425,144.0,0.0
tr|0.55|0.15|0.8,A,,0,,,169.76539151954063,10.883935308878101,-24.03328923625639,10.513265623488454,11.397458738778269,-27.119171137890884,-25.487747664143022,29.954380065428275,49.0,0.0
tr|0.55|0.15|0.8,B,,0,,,180.8785391850845,10.937530601338352,-29.850568840563096,10.07151278487336,12.923329758037077,-32.82713589161963,-30.556687172899693,59.68901907650448,93.5,0.0
tr|0.55|0.15|0.8,F,,0,,,539.3284105778573,11.231886377703681,-29.113041554147472,10.197817625216736,11.758279274119834,-31.07398672603754,-30.383779768759585,45.433155050501355,143.5,0.0
tr|0.55|0.15|None,A,,0,,,169.76539151954063,10.883935308878101,-24.03328923625639,10.513265623488454,11.397458738778269,-27.119171137890884,-25.487747664143022,29.954380065428275,49.0,0.0
tr|0.55|0.15|None,B,,0,,,181.11157070257877,10.950966958508857,-29.850568840563096,10.08584971551932,12.934897694700906,-32.82713589161963,-30.556687172899693,59.69435855748522,93.5,0.0
tr|0.55|0.15|None,F,,0,,,540.014286082761,11.238739412305588,-29.11304155414747,10.205876611195741,11.738250081178933,-31.07398672603754,-30.383779768759585,45.4357779698312,143.5,0.0
tr|0.55|0.2|0.4,A,,0,,,194.79220443109102,12.408912989228483,-23.17594505700461,11.778661110316946,14.080091418675666,-26.38821444364514,-24.672698218594295,32.2318076639889,46.0,0.0
tr|0.55|0.2|0.4,B,,0,,,140.27332763616354,8.315408378588106,-29.809845254760603,6.714464207830762,9.791114573361522,-32.97657747698488,-32.28942120560859,57.92871399265511,112.0,0.0
tr|0.55|0.2|0.4,F,,0,,,478.4536455892559,10.58731876697292,-29.896608655146455,9.603896967930945,11.832564720650558,-34.19239350421458,-32.23470624443821,45.20307232085949,159.0,0.0
tr|0.55|0.2|0.5,A,,0,,,197.6007096453793,12.569001095489686,-23.91388570682258,11.821515306683064,14.14147195696353,-27.392460760427085,-25.684682890480104,32.52762621502654,45.0,0.0
tr|0.55|0.2|0.5,B,,0,,,155.71303182705122,9.38524673329817,-29.986326046080336,8.482537667120486,10.34838280054056,-33.46730284624543,-30.607098714132214,59.783788619442646,103.0,0.0
tr|0.55|0.2|0.5,F,,0,,,513.2525373686836,10.965047123569093,-29.46246236614073,10.334179508897954,12.197211523937526,-35.11452899187042,-31.541405699673554,46.358836766314795,149.0,0.0
tr|0.55|0.2|0.6,A,,0,,,201.68394601482214,12.79794135199035,-23.71037920095563,12.184400460371728,14.516720838224392,-27.251383174427623,-25.53938896722114,33.192044147928385,43.0,0.0
tr|0.55|0.2|0.6,B,,0,,,150.48947421039097,9.03466961589664,-30.2655586801072,8.171494197872988,10.035605498684728,-33.32263886995168,-31.054806097335497,60.89246697154111,96.5,0.0
tr|0.55|0.2|0.6,F,,0,,,552.9921403656233,11.366930002507015,-29.59832422703132,10.035204825964458,12.403133652461799,-35.330501399047186,-31.843843657102223,47.31643704806757,143.0,0.0
tr|0.55|0.2|0.7,A,,0,,,204.79839009217537,12.969759247384815,-23.362381244639057,12.271691744525834,14.554723731133404,-27.25067552745507,-25.538671751954585,33.11216336684625,43.0,0.0
tr|0.55|0.2|0.7,B,,0,,,173.95456055136196,10.53103642459493,-30.09068793224347,9.191233170456488,11.834690130828973,-32.002896426984876,-30.90205745868718,61.22108226595353,95.0,0.0
tr|0.55|0.2|0.7,F,,0,,,610.9554727877937,11.906209918555222,-29.603097977596338,10.955423486580695,12.60784486272239,-35.32309700662343,-31.876699922229534,47.82468326738546,140.0,0.0
tr|0.55|0.2|0.8,A,,0,,,204.79839009217537,12.969759247384815,-23.362381244639057,12.271691744525834,14.554723731133404,-27.25067552745507,-25.538671751954585,33.11216336684625,43.0,0.0
tr|0.55|0.2|0.8,B,,0,,,172.2324828401221,10.42764848016936,-30.09068793224347,9.384093523131718,11.76844309130595,-32.02829793925519,-30.926800394277432,61.32377618373756,94.0,0.0
tr|0.55|0.2|0.8,F,,0,,,612.9616954830633,11.923751968710494,-29.603097977596338,10.97735360350443,12.780850907539348,-35.32309700662343,-31.876699922229534,47.82169059138942,140.0,0.0
tr|0.55|0.2|None,A,,0,,,204.79839009217537,12.969759247384815,-23.362381244639057,12.271691744525834,14.554723731133404,-27.25067552745507,-25.538671751954585,33.11216336684625,43.0,0.0
tr|0.55|0.2|None,B,,0,,,172.46096285025592,10.44141975681585,-30.09068793224347,9.39873608984884,11.78074178173522,-32.02829793925519,-30.926800394277432,61.32931272244191,94.0,0.0
tr|0.55|0.2|None,F,,0,,,613.7379501925313,11.93062003330192,-29.603097977596338,10.984845400312434,12.78446269043378,-35.32309700662343,-31.876699922229534,47.81165687933938,140.0,0.0
tr|0.55|0.25|0.4,A,,0,,,231.58957980192733,14.35753356422006,-23.103441383263483,13.531012430332748,15.94773012498325,-26.62357987597722,-24.91141509070094,35.818779423967925,48.0,0.0
tr|0.55|0.25|0.4,B,,0,,,140.00893409111796,8.295626280556622,-29.702749461739113,6.634129917351457,9.379681538073296,-31.8783410006128,-31.470277988365364,59.54674828356191,112.5,0.0
tr|0.55|0.25|0.4,F,,0,,,571.453466543365,11.543998393820743,-30.503689461116196,10.355594031691185,12.959216579851528,-34.761185736752594,-33.49814525088792,47.667878424979904,160.0,0.0
tr|0.55|0.25|0.5,A,,0,,,244.3869809622813,14.970446942064497,-23.81691332410492,13.73454849899513,16.25135288585348,-27.629329339859677,-25.924932066656226,36.59826227015938,48.0,0.0
tr|0.55|0.25|0.5,B,,0,,,150.87492968136115,9.060867409431806,-29.92894952680191,8.298694331190042,9.933890238786228,-32.3543928450311,-30.32386561040582,60.508485767530374,102.5,0.0
tr|0.55|0.25|0.5,F,,0,,,634.3741528228016,12.110481464799228,-30.329845772661386,11.218278776567042,13.154916809725886,-35.15675578427767,-34.04051769268357,49.069506193651705,150.5,0.0
tr|0.55|0.25|0.6,A,,0,,,247.08680267742952,15.095988615901268,-23.689509188577535,13.882877504483773,16.41430754609635,-27.488440795782175,-25.779822016965497,36.972907285790825,46.0,0.0
tr|0.55|0.25|0.6,B,,0,,,153.73882760456618,9.25392396603989,-30.033091199617505,8.173508578285993,10.179546524469558,-31.516604881139877,-30.422156933723706,60.975362798387266,96.0,0.0
tr|0.55|0.25|0.6,F,,0,,,669.6686921600975,12.404930555944238,-30.81147233071765,11.634329073296648,13.289954335886446,-35.5112585692802,-34.11344713921937,49.472028967034056,143.0,0.0
tr|0.55|0.25|0.7,A,,0,,,248.45856195564164,15.159303108175415,-23.68915011840846,13.952557146907857,16.471427245683543,-27.487733229941124,-25.77910488488115,36.72632225921859,45.0,0.0
tr|0.55|0.25|0.7,B,,0,,,163.9865152797951,9.919201773517528,-30.00620197017623,9.454427228679553,11.48804474140284,-31.32865108660623,-30.381380212404213,62.47960731231841,94.0,0.0
tr|0.55|0.25|0.7,F,,0,,,708.9461929288466,12.715346769361968,-30.472196080516383,12.114676962546266,13.545023592922382,-35.31556995018682,-33.474642257402685,49.97402034062669,140.0,0.0
tr|0.55|0.25|0.8,A,,0,,,248.45856195564164,15.159303108175415,-23.68915011840846,13.952557146907857,16.471427245683543,-27.487733229941124,-25.77910488488115,36.72632225921859,45.0,0.0
tr|0.55|0.25|0.8,B,,0,,,165.9215465779395,10.040470608578723,-30.00620197017623,9.543961071650493,11.410409629655812,-31.353020259803277,-30.381380212404213,62.77748661174931,93.5,0.0
tr|0.55|0.25|0.8,F,,0,,,714.3505506215654,12.756785568338913,-30.472196080516383,12.164450462698639,13.579633010077979,-35.31556995018682,-33.474642257402685,49.93589760441428,140.0,0.0
tr|0.55|0.25|None,A,,0,,,248.45856195564164,15.159303108175415,-23.68915011840846,13.952557146907857,16.471427245683543,-27.487733229941124,-25.77910488488115,36.72632225921859,45.0,0.0
tr|0.55|0.25|None,B,,0,,,166.1470905630653,10.054531811440636,-30.00620197017623,9.55853991730044,11.423041228924182,-31.353020259803277,-30.381380212404213,62.78317602837941,93.5,0.0
tr|0.55|0.25|None,F,,0,,,715.2231452495754,12.763457035429337,-30.472196080516383,12.17161822380757,13.58661903403942,-35.31556995018682,-33.474642257402685,49.938636211660516,140.0,0.0
tr|0.55|0.3|0.4,A,,0,,,295.3832509050605,17.154866552044503,-25.99655031180486,16.08169327264575,18.239713046232936,-29.220914343509886,-28.11888256311273,39.289882116726005,44.0,0.0
tr|0.55|0.3|0.4,B,,0,,,128.0063353055254,7.387703479999141,-30.602128029233633,6.783247640348808,8.589237629722218,-33.8326932991959,-33.69638804334742,63.65780075234999,109.5,0.0
tr|0.55|0.3|0.4,F,,0,,,665.2316615620259,12.368809769694789,-36.44758581908846,11.512867878526608,13.594559401294164,-40.68033700668505,-39.364586212835775,52.00057587548381,155.5,0.0
tr|0.55|0.3|0.5,A,,0,,,302.79339271853183,17.4440345091188,-26.659392665418235,16.279958824018546,19.526173923724446,-29.962555115142308,-28.467181124009294,40.08131253316775,44.0,0.0
tr|0.55|0.3|0.5,B,,0,,,143.37448729849976,8.539063575262318,-30.39018890846872,7.834317144753529,9.323925733649881,-33.08628147923122,-30.89617544478674,64.37970680614904,99.5,0.0
tr|0.55|0.3|0.5,F,,0,,,800.9301657669238,13.384577413260113,-36.557583839224165,12.08950048408357,14.508964286607501,-42.8238565887167,-39.17554524521028,52.1624058177686,145.5,0.0
tr|0.55|0.3|0.6,A,,0,,,306.56102546148384,17.58838789084115,-26.645970931160633,16.442042241836997,19.68314169847844,-29.943767833112855,-28.442035054303332,40.39984151463856,42.0,0.0
tr|0.55|0.3|0.6,B,,0,,,146.2201904648358,8.739962918575351,-30.49120587325076,7.871699849470073,9.816246947073134,-31.606643306628733,-31.28924492306008,64.58203856246514,93.5,0.0
tr|0.55|0.3|0.6,F,,0,,,819.5644459210408,13.510774067491093,-36.616783649532344,11.986236485160621,14.831199577141579,-43.406231392344495,-39.36341372331314,52.93869077272293,136.5,0.0
tr|0.55|0.3|0.7,A,,0,,,307.9372760395075,17.640719985934815,-26.364962803384117,16.532749110165966,19.810385465210313,-30.214520616805572,-28.17735632548981,40.43396794472866,41.0,0.0
tr|0.55|0.3|0.7,B,,0,,,163.60210276952404,9.894727716374096,-30.497754730180603,9.209561206168264,11.270229080858359,-31.716105092117218,-31.049478221454425,64.90407953145846,91.0,0.0
tr|0.55|0.3|0.7,F,,0,,,920.9619512995738,14.154821479538505,-36.154533756119875,13.193671578716543,15.023899682978598,-42.23236356876797,-38.529787572344055,53.09525758332438,136.0,0.0
tr|0.55|0.3|0.8,A,,0,,,307.9372760395075,17.640719985934815,-26.364962803384117,16.532749110165966,19.810385465210313,-30.214520616805572,-28.17735632548981,40.43396794472866,41.0,0.0
tr|0.55|0.3|0.8,B,,0,,,159.82190893811767,9.653253936978867,-30.51359452592276,8.997912048253973,10.867301065241957,-31.740137867743723,-31.051863113945032,64.92660428188987,90.0,0.0
tr|0.55|0.3|0.8,F,,0,,,923.8954577755429,14.172175944026598,-36.154533756119875,12.710703829766262,15.223788349583575,-42.23236356876797,-38.529787572344055,53.19192903557117,136.5,0.0
tr|0.55|0.3|None,A,,0,,,307.9372760395075,17.640719985934815,-26.364962803384117,16.532749110165966,19.810385465210313,-30.214520616805572,-28.17735632548981,40.43396794472866,41.0,0.0
tr|0.55|0.3|None,B,,0,,,160.04129458608503,9.667403434674227,-30.51359452592276,9.012819552692031,10.880276509360801,-31.740137867743723,-31.051863113945032,64.93306490032639,90.0,0.0
tr|0.55|0.3|None,F,,0,,,925.0736936652079,14.17923030368854,-36.154533756119875,12.71901540045578,15.230762932979165,-42.23236356876797,-38.529787572344055,53.194751014486364,136.5,0.0
tr|0.55|0.35|0.4,A,,0,,,260.47918549149944,15.70104529445484,-29.195225791422345,14.791770909113486,16.864683603946755,-33.049192913965086,-31.312196119851134,41.533599051226126,45.0,0.0
tr|0.55|0.35|0.4,B,,0,,,125.09559137174539,7.153756012655387,-31.76148307503655,5.861260800433012,9.346907362035475,-36.66073226259756,-34.920425288453536,67.79446047509445,105.0,0.0
tr|0.55|0.35|0.4,F,,0,,,682.7769804731356,12.509865916306806,-40.628060566389806,10.605230279049183,13.33715009681341,-44.77996239519072,-43.984379453778686,55.08175885735413,149.5,0.0
tr|0.55|0.35|0.5,A,,0,,,262.65777017535083,15.79681283196026,-29.196600631688025,14.76352023987689,18.068163562943035,-33.58311481068617,-31.44255321431178,42.214236486000004,42.0,0.0
tr|0.55|0.35|0.5,B,,0,,,128.62846867379852,7.436330637657685,-31.31733632841973,6.578827872167489,9.073524744859773,-33.6892019704274,-32.082542536648226,67.7917861309687,93.0,0.0
tr|0.55|0.35|0.5,F,,0,,,672.6569564357405,12.42916427678049,-41.256789482886276,11.373874563396976,13.762502536465412,-46.789809929788426,-44.234691849075375,56.13479151347411,139.5,0.0
tr|0.55|0.35|0.6,A,,0,,,266.2745557969117,15.954228314845642,-29.692041474592212,14.915767629027007,18.237430703039887,-33.99595884506276,-31.83088407239143,42.7598132565864,40.0,0.0
tr|0.55|0.35|0.6,B,,0,,,135.18965362634208,7.940354878481926,-31.393528492699275,6.542787404766792,9.614523420137663,-33.50858806405213,-32.50824020974542,68.19861130679566,89.0,0.0
tr|0.55|0.35|0.6,F,,0,,,706.9405037379144,12.70070891992382,-41.159028985385845,10.933631257871228,13.88718752738341,-47.289519401681304,-43.33180625510368,56.36875627863587,130.0,0.0
tr|0.55|0.35|0.7,A,,0,,,267.69071990849824,16.01534079069569,-29.678247382719817,14.98409589658558,18.290197397137607,-34.20304821061356,-32.03953231919705,42.932955342419085,41.0,0.0
tr|0.55|0.35|0.7,B,,0,,,137.89395862519487,8.141056601489838,-31.194439145849408,7.177093309493496,10.67410631894785,-32.57828356008383,-31.896575138269334,69.02831330419752,85.5,0.0
tr|0.55|0.35|0.7,F,,0,,,769.8251569836344,13.166530983797465,-40.24429333875636,11.746464520825544,14.071693297092802,-45.71763156780919,-41.806138503521005,56.582227916991066,130.0,0.0
tr|0.55|0.35|0.8,A,,0,,,267.69071990849824,16.01534079069569,-29.678247382719817,14.98409589658558,18.290197397137607,-34.20304821061356,-32.03953231919705,42.932955342419085,41.0,0.0
tr|0.55|0.35|0.8,B,,0,,,133.12382367868832,7.784007492430489,-31.11798309568845,6.831177903209273,10.63829872463864,-32.894544734449426,-31.898880953820857,68.89366643187286,84.0,0.0
tr|0.55|0.35|0.8,F,,0,,,755.0970359018108,13.061298787054444,-40.24429333875636,11.462604670419612,14.172895973347979,-45.71763156780919,-41.806138503521005,56.66950687770098,128.5,0.0
tr|0.55|0.35|None,A,,0,,,267.69071990849824,16.01534079069569,-29.678247382719817,14.98409589658558,18.290197397137607,-34.20304821061356,-32.03953231919705,42.932955342419085,41.0,0.0
tr|0.55|0.35|None,B,,0,,,133.33680030668637,7.800217231231676,-31.11798309568845,6.84891960243051,10.650950771496387,-32.89454473444944,-31.898880953820857,68.89931490153384,84.0,0.0
tr|0.55|0.35|None,F,,0,,,756.2292736771743,13.069510727510059,-40.24429333875636,11.419191235045176,14.178760747532776,-45.71763156780919,-41.806138503521005,56.672427411588714,128.5,0.0
tr|0.6|0.05|0.4,A,,0,,,156.96758498291834,10.024011854934356,-21.513523599968572,9.607288908002209,10.561315950818399,-26.177488752483836,-24.45903180927393,26.10506146786723,50.0,0.0
tr|0.6|0.05|0.4,B,,0,,,139.98284442745685,8.293782591900612,-30.954764832165242,7.46318125871676,9.687381500018324,-31.989207334012583,-31.584606268657154,54.67437808949267,108.5,0.0
tr|0.6|0.05|0.4,F,,0,,,407.87741102126745,9.735788848093108,-31.391986517949228,8.765557465728849,10.455751229907126,-32.03785177241972,-31.9733682493756,40.930688839543336,162.0,0.0
tr|0.6|0.05|0.5,A,,0,,,163.01745904573832,10.43812130146704,-24.12517734540436,10.070351781315177,10.958245269329826,-27.0043736624094,-25.29937029958196,26.94984111373584,46.0,0.0
tr|0.6|0.05|0.5,B,,0,,,148.84648814968142,8.922201307249756,-31.00178046671958,7.911437229973914,10.77491775797503,-32.93297875949468,-31.900580303475344,56.93069379946447,100.0,0.0
tr|0.6|0.05|0.5,F,,0,,,423.4258955472081,9.935022785364279,-31.3552466904836,9.245624885373498,11.001656731784076,-31.88420522895593,-31.789926092471354,42.411574397135006,146.5,0.0
tr|0.6|0.05|0.6,A,,0,,,168.40191598774976,10.795192785365293,-23.96344855093796,10.430712273742744,11.317606458926385,-26.86239965093581,-25.155610294920894,27.678482562204664,44.0,0.0
tr|0.6|0.05|0.6,B,,0,,,158.69100444117853,9.579969100708208,-30.962386697661316,8.576231938524053,10.899402494884994,-32.07910071158094,-31.835913829742747,57.24429186587198,95.0,0.0
tr|0.6|0.05|0.6,F,,0,,,452.5566501070827,10.290163820721254,-31.176283205593414,9.612231148602246,11.1031865629641,-31.7294068702358,-31.542444199146768,43.1014661887652,138.0,0.0
tr|0.6|0.05|0.7,A,,0,,,170.78902194505065,10.95021454542705,-23.9627379255129,10.512566033866735,11.444318426035194,-26.86169197658851,-25.154898292386235,27.262985421345963,44.0,0.0
tr|0.6|0.05|0.7,B,,0,,,170.92853628382906,10.34722568210239,-31.028262013716674,9.422219531291171,12.060408766105013,-32.07910071158094,-31.835913829742758,58.51133124467056,91.5,0.0
tr|0.6|0.05|0.7,F,,0,,,485.4253784952832,10.665379595202095,-31.17220118356891,10.066315467721347,11.396121916328617,-31.726926459410766,-31.540209721296954,43.60779488128791,136.5,0.0
tr|0.6|0.05|0.8,A,,0,,,170.78902194505065,10.95021454542705,-23.9627379255129,10.512566033866735,11.444318426035194,-26.86169197658851,-25.154898292386235,27.262985421345963,44.0,0.0
tr|0.6|0.05|0.8,B,,0,,,175.88166175352768,10.645601594178789,-31.04060499979859,9.502792020248732,12.035567902361839,-32.07910071158094,-31.835913829742758,58.397178317976525,91.0,0.0
tr|0.6|0.05|0.8,F,,0,,,487.04814343618256,10.683427597833383,-31.172201183568916,10.10937662317741,11.484297798297023,-31.72692645941074,-31.540209721296954,43.77450160672645,135.0,0.0
tr|0.6|0.05|None,A,,0,,,170.78902194505065,10.95021454542705,-23.9627379255129,10.512566033866735,11.444318426035194,-26.86169197658851,-25.154898292386235,27.262985421345963,44.0,0.0
tr|0.6|0.05|None,B,,0,,,176.10225957575827,10.658648070468324,-31.04060499979859,9.517298156804294,12.047128725815487,-32.07910071158094,-31.835913829742758,58.402308303772735,91.0,0.0
tr|0.6|0.05|None,F,,0,,,487.69698634981745,10.690572283256383,-31.172201183568916,10.107151617024131,11.490311288436688,-31.72692645941074,-31.540209721296954,43.77516860543801,135.0,0.0
tr|0.6|0.075|0.4,A,,0,,,160.0495977147052,10.236724547770383,-22.044743815276284,9.931705432826224,10.756769413039583,-26.185533616379796,-24.467208559001513,26.472495912654225,50.0,0.0
tr|0.6|0.075|0.4,B,,0,,,143.49211344073288,8.547488970805384,-31.00589862162239,7.255048082190044,10.037169143386153,-31.98906153822326,-31.58445888073101,54.82914888680093,107.5,0.0
tr|0.6|0.075|0.4,F,,0,,,424.35237891631294,9.946665105341701,-31.392135930847566,9.023866964704604,10.64543094752622,-32.03798243943098,-31.973522293919686,40.81050867411345,160.5,0.0
tr|0.6|0.075|0.5,A,,0,,,165.6863249406952,10.616422024368322,-24.506635550935798,10.22127060873796,11.176784274447256,-27.012456628327442,-25.81559855779435,27.338350806677497,46.0,0.0
tr|0.6|0.075|0.5,B,,0,,,150.89084635894605,9.061644058645602,-31.001550044909965,8.094336704452658,10.787946964946975,-33.03089348918385,-31.900347603624546,56.65851920311476,99.5,0.0
tr|0.6|0.075|0.5,F,,0,,,428.7286621073328,10.00083015160561,-31.355444081750928,9.431635264254801,11.106587569481349,-31.884444273215717,-31.790104575028877,42.717721161676906,146.0,0.0
tr|0.6|0.075|0.6,A,,0,,,169.38691762839392,10.859400673710528,-24.343473356961464,10.555686445638262,11.426594347927152,-26.8702897300378,-25.67708285389371,28.094002199870637,44.0,0.0
tr|0.6|0.075|0.6,B,,0,,,159.16100364741817,9.6108057895108,-30.962158933142607,8.755081014965153,11.247526472161198,-32.07885952508188,-31.835676522889795,57.22990075291901,94.5,0.0
tr|0.6|0.075|0.6,F,,0,,,466.14685131269584,10.448459617045646,-31.178202002402312,9.638553903000066,11.30889251196824,-31.72853124011491,-31.54377181004133,43.38551234336876,139.0,0.0
tr|0.6|0.075|0.7,A,,0,,,171.73268772468236,11.01095769314382,-24.342762642229705,10.632947043363297,11.573581889821956,-26.869582065925847,-25.67637086171091,27.679185343567763,44.0,0.0
tr|0.6|0.075|0.7,B,,0,,,174.3999201622814,10.55737817736544,-31.104507129663723,9.44958307666974,12.18952965179798,-32.07885952508188,-31.835676522889788,58.771057172001285,91.5,0.0
tr|0.6|0.075|0.7,F,,0,,,490.0292910485078,10.716290230671143,-31.17420430191993,10.136761521455954,11.50905504083674,-31.72622080845865,-31.541659948066687,43.88108604759443,136.5,0.0
tr|0.6|0.075|0.8,A,,0,,,171.73268772468236,11.01095769314382,-24.342762642229705,10.632947043363297,11.573581889821956,-26.869582065925847,-25.67637086171091,27.679185343567763,44.0,0.0
tr|0.6|0.075|0.8,B,,0,,,174.29771594894748,10.551449677141878,-31.104507129663716,9.700759782301793,12.175628760823631,-32.078859525081896,-31.835676522889777,59.088046646408166,90.5,0.0
tr|0.6|0.075|0.8,F,,0,,,494.7783203726638,10.76801200300428,-31.174204301919932,10.038947781358832,11.595679240418642,-31.72622080845865,-31.541659948066687,44.13444052039635,135.0,0.0
tr|0.6|0.075|None,A,,0,,,171.73268772468236,11.01095769314382,-24.342762642229705,10.632947043363297,11.573581889821956,-26.869582065925847,-25.67637086171091,27.679185343567763,44.0,0.0
tr|0.6|0.075|None,B,,0,,,174.51936903326148,10.564666790181999,-31.104507129663716,9.71496427547827,12.187054142299665,-32.078859525081896,-31.835676522889777,59.09330526931596,90.5,0.0
tr|0.6|0.075|None,F,,0,,,495.43474437807726,10.775130212497553,-31.174204301919932,10.046655764102294,11.601636457881195,-31.72622080845865,-31.541659948066687,44.13715902020312,135.0,0.0
tr|0.6|0.1|0.4,A,,0,,,160.7500144121457,10.284580658688313,-22.06751187908998,9.827631633493569,10.871940692345612,-26.084596634932964,-24.36491519920124,27.152015607607456,50.0,0.0
tr|0.6|0.1|0.4,B,,0,,,153.2957474276562,9.224376499207166,-30.954880040480575,8.062253723281257,11.036365707084313,-31.9893205071491,-31.58472067767992,55.56837882872172,108.5,0.0
tr|0.6|0.1|0.4,F,,0,,,440.40761680544756,10.144599578043845,-31.392443312834654,9.152773727446565,10.994144791252207,-32.03833432777541,-31.973977577278735,41.76648200071873,160.0,0.0
tr|0.6|0.1|0.5,A,,0,,,166.37572766096997,10.662054388346764,-24.580247861054875,10.213646749779745,11.13682214663053,-27.08665710775341,-25.888672471632727,28.020117844030203,46.0,0.0
tr|0.6|0.1|0.5,B,,0,,,171.620421856034,10.390680123371187,-31.001959330310957,9.188622947204376,11.80578944412203,-33.34365760663663,-31.900760935384813,57.386202028553555,99.0,0.0
tr|0.6|0.1|0.5,F,,0,,,490.02264279620005,10.715990083744842,-31.356020937517613,10.136067618812685,11.41334464919408,-31.884920483416725,-31.790614591823868,43.04242374471031,146.5,0.0
tr|0.6|0.1|0.6,A,,0,,,170.29164233554764,10.918011623903755,-24.41718365060183,10.466071780357547,11.411723308167547,-26.944581925499943,-25.750252342700758,28.77575103475622,44.0,0.0
tr|0.6|0.1|0.6,B,,0,,,177.13133683637915,10.719322880462311,-31.10493128296814,9.598670035556307,12.294038448077613,-33.051438953586754,-32.0043556715167,58.77424246645759,95.0,0.0
tr|0.6|0.1|0.6,F,,0,,,523.1189702766353,11.06749781206039,-31.172732386623338,10.208465391266975,11.682432887962765,-31.728546201430074,-31.53965342940665,44.033479944004306,138.5,0.0
tr|0.6|0.1|0.7,A,,0,,,171.8005092231133,11.015314375598152,-24.416472923296695,10.580546048207792,11.50227735228335,-26.94387424891358,-25.74954033790181,28.370731420365093,44.0,0.0
tr|0.6|0.1|0.7,B,,0,,,190.21997868770077,11.463913192041787,-31.10493128296814,10.529997841604862,12.678758304577261,-32.475083627108106,-32.00435567151671,59.6403509249398,92.0,0.0
tr|0.6|0.1|0.7,F,,0,,,530.6382024444448,11.144394565768279,-31.16935726707278,10.41026629898472,11.858924794696206,-31.72655285489151,-31.537882183704824,44.34895029099435,136.0,0.0
tr|0.6|0.1|0.8,A,,0,,,171.8005092231133,11.015314375598152,-24.416472923296695,10.580546048207792,11.50227735228335,-26.94387424891358,-25.74954033790181,28.370731420365093,44.0,0.0
tr|0.6|0.1|0.8,B,,0,,,190.6291688872967,11.486849339039084,-31.104931282968135,10.733282626895038,12.587568733756749,-32.50022711015195,-32.00435567151671,59.98719346715106,90.5,0.0
tr|0.6|0.1|0.8,F,,0,,,540.5625357484321,11.244057130910189,-31.16935726707278,10.5880218546267,11.88519955027654,-31.726552854891498,-31.537882183704813,44.41944835422969,136.0,0.0
tr|0.6|0.1|None,A,,0,,,171.8005092231133,11.015314375598152,-24.416472923296695,10.580546048207792,11.50227735228335,-26.94387424891358,-25.74954033790181,28.370731420365093,44.0,0.0
tr|0.6|0.1|None,B,,0,,,190.85456072216738,11.499241858804366,-31.104931282968135,10.746718887014369,12.598647692475613,-32.50022711015195,-32.00435567151671,59.99213994007684,90.5,0.0
tr|0.6|0.1|None,F,,0,,,541.2173689666305,11.250585273216151,-31.16935726707278,10.59519346847844,11.890899166831858,-31.726552854891498,-31.537882183704813,44.42202088039038,136.0,0.0
tr|0.6|0.125|0.4,A,,0,,,157.49561018146224,10.060711550249346,-23.650714396545204,9.455653881347784,10.881868911602428,-26.148545054635107,-24.69317570620721,27.857016664412406,47.0,0.0
tr|0.6|0.125|0.4,B,,0,,,162.86043871506885,9.846075642927065,-30.920660619501422,7.877348034332591,10.981561830973332,-31.954612997183453,-31.55005935250832,55.61546760151694,109.0,0.0
tr|0.6|0.125|0.4,F,,0,,,433.4707880711367,10.060029873299925,-31.35967642474531,9.138557456990222,10.768011429869768,-33.761725263485786,-32.0043831121347,42.56386272306473,158.0,0.0
tr|0.6|0.125|0.5,A,,0,,,162.4932021520732,10.402474144123408,-24.44681149578524,9.896196551798623,11.004785707321293,-27.151121722146843,-25.54210682792877,28.65328698254811,46.0,0.0
tr|0.6|0.125|0.5,B,,0,,,181.58575314909348,10.976734198024785,-30.81565582545333,9.25722619471049,12.177827998235806,-31.931601479353745,-31.69070515190553,57.468119325884004,99.5,0.0
tr|0.6|0.125|0.5,F,,0,,,475.7158243957728,10.55621103388532,-31.312024329722455,9.71693827638052,11.138326976010537,-31.842516834637735,-31.74886735951018,43.89506614213084,146.5,0.0
tr|0.6|0.125|0.6,A,,0,,,167.4154687611098,10.73020214688002,-24.30710127489752,10.216511923125386,11.339574503849633,-27.00948969605248,-25.53322166527567,29.215509111287492,44.0,0.0
tr|0.6|0.125|0.6,B,,0,,,187.50906562181711,11.313919342618917,-31.059486822158057,9.754550757871739,13.155663881033785,-32.285688024030925,-31.958417669754386,59.03737659009185,95.5,0.0
tr|0.6|0.125|0.6,F,,0,,,489.37427456113994,10.709109770293734,-31.12562523096977,9.85174587665109,11.37655399523643,-31.689060424362292,-31.500283556752155,44.703447613575605,138.0,0.0
tr|0.6|0.125|0.7,A,,0,,,168.54448954110327,10.804461661647025,-24.30639010210186,10.23293716600681,11.458465244357493,-27.008782009055977,-25.532509649948302,29.076120496737566,44.0,0.0
tr|0.6|0.125|0.7,B,,0,,,210.85443938120608,12.548011948102754,-31.059486822158043,10.532903334134277,13.846568990370283,-33.784290454214464,-31.95841766975437,59.40444865757522,92.5,0.0
tr|0.6|0.125|0.7,F,,0,,,520.7234442232507,11.042785021240075,-31.122166894603676,10.292359824188749,11.584136278063164,-31.688574932249537,-31.49985147299094,44.681671878810484,137.0,0.0
tr|0.6|0.125|0.8,A,,0,,,168.54448954110327,10.804461661647025,-24.30639010210186,10.23293716600681,11.458465244357493,-27.008782009055977,-25.532509649948302,29.076120496737566,44.0,0.0
tr|0.6|0.125|0.8,B,,0,,,214.12841753257112,12.712563831554446,-31.059486822158043,10.630362713746749,13.915368871358053,-33.809393056324275,-31.95841766975437,59.6400356719322,92.0,0.0
tr|0.6|0.125|0.8,F,,0,,,519.5196200191225,11.030332698070843,-31.122166894603676,10.323712735386943,11.603102784076876,-31.688574932249548,-31.49985147299094,44.9319180055369,135.0,0.0
tr|0.6|0.125|None,A,,0,,,168.54448954110327,10.804461661647025,-24.30639010210186,10.23293716600681,11.458465244357493,-27.008782009055977,-25.532509649948302,29.076120496737566,44.0,0.0
tr|0.6|0.125|None,B,,0,,,214.3519438172934,12.723626207092575,-31.059486822158043,10.593269658537611,13.92534917804324,-33.809393056324275,-31.95841766975437,59.64469816940574,92.0,0.0
tr|0.6|0.125|None,F,,0,,,520.1303686808578,11.036656943014368,-31.122166894603676,10.330726698429666,11.609061630147572,-31.688574932249548,-31.49985147299094,44.934635982851376,135.0,0.0
tr|0.6|0.15|0.4,A,,0,,,163.89166525112478,10.496817621682508,-22.72071006450801,10.099869958048465,11.14619608023591,-26.259746051014655,-24.542394533890597,28.959876209259527,47.0,0.0
tr|0.6|0.15|0.4,B,,0,,,144.58597201980317,8.622990149126741,-30.973033382257952,7.395928140574351,10.145836651577197,-31.968887883659768,-31.593722374369946,57.01465416791718,107.5,0.0
tr|0.6|0.15|0.4,F,,0,,,440.9979043845089,10.15192787302185,-31.363014205966678,8.987671605544541,10.659653107737963,-33.01999406632606,-32.01089210314748,43.28608690970832,158.5,0.0
tr|0.6|0.15|0.5,A,,0,,,168.09810103986672,10.775326491318193,-23.564107567341843,10.446234767166903,11.412704173805926,-27.263177636810056,-25.553548580343882,29.633361867752505,46.0,0.0
tr|0.6|0.15|0.5,B,,0,,,155.75300441904193,9.387895208663167,-30.962159513327236,8.311943435258943,10.995654174332067,-33.57615028271779,-31.860520345325778,58.40455603349055,98.5,0.0
tr|0.6|0.15|0.5,F,,0,,,442.4092255358666,10.168768862581935,-31.31675603387416,9.849213935348319,10.999169298630111,-31.847237468498225,-31.75337698636222,44.803410014012734,146.0,0.0
tr|0.6|0.15|0.6,A,,0,,,172.5422886043453,11.062836852187763,-23.045679785004445,10.770534827583774,11.759333494161579,-27.122219089024757,-25.408380824447356,30.205689795092326,44.0,0.0
tr|0.6|0.15|0.6,B,,0,,,159.63906570265078,9.641762298513946,-31.063437832550004,8.52150189648345,11.174900838178015,-33.0507455518091,-31.794825467054764,59.35348129763827,94.0,0.0
tr|0.6|0.15|0.6,F,,0,,,480.2401676504901,10.608046371889856,-30.916235364469657,10.218465287905405,11.481158253539164,-31.655271762770866,-31.482625818762433,45.48189128739157,138.5,0.0
tr|0.6|0.15|0.7,A,,0,,,173.0321524261792,11.09411857384085,-22.893966389880227,10.805632506568633,11.794726902864332,-27.121511395134934,-25.407663561081083,29.80053858822026,43.0,0.0
tr|0.6|0.15|0.7,B,,0,,,175.82389064130263,10.642230601113411,-31.125044069842673,9.930543026599778,12.56238364579933,-32.21778158150139,-31.962411070401934,60.21598580221532,92.0,0.0
tr|0.6|0.15|0.7,F,,0,,,521.7359566283011,11.053284123381356,-30.915386582082654,10.523023439783449,11.764565107914454,-31.654424499174183,-31.48179369087413,45.766640221920426,135.5,0.0
tr|0.6|0.15|0.8,A,,0,,,173.0321524261792,11.09411857384085,-22.893966389880227,10.805632506568633,11.794726902864332,-27.121511395134934,-25.407663561081083,29.80053858822026,43.0,0.0
tr|0.6|0.15|0.8,B,,0,,,177.76121156036854,10.756337563981033,-31.125044069842673,9.99536434574997,12.567438291658359,-32.243154191710474,-31.962411070401934,60.47909548975945,91.0,0.0
tr|0.6|0.15|0.8,F,,0,,,525.5335048551939,11.092296278563296,-30.915386582082654,10.374452946313308,11.818549168134036,-31.654424499174194,-31.48179369087413,46.053237782603404,134.0,0.0
tr|0.6|0.15|None,A,,0,,,173.0321524261792,11.09411857384085,-22.893966389880227,10.805632506568633,11.794726902864332,-27.121511395134934,-25.407663561081083,29.80053858822026,43.0,0.0
tr|0.6|0.15|None,B,,0,,,177.98385862114588,10.769378993462464,-31.125044069842673,10.009358597919729,12.578542711380925,-32.24315419171049,-31.962411070401934,60.48450617795733,91.0,0.0
tr|0.6|0.15|None,F,,0,,,526.1907868904703,11.099026858424887,-30.915386582082654,10.381788289677802,11.824521749472968,-31.654424499174194,-31.48179369087413,46.055921222965736,134.0,0.0
tr|0.6|0.2|0.4,A,,0,,,205.06508520640898,12.984060084430048,-23.178316080807072,12.366194952905825,14.631602357441913,-26.390539626555444,-24.675070412446587,32.51412240133297,46.0,0.0
tr|0.6|0.2|0.4,B,,0,,,143.19099431676156,8.5242435981022,-31.02610373269858,7.3873368634770165,10.346972482316747,-33.19124379761975,-31.988425392218854,59.50507816611923,107.5,0.0
tr|0.6|0.2|0.4,F,,0,,,528.9852166717313,11.126187232215479,-31.36792361417272,10.517720104234881,12.574352012192739,-35.342162041521675,-32.415907914705826,45.92077682710081,156.0,0.0
tr|0.6|0.2|0.5,A,,0,,,209.63652528997218,13.231781085532168,-23.916237846751475,12.540251366339882,14.761184779018425,-27.39477787180139,-25.687047019475646,33.267338809848425,45.0,0.0
tr|0.6|0.2|0.5,B,,0,,,151.7139499171535,9.117778358403184,-31.025982964458798,8.226633166589847,11.09766860418636,-34.31080714200709,-31.864636465530076,60.27258657654513,98.5,0.0
tr|0.6|0.2|0.5,F,,0,,,551.4730218693933,11.351824575540814,-31.416747134536944,10.328946604091637,11.931951226746468,-35.61649369376978,-33.101953553931715,47.42940597396683,144.0,0.0
tr|0.6|0.2|0.6,A,,0,,,214.41638170456076,13.485641410046068,-23.711232828799204,12.789145384205188,15.07119431729189,-27.253660908655476,-25.541713261084613,33.77554968018857,43.0,0.0
tr|0.6|0.2|0.6,B,,0,,,149.24002604820117,8.94925214862562,-31.067679457323027,7.381717944979896,9.972645632915784,-32.34541883542331,-31.96669820450535,60.58900951838858,93.0,0.0
tr|0.6|0.2|0.6,F,,0,,,588.0473915713432,11.69583222486219,-31.37367082079002,10.47030345085907,12.528463129715824,-35.906319103802964,-33.191116734522396,47.94189847653325,136.5,0.0
tr|0.6|0.2|0.7,A,,0,,,214.94995262583336,13.513664108506418,-23.363160721697074,12.907650026795508,15.096388299296159,-27.252953269238134,-25.54099605356388,33.79700552223497,43.0,0.0
tr|0.6|0.2|0.7,B,,0,,,163.39373500955674,9.88176962460232,-31.129556552496453,8.954057097864613,11.406980483236733,-33.048093468921365,-31.966698204505363,62.10267841374984,91.0,0.0
tr|0.6|0.2|0.7,F,,0,,,625.5273637617659,12.033767986481402,-31.195710611976814,11.108750250251234,12.665378910508393,-35.89908409221556,-33.18484160569016,48.364715444765075,134.0,0.0
tr|0.6|0.2|0.8,A,,0,,,214.94995262583336,13.513664108506418,-23.363160721697074,12.907650026795508,15.096388299296159,-27.252953269238134,-25.54099605356388,33.79700552223497,43.0,0.0
tr|0.6|0.2|0.8,B,,0,,,168.38013508818653,10.190870433757738,-31.129556552496446,8.95490977445114,11.230557117926951,-33.073104123631914,-31.96669820450535,62.257174660835936,90.0,0.0
tr|0.6|0.2|0.8,F,,0,,,628.3113930842018,12.058229088047467,-31.195710611976807,11.013144863795365,12.697629207583688,-35.89908409221556,-33.18484160569016,48.503355264430446,133.0,0.0
tr|0.6|0.2|None,A,,0,,,214.94995262583336,13.513664108506418,-23.363160721697074,12.907650026795508,15.096388299296159,-27.252953269238134,-25.54099605356388,33.79700552223497,43.0,0.0
tr|0.6|0.2|None,B,,0,,,168.6034547013722,10.204611347888125,-31.129556552496446,8.970047760131424,11.237807152765786,-33.073104123631914,-31.96669820450535,62.24074695363042,90.0,0.0
tr|0.6|0.2|None,F,,0,,,629.1628834411742,12.065583705187722,-31.195710611976807,11.021022326201155,12.704440413427715,-35.89908409221556,-33.18484160569016,48.50604274121735,133.0,0.0
tr|0.6|0.25|0.4,A,,0,,,231.58957980192733,14.35753356422006,-23.103441383263483,13.531012430332748,15.94773012498325,-26.62357987597722,-24.91141509070094,35.818779423967925,48.0,0.0
tr|0.6|0.25|0.4,B,,0,,,144.14944261373068,8.59414536193036,-31.289673068417805,7.323707607512713,9.731110451567202,-34.82863582268359,-31.95495248546844,61.19023196300487,107.5,0.0
tr|0.6|0.25|0.4,F,,0,,,600.4863970821947,11.812157672742485,-31.900940536447465,10.640073651085665,13.043935582934582,-35.638056648498164,-34.20844646949065,48.31264788730083,156.0,0.0
tr|0.6|0.25|0.5,A,,0,,,244.3869809622813,14.970446942064497,-23.81691332410492,13.73454849899513,16.25135288585348,-27.629329339859677,-25.924932066656226,36.59826227015938,48.0,0.0
tr|0.6|0.25|0.5,B,,0,,,148.75639297989622,8.915875675137164,-30.921078352974057,8.159436879217086,10.207097301351537,-33.049099132431635,-31.81929197877547,61.23917763717282,96.0,0.0
tr|0.6|0.25|0.5,F,,0,,,635.4816864219805,12.11993915938251,-32.17628748144764,11.0554518165177,12.925831107054165,-36.67425412654839,-34.48206922935828,49.46944601669922,145.5,0.0
tr|0.6|0.25|0.6,A,,0,,,247.08680267742952,15.095988615901268,-23.689509188577535,13.882877504483773,16.41430754609635,-27.488440795782175,-25.779822016965497,36.972907285790825,46.0,0.0
tr|0.6|0.25|0.6,B,,0,,,149.4517381737528,8.96377771871718,-30.953372120387222,8.473537262342527,10.324883312823163,-31.99625844259939,-31.75435098411259,62.02322008325274,92.0,0.0
tr|0.6|0.25|0.6,F,,0,,,635.6706985722597,12.121605860430984,-32.44727580242988,11.503191411448421,13.031872031145566,-36.695694376217524,-34.46560566210837,50.0690207279766,138.0,0.0
tr|0.6|0.25|0.7,A,,0,,,248.45856195564164,15.159303108175415,-23.68915011840846,13.952557146907857,16.471427245683543,-27.487733229941124,-25.77910488488115,36.72632225921859,45.0,0.0
tr|0.6|0.25|0.7,B,,0,,,163.07653684605194,9.861610741132253,-30.879574990636105,9.017426305917276,10.976911993360526,-31.99625844259939,-31.754350984112612,62.870741543123955,89.0,0.0
tr|0.6|0.25|0.7,F,,0,,,699.2925241301645,12.64129808149902,-31.79705939318453,11.740812208374729,13.429183795565763,-35.71387008641087,-33.96298039637768,50.18219149422598,134.0,0.0
tr|0.6|0.25|0.8,A,,0,,,248.45856195564164,15.159303108175415,-23.68915011840846,13.952557146907857,16.471427245683543,-27.487733229941124,-25.77910488488115,36.72632225921859,45.0,0.0
tr|0.6|0.25|0.8,B,,0,,,163.61266164547092,9.895566374940524,-30.87957499063611,9.119732680184585,10.969116983748792,-31.99625844259939,-31.75435098411259,63.165331223593626,88.0,0.0
tr|0.6|0.25|0.8,F,,0,,,698.5434958013702,12.635402450598432,-31.79705939318453,11.746090814274295,13.427428805171,-35.71387008641087,-33.96298039637767,50.265864812714675,134.0,0.0
tr|0.6|0.25|None,A,,0,,,248.45856195564164,15.159303108175415,-23.68915011840846,13.952557146907857,16.471427245683543,-27.487733229941124,-25.77910488488115,36.72632225921859,45.0,0.0
tr|0.6|0.25|None,B,,0,,,163.61266164547092,9.895566374940524,-30.87957499063611,9.119732680184585,10.970392056306506,-31.99625844259939,-31.75435098411259,63.16802039475269,88.0,0.0
tr|0.6|0.25|None,F,,0,,,699.4158320980054,12.642218459179977,-31.79705939318453,11.754016524250714,13.434228879471839,-35.71387008641087,-33.96298039637767,50.26848422836603,134.0,0.0
tr|0.6|0.3|0.4,A,,0,,,295.3832509050605,17.154866552044503,-25.99655031180486,16.08169327264575,18.239713046232936,-29.220914343509886,-28.11888256311273,39.289882116726005,44.0,0.0
tr|0.6|0.3|0.4,B,,0,,,135.04021793552465,7.928774378721992,-31.28178104777136,6.982807625402048,9.185395612285655,-35.82142227056199,-33.657372245067975,63.996546789493,107.0,0.0
tr|0.6|0.3|0.4,F,,0,,,712.0116929027247,12.73892579566832,-37.424724884214875,11.907651369367,14.085448251419741,-42.49740750589383,-40.43703791355583,52.01197271611244,153.0,0.0
tr|0.6|0.3|0.5,A,,0,,,302.79339271853183,17.4440345091188,-26.659392665418235,16.279958824018546,19.526173923724446,-29.962555115142308,-28.467181124009294,40.08131253316775,44.0,0.0
tr|0.6|0.3|0.5,B,,0,,,145.30762344102692,8.675941400455379,-31.11481731437943,7.713310474469452,9.830435134535398,-34.028853427740025,-31.987948094691994,64.5838606065575,94.0,0.0
tr|0.6|0.3|0.5,F,,0,,,823.5213898662067,13.53610927819986,-37.553918460546875,12.263653985086423,14.673652997084528,-43.568872872823206,-39.96862557149802,52.28348131211944,142.5,0.0
tr|0.6|0.3|0.6,A,,0,,,306.56102546148384,17.58838789084115,-26.645970931160633,16.442042241836997,19.68314169847844,-29.943767833112855,-28.442035054303332,40.39984151463856,42.0,0.0
tr|0.6|0.3|0.6,B,,0,,,149.6098943999628,8.973704868164834,-31.04147228295012,7.902858387556226,9.701112470977638,-32.89379555774383,-31.918339846878357,64.80745525506137,88.5,0.0
tr|0.6|0.3|0.6,F,,0,,,836.1258914071668,13.620594011017461,-37.58353204673131,12.087475162154512,14.574553535627638,-43.892296084062245,-39.87032145128233,53.30147081125298,135.0,0.0
tr|0.6|0.3|0.7,A,,0,,,307.9372760395075,17.640719985934815,-26.364962803384117,16.532749110165966,19.810385465210313,-30.214520616805572,-28.17735632548981,40.43396794472866,41.0,0.0
tr|0.6|0.3|0.7,B,,0,,,160.03687260656156,9.666967439329355,-31.04147228295012,8.686963350461099,10.705792214530014,-31.976272468073795,-31.8937932095557,65.30012158475753,86.5,0.0
tr|0.6|0.3|0.7,F,,0,,,928.216096166144,14.198147504596037,-37.260523538770386,13.021184253679282,15.305750175219018,-42.736888691428796,-39.166083212569895,53.47567154946482,132.5,0.0
tr|0.6|0.3|0.8,A,,0,,,307.9372760395075,17.640719985934815,-26.364962803384117,16.532749110165966,19.810385465210313,-30.214520616805572,-28.17735632548981,40.43396794472866,41.0,0.0
tr|0.6|0.3|0.8,B,,0,,,158.30888650791238,9.555499599533857,-31.04147228295012,7.921956866483455,10.657216892540102,-31.976272468073784,-31.89619801616165,65.30529206351595,85.0,0.0
tr|0.6|0.3|0.8,F,,0,,,944.8848964017661,14.296660484233625,-37.26052353877038,12.929210702388783,14.974270565391764,-42.736888691428796,-39.166083212569895,53.57102060547694,132.0,0.0
tr|0.6|0.3|None,A,,0,,,307.9372760395075,17.640719985934815,-26.364962803384117,16.532749110165966,19.810385465210313,-30.214520616805572,-28.17735632548981,40.43396794472866,41.0,0.0
tr|0.6|0.3|None,B,,0,,,158.5245888487332,9.569532222267018,-31.04147228295012,7.938157824491681,10.664687978713697,-31.976272468073784,-31.89619801616165,65.31118170814273,85.0,0.0
tr|0.6|0.3|None,F,,0,,,946.0425971620369,14.303445935030634,-37.26052353877038,12.936976192202035,14.982092881335756,-42.736888691428796,-39.166083212569895,53.573722182013796,132.0,0.0
tr|0.6|0.35|0.4,A,,0,,,260.47918549149944,15.70104529445484,-29.195225791422345,14.791770909113486,16.864683603946755,-33.049192913965086,-31.312196119851134,41.533599051226126,45.0,0.0
tr|0.6|0.35|0.4,B,,0,,,125.12740786995799,7.157318801922674,-31.821866876200943,6.102007565374392,9.501543599295013,-34.52513368578247,-33.380101294865824,68.2368791343586,101.0,0.0
tr|0.6|0.35|0.4,F,,0,,,646.5304204183881,12.213604825467705,-41.555637625633004,10.69143812378576,13.009953113891253,-46.13890160106771,-44.678877808859106,55.83413782175237,146.0,0.0
tr|0.6|0.35|0.5,A,,0,,,262.65777017535083,15.79681283196026,-29.196600631688025,14.76352023987689,18.068163562943035,-33.58311481068617,-31.44255321431178,42.214236486000004,42.0,0.0
tr|0.6|0.35|0.5,B,,0,,,129.26298203212073,7.486424363901445,-31.421433033625735,6.778562329314183,9.219239234973706,-33.810717081022624,-32.42939786812825,68.04839709275595,87.0,0.0
tr|0.6|0.35|0.5,F,,0,,,650.908506950743,12.246803891337809,-41.51119477015327,11.10074081917192,13.532173669963827,-46.99978208874865,-44.483794184937366,56.40496677594153,131.0,0.0
tr|0.6|0.35|0.6,A,,0,,,266.2745557969117,15.954228314845642,-29.692041474592212,14.915767629027007,18.237430703039887,-33.99595884506276,-31.83088407239143,42.7598132565864,40.0,0.0
tr|0.6|0.35|0.6,B,,0,,,135.48925567197082,7.962455609287078,-31.300830163652034,7.106560146864058,9.516861054387544,-32.23407377083206,-31.99202582731263,68.78252412917962,82.0,0.0
tr|0.6|0.35|0.6,F,,0,,,705.554863138003,12.689790227125064,-41.33947182765546,10.768912921512486,14.047437359192935,-47.62838229773085,-44.23762468316508,56.51296620679713,128.0,0.0
tr|0.6|0.35|0.7,A,,0,,,267.69071990849824,16.01534079069569,-29.678247382719817,14.98409589658558,18.290197397137607,-34.20304821061356,-32.03953231919705,42.932955342419085,41.0,0.0
tr|0.6|0.35|0.7,B,,0,,,140.97462142934285,8.366600496173893,-31.45046888472882,6.658872773585083,9.425547407536506,-32.855382786796206,-32.15961900613989,69.1419224511326,79.0,0.0
tr|0.6|0.35|0.7,F,,0,,,770.8693201042106,13.174535074427752,-40.48194294181665,11.701659521885848,13.864778917802544,-45.90349234595911,-42.57774585105502,56.749237255201955,126.0,0.0
tr|0.6|0.35|0.8,A,,0,,,267.69071990849824,16.01534079069569,-29.678247382719817,14.98409589658558,18.290197397137607,-34.20304821061356,-32.03953231919705,42.932955342419085,41.0,0.0
tr|0.6|0.35|0.8,B,,0,,,141.2625788243434,8.387137905563813,-31.46179756398282,6.487569844772308,9.816128590826398,-32.87376016502942,-32.15961900613989,69.23543272490905,77.5,0.0
tr|0.6|0.35|0.8,F,,0,,,761.2770135430544,13.105913855750739,-40.48194294181665,11.524655431464144,13.905923378406385,-45.90349234595911,-42.57774585105502,56.731359688276186,125.5,0.0
tr|0.6|0.35|None,A,,0,,,267.69071990849824,16.01534079069569,-29.678247382719817,14.98409589658558,18.290197397137607,-34.20304821061356,-32.03953231919705,42.932955342419085,41.0,0.0
tr|0.6|0.35|None,B,,0,,,141.4763215202111,8.402554515118199,-31.461797563982813,6.505797279502105,9.829704363317356,-32.87376016502942,-32.15961900613989,69.21752853554699,77.5,0.0
tr|0.6|0.35|None,F,,0,,,762.3523198631301,13.113654416175159,-40.48194294181665,11.533401916644802,13.913533880606584,-45.90349234595911,-42.57774585105502,56.73392444826375,125.0,0.0
tr|0.7|0.05|0.4,A,,0,,,172.23599741222515,11.043231982604807,-23.72396835737866,10.45170606807762,11.402492870541572,-27.111015934282932,-25.420294913717136,27.096529789068356,46.0,0.0
tr|0.7|0.05|0.4,B,,0,,,150.88042461486478,9.061221024561327,-30.954764832165242,7.876285750013416,10.8977847336821,-31.98920733401257,-31.584606268657154,56.50166488881576,108.0,0.0
tr|0.7|0.05|0.4,F,,0,,,470.3859932413228,10.496901383849877,-31.39148503830338,9.396219929135023,10.930371853969467,-32.037371624233465,-31.972728486949865,42.013751324169114,157.0,0.0
tr|0.7|0.05|0.5,A,,0,,,179.93111846299666,11.526390327987768,-24.0475593963704,11.155521829061597,11.82612937115239,-27.75487091703397,-26.06442381925092,27.704762028176518,45.0,0.0
tr|0.7|0.05|0.5,B,,0,,,159.75285590698653,9.648853108819322,-30.859070103258578,8.27573165575896,11.303615499118221,-31.975512871450462,-31.733894774680376,57.61160377472807,99.5,0.0
tr|0.7|0.05|0.5,F,,0,,,488.5739440946616,10.699649672644107,-31.354368308951468,9.752778978264324,11.259081740038633,-31.88331867827542,-31.789038748500104,43.4986435804824,146.0,0.0
tr|0.7|0.05|0.6,A,,0,,,186.26909931836732,11.91053740627892,-24.3779296893354,11.532754365640356,12.254349479129544,-27.91502454671252,-26.211989730329233,28.73955145042157,43.0,0.0
tr|0.7|0.05|0.6,B,,0,,,166.51790077555302,10.077481144261036,-30.962386697661316,8.9740149067101,11.609086743877139,-32.07910071158094,-31.835913829742747,58.08980389741747,94.5,0.0
tr|0.7|0.05|0.6,F,,0,,,530.589373955647,11.143550752791576,-31.15640588538745,10.219376792538055,11.827396089735876,-31.716216295765875,-31.51714600825691,43.88725385286859,135.5,0.0
tr|0.7|0.05|0.7,A,,0,,,189.181359917641,12.083135181974313,-24.37721853069882,11.712377561416528,12.38628197418359,-27.914316893277903,-26.211272508435968,28.656669244025412,43.0,0.0
tr|0.7|0.05|0.7,B,,0,,,175.34547483700646,10.613851159986998,-30.96238669766132,9.670843667349585,12.712879012362343,-32.07910071158094,-31.835913829742758,58.58786693077086,91.5,0.0
tr|0.7|0.05|0.7,F,,0,,,555.0559474679161,11.386614825914643,-31.15216496263943,10.78725262344058,12.202616540181861,-31.711151885371834,-31.51299664718758,44.324068696915916,135.0,0.0
tr|0.7|0.05|0.8,A,,0,,,189.181359917641,12.083135181974313,-24.37721853069882,11.712377561416528,12.38628197418359,-27.914316893277903,-26.211272508435968,28.656669244025412,43.0,0.0
tr|0.7|0.05|0.8,B,,0,,,175.73417950741685,10.636733876422023,-30.96238669766132,9.761793633579604,12.705928950589934,-32.07910071158094,-31.835913829742758,59.04100836732069,90.5,0.0
tr|0.7|0.05|0.8,F,,0,,,553.9805911038997,11.375557577483008,-31.15216496263943,10.743372825814026,12.253664650628123,-31.711151885371834,-31.51299664718758,44.52976549361497,134.5,0.0
tr|0.7|0.05|None,A,,0,,,189.181359917641,12.083135181974313,-24.37721853069882,11.712377561416528,12.38628197418359,-27.914316893277903,-26.211272508435968,28.656669244025412,43.0,0.0
tr|0.7|0.05|None,B,,0,,,175.82297804278326,10.642020172172106,-30.96238669766132,9.775909691531973,12.716844399266664,-32.07910071158094,-31.835913829742758,59.04331801649179,90.5,0.0
tr|0.7|0.05|None,F,,0,,,554.6998645390744,11.382567180221292,-31.15216496263943,10.750648258404125,12.233419790702508,-31.711151885371834,-31.51299664718758,44.53238230381351,134.5,0.0
tr|0.7|0.075|0.4,A,,0,,,173.41021390747713,11.118206858649915,-24.297085598007627,10.563945739958402,11.545974958185875,-27.114464095202063,-25.42381337833084,27.483842448720242,46.0,0.0
tr|0.7|0.075|0.4,B,,0,,,152.51836086335825,9.17184451594909,-30.954616414542578,7.999193568337834,11.184554303085672,-31.989061538223275,-31.58445888073102,56.75629639483433,107.5,0.0
tr|0.7|0.075|0.4,F,,0,,,472.75510687837897,10.52385110116334,-31.391754720785936,9.614814201815799,10.912434865537872,-32.037636964107165,-31.97305548154666,42.25324315816853,155.5,0.0
tr|0.7|0.075|0.5,A,,0,,,180.35390099504934,11.552397229071198,-24.62413402772639,11.182754794046975,11.875281835185646,-27.758312083810377,-26.067935472618625,28.093873716034214,45.0,0.0
tr|0.7|0.075|0.5,B,,0,,,159.38829788690987,9.625500995207315,-30.85885075576082,8.041002832277321,11.187147759158833,-31.975280106567393,-31.7336657603824,58.06295546374679,98.0,0.0
tr|0.7|0.075|0.5,F,,0,,,488.0067437477692,10.693622825259697,-31.354793238261504,9.483204188632447,11.451057968611492,-31.883761968976486,-31.789451401291235,43.797721844444595,144.5,0.0
tr|0.7|0.075|0.6,A,,0,,,186.22034517094173,11.907616219241158,-24.959215821560043,11.576729378986164,12.325737972298116,-27.918252386552854,-26.215284292308063,29.095244490249772,43.0,0.0
tr|0.7|0.075|0.6,B,,0,,,162.79475748244838,9.843782471710472,-30.962158933142607,9.087721134112451,11.628171176481077,-32.07885952508188,-31.835676522889788,58.30928086359188,94.0,0.0
tr|0.7|0.075|0.6,F,,0,,,525.346128386132,11.09032307165455,-31.159562098858423,10.41152929264341,11.677650403758964,-31.720196620417273,-31.523534980390487,44.39934958615183,136.0,0.0
tr|0.7|0.075|0.7,A,,0,,,189.11002204896374,12.078918671171579,-24.958504673796295,11.756856857780946,12.496043351550142,-27.917544743854606,-26.21456708142472,29.01328669555453,43.0,0.0
tr|0.7|0.075|0.7,B,,0,,,174.29373892460126,10.55113525170307,-30.962158933142618,9.680002899511305,12.641924426521415,-32.07885952508188,-31.835676522889788,59.5432773381392,90.0,0.0
tr|0.7|0.075|0.7,F,,0,,,544.554841910342,11.28373737635824,-31.15528410658718,10.736030568989893,12.130780473279797,-31.715063995216454,-31.519243231692062,44.73243410799109,133.5,0.0
tr|0.7|0.075|0.8,A,,0,,,189.11002204896374,12.078918671171579,-24.958504673796295,11.756856857780946,12.496043351550142,-27.917544743854606,-26.21456708142472,29.01328669555453,43.0,0.0
tr|0.7|0.075|0.8,B,,0,,,176.64916343589664,10.690910392407337,-30.962158933142618,9.597101897387505,12.658145583662698,-32.07885952508188,-31.835676522889777,59.42667804438173,89.0,0.0
tr|0.7|0.075|0.8,F,,0,,,544.618091831341,11.283974774211526,-31.15528410658718,10.680370932082157,12.11352363797166,-31.715063995216454,-31.519243231692062,44.94441662833505,132.0,0.0
tr|0.7|0.075|None,A,,0,,,189.11002204896374,12.078918671171579,-24.958504673796295,11.756856857780946,12.496043351550142,-27.917544743854606,-26.21456708142472,29.01328669555453,43.0,0.0
tr|0.7|0.075|None,B,,0,,,176.86796422308404,10.70379990291378,-30.962158933142618,9.611041956833514,12.669078728815593,-32.07885952508188,-31.835676522889777,59.43152180795461,89.0,0.0
tr|0.7|0.075|None,F,,0,,,545.3118378435286,11.290844017910684,-31.15528410658718,10.687699412503601,12.119385042779625,-31.715063995216454,-31.519243231692062,44.94705168533375,132.0,0.0
tr|0.7|0.1|0.4,A,,0,,,170.29767645202827,10.918274051174615,-24.293110904207794,10.197392705757409,11.624766444180178,-27.110559017718572,-25.419829596525368,27.895443564913304,46.0,0.0
tr|0.7|0.1|0.4,B,,0,,,167.88734480714743,10.162524335515588,-30.954880040480575,8.48803825951863,11.6756999031377,-31.9893205071491,-31.58472067767992,57.105894464925356,107.5,0.0
tr|0.7|0.1|0.4,F,,0,,,507.24012736890074,10.901621689423969,-31.39223749316877,9.828172593874404,11.290675879025097,-32.03812104998496,-31.973707280560777,42.85620849909131,156.0,0.0
tr|0.7|0.1|0.5,A,,0,,,176.79556234440577,11.331812633673799,-24.62015467776837,11.111154407702506,11.764876126238066,-27.754412348664616,-26.06395677241164,28.443137809983497,45.0,0.0
tr|0.7|0.1|0.5,B,,0,,,176.31044583750366,10.670979673271741,-30.859240370529616,9.11154163327148,11.994440795473654,-31.975693553840866,-31.73407254569613,57.69620951501558,98.0,0.0
tr|0.7|0.1|0.5,F,,0,,,525.6830502953168,11.093704151308692,-31.355671685851842,10.152893104229415,11.92018542450374,-31.884564985044516,-31.790249244187475,44.19090970881141,144.0,0.0
tr|0.7|0.1|0.6,A,,0,,,182.54232392694632,11.68608655082557,-24.95495877605782,11.356974334563239,12.22303622616762,-27.914078427173884,-26.211025065999266,29.450087520558142,43.0,0.0
tr|0.7|0.1|0.6,B,,0,,,179.65896525953062,10.866914192477084,-30.962563498598005,9.597963183467932,12.423777116172802,-32.07928793120188,-31.836098037806043,58.605499150512095,93.5,0.0
tr|0.7|0.1|0.6,F,,0,,,576.7319601543908,11.593620401289995,-31.15749041436769,10.586198354919796,12.14660516742998,-31.722119306283137,-31.525830128393267,44.71202892267768,135.5,0.0
tr|0.7|0.1|0.7,A,,0,,,185.4140904096693,11.859392056777507,-24.954247614238085,11.531970609355124,12.391702512571293,-27.913370770592294,-26.21030784088224,29.36278549398448,43.0,0.0
tr|0.7|0.1|0.7,B,,0,,,187.91694293757396,11.33622173144645,-30.962563498598023,10.313355116281027,12.649707762709161,-32.0792879312019,-31.836098037806043,59.60130277303186,90.5,0.0
tr|0.7|0.1|0.7,F,,0,,,587.3184486951287,11.692514457019298,-31.153315649321627,11.114665630527117,12.461679714365658,-31.716963096070884,-31.521496254797448,44.58570410817174,133.0,0.0
tr|0.7|0.1|0.8,A,,0,,,185.4140904096693,11.859392056777507,-24.954247614238085,11.531970609355124,12.391702512571293,-27.913370770592294,-26.21030784088224,29.36278549398448,43.0,0.0
tr|0.7|0.1|0.8,B,,0,,,187.29949834899685,11.30193752423596,-30.962563498598023,10.239671450558077,12.946685175298908,-32.0792879312019,-31.836098037806043,59.98216907466086,89.0,0.0
tr|0.7|0.1|0.8,F,,0,,,596.495934169747,11.776269657044114,-31.153315649321627,11.077313901951975,12.420008299284804,-31.716963096070884,-31.521496254797448,44.829136436148254,132.5,0.0
tr|0.7|0.1|None,A,,0,,,185.4140904096693,11.859392056777507,-24.954247614238085,11.531970609355124,12.391702512571293,-27.913370770592294,-26.21030784088224,29.36278549398448,43.0,0.0
tr|0.7|0.1|None,B,,0,,,187.51384720458736,11.313911200279758,-30.962563498598023,10.252927053452133,12.957693972727979,-32.0792879312019,-31.836098037806043,59.98687989472842,89.0,0.0
tr|0.7|0.1|None,F,,0,,,597.1796916971208,11.78247705123332,-31.153315649321627,11.0841390134384,12.42550289117692,-31.716963096070884,-31.521496254797448,44.831529534166506,132.5,0.0
tr|0.7|0.125|0.4,A,,0,,,177.2287154398895,11.358635495076186,-24.536389563523674,10.570557723464912,12.381145899076643,-27.116283036399093,-25.503281384229698,28.81544817169831,46.0,0.0
tr|0.7|0.125|0.4,B,,0,,,158.81961214728886,9.588685045876256,-30.920660619501426,8.36591214160432,11.545891024205563,-31.954612997183474,-31.550059352508324,57.66363734051843,107.5,0.0
tr|0.7|0.125|0.4,F,,0,,,517.8635702119528,11.013067575187174,-31.358923108761637,9.953403084765517,11.60497888918064,-32.004550918896655,-31.9368519346356,43.27066505155879,156.5,0.0
tr|0.7|0.125|0.5,A,,0,,,182.79740836396124,11.701609993657359,-24.864877159426747,11.206498448896234,12.550299303088877,-27.760125079249143,-26.11118029570768,29.49629103534494,45.0,0.0
tr|0.7|0.125|0.5,B,,0,,,170.75032314785557,10.337862411803266,-30.816673568865266,9.111399472605733,12.31805515727904,-31.931601479353755,-31.69070515190553,58.131224037146545,98.0,0.0
tr|0.7|0.125|0.5,F,,0,,,545.3581013434448,11.291115587823997,-31.311338523247752,10.29901604926778,11.880281762782168,-31.841850661894977,-31.7482813950067,44.567632664979186,144.5,0.0
tr|0.7|0.125|0.6,A,,0,,,188.81282965005747,12.061459564027754,-25.20157218552252,11.504192378603362,12.866120945101134,-27.919632006809035,-26.434713796496318,30.502403039024568,43.0,0.0
tr|0.7|0.125|0.6,B,,0,,,182.79037667198702,11.046891214200416,-30.917120411732572,9.426775921737592,12.450623829023383,-32.033332555334425,-31.790895930141726,59.18139268326401,94.0,0.0
tr|0.7|0.125|0.6,F,,0,,,585.0094831958542,11.670542053732625,-31.10963676352282,10.838526759726674,12.835070744582488,-31.68266780962061,-31.478199085253983,45.56219372055498,136.5,0.0
tr|0.7|0.125|0.7,A,,0,,,189.59121838676876,12.10726239187333,-25.2008610424043,11.58493679324166,13.020374266949277,-27.91892436869966,-26.43400183061157,30.061543343673648,42.0,0.0
tr|0.7|0.125|0.7,B,,0,,,199.7068077780182,11.97563158651077,-30.91712041173256,10.536132897016588,13.812480718495266,-32.033332555334425,-31.790895930141687,60.035944152324404,91.0,0.0
tr|0.7|0.125|0.7,F,,0,,,604.4105662646681,11.847847408793044,-31.108412064927073,10.971737482721307,12.534267347588907,-31.677655142202433,-31.474236245790934,45.719508988388405,133.5,0.0
tr|0.7|0.125|0.8,A,,0,,,189.59121838676876,12.10726239187333,-25.2008610424043,11.58493679324166,13.020374266949277,-27.91892436869966,-26.43400183061157,30.061543343673648,42.0,0.0
tr|0.7|0.125|0.8,B,,0,,,199.38079871039196,11.958472993899461,-30.91712041173256,10.536525606017094,14.048947733076464,-32.033332555334425,-31.790895930141687,60.009537355974196,90.0,0.0
tr|0.7|0.125|0.8,F,,0,,,607.3002600562779,11.873795074960636,-31.10841206492706,10.958440515177854,12.509971679833049,-31.677655142202433,-31.474236245790934,45.979496383984184,132.5,0.0
tr|0.7|0.125|None,A,,0,,,189.59121838676876,12.10726239187333,-25.2008610424043,11.58493679324166,13.020374266949277,-27.91892436869966,-26.43400183061157,30.061543343673648,42.0,0.0
tr|0.7|0.125|None,B,,0,,,199.0705633316994,11.942153547890955,-30.91712041173256,10.549911435210763,14.058757870692084,-32.033332555334425,-31.790895930141687,60.013960722365844,90.0,0.0
tr|0.7|0.125|None,F,,0,,,608.0343173804706,11.88034641651311,-31.10841206492706,10.964874374686342,12.515989776142938,-31.677655142202433,-31.474236245790934,45.98199323441332,132.5,0.0
tr|0.7|0.15|0.4,A,,0,,,180.58534216549066,11.566618510665716,-23.51346796271,10.8796475568583,12.485234800475595,-27.110604736797217,-25.41987594312426,30.32364139580912,46.0,0.0
tr|0.7|0.15|0.4,B,,0,,,160.3301501752646,9.686318890262502,-30.92357564288149,8.311855638412343,11.19694570107697,-31.95756051122117,-31.553006366716414,58.25145662511561,107.0,0.0
tr|0.7|0.15|0.4,F,,0,,,498.1275030203398,10.803156719662098,-31.3621448792687,9.975295432123705,11.50633885615865,-32.00759730897549,-31.94045781625337,44.687915231483,154.5,0.0
tr|0.7|0.15|0.5,A,,0,,,186.98929101283852,11.953480194002509,-23.752887449478354,11.386892778002924,12.660742670333866,-27.75445216428869,-26.06399710081366,30.782766414489682,45.0,0.0
tr|0.7|0.15|0.5,B,,0,,,159.92234352348666,9.659961984137077,-30.819426547340516,8.229648859668218,10.745923663345984,-31.935437043220606,-31.694477835642886,58.9280410599482,97.0,0.0
tr|0.7|0.15|0.5,F,,0,,,508.0068406956352,10.909538437122823,-31.31574592799123,10.333354083263558,11.934786088778822,-31.846258639566326,-31.752480967705026,45.39462918198732,144.0,0.0
tr|0.7|0.15|0.6,A,,0,,,192.3659727850847,12.269133711835966,-23.891274521290935,11.651196899138114,12.984970974679557,-27.914135098259894,-26.21108260993396,31.776064796113417,43.0,0.0
tr|0.7|0.15|0.6,B,,0,,,167.8428266445119,10.159778308126521,-30.936607615852658,9.092566201491522,11.571300990540948,-32.037327415505835,-31.794825467054764,59.91911339399447,93.0,0.0
tr|0.7|0.15|0.6,F,,0,,,570.3874487942046,11.534172399056708,-30.901840247603353,10.849579875599499,12.520134482361808,-31.654495895415714,-31.467500088442314,46.43508875195856,135.5,0.0
tr|0.7|0.15|0.7,A,,0,,,194.24409815652888,12.377586643903227,-23.693094866471533,11.74705767159965,13.106776548680136,-27.913427441866812,-26.210365385009236,31.52676006993749,42.0,0.0
tr|0.7|0.15|0.7,B,,0,,,180.8733398353871,10.937293938187143,-30.921050054888532,9.86311964589805,12.67878823683083,-32.03732741550586,-31.794825467054753,60.66234599012377,91.0,0.0
tr|0.7|0.15|0.7,F,,0,,,589.9465207539768,11.716283968937091,-30.900276728222543,11.23358180618044,12.49916695867605,-31.65049917812378,-31.463977492053104,46.74587294761937,133.0,0.0
tr|0.7|0.15|0.8,A,,0,,,194.24409815652888,12.377586643903227,-23.693094866471533,11.74705767159965,13.106776548680136,-27.913427441866812,-26.210365385009236,31.52676006993749,42.0,0.0
tr|0.7|0.15|0.8,B,,0,,,180.43074846870593,10.911736265720052,-30.921050054888532,9.977122269403168,12.73638051955022,-32.03732741550586,-31.794825467054753,61.01079895921011,90.0,0.0
tr|0.7|0.15|0.8,F,,0,,,589.4223559735052,11.711555724917666,-30.900276728222543,11.23738688980445,12.5036017123829,-31.65049917812378,-31.463977492053104,46.95903367238865,131.5,0.0
tr|0.7|0.15|None,A,,0,,,194.24409815652888,12.377586643903227,-23.693094866471533,11.74705767159965,13.106776548680136,-27.913427441866812,-26.210365385009236,31.52676006993749,42.0,0.0
tr|0.7|0.15|None,B,,0,,,180.65180356588567,10.924510890469396,-30.921050054888532,9.991039135099026,12.747296473341668,-32.03732741550586,-31.794825467054753,61.01574531363776,90.0,0.0
tr|0.7|0.15|None,F,,0,,,590.1321817337401,11.718068930952585,-30.900276728222543,11.244473850406347,12.509664651588773,-31.65049917812378,-31.463977492053104,46.957281099150826,131.5,0.0
tr|0.7|0.2|0.4,A,,0,,,215.69165433548858,13.552826978145315,-23.86960822697911,12.731311808692212,15.377594134485484,-27.121714923563832,-25.43120964178925,33.04221287410123,46.0,0.0
tr|0.7|0.2|0.4,B,,0,,,156.08613330679626,9.407873859731275,-30.976365214508895,8.050383771736023,11.001352582378939,-31.96072482931056,-31.5725141916904,60.21876696074111,107.0,0.0
tr|0.7|0.2|0.4,F,,0,,,595.8290913207974,11.770433496101894,-31.363598786023122,10.97759547548434,12.805777537212276,-34.49447557967511,-32.00848698274452,47.24050297437026,155.0,0.0
tr|0.7|0.2|0.5,A,,0,,,219.30984546189447,13.740624606218821,-24.118355493564327,13.301112866260627,15.86911237120062,-27.765541892321288,-26.075310976769472,33.68612526025891,45.0,0.0
tr|0.7|0.2|0.5,B,,0,,,158.15695745681072,9.545601579546082,-30.966231165340247,7.611116395853934,10.672710888376006,-31.939554730902962,-31.69852801545104,61.02464892934082,97.0,0.0
tr|0.7|0.2|0.5,F,,0,,,610.2780932355087,11.90020492603554,-31.34147878539067,11.031096477565875,12.937840927899844,-34.79396958781377,-31.90476003131351,47.732571722997264,143.5,0.0
tr|0.7|0.2|0.6,A,,0,,,226.22312318711673,14.091822479548622,-24.344078214438937,13.476173534777713,16.075901053902456,-27.92466027456878,-26.221822411626093,34.57768363416139,42.0,0.0
tr|0.7|0.2|0.6,B,,0,,,151.1376124214671,9.077985380852738,-30.925268745418077,8.44926443709471,10.685944861567155,-32.04161611648738,-31.799044037220874,61.35169158428292,91.0,0.0
tr|0.7|0.2|0.6,F,,0,,,630.2948087063255,12.074659996101833,-31.09484113723213,11.264015514145099,13.085307481443648,-35.096128340036095,-32.290826570537526,48.3165409307565,133.5,0.0
tr|0.7|0.2|0.7,A,,0,,,227.81717209535958,14.171428462588043,-24.05112144875774,13.610519971222338,16.181735352343132,-27.923952653184358,-26.22110522259214,34.56894962939694,42.0,0.0
tr|0.7|0.2|0.7,B,,0,,,166.6605271082747,10.086584280750843,-31.067679457323038,9.324884509113243,11.621087485056687,-32.04161611648739,-31.799044037220863,61.95650051048878,88.0,0.0
tr|0.7|0.2|0.7,F,,0,,,719.243958716991,12.795003043495345,-31.090766235069285,11.888945187632894,13.136671681755777,-35.090940230676345,-32.29056710407407,48.8323077838068,132.0,0.0
tr|0.7|0.2|0.8,A,,0,,,227.81717209535958,14.171428462588043,-24.05112144875774,13.610519971222338,16.181735352343132,-27.923952653184358,-26.22110522259214,34.56894962939694,42.0,0.0
tr|0.7|0.2|0.8,B,,0,,,166.0335979671275,10.047074042928427,-31.067679457323038,9.424693946054552,11.673667472131639,-32.04161611648739,-31.799044037220863,61.98808298176577,87.5,0.0
tr|0.7|0.2|0.8,F,,0,,,727.6539690387777,12.858587468960426,-31.09076623506929,11.89577443890154,13.184483326218066,-35.090940230676345,-32.290567104074086,49.07701626621509,131.0,0.0
tr|0.7|0.2|None,A,,0,,,227.81717209535958,14.171428462588043,-24.05112144875774,13.610519971222338,16.181735352343132,-27.923952653184358,-26.22110522259214,34.56894962939694,42.0,0.0
tr|0.7|0.2|None,B,,0,,,166.2558198411588,10.060919935497125,-31.067679457323038,9.439152772238165,11.685921223452759,-32.04161611648739,-31.799044037220863,61.99310737522126,87.5,0.0
tr|0.7|0.2|None,F,,0,,,728.5448556083998,12.865281603175871,-31.09076623506929,11.902751034551846,13.19065243874699,-35.090940230676345,-32.290567104074086,49.07962529519245,131.0,0.0
tr|0.7|0.25|0.4,A,,0,,,238.9383433238865,14.713161760712135,-23.545399609162544,13.95633400149989,16.31638420460996,-26.97980750901239,-25.287546952015322,36.29632268165557,47.0,0.0
tr|0.7|0.25|0.4,B,,0,,,155.75305521690916,9.386851179319244,-31.249163669369,8.542383123349957,10.976458270127836,-32.67093329185891,-32.295484393383376,61.62191906612857,107.0,0.0
tr|0.7|0.25|0.4,F,,0,,,663.1463091817349,12.351465434078502,-31.27435785653599,11.527835731116628,13.315250860400822,-34.67151645948838,-34.08633774275169,49.35411442017632,154.0,0.0
tr|0.7|0.25|0.5,A,,0,,,252.35027413201695,15.335460256891375,-24.035666217861547,14.294502971626812,16.74802114616068,-27.78546120960642,-26.095634788049317,36.662224201543495,47.0,0.0
tr|0.7|0.25|0.5,B,,0,,,162.16507492940244,9.803794860883563,-30.777801002943,8.524613497897535,11.05373904986211,-31.894217746048348,-31.65385547568419,61.43227232273622,94.0,0.0
tr|0.7|0.25|0.5,F,,0,,,702.2093384797661,12.663536501777772,-30.94420647549299,11.918412067061732,13.471508391506482,-34.51827394153996,-32.473509520222414,49.69819650959529,140.5,0.0
tr|0.7|0.25|0.6,A,,0,,,255.04316660651634,15.457096047649355,-24.137683074699943,14.406177997037082,16.877138820047502,-27.94376539003416,-26.241318955688765,37.224919608701946,45.0,0.0
tr|0.7|0.25|0.6,B,,0,,,160.6289457842596,9.704895419442284,-31.07331499571801,8.763614811747182,10.72597410973299,-31.99625844259939,-31.76144875881861,62.61892434235612,88.0,0.0
tr|0.7|0.25|0.6,F,,0,,,719.4498640332844,12.796022176646227,-31.311585155313672,11.880191060755042,13.80933007513972,-35.674041778765975,-33.01899567647363,50.3959643706833,134.0,0.0
tr|0.7|0.25|0.7,A,,0,,,256.31090124371553,15.514088396542858,-24.13696814485775,14.4720610938776,16.92982996010058,-27.94305783219683,-26.24060183180929,36.97975210250419,44.0,0.0
tr|0.7|0.25|0.7,B,,0,,,180.25197322959272,10.901396952748833,-30.8795749906361,10.081647832861865,11.801478766979825,-31.99625844259939,-31.754350984112612,62.66797823253769,88.0,0.0
tr|0.7|0.25|0.7,F,,0,,,805.3563274081099,13.414798272642614,-31.170115881214183,12.504557462857044,14.103753037473746,-34.86484561889719,-32.6390356271966,50.496607628121424,131.0,0.0
tr|0.7|0.25|0.8,A,,0,,,256.31090124371553,15.514088396542858,-24.13696814485775,14.4720610938776,16.92982996010058,-27.94305783219683,-26.24060183180929,36.97975210250419,44.0,0.0
tr|0.7|0.25|0.8,B,,0,,,181.0269944793916,10.94616239565578,-30.879574990636105,9.978392461834265,11.928305290479377,-31.99625844259939,-31.75435098411259,62.91863732960687,87.0,0.0
tr|0.7|0.25|0.8,F,,0,,,794.7392279584373,13.341493054301413,-31.170115881214187,12.50053701745584,14.12182262171204,-34.86484561889719,-32.6390356271966,50.54937559056366,129.5,0.0
tr|0.7|0.25|None,A,,0,,,256.31090124371553,15.514088396542858,-24.13696814485775,14.4720610938776,16.92982996010058,-27.94305783219683,-26.24060183180929,36.97975210250419,44.0,0.0
tr|0.7|0.25|None,B,,0,,,181.0269944793916,10.94616239565578,-30.879574990636105,9.978392461834265,11.928305290479377,-31.99625844259939,-31.75435098411259,62.91863732960687,87.0,0.0
tr|0.7|0.25|None,F,,0,,,794.7392279584373,13.341493054301413,-31.170115881214187,12.507114402685387,14.127534897074645,-34.86484561889719,-32.6390356271966,50.54937559056366,129.5,0.0
tr|0.7|0.3|0.4,A,,0,,,291.137579777786,16.98632182421602,-25.826248642036237,15.913507885066627,18.101245320913524,-29.20841863996333,-28.044773129768586,39.10533855789758,43.0,0.0
tr|0.7|0.3|0.4,B,,0,,,141.87193993648552,8.4314570791183,-31.40268381604791,7.7131875689635265,9.615418272084101,-36.591094197345356,-32.71584780740377,64.39223973407637,105.0,0.0
tr|0.7|0.3|0.4,F,,0,,,749.9491027067345,13.02381200980266,-37.2689515107558,12.099923725408454,14.06345672704809,-42.48725570268387,-40.23916771086396,51.57009383856865,149.0,0.0
tr|0.7|0.3|0.5,A,,0,,,300.73587026413037,17.364517261885126,-26.112110835645474,16.219723686485025,19.447781609215063,-29.799344327830045,-27.966895675668706,39.846664141792616,43.0,0.0
tr|0.7|0.3|0.5,B,,0,,,155.11971252450013,9.345729977296092,-31.114817314379433,8.324819516445004,10.53215679636571,-31.874375189423,-31.751175352095455,63.98710506904752,93.0,0.0
tr|0.7|0.3|0.5,F,,0,,,818.6918991907783,13.50528254650223,-36.74159594636697,12.633366719875633,14.579326267882967,-42.02001678427234,-38.56339161426388,51.9703815830636,141.0,0.0
tr|0.7|0.3|0.6,A,,0,,,304.24347463206243,17.499782646174367,-26.3153659850096,16.34516615496448,19.608252489789727,-29.64514060058786,-28.155810137729592,40.246924021172035,41.0,0.0
tr|0.7|0.3|0.6,B,,0,,,153.6381228357357,9.246883847253773,-31.241181427617708,8.25018728556623,10.12895617521956,-32.40492643490669,-31.998184524908048,64.52986600707908,86.5,0.0
tr|0.7|0.3|0.6,F,,0,,,890.8970479708863,13.97016156759684,-37.322171860118644,12.505894065376557,14.603948440418465,-43.65557718457339,-39.65027766087367,52.72415843199292,133.0,0.0
tr|0.7|0.3|0.7,A,,0,,,305.6221634064052,17.552565997495805,-26.041812583364038,16.39751134469307,19.638576876760048,-29.714283439520152,-27.953706373517516,40.11699265877109,40.0,0.0
tr|0.7|0.3|0.7,B,,0,,,165.81205759326193,10.03372883893421,-31.04147228295012,9.30321517325119,11.046651044108458,-31.976272468073795,-31.737825972878646,65.2002367305231,86.0,0.0
tr|0.7|0.3|0.7,F,,0,,,930.575545840882,14.212300486159036,-36.995698359674364,13.123104001009372,15.184457054620152,-42.09082882319712,-38.80425692760315,53.37340554573782,129.0,0.0
tr|0.7|0.3|0.8,A,,0,,,305.6221634064052,17.552565997495805,-26.041812583364038,16.39751134469307,19.638576876760048,-29.714283439520152,-27.953706373517516,40.11699265877109,40.0,0.0
tr|0.7|0.3|0.8,B,,0,,,166.28185833596433,10.063023308546748,-31.04147228295012,8.788180505971715,11.083425144124783,-31.976272468073784,-31.737825972878646,65.20520985713587,85.0,0.0
tr|0.7|0.3|0.8,F,,0,,,917.773970708709,14.133073493185188,-36.995698359674364,12.951269524530872,15.047591144259789,-42.09082882319712,-38.80425692760315,53.31254472289223,129.0,0.0
tr|0.7|0.3|None,A,,0,,,305.6221634064052,17.552565997495805,-26.041812583364038,16.39751134469307,19.638576876760048,-29.714283439520152,-27.953706373517516,40.11699265877109,40.0,0.0
tr|0.7|0.3|None,B,,0,,,166.39267612647186,10.06991013153632,-31.04147228295012,8.789694160199362,11.084649208591932,-31.976272468073784,-31.737825972878646,65.21097928959992,85.0,0.0
tr|0.7|0.3|None,F,,0,,,918.440065405715,14.136970413872273,-36.995698359674364,12.958115641388652,15.030762959784497,-42.09082882319712,-38.80425692760315,53.3153592928443,129.0,0.0
tr|0.7|0.35|0.4,A,,0,,,257.02884837677124,15.547895995943428,-28.938123644755535,14.624091554639449,16.72151908536758,-32.85729521179056,-31.061498490835437,41.31613256891236,44.0,0.0
tr|0.7|0.35|0.4,B,,0,,,130.85251781302543,7.609576703321686,-31.769791889947722,6.511266545667069,9.919657149589856,-33.99082072814568,-33.21626554042897,68.53781618399844,99.5,0.0
tr|0.7|0.35|0.4,F,,0,,,662.228247027934,12.342884308844305,-41.32901596626742,11.065803914524038,13.245775690522246,-45.9478909556316,-44.50572737602019,55.23460644971494,143.0,0.0
tr|0.7|0.35|0.5,A,,0,,,261.5678913545575,15.748994462914279,-28.938343382297255,14.711632951163232,18.02807226945603,-33.32898021051396,-31.18930402313362,42.08043717597258,41.0,0.0
tr|0.7|0.35|0.5,B,,0,,,130.0151397508719,7.5451006420271804,-31.747087772279937,6.47217390378502,9.829204419573008,-33.47924350612688,-33.27026634234635,68.33169816895763,86.0,0.0
tr|0.7|0.35|0.5,F,,0,,,687.2557830011731,12.54647183723071,-41.29554140461881,11.177579268410131,13.854663528347672,-46.79699333148054,-44.27872790081958,56.239599836455525,130.0,0.0
tr|0.7|0.35|0.6,A,,0,,,264.8677186220597,15.893227786654219,-29.454964109096387,14.84955683408328,18.186328903066133,-33.795412635842034,-31.626272662871134,42.61460064309864,39.0,0.0
tr|0.7|0.35|0.6,B,,0,,,134.79080142991128,7.909982427202767,-31.94298228403833,6.983236932457835,10.160739514193184,-33.80453110087237,-33.151658752841726,68.48719869155153,79.5,0.0
tr|0.7|0.35|0.6,F,,0,,,720.4459547965504,12.804138378420848,-41.13445831223449,11.209331237638002,14.098262016371779,-47.47074293325814,-44.06777801072129,56.364792594310806,126.0,0.0
tr|0.7|0.35|0.7,A,,0,,,266.2839875003977,15.954636294184787,-29.438730233018457,14.918246641527535,18.23930572312416,-34.005813838282606,-31.83804411860892,42.788098999515704,40.0,0.0
tr|0.7|0.35|0.7,B,,0,,,145.17648641697244,8.666667886327073,-31.523071413931547,7.927693427711555,9.744538313163039,-33.08876900116614,-32.253559668750285,69.27955620694249,77.0,0.0
tr|0.7|0.35|0.7,F,,0,,,784.9136218949033,13.2736319814857,-40.28621800927534,11.745779372912994,14.035251925121688,-45.73439295418692,-42.39761431022255,56.79627309242831,123.0,0.0
tr|0.7|0.35|0.8,A,,0,,,266.2839875003977,15.954636294184787,-29.438730233018457,14.918246641527535,18.23930572312416,-34.005813838282606,-31.83804411860892,42.788098999515704,40.0,0.0
tr|0.7|0.35|0.8,B,,0,,,141.5676629568028,8.408097528529412,-31.523071413931547,7.1640894336993135,9.750148477819458,-33.111337931424615,-32.255335083596535,69.2725343003224,75.0,0.0
tr|0.7|0.35|0.8,F,,0,,,783.689635709063,13.265148025715423,-40.28621800927534,11.646992192146532,13.963380339613012,-45.73439295418692,-42.39761431022255,56.66175298240146,122.0,0.0
tr|0.7|0.35|None,A,,0,,,266.2839875003977,15.954636294184787,-29.438730233018457,14.918246641527535,18.23930572312416,-34.005813838282606,-31.83804411860892,42.788098999515704,40.0,0.0
tr|0.7|0.35|None,B,,0,,,141.67511697012372,8.415703520866135,-31.523071413931547,7.180867317435653,9.750148477819458,-33.111337931424615,-32.255335083596535,69.2725343003224,75.0,0.0
tr|0.7|0.35|None,F,,0,,,784.8277252009929,13.273113754193622,-40.28621800927534,11.655061413166171,13.970231290178498,-45.73439295418692,-42.39761431022255,56.66452207366612,122.0,0.0
tr|0.8|0.05|0.4,A,,0,,,177.07421487328168,11.34916645200519,-24.541102227264055,10.905390712835898,11.702477852156406,-28.05652241772203,-26.399966976918204,28.967015811228734,48.0,0.0
tr|0.8|0.05|0.4,B,,0,,,142.03726960538603,8.443493375601607,-31.191043742241597,7.00226430845057,9.582021269215774,-35.46734254427556,-33.50868823952297,60.06697407437513,101.0,0.0
tr|0.8|0.05|0.4,F,,0,,,428.7067433103158,10.00110254602502,-31.389408787992117,9.196112430142179,10.743360252071653,-32.035096914177394,-31.96986227925115,45.11488259583229,150.0,0.0
tr|0.8|0.05|0.5,A,,0,,,185.80092704319958,11.882605409464375,-24.841870564376435,11.576147984834376,12.28571942947357,-28.985253851932146,-27.10530792690211,29.621095824036768,51.0,0.0
tr|0.8|0.05|0.5,B,,0,,,146.36069014122683,8.74978412624008,-31.10592631735945,7.725524781562979,10.53505909565238,-35.308779235685975,-31.8997534201121,60.97506104352885,91.5,0.0
tr|0.8|0.05|0.5,F,,0,,,483.9914056420531,10.649543844388365,-31.35046792397363,9.838054299525231,11.473432241401262,-31.87984964322803,-31.785575134040954,45.621424796064325,142.5,0.0
tr|0.8|0.05|0.6,A,,0,,,189.82939212097745,12.121247779117027,-24.856178601800472,11.807003592228702,12.523670910347581,-29.023259280568237,-27.1329667603386,30.76946592223339,48.0,0.0
tr|0.8|0.05|0.6,B,,0,,,162.10740736596318,9.799818365846969,-31.10580196268753,8.32865900650809,11.171609942238089,-34.89352996009873,-32.717274008714085,61.79411351239066,86.0,0.0
tr|0.8|0.05|0.6,F,,0,,,540.5792128591029,11.24443590010139,-31.38538909114952,10.483390557871992,11.863186179502296,-31.94449483679138,-31.731894375364522,46.94339023664006,134.0,0.0
tr|0.8|0.05|0.7,A,,0,,,190.5532042548032,12.163639356866984,-24.85549165420318,11.885830460039129,12.431617704151792,-29.022561474144016,-27.132250402627133,30.25051506010247,47.0,0.0
tr|0.8|0.05|0.7,B,,0,,,174.3680930204271,10.553638477743776,-31.370096659976443,9.149068264512934,12.395334532127574,-35.370031287682394,-33.95270249138418,62.008135855689204,83.0,0.0
tr|0.8|0.05|0.7,F,,0,,,584.9827435590274,11.670929205742286,-31.38751434332312,10.866230493440804,12.412352740855209,-31.942405469035883,-31.731139761882616,47.35554529016422,130.0,0.0
tr|0.8|0.05|0.8,A,,0,,,190.5532042548032,12.163639356866984,-24.85549165420318,11.885830460039129,12.431617704151792,-29.022561474144016,-27.132250402627133,30.25051506010247,47.0,0.0
tr|0.8|0.05|0.8,B,,0,,,174.1243949297247,10.540302210544962,-31.370096659976447,9.098056838452226,12.38094897166971,-35.36812270604821,-33.97796126887952,62.14014931904419,81.5,0.0
tr|0.8|0.05|0.8,F,,0,,,590.4889930103311,11.721635329313052,-31.387514343323126,10.887018683289666,12.430193009933195,-31.942405469035872,-31.731139761882616,47.371641010109364,128.5,0.0
tr|0.8|0.05|None,A,,0,,,190.5532042548032,12.163639356866984,-24.85549165420318,11.885830460039129,12.431617704151792,-29.022561474144016,-27.132250402627133,30.25051506010247,47.0,0.0
tr|0.8|0.05|None,B,,0,,,174.33840817492475,10.553076361333524,-31.370096659976447,9.111486655076344,12.392231827134632,-35.36812270604821,-33.97796126887952,62.142620510339405,81.5,0.0
tr|0.8|0.05|None,F,,0,,,590.4889930103311,11.721635329313052,-31.387514343323126,10.887018683289666,12.430193009933195,-31.942405469035872,-31.731139761882616,47.371641010109364,128.5,0.0
tr|0.8|0.075|0.4,A,,0,,,177.50418098091436,11.37604530790599,-24.561669096976523,10.941499765800673,11.814747237771083,-28.076782887262365,-26.420090722348487,29.59855582829164,48.0,0.0
tr|0.8|0.075|0.4,B,,0,,,147.8971144544316,8.856642750865396,-31.191711262354588,7.535604220269838,10.036851198164296,-36.02968328600015,-33.68440086147315,60.38164763949106,100.0,0.0
tr|0.8|0.075|0.4,F,,0,,,457.4989141397475,10.348168241163814,-31.38792852386568,9.452156170408408,11.008965177841187,-32.17578750295084,-32.03296551047544,45.52545675606955,150.5,0.0
tr|0.8|0.075|0.5,A,,0,,,186.46761832209918,11.922367266562139,-24.74301000418158,11.487116281303624,12.283735256083277,-28.82133582365629,-27.064084686023925,30.30599127696707,50.5,0.0
tr|0.8|0.075|0.5,B,,0,,,151.5505423908526,9.10649442448318,-31.26652551583609,7.847602203016272,11.023457626569686,-35.586116531583265,-32.109792626529924,61.009376804850525,91.0,0.0
tr|0.8|0.075|0.5,F,,0,,,492.50453405677035,10.743272358509504,-31.35810068330725,9.950322032782532,11.698560379972674,-32.11987875773025,-31.79284601447282,46.33836462174997,142.0,0.0
tr|0.8|0.075|0.6,A,,0,,,191.59790173556084,12.224561426122072,-24.821427918723472,11.850098802080797,12.517499028792706,-28.98774207479281,-27.095940085394794,31.10716691142431,48.0,0.0
tr|0.8|0.075|0.6,B,,0,,,163.8566800567855,9.911018454658882,-31.303890546836076,8.475743853297406,11.161376117285124,-34.33159769792146,-33.85866998569855,62.02591063583518,86.0,0.0
tr|0.8|0.075|0.6,F,,0,,,533.7503455498083,11.175558466184976,-31.383671690506937,10.564600381521153,11.987111034092711,-31.948364577107068,-31.735324536154835,47.150352187208355,133.5,0.0
tr|0.8|0.075|0.7,A,,0,,,191.5990311579182,12.22452924108175,-24.82074079995506,11.881363283929417,12.496913899528339,-28.98704407846946,-27.09522352719237,30.525821759699667,47.0,0.0
tr|0.8|0.075|0.7,B,,0,,,174.1662878044026,10.543563657080512,-31.371001724432496,9.206922763664661,11.99055632256195,-34.84678774465665,-33.849131208013056,62.545936820044,82.5,0.0
tr|0.8|0.075|0.7,F,,0,,,590.2564392139394,11.71941570732139,-31.38052633693481,11.013695702598044,12.617601137312704,-31.946206802301436,-31.73433612438593,47.67335003525366,129.0,0.0
tr|0.8|0.075|0.8,A,,0,,,191.5990311579182,12.22452924108175,-24.82074079995506,11.881363283929417,12.496913899528339,-28.98704407846946,-27.09522352719237,30.525821759699667,47.0,0.0
tr|0.8|0.075|0.8,B,,0,,,174.8127949951124,10.5811041967796,-31.371001724432496,9.00001636763385,12.169301223454799,-34.84487403252394,-33.87494930829386,62.65418824862663,81.5,0.0
tr|0.8|0.075|0.8,F,,0,,,594.4168542346717,11.757562917113152,-31.38052633693481,11.059083433316118,12.654611498943547,-31.946206802301436,-31.73433612438593,47.74984104742873,127.0,0.0
tr|0.8|0.075|None,A,,0,,,191.5990311579182,12.22452924108175,-24.82074079995506,11.881363283929417,12.496913899528339,-28.98704407846946,-27.09522352719237,30.525821759699667,47.0,0.0
tr|0.8|0.075|None,B,,0,,,174.92307287628464,10.587571984870303,-31.371001724432496,9.014921066135955,12.180992080287051,-34.84487403252394,-33.87494930829386,62.65670987698726,81.5,0.0
tr|0.8|0.075|None,F,,0,,,594.4168542346717,11.757562917113152,-31.38052633693481,11.059083433316118,12.654611498943547,-31.946206802301436,-31.73433612438593,47.74984104742873,127.0,0.0
tr|0.8|0.1|0.4,A,,0,,,176.67977175445017,11.324560314337228,-24.536164219818822,10.835889161314023,11.846895411982768,-28.051422806297634,-26.39472667773545,29.609091396068465,48.0,0.0
tr|0.8|0.1|0.4,B,,0,,,155.01185349977766,9.33792829198844,-31.41582280859711,7.747415220548137,10.734239209642778,-36.288190696017494,-35.05469451298605,60.734421445733375,100.5,0.0
tr|0.8|0.1|0.4,F,,0,,,493.5169817964794,10.754359205343157,-31.386818788690352,9.97546941922768,11.309846710997826,-32.33902897733921,-32.03194033165999,45.72453214388999,150.0,0.0
tr|0.8|0.1|0.5,A,,0,,,183.18637027021288,11.725147345359154,-24.836951986381695,11.430105507978043,12.15385753579125,-28.98018489756765,-27.100026681040667,30.307563617031263,50.5,0.0
tr|0.8|0.1|0.5,B,,0,,,169.87581708364138,10.281691164187468,-31.063736921128616,8.901827868345444,11.773379048564188,-35.99699882159365,-33.62804024665408,61.17293716182357,91.0,0.0
tr|0.8|0.1|0.5,F,,0,,,549.5102218009005,11.332828123864026,-31.356425358143873,10.391158667449158,12.266646963704563,-31.87569871372181,-31.781671140387918,46.9588656878799,142.0,0.0
tr|0.8|0.1|0.6,A,,0,,,185.74941801543963,11.879469726504988,-24.85023659106481,11.578358090347715,12.323429225458707,-29.01718491235844,-27.12663566735458,31.43417101802195,47.0,0.0
tr|0.8|0.1|0.6,B,,0,,,177.44167792301903,10.737382189864897,-31.16886159778215,9.86769927088707,12.345099016704793,-35.22447149944461,-32.00522921312705,62.02758042519741,87.5,0.0
tr|0.8|0.1|0.6,F,,0,,,605.7520821570289,11.859956780829794,-31.396792745656438,10.78651861732996,12.438725947037431,-32.73377295092784,-31.830887715035704,47.162820575032086,133.0,0.0
tr|0.8|0.1|0.7,A,,0,,,186.8640691507598,11.94600396152643,-24.849549614199027,11.702789603831409,12.331901426148605,-29.01648707345651,-27.125919275361692,30.91881188582373,47.0,0.0
tr|0.8|0.1|0.7,B,,0,,,187.6953538763172,11.324196110976114,-31.53648281765498,10.683933884282668,12.808170947266145,-33.42847803927707,-33.214661208642084,63.36887139572804,83.0,0.0
tr|0.8|0.1|0.7,F,,0,,,646.7992675032427,12.216031696362295,-31.388610590995924,11.407760202474131,12.6764023103015,-32.470962650043475,-31.958903377403374,47.6917244566141,130.0,0.0
tr|0.8|0.1|0.8,A,,0,,,186.8640691507598,11.94600396152643,-24.849549614199027,11.702789603831409,12.331901426148605,-29.01648707345651,-27.125919275361692,30.91881188582373,47.0,0.0
tr|0.8|0.1|0.8,B,,0,,,186.59422761940758,11.262687323603194,-31.549091632689084,10.55475073420046,12.642456933913449,-33.454896002896916,-33.239561015017664,63.42135385220119,81.5,0.0
tr|0.8|0.1|0.8,F,,0,,,647.770228773741,12.224029090455213,-31.388610590995924,11.322060508212786,12.733115829116104,-32.497079510701056,-31.768416625873723,47.86337664885576,128.5,0.0
tr|0.8|0.1|None,A,,0,,,186.8640691507598,11.94600396152643,-24.849549614199027,11.702789603831409,12.331901426148605,-29.01648707345651,-27.125919275361692,30.91881188582373,47.0,0.0
tr|0.8|0.1|None,B,,0,,,186.80808966544328,11.274676393314277,-31.549091632689084,10.55475073420046,12.653357359133013,-33.454896002896916,-33.239561015017664,63.42603862719371,81.5,0.0
tr|0.8|0.1|None,F,,0,,,647.770228773741,12.224029090455213,-31.388610590995924,11.322060508212786,12.733115829116104,-32.497079510701056,-31.768416625873723,47.86337664885576,128.5,0.0
tr|0.8|0.125|0.4,A,,0,,,182.5125132667704,11.684290270313014,-24.54387654091806,11.071884215414377,12.60660774690749,-28.05839753007503,-26.401219049971953,30.773564011202915,48.0,0.0
tr|0.8|0.125|0.4,B,,0,,,156.6315637254171,9.443752756457101,-31.15368774799885,7.9545612915494,11.255370430634686,-36.424698262694555,-33.600561524690576,60.80491615217929,100.5,0.0
tr|0.8|0.125|0.4,F,,0,,,493.80654586876744,10.757506339712819,-31.35451572551226,10.113129363598691,11.807935115181648,-34.29213094157291,-32.149626249880235,46.461555812726964,150.5,0.0
tr|0.8|0.125|0.5,A,,0,,,187.70970100770958,11.996248662576958,-24.7252662121812,11.369833208638545,12.67607982862397,-28.80304557616492,-27.045039867819202,31.02377181177761,50.0,0.0
tr|0.8|0.125|0.5,B,,0,,,183.3948641720504,11.08147669821099,-31.23911024070583,8.681216642767097,12.420662797411056,-35.1443058224003,-32.859647084498434,61.303006995565724,92.5,0.0
tr|0.8|0.125|0.5,F,,0,,,529.5589946618397,11.133290349253278,-31.302754838727658,10.472283106227831,12.774435862039315,-33.72592540715175,-31.754656219227435,47.28320368307545,141.0,0.0
tr|0.8|0.125|0.6,A,,0,,,191.46029610562462,12.216558569707935,-24.79986771474409,11.602461432641412,12.897479993277432,-28.96571091254505,-27.072966672330264,31.711178558629438,47.0,0.0
tr|0.8|0.125|0.6,B,,0,,,181.49703117812533,10.971003664782042,-31.234550259279594,9.104207488724873,12.75802151076723,-35.919434070505595,-35.24301693384085,62.50559320587256,86.5,0.0
tr|0.8|0.125|0.6,F,,0,,,587.673607482173,11.695707310264659,-31.34473112967166,10.826147475156414,12.541265802673045,-33.87789949192646,-32.676140085973195,47.74680969599663,132.0,0.0
tr|0.8|0.125|0.7,A,,0,,,192.98518101114166,12.304944158044984,-24.799180489776568,11.770824861572404,13.04668054957505,-28.965012798428123,-27.072249989732082,31.652515007977506,47.0,0.0
tr|0.8|0.125|0.7,B,,0,,,197.65297458210506,11.86308149201254,-31.323358526024347,10.77812150441563,14.083028625887115,-35.101188917033234,-32.053251388890324,62.9007970507901,83.5,0.0
tr|0.8|0.125|0.7,F,,0,,,686.7513959652973,12.542525448878884,-31.336633039450057,11.914313247664147,13.49667620081562,-33.45550203822031,-31.702529293700138,48.14710105733804,129.0,0.0
tr|0.8|0.125|0.8,A,,0,,,192.98518101114166,12.304944158044984,-24.799180489776568,11.770824861572404,13.04668054957505,-28.965012798428123,-27.072249989732082,31.652515007977506,47.0,0.0
tr|0.8|0.125|0.8,B,,0,,,199.0224690257268,11.930553416818801,-31.323358526024347,10.715744659500567,14.12823383696372,-35.12641132522616,-32.05567372509707,62.938123168456016,82.0,0.0
tr|0.8|0.125|0.8,F,,0,,,681.8745811019153,12.503660274950889,-31.336633039450057,11.877786259655394,13.508245294304528,-33.48000275990035,-31.702529293700138,48.19329054636617,127.0,0.0
tr|0.8|0.125|None,A,,0,,,192.98518101114166,12.304944158044984,-24.799180489776568,11.770824861572404,13.04668054957505,-28.965012798428123,-27.072249989732082,31.652515007977506,47.0,0.0
tr|0.8|0.125|None,B,,0,,,199.0224690257268,11.930553416818801,-31.323358526024347,10.717056721520372,14.129191854043713,-35.12641132522616,-32.05567372509707,62.94000304734377,82.0,0.0
tr|0.8|0.125|None,F,,0,,,681.8745811019153,12.503660274950889,-31.336633039450057,11.877786259655394,13.508245294304528,-33.48000275990035,-31.702529293700138,48.19329054636617,127.0,0.0
tr|0.8|0.15|0.4,A,,0,,,180.17858850226122,11.54159282059517,-24.514754940987476,10.972562954720635,12.223536050111395,-28.03341291833814,-26.36415362115581,31.849033295097417,48.0,0.0
tr|0.8|0.15|0.4,B,,0,,,154.79052429219493,9.323144089044344,-31.260841291395717,7.559443910202505,10.21899374882781,-36.911986415359536,-35.22136760899002,61.571554447263836,100.0,0.0
tr|0.8|0.15|0.4,F,,0,,,492.90742175136523,10.747700160229856,-31.5085935496271,10.31189116283538,11.44162511317166,-33.04792745729498,-32.002593829834765,47.179492051054254,151.0,0.0
tr|0.8|0.15|0.5,A,,0,,,186.28913345620455,11.911410968893021,-24.829738255110556,11.417419749426312,12.482199077168046,-28.972754670020706,-27.09228091547174,31.74134611025117,50.0,0.0
tr|0.8|0.15|0.5,B,,0,,,160.06531520123244,9.669266689006562,-31.325010246225443,8.807489412153366,11.492218686458019,-36.094340124103184,-34.0868399585295,61.9374532742725,90.5,0.0
tr|0.8|0.15|0.5,F,,0,,,512.0685921885055,10.952604905329554,-31.307539029981413,10.238866468753178,12.109843548439946,-32.91124914122933,-32.212965595307274,47.74916593602161,141.0,0.0
tr|0.8|0.15|0.6,A,,0,,,189.12382176251836,12.07952214744672,-24.84133133107596,11.569487408174082,12.635678941009573,-29.00808621905607,-27.117147118287416,32.85555654061631,47.0,0.0
tr|0.8|0.15|0.6,B,,0,,,166.33798153568324,10.066510627421188,-31.563471170479986,9.2311362490479,12.035703507959981,-36.84117162069934,-34.25857305647457,62.778833718492585,86.0,0.0
tr|0.8|0.15|0.6,F,,0,,,554.9520857087462,11.385754788644753,-31.363156551670553,10.488577897693505,11.956046970494903,-35.17091392947697,-32.64156877876644,48.635505255639735,130.0,0.0
tr|0.8|0.15|0.7,A,,0,,,191.4089660727639,12.213242717312722,-24.840644310345656,11.733461448820925,12.783651733977358,-29.007388331506334,-27.11643067491621,32.78667839131006,47.0,0.0
tr|0.8|0.15|0.7,B,,0,,,184.9180532909553,11.168171213546973,-31.485973196145046,9.978614410471783,12.579731315315664,-35.45950421111779,-34.84545565705128,63.141931828030536,82.0,0.0
tr|0.8|0.15|0.7,F,,0,,,601.7566824624577,11.824077583782023,-31.326479129745934,11.475824353082478,12.821329303970533,-31.887241879727924,-31.86433570765669,49.20265767198329,129.0,0.0
tr|0.8|0.15|0.8,A,,0,,,191.4089660727639,12.213242717312722,-24.840644310345656,11.733461448820925,12.783651733977358,-29.007388331506334,-27.11643067491621,32.78667839131006,47.0,0.0
tr|0.8|0.15|0.8,B,,0,,,182.98425501190457,11.058421087301761,-31.49818475928613,9.741674318393034,12.565817160863816,-35.48465865812216,-34.80361149356488,63.42243808315311,82.5,0.0
tr|0.8|0.15|0.8,F,,0,,,632.9369774414247,12.098248429178627,-31.33077890970884,11.45877166795845,12.883858748664883,-32.02114240875352,-31.88725918885244,49.06244072446621,129.0,0.0
tr|0.8|0.15|None,A,,0,,,191.4089660727639,12.213242717312722,-24.840644310345656,11.733461448820925,12.783651733977358,-29.007388331506334,-27.11643067491621,32.78667839131006,47.0,0.0
tr|0.8|0.15|None,B,,0,,,183.09155417130907,11.064530288101349,-31.49818475928614,9.74309832796322,12.576901889931888,-35.48465865812216,-34.80361149356488,63.42470414997044,82.5,0.0
tr|0.8|0.15|None,F,,0,,,632.9369774414247,12.098248429178627,-31.33077890970884,11.45877166795845,12.883858748664883,-32.02114240875352,-31.88725918885244,49.06244072446621,129.0,0.0
tr|0.8|0.2|0.4,A,,0,,,218.28685563391517,13.687809104789794,-24.49443990001029,12.778263249765434,15.570423336955871,-28.007313881254824,-26.34877904027394,34.415643317803855,48.0,0.0
tr|0.8|0.2|0.4,B,,0,,,149.10680540056396,8.93961430032052,-31.64106407136775,7.528882024786984,10.184568065812941,-36.76032464088711,-35.56364089284757,62.95130085829308,100.0,0.0
tr|0.8|0.2|0.4,F,,0,,,575.2474777332924,11.580130350187979,-31.730914806190007,10.559722510144013,12.136631850066003,-36.41690256359128,-33.68361848519765,49.427649125442684,150.0,0.0
tr|0.8|0.2|0.5,A,,0,,,217.03079251272393,13.622661648553368,-24.675923765103434,13.395274193529753,15.872289295597286,-28.752170800438336,-26.99207660855657,35.05760810684264,49.0,0.0
tr|0.8|0.2|0.5,B,,0,,,152.92421743368212,9.19803046760398,-31.466458756452553,7.846730706775398,10.471709677730335,-35.84615241610468,-34.30667798842866,63.651972586729066,90.5,0.0
tr|0.8|0.2|0.5,F,,0,,,551.7219370793576,11.354506313834634,-31.410149306249167,11.001683977532933,12.854914877485063,-34.098656589541896,-33.18480413146829,50.375422259129365,140.0,0.0
tr|0.8|0.2|0.6,A,,0,,,224.22891907534535,13.991519683336417,-24.857987651112285,13.727024377623131,16.18197686800531,-29.024381357750826,-27.132220542519132,36.07957151054176,46.5,0.0
tr|0.8|0.2|0.6,B,,0,,,157.68549232162647,9.514848670217447,-31.607734454105636,8.5480174001148,10.272348246250502,-35.8376448408269,-33.384517628973896,64.49288813147945,85.0,0.0
tr|0.8|0.2|0.6,F,,0,,,616.721279506659,11.957309564493823,-31.39025462397832,11.539203376251802,12.741388380328802,-34.82903123600343,-32.96817658956977,50.87882199066742,130.0,0.0
tr|0.8|0.2|0.7,A,,0,,,226.79256484388867,14.120317195112086,-24.857300130807374,13.839099639679898,16.280217263313336,-29.023682915970618,-27.131503513959053,36.152998332717814,47.0,0.0
tr|0.8|0.2|0.7,B,,0,,,169.89140098434203,10.285536130423145,-31.52081565655336,8.901706839705037,11.413838468452711,-35.9182591361443,-35.101666558328894,64.85472259223751,80.0,0.0
tr|0.8|0.2|0.7,F,,0,,,655.4669361936225,12.288455056347015,-31.312372134282242,11.891470152777178,13.2100805065108,-34.459594153792814,-32.49057939557798,51.247308854769756,127.0,0.0
tr|0.8|0.2|0.8,A,,0,,,226.79256484388867,14.120317195112086,-24.857300130807374,13.839099639679898,16.280217263313336,-29.023682915970618,-27.131503513959053,36.152998332717814,47.0,0.0
tr|0.8|0.2|0.8,B,,0,,,166.53116579389268,10.078504800683586,-31.52081565655336,8.605498161316625,11.45003053480359,-35.916335747855854,-35.12682047480361,64.62465919294986,79.0,0.0
tr|0.8|0.2|0.8,F,,0,,,661.3772469499436,12.337212712551594,-31.312372134282246,11.8025656835314,13.221636032689672,-34.459594153792814,-32.53904767412454,51.323031244495,125.0,0.0
tr|0.8|0.2|None,A,,0,,,226.79256484388867,14.120317195112086,-24.857300130807374,13.839099639679898,16.280217263313336,-29.023682915970618,-27.131503513959053,36.152998332717814,47.0,0.0
tr|0.8|0.2|None,B,,0,,,166.53116579389268,10.078504800683586,-31.52081565655336,8.618688625978473,11.460995521976585,-35.916335747855854,-35.12682047480361,64.62465919294986,79.0,0.0
tr|0.8|0.2|None,F,,0,,,661.3772469499436,12.337212712551594,-31.312372134282246,11.8025656835314,13.221636032689672,-34.459594153792814,-32.53904767412454,51.323031244495,125.0,0.0
tr|0.8|0.25|0.4,A,,0,,,237.06415909229918,14.623546381035823,-24.530216450478758,13.922070830554938,16.326656064311766,-28.040887673293046,-26.380940851914257,37.72313563455224,47.0,0.0
tr|0.8|0.25|0.4,B,,0,,,150.03905406294749,9.003891437430312,-31.4839502792451,7.974224117930555,9.59976141720224,-37.949070976228874,-34.64649099149917,64.24525521838123,98.5,0.0
tr|0.8|0.25|0.4,F,,0,,,624.8744630495951,12.027975660020541,-31.512479169009733,11.320866702918641,13.146255661563277,-36.4691460754353,-34.59383669016441,51.373687973625216,147.5,0.0
tr|0.8|0.25|0.5,A,,0,,,244.82869797102865,14.990776261213467,-24.711897954102575,14.208100811511345,16.572199793424677,-28.786684317274837,-27.025505202623872,38.08922479718359,48.0,0.0
tr|0.8|0.25|0.5,B,,0,,,152.20578147284937,9.151088288851506,-30.979568929131464,8.212626181465144,10.58788606743315,-35.17927681721046,-33.58911993671959,64.44692200976287,87.0,0.0
tr|0.8|0.25|0.5,F,,0,,,653.2892963244414,12.270356750827037,-30.989388608669987,11.761134182024325,13.234540445936155,-34.68768498519008,-33.03584779563774,52.26310350067401,136.0,0.0
tr|0.8|0.25|0.6,A,,0,,,244.87121250884942,14.992749368344171,-24.69700112360239,14.305330877364966,16.62633115376706,-28.859823964697284,-26.960652075283075,38.57624428360385,45.0,0.0
tr|0.8|0.25|0.6,B,,0,,,154.9313416828751,9.333472287340017,-31.509292140283367,8.007433057153586,10.54819921412803,-35.8319451298728,-33.35863861980371,65.46910420551407,80.5,0.0
tr|0.8|0.25|0.6,F,,0,,,674.6444334184073,12.443301215286684,-31.427905892152058,11.815041689664122,13.255986906807765,-35.70013203604812,-33.80527688352801,52.81313947342825,127.5,0.0
tr|0.8|0.25|0.7,A,,0,,,249.7242148901469,15.217147325804682,-24.696312809554748,14.46788426222064,16.80625147065801,-28.85912464217144,-26.959934116749157,38.82974170498306,45.0,0.0
tr|0.8|0.25|0.7,B,,0,,,172.63484345200806,10.451207922362682,-31.647098921253093,9.328457288444048,11.60783430832042,-33.91628974539768,-33.15224946815668,66.08391838892157,79.5,0.0
tr|0.8|0.25|0.7,F,,0,,,763.8091905244878,13.124119745364327,-31.231621053307677,12.440641136340783,14.152964797410505,-35.275844922597045,-33.37403088491752,52.9898574426334,125.5,0.0
tr|0.8|0.25|0.8,A,,0,,,249.7242148901469,15.217147325804682,-24.696312809554748,14.46788426222064,16.80625147065801,-28.85912464217144,-26.959934116749157,38.82974170498306,45.0,0.0
tr|0.8|0.25|0.8,B,,0,,,169.59261194152188,10.266640798628025,-31.652904448574294,8.814982161493878,11.356467178534436,-33.914526399129585,-33.17566559944501,66.13116886399804,78.0,0.0
tr|0.8|0.25|0.8,F,,0,,,742.7930477991354,12.971295657446957,-31.231621053307677,12.358414822167633,13.972498601588843,-35.27584492259705,-33.37403088491752,53.10219579623296,124.0,0.0
tr|0.8|0.25|None,A,,0,,,249.7242148901469,15.217147325804682,-24.696312809554748,14.46788426222064,16.80625147065801,-28.85912464217144,-26.959934116749157,38.82974170498306,45.0,0.0
tr|0.8|0.25|None,B,,0,,,169.59261194152188,10.266640798628025,-31.652904448574294,8.814982161493878,11.356467178534436,-33.914526399129585,-33.17566559944501,66.13116886399804,78.0,0.0
tr|0.8|0.25|None,F,,0,,,742.7930477991354,12.971295657446957,-31.231621053307677,12.358414822167633,13.972498601588843,-35.27584492259705,-33.37403088491752,53.10219579623296,124.0,0.0
tr|0.8|0.3|0.4,A,,0,,,290.0268545758242,16.94199525075679,-26.085500005355367,16.016769077465607,18.072095356458853,-29.46422213290022,-28.1258570027698,40.10635902293232,44.0,0.0
tr|0.8|0.3|0.4,B,,0,,,142.32564106880432,8.463618368190783,-32.01949206054006,6.985590380234181,9.280488029110883,-36.99691884516737,-34.91715921808793,66.36634237504686,98.5,0.0
tr|0.8|0.3|0.4,F,,0,,,721.13553525749,12.809182345528292,-36.613319417864545,12.262599283916948,13.62316969439786,-40.017861026546484,-38.20248730237864,53.519778148801045,146.0,0.0
tr|0.8|0.3|0.5,A,,0,,,295.74588483484195,17.16941411132825,-26.57118300537946,16.07900795730736,19.409837272290854,-29.940985793511533,-28.745184944721476,40.94378474632069,47.0,0.0
tr|0.8|0.3|0.5,B,,0,,,152.89995491751995,9.197010923674808,-31.332231531818916,8.204984017217685,9.995111071406141,-35.23009092926193,-33.833426272377245,66.67486782399902,85.5,0.0
tr|0.8|0.3|0.5,F,,0,,,829.7514733408177,13.574169856273254,-37.30612050826582,12.445598439837378,14.62131747018342,-42.08854844715505,-38.87041208211227,53.85534485467167,137.0,0.0
tr|0.8|0.3|0.6,A,,0,,,298.4117766939623,17.2741055542046,-26.653195872565245,16.212411021414532,19.558330817967892,-29.790995715203074,-28.72497272446853,41.57987682756924,44.0,0.0
tr|0.8|0.3|0.6,B,,0,,,142.78222228839365,8.493905059452555,-31.844021968266194,7.817531120598282,9.970720058365734,-34.86214947229615,-33.54832597957507,66.70437604381699,79.0,0.0
tr|0.8|0.3|0.6,F,,0,,,821.6527411965913,13.52517610466859,-38.056776378872605,12.922270706027478,14.717010702492248,-43.77273531335767,-40.098034926739544,54.893995378313086,130.0,0.0
tr|0.8|0.3|0.7,A,,0,,,301.0275400203181,17.37561768533451,-26.601441914015155,16.48564202295776,19.64930564719382,-30.090860147959297,-28.84558033129861,41.41039440555,43.0,0.0
tr|0.8|0.3|0.7,B,,0,,,169.13729549944955,10.239441421079398,-31.639034344981326,9.13435506291206,11.088757789374485,-35.5816722977447,-33.87287607375234,67.4159967900463,78.0,0.0
tr|0.8|0.3|0.7,F,,0,,,929.8868784042742,14.208207728774802,-37.6830749189294,13.557169532868887,15.14662263946614,-42.59050364833057,-39.15611060527085,54.60122255145272,128.0,0.0
tr|0.8|0.3|0.8,A,,0,,,301.0275400203181,17.37561768533451,-26.601441914015155,16.48564202295776,19.64930564719382,-30.090860147959297,-28.84558033129861,41.41039440555,43.0,0.0
tr|0.8|0.3|0.8,B,,0,,,167.04061146402947,10.109353124215515,-31.639034344981326,8.228954964678026,11.039891596479361,-35.58008910528554,-33.55537052821929,67.32400127821279,76.0,0.0
tr|0.8|0.3|0.8,F,,0,,,922.1436160189431,14.161893492159427,-37.68307491892941,13.557175837694817,15.164553763199425,-42.59050364833057,-39.15611060527084,54.755894382504565,126.0,0.0
tr|0.8|0.3|None,A,,0,,,301.0275400203181,17.37561768533451,-26.601441914015155,16.48564202295776,19.64930564719382,-30.090860147959297,-28.84558033129861,41.41039440555,43.0,0.0
tr|0.8|0.3|None,B,,0,,,167.04061146402947,10.109353124215515,-31.639034344981326,8.228954964678026,11.039891596479361,-35.58008910528554,-33.55537052821929,67.32400127821279,76.0,0.0
tr|0.8|0.3|None,F,,0,,,922.1436160189431,14.161893492159427,-37.68307491892941,13.557175837694817,15.164553763199425,-42.59050364833057,-39.15611060527084,54.755894382504565,126.0,0.0
tr|0.8|0.35|0.4,A,,0,,,257.1303515120053,15.55241874553479,-29.530877809053223,14.631582626369017,16.748248653594985,-33.69038349760073,-31.92857277649393,42.82325909874976,41.0,0.0
tr|0.8|0.35|0.4,B,,0,,,130.2378514078378,7.562423386260376,-32.2673877144869,6.43677736636633,9.331575348126965,-38.23735718637475,-35.598859679410324,69.2352651806666,90.5,0.0
tr|0.8|0.35|0.4,F,,0,,,692.1141576610079,12.58495007236846,-40.69686969317775,11.106488208811312,12.987037682007275,-45.18679749889185,-42.9269471501727,56.35872076405515,137.0,0.0
tr|0.8|0.35|0.5,A,,0,,,261.2087118564565,15.733145541801674,-30.048156164016284,14.987995086951742,18.060400297223442,-33.851205355329114,-32.053873682483776,43.484545718158465,42.0,0.0
tr|0.8|0.35|0.5,B,,0,,,133.47331660319244,7.810987007875081,-31.79323329104721,6.510964975368687,9.437497295120497,-33.59780807533602,-33.01466892008417,69.16951019897462,81.0,0.0
tr|0.8|0.35|0.5,F,,0,,,658.7906249168141,12.311203128402614,-42.74172409604472,11.289115553873408,13.629514149439034,-47.21372307585874,-44.92989865439698,56.80790856218887,127.0,0.0
tr|0.8|0.35|0.6,A,,0,,,264.31242431654175,15.868982115481877,-30.01404926799048,15.128504373049994,18.206690688529072,-33.83749401483406,-32.04800339788278,43.908211611281246,39.0,0.0
tr|0.8|0.35|0.6,B,,0,,,143.87223036512245,8.574504355721357,-31.930841169183605,6.9946098449621585,10.159360418715998,-35.22652765452219,-33.656756881225995,69.45327114525313,73.5,0.0
tr|0.8|0.35|0.6,F,,0,,,683.6774608436573,12.518055239488834,-42.182078265152775,11.578671897893308,14.132625593746095,-47.503607862948186,-44.139033416428624,57.22971233582401,120.0,0.0
tr|0.8|0.35|0.7,A,,0,,,265.92851762377705,15.939196700342428,-30.067973182925016,15.195084063270512,18.257575875470263,-34.04676008999604,-32.282864414936114,44.090664971898896,40.0,0.0
tr|0.8|0.35|0.7,B,,0,,,151.11860085448046,9.07696570018086,-31.809636897087884,7.998271642690688,10.359115258076752,-32.38764766514536,-32.23580238892653,69.3856628051955,71.0,0.0
tr|0.8|0.35|0.7,F,,0,,,832.8169897448821,13.598166620826756,-41.24528628947045,12.26497142228102,14.715285569262438,-45.771611914087906,-42.47251089047677,57.443737861650526,119.0,0.0
tr|0.8|0.35|0.8,A,,0,,,265.92851762377705,15.939196700342428,-30.067973182925016,15.195084063270512,18.257575875470263,-34.04676008999604,-32.282864414936114,44.090664971898896,40.0,0.0
tr|0.8|0.35|0.8,B,,0,,,146.708014647992,8.773999677600619,-31.82128198234408,7.626460944520312,10.37887010231636,-32.40560886348638,-32.2381924212851,69.55705202404772,69.5,0.0
tr|0.8|0.35|0.8,F,,0,,,814.0494459542481,13.472766994929131,-41.24528628947045,12.157117525488573,14.74357105564926,-45.771611914087906,-42.472510890476784,57.43946402893848,118.5,0.0
tr|0.8|0.35|None,A,,0,,,265.92851762377705,15.939196700342428,-30.067973182925016,15.195084063270512,18.257575875470263,-34.04676008999604,-32.282864414936114,44.090664971898896,40.0,0.0
tr|0.8|0.35|None,B,,0,,,146.708014647992,8.773999677600619,-31.82128198234408,7.626460944520312,10.37887010231636,-32.40560886348638,-32.2381924212851,69.55705202404772,69.5,0.0
tr|0.8|0.35|None,F,,0,,,814.0494459542481,13.472766994929131,-41.24528628947045,12.157117525488573,14.74357105564926,-45.771611914087906,-42.472510890476784,57.43946402893848,118.5,0.0
tr|1.0|0.05|0.4,A,,0,,,215.19459861057362,13.525987089532665,-24.471482324748315,12.709270016191612,14.830467986767031,-27.983591125784013,-26.324419168912044,30.50380848406832,48.0,0.0
tr|1.0|0.05|0.4,B,,0,,,119.11366881437009,6.662749183333972,-31.28760349580334,5.406331892280263,8.260794681675728,-36.216424661748135,-34.89741743906629,64.03841321948013,91.0,0.0
tr|1.0|0.05|0.4,F,,0,,,465.14961465770995,10.43696467609687,-31.77244414526188,9.637281581483958,11.316869558669106,-35.87216942659816,-33.67709224255429,48.103205535691494,140.5,0.0
tr|1.0|0.05|0.5,A,,0,,,228.78523395528347,14.219525705754055,-24.65292299322554,12.481333470354627,15.318843204570335,-28.728454672097982,-26.967385689582677,31.26892438890836,48.5,0.0
tr|1.0|0.05|0.5,B,,0,,,138.4985944895564,8.186281982604482,-31.121790100319757,7.411440701568053,9.424420647697564,-32.07603643709933,-31.87050231959451,64.10602350968378,84.0,0.0
tr|1.0|0.05|0.5,F,,0,,,604.7247075090373,11.848346567558377,-29.955213891873893,10.735412531368201,12.670279232788427,-31.753380988896083,-31.005084016221783,48.60433762171321,136.0,0.0
tr|1.0|0.05|0.6,A,,0,,,223.10574224588098,13.934638623020623,-24.830094056576,12.623567530268136,15.014337634298366,-28.995871922645588,-27.102496237173767,32.10098862221004,46.5,0.0
tr|1.0|0.05|0.6,B,,0,,,142.06179250259154,8.445115375138702,-31.39599047044388,7.305293060870391,9.315308997173414,-32.94263917826075,-32.3512135063919,64.85742330527874,75.0,0.0
tr|1.0|0.05|0.6,F,,0,,,584.5679687833365,11.666789034162628,-30.540950495651348,10.556097771288172,12.493627272315305,-32.74277684376911,-31.919836324803182,48.98674496771783,123.5,0.0
tr|1.0|0.05|0.7,A,,0,,,225.12664794787779,14.036753032844118,-24.829406398742577,12.860589009187423,15.148131218457136,-28.995173328276902,-27.101779047495363,32.06609755385291,46.0,0.0
tr|1.0|0.05|0.7,B,,0,,,155.40747683658623,9.364905749094355,-31.332530325283418,8.472547693967982,10.573194666088884,-33.95985070931192,-32.08480237643404,65.14956371397143,71.0,0.0
tr|1.0|0.05|0.7,F,,0,,,646.8685609844501,12.216602404426336,-30.471439943749573,11.541666179055179,12.81105875506851,-32.1014087302708,-31.67428926591515,49.211804582544936,121.0,0.0
tr|1.0|0.05|0.8,A,,0,,,225.12664794787779,14.036753032844118,-24.829406398742577,12.860589009187423,15.148131218457136,-28.995173328276902,-27.101779047495363,32.06609755385291,46.0,0.0
tr|1.0|0.05|0.8,B,,0,,,154.09426891926734,9.277771190996297,-31.35863516974682,8.532883934190842,10.581335938615846,-33.957897430381124,-32.0845916751904,65.41609002347799,69.5,0.0
tr|1.0|0.05|0.8,F,,0,,,639.250604912051,12.152190728169398,-30.471439943749573,11.445301281140948,12.802436625379551,-32.1014087302708,-31.674289265915146,49.37805812939805,119.0,0.0
tr|1.0|0.05|None,A,,0,,,225.12664794787779,14.036753032844118,-24.829406398742577,12.860589009187423,15.148131218457136,-28.995173328276902,-27.101779047495363,32.06609755385291,46.0,0.0
tr|1.0|0.05|None,B,,0,,,154.09426891926734,9.277771190996297,-31.35863516974682,8.532883934190842,10.581335938615846,-33.957897430381124,-32.0845916751904,65.41609002347799,69.5,0.0
tr|1.0|0.05|None,F,,0,,,639.250604912051,12.152190728169398,-30.471439943749573,11.445301281140948,12.802436625379551,-32.1014087302708,-31.674289265915146,49.37805812939805,119.0,0.0
tr|1.0|0.075|0.4,A,,0,,,209.82701538824298,13.24115619760924,-24.472166268056167,12.561396202115121,14.660735837035835,-27.984257603361684,-26.325112235857915,31.09711153353562,48.0,0.0
tr|1.0|0.075|0.4,B,,0,,,129.87213187996323,7.531924282543201,-31.066707987930993,6.116439698476504,8.978680930192624,-36.26385357026645,-33.35754290097007,63.77811441995564,92.0,0.0
tr|1.0|0.075|0.4,F,,0,,,500.29604352539315,10.827626717250816,-31.76666784653915,10.093067130875196,11.603427181930845,-35.788715150619495,-32.27198452719734,48.318953875546185,142.0,0.0
tr|1.0|0.075|0.5,A,,0,,,225.0031987088712,14.030352022339986,-24.646413405553098,12.327464097810607,15.09098707866727,-28.720021444901946,-26.958901447384985,31.841973003339817,48.5,0.0
tr|1.0|0.075|0.5,B,,0,,,148.10655515712196,8.871053379716344,-30.985915637392935,7.771910680831613,9.966725322159805,-31.94835752131342,-31.707176083092197,64.10723610673763,83.0,0.0
tr|1.0|0.075|0.5,F,,0,,,621.4154893733371,11.995053967668012,-29.97858319656394,10.946825932901808,12.869495575728058,-31.775381021034242,-31.3826095003157,48.92141977903418,135.5,0.0
tr|1.0|0.075|0.6,A,,0,,,218.28350260809864,13.687560851703562,-24.821000981050023,12.464789573499283,14.848006044623205,-28.984820611027708,-27.09133781652959,32.662119263235965,46.5,0.0
tr|1.0|0.075|0.6,B,,0,,,154.43976384604383,9.300722747295588,-31.327647146297494,8.193194475001324,10.226322252857441,-34.078347549240625,-32.38467373687628,64.59685601958569,75.0,0.0
tr|1.0|0.075|0.6,F,,0,,,635.854720807343,12.123096892276731,-30.567896762645113,11.003047126459043,12.77790129064617,-32.10311467213995,-31.68299407219451,49.197595727589075,124.0,0.0
tr|1.0|0.075|0.7,A,,0,,,221.10995133681698,13.83291158912846,-24.820325190877146,12.653333335607094,14.968550869879662,-28.984134061505028,-27.09063299418551,32.62498851482444,46.0,0.0
tr|1.0|0.075|0.7,B,,0,,,167.0700237298217,10.11198977435347,-31.53008997893703,9.455808187822113,11.288943996056618,-34.195804086165346,-32.115471158246194,64.97584719808414,71.5,0.0
tr|1.0|0.075|0.7,F,,0,,,701.6890291493519,12.659983664697517,-30.545098076325576,11.831901755291307,13.135111415910266,-32.11188573756046,-31.789094059736524,49.31482351477515,121.5,0.0
tr|1.0|0.075|0.8,A,,0,,,221.10995133681698,13.83291158912846,-24.820325190877146,12.653333335607094,14.968550869879662,-28.984134061505028,-27.09063299418551,32.62498851482444,46.0,0.0
tr|1.0|0.075|0.8,B,,0,,,163.73571670705508,9.903387845563415,-31.530089978937028,9.208757233638545,11.24924115366556,-34.19384447497862,-32.1152599045899,65.17604111722476,69.5,0.0
tr|1.0|0.075|0.8,F,,0,,,693.0424916007872,12.592012860064683,-30.545098076325587,11.729871815119388,13.114101121327511,-32.11188573756046,-31.813451313864498,49.454381325608715,120.0,0.0
tr|1.0|0.075|None,A,,0,,,221.10995133681698,13.83291158912846,-24.820325190877146,12.653333335607094,14.968550869879662,-28.984134061505028,-27.09063299418551,32.62498851482444,46.0,0.0
tr|1.0|0.075|None,B,,0,,,163.73571670705508,9.903387845563415,-31.530089978937028,9.208757233638545,11.24924115366556,-34.19384447497862,-32.1152599045899,65.17604111722476,69.5,0.0
tr|1.0|0.075|None,F,,0,,,693.0424916007872,12.592012860064683,-30.545098076325587,11.729871815119388,13.114101121327511,-32.11188573756046,-31.813451313864498,49.454381325608715,120.0,0.0
tr|1.0|0.1|0.4,A,,0,,,206.28275171884928,13.050336021369791,-24.461603131409216,12.336019707595657,14.535497253170112,-27.973341920176985,-26.313903537496653,31.511979625436425,48.0,0.0
tr|1.0|0.1|0.4,B,,0,,,139.32358079280843,8.246300392228212,-31.56439859471477,7.158303370743662,9.79983890027897,-38.667391814040556,-34.155375093182975,64.8039524098571,92.0,0.0
tr|1.0|0.1|0.4,F,,0,,,544.4873152178073,11.283220047810794,-31.767303773601537,10.647142260732604,12.289053298255768,-35.72624187131744,-33.12214194356339,48.59254126082403,144.5,0.0
tr|1.0|0.1|0.5,A,,0,,,222.80186764414412,13.919236103816147,-24.635920955073935,12.18543770114406,15.015063052794533,-28.70921407222339,-26.947649558509664,32.26200033410527,48.5,0.0
tr|1.0|0.1|0.5,B,,0,,,163.9648643766379,9.917815050608391,-31.035175161703854,8.901199403709159,11.379120560730835,-32.364989633876185,-31.734407606361138,64.28660572494755,84.5,0.0
tr|1.0|0.1|0.5,F,,0,,,637.2522752170157,12.135157329837865,-30.330924681763744,11.131349796862551,13.37020192444505,-31.747519738336074,-31.358100606280487,49.47327793090782,135.0,0.0
tr|1.0|0.1|0.6,A,,0,,,214.84470189455473,13.508433856701686,-24.808299607898615,12.340927930739714,14.724287892837648,-28.971849851626864,-27.077813906137155,33.08656083719375,46.5,0.0
tr|1.0|0.1|0.6,B,,0,,,174.61202797720028,10.570182872264889,-31.577010340726154,9.34322785732927,11.604117680880591,-34.28578743469273,-32.72137071721911,64.43444484864838,75.5,0.0
tr|1.0|0.1|0.6,F,,0,,,688.8411556421694,12.55813003096382,-30.61532041395372,11.460904730522618,13.432260188211528,-33.02345349176557,-31.515122678485962,49.60726124134787,126.5,0.0
tr|1.0|0.1|0.7,A,,0,,,217.8594862595995,13.665661670422779,-24.807623660967455,12.507355379631482,14.848988306388506,-28.97116313711504,-27.077108912419046,33.0416484054647,46.0,0.0
tr|1.0|0.1|0.7,B,,0,,,183.30302240789365,11.075917166902316,-31.740729102685624,9.983482653250139,12.316733215014697,-35.549909779352305,-33.59029784960177,65.54537095932302,69.5,0.0
tr|1.0|0.1|0.7,F,,0,,,763.6881047116769,13.122263676976797,-31.052759677704884,12.066935562062719,13.723252944523528,-34.2741884064658,-32.48365238491987,49.771501245766956,120.0,0.0
tr|1.0|0.1|0.8,A,,0,,,217.8594862595995,13.665661670422779,-24.807623660967455,12.507355379631482,14.848988306388506,-28.97116313711504,-27.077108912419046,33.0416484054647,46.0,0.0
tr|1.0|0.1|0.8,B,,0,,,180.46749556937937,10.913138627406926,-31.73986491556795,9.746021291763352,12.113047883218105,-35.548189233839686,-33.613698144581704,65.75704434851244,68.0,0.0
tr|1.0|0.1|0.8,F,,0,,,760.3792774065994,13.098877356622186,-31.05189373848141,11.953920386413655,13.666097937241423,-34.27249423741113,-32.48473364008764,49.92091010012813,118.5,0.0
tr|1.0|0.1|None,A,,0,,,217.8594862595995,13.665661670422779,-24.807623660967455,12.507355379631482,14.848988306388506,-28.97116313711504,-27.077108912419046,33.0416484054647,46.0,0.0
tr|1.0|0.1|None,B,,0,,,180.46749556937937,10.913138627406926,-31.73986491556795,9.746021291763352,12.113047883218105,-35.548189233839686,-33.613698144581704,65.75704434851244,68.0,0.0
tr|1.0|0.1|None,F,,0,,,760.3792774065994,13.098877356622186,-31.05189373848141,11.953920386413655,13.666097937241423,-34.27249423741113,-32.48473364008764,49.92091010012813,118.5,0.0
tr|1.0|0.125|0.4,A,,0,,,220.43563454680387,13.797961994298591,-24.602925441075147,12.82861132988176,14.796154594065037,-28.11598260520769,-26.458048048355543,32.02781564181304,49.0,0.0
tr|1.0|0.125|0.4,B,,0,,,147.68906567463247,8.842249983321071,-31.242047787647927,7.156479733578166,10.809694689775487,-38.63548345074701,-34.48758751872042,64.06404925933995,94.5,0.0
tr|1.0|0.125|0.4,F,,0,,,556.5284867556574,11.40126831163537,-31.712479031743847,10.787817933362964,11.994961443996772,-33.45446378324591,-33.203749364811564,49.020980316799324,144.5,0.0
tr|1.0|0.125|0.5,A,,0,,,221.30612810309398,13.842902576871586,-24.60942436324556,12.622093636537986,14.929420514332467,-28.682054173674874,-26.919344162779353,32.50951157359195,49.0,0.0
tr|1.0|0.125|0.5,B,,0,,,168.17939796646922,10.177225420694446,-31.017601893397234,9.161175123923273,11.337415265084967,-33.70011781747504,-31.938614182719512,64.41989053454654,84.5,0.0
tr|1.0|0.125|0.5,F,,0,,,655.291258376812,12.285293020832999,-30.432208843287974,11.0736394525452,13.215295425492627,-32.42922290261412,-31.665645544362576,49.32294521487714,135.0,0.0
tr|1.0|0.125|0.6,A,,0,,,224.83736374666063,14.022037469696047,-24.776265681448418,12.722292404529398,15.105842820852184,-28.939272355738755,-27.043812266043428,33.56594586320663,46.5,0.0
tr|1.0|0.125|0.6,B,,0,,,166.40538006769597,10.06712744492858,-31.310101757718694,8.887442710195126,10.98165565021949,-33.31756849155738,-32.66616233817771,64.86734237594676,76.0,0.0
tr|1.0|0.125|0.6,F,,0,,,664.7016739183255,12.363574135732591,-30.624070622683753,11.560443404992583,13.417256332042223,-33.13526097684413,-31.544183279840247,50.05293061794829,125.0,0.0
tr|1.0|0.125|0.7,A,,0,,,226.73502240104665,14.117433259054224,-24.775588464198687,12.894029426401913,15.23139154956969,-28.93858433682587,-27.043105927824275,33.423745067987575,46.0,0.0
tr|1.0|0.125|0.7,B,,0,,,180.07362142928395,10.89106637620022,-31.52749647743141,9.984710126877019,13.037137253702399,-34.470739634539605,-32.524931041188424,64.95931124609476,75.0,0.0
tr|1.0|0.125|0.7,F,,0,,,740.3939972209422,12.953550236715717,-30.842077396324246,12.264446745062456,13.64483460668186,-34.337934759809755,-31.91682340882707,50.18033804927398,120.5,0.0
tr|1.0|0.125|0.8,A,,0,,,226.73502240104665,14.117433259054224,-24.775588464198687,12.894029426401913,15.23139154956969,-28.93858433682587,-27.043105927824275,33.423745067987575,46.0,0.0
tr|1.0|0.125|0.8,B,,0,,,180.64402049898484,10.923934085567089,-31.540077390857718,10.015786824053654,13.024383083231289,-34.469003251046324,-32.523199541290325,65.27790281878066,74.0,0.0
tr|1.0|0.125|0.8,F,,0,,,730.2957335919218,12.878221324624018,-30.85133296901961,12.152618147393198,13.543367258443162,-34.33623460380577,-31.919381189964273,50.317686197437986,119.5,0.0
tr|1.0|0.125|None,A,,0,,,226.73502240104665,14.117433259054224,-24.775588464198687,12.894029426401913,15.23139154956969,-28.93858433682587,-27.043105927824275,33.423745067987575,46.0,0.0
tr|1.0|0.125|None,B,,0,,,180.64402049898484,10.923934085567089,-31.540077390857718,10.015786824053654,13.024383083231289,-34.469003251046324,-32.523199541290325,65.27790281878066,74.0,0.0
tr|1.0|0.125|None,F,,0,,,730.2957335919218,12.878221324624018,-30.85133296901961,12.152618147393198,13.543367258443162,-34.33623460380577,-31.919381189964273,50.317686197437986,119.5,0.0
tr|1.0|0.15|0.4,A,,0,,,204.57671324827777,12.957622836481143,-24.485718421378195,12.102785524530448,14.343248411709359,-27.998263675569223,-26.33949182987288,32.97717938281012,48.0,0.0
tr|1.0|0.15|0.4,B,,0,,,143.15553538971554,8.523036801999428,-31.643292611039914,7.192135318004042,9.742608237386722,-38.7837296344402,-34.798223317377264,64.76563527361431,93.0,0.0
tr|1.0|0.15|0.4,F,,0,,,511.11463800273344,10.942547869411145,-31.837941752973197,10.42988680834784,11.601342953714884,-36.97332176486968,-33.64990769415625,49.76070393777105,143.5,0.0
tr|1.0|0.15|0.5,A,,0,,,206.64704139674936,13.070416135536833,-24.660427998401573,12.196344452921897,14.437815786455394,-28.734584145563403,-26.974044386502595,33.47196341812434,48.5,0.0
tr|1.0|0.15|0.5,B,,0,,,157.48152239989656,9.501474754112948,-31.097654561212757,8.511477074079728,10.494436444165364,-32.67707078263422,-32.004319537542756,64.99384410951974,84.5,0.0
tr|1.0|0.15|0.5,F,,0,,,587.1397927411214,11.690313644286299,-30.444532511079085,10.800004954970152,12.502468584136231,-31.97667964858022,-31.590241898820853,49.74686777095655,134.0,0.0
tr|1.0|0.15|0.6,A,,0,,,211.17908223557117,13.314270238336212,-24.83806984520887,12.323036041607658,14.667967922961978,-29.00238098616902,-27.109623890631333,34.61016553770963,46.5,0.0
tr|1.0|0.15|0.6,B,,0,,,162.90031757041606,9.850475885881416,-31.56347117047999,8.831216602645938,10.793678076990874,-32.94904593367476,-32.509892002789776,64.78813727359986,77.0,0.0
tr|1.0|0.15|0.6,F,,0,,,603.6359203268371,11.840818298297485,-30.68132887685884,11.140499566293553,12.756282307575361,-32.802132551366924,-31.709986249498435,50.69420838721692,124.0,0.0
tr|1.0|0.15|0.7,A,,0,,,213.9275936571844,13.45992347986189,-24.837393356129343,12.558861892461628,14.749027550848501,-29.001693734838298,-27.10891835028787,34.57898730569382,46.0,0.0
tr|1.0|0.15|0.7,B,,0,,,176.19010946825995,10.663887983072772,-31.563478668247374,9.897823805195523,11.515194702708397,-33.87081501136686,-32.0804946844073,65.39607484133639,72.5,0.0
tr|1.0|0.15|0.7,F,,0,,,668.0700920745783,12.392027964418828,-31.221835161045647,11.686650319219432,13.003081859057003,-32.64021632896572,-32.27556522777166,50.84257759659492,118.0,0.0
tr|1.0|0.15|0.8,A,,0,,,213.9275936571844,13.45992347986189,-24.837393356129343,12.558861892461628,14.749027550848501,-29.001693734838298,-27.10891835028787,34.57898730569382,46.0,0.0
tr|1.0|0.15|0.8,B,,0,,,172.04118185347897,10.416102701456587,-31.563478668247374,9.670445352152479,11.345197629888007,-33.86911152562435,-32.103156858190324,65.56663438339793,70.5,0.0
tr|1.0|0.15|0.8,F,,0,,,650.7001531452732,12.248743679589547,-31.234619983471045,11.57253451684395,12.98385039047941,-32.63849010399933,-32.13651120596499,50.98196135013973,116.0,0.0
tr|1.0|0.15|None,A,,0,,,213.9275936571844,13.45992347986189,-24.837393356129343,12.558861892461628,14.749027550848501,-29.001693734838298,-27.10891835028787,34.57898730569382,46.0,0.0
tr|1.0|0.15|None,B,,0,,,172.04118185347897,10.416102701456587,-31.563478668247374,9.670445352152479,11.345197629888007,-33.86911152562435,-32.103156858190324,65.56663438339793,70.5,0.0
tr|1.0|0.15|None,F,,0,,,650.7001531452732,12.248743679589547,-31.234619983471045,11.57253451684395,12.98385039047941,-32.63849010399933,-32.13651120596499,50.98196135013973,116.0,0.0
tr|1.0|0.2|0.4,A,,0,,,236.22281563749416,14.583039727699376,-24.470430440018102,13.478747213970227,16.053559135704614,-27.980462288629393,-26.32151909843408,34.813792826613245,48.0,0.0
tr|1.0|0.2|0.4,B,,0,,,132.6967351767988,7.751795069033052,-32.72366211186195,6.725776724684011,9.206091671535637,-39.001351486145865,-35.41272559371814,66.21297909436822,92.5,0.0
tr|1.0|0.2|0.4,F,,0,,,592.7181143785971,11.741992281010226,-31.754031242772356,10.924095430479333,12.45004879533789,-37.65011709149802,-34.60378157631217,51.29734103337253,143.0,0.0
tr|1.0|0.2|0.5,A,,0,,,231.45514540383323,14.3510937780567,-24.64416922085516,13.176242658021655,15.978674765129483,-28.716033362945282,-26.95505825757087,35.3252351051637,48.5,0.0
tr|1.0|0.2|0.5,B,,0,,,143.12870069258287,8.521604674007389,-31.432316383294484,7.586344014776566,9.477509701217391,-32.60642999412885,-32.36286464793621,65.88720689974362,82.5,0.0
tr|1.0|0.2|0.5,F,,0,,,606.263054911728,11.863790863889879,-30.356294145474223,10.914100312374874,13.0991767649126,-32.811815616633325,-31.820213291476268,51.65083685060387,131.5,0.0
tr|1.0|0.2|0.6,A,,0,,,236.5837209048916,14.600308984084688,-24.820635402451725,13.298454775998698,16.2252788638037,-28.9827093687833,-27.089446572081844,36.06691417256454,46.0,0.0
tr|1.0|0.2|0.6,B,,0,,,151.6884178897256,9.116056210597101,-31.770917851530868,8.394557985671334,10.02813639724815,-34.15778908362028,-33.08915232618869,65.61015381820863,74.0,0.0
tr|1.0|0.2|0.6,F,,0,,,681.8485003473481,12.50340432934034,-31.379630650938743,11.311144431250764,13.330781938703856,-34.396233291434484,-33.442302448103305,51.994869472934,118.0,0.0
tr|1.0|0.2|0.7,A,,0,,,239.10201985403685,14.720907862984877,-24.819956812801745,13.403520931025751,16.33140656033394,-28.982019966468854,-27.0887388236757,36.14924194203758,46.0,0.0
tr|1.0|0.2|0.7,B,,0,,,159.33302690172758,9.621949277290852,-31.97176374106589,8.565926382712266,10.62206665438643,-35.03572543456013,-33.48841572038135,66.08858204724865,67.0,0.0
tr|1.0|0.2|0.7,F,,0,,,713.7971865764895,12.753227707942516,-30.698823044489615,12.085090980100484,13.722836570270056,-33.667114637397745,-31.858004087806908,51.98229014226279,118.0,0.0
tr|1.0|0.2|0.8,A,,0,,,239.10201985403685,14.720907862984877,-24.819956812801745,13.403520931025751,16.33140656033394,-28.982019966468854,-27.0887388236757,36.14924194203758,46.0,0.0
tr|1.0|0.2|0.8,B,,0,,,157.17093367507485,9.481182509639197,-31.98517262098427,8.364083114698447,10.484032157525103,-35.033750437278954,-33.48629772727154,66.27596398985311,66.0,0.0
tr|1.0|0.2|0.8,F,,0,,,703.9441065137296,12.67746247072713,-30.71181641277199,11.987320741179648,13.626684623358795,-33.69184911808506,-31.856339603825845,52.12175611958016,116.5,0.0
tr|1.0|0.2|None,A,,0,,,239.10201985403685,14.720907862984877,-24.819956812801745,13.403520931025751,16.33140656033394,-28.982019966468854,-27.0887388236757,36.14924194203758,46.0,0.0
tr|1.0|0.2|None,B,,0,,,157.17093367507485,9.481182509639197,-31.98517262098427,8.364083114698447,10.484032157525103,-35.033750437278954,-33.48629772727154,66.27596398985311,66.0,0.0
tr|1.0|0.2|None,F,,0,,,703.9441065137296,12.67746247072713,-30.71181641277199,11.987320741179648,13.626684623358795,-33.69184911808506,-31.856339603825845,52.12175611958016,116.5,0.0
tr|1.0|0.25|0.4,A,,0,,,254.8545813729604,15.450261083847339,-24.51327678055669,14.160439506407766,16.938836474807413,-28.021631487507925,-26.36143459456611,38.53425304167095,46.5,0.0
tr|1.0|0.25|0.4,B,,0,,,129.9129158470799,7.537149135151355,-31.816395006976787,6.679306701888151,8.533255419715793,-36.369670843988736,-34.45112889967135,66.63303928133293,89.5,0.0
tr|1.0|0.25|0.4,F,,0,,,590.8642731635289,11.725102281869981,-31.489772864985376,11.178375376222583,13.321281848378183,-34.457056780274385,-33.63503793866411,53.46180354071707,141.0,0.0
tr|1.0|0.25|0.5,A,,0,,,261.67008077676155,15.753464127221195,-24.600840468523543,14.299730799954702,17.024521198825177,-28.733801958023232,-26.843608883763743,39.005530338757225,48.0,0.0
tr|1.0|0.25|0.5,B,,0,,,140.91591603189278,8.362575755978385,-31.374667687324443,7.649698098293059,9.465481842743506,-32.63665249037698,-32.156211145289475,66.08400268917478,81.0,0.0
tr|1.0|0.25|0.5,F,,0,,,687.1900925962451,12.545686730006022,-30.935592378846096,11.671052956002095,13.967956759481906,-33.77054148452001,-32.569799184193634,54.02875338617168,132.5,0.0
tr|1.0|0.25|0.6,A,,0,,,246.61188140558033,15.073976724255655,-24.669329906117106,13.88224316901368,16.64392602198824,-28.828533339677687,-26.928605334325635,39.39937444004994,45.0,0.0
tr|1.0|0.25|0.6,B,,0,,,150.15114409251348,9.011647684928903,-31.43607275111242,8.41894583548449,10.15329364739017,-33.406056320719124,-32.588159082877006,66.04149344481611,73.0,0.0
tr|1.0|0.25|0.6,F,,0,,,728.799315728557,12.867166282916354,-31.215963808843323,11.507046824986315,13.708094371023957,-35.76188980326728,-33.141830875251,53.72189848567839,122.0,0.0
tr|1.0|0.25|0.7,A,,0,,,261.86592108682436,15.761012304366428,-24.668649278808513,14.050370125177272,17.012806691699577,-28.82784180033887,-26.927895367239092,39.530475870263636,44.5,0.0
tr|1.0|0.25|0.7,B,,0,,,170.52471155000717,10.324193128035164,-31.519460781038276,9.48968814134384,10.982787767973923,-34.414158228364954,-32.312786529896584,66.58783133420334,71.0,0.0
tr|1.0|0.25|0.7,F,,0,,,807.2545882597713,13.427403288003237,-31.439317514192037,12.498239487049172,14.383980863157305,-34.262014839669575,-33.46063258806444,54.50929629266397,119.5,0.0
tr|1.0|0.25|0.8,A,,0,,,261.86592108682436,15.761012304366428,-24.668649278808513,14.050370125177272,17.012806691699577,-28.82784180033887,-26.927895367239092,39.530475870263636,44.5,0.0
tr|1.0|0.25|0.8,B,,0,,,168.9380526990412,10.227222103605083,-31.518532908811032,9.29638329824863,10.81335309996729,-34.41237986099499,-32.335165128096655,66.81673058980041,69.0,0.0
tr|1.0|0.25|0.8,F,,0,,,770.4920064609172,13.171621429332681,-31.439317514192037,12.271352696382872,14.300514089493104,-34.262014839669575,-33.46045699364829,54.619882448440805,118.0,0.0
tr|1.0|0.25|None,A,,0,,,261.86592108682436,15.761012304366428,-24.668649278808513,14.050370125177272,17.012806691699577,-28.82784180033887,-26.927895367239092,39.530475870263636,44.5,0.0
tr|1.0|0.25|None,B,,0,,,168.9380526990412,10.227222103605083,-31.518532908811032,9.29638329824863,10.81335309996729,-34.41237986099499,-32.335165128096655,66.81673058980041,69.0,0.0
tr|1.0|0.25|None,F,,0,,,770.4920064609172,13.171621429332681,-31.439317514192037,12.271352696382872,14.300514089493104,-34.262014839669575,-33.46045699364829,54.619882448440805,118.0,0.0
tr|1.0|0.3|0.4,A,,0,,,295.02825089819345,17.1407916721424,-25.838008010169833,16.22768570507717,18.257358972646433,-28.846439934942257,-28.057654581687153,40.51286048732629,44.0,0.0
tr|1.0|0.3|0.4,B,,0,,,129.39589901245492,7.496686457295931,-32.07845339816065,6.504468315870349,8.505178091609016,-36.57319024139709,-34.550335216378315,68.01383098056135,92.0,0.0
tr|1.0|0.3|0.4,F,,0,,,740.6424184368035,12.954485229301827,-33.74492382974126,12.170677853574805,13.698220973965123,-36.291418543967325,-36.00401136430133,55.16919306671624,142.0,0.0
tr|1.0|0.3|0.5,A,,0,,,299.3113730392181,17.3089570955839,-26.542386598727624,16.006112792623835,19.461385599441023,-29.963688422052105,-28.707187163616748,41.50903066721631,44.0,0.0
tr|1.0|0.3|0.5,B,,0,,,143.9570644558773,8.580338808656707,-31.67590935103593,7.145606809121127,9.458838994788891,-33.52479956835509,-32.529856084216405,67.49156687735436,81.0,0.0
tr|1.0|0.3|0.5,F,,0,,,866.9910683431569,13.820477636397099,-33.785852741286995,12.509938362702972,14.62537170755766,-39.49582447153195,-35.687076473634484,55.69392662814092,132.5,0.0
tr|1.0|0.3|0.6,A,,0,,,299.8361370030735,17.32954462980961,-26.623550759246246,16.200815393638994,19.67864170162718,-30.06352190737053,-28.817820663513455,42.04009853971421,44.0,0.0
tr|1.0|0.3|0.6,B,,0,,,148.60576737246228,8.905613533025104,-32.5907153534107,8.169225201539813,9.666212615022081,-35.14949867151568,-34.92860763769571,67.35469427882947,73.0,0.0
tr|1.0|0.3|0.6,F,,0,,,880.1941675493945,13.904568949900098,-35.22466805182039,12.852000712993123,14.922557189142827,-41.84666652406709,-37.75619195708922,55.94152243316803,123.5,0.0
tr|1.0|0.3|0.7,A,,0,,,304.48080127971184,17.50868707319172,-26.58187078542687,16.474068287761426,19.77917894560541,-30.349014944329568,-28.846506137563054,41.87120825035622,43.0,0.0
tr|1.0|0.3|0.7,B,,0,,,163.81941408717512,9.908640724630269,-31.586774869114343,9.084182052598193,10.337983793633935,-33.96571107323471,-32.98058712697726,67.21625676806207,71.0,0.0
tr|1.0|0.3|0.7,F,,0,,,972.6117239955747,14.457159399620101,-34.48582928935376,13.619666071730233,15.422481718569077,-39.858029971891476,-36.4200487235074,55.75461090513638,120.5,0.0
tr|1.0|0.3|0.8,A,,0,,,304.48080127971184,17.50868707319172,-26.58187078542687,16.474068287761426,19.77917894560541,-30.349014944329568,-28.846506137563054,41.87120825035622,43.0,0.0
tr|1.0|0.3|0.8,B,,0,,,158.90745635848577,9.594399105172224,-31.598067380797197,8.641110113348178,10.200589614535616,-33.96412619250897,-33.001005382210174,67.43657670852852,70.0,0.0
tr|1.0|0.3|0.8,F,,0,,,973.2795889564261,14.460842579969135,-34.48582928935375,13.622077452490084,15.424861900038644,-39.858029971891476,-36.420048723507406,55.89780912376019,119.0,0.0
tr|1.0|0.3|None,A,,0,,,304.48080127971184,17.50868707319172,-26.58187078542687,16.474068287761426,19.77917894560541,-30.349014944329568,-28.846506137563054,41.87120825035622,43.0,0.0
tr|1.0|0.3|None,B,,0,,,158.90745635848577,9.594399105172224,-31.598067380797197,8.641110113348178,10.200589614535616,-33.96412619250897,-33.001005382210174,67.43657670852852,70.0,0.0
tr|1.0|0.3|None,F,,0,,,973.2795889564261,14.460842579969135,-34.48582928935375,13.622077452490084,15.424861900038644,-39.858029971891476,-36.420048723507406,55.89780912376019,119.0,0.0
tr|1.0|0.35|0.4,A,,0,,,267.0956548270374,15.989699263591328,-29.14934330267245,14.909033371819161,16.997357686386135,-33.03494322072431,-31.20941464013504,43.20189397776585,42.0,0.0
tr|1.0|0.35|0.4,B,,0,,,121.83304087982503,6.889559352428931,-33.097580868790885,5.4423238306389665,8.376911162074775,-37.302809009882054,-35.811690425450955,69.98789155827329,84.5,0.0
tr|1.0|0.35|0.4,F,,0,,,685.386744351956,12.531684101337937,-36.77382679867255,11.01459656312829,13.30803158878409,-41.74926413868756,-39.79307338030085,57.681496344074844,135.5,0.0
tr|1.0|0.35|0.5,A,,0,,,265.25806855926476,15.909799545379965,-29.477415930645655,15.106129145625403,18.271332249610893,-33.262692610531886,-31.47130526122775,43.87108833128489,42.0,0.0
tr|1.0|0.35|0.5,B,,0,,,130.32030953462274,7.568800836807377,-31.9723479788683,5.9776991881737755,9.095447264630991,-33.21081883385332,-32.97927030490953,69.1892372661256,77.5,0.0
tr|1.0|0.35|0.5,F,,0,,,753.4256711678998,13.049037572509704,-38.00581216406909,11.579507411597064,14.395573956401106,-43.60055842667957,-39.607359632434125,57.97984382609851,126.0,0.0
tr|1.0|0.35|0.6,A,,0,,,267.4460574060663,16.004326892461762,-29.68017427326963,15.202354763610215,18.383445162786714,-33.479674273218244,-31.702806517481925,44.32452380272404,39.0,0.0
tr|1.0|0.35|0.6,B,,0,,,138.50767549588969,8.186740145283677,-32.18439816781332,6.536815147202388,9.678574284628263,-35.00013559831173,-33.54588130490158,69.22245083906733,69.0,0.0
tr|1.0|0.35|0.6,F,,0,,,761.8182202993838,13.106231302684357,-38.502789247215006,12.127620497802482,14.49564810716168,-44.14870281806097,-40.255477502033685,58.15545370791758,116.5,0.0
tr|1.0|0.35|0.7,A,,0,,,269.0570975224724,16.07363413513836,-29.746039956342678,15.268291527412162,18.43343980030122,-33.68629555941665,-31.939220492966836,44.50539712603361,40.0,0.0
tr|1.0|0.35|0.7,B,,0,,,146.62966380530662,8.768570355450489,-32.974619755699855,8.37830912079168,9.79599641298741,-35.01031138751571,-34.4275050479402,69.20608675566456,65.0,0.0
tr|1.0|0.35|0.7,F,,0,,,830.6235316898883,13.584932790229265,-37.72304918108762,12.453161016427847,14.659887447079138,-42.306311534026555,-38.723189640474246,58.24685846394713,115.0,0.0
tr|1.0|0.35|0.8,A,,0,,,269.0570975224724,16.07363413513836,-29.746039956342678,15.268291527412162,18.43343980030122,-33.68629555941665,-31.939220492966836,44.50539712603361,40.0,0.0
tr|1.0|0.35|0.8,B,,0,,,142.9513564548215,8.5085648718478,-32.99793128901547,7.545177562213387,9.29778069653839,-35.01349530567671,-34.449077857564816,69.37631093921136,64.0,0.0
tr|1.0|0.35|0.8,F,,0,,,827.5796932421681,13.56472101083469,-37.72304918108762,12.974158413921904,14.6604521301951,-42.306311534026555,-38.723189640474246,58.35535585803806,114.0,0.0
tr|1.0|0.35|None,A,,0,,,269.0570975224724,16.07363413513836,-29.746039956342678,15.268291527412162,18.43343980030122,-33.68629555941665,-31.939220492966836,44.50539712603361,40.0,0.0
tr|1.0|0.35|None,B,,0,,,142.9513564548215,8.5085648718478,-32.99793128901547,7.545177562213387,9.29778069653839,-35.01349530567671,-34.449077857564816,69.37631093921136,64.0,0.0
tr|1.0|0.35|None,F,,0,,,827.5796932421681,13.56472101083469,-37.72304918108762,12.974158413921904,14.6604521301951,-42.306311534026555,-38.723189640474246,58.35535585803806,114.0,0.0
fx|0.3|0.4,A,,0,,,122.21742582287486,7.32286064901494,-11.844725942231749,6.7379597818521955,7.757809332415089,-14.875995705583279,-14.121643754344865,17.41088300556489,62.0,0.0
fx|0.3|0.4,B,,0,,,163.0025081495359,9.856606091705157,-22.97211942745745,9.217790998513916,11.16898229074966,-25.385178473368608,-25.219008721224583,39.44137360753617,133.0,0.0
fx|0.3|0.4,F,,0,,,341.6934308558665,8.798050801167111,-22.365578568364832,8.40702702101827,9.226030261486054,-24.95822256814716,-24.13172671045508,29.09850206145819,196.0,0.0
fx|0.3|0.5,A,,0,,,126.79846738938284,7.7158843482570845,-12.387139138852538,7.33269355446797,7.989652491060658,-15.691517912716545,-14.864574783949925,17.844503818294914,61.0,0.0
fx|0.3|0.5,B,,0,,,163.16110846402356,9.867007398493444,-24.753766641583212,8.892909510698011,10.863518668184325,-26.728307612027113,-25.693829369881687,42.44401960404095,126.0,0.0
fx|0.3|0.5,F,,0,,,341.2764035558813,8.79159285614074,-24.45809564281457,8.309479691489443,9.276711501214399,-27.15886409427364,-26.369680290926457,30.73517695749512,186.5,0.0
fx|0.3|0.6,A,,0,,,131.40833457468008,8.098654510507163,-11.492499645060516,7.732662020591338,8.373286512052132,-15.67256324612214,-14.01043249653684,18.514899452353056,61.0,0.0
fx|0.3|0.6,B,,0,,,160.39387291704378,9.690150516728835,-25.50932434858052,8.773410076030068,10.641317279998013,-29.73197563680362,-28.577469008177935,44.939263312549876,118.0,0.0
fx|0.3|0.6,F,,0,,,373.32917135428926,9.26606679384273,-24.464247058380277,8.396049760345333,9.63823147515653,-29.02050342467053,-27.7893639898869,32.25724507311378,179.5,0.0
fx|0.3|0.7,A,,0,,,133.09740204888885,8.235884003537997,-11.492499645060516,7.876241038015401,8.509947405757345,-15.671849655833636,-14.009714867025036,18.53099776853649,61.0,0.0
fx|0.3|0.7,B,,0,,,165.8004305821466,10.032923659386162,-25.466028121438555,9.075362525587705,10.892632765518742,-28.62645164104486,-26.868612970970823,45.61840638847369,117.0,0.0
fx|0.3|0.7,F,,0,,,388.9863460221883,9.483847076677776,-23.753362843438964,8.800953146197092,9.869916554556053,-26.958756592487056,-26.515975179952058,32.43152164435376,179.0,0.0
fx|0.3|0.8,A,,0,,,133.09740204888885,8.235884003537997,-11.492499645060516,7.876241038015401,8.509947405757345,-15.671849655833636,-14.009714867025036,18.53099776853649,61.0,0.0
fx|0.3|0.8,B,,0,,,165.76755928163976,10.03089453283479,-25.6661909081223,9.084467613676523,10.9413548286059,-28.82091973369194,-26.901598579645324,46.01490365806163,115.0,0.0
fx|0.3|0.8,F,,0,,,392.1639941272349,9.527018932080633,-23.8784908697196,8.84089487580705,9.882996923068646,-27.1540997400622,-26.63023523755849,32.5901246764448,177.5,0.0
fx|0.3|None,A,,0,,,133.09740204888885,8.235884003537997,-11.492499645060516,7.876241038015401,8.509947405757345,-15.671849655833636,-14.009714867025036,18.53099776853649,61.0,0.0
fx|0.3|None,B,,0,,,165.76755928163976,10.03089453283479,-25.6661909081223,9.084467613676523,10.9413548286059,-28.82091973369194,-26.901598579645324,46.01490365806163,115.0,0.0
fx|0.3|None,F,,0,,,392.1639941272349,9.527018932080633,-23.8784908697196,8.84089487580705,9.882996923068646,-27.1540997400622,-26.63023523755849,32.5901246764448,177.5,0.0
fx|0.4|0.4,A,,0,,,131.55890980202093,8.110748464840567,-17.700939442492402,7.217893967486158,8.731386301043083,-25.453450847427106,-24.494147720122054,20.97619405441023,58.0,0.0
fx|0.4|0.4,B,,0,,,172.24079733791376,10.428140439510358,-28.48366619213874,9.561789831592577,11.753888675659134,-29.507137197619226,-29.2699792490523,45.31161169300834,126.0,0.0
fx|0.4|0.4,F,,0,,,368.6040274189751,9.198591915800304,-26.687761153829825,8.778661567054662,9.680120480308155,-29.87376072030461,-29.50736511478169,34.04053648875461,183.0,0.0
fx|0.4|0.5,A,,0,,,136.68747207294388,8.52242402657769,-19.148290834966204,7.967367541292505,8.85379398684116,-25.318388517015002,-24.718719362512974,21.080748954687966,57.0,0.0
fx|0.4|0.5,B,,0,,,158.6585199507616,9.577852787332786,-28.991750675029227,8.483007379735811,10.864369374038345,-29.596921331958438,-29.343523832697777,48.977900164031226,116.0,0.0
fx|0.4|0.5,F,,0,,,363.9779486240873,9.131519782886578,-26.621243836837223,8.441387116815054,9.616969645187497,-29.970080455746405,-29.31009867855614,35.65150819948223,172.0,0.0
fx|0.4|0.6,A,,0,,,141.69138810429607,8.910698048123889,-20.347732512934837,8.46726628864561,9.270231912081424,-25.574668658169497,-24.974503558896753,21.870634837973746,58.0,0.0
fx|0.4|0.6,B,,0,,,157.88179162408994,9.527655389520062,-29.090339064968724,8.66618880939826,10.884927908780915,-30.965886836430766,-29.76651427474698,50.6785318218304,106.5,0.0
fx|0.4|0.6,F,,0,,,393.7460424144962,9.54827157212753,-27.20250620736034,8.669156976441668,10.10898116786903,-30.244834555786383,-29.58989225182136,36.88363297756332,163.0,0.0
fx|0.4|0.7,A,,0,,,143.76584106836472,9.068053621865701,-20.347032056855024,8.347538040941938,9.426247198195705,-25.573951256726758,-24.973791358928203,21.75973339408892,58.0,0.0
fx|0.4|0.7,B,,0,,,172.09984604918105,10.41965240538577,-29.090339064968717,9.386169583417084,11.670954035505561,-31.33812155723016,-29.4558492663089,51.059573484280676,104.0,0.0
fx|0.4|0.7,F,,0,,,420.2920161121165,9.895067669251912,-27.002654715090074,8.799559896155587,10.28430119537946,-30.255778532004097,-29.588016392729294,37.08436858332503,161.0,0.0
fx|0.4|0.8,A,,0,,,143.76584106836472,9.068053621865701,-20.347032056855024,8.347538040941938,9.426247198195705,-25.573951256726758,-24.973791358928203,21.75973339408892,58.0,0.0
fx|0.4|0.8,B,,0,,,172.12586628739263,10.421220531841591,-29.090339064968717,9.395588403887567,11.664133684853969,-31.419471116782184,-29.48177432934952,51.09143233544425,103.0,0.0
fx|0.4|0.8,F,,0,,,430.02467742906333,10.017257788718892,-27.11554283873853,8.760339770859824,10.278089331266111,-30.255778532004097,-29.588016392729294,37.082451203751454,160.5,0.0
fx|0.4|None,A,,0,,,143.76584106836472,9.068053621865701,-20.347032056855024,8.347538040941938,9.426247198195705,-25.573951256726758,-24.973791358928203,21.75973339408892,58.0,0.0
fx|0.4|None,B,,0,,,172.388734338659,10.437071570310996,-29.090339064968717,9.412303869432973,11.67787686294177,-31.419471116782184,-29.48177432934952,51.09714614833567,103.0,0.0
fx|0.4|None,F,,0,,,430.6254131200198,10.024702191565616,-27.11554283873853,8.770095157495728,10.285892993293862,-30.255778532004097,-29.588016392729294,37.08560222810797,160.5,0.0
fx|0.5|0.4,A,,0,,,136.48516344653834,8.50645372024209,-23.27679150695933,7.995161399971069,9.33003420532041,-26.1921069316575,-24.690536468882097,24.979813122063213,54.5,0.0
fx|0.5|0.4,B,,0,,,167.8855992865901,10.161941990112322,-28.367887645400103,9.158931412561532,11.38439900955556,-29.39191881134947,-29.153711655515085,49.11301006724047,118.5,0.0
fx|0.5|0.4,F,,0,,,387.8261873347545,9.467965413653479,-26.521523547676406,8.837649839637445,9.64779517849953,-29.936497517781557,-29.430375403873732,37.81203063022397,173.0,0.0
fx|0.5|0.5,A,,0,,,142.4748196077655,8.970371499713126,-22.349159041439272,8.540974741260385,9.133147124610339,-27.139359952070453,-25.429614182486375,25.144318240131952,55.0,0.0
fx|0.5|0.5,B,,0,,,167.0434608759456,10.110159347776603,-28.874504812912814,9.113395197538406,11.05358773655809,-29.478527282915344,-29.227218774764367,51.48281956702046,112.0,0.0
fx|0.5|0.5,F,,0,,,395.39828360058954,9.57052892223813,-27.395222552214697,8.727758136198586,10.00295684726905,-29.853736798855056,-29.194679749255886,38.99241549236994,164.5,0.0
fx|0.5|0.6,A,,0,,,149.92419886600686,9.523423744098148,-22.68089545905907,8.963837447809764,9.882491144714175,-27.419816357923168,-25.711573100838446,26.152783590134774,54.5,0.0
fx|0.5|0.6,B,,0,,,168.94186651440612,10.227349434713318,-29.06734813235686,9.255249477853402,11.259291584724867,-32.01579164321282,-29.5309593775731,53.065082424929955,105.5,0.0
fx|0.5|0.6,F,,0,,,435.8925577860847,10.089685479241883,-27.927467888706175,9.150048047313074,10.602001418952153,-30.429966351236626,-29.742587111969648,40.59323209946796,157.5,0.0
fx|0.5|0.7,A,,0,,,152.07622292653375,9.678586900133713,-22.680198168491195,9.099904206554047,9.800184762661264,-27.419109417821307,-25.710856610270966,25.895989190256813,54.0,0.0
fx|0.5|0.7,B,,0,,,184.1050547177916,11.121887655194374,-28.9727354920489,10.029293515463552,12.076372872098249,-29.773725472046277,-29.33924216650876,53.735500515349614,102.5,0.0
fx|0.5|0.7,F,,0,,,476.2020019109413,10.562250904646875,-27.68524605893834,9.480455853946248,10.997884282422124,-30.42394493817654,-29.736859595887143,40.376869600639225,155.0,0.0
fx|0.5|0.8,A,,0,,,152.07622292653375,9.678586900133713,-22.680198168491195,9.099904206554047,9.800184762661264,-27.419109417821307,-25.710856610270966,25.895989190256813,54.0,0.0
fx|0.5|0.8,B,,0,,,184.33638900936194,11.1352971711851,-28.9727354920489,9.997834840616012,12.066692276806497,-29.798700068318784,-29.33924216650876,54.13063610194975,102.0,0.0
fx|0.5|0.8,F,,0,,,479.5129997561535,10.599384664929124,-27.62346804116909,9.731251669143177,10.983644767117637,-30.42394493817654,-29.736859595887143,40.45778517251546,154.5,0.0
fx|0.5|None,A,,0,,,152.07622292653375,9.678586900133713,-22.680198168491195,9.099904206554047,9.800184762661264,-27.419109417821307,-25.710856610270966,25.895989190256813,54.0,0.0
fx|0.5|None,B,,0,,,184.59115727209115,11.149736420637568,-28.9727354920489,10.024543571762818,12.080263499168273,-29.798700068318784,-29.33924216650876,54.13658985758752,102.0,0.0
fx|0.5|None,F,,0,,,480.18422297449615,10.60688040039105,-27.62346804116909,9.7093692089866,10.990647728316043,-30.42394493817654,-29.736859595887143,40.460784452109216,154.5,0.0
fx|0.6|0.4,A,,0,,,146.15678272104094,9.246890305707689,-22.614420163680286,8.902856398043427,9.842348899648137,-25.96015188641385,-24.23874883413281,26.39272798138746,52.5,0.0
fx|0.6|0.4,B,,0,,,140.90617754399736,8.36196705915656,-30.95483946206567,6.850567876217413,9.125096425125728,-31.9892806455599,-31.584680380789713,54.10740324379149,110.0,0.0
fx|0.6|0.4,F,,0,,,351.8285900164079,8.952035952276171,-31.391204065818677,8.429094287077167,9.520281831553161,-32.036998161636,-31.972476315242716,40.91620455100483,163.0,0.0
fx|0.6|0.5,A,,0,,,154.3564320880672,9.840833817949978,-23.39132105889466,9.165361085123457,10.248954461516464,-26.784984250751997,-25.068903995811876,26.808540131725977,49.0,0.0
fx|0.6|0.5,B,,0,,,137.094937221604,8.08281240827835,-30.859180399367315,7.082886757479353,9.229297918225024,-31.9756299142933,-31.734009931586893,56.61425316634515,101.0,0.0
fx|0.6|0.5,F,,0,,,352.61802323808985,8.963851491354479,-31.353951363733117,8.434771976872938,9.62954579659932,-31.882926308331417,-31.788537689326606,42.53070640676565,150.0,0.0
fx|0.6|0.6,A,,0,,,158.59978347828294,10.137134457818853,-23.221991455463503,9.56136054123061,10.539586136291346,-26.64182863473201,-24.921524144398155,27.442202506735143,47.5,0.0
fx|0.6|0.6,B,,0,,,145.14102633047762,8.664022149224493,-31.104865995503715,8.060466468140417,9.40229265488394,-32.07922198912561,-31.836033156454352,57.04802861483552,94.5,0.0
fx|0.6|0.6,F,,0,,,376.09672928446565,9.305125299753392,-31.20392602772497,8.926062819125065,10.261965132387711,-31.738895532189094,-31.567284999340977,42.97412118620513,141.0,0.0
fx|0.6|0.7,A,,0,,,159.95051583078484,10.229953866194597,-23.221281598500603,9.662582129125168,10.633743016312861,-26.6411209555641,-24.92080689612118,27.188558770416382,47.0,0.0
fx|0.6|0.7,B,,0,,,158.70331663942892,9.581070925395284,-31.168877702151025,8.747773805957422,10.637500281503243,-32.40361510222643,-32.00428974721264,58.368665324674794,92.0,0.0
fx|0.6|0.7,F,,0,,,413.5513281429907,9.809077243301001,-31.20127243572981,9.532970256563198,10.420007241274183,-31.735818756857658,-31.564376099241144,43.3415468695823,138.0,0.0
fx|0.6|0.8,A,,0,,,159.95051583078484,10.229953866194597,-23.221281598500603,9.662582129125168,10.633743016312861,-26.6411209555641,-24.92080689612118,27.188558770416382,47.0,0.0
fx|0.6|0.8,B,,0,,,158.83391431241512,9.589524886703437,-31.168877702151022,8.725894956350464,10.645749654307087,-32.42824880491915,-32.00428974721262,58.77188474878536,90.0,0.0
fx|0.6|0.8,F,,0,,,413.41710944526676,9.806963801557567,-31.20127243572981,9.498791117583508,10.390975672592933,-31.735818756857658,-31.56437609924113,43.61192388034143,136.5,0.0
fx|0.6|None,A,,0,,,159.95051583078484,10.229953866194597,-23.221281598500603,9.662582129125168,10.633743016312861,-26.6411209555641,-24.92080689612118,27.188558770416382,47.0,0.0
fx|0.6|None,B,,0,,,158.5625163949613,9.57171177932673,-31.168877702151022,8.741302444176394,10.658873363174685,-32.42824880491915,-32.00428974721262,58.77751198829498,90.0,0.0
fx|0.6|None,F,,0,,,414.19371257303607,9.816991594861225,-31.20127243572981,9.506733955106643,10.39816562891085,-31.735818756857658,-31.56437609924113,43.6149566946292,136.5,0.0
fx|0.8|0.4,A,,0,,,168.41282887296063,10.795905124998328,-24.54931300851345,10.507648617792764,11.372332988812014,-28.064013758864647,-26.406986824226287,28.956954292673032,48.0,0.0
fx|0.8|0.4,B,,0,,,131.90664273217706,7.690217525933873,-31.190318490920383,6.514719838787897,9.01093895537866,-36.280527504822224,-33.36905846016375,59.30429934842374,101.0,0.0
fx|0.8|0.4,F,,0,,,374.9493310837036,9.288917769915383,-31.387876281490772,8.908976712509391,9.899814487949417,-32.03352639618247,-31.968054756887494,45.22441357156753,149.0,0.0
fx|0.8|0.5,A,,0,,,184.25617947169667,11.789859326224072,-24.730628992468795,11.066003222619143,11.866085726677644,-28.808573829860784,-27.05079596689336,29.558918558374238,51.0,0.0
fx|0.8|0.5,B,,0,,,128.58991939821402,7.433656200482908,-31.130220469230757,6.3745959372850285,8.902492759257076,-33.291187004700895,-32.06142665692044,61.30422938211761,91.5,0.0
fx|0.8|0.5,F,,0,,,404.86363217889476,9.696345046768595,-31.358276846634975,9.094028580413461,10.073443230132098,-33.441505597641964,-31.856504620512876,46.06715602480106,142.5,0.0
fx|0.8|0.6,A,,0,,,188.2691714630154,12.029368101829096,-24.806504266401557,11.305272879387447,12.11169499423957,-28.972492836327234,-27.080038365114735,30.327472262692456,48.0,0.0
fx|0.8|0.6,B,,0,,,143.22252452771775,8.528281665491743,-31.369113322407944,7.808353895096298,9.8635299009638,-34.33484181576465,-33.40605564021411,61.82183790697897,87.0,0.0
fx|0.8|0.6,F,,0,,,475.43818533325407,10.554174602539712,-31.406455350673777,9.988838504033925,11.14866079221166,-31.952977912989976,-31.76972726883149,46.59773695560374,133.5,0.0
fx|0.8|0.7,A,,0,,,184.49490969167897,11.804236554357683,-24.80581707412371,11.383961488496464,12.290277190897186,-28.97179475847106,-27.079321720808146,29.79849949473038,47.0,0.0
fx|0.8|0.7,B,,0,,,156.22394590248192,9.418964244766148,-31.16682078239928,8.90981577449074,10.3832633767111,-32.07733903887055,-31.834180494552992,62.525785569293326,84.0,0.0
fx|0.8|0.7,F,,0,,,501.9726249314255,10.84481761854519,-31.400977672856506,10.296328189200619,11.312646695243345,-31.951583973257513,-31.768742921758847,47.0792744111746,130.0,0.0
fx|0.8|0.8,A,,0,,,184.49490969167897,11.804236554357683,-24.80581707412371,11.383961488496464,12.290277190897186,-28.97179475847106,-27.079321720808146,29.79849949473038,47.0,0.0
fx|0.8|0.8,B,,0,,,154.98202977140497,9.33682187035474,-31.166820782399274,8.852689726752134,10.336095924358329,-32.07733903887055,-31.83418049455298,62.88954610194371,82.0,0.0
fx|0.8|0.8,F,,0,,,500.72877011258146,10.83144380937544,-31.400977672856513,10.212941718074758,11.300301077514696,-31.951583973257513,-31.768742921758843,47.3694665725377,128.5,0.0
fx|0.8|None,A,,0,,,184.49490969167897,11.804236554357683,-24.80581707412371,11.383961488496464,12.290277190897186,-28.97179475847106,-27.079321720808146,29.79849949473038,47.0,0.0
fx|0.8|None,B,,0,,,155.20355035445337,9.351512595510636,-31.166820782399274,8.866286893505785,10.336095924358329,-32.07733903887055,-31.83418049455298,62.871157687314394,82.0,0.0
fx|0.8|None,F,,0,,,500.72877011258146,10.83144380937544,-31.400977672856513,10.212941718074758,11.300301077514696,-31.951583973257513,-31.768742921758843,47.3694665725377,128.5,0.0
fx|1.0|0.4,A,,0,,,202.0134543475284,12.816236303438755,-24.4651250462336,12.100922985038634,13.033191661144764,-27.977020233994242,-26.31767741894405,31.394801631735724,48.0,0.0
fx|1.0|0.4,B,,0,,,120.77996271329847,6.802090979891773,-31.374344066380537,5.38070076082694,8.566552505026511,-35.88403464336694,-33.22507290707411,64.2143137877712,91.5,0.0
fx|1.0|0.4,F,,0,,,425.3644249748146,9.959379216363706,-31.72520869029089,9.361771689269844,10.818063466842979,-35.669903455765095,-32.82055169625974,48.57070996421927,141.5,0.0
fx|1.0|0.5,A,,0,,,201.49978680455825,12.787708578631229,-24.646555458296998,12.09281142087448,13.378526498892535,-28.721891308859494,-26.960550252108757,31.91017840378494,49.0,0.0
fx|1.0|0.5,B,,0,,,126.8199852655317,7.293298459354691,-31.473734797638535,6.53872854439613,8.177607662018026,-33.26430759766975,-32.87954240374256,64.44037305366066,80.5,0.0
fx|1.0|0.5,F,,0,,,483.27826751700246,10.641699560718653,-30.079024424078526,9.937191626156153,11.003081405390109,-32.31090836492422,-31.111972884907075,49.018397374402646,134.5,0.0
fx|1.0|0.6,A,,0,,,197.32025886779542,12.553121154888425,-24.82240484852775,12.20642435803572,13.102853957831833,-28.98801560108234,-27.094302347706,32.02193205652256,46.5,0.0
fx|1.0|0.6,B,,0,,,134.92732351286057,7.92090324443987,-31.575539273051433,7.135198223763551,8.364430021815949,-33.05246982894252,-32.50087257961501,64.48730592719154,74.0,0.0
fx|1.0|0.6,F,,0,,,485.9126386377445,10.670994177579395,-30.24192264161502,9.942337372122852,11.253910072762299,-32.75261185899031,-31.78856393288075,49.56639650832702,121.0,0.0
fx|1.0|0.7,A,,0,,,200.9563835615489,12.757456829675796,-24.821717152782874,12.285039748104024,13.298434906636064,-28.987316964664988,-27.09358511361325,31.88525338008537,46.0,0.0
fx|1.0|0.7,B,,0,,,146.16909577239937,8.73637288756396,-31.203697042038804,8.068264677993206,9.552598800007365,-33.44365600550333,-32.239369320691196,65.15031586689088,72.0,0.0
fx|1.0|0.7,F,,0,,,544.068506422236,11.279126460261734,-30.36455064551217,10.843492323238516,11.71533793312396,-32.07073686689117,-31.320488736586938,49.381116830568594,120.0,0.0
fx|1.0|0.8,A,,0,,,200.9563835615489,12.757456829675796,-24.821717152782874,12.285039748104024,13.298434906636064,-28.987316964664988,-27.09358511361325,31.88525338008537,46.0,0.0
fx|1.0|0.8,B,,0,,,145.36064533861767,8.679659079587076,-31.214897778401923,8.007422293785785,9.470295919302217,-33.44164628406697,-32.26252586703297,65.38058757189425,70.5,0.0
fx|1.0|0.8,F,,0,,,544.3392489972588,11.28137159284247,-30.37755541781135,10.75836757331551,11.730688907509426,-32.09747057242789,-31.343372695793935,49.42325403291598,118.0,0.0
fx|1.0|None,A,,0,,,200.9563835615489,12.757456829675796,-24.821717152782874,12.285039748104024,13.298434906636064,-28.987316964664988,-27.09358511361325,31.88525338008537,46.0,0.0
fx|1.0|None,B,,0,,,145.36064533861767,8.679659079587076,-31.214897778401923,8.007422293785785,9.470295919302217,-33.44164628406697,-32.26252586703297,65.38058757189425,70.5,0.0
fx|1.0|None,F,,0,,,544.3392489972588,11.28137159284247,-30.37755541781135,10.75836757331551,11.730688907509426,-32.09747057242789,-31.343372695793935,49.42325403291598,118.0,0.0
t2|0.4|0.05|0.8|0.2|0.4,A,,0,,,149.49383406647425,9.492161763786111,-19.023871495119316,8.70742304702992,9.931931558957984,-25.182352034848265,-24.564344216352616,22.639737251865892,58.0,0.0
t2|0.4|0.05|0.8|0.2|0.4,B,,0,,,167.71701683458045,10.152038148703946,-28.527675416816123,9.57852631462867,11.580138764227433,-29.551081547256707,-29.314324355344006,46.56735632613873,126.0,0.0
t2|0.4|0.05|0.8|0.2|0.4,F,,0,,,435.23339321203304,10.081698931345084,-27.07139160697199,9.441747258884698,10.412333568468737,-29.917989150162725,-29.55130947576062,35.23573090791192,181.5,0.0
t2|0.4|0.05|0.8|0.2|0.6,A,,0,,,157.9105459076718,10.089514154588242,-21.0974307568428,9.505154693776811,10.495489420395387,-25.736144955105,-24.733364558422245,23.680765299169572,57.5,0.0
t2|0.4|0.05|0.8|0.2|0.6,B,,0,,,161.7409122089663,9.7766471317145,-29.263364265591996,8.804554079286325,11.28472976186927,-30.14121790629859,-29.63441303850361,51.66232084735638,109.0,0.0
t2|0.4|0.05|0.8|0.2|0.6,F,,0,,,453.6873382619494,10.303504355821557,-27.935300848983925,9.142518781698831,10.861722658762279,-30.593222106007,-29.895451192861007,38.154590873716934,166.0,0.0
t2|0.4|0.05|0.8|0.2|0.7,A,,0,,,160.2733704857839,10.25205197644593,-21.096740490818753,9.672774328574068,10.654704221583604,-25.73542766982794,-24.732652472941762,23.656996817690295,57.5,0.0
t2|0.4|0.05|0.8|0.2|0.7,B,,0,,,170.71257509028382,10.335138187778137,-29.135121479502097,9.67621047571531,11.950977699225723,-29.907606853115155,-29.500156814441976,52.13217176526017,104.0,0.0
t2|0.4|0.05|0.8|0.2|0.7,F,,0,,,499.37339811014215,10.817217384817102,-27.445608332219834,9.609088183884332,11.162462388462158,-30.24020920949343,-29.57517730725769,38.40933311353374,163.0,0.0
t2|0.4|0.05|0.8|0.2|None,A,,0,,,160.2733704857839,10.25205197644593,-21.096740490818753,9.672774328574068,10.654704221583604,-25.73542766982794,-24.732652472941762,23.656996817690295,57.5,0.0
t2|0.4|0.05|0.8|0.2|None,B,,0,,,174.7613699340245,10.578746452182886,-29.135121479502097,9.736046208202502,12.027140643561717,-30.104648351724762,-29.500156814441976,52.48314369856813,103.5,0.0
t2|0.4|0.05|0.8|0.2|None,F,,0,,,499.10878678043315,10.81482819539088,-27.528944298412235,9.658150871576451,11.154022855720031,-30.24020920949343,-29.57517730725769,38.43432517335602,162.0,0.0
t2|0.4|0.05|0.8|0.25|0.4,A,,0,,,147.21139827624245,9.324952953648168,-19.023871495119298,8.537652193708878,9.772282925647199,-25.182352034848254,-24.564344216352627,22.99507276639165,58.0,0.0
t2|0.4|0.05|0.8|0.25|0.4,B,,0,,,168.9850530585739,10.229916345723744,-28.527675416816123,9.745818696100043,11.72453207814413,-29.551081547256707,-29.405576876729437,47.21172373857053,125.5,0.0
t2|0.4|0.05|0.8|0.25|0.4,F,,0,,,433.3666155746443,10.058765801046876,-27.738861992168296,9.466151371485429,10.400619879389064,-30.02499971257192,-29.551309475760608,35.56758635942444,182.0,0.0
t2|0.4|0.05|0.8|0.25|0.6,A,,0,,,155.59938057680364,9.928397355601648,-21.097430756842794,9.341650109960467,10.335692233153223,-25.73614495510501,-24.733364558422245,24.03674451039635,57.5,0.0
t2|0.4|0.05|0.8|0.25|0.6,B,,0,,,162.89923669534534,9.850445175203127,-29.394574755503523,8.923431909570741,11.31323926288467,-31.45877358452558,-30.13188051513235,52.02919463652127,108.5,0.0
t2|0.4|0.05|0.8|0.25|0.6,F,,0,,,458.859187122016,10.363949209599932,-28.727950577498284,9.24638256034281,10.865041258504453,-30.9111896843823,-30.256397289754815,38.423680426896965,167.0,0.0
t2|0.4|0.05|0.8|0.25|0.7,A,,0,,,157.94878939555298,10.092162865724097,-21.09674049081876,9.51054806902862,10.496085281255725,-25.73542766982794,-24.73265247294174,24.012332393492002,57.5,0.0
t2|0.4|0.05|0.8|0.25|0.7,B,,0,,,170.95197451495227,10.34945599993,-29.135121479502097,9.690297957847841,11.987684231353366,-30.2544564308698,-29.509044420606113,52.63986896940076,104.0,0.0
t2|0.4|0.05|0.8|0.25|0.7,F,,0,,,495.0472792324029,10.770242531825048,-27.939301418299134,9.617763199575046,11.153672963503373,-30.248099482262102,-29.603935641965162,38.79776363181856,163.0,0.0
t2|0.4|0.05|0.8|0.25|None,A,,0,,,157.94878939555298,10.092162865724097,-21.09674049081876,9.51054806902862,10.496085281255725,-25.73542766982794,-24.73265247294174,24.012332393492002,57.5,0.0
t2|0.4|0.05|0.8|0.25|None,B,,0,,,176.01924676757667,10.653547043554102,-29.135121479502097,9.785919414241388,11.990448314022842,-30.451607899104815,-29.572927001794756,52.87032421229261,103.5,0.0
t2|0.4|0.05|0.8|0.25|None,F,,0,,,489.0899348697123,10.705932667783824,-27.939301418299134,9.633019086036159,11.15462500787637,-30.248099482262102,-29.62444475202741,38.920878050965904,161.5,0.0
t2|0.4|0.05|0.8|0.3|0.4,A,,0,,,144.54677203501478,9.12676503826404,-19.023871495119298,8.33471871692741,9.580880536916302,-25.182352034848254,-24.56434421635263,23.02585393293975,58.0,0.0
t2|0.4|0.05|0.8|0.3|0.4,B,,0,,,172.53809221203738,10.445644734575687,-28.527863077113675,9.697268620097802,11.669266021370731,-30.715278287674998,-29.534436364544035,47.412858979486785,126.0,0.0
t2|0.4|0.05|0.8|0.3|0.4,F,,0,,,427.23976855922956,9.98282850504748,-28.452603839180174,9.425565334344665,10.293730908003491,-31.284421926499483,-29.56197764217577,35.65296000136682,183.0,0.0
t2|0.4|0.05|0.8|0.3|0.6,A,,0,,,151.9773229938999,9.671504769724226,-21.097430756842794,9.085364912040587,10.101839334291693,-25.73614495510501,-24.733364558422245,24.07472855839965,57.5,0.0
t2|0.4|0.05|0.8|0.3|0.6,B,,0,,,165.77548490852726,10.031458998196396,-29.394574755503523,8.946218631762852,11.377173839044682,-33.9622447577547,-31.220418397384996,52.455384559990726,109.0,0.0
t2|0.4|0.05|0.8|0.3|0.6,F,,0,,,452.7797917944407,10.292787393965908,-28.94273366246583,9.093946567454573,10.704894202756462,-31.29711870448959,-30.917430820265658,38.80162272016778,166.0,0.0
t2|0.4|0.05|0.8|0.3|0.7,A,,0,,,154.31426886010576,9.837873558232124,-21.09674049081876,9.256949076654164,10.264367686252122,-25.73542766982794,-24.73265247294174,24.049599312875593,57.5,0.0
t2|0.4|0.05|0.8|0.3|0.7,B,,0,,,175.55569548177257,10.625846536214533,-29.14666688931588,10.004753745454826,12.026013686529971,-30.641401485247176,-29.74104375505299,53.12145795988322,104.0,0.0
t2|0.4|0.05|0.8|0.3|0.7,F,,0,,,479.25223380956743,10.596794152876265,-27.944569159165834,9.644149344196302,11.098811503994776,-30.52991750700884,-29.911134726023015,39.07879267558446,162.0,0.0
t2|0.4|0.05|0.8|0.3|None,A,,0,,,154.31426886010576,9.837873558232124,-21.09674049081876,9.256949076654164,10.264367686252122,-25.73542766982794,-24.73265247294174,24.049599312875593,57.5,0.0
t2|0.4|0.05|0.8|0.3|None,B,,0,,,177.13634260301203,10.719088733391969,-29.14666688931588,10.04888788808114,12.047495438513845,-30.838636400880137,-29.787294622078615,53.272142034448436,103.0,0.0
t2|0.4|0.05|0.8|0.3|None,F,,0,,,493.2682978453314,10.751002624643846,-28.015498505575074,9.664181860794175,11.115960365823385,-30.552685547283776,-29.911134726023015,39.20150069430747,161.0,0.0
t2|0.4|0.05|0.8|0.35|0.4,A,,0,,,140.08102423215516,8.786946284520148,-21.667563813412933,8.318313573805023,9.377992146675878,-27.074569411598894,-24.639815989987266,23.795655375240386,58.0,0.0
t2|0.4|0.05|0.8|0.35|0.4,B,,0,,,186.46271964109022,11.255240564328318,-28.73354329811537,9.95066402606785,12.356862355599475,-33.455095346164164,-31.1345826670209,48.35737368535149,125.0,0.0
t2|0.4|0.05|0.8|0.35|0.4,F,,0,,,463.8302111536777,10.42168466044423,-29.27867847022656,9.864877256534346,11.086658265384466,-32.02416389660123,-31.466536319567627,36.973464918631926,183.5,0.0
t2|0.4|0.05|0.8|0.35|0.6,A,,0,,,151.07837316595078,9.606848743168994,-21.098127122971945,9.219165680544476,10.013132846647148,-25.625585927534633,-24.624147479766474,24.80877418888373,58.0,0.0
t2|0.4|0.05|0.8|0.35|0.6,B,,0,,,172.7367419146759,10.457991572619596,-29.44176130024763,9.138744426252432,11.886271422927901,-36.36828330217096,-32.586794583002835,53.040036801809464,109.0,0.0
t2|0.4|0.05|0.8|0.35|0.6,F,,0,,,470.23191118158286,10.495046701709576,-29.617326899802883,9.394424398368866,11.37088318414211,-33.14795455667774,-31.861536568319927,39.81822021932295,167.0,0.0
t2|0.4|0.05|0.8|0.35|0.7,A,,0,,,153.2578708620294,9.762887410580245,-21.097455564600082,9.133910048859107,10.170338351088828,-25.624887993525636,-24.623454602654963,24.784248223556254,58.0,0.0
t2|0.4|0.05|0.8|0.35|0.7,B,,0,,,181.99809848740412,11.000783646717727,-29.474372817829792,10.063624707606875,12.572656584301184,-32.81360419214545,-31.239979115597155,53.85371950074058,104.0,0.0
t2|0.4|0.05|0.8|0.35|0.7,F,,0,,,504.5909511043588,10.8735589744008,-29.545026135836473,9.563255476180172,11.8327622517097,-33.3876978980191,-32.246734320029525,39.98441821932383,162.0,0.0
t2|0.4|0.05|0.8|0.35|None,A,,0,,,153.2578708620294,9.762887410580245,-21.097455564600082,9.133910048859107,10.170338351088828,-25.624887993525636,-24.623454602654963,24.784248223556254,58.0,0.0
t2|0.4|0.05|0.8|0.35|None,B,,0,,,183.00157945765423,11.05841068644513,-29.474372817829792,10.08760215020175,12.659433128827018,-32.97473502595943,-31.452280287949748,54.22902405386015,103.0,0.0
t2|0.4|0.05|0.8|0.35|None,F,,0,,,508.99778223887233,10.920302772442469,-29.545026135836473,9.581102842704073,11.879173682484753,-33.545665711064366,-32.2667596887905,40.14755082889048,161.0,0.0
t2|0.4|0.05|1.0|0.2|0.4,A,,0,,,149.4252174993189,9.487168607978703,-19.023871495119288,8.702465632107929,9.926918308766993,-25.182352034848265,-24.56434421635262,22.522730237698834,58.0,0.0
t2|0.4|0.05|1.0|0.2|0.4,B,,0,,,163.75255756330347,9.90436450042277,-28.527675416816123,9.363740663472116,11.3979136954065,-29.551081547256707,-29.314324355344006,46.32765997175621,125.0,0.0
t2|0.4|0.05|1.0|0.2|0.4,F,,0,,,428.7306627007732,10.001403786668984,-27.071391606972018,9.329964512247253,10.313627479861523,-29.91798915016276,-29.55130947576062,35.15423692985863,182.0,0.0
t2|0.4|0.05|1.0|0.2|0.6,A,,0,,,159.79430767785226,10.219275329049315,-21.09743075684279,9.642434395396451,10.632288992668446,-25.736144955105022,-24.733364558422256,23.5586066701896,57.5,0.0
t2|0.4|0.05|1.0|0.2|0.6,B,,0,,,157.8419808050794,9.525035338182242,-29.394574755503523,8.701802614259487,11.06401722660027,-31.15047837689149,-30.03763054173403,51.59786893843973,108.5,0.0
t2|0.4|0.05|1.0|0.2|0.6,F,,0,,,452.50261659572794,10.289487259364005,-28.027852025521437,9.303683646013264,10.699754526381632,-30.71407470605889,-29.890631878886907,38.118687574325335,165.5,0.0
t2|0.4|0.05|1.0|0.2|0.7,A,,0,,,162.15606182562314,10.38002653292759,-21.096740490818753,9.808104412256718,10.789669361009171,-25.73542766982796,-24.732652472941755,23.534924459755633,57.5,0.0
t2|0.4|0.05|1.0|0.2|0.7,B,,0,,,169.78668239556657,10.278504413693545,-29.135121479502097,9.640063472403757,11.733128726154012,-29.975754416664767,-29.500156814441976,52.14456203849379,104.0,0.0
t2|0.4|0.05|1.0|0.2|0.7,F,,0,,,491.73614847516876,10.73480310831123,-27.505396365020076,9.617693310233296,11.097941944969643,-30.234986019780397,-29.57038433181195,38.2926650228685,163.0,0.0
t2|0.4|0.05|1.0|0.2|None,A,,0,,,162.15606182562314,10.38002653292759,-21.096740490818753,9.808104412256718,10.789669361009171,-25.73542766982796,-24.732652472941755,23.534924459755633,57.5,0.0
t2|0.4|0.05|1.0|0.2|None,B,,0,,,174.0137996908958,10.534232596157855,-29.135121479502097,9.617098571880508,11.80918000612543,-30.17279927374782,-29.500156814441976,52.46064963289043,103.5,0.0
t2|0.4|0.05|1.0|0.2|None,F,,0,,,493.6985648900768,10.756323103175024,-27.580806020763266,9.630135155421456,11.092267320881728,-30.234986019780397,-29.57038433181195,38.42067788211418,161.5,0.0
t2|0.4|0.05|1.0|0.25|0.4,A,,0,,,146.34154535381018,9.260613299445453,-19.023871495119288,8.473775296023591,9.707679500836393,-25.182352034848265,-24.56434421635262,22.606173286886953,58.0,0.0
t2|0.4|0.05|1.0|0.25|0.4,B,,0,,,166.28523830728187,10.063105931865369,-28.527675416816123,9.465010495861359,11.527136119018305,-29.551081547256707,-29.431694393587904,46.674558082096304,125.5,0.0
t2|0.4|0.05|1.0|0.25|0.4,F,,0,,,424.88928361539047,9.953419744054647,-27.825451831595988,9.347830713316336,10.280997703374005,-30.08768419187968,-29.55130947576062,35.13348869460378,182.0,0.0
t2|0.4|0.05|1.0|0.25|0.6,A,,0,,,156.65502922925555,10.002257043444862,-21.09743075684279,9.423626588765396,10.415895474028321,-25.736144955105022,-24.733364558422256,23.645946017197605,57.5,0.0
t2|0.4|0.05|1.0|0.25|0.6,B,,0,,,160.6604466198467,9.707400522136577,-29.263364265591996,8.877797834099447,11.20508409077385,-32.436395637911616,-30.62932661873605,51.854171391057726,108.5,0.0
t2|0.4|0.05|1.0|0.25|0.6,F,,0,,,451.61177990070286,10.278979658399944,-28.728214757081616,9.190800119565882,10.721198174877076,-30.665893335391047,-30.255137532309988,38.20249123757529,166.5,0.0
t2|0.4|0.05|1.0|0.25|0.7,A,,0,,,158.99072819751092,10.164092000757686,-21.096740490818753,9.590420782889716,10.574318970359139,-25.73542766982796,-24.732652472941755,23.62162279432359,57.5,0.0
t2|0.4|0.05|1.0|0.25|0.7,B,,0,,,170.1064740046193,10.298660855370478,-29.135121479502097,9.725119345385894,11.85685230427323,-30.23215564573882,-29.500156814441976,52.435159681435536,104.0,0.0
t2|0.4|0.05|1.0|0.25|0.7,F,,0,,,483.96641887907015,10.649495533803243,-27.937600177963628,9.616657259213737,11.115584541898478,-30.242662001254473,-29.653504539454513,38.5478787262889,162.0,0.0
t2|0.4|0.05|1.0|0.25|None,A,,0,,,158.99072819751092,10.164092000757686,-21.096740490818753,9.590420782889716,10.574318970359139,-25.73542766982796,-24.732652472941755,23.62162279432359,57.5,0.0
t2|0.4|0.05|1.0|0.25|None,B,,0,,,176.65065429236122,10.690844838381375,-29.135121479502097,9.827209043078785,11.8596356721713,-30.429270091106385,-29.54569901193796,52.71660944957792,103.5,0.0
t2|0.4|0.05|1.0|0.25|None,F,,0,,,491.44147393187546,10.73165899311771,-27.937600177963628,9.631921802949215,11.116539190402644,-30.242662001254473,-29.673995551971927,38.670919693563,161.5,0.0
t2|0.4|0.05|1.0|0.3|0.4,A,,0,,,143.6926640407021,9.062542021127085,-19.023871495119295,8.270961250247584,9.516389756657654,-25.182352034848265,-24.56434421635262,22.636954453435056,58.0,0.0
t2|0.4|0.05|1.0|0.3|0.4,B,,0,,,170.5690789995453,10.326475900748788,-28.527863077113675,9.576723561108322,11.556654653842767,-30.739212258624026,-29.534436364544025,47.17856984407624,126.0,0.0
t2|0.4|0.05|1.0|0.3|0.4,F,,0,,,419.9335973390514,9.890909654965741,-28.324900447861108,9.335549804247586,10.202774811195145,-31.33253133989331,-29.5522231450524,35.43257867157911,183.0,0.0
t2|0.4|0.05|1.0|0.3|0.6,A,,0,,,153.95282321991175,9.812293606379441,-21.09743075684279,9.231657433417492,10.229987921580234,-25.736144955105022,-24.733364558422256,23.68120008680407,57.5,0.0
t2|0.4|0.05|1.0|0.3|0.6,B,,0,,,165.47563842305362,10.012717129511273,-29.394574755503523,8.944441933489792,11.341328960723269,-33.94398318502335,-31.218830680534627,52.24350105624853,109.0,0.0
t2|0.4|0.05|1.0|0.3|0.6,F,,0,,,448.07015441909914,10.236781472409417,-28.939394683943515,9.161023563483244,10.74852192538139,-31.278025852439704,-30.909163980644834,38.560699359418216,166.0,0.0
t2|0.4|0.05|1.0|0.3|0.7,A,,0,,,156.27613190562795,9.975799505353045,-21.096740490818753,9.400207714815265,10.389981737585163,-25.73542766982796,-24.732652472941755,23.656202273037728,57.5,0.0
t2|0.4|0.05|1.0|0.3|0.7,B,,0,,,174.63701655460144,10.571760638789662,-29.14666688931588,9.812939851719468,11.987520689999966,-30.55888896517883,-29.735375046682748,52.89861801342099,104.0,0.0
t2|0.4|0.05|1.0|0.3|0.7,F,,0,,,483.98959949156784,10.649541668641449,-27.94204364216697,9.717990786804434,11.09658055768847,-30.51675448570459,-29.90378970655387,38.767627255834,162.0,0.0
t2|0.4|0.05|1.0|0.3|None,A,,0,,,156.27613190562795,9.975799505353045,-21.096740490818753,9.400207714815265,10.389981737585163,-25.73542766982796,-24.732652472941755,23.656202273037728,57.5,0.0
t2|0.4|0.05|1.0|0.3|None,B,,0,,,178.54574339390447,10.801658737923802,-29.14666688931588,10.132609669150675,12.008993243011508,-30.756092087232112,-29.773096206047338,53.155552550497006,103.0,0.0
t2|0.4|0.05|1.0|0.3|None,F,,0,,,493.26577401149103,10.751525685800267,-28.014252533970897,9.738030184424336,11.113732769212366,-30.53952236337785,-29.90378970655387,38.890298991255264,161.0,0.0
t2|0.4|0.05|1.0|0.35|0.4,A,,0,,,141.86165036243415,8.923695818721955,-19.023871495119295,8.132395136383385,9.380813834437763,-25.182352034848265,-24.56434421635262,22.657409889499196,58.0,0.0
t2|0.4|0.05|1.0|0.35|0.4,B,,0,,,185.00958306276752,11.173410052610278,-28.73354329811537,9.873536670084034,12.276045284023311,-33.49288391283497,-31.186963382953753,48.172779744966235,125.0,0.0
t2|0.4|0.05|1.0|0.35|0.4,F,,0,,,467.5721937113039,10.463705077014929,-29.27867847022657,9.9045527666237,10.91700185228078,-32.07341357366092,-31.517794270108023,36.37963238791663,183.0,0.0
t2|0.4|0.05|1.0|0.35|0.6,A,,0,,,152.07287934275408,9.678355165921836,-21.09743075684279,9.096367338929623,10.095228590086585,-25.736144955105022,-24.733364558422256,23.706552402108937,57.5,0.0
t2|0.4|0.05|1.0|0.35|0.6,B,,0,,,172.3522653324124,10.433916308511415,-29.44176130024763,9.24295691760637,11.951156117225917,-36.258415022484236,-32.33708059208238,52.883212026026094,109.0,0.0
t2|0.4|0.05|1.0|0.35|0.6,F,,0,,,466.9283115919754,10.45735560901897,-29.68774451448916,9.190789134360948,11.438497110308612,-33.04903542283739,-31.779112916519697,39.059951658299,167.0,0.0
t2|0.4|0.05|1.0|0.35|0.7,A,,0,,,154.37098949251754,9.841885822865171,-21.096740490818753,9.264947065680143,10.255252997005579,-25.73542766982796,-24.732652472941755,23.681003140834058,57.5,0.0
t2|0.4|0.05|1.0|0.35|0.7,B,,0,,,184.73122860525783,11.156545356930492,-29.426967336735814,10.06170565935555,12.696163052052531,-32.62000393989963,-31.081540408382637,53.56582087877661,104.0,0.0
t2|0.4|0.05|1.0|0.35|0.7,F,,0,,,514.0443136091423,10.973353583765267,-29.540548814863765,9.682227598292444,11.832549026054224,-33.293218270295355,-32.14012140839874,39.25004815721456,162.0,0.0
t2|0.4|0.05|1.0|0.35|None,A,,0,,,154.37098949251754,9.841885822865171,-21.096740490818753,9.264947065680143,10.255252997005579,-25.73542766982796,-24.732652472941755,23.681003140834058,57.5,0.0
t2|0.4|0.05|1.0|0.35|None,B,,0,,,185.6029846264768,11.205867958714766,-29.46245081038429,10.243286716078433,12.783199458852643,-32.78280355603269,-31.244357101272684,53.8770726543933,103.0,0.0
t2|0.4|0.05|1.0|0.35|None,F,,0,,,518.5804700733073,11.020624273550261,-29.540548814863765,9.700071367231333,11.879019783190017,-33.45158834500346,-32.1602146135871,39.39851044323937,161.5,0.0
t2|0.4|0.05|1.5|0.2|0.4,A,,0,,,135.2737409430881,8.410407692257493,-19.023871495119298,7.599339352440692,8.88721476584751,-25.182352034848265,-24.56434421635262,21.77727106483911,58.0,0.0
t2|0.4|0.05|1.5|0.2|0.4,B,,0,,,174.09107842734335,10.538277405727959,-28.527675416816123,9.69235114848516,11.765974591758006,-29.551081547256707,-29.314324355344006,45.98786122143128,126.0,0.0
t2|0.4|0.05|1.5|0.2|0.4,F,,0,,,399.78646649320245,9.62931896479966,-27.071391606972,9.33430385118415,10.023112347806535,-29.91798915016274,-29.551309475760608,34.495905929646234,183.0,0.0
t2|0.4|0.05|1.5|0.2|0.6,A,,0,,,145.49309878866634,9.197523455641832,-21.09743075684279,8.585404451882136,9.611304653957065,-25.736144955105022,-24.733364558422256,22.8880808403704,57.5,0.0
t2|0.4|0.05|1.5|0.2|0.6,B,,0,,,162.31117530822152,9.813017185382666,-29.13504945812675,8.613817490085033,11.242599418347998,-29.730242356802904,-29.617886062554703,51.58473844251997,108.5,0.0
t2|0.4|0.05|1.5|0.2|0.6,F,,0,,,419.97792366262104,9.89146291848726,-27.46915191087603,8.945127858219221,10.35515740680589,-30.263943541103288,-29.918466979924613,37.593961139236335,165.0,0.0
t2|0.4|0.05|1.5|0.2|0.7,A,,0,,,147.73802484625563,9.363738467464188,-21.09674049081876,8.757103082425541,9.773986158258149,-25.73542766982796,-24.73265247294175,22.867511797153334,57.5,0.0
t2|0.4|0.05|1.5|0.2|0.7,B,,0,,,177.96842868256869,10.768445165857765,-29.135121479502097,9.851324684786574,12.18401735112492,-29.730242356802904,-29.47449859795611,52.00740765026519,104.5,0.0
t2|0.4|0.05|1.5|0.2|0.7,F,,0,,,459.3708760426054,10.370095959925752,-27.467855031215656,9.160998854469408,10.74770945898657,-30.27296742118758,-29.606461434738478,37.84773089837566,163.0,0.0
t2|0.4|0.05|1.5|0.2|None,A,,0,,,147.73802484625563,9.363738467464188,-21.09674049081876,8.757103082425541,9.773986158258149,-25.73542766982796,-24.73265247294175,22.867511797153334,57.5,0.0
t2|0.4|0.05|1.5|0.2|None,B,,0,,,179.54775656972984,10.860541922069434,-29.135121479502097,9.813833054812834,12.13681128042322,-29.730242356802904,-29.47449859795611,52.19512567767186,104.0,0.0
t2|0.4|0.05|1.5|0.2|None,F,,0,,,463.6541191779132,10.419759669634665,-27.467855031215656,9.236264633926798,10.785063330349505,-30.27296742118758,-29.606461434738478,37.93416786611237,162.0,0.0
t2|0.4|0.05|1.5|0.25|0.4,A,,0,,,134.4016119463504,8.340777265674394,-19.023871495119298,7.5268175019453265,8.820230715546396,-25.182352034848265,-24.56434421635262,21.79471860866095,58.0,0.0
t2|0.4|0.05|1.5|0.25|0.4,B,,0,,,177.80979344771322,10.758259170494977,-28.527675416816123,9.903902728463246,11.983865015228211,-29.551081547256707,-29.314324355344006,46.19025813016629,126.0,0.0
t2|0.4|0.05|1.5|0.25|0.4,F,,0,,,405.7541478265021,9.708082591799105,-27.07139160697199,9.411804016955227,10.104624906634488,-29.917989150162782,-29.55130947576062,34.6099659337598,183.0,0.0
t2|0.4|0.05|1.5|0.25|0.6,A,,0,,,144.59227928155354,9.130176364251131,-21.09743075684279,8.518968535210506,9.546234616820403,-25.736144955105022,-24.733364558422256,22.90941324978017,57.5,0.0
t2|0.4|0.05|1.5|0.25|0.6,B,,0,,,166.12801426161886,10.053375750035654,-29.13504945812675,8.842418947350401,11.488501052111648,-29.730242356802904,-29.617886062554703,51.66673704293767,108.5,0.0
t2|0.4|0.05|1.5|0.25|0.6,F,,0,,,426.6220318110209,9.975087361119195,-27.470521231821373,9.034238303259254,10.441764609794275,-30.266484610165367,-29.920676028986055,37.730760988034504,165.0,0.0
t2|0.4|0.05|1.5|0.25|0.7,A,,0,,,146.83720533914283,9.297316610598605,-21.09674049081876,8.691613654273645,9.709787832655374,-25.73542766982796,-24.73265247294175,22.8882859618873,57.5,0.0
t2|0.4|0.05|1.5|0.25|0.7,B,,0,,,182.6637491753313,11.039998026925169,-29.135121479502097,10.096193944997076,12.42652268893953,-29.730242356802904,-29.47449859795611,52.24836587942785,104.5,0.0
t2|0.4|0.05|1.5|0.25|0.7,F,,0,,,467.5656733338473,10.464735976873241,-27.469197158223185,9.256951898744276,10.836005058293782,-30.275593097025887,-29.608884266844093,37.969675511915504,163.0,0.0
t2|0.4|0.05|1.5|0.25|None,A,,0,,,146.83720533914283,9.297316610598605,-21.09674049081876,8.691613654273645,9.709787832655374,-25.73542766982796,-24.73265247294175,22.8882859618873,57.5,0.0
t2|0.4|0.05|1.5|0.25|None,B,,0,,,183.85894407712868,11.108243075375679,-29.135121479502097,10.070929323217266,12.385384322474325,-29.730242356802904,-29.47449859795611,52.414770403626655,104.0,0.0
t2|0.4|0.05|1.5|0.25|None,F,,0,,,472.06217807463815,10.515995797023493,-27.469197158223185,9.333571585412463,10.873746075216424,-30.275593097025887,-29.608884266844093,38.056498929269964,162.0,0.0
t2|0.4|0.05|1.5|0.3|0.4,A,,0,,,133.7389076152075,8.287594590472647,-19.023871495119298,7.471384401924912,8.769081504454492,-25.182352034848265,-24.56434421635262,21.815177106116717,58.0,0.0
t2|0.4|0.05|1.5|0.3|0.4,B,,0,,,182.62992640706537,11.037595550871714,-28.527675416816123,10.159844227506062,12.235752214550331,-29.551081547256707,-29.314324355344006,46.58276416376545,126.5,0.0
t2|0.4|0.05|1.5|0.3|0.4,F,,0,,,413.7468172221062,9.81186176543657,-27.071391606971996,9.512944496291443,10.212618248762686,-29.91798915016277,-29.55130947576062,34.82781183165422,183.0,0.0
t2|0.4|0.05|1.5|0.3|0.6,A,,0,,,143.90781516606037,9.078751313833934,-21.09743075684279,8.468175901428479,9.49655749508737,-25.736144955105022,-24.733364558422256,22.932423059094848,57.5,0.0
t2|0.4|0.05|1.5|0.3|0.6,B,,0,,,173.26958624574738,10.489994845555195,-29.13504945812675,9.238175319534637,11.77467606569839,-29.730242356802904,-29.617886062554703,51.95910029513469,109.0,0.0
t2|0.4|0.05|1.5|0.3|0.6,F,,0,,,435.5641514266109,10.0857288272438,-27.471577271486908,9.217385892517397,10.602989402555288,-30.268436927632415,-29.922371942823272,37.953885491111606,165.5,0.0
t2|0.4|0.05|1.5|0.3|0.7,A,,0,,,146.1527412236496,9.246601876739302,-21.09674049081876,8.641548615556777,9.660779678686087,-25.73542766982796,-24.73265247294175,22.91075825899931,57.5,0.0
t2|0.4|0.05|1.5|0.3|0.7,B,,0,,,189.081923508056,11.400634972106726,-29.135121479502097,10.515715105538192,12.70997030488982,-29.730242356802904,-29.47449859795611,52.56905155054277,104.5,0.0
t2|0.4|0.05|1.5|0.3|0.7,F,,0,,,475.7170339491463,10.557238294683135,-27.470232078905575,9.458290288204633,10.975649132804284,-30.277610660775267,-29.61074433126203,38.17158626225612,163.0,0.0
t2|0.4|0.05|1.5|0.3|None,A,,0,,,146.1527412236496,9.246601876739302,-21.09674049081876,8.641548615556777,9.660779678686087,-25.73542766982796,-24.73265247294175,22.91075825899931,57.5,0.0
t2|0.4|0.05|1.5|0.3|None,B,,0,,,190.32585150147722,11.469621086128445,-29.135121479502097,10.501871555363545,12.67779418711077,-29.730242356802904,-29.47449859795611,52.81066173968632,104.0,0.0
t2|0.4|0.05|1.5|0.3|None,F,,0,,,486.79634419563774,10.680628282456194,-27.470232078905575,9.53724994095359,10.993981973374853,-30.277610660775267,-29.61074433126203,38.26019475116069,162.0,0.0
t2|0.4|0.05|1.5|0.35|0.4,A,,0,,,133.2298761597079,8.246582895447707,-19.023871495119298,7.4274544412599,8.729689582008877,-25.182352034848265,-24.56434421635262,21.82920636081477,58.0,0.0
t2|0.4|0.05|1.5|0.35|0.4,B,,0,,,185.35132358617705,11.191871718003787,-28.527675416816123,10.347437105915755,12.41270020746945,-29.551081547256707,-29.314324355344006,46.85113399961142,126.5,0.0
t2|0.4|0.05|1.5|0.35|0.4,F,,0,,,419.3882741555884,9.883972251850858,-27.071391606972018,9.58524184725477,10.28571426778882,-29.91798915016276,-29.551309475760597,34.968255100755115,183.0,0.0
t2|0.4|0.05|1.5|0.35|0.6,A,,0,,,143.38380047667445,9.03923202313165,-21.09743075684279,8.426587544049864,9.458387012329746,-25.736144955105022,-24.733364558422256,22.950081907050926,57.5,0.0
t2|0.4|0.05|1.5|0.35|0.6,B,,0,,,173.35076009771493,10.494874139901833,-29.13504945812675,9.238175319534637,11.96991868124264,-29.730242356802904,-29.617886062554703,52.217179375885614,109.0,0.0
t2|0.4|0.05|1.5|0.35|0.6,F,,0,,,441.3229765077764,10.155853797870728,-27.472655904526373,9.217414876943877,10.62271995902419,-30.269959913478782,-29.923665973772888,38.09907313443279,165.5,0.0
t2|0.4|0.05|1.5|0.35|0.7,A,,0,,,145.6287265342637,9.207630714221192,-21.09674049081876,8.600559350941298,9.623125261732715,-25.73542766982796,-24.73265247294175,22.927913303065665,57.5,0.0
t2|0.4|0.05|1.5|0.35|0.7,B,,0,,,190.79468333679023,11.495884928375744,-29.135121479502097,10.535382840013021,12.901292822989726,-29.730242356802904,-29.47449859795611,52.67000615151225,104.5,0.0
t2|0.4|0.05|1.5|0.35|0.7,F,,0,,,481.60621932267054,10.62323322604074,-27.471288722450044,9.438325820055024,11.028447820503306,-30.2791846909679,-29.612178098236964,38.2500707817626,163.0,0.0
t2|0.4|0.05|1.5|0.35|None,A,,0,,,145.6287265342637,9.207630714221192,-21.09674049081876,8.600559350941298,9.623125261732715,-25.73542766982796,-24.73265247294175,22.927913303065665,57.5,0.0
t2|0.4|0.05|1.5|0.35|None,B,,0,,,192.0386113302115,11.564116440480232,-29.135121479502097,10.521358909319769,12.869645135618446,-29.730242356802904,-29.47449859795611,52.92876416515819,104.0,0.0
t2|0.4|0.05|1.5|0.35|None,F,,0,,,489.5597278819586,10.71113769224289,-27.471288722450044,9.517270951983773,11.069650352458925,-30.2791846909679,-29.612178098236964,38.33685059349136,162.0,0.0
t2|0.4|0.075|0.8|0.2|0.4,A,,0,,,143.96492732948866,9.08259305816964,-19.377544319282443,8.451951257905934,9.575366479376205,-25.704273102831653,-24.664000742827877,22.930421227345114,58.0,0.0
t2|0.4|0.075|0.8|0.2|0.4,B,,0,,,162.48846424188847,9.824006022890085,-28.527843388883696,9.282102968738622,11.317540314132641,-29.551190547452812,-29.314434116328954,47.00269346057491,125.0,0.0
t2|0.4|0.075|0.8|0.2|0.4,F,,0,,,414.7211915482786,9.82432467572284,-27.071529447677467,9.198987209697233,10.179699922027122,-29.918099650900132,-29.551418476242645,35.721042299653504,181.0,0.0
t2|0.4|0.075|0.8|0.2|0.6,A,,0,,,153.8454769837786,9.804684278495944,-21.467955264208104,9.285434169331545,10.179564990061312,-25.725408989731303,-25.2246538765386,24.1324154835715,57.5,0.0
t2|0.4|0.075|0.8|0.2|0.6,B,,0,,,173.37051501751165,10.495530238738947,-29.26347346695797,9.27152924835524,11.658348119746167,-30.925650626027068,-29.76667952272897,51.684829672897536,109.0,0.0
t2|0.4|0.075|0.8|0.2|0.6,F,,0,,,445.40576965715235,10.204777026714352,-27.93896841650015,9.409940117087231,10.97499277270255,-30.416267345710203,-29.89959989797237,38.64038302420174,166.5,0.0
t2|0.4|0.075|0.8|0.2|0.7,A,,0,,,155.96218607685927,9.953833496622321,-21.46725575012937,9.450832631217956,10.337734768805918,-25.724691704454226,-25.223941791058106,24.1092163136121,57.0,0.0
t2|0.4|0.075|0.8|0.2|0.7,B,,0,,,185.08883140110768,11.177902962450247,-29.123954280425856,9.86917616319219,12.354677185757215,-29.730345641557765,-29.474666717098458,51.776830943690946,105.0,0.0
t2|0.4|0.075|0.8|0.2|0.7,F,,0,,,488.39745962547363,10.695885152292572,-27.572054966097237,9.802818804305327,11.165974672420875,-30.246326100397425,-29.58202445118385,38.66271340324604,161.5,0.0
t2|0.4|0.075|0.8|0.2|None,A,,0,,,155.96218607685927,9.953833496622321,-21.46725575012937,9.450832631217956,10.337734768805918,-25.724691704454226,-25.223941791058106,24.1092163136121,57.0,0.0
t2|0.4|0.075|0.8|0.2|None,B,,0,,,185.96201689216983,11.227083752750088,-29.123954280425856,9.86265080613478,12.192941763082894,-29.730345641557765,-29.474666717098458,52.013397570778984,104.0,0.0
t2|0.4|0.075|0.8|0.2|None,F,,0,,,489.92694764198865,10.712573617664178,-27.766822821566382,9.867116467438661,11.189127386297818,-30.246326100397425,-29.58202445118385,38.79858653653699,161.0,0.0
t2|0.4|0.075|0.8|0.25|0.4,A,,0,,,142.44008765730868,8.967625073195363,-19.377544319282432,8.280348142898077,9.43344621839628,-25.704273102831632,-24.664000742827856,23.28887390816771,58.0,0.0
t2|0.4|0.075|0.8|0.25|0.4,B,,0,,,164.98476077563362,9.981834770373277,-28.527843388883696,9.395866912385634,11.40900515328946,-29.75807695764663,-29.5345457265138,47.46758369836442,125.0,0.0
t2|0.4|0.075|0.8|0.25|0.4,F,,0,,,414.1950870523488,9.81760431440476,-27.81164527074039,9.170238530825667,10.154667597560607,-30.469026782302265,-29.551418476242603,35.93731925244534,182.0,0.0
t2|0.4|0.075|0.8|0.25|0.6,A,,0,,,153.05809757985313,9.748730890990288,-21.467955264208115,9.217992989127714,10.12355568132168,-25.725408989731267,-25.22465387653861,24.591973602495333,57.5,0.0
t2|0.4|0.075|0.8|0.25|0.6,B,,0,,,168.1203272458528,10.176821001383118,-29.26347346695797,9.064970472446108,11.46310475771491,-32.50238554492526,-31.10745516821563,52.22627108479927,108.0,0.0
t2|0.4|0.075|0.8|0.25|0.6,F,,0,,,444.0500988912759,10.188757524593973,-28.857433829547492,9.283479057851467,10.88167463163195,-30.828545261958052,-30.276714687134433,39.194735076911726,165.5,0.0
t2|0.4|0.075|0.8|0.25|0.7,A,,0,,,155.13256326008198,9.895594645361038,-21.467255750129393,9.383352069701022,10.281577976396376,-25.724691704454205,-25.22394179105812,24.566716995518174,57.0,0.0
t2|0.4|0.075|0.8|0.25|0.7,B,,0,,,181.6374835942156,10.981156136456393,-29.123954280425856,9.687045322662616,12.400771655784903,-29.730345641557765,-29.489060780701447,52.418327752350635,104.0,0.0
t2|0.4|0.075|0.8|0.25|0.7,F,,0,,,480.9010860320365,10.612365574972227,-27.941874031925256,9.688727793369315,11.102873379365441,-30.250546740662976,-29.783927959819017,39.22526485632736,161.0,0.0
t2|0.4|0.075|0.8|0.25|None,A,,0,,,155.13256326008198,9.895594645361038,-21.467255750129393,9.383352069701022,10.281577976396376,-25.724691704454205,-25.22394179105812,24.566716995518174,57.0,0.0
t2|0.4|0.075|0.8|0.25|None,B,,0,,,183.35533623428987,11.079463421366121,-29.13526088247155,9.684991134868334,11.984277423889683,-29.730345641557765,-29.474666717098458,52.78010959627013,103.5,0.0
t2|0.4|0.075|0.8|0.25|None,F,,0,,,475.2900326006947,10.552057958500027,-27.941874031925256,9.664751084069403,11.08604541587126,-30.250546740662976,-29.804595453673986,39.428363827742366,160.0,0.0
t2|0.4|0.075|0.8|0.3|0.4,A,,0,,,139.65568733424647,8.754085870293494,-19.377544319282432,8.075238632425634,9.235598322055631,-25.704273102831632,-24.664000742827856,23.319277326137993,58.0,0.0
t2|0.4|0.075|0.8|0.3|0.4,B,,0,,,167.64419213385438,10.147241974674703,-28.528031049263276,9.428345856973545,11.328027802296365,-31.0298072544155,-29.574051387969842,48.447308115053566,126.0,0.0
t2|0.4|0.075|0.8|0.3|0.4,F,,0,,,404.92913774483515,9.69723136229078,-28.367165727231253,9.1970621768894,10.014475184338838,-30.1404142248203,-29.551418476242635,36.59091369821654,182.5,0.0
t2|0.4|0.075|0.8|0.3|0.6,A,,0,,,149.40155957219994,9.485445975031814,-21.467955264208115,8.938243792659126,9.852445066771143,-25.725408989731267,-25.22465387653861,24.63251650895757,57.5,0.0
t2|0.4|0.075|0.8|0.3|0.6,B,,0,,,174.23461445438465,10.547047471702264,-29.39468355920873,9.569717678370264,11.27963796127446,-34.207640994681576,-31.392990638204594,53.12945511074396,108.0,0.0
t2|0.4|0.075|0.8|0.3|0.6,F,,0,,,427.122178087469,9.981221317485211,-29.193817782168395,9.221836997071648,10.60999732381428,-32.063081787336635,-30.9222627898532,39.6529327184349,164.5,0.0
t2|0.4|0.075|0.8|0.3|0.7,A,,0,,,151.66505563512118,9.649102292108779,-21.467255750129393,9.10655190431131,10.013067857294015,-25.724691704454205,-25.22394179105812,24.606497236771318,57.0,0.0
t2|0.4|0.075|0.8|0.3|0.7,B,,0,,,182.29289277921347,11.018822930039141,-29.13526088247155,9.862236107015146,11.681409126949658,-29.91505271243827,-29.740211085942796,53.5044254304427,104.0,0.0
t2|0.4|0.075|0.8|0.3|0.7,F,,0,,,471.7384351177832,10.510588605563742,-27.947548145185497,9.54189818355126,10.990360298239265,-30.688087562415355,-29.911838847721388,39.85899441537232,161.0,0.0
t2|0.4|0.075|0.8|0.3|None,A,,0,,,151.66505563512118,9.649102292108779,-21.467255750129393,9.10655190431131,10.013067857294015,-25.724691704454205,-25.22394179105812,24.606497236771318,57.0,0.0
t2|0.4|0.075|0.8|0.3|None,B,,0,,,181.3687057667357,10.965830583898162,-29.13526088247155,9.834269703183567,11.496606042527576,-30.00946296350464,-29.919369436586074,53.6331806901398,103.0,0.0
t2|0.4|0.075|0.8|0.3|None,F,,0,,,458.3181884060112,10.35738250365499,-27.947548145185497,9.508809152162911,11.012487526159493,-30.710793238200672,-29.942368665449337,40.06932833490493,160.0,0.0
t2|0.4|0.075|0.8|0.35|0.4,A,,0,,,137.5589101445152,8.590819418301344,-22.03768822966753,8.06183191112757,9.039992359548647,-27.42370840210152,-24.66524366138802,24.28592417037033,58.0,0.0
t2|0.4|0.075|0.8|0.35|0.4,B,,0,,,175.2472984113796,10.608017878367527,-28.74578020250423,9.586864421378639,11.924776372914685,-33.895836328708974,-31.19376572521606,49.37235718863238,125.0,0.0
t2|0.4|0.075|0.8|0.35|0.4,F,,0,,,443.0867268926704,10.177002564625326,-29.278817665518535,9.463986177663871,10.577272814692284,-32.72275847259054,-30.906656502868728,37.9995395139167,182.0,0.0
t2|0.4|0.075|0.8|0.35|0.6,A,,0,,,148.09897956675752,9.390162298173166,-21.396978105386033,8.82583129449697,9.718468933537658,-25.613993111837484,-25.114327637897553,25.375858186483324,58.0,0.0
t2|0.4|0.075|0.8|0.35|0.6,B,,0,,,175.1995466161304,10.605213444704997,-29.47454093673938,9.20814530076495,12.074121684434875,-36.45142252681847,-33.189619690033176,54.10767384665183,108.0,0.0
t2|0.4|0.075|0.8|0.35|0.6,F,,0,,,468.3502377603846,10.473689487406956,-29.77969875694258,9.188170900724204,11.23681336201527,-33.63623439203004,-32.5595265891061,40.59502492695085,165.5,0.0
t2|0.4|0.075|0.8|0.35|0.7,A,,0,,,150.28572051972054,9.54955400242119,-21.396293728110173,8.959409276958063,9.87446872816808,-25.613295328799836,-25.1136349106513,25.350397800610548,58.0,0.0
t2|0.4|0.075|0.8|0.35|0.7,B,,0,,,185.73915538947605,11.214662710765499,-29.47447106233015,9.824852076928684,12.394764279848475,-33.00499854549302,-31.498194648254955,54.87387596594453,103.5,0.0
t2|0.4|0.075|0.8|0.35|0.7,F,,0,,,489.9428654910923,10.715090074121624,-29.22826480118827,9.517778681683895,11.688865505696615,-33.4801371896032,-32.29750088963287,41.022837244484265,161.0,0.0
t2|0.4|0.075|0.8|0.35|None,A,,0,,,150.28572051972054,9.54955400242119,-21.396293728110173,8.959409276958063,9.87446872816808,-25.613295328799836,-25.1136349106513,25.350397800610548,58.0,0.0
t2|0.4|0.075|0.8|0.35|None,B,,0,,,187.53703152027444,11.31548267337006,-29.474689998770522,9.81883262263474,12.399697459984766,-33.15136069238357,-31.250958783637234,55.10409021750768,102.0,0.0
t2|0.4|0.075|0.8|0.35|None,F,,0,,,493.0407705853205,10.748734333788102,-29.23716853119646,9.542893089511589,11.447242627821788,-33.63577610998533,-32.43978254131962,41.10519616032229,160.0,0.0
t2|0.4|0.075|1.0|0.2|0.4,A,,0,,,143.99634009963313,9.085092062608592,-19.377544319282432,8.437752417704766,9.575324465287432,-25.704273102831664,-24.66400074282787,22.813493910223144,58.0,0.0
t2|0.4|0.075|1.0|0.2|0.4,B,,0,,,157.86278257272164,9.526423344756695,-28.527843388883696,9.077317463533893,11.126401210157667,-29.551190547452812,-29.314434116328954,46.80374160357341,125.0,0.0
t2|0.4|0.075|1.0|0.2|0.4,F,,0,,,407.5928837806358,9.732048595728282,-27.071529447677474,9.086840502100943,9.945788020868338,-29.918099650900142,-29.551418476242624,35.381294454708915,181.0,0.0
t2|0.4|0.075|1.0|0.2|0.6,A,,0,,,156.14141089357705,9.966373426061203,-21.467955264208104,9.425630264169046,10.34093337434822,-25.725408989731278,-25.2246538765386,23.998954765431606,57.5,0.0
t2|0.4|0.075|1.0|0.2|0.6,B,,0,,,167.77500243745575,10.155546798774873,-29.26347346695797,8.849592701144363,11.42428899989702,-31.010440706932286,-30.149368849147656,51.51857960125659,109.0,0.0
t2|0.4|0.075|1.0|0.2|0.6,F,,0,,,444.8148965201414,10.19765884833923,-28.142459686169225,9.328511847531276,10.942840807468029,-30.241246323155302,-29.573904171572146,38.56694466711655,167.0,0.0
t2|0.4|0.075|1.0|0.2|0.7,A,,0,,,157.66476715094015,10.072413953146453,-21.467255750129354,9.582191825101813,10.496831771026724,-25.724691704454195,-25.223941791058095,23.976062382447104,57.0,0.0
t2|0.4|0.075|1.0|0.2|0.7,B,,0,,,181.23607781746298,10.958156837471956,-29.123954280425856,9.77456239342264,12.15623465394396,-29.730345641557765,-29.474666717098458,51.473605904482845,105.0,0.0
t2|0.4|0.075|1.0|0.2|0.7,F,,0,,,483.91832741273913,10.64721452946198,-27.516240528197187,9.773402947482841,11.11743856285165,-30.239751111288104,-29.575661395153972,38.506734265995036,162.0,0.0
t2|0.4|0.075|1.0|0.2|None,A,,0,,,157.66476715094015,10.072413953146453,-21.467255750129354,9.582191825101813,10.496831771026724,-25.724691704454195,-25.223941791058095,23.976062382447104,57.0,0.0
t2|0.4|0.075|1.0|0.2|None,B,,0,,,182.40537638563578,11.025351910750846,-29.123954280425856,9.692364066986137,12.032516077423375,-29.730345641557765,-29.474666717098458,51.694121358615085,104.0,0.0
t2|0.4|0.075|1.0|0.2|None,F,,0,,,483.74941057957,10.645159683317873,-27.607287685777077,9.804243988358792,11.15861743850336,-30.239751111288104,-29.575661395153972,38.59748059485817,161.0,0.0
t2|0.4|0.075|1.0|0.25|0.4,A,,0,,,140.97344645399653,8.855431626912026,-19.377544319282432,8.206741009612799,9.351796850190926,-25.704273102831664,-24.66400074282787,22.897077526683574,58.0,0.0
t2|0.4|0.075|1.0|0.25|0.4,B,,0,,,161.2362475355907,9.744480781852538,-28.527843388883696,9.219086927363115,11.242229821507761,-29.779645071932404,-29.5345457265138,47.16097113117635,125.0,0.0
t2|0.4|0.075|1.0|0.25|0.4,F,,0,,,403.17526428851215,9.67404481354256,-27.83814230368768,9.038242464261156,9.909304986108447,-30.52359643803746,-29.551418476242613,35.62260143275704,182.0,0.0
t2|0.4|0.075|1.0|0.25|0.6,A,,0,,,153.04379195005242,9.747707959559627,-21.46795526420811,9.201304046232721,10.124667759040747,-25.725408989731278,-25.2246538765386,24.086599935906037,57.5,0.0
t2|0.4|0.075|1.0|0.25|0.6,B,,0,,,168.59745668488264,10.206215067232172,-29.26347346695797,9.0865752453163,11.452751655418927,-32.58723952019496,-30.843174785575687,51.907156243990556,109.0,0.0
t2|0.4|0.075|1.0|0.25|0.6,F,,0,,,442.1119857461514,10.16510608573743,-28.792281949921556,9.326289621271249,10.817675898546145,-30.77459188711219,-30.065187082058976,38.68534927574597,166.5,0.0
t2|0.4|0.075|1.0|0.25|0.7,A,,0,,,154.55014415528103,9.854473742986036,-21.46725575012936,9.358353649083288,10.281621181691298,-25.724691704454195,-25.223941791058095,24.063055928105264,57.0,0.0
t2|0.4|0.075|1.0|0.25|0.7,B,,0,,,182.2642330603572,11.017264710440944,-29.123954280425856,9.855617580917727,12.352361276453596,-29.730345641557765,-29.474666717098458,51.947006473683686,105.0,0.0
t2|0.4|0.075|1.0|0.25|0.7,F,,0,,,474.97769277815223,10.548245053855398,-27.940982734578192,9.714887373915335,11.075090578607883,-30.247621403865477,-29.825686665158894,38.737132044206284,161.5,0.0
t2|0.4|0.075|1.0|0.25|None,A,,0,,,154.55014415528103,9.854473742986036,-21.46725575012936,9.358353649083288,10.281621181691298,-25.724691704454195,-25.223941791058095,24.063055928105264,57.0,0.0
t2|0.4|0.075|1.0|0.25|None,B,,0,,,182.09948666566828,11.007824064183724,-29.123954280425856,9.78922350339091,11.973035306064315,-29.730345641557765,-29.474666717098458,52.00499061628443,103.5,0.0
t2|0.4|0.075|1.0|0.25|None,F,,0,,,475.4583809466822,10.553666384876204,-27.940982734578192,9.734808130189911,11.094712839394075,-30.247621403865477,-29.84633792532262,38.87162606970399,161.0,0.0
t2|0.4|0.075|1.0|0.3|0.4,A,,0,,,138.3766359681978,8.654571387212485,-19.377544319282432,8.001770929086419,9.156474642090524,-25.704273102831664,-24.66400074282787,22.92748094465385,58.0,0.0
t2|0.4|0.075|1.0|0.3|0.4,B,,0,,,166.2257848891952,10.059329877831669,-28.630882746855413,9.353069398707678,11.25842861787834,-31.109202934963577,-29.581890042001195,47.676884989142806,125.5,0.0
t2|0.4|0.075|1.0|0.3|0.4,F,,0,,,396.95558962667906,9.591299481058503,-28.430110347148158,9.098189720732323,9.85430566324351,-30.218361156408946,-29.55474375151307,35.94629180181105,182.0,0.0
t2|0.4|0.075|1.0|0.3|0.6,A,,0,,,150.39178372708466,9.557309444122186,-21.46795526420811,9.007136372942579,9.937681421756327,-25.725408989731278,-25.22465387653859,24.12262100345426,57.5,0.0
t2|0.4|0.075|1.0|0.3|0.6,B,,0,,,171.4663308049982,10.381354558013523,-29.26347346695797,9.723590075556546,11.477720929070163,-33.9121896412892,-31.18149390693826,52.22597208812575,109.5,0.0
t2|0.4|0.075|1.0|0.3|0.6,F,,0,,,441.82919468613795,10.161990500812902,-28.91422606996291,9.391808876198107,10.704327597840287,-31.622870632500277,-30.620273405256665,39.04686759963607,166.0,0.0
t2|0.4|0.075|1.0|0.3|0.7,A,,0,,,151.895859634816,9.665596370175411,-21.46725575012936,9.165739395651011,10.09620990176992,-25.724691704454195,-25.223941791058095,24.098390996489695,57.0,0.0
t2|0.4|0.075|1.0|0.3|0.7,B,,0,,,185.07940113122993,11.177444491365918,-29.13526088247155,10.028165592360509,11.869312431459917,-29.84536014231004,-29.78226834962398,52.50706469056725,104.5,0.0
t2|0.4|0.075|1.0|0.3|0.7,F,,0,,,476.30571060356647,10.56365743596287,-27.945540961787575,9.687845377312124,11.111881208207597,-30.723597792600998,-29.90605770057147,39.055009933446584,161.0,0.0
t2|0.4|0.075|1.0|0.3|None,A,,0,,,151.895859634816,9.665596370175411,-21.46725575012936,9.165739395651011,10.09620990176992,-25.724691704454195,-25.223941791058095,24.098390996489695,57.0,0.0
t2|0.4|0.075|1.0|0.3|None,B,,0,,,184.60946063978085,11.150740641561585,-29.13526088247155,10.069578656060136,11.683917449336061,-29.730345641557765,-29.57221829755695,52.65868198150152,104.0,0.0
t2|0.4|0.075|1.0|0.3|None,F,,0,,,468.931341380931,10.480157535862556,-27.945540961787575,9.685097578476313,11.119938807511975,-30.746536847852113,-29.90605770057147,39.24299659438822,160.5,0.0
t2|0.4|0.075|1.0|0.35|0.4,A,,0,,,136.59264192538205,8.514612232243579,-19.377544319282432,7.862360392713157,9.01839355166409,-25.704273102831664,-24.66400074282787,22.947507194248473,58.0,0.0
t2|0.4|0.075|1.0|0.35|0.4,B,,0,,,177.1874506623921,10.722505802916494,-28.920344804087872,9.568017016587719,11.94030625924904,-33.72116003208788,-31.03063905730375,49.04167405976937,125.0,0.0
t2|0.4|0.075|1.0|0.35|0.4,F,,0,,,438.1807337905917,10.117684531382087,-29.27881766551854,9.550528516053554,10.685362586652246,-32.20212271051871,-31.77947029970199,37.07527477309941,182.0,0.0
t2|0.4|0.075|1.0|0.35|0.6,A,,0,,,148.54247227114985,9.422740756909032,-21.46795526420811,8.867063283556986,9.803880230699331,-25.725408989731278,-25.22465387653859,24.14870062438426,57.5,0.0
t2|0.4|0.075|1.0|0.35|0.6,B,,0,,,178.38645549150667,10.792917499505883,-29.441899673987994,9.732669506467847,12.230259324398176,-36.03966529228268,-32.38960568892345,53.130930563585224,109.0,0.0
t2|0.4|0.075|1.0|0.35|0.6,F,,0,,,471.5434796640695,10.510092163464114,-29.582465349571795,9.32686961189681,11.261933503898865,-33.05196514721512,-32.09928283011689,39.60843840120691,165.5,0.0
t2|0.4|0.075|1.0|0.35|0.7,A,,0,,,150.03055470165697,9.531079835681734,-21.46725575012936,9.02501091798588,9.962448031316558,-25.724691704454195,-25.223941791058095,24.1239038759972,57.0,0.0
t2|0.4|0.075|1.0|0.35|0.7,B,,0,,,190.70401635775488,11.490881561858334,-29.427105885519754,10.235851245089673,12.801849361564338,-32.60883394745561,-31.154578216113737,54.11057172756384,104.5,0.0
t2|0.4|0.075|1.0|0.35|0.7,F,,0,,,507.15372905383424,10.900723579607273,-29.34420220891875,9.778055900504095,11.6459579603607,-33.23814585177522,-32.037182851516135,39.77309308296112,162.0,0.0
t2|0.4|0.075|1.0|0.35|None,A,,0,,,150.03055470165697,9.531079835681734,-21.46725575012936,9.02501091798588,9.962448031316558,-25.724691704454195,-25.223941791058095,24.1239038759972,57.0,0.0
t2|0.4|0.075|1.0|0.35|None,B,,0,,,191.95642204885692,11.55962556794906,-29.398574603277396,10.173254843140016,12.869989671130385,-32.767944793777545,-31.11725762907539,54.43899403724426,104.0,0.0
t2|0.4|0.075|1.0|0.35|None,F,,0,,,507.0624046090374,10.899788879691009,-29.34420220891875,9.75349306976759,11.695307850769243,-33.39803214581581,-32.05729869090364,39.97382396376696,161.0,0.0
t2|0.4|0.075|1.5|0.2|0.4,A,,0,,,129.40916950880606,7.933814233918113,-19.377544319282432,7.267784488141019,8.45811691005524,-25.704273102831664,-24.66400074282787,22.07891610722795,58.0,0.0
t2|0.4|0.075|1.5|0.2|0.4,B,,0,,,170.23436627014786,10.305854053658026,-28.527843388883696,9.425668784829636,11.543378937739188,-29.551190547452812,-29.314434116328947,46.42208112342823,125.5,0.0
t2|0.4|0.075|1.5|0.2|0.4,F,,0,,,379.61256692105036,9.354504471803049,-27.071529447677484,9.021078636704596,9.592539340819139,-29.918099650900142,-29.551418476242624,34.78043998607891,182.5,0.0
t2|0.4|0.075|1.5|0.2|0.6,A,,0,,,141.24561709760195,8.87660072996026,-21.46795526420811,8.282320909426529,9.263940695263903,-25.725408989731278,-25.2246538765386,23.339970073494793,57.5,0.0
t2|0.4|0.075|1.5|0.2|0.6,B,,0,,,175.614297679334,10.62975676184057,-29.135188860824474,9.514380205680602,11.82539699496455,-29.730345641557765,-29.474666717098437,51.67415671841948,109.5,0.0
t2|0.4|0.075|1.5|0.2|0.6,F,,0,,,412.5058391867067,9.79588805216024,-27.47405809108069,8.904729313663234,10.274226222848318,-30.282863304970153,-29.61306385980034,37.97018600957186,166.0,0.0
t2|0.4|0.075|1.5|0.2|0.7,A,,0,,,142.65306165941314,8.983849783265018,-21.467255750129365,8.442893142361878,9.425273540135834,-25.724691704454195,-25.223941791058095,23.32007586310445,57.0,0.0
t2|0.4|0.075|1.5|0.2|0.7,B,,0,,,188.1404394659874,11.349114383081771,-29.123954280425856,10.117446824147347,12.46334003574521,-29.730345641557765,-29.474666717098458,51.84984724111186,104.0,0.0
t2|0.4|0.075|1.5|0.2|0.7,F,,0,,,462.2681568626454,10.402924684542558,-27.47403971149918,9.176350355056472,10.815874220961962,-30.280911016675827,-29.615929198967823,38.159777497348585,163.0,0.0
t2|0.4|0.075|1.5|0.2|None,A,,0,,,142.65306165941314,8.983849783265018,-21.467255750129365,8.442893142361878,9.425273540135834,-25.724691704454195,-25.223941791058095,23.32007586310445,57.0,0.0
t2|0.4|0.075|1.5|0.2|None,B,,0,,,189.76723268622504,11.439332163992388,-29.13526088247155,10.209513016408142,12.406122908234751,-29.730345641557765,-29.474666717098458,52.011656046441686,103.0,0.0
t2|0.4|0.075|1.5|0.2|None,F,,0,,,459.4655253662151,10.370964565342922,-27.47403971149918,9.4846520188743,10.862285680234104,-30.280911016675827,-29.615929198967823,38.23723423359605,162.0,0.0
t2|0.4|0.075|1.5|0.25|0.4,A,,0,,,128.54916533384574,7.862344536553001,-19.377544319282432,7.193955783698243,8.389914077994835,-25.704273102831664,-24.66400074282787,22.095963988777306,58.0,0.0
t2|0.4|0.075|1.5|0.25|0.4,B,,0,,,173.94129392967696,10.529626513183931,-28.527843388883696,9.652394526692134,11.763232590813509,-29.551190547452812,-29.314434116328947,46.6257171081918,126.0,0.0
t2|0.4|0.075|1.5|0.25|0.4,F,,0,,,385.28207492682424,9.433115886255173,-27.071529447677477,9.09513568972771,9.667053378943658,-29.918099650900142,-29.551418476242613,34.89406436985728,182.5,0.0
t2|0.4|0.075|1.5|0.25|0.6,A,,0,,,140.35921659335563,8.808537249549698,-21.46795526420811,8.214729755769056,9.197690366350804,-25.725408989731278,-25.22465387653859,23.36205218553291,57.5,0.0
t2|0.4|0.075|1.5|0.25|0.6,B,,0,,,175.64313607694632,10.631319884074198,-29.135188860824474,9.440095557572796,11.955447316027398,-29.730345641557765,-29.474666717098437,51.78108436484254,109.5,0.0
t2|0.4|0.075|1.5|0.25|0.6,F,,0,,,419.77479487365207,9.88889571161553,-27.475481526793637,8.901551903643194,10.296290975303249,-30.285664822104685,-29.61561797465308,38.0834372065234,166.0,0.0
t2|0.4|0.075|1.5|0.25|0.7,A,,0,,,141.77135317576557,8.916750318274481,-21.467255750129365,8.376226308170045,9.359906264427206,-25.724691704454195,-25.223941791058095,23.34158434764776,57.0,0.0
t2|0.4|0.075|1.5|0.25|0.7,B,,0,,,188.72556200285655,11.381459470662826,-29.123954280425856,10.353760476151693,12.69733638750387,-29.730345641557765,-29.474666717098458,52.09798381737556,104.0,0.0
t2|0.4|0.075|1.5|0.25|0.7,F,,0,,,470.4013998024306,10.496415340525589,-27.4754444516566,9.218167187046483,10.847943917394916,-30.283656424609983,-29.61860138693736,38.30376133160234,163.0,0.0
t2|0.4|0.075|1.5|0.25|None,A,,0,,,141.77135317576557,8.916750318274481,-21.467255750129365,8.376226308170045,9.359906264427206,-25.724691704454195,-25.223941791058095,23.34158434764776,57.0,0.0
t2|0.4|0.075|1.5|0.25|None,B,,0,,,191.98654893314546,11.561275430608742,-29.13526088247155,10.449388989867062,12.553097751998296,-29.730345641557765,-29.474666717098458,52.28946115053446,103.0,0.0
t2|0.4|0.075|1.5|0.25|None,F,,0,,,462.4537116667334,10.405864735951875,-27.4754444516566,9.53363485498383,10.891271620024904,-30.283656424609983,-29.61860138693736,38.38236491021066,162.0,0.0
t2|0.4|0.075|1.5|0.3|0.4,A,,0,,,127.89563771852734,7.807745260968502,-19.377544319282432,7.13751803984352,8.337821965140286,-25.704273102831664,-24.66400074282787,22.116074203987267,58.0,0.0
t2|0.4|0.075|1.5|0.3|0.4,B,,0,,,179.4954341261459,10.857444491037072,-28.527843388883696,9.894610313887616,12.017358874460998,-29.551190547452812,-29.314434116328947,46.99407398255941,126.0,0.0
t2|0.4|0.075|1.5|0.3|0.4,F,,0,,,394.1432590537495,9.553777828152931,-27.071529447677467,9.193025065932554,9.77572168377672,-29.918099650900153,-29.551418476242635,35.11330856755331,182.5,0.0
t2|0.4|0.075|1.5|0.3|0.6,A,,0,,,139.6856069056808,8.756553815847678,-21.46795526420811,8.163048295035559,9.147104195929137,-25.725408989731278,-25.22465387653859,23.38574151340738,57.5,0.0
t2|0.4|0.075|1.5|0.3|0.6,B,,0,,,177.6235863584985,10.748248396991567,-29.135188860824474,9.520564952935882,12.20578998760809,-29.730345641557765,-29.474666717098437,52.06668886099914,109.0,0.0
t2|0.4|0.075|1.5|0.3|0.6,F,,0,,,428.52694326168216,9.998865489315033,-27.476579561380394,8.844485348657564,10.40365244683336,-30.287818635299068,-29.617579707395947,38.35717071134309,166.0,0.0
t2|0.4|0.075|1.5|0.3|0.7,A,,0,,,141.10124470555854,8.86550211132361,-21.467255750129365,8.325255329877502,9.309997948139754,-25.724691704454195,-25.223941791058095,23.364723561628857,57.0,0.0
t2|0.4|0.075|1.5|0.3|0.7,B,,0,,,192.09324991025565,11.56711147681122,-29.123954280425856,10.611604029984456,12.97056384787924,-29.730345641557765,-29.474666717098458,52.43630171968208,104.0,0.0
t2|0.4|0.075|1.5|0.3|0.7,F,,0,,,481.0135083299222,10.616048106179354,-27.476527981373916,9.38406214223611,10.957618407612618,-30.285766723969477,-29.620654673559045,38.52811998544963,163.0,0.0
t2|0.4|0.075|1.5|0.3|None,A,,0,,,141.10124470555854,8.86550211132361,-21.467255750129365,8.325255329877502,9.309997948139754,-25.724691704454195,-25.223941791058095,23.364723561628857,57.0,0.0
t2|0.4|0.075|1.5|0.3|None,B,,0,,,196.69560933650294,11.815846678224906,-29.13526088247155,10.786891731776112,12.829013414674325,-29.730345641557765,-29.474666717098458,52.782846428878706,103.0,0.0
t2|0.4|0.075|1.5|0.3|None,F,,0,,,474.50118109919873,10.543502466020549,-27.476527981373916,9.658871116367981,11.006760506988714,-30.285766723969477,-29.620654673559045,38.628818869551026,162.0,0.0
t2|0.4|0.075|1.5|0.35|0.4,A,,0,,,127.3921212120813,7.765507059628629,-19.377544319282432,7.0928189843224025,8.297425924733606,-25.704273102831664,-24.66400074282787,22.129679108806695,58.0,0.0
t2|0.4|0.075|1.5|0.35|0.4,B,,0,,,181.08536375576244,10.948729058422835,-28.527843388883696,10.082441721677641,12.195483758946596,-29.551190547452812,-29.314434116328947,47.13080365060514,126.0,0.0
t2|0.4|0.075|1.5|0.35|0.4,F,,0,,,398.2261875030721,9.608545694936133,-27.071529447677484,9.26234542167557,9.849085061000839,-29.91809965090012,-29.551418476242624,35.25387683196498,182.5,0.0
t2|0.4|0.075|1.5|0.35|0.6,A,,0,,,139.1656457217203,8.716272669752723,-21.46795526420811,8.120712398410841,9.108113625715413,-25.725408989731278,-25.22465387653859,23.40412547365715,57.5,0.0
t2|0.4|0.075|1.5|0.35|0.6,B,,0,,,180.27383583056567,10.90265162461115,-29.135188860824474,9.591348266390971,12.186528170958761,-29.730345641557765,-29.474666717098437,52.27403906109138,109.0,0.0
t2|0.4|0.075|1.5|0.35|0.6,F,,0,,,430.8685397772286,10.027799709608242,-27.477702762133887,8.822974786272493,10.477885541160887,-30.28950474632127,-29.61909702783997,38.50745601875556,166.0,0.0
t2|0.4|0.075|1.5|0.35|0.7,A,,0,,,140.58128397635198,8.82558556406703,-21.467255750129365,8.283490882658166,9.271531983000951,-25.724691704454195,-25.223941791058095,23.382587471222827,57.0,0.0
t2|0.4|0.075|1.5|0.35|0.7,B,,0,,,192.3701009964825,11.582054723047541,-29.123954280425856,10.618794001079937,13.155792399282909,-29.730345641557765,-29.474666717098458,52.563241462046115,104.0,0.0
t2|0.4|0.075|1.5|0.35|0.7,F,,0,,,487.6983038184439,10.690063436866525,-27.477638775656022,9.361278977582648,11.013632100510609,-30.287418541605405,-29.622243422361322,38.63499616953046,163.0,0.0
t2|0.4|0.075|1.5|0.35|None,A,,0,,,140.58128397635198,8.82558556406703,-21.467255750129365,8.283490882658166,9.271531983000951,-25.724691704454195,-25.223941791058095,23.382587471222827,57.0,0.0
t2|0.4|0.075|1.5|0.35|None,B,,0,,,196.91313377194587,11.827432675286998,-29.13526088247155,10.820745387813975,12.81360736344749,-29.730345641557765,-29.474666717098458,52.84447819839245,103.0,0.0
t2|0.4|0.075|1.5|0.35|None,F,,0,,,481.2340831736371,10.619046469919603,-27.477638775656022,9.617873179564377,11.01591821473703,-30.287418541605405,-29.622243422361322,38.74251110275383,162.0,0.0
t2|0.4|0.1|0.8|0.2|0.4,A,,0,,,141.34849923035978,8.884491672076644,-20.591608996152537,8.600858412246064,9.322376229177138,-25.778879950967948,-24.74152144441475,23.78150861608086,57.0,0.0
t2|0.4|0.1|0.8|0.2|0.4,B,,0,,,154.20293128830286,9.284740821402659,-28.37618908836343,8.64341143034898,10.74890671980046,-29.806037611876768,-29.571599492940358,47.98632078283408,125.5,0.0
t2|0.4|0.1|0.8|0.2|0.4,F,,0,,,383.27642292385076,9.40541216480062,-27.30714816440207,8.957548764279814,9.785376225217497,-30.175440506802996,-29.80708091683611,36.88982297038456,181.5,0.0
t2|0.4|0.1|0.8|0.2|0.6,A,,0,,,153.26381189116904,9.76335087074407,-22.151594879291657,9.438812245796155,10.09248631720368,-25.803892097896597,-25.302176491865303,25.211770715838156,57.0,0.0
t2|0.4|0.1|0.8|0.2|0.6,B,,0,,,161.72159382915515,9.775058335765795,-29.395672508231925,8.684000949001065,11.168203902853794,-31.139885474752937,-29.806470983229243,52.58266469484356,108.0,0.0
t2|0.4|0.1|0.8|0.2|0.6,F,,0,,,420.93372388344034,9.903561404684346,-28.8196586619192,9.107878183423594,10.570013209672101,-30.51049666589828,-29.85002938257533,39.91572861376243,165.0,0.0
t2|0.4|0.1|0.8|0.2|0.7,A,,0,,,154.29821386206592,9.836648324007157,-22.150881697303994,9.409079084606475,10.234189320994542,-25.803174812619535,-25.301464406384806,25.182863701191536,56.5,0.0
t2|0.4|0.1|0.8|0.2|0.7,B,,0,,,175.67990296784154,10.633610832113927,-29.383885728958376,9.52654840416219,11.579682799578551,-29.9921266079996,-29.732513412245638,52.649413834397684,105.0,0.0
t2|0.4|0.1|0.8|0.2|0.7,F,,0,,,440.31007464455945,10.143527256113295,-28.055648614694434,9.649249080813052,10.910236880418028,-30.50953549585834,-29.848949664865437,40.0793990697467,161.0,0.0
t2|0.4|0.1|0.8|0.2|None,A,,0,,,154.29821386206592,9.836648324007157,-22.150881697303994,9.409079084606475,10.234189320994542,-25.803174812619535,-25.301464406384806,25.182863701191536,56.5,0.0
t2|0.4|0.1|0.8|0.2|None,B,,0,,,175.46581608198923,10.62084266340606,-29.383885728958376,9.498313263239973,11.623203534721322,-29.9921266079996,-29.732513412245638,52.85044317192822,103.5,0.0
t2|0.4|0.1|0.8|0.2|None,F,,0,,,440.9896218270566,10.151829998599226,-28.055648614694434,9.639648909403808,10.948270903020955,-30.50953549585834,-29.848949664865437,40.26089886553529,160.0,0.0
t2|0.4|0.1|0.8|0.25|0.4,A,,0,,,141.5273799801772,8.898171363752894,-20.591608996152534,8.50308943058823,9.229221565129095,-25.778879950967937,-24.741521444414737,25.13696683990553,57.0,0.0
t2|0.4|0.1|0.8|0.25|0.4,B,,0,,,160.81663640145018,9.717582689564585,-28.37618908836343,9.091920890367529,11.345811823500624,-29.806037611876768,-29.571599492940358,48.28500054425098,124.5,0.0
t2|0.4|0.1|0.8|0.25|0.4,F,,0,,,400.5151702562633,9.639001673122072,-28.48299733245857,9.159910787524373,10.022770867959348,-31.108550769942113,-29.807080916836103,37.47351843277635,181.5,0.0
t2|0.4|0.1|0.8|0.25|0.6,A,,0,,,153.49215214262236,9.77958582954761,-22.151594879291654,9.372132534883212,10.108926085272012,-25.803892097896597,-25.302176491865268,26.55572912378671,57.0,0.0
t2|0.4|0.1|0.8|0.25|0.6,B,,0,,,164.62633223336277,9.959486423247931,-29.395672508231925,9.661751846345092,11.429218207913802,-32.60837291762913,-30.570444386633433,52.95225736408062,107.0,0.0
t2|0.4|0.1|0.8|0.25|0.6,F,,0,,,438.39306493432923,10.119990430450033,-29.121724620191873,9.4803724328734,10.69867103250924,-31.079618770715033,-30.169791280629642,40.35711922092106,165.0,0.0
t2|0.4|0.1|0.8|0.25|0.7,A,,0,,,154.54291180089683,9.853939794593247,-22.150881697303994,9.319509396466778,10.250577775054666,-25.803174812619524,-25.30146440638478,26.52396606604229,56.5,0.0
t2|0.4|0.1|0.8|0.25|0.7,B,,0,,,180.0458077662131,10.889437704474304,-29.395672508231918,9.302116251081518,12.037669120335021,-31.632683113135784,-29.75855834502898,53.44253795825438,104.0,0.0
t2|0.4|0.1|0.8|0.25|0.7,F,,0,,,463.71613648435437,10.420470870705334,-28.243494880885745,9.80260275553121,10.91987853064007,-30.513734444752817,-30.052778832108544,40.596021086628454,160.5,0.0
t2|0.4|0.1|0.8|0.25|None,A,,0,,,154.54291180089683,9.853939794593247,-22.150881697303994,9.319509396466778,10.250577775054666,-25.803174812619524,-25.30146440638478,26.52396606604229,56.5,0.0
t2|0.4|0.1|0.8|0.25|None,B,,0,,,176.7958511429778,10.699341644747362,-29.395672508231918,9.35562485664768,12.060223769486242,-31.767583435978118,-29.76731548718646,53.58045904074802,103.0,0.0
t2|0.4|0.1|0.8|0.25|None,F,,0,,,480.6115685257221,10.612084996075911,-28.243494880885745,9.808593252567906,10.91777274097992,-30.513734444752817,-30.073538537735473,40.77398686221263,160.0,0.0
t2|0.4|0.1|0.8|0.3|0.4,A,,0,,,136.86930937020873,8.536754703174875,-20.591608996152527,8.163751595025124,8.894856461118724,-25.77887995096799,-24.74152144441473,25.451064836456105,57.0,0.0
t2|0.4|0.1|0.8|0.3|0.4,B,,0,,,162.2748649919842,9.810692671611088,-28.37619328451365,9.06154471804281,11.171096026771773,-30.435046525995833,-29.789503080333745,49.28181555148077,126.0,0.0
t2|0.4|0.1|0.8|0.3|0.4,F,,0,,,384.7534450626288,9.425831676079909,-28.975712451234912,9.011585574689548,9.809894782812004,-30.78723682013955,-29.836376451639087,38.15688755859102,182.0,0.0
t2|0.4|0.1|0.8|0.3|0.6,A,,0,,,147.45806413846634,9.343110366457353,-22.151594879291657,8.956947279956559,9.679617108930048,-25.803892097896618,-25.302176491865286,26.87567676426015,57.0,0.0
t2|0.4|0.1|0.8|0.3|0.6,B,,0,,,169.32527010575888,10.250158444405166,-29.6534335720123,9.518265405569231,11.122768855170568,-34.32213860042249,-30.48574670137258,53.73481193127723,108.0,0.0
t2|0.4|0.1|0.8|0.3|0.6,F,,0,,,430.16533684859024,10.019199236088582,-29.443401399877867,9.066914627153592,10.549594004137738,-32.30248914387563,-31.017466150814606,41.134617909604685,164.5,0.0
t2|0.4|0.1|0.8|0.3|0.7,A,,0,,,148.47979689775298,9.418062102881287,-22.150881697303994,8.90287744554276,9.823752906891823,-25.803174812619535,-25.301464406384795,26.847520802355984,56.5,0.0
t2|0.4|0.1|0.8|0.3|0.7,B,,0,,,180.35170208748642,10.90715397054952,-29.431854438988907,9.725912929650319,11.962951542637876,-31.720758316866583,-30.051158403324973,54.63918290124652,104.0,0.0
t2|0.4|0.1|0.8|0.3|0.7,F,,0,,,453.9388338825336,10.306145884945227,-28.453741405818562,9.558737956575607,10.879847824863367,-30.964077477274387,-30.18081548007177,41.27438175185832,161.5,0.0
t2|0.4|0.1|0.8|0.3|None,A,,0,,,148.47979689775298,9.418062102881287,-22.150881697303994,8.90287744554276,9.823752906891823,-25.803174812619535,-25.301464406384795,26.847520802355984,56.5,0.0
t2|0.4|0.1|0.8|0.3|None,B,,0,,,177.95273904599767,10.767518509282093,-29.46574092016665,9.37519270132708,11.704087371842071,-31.32649631635148,-30.079495852066973,54.76470872612465,103.0,0.0
t2|0.4|0.1|0.8|0.3|None,F,,0,,,462.84450563367733,10.410405953605895,-28.496202242352386,9.60852453600665,10.901133022709557,-30.98688271881992,-30.18081548007177,41.46372511297641,161.0,0.0
t2|0.4|0.1|0.8|0.35|0.4,A,,0,,,135.4773835477221,8.426578358832781,-20.76839158046179,7.829813399201242,8.733516621277982,-26.07356644132399,-25.00687856037708,26.892280444074544,58.0,0.0
t2|0.4|0.1|0.8|0.35|0.4,B,,0,,,167.06725303270716,10.11152084714475,-28.89081213624166,9.307915898567606,11.73433758923183,-31.821877861031854,-29.885476249904368,51.2506158847594,124.0,0.0
t2|0.4|0.1|0.8|0.35|0.4,F,,0,,,419.2869276491841,9.882685874190301,-29.516198153312235,9.37723333392126,10.439573772672716,-32.08206218228589,-31.208152488436326,40.2246143902276,181.5,0.0
t2|0.4|0.1|0.8|0.35|0.6,A,,0,,,144.61221398166893,9.1316483818926,-22.40537133286795,8.832374747378546,9.444174593389727,-25.858597130001858,-25.53044068459264,28.32592146941377,58.0,0.0
t2|0.4|0.1|0.8|0.35|0.6,B,,0,,,173.06047345879566,10.47737478788524,-29.732335715697182,9.22810044137243,11.794851531425754,-36.53715349608028,-31.947728364396877,55.09840340626844,107.5,0.0
t2|0.4|0.1|0.8|0.35|0.6,F,,0,,,465.8572123984396,10.444970750489746,-30.230456336111537,9.120007354363596,11.140429869779652,-32.9982299993406,-32.78905295230396,43.00817906642915,166.5,0.0
t2|0.4|0.1|0.8|0.35|0.7,A,,0,,,146.53461412769542,9.274900841033451,-22.404691978072005,8.770358226278756,9.583783728349083,-25.85791394956207,-25.529762351749042,28.146377327572498,58.0,0.0
t2|0.4|0.1|0.8|0.35|0.7,B,,0,,,181.90549764663913,10.99630279760111,-29.685631936879126,9.766961893112905,12.283562634584857,-33.08173067266298,-30.821238100723917,56.42830843963071,103.0,0.0
t2|0.4|0.1|0.8|0.35|0.7,F,,0,,,470.44783038839137,10.497509688307039,-29.824317423203823,9.50400401026018,11.408807794359314,-32.30749959798111,-32.28672109647087,43.40631053684536,161.5,0.0
t2|0.4|0.1|0.8|0.35|None,A,,0,,,146.53461412769542,9.274900841033451,-22.404691978072005,8.770358226278756,9.583783728349083,-25.85791394956207,-25.529762351749042,28.146377327572498,58.0,0.0
t2|0.4|0.1|0.8|0.35|None,B,,0,,,177.32728936426312,10.730877930413719,-29.685631936879126,9.604099853184884,12.32524400412251,-33.21788378390771,-30.971816136366005,56.44191241023984,101.5,0.0
t2|0.4|0.1|0.8|0.35|None,F,,0,,,468.47915483113576,10.475187450897716,-29.840985348817306,9.476120716113032,11.300711909677545,-32.47238715871025,-32.43280453495771,43.553307962425514,160.0,0.0
t2|0.4|0.1|1.0|0.2|0.4,A,,0,,,139.3288334197768,8.72894459226381,-20.591608996152548,8.428549701062774,9.148909329433481,-25.77887995096796,-24.74152144441475,23.207511999857402,57.0,0.0
t2|0.4|0.1|1.0|0.2|0.4,B,,0,,,151.03416494796167,9.07179346689987,-28.37618908836343,8.660515247516765,10.461881133074034,-29.806037611876768,-29.571599492940358,47.64364268850744,125.0,0.0
t2|0.4|0.1|1.0|0.2|0.4,F,,0,,,373.54511723704957,9.269130101796774,-27.322882685495703,8.864837206506268,9.531741830576143,-30.175437768938817,-29.80707821616168,36.07306080581745,181.0,0.0
t2|0.4|0.1|1.0|0.2|0.6,A,,0,,,153.2386288417939,9.76158269626406,-22.15159487929168,9.390398883240875,10.102233589251334,-25.803892097896618,-25.302176491865303,24.63799474903217,57.0,0.0
t2|0.4|0.1|1.0|0.2|0.6,B,,0,,,162.74795989109137,9.840779102437935,-29.523521955400128,8.552223593019715,11.055387149803058,-31.16083135023767,-30.24772752474732,52.472832274691925,109.0,0.0
t2|0.4|0.1|1.0|0.2|0.6,F,,0,,,421.0055237532314,9.904461464390446,-28.62812517944721,9.229699156791305,10.529581072626321,-30.501824900776874,-29.841604029782125,39.33283396051708,165.5,0.0
t2|0.4|0.1|1.0|0.2|0.7,A,,0,,,154.60537485437948,9.858378999900008,-22.150881697303998,9.340811048164163,10.243239681427719,-25.803174812619545,-25.3014644063848,24.605799778010436,56.5,0.0
t2|0.4|0.1|1.0|0.2|0.7,B,,0,,,175.2922270511991,10.610717244747415,-29.383885728958376,9.506817000235554,11.830678194280834,-29.9921266079996,-29.732513412245638,52.53755406369457,105.0,0.0
t2|0.4|0.1|1.0|0.2|0.7,F,,0,,,452.640416660397,10.291145978420246,-27.9795045406929,9.636962473262,10.765558455642779,-30.500981313050126,-29.840638497737103,39.33663923688419,161.0,0.0
t2|0.4|0.1|1.0|0.2|None,A,,0,,,154.60537485437948,9.858378999900008,-22.150881697303998,9.340811048164163,10.243239681427719,-25.803174812619545,-25.3014644063848,24.605799778010436,56.5,0.0
t2|0.4|0.1|1.0|0.2|None,B,,0,,,173.6436473711557,10.51240716539933,-29.383885728958376,9.414144197318269,11.692570940731294,-29.9921266079996,-29.732513412245638,52.771344408961276,103.5,0.0
t2|0.4|0.1|1.0|0.2|None,F,,0,,,452.8057103147132,10.293062371951645,-28.071146452721358,9.680945046704457,10.797257798800759,-30.500981313050126,-29.840638497737103,39.451502084985115,160.0,0.0
t2|0.4|0.1|1.0|0.25|0.4,A,,0,,,136.3773933500607,8.4979431139803,-20.591608996152548,8.19673070120606,8.920796738186713,-25.77887995096796,-24.74152144441475,23.29034083696508,57.0,0.0
t2|0.4|0.1|1.0|0.25|0.4,B,,0,,,159.8734704252471,9.656891084386698,-28.41808409727103,9.270969766099812,11.324995115639075,-29.806037611876768,-29.609069793868226,48.30386887871997,125.0,0.0
t2|0.4|0.1|1.0|0.25|0.4,F,,0,,,384.7615456077381,9.42593862690705,-28.437123241066026,9.035580682449956,9.737318507614342,-30.175437768938806,-29.807078216161692,36.61563393497102,182.0,0.0
t2|0.4|0.1|1.0|0.25|0.6,A,,0,,,150.16032925523706,9.540551943663079,-22.15159487929168,9.167524663129994,9.882450714253773,-25.803892097896618,-25.302176491865296,24.724677120513412,57.0,0.0
t2|0.4|0.1|1.0|0.25|0.6,B,,0,,,169.23829841419087,10.245481828512592,-29.6534335720123,9.777114556203493,11.438356406736581,-32.78678423986895,-30.287561913992285,52.87485877544651,108.5,0.0
t2|0.4|0.1|1.0|0.25|0.6,F,,0,,,440.2649785254889,10.142714481662917,-29.119172662935377,9.464391128364486,10.673063336304548,-31.07369541199868,-30.46479324822856,39.545016028029615,166.0,0.0
t2|0.4|0.1|1.0|0.25|0.7,A,,0,,,151.50419249205768,9.637483818890635,-22.150881697303994,9.11536842486244,10.024408968780085,-25.803174812619545,-25.3014644063848,24.693937786045012,56.5,0.0
t2|0.4|0.1|1.0|0.25|0.7,B,,0,,,181.7622997584248,10.988472562825057,-29.407667628943873,9.620409456122147,12.115365901561606,-31.66617055631049,-30.013577827522226,53.65428031889441,104.5,0.0
t2|0.4|0.1|1.0|0.25|0.7,F,,0,,,472.22645403216944,10.517559602538762,-28.231624026901088,9.794148629496213,11.03265111791365,-30.508794113949033,-30.05376560047865,39.61505515593059,161.5,0.0
t2|0.4|0.1|1.0|0.25|None,A,,0,,,151.50419249205768,9.637483818890635,-22.150881697303994,9.11536842486244,10.024408968780085,-25.803174812619545,-25.3014644063848,24.693937786045012,56.5,0.0
t2|0.4|0.1|1.0|0.25|None,B,,0,,,180.24475983808634,10.900809084160546,-29.407667628943873,9.798340461854508,12.103558917457583,-31.69228847185718,-30.018823519101684,54.07253230880398,104.0,0.0
t2|0.4|0.1|1.0|0.25|None,F,,0,,,474.9941927669453,10.549167268617376,-28.238153028607734,9.839376991448882,11.034650591962025,-30.508794113949033,-30.074523457076495,39.740285686903654,160.5,0.0
t2|0.4|0.1|1.0|0.3|0.4,A,,0,,,133.8303872967424,8.294947470707115,-20.591608996152548,7.99055055959906,8.720474941605568,-25.77887995096796,-24.74152144441475,23.320754754561296,57.0,0.0
t2|0.4|0.1|1.0|0.3|0.4,B,,0,,,162.73527012379006,9.840047343913593,-28.84274217482581,9.227213219264394,11.301534963017005,-30.92876607836097,-29.877621008136128,48.85800251498361,125.5,0.0
t2|0.4|0.1|1.0|0.3|0.4,F,,0,,,379.7142372222753,9.355918601527025,-28.828373467971673,8.746841178410644,9.598940063453938,-30.29959663360713,-29.843900837873903,36.824484485689666,182.5,0.0
t2|0.4|0.1|1.0|0.3|0.6,A,,0,,,147.52286801553345,9.347904169126675,-22.151594879291668,8.973692601418533,9.693108770807006,-25.803892097896618,-25.302176491865296,24.75950063063871,57.0,0.0
t2|0.4|0.1|1.0|0.3|0.6,B,,0,,,167.83616959201782,10.159392809099844,-29.618816671775626,9.736849734246762,11.41943034899994,-34.16574861137009,-31.241093247606806,53.386178766183946,109.0,0.0
t2|0.4|0.1|1.0|0.3|0.6,F,,0,,,436.64211176112036,10.098944784779484,-29.305853564725314,9.288913169738008,10.567781798540501,-31.95642710366594,-30.97403450478524,39.94518004043817,166.0,0.0
t2|0.4|0.1|1.0|0.3|0.7,A,,0,,,148.8525992773623,9.445357489500338,-22.150881697303994,8.920431823200769,9.836474533266019,-25.803174812619545,-25.3014644063848,24.730513157996175,56.5,0.0
t2|0.4|0.1|1.0|0.3|0.7,B,,0,,,182.66079246491617,11.039966526500278,-29.519810342260683,9.950618886809874,12.178090264667961,-31.572271888270752,-30.600017483667656,54.147911548030294,104.5,0.0
t2|0.4|0.1|1.0|0.3|0.7,F,,0,,,457.22870524662005,10.344769042621937,-28.493446835855245,9.636480412610137,10.818935917781731,-30.98955429013631,-30.170941141507328,40.009338977043996,161.0,0.0
t2|0.4|0.1|1.0|0.3|None,A,,0,,,148.8525992773623,9.445357489500338,-22.150881697303994,8.920431823200769,9.836474533266019,-25.803174812619545,-25.3014644063848,24.730513157996175,56.5,0.0
t2|0.4|0.1|1.0|0.3|None,B,,0,,,182.0920021424869,11.007288982121043,-29.564860326600613,9.457375623176627,11.819664558019745,-31.20742439801222,-30.179446995406987,54.22884641392622,103.5,0.0
t2|0.4|0.1|1.0|0.3|None,F,,0,,,451.8696430787582,10.281998464485564,-28.493446835855245,9.636439628439453,10.86427142635519,-31.012603037844112,-30.170941141507328,40.13764783353865,160.0,0.0
t2|0.4|0.1|1.0|0.35|0.4,A,,0,,,132.10336744589722,8.155315234530802,-20.591608996152548,7.851356228265918,8.580830566079397,-25.77887995096796,-24.74152144441475,23.34055742674286,57.0,0.0
t2|0.4|0.1|1.0|0.35|0.4,B,,0,,,172.75710765598802,10.459205689680552,-29.488296443569944,9.40090178064839,11.879221395650651,-33.78679796138413,-31.390175213451887,50.02025770156753,125.0,0.0
t2|0.4|0.1|1.0|0.35|0.4,F,,0,,,414.80394576305645,9.825042165081166,-29.76433107433642,9.331886558014675,10.291875534120317,-32.84408614496829,-32.09142727411445,37.95785684395837,182.0,0.0
t2|0.4|0.1|1.0|0.35|0.6,A,,0,,,145.69550109695365,9.212599810834154,-22.151594879291668,8.834763026565987,9.557684328131359,-25.803892097896618,-25.302176491865296,24.78409630413122,57.0,0.0
t2|0.4|0.1|1.0|0.35|0.6,B,,0,,,175.08188127173582,10.598077074354517,-29.87179995561845,9.508027701461796,12.18481238189016,-36.08789673408267,-32.415488285906555,54.181465487023914,109.0,0.0
t2|0.4|0.1|1.0|0.35|0.6,F,,0,,,463.5315102061688,10.418345257532291,-29.909163426647112,9.074418126524764,11.120285989995493,-33.09079214705041,-32.43881017279413,40.593900177826505,165.5,0.0
t2|0.4|0.1|1.0|0.35|0.7,A,,0,,,147.0035017939152,9.309546992545926,-22.150881697303994,8.779797570949917,9.701094413204066,-25.803174812619545,-25.3014644063848,24.757022024778585,56.5,0.0
t2|0.4|0.1|1.0|0.35|0.7,B,,0,,,185.0660689686747,11.176205268541183,-29.732335715697193,10.21566716156547,12.691185533323846,-32.7045555028281,-31.875168622666582,55.60405862693229,104.5,0.0
t2|0.4|0.1|1.0|0.35|0.7,F,,0,,,492.3629494012395,10.741791254080457,-29.81312339744645,9.655018640323835,11.336991512964145,-33.18704036162604,-32.20780094054709,40.715385460670326,161.5,0.0
t2|0.4|0.1|1.0|0.35|None,A,,0,,,147.0035017939152,9.309546992545926,-22.150881697303994,8.779797570949917,9.701094413204066,-25.803174812619545,-25.3014644063848,24.757022024778585,56.5,0.0
t2|0.4|0.1|1.0|0.35|None,B,,0,,,182.7706324837712,11.045983290191474,-29.732335715697193,10.014798361995584,12.477112049620947,-32.86756797006095,-31.52324590901032,55.54146383190866,103.0,0.0
t2|0.4|0.1|1.0|0.35|None,F,,0,,,488.68852464407405,10.700647441218614,-29.81312339744645,9.704450457818595,11.3864249254001,-33.346635123583155,-32.24083091963548,40.98932124843713,161.0,0.0
t2|0.4|0.1|1.5|0.2|0.4,A,,0,,,124.7477534875219,7.541557340838489,-20.591608996152548,7.235409777824057,7.982939578484083,-25.77887995096796,-24.74152144441475,22.486666116083498,57.0,0.0
t2|0.4|0.1|1.5|0.2|0.4,B,,0,,,155.62315001788392,9.379283809186012,-28.37618908836343,8.819290795768646,10.737738090372273,-29.806037611876768,-29.571599492940358,47.363262493376254,125.0,0.0
t2|0.4|0.1|1.5|0.2|0.4,F,,0,,,341.198221520258,8.790394756967668,-27.20568194457693,8.425047948916783,9.059853734232902,-30.175437768938785,-29.80707821616167,35.79040782540992,181.0,0.0
t2|0.4|0.1|1.5|0.2|0.6,A,,0,,,138.15176465742886,8.637347313683353,-22.151594879291657,8.233212209169308,8.984693191292507,-25.803892097896618,-25.302176491865282,23.965317074385744,57.0,0.0
t2|0.4|0.1|1.5|0.2|0.6,B,,0,,,166.98452230679214,10.106525446726234,-29.394675934675796,8.800286292071869,11.378013933511998,-29.9921266079996,-29.749809266746226,52.19144850142816,109.0,0.0
t2|0.4|0.1|1.5|0.2|0.6,F,,0,,,397.7786574071821,9.600296129052454,-27.78283618881868,8.742918299632422,10.289849777601024,-30.543825864806106,-29.883206782778295,38.919743395914765,168.0,0.0
t2|0.4|0.1|1.5|0.2|0.7,A,,0,,,139.4262173322787,8.73643651602195,-22.150881697303994,8.168649838194018,9.130803432672108,-25.803174812619545,-25.3014644063848,23.9543151967221,56.5,0.0
t2|0.4|0.1|1.5|0.2|0.7,B,,0,,,177.31623472618173,10.730157070014956,-29.383885728958376,9.853374144207164,12.00670987096303,-29.9921266079996,-29.732513412245638,52.30741190901471,105.0,0.0
t2|0.4|0.1|1.5|0.2|0.7,F,,0,,,427.43353774292206,9.985164484941434,-27.788311625545738,9.094771520178462,10.493870368184147,-30.542627130158383,-29.88188033580827,38.750743752508946,163.5,0.0
t2|0.4|0.1|1.5|0.2|None,A,,0,,,139.4262173322787,8.73643651602195,-22.150881697303994,8.168649838194018,9.130803432672108,-25.803174812619545,-25.3014644063848,23.9543151967221,56.5,0.0
t2|0.4|0.1|1.5|0.2|None,B,,0,,,177.54964664302756,10.743885975440692,-29.383885728958376,9.883305692753371,11.9101234382003,-29.9921266079996,-29.732513412245638,52.35760650552048,104.0,0.0
t2|0.4|0.1|1.5|0.2|None,F,,0,,,426.4589037437333,9.973057379383876,-27.788311625545738,9.356558409478158,10.533294664226304,-30.542627130158383,-29.88188033580827,38.868435625558774,162.0,0.0
t2|0.4|0.1|1.5|0.25|0.4,A,,0,,,123.89631193148969,7.468420858729341,-20.591608996152548,7.160885733267578,7.9122456320498165,-25.77887995096796,-24.74152144441475,22.503531690689343,57.0,0.0
t2|0.4|0.1|1.5|0.25|0.4,B,,0,,,159.11565756935434,9.607876755366396,-28.37618908836343,9.035125288593555,10.998662684910297,-29.806037611876768,-29.571599492940358,47.575312664853364,125.0,0.0
t2|0.4|0.1|1.5|0.25|0.4,F,,0,,,346.8440631268443,8.877014317715204,-27.891611295438945,8.523694434725146,9.16269684402015,-30.175437768938806,-29.80707821616168,35.9212657204155,181.5,0.0
t2|0.4|0.1|1.5|0.25|0.6,A,,0,,,137.26825228631017,8.568134232167646,-22.151594879291657,8.16563410455919,8.917260459075964,-25.803892097896618,-25.302176491865296,23.988305951566293,57.0,0.0
t2|0.4|0.1|1.5|0.25|0.6,B,,0,,,167.92578927339954,10.164920812037614,-29.395672508231925,8.930596542367079,11.528890924913696,-29.9921266079996,-29.75063979008964,52.44438191537105,109.0,0.0
t2|0.4|0.1|1.5|0.25|0.6,F,,0,,,397.5680936640115,9.599537603201524,-27.8256333270316,8.82078770385388,10.33325282030186,-30.546619012510167,-30.256228671898732,39.264667930598925,168.0,0.0
t2|0.4|0.1|1.5|0.25|0.7,A,,0,,,138.5396285779776,8.667555277545214,-22.150881697303994,8.100665345098907,9.064187409756173,-25.803174812619545,-25.30146440638481,23.976760177980434,56.5,0.0
t2|0.4|0.1|1.5|0.25|0.7,B,,0,,,179.49399723822336,10.857444140474703,-29.383885728958376,10.061310674125094,12.259089708572775,-29.9921266079996,-29.732513412245638,52.666919005138936,105.0,0.0
t2|0.4|0.1|1.5|0.25|0.7,F,,0,,,431.539623084699,10.035846235612789,-27.84391987476138,9.038805734169895,10.56304368427262,-30.54537392025205,-29.884546045297977,38.9726580590373,163.5,0.0
t2|0.4|0.1|1.5|0.25|None,A,,0,,,138.5396285779776,8.667555277545214,-22.150881697303994,8.100665345098907,9.064187409756173,-25.803174812619545,-25.30146440638481,23.976760177980434,56.5,0.0
t2|0.4|0.1|1.5|0.25|None,B,,0,,,179.2961283745552,10.84592345772528,-29.383885728958376,10.09499557641631,12.022711516869524,-29.9921266079996,-29.732513412245638,52.63007884418429,104.0,0.0
t2|0.4|0.1|1.5|0.25|None,F,,0,,,433.972504878681,10.06598518559919,-27.84391987476138,9.425646543258503,10.543191290026694,-30.54537392025205,-29.884546045297977,39.105038209342865,162.0,0.0
t2|0.4|0.1|1.5|0.3|0.4,A,,0,,,123.24916864166484,7.4125296232747555,-20.591608996152548,7.103919868993176,7.8582352419443335,-25.77887995096796,-24.74152144441475,22.523589426936603,57.0,0.0
t2|0.4|0.1|1.5|0.3|0.4,B,,0,,,164.27475576326285,9.937070897439671,-28.376293242210522,9.266186272147364,11.197398092813929,-29.806037611876768,-29.571599492940358,47.98738170854355,126.0,0.0
t2|0.4|0.1|1.5|0.3|0.4,F,,0,,,354.7767581575851,8.99636879155985,-27.891611295438935,8.585120109442215,9.224596238344532,-30.175437768938764,-29.80707821616168,36.186687719777204,181.5,0.0
t2|0.4|0.1|1.5|0.3|0.6,A,,0,,,136.59681759717887,8.515266164848201,-22.151594879291657,8.113959759289749,8.865762665573577,-25.803892097896618,-25.302176491865296,24.012946504676677,57.0,0.0
t2|0.4|0.1|1.5|0.3|0.6,B,,0,,,171.31363834473441,10.372006392232258,-29.395672508231925,9.217323396621872,11.752011540482364,-30.163928087452007,-29.94124722860805,53.011017602380846,109.0,0.0
t2|0.4|0.1|1.5|0.3|0.6,F,,0,,,399.7594569334155,9.628675264340025,-27.900473276656435,8.870347433571682,10.384983645612648,-31.060430739606804,-30.531145440314578,39.282651760050136,168.0,0.0
t2|0.4|0.1|1.5|0.3|0.7,A,,0,,,137.86589827407164,8.614945531243013,-22.150881697303994,8.048678867346322,9.013316722905348,-25.803174812619545,-25.30146440638481,24.000879294566634,56.5,0.0
t2|0.4|0.1|1.5|0.3|0.7,B,,0,,,183.02048812648644,11.06049234332598,-29.383885728958376,10.425716076431176,12.434918508066573,-29.9921266079996,-29.732513412245638,53.15501318140308,105.0,0.0
t2|0.4|0.1|1.5|0.3|0.7,F,,0,,,437.1233934998965,10.104640167660195,-27.84509036237316,9.481936770126172,10.60906934080894,-30.547485319404764,-30.107949000373353,39.23867369012881,163.0,0.0
t2|0.4|0.1|1.5|0.3|None,A,,0,,,137.86589827407164,8.614945531243013,-22.150881697303994,8.048678867346322,9.013316722905348,-25.803174812619545,-25.30146440638481,24.000879294566634,56.5,0.0
t2|0.4|0.1|1.5|0.3|None,B,,0,,,183.01036196129425,11.059925620441325,-29.383885728958376,10.20017826424243,12.247008033760242,-29.9921266079996,-29.732513412245638,53.09360688062548,104.0,0.0
t2|0.4|0.1|1.5|0.3|None,F,,0,,,444.2126405066047,10.190718520108287,-27.84509036237316,9.529696543434184,10.607843592144398,-30.547485319404764,-30.12872098515152,39.36435533968354,162.0,0.0
t2|0.4|0.1|1.5|0.35|0.4,A,,0,,,122.74543263116082,7.3688406672894,-20.591608996152548,7.059073593104658,7.816159287053193,-25.77887995096796,-24.74152144441475,22.53701943918739,57.0,0.0
t2|0.4|0.1|1.5|0.35|0.4,B,,0,,,177.55154150963654,10.744004330019564,-28.609482704713773,9.508518829425897,12.081413540427882,-31.13763950946875,-30.708573787526035,48.4345009504806,125.5,0.0
t2|0.4|0.1|1.5|0.35|0.4,F,,0,,,383.5194078701103,9.408699235661032,-29.473843067631222,9.131930231941494,10.007760652437332,-32.24587041052226,-30.30676961414555,36.84750210210843,182.0,0.0
t2|0.4|0.1|1.5|0.35|0.6,A,,0,,,136.07770470122668,8.474231235772766,-22.151594879291657,8.071519681387478,8.825912321955286,-25.803892097896618,-25.302176491865296,24.03214676277072,57.0,0.0
t2|0.4|0.1|1.5|0.35|0.6,B,,0,,,175.62767939538494,10.630553382237728,-29.523521955400128,9.734870318794018,12.270178673960483,-34.820939179501686,-31.304829484747554,53.12062520713423,109.0,0.0
t2|0.4|0.1|1.5|0.35|0.6,F,,0,,,440.2478656349496,10.142434187887305,-29.822540738397695,9.04679605178829,10.853126113394609,-32.62512091200254,-31.71327180887682,40.018389649664,168.0,0.0
t2|0.4|0.1|1.5|0.35|0.7,A,,0,,,137.34678521401105,8.57425123618809,-22.150881697303994,8.006005675326692,8.973953674859418,-25.803174812619545,-25.30146440638481,24.019584870650963,56.5,0.0
t2|0.4|0.1|1.5|0.35|0.7,B,,0,,,187.85296640874682,11.333035623517018,-29.395672508231918,10.274471594780623,12.990449259879593,-31.52582325165907,-29.936492569978896,53.66612609543966,105.0,0.0
t2|0.4|0.1|1.5|0.35|0.7,F,,0,,,476.8538243668078,10.5701129876117,-29.528210510472892,9.20969542898811,11.16157688536815,-32.58622368063308,-31.56702607448423,39.98497163942295,164.5,0.0
t2|0.4|0.1|1.5|0.35|None,A,,0,,,137.34678521401105,8.57425123618809,-22.150881697303994,8.006005675326692,8.973953674859418,-25.803174812619545,-25.30146440638481,24.019584870650963,56.5,0.0
t2|0.4|0.1|1.5|0.35|None,B,,0,,,187.112105272875,11.291658621200074,-29.395672508231918,10.31506333527347,13.077770115239169,-31.68946396105925,-29.939748976964463,53.72740264613597,104.5,0.0
t2|0.4|0.1|1.5|0.35|None,F,,0,,,475.9314132365261,10.559729775450421,-29.544466549830783,9.55216895832646,11.201207982631594,-32.74789525008297,-31.600508132368166,40.158038514091736,163.5,0.0
t2|0.5|0.05|0.8|0.2|0.4,A,,0,,,154.79867227307457,9.872052683760568,-23.67072727571123,9.345657344106288,10.5351570989063,-26.293216978890566,-25.047064953448324,26.560877571096285,54.0,0.0
t2|0.5|0.05|0.8|0.2|0.4,B,,0,,,170.61663631886915,10.329707158344393,-28.734004832783217,9.743008897210807,12.01630255128476,-31.151680978411868,-29.8032270006884,50.25225505358155,118.0,0.0
t2|0.5|0.05|0.8|0.2|0.4,F,,0,,,453.9839644812284,10.307004912024354,-28.089322290050717,10.14508637296195,10.65400938447291,-30.769266930778215,-29.58974427371749,38.65506156863781,172.5,0.0
t2|0.5|0.05|0.8|0.2|0.6,A,,0,,,165.2115564137933,10.584894374463982,-23.098051411730967,10.044472487702983,10.690223521216502,-27.521800300839693,-25.814934804242203,27.82565855728059,54.0,0.0
t2|0.5|0.05|0.8|0.2|0.6,B,,0,,,191.7109253085783,11.546111335958154,-29.263661631869304,10.481579760324236,12.890006223830383,-32.450935851367035,-31.064528054711783,53.5503878163881,104.5,0.0
t2|0.5|0.05|0.8|0.2|0.6,F,,0,,,544.8205493158345,11.286057375241398,-28.29179478296932,10.181387070615418,11.75227571601916,-30.515609520221076,-29.829806378146785,41.267001821180806,158.5,0.0
t2|0.5|0.05|0.8|0.2|0.7,A,,0,,,167.47726713048192,10.734620029209363,-23.097355450438638,10.267385675502522,10.844036016884607,-27.521093360737815,-25.814218313674715,27.595543000563595,54.0,0.0
t2|0.5|0.05|0.8|0.2|0.7,B,,0,,,209.94541765595451,12.50362270358879,-29.263380781240674,11.491970368710717,13.416677425992868,-32.49896164071442,-29.72104442931197,54.58173806668023,102.0,0.0
t2|0.5|0.05|0.8|0.2|0.7,F,,0,,,593.3640024617133,11.74789793860862,-28.204490311999226,10.969259684321777,12.039827594613332,-30.510069618485858,-29.824718647525756,41.66022684535622,154.0,0.0
t2|0.5|0.05|0.8|0.2|None,A,,0,,,167.47726713048192,10.734620029209363,-23.097355450438638,10.267385675502522,10.844036016884607,-27.521093360737815,-25.814218313674715,27.595543000563595,54.0,0.0
t2|0.5|0.05|0.8|0.2|None,B,,0,,,209.15621949285972,12.463775784747478,-29.147976858989,11.433553301742123,13.498655352834229,-32.52368679448235,-29.737267267593776,54.7633432509241,101.0,0.0
t2|0.5|0.05|0.8|0.2|None,F,,0,,,595.5374037955174,11.767777418723691,-28.2264158733679,10.848172769338941,12.06936179310558,-30.510069618485858,-29.824718647525756,41.64551678398655,153.0,0.0
t2|0.5|0.05|0.8|0.25|0.4,A,,0,,,153.5077300019406,9.780711095391602,-23.67072727571122,9.263457432975619,10.463047870296718,-26.293216978890545,-25.047064953448317,26.955163501142444,54.0,0.0
t2|0.5|0.05|0.8|0.25|0.4,B,,0,,,167.52364700121117,10.140085804743148,-28.631090091317773,9.414629645167379,11.66109146682289,-33.71174689864726,-30.692323491229565,50.4855362034383,117.5,0.0
t2|0.5|0.05|0.8|0.25|0.4,F,,0,,,446.93023007248286,10.222833929464393,-28.907166513123645,9.844453929629681,10.612287185114136,-33.276492737412674,-30.197996923939126,39.16210458780172,172.5,0.0
t2|0.5|0.05|0.8|0.25|0.6,A,,0,,,164.10423080787916,10.511045572777888,-23.098051411730957,9.996709106459615,10.617563499891858,-27.521800300839704,-25.814934804242167,28.216202091371045,54.0,0.0
t2|0.5|0.05|0.8|0.25|0.6,B,,0,,,181.37393721333152,10.966102127701093,-29.442138105488002,10.29836425590727,12.581499553778333,-32.78101321821091,-32.225268234556815,53.92034259824505,104.0,0.0
t2|0.5|0.05|0.8|0.25|0.6,F,,0,,,519.6923469730381,11.031688178241883,-28.57829618148201,10.10897781667461,11.552567456182878,-31.0217306383067,-30.281097231041937,42.110012151982914,157.5,0.0
t2|0.5|0.05|0.8|0.25|0.7,A,,0,,,166.37142769213523,10.66177288368948,-23.097355450438634,10.219855717303412,10.771391939908659,-27.521093360737847,-25.814218313674697,27.984948346920103,54.0,0.0
t2|0.5|0.05|0.8|0.25|0.7,B,,0,,,203.49274002954002,12.173702273944597,-29.135501087437788,11.39423939097573,13.347033243124676,-30.846940160120585,-30.232642162911745,54.882592540262664,102.0,0.0
t2|0.5|0.05|0.8|0.25|0.7,F,,0,,,564.8910649445476,11.48191606425385,-27.844235448719346,10.746628949863911,11.979695625439682,-30.51806518097986,-29.83233758096244,41.88576778830143,154.0,0.0
t2|0.5|0.05|0.8|0.25|None,A,,0,,,166.37142769213523,10.66177288368948,-23.097355450438634,10.219855717303412,10.771391939908659,-27.521093360737847,-25.814218313674697,27.984948346920103,54.0,0.0
t2|0.5|0.05|0.8|0.25|None,B,,0,,,206.12513701115725,12.309445700460032,-29.135501087437788,11.468091927181076,13.42683344191131,-30.87180529251683,-30.166925825105018,55.16109230212633,102.0,0.0
t2|0.5|0.05|0.8|0.25|None,F,,0,,,573.2043277993795,11.56077286153392,-27.895332276940444,10.639513682934716,12.024094963550553,-30.51806518097986,-29.8465897400326,42.01256807108496,153.0,0.0
t2|0.5|0.05|0.8|0.3|0.4,A,,0,,,177.18639814791837,11.356175333778761,-23.67072727571122,9.328878345344197,12.135573861512901,-26.293216978890545,-25.047064953448317,27.598294710718328,54.0,0.0
t2|0.5|0.05|0.8|0.3|0.4,B,,0,,,169.24980327622876,10.246154851695932,-28.734004832783217,9.311551578909324,11.546728277886718,-32.96014160957337,-31.987467090674315,50.89000657294389,117.5,0.0
t2|0.5|0.05|0.8|0.3|0.4,F,,0,,,513.9558886709972,10.970668862885368,-29.74256110711489,9.897168506443172,11.469239184213675,-32.434017556494446,-31.57927884726886,39.951286343876305,172.5,0.0
t2|0.5|0.05|0.8|0.3|0.6,A,,0,,,189.21298562734881,12.085001467793221,-23.098051411730957,9.928018219471628,12.274203808869267,-27.521800300839704,-25.814934804242167,28.919816104264,54.0,0.0
t2|0.5|0.05|0.8|0.3|0.6,B,,0,,,181.51663000274183,10.973946091240961,-29.47476074739251,10.3141744273034,12.492787918212889,-33.164389318359945,-32.11814327597949,54.58771126488118,104.0,0.0
t2|0.5|0.05|0.8|0.3|0.6,F,,0,,,567.5109256112067,11.506667174590824,-30.17915061855237,10.641376392204553,12.358736526085634,-32.80800690586844,-32.212485967078294,42.766024439986246,159.0,0.0
t2|0.5|0.05|0.8|0.3|0.7,A,,0,,,192.05108454497318,12.250914835363712,-23.097355450438645,10.090761687652275,12.409481354617432,-27.521093360737847,-25.814218313674697,28.600226693730235,54.0,0.0
t2|0.5|0.05|0.8|0.3|0.7,B,,0,,,201.8718269689268,12.089350605527871,-29.263380781240674,11.227469287224768,13.203377002484265,-31.3052587386358,-30.496920721540803,55.815906948418615,102.0,0.0
t2|0.5|0.05|0.8|0.3|0.7,F,,0,,,641.3511060034064,12.169337757677102,-28.3218527316701,10.972303895661469,12.723354272533587,-32.69812153885068,-31.374348089522215,42.663275160524286,154.0,0.0
t2|0.5|0.05|0.8|0.3|None,A,,0,,,192.05108454497318,12.250914835363712,-23.097355450438645,10.090761687652275,12.409481354617432,-27.521093360737847,-25.814218313674697,28.600226693730235,54.0,0.0
t2|0.5|0.05|0.8|0.3|None,B,,0,,,193.11393452295903,11.622630713684124,-29.308005180187806,11.0419175669734,13.281474478449477,-31.33022377905339,-30.66867329144754,55.572698325258195,100.5,0.0
t2|0.5|0.05|0.8|0.3|None,F,,0,,,643.3282478960157,12.186134519468084,-28.343626617398936,10.93647775096712,12.73195872343412,-32.69812153885068,-31.374348089522215,42.77923538865848,152.5,0.0
t2|0.5|0.05|0.8|0.35|0.4,A,,0,,,172.35094009850113,11.04949973155539,-24.701945092169318,9.191123181722924,11.561985472948525,-28.180953390449982,-27.131318848852988,28.71045805940069,53.0,0.0
t2|0.5|0.05|0.8|0.35|0.4,B,,0,,,174.85177327118822,10.584411622611123,-29.662344152725883,9.504103876452973,11.860175362125599,-33.43880377189612,-31.459076526452474,52.39174115122327,117.5,0.0
t2|0.5|0.05|0.8|0.35|0.4,F,,0,,,584.2990331728646,11.664598745085842,-31.843749331522492,10.448670358084765,11.983576744716366,-33.38494799888231,-32.93332926027255,41.358475195270174,171.5,0.0
t2|0.5|0.05|0.8|0.35|0.6,A,,0,,,184.23478035605854,11.788278389435636,-23.2002285982499,9.885949585467468,11.989148495055135,-27.413121338982727,-25.705669633636933,29.65161527041874,54.0,0.0
t2|0.5|0.05|0.8|0.35|0.6,B,,0,,,182.97556189959028,11.05330544121329,-30.534100996907693,10.238361835195812,13.373950663494103,-33.676625934228085,-33.157960444425996,55.92991663275132,105.5,0.0
t2|0.5|0.05|0.8|0.35|0.6,F,,0,,,611.5406069211372,11.910589327886123,-31.22118063398202,10.317058097499409,12.856967700948118,-34.89052889408316,-34.48238659072495,43.6875131523063,160.0,0.0
t2|0.5|0.05|0.8|0.35|0.7,A,,0,,,186.51704547911046,11.925087737477646,-23.199551403845124,10.044667358558687,12.122875665104882,-27.412433256752845,-25.70497226091793,29.57112099276581,54.0,0.0
t2|0.5|0.05|0.8|0.35|0.7,B,,0,,,192.26880091798364,11.575676275598369,-29.6211369579701,10.59895357345787,13.743025688658669,-32.350722677682896,-32.159351517101875,56.33042477512762,102.0,0.0
t2|0.5|0.05|0.8|0.35|0.7,F,,0,,,692.0493973004367,12.584339076353013,-30.981547936416437,10.860022598302457,13.29796359668722,-34.768445574914644,-33.7264352562047,43.56913203581434,156.5,0.0
t2|0.5|0.05|0.8|0.35|None,A,,0,,,186.51704547911046,11.925087737477646,-23.199551403845124,10.044667358558687,12.122875665104882,-27.412433256752845,-25.70497226091793,29.57112099276581,54.0,0.0
t2|0.5|0.05|0.8|0.35|None,B,,0,,,193.19324122283567,11.626675339114701,-29.666505086954555,10.747360678220252,13.786009310602696,-32.44889892122931,-32.32043027409035,56.57512131992206,101.0,0.0
t2|0.5|0.05|0.8|0.35|None,F,,0,,,695.9719003801185,12.61525504922102,-30.958309850639765,10.850585739542467,13.301405641901267,-34.768445574914644,-33.7264352562047,43.642617172127586,156.0,0.0
t2|0.5|0.05|1.0|0.2|0.4,A,,0,,,155.053114042943,9.889978802749699,-23.67072727571122,9.363748138465109,10.551839975009953,-26.29321697889052,-25.047064953448334,26.433666300447257,54.0,0.0
t2|0.5|0.05|1.0|0.2|0.4,B,,0,,,173.27179435816092,10.490071947025115,-28.63108582126504,9.877111634880126,11.504415751302318,-31.212303405230436,-29.583422939976245,50.052612600970434,118.5,0.0
t2|0.5|0.05|1.0|0.2|0.4,F,,0,,,447.17998096388953,10.226124803505032,-27.48222301948715,9.86269212536139,10.606355566967695,-30.621383103289922,-29.589744273717493,39.007018106930175,173.0,0.0
t2|0.5|0.05|1.0|0.2|0.6,A,,0,,,166.38324799173725,10.662545693290548,-23.098051411730964,10.195882754361401,10.826994318525418,-27.521800300839693,-25.814934804242203,27.696187519271632,54.0,0.0
t2|0.5|0.05|1.0|0.2|0.6,B,,0,,,187.454161041722,11.309106339731134,-29.396623239416936,10.461104230794732,12.466062114201721,-32.537918657632424,-30.929677665549267,54.03206777294607,104.0,0.0
t2|0.5|0.05|1.0|0.2|0.6,F,,0,,,535.9266198051208,11.197670926583235,-27.639423863020458,10.691633353576387,11.971993773797347,-30.505556314042614,-29.82038876687404,41.4563294340287,158.5,0.0
t2|0.5|0.05|1.0|0.2|0.7,A,,0,,,168.6750864068506,10.813026165233165,-23.097355450438638,10.416097701855545,10.98056830134044,-27.521093360737815,-25.81421831367472,27.463145383619942,54.0,0.0
t2|0.5|0.05|1.0|0.2|0.7,B,,0,,,201.8769336523459,12.089635816338106,-29.151475409134292,11.152827552274477,13.649881421635385,-30.581849069735156,-29.77770789526572,54.102338187244456,102.5,0.0
t2|0.5|0.05|1.0|0.2|0.7,F,,0,,,578.4784198669499,11.610408001557138,-28.091082425829107,10.941196173088134,12.043124090815322,-30.500242929493094,-29.815506683475736,41.43739092205073,154.5,0.0
t2|0.5|0.05|1.0|0.2|None,A,,0,,,168.6750864068506,10.813026165233165,-23.097355450438638,10.416097701855545,10.98056830134044,-27.521093360737815,-25.81421831367472,27.463145383619942,54.0,0.0
t2|0.5|0.05|1.0|0.2|None,B,,0,,,201.27215914132978,12.057859547792994,-29.251014569327605,11.116732231772975,13.607807924973821,-30.60691288737576,-29.87699938829057,54.29765705871823,101.5,0.0
t2|0.5|0.05|1.0|0.2|None,F,,0,,,583.2346017853145,11.65463563056326,-28.112741528454077,11.071249903773243,12.0290371115004,-30.500242929493094,-29.815506683475736,41.46914105569867,154.0,0.0
t2|0.5|0.05|1.0|0.25|0.4,A,,0,,,151.85954246678475,9.663056643932567,-23.67072727571122,9.14581114770564,10.347939658256255,-26.29321697889052,-25.047064953448334,26.521535492247217,54.0,0.0
t2|0.5|0.05|1.0|0.25|0.4,B,,0,,,173.94638682332098,10.530553470086668,-28.52823708717263,9.944846766145192,11.47316537872304,-33.726341138063866,-29.534734168159478,50.36826382569626,118.5,0.0
t2|0.5|0.05|1.0|0.25|0.4,F,,0,,,439.07391950372653,10.128564077220892,-28.88169972574796,9.780050913694165,10.540714199021629,-32.970139042743476,-30.236538986436184,39.09779041790082,172.5,0.0
t2|0.5|0.05|1.0|0.25|0.6,A,,0,,,163.32457116006768,10.458773595444782,-23.098051411730964,10.016482135880052,10.6227048477035,-27.521800300839693,-25.814934804242203,27.78739656326996,54.0,0.0
t2|0.5|0.05|1.0|0.25|0.6,B,,0,,,186.1347993125428,11.23635968473482,-29.394871038907777,10.412396211519608,12.312288638194623,-32.690415574890906,-32.19889242688745,54.30820364055952,104.0,0.0
t2|0.5|0.05|1.0|0.25|0.6,F,,0,,,513.4816995825701,10.966692008084411,-29.037961854248863,10.240684053224872,11.612942865146325,-31.388533398386876,-30.258676525598315,41.809807267128924,157.5,0.0
t2|0.5|0.05|1.0|0.25|0.7,A,,0,,,165.76589109073714,10.621696961634031,-23.097355450438638,10.238495596396387,10.777133837020374,-27.521093360737815,-25.81421831367472,27.554696637219056,54.0,0.0
t2|0.5|0.05|1.0|0.25|0.7,B,,0,,,204.57201605842354,12.229556785789875,-29.135501087437788,11.25217205883207,13.632199371659043,-30.846102731429614,-30.50844675753641,54.44999191502451,103.0,0.0
t2|0.5|0.05|1.0|0.25|0.7,F,,0,,,575.0477468262417,11.578255513751323,-28.687350588802545,10.475300537215288,11.939645874951555,-30.512465422345702,-29.888736204969184,41.70256168029229,154.0,0.0
t2|0.5|0.05|1.0|0.25|None,A,,0,,,165.76589109073714,10.621696961634031,-23.097355450438638,10.238495596396387,10.777133837020374,-27.521093360737815,-25.81421831367472,27.554696637219056,54.0,0.0
t2|0.5|0.05|1.0|0.25|None,B,,0,,,201.43532440528375,12.06420387740147,-29.2090617928323,11.19914262141452,13.594823914331403,-30.87116534684593,-30.27434947591691,54.47639334861215,101.5,0.0
t2|0.5|0.05|1.0|0.25|None,F,,0,,,577.426226877977,11.60055775825074,-28.687350588802545,10.939196424179194,11.97069847153956,-30.512465422345702,-30.11977442004014,41.73483776119967,154.0,0.0
t2|0.5|0.05|1.0|0.3|0.4,A,,0,,,175.79750265367036,11.269162638038988,-23.67072727571122,9.23862080483515,12.049077835062082,-26.29321697889052,-25.047064953448334,27.171377118927875,54.0,0.0
t2|0.5|0.05|1.0|0.3|0.4,B,,0,,,176.1874824091598,10.663704310279954,-28.734004832783217,10.04148215726371,11.49308105419194,-32.91497799592709,-30.63100469778189,50.86878230937685,118.0,0.0
t2|0.5|0.05|1.0|0.3|0.4,F,,0,,,519.0664484616124,11.025332526501542,-29.438897430554956,9.66591183510053,11.446045932417862,-33.73499977743084,-31.37764453927465,39.77118090841922,173.0,0.0
t2|0.5|0.05|1.0|0.3|0.6,A,,0,,,190.62450347628157,12.167802920703686,-23.098051411730953,10.032318664094705,12.299895521512806,-27.521800300839704,-25.81493480424219,28.49137059569258,54.0,0.0
t2|0.5|0.05|1.0|0.3|0.6,B,,0,,,188.67379100524266,11.376032491663235,-29.50396806856076,10.218559620607577,12.689796716188301,-33.17802069059812,-32.995620273923464,54.93586607425952,103.5,0.0
t2|0.5|0.05|1.0|0.3|0.6,F,,0,,,600.0691288364345,11.807113762128441,-29.09749277244964,10.70275824511781,12.562902668953368,-32.67674082578835,-31.516339086664825,42.18500509160744,159.0,0.0
t2|0.5|0.05|1.0|0.3|0.7,A,,0,,,192.88315285793092,12.299101722669704,-23.097355450438624,10.193449642009881,12.432756415411724,-27.521093360737815,-25.81421831367472,28.178440595464078,54.0,0.0
t2|0.5|0.05|1.0|0.3|0.7,B,,0,,,207.68322654195003,12.388969016429751,-29.36757279437599,11.559436684670285,13.637186394109149,-31.165488609379477,-30.366774585612312,55.01694551093673,103.0,0.0
t2|0.5|0.05|1.0|0.3|0.7,F,,0,,,637.9728496868352,12.141196554947653,-28.97866963966177,11.18703837807044,12.829153287089595,-31.42426136926224,-30.60519919770741,42.21876157503206,154.0,0.0
t2|0.5|0.05|1.0|0.3|None,A,,0,,,192.88315285793092,12.299101722669704,-23.097355450438624,10.193449642009881,12.432756415411724,-27.521093360737815,-25.81421831367472,28.178440595464078,54.0,0.0
t2|0.5|0.05|1.0|0.3|None,B,,0,,,204.93468259209828,12.246474824586329,-29.394871038907784,11.283204880134576,13.645999886752833,-31.19055086523177,-30.337337331768154,54.84527238940073,101.5,0.0
t2|0.5|0.05|1.0|0.3|None,F,,0,,,655.923872384786,12.292246927929495,-28.97866963966177,11.254683490365725,12.877045151566715,-31.44515088223132,-30.60519919770741,42.32842417373291,154.0,0.0
t2|0.5|0.05|1.0|0.35|0.4,A,,0,,,169.51229007116567,10.867524393068917,-23.67072727571122,9.104693780163045,11.678368492524598,-26.29321697889052,-25.047064953448334,27.208590578180868,54.0,0.0
t2|0.5|0.05|1.0|0.35|0.4,B,,0,,,184.5254256871815,11.144715192683474,-29.5421315892994,10.173707846690046,12.83709572195059,-34.49650689126123,-32.47929726979976,51.76463459057247,118.0,0.0
t2|0.5|0.05|1.0|0.35|0.4,F,,0,,,584.5201520545729,11.666546236330877,-31.53458170207777,10.406593501287979,11.964672296096841,-33.70360619937651,-33.50282887078318,40.60289761522515,173.0,0.0
t2|0.5|0.05|1.0|0.35|0.6,A,,0,,,184.27005488871305,11.790685083648933,-23.098051411730953,9.906787772486288,11.92959978288823,-27.521800300839704,-25.81493480424219,28.53471393666605,54.0,0.0
t2|0.5|0.05|1.0|0.35|0.6,B,,0,,,191.83101945106498,11.552732412415335,-30.5311612923709,10.644711033059277,13.080154365230248,-34.37235524386657,-33.10447196727151,55.59715730045187,104.0,0.0
t2|0.5|0.05|1.0|0.35|0.6,F,,0,,,644.5924360530388,12.197391468576491,-31.262908209377926,10.475462823534071,13.096554733570526,-34.35275503305134,-32.47741018641649,42.77755389727484,159.5,0.0
t2|0.5|0.05|1.0|0.35|0.7,A,,0,,,186.51181643695472,11.925027470225636,-23.097355450438624,10.068278387139621,12.064995833674622,-27.521093360737815,-25.81421831367472,28.22278357600586,54.0,0.0
t2|0.5|0.05|1.0|0.35|0.7,B,,0,,,206.45341561092118,12.326255160129163,-29.474760747392498,11.45374290512039,14.19287461994632,-31.98834469683842,-31.56759694439432,55.48341177861615,103.0,0.0
t2|0.5|0.05|1.0|0.35|0.7,F,,0,,,682.8728973331026,12.511642043460025,-30.757497041145143,11.072733086795324,13.383447544280383,-33.45205965202015,-32.33243505695273,42.870862799772425,154.5,0.0
t2|0.5|0.05|1.0|0.35|None,A,,0,,,186.51181643695472,11.925027470225636,-23.097355450438624,10.068278387139621,12.064995833674622,-27.521093360737815,-25.81421831367472,28.22278357600586,54.0,0.0
t2|0.5|0.05|1.0|0.35|None,B,,0,,,207.33884348936897,12.371494384381288,-29.47492793074648,11.181107310037175,13.966220045561489,-32.006934085143,-31.626579530822248,55.61412521388686,101.5,0.0
t2|0.5|0.05|1.0|0.35|None,F,,0,,,694.6841349502264,12.605039318946897,-30.850986463658987,11.092031739790269,13.373059696190936,-33.45205965202015,-32.33415297624268,42.95621411660873,153.5,0.0
t2|0.5|0.05|1.5|0.2|0.4,A,,0,,,141.868775419652,8.924230527359377,-23.670727275711222,8.318396129433996,9.587664605024637,-26.29321697889052,-25.047064953448334,25.705559483936764,54.0,0.0
t2|0.5|0.05|1.5|0.2|0.4,B,,0,,,177.89942338477542,10.764124366604433,-28.528132820936314,10.048043963777742,11.914756612017536,-29.847166946360016,-29.534734168159478,49.84475628718298,118.5,0.0
t2|0.5|0.05|1.5|0.2|0.4,F,,0,,,418.73824817332206,9.875693800571984,-27.209053824889846,9.41243770107402,10.321209372157428,-29.919656164948382,-29.552953857435245,38.5788214953887,172.5,0.0
t2|0.5|0.05|1.5|0.2|0.6,A,,0,,,152.45621855480368,9.705774943064494,-23.098051411730953,9.21476294590087,9.865921662662554,-27.521800300839704,-25.81493480424219,27.049722270462556,54.0,0.0
t2|0.5|0.05|1.5|0.2|0.6,B,,0,,,194.1981129232388,11.679320875454568,-29.135501087437788,10.613575675620401,12.518451786519833,-31.80361579586123,-30.291719774724374,53.5322327804443,104.0,0.0
t2|0.5|0.05|1.5|0.2|0.6,F,,0,,,494.8014174958438,10.768270197919282,-27.604824458396042,10.191057067272958,11.569584698504862,-30.566508545165604,-29.87778275023487,41.110971520763336,158.0,0.0
t2|0.5|0.05|1.5|0.2|0.7,A,,0,,,154.46973983781064,9.84882036834035,-23.097355450438624,9.446622125725261,10.02380597143537,-27.521093360737815,-25.814218313674708,26.84638521824569,54.0,0.0
t2|0.5|0.05|1.5|0.2|0.7,B,,0,,,206.10802230411863,12.308434581067973,-29.135501087437788,11.459129288679778,13.787139520004496,-29.85120043081958,-29.500503807894706,53.878657586152855,102.5,0.0
t2|0.5|0.05|1.5|0.2|0.7,F,,0,,,539.9194333826075,11.237855705388288,-27.559428152018462,10.528054403245228,11.622254939249661,-30.56030242796014,-29.872098488630915,41.00458376282059,154.5,0.0
t2|0.5|0.05|1.5|0.2|None,A,,0,,,154.46973983781064,9.84882036834035,-23.097355450438624,9.446622125725261,10.02380597143537,-27.521093360737815,-25.814218313674708,26.84638521824569,54.0,0.0
t2|0.5|0.05|1.5|0.2|None,B,,0,,,207.38212191358718,12.373678556591116,-29.135501087437788,11.450635839211355,13.745327660159445,-29.87626424846018,-29.526818986924493,54.10423439581411,101.5,0.0
t2|0.5|0.05|1.5|0.2|None,F,,0,,,543.2580414189742,11.271049135752886,-27.569981292741847,10.719740370107262,11.662082802655311,-30.56030242796014,-29.872098488630915,41.076525686820055,154.5,0.0
t2|0.5|0.05|1.5|0.25|0.4,A,,0,,,140.9934197657384,8.857283805140115,-23.670727275711222,8.249150667646177,9.52431463354229,-26.29321697889052,-25.047064953448334,25.73023567750663,54.0,0.0
t2|0.5|0.05|1.5|0.25|0.4,B,,0,,,180.425654586236,10.91086519965392,-28.528132820936314,10.142400426895037,12.029581268227325,-29.840258108119922,-29.534734168159478,50.09016071176663,119.0,0.0
t2|0.5|0.05|1.5|0.25|0.4,F,,0,,,421.2823002769034,9.907954283921683,-27.20905382488985,9.495910149490863,10.349351702225565,-29.919656164948393,-29.55295385743523,38.618134653038325,172.5,0.0
t2|0.5|0.05|1.5|0.25|0.6,A,,0,,,151.55213446165868,9.640978164893898,-23.098051411730953,9.17828579131212,9.801979212423833,-27.521800300839704,-25.81493480424219,27.07629351887202,54.0,0.0
t2|0.5|0.05|1.5|0.25|0.6,B,,0,,,192.85788002587384,11.607976935232568,-29.135501087437788,10.624286897750016,12.697114696822108,-31.831615302995033,-30.30326223139254,53.81915214598338,104.0,0.0
t2|0.5|0.05|1.5|0.25|0.6,F,,0,,,500.7296438861259,10.832149778178113,-27.616094349775995,10.131494763568599,11.492007047050173,-30.570830064545408,-29.881818865219213,41.18822632068995,157.5,0.0
t2|0.5|0.05|1.5|0.25|0.7,A,,0,,,153.77308781478754,9.799539272298507,-23.097355450438624,9.41084048042488,9.960693091837559,-27.521093360737815,-25.814218313674708,26.87365068612644,54.0,0.0
t2|0.5|0.05|1.5|0.25|0.7,B,,0,,,207.57149818830368,12.383349819262301,-29.135501087437788,11.599692005303371,13.807978481199207,-29.868899643633075,-29.501067016377462,54.23934629974918,102.5,0.0
t2|0.5|0.05|1.5|0.25|0.7,F,,0,,,543.7236673053906,11.275720497110154,-27.56823395473511,10.20301401883406,11.617355506789236,-30.56452240304437,-29.87604283876247,41.19591277213133,155.0,0.0
t2|0.5|0.05|1.5|0.25|None,A,,0,,,153.77308781478754,9.799539272298507,-23.097355450438624,9.41084048042488,9.960693091837559,-27.521093360737815,-25.814218313674708,26.87365068612644,54.0,0.0
t2|0.5|0.05|1.5|0.25|None,B,,0,,,209.3913350333089,12.475664074460813,-29.135501087437788,11.636176790560915,13.757708888666128,-29.89396225904939,-29.558046982276103,54.501609800398,102.0,0.0
t2|0.5|0.05|1.5|0.25|None,F,,0,,,547.3661774250014,11.311727589503684,-27.578787078593255,10.6396031493705,11.706209283140776,-30.56452240304437,-29.87604283876247,41.270054080624355,154.0,0.0
t2|0.5|0.05|1.5|0.3|0.4,A,,0,,,167.69825616067453,10.74846531975522,-23.670727275711222,8.474495363734873,11.454829128867447,-26.29321697889052,-25.047064953448334,26.552138391966846,54.0,0.0
t2|0.5|0.05|1.5|0.3|0.4,B,,0,,,184.63373516018046,11.151564007034997,-28.528132820936314,10.31418217699854,12.252900281293275,-29.83818858620334,-29.534734168159478,50.46649061984806,119.0,0.0
t2|0.5|0.05|1.5|0.3|0.4,F,,0,,,507.16035220983485,10.90063979502337,-27.209053824889857,9.89573294630786,11.410076247527343,-29.919656164948393,-29.552953857435256,39.288613089409644,172.5,0.0
t2|0.5|0.05|1.5|0.3|0.6,A,,0,,,180.622610109578,11.568887159722053,-23.098051411730957,9.322818428707363,11.713800530355503,-27.521800300839693,-25.814934804242203,27.90066422443593,54.0,0.0
t2|0.5|0.05|1.5|0.3|0.6,B,,0,,,191.13316014301026,11.514484375286106,-29.14696486105178,10.532304401630574,12.772588139470486,-31.984277164214237,-30.306716391589838,54.49458960529046,104.0,0.0
t2|0.5|0.05|1.5|0.3|0.6,F,,0,,,601.9184520118539,11.825536018668515,-27.61145872194492,10.506322859836414,12.547935208724459,-30.574149522756112,-29.770255078884052,41.785828246525796,158.5,0.0
t2|0.5|0.05|1.5|0.3|0.7,A,,0,,,182.90482661233236,11.708118370250931,-23.097355450438627,9.489265861330082,11.848344764453667,-27.521093360737815,-25.814218313674708,27.587487741823857,54.0,0.0
t2|0.5|0.05|1.5|0.3|0.7,B,,0,,,212.03032842545156,12.60824117370538,-29.135501087437788,11.85397896114046,13.89160269163041,-29.874193165284645,-29.50984535111806,54.752712275073655,102.5,0.0
t2|0.5|0.05|1.5|0.3|0.7,F,,0,,,638.0642953401634,12.141554780710607,-27.56430864024234,11.085472080004347,12.723396530195085,-30.567763346771947,-29.766766641015685,41.7258685263129,154.5,0.0
t2|0.5|0.05|1.5|0.3|None,A,,0,,,182.90482661233236,11.708118370250931,-23.097355450438627,9.489265861330082,11.848344764453667,-27.521093360737815,-25.814218313674708,27.587487741823857,54.0,0.0
t2|0.5|0.05|1.5|0.3|None,B,,0,,,213.46164685100453,12.679518008279246,-29.135501087437788,11.890125993378414,13.900591350238283,-29.89925542113694,-29.56738538240698,55.01079443436816,102.0,0.0
t2|0.5|0.05|1.5|0.3|None,F,,0,,,648.2478971151376,12.227370475877198,-27.574864144344048,11.14372110143015,12.794680597195127,-30.567763346771947,-29.766766641015685,41.833327018408866,154.5,0.0
t2|0.5|0.05|1.5|0.35|0.4,A,,0,,,162.78385484629987,10.42170355546902,-23.670727275711222,8.433591680077098,11.146604440119503,-26.29321697889052,-25.047064953448334,26.585863910072916,54.0,0.0
t2|0.5|0.05|1.5|0.35|0.4,B,,0,,,184.72993043450938,11.157318417888417,-28.528132820936314,10.09163685824244,12.33958700920895,-29.880645140115213,-29.534734168159478,50.969471222232585,118.5,0.0
t2|0.5|0.05|1.5|0.35|0.4,F,,0,,,495.02827865685487,10.770426312951065,-27.209053824889867,9.884982153672555,11.19386833741178,-29.919656164948382,-29.552953857435245,39.26348121742909,173.0,0.0
t2|0.5|0.05|1.5|0.35|0.6,A,,0,,,175.56265757110165,11.254432243351387,-23.098051411730957,9.283588916183271,11.403118307172525,-27.521800300839693,-25.814934804242203,27.941446857288057,54.0,0.0
t2|0.5|0.05|1.5|0.35|0.6,B,,0,,,186.62037155780044,11.263823222812041,-29.14696486105178,10.518320476424188,12.746113246041638,-32.026169756474445,-30.104396240926327,54.39310639992216,104.0,0.0
t2|0.5|0.05|1.5|0.35|0.6,F,,0,,,578.8493243979603,11.61376856350561,-27.626793219916863,10.378514760520897,12.233197137521385,-30.57673517949159,-29.789844032000563,41.94223556758393,158.5,0.0
t2|0.5|0.05|1.5|0.35|0.7,A,,0,,,177.84505732931336,11.397260678932374,-23.097355450438627,9.450575090653091,11.5410818691268,-27.521093360737815,-25.814218313674708,27.62748400581262,54.0,0.0
t2|0.5|0.05|1.5|0.35|0.7,B,,0,,,208.24767148738377,12.417726719085886,-29.135501087437788,11.647219113385631,13.88222839187969,-29.900418504761095,-29.55332670680018,55.00851799625765,102.5,0.0
t2|0.5|0.05|1.5|0.35|0.7,F,,0,,,627.4145924858896,12.050637175626655,-27.57788492173942,10.699734919434274,12.51029549542762,-30.570287534940533,-29.782838417220013,41.84557441920923,155.0,0.0
t2|0.5|0.05|1.5|0.35|None,A,,0,,,177.84505732931336,11.397260678932374,-23.097355450438627,9.450575090653091,11.5410818691268,-27.521093360737815,-25.814218313674708,27.62748400581262,54.0,0.0
t2|0.5|0.05|1.5|0.35|None,B,,0,,,209.66254474064033,12.489342281422077,-29.135501087437788,11.66205771574015,13.891154690503937,-29.92547897924942,-29.61364088639363,55.19869532652662,102.0,0.0
t2|0.5|0.05|1.5|0.35|None,F,,0,,,614.9292858629316,11.940385116258511,-27.5884402052229,10.816672431152485,12.632236551079215,-30.570287534940533,-29.782838417220013,41.93043953573249,154.0,0.0
t2|0.5|0.075|0.8|0.2|0.4,A,,0,,,152.68605254279493,9.722130951421859,-24.043197502041263,9.354105058732568,10.360903433009813,-26.29794832121921,-25.5305894615582,27.01747130301073,54.0,0.0
t2|0.5|0.075|0.8|0.2|0.4,B,,0,,,166.6046946085023,10.083019880970268,-28.733712787039263,9.365715143970647,11.792384378166535,-31.345471135578695,-30.166095668188536,50.79841640678615,118.0,0.0
t2|0.5|0.075|0.8|0.2|0.4,F,,0,,,439.3994282502844,10.13251313604565,-28.451438323358648,9.87659998325922,10.474675338606943,-31.096478927592976,-29.58955942980462,39.1893022426197,172.0,0.0
t2|0.5|0.075|0.8|0.2|0.6,A,,0,,,163.91006962384134,10.498045070559137,-23.643765420707087,10.019561253550453,10.628219164416578,-27.52657253623242,-25.81977151054251,28.315700579758573,54.0,0.0
t2|0.5|0.075|0.8|0.2|0.6,B,,0,,,182.40207770034726,11.025137363224314,-29.39468355920873,10.121073506129822,12.567796016056773,-32.76587888130301,-31.05502088255018,53.874125930567374,104.0,0.0
t2|0.5|0.075|0.8|0.2|0.6,F,,0,,,531.4781998246854,11.15291838629675,-28.420503126678014,10.00405880105555,11.593690566913903,-30.51061041698484,-29.829341317860912,41.75139646243768,158.5,0.0
t2|0.5|0.075|0.8|0.2|0.7,A,,0,,,166.26922932002554,10.655013162587345,-23.64306942671932,10.226108666231404,10.776004022281441,-27.52586559613054,-25.81905501997504,28.17833438238635,53.0,0.0
t2|0.5|0.075|0.8|0.2|0.7,B,,0,,,204.77055215882174,12.239733883465508,-29.381707962495117,11.295406237337806,13.25717232522263,-30.99261204355328,-30.044330657092477,54.743378802161736,102.5,0.0
t2|0.5|0.075|0.8|0.2|0.7,F,,0,,,571.0786978916605,11.540800012216257,-28.67441446350787,10.741594038960065,11.921166432976252,-30.50539037219926,-29.842018017654144,41.94843208207244,154.5,0.0
t2|0.5|0.075|0.8|0.2|None,A,,0,,,166.26922932002554,10.655013162587345,-23.64306942671932,10.226108666231404,10.776004022281441,-27.52586559613054,-25.81905501997504,28.17833438238635,53.0,0.0
t2|0.5|0.075|0.8|0.2|None,B,,0,,,207.30608867967092,12.36982367946714,-29.380359571605517,11.16004424860462,13.279485807522285,-31.01753272760218,-29.82788153652115,54.87568775587517,101.0,0.0
t2|0.5|0.075|0.8|0.2|None,F,,0,,,572.9745824634011,11.558719270594386,-28.68545194529533,10.842525319195868,12.071920745321387,-30.50539037219926,-29.842018017654144,41.88618067340177,154.0,0.0
t2|0.5|0.075|0.8|0.25|0.4,A,,0,,,152.86907898293768,9.735198137351265,-24.043197502041224,9.26380626926027,10.330317989177981,-26.297948321219188,-25.5305894615582,27.469564271187075,54.0,0.0
t2|0.5|0.075|0.8|0.25|0.4,B,,0,,,162.64836003800815,9.834533230258657,-28.733712787039263,8.91833924662759,11.392672001785282,-34.02441687117571,-31.185460635636392,51.667126349591456,117.0,0.0
t2|0.5|0.075|0.8|0.25|0.4,F,,0,,,435.5074085747245,10.084952490153565,-29.016502922511496,9.822788530151891,10.441156595289137,-33.60169308471782,-30.85024247693273,39.7031412121193,172.0,0.0
t2|0.5|0.075|0.8|0.25|0.6,A,,0,,,164.19049723677415,10.51681035291081,-23.64376542070709,9.96296577912596,10.640816591680435,-27.52657253623243,-25.819771510542534,28.76812500767132,54.0,0.0
t2|0.5|0.075|0.8|0.25|0.6,B,,0,,,175.6662144969145,10.632893527812392,-29.441899673987994,9.583326067385164,12.335080266922184,-33.050724594226686,-32.26374355582363,54.348116765593744,103.5,0.0
t2|0.5|0.075|0.8|0.25|0.6,F,,0,,,497.5311004041366,10.79761407969383,-29.151343929304584,9.957627352461147,11.34636144589035,-31.81924430753429,-30.57218844125819,42.60976548928679,158.0,0.0
t2|0.5|0.075|0.8|0.25|0.7,A,,0,,,166.19775342319934,10.650249564402403,-23.643069426719315,10.169697410756767,10.787843346341978,-27.52586559613056,-25.81905501997505,28.67167352574177,53.0,0.0
t2|0.5|0.075|0.8|0.25|0.7,B,,0,,,193.66428209905723,11.651939826988755,-29.263192616805327,10.748135692828535,13.066339375653282,-31.09982623723728,-30.33653507116172,55.12683727460691,101.5,0.0
t2|0.5|0.075|0.8|0.25|0.7,F,,0,,,542.7781699801428,11.266327516526331,-27.920225290901147,10.652136292386734,11.745227541838577,-30.507827397579824,-29.844333400221736,42.435226288235874,153.0,0.0
t2|0.5|0.075|0.8|0.25|None,A,,0,,,166.19775342319934,10.650249564402403,-23.643069426719315,10.169697410756767,10.787843346341978,-27.52586559613056,-25.81905501997505,28.67167352574177,53.0,0.0
t2|0.5|0.075|0.8|0.25|None,B,,0,,,195.85368676758856,11.770707488385279,-29.263192616805327,10.771951674804107,13.063179357553475,-31.124903693652918,-30.37829600252594,55.53650902210811,101.0,0.0
t2|0.5|0.075|0.8|0.25|None,F,,0,,,551.7242363794707,11.354310310402427,-27.81617075141168,10.41230254284356,11.785924751165833,-30.507827397579824,-29.844333400221736,42.56634631130761,152.0,0.0
t2|0.5|0.075|0.8|0.3|0.4,A,,0,,,179.06259965111667,11.472680537783187,-24.043197502041224,9.470524506170216,12.179597859694994,-26.297948321219188,-25.5305894615582,28.36838319030163,54.0,0.0
t2|0.5|0.075|0.8|0.3|0.4,B,,0,,,162.9844703304355,9.855449715239118,-29.289921931146683,8.791073305046437,11.384072440528293,-32.640810948692355,-31.584041866674845,52.62902042691617,118.0,0.0
t2|0.5|0.075|0.8|0.3|0.4,F,,0,,,519.8166355588903,11.033330751697267,-30.2121392930086,9.903808332510316,11.433302780889838,-32.63447667824239,-32.161615366573955,40.76945843364047,172.0,0.0
t2|0.5|0.075|0.8|0.3|0.6,A,,0,,,193.3832272262536,12.327932508641215,-23.6437654207071,10.254187314691299,12.462207655508113,-27.52657253623243,-25.819771510542523,29.52860039397779,54.0,0.0
t2|0.5|0.075|0.8|0.3|0.6,B,,0,,,178.608118617851,10.805088596699687,-29.42710588551975,9.209419123977366,12.155012249364724,-33.29803334049398,-32.460144527918466,55.45198946079368,103.0,0.0
t2|0.5|0.075|0.8|0.3|0.6,F,,0,,,561.3978675231168,11.448399037425549,-30.630932591259462,10.266857100789654,12.236160090900325,-33.675658608587455,-32.51365809143652,43.59444057460987,158.0,0.0
t2|0.5|0.075|0.8|0.3|0.7,A,,0,,,196.14909439185448,12.486576230873304,-23.643069426719325,10.408555768326396,12.588990080577197,-27.52586559613056,-25.81905501997504,29.331866321059064,53.0,0.0
t2|0.5|0.075|0.8|0.3|0.7,B,,0,,,193.80871540726488,11.660444718557494,-29.263192616805327,10.5825140395018,12.522396320676435,-32.46673565378568,-30.775552841442394,56.296685104485356,101.5,0.0
t2|0.5|0.075|0.8|0.3|0.7,F,,0,,,636.0765827552752,12.124732195064936,-28.588783077745983,11.05177128353961,12.707832831292581,-33.3444742154512,-32.400158611982654,43.38737083433028,153.0,0.0
t2|0.5|0.075|0.8|0.3|None,A,,0,,,196.14909439185448,12.486576230873304,-23.643069426719325,10.408555768326396,12.588990080577197,-27.52586559613056,-25.81905501997504,29.331866321059064,53.0,0.0
t2|0.5|0.075|0.8|0.3|None,B,,0,,,195.43324032344515,11.748143983931492,-29.263192616805327,10.67600073294281,12.390635395320167,-32.491537257498806,-30.931863276414095,56.766628923874116,100.5,0.0
t2|0.5|0.075|0.8|0.3|None,F,,0,,,649.7796724321386,12.241045342856516,-28.61051228308694,11.073174129365652,12.75220485662128,-33.3444742154512,-32.400158611982654,43.51380052162897,152.0,0.0
t2|0.5|0.075|0.8|0.35|0.4,A,,0,,,174.1347976279056,11.16339081322819,-25.154952342949144,9.335339892978503,11.666544908038261,-28.18527514961895,-27.37771753443153,29.316311029685927,53.0,0.0
t2|0.5|0.075|0.8|0.35|0.4,B,,0,,,173.73786040466564,10.517705701052481,-29.541943424708915,9.299095955252561,11.79417618970946,-33.303308884450644,-31.84224570963627,53.58817024652771,117.0,0.0
t2|0.5|0.075|0.8|0.35|0.4,F,,0,,,565.4772238808469,11.487190692835147,-31.930196110785385,10.412856616225504,11.817835000026886,-33.870307934331514,-33.179143898744606,42.237540324430775,169.5,0.0
t2|0.5|0.075|0.8|0.35|0.6,A,,0,,,187.20034703209097,11.965999084637868,-23.561896749138146,10.114217471612381,12.101682799216725,-27.41764055824025,-25.710251970646468,30.26692864458953,54.0,0.0
t2|0.5|0.075|0.8|0.35|0.6,B,,0,,,175.6232031181649,10.628837295989301,-30.49968739598904,9.23707120738346,12.139689612732637,-33.31369023669585,-32.523905086202966,56.64405484818924,103.0,0.0
t2|0.5|0.075|0.8|0.35|0.6,F,,0,,,604.325017138036,11.847090307641462,-32.12217916154517,10.189212540652996,12.77186783052014,-36.19732300743039,-35.093048935928486,44.61367764932609,157.0,0.0
t2|0.5|0.075|0.8|0.35|0.7,A,,0,,,189.42310593297836,12.097359718437438,-23.5612195661961,10.265968541191143,12.232968495482325,-27.41695251948798,-25.709554641993087,30.188340176277794,54.0,0.0
t2|0.5|0.075|0.8|0.35|0.7,B,,0,,,189.36249412844504,11.416096392329521,-29.7155079712484,10.472384842719942,13.478540246485146,-32.185567697999616,-31.44225468660369,57.76590064006577,100.0,0.0
t2|0.5|0.075|0.8|0.35|0.7,F,,0,,,673.040452698276,12.43253987671238,-31.635151387318043,10.74062613039618,13.119692014923617,-36.07311180694711,-34.9653711254959,44.79792684144371,154.0,0.0
t2|0.5|0.075|0.8|0.35|None,A,,0,,,189.42310593297836,12.097359718437438,-23.5612195661961,10.265968541191143,12.232968495482325,-27.41695251948798,-25.709554641993087,30.188340176277794,54.0,0.0
t2|0.5|0.075|0.8|0.35|None,B,,0,,,189.5999370662699,11.42949034022912,-29.680358396694523,10.301243561143758,13.439545284285803,-32.325614602963114,-32.09361302981621,57.877244543350756,100.0,0.0
t2|0.5|0.075|0.8|0.35|None,F,,0,,,657.2381242705446,12.300983349360816,-31.76487059942275,10.444953573846288,12.948980293442885,-36.07311180694711,-34.9653711254959,44.966897739400416,152.0,0.0
t2|0.5|0.075|1.0|0.2|0.4,A,,0,,,152.92706014185887,9.739322237361703,-24.043197502041224,9.340029058808351,10.447271035480357,-26.29794832121921,-25.530589461558208,26.89848042609695,54.0,0.0
t2|0.5|0.075|1.0|0.2|0.4,B,,0,,,166.77128491938464,10.093460680413768,-28.630795082539656,9.523986985464601,11.27113196608823,-30.20540797727328,-29.76903084851445,50.509226811917884,118.0,0.0
t2|0.5|0.075|1.0|0.2|0.4,F,,0,,,432.3214153932807,10.045296264183234,-28.34273469397635,9.568811968899196,10.337606865784375,-31.377526402307687,-30.023260229929665,39.416621247979755,172.0,0.0
t2|0.5|0.075|1.0|0.2|0.6,A,,0,,,165.3544979738898,10.594324703738,-23.64376542070709,10.092526792864323,10.730090602938542,-27.526572536232408,-25.819771510542495,28.174371115394948,54.0,0.0
t2|0.5|0.075|1.0|0.2|0.6,B,,0,,,181.90850369203565,10.996865799627809,-29.441899673987994,10.001406537610873,12.45852444056678,-32.482391349589946,-30.634439853539746,54.30004817881841,104.0,0.0
t2|0.5|0.075|1.0|0.2|0.6,F,,0,,,510.1239327358181,10.932184628532749,-27.78794943993173,10.3913992663804,11.837266102519,-30.502291589220732,-29.821441817532495,41.85782620467032,158.5,0.0
t2|0.5|0.075|1.0|0.2|0.7,A,,0,,,168.16984808087733,10.780019875547497,-23.64306942671931,10.316661162364465,10.891940721033437,-27.52586559613054,-25.819055019975025,28.00920611717058,53.0,0.0
t2|0.5|0.075|1.0|0.2|0.7,B,,0,,,200.8268721272018,12.03426579585728,-29.13526088247155,11.276663030263505,13.188545533548634,-31.015854571580537,-29.796272146781185,54.54508628175473,102.0,0.0
t2|0.5|0.075|1.0|0.2|0.7,F,,0,,,567.9868350504892,11.51138742306953,-28.496440660655587,10.71843585136347,11.825864754571953,-30.497252525364914,-29.808224468848714,41.651903027154404,154.5,0.0
t2|0.5|0.075|1.0|0.2|None,A,,0,,,168.16984808087733,10.780019875547497,-23.64306942671931,10.316661162364465,10.891940721033437,-27.52586559613054,-25.819055019975025,28.00920611717058,53.0,0.0
t2|0.5|0.075|1.0|0.2|None,B,,0,,,204.26621649699533,12.213789566226286,-29.13526088247155,11.068965351741236,13.183828723958808,-31.04091717022247,-29.784731369849105,54.64937703160642,102.0,0.0
t2|0.5|0.075|1.0|0.2|None,F,,0,,,573.2445534555835,11.561271089394609,-28.50718695337755,10.866694874314835,11.868720037458738,-30.497252525364914,-29.808224468848714,41.59110508829431,154.0,0.0
t2|0.5|0.075|1.0|0.25|0.4,A,,0,,,150.85560196922086,9.590766582019238,-24.043197502041224,9.190776923285208,10.302127245220035,-26.29794832121921,-25.530589461558193,27.031756636763404,54.0,0.0
t2|0.5|0.075|1.0|0.25|0.4,B,,0,,,166.33457165798788,10.066149802366509,-28.733712787039263,9.536588772812463,11.24860908537199,-34.05368987957302,-29.7614132822021,51.203601013989896,118.0,0.0
t2|0.5|0.075|1.0|0.25|0.4,F,,0,,,437.53346928937043,10.1098129953482,-29.113113224855034,9.655473128815764,10.36756853238259,-33.30804672408257,-30.66509830609283,39.57508051540242,172.5,0.0
t2|0.5|0.075|1.0|0.25|0.6,A,,0,,,163.4308721356616,10.465882418754068,-23.643765420707098,9.974638307164074,10.59203656894242,-27.526572536232408,-25.819771510542495,28.30970195364129,54.0,0.0
t2|0.5|0.075|1.0|0.25|0.6,B,,0,,,178.44583970031775,10.796360976294261,-29.455947903837092,9.787659363987526,12.29853655945517,-32.73649255417893,-31.94609435276626,54.46965459015176,103.5,0.0
t2|0.5|0.075|1.0|0.25|0.6,F,,0,,,496.82576199295625,10.790215021159478,-28.619098939939498,10.285424187584738,11.575444134025306,-31.53502336657583,-30.145610195181817,42.274932578269144,158.5,0.0
t2|0.5|0.075|1.0|0.25|0.7,A,,0,,,166.21381793410126,10.651354970609184,-23.643069426719315,10.199169099002374,10.752197824282756,-27.52586559613054,-25.819055019975025,28.143502198894666,53.0,0.0
t2|0.5|0.075|1.0|0.25|0.7,B,,0,,,202.01768665610075,12.096940187514459,-29.13526088247155,11.142524564181533,13.28834567307888,-31.334520739805182,-30.52477411256606,54.70146342787983,102.0,0.0
t2|0.5|0.075|1.0|0.25|0.7,F,,0,,,569.5136528952263,11.525949442544746,-28.427425266806033,10.528599680073567,11.82870143901292,-30.50548058238173,-29.89441494107626,41.94044113243226,154.0,0.0
t2|0.5|0.075|1.0|0.25|None,A,,0,,,166.21381793410126,10.651354970609184,-23.643069426719315,10.199169099002374,10.752197824282756,-27.52586559613054,-25.819055019975025,28.143502198894666,53.0,0.0
t2|0.5|0.075|1.0|0.25|None,B,,0,,,204.47195162594056,12.22441195683237,-29.19495612475326,10.963190043290826,13.04726586219345,-31.359580566863,-30.547982135658813,54.97151171986574,101.5,0.0
t2|0.5|0.075|1.0|0.25|None,F,,0,,,570.6519274685589,11.536755327400927,-28.438552691968145,10.758031563902524,11.855457067476657,-30.50548058238173,-29.913280863467616,41.93012409028418,154.0,0.0
t2|0.5|0.075|1.0|0.3|0.4,A,,0,,,177.77993029159893,11.393127442854867,-24.04319750204123,9.354421860216695,12.19889622878813,-26.29794832121921,-25.530589461558183,27.84441162823814,54.0,0.0
t2|0.5|0.075|1.0|0.3|0.4,B,,0,,,170.49189631789338,10.321995388596228,-29.011719946935354,9.043068381242382,11.2515900266132,-33.262771926632794,-30.920880872116165,51.72713553404126,118.0,0.0
t2|0.5|0.075|1.0|0.3|0.4,F,,0,,,520.863856999121,11.044259686288992,-30.067178902695307,9.739243081649754,11.332473119547197,-34.08052569744461,-31.577183414847426,40.313099121444964,172.5,0.0
t2|0.5|0.075|1.0|0.3|0.6,A,,0,,,192.83763935071383,12.296488972493513,-23.6437654207071,10.320442072121933,12.488408834673601,-27.52657253623242,-25.819771510542516,29.143424972083675,54.0,0.0
t2|0.5|0.075|1.0|0.3|0.6,B,,0,,,178.98952932459724,10.828061324429505,-29.474638245392022,9.424100413900973,12.379555352438224,-33.07954664496111,-32.96092663857361,54.87587496178754,104.0,0.0
t2|0.5|0.075|1.0|0.3|0.6,F,,0,,,587.0743498120019,11.69025584879001,-29.615618008685118,10.768422741475051,12.407451788711887,-32.45616202226665,-31.207757633968253,42.61134797723983,160.0,0.0
t2|0.5|0.075|1.0|0.3|0.7,A,,0,,,194.83452178184316,12.411432441679693,-23.64306942671932,10.479774005225735,12.639243743728922,-27.52586559613055,-25.81905501997504,28.824746420090584,53.0,0.0
t2|0.5|0.075|1.0|0.3|0.7,B,,0,,,202.4456941971075,12.118463884348095,-29.363670564774562,10.768364977351496,13.402558767695538,-31.301874140048337,-30.438429931523775,55.226466504289704,102.5,0.0
t2|0.5|0.075|1.0|0.3|0.7,F,,0,,,635.3125889198539,12.118105356831165,-28.991074175964627,11.285234341918175,12.8297672480395,-31.72521933229453,-30.753923532884958,42.51457944262206,154.0,0.0
t2|0.5|0.075|1.0|0.3|None,A,,0,,,194.83452178184316,12.411432441679693,-23.64306942671932,10.479774005225735,12.639243743728922,-27.52586559613055,-25.81905501997504,28.824746420090584,53.0,0.0
t2|0.5|0.075|1.0|0.3|None,B,,0,,,205.42115477193138,12.272958522591626,-29.394683559208733,10.884304186524945,13.411882544356407,-31.327071769209645,-30.40955633416256,55.49706888299124,102.0,0.0
t2|0.5|0.075|1.0|0.3|None,F,,0,,,668.5396696051932,12.394024414225646,-29.01364677145592,11.279432753352173,12.831678611848318,-31.72521933229453,-30.753923532884958,42.642702347528825,154.5,0.0
t2|0.5|0.075|1.0|0.35|0.4,A,,0,,,171.54306689865547,10.998718245922312,-24.043197502041224,9.224134712145462,11.833121269294992,-26.29794832121921,-25.530589461558183,27.881738992722887,54.0,0.0
t2|0.5|0.075|1.0|0.35|0.4,B,,0,,,185.0984780893515,11.178514294215846,-29.541943424708904,9.791373413261208,12.57496506114133,-33.711416703555955,-31.83606979909031,52.89109328394909,118.5,0.0
t2|0.5|0.075|1.0|0.35|0.4,F,,0,,,573.1311657359863,11.559920804327916,-31.296898573186372,10.350604430821502,11.94773709067237,-34.21828752936607,-33.58438002197956,41.202036419383454,173.0,0.0
t2|0.5|0.075|1.0|0.35|0.6,A,,0,,,186.5259552897802,11.925890366557068,-23.6437654207071,10.199461902692619,12.122726267284705,-27.52657253623242,-25.819771510542505,29.189523141392915,54.0,0.0
t2|0.5|0.075|1.0|0.35|0.6,B,,0,,,186.02266017173025,11.230619995445245,-29.80592871819903,10.16854304492674,12.777810641328236,-34.37860202334081,-33.088161780817735,55.63280706025663,104.0,0.0
t2|0.5|0.075|1.0|0.35|0.6,F,,0,,,639.9105985850908,12.157655988187377,-31.76283762825161,10.482859966227169,13.036881886920387,-34.38494585427738,-33.10632278862972,43.33402309258986,160.5,0.0
t2|0.5|0.075|1.0|0.35|0.7,A,,0,,,188.50526321540568,12.043276743340947,-23.64306942671932,10.358716072481526,12.277395988186584,-27.52586559613055,-25.819055019975035,28.87024306690392,53.0,0.0
t2|0.5|0.075|1.0|0.35|0.7,B,,0,,,206.29336631100682,12.318052035702841,-29.474638245392025,11.277879256180482,13.652617260436026,-32.853365112161235,-32.01215785648977,56.1738455745115,103.0,0.0
t2|0.5|0.075|1.0|0.35|0.7,F,,0,,,680.1498896940848,12.489852421627957,-30.708672787421943,11.031588104252346,13.347854681274256,-33.75018364785557,-32.94186304620402,43.36445913104363,154.5,0.0
t2|0.5|0.075|1.0|0.35|None,A,,0,,,188.50526321540568,12.043276743340947,-23.64306942671932,10.358716072481526,12.277395988186584,-27.52586559613055,-25.819055019975035,28.87024306690392,53.0,0.0
t2|0.5|0.075|1.0|0.35|None,B,,0,,,208.28570554614927,12.419658634167153,-29.47447106233016,11.311758458100543,13.95016376133291,-32.70679189796131,-32.03145461854972,56.31319182196046,102.0,0.0
t2|0.5|0.075|1.0|0.35|None,F,,0,,,684.4510765425589,12.524215398274208,-30.800566941732004,11.216584424416244,13.320352315596956,-33.75018364785557,-32.94358687721926,43.48204043855982,153.5,0.0
t2|0.5|0.075|1.5|0.2|0.4,A,,0,,,140.12758556842266,8.790684347959132,-24.04319750204122,8.304375713696563,9.457794674687392,-26.29794832121921,-25.530589461558183,26.19268577503392,54.0,0.0
t2|0.5|0.075|1.5|0.2|0.4,B,,0,,,172.08159751690314,10.418420844522213,-28.527843388883696,9.745350428991625,11.754822903591569,-30.161507276166,-29.534545726513777,50.3196924480015,118.5,0.0
t2|0.5|0.075|1.5|0.2|0.4,F,,0,,,410.9752546251364,9.775992752696094,-27.18785245375212,9.324840405301744,10.054889498549983,-29.919469034501102,-29.552769267690397,38.89130287067854,172.5,0.0
t2|0.5|0.075|1.5|0.2|0.6,A,,0,,,151.2699591640294,9.620585382587555,-23.64376542070709,9.084912891799366,9.757213617134093,-27.52657253623242,-25.819771510542495,27.504364264469928,54.0,0.0
t2|0.5|0.075|1.5|0.2|0.6,B,,0,,,184.47004634900443,11.1428726815889,-29.14677631302281,10.29854913841314,12.643567943613748,-31.813385753176384,-29.98826748968147,53.82552861280709,104.0,0.0
t2|0.5|0.075|1.5|0.2|0.6,F,,0,,,485.70872666907945,10.66876182112223,-27.706351651092692,10.032328226249252,11.239113836482575,-30.562279980628126,-29.878906920352943,41.37657934414175,158.0,0.0
t2|0.5|0.075|1.5|0.2|0.7,A,,0,,,153.94709583828313,9.81187887104823,-23.64306942671931,9.319062709754943,9.938264894138204,-27.52586559613055,-25.819055019975025,27.363936959673364,53.0,0.0
t2|0.5|0.075|1.5|0.2|0.7,B,,0,,,206.47976071208166,12.327597450334693,-29.13526088247155,11.556729538316697,13.410490767270058,-30.396206290233184,-29.608840399794918,54.15821030754739,102.0,0.0
t2|0.5|0.075|1.5|0.2|0.7,F,,0,,,539.1578854444982,11.230176889725996,-27.884525489727015,10.308359738509605,11.533079996861506,-30.556445949476895,-29.839181781396828,41.199755215442565,154.0,0.0
t2|0.5|0.075|1.5|0.2|None,A,,0,,,153.94709583828313,9.81187887104823,-23.64306942671931,9.319062709754943,9.938264894138204,-27.52586559613055,-25.819055019975025,27.363936959673364,53.0,0.0
t2|0.5|0.075|1.5|0.2|None,B,,0,,,211.21688663857094,12.566900942586589,-29.13526088247155,11.433716765866986,13.48198978386411,-30.421269158100383,-29.631748367404665,54.34350126878662,102.0,0.0
t2|0.5|0.075|1.5|0.2|None,F,,0,,,539.8434399945069,11.237074630932831,-27.895133592836018,10.513852103510077,11.55550922333565,-30.556445949476895,-29.839181781396828,41.26849024292616,153.5,0.0
t2|0.5|0.075|1.5|0.25|0.4,A,,0,,,139.2595544658425,8.723554416083468,-24.04319750204122,8.235439976782272,9.394294778587604,-26.29794832121921,-25.530589461558183,26.216709152556643,54.0,0.0
t2|0.5|0.075|1.5|0.25|0.4,B,,0,,,174.09276844935505,10.539134587809041,-28.527843388883696,9.805876649724201,11.871010127012681,-30.154678936618662,-29.534545726513777,50.565805763249074,118.5,0.0
t2|0.5|0.075|1.5|0.25|0.4,F,,0,,,417.57229372013927,9.860829086177302,-27.18682437647041,9.345566098670096,10.077828959658373,-29.919469034501066,-29.552769267690405,38.98683381857985,172.5,0.0
t2|0.5|0.075|1.5|0.25|0.6,A,,0,,,150.57627180884103,9.570601266793233,-23.64376542070709,9.04812080913739,9.693040132405866,-27.52657253623242,-25.819771510542495,27.53274568800904,54.0,0.0
t2|0.5|0.075|1.5|0.25|0.6,B,,0,,,181.39820052847745,10.967542067516368,-29.26347346695797,10.187995582754244,12.556042517704613,-31.981362424809678,-29.99289423560498,54.136752201046015,104.0,0.0
t2|0.5|0.075|1.5|0.25|0.6,F,,0,,,489.42329583036695,10.709649239535024,-27.71816191021656,9.773273652856314,11.183967442357156,-30.56655511880544,-29.882961263533918,41.56849451332628,157.5,0.0
t2|0.5|0.075|1.5|0.25|0.7,A,,0,,,153.2534084830948,9.762636662108449,-23.64306942671931,9.282980224455269,9.87504610521988,-27.52586559613055,-25.819055019975025,27.392403658150467,53.0,0.0
t2|0.5|0.075|1.5|0.25|0.7,B,,0,,,202.98751016263495,12.147435332756352,-29.13526088247155,11.625587915062189,13.632396905163708,-30.032228128464556,-29.637938778631923,54.453325437754884,102.0,0.0
t2|0.5|0.075|1.5|0.25|0.7,F,,0,,,540.1146773721003,11.239800342393236,-27.894146607631047,10.239294801199343,11.500511594702479,-30.560624558644356,-29.843110503088937,41.37262339896628,154.0,0.0
t2|0.5|0.075|1.5|0.25|None,A,,0,,,153.2534084830948,9.762636662108449,-23.64306942671931,9.282980224455269,9.87504610521988,-27.52586559613055,-25.819055019975025,27.392403658150467,53.0,0.0
t2|0.5|0.075|1.5|0.25|None,B,,0,,,204.46822188133834,12.224037059457348,-29.13526088247155,11.228908881558826,13.594074846416316,-30.0574259853321,-29.66084979716552,54.56645017902796,102.0,0.0
t2|0.5|0.075|1.5|0.25|None,F,,0,,,539.2556170455563,11.231102788356328,-27.904754967207317,10.445073839860733,11.575316703237728,-30.560624558644356,-29.843110503088937,41.42895002867441,153.5,0.0
t2|0.5|0.075|1.5|0.3|0.4,A,,0,,,165.0239751066403,10.571971836124494,-24.043197502041235,8.265031502759761,11.334089792197014,-26.29794832121921,-25.530589461558183,26.94211359940911,54.0,0.0
t2|0.5|0.075|1.5|0.3|0.4,B,,0,,,178.84482354927036,10.819308672520078,-28.527843388883696,10.014194007697947,12.096331260543913,-30.15263336161724,-29.534545726513777,50.930444775640325,119.0,0.0
t2|0.5|0.075|1.5|0.3|0.4,F,,0,,,494.5837042367447,10.765944555898265,-27.186516570745656,9.963641946486575,11.184680976490224,-29.919469034501066,-29.552769267690383,39.61551135932779,173.0,0.0
t2|0.5|0.075|1.5|0.3|0.6,A,,0,,,178.57935661279083,11.442882344652727,-23.643765420707098,9.310732566372712,11.638352445656178,-27.526572536232408,-25.819771510542505,28.352475583248548,54.0,0.0
t2|0.5|0.075|1.5|0.3|0.6,B,,0,,,182.84919590442428,11.050363522102003,-29.367599447970612,9.986208315692418,12.63195837631972,-31.989164563583504,-29.99427806984385,54.56597406685643,104.0,0.0
t2|0.5|0.075|1.5|0.3|0.6,F,,0,,,575.0707591776662,11.57709332669934,-27.721731314544883,10.430902932810838,12.243090006662474,-30.56983896311658,-29.77067001233353,42.152932168295095,158.0,0.0
t2|0.5|0.075|1.5|0.3|0.7,A,,0,,,180.51470785340237,11.562236568899342,-23.64306942671931,9.47749640409429,11.80172514954907,-27.52586559613054,-25.819055019975035,28.047186467156692,53.0,0.0
t2|0.5|0.075|1.5|0.3|0.7,B,,0,,,206.87288606877402,12.347674229250604,-29.13526088247155,11.601185731811343,13.71531994259206,-30.03750392305732,-29.64664046465435,54.9285425056333,102.5,0.0
t2|0.5|0.075|1.5|0.3|0.7,F,,0,,,651.5610506865257,12.255923584982465,-27.86791450555141,10.898571864378834,12.624015308679454,-30.5638337636144,-29.761557853429505,42.01645777323987,154.5,0.0
t2|0.5|0.075|1.5|0.3|None,A,,0,,,180.51470785340237,11.562236568899342,-23.64306942671931,9.47749640409429,11.80172514954907,-27.52586559613054,-25.819055019975035,28.047186467156692,53.0,0.0
t2|0.5|0.075|1.5|0.3|None,B,,0,,,209.5762089167983,12.484998468567987,-29.13526088247155,11.239254541161559,13.731146551933513,-30.062701619605438,-29.66955239554742,54.94883309737389,102.0,0.0
t2|0.5|0.075|1.5|0.3|None,F,,0,,,628.08650912896,12.056248742833041,-27.878525287377858,11.129402843714125,12.679235388223281,-30.5638337636144,-29.761557853429505,41.977968407468715,154.0,0.0
t2|0.5|0.075|1.5|0.35|0.4,A,,0,,,160.1393023146356,10.242417755964672,-24.043197502041235,8.223620563130634,11.02467506610906,-26.29794832121921,-25.530589461558183,26.975258459830766,54.0,0.0
t2|0.5|0.075|1.5|0.35|0.4,B,,0,,,178.56729361473975,10.803206911704255,-28.527843388883696,9.833137065314926,12.1157773904137,-30.195196741052023,-29.534545726513777,51.29277952900786,118.5,0.0
t2|0.5|0.075|1.5|0.35|0.4,F,,0,,,477.42337317927974,10.576403272739421,-27.184989410567482,9.876954219754344,10.999540410246247,-29.919469034501066,-29.552769267690405,39.77200553580526,173.0,0.0
t2|0.5|0.075|1.5|0.35|0.6,A,,0,,,173.5350613158259,11.126138359980885,-23.643765420707098,9.271548630325233,11.326717964411237,-27.526572536232408,-25.819771510542505,28.393260167962186,54.0,0.0
t2|0.5|0.075|1.5|0.35|0.6,B,,0,,,176.88509160151662,10.704771242922162,-29.38598401143381,9.918886250900675,12.606556521983434,-32.027837498830806,-29.959323059678212,54.788421849830414,104.0,0.0
t2|0.5|0.075|1.5|0.35|0.6,F,,0,,,549.3552643318934,11.32962293105171,-27.739219334303115,10.259582289521681,12.105313012644569,-30.572404824667,-29.794005917428734,42.325632392724124,158.0,0.0
t2|0.5|0.075|1.5|0.35|0.7,A,,0,,,175.4704125564374,11.248594659806022,-23.64306942671931,9.438852475569899,11.494166083025554,-27.52586559613054,-25.819055019975035,28.087219402540388,53.0,0.0
t2|0.5|0.075|1.5|0.35|0.7,B,,0,,,201.65416694816633,12.077464474993905,-29.13526088247155,11.486221001305601,13.707701075293077,-30.06364223241342,-29.689743008541164,54.995788754480316,102.5,0.0
t2|0.5|0.075|1.5|0.35|0.7,F,,0,,,601.521025008549,11.815564935057843,-27.884788551685137,10.851911144020585,12.43833511617098,-30.566341007050003,-29.776853766444646,42.06170836887373,154.0,0.0
t2|0.5|0.075|1.5|0.35|None,A,,0,,,175.4704125564374,11.248594659806022,-23.64306942671931,9.438852475569899,11.494166083025554,-27.52586559613054,-25.819055019975035,28.087219402540388,53.0,0.0
t2|0.5|0.075|1.5|0.35|None,B,,0,,,207.86170005820574,12.397949989177759,-29.13526088247155,11.270249607908363,13.723380415785588,-30.08883913467768,-29.712659458674967,55.12693449771877,102.0,0.0
t2|0.5|0.075|1.5|0.35|None,F,,0,,,601.1242603833231,11.81805593393902,-27.895399520775293,11.079654202109108,12.485981883700239,-30.566341007050003,-29.776853766444646,42.1430539121539,154.0,0.0
t2|0.5|0.1|0.8|0.2|0.4,A,,0,,,165.57018564579622,10.608630465432789,-24.08993999497937,9.87713738526745,11.314973414326527,-26.374895980499012,-25.605570187744398,28.2321059737345,54.0,0.0
t2|0.5|0.1|0.8|0.2|0.4,B,,0,,,159.27504934538902,9.61815274349983,-28.60948690086399,8.926490716177257,11.165981791106102,-31.569439329115767,-30.293373719412408,50.88607706520659,117.5,0.0
t2|0.5|0.1|0.8|0.2|0.4,F,,0,,,458.88138397219507,10.36421306957972,-28.276804627919354,9.581624171309215,10.751150427725749,-31.537900700093104,-29.844572282680176,40.23580759364961,172.5,0.0
t2|0.5|0.1|0.8|0.2|0.6,A,,0,,,174.49233964668275,11.186891771916352,-23.684450672578777,10.68035200812241,11.65997711712772,-27.604185255307346,-25.898432745046357,29.767737483311663,54.0,0.0
t2|0.5|0.1|0.8|0.2|0.6,B,,0,,,176.22074032113335,10.66566823978401,-29.69996997690018,9.365633005294486,12.177011515209205,-33.00947840383978,-31.672796175990204,54.58306587189281,104.0,0.0
t2|0.5|0.1|0.8|0.2|0.6,F,,0,,,533.308474868834,11.171355714794828,-28.288917171525668,10.22197115460412,11.61833161643731,-30.70846673834966,-30.08337151187061,42.88263008678916,158.5,0.0
t2|0.5|0.1|0.8|0.2|0.7,A,,0,,,176.37471589622223,11.305444015290622,-23.68375321920339,10.659324607596698,11.776505297129557,-27.603478315205454,-25.897716254478905,29.5033886103216,53.0,0.0
t2|0.5|0.1|0.8|0.2|0.7,B,,0,,,197.93829485184327,11.88194705103417,-29.52324120553499,10.76419723133527,12.760253120492479,-31.257176157718014,-30.148442900372263,55.35083766691902,102.5,0.0
t2|0.5|0.1|0.8|0.2|0.7,F,,0,,,580.3570236865231,11.627968952327027,-27.8417942290326,10.833164941785215,12.004891417192228,-30.70545356018719,-30.02516810766174,43.024101867101756,153.0,0.0
t2|0.5|0.1|0.8|0.2|None,A,,0,,,176.37471589622223,11.305444015290622,-23.68375321920339,10.659324607596698,11.776505297129557,-27.603478315205454,-25.897716254478905,29.5033886103216,53.0,0.0
t2|0.5|0.1|0.8|0.2|None,B,,0,,,198.55328756684852,11.914585519418463,-29.52324120553499,10.532454241650758,12.856502635026057,-31.28220742679083,-30.000774982303547,55.706359728028396,101.0,0.0
t2|0.5|0.1|0.8|0.2|None,F,,0,,,584.3350987523427,11.664806794430016,-27.853263387317455,10.940703392166222,12.17899341923451,-30.70545356018719,-30.02516810766174,43.21855961247864,153.5,0.0
t2|0.5|0.1|0.8|0.25|0.4,A,,0,,,164.33383256524095,10.526394383132388,-24.089939994979375,9.925482937052651,11.23877070965508,-26.374895980499026,-25.60557018774439,29.65034028376769,54.0,0.0
t2|0.5|0.1|0.8|0.25|0.4,B,,0,,,161.40346937648306,9.755147566930145,-28.609552712322532,8.879296221477432,11.618150552516475,-32.81535233093755,-30.143782013059433,51.86501232567393,117.0,0.0
t2|0.5|0.1|0.8|0.25|0.4,F,,0,,,467.97166695590147,10.468487385110848,-29.283300667087925,9.80891722943141,10.856454290609237,-33.97552922518309,-30.906487294060287,41.434478748023416,172.5,0.0
t2|0.5|0.1|0.8|0.25|0.6,A,,0,,,174.50564868680175,11.187733646436925,-23.684450672578787,10.646267209496605,11.652522673216719,-27.604185255307357,-25.898432745046325,31.15703277136395,54.0,0.0
t2|0.5|0.1|0.8|0.25|0.6,B,,0,,,178.75723426994705,10.814172697751456,-29.699969976900174,9.558820419053841,12.112072642682602,-33.18079766365805,-32.42118827010984,54.96784533524366,104.0,0.0
t2|0.5|0.1|0.8|0.25|0.6,F,,0,,,524.2201138401082,11.077817641689292,-29.219852329723246,10.279927150390735,11.751220546569385,-33.36503409371821,-31.79954924080709,43.83694648627458,157.0,0.0
t2|0.5|0.1|0.8|0.25|0.7,A,,0,,,176.8760151845309,11.336830182901403,-23.683753219203403,10.770497702809083,11.730890735593174,-27.603478315205475,-25.89771625447886,30.896118404365065,53.0,0.0
t2|0.5|0.1|0.8|0.25|0.7,B,,0,,,192.10662434109042,11.567829633901916,-29.52324120553499,10.92338679820605,12.548882858977983,-33.600593959594086,-30.49924948524143,56.357532810920134,102.0,0.0
t2|0.5|0.1|0.8|0.25|0.7,F,,0,,,585.2618353857453,11.673487092667212,-28.270849229305316,10.974611141171026,12.119497657939398,-33.38256330975206,-30.27075940205679,44.03706556251154,152.5,0.0
t2|0.5|0.1|0.8|0.25|None,A,,0,,,176.8760151845309,11.336830182901403,-23.683753219203403,10.770497702809083,11.730890735593174,-27.603478315205475,-25.89771625447886,30.896118404365065,53.0,0.0
t2|0.5|0.1|0.8|0.25|None,B,,0,,,193.32794345076837,11.634295119769734,-29.52324120553499,10.809804465869579,12.793847687466059,-33.625478948219126,-30.54127025584049,56.64167959340591,102.0,0.0
t2|0.5|0.1|0.8|0.25|None,F,,0,,,594.3356619502609,11.756680726006508,-28.24346198629039,10.703581611427522,12.12991447945989,-33.38256330975206,-30.27075940205679,44.2261372580672,152.0,0.0
t2|0.5|0.1|0.8|0.3|0.4,A,,0,,,190.03185276356874,12.133001822759459,-24.089939994979364,9.977463751764686,12.743973124879068,-26.374895980499037,-25.605570187744398,31.11128067423981,54.0,0.0
t2|0.5|0.1|0.8|0.3|0.4,B,,0,,,160.83982571273236,9.718651841383652,-28.86006714853741,8.675272404443366,11.420026022229505,-33.48817296792414,-31.021281991757427,53.048505054339415,118.0,0.0
t2|0.5|0.1|0.8|0.3|0.4,F,,0,,,520.598337033538,11.04153128860661,-32.17788655367688,10.03956667024667,11.575497762962005,-35.535212857044094,-34.94728245071952,42.542660700011695,172.5,0.0
t2|0.5|0.1|0.8|0.3|0.6,A,,0,,,198.94347717756713,12.644612908112151,-23.684450672578777,10.883536100913835,13.154662540166209,-27.60418525530732,-25.89843274504635,32.51673367350711,54.0,0.0
t2|0.5|0.1|0.8|0.3|0.6,B,,0,,,179.01643311394653,10.828667883493404,-29.6534335720123,9.040441428238907,11.710787774198126,-33.30486644851342,-32.76002091680623,56.43836809478622,103.5,0.0
t2|0.5|0.1|0.8|0.3|0.6,F,,0,,,604.0981323070857,11.844889952165882,-32.511535535902766,10.524420466515053,12.542265046646413,-37.8531816108387,-36.40028463100731,45.15457796113812,159.0,0.0
t2|0.5|0.1|0.8|0.3|0.7,A,,0,,,201.40629285624763,12.782484892504486,-23.683753219203403,11.007528914344114,13.222921115019881,-27.603478315205464,-25.897716254478876,32.176860269323896,53.0,0.0
t2|0.5|0.1|0.8|0.3|0.7,B,,0,,,191.62442724058974,11.541463232188265,-29.52324120553499,10.630005136851238,12.39499353217993,-32.4759222068733,-31.083303796181877,57.15244980502535,101.5,0.0
t2|0.5|0.1|0.8|0.3|0.7,F,,0,,,652.5988243487309,12.26261689551551,-31.86406782123749,11.15106539456028,12.919502190935322,-37.82673126111927,-35.921936497623605,45.198588368866595,152.5,0.0
t2|0.5|0.1|0.8|0.3|None,A,,0,,,201.40629285624763,12.782484892504486,-23.683753219203403,11.007528914344114,13.222921115019881,-27.603478315205464,-25.897716254478876,32.176860269323896,53.0,0.0
t2|0.5|0.1|0.8|0.3|None,B,,0,,,192.15160671892556,11.570090823930846,-29.52324120553499,9.92566366501447,12.231703852507426,-32.500964410248265,-31.240223816184663,57.24917938268563,100.0,0.0
t2|0.5|0.1|0.8|0.3|None,F,,0,,,675.3303017867989,12.45107185658625,-31.86406782123749,10.633958622835731,12.910389114775054,-37.82673126111927,-35.921936497623605,45.32945039175112,151.0,0.0
t2|0.5|0.1|0.8|0.35|0.4,A,,0,,,182.92047560351784,11.709048341405781,-24.58332161749522,9.849765503963273,12.330140021566272,-26.725274152323998,-26.524222295892493,32.74713278132836,55.0,0.0
t2|0.5|0.1|0.8|0.35|0.4,B,,0,,,163.2472144582775,9.87248028655502,-29.79685176101952,8.913608700477786,11.628400001550562,-32.25638179132792,-31.950471374470247,54.9496617907282,116.0,0.0
t2|0.5|0.1|0.8|0.35|0.4,F,,0,,,576.2548063841052,11.58848841258684,-33.95848221907315,10.340696240582306,12.214887596256926,-37.91341459928434,-36.557644437014055,44.65314681870841,172.0,0.0
t2|0.5|0.1|0.8|0.35|0.6,A,,0,,,190.78042571240772,12.176814914501222,-25.182524304243415,10.536853032036046,12.657890010807765,-27.620126774202514,-27.023268765698162,33.88606558680602,55.0,0.0
t2|0.5|0.1|0.8|0.35|0.6,B,,0,,,173.41526209721323,10.498445209352559,-30.876364453080974,9.373616852195402,12.151122013052596,-33.48572509993325,-33.23196111415468,57.59473845118293,103.0,0.0
t2|0.5|0.1|0.8|0.35|0.6,F,,0,,,622.6992439595087,12.008488112558569,-35.366565600178944,10.147094991521433,12.905266001758342,-39.893570721749114,-38.95960516017244,47.00986888317487,157.5,0.0
t2|0.5|0.1|0.8|0.35|0.7,A,,0,,,193.33443519254828,12.325200541316539,-25.181850257663168,10.668828820544785,12.723620345012524,-27.619452524075918,-26.58010026867079,33.681809068871885,54.0,0.0
t2|0.5|0.1|0.8|0.35|0.7,B,,0,,,187.13194253946972,11.292487939754848,-29.942464913895993,10.373363309908143,13.215654276179508,-32.31554575694814,-31.879427348175533,58.589982974295715,101.0,0.0
t2|0.5|0.1|0.8|0.35|0.7,F,,0,,,660.5571714568181,12.330472226234757,-34.85685317285041,10.71966686904556,13.155956131447038,-39.585002902592734,-38.817887302883314,46.8512454854086,153.0,0.0
t2|0.5|0.1|0.8|0.35|None,A,,0,,,193.33443519254828,12.325200541316539,-25.181850257663168,10.668828820544785,12.723620345012524,-27.619452524075918,-26.58010026867079,33.681809068871885,54.0,0.0
t2|0.5|0.1|0.8|0.35|None,B,,0,,,189.13399521672744,11.404262389829034,-29.941409026476034,9.837847750767411,13.244841084161743,-32.45713666359974,-32.022751548586754,58.60946614083937,100.0,0.0
t2|0.5|0.1|0.8|0.35|None,F,,0,,,664.4255141069826,12.362344381245816,-34.85685317285041,10.498869441169862,13.176672718423049,-39.585002902592734,-38.817887302883314,47.02087122681083,152.5,0.0
t2|0.5|0.1|1.0|0.2|0.4,A,,0,,,159.7827755248986,10.218455810174532,-24.089939994979375,9.427473251326656,10.675662148734329,-26.374895980499012,-25.605570187744387,27.37156219438871,54.0,0.0
t2|0.5|0.1|1.0|0.2|0.4,B,,0,,,159.6165603867029,9.64030176622086,-28.609482704713773,8.913039997503361,10.616033857521796,-30.34441249730948,-29.789503080333734,51.28194701130331,117.0,0.0
t2|0.5|0.1|1.0|0.2|0.4,F,,0,,,426.4194330294611,9.972567294010615,-28.05720027833585,9.3623498155374,10.3872971073221,-31.565950305218937,-29.84456782008286,40.0942907713705,172.5,0.0
t2|0.5|0.1|1.0|0.2|0.6,A,,0,,,166.9837823360522,10.702151046185115,-23.684450672578766,10.237783229050805,11.412601964144164,-27.604185255307335,-25.89843274504634,28.96227116670008,54.0,0.0
t2|0.5|0.1|1.0|0.2|0.6,B,,0,,,178.03374522476383,10.771685239413031,-29.6534335720123,9.520898218889123,11.873881043666728,-32.6542950934323,-31.828500557402396,55.08831087331225,104.0,0.0
t2|0.5|0.1|1.0|0.2|0.6,F,,0,,,509.1366042240983,10.921768794411834,-28.283267021690754,10.0663785092837,11.608696799830053,-30.724115532764362,-30.07742758222152,42.59256479684483,157.0,0.0
t2|0.5|0.1|1.0|0.2|0.7,A,,0,,,169.5565508530916,10.870324240507557,-23.68375321920339,10.363963861375433,11.592259826661929,-27.603478315205464,-25.897716254478865,28.65531730393412,53.0,0.0
t2|0.5|0.1|1.0|0.2|0.7,B,,0,,,194.23011688448088,11.682742714421334,-29.39567250823193,10.573974655847511,12.740578622225405,-31.225884047835205,-30.03371459332164,55.28773451716524,102.0,0.0
t2|0.5|0.1|1.0|0.2|0.7,F,,0,,,569.8918969277083,11.529521308077872,-28.44167877637612,10.631210822843858,11.84620058869058,-30.720893845907092,-30.021957938398025,42.343846795639365,153.5,0.0
t2|0.5|0.1|1.0|0.2|None,A,,0,,,169.5565508530916,10.870324240507557,-23.68375321920339,10.363963861375433,11.592259826661929,-27.603478315205464,-25.897716254478865,28.65531730393412,53.0,0.0
t2|0.5|0.1|1.0|0.2|None,B,,0,,,195.89533578722887,11.772764626189925,-29.39567250823193,10.949184412921383,12.815695065721847,-31.25106045086916,-30.03628382373251,55.55018695221001,102.0,0.0
t2|0.5|0.1|1.0|0.2|None,F,,0,,,580.0766941068343,11.625345925085151,-28.452610039394198,10.969443997108923,11.829733977548095,-30.720893845907092,-30.021957938398025,42.3908377697877,153.5,0.0
t2|0.5|0.1|1.0|0.25|0.4,A,,0,,,156.7560752661976,10.009292641401156,-24.089939994979375,9.27414227136523,10.466177559876096,-26.374895980499012,-25.605570187744387,27.51081630026338,54.0,0.0
t2|0.5|0.1|1.0|0.25|0.4,B,,0,,,164.62118436256316,9.959099562177688,-29.034836370758704,9.193060813432826,11.046879081125503,-32.84793779398877,-31.56311382661724,51.929949548210395,117.0,0.0
t2|0.5|0.1|1.0|0.25|0.4,F,,0,,,432.84692014273975,10.052366164803072,-29.25126796131324,9.482917915893365,10.484917321237349,-33.8627879410759,-30.555038458005583,40.549719101125916,172.5,0.0
t2|0.5|0.1|1.0|0.25|0.6,A,,0,,,164.84100602766247,10.560215429231967,-23.684450672578766,10.12418723821987,11.182049016413952,-27.604185255307335,-25.89843274504634,29.10094672445127,54.0,0.0
t2|0.5|0.1|1.0|0.25|0.6,B,,0,,,181.69830903531724,10.984739533647037,-29.709177787228974,9.80806761909899,12.39292861077241,-33.04016327377893,-32.652995289914124,55.29976134254996,104.5,0.0
t2|0.5|0.1|1.0|0.25|0.6,F,,0,,,513.4696221866733,10.967167389033206,-28.892988006411457,10.169751227964277,11.686919691742984,-32.25497744181437,-30.37619474925241,43.06629476083819,158.0,0.0
t2|0.5|0.1|1.0|0.25|0.7,A,,0,,,167.39043272296414,10.728800334934652,-23.68375321920339,10.250561271409769,11.361787609533616,-27.603478315205464,-25.897716254478865,28.794414514729183,53.0,0.0
t2|0.5|0.1|1.0|0.25|0.7,B,,0,,,197.72644833011415,11.870847873671098,-29.39567250823193,11.183978208685723,13.14313772638361,-31.49727156647304,-30.66253853322256,55.8234583521525,102.0,0.0
t2|0.5|0.1|1.0|0.25|0.7,F,,0,,,564.7475844939543,11.480542148774187,-28.617780282196414,10.605196094450871,11.950620453417686,-30.733872111779814,-30.115534703626818,42.952838488014876,153.5,0.0
t2|0.5|0.1|1.0|0.25|None,A,,0,,,167.39043272296414,10.728800334934652,-23.68375321920339,10.250561271409769,11.361787609533616,-27.603478315205464,-25.897716254478865,28.794414514729183,53.0,0.0
t2|0.5|0.1|1.0|0.25|None,B,,0,,,200.15408626643577,11.999314674059692,-29.39567250823193,10.972245203867399,13.221252204407888,-31.522446685176153,-30.687968253214,55.93003229771676,102.0,0.0
t2|0.5|0.1|1.0|0.25|None,F,,0,,,581.2098965045163,11.635693999133935,-28.617780282196414,10.882175818432396,11.932797937628797,-30.733872111779814,-30.11764679789112,42.96835704207334,153.0,0.0
t2|0.5|0.1|1.0|0.3|0.4,A,,0,,,184.86119941105943,11.826217752196388,-24.089939994979375,9.36348059223852,12.254131926208876,-26.374895980499,-25.60557018774439,28.35649466420155,54.0,0.0
t2|0.5|0.1|1.0|0.3|0.4,B,,0,,,165.9770181703873,10.043965672188826,-29.194939317570096,8.885563412850447,11.011761475296407,-33.63172053306064,-32.046885084541685,52.483519224261286,118.0,0.0
t2|0.5|0.1|1.0|0.3|0.4,F,,0,,,507.686005250221,10.905987722669542,-30.272049836452002,9.724518919365577,11.384655150721192,-33.49137599425682,-32.86442663154543,41.23973205004441,172.0,0.0
t2|0.5|0.1|1.0|0.3|0.6,A,,0,,,195.18235332201579,12.43136833427072,-23.684450672578762,10.52408477573992,12.916109683815346,-27.604185255307335,-25.89843274504635,29.764297331573246,54.0,0.0
t2|0.5|0.1|1.0|0.3|0.6,B,,0,,,179.14950423787027,10.837403674323943,-29.73248484317155,9.296617342701907,12.38999675210534,-33.59320223982447,-33.10498143332237,55.66975215774194,104.5,0.0
t2|0.5|0.1|1.0|0.3|0.6,F,,0,,,570.8936840483481,11.539034613645072,-29.574056375453285,10.827484710939947,12.58362383749239,-33.85247071676629,-32.76224379101127,43.3718180260105,158.0,0.0
t2|0.5|0.1|1.0|0.3|0.7,A,,0,,,196.7829785285106,12.522560258161253,-23.683753219203385,10.648676604523136,13.070966832321535,-27.603478315205464,-25.897716254478876,29.459511349203044,53.0,0.0
t2|0.5|0.1|1.0|0.3|0.7,B,,0,,,201.17400500382487,12.052866539800544,-29.549039294736385,10.463708326002063,13.24595544422778,-31.896328660524564,-30.925761457047525,56.360672324443016,102.5,0.0
t2|0.5|0.1|1.0|0.3|0.7,F,,0,,,654.6614658027013,12.27791914928773,-29.22153926871729,11.24097436541492,12.72697576293203,-33.31744758513155,-31.748121249904703,43.461991139567665,153.5,0.0
t2|0.5|0.1|1.0|0.3|None,A,,0,,,196.7829785285106,12.522560258161253,-23.683753219203385,10.648676604523136,13.070966832321535,-27.603478315205464,-25.897716254478876,29.459511349203044,53.0,0.0
t2|0.5|0.1|1.0|0.3|None,B,,0,,,202.59139794257223,12.126773885048026,-29.6534335720123,11.035069519609745,12.910458653307813,-31.92150122320131,-30.631155947450495,56.680376289697044,101.5,0.0
t2|0.5|0.1|1.0|0.3|None,F,,0,,,669.5437453959729,12.402203616444895,-29.22153926871729,11.11662106912008,12.775001560714466,-33.31744758513155,-31.748121249904703,43.471757775403454,154.0,0.0
t2|0.5|0.1|1.0|0.35|0.4,A,,0,,,178.79790281750724,11.45638065630873,-24.089939994979375,9.20871588218005,11.893280248789615,-26.374895980499012,-25.60557018774439,28.39552824698281,54.0,0.0
t2|0.5|0.1|1.0|0.35|0.4,B,,0,,,179.16530313440418,10.83773467727388,-29.79685176101953,9.717948931983205,12.300041341784555,-34.20971470198948,-31.956082496716924,53.52747137056164,119.0,0.0
t2|0.5|0.1|1.0|0.35|0.4,F,,0,,,565.4110927229274,11.486764602330368,-31.897756375580705,10.284700063243331,11.939346068178699,-35.637616048944885,-34.10827388159178,42.16715177079495,173.0,0.0
t2|0.5|0.1|1.0|0.35|0.6,A,,0,,,188.85773641954273,12.064082435170553,-23.684450672578762,10.400594157639667,12.565081044220044,-27.604185255307335,-25.89843274504635,29.807094510923044,54.0,0.0
t2|0.5|0.1|1.0|0.35|0.6,B,,0,,,184.77584578135384,11.160151651257467,-29.8978796651452,10.2869798811506,12.695882920431318,-33.06155728031845,-32.59460598362156,56.38105056596494,105.0,0.0
t2|0.5|0.1|1.0|0.35|0.6,F,,0,,,648.3212724043645,12.22744115775739,-31.644291336645765,10.357318509363115,13.194959626730887,-35.78427012278477,-34.21076401772854,44.23471503496851,160.0,0.0
t2|0.5|0.1|1.0|0.35|0.7,A,,0,,,190.4383391226337,12.156834870076139,-23.683753219203385,10.524978214014496,12.72077265850374,-27.603478315205464,-25.897716254478876,29.504920361819014,53.0,0.0
t2|0.5|0.1|1.0|0.35|0.7,B,,0,,,198.49594572294316,11.911730903316297,-29.685631936879126,11.1612762986441,13.483766756652853,-33.00203052757076,-31.33777645723768,57.641545088908174,102.0,0.0
t2|0.5|0.1|1.0|0.35|0.7,F,,0,,,687.7433431611618,12.550394436209588,-31.09324366528704,11.151287708941446,13.40193579555861,-35.238250329755395,-33.06623760228263,44.310028502320684,154.0,0.0
t2|0.5|0.1|1.0|0.35|None,A,,0,,,190.4383391226337,12.156834870076139,-23.683753219203385,10.524978214014496,12.72077265850374,-27.603478315205464,-25.897716254478876,29.504920361819014,53.0,0.0
t2|0.5|0.1|1.0|0.35|None,B,,0,,,202.1431950395334,12.10319705870927,-29.685631936879126,11.150161218706685,13.496775925633322,-32.855537877487485,-31.338363696456383,57.759555888866466,102.5,0.0
t2|0.5|0.1|1.0|0.35|None,F,,0,,,690.1691428585783,12.56960895083823,-31.176417356310587,11.199040309962227,13.443041292226729,-35.238250329755395,-33.06623760228263,44.405290769842125,153.0,0.0
t2|0.5|0.1|1.5|0.2|0.4,A,,0,,,145.97616088125596,9.23347702746784,-24.089939994979375,8.364939345246903,9.702748351647775,-26.374895980499012,-25.605570187744387,26.689822601673015,54.0,0.0
t2|0.5|0.1|1.5|0.2|0.4,B,,0,,,163.62718084983774,9.89647049361907,-28.37618908836343,9.1621673726857,10.920441620170278,-30.05562090551409,-29.789503080333734,50.84923879141348,118.0,0.0
t2|0.5|0.1|1.5|0.2|0.4,F,,0,,,397.80454843210964,9.602789994490502,-28.101336815075058,9.005242849208157,10.025050348900894,-31.272612595623105,-29.84456782008285,39.76259753046842,172.5,0.0
t2|0.5|0.1|1.5|0.2|0.6,A,,0,,,152.62232735448725,9.717626209481868,-23.684450672578777,9.245767216986238,10.501307248428331,-27.604185255307335,-25.898432745046325,28.346919287124607,54.0,0.0
t2|0.5|0.1|1.5|0.2|0.6,B,,0,,,179.49405727048506,10.857138970030233,-29.62118306009603,9.694943854963139,12.192524454949012,-32.29600553069497,-30.333725529762752,54.87898043033328,104.0,0.0
t2|0.5|0.1|1.5|0.2|0.6,F,,0,,,473.7088643061228,10.534652687219959,-28.14942990129701,9.655973749848982,11.224291700590875,-30.777980647984947,-30.13562606784903,42.073732525769735,157.0,0.0
t2|0.5|0.1|1.5|0.2|0.7,A,,0,,,155.03961315227806,9.888888208924252,-23.683753219203396,9.377797379799686,10.67869438800306,-27.603478315205464,-25.897716254478848,28.065133228476412,53.0,0.0
t2|0.5|0.1|1.5|0.2|0.7,B,,0,,,199.66637496550513,11.973639591654017,-29.39567250823193,11.078613854769474,12.958544217269491,-30.876590946509786,-29.99608269427933,55.10255782355149,102.0,0.0
t2|0.5|0.1|1.5|0.2|0.7,F,,0,,,528.1634146443445,11.1191856510659,-28.28514362640746,10.343691523897599,11.495526721372853,-30.774270947647363,-30.081657116433902,42.11063771470792,153.5,0.0
t2|0.5|0.1|1.5|0.2|None,A,,0,,,155.03961315227806,9.888888208924252,-23.683753219203396,9.377797379799686,10.67869438800306,-27.603478315205464,-25.897716254478848,28.065133228476412,53.0,0.0
t2|0.5|0.1|1.5|0.2|None,B,,0,,,200.7524823603596,12.030747071294169,-29.39567250823193,11.064465404848315,13.0340180145883,-30.90176930616284,-29.998651900889563,55.31941778781603,102.0,0.0
t2|0.5|0.1|1.5|0.2|None,F,,0,,,537.2895869059611,11.211233636314288,-28.296064047362467,10.563320538804495,11.529543891557257,-30.774270947647363,-30.081657116433902,41.95198590782764,153.0,0.0
t2|0.5|0.1|1.5|0.25|0.4,A,,0,,,144.15039636727533,9.096974831655213,-24.089939994979375,8.295939445046425,9.575134419252878,-26.374895980499012,-25.605570187744387,26.716682738665398,54.0,0.0
t2|0.5|0.1|1.5|0.25|0.4,B,,0,,,165.51282286229375,10.014982514960947,-28.37618908836343,9.342585188223945,11.09990842611753,-33.885155796649755,-29.789503080333734,51.29344572057843,118.0,0.0
t2|0.5|0.1|1.5|0.25|0.4,F,,0,,,402.7748309239914,9.668904984835303,-28.898069870762168,8.964953803359268,10.031004263183023,-33.32003254388462,-30.19530547328284,39.92700699100989,172.5,0.0
t2|0.5|0.1|1.5|0.25|0.6,A,,0,,,151.72085184788187,9.653080232950229,-23.684450672578777,9.209380209674823,10.332619302570814,-27.604185255307335,-25.898432745046325,28.382334711282674,54.0,0.0
t2|0.5|0.1|1.5|0.25|0.6,B,,0,,,176.01962039609066,10.6538091731869,-29.637078886221868,9.622587157447619,12.115895384514493,-32.47770273727468,-30.35092063720919,55.08599724062289,103.5,0.0
t2|0.5|0.1|1.5|0.25|0.6,F,,0,,,470.19264332739135,10.494617772433301,-28.616526201772892,9.513724416790918,11.220548772944646,-30.788514642742037,-30.14029934211998,42.24382308972482,156.5,0.0
t2|0.5|0.1|1.5|0.25|0.7,A,,0,,,154.13813764567269,9.825250473886882,-23.683753219203396,9.341807856509144,10.512426608971188,-27.603478315205464,-25.897716254478848,28.10639405858687,53.0,0.0
t2|0.5|0.1|1.5|0.25|0.7,B,,0,,,196.00651755071794,11.778947728576073,-29.39567250823193,11.205790520397814,13.117085213349574,-30.947974775763363,-30.00387519639698,55.52247773707649,102.0,0.0
t2|0.5|0.1|1.5|0.25|0.7,F,,0,,,530.8303550971237,11.146329091990337,-28.611888817543417,10.13547167041937,11.508737796320952,-30.7846207946749,-30.08407590092829,42.18552257892991,154.0,0.0
t2|0.5|0.1|1.5|0.25|None,A,,0,,,154.13813764567269,9.825250473886882,-23.683753219203396,9.341807856509144,10.512426608971188,-27.603478315205464,-25.897716254478848,28.10639405858687,53.0,0.0
t2|0.5|0.1|1.5|0.25|None,B,,0,,,200.097219849609,11.996198283226656,-29.39567250823193,10.905376426350635,13.195605709221677,-30.97314988446983,-30.006445066637582,55.55158626990588,102.5,0.0
t2|0.5|0.1|1.5|0.25|None,F,,0,,,537.720711004414,11.215778944841038,-28.55453770210204,10.440439676977215,11.452577343309336,-30.7846207946749,-30.08407590092829,42.27304858425009,153.5,0.0
t2|0.5|0.1|1.5|0.3|0.4,A,,0,,,170.9092899264379,10.957923834452243,-24.089939994979375,8.417194948521274,11.393429379530069,-26.374895980499012,-25.605570187744387,27.590026942720403,54.0,0.0
t2|0.5|0.1|1.5|0.3|0.4,B,,0,,,168.86451495415426,10.22262626472693,-28.37618908836343,9.510596115439078,11.274444776283694,-32.815981658777616,-29.97558198485917,51.59002016499261,118.0,0.0
t2|0.5|0.1|1.5|0.3|0.4,F,,0,,,487.90642620264197,10.692780924100475,-28.976352044224353,9.33755191388328,11.050278728385376,-33.8177120367458,-30.244728661980623,40.596769302536394,172.5,0.0
t2|0.5|0.1|1.5|0.3|0.6,A,,0,,,180.5595708037505,11.564998899196134,-23.684450672578773,9.491746386108183,12.085909858296535,-27.604185255307335,-25.89843274504634,28.951205795814428,54.0,0.0
t2|0.5|0.1|1.5|0.3|0.6,B,,0,,,180.85027579718883,10.935060306607047,-29.523521955400128,9.631189612604238,12.232955074263273,-32.53359840270921,-30.40911395933547,55.144439675332656,104.0,0.0
t2|0.5|0.1|1.5|0.3|0.6,F,,0,,,563.1631956727455,11.46512613926216,-28.874021943370792,10.209246080998389,12.016805624157415,-30.799926115278108,-30.477070597223694,42.64992079821668,157.0,0.0
t2|0.5|0.1|1.5|0.3|0.7,A,,0,,,182.07524258306466,11.657597963851385,-23.68375321920339,9.621040029765219,12.24215044094605,-27.603478315205464,-25.89771625447887,28.715940344233726,53.0,0.0
t2|0.5|0.1|1.5|0.3|0.7,B,,0,,,201.1716743411967,12.051854523200989,-29.39567250823193,11.107597461120267,13.393681829452891,-31.00741476937534,-30.01168173461893,55.7820008341292,102.0,0.0
t2|0.5|0.1|1.5|0.3|0.7,F,,0,,,617.744394784963,11.96628931991871,-28.609398626467474,10.77247904604262,12.385074445641475,-30.79582840647268,-30.03380929964341,42.81798868680832,154.0,0.0
t2|0.5|0.1|1.5|0.3|None,A,,0,,,182.07524258306466,11.657597963851385,-23.68375321920339,9.621040029765219,12.24215044094605,-27.603478315205464,-25.89771625447887,28.715940344233726,53.0,0.0
t2|0.5|0.1|1.5|0.3|None,B,,0,,,208.31534651678388,12.420597824328294,-29.39567250823193,10.664794671360704,13.381987502030388,-31.032588206450008,-30.014251456824237,56.03941783293547,103.0,0.0
t2|0.5|0.1|1.5|0.3|None,F,,0,,,615.0528689770578,11.94257533130212,-28.570673546186175,10.9522584961361,12.421069158766166,-30.79582840647268,-30.03593138215222,42.8178823952208,154.0,0.0
t2|0.5|0.1|1.5|0.35|0.4,A,,0,,,165.99630104430784,10.636906456935758,-24.089939994979375,8.37612843224523,11.083808795675134,-26.374895980499012,-25.605570187744387,27.625147576431363,54.0,0.0
t2|0.5|0.1|1.5|0.35|0.4,B,,0,,,178.08482727778915,10.775141033967472,-28.456942631276267,9.584898624962472,12.363055160548123,-33.319191147620685,-30.583727396168225,52.086798750640014,118.0,0.0
t2|0.5|0.1|1.5|0.35|0.4,F,,0,,,522.0633365818545,11.056409976418335,-29.96578868335294,9.867183630477454,11.553236056874324,-33.53183531747297,-32.75626748346407,41.15350577043315,173.0,0.0
t2|0.5|0.1|1.5|0.35|0.6,A,,0,,,175.49816575203485,11.25035139125794,-23.684450672578773,9.453060781607345,11.784476558343195,-27.604185255307335,-25.89843274504634,28.993695100116,54.0,0.0
t2|0.5|0.1|1.5|0.35|0.6,B,,0,,,186.0192761087881,11.230389714680122,-29.732317469241377,10.155802997658066,12.947341856856923,-33.12717247229754,-32.063328169848326,55.58491168810684,104.0,0.0
t2|0.5|0.1|1.5|0.35|0.6,F,,0,,,577.0936450051519,11.597439069781789,-30.164748326842556,10.079629843941392,12.763030418925716,-33.69439752761818,-32.31440667802665,43.392129571712466,160.0,0.0
t2|0.5|0.1|1.5|0.35|0.7,A,,0,,,177.01383753134903,11.345339920864106,-23.68375321920339,9.582765702847249,11.944512961898761,-27.603478315205464,-25.89771625447887,28.755106519410273,53.0,0.0
t2|0.5|0.1|1.5|0.35|0.7,B,,0,,,200.46044304020018,12.015289270670571,-29.523521955400128,11.360243652030626,14.255289648164776,-31.101440325510453,-30.44486003334333,56.672164126300785,102.5,0.0
t2|0.5|0.1|1.5|0.35|0.7,F,,0,,,639.4901487400748,12.154019788205527,-29.15504881972786,10.68578594322052,13.0193251415018,-31.64811671644383,-31.174746162355525,43.52252342873508,154.0,0.0
t2|0.5|0.1|1.5|0.35|None,A,,0,,,177.01383753134903,11.345339920864106,-23.68375321920339,9.582765702847249,11.944512961898761,-27.603478315205464,-25.89771625447887,28.755106519410273,53.0,0.0
t2|0.5|0.1|1.5|0.35|None,B,,0,,,210.08057418535225,12.510392702337981,-29.523521955400128,11.374808014070348,13.904549435967878,-30.967587297510924,-30.58988130415067,56.68332454220706,103.0,0.0
t2|0.5|0.1|1.5|0.35|None,F,,0,,,648.9447616584091,12.233828001614155,-29.163873636945365,10.865235320227958,13.032060816744181,-31.481260260128295,-31.17551737798383,43.577327427910205,153.5,0.0
t2|0.6|0.05|0.8|0.2|0.4,A,,0,,,178.78324149826034,11.455132234508202,-21.523705490383293,11.084327478547573,13.269824326847482,-26.187537481179525,-24.469283524952445,28.678225526582946,50.0,0.0
t2|0.6|0.05|0.8|0.2|0.4,B,,0,,,160.9697690611935,9.727388069043618,-30.954764832165242,8.668671701420608,11.040774616140489,-31.989207334012583,-31.584606268657154,55.918552044976245,109.5,0.0
t2|0.6|0.05|0.8|0.2|0.4,F,,0,,,522.6059417694751,11.06225288952275,-31.392423588382044,10.248963088621137,12.221012030609405,-33.65347682465267,-32.03754422065867,42.60937345957022,162.5,0.0
t2|0.6|0.05|0.8|0.2|0.6,A,,0,,,188.381193268614,12.035967543691672,-23.973330663674137,11.703066583512332,13.864556937476355,-26.87209941438705,-25.165450187620475,30.071513101290126,44.0,0.0
t2|0.6|0.05|0.8|0.2|0.6,B,,0,,,163.67674264292452,9.899645935260503,-31.129588082701066,9.16758528731678,11.094849804668016,-32.87017066094571,-31.835913829742758,58.479276616565976,94.5,0.0
t2|0.6|0.05|0.8|0.2|0.6,F,,0,,,559.9147154161228,11.433897212775168,-31.157557251360885,10.404593849645808,12.441501914493386,-31.70270900829182,-31.521791696893587,45.00536102235888,138.5,0.0
t2|0.6|0.05|0.8|0.2|0.7,A,,0,,,190.60321990407687,12.166566348335051,-23.972620070725842,11.856699163959146,13.989651570317237,-26.871391772164245,-25.16473821757573,29.65550512422503,44.0,0.0
t2|0.6|0.05|0.8|0.2|0.7,B,,0,,,176.96300473110668,10.709313806693155,-31.1687452198185,10.017374480288515,12.338456845755474,-32.079100711580956,-31.899201126006627,59.210190372617014,91.5,0.0
t2|0.6|0.05|0.8|0.2|0.7,F,,0,,,581.9975563288424,11.641492432960277,-31.153797868689615,11.01206447359539,12.376033114717936,-31.70043774488591,-31.519680436555575,45.06905676857959,136.0,0.0
t2|0.6|0.05|0.8|0.2|None,A,,0,,,190.60321990407687,12.166566348335051,-23.972620070725842,11.856699163959146,13.989651570317237,-26.871391772164245,-25.16473821757573,29.65550512422503,44.0,0.0
t2|0.6|0.05|0.8|0.2|None,B,,0,,,179.1927689216122,10.839364527900397,-31.168745219818483,10.226827608983676,12.267907140382283,-32.07910071158094,-31.921035060203483,59.38973717330709,91.0,0.0
t2|0.6|0.05|0.8|0.2|None,F,,0,,,584.8265511804768,11.668874854874723,-31.153797868689608,10.914702489730132,12.42145582581282,-31.7004377448859,-31.519680436555564,45.32598912817757,135.0,0.0
t2|0.6|0.05|0.8|0.25|0.4,A,,0,,,197.40903610116374,12.557989619271881,-23.377983867014873,12.277030808987872,14.125519008021891,-26.210730053799093,-24.492946359515518,31.736577328699756,47.0,0.0
t2|0.6|0.05|0.8|0.25|0.4,B,,0,,,156.85947988696947,9.46071221916931,-31.057440315331164,8.230430990321322,10.50696744567901,-31.98920733401257,-31.584606268657154,56.242692479371904,109.0,0.0
t2|0.6|0.05|0.8|0.25|0.4,F,,0,,,578.4835436672454,11.610149838162497,-31.392599881442994,10.562853467695058,12.411376415135905,-32.29230449718511,-32.037505065927526,44.19655068471214,159.0,0.0
t2|0.6|0.05|0.8|0.25|0.6,A,,0,,,206.06324172912315,13.038888808492622,-23.99616483566843,12.780812345652054,14.649585185077948,-26.89451077038588,-25.18818528880961,32.81974758220651,44.0,0.0
t2|0.6|0.05|0.8|0.25|0.6,B,,0,,,161.5056318133626,9.761642450250585,-31.066284824081393,8.812378341225044,10.935032404163728,-32.079100711580935,-31.835913829742758,59.03173010652287,94.0,0.0
t2|0.6|0.05|0.8|0.25|0.6,F,,0,,,600.1880301732549,11.809906692180661,-31.163273641595186,11.024103932004936,12.849849163620366,-31.890593151681202,-31.527395099413734,46.34463909791412,137.5,0.0
t2|0.6|0.05|0.8|0.25|0.7,A,,0,,,209.01612178748093,13.198764924855555,-23.99545431776282,12.923791974932081,14.745234271076429,-26.893803202386923,-25.187473393832942,32.402859943518386,44.0,0.0
t2|0.6|0.05|0.8|0.25|0.7,B,,0,,,170.04905163324048,10.295122341252572,-31.104745921889698,9.810878019862727,12.243352042981932,-32.079100711580956,-31.835913829742747,60.505323505574005,90.0,0.0
t2|0.6|0.05|0.8|0.25|0.7,F,,0,,,620.8995095933767,11.990556602450454,-31.15940284405687,11.256918483970672,12.795417802665593,-31.706354594296993,-31.52523461319494,47.08781133999207,135.0,0.0
t2|0.6|0.05|0.8|0.25|None,A,,0,,,209.01612178748093,13.198764924855555,-23.99545431776282,12.923791974932081,14.745234271076429,-26.893803202386923,-25.187473393832942,32.402859943518386,44.0,0.0
t2|0.6|0.05|0.8|0.25|None,B,,0,,,171.5613980605245,10.38711005569024,-31.10474592188969,9.817692162499789,12.165805193868989,-32.07910071158094,-31.835913829742747,60.52044951712274,90.0,0.0
t2|0.6|0.05|0.8|0.25|None,F,,0,,,632.3128151274756,12.092209633846295,-31.159402844056878,11.260284040379316,12.788735377925848,-31.706354594296993,-31.52523461319494,47.16269104308543,133.5,0.0
t2|0.6|0.05|0.8|0.3|0.4,A,,0,,,223.6494239136954,13.962097144533702,-23.372831631825257,11.715369298152508,15.38715924645124,-26.205664256396823,-24.48777784695714,32.729980398980764,47.0,0.0
t2|0.6|0.05|0.8|0.3|0.4,B,,0,,,160.61976018929533,9.704589668289486,-31.191730835066124,8.209864856995841,10.641148399285868,-33.656141342933786,-32.04950892521577,57.50245196556158,109.0,0.0
t2|0.6|0.05|0.8|0.3|0.4,F,,0,,,636.0333919560121,12.124742591366722,-31.80779951596057,10.746610846291915,13.079762668687458,-33.50002058766531,-32.75477917222591,45.5663319249157,158.0,0.0
t2|0.6|0.05|0.8|0.3|0.6,A,,0,,,233.31267957804687,14.441833645792201,-23.991174725022447,12.463068856652479,15.921430084478928,-26.88961307768024,-25.183216850210062,33.323995483936805,44.0,0.0
t2|0.6|0.05|0.8|0.3|0.6,B,,0,,,164.9744622812231,9.981066291692354,-31.104745921889698,8.582505965566108,10.699903696633932,-32.079100711580935,-31.835913829742747,60.5311823548524,94.0,0.0
t2|0.6|0.05|0.8|0.3|0.6,F,,0,,,663.7035036218144,12.356444680518353,-31.305359643992777,10.705216550491052,13.519995543698633,-33.39817968017877,-32.65911191204892,47.277660669519896,137.5,0.0
t2|0.6|0.05|0.8|0.3|0.7,A,,0,,,235.4448361281807,14.545068867906108,-23.990464190717226,12.597540295872001,15.999435794094804,-26.88890549346069,-25.18250493882832,32.97198740519026,44.0,0.0
t2|0.6|0.05|0.8|0.3|0.7,B,,0,,,172.6877904757151,10.455022289005278,-30.962386697661316,9.84271878447209,11.965457295665335,-33.20771164398647,-31.835913829742747,61.482474044727375,89.5,0.0
t2|0.6|0.05|0.8|0.3|0.7,F,,0,,,661.1443805595562,12.334828897736116,-31.403086604262075,11.350901537655098,13.279579423063911,-33.2858383773721,-32.547352559594245,48.00782925008036,133.0,0.0
t2|0.6|0.05|0.8|0.3|None,A,,0,,,235.4448361281807,14.545068867906108,-23.990464190717226,12.597540295872001,15.999435794094804,-26.88890549346069,-25.18250493882832,32.97198740519026,44.0,0.0
t2|0.6|0.05|0.8|0.3|None,B,,0,,,172.90980103684018,10.46835123245703,-30.96238669766131,8.95174404934482,12.087434031537313,-33.2060857158923,-31.835913829742758,61.59619511748865,88.5,0.0
t2|0.6|0.05|0.8|0.3|None,F,,0,,,645.4754027694413,12.204105010774601,-31.40308660426207,11.39602584871899,13.100888804498286,-33.285838377372116,-32.547352559594245,48.099905584234,131.5,0.0
t2|0.6|0.05|0.8|0.35|0.4,A,,0,,,209.68513558703125,13.234529851982458,-21.96854463187783,11.239872447943682,14.569004161400395,-26.06537501035502,-24.64575877995362,34.37565498639292,51.0,0.0
t2|0.6|0.05|0.8|0.35|0.4,B,,0,,,161.42079824701415,9.756265030920497,-31.161799605090195,8.671577419263603,11.968636370657533,-31.98920733401257,-31.626022715559195,59.076631096387054,109.0,0.0
t2|0.6|0.05|0.8|0.35|0.4,F,,0,,,623.5950006295649,12.017471417405146,-32.73133869235659,10.546870356959548,13.29595834959786,-35.83753001704684,-34.88337703270072,47.49903358479285,162.0,0.0
t2|0.6|0.05|0.8|0.35|0.6,A,,0,,,218.51399717129377,13.699432292420832,-24.160621305967915,12.036910925170814,15.131242636773774,-27.156904356381663,-25.50657934536158,35.50048906964651,45.0,0.0
t2|0.6|0.05|0.8|0.35|0.6,B,,0,,,159.0026723843565,9.600472148625016,-31.1687452198185,8.57532463951712,10.859425260247175,-32.079100711580935,-31.835913829742747,62.546160760327105,92.5,0.0
t2|0.6|0.05|0.8|0.35|0.6,F,,0,,,645.1763030611584,12.202069768007284,-33.24170668172684,10.90124016129274,13.224073588179555,-36.15347136458681,-36.008838268329214,49.42494174890865,137.0,0.0
t2|0.6|0.05|0.8|0.35|0.7,A,,0,,,220.64995908420644,13.809297843784208,-24.160003638122085,12.17146535307165,15.186736580310159,-27.156290685391816,-25.505961992312283,35.16471171416538,45.0,0.0
t2|0.6|0.05|0.8|0.35|0.7,B,,0,,,163.4223323691973,9.883211081299192,-31.153698300260917,9.141298131061792,11.42825147512658,-32.079100711580956,-31.996527033848604,63.2933498978157,86.5,0.0
t2|0.6|0.05|0.8|0.35|0.7,F,,0,,,593.2072285436419,11.74572017183686,-33.21274332381764,10.601678365691072,13.393870414849287,-36.03781136213174,-35.895879112656424,49.865387509642204,132.5,0.0
t2|0.6|0.05|0.8|0.35|None,A,,0,,,220.64995908420644,13.809297843784208,-24.160003638122085,12.17146535307165,15.186736580310159,-27.156290685391816,-25.505961992312283,35.16471171416538,45.0,0.0
t2|0.6|0.05|0.8|0.35|None,B,,0,,,166.77157764298616,10.093160363119381,-31.162634391469226,9.114616656172265,11.612426391954584,-32.07910071158094,-31.99828552816035,63.20825466071807,86.0,0.0
t2|0.6|0.05|0.8|0.35|None,F,,0,,,604.9716334787271,11.852915208198167,-33.21274332381764,10.638408959302696,13.40582139809839,-36.03781136213174,-35.895879112656424,50.0782339317781,132.0,0.0
t2|0.6|0.05|1.0|0.2|0.4,A,,0,,,168.77642247405382,10.81963550756322,-21.51451843101547,10.468609683568767,12.646285791987488,-26.17847060259768,-24.46003352201578,27.38448574191432,50.0,0.0
t2|0.6|0.05|1.0|0.2|0.4,B,,0,,,159.62069280633727,9.640237003671626,-30.954764832165242,8.356519297025459,10.972690178770304,-31.989207334012583,-31.584606268657154,55.53675062310357,109.0,0.0
t2|0.6|0.05|1.0|0.2|0.4,F,,0,,,483.06446789571754,10.639448677280615,-31.39216630406351,9.79173097925824,11.525955986426585,-32.037989210832244,-31.97359082526835,41.65662820792135,162.5,0.0
t2|0.6|0.05|1.0|0.2|0.6,A,,0,,,182.66250941813766,11.693425465119178,-23.96442076076033,11.196638502893215,13.316077957937155,-26.863353901292307,-25.156578324136692,28.78045189875353,44.0,0.0
t2|0.6|0.05|1.0|0.2|0.6,B,,0,,,166.56923996579366,10.080909893240975,-31.10474592188969,8.890905916916541,11.21084924618138,-32.754394902950544,-31.835913829742747,58.11207589649274,95.0,0.0
t2|0.6|0.05|1.0|0.2|0.6,F,,0,,,546.393965455309,11.302138170532583,-31.157184136385013,10.422132320714335,12.190161311272346,-31.705709840304053,-31.526619639653237,44.29762245679834,139.0,0.0
t2|0.6|0.05|1.0|0.2|0.7,A,,0,,,185.22667383584658,11.848197252408132,-23.963710138530352,11.28112048034566,13.39322378569546,-26.86264623010536,-25.155866324798325,28.36563225774619,44.0,0.0
t2|0.6|0.05|1.0|0.2|0.7,B,,0,,,175.92219294447494,10.647921535284222,-31.10474592188969,9.895551420780942,11.971584575856753,-32.17760874255262,-32.00416850235378,58.8143647451707,91.5,0.0
t2|0.6|0.05|1.0|0.2|0.7,F,,0,,,558.435689112061,11.41980393187685,-31.153444255711765,10.609099658547095,12.147240086203837,-31.703390687324962,-31.524430403674458,44.11485993759686,137.0,0.0
t2|0.6|0.05|1.0|0.2|None,A,,0,,,185.22667383584658,11.848197252408132,-23.963710138530352,11.28112048034566,13.39322378569546,-26.86264623010536,-25.155866324798325,28.36563225774619,44.0,0.0
t2|0.6|0.05|1.0|0.2|None,B,,0,,,180.4775908260447,10.914258807688682,-31.104745921889688,10.132005947232809,12.110185723640058,-32.20234935148181,-32.004168502353785,59.182101930533804,90.5,0.0
t2|0.6|0.05|1.0|0.2|None,F,,0,,,557.3854225363251,11.409543187493698,-31.153444255711765,10.65686256670747,12.203898764148821,-31.703390687324962,-31.524430403674458,44.35822784873318,135.0,0.0
t2|0.6|0.05|1.0|0.25|0.4,A,,0,,,164.89543961047315,10.563825629223123,-21.513409420174224,10.223130353849514,12.092013256398369,-26.177376062549516,-24.458916839638846,27.4787145069314,50.0,0.0
t2|0.6|0.05|1.0|0.25|0.4,B,,0,,,158.7814928806052,9.58608838757733,-31.191730835066124,8.221454308210474,10.86580428220537,-32.54553661508209,-32.013478664442715,55.9408742572258,109.5,0.0
t2|0.6|0.05|1.0|0.25|0.4,F,,0,,,468.1423072601365,10.470931489355518,-31.449088218666105,9.648060142313641,11.252614797621082,-32.997592151495205,-32.03744340086003,42.09608194144457,162.5,0.0
t2|0.6|0.05|1.0|0.25|0.6,A,,0,,,178.7736301769184,11.45492085508668,-23.963336974639045,10.985644359993026,12.78925020705017,-26.862290132224544,-25.155499194815917,28.876793207011918,44.0,0.0
t2|0.6|0.05|1.0|0.25|0.6,B,,0,,,164.35798753870284,9.942588242707707,-31.10474592188969,8.921621936828721,11.159798330108062,-33.07977219853393,-31.835913829742747,58.8628909699292,95.0,0.0
t2|0.6|0.05|1.0|0.25|0.6,F,,0,,,516.2237819462687,10.995910212189408,-31.161430789462724,10.29405242290723,11.972259391858904,-31.70989228983706,-31.53052399366211,44.15727696450397,138.0,0.0
t2|0.6|0.05|1.0|0.25|0.7,A,,0,,,181.29713012472098,11.610213768681032,-23.962626348847294,11.069597833942924,12.867958968259446,-26.86158245751451,-25.154787191914412,28.46095721661086,44.0,0.0
t2|0.6|0.05|1.0|0.25|0.7,B,,0,,,175.8674013716987,10.64476106276322,-31.10474592188969,9.918480046276388,11.899827359655397,-32.473861934961036,-32.004168502353785,59.4445096417644,92.0,0.0
t2|0.6|0.05|1.0|0.25|0.7,F,,0,,,540.2508448864716,11.240924295670752,-31.157613761453412,10.52363244167928,11.958180130165202,-31.70754699732332,-31.52831196226345,44.51375851269744,137.0,0.0
t2|0.6|0.05|1.0|0.25|None,A,,0,,,181.29713012472098,11.610213768681032,-23.962626348847294,11.069597833942924,12.867958968259446,-26.86158245751451,-25.154787191914412,28.46095721661086,44.0,0.0
t2|0.6|0.05|1.0|0.25|None,B,,0,,,178.7266251945064,10.81259203736874,-31.104745921889688,10.159928621955554,12.008161879051055,-32.498601248514284,-32.004168502353785,59.67719718698454,90.5,0.0
t2|0.6|0.05|1.0|0.25|None,F,,0,,,539.823457128016,11.23679141242766,-31.1576137614534,10.56425584755328,11.966793564290734,-31.70754699732332,-31.52831196226345,44.76693431910599,135.0,0.0
t2|0.6|0.05|1.0|0.3|0.4,A,,0,,,194.06213612973528,12.36711942122346,-21.514236672446703,10.109569544797747,13.768855348294897,-26.17819252052368,-24.459749814408035,28.33281774903599,50.0,0.0
t2|0.6|0.05|1.0|0.3|0.4,B,,0,,,159.60879832090632,9.639480272768342,-31.191730835066124,8.648292702367497,11.127487187283544,-33.70069149841215,-32.97564788933517,56.07252135115173,109.5,0.0
t2|0.6|0.05|1.0|0.3|0.4,F,,0,,,543.8759129372586,11.277191468942661,-31.496309428968868,10.18780843888398,12.240538883441863,-33.80654513256023,-32.69997002329975,42.90243281869239,162.5,0.0
t2|0.6|0.05|1.0|0.3|0.6,A,,0,,,207.41569750764904,13.11235902652783,-23.96414538820009,11.28060454583579,14.444615010057275,-26.863083630514637,-25.156304150799397,29.326549930438173,44.0,0.0
t2|0.6|0.05|1.0|0.3|0.6,B,,0,,,168.99462672897624,10.23069510545539,-31.10474592188969,9.323102367804825,11.438321802845804,-33.43544583314344,-32.00682717466551,59.45091495598432,95.0,0.0
t2|0.6|0.05|1.0|0.3|0.6,F,,0,,,616.0435123386527,11.951113169805438,-31.149267315969944,10.976832397835325,12.857009046770559,-31.713295074668014,-31.50270914628771,44.65652818527444,138.5,0.0
t2|0.6|0.05|1.0|0.3|0.7,A,,0,,,209.86189540755063,13.24417316134301,-23.963434765065134,11.430567888210206,14.513529373403532,-26.862375958432583,-25.155592150555766,29.023625405693,44.0,0.0
t2|0.6|0.05|1.0|0.3|0.7,B,,0,,,181.92204231938078,10.997645386785692,-31.10474592188969,10.32405622440327,12.293080202255274,-32.64161943726914,-32.004168502353785,60.06392883077225,92.0,0.0
t2|0.6|0.05|1.0|0.3|0.7,F,,0,,,627.8779559694699,12.05464607879171,-31.130096604418522,10.888386565858381,12.901867167174224,-31.71090736618918,-31.48668316042847,45.233745295925964,136.5,0.0
t2|0.6|0.05|1.0|0.3|None,A,,0,,,209.86189540755063,13.24417316134301,-23.963434765065134,11.430567888210206,14.513529373403532,-26.862375958432583,-25.155592150555766,29.023625405693,44.0,0.0
t2|0.6|0.05|1.0|0.3|None,B,,0,,,184.56710367852432,11.148269382939201,-31.104745921889688,10.57319144490682,12.300218449673324,-32.666356609168915,-32.004168502353785,60.3270557922173,91.0,0.0
t2|0.6|0.05|1.0|0.3|None,F,,0,,,630.1353858984052,12.074140550554791,-31.13009660441853,10.934174261029076,12.972555462425357,-31.71090736618918,-31.486683160428473,45.45523711370216,135.5,0.0
t2|0.6|0.05|1.0|0.35|0.4,A,,0,,,186.28927259172207,11.911771467249066,-21.481089578470947,9.919578616684523,13.240662799791576,-26.00227837607324,-24.281479961912208,28.47708594198877,50.0,0.0
t2|0.6|0.05|1.0|0.35|0.4,B,,0,,,160.86349841688954,9.72043579984666,-31.38816942829753,8.435969375191661,11.479901551965673,-33.94258335169141,-33.470402970192204,57.187955362696876,108.5,0.0
t2|0.6|0.05|1.0|0.35|0.4,F,,0,,,587.9891181351543,11.698673471476518,-32.0838330004231,9.88774977629464,12.551579915793665,-33.76036144381056,-33.72195182570765,43.69625401568024,162.5,0.0
t2|0.6|0.05|1.0|0.35|0.6,A,,0,,,199.33009123204286,12.666472097986547,-23.96280300165945,11.08482668643885,13.915206224370536,-26.86176602089786,-25.154967515584243,29.44230060157168,44.0,0.0
t2|0.6|0.05|1.0|0.35|0.6,B,,0,,,167.4119291981636,10.133176199984284,-31.17650214116946,9.440882477271998,11.326926496346097,-32.28534732536578,-31.957534122590147,59.56462476408415,95.0,0.0
t2|0.6|0.05|1.0|0.35|0.6,F,,0,,,587.2611330677431,11.691825701752167,-31.672022624433243,10.462164315949488,13.16559854994092,-33.571049764701414,-33.124408841111574,45.687230304813966,137.5,0.0
t2|0.6|0.05|1.0|0.35|0.7,A,,0,,,201.73462105107242,12.800749114197806,-23.96209237411283,11.234573003769576,13.985247260572125,-26.861058344452037,-25.154255510927204,29.17434956064217,44.0,0.0
t2|0.6|0.05|1.0|0.35|0.7,B,,0,,,179.0554007660178,10.831877420981206,-31.55786709451801,9.677205424547637,12.131297074729952,-33.96896238868062,-32.329956123208575,60.872525860398,92.0,0.0
t2|0.6|0.05|1.0|0.35|0.7,F,,0,,,607.5729231761987,11.875029685228,-31.52803839876885,10.712502245150484,12.86787179215938,-34.426477713978635,-32.57672402216068,45.76545670783781,136.0,0.0
t2|0.6|0.05|1.0|0.35|None,A,,0,,,201.73462105107242,12.800749114197806,-23.96209237411283,11.234573003769576,13.985247260572125,-26.861058344452037,-25.154255510927204,29.17434956064217,44.0,0.0
t2|0.6|0.05|1.0|0.35|None,B,,0,,,181.03147210949223,10.946115633767729,-31.55786709451801,9.772940361172585,12.504835122637717,-33.96707525700673,-32.34923605228553,61.013749918934266,91.0,0.0
t2|0.6|0.05|1.0|0.35|None,F,,0,,,611.1221094151424,11.906636197364195,-31.52803839876885,10.743538611266898,12.892410367951982,-34.44531208204341,-32.578643721870804,45.97340518727919,134.0,0.0
t2|0.6|0.05|1.5|0.2|0.4,A,,0,,,153.08988772565093,9.75099062508573,-21.513523599968583,9.423762293164014,11.81602197094691,-26.177488752483836,-24.45903180927393,26.446170995299134,50.0,0.0
t2|0.6|0.05|1.5|0.2|0.4,B,,0,,,160.297647564667,9.684195688776088,-30.954764832165242,8.349106540849824,10.841147648767805,-31.989207334012583,-31.584606268657154,55.223407388896995,109.0,0.0
t2|0.6|0.05|1.5|0.2|0.4,F,,0,,,439.5711394683525,10.13462517906676,-31.39192098187074,9.327210962152668,10.97053277305145,-32.03775976700642,-31.97332637106099,41.108510389490824,162.5,0.0
t2|0.6|0.05|1.5|0.2|0.6,A,,0,,,165.89282198036636,10.630105601708461,-23.96344855093796,10.198579777098189,12.465257562997465,-26.86239965093581,-25.155610294920894,27.8578015627304,44.0,0.0
t2|0.6|0.05|1.5|0.2|0.6,B,,0,,,167.2559391912758,10.123115513291204,-30.962386697661316,9.146661260047546,11.226595932771747,-32.07910071158094,-31.835913829742747,57.8261014245097,95.0,0.0
t2|0.6|0.05|1.5|0.2|0.6,F,,0,,,505.119217476631,10.87907639090161,-31.181243407364036,9.90043000074964,11.748366688106692,-31.73203372705753,-31.551057033728753,43.51695831625556,138.5,0.0
t2|0.6|0.05|1.5|0.2|0.7,A,,0,,,168.31830559413373,10.789729693672811,-23.9627379255129,10.28147365002079,12.540518285358381,-26.86169197658851,-25.15489829238623,27.440049945919508,44.0,0.0
t2|0.6|0.05|1.5|0.2|0.7,B,,0,,,182.52479523164016,11.032153553775236,-31.10474592188969,9.882336874750708,11.89611059874432,-32.07910071158094,-31.835913829742758,58.32592769324037,92.0,0.0
t2|0.6|0.05|1.5|0.2|0.7,F,,0,,,501.79293676077117,10.843114496853124,-31.177022292140638,10.120122901803335,11.777576637037534,-31.72951159676437,-31.548690134082264,43.59668303047177,137.0,0.0
t2|0.6|0.05|1.5|0.2|None,A,,0,,,168.31830559413373,10.789729693672811,-23.9627379255129,10.28147365002079,12.540518285358381,-26.86169197658851,-25.15489829238623,27.440049945919508,44.0,0.0
t2|0.6|0.05|1.5|0.2|None,B,,0,,,180.548134233804,10.918052811309087,-31.104745921889688,10.00235930964883,11.990746808645145,-32.07910071158094,-31.835913829742758,58.88013704630999,91.0,0.0
t2|0.6|0.05|1.5|0.2|None,F,,0,,,505.0077380208305,10.877753285712178,-31.177022292140645,10.179322387122289,11.782603277548912,-31.72951159676437,-31.548690134082268,43.85175634373947,136.0,0.0
t2|0.6|0.05|1.5|0.25|0.4,A,,0,,,152.15387958967617,9.684150463716634,-21.513523599968583,9.355080948657267,11.393939274895418,-26.177488752483836,-24.45903180927393,26.46975025781717,50.0,0.0
t2|0.6|0.05|1.5|0.25|0.4,B,,0,,,159.5374772937283,9.63425299322217,-30.954764832165242,8.331901621694165,10.863851725597078,-31.989207334012583,-31.584606268657154,55.55965956449628,108.5,0.0
t2|0.6|0.05|1.5|0.25|0.4,F,,0,,,434.44836821747555,10.071746315882024,-31.391903950258655,9.304241393186146,10.790607214945497,-32.03774352719876,-31.97330803548406,41.231231919049335,162.5,0.0
t2|0.6|0.05|1.5|0.25|0.6,A,,0,,,165.35850562377897,10.594659221619885,-23.96344855093796,10.161852537320257,12.077818667416572,-26.86239965093581,-25.155610294920894,27.883349669999514,44.0,0.0
t2|0.6|0.05|1.5|0.25|0.6,B,,0,,,167.1097383305222,10.114428320047708,-30.962386697661316,8.928858017601675,11.248069823065244,-33.02735993655664,-31.835913829742747,58.19346591315215,94.5,0.0
t2|0.6|0.05|1.5|0.25|0.6,F,,0,,,488.30968329775936,10.696533938470331,-31.182158519425958,9.930712944059012,11.660427218266948,-31.733091018477722,-31.552048169289744,43.613583106220474,138.0,0.0
t2|0.6|0.05|1.5|0.25|0.7,A,,0,,,167.78398923754636,10.754744426127283,-23.9627379255129,10.244996379036875,12.155457943609694,-26.86169197658851,-25.15489829238623,27.46415575043941,44.0,0.0
t2|0.6|0.05|1.5|0.25|0.7,B,,0,,,180.6349530511071,10.922788252178117,-31.10474592188969,9.961509306066995,11.90056850316213,-32.079100711580956,-31.835913829742758,58.89063290008705,91.5,0.0
t2|0.6|0.05|1.5|0.25|0.7,F,,0,,,503.9097454486413,10.86603850430179,-31.17791122560607,10.196033899737193,11.746378341531075,-31.73055199901028,-31.549665788439473,43.828928616213425,137.0,0.0
t2|0.6|0.05|1.5|0.25|None,A,,0,,,167.78398923754636,10.754744426127283,-23.9627379255129,10.244996379036875,12.155457943609694,-26.86169197658851,-25.15489829238623,27.46415575043941,44.0,0.0
t2|0.6|0.05|1.5|0.25|None,B,,0,,,180.9092749044374,10.937088489593894,-31.104745921889688,10.046556999077442,11.991071295411281,-32.07910071158094,-31.835913829742758,59.252269580208015,90.5,0.0
t2|0.6|0.05|1.5|0.25|None,F,,0,,,508.6947515826323,10.916953675588525,-31.17791122560607,10.236251779746356,11.802563766228602,-31.73055199901028,-31.549665788439484,44.05941104372163,136.0,0.0
t2|0.6|0.05|1.5|0.3|0.4,A,,0,,,182.72362804069385,11.697105235263283,-21.513523599968583,9.328150327627464,13.202738167405153,-26.177488752483836,-24.45903180927394,27.07367472971438,50.0,0.0
t2|0.6|0.05|1.5|0.3|0.4,B,,0,,,165.31783479686655,10.001738154268768,-30.954764832165242,8.677890742419542,10.974111525237634,-31.989207334012583,-31.584606268657154,55.92096352728875,109.0,0.0
t2|0.6|0.05|1.5|0.3|0.4,F,,0,,,522.5442453831299,11.061616677291541,-31.392117210788978,9.843404327460686,11.820207574439156,-32.03819650409675,-31.973293944964464,41.57428836676795,162.5,0.0
t2|0.6|0.05|1.5|0.3|0.6,A,,0,,,195.6035234314319,12.455458191676295,-23.963448550937954,10.521663756794512,13.864256843266407,-26.86239965093582,-25.155610294920894,28.158918999922832,44.0,0.0
t2|0.6|0.05|1.5|0.3|0.6,B,,0,,,171.30257701143069,10.371434686667659,-30.962386697661316,9.304236727479715,11.624587197868122,-33.04772143437843,-31.835913829742747,58.66663454230974,95.0,0.0
t2|0.6|0.05|1.5|0.3|0.6,F,,0,,,568.6568933675227,11.517529758633282,-31.145272359397048,10.702070752057331,12.651214699387875,-31.73391178050715,-31.501607978017372,44.101431136028744,138.0,0.0
t2|0.6|0.05|1.5|0.3|0.7,A,,0,,,197.9522494299892,12.5888707189726,-23.962737925512894,10.67499622891799,13.931576460338643,-26.86169197658851,-25.15489829238623,27.913545216183255,44.0,0.0
t2|0.6|0.05|1.5|0.3|0.7,B,,0,,,187.94794637007558,11.337847240381604,-31.10474592188969,10.393445167164009,12.212478513957414,-32.079100711580956,-31.835913829742758,59.23577067881454,92.0,0.0
t2|0.6|0.05|1.5|0.3|0.7,F,,0,,,597.9116683531392,11.789338280088579,-31.14237584388617,10.540563054554825,12.793896930074272,-31.731359611654263,-31.499949831841477,44.285435887905344,137.0,0.0
t2|0.6|0.05|1.5|0.3|None,A,,0,,,197.9522494299892,12.5888707189726,-23.962737925512894,10.67499622891799,13.931576460338643,-26.86169197658851,-25.15489829238623,27.913545216183255,44.0,0.0
t2|0.6|0.05|1.5|0.3|None,B,,0,,,186.6064329835247,11.262380048096022,-31.104745921889688,10.438856626204554,12.200274664174389,-32.07910071158094,-31.835913829742758,59.44321928200822,91.0,0.0
t2|0.6|0.05|1.5|0.3|None,F,,0,,,611.4896735603126,11.910682656648952,-31.14237584388617,10.548831440347742,12.856393936479932,-31.731359611654263,-31.499949831841477,44.328644514350515,136.5,0.0
t2|0.6|0.05|1.5|0.35|0.4,A,,0,,,177.3878188350008,11.368761861039944,-21.513523599968583,9.286642711486145,12.787690909896757,-26.177488752483836,-24.45903180927394,27.182435163416542,50.0,0.0
t2|0.6|0.05|1.5|0.35|0.4,B,,0,,,163.00169203687028,9.856290034006076,-30.954764832165242,8.202270799480353,10.92113039933653,-31.989207334012583,-31.584606268657154,55.69072062935232,109.0,0.0
t2|0.6|0.05|1.5|0.35|0.4,F,,0,,,508.0642933682155,10.910408443052544,-31.39207945668386,9.76994386067069,11.586741327653085,-32.03813057386126,-31.973282726665275,41.79024291334993,162.5,0.0
t2|0.6|0.05|1.5|0.35|0.6,A,,0,,,190.09800152200162,12.136987896993922,-23.963448550937954,10.482855165700746,13.458174347802402,-26.86239965093582,-25.155610294920894,28.27951876087507,44.0,0.0
t2|0.6|0.05|1.5|0.35|0.6,B,,0,,,168.29270821554775,10.187414864694366,-30.962386697661316,9.379857789351579,11.37849801457254,-32.07910071158094,-31.835913829742747,58.05958942713223,95.0,0.0
t2|0.6|0.05|1.5|0.35|0.6,F,,0,,,560.344745914277,11.437957763801554,-31.151978890551487,10.47309281299896,12.454343529525469,-31.73507322758414,-31.50888839537358,43.94935928052403,138.0,0.0
t2|0.6|0.05|1.5|0.35|0.7,A,,0,,,192.44672752055894,12.27385427801334,-23.962737925512894,10.63667253930845,13.527699232551365,-26.86169197658851,-25.15489829238623,28.051627402901197,44.0,0.0
t2|0.6|0.05|1.5|0.35|0.7,B,,0,,,185.2271858615703,11.185246134822947,-31.10474592188969,10.505414631749844,12.56596865929378,-32.079100711580956,-31.835913829742758,59.27495258457657,92.0,0.0
t2|0.6|0.05|1.5|0.35|0.7,F,,0,,,571.3621495001424,11.543476524668584,-31.148919893405047,10.43961777568775,12.341411941177574,-31.73250239370329,-31.50713373897306,44.317818311032056,137.0,0.0
t2|0.6|0.05|1.5|0.35|None,A,,0,,,192.44672752055894,12.27385427801334,-23.962737925512894,10.63667253930845,13.527699232551365,-26.86169197658851,-25.15489829238623,28.051627402901197,44.0,0.0
t2|0.6|0.05|1.5|0.35|None,B,,0,,,189.96080386649226,11.450010892095296,-31.104745921889688,10.281233647598498,12.53401252122153,-32.07910071158094,-31.835913829742758,59.293980747368934,91.0,0.0
t2|0.6|0.05|1.5|0.35|None,F,,0,,,589.9108300259896,11.716296138355853,-31.148919893405047,10.484409123438192,12.51431593445525,-31.732502393703278,-31.50713373897306,44.52999924416285,136.0,0.0
t2|0.6|0.075|0.8|0.2|0.4,A,,0,,,189.8898942438715,12.124435508185538,-22.049996274595962,11.029636784196876,14.09813838363974,-26.19078173178666,-24.472561691254587,29.277430334693722,50.0,0.0
t2|0.6|0.075|0.8|0.2|0.4,B,,0,,,156.35351960489442,9.42698510558616,-30.954616414542578,8.656615093396747,10.695833932005353,-31.98906153822326,-31.58445888073101,55.88398339135517,108.5,0.0
t2|0.6|0.075|0.8|0.2|0.4,F,,0,,,509.87911377948393,10.929546676897806,-31.392700146011087,9.87170408422261,12.398249104402852,-33.809726381843944,-32.03780368120516,42.74738754351027,160.5,0.0
t2|0.6|0.075|0.8|0.2|0.6,A,,0,,,197.88802409327937,12.584590597395028,-24.348623805633952,11.671304114458597,14.617474304617382,-26.875363148442688,-25.682219094572904,30.926985993350264,44.0,0.0
t2|0.6|0.075|0.8|0.2|0.6,B,,0,,,161.39214691853817,9.754398773701844,-31.104507129663705,8.886674339486241,11.008309048108249,-32.76411458766595,-31.835676522889795,58.90658455718925,94.0,0.0
t2|0.6|0.075|0.8|0.2|0.6,F,,0,,,551.1841036979623,11.349252974801892,-31.147420273789344,10.788115192116228,12.307293640245115,-31.678990305600664,-31.524125581466482,45.2609880972895,138.5,0.0
t2|0.6|0.075|0.8|0.2|0.7,A,,0,,,199.40554553459265,12.670177099892822,-24.34791310783836,11.760656921094641,14.723686868436712,-26.87465550113365,-25.681507119384168,30.55142526838916,44.0,0.0
t2|0.6|0.075|0.8|0.2|0.7,B,,0,,,173.73594424833266,10.517885809506055,-31.104507129663716,9.94476058681385,12.080029382143112,-32.07885952508188,-31.835676522889777,59.282447185058516,92.0,0.0
t2|0.6|0.075|0.8|0.2|0.7,F,,0,,,581.0139176866205,11.634071486365604,-31.14403689336427,10.974870271823074,12.625357029315737,-31.6771815280799,-31.52209217467492,45.62088771408494,136.5,0.0
t2|0.6|0.075|0.8|0.2|None,A,,0,,,199.40554553459265,12.670177099892822,-24.34791310783836,11.760656921094641,14.723686868436712,-26.87465550113365,-25.681507119384168,30.55142526838916,44.0,0.0
t2|0.6|0.075|0.8|0.2|None,B,,0,,,176.40039318122882,10.676268168659952,-31.104507129663713,10.04118647365528,12.07450519144395,-32.078859525081896,-31.835676522889766,59.77695722138239,91.0,0.0
t2|0.6|0.075|0.8|0.2|None,F,,0,,,580.4575719996365,11.628882862084334,-31.14403689336428,11.036422583229562,12.676439981568205,-31.677181528079913,-31.522092174674913,45.820058139527795,135.0,0.0
t2|0.6|0.075|0.8|0.25|0.4,A,,0,,,209.61243999601768,13.2302416012421,-22.073512074938623,12.224640436476605,14.972334868605708,-26.214275809267473,-24.49653213055044,32.197340922835224,50.0,0.0
t2|0.6|0.075|0.8|0.25|0.4,B,,0,,,149.27332959617382,8.951192865926604,-31.057259140422694,8.048232732379079,10.171986558904367,-31.98906153822326,-31.646987869896982,56.22301244416854,108.0,0.0
t2|0.6|0.075|0.8|0.25|0.4,F,,0,,,567.9326306279447,11.510475748054949,-31.480556639496914,10.599336893826663,12.592344213492055,-34.70023878665721,-32.03777183760432,44.35931834072282,160.5,0.0
t2|0.6|0.075|0.8|0.25|0.6,A,,0,,,217.0842682208858,13.624741053872425,-24.371690342909357,12.697671588071868,15.451606832486581,-26.898082541590853,-25.7052197829733,33.73764476411292,44.0,0.0
t2|0.6|0.075|0.8|0.25|0.6,B,,0,,,158.67452372399904,9.579262266155276,-31.104507129663705,8.55456031602812,10.752915959369478,-32.07885952508188,-31.835676522889795,58.8982658350923,94.0,0.0
t2|0.6|0.075|0.8|0.25|0.6,F,,0,,,612.3763573895634,11.917866244741527,-31.175408675741156,10.82265327983241,13.125754190569713,-31.803195862831522,-31.69046199287874,46.83785844363779,138.0,0.0
t2|0.6|0.075|0.8|0.25|0.7,A,,0,,,219.22164652012492,13.735716070614112,-24.37097972096326,12.832382317323193,15.522354960931322,-26.897374969527277,-25.70450788388588,33.317555178647055,44.0,0.0
t2|0.6|0.075|0.8|0.25|0.7,B,,0,,,172.5107638573124,10.444398156703748,-31.104507129663716,9.415747604340433,11.993955213750526,-32.07885952508188,-31.835676522889777,60.72147793126626,91.0,0.0
t2|0.6|0.075|0.8|0.25|0.7,F,,0,,,601.5314486042989,11.822044757974304,-31.171707851570307,11.308986109893118,12.965703221418623,-31.716515529580334,-31.65292792813064,47.41708500462954,134.0,0.0
t2|0.6|0.075|0.8|0.25|None,A,,0,,,219.22164652012492,13.735716070614112,-24.37097972096326,12.832382317323193,15.522354960931322,-26.897374969527277,-25.70450788388588,33.317555178647055,44.0,0.0
t2|0.6|0.075|0.8|0.25|None,B,,0,,,172.8294637007658,10.463579149320424,-31.104507129663713,9.921814067085426,11.914629682292503,-32.078859525081896,-31.835676522889766,60.91824008727376,90.5,0.0
t2|0.6|0.075|0.8|0.25|None,F,,0,,,604.1064923358566,11.845095802573269,-31.1717078515703,11.27656728800082,12.986289529263725,-31.716515529580334,-31.65292792813063,47.47267479449631,132.0,0.0
t2|0.6|0.075|0.8|0.3|0.4,A,,0,,,228.47014110912167,14.20369853435215,-22.068378603676457,12.809103392404312,16.170124415905658,-26.20914710040666,-24.491299433963988,33.23199617402346,50.0,0.0
t2|0.6|0.075|0.8|0.3|0.4,B,,0,,,151.89389980095453,9.130043426341594,-31.361389863183682,8.053112629267979,10.518128125887609,-33.66416102542844,-32.15069640804441,57.25058793203524,107.5,0.0
t2|0.6|0.075|0.8|0.3|0.4,F,,0,,,634.4914508699607,12.1112271473385,-32.91228720797969,11.14275946146982,13.227070200224434,-36.85018537145343,-35.27514139613726,45.636976127117514,160.0,0.0
t2|0.6|0.075|0.8|0.3|0.6,A,,0,,,237.43454191251416,14.641247687498627,-24.366652477627298,13.426761764553028,16.66918807684297,-26.893120501127033,-25.700196310302253,34.44593457483242,44.0,0.0
t2|0.6|0.075|0.8|0.3|0.6,B,,0,,,162.08697304073326,9.798692319399471,-31.104507129663705,8.811901991183765,10.817436457775505,-32.07885952508188,-31.904762999260555,60.42948779690372,93.0,0.0
t2|0.6|0.075|0.8|0.3|0.6,F,,0,,,651.3255594465281,12.253481643526742,-33.23128010362104,10.812188972799882,13.502223101811495,-36.8445872698229,-35.17522460511896,47.824667125845565,137.5,0.0
t2|0.6|0.075|0.8|0.3|0.7,A,,0,,,240.122130601398,14.769498188077323,-24.365941839115223,13.50425016809353,16.731604472098777,-26.89241291262945,-25.699484394593902,34.06516380587048,44.0,0.0
t2|0.6|0.075|0.8|0.3|0.7,B,,0,,,164.58675471306486,9.95699995387902,-31.104507129663705,9.23849949861862,11.521905257646518,-32.07885952508188,-31.835676522889777,61.93778737828709,89.0,0.0
t2|0.6|0.075|0.8|0.3|0.7,F,,0,,,688.0667672121123,12.552524079115102,-33.117680596786855,11.680701511911991,13.531496679760984,-36.72548041042709,-35.116844517903324,48.38824817495559,134.0,0.0
t2|0.6|0.075|0.8|0.3|None,A,,0,,,240.122130601398,14.769498188077323,-24.365941839115223,13.50425016809353,16.731604472098777,-26.89241291262945,-25.699484394593902,34.06516380587048,44.0,0.0
t2|0.6|0.075|0.8|0.3|None,B,,0,,,166.4641968745903,10.074340645446467,-31.104507129663713,9.071717083640198,11.005333273516465,-32.078859525081896,-31.835676522889766,61.98381499318788,88.0,0.0
t2|0.6|0.075|0.8|0.3|None,F,,0,,,676.4244394972084,12.459902131140499,-33.11768059678684,11.447861151525103,13.598420867718156,-36.72548041042709,-35.116844517903324,48.48462009333895,133.0,0.0
t2|0.6|0.075|0.8|0.35|0.4,A,,0,,,213.46476367429383,13.435756672535337,-23.200241065522764,12.200411075677096,15.276511529695764,-26.068568839218408,-25.235419368577016,35.19679221391514,51.0,0.0
t2|0.6|0.075|0.8|0.35|0.4,B,,0,,,154.54245863960335,9.307594479466829,-31.39722928499499,8.289682944013954,11.829010318801059,-31.98906153822324,-31.76660220418796,59.43456331907003,107.5,0.0
t2|0.6|0.075|0.8|0.35|0.4,F,,0,,,602.5961537870364,11.831610517741654,-34.857057740320776,10.805581294481154,13.190508636702662,-39.595075603357856,-38.044462939209936,48.04253043699217,159.0,0.0
t2|0.6|0.075|0.8|0.35|0.6,A,,0,,,222.61259553010026,13.909613323577974,-24.84900991237005,12.874166573659036,15.805961921104863,-27.159133295525393,-26.48593825321235,36.62243614755105,45.0,0.0
t2|0.6|0.075|0.8|0.35|0.6,B,,0,,,148.28164753646726,8.882614661817644,-31.162588618490002,8.019251229589559,10.443559883650874,-32.07885952508188,-31.941568178848513,62.96561017687071,90.0,0.0
t2|0.6|0.075|0.8|0.35|0.6,F,,0,,,617.7790946421698,11.961560110511837,-36.325742893429066,10.632200974624165,13.518946124139333,-40.03082667512192,-38.46378049258994,50.422642081472844,137.0,0.0
t2|0.6|0.075|0.8|0.35|0.7,A,,0,,,224.88241185936917,14.024458726878663,-24.848394571558295,12.932928924670511,15.855425420580179,-27.158520252899155,-26.35633797129644,36.314914353778526,45.0,0.0
t2|0.6|0.075|0.8|0.35|0.7,B,,0,,,167.4953667457007,10.138306382080264,-31.104507129663705,9.443061394139479,11.242748144120954,-32.0788595250819,-31.835676522889777,63.70338217678165,90.0,0.0
t2|0.6|0.075|0.8|0.35|0.7,F,,0,,,603.1541254166978,11.836623363663412,-36.25490079221093,11.042093378751181,13.028259634101277,-39.90859363629544,-38.41396069931075,50.68594503001329,133.0,0.0
t2|0.6|0.075|0.8|0.35|None,A,,0,,,224.88241185936917,14.024458726878663,-24.848394571558295,12.932928924670511,15.855425420580179,-27.158520252899155,-26.35633797129644,36.314914353778526,45.0,0.0
t2|0.6|0.075|0.8|0.35|None,B,,0,,,165.85933822131554,10.036254288357293,-31.104507129663713,8.690881815001966,11.457522463109584,-32.078859525081896,-31.835676522889766,63.63951955016034,88.0,0.0
t2|0.6|0.075|0.8|0.35|None,F,,0,,,631.3734976214924,12.081702578126219,-36.25490079221093,10.867684491314566,13.28200435180506,-39.90859363629544,-38.41396069931075,50.73933448497028,133.0,0.0
t2|0.6|0.075|1.0|0.2|0.4,A,,0,,,170.67838433456956,10.942974739006871,-22.041677452508086,10.602734475616735,12.821188625397479,-26.182470259583646,-24.464082651953944,28.107108072396827,50.0,0.0
t2|0.6|0.075|1.0|0.2|0.4,B,,0,,,152.97528231160328,9.202892462050505,-31.005082190315896,8.149953085162636,10.60624825608377,-31.98906153822326,-31.58445888073101,55.43888972964473,108.5,0.0
t2|0.6|0.075|1.0|0.2|0.4,F,,0,,,463.49942264173336,10.417952973707955,-31.392543286054615,9.623851978386622,11.348816756152237,-32.038111628350485,-31.97373309478212,42.067638104568786,160.0,0.0
t2|0.6|0.075|1.0|0.2|0.6,A,,0,,,181.60945396186943,11.62930860005763,-24.340477946757566,11.304936248765976,13.443689867036984,-26.867339582644846,-25.67409616946854,29.438072868800084,44.0,0.0
t2|0.6|0.075|1.0|0.2|0.6,B,,0,,,159.99656080164922,9.664834682774991,-31.104507129663705,8.898966749588107,11.073755564625978,-32.07885952508188,-31.835676522889795,58.37920235928367,94.0,0.0
t2|0.6|0.075|1.0|0.2|0.6,F,,0,,,523.5436200567444,11.071798432416513,-31.155836328699564,10.247754649404783,12.171101390247411,-31.698502904286475,-31.52160536143777,44.421059158029195,139.0,0.0
t2|0.6|0.075|1.0|0.2|0.7,A,,0,,,184.09622729617612,11.780215616792988,-24.339767222176018,11.427883536564565,13.516405374889143,-26.86663190876215,-25.673384167403846,29.022992306137773,44.0,0.0
t2|0.6|0.075|1.0|0.2|0.7,B,,0,,,173.47256570615738,10.502198986901945,-31.104507129663723,9.6752128405344,12.301897790277813,-32.85091682206737,-32.0039273808575,58.8577660551374,92.0,0.0
t2|0.6|0.075|1.0|0.2|0.7,F,,0,,,538.6863057505675,11.223758493483771,-31.15223978457371,10.64257769137675,12.125418488738745,-31.696414930999005,-31.51960631121832,44.72120932011868,136.5,0.0
t2|0.6|0.075|1.0|0.2|None,A,,0,,,184.09622729617612,11.780215616792988,-24.339767222176018,11.427883536564565,13.516405374889143,-26.86663190876215,-25.673384167403846,29.022992306137773,44.0,0.0
t2|0.6|0.075|1.0|0.2|None,B,,0,,,174.9644963430393,10.591226080419503,-31.104507129663716,10.050553368992023,12.301211915760893,-32.87597339375369,-32.0039273808575,59.252459059513484,91.0,0.0
t2|0.6|0.075|1.0|0.2|None,F,,0,,,543.2850343827769,11.271058095295771,-31.15223978457371,10.567618175618144,12.10503537739758,-31.696414930999005,-31.51960631121832,44.975007980822305,135.0,0.0
t2|0.6|0.075|1.0|0.25|0.4,A,,0,,,177.66572206898744,11.386062255632012,-22.054688192165145,11.097003709293238,13.027763202396974,-26.19546841865129,-24.47734576794584,28.93259045642263,50.0,0.0
t2|0.6|0.075|1.0|0.25|0.4,B,,0,,,148.92258143180226,8.927040621676152,-31.057259140422694,7.853169389101828,10.529673799357273,-33.078269833369234,-32.01585559919485,55.93693659641649,108.5,0.0
t2|0.6|0.075|1.0|0.25|0.4,F,,0,,,482.86004583926683,10.636756220738953,-31.392666928651263,9.863975413332778,11.496249458760598,-33.003113268995556,-32.03761267799913,42.8205994299965,161.0,0.0
t2|0.6|0.075|1.0|0.25|0.6,A,,0,,,189.18028428205065,12.083105352609513,-24.35321404821368,11.75259163121232,13.575554234157764,-26.87988345679222,-25.68679537242297,30.205993521302045,44.0,0.0
t2|0.6|0.075|1.0|0.25|0.6,B,,0,,,158.9882945903084,9.599534638037355,-31.104507129663705,8.956933062604453,11.044534735560658,-32.07885952508188,-31.87542678375226,58.13945444117222,94.0,0.0
t2|0.6|0.075|1.0|0.25|0.6,F,,0,,,538.758791510957,11.225755311664232,-31.161012534189364,10.417108451754123,12.261361586928075,-31.704473824994682,-31.527276908369267,44.81693866396617,138.0,0.0
t2|0.6|0.075|1.0|0.25|0.7,A,,0,,,191.78670869314274,12.235555059842406,-24.352503365512145,11.864327254588966,13.650459018765604,-26.879175824454215,-25.686083412375538,29.78969708686694,44.0,0.0
t2|0.6|0.075|1.0|0.25|0.7,B,,0,,,172.50252176641754,10.443923800763011,-31.104507129663723,9.46975668898103,12.211847733645671,-32.33333436964803,-32.0039273808575,59.49068597656626,91.0,0.0
t2|0.6|0.075|1.0|0.25|0.7,F,,0,,,562.0947950101171,11.454144812503053,-31.15731694294837,10.922190332860263,12.258738140109807,-31.70233539437787,-31.525231249430846,45.486431938554425,136.5,0.0
t2|0.6|0.075|1.0|0.25|None,A,,0,,,191.78670869314274,12.235555059842406,-24.352503365512145,11.864327254588966,13.650459018765604,-26.879175824454215,-25.686083412375538,29.78969708686694,44.0,0.0
t2|0.6|0.075|1.0|0.25|None,B,,0,,,174.56326763220864,10.567367040581665,-31.104507129663716,10.038960764476982,12.197693516032555,-32.35838930207966,-32.0039273808575,59.78578048255061,91.0,0.0
t2|0.6|0.075|1.0|0.25|None,F,,0,,,560.6148116935512,11.440279246221152,-31.15731694294837,10.785561989037188,12.236160966562089,-31.70233539437787,-31.525231249430846,45.738003326021555,135.0,0.0
t2|0.6|0.075|1.0|0.3|0.4,A,,0,,,208.66921093650944,13.18007581612588,-22.051825321914798,11.09370416052876,14.614216577070746,-26.192608358689128,-24.474427350792382,29.830713963033766,50.0,0.0
t2|0.6|0.075|1.0|0.3|0.4,B,,0,,,154.31742194764988,9.292610268285816,-31.057259140422694,8.18466713615941,10.605777817392744,-33.935421198558515,-32.16284563425115,56.51435655088991,108.5,0.0
t2|0.6|0.075|1.0|0.3|0.4,F,,0,,,566.829690846052,11.500423830777995,-31.833294447170868,10.369548680632219,12.251038007206994,-33.81255910253401,-33.393048552529194,43.774963165208916,160.5,0.0
t2|0.6|0.075|1.0|0.3|0.6,A,,0,,,219.6166500932318,13.756423302356325,-24.350413901554113,11.961794147293261,15.186711096195443,-26.87712560245137,-25.684003365699553,30.73891251977604,44.0,0.0
t2|0.6|0.075|1.0|0.3|0.6,B,,0,,,164.35820602509685,9.942620801063962,-31.104507129663705,8.845329853119562,10.47834906146677,-33.24221121190495,-31.83795205950699,58.58917358142995,94.0,0.0
t2|0.6|0.075|1.0|0.3|0.6,F,,0,,,633.3195265786471,12.101372991649518,-31.16348675212926,10.560732750523874,13.119061627990789,-31.99775755646649,-31.885135729868917,45.538730063734036,137.5,0.0
t2|0.6|0.075|1.0|0.3|0.7,A,,0,,,221.5936603383622,13.857713899586955,-24.34970320964489,12.105871035004533,15.251460598711782,-26.87641796097948,-25.683291396414344,30.426273852060092,44.0,0.0
t2|0.6|0.075|1.0|0.3|0.7,B,,0,,,178.2371393425875,10.784041992463955,-31.104507129663723,10.280128229434487,12.20502933814061,-32.69772472941707,-32.0039273808575,60.07961157128256,92.0,0.0
t2|0.6|0.075|1.0|0.3|0.7,F,,0,,,650.7803591987716,12.249377959558549,-31.163455892985187,11.18116562435689,13.185055774224756,-31.906294878582685,-31.788351132166742,46.211126259879876,136.5,0.0
t2|0.6|0.075|1.0|0.3|None,A,,0,,,221.5936603383622,13.857713899586955,-24.34970320964489,12.105871035004533,15.251460598711782,-26.87641796097948,-25.683291396414344,30.426273852060092,44.0,0.0
t2|0.6|0.075|1.0|0.3|None,B,,0,,,180.34217387352075,10.906612770405921,-31.104507129663716,9.770718389699244,12.310990466163014,-32.72277840736771,-32.0039273808575,60.30912115914424,91.0,0.0
t2|0.6|0.075|1.0|0.3|None,F,,0,,,650.7411661253655,12.249088551894038,-31.163455892985187,11.201507104702232,13.224528897049911,-31.906294878582685,-31.788351132166742,46.45600800331852,134.5,0.0
t2|0.6|0.075|1.0|0.35|0.4,A,,0,,,196.8416998672269,12.52596079426569,-22.048611649664874,10.680578278604273,13.903871453831151,-26.189397665648585,-24.471151455992114,30.062347872745608,50.0,0.0
t2|0.6|0.075|1.0|0.35|0.4,B,,0,,,157.50733488920568,9.500503950432071,-31.39722928499499,7.907820144156519,11.258615790161448,-34.39718336055948,-33.632409395971735,57.62670945364883,108.0,0.0
t2|0.6|0.075|1.0|0.35|0.4,F,,0,,,609.9324783453964,11.897087314064992,-33.52047769135401,10.301489725575912,12.61994000714065,-35.99587450365346,-35.31304585014856,44.55768691593349,161.0,0.0
t2|0.6|0.075|1.0|0.35|0.6,A,,0,,,208.85267638476313,13.189946228940553,-24.34725499412979,11.660717108295367,14.50060195049142,-26.874014249387955,-25.680853497675628,30.906089501921606,44.0,0.0
t2|0.6|0.075|1.0|0.35|0.6,B,,0,,,163.39976953362157,9.882145134546704,-31.29058458016273,9.15491182170752,11.053067779741298,-33.30530537631733,-32.01212340746281,59.7313624759074,94.0,0.0
t2|0.6|0.075|1.0|0.35|0.6,F,,0,,,602.4249469266528,11.826092928133857,-32.35541238579084,10.229664978954496,12.939015275273825,-34.47200815208801,-34.365166624604704,46.22707240717179,139.0,0.0
t2|0.6|0.075|1.0|0.35|0.7,A,,0,,,211.27411511491331,13.319629198101513,-24.346544291833144,11.804508477805397,14.56658498872801,-26.873306597611425,-25.680141517968607,30.568240950068493,44.0,0.0
t2|0.6|0.075|1.0|0.35|0.7,B,,0,,,181.60855221458237,10.979065736814553,-31.104507129663713,10.407583858419455,12.449293467967685,-32.45538575342528,-32.00392738085749,61.172504015496365,92.5,0.0
t2|0.6|0.075|1.0|0.35|0.7,F,,0,,,624.424822059452,12.022983256383524,-32.62019050772512,10.89765782876354,12.881415682318426,-34.36446911581831,-34.276502212838736,46.93860585568915,134.5,0.0
t2|0.6|0.075|1.0|0.35|None,A,,0,,,211.27411511491331,13.319629198101513,-24.346544291833144,11.804508477805397,14.56658498872801,-26.873306597611425,-25.680141517968607,30.568240950068493,44.0,0.0
t2|0.6|0.075|1.0|0.35|None,B,,0,,,181.6356854294973,10.979958095966069,-31.104507129663705,10.227278572006156,12.463105580460098,-32.48017214998198,-32.00392738085749,61.407113429273764,92.0,0.0
t2|0.6|0.075|1.0|0.35|None,F,,0,,,601.494990156457,11.821004026300852,-32.62019050772512,10.858768785319931,12.862103735592513,-34.36446911581831,-34.28157376947758,47.08104498552198,133.0,0.0
t2|0.6|0.075|1.5|0.2|0.4,A,,0,,,155.48351968827262,9.920250207001658,-22.044743815276284,9.637805443087018,12.056935840541575,-26.185533616379786,-24.467208559001513,26.9097506065972,50.0,0.0
t2|0.6|0.075|1.5|0.2|0.4,B,,0,,,159.0644883049685,9.604551156312835,-30.954616414542578,8.334178297958658,10.692067417000116,-31.98906153822326,-31.58445888073101,55.22942773284274,108.0,0.0
t2|0.6|0.075|1.5|0.2|0.4,F,,0,,,450.4313961305362,10.264907090287734,-31.392085560728617,8.95357506045938,11.08496682404019,-32.03790822841884,-31.97349489357823,41.47849694755046,159.0,0.0
t2|0.6|0.075|1.5|0.2|0.6,A,,0,,,167.25495215494857,10.719989720965096,-24.34347335696146,10.313198724442959,12.617129863452147,-26.87028973003779,-25.67708285389371,28.266766687067967,44.0,0.0
t2|0.6|0.075|1.5|0.2|0.6,B,,0,,,165.26869120547116,9.999768456000812,-31.011592482046872,9.253139438520538,11.301252424918754,-32.07885952508188,-31.835676522889795,58.004890943228915,94.0,0.0
t2|0.6|0.075|1.5|0.2|0.6,F,,0,,,490.32670546395417,10.719434344553058,-31.18321475218923,10.056635452730411,11.843190271414679,-31.731136419985873,-31.55244871787272,43.51976921882045,139.0,0.0
t2|0.6|0.075|1.5|0.2|0.7,A,,0,,,169.6007245022752,10.873271537228657,-24.342762642229697,10.391498227564048,12.688410821760243,-26.869582065925833,-25.67637086171091,27.85008531193771,44.0,0.0
t2|0.6|0.075|1.5|0.2|0.7,B,,0,,,181.9232702807257,10.997646706156438,-31.104507129663723,10.334288400461613,12.50706297423686,-32.2325709991957,-32.0039273808575,58.44302632750622,92.0,0.0
t2|0.6|0.075|1.5|0.2|0.7,F,,0,,,499.60619056329074,10.818530819067028,-31.179080292327292,10.18984238397839,11.792307382197702,-31.728787306137495,-31.55021121872594,44.26817485565475,136.0,0.0
t2|0.6|0.075|1.5|0.2|None,A,,0,,,169.6007245022752,10.873271537228657,-24.342762642229697,10.391498227564048,12.688410821760243,-26.869582065925833,-25.67637086171091,27.85008531193771,44.0,0.0
t2|0.6|0.075|1.5|0.2|None,B,,0,,,181.85734215802174,10.993891307369786,-31.104507129663716,10.338521429028761,12.45877877947615,-32.25761941581563,-32.0039273808575,58.92812024060024,91.0,0.0
t2|0.6|0.075|1.5|0.2|None,F,,0,,,505.20763841237164,10.880097735535044,-31.17908029232729,10.22687799693371,11.91275509539023,-31.728787306137495,-31.55021121872593,44.26455553945763,135.0,0.0
t2|0.6|0.075|1.5|0.25|0.4,A,,0,,,154.41172200901732,9.844748627067268,-22.044743815276284,9.560820255171613,11.630823617768897,-26.185533616379786,-24.467208559001513,26.94337705205304,50.0,0.0
t2|0.6|0.075|1.5|0.25|0.4,B,,0,,,156.03463355073413,9.406027604563716,-30.954616414542578,8.084860370285037,10.653150137409797,-31.98906153822326,-31.58445888073101,55.482993953762616,108.0,0.0
t2|0.6|0.075|1.5|0.25|0.4,F,,0,,,447.57539205098476,10.23082627220493,-31.392071053779443,9.25497350660012,10.861946586707527,-32.03789440413023,-31.973479551697043,41.50329309979918,160.0,0.0
t2|0.6|0.075|1.5|0.25|0.6,A,,0,,,166.7147154891703,10.684413331934584,-24.34347335696146,10.276413007157755,12.229997275638963,-26.87028973003779,-25.67708285389371,28.293364814874344,44.0,0.0
t2|0.6|0.075|1.5|0.25|0.6,B,,0,,,164.57048711565398,9.955979152920758,-30.962158933142607,9.228455233040112,11.30426458691837,-32.07885952508188,-31.835676522889795,58.047681970384765,94.0,0.0
t2|0.6|0.075|1.5|0.25|0.6,F,,0,,,484.62587822326606,10.656518546724957,-31.18414006010764,9.796557503121392,11.724943092877847,-31.73218490943658,-31.553446703897496,43.70458993964329,138.0,0.0
t2|0.6|0.075|1.5|0.25|0.7,A,,0,,,169.06048783649692,10.838139322136442,-24.342762642229697,10.3549488055052,12.30352656681752,-26.869582065925833,-25.67637086171091,27.87523380325484,44.0,0.0
t2|0.6|0.075|1.5|0.25|0.7,B,,0,,,183.0670094935957,11.063094784970872,-31.104507129663723,10.242305829877225,12.451907798390993,-32.282390177502954,-32.0039273808575,58.82269168707628,92.0,0.0
t2|0.6|0.075|1.5|0.25|0.7,F,,0,,,500.88461404236443,10.832734808696598,-31.179979834940134,10.197294693314065,11.6838221531515,-31.7298201374986,-31.55119452344941,44.292026383014395,136.0,0.0
t2|0.6|0.075|1.5|0.25|None,A,,0,,,169.06048783649692,10.838139322136442,-24.342762642229697,10.3549488055052,12.30352656681752,-26.869582065925833,-25.67637086171091,27.87523380325484,44.0,0.0
t2|0.6|0.075|1.5|0.25|None,B,,0,,,180.1421858500577,10.895024839043588,-31.104507129663716,10.353370817035026,12.402948145338604,-32.30744059981111,-32.0039273808575,59.329388537079474,91.0,0.0
t2|0.6|0.075|1.5|0.25|None,F,,0,,,508.9732429224631,10.920037930782577,-31.179979834940134,10.160076585038905,11.790358718018625,-31.72982013749861,-31.55119452344941,44.38474355006769,135.0,0.0
t2|0.6|0.075|1.5|0.3|0.4,A,,0,,,185.22891112661125,11.848310882362334,-22.044743815276284,9.589183324920217,13.42274764917774,-26.185533616379786,-24.467208559001516,27.515417152596573,50.0,0.0
t2|0.6|0.075|1.5|0.3|0.4,B,,0,,,160.27093529242222,9.680968949642955,-30.954616414542578,8.401851697765633,10.844501414443611,-31.98906153822326,-31.58445888073101,55.83373558169649,108.0,0.0
t2|0.6|0.075|1.5|0.3|0.4,F,,0,,,532.7843681629823,11.164608196051162,-31.392259460973893,9.806266762589528,11.81579841226715,-32.038299951964596,-31.97346853721471,42.09692739641392,161.0,0.0
t2|0.6|0.075|1.5|0.3|0.6,A,,0,,,196.54926486355444,12.509339027423206,-24.34347335696146,10.58248307535301,14.019782533385413,-26.8702897300378,-25.67708285389371,28.507310652433958,44.0,0.0
t2|0.6|0.075|1.5|0.3|0.6,B,,0,,,168.45508013165107,10.197539913281373,-30.96248635926821,8.735422952836213,11.424012434554424,-32.07885952508188,-31.835676522889795,58.21411790250715,94.0,0.0
t2|0.6|0.075|1.5|0.3|0.6,F,,0,,,567.63002929414,11.504455553230319,-31.145829634742878,10.348894647232823,12.708712389286584,-31.732998808080715,-31.502516425170153,43.898272160287775,138.0,0.0
t2|0.6|0.075|1.5|0.3|0.7,A,,0,,,198.85768576749817,12.639909312844955,-24.342762642229694,10.73224272373436,14.083531467359405,-26.869582065925847,-25.67637086171091,28.321785129847356,44.0,0.0
t2|0.6|0.075|1.5|0.3|0.7,B,,0,,,186.53315028254414,11.259117010408747,-31.104507129663723,10.255506745563933,12.522024861138492,-32.29730718380664,-32.0039273808575,59.14861971861558,92.0,0.0
t2|0.6|0.075|1.5|0.3|0.7,F,,0,,,609.367174684049,11.89189662213318,-31.143017230032793,10.6398451251866,12.582240427910973,-31.730621845842865,-31.50095258050305,44.67721518185226,137.0,0.0
t2|0.6|0.075|1.5|0.3|None,A,,0,,,198.85768576749817,12.639909312844955,-24.342762642229694,10.73224272373436,14.083531467359405,-26.869582065925847,-25.67637086171091,28.321785129847356,44.0,0.0
t2|0.6|0.075|1.5|0.3|None,B,,0,,,183.79313164548566,11.10415458734958,-31.104507129663716,10.612098445263682,12.33493258444851,-32.322358206663914,-32.0039273808575,59.611792673315556,91.5,0.0
t2|0.6|0.075|1.5|0.3|None,F,,0,,,612.7353139421031,11.92163859640848,-31.143017230032804,10.677541544992627,12.846047855027193,-31.730621845842876,-31.50095258050305,44.93374695702794,135.0,0.0
t2|0.6|0.075|1.5|0.35|0.4,A,,0,,,179.50594033514574,11.500165263244133,-22.044743815276284,9.52603963077772,12.992715641024594,-26.185533616379786,-24.467208559001513,27.729331831759552,50.0,0.0
t2|0.6|0.075|1.5|0.35|0.4,B,,0,,,157.29138479668595,9.488586278156962,-30.954616414542578,8.130028806563638,10.732972726808166,-31.98906153822326,-31.58445888073101,56.16738581885974,108.0,0.0
t2|0.6|0.075|1.5|0.35|0.4,F,,0,,,506.226592177926,10.890069108547152,-31.39225397185153,9.7062513889461,11.557059131107417,-32.03826684830339,-31.97349376220993,42.29903836268329,161.0,0.0
t2|0.6|0.075|1.5|0.35|0.6,A,,0,,,190.96773225038038,12.187833582234076,-24.34347335696146,10.543440603123651,13.613539755193912,-26.8702897300378,-25.67708285389371,28.666812566557297,44.0,0.0
t2|0.6|0.075|1.5|0.35|0.6,B,,0,,,165.7638759381325,10.03066183135286,-30.962158933142607,8.501304428874997,11.197568941290577,-32.75978687297669,-31.835676522889795,58.359052567187454,94.0,0.0
t2|0.6|0.075|1.5|0.35|0.6,F,,0,,,518.2574008599748,11.015806917145932,-31.152570681805,9.569257575953598,12.403027733030976,-31.734150497300885,-31.50985504063656,44.45230468602474,138.5,0.0
t2|0.6|0.075|1.5|0.35|0.7,A,,0,,,193.27615315432413,12.32181562053466,-24.342762642229694,10.693676776289413,13.679375387594526,-26.869582065925847,-25.67637086171091,28.451236838307782,44.0,0.0
t2|0.6|0.075|1.5|0.35|0.7,B,,0,,,177.84741350930136,10.761088179669986,-31.104507129663723,10.061442240596437,12.118745641788083,-32.37132504437156,-32.0039273808575,59.488140718769756,92.0,0.0
t2|0.6|0.075|1.5|0.35|0.7,F,,0,,,581.0574241405446,11.634194224352045,-31.14959999364878,10.485070989127273,12.345835585840534,-31.731756232320198,-31.508199680950927,44.88056063774021,137.0,0.0
t2|0.6|0.075|1.5|0.35|None,A,,0,,,193.27615315432413,12.32181562053466,-24.342762642229694,10.693676776289413,13.679375387594526,-26.869582065925847,-25.67637086171091,28.451236838307782,44.0,0.0
t2|0.6|0.075|1.5|0.35|None,B,,0,,,180.26339511017008,10.901679239688011,-31.104507129663716,10.364494331206316,12.153542077494702,-32.39637904714052,-32.0039273808575,59.847735168225526,91.5,0.0
t2|0.6|0.075|1.5|0.35|None,F,,0,,,588.8800693178795,11.706817118296975,-31.14959999364878,10.551637845695918,12.560399476603482,-31.731756232320198,-31.508199680950927,45.138683368361015,135.0,0.0
t2|0.6|0.1|0.8|0.2|0.4,A,,0,,,193.42576903143384,12.330256456216649,-22.07848680692779,11.784356639962686,14.519457725506351,-26.09554152703345,-24.37608056259591,30.329634819891027,50.0,0.0
t2|0.6|0.1|0.8|0.2|0.4,B,,0,,,153.7069925384164,9.251917676203991,-31.006191340383054,8.149814590238199,10.611813604565546,-31.9893205071491,-31.591539583207474,56.1773503169936,108.0,0.0
t2|0.6|0.1|0.8|0.2|0.4,F,,0,,,541.6358722784926,11.254932686986475,-31.39271121551184,10.408376338123134,12.648906812762755,-32.72553208865683,-32.03826314075797,43.63511020415372,160.0,0.0
t2|0.6|0.1|0.8|0.2|0.6,A,,0,,,203.7029717130291,12.909519153799087,-24.427955237496402,12.31390788273943,15.022978367241988,-26.955191916108124,-25.760993773339624,32.07313411658082,44.0,0.0
t2|0.6|0.1|0.8|0.2|0.6,B,,0,,,160.67041541696543,9.708193985058111,-31.10493128296814,8.369936961334073,10.831318111163132,-32.0792879312019,-31.836098037806032,58.887415369745156,94.0,0.0
t2|0.6|0.1|0.8|0.2|0.6,F,,0,,,590.8869920145551,11.724528600669593,-31.164027785406713,10.965955466424711,12.384618760529095,-33.092969670171755,-31.679330544283403,46.178638943769656,138.0,0.0
t2|0.6|0.1|0.8|0.2|0.7,A,,0,,,205.39238862835467,13.002045540428364,-24.42724454562233,12.442024866897809,15.06762878331345,-26.954484274672595,-25.760281804091377,31.6852333811788,44.0,0.0
t2|0.6|0.1|0.8|0.2|0.7,B,,0,,,169.9956919121699,10.291641300247756,-31.120749060825737,9.606106255780194,11.902517979120423,-32.079287931201904,-31.836098037806032,59.86886678922592,92.0,0.0
t2|0.6|0.1|0.8|0.2|0.7,F,,0,,,622.2925299676396,12.006064419898888,-31.157639301801876,11.180567027170348,12.57847122691596,-33.007333846695516,-31.654531305009687,46.68057525765387,136.5,0.0
t2|0.6|0.1|0.8|0.2|None,A,,0,,,205.39238862835467,13.002045540428364,-24.42724454562233,12.442024866897809,15.06762878331345,-26.954484274672595,-25.760281804091377,31.6852333811788,44.0,0.0
t2|0.6|0.1|0.8|0.2|None,B,,0,,,173.44525569437982,10.500563207500102,-31.132285314306912,9.659036865725486,11.819308150963,-32.079287931201904,-31.836098037806032,60.01203582296159,91.0,0.0
t2|0.6|0.1|0.8|0.2|None,F,,0,,,622.1024788165389,12.004420537549642,-31.157639301801872,11.050512060536477,12.547487016901771,-33.007333846695516,-31.654531305009687,46.94020174316079,135.0,0.0
t2|0.6|0.1|0.8|0.25|0.4,A,,0,,,214.64011793211642,13.497517126951507,-22.10245892810762,12.896596678115015,15.42106692151056,-26.29382316898373,-24.57717239529974,33.85048272488875,50.0,0.0
t2|0.6|0.1|0.8|0.25|0.4,B,,0,,,150.51876742353105,9.036664327148314,-31.057580951195174,8.099697776173224,10.428352755360129,-31.9893205071491,-31.703175947588903,56.720898587642864,107.5,0.0
t2|0.6|0.1|0.8|0.25|0.4,F,,0,,,616.3545246160901,11.954064253807516,-31.735857028460934,11.139519988891829,12.77001414703739,-35.72933563614983,-34.391269538083975,45.543589768601564,160.0,0.0
t2|0.6|0.1|0.8|0.25|0.6,A,,0,,,224.41809395207866,14.000846369408283,-24.45150140678014,13.422435233641137,15.849523450821119,-26.978383669852935,-25.784472801824254,35.4097303062313,44.0,0.0
t2|0.6|0.1|0.8|0.25|0.6,B,,0,,,157.86185794486465,9.52635631308988,-31.104931282968135,8.810349685366267,10.83242739800069,-33.407968316431926,-31.846401063402052,59.64841593438357,90.5,0.0
t2|0.6|0.1|0.8|0.25|0.6,F,,0,,,646.5070419933803,12.212999311860361,-31.363247698900643,11.414704762428062,13.562560050500819,-35.67346747235016,-33.90760790890426,47.77944235460623,136.0,0.0
t2|0.6|0.1|0.8|0.25|0.7,A,,0,,,226.29013620191418,14.094742264951865,-24.450790792356702,13.558320211330937,15.895391518637084,-26.977676105251525,-25.78376091028397,34.97823084139039,44.0,0.0
t2|0.6|0.1|0.8|0.25|0.7,B,,0,,,174.8065706258375,10.581785238507058,-31.104931282968153,9.961014834510925,11.660627135686127,-32.079287931201904,-31.909455333043883,60.4924175009655,90.0,0.0
t2|0.6|0.1|0.8|0.25|0.7,F,,0,,,687.2517821908582,12.546487689621022,-31.36030850994786,11.708291558058576,13.038135014244387,-35.57874800768286,-33.86727761459677,48.28091315979369,132.5,0.0
t2|0.6|0.1|0.8|0.25|None,A,,0,,,226.29013620191418,14.094742264951865,-24.450790792356702,13.558320211330937,15.895391518637084,-26.977676105251525,-25.78376091028397,34.97823084139039,44.0,0.0
t2|0.6|0.1|0.8|0.25|None,B,,0,,,172.64181464736365,10.452300814236104,-31.104931282968145,9.971362378190186,12.041641897468889,-32.079287931201904,-31.931070640620863,60.61109285267358,89.0,0.0
t2|0.6|0.1|0.8|0.25|None,F,,0,,,698.3018837244813,12.63232506636961,-31.36030850994786,11.768664273209636,13.295285375803967,-35.57874800768286,-33.86727761459677,48.33468475825045,133.0,0.0
t2|0.6|0.1|0.8|0.3|0.4,A,,0,,,236.9720267275942,14.619128591156471,-23.186018761540673,13.296543366017714,16.403586918795625,-26.28739453675578,-25.210091883145097,35.456835203589584,50.0,0.0
t2|0.6|0.1|0.8|0.3|0.4,B,,0,,,153.9586150173894,9.268726802070281,-31.361701995882758,8.24990606765763,10.644450688007183,-35.11034196473186,-32.085808021791586,57.82745218413837,108.0,0.0
t2|0.6|0.1|0.8|0.3|0.4,F,,0,,,667.3629983679425,12.38628405671246,-36.31521946979732,11.397565893422428,13.192935349129295,-40.313715742882884,-39.5761771390893,46.98163984537903,160.0,0.0
t2|0.6|0.1|0.8|0.3|0.6,A,,0,,,245.84306607378153,15.03832513472647,-24.63520953946538,13.76347264722561,16.85116676975754,-26.972140624272324,-25.77815243007717,36.72177578068291,44.0,0.0
t2|0.6|0.1|0.8|0.3|0.6,B,,0,,,159.57678817056873,9.63735626894957,-31.104931282968153,7.742023098823806,10.681305466715735,-33.54812470429774,-32.05633276277023,60.95941365368602,89.5,0.0
t2|0.6|0.1|0.8|0.3|0.6,F,,0,,,681.7065551157784,12.502317303622734,-36.364908820684825,11.311171791888983,13.67450201614524,-40.34835892237617,-38.63250713321831,49.01185634665395,135.0,0.0
t2|0.6|0.1|0.8|0.3|0.7,A,,0,,,247.8692722969928,15.132155748202214,-24.592860476859524,13.883950951325438,16.891828845203598,-26.971433038987747,-25.777440517618512,36.30622783763906,44.0,0.0
t2|0.6|0.1|0.8|0.3|0.7,B,,0,,,174.20920308926756,10.546248104213962,-31.104931282968135,9.894741772766222,11.861149201252053,-32.207763269911446,-32.0043556715167,61.86876461853936,90.0,0.0
t2|0.6|0.1|0.8|0.3|0.7,F,,0,,,728.1991735351439,12.86268375132259,-36.24908089712597,11.953837620794411,13.62853020725856,-40.22282369942036,-38.53811644461631,49.88636622827664,133.0,0.0
t2|0.6|0.1|0.8|0.3|None,A,,0,,,247.8692722969928,15.132155748202214,-24.592860476859524,13.883950951325438,16.891828845203598,-26.971433038987747,-25.777440517618512,36.30622783763906,44.0,0.0
t2|0.6|0.1|0.8|0.3|None,B,,0,,,177.48720446507306,10.74022372542135,-31.104931282968128,9.95172381399919,11.910001150660126,-32.23126958020458,-32.0043556715167,62.060233748328365,89.5,0.0
t2|0.6|0.1|0.8|0.3|None,F,,0,,,729.7702517824631,12.87447702814174,-36.249080897125964,12.053835285018788,13.7141610984906,-40.22282369942036,-38.53811644461631,49.92435020615728,132.0,0.0
t2|0.6|0.1|0.8|0.35|0.4,A,,0,,,218.46196732422217,13.696870580425946,-24.711481268610587,12.491032668682125,15.296403636034055,-28.37502751483608,-27.072065534378954,37.58172261212285,51.0,0.0
t2|0.6|0.1|0.8|0.35|0.4,B,,0,,,153.46044918430314,9.235124050664245,-31.36170199588275,8.08647571511768,11.329401085176242,-32.21436972215109,-31.995748014556806,60.46031611247362,106.0,0.0
t2|0.6|0.1|0.8|0.35|0.4,F,,0,,,609.286149286677,11.889737437953729,-38.730541701591584,10.521931133622502,13.353437079409996,-42.71196110923522,-41.708556213303,49.655273988649775,158.5,0.0
t2|0.6|0.1|0.8|0.35|0.6,A,,0,,,226.77228077134956,14.119304856916969,-25.814582161399922,12.96719523292206,15.816688290391149,-29.182054742736153,-28.730387309311904,39.08069844293909,45.0,0.0
t2|0.6|0.1|0.8|0.35|0.6,B,,0,,,157.4935985478515,9.502189641006787,-31.129451472019294,8.614611064375154,11.021564361954669,-32.0792879312019,-31.836098037806053,63.272424935450246,91.5,0.0
t2|0.6|0.1|0.8|0.35|0.6,F,,0,,,640.9284234085135,12.16630914599024,-39.557052352725954,10.981819314500733,13.566291868729936,-44.12098449072953,-42.697689366704644,51.66052112584627,135.0,0.0
t2|0.6|0.1|0.8|0.35|0.7,A,,0,,,227.8931209188268,14.175209500932285,-25.79633821102925,13.073500397361851,15.842098459571918,-29.050422288001943,-28.91499609293892,38.753826294457454,45.0,0.0
t2|0.6|0.1|0.8|0.35|0.7,B,,0,,,169.7442610428831,10.27659729038387,-31.147053890761466,9.054475438355183,11.440305274503936,-33.321797870127746,-31.836098037806043,64.12058934564237,87.0,0.0
t2|0.6|0.1|0.8|0.35|0.7,F,,0,,,627.54388638838,12.051755040761037,-39.47148561885284,11.247821291233635,13.443385750309837,-43.904389831612974,-42.58530728128419,52.10648421454405,130.5,0.0
t2|0.6|0.1|0.8|0.35|None,A,,0,,,227.8931209188268,14.175209500932285,-25.79633821102925,13.073500397361851,15.842098459571918,-29.050422288001943,-28.91499609293892,38.753826294457454,45.0,0.0
t2|0.6|0.1|0.8|0.35|None,B,,0,,,165.75030165738596,10.029191052731068,-31.15797068822611,8.205440263419113,11.972347365278015,-33.32030162376552,-31.836098037806043,64.12777494421363,86.0,0.0
t2|0.6|0.1|0.8|0.35|None,F,,0,,,650.7193293446043,12.24747765691877,-39.47148561885283,10.726747815560026,13.417519843759413,-43.904389831612974,-42.58530728128418,52.06017709380778,129.5,0.0
t2|0.6|0.1|1.0|0.2|0.4,A,,0,,,181.23261628169848,11.606205457456698,-22.06471799382776,10.901343870147285,13.591395457855945,-26.08181070124722,-24.362072307911262,28.859313963976497,50.0,0.0
t2|0.6|0.1|1.0|0.2|0.4,B,,0,,,152.44249698080728,9.16705594549997,-31.006191340383054,7.843664301940782,10.359304096206964,-31.9893205071491,-31.58472067767992,55.857539273068824,108.0,0.0
t2|0.6|0.1|1.0|0.2|0.4,F,,0,,,497.39575993798087,10.792459770635887,-31.392915611762934,9.74293144968309,11.957479287285025,-32.03853415384356,-31.974411756174476,42.83574970114284,160.0,0.0
t2|0.6|0.1|1.0|0.2|0.6,A,,0,,,191.21912216575802,12.2024780290653,-24.4144553031079,11.755187907165727,14.130404046756222,-26.941894851738446,-25.74753196954138,30.498174302425863,44.0,0.0
t2|0.6|0.1|1.0|0.2|0.6,B,,0,,,159.25611915582886,9.61680092051267,-31.10493128296814,8.609771457355322,10.802054145708128,-32.079287931201904,-31.836098037806043,58.92926422895193,93.5,0.0
t2|0.6|0.1|1.0|0.2|0.6,F,,0,,,540.9514733962935,11.247582233786968,-31.134586596438673,10.493845901344493,12.182566679723015,-31.675947442364617,-31.50722773353084,45.21624380302518,138.0,0.0
t2|0.6|0.1|1.0|0.2|0.7,A,,0,,,192.81408774928488,12.29513535423019,-24.413744566828388,11.845031982279217,14.172460799646569,-26.941187166249815,-25.746819955738893,30.268401044236615,44.0,0.0
t2|0.6|0.1|1.0|0.2|0.7,B,,0,,,169.13878665664507,10.239353624202852,-31.10493128296814,9.450612074341642,12.151673221170025,-32.95729446188247,-32.00435567151671,59.5231665388932,91.5,0.0
t2|0.6|0.1|1.0|0.2|0.7,F,,0,,,565.5644780532872,11.48835214126417,-31.13190776380932,10.929969518829582,12.377460577589918,-31.67441917510717,-31.505675950538723,45.473199742957284,136.5,0.0
t2|0.6|0.1|1.0|0.2|None,A,,0,,,192.81408774928488,12.29513535423019,-24.413744566828388,11.845031982279217,14.172460799646569,-26.941187166249815,-25.746819955738893,30.268401044236615,44.0,0.0
t2|0.6|0.1|1.0|0.2|None,B,,0,,,170.76520581804812,10.33870684141599,-31.104931282968135,9.801781740920983,12.202730310306006,-32.98239265517713,-32.00435567151671,59.80872083290275,91.0,0.0
t2|0.6|0.1|1.0|0.2|None,F,,0,,,565.1269315618808,11.4840551997335,-31.13190776380931,10.867058823159152,12.507422053016052,-31.674419175107182,-31.505675950538723,45.66166931018201,134.5,0.0
t2|0.6|0.1|1.0|0.25|0.4,A,,0,,,187.96659198702122,12.011226071652958,-22.078114102225555,11.41685625750485,13.803779265327215,-26.0951690981711,-24.37570300473681,29.72539318363315,50.0,0.0
t2|0.6|0.1|1.0|0.25|0.4,B,,0,,,154.874703093968,9.329634685927946,-31.057580951195167,7.981742721733018,10.645166748716386,-33.02433281777498,-32.046667715778405,56.49951385539318,109.0,0.0
t2|0.6|0.1|1.0|0.25|0.4,F,,0,,,527.8429457114646,11.113960211215945,-31.393002238176273,10.190713407880356,12.391846047264432,-32.80756397562258,-32.66651689820993,43.54441992080733,160.0,0.0
t2|0.6|0.1|1.0|0.25|0.6,A,,0,,,198.04362436106513,12.593739193210807,-24.427581628416117,12.109852658341962,14.304016703641306,-26.954823011793817,-25.76062029807557,31.256728995114358,44.0,0.0
t2|0.6|0.1|1.0|0.25|0.6,B,,0,,,165.05975824920523,9.986644667657984,-31.104931282968145,9.18438773464545,11.366928654414135,-33.012222925779234,-32.008671403740166,58.963203708006475,93.0,0.0
t2|0.6|0.1|1.0|0.25|0.6,F,,0,,,557.7883620140085,11.413427241125074,-31.167420226779267,10.814012057835535,12.679522761291947,-31.92815762042863,-31.699752189563036,45.746116187508086,137.0,0.0
t2|0.6|0.1|1.0|0.25|0.7,A,,0,,,199.71341738673567,12.687861877391937,-24.42687093531315,12.18284377437571,14.346880846741957,-26.9541153691361,-25.759908327591223,31.030119665204104,44.0,0.0
t2|0.6|0.1|1.0|0.25|0.7,B,,0,,,175.3261913855522,10.61271414296262,-31.10493128296814,10.05037610027344,11.986215507752894,-32.59731360046156,-32.048902282298556,59.56422937016299,92.0,0.0
t2|0.6|0.1|1.0|0.25|0.7,F,,0,,,584.2255031471004,11.660872601667215,-31.164326576919514,11.16439427996265,12.76912950904886,-31.85402243587233,-31.690005661094943,45.698416743492324,134.0,0.0
t2|0.6|0.1|1.0|0.25|None,A,,0,,,199.71341738673567,12.687861877391937,-24.42687093531315,12.18284377437571,14.346880846741957,-26.9541153691361,-25.759908327591223,31.030119665204104,44.0,0.0
t2|0.6|0.1|1.0|0.25|None,B,,0,,,176.61646636359686,10.689037773491094,-31.104931282968135,10.148405828267684,11.879781310581246,-32.62228692440679,-32.04871321967689,60.054319983295,90.0,0.0
t2|0.6|0.1|1.0|0.25|None,F,,0,,,606.2308904453619,11.864222801975588,-31.164326576919514,11.224646538478895,12.796993604726573,-31.85402243587232,-31.690005661094922,45.78954916130891,133.0,0.0
t2|0.6|0.1|1.0|0.3|0.4,A,,0,,,210.65605356796468,13.28667853270511,-22.607842147192237,11.856146549273028,15.133914090980156,-26.092231623635776,-24.372705593518425,30.805321686983866,50.0,0.0
t2|0.6|0.1|1.0|0.3|0.4,B,,0,,,158.81471113268466,9.588298733368529,-31.191880929447397,8.368785917364821,10.596438438960993,-34.05217071281344,-32.17924091089347,57.32658285560683,109.0,0.0
t2|0.6|0.1|1.0|0.3|0.4,F,,0,,,562.9851598326569,11.463646223506274,-33.07407713341079,10.744531119688402,13.05653367675099,-37.93164163904614,-36.2543670694014,44.396571605826765,160.0,0.0
t2|0.6|0.1|1.0|0.3|0.6,A,,0,,,224.39018497847087,13.999662473214968,-24.42469770232846,12.583021727394286,15.656822041043542,-26.951982653949713,-25.757744748348856,31.972260550398868,44.0,0.0
t2|0.6|0.1|1.0|0.3|0.6,B,,0,,,167.66979099560643,10.149039303241047,-31.16894973657515,8.858214332741294,11.39789172834881,-33.83505296945458,-32.09756316313463,60.07469281208802,92.5,0.0
t2|0.6|0.1|1.0|0.3|0.6,F,,0,,,632.9598502232923,12.09829417059549,-32.97168644138936,11.278351544754846,13.185618390718416,-36.73865565281912,-35.05854713461528,46.43267383064402,137.5,0.0
t2|0.6|0.1|1.0|0.3|0.7,A,,0,,,226.60468074068325,14.110925220674076,-24.423986999739355,12.703007564296673,15.694534094377307,-26.951275001881914,-25.757032768347347,31.616600767203145,44.0,0.0
t2|0.6|0.1|1.0|0.3|0.7,B,,0,,,178.35100050475694,10.790851306397286,-31.10493128296814,9.839721531613977,12.399097057000883,-32.85354630343635,-32.0043556715167,60.29113738331133,90.5,0.0
t2|0.6|0.1|1.0|0.3|0.7,F,,0,,,666.389456218604,12.378452568001919,-32.93305604803286,11.36663309934043,13.450068585241414,-36.63790765840431,-34.98989683188811,46.47293369280506,135.0,0.0
t2|0.6|0.1|1.0|0.3|None,A,,0,,,226.60468074068325,14.110925220674076,-24.423986999739355,12.703007564296673,15.694534094377307,-26.951275001881914,-25.757032768347347,31.616600767203145,44.0,0.0
t2|0.6|0.1|1.0|0.3|None,B,,0,,,179.04431421197518,10.831275031619592,-31.104931282968135,10.197933833020805,12.423580643520571,-32.87851291804377,-32.0043556715167,60.47638215261584,90.0,0.0
t2|0.6|0.1|1.0|0.3|None,F,,0,,,669.6204924693361,12.404809778516345,-32.93305604803285,11.428986753084596,13.490585758805453,-36.6379076584043,-34.9898968318881,46.71959877883863,133.5,0.0
t2|0.6|0.1|1.0|0.35|0.4,A,,0,,,200.22295964567522,12.716512651982615,-23.076755577135255,11.428092403966927,14.378420861777247,-26.36133573794893,-25.8618028730493,30.905700696003592,50.0,0.0
t2|0.6|0.1|1.0|0.35|0.4,B,,0,,,154.81659671808757,9.325664813407997,-31.485650344035136,8.072217807502643,11.295435928900337,-34.15059670571118,-32.45400697189339,58.23830231572524,108.5,0.0
t2|0.6|0.1|1.0|0.35|0.4,F,,0,,,607.8988961314731,11.87879905514958,-35.48091173037314,10.430283521997623,13.163849088054299,-40.546551198307014,-38.026240813915734,45.37772726198773,160.5,0.0
t2|0.6|0.1|1.0|0.35|0.6,A,,0,,,212.63745070081617,13.392080629983138,-24.569949086789027,12.182997316900504,14.900629699362531,-26.94877688016728,-25.754499270681762,32.238857524196405,44.0,0.0
t2|0.6|0.1|1.0|0.35|0.6,B,,0,,,166.75815668629468,10.092593821788864,-31.46723797816992,9.04151376542582,11.24624681354896,-33.25996573249089,-32.541875964984776,60.54487583623823,93.0,0.0
t2|0.6|0.1|1.0|0.35|0.6,F,,0,,,612.1754468441965,11.910627335318125,-35.284594586734336,10.651875231960057,13.331549515536564,-39.32952552769192,-38.07076112418441,47.05001109640112,138.5,0.0
t2|0.6|0.1|1.0|0.35|0.7,A,,0,,,214.79536918765706,13.505868878601458,-24.56924039246674,12.303648426866065,14.938922266636121,-26.948069217478775,-25.7537872799388,31.966236184360152,44.0,0.0
t2|0.6|0.1|1.0|0.35|0.7,B,,0,,,177.13603254568665,10.71959082549605,-31.104931282968135,10.038450495738424,12.409202084086772,-32.700010926422685,-32.0043556715167,61.50727004518739,91.0,0.0
t2|0.6|0.1|1.0|0.35|0.7,F,,0,,,645.7112157558552,12.206380546260242,-35.21563276063058,11.241281051034608,13.212665791515732,-39.215304282694,-37.955772219774595,47.377349667081326,135.0,0.0
t2|0.6|0.1|1.0|0.35|None,A,,0,,,214.79536918765706,13.505868878601458,-24.56924039246674,12.303648426866065,14.938922266636121,-26.948069217478775,-25.7537872799388,31.966236184360152,44.0,0.0
t2|0.6|0.1|1.0|0.35|None,B,,0,,,176.14045032849165,10.660952828096715,-31.104931282968135,10.32333025745161,12.451966137329713,-32.724695262512185,-32.09790399127893,61.936351305567264,90.0,0.0
t2|0.6|0.1|1.0|0.35|None,F,,0,,,648.6538365129842,12.231265063701358,-35.21563276063057,11.28566804663175,13.270544933478948,-39.21530428269401,-37.955772219774595,47.59422391464451,134.5,0.0
t2|0.6|0.1|1.5|0.2|0.4,A,,0,,,161.326317939351,10.323787001199502,-22.067511879089974,9.546588124792335,11.979972717683287,-26.08459663493298,-24.364915199201228,27.577440589935176,50.0,0.0
t2|0.6|0.1|1.5|0.2|0.4,B,,0,,,157.2712744731792,9.48742356263711,-30.954880040480575,7.963895691558143,10.705452071057634,-31.9893205071491,-31.58472067767992,55.60365560074151,109.0,0.0
t2|0.6|0.1|1.5|0.2|0.4,F,,0,,,450.47504191517334,10.262918453997793,-31.392441075573803,9.132647920872373,11.393700444720814,-32.03835750588395,-31.974039152685496,42.076041430821576,159.0,0.0
t2|0.6|0.1|1.5|0.2|0.6,A,,0,,,171.30655262942696,10.98353247029319,-24.417183650601835,10.243755736255096,12.885979917326152,-26.944581925499943,-25.750252342700758,29.0238039067224,44.0,0.0
t2|0.6|0.1|1.5|0.2|0.6,B,,0,,,166.1462258023818,10.05457959227931,-31.10493128296814,8.601575410514862,11.135356032935908,-32.5042062079765,-31.836098037806043,58.6165032939361,93.5,0.0
t2|0.6|0.1|1.5|0.2|0.6,F,,0,,,503.354670167859,10.859959873941161,-31.16747271995841,9.861302135827605,11.942744500665798,-31.730840782874115,-31.53607745928948,44.19818643011402,138.0,0.0
t2|0.6|0.1|1.5|0.2|0.7,A,,0,,,173.2590156977679,11.108560404393552,-24.416472923296695,10.355534114002477,12.940380616362479,-26.94387424891358,-25.74954033790181,28.618317443780448,44.0,0.0
t2|0.6|0.1|1.5|0.2|0.7,B,,0,,,177.77220376553092,10.756724191371948,-31.10493128296814,9.84745717335587,12.458097261619452,-32.60756216385954,-32.00435567151671,58.87471546825225,92.0,0.0
t2|0.6|0.1|1.5|0.2|0.7,F,,0,,,517.3305668267792,11.007234319170124,-31.16422038797261,10.177219908081689,11.994121473782629,-31.72881801702381,-31.534349421953767,44.72631596121788,136.5,0.0
t2|0.6|0.1|1.5|0.2|None,A,,0,,,173.2590156977679,11.108560404393552,-24.416472923296695,10.355534114002477,12.940380616362479,-26.94387424891358,-25.74954033790181,28.618317443780448,44.0,0.0
t2|0.6|0.1|1.5|0.2|None,B,,0,,,179.2654153317334,10.84410342766098,-31.104931282968135,10.02308734408132,12.435908621958928,-32.63266268723554,-32.00435567151671,59.31147414366744,91.0,0.0
t2|0.6|0.1|1.5|0.2|None,F,,0,,,521.3581646605821,11.048902514204094,-31.16422038797261,10.2302105221974,12.048322838626332,-31.72881801702381,-31.534349421953767,44.86051562431086,135.0,0.0
t2|0.6|0.1|1.5|0.25|0.4,A,,0,,,158.82630577530693,10.15276938250327,-22.067511879089974,9.478722469079722,11.548352760757737,-26.08459663493298,-24.364915199201228,27.616539995798618,50.0,0.0
t2|0.6|0.1|1.5|0.25|0.4,B,,0,,,152.98471983921462,9.203439155353566,-31.006191340383054,7.795266957828631,10.723230589606583,-32.66223555819424,-31.625441212753653,55.95416357423555,108.5,0.0
t2|0.6|0.1|1.5|0.25|0.4,F,,0,,,446.2474488565963,10.213133831522736,-31.39266095993757,9.120972736815203,11.089385486800156,-32.75218367175232,-32.037856199636664,42.10246865581738,160.5,0.0
t2|0.6|0.1|1.5|0.25|0.6,A,,0,,,169.89009586508894,10.892047158103434,-24.417183650601835,10.207370739096758,12.42444976922397,-26.944581925499943,-25.750252342700758,29.05804580049245,44.0,0.0
t2|0.6|0.1|1.5|0.25|0.6,B,,0,,,165.81235732460803,10.033696375151157,-31.10493128296814,9.011586123880042,11.244144120547956,-32.079287931201904,-31.836098037806043,58.283702463509734,94.0,0.0
t2|0.6|0.1|1.5|0.25|0.6,F,,0,,,499.42543822532537,10.818247959531668,-31.171038704215526,9.726957942716528,11.555009141151347,-31.731883732364352,-31.539912182621325,44.34335725615022,137.5,0.0
t2|0.6|0.1|1.5|0.25|0.7,A,,0,,,171.42786260305576,10.99137246529953,-24.416472923296695,10.319482457210361,12.480901353559283,-26.94387424891358,-25.74954033790181,28.651125417763744,44.0,0.0
t2|0.6|0.1|1.5|0.25|0.7,B,,0,,,176.37799644122444,10.674910342536103,-31.10493128296814,9.871273952466435,12.373286191855225,-32.682436687516706,-32.00435567151671,59.28130657630463,92.0,0.0
t2|0.6|0.1|1.5|0.25|0.7,F,,0,,,508.95454326124934,10.919740922823795,-31.16770330033457,10.176649274980416,11.7849660100461,-31.72984752388276,-31.538137789841137,44.9162744242446,136.5,0.0
t2|0.6|0.1|1.5|0.25|None,A,,0,,,171.42786260305576,10.99137246529953,-24.416472923296695,10.319482457210361,12.480901353559283,-26.94387424891358,-25.74954033790181,28.651125417763744,44.0,0.0
t2|0.6|0.1|1.5|0.25|None,B,,0,,,176.94313820481872,10.708278016541461,-31.104931282968135,10.053053408883324,12.35989510044957,-32.70753535952111,-32.00435567151671,59.78245245307322,91.0,0.0
t2|0.6|0.1|1.5|0.25|None,F,,0,,,517.2560503197202,11.006265610209043,-31.167703300334576,10.020794558626198,11.789135736140805,-31.72984752388277,-31.53813778984116,45.18965516130598,135.5,0.0
t2|0.6|0.1|1.5|0.3|0.4,A,,0,,,187.20211900044887,11.966080838725468,-22.06751187908998,9.671005888815987,13.327795440675494,-26.08459663493298,-24.36491519920122,28.31732095500996,50.0,0.0
t2|0.6|0.1|1.5|0.3|0.4,B,,0,,,156.45892372611198,9.43422670380738,-31.006191340383054,8.135220951364918,10.85155243084398,-33.233055273106636,-31.625441212753653,56.35262674522519,108.5,0.0
t2|0.6|0.1|1.5|0.3|0.4,F,,0,,,521.7188277032975,11.053107387150273,-31.39300798068303,9.68738616495047,11.83823126949473,-33.28157506532463,-32.037858435269285,42.73612678139741,160.0,0.0
t2|0.6|0.1|1.5|0.3|0.6,A,,0,,,199.47810617961167,12.674788519261382,-24.41718365060183,10.527241640674243,14.069125524645395,-26.944581925499943,-25.750252342700758,29.181404004011135,44.0,0.0
t2|0.6|0.1|1.5|0.3|0.6,B,,0,,,164.4469193029107,9.947011329713284,-31.009979293156103,8.75972612984909,11.157677814194711,-32.079287931201904,-31.836098037806043,58.414657754453025,94.0,0.0
t2|0.6|0.1|1.5|0.3|0.6,F,,0,,,573.0228084577533,11.557513988371692,-31.144512298942633,10.251186098591415,12.443295658646875,-31.732693316215688,-31.495770529792484,44.57243474012186,137.5,0.0
t2|0.6|0.1|1.5|0.3|0.7,A,,0,,,201.57221885397402,12.791734117256158,-24.416472923296688,10.666344555540071,14.11862571065019,-26.94387424891358,-25.74954033790181,29.017913210275303,44.0,0.0
t2|0.6|0.1|1.5|0.3|0.7,B,,0,,,176.5236502101724,10.683285371451824,-31.10493128296814,10.121301273655474,12.367946074453158,-32.76480570038095,-32.00435567151671,59.813362288018546,92.0,0.0
t2|0.6|0.1|1.5|0.3|0.7,F,,0,,,611.2938732431588,11.90934147925925,-31.14208192583037,10.565177636998888,12.712148726890362,-31.730646642481208,-31.494492823096575,45.360442543336305,136.5,0.0
t2|0.6|0.1|1.5|0.3|None,A,,0,,,201.57221885397402,12.791734117256158,-24.416472923296688,10.666344555540071,14.11862571065019,-26.94387424891358,-25.74954033790181,29.017913210275303,44.0,0.0
t2|0.6|0.1|1.5|0.3|None,B,,0,,,179.65827773580648,10.866969367384094,-31.104931282968135,10.417972839953546,12.403341368585231,-32.78990144248959,-32.00435567151671,60.28920202240076,91.0,0.0
t2|0.6|0.1|1.5|0.3|None,F,,0,,,613.9762004629931,11.933029543642093,-31.14208192583037,10.718302105181102,12.783518144470035,-31.730646642481208,-31.494492823096575,45.610266829512206,135.0,0.0
t2|0.6|0.1|1.5|0.35|0.4,A,,0,,,181.5524785971501,11.625771166745613,-22.06751187908998,9.610790761866927,12.915515761580435,-26.08459663493298,-24.36491519920122,28.43637427310728,50.0,0.0
t2|0.6|0.1|1.5|0.35|0.4,B,,0,,,156.92944905356714,9.464511747513182,-31.186366684543376,7.871722714227121,11.45342995760743,-34.258308731312056,-31.6514203465241,56.89759651143349,108.0,0.0
t2|0.6|0.1|1.5|0.35|0.4,F,,0,,,572.4571901538893,11.553837648954978,-31.48089502256778,9.82984826272761,12.525206327141264,-33.12549466025349,-32.13934678298406,43.283208501716416,160.5,0.0
t2|0.6|0.1|1.5|0.35|0.6,A,,0,,,193.98183864460736,12.362506848455645,-24.41718365060183,10.488669639879419,13.670917007974964,-26.944581925499943,-25.750252342700758,29.215094618418945,44.0,0.0
t2|0.6|0.1|1.5|0.35|0.6,B,,0,,,162.5160622912995,9.825953118409325,-31.056591282197605,8.521594087379771,12.006201944139073,-32.079287931201904,-31.836098037806043,59.09756442560692,94.0,0.0
t2|0.6|0.1|1.5|0.35|0.6,F,,0,,,554.4504649416469,11.379442028554331,-31.157190974011044,9.418448202287163,12.66889226489555,-33.253545850144036,-31.669919766223444,45.29469526105675,138.5,0.0
t2|0.6|0.1|1.5|0.35|0.7,A,,0,,,196.0759513189697,12.48241674940087,-24.416472923296688,10.628210716186693,13.722008127208346,-26.94387424891358,-25.74954033790181,29.137620375028227,44.0,0.0
t2|0.6|0.1|1.5|0.35|0.7,B,,0,,,181.5694351884173,10.977321423250718,-31.104931282968135,10.307944497807071,12.62472201008864,-32.695846017394516,-32.09304878281156,60.41787751106127,92.0,0.0
t2|0.6|0.1|1.5|0.35|0.7,F,,0,,,590.1067043390938,11.717853931066436,-31.14986954459899,10.4365642880448,12.656681959763139,-32.94021085861062,-31.525398838889107,45.98844317245129,136.0,0.0
t2|0.6|0.1|1.5|0.35|None,A,,0,,,196.0759513189697,12.48241674940087,-24.416472923296688,10.628210716186693,13.722008127208346,-26.94387424891358,-25.74954033790181,29.137620375028227,44.0,0.0
t2|0.6|0.1|1.5|0.35|None,B,,0,,,182.84389260064665,11.04974514282857,-31.104931282968135,10.298836454539728,12.70580528459535,-32.720954745198874,-32.0043556715167,60.74548462212837,91.0,0.0
t2|0.6|0.1|1.5|0.35|None,F,,0,,,592.3807035169214,11.738869447014455,-31.149869544598996,10.45613136679684,12.617382451410814,-32.959612360109894,-31.525398838889117,46.08602144415636,134.0,0.0
