win,idx,reserve,regime,final,cagr,n_trades,max_dd,avg_exposure,avg_idx,avg_total,max_exposure,vol,n_idx_trades,idx_fees,n_tp,n_sl,n_normal,n_adjust,n_panic,cagr_p10,cagr_p90,dd_p10,dd_p90
A,none,1.0,base,1315589.0980202095,0.08110748464840567,58.0,-0.17700939442492403,0.2097619405441023,0.0,0.2097619405441023,0.8946486862875169,0.09414121356805974,0.0,0.0,50.5,8.0,42.0,16.0,0.0,0.07217893967486158,0.08731386301043083,-0.24494147720122056,-0.15361322645917938
A,sh000300,-1.0,buyhold,1815148.1353801233,0.11623529195176352,,-0.7230381814469475,,,,,,,,,,,,,,,,
A,sh000905,-1.0,buyhold,3620867.5199394803,0.19549009067841228,,-0.7241707353077861,,,,,,,,,,,,,,,,
A,sh000852,-1.0,buyhold,4987539.948819904,0.23412937738409423,,-0.7251256020096322,,,,,,,,,,,,,,,,
A,g2000p,-1.0,buyhold,6516192.897778451,0.2673427420238981,,-0.7251256020096322,,,,,,,,,,,,,,,,
B,none,1.0,base,1722407.9733791377,0.10428140439510358,126.0,-0.2848366619213874,0.45311611693008336,0.0,0.45311611693008336,0.8990126362407956,0.13763894120234782,0.0,0.0,83.5,26.0,85.5,40.0,0.0,0.09561789831592578,0.11753888675659134,-0.292699792490523,-0.25418504434149647
B,sh000300,-1.0,buyhold,797275.0210122186,0.027100248390442117,,-0.45602577259234267,,,,,,,,,,,,,,,,
B,sh000905,-1.0,buyhold,673480.284643615,0.010926372468417433,,-0.43126495801494846,,,,,,,,,,,,,,,,
B,sh000852,-1.0,buyhold,469524.71139770787,-0.022801310944255748,,-0.5726443086563051,,,,,,,,,,,,,,,,
B,g2000p,-1.0,buyhold,628430.4308224296,0.004364246054929355,,-0.5223141534486915,,,,,,,,,,,,,,,,
B,sz399006,-1.0,buyhold,852225.2189454067,0.03355984478487484,,-0.5704591188084633,,,,,,,,,,,,,,,,
F,none,1.0,base,3686040.2741897507,0.09198591915800303,183.0,-0.26687761153829825,0.34040536488754614,0.0,0.34040536488754614,0.8975034809093896,0.11925108635986365,0.0,0.0,132.0,34.5,126.0,57.0,0.0,0.08778661567054662,0.09680120480308155,-0.2950736511478169,-0.2527190243222109
F,sh000300,-1.0,buyhold,2937874.1458662436,0.08004336044669147,,-0.7230381814469475,,,,,,,,,,,,,,,,
F,sh000905,-1.0,buyhold,5395228.132311863,0.11233893416392315,,-0.7241707353077861,,,,,,,,,,,,,,,,
F,sh000852,-1.0,buyhold,5339362.782596452,0.11177785325612732,,-0.7251256020096322,,,,,,,,,,,,,,,,
F,g2000p,-1.0,buyhold,9168005.722283049,0.14129774386014504,,-0.7251256020096322,,,,,,,,,,,,,,,,
A,sh000300,0.0,always,2898133.904923382,0.16933461912840087,57.0,-0.7121131052636094,0.20793838585079266,0.7916531174086123,0.9995915032600909,0.894861938237989,0.3055652511725967,113.0,12236.197489673592,49.0,8.0,41.0,16.0,0.0,0.16541799938528237,0.18048076615115158,-0.7121135543992081,-0.7121104887790585
B,sh000300,0.0,always,1828651.9524730318,0.11051645813425093,124.5,-0.3233759781665193,0.4529409753726694,0.5465746138712948,0.9995131094594827,0.8903448168839544,0.20422533396332998,219.5,11732.80611722001,82.0,27.0,84.0,40.0,0.0,0.10380355839408231,0.11872562003697334,-0.3347319088390193,-0.31332278712425216
F,sh000300,0.0,always,11241018.381209072,0.15262534847144626,180.5,-0.7121131052636094,0.33715746187599993,0.6625917337572433,0.9997477814997411,0.8954300829797744,0.257338829068906,330.5,74408.403935966,130.5,34.0,126.0,55.0,0.0,0.1463381835472791,0.15865276640858275,-0.7121135543992081,-0.7121104887790585
A,sh000300,0.1,always,2894929.906306142,0.1692105985902148,57.0,-0.6883016267864003,0.20871791917410332,0.7012378196084206,0.9100251399103207,0.8939476015985957,0.28061201245935075,102.0,11134.996798456146,49.0,8.0,41.0,16.0,0.0,0.1641330588713021,0.17837529692693452,-0.6883018619790799,-0.6882997008189663
B,sh000300,0.1,always,1807923.816935758,0.10932627814709439,124.0,-0.3034028038460388,0.45554550697523566,0.44314846765865323,0.8985966764347391,0.8922424336830019,0.18807699635862857,206.5,11283.813599683912,81.0,27.0,85.0,40.0,0.0,0.10320175782708521,0.12523860021105804,-0.3194741817843991,-0.2769312609431634
F,sh000300,0.1,always,10571994.477025785,0.149206188776568,181.0,-0.6883016267864003,0.33952756871606954,0.5646741710701433,0.904436042384567,0.9007997363568432,0.23691897972555792,305.0,70119.08130986046,131.0,34.5,124.5,56.0,0.0,0.1430494454854978,0.1548665543173404,-0.6883018619790799,-0.6882997008189663
A,sh000300,0.2,always,2840755.552373344,0.16701984804978265,57.0,-0.6619045912737933,0.2095935952449412,0.6128059074574934,0.8221725708611334,0.8946772416893396,0.25662752684536294,89.0,9769.831874649288,49.0,8.0,41.0,16.0,0.0,0.1598112189224128,0.17589412119604858,-0.6619048384817727,-0.6619031450570285
B,sh000300,0.2,always,1825223.7302541633,0.11031895429568139,125.0,-0.29057273230190367,0.45191325104387997,0.35637713685328665,0.8082404147519742,0.8941713414233503,0.17388827576887544,168.5,9559.481649141064,82.5,27.0,85.0,40.5,0.0,0.10555747637584086,0.12645471870652478,-0.30480763525265675,-0.2627695981152071
F,sh000300,0.2,always,9959934.103420468,0.14589035439622966,181.0,-0.6619045912737933,0.33873633766707606,0.47778435044014045,0.8160867578437355,0.8998206656480505,0.2174272167052097,256.0,57706.24588758779,131.0,34.0,124.5,56.5,0.0,0.14315495555776053,0.15206441734544304,-0.6619048384817727,-0.6619031450570285
A,sh000300,0.3,always,2744446.117443102,0.16302856689772127,57.0,-0.6316340327517437,0.2100020997756306,0.5330274945144553,0.7425669955023086,0.8947008868768866,0.23385924010035225,72.0,8022.924597252789,49.0,8.0,41.0,16.0,0.0,0.1563286917073892,0.17237354860755189,-0.631634293901587,-0.6316325016401765
B,sh000300,0.3,always,1830460.8374268315,0.1106108819166779,125.5,-0.2879111145436824,0.45494403228018765,0.2758581232698989,0.7307567975770144,0.8983933331984599,0.1631536887075288,136.5,7601.445689035674,82.5,27.0,84.0,41.0,0.0,0.10429482784925333,0.12884656346982978,-0.2991323460506296,-0.2534789681941876
F,sh000300,0.3,always,9680406.857253402,0.14430905429145713,183.0,-0.6316340327517437,0.3404081993671709,0.39727013109601966,0.7380933750532679,0.8987289038438113,0.20048406508124905,208.5,44577.79863203764,132.0,34.0,126.0,57.0,0.0,0.14062957759613964,0.15178594016618935,-0.631634293901587,-0.6316325016401765
A,sh000300,0.5,always,2429530.5486013703,0.14903207444937006,58.0,-0.5561247276728873,0.20970488498385204,0.3834000569699402,0.5920449806665236,0.8860946458482966,0.19115726617343792,54.0,5257.738577420934,50.5,8.0,42.0,16.0,0.0,0.14182328163983307,0.15773470294183298,-0.5561250243861804,-0.556122980676566
B,sh000300,0.5,always,1859561.3489691457,0.11226874650529883,126.0,-0.28443211050234113,0.4566744011879119,0.14222019180827922,0.5997942820998372,0.8976960702661092,0.14753164244571676,89.0,4197.712895338542,83.0,26.5,85.0,41.0,0.0,0.10495294963106147,0.12590338102536952,-0.29455710845804295,-0.2538069460750228
F,sh000300,0.5,always,8277629.362779714,0.1356558819674646,183.0,-0.5561247276728873,0.3401342162223452,0.25790955082319555,0.597164274495469,0.8968879431518461,0.17010772658317624,140.0,21184.734825026106,132.5,34.0,127.0,57.0,0.0,0.13130713404744077,0.14123577670073445,-0.5561250243861804,-0.556122980676566
A,sh000300,0.0,quiet5,3050810.40631542,0.17531333392550041,57.0,-0.6917089020914611,0.20896904763861546,0.7826401166868627,0.9912375873940822,0.8957150153577235,0.3030956670970376,123.0,16860.911042485724,48.5,8.0,41.0,16.0,0.0,0.17160709153589598,0.18610496129702542,-0.6917092864433727,-0.6917062273015917
B,sh000300,0.0,quiet5,1875589.4032524223,0.11316672541582795,124.0,-0.32575081895546076,0.4530327285828699,0.5326244742580155,0.9857159569381586,0.8913315857898813,0.2024746131138587,212.5,13614.295219716572,81.5,27.0,83.5,40.0,0.0,0.10565241564897745,0.11929679463019387,-0.3382436171935386,-0.31073444281219414
F,sh000300,0.0,quiet5,12008375.142592456,0.15632407762500344,180.5,-0.6917089020914611,0.3380603609860171,0.6504539609480433,0.9884937028813408,0.8958073858654256,0.255200577367972,332.5,94984.84710062001,130.0,34.0,125.0,55.0,0.0,0.14944872521316444,0.16282743990808451,-0.6917092864433727,-0.6917062273015917
A,sh000300,0.1,quiet5,3002104.9714719723,0.17344152392129453,57.0,-0.6716866840876266,0.2088816444922751,0.6969530747691864,0.9059985442878757,0.8913135102108829,0.2790673506018083,106.0,13311.437605885745,49.0,8.0,41.0,16.0,0.0,0.1684894151351627,0.1833450399580626,-0.6716869175325721,-0.6716847565472321
B,sh000300,0.1,quiet5,1844432.066392842,0.11141356051885276,124.5,-0.30501028684574916,0.4531662788523936,0.4397370765954759,0.893274064505807,0.8910651037957132,0.18705320078877213,192.0,11810.098933422236,81.5,27.0,84.5,40.5,0.0,0.10494063227428692,0.12172624123739298,-0.31941848638077613,-0.2757304880680377
F,sh000300,0.1,quiet5,11185606.65285163,0.15235055746775283,181.5,-0.6716866840876266,0.33971341154274026,0.5600670421892363,0.8996792995194798,0.8962832141465528,0.235718387421179,295.0,76414.18167474889,131.0,34.0,125.0,56.0,0.0,0.14791638205174967,0.1576045293629312,-0.6716869175325721,-0.6716847565472321
A,sh000300,0.2,quiet5,2932769.3272297913,0.17072107652459378,57.0,-0.6495102647183802,0.20889561029667864,0.6114384483708557,0.8201381916643592,0.8946772416886282,0.2556588399950658,89.0,10748.77077791249,49.0,8.0,41.0,16.0,0.0,0.16346587632641893,0.17961360932854448,-0.649510510416188,-0.6495088171424609
B,sh000300,0.2,quiet5,1867772.9671370387,0.11272548169191854,125.0,-0.2906716131500201,0.45262918939851865,0.354645574974416,0.8065055509943234,0.8910674804645948,0.1737324081299344,158.0,9465.85371029038,83.0,27.0,85.0,40.0,0.0,0.10647859589700803,0.12704093878950656,-0.3043246027767543,-0.26304202334219645
F,sh000300,0.2,quiet5,10373647.75854414,0.14815321541180337,181.0,-0.6495102647183802,0.3387407542787907,0.47522763708411764,0.8145267873636934,0.8979750268615461,0.21680890650650197,246.0,59158.61210817557,131.0,34.0,124.5,56.5,0.0,0.14531898383659017,0.15428408047146586,-0.649510510416188,-0.6495088171424609
A,sh000300,0.3,quiet5,2794275.302858703,0.16510917906510947,57.0,-0.6239378113012082,0.20959454533762856,0.5320554378189215,0.7411873837790153,0.8947008868765585,0.23321561788932954,72.0,8582.684814960143,49.0,8.0,41.0,16.0,0.0,0.15839731679233524,0.1744708827162448,-0.6239380712021638,-0.6239362790656421
B,sh000300,0.3,quiet5,1843262.7266124804,0.11133890650255196,125.5,-0.2880472363609738,0.4550784963986574,0.27513509282096926,0.7301224128703541,0.8974866515266484,0.16308713091727461,131.5,7602.300466003947,82.5,27.0,84.0,41.0,0.0,0.1050121634287581,0.12975346470378757,-0.29913000686145613,-0.2537493438891617
F,sh000300,0.3,quiet5,9932338.086898338,0.1457353948591975,183.0,-0.6239378113012082,0.3402862989782849,0.39638949324172956,0.7371007659137869,0.8985175047086454,0.20009366108031076,203.5,45798.6862246862,132.0,34.0,126.0,57.0,0.0,0.14201492992576623,0.15318020851166264,-0.6239380712021638,-0.6239362790656421
A,sh000300,0.5,quiet5,2412650.2999967914,0.14823656021649034,58.0,-0.5596295945038827,0.20979084184815228,0.38323376846658325,0.5919646484214034,0.8860946458483367,0.19113519653643923,53.0,5214.870736431183,50.5,8.0,42.0,16.0,0.0,0.1410327585697765,0.15693316251819342,-0.5596298905913459,-0.5596278469443144
B,sh000300,0.5,quiet5,1867368.259405882,0.11270708407504015,126.0,-0.28445718935055664,0.45667829396579956,0.14198474331984662,0.5987194219626819,0.8974848117479637,0.14750405876658537,86.0,4247.006047250826,83.0,26.5,85.0,41.0,0.0,0.10531852366766867,0.12640317768210457,-0.2945839634721561,-0.2538314800928907
F,sh000300,0.5,quiet5,8249691.006671989,0.13546990754708532,183.0,-0.5596295945038827,0.3401781868380168,0.257701618886769,0.5969999473206795,0.8969187188662702,0.17008378901180887,136.0,21064.057690499947,132.5,34.0,127.0,57.0,0.0,0.13111658257600373,0.1410423079437616,-0.5596298905913459,-0.5596278469443144
A,sh000300,0.0,quiet0,3580430.554753269,0.19415541816942106,57.0,-0.6500596309747049,0.20781449391069545,0.6802770223892622,0.8883520429225437,0.8905157139794139,0.2833031282824814,93.0,60904.036449315514,49.0,8.0,41.0,16.0,0.0,0.18987097486402135,0.20555246603422325,-0.650059738001096,-0.6500581753253764
B,sh000300,0.0,quiet0,1632583.1987977866,0.09873206687711722,124.5,-0.3048093689372552,0.45337958118363564,0.38322549895156743,0.835199811997558,0.8903783450209426,0.18550111633273808,155.0,28186.418568653415,82.0,27.0,84.0,40.0,0.0,0.09198033973700241,0.1150545653639312,-0.3160814699874297,-0.2754191952699874
F,sh000300,0.0,quiet0,12423296.811463311,0.15823211658646807,180.5,-0.6500596309747049,0.34068042217315087,0.5225128891093181,0.8625684038609949,0.8937604578980165,0.23734413634852675,246.0,260519.4170782892,130.0,34.0,124.5,55.0,0.0,0.15189697964181276,0.1625216838624884,-0.650059738001096,-0.6500581753253764
A,sh000300,0.1,quiet0,3473906.7532150177,0.19057974592335492,57.0,-0.6343429739327224,0.20630907954475908,0.6118588134140484,0.8187921506842142,0.8960943710386493,0.2626500977092462,70.0,49047.82852484679,49.0,8.0,41.0,16.0,0.0,0.1850607296493682,0.19980942075767527,-0.634343081833177,-0.6343414149699235
B,sh000300,0.1,quiet0,1650271.1827501876,0.09984642114204911,125.0,-0.29610860653954907,0.45789168640957045,0.3176899280533375,0.7746777537734376,0.892932936261912,0.17496857574507552,119.0,23215.544600396686,83.0,27.0,84.5,40.5,0.0,0.09329317603397805,0.11504081960711982,-0.3162808938133491,-0.2691892229105509
F,sh000300,0.1,quiet0,11316408.809072686,0.15300362928500366,181.0,-0.6343429739327224,0.33850669202584416,0.4576081966695112,0.7965268001247923,0.8972498705403271,0.2208976477361676,188.0,201599.8847301057,131.0,34.5,124.5,56.0,0.0,0.14927859023701723,0.15898930090245872,-0.634343081833177,-0.6343414149699235
A,sh000300,0.2,quiet0,3352089.5459164483,0.18636574241289183,57.0,-0.6167767845781241,0.2081714711782334,0.5416989624035383,0.7504711313896124,0.8972820045975481,0.2425318830986945,64.0,38416.82043526472,49.0,8.0,41.0,16.0,0.0,0.1805796141618012,0.19615169421071793,-0.6167768976041851,-0.6167751515484303
B,sh000300,0.2,quiet0,1657493.3855662912,0.10029794103958711,125.0,-0.2862828951718297,0.4575228727029098,0.256584165009359,0.7146076126391584,0.8957566048013664,0.16457612091391194,104.5,18436.70815523435,82.0,27.0,84.0,41.0,0.0,0.09578142316220113,0.1180170336579056,-0.3033621332638279,-0.26085431719596663
F,sh000300,0.2,quiet0,11312319.368552271,0.15298432685300545,182.0,-0.6167767845781241,0.3405342006340715,0.3926217701695714,0.7331477065748417,0.8986768035534105,0.2053896074474993,166.0,153580.45650801357,131.0,34.0,125.0,56.5,0.0,0.14658753656335138,0.15703158385797936,-0.6167768976041851,-0.6167751515484303
A,sh000300,0.3,quiet0,3196506.9557714015,0.1807782582697326,58.0,-0.5967439643488771,0.2084798186411363,0.47658049168310124,0.6848841448370491,0.8920950556628797,0.2232350118242844,56.0,29578.981715572772,50.0,8.0,42.0,16.0,0.0,0.17327167865218043,0.18940734945038604,-0.5967440832244955,-0.5967422467918775
B,sh000300,0.3,quiet0,1711990.1573493916,0.10365124676999271,125.0,-0.28431069848038554,0.4587422221765197,0.20182289308754836,0.659880426744015,0.8984136786151196,0.15618358067763882,88.0,13980.686907991843,82.0,27.0,84.0,41.0,0.0,0.09737681991870765,0.11936389100754118,-0.29471519964476744,-0.2537616448790171
F,sh000300,0.3,quiet0,10429926.214587994,0.1484545092095183,183.0,-0.5967439643488771,0.340108373997309,0.33237956755861425,0.6729827628986028,0.899964613146041,0.19158577394648504,143.5,110581.86802008263,132.0,34.0,126.5,56.5,0.0,0.14416685370319993,0.15360138698648726,-0.5967440832244955,-0.5967422467918775
A,sh000300,0.5,quiet0,2611586.982360565,0.15730879941052456,58.0,-0.547778942319203,0.20907930133518274,0.3497006629231654,0.5579269023321787,0.8847430968248453,0.18626804463836338,45.0,14925.550379969281,50.5,8.0,42.0,16.0,0.0,0.14998918808531223,0.16602649564510658,-0.5477792451739014,-0.5477771509001005
B,sh000300,0.5,quiet0,1733147.9124614464,0.10492116655400818,125.5,-0.28448163289343326,0.4576719850891293,0.10683790294700227,0.563819092664793,0.8986477802939916,0.14450295184497713,60.0,6606.1516301916745,82.5,26.5,85.0,40.0,0.0,0.09821765566859922,0.11980237511444616,-0.29225261709952177,-0.253850024892294
F,sh000300,0.5,quiet0,8321206.315099878,0.13594861822240856,183.0,-0.547778942319203,0.33951804731523305,0.2234920324136434,0.56167880400981,0.8990713262881209,0.16618113319110342,102.5,43896.798777031356,132.0,34.0,126.5,57.0,0.0,0.13244262913139065,0.13989795929635776,-0.5477792451739014,-0.5477771509001005
A,sh000300,0.0,after_panic60,1321975.7878423834,0.08162956332850535,58.0,-0.1811966734098841,0.20878976823597056,0.011512511861686385,0.22062645152131652,0.8956667246495146,0.09962724487074728,11.0,1241.7651179164363,50.0,8.0,42.0,16.0,0.0,0.07479486439675669,0.08855853772398507,-0.24736686445365763,-0.1548431643405696
B,sh000300,0.0,after_panic60,1598637.3991795587,0.09656228321152482,126.0,-0.3140814180800961,0.4544648875576544,0.03317033187522843,0.4871045528642861,0.8994577707156158,0.14302429342661002,38.0,2814.572542223902,82.5,26.0,86.0,39.0,0.0,0.08788959383569303,0.11391532142260784,-0.3305561156727541,-0.29578402683124616
F,sh000300,0.0,after_panic60,3539332.802195493,0.08983730160551129,183.0,-0.30169511345292455,0.3372647412217794,0.022545658802480356,0.3599542308373366,0.8982023829398477,0.12482377961547264,49.0,7476.411354401519,133.0,34.0,128.0,56.0,0.0,0.08569448183127107,0.0942844206235163,-0.33220779927672617,-0.2957825606372326
A,sh000300,0.1,after_panic60,1305301.7914415821,0.08026676469364935,58.0,-0.17980083804568847,0.20958820910060172,0.005823873215027187,0.21538971738052878,0.8941848439496237,0.0972865432655192,11.0,879.0410742223778,50.5,8.0,42.0,16.0,0.0,0.0722988722147592,0.08683370415280493,-0.24478242316120036,-0.1538615863739995
B,sh000300,0.1,after_panic60,1616136.1042771568,0.09768523633977744,125.0,-0.2925566181856626,0.4554571009217282,0.016463401496497915,0.47048543960759404,0.8949211411004483,0.1404134717699835,32.0,1995.6013152187859,82.5,26.0,85.0,39.0,0.0,0.08917905465000893,0.11574125660750474,-0.3077261529764324,-0.27159388764478565
F,sh000300,0.1,after_panic60,3569697.0163711677,0.09028713111493158,183.0,-0.28549695921242313,0.3387650284006317,0.010893923083669235,0.3501328936224906,0.8968440799687591,0.12175749099769796,45.0,5266.4803725645725,132.0,34.0,126.0,56.0,0.0,0.0863849400822835,0.09513205228557084,-0.3099771845899063,-0.2655859770980183
A,sh000300,0.2,after_panic60,1302961.134967842,0.08007358505959528,58.0,-0.1786770536617231,0.21028317417137424,0.001121454393969727,0.2113210802432834,0.8965529094505851,0.09520189463766908,6.5,518.3354057732316,50.5,8.0,42.0,16.0,0.0,0.07186693480389657,0.08641126807584247,-0.24327778235637892,-0.15442494742809057
B,sh000300,0.2,after_panic60,1676877.2752479399,0.10149983450859634,126.0,-0.2856926723999799,0.45475421736812516,0.0060912788099857715,0.4613644739285492,0.8992117471882453,0.13842703487763824,17.5,1098.3809355663466,83.5,26.0,86.0,40.0,0.0,0.09230470075343762,0.11685886512250475,-0.29450543335553203,-0.26065217076693914
F,sh000300,0.2,after_panic60,3591249.208162047,0.09060474013902542,183.0,-0.2724165540010298,0.33909091154601123,0.0034054895021253325,0.34235032733620274,0.8986705048407246,0.12021391106276891,22.5,2780.35715214537,132.5,34.0,126.5,56.5,0.0,0.08669304309347707,0.09532655126721715,-0.2969413500609493,-0.26038652993995043
A,sh000300,0.3,after_panic60,1309758.959137492,0.08063134098146496,58.0,-0.17758138864514234,0.21002756466660255,0.00015445653740033024,0.21040849444741042,0.8953673197125358,0.0942322923072621,3.0,200.38807428434012,50.5,8.0,42.0,16.0,0.0,0.07195110324372764,0.08693525611536837,-0.24501898479303993,-0.15406731585834896
B,sh000300,0.3,after_panic60,1701297.1328937775,0.10300029465052596,126.0,-0.2848366619213874,0.45376682290799153,0.0020497504083999744,0.4562821065305275,0.8985962690682616,0.1378462608362136,6.0,508.7168625469619,83.5,26.0,86.0,40.0,0.0,0.09470047199479233,0.11723173855197272,-0.292699792490523,-0.25418504434149647
F,sh000300,0.3,after_panic60,3687875.3739477107,0.09200887284515302,183.0,-0.2676675172441267,0.33991957732149525,0.0010282690777508533,0.3408070445306159,0.8979540445653579,0.11963779824649896,9.0,1123.9803037477377,132.0,34.5,126.0,57.0,0.0,0.08713909861129868,0.09625714811285038,-0.29507365114781703,-0.2527190243222109
A,sh000300,0.5,after_panic60,1315589.0980202095,0.08110748464840567,58.0,-0.17700939442492403,0.2097619405441023,0.0,0.2097619405441023,0.8946486862875169,0.09414121356805974,0.0,0.0,50.5,8.0,42.0,16.0,0.0,0.07217893967486158,0.08731386301043083,-0.24494147720122056,-0.15361322645917938
B,sh000300,0.5,after_panic60,1722407.9733791377,0.10428140439510358,126.0,-0.2848366619213874,0.45315537157901215,9.873459660350323e-05,0.4532742848746003,0.8990126362407956,0.13767329632777123,1.0,27.17744265874405,83.5,26.0,85.5,40.0,0.0,0.09561789831592578,0.11742251449429039,-0.292699792490523,-0.25418504434149647
F,sh000300,0.5,after_panic60,3683717.9505606918,0.09195243732758596,183.0,-0.26687761153829825,0.34040536488754614,0.0,0.34040536488754614,0.8975034809093896,0.11926379325910173,0.0,0.0,132.0,34.5,126.0,57.0,0.0,0.08778661567054662,0.09673073862607162,-0.2950736511478169,-0.2527190243222109
A,sh000300,0.0,after_panic120,1201658.1472045504,0.07142488843200545,57.0,-0.2119923176057239,0.20711592121341593,0.02797877931822482,0.2352890474510368,0.891174860815795,0.10553770274302149,25.0,1359.750008358063,49.0,8.0,41.0,16.0,0.0,0.06575561397138023,0.07745308920471701,-0.2648992808211288,-0.19728495677829982
B,sh000300,0.0,after_panic120,1517239.0532228244,0.09118371320290741,124.5,-0.31434722363982354,0.45911730795104067,0.05605011332843332,0.5137426414543679,0.8951907135819976,0.14706746563338746,54.5,2996.135939701095,81.5,26.0,84.0,39.0,0.0,0.08277432662585175,0.10805594480583068,-0.33089593244718174,-0.2911929926887616
F,sh000300,0.0,after_panic120,3107203.08506338,0.08298048993243401,180.0,-0.30424543735501414,0.3392449728765465,0.041788542693873325,0.3803304247519203,0.8986895752709139,0.12957683953485033,80.0,7467.9851867496545,130.0,34.0,125.0,56.0,0.0,0.0757605854494631,0.08713885413827431,-0.3325448562833359,-0.2847066080805544
A,sh000300,0.1,after_panic120,1210877.0534831793,0.07223805899343394,57.0,-0.2003893817262014,0.2075864148104986,0.01635519768070476,0.22573064903488455,0.8967930289411872,0.10114977397020335,22.0,998.0761103335049,49.0,8.0,41.0,16.0,0.0,0.06715849701415944,0.07818747842708591,-0.2556823845340129,-0.1843331115110413
B,sh000300,0.1,after_panic120,1574425.296122796,0.09498819125209412,125.0,-0.29258965638048934,0.4566718961100086,0.0317077128509447,0.4866376012091431,0.8922774490824625,0.1419292265583134,49.5,2493.14666818094,82.0,26.0,85.0,39.0,0.0,0.08578434001680069,0.11130393193573439,-0.3078474427521687,-0.2701018300548631
F,sh000300,0.1,after_panic120,3255293.5615030555,0.08542711092488631,182.0,-0.28398911072100724,0.3391386897177479,0.02341059482303378,0.36156953446114104,0.8984825628711435,0.12499577007237661,72.0,6183.218030124281,131.5,34.0,126.0,56.0,0.0,0.0800247508272041,0.08935557877759245,-0.3100972458465341,-0.2639477176336302
A,sh000300,0.2,after_panic120,1253160.071052655,0.0758987805213247,57.0,-0.1904468414182352,0.209431813968273,0.007558735135704408,0.21712228158887736,0.895090323041251,0.0974633565356108,16.5,656.451546438969,49.0,8.0,41.0,16.0,0.0,0.06885512423076265,0.08159273157357558,-0.24618966018921667,-0.17033854860411873
B,sh000300,0.2,after_panic120,1604747.9028904038,0.09695617384719035,125.5,-0.2856926723999799,0.44966491974466816,0.015404100541544181,0.4644705329340457,0.8933751139644297,0.13893204152722816,31.0,1646.7613388277944,83.0,26.0,85.0,40.0,0.0,0.08893230779019848,0.11372760292303995,-0.29450543335553203,-0.2609412939641207
F,sh000300,0.2,after_panic120,3383439.214213328,0.08745726911581608,183.0,-0.2719350385669531,0.3379760551787202,0.010997308429966747,0.3499947569449779,0.8966284457795245,0.12179858818713976,44.0,3894.3165600659913,132.0,34.0,126.0,56.0,0.0,0.08277430026963532,0.09134606654515351,-0.2969413500609494,-0.26125881968149844
A,sh000300,0.3,after_panic120,1290139.2962787342,0.07901085882247572,58.0,-0.18187661845166042,0.21050413113702457,0.002726732809987564,0.21311491128722176,0.8962911608800328,0.09508108255226888,8.0,269.6244098515033,50.5,8.0,42.0,16.0,0.0,0.07155169823916493,0.08440530327349231,-0.2451329082597687,-0.15678917971331197
B,sh000300,0.3,after_panic120,1650400.9645986333,0.09985438659562917,126.0,-0.2848366619213874,0.454690795436116,0.007258948383562329,0.4621647570098405,0.8993816525895613,0.1385616727499322,13.0,917.3178686710128,82.5,26.0,85.0,40.0,0.0,0.08992353850577184,0.11509240023066712,-0.292699792490523,-0.25418504434149647
F,sh000300,0.3,after_panic120,3579309.871880767,0.09042739037541214,183.0,-0.26788809516183065,0.33935508287421856,0.004805411787026,0.3446516394463375,0.8998276149282471,0.12069492883333674,22.5,2158.7844937793157,132.0,34.0,126.0,57.0,0.0,0.08591543389680038,0.09431213935113096,-0.29507365114781703,-0.25271902432221094
A,sh000300,0.5,after_panic120,1315589.0980202095,0.08110748464840567,58.0,-0.17700939442492403,0.2097619405441023,0.0,0.2097619405441023,0.8946486862875169,0.09414121356805974,0.0,0.0,50.5,8.0,42.0,16.0,0.0,0.07217893967486158,0.08731386301043083,-0.24494147720122056,-0.15361322645917938
B,sh000300,0.5,after_panic120,1721818.4785153633,0.10424587549015385,126.0,-0.2848366619213874,0.4532877085754031,0.0006903116861848309,0.45400168121017903,0.8983963445453709,0.1374921770589534,4.0,111.8765570398829,83.5,26.0,86.0,40.0,0.0,0.09555295697587404,0.1177050091728879,-0.292699792490523,-0.25418504434149647
F,sh000300,0.5,after_panic120,3676868.6462077624,0.09185345283709345,183.0,-0.26687761153829825,0.33966720820962637,0.0003143746473120152,0.3401332541875063,0.8975034809093896,0.11931814258377384,4.0,254.50807453449488,132.0,34.5,126.0,57.0,0.0,0.08774179505321925,0.09647447983553022,-0.2950736511478169,-0.2527190243222109
A,sh000300,0.0,after_panic250,1174421.2349148374,0.06898821480328965,57.0,-0.22727789856196146,0.20627671057860988,0.0495124316884577,0.25691997948212686,0.8890386024552206,0.11177215310907232,42.0,1949.9983839316642,49.0,8.0,41.0,16.0,0.0,0.06365803480587126,0.07509120963375551,-0.2761579934080733,-0.20569265174121035
B,sh000300,0.0,after_panic250,1390927.4670133367,0.08229935913868769,123.0,-0.3155231918748284,0.45959720372376534,0.11594364720546943,0.5714014705526491,0.8939365590557187,0.16064859091007483,90.5,4689.236437639762,81.0,26.0,83.5,40.0,0.0,0.07664357268300011,0.09738428980436677,-0.3342706502839501,-0.29140032857568937
F,sh000300,0.0,after_panic250,2775988.9201704646,0.07707928405754083,180.0,-0.3105601028808956,0.33960256725019167,0.08302758171409934,0.42351621596692524,0.8973110612016255,0.1396675585640725,132.0,10983.565551370682,129.5,34.0,124.0,56.0,0.0,0.06991542014270842,0.07958036269527605,-0.3325448562833357,-0.2907287522169156
A,sh000300,0.1,after_panic250,1192063.9952795468,0.07057271185429959,57.0,-0.2063897827527823,0.20821550316476406,0.02794381564554562,0.23857096044586135,0.8973441242681046,0.10424893626648901,37.0,1762.7990148402378,49.0,8.0,41.0,16.0,0.0,0.0656662960490854,0.07654087722609286,-0.25764959793741443,-0.1885074408852631
B,sh000300,0.1,after_panic250,1424762.902862541,0.0847487824151979,125.0,-0.2934799483240652,0.4565330987035858,0.07542078507057629,0.5307442290222142,0.8953767507246995,0.15162878685564074,83.5,4182.527998729258,81.0,27.0,84.5,40.0,0.0,0.07707832413786612,0.09987473991655399,-0.31009401173498446,-0.27092524545665125
F,sh000300,0.1,after_panic250,2908504.4978911784,0.07951669442870102,182.0,-0.29261312257830646,0.3416061390424726,0.0518875790413193,0.3942288445396044,0.898974682614156,0.1313643912185834,122.5,9968.75728730351,130.0,34.0,126.0,56.0,0.0,0.07212070099959722,0.08226949742004905,-0.310097245846534,-0.2702261826141617
A,sh000300,0.2,after_panic250,1240154.8108001905,0.07478651738223718,57.0,-0.19139506480871754,0.2102430888186615,0.013572285268399709,0.2238995688177013,0.8949193256450657,0.09910046581287807,28.5,1284.197282032188,49.0,8.0,41.0,16.0,0.0,0.06677485136398849,0.08042740937196091,-0.24618966018921667,-0.1714968999653874
B,sh000300,0.2,after_panic250,1509203.9458207989,0.09063892529236184,125.5,-0.28569465375552383,0.45853423950978744,0.04569718449889712,0.5009351865849546,0.8965487978805067,0.145522578173388,63.5,3099.265328275591,82.0,27.0,85.0,40.0,0.0,0.0812232377866767,0.10448486235887239,-0.2960622646190302,-0.2622989981184809
F,sh000300,0.2,after_panic250,3095600.9503352116,0.08278468641760006,183.0,-0.280015618280187,0.34011669310720577,0.029723281512631525,0.37108413573817045,0.8966850665474086,0.12548761249496082,91.0,7485.488197440371,131.5,34.5,126.0,56.0,0.0,0.07606390830330327,0.08565296122483519,-0.2969413500609495,-0.2612588196814983
A,sh000300,0.3,after_panic250,1279054.9932469064,0.07808786072858531,58.0,-0.1819126559950099,0.2106325271676352,0.004830601601091876,0.21530476063845078,0.896315621810444,0.09614143725958389,15.0,635.3240301352848,50.5,8.0,42.0,16.0,0.0,0.06970264929625132,0.08362978801850833,-0.2451405923076163,-0.15678917971331197
B,sh000300,0.3,after_panic250,1586579.010581869,0.09578197660205934,125.5,-0.2848366619213874,0.4620383030674228,0.02523585427411249,0.48392679766985125,0.8977359180549767,0.14212331864429456,41.0,1945.1004993866268,82.0,26.0,85.0,40.0,0.0,0.08688296047741713,0.10982727413242156,-0.29490474360631674,-0.2542583622372243
F,sh000300,0.3,after_panic250,3359564.197382815,0.08708812749932793,183.0,-0.2684655484346473,0.3422303498691158,0.016288646597515145,0.3572151777994631,0.900469039326619,0.12279784924183376,60.0,4962.144513122225,132.0,34.0,126.0,56.5,0.0,0.08277545805527542,0.09062790549627367,-0.29507365114781703,-0.25307995451098847
A,sh000300,0.5,after_panic250,1315589.0980202095,0.08110748464840567,58.0,-0.17700939442492403,0.2097619405441023,0.0,0.2097619405441023,0.8946486862875169,0.09414121356805974,0.0,0.0,50.5,8.0,42.0,16.0,0.0,0.07175649817106997,0.08729098084405104,-0.24494147720122056,-0.15361322645917938
B,sh000300,0.5,after_panic250,1709037.939306487,0.10347211946043533,126.0,-0.2848366619213874,0.4535711928701568,0.003110349943715545,0.4562435803870152,0.898495896701798,0.1381812691279078,14.0,372.5947260605406,83.5,26.0,86.0,40.0,0.0,0.09425666504341863,0.11626693789480619,-0.292699792490523,-0.25418504434149647
F,sh000300,0.5,after_panic250,3641132.4611760965,0.09133720801810974,183.0,-0.26687761153829825,0.3399067950619703,0.0012414147566940487,0.34143108659338806,0.897458330971587,0.11964458341852499,13.0,575.362673962208,132.0,34.5,126.0,57.0,0.0,0.08736854417544063,0.0952969683466189,-0.2950736511478169,-0.2527190243222109
A,sh000300,0.0,after_adj60,1264501.1777981087,0.0768643875294559,58.0,-0.2439827559000931,0.20864690212347467,0.039242675887268805,0.24784619362063165,0.8886268933239669,0.12353609755135407,32.0,3041.363707742632,50.0,8.0,42.0,16.0,0.0,0.07013727218143757,0.08341101474623376,-0.25863180780157224,-0.24397862564484923
B,sh000300,0.0,after_adj60,1544848.4297038424,0.09302483650762894,124.0,-0.31436294272302806,0.4556426898656655,0.05323234966992482,0.5088750395355903,0.8944878932826583,0.14919537202578928,79.0,7121.2292985972435,81.0,27.0,84.0,39.5,0.0,0.08560336544311806,0.11125697501639599,-0.3309507199770679,-0.29114881053653136
F,sh000300,0.0,after_adj60,3319135.035884853,0.08645009452723551,181.5,-0.3042178564532756,0.34018958798999904,0.04593797295478359,0.38463139980136507,0.8986263696525147,0.1379869950477955,111.0,17808.19912125216,130.5,34.5,125.0,56.5,0.0,0.07902683541861022,0.08997685807203157,-0.332593487796015,-0.28467889817821923
A,sh000300,0.1,after_adj60,1260139.5878833458,0.07649479699194572,58.0,-0.21721752831777386,0.20939137075706,0.02319622646536756,0.2326740756269161,0.894387405169198,0.11453795093245403,31.0,2360.8098197622867,50.0,8.0,42.0,16.0,0.0,0.06971884315134558,0.08304029149876697,-0.2459715212597819,-0.21721460264455628
B,sh000300,0.1,after_adj60,1599055.4019915224,0.09658942679971727,125.0,-0.2925225832421167,0.4566617922073232,0.026976167340989836,0.48308537134829255,0.8983657032197692,0.14282985906586473,76.0,5748.1020968989,82.0,26.0,85.0,39.0,0.0,0.08670701983356739,0.11228360834304106,-0.3078343106771057,-0.27002310652801825
F,sh000300,0.1,after_adj60,3380578.1057607057,0.08741654354947415,183.0,-0.2839066243188695,0.3399412385324453,0.02473566248213391,0.364062987761551,0.8971676708667465,0.13033786886443705,106.0,14397.24352375339,132.0,34.0,126.0,56.0,0.0,0.08334861733473538,0.0918840743728562,-0.31008561062043877,-0.2638567752372179
A,sh000300,0.2,after_adj60,1273947.7258289906,0.07766063632023057,58.0,-0.19008479249463783,0.21127445550195278,0.012219673753899244,0.2227490019988353,0.8965529094505853,0.10703654519120462,20.5,1520.965312344286,50.5,8.0,42.0,16.0,0.0,0.06938233180234663,0.08421511712406089,-0.2432777823563788,-0.19004252177569558
B,sh000300,0.2,after_adj60,1632389.8724389328,0.0987167719692782,126.0,-0.28534248992451866,0.4554169822165578,0.00955866602104832,0.46512373195851686,0.8992231433791831,0.13906697983311106,41.0,3701.364820952392,83.5,26.0,85.0,40.0,0.0,0.08983922192615104,0.1148367607824343,-0.2941555828984981,-0.260858199874845
F,sh000300,0.2,after_adj60,3487035.473535427,0.08905077747058987,183.0,-0.2717821386594228,0.3397616759290386,0.01020508806087818,0.3498278668170216,0.898736699261751,0.12546055973999215,61.0,9229.696480622722,132.5,34.0,126.0,57.0,0.0,0.08548799469427334,0.09324008110558565,-0.29660044278750086,-0.26024914762316614
A,sh000300,0.3,after_adj60,1289261.0378391044,0.07894045671763406,58.0,-0.17758138864514234,0.2105766632968667,0.006724037178599466,0.21718525128405114,0.8953673197125359,0.10133363370194437,14.5,962.5730263602445,50.5,8.0,42.0,16.0,0.0,0.07057011973523541,0.08556901077733212,-0.24501898479304002,-0.16246221229946634
B,sh000300,0.3,after_adj60,1683660.9682648769,0.10191909129346577,126.0,-0.2846397294704047,0.4539266946740861,0.0036552532622562703,0.4576625457610957,0.8986548861905046,0.13800911446121858,16.0,2208.2331054985284,83.5,26.0,86.0,40.0,0.0,0.09360460755876525,0.11600872641660384,-0.2924914552898688,-0.2539883009326414
F,sh000300,0.3,after_adj60,3602208.0850691707,0.09076359019454161,183.0,-0.26774246149743175,0.3388765223715921,0.004991744139619788,0.3437109859564672,0.8974533508174274,0.12257645945790321,31.5,5682.339365221396,132.0,34.0,126.0,57.0,0.0,0.08570876274285259,0.09512825138640538,-0.29486760762099556,-0.25251700311471814
A,sh000300,0.5,after_adj60,1321128.0290982435,0.08155876776250737,58.0,-0.17700939442492403,0.20971923481568633,0.0007506680041701274,0.21046997770696185,0.8946486862875169,0.09461479423870561,7.0,301.90942131945985,50.5,8.0,42.0,16.0,0.0,0.0725736182288668,0.08776774888205593,-0.24494147720122067,-0.1536132264591796
B,sh000300,0.5,after_adj60,1714409.2098831504,0.10379810569373638,126.0,-0.2848247163018408,0.4531690395135103,0.0003637218728797909,0.45359126643931436,0.899004515770548,0.13770640356320107,6.0,715.1554828298083,83.5,26.0,85.5,40.0,0.0,0.09518169992581138,0.1168264591638401,-0.29268692903250204,-0.25417337301792703
F,sh000300,0.5,after_adj60,3680675.474364085,0.09190887625411504,183.0,-0.2668656511905898,0.3403861672173456,0.000515459910837352,0.34085893479807217,0.8975042266586442,0.11945939370751302,12.0,1806.589034958338,132.0,34.5,126.0,57.0,0.0,0.08780004027405494,0.09673310021432754,-0.2950609117781667,-0.2527070316113497
A,sh000300,0.0,after_adj120,1384631.9952922529,0.08661644732209017,57.0,-0.24398309031679688,0.20785864779071822,0.08769142254825718,0.295642411279866,0.8894911775558607,0.14178545913024182,61.5,4586.237999139115,49.0,8.0,41.0,16.0,0.0,0.08098852125763396,0.09270076287500842,-0.2761603067568132,-0.2439801821855565
B,sh000300,0.0,after_adj120,1423166.7444071628,0.08462964610811619,123.5,-0.31436294272302806,0.46095522857187315,0.0978849481152419,0.5585255171580026,0.8936651674068554,0.15772919853939826,104.5,7751.345238144704,81.0,27.0,83.5,39.0,0.0,0.07703569748966935,0.1012585040516528,-0.3309507199770679,-0.29114881053653136
F,sh000300,0.0,after_adj120,3338249.8806590363,0.08675273300166719,180.0,-0.30421785645327576,0.34078512908615727,0.09237147967988485,0.43320937537192683,0.8951316597804356,0.15057450477811818,165.0,22043.463730227482,128.5,34.0,124.0,55.5,0.0,0.0779147431691134,0.09029788509019523,-0.3325934877960148,-0.284678898178219
A,sh000300,0.1,after_adj120,1377181.008227792,0.08603430564972281,57.0,-0.2172175319694022,0.20865415269333232,0.06022735920635308,0.2715806661635026,0.8973534071445533,0.12909347786432365,54.0,3932.762390519637,49.0,8.0,41.0,16.0,0.0,0.08107563585582678,0.09198468854371344,-0.2576506625379539,-0.21721460264455628
B,sh000300,0.1,after_adj120,1472563.3863071771,0.08810791948322172,125.0,-0.2925225832421167,0.4567959258221745,0.06080715375787524,0.5169128249747537,0.8897793536750012,0.1488499506556008,100.0,6864.451917066466,82.0,26.5,84.5,39.0,0.0,0.0804187326586715,0.10393367546388502,-0.3078343106771057,-0.27002310652801825
F,sh000300,0.1,after_adj120,3437150.343890058,0.08829174366832093,182.0,-0.28390662431886976,0.34192609007128116,0.06133363417755479,0.40136098171200585,0.8990421408068616,0.14054162093979972,155.5,20261.00751047735,131.0,34.0,126.0,55.5,0.0,0.08377206826465804,0.09138117179830112,-0.31008561062043855,-0.26385677523721757
A,sh000300,0.2,after_adj120,1402993.252330848,0.08803935547919006,57.0,-0.19502536892859412,0.21069729099445644,0.039947896105393024,0.25061221143713613,0.8949193256450658,0.11844211543089875,44.0,3030.8253895579523,49.0,8.0,41.0,16.0,0.0,0.0799823867332966,0.09360909511748297,-0.24618966018921673,-0.19004252177569558
B,sh000300,0.2,after_adj120,1548535.3581854529,0.09328318156986726,125.0,-0.28534248992451866,0.45904716489199515,0.03245253262685352,0.4896841050153865,0.8935448668076853,0.14287877852268815,67.5,5131.237994448311,82.0,26.0,85.0,40.0,0.0,0.08581032106180897,0.10862468090691345,-0.2941555828984981,-0.260858199874845
F,sh000300,0.2,after_adj120,3597926.237582893,0.0907060395329875,183.0,-0.27178213865942286,0.34121037987976355,0.035999768944442616,0.37639983063483884,0.8975067470498967,0.1324693523122217,108.0,14453.060126127355,132.0,34.0,126.0,56.0,0.0,0.08719285806980101,0.09383946974861038,-0.29660044278750064,-0.26117305917581435
A,sh000300,0.3,after_adj120,1417651.2326986624,0.08916213386238303,58.0,-0.18191265599500978,0.21092184504985423,0.025504493658262267,0.23598501453015033,0.896315621810444,0.10979654112372521,31.0,2117.753597193402,50.5,8.0,42.0,16.0,0.0,0.08061494793273864,0.09483461759254741,-0.2451405923076163,-0.16246290498008073
B,sh000300,0.3,after_adj120,1608750.6650943682,0.09721333201741345,125.5,-0.2846397294704047,0.46084426516777777,0.018910541490255076,0.4777491879196496,0.8987266715160825,0.14073456122067904,38.0,3393.1832947322337,82.0,26.0,85.0,40.0,0.0,0.0866149893495232,0.11171538208079088,-0.2924914552898688,-0.2539883009326414
F,sh000300,0.3,after_adj120,3785181.2599743633,0.09339168008060372,183.0,-0.2677424614974317,0.3402503698871815,0.021533507462101312,0.3613678276502814,0.900423571640891,0.12744843490354918,73.0,10080.197516475433,132.0,34.0,126.0,56.5,0.0,0.08865625833284196,0.09721235061437754,-0.2948676076209956,-0.2525170031147182
A,sh000300,0.5,after_adj120,1409202.7939529503,0.08851471877188744,58.0,-0.17700939442492408,0.20965837777992735,0.009675981097175084,0.21933432691675495,0.8946486862875169,0.09807030614265727,14.0,993.8608276611862,50.5,8.0,42.0,16.0,0.0,0.07907953677761548,0.09473932479633762,-0.24494147720122056,-0.15361322645917946
B,sh000300,0.5,after_adj120,1709122.3344673084,0.10347642191372186,126.0,-0.2848247163018408,0.4533508218305834,0.0028859285162568774,0.4552903523501635,0.898460106799591,0.13799640878523578,16.0,1050.0852933139963,83.5,26.0,86.0,40.0,0.0,0.09458376461376997,0.11703703679223312,-0.29268692903250204,-0.25417337301792703
F,sh000300,0.5,after_adj120,3894121.2214082703,0.09489646548986641,183.0,-0.26686565119058975,0.33976144105593253,0.0061525135144272465,0.3457182598407937,0.8974583309715871,0.12107918723767486,30.5,3301.16870369144,132.0,34.5,126.0,57.0,0.0,0.0908486919647852,0.09934550459545252,-0.2950609117781667,-0.2527070316113499
A,sh000300,0.0,after_adj250,1778526.5489805166,0.11397701893600787,57.0,-0.25264125185171504,0.2068106889219124,0.1741162765243009,0.38135964864585203,0.8890626800121587,0.16384469818339015,69.0,5901.604600872588,49.0,8.0,41.0,16.0,0.0,0.10860015021166329,0.12089667974565672,-0.27616030675681297,-0.25264125185171493
B,sh000300,0.0,after_adj250,1248443.4394007972,0.071353407628858,122.0,-0.3155443515793295,0.46227799050114654,0.1985907790552882,0.6571620868810539,0.899632207776111,0.16889593044897497,140.5,8227.687559524784,79.5,27.0,83.0,39.5,0.0,0.06222878835705359,0.0870551382228893,-0.3325873412381023,-0.2913616105173806
F,sh000300,0.0,after_adj250,3791313.0378517443,0.09347778643582039,178.5,-0.30988273251322107,0.34152686084145367,0.18336464972508093,0.5248275072491279,0.899900747501553,0.16681637681048325,207.5,29786.79941792372,127.5,35.0,123.0,55.0,0.0,0.08804503156821195,0.09703530828434699,-0.332593487796015,-0.2907179944603203
A,sh000300,0.1,after_adj250,1732014.3068529735,0.11104908438474159,57.0,-0.22847496190597605,0.20860561802835517,0.13590397736277246,0.344630802302773,0.8973534071445531,0.14840267988766315,61.0,5326.500889190442,49.0,8.0,41.0,16.0,0.0,0.1062205393246746,0.11755422461843912,-0.25765066253795393,-0.22847486887002666
B,sh000300,0.1,after_adj250,1326788.2405097203,0.07750200162645227,124.0,-0.2997014024563491,0.45822667135640327,0.13946215776106893,0.5987459280608954,0.8983314109204548,0.1579175724038719,132.0,7652.889948863372,81.5,26.0,84.0,39.5,0.0,0.07143960744638048,0.09169063606401534,-0.3184851625221199,-0.27084006988413434
F,sh000300,0.1,after_adj250,3883439.827431038,0.09475113803551583,180.5,-0.2926724708894375,0.3418521543644132,0.13668896473259212,0.4776862397201762,0.9007500617454657,0.15357325718862327,194.0,26963.535779493606,130.5,34.0,125.0,55.5,0.0,0.08931291549239855,0.09849636725199373,-0.31355466644085306,-0.2715736857121089
A,sh000300,0.2,after_adj250,1732010.6647755925,0.11104880438166964,57.0,-0.20240332157337426,0.2104184348687393,0.1035678006559797,0.31300589917035615,0.8949193256450659,0.13442610980653263,53.0,4321.410125103517,49.0,8.0,41.0,16.0,0.0,0.10276892455843378,0.11738999351665218,-0.24618966018921673,-0.2024033214950111
B,sh000300,0.2,after_adj250,1409826.2835245668,0.08367457671279765,124.5,-0.2865107631549961,0.45820447947259696,0.09212705533100662,0.5504848450483273,0.8988504224460159,0.14967913853822154,97.5,6051.047879746164,82.0,27.0,84.0,40.5,0.0,0.07382546817682707,0.09809377216371949,-0.30335770126443623,-0.26301073197394365
F,sh000300,0.2,after_adj250,4065738.9096415835,0.0971881828752067,182.5,-0.2822226935120728,0.34107930149709065,0.09674473655594173,0.4383407087745098,0.8986534810576445,0.14279414768277846,149.5,21381.332431427098,132.0,34.0,126.0,56.0,0.0,0.09214852688546485,0.10079385382937325,-0.2986910364926513,-0.26117305917581457
A,sh000300,0.3,after_adj250,1704031.830868584,0.10925280367127821,58.0,-0.1830008246774234,0.2106310997997521,0.07757838446887766,0.2871624788523852,0.8963156218104441,0.12242148459558974,41.0,3315.0595546192617,50.5,8.0,42.0,16.0,0.0,0.10139005181624068,0.11528765214742878,-0.24514059230761648,-0.17717901169015685
B,sh000300,0.3,after_adj250,1480019.2484807274,0.0886391737023009,125.0,-0.2846397294704047,0.4539949980061663,0.060455327439566706,0.5146182549411749,0.8991404896419485,0.14403168330566807,69.5,4412.172618057522,81.5,27.0,84.5,40.5,0.0,0.07900220010765666,0.10280862999792266,-0.29469783905207325,-0.2540615487714131
F,sh000300,0.3,after_adj250,4274512.102293383,0.09985467865727549,182.5,-0.26839496666691265,0.33983350437926596,0.06753573038068392,0.4074003202157588,0.8990011862339593,0.13516506728314684,112.0,15530.793813327498,131.0,34.0,125.0,56.0,0.0,0.0933940920290354,0.10282859221704363,-0.29486760762099556,-0.25288108561593703
A,sh000300,0.5,after_adj250,1608199.7526763198,0.1028927152343383,58.0,-0.17700939442492392,0.20949222325993333,0.041202429118044656,0.25109598397633404,0.8946486862875169,0.10485963320230585,23.0,1825.777581662456,50.5,8.0,42.0,16.0,0.0,0.09376130324989815,0.10946333093217109,-0.24494147720122056,-0.15361322645917955
B,sh000300,0.5,after_adj250,1637800.2523908666,0.09906007655179017,126.0,-0.2848247163018408,0.4543348028930555,0.010707527691224013,0.4644328294315142,0.8984770065634382,0.13862222977911295,31.0,1484.5420262036978,83.5,26.0,86.0,40.0,0.0,0.0920333590241494,0.11306719597869092,-0.29268692903250204,-0.25417337301792703
F,sh000300,0.5,after_adj250,4412015.945409564,0.10154289430638042,183.0,-0.26686565119059,0.3400265373481577,0.02557638367948007,0.36375515250001655,0.8975933497544862,0.12436244364519464,53.0,5607.090664459326,132.0,34.5,126.0,57.0,0.0,0.09660004689951796,0.1048947355674111,-0.2950609117781669,-0.25270703161134983
A,sh000300,0.0,ma60,9761659.85363108,0.3192590982996313,57.0,-0.41722611951531335,0.2062610598624705,0.4528961660470993,0.6603935250794829,0.8925986580228253,0.21555495334577146,154.0,384680.76993618876,49.0,8.0,41.0,16.0,0.0,0.3131957854538927,0.3298780091461669,-0.450131329299471,-0.38769656383357926
B,sh000300,0.0,ma60,1596204.690370419,0.0964049838361628,126.0,-0.2887561006784278,0.45993010366737686,0.3183942331578058,0.7786524315598728,0.8981756346380749,0.1722531002235822,234.0,85670.99883363779,82.5,27.0,85.0,40.5,0.0,0.09101415983177644,0.11563302384427156,-0.2975436750645999,-0.2583699541473473
F,sh000300,0.0,ma60,26984124.580694765,0.20261050653509538,182.0,-0.41722611951531335,0.3414963603733567,0.3835365029529118,0.7248138122055588,0.8992539159026443,0.19510876753993053,387.0,1780026.7547247857,131.5,34.0,125.0,56.5,0.0,0.1962193287772108,0.2078424041912444,-0.450131329299471,-0.38769656383357926
A,sh000300,0.1,ma60,8360083.82862203,0.29910272543552885,57.5,-0.3730646739403297,0.20674343935347234,0.4028096045225471,0.6105773770870485,0.8968690381859716,0.20010865606441303,149.0,289515.34949158377,49.0,8.0,41.0,16.0,0.0,0.28994840380448805,0.30916986693087706,-0.4132347595788514,-0.35436942246071707
B,sh000300,0.1,ma60,1599969.8234020602,0.09664861849869888,125.5,-0.28458378079836033,0.4601396646834002,0.2658302215464525,0.7250370847914448,0.8976884210942092,0.16384797624509584,229.5,71568.6687760943,82.5,27.0,84.5,41.0,0.0,0.08899066783872914,0.11374521080822687,-0.29299606054029964,-0.25438116513072717
F,sh000300,0.1,ma60,23025181.490630917,0.19339696522466765,182.5,-0.3730646739403297,0.34217755505387976,0.3317952569011369,0.6733517616355773,0.8996039160199489,0.1827708709231398,378.0,1277142.325711331,131.5,34.0,125.0,57.0,0.0,0.18792589985523173,0.19927430700414706,-0.4132347595788514,-0.35436942246071707
A,sh000300,0.2,ma60,7163711.282391093,0.27932296968637804,57.0,-0.3344711264831893,0.20925962484653393,0.3547605589018462,0.5637733539496002,0.8974440034344007,0.18491135891422905,132.5,213095.86404763983,49.0,8.0,41.0,16.0,0.0,0.2729157251001935,0.2890697254439344,-0.3836326975668095,-0.32225880267764995
B,sh000300,0.2,ma60,1638207.0607069845,0.09908669621147348,125.5,-0.2843226482722282,0.45895194709260967,0.21723346614298267,0.6750992476687296,0.8989488559820779,0.15639884311739907,201.5,59186.0985398003,83.0,26.5,84.5,41.0,0.0,0.09279059623987466,0.11523501921367697,-0.29211355483901175,-0.2537813921232943
F,sh000300,0.2,ma60,19768160.33044307,0.18460597837654413,182.5,-0.3344711264831893,0.3407700723326832,0.28305551286111513,0.6248224641279865,0.897888973583276,0.1712367944667001,331.0,911235.1172178234,131.5,34.0,126.0,57.0,0.0,0.1791087720683973,0.19130588151571554,-0.3836326975668095,-0.32225880267764995
A,sh000300,0.3,ma60,6071286.860625889,0.25847100801637946,58.0,-0.2992394983687307,0.20809602648518444,0.31044722319236706,0.5173395012580486,0.8908015213131895,0.1700144074170091,120.5,154325.0375505065,50.0,8.0,42.0,16.0,0.0,0.2510569600702096,0.26731340863641173,-0.3532388736517807,-0.29086785554949535
B,sh000300,0.3,ma60,1686078.8064988274,0.10205772381868083,126.0,-0.2843683485228355,0.4580252620229313,0.17214765874874227,0.629568546387725,0.8990570183503208,0.1508514193122686,186.5,47047.83726895004,83.0,26.5,85.5,41.0,0.0,0.09449374305040936,0.11743702264659489,-0.29216656099387966,-0.25374982736929447
F,sh000300,0.3,ma60,17111897.881192215,0.17634975157167299,183.0,-0.3006886292292053,0.34139313233477125,0.2391098210962149,0.579381603051143,0.8964948817266011,0.16085385449351608,302.0,621708.8625389489,132.0,34.0,126.0,57.0,0.0,0.1710973318984658,0.18116316747662836,-0.3532388736517807,-0.29089000806201815
A,sh000300,0.5,ma60,4078201.4428257514,0.20969740425592587,58.0,-0.23180962307143815,0.20981114228150644,0.22201681185553362,0.42926919417930465,0.8884711816274248,0.14159473337763254,98.0,72104.80104982844,50.5,8.0,42.0,16.0,0.0,0.20137658958347943,0.21884187825599238,-0.29154458543846534,-0.22496271243706456
B,sh000300,0.5,ma60,1724320.9200477046,0.10439586947905688,126.0,-0.2844724945856008,0.4557074380014592,0.0930913718393862,0.5522149179175253,0.898544100327396,0.14277471904399053,139.5,24349.76840774535,82.5,26.5,85.5,40.0,0.0,0.09681703618005169,0.11875065875484882,-0.292286878481236,-0.2538450803731425
F,sh000300,0.5,ma60,11754905.912354786,0.15513102235270138,183.0,-0.28781623562004394,0.3407442522522776,0.15605378150755098,0.49625900086013075,0.8997613765947925,0.14264048060558376,237.5,223288.8880153179,132.5,34.0,126.0,57.0,0.0,0.15000965536640654,0.16024168602848401,-0.2946636589526747,-0.25312024653077186
A,sh000300,0.0,ma120,10216021.401713807,0.3252343276955246,57.0,-0.3189952029736958,0.20765993685146122,0.45838252985202343,0.6656960594347251,0.8911560431915989,0.223333063743345,101.0,213134.371093768,49.0,8.0,41.0,16.0,0.0,0.31866044485912814,0.3364359365419783,-0.37331453416628907,-0.308410647024693
B,sh000300,0.0,ma120,2077043.4839362805,0.12390104571107241,125.0,-0.2853312471516552,0.4594609140679259,0.33669232069530675,0.7960656492167099,0.8985231492775363,0.1735962053476549,196.0,68529.33909468123,81.5,27.0,84.0,41.5,0.0,0.11726815227690887,0.14268825875601077,-0.2967387357990063,-0.25447300764044756
F,sh000300,0.0,ma120,36059895.50566987,0.21962690629305026,182.0,-0.32568436910269777,0.3394709895242037,0.39698196738345914,0.7352301414122309,0.8999687330482805,0.1999511146162674,296.0,1381434.6403042842,131.0,34.0,124.5,57.0,0.0,0.21456994722750986,0.2252948462755342,-0.37331453416628907,-0.308410647024693
A,sh000300,0.1,ma120,8990059.80431377,0.3085116168168135,57.0,-0.301133216182283,0.20910387380801065,0.4121299662702658,0.6219020798875465,0.8947857957360579,0.20882823694278196,96.0,164731.87422943214,49.0,8.0,41.0,16.0,0.0,0.3024893071886178,0.3200189506871263,-0.34732842794699365,-0.3007459173708885
B,sh000300,0.1,ma120,2073220.1655392917,0.12370636671204294,126.0,-0.28432145742659154,0.4628474844781932,0.28084881473169676,0.7403001536847893,0.8979528286083356,0.16468337892622456,190.0,55243.26387846402,83.5,27.0,84.5,41.0,0.0,0.11664174482510783,0.14176168432615865,-0.294914811160592,-0.25367828917834606
F,sh000300,0.1,ma120,31670213.285943136,0.21198176699255822,183.0,-0.30382577468024635,0.3408778242268435,0.34558065042022035,0.685552147159461,0.8988785000726269,0.18795835130202287,284.0,989946.4470764187,132.0,34.0,126.0,57.0,0.0,0.20697338773209417,0.21759900336864815,-0.34732842794699365,-0.3007459173708885
A,sh000300,0.2,ma120,8023076.857397625,0.2938034268368145,58.0,-0.29244361525540136,0.20806286133238616,0.3685385055336137,0.577265819312502,0.8912271975754186,0.19445841307582323,90.0,125001.61610936059,50.0,8.0,42.0,16.0,0.0,0.2864873446076259,0.30384590814243856,-0.31840725846951357,-0.29244146436496715
B,sh000300,0.2,ma120,2060555.348119635,0.123057719459987,126.0,-0.28393681071314997,0.45761443935750934,0.23096954704429862,0.688330724929042,0.8988851606742976,0.15769493890969688,158.0,43328.87183908824,83.0,27.0,84.5,41.0,0.0,0.11416557799323909,0.13820940976285778,-0.2940106996026867,-0.25339876935277494
F,sh000300,0.2,ma120,27482383.673964642,0.20367783608237466,183.5,-0.2931186842441185,0.3403628994493839,0.2980514732406843,0.6366370695335712,0.8966968491540598,0.17673698107010588,246.0,679268.0032563803,132.5,34.5,126.5,57.0,0.0,0.19975159316669217,0.20993178416925973,-0.31840725846951357,-0.29244146436496715
A,sh000300,0.3,ma120,6977093.72538724,0.2759748320965396,58.0,-0.2832871967826252,0.20962793635043447,0.3270377476040989,0.5351291299989788,0.8965527068153805,0.18066968552433288,77.0,91139.38706780717,50.5,8.0,42.0,16.0,0.0,0.26518310276041845,0.2853554332472462,-0.29333341646498373,-0.2832841440275643
B,sh000300,0.3,ma120,2022144.2678725137,0.1210706136756845,126.0,-0.28416742130278216,0.45659915405882007,0.18359072512733404,0.639278690343199,0.896983394796873,0.15162766667756322,145.0,32897.03318096358,83.0,27.0,85.0,41.0,0.0,0.11221173068686077,0.13650532612594124,-0.29427173717214494,-0.25362578813825504
F,sh000300,0.3,ma120,23365803.1334859,0.1942456601643956,184.0,-0.28744166935531823,0.34011185969390584,0.2537646760969801,0.5923950253887902,0.8989602061360369,0.16678233678987442,221.0,457066.7401816615,133.0,34.5,127.0,57.0,0.0,0.19074358624305082,0.20060658131136055,-0.2968742289883429,-0.28328415718911826
A,sh000300,0.5,ma120,4887669.952659233,0.23165093839819695,58.0,-0.2609629126709319,0.209103512635567,0.24552695071227776,0.45340488031467713,0.8946486862875169,0.15365361100557268,60.0,47265.18854664365,50.5,8.0,42.0,16.0,0.0,0.22116818892570309,0.24061453653768355,-0.26096340699457,-0.2609599885585857
B,sh000300,0.5,ma120,1919786.491433563,0.11560673767817031,126.0,-0.2844648237411558,0.4564275001322662,0.09885597914359617,0.5586157732737972,0.8988902840296811,0.14293728624137947,95.5,14058.778377858544,83.0,26.5,85.0,41.0,0.0,0.10704065831188428,0.12909177092433616,-0.29221395961185487,-0.2538402193976199
F,sh000300,0.5,ma120,15578732.293603422,0.17100933803240537,183.0,-0.26651497664128954,0.34062185113400956,0.17090850601242763,0.5103953827625801,0.8978982702655247,0.14869955987954458,160.0,158996.51348948362,133.0,34.5,126.0,57.0,0.0,0.16676455700710566,0.1767016582450981,-0.2945914712713687,-0.26096099139947415
A,sh000300,0.0,ma200,8593528.513887363,0.30266082159834096,57.0,-0.3441846562856731,0.20771973022392715,0.468269786869,0.676743037835767,0.8953021257238816,0.2320902975079334,81.5,170358.29920098107,49.0,8.0,41.0,16.0,0.0,0.29694662586406195,0.31437498528743213,-0.39061298668089334,-0.34301258452530037
B,sh000300,0.0,ma200,1952306.464264331,0.11737238235889269,125.0,-0.28817576542904544,0.46190779135445986,0.35083876241898926,0.8104973043625491,0.8969055720680019,0.17790392942822042,182.5,52048.480757300975,83.0,27.0,84.0,41.0,0.0,0.10853513382115572,0.132868187248118,-0.30111790587531223,-0.2543565695166971
F,sh000300,0.0,ma200,28074221.563559342,0.20492164463916673,182.5,-0.3540897949106127,0.3390623500627696,0.409520548098949,0.748716215029938,0.8987727135071732,0.20646317404901732,264.0,924498.3533131643,132.0,34.0,125.5,57.0,0.0,0.1999886062195276,0.210105864530655,-0.39061298668089334,-0.34301258452530037
A,sh000300,0.1,ma200,7819354.6429406945,0.2905028051878905,57.5,-0.3341721046968222,0.20876475243514997,0.42590448543561865,0.6350366038741988,0.8924520979963428,0.21677649519447922,76.0,133143.20212388237,49.0,8.0,41.5,16.0,0.0,0.28411802956831345,0.30068695901650266,-0.36472007080106583,-0.3341700806562202
B,sh000300,0.1,ma200,1953773.9301101412,0.11745150918118608,126.0,-0.28416194558794355,0.4629493163195138,0.2941451010778591,0.752324815350367,0.8967436892906919,0.16813845710012804,177.0,41718.323820973805,84.0,27.0,84.0,41.0,0.0,0.108066555181155,0.13285929594787976,-0.2958011191252162,-0.253509665288025
F,sh000300,0.1,ma200,25415129.099776007,0.19912371492828185,183.0,-0.3341721469191342,0.3399886461863681,0.35849833542878395,0.6988582525815182,0.8968387471152595,0.19361826845396318,251.5,672476.9008368681,132.0,34.0,126.5,57.0,0.0,0.1943573493125611,0.20452880636977086,-0.36472007080106583,-0.3341700806562202
A,sh000300,0.2,ma200,7057882.706926643,0.277435624525344,58.0,-0.3245768967618926,0.20778492956722117,0.38406187109019807,0.5922055860529946,0.8889603911452967,0.20202570419340124,72.5,102882.07760449938,50.0,8.0,42.0,16.0,0.0,0.26744877835587855,0.28680937978189674,-0.33727255741024104,-0.3245739394367636
B,sh000300,0.2,ma200,1952544.6491718946,0.11738534302803649,126.0,-0.28376151373976194,0.4577293551910288,0.24108719697611503,0.698077934467985,0.8957120716409468,0.15991074094537444,147.0,31759.23976489593,83.0,27.0,84.5,41.0,0.0,0.10836454875611459,0.13222526943226426,-0.2938732755884809,-0.2532243354349323
F,sh000300,0.2,ma200,22706219.752262075,0.192590380821833,184.0,-0.3245768967618926,0.3404319398725282,0.3106582841206352,0.6498223457556715,0.8960869211891191,0.18197240504142603,218.5,466799.63953720493,133.0,34.5,127.0,57.0,0.0,0.1887388068420668,0.19879378019330463,-0.33727255741024104,-0.3245739394367636
A,sh000300,0.3,ma200,6266686.613994632,0.262437153746058,58.0,-0.313983986247095,0.2096062865461371,0.34402049699682713,0.5523508607855787,0.8963959269628827,0.18797583548842878,58.5,76562.64483406625,50.5,8.0,42.0,16.0,0.0,0.2510647614637843,0.2711947338573727,-0.31398444510624757,-0.31398127192066955
B,sh000300,0.3,ma200,1920437.327157773,0.11564390850434392,126.0,-0.2840447055339394,0.45696208793567217,0.1907522900618247,0.6481560404069924,0.8959251092354461,0.15345463090550476,131.0,23534.680405063016,83.0,27.0,85.0,41.0,0.0,0.10695081903694101,0.1311664898822921,-0.29418306169046865,-0.2535032258345401
F,sh000300,0.3,ma200,19849567.48225543,0.18484169268846407,184.0,-0.313983986247095,0.3400462910412927,0.2650433460704298,0.6037898361998262,0.8990114911449556,0.17151463281509705,190.5,315128.82113473135,133.0,34.5,127.0,57.0,0.0,0.18142921760560887,0.19136671076309592,-0.31398444510624757,-0.31398127192066955
A,sh000300,0.5,ma200,4559897.982955312,0.22318757542452106,58.0,-0.28812496434522666,0.20915774580129637,0.2614287940602056,0.46938116272346525,0.894648686287517,0.16006898421618854,47.5,40333.77189213013,50.5,8.0,42.0,16.0,0.0,0.21293043389723748,0.23168666088863418,-0.28812544050083966,-0.28812214770365835
B,sh000300,0.5,ma200,1853443.7742523886,0.11192298472927642,126.0,-0.2844302086418774,0.4566826926529099,0.10080412746060852,0.5598395060779597,0.8993815163045265,0.14354418687335585,87.0,10886.697139124783,83.0,26.5,85.0,41.0,0.0,0.10337151193909311,0.12507061524018895,-0.29220334041724716,-0.2538048556379946
F,sh000300,0.5,ma200,13997066.281699173,0.16494797566674535,183.0,-0.2881253097737366,0.3407376182942217,0.17942658929887045,0.5189254211103069,0.8984662203195676,0.15222216552836942,137.0,122616.22908644105,133.0,34.5,126.0,57.0,0.0,0.16083716830159606,0.17048413070574994,-0.29458099913861724,-0.28812216077636865
A,sh000300,0.0,ma250,7007770.098133193,0.276531621546502,58.0,-0.35494030171455543,0.2067661667221915,0.4847476666106652,0.6927828888675824,0.8914581476593975,0.2350722071587931,70.0,121806.18455851471,50.0,8.0,42.0,16.0,0.0,0.26667916921804463,0.284390896891713,-0.4038876824809451,-0.34926395568562524
B,sh000300,0.0,ma250,2091905.4175134916,0.12464788638178859,125.5,-0.2930804648905918,0.4590806638893989,0.3489171900266138,0.8056825018029501,0.8951902451411075,0.17760565716852184,158.0,32185.959850963336,83.0,27.0,84.5,41.0,0.0,0.11720231233085092,0.14110775962377464,-0.305999740684218,-0.26355000556189595
F,sh000300,0.0,ma250,24196517.15579242,0.1962707603775522,183.0,-0.3844785974070817,0.3394501817779906,0.41595653728536663,0.7550713070955803,0.8975312014108967,0.2081169700590568,227.5,493640.88528873364,132.0,34.5,125.0,57.0,0.0,0.1921869726353978,0.2028828802075766,-0.4038876824809451,-0.3538033583429516
A,sh000300,0.1,ma250,6417065.473529862,0.26541419091673124,58.0,-0.3298768049261566,0.20878184984069043,0.44065288332435315,0.6497398237495288,0.8926504080886147,0.2197960145794538,65.0,97441.2924054362,50.0,8.0,42.0,16.0,0.0,0.25722545794819757,0.27549389782150224,-0.38072114172462995,-0.3239821601168068
B,sh000300,0.1,ma250,2073909.888566441,0.12373825819484474,125.5,-0.2861127778916952,0.45738964273580607,0.293274869704925,0.7496325364310451,0.8934116533943993,0.1682519601008668,154.5,25470.501586916977,82.5,27.0,84.5,41.0,0.0,0.11699315674100486,0.1401812117663054,-0.2981169262408546,-0.25923289551978357
F,sh000300,0.1,ma250,22066639.03216822,0.1909398675999373,183.0,-0.35648493744289433,0.3402459409575927,0.364320532465437,0.7046443435295535,0.8968561697889599,0.19530833756398547,219.0,361972.9428509893,132.0,34.0,126.0,57.0,0.0,0.1865900031220469,0.1977085702489593,-0.38072114172462995,-0.32562511801212085
A,sh000300,0.2,ma250,5864287.402420582,0.2541417616224336,58.0,-0.30811856564390516,0.20799359030809458,0.39664919157654493,0.6051174506156025,0.894810705025153,0.2050520952544655,62.0,76154.86930767486,50.0,8.0,42.0,16.0,0.0,0.2438243806242113,0.26364311192575957,-0.35525018852611306,-0.3081164185289384
B,sh000300,0.2,ma250,2059622.8213152518,0.12301081699682848,126.0,-0.283489680559119,0.4566944065114428,0.23938394704187266,0.696256369542662,0.8962730990255201,0.1599050479383728,128.0,18870.346413994565,83.0,27.0,84.5,41.0,0.0,0.11258177635009523,0.13846249873804112,-0.29359233216021285,-0.25549833938274985
F,sh000300,0.2,ma250,19889794.64222966,0.18495783461282156,184.0,-0.3308577442098107,0.33944119567466846,0.3155743219368341,0.6546833259500484,0.897713767484309,0.1833681402018026,187.5,254859.6570197019,133.0,34.5,127.0,57.0,0.0,0.18149862786629567,0.19208104467452364,-0.35525018852611306,-0.3081164185289384
A,sh000300,0.3,ma250,5271167.772411717,0.24092838761072755,58.0,-0.30181000372494593,0.20942813267674565,0.3543756359169081,0.5628863461657001,0.8947361797850816,0.19063300881769218,51.5,56436.62436083327,50.5,8.0,42.0,16.0,0.0,0.2315073349519015,0.2496707909143753,-0.32987018102126897,-0.3018068826081582
B,sh000300,0.3,ma250,2008053.917059788,0.12033569670458033,126.0,-0.28380870155500415,0.4559711901542022,0.1887135869845627,0.6461499940986366,0.897713581084365,0.15323710167860938,109.0,13557.222579710182,83.0,27.0,85.0,41.0,0.0,0.11091332488309305,0.13613973643932167,-0.2939391812966375,-0.2532741635623188
F,sh000300,0.3,ma250,17414266.440626375,0.17734527604190964,183.5,-0.3112020568041644,0.34024216827991016,0.2689777564656548,0.6071747672378283,0.8977538860338387,0.1728588218101219,162.0,170441.74834404542,133.0,34.5,126.5,57.0,0.0,0.1739624122418215,0.18406580199801553,-0.32987018102126897,-0.3018079454144954
A,sh000300,0.5,ma250,4004560.6982538356,0.20751014088647768,58.0,-0.28384470968512765,0.20936986905768573,0.26932906927190814,0.4770554119704744,0.8945882556321426,0.1625530369225865,40.0,29914.37968674054,50.5,8.0,42.0,16.0,0.0,0.19782017455413983,0.2155809881448597,-0.2838451887036971,-0.2838418761080823
B,sh000300,0.5,ma250,1886546.7598712638,0.11377470592935413,126.0,-0.2842781941880335,0.45647436595604785,0.09970197815377001,0.5583366215812472,0.8985833092578082,0.14346117346719725,73.0,5998.383079926327,83.0,26.5,85.0,41.0,0.0,0.10525406985224608,0.126944193948987,-0.2920472754998096,-0.25365744126055145
F,sh000300,0.5,ma250,12460900.72365964,0.15840193017169424,183.0,-0.28384507753342925,0.34071978939027625,0.18271191452087088,0.5220575374982654,0.8980116328508694,0.15346284956530737,116.0,70755.34902485521,133.0,34.5,126.0,57.0,0.0,0.1544271913320763,0.1641366910407267,-0.29442632942142544,-0.28384188925939424
A,sh000300,0.0,dd20,783665.1267558357,0.02688134733522407,58.0,-0.6388563450512131,0.20830954519178907,0.25865996977931976,0.46662002584059886,0.8901061014286069,0.22410201163546534,132.0,36679.972178278884,50.5,8.0,42.0,16.0,0.0,0.019950852558317033,0.03238330048865077,-0.6388569084755115,-0.6388530627663607
B,sh000300,0.0,dd20,1455796.0937998723,0.08694555808365345,124.0,-0.2983559701133568,0.4510923813684639,0.09460803889030579,0.5461858721295678,0.8969616677767087,0.16055049275101974,86.0,14383.23822807337,80.5,27.0,84.5,40.0,0.0,0.0771276735477278,0.1031914902405512,-0.3072970147867307,-0.26753364117717016
F,sh000300,0.0,dd20,2352522.3407549933,0.0684678694180888,183.0,-0.6388563450512131,0.33674387647173065,0.17122317458973668,0.5081235574852982,0.8978632785488998,0.19257448456032794,215.0,57558.43882290963,132.0,34.0,126.0,57.0,0.0,0.06437799654176024,0.0724276066614817,-0.6388569084755115,-0.6388530627663607
A,sh000300,0.1,dd20,833053.993476998,0.033134405772146325,58.0,-0.5904931766132396,0.20939264902690274,0.22320339098082967,0.4322898696882931,0.8906492462739987,0.20237714445197683,122.5,32012.519038464994,50.5,8.0,42.0,16.0,0.0,0.026234269359059436,0.03874535502727732,-0.590493485607403,-0.5904906462934805
B,sh000300,0.1,dd20,1492862.1170413846,0.08952274037268915,124.5,-0.2883632677488607,0.4481576896982318,0.07481645245883556,0.5234303862271408,0.8986718307726556,0.15405283858709456,76.0,12662.337412891418,82.5,26.0,85.0,40.0,0.0,0.08117597284432305,0.1048102876855756,-0.2978473927897167,-0.2576904445822294
F,sh000300,0.1,dd20,2470908.126771291,0.07101835315853311,182.5,-0.5904931766132396,0.3381571616273611,0.1441416509552376,0.48254065016764847,0.898999419606525,0.17831258450702464,196.0,50230.19992935532,132.0,34.0,126.0,57.0,0.0,0.06818340784638503,0.07482131084655722,-0.590493485607403,-0.5904906462934805
A,sh000300,0.2,dd20,882095.479854859,0.039021376386597195,58.0,-0.5383578268365358,0.21013960215055533,0.18976798756142144,0.399784210058321,0.8908037879891956,0.1819329334555887,110.0,27302.241301911472,50.5,8.0,42.0,16.0,0.0,0.03192790551745872,0.04454762046231778,-0.5383581643790738,-0.5383558521443653
B,sh000300,0.2,dd20,1515462.8792103184,0.09106512143709289,125.0,-0.28589926727574083,0.4487466934064921,0.05989654449119067,0.5088247536135546,0.8985721238408757,0.14966131439370545,57.5,9977.45040125764,82.5,26.0,85.0,40.0,0.0,0.08235992438806594,0.1065783582120102,-0.2940489417346923,-0.2553236243854878
F,sh000300,0.2,dd20,2607342.9773010355,0.07381273261949384,182.5,-0.5383578268365358,0.338383426886098,0.12048045032903268,0.4588205399335536,0.8995845091748405,0.1654961721324264,166.0,42136.36849776743,132.0,34.0,126.0,57.0,0.0,0.06970915729873536,0.07742663496488451,-0.5383581643790738,-0.5383558521443653
A,sh000300,0.3,dd20,936751.9932718489,0.04524401799671818,58.0,-0.4815118184336672,0.2101511154184419,0.16000722892434494,0.3699015718848806,0.8883200690373949,0.16303334826903637,94.5,23047.042140003483,50.5,8.0,42.0,16.0,0.0,0.03787990367565173,0.05056965157454501,-0.48151218601114276,-0.48150966334104917
B,sh000300,0.3,dd20,1533147.3918348807,0.09225475567037555,125.5,-0.2849874014063352,0.4542282019320828,0.04953803786337471,0.504160301241734,0.8989827738520783,0.14648352166016487,44.0,7430.293697750518,82.5,26.0,85.0,40.0,0.0,0.08437395582695013,0.10841499892267709,-0.29279826287842287,-0.2543314263562691
F,sh000300,0.3,dd20,2788362.0777092157,0.07730931469478586,183.0,-0.4815118184336672,0.33892722030550526,0.10100294407616613,0.4399312704423529,0.898864512759769,0.15428658118160707,138.5,34333.77392241587,132.0,34.0,126.0,57.0,0.0,0.072914986146144,0.08093216733699934,-0.48151218601114276,-0.48150966334104917
A,sh000300,0.5,dd20,1048170.5510276404,0.056977668914975244,58.0,-0.35539471394453875,0.20962404969814138,0.1046583911862537,0.3145044976370759,0.8845499032793862,0.1299593648191799,73.0,14872.21250466328,50.5,8.0,42.0,16.0,0.0,0.04950763423916578,0.0628463516029133,-0.3553951448372986,-0.35539217692300584
B,sh000300,0.5,dd20,1635240.3027130307,0.09889991335592951,126.0,-0.2849423308712408,0.4531775503269786,0.030513264516167135,0.48383684921067827,0.8975385469894714,0.14150660157867662,30.0,3078.416839701884,83.5,26.0,86.0,40.0,0.0,0.09075700740340586,0.11258298812145608,-0.29276881901387275,-0.25428765870681735
F,sh000300,0.5,dd20,3116659.0384417493,0.08313821016074951,183.0,-0.35539471394453875,0.33994598607748533,0.06494940039461317,0.40464029689593395,0.8961679042091388,0.1360488831101524,101.0,19291.61744566306,132.0,34.0,126.0,57.0,0.0,0.0783295159695027,0.0873245178212038,-0.3553951448372986,-0.35539217692300584
A,sh000300,0.0,dd30,865616.9091294099,0.03707060420082109,59.0,-0.5828252869374781,0.21078603925084438,0.13796114297269046,0.34874745706805604,0.9046936823659196,0.19474363113254495,64.0,24635.497321036193,50.5,8.0,43.0,16.0,0.0,0.030319082695960377,0.04217204245015101,-0.5828259377764637,-0.5828214954095841
B,sh000300,0.0,dd30,1587687.4998964178,0.09585313970007803,125.0,-0.2852002615301099,0.45164689322717766,0.04567534228418967,0.4974202527036524,0.898057026249357,0.15068869654287498,18.0,2073.095216698819,83.0,26.0,84.5,41.0,0.0,0.08687440603601118,0.10858181768207284,-0.2930173059463441,-0.2545452942846825
F,sh000300,0.0,dd30,2756579.088203977,0.07671362365999257,183.5,-0.5828252869374781,0.34113757682814705,0.08733780050301922,0.42846679193687576,0.9046936823659196,0.17154950116465228,80.0,26498.482711470104,133.0,34.5,127.0,56.0,0.0,0.07350213563044705,0.0819282745314855,-0.5828259377764637,-0.5828214954095841
A,sh000300,0.1,dd30,891252.7120111834,0.04008888943318967,58.0,-0.5374671650705827,0.2110904650324372,0.12153022797786613,0.3326208182339773,0.9087699317105041,0.17828238105677788,60.0,22441.21716352976,49.0,8.0,42.0,16.0,0.0,0.03456198807993285,0.04709943353793742,-0.5374675140755785,-0.5374643071064716
B,sh000300,0.1,dd30,1594520.0757642337,0.09629590433807689,125.5,-0.28509984625289436,0.4522930329367153,0.040371902686370684,0.4927684035255343,0.8987927979437973,0.14796239110784543,14.0,1318.985048032789,83.0,26.0,85.0,41.0,0.0,0.08730979616531394,0.10904246268664965,-0.29292465123470135,-0.25444366686255204
F,sh000300,0.1,dd30,2832459.173705139,0.07813198340867311,183.0,-0.5374671650705827,0.3413045567815991,0.0769618310045001,0.4182537800156909,0.9087699317105041,0.16199561811880453,71.0,23146.89149965866,132.0,34.5,127.0,56.0,0.0,0.07303841369095691,0.08353046691893107,-0.5374675140755785,-0.5374643071064716
A,sh000300,0.2,dd30,929352.5448006399,0.04442153388688552,58.0,-0.4889317851656905,0.21090624886596665,0.10538068170305673,0.31628700311116853,0.909167771795163,0.16279159460285655,55.0,20474.424279129125,49.0,8.0,42.0,16.0,0.0,0.039379999597115314,0.051974976758327227,-0.4889321588473792,-0.48892959905220934
B,sh000300,0.2,dd30,1607885.8583809007,0.09715716093221538,126.0,-0.28499915662432285,0.452592221200205,0.035428152655384945,0.48798244741266245,0.8988147378800677,0.1455761855695848,8.0,989.584431857397,83.5,26.0,85.0,40.0,0.0,0.08805326752910339,0.10982882843226376,-0.2928318183434293,-0.2543430250813562
F,sh000300,0.2,dd30,2911357.8089517825,0.07956802866806056,182.5,-0.4889317851656905,0.34175312058845286,0.06686058232715175,0.40859997184215524,0.909167771795163,0.15326529716996717,60.0,20664.916396400557,132.0,34.5,126.0,56.0,0.0,0.07439146080092755,0.08393793486531242,-0.4889321588473792,-0.48892959905220934
A,sh000300,0.3,dd30,970831.4506825542,0.048961423023248574,58.0,-0.4362303594752032,0.21120356123249334,0.08921962788576082,0.3004232610499145,0.9095690816461853,0.14793097459472887,52.0,18409.877643854477,49.0,8.0,42.0,16.0,0.0,0.04389828485717999,0.056547164252284544,-0.4362307591544634,-0.43622801617109974
B,sh000300,0.3,dd30,1614688.0635586937,0.09759346859067686,126.0,-0.28494954373751985,0.45260921978797575,0.030714715804672343,0.4833239355926481,0.8989422255058002,0.14373563241611803,5.0,823.0828011621547,83.5,26.0,85.5,40.0,0.0,0.08898303965811769,0.11076977195888915,-0.29277353097356845,-0.25429466306676446
F,sh000300,0.3,dd30,2987991.6635939702,0.08092927089164037,182.5,-0.4362303594752032,0.341318702326617,0.05694617109920466,0.39826498677488326,0.9095690816461853,0.14522199397317326,55.0,18549.82102267273,132.0,34.5,126.0,56.0,0.0,0.07600508827078098,0.08561645592255618,-0.4362307591544634,-0.43622801617109974
A,sh000300,0.5,dd30,1103014.5861246996,0.06234595907398843,58.0,-0.32039323895307587,0.20966792694386965,0.05809873580400605,0.2677667695622538,0.8947157071454026,0.12013080435880398,51.0,14248.30921534349,50.5,8.0,42.0,16.0,0.0,0.053569996462941916,0.06847741581532943,-0.3203936932427299,-0.3203905641747511
B,sh000300,0.5,dd30,1645185.6419624803,0.09952701061216518,126.0,-0.284915383640805,0.45276267875287773,0.021395873814790155,0.4741585525676678,0.8989635278766643,0.14077961563106214,5.0,599.2855772687233,83.5,26.0,85.5,40.0,0.0,0.09090122917600443,0.11272679437969663,-0.2927512154648807,-0.25426149045135116
F,sh000300,0.5,dd30,3233793.6342429346,0.08507854569191575,183.0,-0.32039323895307587,0.34017713212619016,0.0376734268467141,0.3778506721277904,0.8978716210235984,0.13112828792640757,54.0,14395.01606193594,132.0,34.5,126.0,56.5,0.0,0.08103711728791226,0.08999985940318292,-0.3203936932427299,-0.3203905641747511
A,sh000905,0.0,always,4555400.729235011,0.22306876483494953,57.0,-0.7058897085369744,0.2060364568885477,0.7933618986639805,0.9995225303634917,0.8986935796783098,0.34249289283622275,112.0,16788.01999679631,49.0,8.0,41.0,16.0,0.0,0.21858674196976158,0.22981258990849726,-0.705890179112014,-0.7058869598658183
B,sh000905,0.0,always,1241678.9486190372,0.07080608550990053,123.0,-0.38249629628442877,0.45529409202729665,0.5442173525786838,0.9995123572551783,0.8953119207129122,0.23336839709802717,217.0,8000.278451312744,80.0,27.0,82.0,40.0,0.0,0.06723701682815113,0.07927648230009858,-0.40063017526872513,-0.34731820312729333
F,sh000905,0.0,always,13024844.141573608,0.16088933870854605,178.5,-0.7058897085369744,0.3363828862002178,0.6632712469254536,0.999688563111143,0.9000303653780706,0.29018762696365064,326.0,87075.91396681324,128.5,34.0,123.0,55.5,0.0,0.15325831320701738,0.1644842986254304,-0.705890179112014,-0.7058869598658183
A,sh000905,0.1,always,4211426.073501398,0.21356724233042612,57.0,-0.6794966321516395,0.20759643903283276,0.7061068686815947,0.9137321031213064,0.8949539904343484,0.31509623434187173,101.5,14419.819204061016,49.0,8.0,41.0,16.0,0.0,0.20628604135017978,0.22039193941882518,-0.679496879143829,-0.6794945940171782
B,sh000905,0.1,always,1285133.3409929667,0.07427631693138248,124.0,-0.33791541627648114,0.4528662298897167,0.4456062211417461,0.8982724661444197,0.8928222057636808,0.21108405021558171,206.5,8153.082194205266,82.0,27.0,84.0,40.0,0.0,0.06897563939307631,0.08337020671801297,-0.3574662761069721,-0.300860200461289
F,sh000905,0.1,always,11494576.660866288,0.15387805670150512,180.5,-0.6794966321516395,0.3391841140303079,0.5668816732255417,0.9060657872558495,0.8974795940598799,0.26563511755304947,305.5,79010.2885566781,130.5,34.0,124.0,56.0,0.0,0.14953102943378524,0.16140024482510168,-0.679496879143829,-0.6794945940171782
A,sh000905,0.2,always,3923072.863837611,0.2050435645977733,58.0,-0.6500906177369057,0.20714205160785074,0.6230014110431059,0.8317957565700571,0.8902093330958427,0.28847421974651666,88.0,12329.71735951466,49.5,8.0,41.0,16.0,0.0,0.20022907437498907,0.21297449891482392,-0.6500908779156618,-0.6500890928967055
B,sh000905,0.2,always,1329878.7246665994,0.0777398770675165,125.0,-0.3114198667629424,0.4553337404272069,0.3517076452987494,0.8084156659254893,0.8968072667895604,0.19221894140720838,169.0,7028.128266262828,83.0,27.0,84.5,40.0,0.0,0.07189058236743906,0.09280326263560919,-0.32546530295872333,-0.2702245909640764
F,sh000905,0.2,always,10819522.379747601,0.15049720355974816,181.5,-0.6500906177369057,0.33805923060339277,0.48148482177835406,0.8204891485414287,0.8976795213357815,0.2424794334557739,253.0,62647.38101747722,131.5,35.0,125.0,56.0,0.0,0.14567128763689652,0.1563545415272286,-0.6500908779156618,-0.6500890928967055
A,sh000905,0.3,always,3667850.2815153226,0.19702195313577509,57.0,-0.6173821822810299,0.20923776799018856,0.5451692469718745,0.7555919570589784,0.8922309810319378,0.2631449103940351,73.0,9946.004956934321,49.5,8.0,41.0,16.0,0.0,0.19040069273255908,0.20475802542611268,-0.6173824569815574,-0.6173805698185354
B,sh000905,0.3,always,1379833.6162253404,0.08147573154219889,125.0,-0.29481635737517237,0.4557740696628768,0.27432950506697196,0.7311749946739632,0.8997692906795927,0.17716906079430317,135.5,5753.978473953621,82.5,27.0,84.5,40.5,0.0,0.07484550077653744,0.09747544697200429,-0.3071079012635977,-0.2548998399148905
F,sh000905,0.3,always,10221756.309002623,0.14732919095577657,182.0,-0.6173821822810299,0.34037433799815675,0.40364855208429146,0.7439607557905549,0.8994238724181347,0.22237606315715355,209.0,47613.684289999765,131.0,34.0,125.0,56.0,0.0,0.14208706973258123,0.15220798501245886,-0.6173824569815574,-0.6173805698185354
A,sh000905,0.5,always,2936197.462303373,0.1708514001365411,58.0,-0.5368138474141528,0.2102471905902727,0.39924349832004896,0.6085454589864326,0.8890042325535034,0.21509941336362842,54.0,6104.570562258183,50.5,8.0,42.0,16.0,0.0,0.16345209263359492,0.1790783177844056,-0.5368141585361219,-0.5368120153849988
B,sh000905,0.5,always,1500335.2569096838,0.09003014184884228,126.0,-0.2854826350432134,0.453992362789055,0.1395689945841131,0.595124452899567,0.8977509853262546,0.15291187279195662,89.5,3427.180066864228,83.0,26.0,86.0,40.0,0.0,0.08366657325261939,0.10354904048086395,-0.29337202771834997,-0.25480539200544416
F,sh000905,0.5,always,8308810.6265525855,0.13586673517925696,183.0,-0.5368138474141528,0.33901309110629607,0.2657028592854396,0.603161195327947,0.8994419519721668,0.18578442804214865,140.0,22515.06605472954,131.5,34.0,126.0,56.5,0.0,0.13197059528669064,0.13984158408422898,-0.5368141585361219,-0.5368120153849988
A,sh000905,0.0,quiet5,4769933.281365551,0.2286723841397229,58.0,-0.6823079092138804,0.20745204321517563,0.7831041801433464,0.9904519631738833,0.8793352059288295,0.3400650345731155,124.0,23171.107499395162,49.5,8.0,43.0,15.0,0.0,0.2252757562723397,0.23516483313901007,-0.682308313938137,-0.6823051012770195
B,sh000905,0.0,quiet5,1213332.5568433395,0.06847997459378685,124.0,-0.3877138904136636,0.4542532455034941,0.5320447087755674,0.9859581267870525,0.8935888808630836,0.23003530842315165,213.0,8984.386980680829,81.0,27.0,84.0,39.5,0.0,0.06490908952627206,0.07625141095565344,-0.40421683769618627,-0.36383946562591735
F,sh000905,0.0,quiet5,13436483.518212788,0.16263790316933335,181.0,-0.6823079092138804,0.33741113747011253,0.6504186373659812,0.9881735112563745,0.8949478181292028,0.28661268271231755,334.0,107694.87453471006,131.0,34.0,127.0,55.0,0.0,0.15691449092356788,0.1658259530601151,-0.682308313938137,-0.6823051012770195
A,sh000905,0.1,quiet5,4413425.622546652,0.21922816747042218,57.0,-0.6597087036441612,0.20688440884855236,0.701399025837651,0.9084539752023588,0.8962602812051079,0.3135153086758456,105.0,17176.54396196107,49.0,8.0,41.0,16.0,0.0,0.21435673493411567,0.22704189231797836,-0.6597089497709805,-0.6597066647308667
B,sh000905,0.1,quiet5,1278486.662660083,0.07375250385233012,124.0,-0.3427123584785431,0.45501520652610594,0.4379309730245519,0.893161362492706,0.8951906132350816,0.20935117879550996,192.5,8178.502190989871,82.0,27.0,84.0,40.0,0.0,0.0692371085990621,0.08270868314796684,-0.36113753308247976,-0.3091883530944722
F,sh000905,0.1,quiet5,12192191.808654267,0.1571762945889762,180.0,-0.6597087036441612,0.33980768104930203,0.5613032940732332,0.9008545043672487,0.89871103298984,0.26411651626729116,294.5,86131.3471635716,129.5,34.0,124.0,56.0,0.0,0.1514207946060261,0.1634227978791978,-0.6597089497709805,-0.6597066647308667
A,sh000905,0.2,quiet5,4097525.951541115,0.21026284222362934,58.0,-0.6346583433766637,0.20636412618760608,0.6217469165616547,0.8297240512475568,0.8902093330965744,0.2876919108528777,88.5,13534.865111747018,49.5,8.0,41.0,16.0,0.0,0.20533987759530795,0.21823169569206438,-0.6346586028062076,-0.6346568178621724
B,sh000905,0.2,quiet5,1330828.3193203264,0.07781266142397458,125.0,-0.3134193480246796,0.45637667031239676,0.3498878061268371,0.8067105888752578,0.8971003982931638,0.19166552317274138,159.0,6893.973464989056,83.0,26.5,84.0,40.0,0.0,0.0720901212616533,0.09063362133348257,-0.32916267680841577,-0.2721232294560548
F,sh000905,0.2,quiet5,11216384.692714864,0.15250864739919057,180.5,-0.6346583433766637,0.33815756009171327,0.4797265502411948,0.8186871476340353,0.9002561438024533,0.2418447031571489,243.5,64949.543489281335,131.0,35.0,124.5,56.0,0.0,0.1482083315682538,0.15919034263457071,-0.6346586028062076,-0.6346568178621724
A,sh000905,0.3,quiet5,3767381.6305759875,0.20020980165615532,57.0,-0.6069752523271081,0.20874382049724877,0.5441781537049364,0.7542322201726295,0.8922309810323291,0.2626294896437965,73.0,10642.54326962351,49.5,8.0,41.0,16.0,0.0,0.19355896509408718,0.20796648391793762,-0.6069755264090138,-0.606973639307854
B,sh000905,0.3,quiet5,1391257.635413092,0.0823132572477453,125.0,-0.29437185887537576,0.4561635059364144,0.2734829402575097,0.7305415117032814,0.9001758042431836,0.17673794559908718,130.5,5741.35670113757,82.5,27.0,84.5,41.0,0.0,0.07564593762682847,0.09850418826373687,-0.30922973180255947,-0.2552515661488133
F,sh000905,0.3,quiet5,10727663.731462417,0.15002223171287876,182.0,-0.6069752523271081,0.3400601478553138,0.40340485322031383,0.7429860912232151,0.8998832994164823,0.22196318536305176,204.5,49309.40694832064,131.0,34.0,125.0,56.5,0.0,0.1440151709222701,0.15422176746627173,-0.6069755264090138,-0.606973639307854
A,sh000905,0.5,quiet5,2926635.367841479,0.1704720817234614,58.0,-0.5384890328344086,0.21028676179659817,0.39909922337981274,0.6084407549417128,0.8890042325534873,0.21508403684571592,53.0,6081.9532714605575,50.5,8.0,42.0,16.0,0.0,0.16307517148862555,0.17869633341790442,-0.538489343648463,-0.5384872005281313
B,sh000905,0.5,quiet5,1507866.6531092362,0.09054442394595819,126.0,-0.2855002822745186,0.4539784007747966,0.13928991552693804,0.5946607607441474,0.8977562772269998,0.15282537163719684,86.5,3452.427036394636,83.0,26.0,86.0,40.0,0.0,0.08412147499954517,0.10418912795345071,-0.2933909555178444,-0.2548226464481566
F,sh000905,0.5,quiet5,8309532.775746822,0.13587132191634999,183.0,-0.5384890328344086,0.33903796868470915,0.265503947500172,0.6029234513201043,0.8995230449801979,0.18575280168817973,136.5,22471.468090730687,131.5,34.0,126.0,56.5,0.0,0.13209848715593778,0.13997275825555777,-0.538489343648463,-0.5384872005281313
A,sh000905,0.0,quiet0,4261007.036959887,0.21497813530223353,57.0,-0.6482590228108845,0.206599045414597,0.6810682582522962,0.887978208350109,0.8960043533740806,0.3178045755895297,92.0,74821.78141160123,49.0,8.0,41.0,16.0,0.0,0.21048162310761984,0.22365226680053726,-0.6482591305300424,-0.6482575577393559
B,sh000905,0.0,quiet0,1397168.4048260436,0.08275558580487163,123.5,-0.37953984779836414,0.4497812152567663,0.38489682452478735,0.834759918762493,0.8937347194508806,0.2065954892826024,155.0,22151.748413919388,81.0,26.5,84.5,39.5,0.0,0.07558871930661752,0.09617651181506733,-0.39655871127527936,-0.3548397593832978
F,sh000905,0.0,quiet0,13146173.88642219,0.16141189602377326,180.5,-0.6482591183367714,0.33755984574621145,0.5245747679928942,0.8616410017036037,0.8971495648534304,0.2647317329146725,244.0,273451.366346689,130.0,34.0,125.0,55.0,0.0,0.15613731348745855,0.16659236118214568,-0.6527242252579947,-0.6482576333863683
A,sh000905,0.1,quiet0,4096909.9684588863,0.21024866162800981,57.5,-0.6301754927664631,0.20813958977049118,0.6135733202234206,0.8231823208569369,0.8925247917182058,0.29522379400032217,70.0,58857.02166862776,49.0,8.0,41.0,16.0,0.0,0.20392986824956802,0.21867335264307955,-0.63017560201873,-0.6301739142717658
B,sh000905,0.1,quiet0,1417506.9893969917,0.084228941318229,124.0,-0.3495085156881509,0.45412657179300175,0.32081290287506403,0.774244934127521,0.8958845509237694,0.19174794112928223,119.5,18958.41152284274,82.0,26.5,84.0,40.0,0.0,0.07714167626662523,0.09747182854539245,-0.3664516089493642,-0.31859679027447313
F,sh000905,0.1,quiet0,12131846.052372392,0.1569000863450981,181.0,-0.6301754927664631,0.3384325240564108,0.46012768769407436,0.7989787475104424,0.8989593128492587,0.24586988366945506,188.0,213027.29950058297,130.5,34.5,124.0,56.0,0.0,0.1524547569932826,0.16375804862791946,-0.63017560201873,-0.6301739142717658
A,sh000905,0.2,quiet0,3912386.556776928,0.20472092896837546,57.0,-0.6103693492235382,0.20947567564220648,0.5505033366996871,0.7605615579206356,0.8944063389997342,0.27283065693309827,64.5,45522.12646949194,49.5,8.0,41.0,16.0,0.0,0.19758078907872573,0.21280137641044608,-0.6103694642469079,-0.6103676873349584
B,sh000905,0.2,quiet0,1430368.0362967122,0.08515048200820019,125.0,-0.3264111082296427,0.45345436333471056,0.2586889639613047,0.7124998851155007,0.8960709328340635,0.17776210125186612,107.5,15456.13520228845,81.5,27.0,84.5,40.0,0.0,0.07889055578816509,0.10118979561073932,-0.33923465248685436,-0.2845397742261008
F,sh000905,0.2,quiet0,11599145.382833552,0.15438469551342726,182.0,-0.6103693492235382,0.33941329374133217,0.3977786405843459,0.7374964015266217,0.8983122090594604,0.22757898361810142,169.0,160437.36223671908,130.5,34.0,125.0,57.0,0.0,0.14950469741172712,0.16034532138634677,-0.6103694642469079,-0.6103676873349584
A,sh000905,0.3,quiet0,3641173.5332591245,0.19615437823982707,57.0,-0.588899738269616,0.20874032865159028,0.4893534833534764,0.6977329695699286,0.8947614116652483,0.25159724506484465,57.0,33836.14247435065,49.0,8.0,41.0,16.0,0.0,0.18938115185161247,0.20437357968196926,-0.5889000128240856,-0.5888981142833944
B,sh000905,0.3,quiet0,1486244.084126607,0.08906901956428592,125.0,-0.30677510451605045,0.4528444544872175,0.2043393463811517,0.6565828159233558,0.8963993131097554,0.16592295360906845,90.0,12255.229219760948,81.5,27.0,84.5,40.5,0.0,0.08237076676988513,0.10367002046692306,-0.322155702881739,-0.259028367949414
F,sh000905,0.3,quiet0,10849813.38795481,0.15065340836695085,182.5,-0.588899738269616,0.33813959916294256,0.3394912538459348,0.6792536776831821,0.898819091825328,0.21121841749793147,146.5,115522.02763609812,130.5,34.0,125.0,57.0,0.0,0.14491899501491792,0.1562055229036428,-0.5889000128240856,-0.5888981142833944
A,sh000905,0.5,quiet0,2860960.9630904426,0.16783715149098266,58.0,-0.5361199558140675,0.2097264020062236,0.36547257781894593,0.5744441796438264,0.8875940590046547,0.2096726560049178,46.0,16625.94681191892,50.5,8.0,42.0,16.0,0.0,0.16116329848580457,0.17591265737265435,-0.5361202666922493,-0.5361181169317483
B,sh000905,0.5,quiet0,1564911.4044689904,0.0943622541369743,126.0,-0.2851971225163634,0.453718000561836,0.10755411471401814,0.5606533351604337,0.8997099626013526,0.14856766097577706,60.5,6003.886159937678,83.5,26.0,86.0,40.0,0.0,0.08828583972827606,0.10863042533856962,-0.2930774112588837,-0.2545286625688058
F,sh000905,0.5,quiet0,8576573.07724813,0.13760581844238728,183.0,-0.5361199558140675,0.34041501089296633,0.23091675026488787,0.5699444421800463,0.8980416072504188,0.1806242577964589,103.0,46190.514871922336,132.0,34.0,126.0,57.0,0.0,0.13278112021029304,0.141650805742988,-0.5361202666922493,-0.5361181169317483
A,sh000905,0.0,after_panic60,1342579.0958540277,0.08329265174728107,58.0,-0.1842424048206145,0.20910979503656058,0.01177172156897694,0.22098474714071134,0.891224742063645,0.10039720095487775,11.0,1270.664375689982,50.5,8.0,42.0,16.0,0.0,0.07662743313041724,0.0900074571195918,-0.2502193016482202,-0.15286376562901902
B,sh000905,0.0,after_panic60,1591709.457977234,0.09611410950196608,124.5,-0.33336958014391577,0.45684282486682226,0.031510588351021204,0.4885087196879121,0.8954121394539036,0.14737917274367052,37.5,2742.1604830917604,82.0,26.0,85.0,40.0,0.0,0.08694595111898953,0.10998606409161987,-0.3470118437180791,-0.32442073671223665
F,sh000905,0.0,after_panic60,3577305.1153665325,0.09040239804953631,183.5,-0.32822097922088517,0.3387821339139031,0.022682141380477742,0.3609645047117038,0.8935911777574141,0.12678337747457724,49.0,7538.172970038775,133.0,34.0,128.0,56.0,0.0,0.08617958942461768,0.09432216708303634,-0.3487401563154084,-0.32453697173424917
A,sh000905,0.1,after_panic60,1311821.9986092364,0.080801668839806,58.0,-0.1809238631725285,0.20975713148279598,0.005483624794997135,0.21558849110770292,0.8972006247532289,0.0978054113109339,11.0,875.0671646383141,50.0,8.0,42.0,16.0,0.0,0.07383470039841307,0.08758293800380686,-0.24615276608419365,-0.15603076454707057
B,sh000905,0.1,after_panic60,1622504.0393104416,0.09808870758609978,125.5,-0.3010237553820774,0.4559651993655205,0.016306644657568585,0.4708128069518347,0.8955816938959751,0.14188764657902553,32.0,1945.311659237113,82.0,26.0,85.0,40.0,0.0,0.09036560303272179,0.11572461571638654,-0.31429066329691385,-0.28478040863724985
F,sh000905,0.1,after_panic60,3575693.064466413,0.09037768093074305,183.0,-0.2974935766113772,0.33988791263755846,0.011078463714279379,0.3504305766788056,0.8979399931854255,0.1228375715057913,45.0,5281.913816851949,132.0,34.0,127.0,56.0,0.0,0.08658086113714972,0.09552459354380963,-0.31665607306366556,-0.2775995085602626
A,sh000905,0.2,after_panic60,1309185.623641159,0.08058421139760563,58.0,-0.1774751469051204,0.21000912906372257,0.001137123537585502,0.21104984935504345,0.8948881915736402,0.09540573121101362,6.5,524.9148444585194,50.5,8.0,42.0,16.0,0.0,0.07203987525335327,0.08654052018984768,-0.2429012211478154,-0.1538269512132883
B,sh000905,0.2,after_panic60,1685685.601753614,0.10204372810021911,125.5,-0.2868957935462895,0.45466911687883693,0.006112390489401799,0.4613499531113284,0.897608784179704,0.13861241249369805,17.5,1099.8635969443594,83.5,26.0,85.5,40.0,0.0,0.09401369061617464,0.11777042240799081,-0.29549692523193766,-0.26384251285774984
F,sh000905,0.2,after_panic60,3624350.8289787094,0.0910889369521034,183.0,-0.2754894168266774,0.33878241022989347,0.0034437456065653186,0.342083758968605,0.8969845361650401,0.12025580693215893,22.5,2802.946188537315,132.5,34.0,126.5,56.5,0.0,0.08723870546645733,0.09569904229524798,-0.2979783769570137,-0.2601754667608642
A,sh000905,0.3,after_panic60,1312105.1985697416,0.08082326496923398,58.0,-0.177289449597768,0.20988819885529036,0.00015494124945091952,0.21026995159293463,0.8960295081662257,0.09421290254472287,3.0,201.81223003938092,50.5,8.0,42.0,16.0,0.0,0.07197724069609508,0.08726348598144158,-0.24498417897210498,-0.15376584353825548
B,sh000905,0.3,after_panic60,1701994.5113048,0.10304295333717994,126.0,-0.2848366619213874,0.4535353553011756,0.0020693747242130816,0.456084945703508,0.8976911591931623,0.1378928344755026,6.0,509.67784572119643,83.5,26.0,86.0,40.0,0.0,0.09511580892694246,0.11782849623100247,-0.292699792490523,-0.25418504434149647
F,sh000905,0.3,after_panic60,3706120.5239149984,0.0922695991644703,183.0,-0.26651677491982667,0.3398360249663612,0.001036819847250753,0.3407182420844253,0.8982745368940637,0.11967798092832652,9.0,1128.7975194751807,132.0,34.5,126.0,57.0,0.0,0.08727971096325768,0.09640039100973238,-0.2950736511478171,-0.2527190243222109
A,sh000905,0.5,after_panic60,1315589.0980202095,0.08110748464840567,58.0,-0.17700939442492403,0.2097619405441023,0.0,0.2097619405441023,0.8946486862875169,0.09414121356805974,0.0,0.0,50.5,8.0,42.0,16.0,0.0,0.07217893967486158,0.08731386301043083,-0.24494147720122056,-0.15361322645917938
B,sh000905,0.5,after_panic60,1722407.9733791377,0.10428140439510358,126.0,-0.2848366619213874,0.453163678575491,0.00010082886083436445,0.4532835324307035,0.8990126362407956,0.13769058821752905,1.0,27.299279980496983,83.5,26.0,85.5,40.0,0.0,0.09561789831592578,0.11739638521079315,-0.292699792490523,-0.25418504434149647
F,sh000905,0.5,after_panic60,3683196.8361727353,0.09194491868053378,183.0,-0.26687761153829825,0.34040536488754614,0.0,0.34040536488754614,0.8975034809093896,0.11926894328257939,0.0,0.0,132.0,34.5,126.0,57.0,0.0,0.08778661567054662,0.09671719915198099,-0.2950736511478169,-0.2527190243222109
A,sh000905,0.0,after_panic120,1258862.7527576564,0.07638367003830382,57.0,-0.21662427165261983,0.20828707175296077,0.027941003744009825,0.23567920347523846,0.8959235269456659,0.10775297172274595,25.0,1376.1702745240489,49.0,8.0,41.0,16.0,0.0,0.069733914804782,0.08191575732382306,-0.26964506200927746,-0.1957441442441818
B,sh000905,0.0,after_panic120,1519950.800408871,0.09136508289561918,125.0,-0.33357084117387487,0.46063243116247365,0.05430912855742523,0.5142748460725732,0.8964142886058983,0.15154348272621043,55.5,3063.8116378024793,81.5,26.0,84.0,40.0,0.0,0.08254905167454185,0.10856791419165589,-0.34723050689751594,-0.3143473616567335
F,sh000905,0.0,after_panic120,3246920.403889174,0.08529219229271423,181.5,-0.3274402835585044,0.33870955267654923,0.041822281838179834,0.38095818008164184,0.898847136398013,0.13262466796428413,80.0,7768.08848169382,130.5,34.0,125.0,56.0,0.0,0.08037452076094023,0.0900845730814338,-0.3489570544927869,-0.3078842442925687
A,sh000905,0.1,after_panic120,1244348.0729884405,0.07514720767932759,57.0,-0.20414228530376594,0.20761748217005227,0.016731545277324046,0.22477640543506144,0.896477912754718,0.10216703068405286,22.0,1012.3489567761724,49.0,8.0,41.0,16.0,0.0,0.06961233992962419,0.0813612087120049,-0.2583145778186834,-0.18206711815251772
B,sh000905,0.1,after_panic120,1577512.4277119972,0.0951911138989856,125.5,-0.3010387598863445,0.45760593915665926,0.029672571304177567,0.4859969706895369,0.8948255418887034,0.14420110271003336,51.0,2574.8639072392953,82.0,26.0,85.0,39.0,0.0,0.08717038387793052,0.11272268480029125,-0.3143702889928703,-0.28292521444498886
F,sh000905,0.1,after_panic120,3343188.548294044,0.08682628975921136,182.0,-0.2957128014505786,0.3389825774949081,0.023525183244085344,0.36209194450975746,0.8986434165033157,0.12648999132907984,73.0,6372.657469813408,131.5,34.0,126.0,56.0,0.0,0.08231206452251236,0.09084359298926295,-0.3167349186517806,-0.2757096536603777
A,sh000905,0.2,after_panic120,1267839.7187686828,0.07714660930566863,57.0,-0.19152135227908662,0.209113297758988,0.007664323673942694,0.21558143703020377,0.8944124614630409,0.09762142328219653,16.5,664.213369453109,49.0,8.0,41.0,16.0,0.0,0.06979086120003208,0.08233819870665864,-0.24504775603927084,-0.1685444747622244
B,sh000905,0.2,after_panic120,1625509.0808670446,0.09828300567379955,125.0,-0.2868957935462895,0.4555977838638394,0.014543946850239005,0.4704097293455845,0.8986813304053481,0.14024665060818714,30.0,1634.5638825117628,82.5,26.0,85.0,40.0,0.0,0.09027363446246395,0.11562260394848854,-0.29549692523193766,-0.2642048821996032
F,sh000905,0.2,after_panic120,3465048.8880410045,0.08871594282986794,183.0,-0.2748978904200028,0.33985375400354023,0.01109738842269775,0.35017204334346097,0.899074420294299,0.1222661094395247,44.0,3974.0323646389134,132.0,34.0,126.5,56.5,0.0,0.08440904194426768,0.09327723095644302,-0.2979783769570138,-0.2618455559389322
A,sh000905,0.3,after_panic120,1295589.156586891,0.0794649800640661,58.0,-0.18254082396217092,0.21032549008863452,0.002758339193717505,0.2130975858203512,0.8960709506872191,0.09520965204178766,8.0,270.9730134618645,50.5,8.0,42.0,16.0,0.0,0.07167733646262561,0.08458599231468299,-0.245100794979957,-0.1580311331070859
B,sh000905,0.3,after_panic120,1680765.1903097206,0.10174085428462787,126.0,-0.2848366619213874,0.4542743521560941,0.006836922447076774,0.46185087232985295,0.8993816525895613,0.13873011386249434,13.0,902.4687640540967,83.5,26.0,86.0,40.0,0.0,0.09380502578698421,0.11612266595255633,-0.292699792490523,-0.25418504434149647
F,sh000905,0.3,after_panic120,3612475.185793884,0.09091382001827342,183.0,-0.2675002790145513,0.3392326208944658,0.004859988680844015,0.34449999247484586,0.8988803620102954,0.12086085252092837,22.5,2174.979375775065,132.0,34.0,126.0,57.0,0.0,0.08614728164170116,0.09508162170142787,-0.29507365114781703,-0.2527190243222109
A,sh000905,0.5,after_panic120,1315589.0980202095,0.08110748464840567,58.0,-0.17700939442492403,0.2097619405441023,0.0,0.2097619405441023,0.8946486862875169,0.09414121356805974,0.0,0.0,50.5,8.0,42.0,16.0,0.0,0.07217893967486158,0.08731386301043083,-0.24494147720122056,-0.15361322645917938
B,sh000905,0.5,after_panic120,1721688.9689513212,0.10423808327771278,126.0,-0.2848366619213874,0.45329269457447174,0.0006620765374512254,0.45375047444495425,0.8983638666290656,0.13751187193949593,4.0,111.60650177121556,83.5,26.0,86.0,40.0,0.0,0.09559798337635765,0.11781994078373129,-0.292699792490523,-0.25418504434149647
F,sh000905,0.5,after_panic120,3678218.9552254593,0.09187299508365765,183.0,-0.26687761153829825,0.33968143501742776,0.00031332771522915375,0.34014571879124006,0.8975034809093896,0.11933077534826012,4.0,255.06761154728184,132.0,34.5,126.0,57.0,0.0,0.08771574909405219,0.09643576499822457,-0.2950736511478169,-0.2527190243222109
A,sh000905,0.0,after_panic250,1240137.83101698,0.07478486042317034,57.0,-0.2428417141528723,0.2073685722197205,0.04874113169302015,0.25741788843085756,0.8977051228801172,0.11524611415242106,41.5,2003.2564885036163,49.0,8.0,41.0,16.0,0.0,0.06914539974118532,0.08042970516848424,-0.288771130669006,-0.21805574989467053
B,sh000905,0.0,after_panic250,1335556.906703473,0.07817247003348027,124.0,-0.33357084117387487,0.46258148740481553,0.11552926118915095,0.5754884482947464,0.8970362488730219,0.16956764337557434,89.5,4556.391403572963,81.0,27.0,83.0,40.0,0.0,0.07053559083679302,0.09362233326586125,-0.34723050689751594,-0.3143473616567335
F,sh000905,0.0,after_panic250,2835733.718447416,0.07819236459028334,181.0,-0.32744028355850424,0.34027011577369926,0.08291619790289075,0.42555434684313953,0.8989889534462163,0.14588532280691663,131.0,11341.254169664979,130.5,34.0,125.0,56.0,0.0,0.07449694199724448,0.0809394535236948,-0.34895705449278674,-0.3139920678070163
A,sh000905,0.1,after_panic250,1235956.0270772418,0.07442432171188995,57.0,-0.21381577934802137,0.2077371571413183,0.028180528753037146,0.23907038334296776,0.8960549833405173,0.10639910118092526,37.0,1789.7817490575599,49.0,8.0,41.0,16.0,0.0,0.07003890351433831,0.08013378140628664,-0.2613970717458362,-0.19013515247799778
B,sh000905,0.1,after_panic250,1385974.4651032467,0.08193623508902925,125.5,-0.30119783953974283,0.46407383399878066,0.07331851056613103,0.5342207917920858,0.8974632152639066,0.15714359815287457,85.5,4036.981045181814,82.0,26.5,84.5,40.0,0.0,0.07461246631962118,0.09750857085681736,-0.3143702889928703,-0.2833074583693291
F,sh000905,0.1,after_panic250,2960465.0045756223,0.08044241097184435,182.5,-0.2957128014505787,0.34134947645125835,0.05219031809310519,0.39561886538860286,0.8977373473632634,0.13505207759587162,124.0,10268.676551459823,131.5,34.0,126.0,56.0,0.0,0.0761572425663121,0.082918169227602,-0.31673491865178083,-0.2825474824313392
A,sh000905,0.2,after_panic250,1259642.614600735,0.07645242203719582,57.0,-0.193437931604047,0.20954536802067586,0.013774821741294394,0.22291049251068956,0.8944124614630409,0.09989995201848678,28.5,1312.7992127407301,49.0,8.0,41.0,16.0,0.0,0.06929946982013999,0.08195171138331424,-0.24504775603927084,-0.16935879042630866
B,sh000905,0.2,after_panic250,1450004.185710991,0.08654088395889725,125.5,-0.28695620809221445,0.46542796560169475,0.043938916113112,0.5029843872600785,0.8977682350709006,0.14891303189494132,62.0,2922.647277190289,82.0,26.5,85.0,40.0,0.0,0.07909519709809305,0.10280805273680228,-0.29660595950850477,-0.26649858851335123
F,sh000905,0.2,after_panic250,3101190.8549235873,0.08287775034487166,183.0,-0.2795250299271708,0.34230312825806497,0.030208214539558076,0.37160690215890013,0.8985976195738892,0.12750412371518766,90.5,7512.232205552567,132.0,34.0,126.5,56.0,0.0,0.0796968921616235,0.08575857525761137,-0.2979783769570137,-0.26454598954476083
A,sh000905,0.3,after_panic250,1292474.1149830571,0.07920759551372514,58.0,-0.1826172759735306,0.2103805722786851,0.0049007249377050754,0.21521134731002672,0.8960707525470637,0.09635824136642143,15.0,638.4210645491385,50.5,8.0,42.0,16.0,0.0,0.0706119292073083,0.08416858720867186,-0.24511681755794035,-0.1580311331070859
B,sh000905,0.3,after_panic250,1532587.150714116,0.09221727409379143,125.5,-0.2848366619213874,0.4631581385752922,0.02511021859544936,0.4845011330316573,0.8980378309463333,0.14393472635229554,40.0,1909.2536659078835,82.0,26.0,85.0,40.0,0.0,0.0843933663454381,0.10793846610463527,-0.29490474360631674,-0.2542583622372243
F,sh000905,0.3,after_panic250,3344230.512376206,0.08684712627140279,183.0,-0.2681180867169425,0.34294055202007373,0.016107662389059793,0.35761689739714986,0.898502127742084,0.12364100000974157,59.0,4849.555820872302,132.0,34.0,126.0,56.0,0.0,0.0823542386601545,0.08884638271673662,-0.2950736511478169,-0.25307995451098886
A,sh000905,0.5,after_panic250,1315589.0980202095,0.08110748464840567,58.0,-0.17700939442492403,0.2097619405441023,0.0,0.2097619405441023,0.8946486862875169,0.09414121356805974,0.0,0.0,50.5,8.0,42.0,16.0,0.0,0.07186915712022837,0.08729479087682146,-0.24494147720122056,-0.15361322645917938
B,sh000905,0.5,after_panic250,1703119.916312014,0.10311206181811194,126.0,-0.2848366619213874,0.4536216722810532,0.003038891059578281,0.455984318579106,0.898576478804094,0.13852887063304847,14.0,365.5007106062026,83.5,26.0,85.5,40.0,0.0,0.09278753472095864,0.11617540853368892,-0.292699792490523,-0.25418504434149647
F,sh000905,0.5,after_panic250,3635538.6750463014,0.09125552389835645,183.0,-0.26687761153829836,0.3400814788834748,0.0012070135370807699,0.3415491443943083,0.897458330971587,0.11982843662512811,13.0,569.4495701861216,132.0,34.5,126.0,57.0,0.0,0.08711068572058434,0.09475972443754108,-0.2950736511478169,-0.2527190243222109
A,sh000905,0.0,after_adj60,1312483.4465615554,0.08085578447641473,58.0,-0.2539871100765304,0.2082705976705529,0.03949999579970925,0.24874598772123857,0.8924558639023862,0.12717073990191385,32.0,3144.377481270256,50.0,8.0,42.0,16.0,0.0,0.07409165485369476,0.08741368821209423,-0.2695304326246937,-0.2539828422013985
B,sh000905,0.0,after_adj60,1643800.2894113006,0.09943464085627918,124.0,-0.3323557182650809,0.4606391265761942,0.052224529109589524,0.5109749343410481,0.8955865609429559,0.1552558683861594,79.5,7177.800123551941,81.0,26.5,83.5,40.0,0.0,0.09054187550104423,0.11347975557216625,-0.34764301027629074,-0.314676887170763
F,sh000905,0.0,after_adj60,3596259.433213715,0.0906812829160909,182.0,-0.32777298854650483,0.33793087284217904,0.04677331528497375,0.3843345638001176,0.8964078008582113,0.14254651982254224,111.5,18904.491146515647,131.0,34.5,126.0,56.0,0.0,0.08682778743999045,0.09504564033110185,-0.34934725249824783,-0.30821307949935445
A,sh000905,0.1,after_adj60,1294945.1055938452,0.07941238440159548,58.0,-0.22595711424143683,0.2092096145527308,0.023306642072513806,0.23356745543310037,0.8967067783623464,0.11685998454788021,30.5,2409.54860244276,50.0,8.0,42.0,16.0,0.0,0.07280897802891481,0.08600623710594893,-0.24870608212330264,-0.22595269657393421
B,sh000905,0.1,after_adj60,1649045.0692208118,0.09976869402015964,125.5,-0.3012810614388004,0.45983091480320676,0.02622095149055525,0.4844486693104536,0.8958308395839437,0.14582928337257978,76.0,5753.306802628,82.0,26.5,84.5,40.0,0.0,0.09039498254614078,0.11316528464853574,-0.3146736900159508,-0.2831583600024676
F,sh000905,0.1,after_adj60,3560876.3661594735,0.0901591389724824,183.0,-0.2959597676291842,0.3385436269575346,0.02525835151455027,0.36308716800304824,0.8980028864487801,0.13268969719156304,106.0,15067.99362941614,132.0,34.0,127.0,56.0,0.0,0.08632833974114051,0.09438505601580907,-0.3170367432736228,-0.2759590984249085
A,sh000905,0.2,after_adj60,1300821.3422693312,0.07989666954494945,58.0,-0.19735162858774502,0.210973219050983,0.012333863425127739,0.22259079850576824,0.8948881915736403,0.1084669259943612,20.0,1536.9268047911448,50.5,8.0,42.0,16.0,0.0,0.07087896178923603,0.0862816626200131,-0.2429012211478155,-0.19734927805871472
B,sh000905,0.2,after_adj60,1678268.4053707505,0.10158762169585933,126.0,-0.2862601369264236,0.4544720914319735,0.009583809134765003,0.46430480544328034,0.8970687244957003,0.1395504023446063,40.0,3631.4536786919225,83.5,26.0,85.0,40.0,0.0,0.0940156226992968,0.11698191068541103,-0.2949427558880105,-0.2672502527678052
F,sh000905,0.2,after_adj60,3587403.1258627325,0.09055014166200026,183.0,-0.2776341238477051,0.33918252010600025,0.010355391618948119,0.3492215558626669,0.8980251691708412,0.1260608662601993,61.0,9599.431521821807,132.0,34.0,126.0,57.0,0.0,0.08748483257327133,0.09521553824619022,-0.29743577637824253,-0.25882748966280955
A,sh000905,0.3,after_adj60,1303275.821391685,0.08009966880802188,58.0,-0.17767401567776425,0.21033959800763546,0.00677984442561501,0.21701237240781904,0.8960295081662258,0.10202401578026121,14.5,943.7769743690669,50.5,8.0,42.0,16.0,0.0,0.07132115180060901,0.08694396266411093,-0.24498417897210506,-0.16816291223205776
B,sh000905,0.3,after_adj60,1687073.6811343357,0.10212763455869811,126.0,-0.2845360126457537,0.45347314876055667,0.003689383389155332,0.4572431492468638,0.8969362328404697,0.1381916210755183,16.0,2215.196275591873,83.5,26.0,86.0,40.0,0.0,0.09408461664556336,0.11708599927483862,-0.2923838813784441,-0.2538861122390166
F,sh000905,0.3,after_adj60,3644486.5968812313,0.09138250092889844,183.0,-0.26735480551040275,0.3399154614353813,0.005000433143297612,0.34427886538807273,0.8981887101968116,0.12292157131620327,31.5,5704.245928024998,132.0,34.5,126.0,57.0,0.0,0.08653951942289521,0.09591436037958556,-0.29476113185314795,-0.2524126435600007
A,sh000905,0.5,after_adj60,1318884.0791802346,0.08137614832540041,58.0,-0.17700939442492386,0.20974878014186407,0.0007466655761405299,0.2104955227206839,0.8946486862875169,0.09467995431197627,7.0,299.21536100575656,50.5,8.0,42.0,16.0,0.0,0.07225061760417124,0.08758405309712977,-0.24494147720122034,-0.15361322645917938
B,sh000905,0.5,after_adj60,1712912.0268928334,0.10370741131225081,126.0,-0.28482882835784346,0.45316201888563573,0.00036329609605313,0.4535836546622639,0.8990071423468777,0.13775340749389042,6.0,713.9675643510802,83.5,26.0,85.5,40.0,0.0,0.09510012727319454,0.11675324831681216,-0.29269130925373466,-0.2541774002076222
F,sh000905,0.5,after_adj60,3668555.4703259068,0.09173447895543974,183.0,-0.2668697668757227,0.34040284588492886,0.0005127353063782315,0.34087310226695916,0.8975039928592523,0.11950017277865807,12.0,1798.884497795118,132.0,34.5,126.0,57.0,0.0,0.0876715523284503,0.09662877373970749,-0.29506524906980713,-0.2527111621753307
A,sh000905,0.0,after_adj120,1644862.4568647663,0.10536555045359353,57.0,-0.2539872877564212,0.2070910235788817,0.08718606997335494,0.2957115242733278,0.8977389549689163,0.1493861025957226,60.5,5096.406711731683,49.0,8.0,41.0,16.0,0.0,0.10035921033248038,0.11104252030686079,-0.2887710787843801,-0.25398492009464874
B,sh000905,0.0,after_adj120,1592797.3595403302,0.09618506450131081,125.0,-0.3323557182650809,0.4593553746434782,0.09763973352378863,0.5560950620530483,0.8927064570160193,0.16522825725840756,105.5,8288.650054473097,81.0,26.0,84.0,40.0,0.0,0.08752884233007277,0.11022463437253024,-0.34764301027629074,-0.314676887170763
F,sh000905,0.0,after_adj120,4343273.305288323,0.10070575717213381,181.0,-0.3277729885465046,0.3375675347565099,0.09245504200925513,0.4315877665765486,0.8991488898275435,0.15824585546494802,166.5,28227.284112928595,130.0,34.0,125.0,56.0,0.0,0.09758297188129812,0.10540522673096009,-0.3493472524982477,-0.30821307949935445
A,sh000905,0.1,after_adj120,1575453.3743967596,0.10064180656359689,57.0,-0.22595714720999427,0.20747786792305362,0.061028199160895025,0.2711585380922235,0.8960704259576042,0.13497833326459086,54.0,4274.201475640423,49.0,8.0,41.0,16.0,0.0,0.09631089184279744,0.10635953290674559,-0.26139704711718015,-0.22595478795522345
B,sh000905,0.1,after_adj120,1590127.902366931,0.09600881683172291,126.0,-0.3012810614388004,0.4595256756064059,0.060770105906759034,0.5184011046084998,0.8943844860366787,0.15302136454877444,103.0,7246.056252655833,82.0,26.0,85.0,40.0,0.0,0.08769503593132774,0.1103926973349548,-0.3146736900159508,-0.2831583600024676
F,sh000905,0.1,after_adj120,4251006.41022454,0.099560437958219,182.0,-0.2959597676291843,0.3387848830402156,0.060822517039850435,0.40006925445153485,0.8972306412941892,0.14536074968760665,155.5,23655.162070428385,132.0,34.0,126.0,56.0,0.0,0.0957938299215995,0.10397472551724393,-0.3170367432736227,-0.2759590984249084
A,sh000905,0.2,after_adj120,1543581.9620506745,0.09840841785820309,57.0,-0.1988064201799996,0.20927756119406887,0.040691649572495846,0.24943051214290513,0.8944124614630409,0.12253055226841557,44.0,3220.749442973363,49.0,8.0,41.0,16.0,0.0,0.0912151577295826,0.10398766276285978,-0.24504775603927076,-0.19734927805871472
B,sh000905,0.2,after_adj120,1615529.01010285,0.09764532467209697,125.5,-0.2862601369264236,0.4598867848504955,0.03308182886457666,0.4926987738730171,0.8957794175697114,0.14532375139701925,65.5,5216.140624513605,82.0,26.0,85.0,40.0,0.0,0.08891927683861212,0.11288991523843875,-0.2949427558880105,-0.2672502527678052
F,sh000905,0.2,after_adj120,4161141.165064742,0.09842240110739164,182.5,-0.2776341238477052,0.3405430872925831,0.03637600232218784,0.37587400272356297,0.8969754037235202,0.13521071509306126,105.5,16357.034423832967,132.0,34.0,126.0,56.5,0.0,0.09555838786299238,0.10256489104102748,-0.29743577637824264,-0.2600666590385991
A,sh000905,0.3,after_adj120,1516006.2040833426,0.09644471951502209,58.0,-0.1826172759735305,0.2103325816080603,0.025700225672894005,0.23570918120764953,0.8960707525470637,0.11247358854730355,31.0,2190.736068437599,50.5,8.0,42.0,16.0,0.0,0.08829013171893038,0.10166127060694936,-0.24511681755794032,-0.16816521938340506
B,sh000905,0.3,after_adj120,1669729.5602249978,0.10105962955473635,125.5,-0.2845360126457537,0.45951628575673825,0.019047315439024715,0.4772540130197227,0.8969599735930227,0.14185082388202933,37.5,3549.684282376399,82.0,26.0,86.0,40.0,0.0,0.09057838618919378,0.11403029055542652,-0.2923838813784441,-0.2538861122390166
F,sh000905,0.3,after_adj120,4142657.64747744,0.09818531902120575,183.0,-0.26735480551040264,0.34003114985258004,0.02216439270243905,0.3620725018635359,0.8982816127660771,0.1291178671798226,72.0,10966.96142039795,132.0,34.5,126.0,56.0,0.0,0.09375147613583783,0.1022416511291736,-0.29476113185314795,-0.2525190948983277
A,sh000905,0.5,after_adj120,1437349.8274030625,0.09065521877574012,58.0,-0.17700939442492392,0.20966072874057004,0.0096345394495731,0.21929523615716268,0.8946486862875169,0.09903461537012231,14.0,997.1923544557781,50.5,8.0,42.0,16.0,0.0,0.0816039332107732,0.09692424816896009,-0.24494147720122067,-0.1536132264591795
B,sh000905,0.5,after_adj120,1720282.907538728,0.10415332656477605,126.0,-0.28482882835784346,0.45323857174754006,0.002848102961014401,0.4552279249073954,0.8990071423468777,0.13833052798177586,16.0,1050.213022708138,83.5,26.0,85.5,40.0,0.0,0.09442417842864022,0.11630783306938698,-0.29269130925373466,-0.2541774002076222
F,sh000905,0.5,after_adj120,4031811.996343251,0.09674022960830819,183.0,-0.26686976687572245,0.3404892184235725,0.006185457269979709,0.3462929686378502,0.8974583309715871,0.12156127095859384,31.0,3347.2845662670843,132.0,34.5,126.0,57.0,0.0,0.09224851907659179,0.10063406400149302,-0.29506524906980724,-0.2527111621753308
A,sh000905,0.0,after_adj250,2155830.1956431842,0.13547145447721054,57.0,-0.2539872877564212,0.2061022823618875,0.175166940661886,0.3805550818806491,0.8977389549689165,0.17266265259178495,69.0,6641.336371793205,49.0,8.0,41.0,16.0,0.0,0.13042778319024448,0.14135442643980828,-0.2887710787843803,-0.25398492009464874
B,sh000905,0.0,after_adj250,1372754.2436293531,0.0809614418737179,123.0,-0.33388176075063214,0.45882938524026395,0.2007068249948007,0.6569454385611024,0.8942844857542417,0.17973204641674487,139.5,8584.158792181111,81.0,27.0,83.0,40.0,0.0,0.0729217755531502,0.09559910930080481,-0.34764301027629074,-0.31500306782987836
F,sh000905,0.0,after_adj250,4950355.278966425,0.10770811666548874,180.5,-0.32777298854650455,0.3378056102868014,0.18645613696609425,0.5253387217346017,0.8987030271630263,0.17645736619400265,209.0,37525.97149667506,130.0,34.0,124.5,56.0,0.0,0.10185064241237944,0.11173384747004778,-0.3493472524982476,-0.31432336227387087
A,sh000905,0.1,after_adj250,2004962.259071514,0.1273178356369622,57.0,-0.22595714720999427,0.20663462341493208,0.1379513185381503,0.34392370435204334,0.8960704259576044,0.15530368545088558,61.0,5740.05624002874,49.0,8.0,41.0,16.0,0.0,0.12302783078528001,0.133202200648719,-0.2613970471171799,-0.22595478795522345
B,sh000905,0.1,after_adj250,1386589.7387707166,0.08197576931735007,125.0,-0.3016021135584307,0.4579178029931286,0.1415856765141728,0.5988630357813378,0.8946961551635859,0.16462023477092702,134.0,7676.355554761707,81.0,27.0,84.5,40.0,0.0,0.07514557035830885,0.09755904010502309,-0.3170328727940956,-0.2835399835805032
F,sh000905,0.1,after_adj250,4763387.8058598535,0.1056428001876375,182.0,-0.29823218045470873,0.339467265878877,0.1383191468709961,0.47776092816703414,0.8989853917041493,0.1603139067195345,196.0,31755.644705169936,130.5,34.0,126.0,56.0,0.0,0.0992259426838918,0.10907791102678648,-0.31703674327362286,-0.28278191155714716
A,sh000905,0.2,after_adj250,1906478.7337455982,0.1216904255157859,57.0,-0.19880642017999967,0.20856160094400664,0.10518349888152018,0.31283575269822184,0.8944124614630409,0.1398336671508983,53.0,4572.576975709571,49.0,8.0,41.0,16.0,0.0,0.11465338449401123,0.12723299485264247,-0.24504775603927076,-0.19734927805871472
B,sh000905,0.2,after_adj250,1445683.580135604,0.0862358265811266,124.5,-0.28639080687755575,0.45905029769795347,0.09389359524128492,0.5506027887984479,0.8946391705388426,0.1536811627591276,98.5,6093.182214439332,81.5,27.0,84.0,40.5,0.0,0.07885353545066882,0.10215331926075068,-0.29601183871573633,-0.26750824152447955
F,sh000905,0.2,after_adj250,4661499.315539809,0.10448422130562085,182.0,-0.27934883079712425,0.33943917991333994,0.09831581468149611,0.4378820010281415,0.8988149698905427,0.1472003246605979,150.0,23463.592532315713,131.0,34.5,125.0,56.0,0.0,0.09669902640974229,0.10711540880831896,-0.29743577637824264,-0.26471346979885835
A,sh000905,0.3,after_adj250,1812161.4805108965,0.11605270642446786,58.0,-0.18261727597353045,0.2098035566416036,0.07829400129339828,0.28701374013200875,0.8960707525470637,0.1262951033923828,41.0,3417.9565335317293,50.5,8.0,42.0,16.0,0.0,0.10814568750296176,0.12171035141954777,-0.24511681755794035,-0.16816521938340506
B,sh000905,0.3,after_adj250,1487374.0755605525,0.08914643145917223,124.5,-0.2845360126457537,0.4591213516880852,0.06030399008609202,0.5177743696678392,0.8990647599478891,0.14729907479762339,68.5,4325.72879601745,81.5,26.5,84.5,40.0,0.0,0.08110543061969974,0.10485025844558425,-0.2945910286941725,-0.25395932075859934
F,sh000905,0.3,after_adj250,4628053.493090154,0.10409954104183894,183.0,-0.2679322699572082,0.3422681714994464,0.06731400396669673,0.4073634745780873,0.9000961793334186,0.1380204819965793,112.0,16245.319104215932,132.0,34.0,126.0,56.0,0.0,0.09887917313086465,0.10664173031170313,-0.294761131853148,-0.25277803169703045
A,sh000905,0.5,after_adj250,1617715.2132354244,0.10353979353499165,58.0,-0.17700939442492386,0.20940844011168985,0.041403025750727886,0.25113913732832616,0.8946486862875168,0.10645434356049494,23.0,1824.640505865338,50.5,8.0,42.0,16.0,0.0,0.09482374525269346,0.1100818227951864,-0.24494147720122067,-0.1536132264591795
B,sh000905,0.5,after_adj250,1650067.179808275,0.09983362036531152,126.0,-0.28482882835784346,0.45425208339896495,0.010748920635000717,0.46440262892896644,0.8982215437431997,0.13893665265855815,32.0,1470.187848675472,83.5,26.0,86.0,40.0,0.0,0.09135711567473155,0.11309966751494817,-0.29269130925373466,-0.2541774002076222
F,sh000905,0.5,after_adj250,4426562.012176002,0.10171702061019461,183.0,-0.26686976687572267,0.3401427422385599,0.025502193153993644,0.36378838350626586,0.8974583309715871,0.1252508316904387,53.0,5644.2966791818435,132.0,34.5,126.0,57.0,0.0,0.09688789558807347,0.10504703476562202,-0.2950652490698072,-0.2527111621753306
A,sh000905,0.0,ma60,15725131.946224634,0.38324525332670345,57.0,-0.29965514694522677,0.20549425394962048,0.49965470255161876,0.7058776058661809,0.8929690778968165,0.24533984114196114,148.0,422728.53547921154,49.0,8.0,41.0,16.0,0.0,0.3757795656738808,0.3933102831396789,-0.3150133637522922,-0.2995512875721481
B,sh000905,0.0,ma60,1124767.8999902732,0.060891856096510266,124.5,-0.3300915767043188,0.4595369241151143,0.2834125944437012,0.7430934144401876,0.8972609382258949,0.18655370177305547,231.5,60126.25804194418,82.0,26.5,84.5,40.0,0.0,0.056470257813549106,0.07835216440560447,-0.3475342885518006,-0.28541508917053826
F,sh000905,0.0,ma60,30438919.24377041,0.2096524950142038,181.5,-0.5099139697678958,0.3398209268328405,0.3882419441014293,0.7282277360516074,0.89768510557572,0.21773649310578028,379.0,2007477.0494990745,131.5,34.0,125.5,55.5,0.0,0.20472564596167703,0.2138577058446984,-0.5383532050847154,-0.4947029907611197
A,sh000905,0.1,ma60,12764571.845142767,0.3548797284560423,57.0,-0.27269484978424685,0.20553338107901375,0.44381599263273563,0.6497953198924347,0.8941341213605485,0.226053062240338,142.5,300532.9704158413,49.0,8.0,41.0,16.0,0.0,0.3476248361832971,0.36227392259478125,-0.29667910295881866,-0.2725794335659461
B,sh000905,0.1,ma60,1177512.1338418298,0.06547102160726881,125.5,-0.3124039053118252,0.46279185789052946,0.23399506103721165,0.6940658527638461,0.8955557895335218,0.1744257806437049,228.0,51717.84592778986,82.0,26.0,85.0,39.5,0.0,0.06017106427326813,0.08163102337449567,-0.3302482197564733,-0.2717578593839267
F,sh000905,0.1,ma60,25381821.98640296,0.19904664662034877,181.0,-0.47666450699031193,0.3414930824400061,0.3337634452956527,0.6762748369180103,0.8978128920636543,0.20170344596474687,368.0,1376353.341170701,131.0,34.0,125.0,56.0,0.0,0.1943504995170085,0.20337444482158287,-0.5075811864936277,-0.46292592051080683
A,sh000905,0.2,ma60,10369359.750907369,0.32719717949118743,57.0,-0.24042556451130292,0.20919792172699048,0.3871778848597618,0.596159123648279,0.89619087107416,0.20699091312330956,128.0,205471.38637008937,49.0,8.0,41.0,16.0,0.0,0.3196092728467385,0.3365353129535297,-0.27581640175395405,-0.2404255238851234
B,sh000905,0.2,ma60,1233262.0450958037,0.07012109786593768,125.0,-0.2962919677714608,0.4608375860916105,0.1877948486459301,0.6463949112422138,0.8943245870590624,0.1640733511958926,194.0,42873.60868188895,82.0,26.0,85.0,39.5,0.0,0.0630466599186065,0.08640246605222138,-0.31452182698922065,-0.256254468940907
F,sh000905,0.2,ma60,21853449.793503094,0.19037955242158267,182.0,-0.43982897431380547,0.3432330146623605,0.2830443259838986,0.6249876212760018,0.8978164575456489,0.18658928069030217,318.5,931685.1075362007,132.0,34.0,126.0,56.0,0.0,0.18499515924096693,0.19417035792875176,-0.4732797620674624,-0.4250571521815524
A,sh000905,0.3,ma60,8417174.893939182,0.2999817249711586,58.0,-0.22427588478421373,0.20788977089658633,0.3363071006690781,0.5442343541577958,0.8898705851746833,0.1883492657432684,116.0,139266.3257010073,50.0,8.0,42.0,16.0,0.0,0.2931172900274483,0.3086785758777048,-0.26067055433772607,-0.2242735266716803
B,sh000905,0.3,ma60,1298111.0427475867,0.07529106116807682,125.5,-0.2822235176731,0.4592434880900864,0.14761780203576613,0.6032439073435731,0.8941563949977287,0.15600268341730328,173.5,34400.75580851752,81.5,26.0,86.0,40.0,0.0,0.06757367974519997,0.09151960266508224,-0.3008172768635731,-0.254373627897106
F,sh000905,0.3,ma60,18601870.278129242,0.18112012125933763,182.0,-0.4051554008715461,0.34175439616159725,0.23719060014615923,0.5779972065258177,0.896176483393565,0.17304180288505291,285.0,608836.8509921952,131.5,34.0,126.0,56.0,0.0,0.17582234574703087,0.18432954737744317,-0.4395329615672272,-0.38669806461040074
A,sh000905,0.5,ma60,5110618.2618545685,0.2371180860449329,58.0,-0.20698317730219018,0.20948157991914296,0.23682199950377547,0.44600719815157724,0.8957117983174344,0.15303098318233704,81.0,56694.546377616934,50.5,8.0,42.0,16.0,0.0,0.22831466408087503,0.24594814000315815,-0.24552696662313783,-0.2069807163338733
B,sh000905,0.5,ma60,1455220.286075559,0.0869062830945212,125.5,-0.28080559659444543,0.456104913154829,0.07642189958565328,0.531954957635323,0.8997333466856253,0.14460469902214587,119.0,19030.32946788946,81.5,26.0,85.0,40.0,0.0,0.07780961482419393,0.10131435384099027,-0.29285404655252945,-0.2542478862671896
F,sh000905,0.5,ma60,12368443.183688965,0.15798266420417517,182.5,-0.33045616855220433,0.340502257120029,0.15374823934195558,0.49334746009477826,0.8980336644452318,0.14907858380314443,195.5,211733.8021606058,131.5,34.5,126.0,56.0,0.0,0.1526207774277945,0.16101385739976093,-0.3691467606139726,-0.3096819986917396
A,sh000905,0.0,ma120,8922564.947421413,0.30753240084108846,57.0,-0.5083429675689473,0.205720353784712,0.5316897083218588,0.7369973298260479,0.8922295007473924,0.2591679175985757,129.0,320918.7238687899,49.0,8.0,41.0,16.0,0.0,0.29853003524649124,0.3159705081258241,-0.5109109615830241,-0.5082516635653808
B,sh000905,0.0,ma120,1260344.5049678506,0.07230993216792858,123.0,-0.30661329642904755,0.45859280572263117,0.3025781294195962,0.7582214503770459,0.8884540716106004,0.18563274672230576,206.5,56618.36338899787,81.0,27.0,83.5,39.0,0.0,0.06545058797642489,0.08948867281231786,-0.3245904946790278,-0.2749507230982375
F,sh000905,0.0,ma120,19089100.71940405,0.182601255155029,181.0,-0.6029168613079214,0.3384031195052404,0.41338813901593546,0.752135272086986,0.8986123313455738,0.2251546605295127,335.0,1143346.3414397058,131.0,34.0,124.5,56.0,0.0,0.17777417746744345,0.187016993307037,-0.6279028152797921,-0.5911708667489871
A,sh000905,0.1,ma120,7739933.789004387,0.28919493774528315,57.0,-0.46997728832027347,0.2061000825003449,0.47501208392817296,0.681385330043488,0.8948165386561786,0.239906144124377,121.0,243152.49936491504,49.0,8.0,41.0,16.0,0.0,0.27992207628292587,0.29783214497568744,-0.4701913130185252,-0.46973866809887405
B,sh000905,0.1,ma120,1290030.3060570597,0.07465928261233234,124.0,-0.29624217974730854,0.4575886129440626,0.25144332600855934,0.7060698281987703,0.8887517619681617,0.17379976683802015,204.5,47189.16353983438,81.0,27.0,84.0,39.5,0.0,0.06875418116662202,0.09370193770251228,-0.3144862746673911,-0.2547442961526891
F,sh000905,0.1,ma120,17143839.022766095,0.17645576377277483,181.0,-0.5692074160931706,0.33828009872606724,0.358921755572916,0.6987528974307731,0.897295162061259,0.20932851014324827,325.5,836951.6797133286,130.0,34.0,124.5,56.0,0.0,0.17121365596772975,0.18064799355181888,-0.5944085834487655,-0.5560339007737378
A,sh000905,0.2,ma120,6743649.920001887,0.2716694880556002,57.0,-0.422491973416545,0.20802958853348447,0.4189525510969477,0.6269821396304323,0.8931983442557582,0.22060015224306806,112.5,179826.1732748651,49.0,8.0,41.0,16.0,0.0,0.2631758467086059,0.28045896682919247,-0.42249209697447615,-0.42249184353724023
B,sh000905,0.2,ma120,1345920.4234931553,0.07895582618320718,125.0,-0.2857355908965199,0.46044489362395946,0.20208449664168404,0.6583799108690918,0.8924598663014112,0.16399012229645954,175.5,38090.83204962565,81.5,26.0,85.0,39.5,0.0,0.07179328529958615,0.09737298395868949,-0.30425004180714493,-0.2546825183775561
F,sh000905,0.2,ma120,15563399.443811402,0.17095261153913444,182.5,-0.5279305359614131,0.3399287125314735,0.3064840505880403,0.6464788157042531,0.8991493960617812,0.1941755719550427,284.0,604884.4966807764,131.0,34.0,126.0,56.0,0.0,0.16570241392396023,0.17551232733911631,-0.5552343810924519,-0.5132749305798535
A,sh000905,0.3,ma120,5825677.95298289,0.2533190730575312,58.0,-0.37499163527783363,0.20889898573244234,0.3654131755989896,0.5743559237651694,0.8963368497251418,0.20175946427131658,99.5,130738.53804781391,50.5,8.0,42.0,16.0,0.0,0.24528944342094827,0.2618920539256101,-0.37499173172968214,-0.3749915002049254
B,sh000905,0.3,ma120,1399024.4324769224,0.08288786036956974,125.5,-0.284139250608116,0.4601058407068799,0.1576434533610816,0.6124367465753411,0.8988559771981266,0.1559543489255979,157.5,30429.08656414695,82.0,26.0,86.0,40.0,0.0,0.07657575424593221,0.10079752104977698,-0.2955281703162292,-0.2546208998783783
F,sh000905,0.3,ma120,13915933.169033475,0.16461971914641504,183.0,-0.4860350696589568,0.34008356966315956,0.2572093331182931,0.5970430706854959,0.8989170519408771,0.1803419511319794,256.5,418510.64376053726,132.0,34.0,126.0,56.0,0.0,0.15880286552034828,0.16918479017473215,-0.5157576672585941,-0.47008023538692145
A,sh000905,0.5,ma120,3998095.3244963954,0.20731319899580924,58.0,-0.2730174265347166,0.20908073994800008,0.2642104276493869,0.4737067047409597,0.8943871602897396,0.16492440067204595,80.0,61093.31373068331,50.5,8.0,42.0,16.0,0.0,0.198628894498319,0.215867276875339,-0.2730175086888575,-0.27301730466492485
B,sh000905,0.5,ma120,1528835.9595714773,0.09196546449942988,125.5,-0.2850900256589259,0.45735772285345644,0.07807141168272584,0.534053570217103,0.8986884264595787,0.14478022547439828,109.0,16290.732530692923,82.0,26.0,85.0,40.0,0.0,0.08378529424828007,0.1065919643085599,-0.2929977996724826,-0.25442471605986416
F,sh000905,0.5,ma120,10271191.393465241,0.14760059699165784,183.0,-0.3951144230000401,0.3400506457555075,0.1680849974798124,0.506308852353256,0.8976493915887347,0.1550224015464936,185.0,165886.41115102894,131.5,34.5,126.0,56.0,0.0,0.14196357525876885,0.15052308546466206,-0.43020393008052726,-0.37634053258018557
A,sh000905,0.0,ma200,9692567.755600495,0.3183162949581331,58.0,-0.4533357883478982,0.20400767127142638,0.5630318031590682,0.7681476959867453,0.8922629601725056,0.2714785000953629,97.0,254562.34798352758,50.0,8.0,42.0,16.0,0.0,0.30950743760752897,0.32886146634547114,-0.45716116636688164,-0.4531902655647639
B,sh000905,0.0,ma200,1379005.7673344864,0.08142398625691927,126.0,-0.31742435987413636,0.4633667450760288,0.3276179384885006,0.7893999166365215,0.9006057941122636,0.19222556118817927,173.5,31029.473537400605,82.0,26.0,84.5,40.0,0.0,0.07491735215834723,0.09695010053638584,-0.33514848901358557,-0.27418599082889156
F,sh000905,0.0,ma200,22821620.961532936,0.1928830008527791,183.0,-0.605069318709109,0.34010802451734656,0.4431720075289685,0.7826939093209928,0.8997669898141447,0.23443788866628762,271.0,759819.156483839,131.5,34.5,126.0,56.5,0.0,0.18788512754851056,0.1979102027072215,-0.6301962753702318,-0.5947773596732151
A,sh000905,0.1,ma200,8661756.181851929,0.3036844719747842,58.0,-0.4151982817663999,0.20770980841602954,0.5076946380819375,0.7148266652601354,0.8943740340019709,0.2536303183776441,89.0,199147.9467406043,50.0,8.0,42.0,16.0,0.0,0.2929829150702733,0.31380005539070865,-0.4155660193187182,-0.41499734767553575
B,sh000905,0.1,ma200,1432235.485710543,0.08527157806245012,125.5,-0.3037197851334588,0.4628199810714034,0.27373161716172156,0.7359437131930735,0.9003644865722282,0.17979221562289338,169.5,25931.41577012902,82.0,26.0,85.0,40.0,0.0,0.07533841220641606,0.098685868120584,-0.3217855601713255,-0.2599430019556572
F,sh000905,0.1,ma200,20711816.720428035,0.1872844083266344,183.0,-0.5691772498824466,0.3413416009963733,0.38690571231015125,0.7282133617211984,0.8992572454649204,0.21910724887767813,258.5,569842.8041123527,132.0,34.5,126.0,57.0,0.0,0.18120568847188245,0.19170388599117058,-0.5962560273843688,-0.5579606167447317
A,sh000905,0.2,ma200,7714145.840666915,0.2887675855797279,58.0,-0.3666441330496782,0.20772084567068028,0.4562138684056142,0.6624586546038662,0.8945062005818736,0.2361501992566038,87.0,153117.41461272404,50.0,8.0,42.0,16.0,0.0,0.27812798790151394,0.2983242068600602,-0.36664430526257136,-0.3666439902243578
B,sh000905,0.2,ma200,1442218.617510964,0.08599300373216734,125.5,-0.2902995453249604,0.46072334464042825,0.22141083233000086,0.6807260212534036,0.8963171735412343,0.16822824848015605,145.5,21353.208444174354,82.0,26.0,86.0,40.0,0.0,0.07760337424858574,0.10068277932662044,-0.308706216869727,-0.25468712869238647
F,sh000905,0.2,ma200,18731327.117371403,0.181513574369071,183.0,-0.524502698242575,0.3405765368366668,0.3346633674840761,0.6751903385769338,0.8978626588015017,0.20456564025040236,233.0,421903.51664085535,132.0,34.5,126.0,57.0,0.0,0.17572647451522994,0.1864719169634414,-0.5540618595867555,-0.5119618643678921
A,sh000905,0.3,ma200,6802021.105685066,0.27275862907613646,58.0,-0.32025032373151147,0.2094626984353478,0.4031789379212227,0.6116022502324852,0.8944737392176714,0.2189194174692129,77.5,113326.93066725378,50.5,8.0,42.0,16.0,0.0,0.2639525482912332,0.2811627241840595,-0.32025046626251474,-0.32025016837059733
B,sh000905,0.3,ma200,1468950.672354403,0.08787053658542754,125.5,-0.28147778533406614,0.45956744319869436,0.17316432763766215,0.6298908889089865,0.8961458119105385,0.15891807778117456,136.5,17248.21045595695,82.0,26.0,86.0,40.0,0.0,0.07946645032068873,0.10322841613681552,-0.2961134485712798,-0.2534460484085192
F,sh000905,0.3,ma200,16804239.400706153,0.175314072758039,183.0,-0.48008367410127706,0.34128400134912407,0.28397130001507576,0.6244635177738787,0.8980005587466167,0.19099178725023847,214.5,303038.63588663784,132.0,34.5,126.0,57.0,0.0,0.16970333985143599,0.17994478895027272,-0.5123957828366529,-0.46637373161806056
A,sh000905,0.5,ma200,4876845.634601388,0.2313786111797852,58.0,-0.26243962610301463,0.20925461690784433,0.3028240182496029,0.5131382251079966,0.8944090735517658,0.1848080293831642,59.0,53534.33713667288,50.5,8.0,42.0,16.0,0.0,0.2222245682232185,0.24013726405528707,-0.26244011943891554,-0.2624367078335091
B,sh000905,0.5,ma200,1564523.321322902,0.09433682869241111,125.5,-0.28121485139599955,0.4572762298046543,0.08499135872586046,0.5418740008175563,0.8981639725874249,0.14542204538104464,91.0,9278.12380190162,82.0,26.0,85.0,40.0,0.0,0.08402243028172703,0.10742264690187794,-0.29328462333684385,-0.2546378525625279
F,sh000905,0.5,ma200,12511711.92717268,0.1586302086897492,182.0,-0.38780018683686485,0.3408754163451848,0.19111063287372937,0.5299568433318299,0.8976755059897308,0.166096747150248,151.5,129215.04328674651,132.0,34.5,126.0,57.0,0.0,0.15337911411495508,0.16317122282438531,-0.42320730712785887,-0.368794424041224
A,sh000905,0.0,ma250,7666572.6509841,0.2879663872527499,58.0,-0.5029908073454815,0.20483855774809434,0.5883051605423983,0.7941157318458429,0.8954864903422846,0.2751996091380754,100.0,227239.73691631155,50.0,8.0,42.0,16.0,0.0,0.2794680200827049,0.2981074030360233,-0.5066067860972283,-0.5028633264505802
B,sh000905,0.0,ma250,1239784.1385842843,0.07065072964471186,125.5,-0.3413393357720933,0.4620616048927545,0.3225931708288735,0.7828638483777555,0.8971072881335477,0.19153352610863728,180.0,36963.42259641012,82.0,26.0,86.0,39.5,0.0,0.06305997336382274,0.08526681894339094,-0.35842811511419315,-0.2995571120682207
F,sh000905,0.0,ma250,16080088.660941273,0.17280652754057635,182.5,-0.6525502688557838,0.3403652095860533,0.4505681998805824,0.7912682813798664,0.8977619695738328,0.23642941277906587,281.0,691748.760406143,132.0,34.0,126.0,56.0,0.0,0.16787303609536533,0.17591836138601313,-0.6746575008702415,-0.6435029489170436
A,sh000905,0.1,ma250,7010826.667077685,0.2765858610356893,58.0,-0.46253666130769644,0.2056722881747362,0.5295832287627786,0.7370558039464516,0.8954147960109102,0.25612658494627594,92.0,179503.9180368583,50.0,8.0,42.0,16.0,0.0,0.26773389339695397,0.28470856965480745,-0.4628165085565509,-0.46230906898070856
B,sh000905,0.1,ma250,1271228.345529984,0.07317614693496488,125.5,-0.3259953938953989,0.46127264610717333,0.2688664792603337,0.7283692457379976,0.8969304304846608,0.17900352691139765,175.0,32307.12733630162,82.0,26.0,86.0,40.0,0.0,0.06553031621614824,0.0877895135779557,-0.34347032425879637,-0.2833062863366906
F,sh000905,0.1,ma250,15039796.550921734,0.1690123546132004,183.0,-0.6156552231196194,0.3414773695517081,0.39448656646234387,0.7357142615011356,0.8970470861507285,0.2203692213419193,268.0,544454.5575267707,132.0,34.0,126.0,56.0,0.0,0.16335056340651835,0.17144481576333898,-0.6397382939283845,-0.6056022684283612
A,sh000905,0.2,ma250,6384196.13305432,0.2647689816952472,58.0,-0.41128060542781786,0.20792103491097932,0.4750810690804934,0.6812390370989734,0.8952668778387682,0.23703940398048096,87.0,139839.83170509888,50.0,8.0,42.0,16.0,0.0,0.25429107417205665,0.2740800990126345,-0.4112807781970319,-0.4112804787361202
B,sh000905,0.2,ma250,1310006.164391444,0.07621523342006653,125.5,-0.31082810745524914,0.4599340764452188,0.2165632416658292,0.674408362410839,0.8968849021598966,0.16783027430814174,161.5,27567.664193474528,82.0,26.0,86.0,40.0,0.0,0.06906013079505438,0.09086561205822605,-0.3286909124538682,-0.2672062876737261
F,sh000905,0.2,ma250,14068621.94315296,0.16523583161165678,182.5,-0.5696189684232513,0.3407931994744477,0.3398912076223525,0.6807346562392858,0.8975986322578072,0.20498198670270923,248.5,421326.80776881834,132.0,34.5,126.0,56.0,0.0,0.15974147809372938,0.1683070592326025,-0.5963550063147147,-0.5582748035077071
A,sh000905,0.3,ma250,5738391.512407962,0.2514413154664026,58.0,-0.3611262273436628,0.20961790106399533,0.41758188643237726,0.6258527529103179,0.8951276171250359,0.21867878605270616,75.5,104858.95741163287,50.5,8.0,42.0,16.0,0.0,0.24279561768853614,0.25971372123046543,-0.361126367748743,-0.36112608283286113
B,sh000905,0.3,ma250,1357920.3279757472,0.07985787448663528,125.5,-0.295625464939017,0.45877662164252375,0.16895002251387867,0.624455889173974,0.8965313268009116,0.1586143786997558,152.0,22704.668921865417,82.0,26.0,86.0,40.0,0.0,0.07228525433923672,0.09479313751315055,-0.3138804771607789,-0.25452459665234384
F,sh000905,0.3,ma250,13063556.212023843,0.16105604751294522,183.0,-0.5226843190080376,0.3416237161192741,0.2875217359047262,0.628535998916461,0.897462386601519,0.1907324572481415,228.5,312755.90360345587,132.0,34.5,126.0,56.0,0.0,0.1556978115581638,0.16477671873488314,-0.5523315666309971,-0.5101040733031313
A,sh000905,0.5,ma250,4288196.776422732,0.2157434146797036,58.0,-0.26921591460310507,0.20934134519849115,0.31013183909516995,0.520534623753475,0.8948531995058426,0.1832672162325284,59.0,52060.94843591111,50.5,8.0,42.0,16.0,0.0,0.20691247372327776,0.22445147790921022,-0.28948187084961996,-0.26921271488113924
B,sh000905,0.5,ma250,1470672.4266689671,0.08798862068915791,125.5,-0.28097354748380293,0.4576969113379961,0.08069589043120605,0.5367795554740057,0.895910118648575,0.1447312149796376,112.0,12844.419847855532,82.0,26.0,85.0,40.0,0.0,0.0797231342469041,0.1023900838189657,-0.29304808594923704,-0.2544042375406874
F,sh000905,0.5,ma250,10531255.947185935,0.14899287250611803,182.5,-0.4235504361613161,0.340391118593086,0.19223951706712233,0.5313508546330474,0.8984699062813702,0.16519646139233002,172.0,139968.42989596474,132.0,34.5,126.0,57.0,0.0,0.1436686740040741,0.153245648199758,-0.4568772442672123,-0.4056602644222724
A,sh000905,0.0,dd20,536817.9631324038,-0.010994038995691402,57.0,-0.6304822525418556,0.2087604175900537,0.23047286863998612,0.43920286488149274,0.8966264783811128,0.25120920529657226,102.0,28925.077315928997,49.0,8.0,41.0,16.0,0.0,-0.015238601237640004,-0.006087702892433985,-0.6304828437684589,-0.6304787991340572
B,sh000905,0.0,dd20,1616938.781739967,0.09773642691813378,126.0,-0.3145657165898268,0.4508079993790353,0.09227758501123581,0.5431803492912958,0.8944810644131564,0.1728888333492089,103.0,21802.06097747502,82.5,26.5,86.0,40.0,0.0,0.09027300917766104,0.1116681208843553,-0.3260570152165091,-0.2851435995846214
F,sh000905,0.0,dd20,1942686.483187154,0.05860382863364122,182.0,-0.6304822525418556,0.3387775757235604,0.15601547791255588,0.49459472611787425,0.8973361540049842,0.21196837869180796,203.0,53483.22551273653,131.0,34.0,125.5,56.0,0.0,0.05326749021978352,0.06242233364560679,-0.6304828437684589,-0.6304787991340572
A,sh000905,0.1,dd20,605089.6334856428,0.0008358152978253375,57.5,-0.582252782813995,0.2106451360788958,0.19602835705674537,0.4072270600342732,0.8928713590323211,0.22514016137237441,96.0,26371.551079421177,49.0,8.0,41.0,16.0,0.0,-0.003514913728711744,0.006057341096719674,-0.5822531047459059,-0.58225012629065
B,sh000905,0.1,dd20,1641172.94994661,0.09927246520941968,126.0,-0.2943622315127461,0.4511931566441153,0.07276629690411163,0.5236440930974589,0.8973457375901538,0.16344344655806375,91.0,17539.95269776258,83.5,26.0,86.0,40.0,0.0,0.09050514938788443,0.11201167781059816,-0.30641326507078465,-0.264692762216894
F,sh000905,0.1,dd20,2151235.174235497,0.06384802048884419,182.0,-0.582252782813995,0.3391143214834702,0.12952032166070465,0.4690160409048989,0.8981678752258851,0.19374889783510743,188.0,47813.096130344944,132.0,34.0,125.5,56.0,0.0,0.05735382171417436,0.06733229194913645,-0.5822531047459059,-0.58225012629065
A,sh000905,0.2,dd20,681318.1319342678,0.012704196866764494,57.0,-0.5295692508889338,0.21099947068624975,0.16580768820684977,0.3764418406880711,0.8972878187499487,0.20074355264240462,84.5,23637.944191108334,49.5,8.0,41.0,16.0,0.0,0.005783919087778422,0.017616338883984953,-0.5295696006824238,-0.529567200840085
B,sh000905,0.2,dd20,1638141.081116829,0.09907675371714975,126.0,-0.2872159258129367,0.45204451493718945,0.05849461671420093,0.5108103044033703,0.8980973290563916,0.15637256112484926,65.0,13562.002578498625,83.5,26.0,85.0,40.0,0.0,0.0907104490200421,0.11327059457555394,-0.29583450782545,-0.25709860085820707
F,sh000905,0.2,dd20,2305198.518897985,0.06741275749305398,181.5,-0.5295692508889338,0.3387825770600177,0.10790482108071725,0.4463950123727103,0.8994405395827684,0.17777184340428392,147.0,41318.84066228163,131.0,34.0,125.5,57.0,0.0,0.06308866492952736,0.07153771684200057,-0.5295696006824238,-0.529567200840085
A,sh000905,0.3,dd20,752186.5896553751,0.022708549826015556,57.0,-0.4727706566587715,0.21059858294437656,0.1391878779687556,0.3490754682585946,0.8971425720933813,0.17855867941019554,79.0,20734.786591671218,49.0,8.0,41.0,16.0,0.0,0.016323346752998447,0.02809787916724116,-0.47277103518291075,-0.4727684347629574
B,sh000905,0.3,dd20,1649573.2861921387,0.09979691929213896,126.0,-0.2851149837901438,0.4523746722261519,0.049293189291216774,0.5018983600556755,0.8979868234679449,0.1515728531606828,49.0,10460.995927675107,83.5,26.0,85.0,40.0,0.0,0.09119230315167333,0.11372870172037022,-0.2928816177848914,-0.25445532054056097
F,sh000905,0.3,dd20,2473688.4133939412,0.07107664358517418,182.5,-0.4727706566587715,0.3397337786804029,0.0907698199094486,0.4307579092786775,0.898389116404489,0.16418337480142464,126.0,35163.12055368827,131.0,34.0,126.0,57.0,0.0,0.06653708651646395,0.07593305275428268,-0.47277103518291075,-0.4727684347629574
A,sh000905,0.5,dd20,910724.5055487647,0.04232221061063268,58.0,-0.34551958268641186,0.21050796980226652,0.09053910035544743,0.301047183228782,0.8876843501981118,0.1393073473663058,69.0,14968.140404602993,50.5,8.0,42.0,16.0,0.0,0.033847716695588614,0.048302220206320315,-0.3455200222998618,-0.3455169940405234
B,sh000905,0.5,dd20,1681716.6029518028,0.10179915126247285,126.0,-0.28503400127601475,0.4525809119087254,0.032270314118117455,0.4849016628234327,0.899081968447353,0.14448232843185776,36.0,5204.9679873588975,83.5,26.0,85.0,40.0,0.0,0.09238020001397351,0.11429034330412903,-0.2928287072606293,-0.25437667911410566
F,sh000905,0.5,dd20,2844765.192341877,0.07835858342511415,183.0,-0.34551958268641186,0.3401935718825278,0.0589653744532922,0.3991970263246577,0.898530586273856,0.14156398021323502,102.0,22527.859616260448,132.0,34.0,126.5,57.0,0.0,0.0746424951671184,0.08303275907932703,-0.3455200222998618,-0.3455169940405234
A,sh000905,0.0,dd30,866847.8496314064,0.037218704820021764,59.0,-0.5739847579467938,0.20886375673518226,0.14245878318089858,0.3520023429345457,0.8850675684962311,0.2193410179605865,93.0,27141.60385127582,51.5,8.0,43.0,16.0,0.0,0.02871347456249773,0.04357270491582803,-0.5739854395691144,-0.5739807765294757
B,sh000905,0.0,dd30,1600093.44849083,0.09665658923267817,126.0,-0.30415943866587763,0.4545560184198747,0.05265535877994289,0.5071335264439483,0.8970576940291559,0.1646238954391929,35.0,5034.618607595863,83.0,26.5,85.0,40.5,0.0,0.0888130797517013,0.11004453146356268,-0.31331021153718464,-0.27408994390516084
F,sh000905,0.0,dd30,3026601.801697161,0.08160214419674827,184.0,-0.5739847579467938,0.33944913380302555,0.09261806641437223,0.43199410463662324,0.896337467115861,0.19000795620203254,125.0,34370.50373088589,134.0,34.5,127.0,57.0,0.0,0.07763778836438746,0.08622693097923013,-0.5739854395691144,-0.5739807765294757
A,sh000905,0.1,dd30,893321.2544972621,0.04032738540276537,59.0,-0.5280743003144046,0.20969429579348697,0.12334999221875462,0.33303643274918615,0.8899476090191392,0.19867856022283642,87.0,22966.27280422466,51.0,8.0,43.0,16.0,0.0,0.03152316433778431,0.04735756032839611,-0.5280746639991831,-0.5280712992538906
B,sh000905,0.1,dd30,1567064.6320310193,0.09449802591025436,125.0,-0.2931754970370415,0.45664190122871695,0.04332592049307634,0.5002082789969569,0.8984416146614884,0.15889094824389924,29.0,3747.9350619210854,82.0,27.0,85.0,41.0,0.0,0.08538103103686685,0.11047460248611941,-0.3025789745474403,-0.263096939177359
F,sh000905,0.1,dd30,3027201.8277409226,0.08161256492754754,184.0,-0.5280743003144046,0.340616114830208,0.07925567462014099,0.41982426534014183,0.8983050583779572,0.176598115806618,115.0,28143.06020841335,133.5,34.5,127.5,57.0,0.0,0.0754023007794373,0.08650163904859227,-0.5280746639991831,-0.5280712992538906
A,sh000905,0.2,dd30,925962.1288457186,0.04404016509614728,58.0,-0.47803112748006327,0.21039868880144713,0.1048555332639412,0.3152937187786222,0.894161856589827,0.17915034809255512,73.5,19546.247943730617,50.5,8.0,42.0,16.0,0.0,0.03474629586249696,0.050764744088626926,-0.47803151559517143,-0.47802885283818064
B,sh000905,0.2,dd30,1618258.3960391106,0.09782000861140794,125.5,-0.28713670003479175,0.45125207757474367,0.03678119650716086,0.48792806116724424,0.8983929531895494,0.15336802626690565,17.0,2823.020237155094,83.0,26.0,85.0,40.0,0.0,0.08868726289708409,0.11076294089358878,-0.2961473991749153,-0.2566582813353548
F,sh000905,0.2,dd30,3050981.00931531,0.08202212264136077,183.0,-0.47803112748006327,0.33960128197514833,0.06714001519679685,0.4067544072947298,0.8979353757577517,0.16417612499118223,87.0,22979.96657699663,132.5,34.0,126.5,57.0,0.0,0.07802130336923414,0.08649482761547285,-0.47803151559517143,-0.47802885283818064
A,sh000905,0.3,dd30,965441.1068576671,0.04838056858708195,58.0,-0.4248507677348019,0.20984241984508994,0.08797745573545268,0.2976133163165824,0.8823597857671515,0.16102516015304053,66.0,16584.0864087231,50.5,8.0,42.0,16.0,0.0,0.03956352721606164,0.054814077476978376,-0.42485118066292515,-0.4248483438913482
B,sh000905,0.3,dd30,1627655.0628595287,0.09841886072192885,125.5,-0.2850455553588579,0.45196233534369745,0.03146924905385097,0.48343210569713696,0.8990433913951457,0.1497412322003684,9.0,2286.5058112437227,83.0,26.0,85.0,40.0,0.0,0.08944811299691832,0.11126529515364131,-0.2928362559379422,-0.2543878991882063
F,sh000905,0.3,dd30,3095129.5098440694,0.08277672137039227,183.0,-0.4248507677348019,0.3397962632569339,0.05674908409843463,0.39643827957106836,0.8985845074864922,0.15362298967125254,73.0,19471.384112398868,132.5,34.0,126.5,57.0,0.0,0.07886026552729886,0.08743249274522666,-0.42485118066292515,-0.4248483438913482
A,sh000905,0.5,dd30,1055839.3477028375,0.0577433011080265,58.0,-0.3073697993652511,0.21027461914702272,0.05671160077749264,0.26698632951675894,0.8960140158041523,0.12863878336282275,53.0,11538.442715910514,50.5,8.0,42.0,16.0,0.0,0.04900894348894804,0.06381601311642815,-0.30737026460368233,-0.3073670598277382
B,sh000905,0.5,dd30,1644804.9225899628,0.09950321071307744,125.5,-0.2849840298587506,0.45228357931503294,0.021812615545080138,0.47408540876419925,0.8989207244021276,0.14408176437649006,9.0,1499.5388623279962,83.5,26.0,85.0,40.0,0.0,0.09097075824599657,0.11285967707299165,-0.2927960602529643,-0.2543281522729289
F,sh000905,0.5,dd30,3220998.2908863453,0.08487032754184409,183.0,-0.3073697993652511,0.34025030607067475,0.03723581718117672,0.3774895317535021,0.8985178691606229,0.13597929423542868,60.0,13333.54695754643,132.0,34.5,126.0,57.0,0.0,0.08064372225719973,0.08957653171858818,-0.30737026460368233,-0.3073670598277382
A,sh000852,0.0,always,5428024.504488514,0.24454739987014396,58.0,-0.7080690599981032,0.20576882060455676,0.7937600843775654,0.9995384385356725,0.8771082431436014,0.3450411063207459,113.0,17859.747758021324,49.5,8.0,43.0,15.0,0.0,0.24118465510238318,0.2515350468046471,-0.7080695257457115,-0.7080663444669613
B,sh000852,0.0,always,820010.4417273665,0.029817553723820556,123.5,-0.5107241907822455,0.4489749970788782,0.5505796595048735,0.9995547143823196,0.88948601674395,0.24500586806041957,220.0,5826.309116161547,80.5,26.5,84.5,38.0,0.0,0.024415145415310136,0.04329047076365874,-0.5233484388266147,-0.4925528958511889
F,sh000852,0.0,always,10325936.965065539,0.14789635888139507,180.5,-0.7080690599981032,0.3344281538232727,0.6652359699439649,0.99974355738363,0.8927237980208704,0.29548382604997214,328.5,78435.61376718932,130.5,34.0,127.0,53.0,0.0,0.141304045308,0.15342731870386211,-0.7080695257457115,-0.7080663444669613
A,sh000852,0.1,always,5034335.214473862,0.2352746550694026,57.0,-0.6811509719879283,0.20613102419749238,0.7058694165374182,0.9119590423262596,0.8963948320346462,0.3160476930406748,98.0,15467.605057946837,49.0,8.0,41.0,16.0,0.0,0.2288506760851136,0.2401780214371322,-0.6811512171934624,-0.6811488588515238
B,sh000852,0.1,always,880771.1725478473,0.03676733540846111,122.0,-0.457762242509383,0.45907052220966044,0.4388779366345409,0.8979589859325474,0.8965783698417249,0.22034156002926303,202.5,6131.30784749791,79.5,27.0,82.5,39.5,0.0,0.0335999363881617,0.04697800299385008,-0.4741723881533546,-0.4287567810935422
F,sh000852,0.1,always,9908520.997639269,0.1455984511252716,178.5,-0.6811509719879283,0.3374855174656658,0.5675345641113628,0.9050872163784063,0.8983463682858752,0.2690248757989677,299.0,72614.61922890507,129.0,34.0,124.0,55.0,0.0,0.13883632276647553,0.14994848809151679,-0.6811512171934624,-0.6811488588515238
A,sh000852,0.2,always,4536933.104130248,0.22256628625087083,58.0,-0.6512574771314972,0.2079494348664285,0.6226816916079336,0.8317759813693908,0.8920388759168476,0.28852093738026163,87.0,13157.66856078411,50.0,8.0,41.0,16.0,0.0,0.21700075430078986,0.2305488908374993,-0.6512577361108562,-0.6512559614293616
B,sh000852,0.2,always,952092.9040472405,0.044389363199621945,123.0,-0.4183335518406061,0.4545419542443775,0.3518715958551569,0.8078716991948593,0.8967532135710692,0.19924504707622756,166.5,5557.255907374307,80.5,26.5,83.5,39.5,0.0,0.03757785797483502,0.054700010944656166,-0.43327326583525577,-0.3846539460697375
F,sh000852,0.2,always,9199979.730959248,0.14149034880493971,180.0,-0.6512574771314972,0.3400902036795006,0.4801071656665718,0.8197958653802755,0.8985821337672307,0.24510669730316376,253.0,58596.38630677171,130.0,34.0,124.5,55.5,0.0,0.1377114561382766,0.14766789665443902,-0.6512577361108562,-0.6512559614293616
A,sh000852,0.3,always,4118325.4135659337,0.210874952145644,57.0,-0.6178145790954785,0.20901454176069278,0.546637334630856,0.7551448886008159,0.8920935835405122,0.2621318048839389,75.0,10569.432188567524,49.5,8.0,41.0,16.0,0.0,0.20444041441901853,0.21794928218218823,-0.6178148533432355,-0.6178129712090136
B,sh000852,0.3,always,1043540.625104422,0.053437892672758114,124.0,-0.3872376324346918,0.45570478623655875,0.27190211436289624,0.7290942760326673,0.8920486913411599,0.18162080656718224,137.0,4781.177676937834,81.0,26.0,84.5,39.0,0.0,0.047426571641340474,0.06408991018171437,-0.4031600353954054,-0.3483282836198708
F,sh000852,0.3,always,8863807.611082587,0.13943242164275005,181.0,-0.6178145790954785,0.3395201618004816,0.40312180806407255,0.7425595425087156,0.8968138544163069,0.22355307837966545,211.0,45022.50146800275,131.0,34.0,125.5,55.5,0.0,0.13481638141167337,0.14402895335716376,-0.6178148533432355,-0.6178129712090136
A,sh000852,0.5,always,3154240.3741725683,0.17921248085792418,58.0,-0.535211426493996,0.21027133873656773,0.39808598113831584,0.6073875737777537,0.8897217470814767,0.21221480819905897,56.0,6367.031780909511,50.5,8.0,42.0,16.0,0.0,0.172094050494144,0.1875412643082803,-0.535211739026869,-0.5352095876585183
B,sh000852,0.5,always,1262110.063670843,0.07244851388648643,125.0,-0.32781805825028715,0.456841119724516,0.13959915932085826,0.5954200674668124,0.8967130221957258,0.15517197573849276,85.5,3009.4085833794497,82.0,26.0,86.0,39.5,0.0,0.06605634016312456,0.08649636584965238,-0.3452675864039349,-0.2851950164459499
F,sh000852,0.5,always,7849293.845213674,0.13273583062787297,183.0,-0.535211426493996,0.3399715146973492,0.26466328415091445,0.6029089605772038,0.8972600732474798,0.1849281222784756,140.0,21882.449248145953,132.0,34.0,126.0,56.0,0.0,0.12764766136389996,0.13494914974954636,-0.535211739026869,-0.5352095876585183
A,sh000852,0.0,quiet5,5731344.835766535,0.25128857541014316,58.0,-0.6855029422578879,0.20589318927956102,0.7849290272940741,0.9906226897860085,0.8839403555238867,0.34275041561232783,123.0,24737.263127326405,49.5,8.0,43.0,15.0,0.0,0.24837516512149632,0.25859527715300373,-0.6855033430493642,-0.6855001682662272
B,sh000852,0.0,quiet5,786827.737262903,0.025825746384774972,123.0,-0.5143604694055924,0.45395150428681375,0.5321747481264414,0.9854896603161551,0.8951661586427286,0.24106968911438958,213.0,6602.411904259347,80.5,26.5,84.5,38.0,0.0,0.019470843443764107,0.03811099896850923,-0.5266875934354901,-0.49775610860160174
F,sh000852,0.0,quiet5,10424841.468771037,0.14842658897933048,179.5,-0.6855032800194697,0.33733239665546166,0.6505204925064889,0.9881868496450199,0.8951083410073963,0.2925088517602625,332.0,97986.97883790269,130.0,34.0,126.0,53.0,0.0,0.1415728840678005,0.1535222948086024,-0.6929187669725594,-0.6855001745692166
A,sh000852,0.1,quiet5,5183590.831679798,0.23886440756121197,58.0,-0.6621555804891206,0.20662467818333713,0.7009359735062611,0.9077489845799929,0.8783619933032075,0.3144180843929505,106.0,18466.05023589994,50.0,8.0,43.0,15.0,0.0,0.2355403365913055,0.24607428197986828,-0.6621558248896185,-0.6621534666281834
B,sh000852,0.1,quiet5,868277.6711137253,0.03537563388240417,123.5,-0.4628596426877745,0.45615767635604515,0.4362821334739795,0.8922832059898347,0.898578659445698,0.2186932534671811,189.0,6145.206503967535,81.0,26.5,84.0,39.0,0.0,0.03088399326451503,0.04364492378059489,-0.4770948142060415,-0.444395796040252
F,sh000852,0.1,quiet5,10094598.81659364,0.1466367087101672,181.0,-0.6621555804891206,0.3361016526777504,0.5634946211738316,0.9001023857583847,0.8975320944798622,0.26751540123890394,295.5,78286.50311561403,131.0,34.0,127.0,54.0,0.0,0.14193347557578123,0.15059305117526145,-0.6621558248896185,-0.6621534666281834
A,sh000852,0.2,quiet5,4735701.491295674,0.22778480844591187,58.0,-0.6364060334122245,0.2071765626013783,0.6213588249140122,0.8297244409762239,0.8920388759174784,0.28769901558472,87.5,14343.29614534576,50.0,8.0,41.0,16.0,0.0,0.22212962562763214,0.2358141394130798,-0.6364062916927589,-0.6364045170811469
B,sh000852,0.2,quiet5,954509.5745131972,0.0446384238778581,123.0,-0.42135327112809334,0.4555981093057602,0.34959447647163056,0.8068666560430671,0.8980682350979565,0.19878573131209798,156.5,5494.630449464874,81.0,26.5,84.0,39.5,0.0,0.037658805324503206,0.05443921943028775,-0.4362246543514457,-0.38874474123939584
F,sh000852,0.2,quiet5,9618692.837105265,0.14395545767346896,180.0,-0.6364060334122245,0.34010227425262796,0.4785914894908938,0.8181951548740387,0.8994374559895191,0.24455006577590405,243.0,60799.59397141596,130.5,34.0,124.5,55.5,0.0,0.1400949630307438,0.15051028856872276,-0.6364062916927589,-0.6364045170811469
A,sh000852,0.3,quiet5,4228442.352280346,0.21405296888280012,57.0,-0.6077704985865056,0.2085324561850041,0.545750616675498,0.7537760866633929,0.8920935835406811,0.2615898541817989,75.0,11270.273397649707,49.5,8.0,41.0,16.0,0.0,0.20751940799608878,0.22114587374581385,-0.6077707722555462,-0.607768890179196
B,sh000852,0.3,quiet5,1049000.0353479395,0.05395506055591248,124.0,-0.3888112849744469,0.4558731287645402,0.27119681506627114,0.7280867005286467,0.8914841278130679,0.18149600385260195,132.0,4778.592037300306,81.0,26.0,84.0,39.0,0.0,0.04806126538055246,0.06454901513972032,-0.4046977603068961,-0.34555381387902945
F,sh000852,0.3,quiet5,9147033.515173174,0.1411709882977148,181.0,-0.6077704985865056,0.33937025172883645,0.40230569942334315,0.7415036497457876,0.8968138544164093,0.22319023012941638,206.0,46540.09493030235,131.0,34.0,125.5,55.5,0.0,0.1365626484467438,0.14571821770634746,-0.6077707722555462,-0.607768890179196
A,sh000852,0.5,quiet5,3144596.487596537,0.1788538524469777,58.0,-0.5367840132532721,0.21030845166905598,0.39794328293590564,0.6072819882122922,0.8897217470814625,0.21219885600051613,55.0,6345.162217059456,50.5,8.0,42.0,16.0,0.0,0.17173758710877637,0.18718010220122022,-0.5367843254965992,-0.5367821741572032
B,sh000852,0.5,quiet5,1266574.092825254,0.07280430686280237,125.5,-0.3278959777306885,0.4570382150107858,0.13924743497037467,0.595377884408949,0.898388021251553,0.1551115654807811,83.5,3013.6525814603765,82.0,26.0,86.0,39.5,0.0,0.06628582670348653,0.08693408313151514,-0.3453437513828018,-0.2852772042649501
F,sh000852,0.5,quiet5,7845035.592661369,0.13270508278158788,183.0,-0.5367840132532721,0.3399956708521401,0.26446847532953355,0.6027097922064037,0.8972583543965835,0.18489200076659407,136.5,21834.377547977463,132.0,34.0,126.0,56.0,0.0,0.12769936881976296,0.13492271986666043,-0.5367843254965992,-0.5367821741572032
A,sh000852,0.0,quiet0,4378616.1561723035,0.2182694174160581,58.0,-0.6537234168535114,0.20990008710257319,0.6786286422476,0.8881616219078836,0.8843203008833893,0.31934090226698253,93.0,73881.74935751842,50.0,8.0,43.0,15.0,0.0,0.21334123943147232,0.22456362046060102,-0.6537235229439,-0.6537219739346267
B,sh000852,0.0,quiet0,1055382.3302275657,0.05455675524685766,124.0,-0.47534933856905076,0.45249654109929827,0.3835967151994325,0.8369164140747165,0.8959260117714776,0.21601971923378427,155.0,18429.115542312386,81.0,26.5,84.0,39.0,0.0,0.04869670739920815,0.06652788601950778,-0.4896479606664134,-0.45666752038775044
F,sh000852,0.0,quiet0,10805105.087598551,0.15042215204810427,180.5,-0.6930691535445916,0.3384023294204337,0.5246037394626926,0.8623106531300533,0.8958204380077988,0.2687775386649719,246.0,247429.40785599023,129.5,34.0,126.5,54.0,0.0,0.14311367833684047,0.15503856251216175,-0.7086103669573927,-0.6878111922760505
A,sh000852,0.1,quiet0,4235687.433063196,0.21425998340851338,57.5,-0.6344889265868633,0.20749856419707888,0.6137569383730321,0.822745072838873,0.8924042719824747,0.2953428436750929,71.0,58588.95621174338,49.0,8.0,41.0,16.0,0.0,0.20792325261142713,0.22182923918289305,-0.6344890346029346,-0.6344873659527044
B,sh000852,0.1,quiet0,1105128.8524196667,0.059134063787864566,123.5,-0.4370055304056135,0.4522920557978358,0.3208082460338729,0.7731003018317086,0.8932660904222903,0.19828708730417957,120.0,16191.46905455325,81.0,26.5,84.0,40.0,0.0,0.05245810982005814,0.07114730426889143,-0.4502376666849284,-0.41524511870678854
F,sh000852,0.1,quiet0,10155242.321282461,0.1469693603494634,182.0,-0.6424514409623658,0.3390077733514393,0.4598347788384793,0.7982759521111176,0.8986875997370212,0.24835489770681052,189.0,195558.44749710965,131.0,34.0,125.5,55.5,0.0,0.1436302327892563,0.15210168647954483,-0.658721839245052,-0.6373887916526846
A,sh000852,0.2,quiet0,3979236.508808775,0.20675020836157665,57.0,-0.6134365612878987,0.2093754695247982,0.5503846010023014,0.7602234569537898,0.8957126373401653,0.2722186491102454,64.5,45073.49615796549,49.5,8.0,41.0,16.0,0.0,0.1986602634938976,0.21468092421120924,-0.6134366754390704,-0.6134349120006795
B,sh000852,0.2,quiet0,1161839.2886252538,0.06413278452234339,124.5,-0.40134493078341515,0.4563139227021309,0.2582227002615708,0.7142519154881595,0.8973773597413244,0.18318145196216182,106.0,13383.41168765476,82.0,26.0,84.0,40.0,0.0,0.05877733544091162,0.07999423644619122,-0.41684980621449463,-0.36892917780423257
F,sh000852,0.2,quiet0,9753064.850591611,0.14472522726507364,181.0,-0.6134365701845379,0.33926203711918723,0.3982138160255966,0.7373005535026366,0.8987986283781579,0.22910358730809133,168.5,148461.7220610748,131.0,34.5,124.0,56.0,0.0,0.14183058269012722,0.150157588854134,-0.613436712236031,-0.6134349120006795
A,sh000852,0.3,quiet0,3671788.153008527,0.19714959307189017,57.0,-0.5903570642378002,0.2086765047387005,0.4884748561034835,0.6970638676599952,0.8959253334796546,0.2499811292937884,56.5,33364.015511709535,49.0,8.0,41.0,16.0,0.0,0.19072522765072883,0.20489989575591463,-0.5903573377198115,-0.5903554465942602
B,sh000852,0.3,quiet0,1243481.9472463683,0.07095217713277768,125.0,-0.3733354540223129,0.4531931088612299,0.20378601896757753,0.6559712746169646,0.8931379809812423,0.16971897610729836,90.0,10776.088471576779,81.5,27.0,84.5,40.0,0.0,0.06335608779649429,0.08368717785250816,-0.3895959771267796,-0.3336198139717635
F,sh000852,0.3,quiet0,9561572.28924784,0.1436254078814201,182.5,-0.5903570642378002,0.33892368849838767,0.3386768755602113,0.6783681163747681,0.8999900022800227,0.21148494340030866,146.0,108137.99164913717,131.0,34.0,126.0,57.0,0.0,0.13696107972620436,0.14729074368211925,-0.5903573377198115,-0.5903554465942602
A,sh000852,0.5,quiet0,2884914.0533613656,0.16880717218319463,58.0,-0.5346628923898433,0.20989110442556652,0.36393378493819606,0.5730504189793999,0.8882896913173632,0.20641608838335207,47.0,16420.84495568103,50.5,8.0,42.0,16.0,0.0,0.16254973804757006,0.17674456486245896,-0.5346632042861768,-0.5346610474839946
B,sh000852,0.5,quiet0,1398507.8079634649,0.08285230966739665,126.0,-0.3156294683085947,0.4558334672037767,0.10713163256188063,0.5616148969037831,0.8968294558428493,0.15017362538960577,58.5,5576.688073040899,81.5,26.0,86.0,40.0,0.0,0.07515945015194683,0.09823577611294193,-0.33337677564457824,-0.27229092454109344
F,sh000852,0.5,quiet0,7924207.227978884,0.13325588062065152,182.0,-0.5346628923898433,0.33918027981892607,0.2302685974541494,0.5681432889479604,0.8971786028660689,0.1792572379040938,104.0,44474.674053697425,131.0,34.0,126.0,56.0,0.0,0.12864109014762642,0.13587134110122043,-0.5346632042861768,-0.5346610474839946
A,sh000852,0.0,after_panic60,1351311.374964614,0.08399034003185069,58.0,-0.18570491116902843,0.2087260072872359,0.01178202427189004,0.22068629317408153,0.8919766416848869,0.10060286250558223,11.0,1274.8779033900737,50.5,8.0,42.0,16.0,0.0,0.07721691719681043,0.09059587401162268,-0.2513528325131769,-0.15228657079966598
B,sh000852,0.0,after_panic60,1618425.6348956036,0.09782959569831029,125.0,-0.34020546832936155,0.4554928342618427,0.03194058036596846,0.48827786784576876,0.8930964453719532,0.14879969105828394,37.5,2753.484076899731,82.0,26.5,84.5,40.0,0.0,0.08796243267451535,0.11072705488341471,-0.3526450903258104,-0.33515286371805203
F,sh000852,0.0,after_panic60,3606317.650803865,0.09082877444327919,183.5,-0.33863628002762414,0.3389614636362537,0.022714791250335653,0.36103703321635877,0.895647445351881,0.12838168527015326,48.5,7641.3634741901515,133.0,34.0,128.0,56.0,0.0,0.08717757198190834,0.09453797545776763,-0.3545134419798523,-0.3352173697174838
A,sh000852,0.1,after_panic60,1316929.5442247083,0.08121881452318591,58.0,-0.18134919211799727,0.20919729120867037,0.005656261195819726,0.2148770529168759,0.8937729429279538,0.0976022902248212,11.0,876.6435203331826,50.0,8.0,42.0,16.0,0.0,0.07382486229290879,0.08784489676109404,-0.2467147469609564,-0.15586302663046134
B,sh000852,0.1,after_panic60,1661189.1180194514,0.10052877128954485,125.5,-0.3038491995107162,0.45590068019635344,0.01593051740391234,0.4699261992484214,0.8973265246008801,0.1426423095852062,32.5,1902.8297094649456,82.0,26.0,85.0,40.0,0.0,0.09150914504115717,0.11613733997443579,-0.31620200785501734,-0.2879640804623887
F,sh000852,0.1,after_panic60,3583613.562876801,0.09049518854788097,183.0,-0.30218577355116516,0.3394052717963897,0.011216193628808657,0.3501899623050748,0.8974680438668654,0.12320200418723211,45.0,5315.412174068844,132.0,34.0,127.0,56.0,0.0,0.08716088498817767,0.09555967024506673,-0.3186539731225811,-0.2822351071655291
A,sh000852,0.2,after_panic60,1312919.2658921904,0.08088923451500152,58.0,-0.1774206937802994,0.20998879788219676,0.0011413064105703428,0.21102977773781756,0.8948727100998867,0.09543579711711056,6.5,525.4906167885833,50.5,8.0,42.0,16.0,0.0,0.07205487432790891,0.08662345623004812,-0.2428779070518108,-0.15384560027915511
B,sh000852,0.2,after_panic60,1686999.4344258835,0.10212569178491893,125.5,-0.2868957935462895,0.45481262162135766,0.006141723052118837,0.46155385501040813,0.8980284121328639,0.1388437336144945,17.5,1084.735173949432,83.5,26.0,85.5,40.0,0.0,0.09318150301339574,0.11776626379030913,-0.29545432518078163,-0.2656838281166746
F,sh000852,0.2,after_panic60,3631031.563991122,0.09118700786035927,183.0,-0.27716001496380294,0.3388003699856398,0.003461386372297381,0.3421246909204135,0.8981601912907535,0.12033105037922892,22.5,2782.6279571937066,132.5,34.0,126.5,56.5,0.0,0.08743670007168522,0.09541057714736718,-0.29792784833648694,-0.260384026285978
A,sh000852,0.3,after_panic60,1313167.5018741773,0.08090974096958836,58.0,-0.1772906743889825,0.2098921632409848,0.00015492489674944176,0.2102736553116522,0.8949613576434573,0.09419575804260866,3.0,201.60440882374968,50.5,8.0,42.0,16.0,0.0,0.07204410663919714,0.08723016435374316,-0.2449820224251565,-0.15380095739676544
B,sh000852,0.3,after_panic60,1698938.0800639032,0.10285702845459621,126.0,-0.2848366619213874,0.45366106766765807,0.0020543963293422622,0.4562358395697829,0.898537763131878,0.1379310236629941,5.5,501.79764198576163,83.5,26.0,86.0,40.0,0.0,0.09474959146658216,0.1174657040669462,-0.292699792490523,-0.25418504434149647
F,sh000852,0.3,after_panic60,3699409.9897861467,0.0921733257413595,183.0,-0.26633770310148264,0.33868231059233284,0.0010375419641142935,0.3399403907263572,0.8982059491661802,0.11976050460717501,9.0,1112.5787730861814,132.0,34.0,126.0,57.0,0.0,0.08717225429623505,0.09607293850680243,-0.2950736511478169,-0.25271902432221094
A,sh000852,0.5,after_panic60,1315589.0980202095,0.08110748464840567,58.0,-0.17700939442492403,0.2097619405441023,0.0,0.2097619405441023,0.8946486862875169,0.09414121356805974,0.0,0.0,50.5,8.0,42.0,16.0,0.0,0.07217893967486158,0.08731386301043083,-0.24494147720122056,-0.15361322645917938
B,sh000852,0.5,after_panic60,1722407.9733791377,0.10428140439510358,126.0,-0.2848366619213874,0.45320854113140346,0.00010039795684158588,0.4533271257217567,0.8990126362407956,0.1377221066130791,1.0,26.892105372971017,83.5,26.0,85.5,40.0,0.0,0.09561789831592578,0.11726458359698701,-0.292699792490523,-0.25418504434149647
F,sh000852,0.5,after_panic60,3680570.0203672815,0.09190698795611929,183.0,-0.26687761153829825,0.34040536488754614,0.0,0.34040536488754614,0.8975034809093896,0.11928239396881776,0.0,0.0,132.0,34.5,126.0,57.0,0.0,0.08778661567054662,0.09663568773433513,-0.2950736511478169,-0.2527190243222109
A,sh000852,0.0,after_panic120,1277497.4934197054,0.07795728073680797,57.0,-0.21812498930963425,0.20750001523409772,0.028073870056759147,0.23474243907548908,0.891285376466203,0.10817622158693882,25.0,1398.5164467300933,49.0,8.0,41.0,16.0,0.0,0.07142981758754623,0.08336202302013929,-0.2709526829142436,-0.18940482627620936
B,sh000852,0.0,after_panic120,1503417.818458111,0.09024662776429493,125.0,-0.34079450842521036,0.4552139481189985,0.05790668122891279,0.5124177961374625,0.8951639054887218,0.15318055170650008,55.5,2989.875049976694,82.0,26.0,85.5,39.5,0.0,0.08185900837745033,0.10694428973524894,-0.35328831166946345,-0.33602451102216924
F,sh000852,0.0,after_panic120,3257287.8669853974,0.08545985600348194,182.0,-0.3395176984195657,0.33828739041145944,0.042542529258218116,0.37995556127897834,0.8985150167308278,0.13388498299966684,80.5,7816.60646898577,131.5,34.0,126.0,56.0,0.0,0.08113775878142637,0.0884784371132515,-0.355151399705383,-0.3350554254431576
A,sh000852,0.1,after_panic120,1262830.752233856,0.07672170221911978,57.0,-0.2053321130309113,0.20889176325946013,0.01678858606446209,0.22580062304811693,0.896786957919324,0.10232706498575513,22.0,1018.0942978328341,49.0,8.0,41.0,16.0,0.0,0.07098840326368105,0.08220494728847001,-0.2591519613838829,-0.1782188760436072
B,sh000852,0.1,after_panic120,1551880.9203210971,0.09350179527055291,125.5,-0.3029896738241481,0.4566725254783082,0.031481458136270665,0.4860496402295698,0.8956363872537657,0.145303360694425,51.0,2551.630772532991,82.0,26.5,85.0,40.0,0.0,0.08609503301490369,0.11098384054925561,-0.31643757713243004,-0.2875823338418445
F,sh000852,0.1,after_panic120,3344853.2510807323,0.08685684261571258,182.0,-0.3008627665479732,0.3387422561358162,0.02379419358440548,0.3632376447135845,0.8972792008622976,0.12721147690549156,72.0,6382.251839172195,131.0,34.0,126.0,56.0,0.0,0.08244168205407616,0.08990438166171318,-0.31888746536487533,-0.280853577573667
A,sh000852,0.2,after_panic120,1275712.8851596261,0.07780849100192155,57.0,-0.19183652371836107,0.2090146874649102,0.0076690101048858435,0.2154219316565732,0.8946866820696211,0.0976298349750715,16.5,655.4308929759521,49.0,8.0,41.0,16.0,0.0,0.07025083187095585,0.082375768764768,-0.24506016702427547,-0.16701484191295562
B,sh000852,0.2,after_panic120,1592504.6674803314,0.09616364523946186,125.0,-0.2868957935462895,0.45269525094608787,0.015494050742822764,0.46863410345873846,0.8976415941820921,0.1408435530112369,31.5,1648.0058952398792,82.0,26.5,85.0,40.0,0.0,0.08774891822649336,0.11395028432045454,-0.29545432518078163,-0.2658433312488291
F,sh000852,0.2,after_panic120,3407812.488962306,0.08783325558801991,183.0,-0.27652379756399365,0.3399992688345058,0.011119116504503385,0.3503508548521947,0.8978783584056862,0.1227064185801825,44.0,3913.9032982308113,131.5,34.0,126.0,56.0,0.0,0.08399404514855639,0.09147323601972909,-0.2979278483364866,-0.26305994191107873
A,sh000852,0.3,after_panic120,1298833.4453621958,0.0797338176844079,58.0,-0.18236654951031595,0.2103074246360332,0.0027431205368936337,0.213112776452867,0.8960749459968079,0.09523543127834382,8.0,270.78937968820594,50.5,8.0,42.0,16.0,0.0,0.07172711596915878,0.08480391537109326,-0.2450983483118427,-0.15757367259487376
B,sh000852,0.3,after_panic120,1628995.3034786973,0.09850177564396989,125.5,-0.2848366619213874,0.45123469150730733,0.007427463551435016,0.45935561076727915,0.8990013681471405,0.13892685718029324,12.5,909.3492801861432,82.5,26.0,85.0,40.0,0.0,0.08977525330858568,0.1144675074133377,-0.292699792490523,-0.25418504434149647
F,sh000852,0.3,after_panic120,3592004.525470426,0.09061511522206656,183.0,-0.26750352040441083,0.3396258660230761,0.0047992775527987835,0.3444929214710536,0.8999551206415342,0.12095350646501299,22.5,2144.895999168425,132.0,34.0,126.0,57.0,0.0,0.08525706971163938,0.0933393049542475,-0.29507365114781703,-0.25271902432221094
A,sh000852,0.5,after_panic120,1315589.0980202095,0.08110748464840567,58.0,-0.17700939442492403,0.2097619405441023,0.0,0.2097619405441023,0.8946486862875169,0.09414121356805974,0.0,0.0,50.5,8.0,42.0,16.0,0.0,0.07217893967486158,0.08731386301043083,-0.24494147720122056,-0.15361322645917938
B,sh000852,0.5,after_panic120,1721447.972371466,0.10422356142500222,126.0,-0.2848366619213874,0.45337943890766186,0.0006768077194273744,0.4540663051270135,0.8983963445453709,0.13754840836468452,4.0,110.4307605846943,83.5,26.0,86.0,40.0,0.0,0.0953980504039896,0.11705357150803762,-0.292699792490523,-0.25418504434149647
F,sh000852,0.5,after_panic120,3675903.869511761,0.09183948176050294,183.0,-0.26687761153829825,0.3397278759029914,0.00030668227766448414,0.34018538292520084,0.8975034809093896,0.11936221937814721,4.0,252.9191718752376,132.0,34.5,126.0,57.0,0.0,0.08768691546005199,0.09619330346276592,-0.2950736511478169,-0.2527190243222109
A,sh000852,0.0,after_panic250,1302133.83274576,0.08000590363870441,57.0,-0.24575991531462926,0.20677618825474703,0.04939131682820874,0.2563127030132458,0.8970622121680879,0.1160182892454229,41.5,2038.3274032805284,49.0,8.0,41.0,16.0,0.0,0.07352053511128968,0.0839159975295746,-0.2911103909499395,-0.22058408920285444
B,sh000852,0.0,after_panic250,1330007.859040764,0.07774906989776831,125.0,-0.34079450842521036,0.4575876026024458,0.11658117132758829,0.5756218959761678,0.8959537066885279,0.17432442865447897,91.0,4500.052655578358,82.0,26.5,85.0,40.0,0.0,0.070294358707929,0.09373352180228725,-0.35328831166946345,-0.33602451102216924
F,sh000852,0.0,after_panic250,2945110.7932821075,0.08016914729444025,182.0,-0.33951769841956575,0.33966973856244526,0.08446070343175355,0.4248261058286963,0.8988674297683088,0.14889151596112732,133.0,11709.473157998083,131.0,34.0,126.0,56.0,0.0,0.07696867326718822,0.08305525365669744,-0.3551513997053831,-0.33505542544315764
A,sh000852,0.1,after_panic250,1282567.9840324249,0.07838289157729983,57.0,-0.21555244340622037,0.20800527856563988,0.028608301334991395,0.23812516215493967,0.8963579071740315,0.10680597768779213,37.0,1809.3861791835157,49.0,8.0,41.0,16.0,0.0,0.07297883021227296,0.08235876306011394,-0.26246015272593387,-0.18969167048489216
B,sh000852,0.1,after_panic250,1385069.1856204467,0.08186906308820219,125.5,-0.30345037184282314,0.4626197574315456,0.07683796683629882,0.5344153538573968,0.8968755315602177,0.15993882746197557,85.5,4057.3653599591025,82.0,26.5,85.0,40.0,0.0,0.0734532566792537,0.0966990327437551,-0.31643757713243004,-0.2879769337168164
F,sh000852,0.1,after_panic250,2978462.5312892743,0.08076161594119247,182.5,-0.3008627665479733,0.33985117490151495,0.0527672400317904,0.39446272417288386,0.8972189740176092,0.13701707955810627,124.0,10473.981085469715,131.5,34.0,126.0,56.0,0.0,0.07747759904679086,0.08364838804318511,-0.3188874653648755,-0.28726235264582667
A,sh000852,0.2,after_panic250,1275930.9630684673,0.07782657310075591,57.0,-0.19443235001577897,0.20893056369023666,0.013916572785931336,0.2224258630234025,0.8946866820696211,0.100003188022625,28.5,1332.0519290300072,49.0,8.0,41.0,16.0,0.0,0.07137075093019951,0.08263207107012854,-0.24506016702427547,-0.16759424823063485
B,sh000852,0.2,after_panic250,1434439.720851155,0.08543323697998528,125.5,-0.28698552780877323,0.4611737018587607,0.04555583195326662,0.5036787469323545,0.8982404358913395,0.1502597001460404,62.5,2982.932951734455,82.0,26.5,85.5,40.0,0.0,0.0769739578335884,0.10159070946237005,-0.29663095723271404,-0.2681937777081361
F,sh000852,0.2,after_panic250,3070904.5240303697,0.08236234374847706,183.0,-0.2792924763758086,0.340952204971002,0.029901138702971584,0.3715795152408776,0.8974047299894123,0.1284480101949424,90.0,7563.217088072932,131.0,34.0,126.0,56.0,0.0,0.07634015985560424,0.08552655079688724,-0.2979278483364866,-0.266192129798538
A,sh000852,0.3,after_panic250,1302886.1428288156,0.08006774424916163,58.0,-0.18244766194190404,0.21022865823902623,0.004952020608957736,0.21510337093147627,0.8960473475871618,0.09634959434242593,15.5,645.3633712909366,50.5,8.0,42.0,16.0,0.0,0.0717417225898556,0.0850330616073273,-0.2451153299625768,-0.15757367259487376
B,sh000852,0.3,after_panic250,1503771.3901019504,0.09026847248295244,124.5,-0.2848366619213874,0.4638486010274894,0.024847291695895272,0.4850301304993909,0.8982860431702363,0.14479211418144172,40.0,1875.6464335421006,81.5,26.5,84.5,40.0,0.0,0.08193502458076066,0.10578925594456587,-0.2948401669952169,-0.2542583622372243
F,sh000852,0.3,after_panic250,3328189.158881587,0.08659354483004267,183.0,-0.26811971008578805,0.3432095582365132,0.01602346305789521,0.35767948219019985,0.899891951296315,0.12419174264998292,59.5,4845.072273779195,132.0,34.0,126.0,56.0,0.0,0.08248795789872318,0.0884521503475281,-0.29507365114781703,-0.25307995451098886
A,sh000852,0.5,after_panic250,1315589.0980202095,0.08110748464840567,58.0,-0.17700939442492403,0.2097619405441023,0.0,0.2097619405441023,0.8946486862875169,0.09414121356805974,0.0,0.0,50.5,8.0,42.0,16.0,0.0,0.072092252261218,0.0873092624517802,-0.24494147720122056,-0.15361322645917938
B,sh000852,0.5,after_panic250,1700995.9000195065,0.10298283083072168,126.0,-0.2848366619213874,0.4537406791225038,0.0030167145450869914,0.4565262482236291,0.8985279035382381,0.1384811696398322,14.0,360.84080504440647,83.5,26.0,86.0,40.0,0.0,0.09237025893110348,0.11582980964383129,-0.292699792490523,-0.25418504434149647
F,sh000852,0.5,after_panic250,3642496.194856459,0.09135664423610068,183.0,-0.26687761153829825,0.34010518415863444,0.0012092325917726226,0.34154512978830875,0.897458330971587,0.11991896111973145,13.0,570.035837402765,132.0,34.5,126.0,57.0,0.0,0.08710674808378341,0.09478052492969806,-0.2950736511478169,-0.2527190243222109
A,sh000852,0.0,after_adj60,1357322.5702497032,0.08446853558177614,58.0,-0.2502679350919631,0.20890207716597203,0.039863013527970725,0.24914738578263537,0.8914268243118508,0.12830627598172994,32.0,3227.7679085395894,50.0,8.0,42.0,16.0,0.0,0.07756147555078448,0.09048096336882878,-0.27168329286089604,-0.25026352213532316
B,sh000852,0.0,after_adj60,1718901.412970976,0.10406825704211764,124.5,-0.33949995638877983,0.4510430054261123,0.05297045252297895,0.5037676288216538,0.8945458683675613,0.1572615766507216,78.5,7352.33959063455,81.0,26.5,83.0,40.0,0.0,0.0946153868700377,0.11660671784040316,-0.3539330332610709,-0.3242129510128873
F,sh000852,0.0,after_adj60,3899179.121252296,0.0949650090585834,183.0,-0.3377483555479434,0.33786148417503586,0.04749441107892724,0.3834388982830086,0.895596624973791,0.14429202495958604,112.0,20146.949576046707,131.0,34.5,126.0,56.0,0.0,0.08900889263088511,0.09843703164368951,-0.35577260427159213,-0.3182174320527255
A,sh000852,0.1,after_adj60,1321467.3954126982,0.08158844879368765,58.0,-0.22293907226918558,0.20865078722643499,0.023572262749714766,0.23330434988968718,0.8962203789621652,0.1176215283680514,30.5,2458.7582847034873,50.0,8.0,42.0,16.0,0.0,0.0753125538610085,0.08825599576186145,-0.2497961345801032,-0.22293463564795474
B,sh000852,0.1,after_adj60,1694588.3608373539,0.10259136946589265,125.0,-0.3034204286605961,0.45491255486727367,0.026036658571974555,0.4791653413938073,0.8977141765164149,0.14677910377762235,75.0,5739.56557139196,82.0,26.5,84.0,40.0,0.0,0.09312447731567894,0.1150057425769456,-0.31690525383445073,-0.2880037374462962
F,sh000852,0.1,after_adj60,3702616.5818971596,0.0922234668611297,182.5,-0.3012934634870343,0.3391607423147145,0.025216246226369497,0.36368329035046554,0.8979312848542057,0.13380839917346493,106.0,15208.417871489532,131.5,34.5,127.0,56.0,0.0,0.08866190888521167,0.0961993516745838,-0.3193514302911121,-0.2812836698523985
A,sh000852,0.2,after_adj60,1321978.694234012,0.08162786459134797,58.0,-0.19506248728236164,0.21080080071713958,0.012465809014861641,0.22254790173320707,0.8948727100998868,0.10896792274838438,20.0,1558.2151132198167,50.5,8.0,42.0,16.0,0.0,0.072489643040431,0.08787431627001027,-0.2428779070518109,-0.19506013740588274
B,sh000852,0.2,after_adj60,1698683.5375406356,0.10284180495233075,125.5,-0.28629838008020736,0.45459917755990176,0.00961978384162368,0.46431731759370964,0.8964957691874951,0.13963601060238207,41.0,3700.7453453531475,83.0,26.0,85.0,40.0,0.0,0.09488207966302245,0.11774452963050488,-0.29493147636399464,-0.26612633147844456
F,sh000852,0.2,after_adj60,3683887.9580527726,0.09195260567302554,183.0,-0.27660934471449383,0.33906597618643686,0.010448411734148799,0.3490405490619188,0.8974733072612604,0.12633030441078924,60.0,9763.746900492755,132.5,34.0,126.5,57.0,0.0,0.08917029344683695,0.09555550150907881,-0.29741361093805413,-0.2606480999189589
A,sh000852,0.3,after_adj60,1316077.809220428,0.0811487879320334,58.0,-0.17729067438898244,0.21023184994384977,0.006867119994471534,0.21698957922111822,0.8949613576434574,0.10225544339230333,14.5,976.7163633511811,50.5,8.0,42.0,16.0,0.0,0.0723378487388866,0.08789890961629468,-0.24498202242515654,-0.1666328270811782
B,sh000852,0.3,after_adj60,1695229.67554186,0.10262701468688684,126.0,-0.2845615832303458,0.4535265203657541,0.0037156772835376705,0.45732925790074597,0.8974935808403968,0.13823268076294254,16.0,2227.037856873746,83.5,26.0,86.0,40.0,0.0,0.09460208509136288,0.1172986248058486,-0.2924110612014292,-0.25391117123310647
F,sh000852,0.3,after_adj60,3701875.261867418,0.09220801678276236,183.0,-0.26738743118093994,0.33859060307644173,0.005096810962737345,0.3435144059334233,0.8972558099853164,0.12310446364862782,31.5,5828.1407441371975,132.0,34.0,126.0,57.0,0.0,0.08737868481976094,0.09630723538819312,-0.2947880440991324,-0.2524383372292759
A,sh000852,0.5,after_adj60,1319494.069646536,0.08142581897998091,58.0,-0.17700939442492397,0.20974554359798275,0.0007489042516800285,0.21049452528679305,0.8946486862875168,0.09470952023463064,7.0,299.4025865612855,50.5,8.0,42.0,16.0,0.0,0.07230044932203313,0.08763399879962193,-0.24494147720122064,-0.15361322645917946
B,sh000852,0.5,after_adj60,1715318.2285932014,0.10385313517635775,126.0,-0.2848328001015828,0.45320395295170346,0.0003625451431993126,0.453624788632515,0.8990096793009583,0.13777687920427287,6.0,715.3624392504746,83.5,26.0,85.5,40.0,0.0,0.09523125173899383,0.11679949563576628,-0.29269554000960785,-0.2541812899809913
F,sh000852,0.5,after_adj60,3672938.754439142,0.09179755485958696,183.0,-0.266873742124343,0.34040096875469344,0.0005142989155445215,0.3408727076249739,0.8975037670378307,0.11952197521198399,12.0,1802.5242239765075,132.0,34.5,126.0,57.0,0.0,0.08775836303323317,0.09663660906015295,-0.2950694383610376,-0.252715151795243
A,sh000852,0.0,after_adj120,1818922.912796977,0.11646547771166715,57.0,-0.250267970469328,0.2061436890744557,0.08819669329679547,0.2945911566735593,0.8970897763885587,0.15055264861295345,60.5,5358.79990139363,49.0,8.0,41.0,16.0,0.0,0.10937762731713367,0.12040475322322196,-0.29111004235276566,-0.25026560394665703
B,sh000852,0.0,after_adj120,1614693.1699900338,0.09759361794681409,124.0,-0.33949995638877983,0.45607257862975104,0.09910973576306382,0.5541013419814114,0.8943205370107921,0.17015469207507083,104.5,8412.215991061203,81.0,27.0,83.5,40.0,0.0,0.09019699646664844,0.11052447802426929,-0.3539330332610709,-0.3242129510128873
F,sh000852,0.0,after_adj120,4947223.527655816,0.10767298272146897,181.0,-0.33774835554794336,0.33756108035291615,0.09388200419463912,0.43026648218360103,0.8994129465256957,0.1612306783278415,167.0,30670.321786277284,130.0,34.0,125.0,56.0,0.0,0.09968118392237431,0.11148884211218371,-0.35577260427159213,-0.3182174320527257
A,sh000852,0.1,after_adj120,1709412.0574261995,0.1096001773900015,57.0,-0.22293908860362355,0.20740810269954113,0.06174028045726156,0.2703296716622233,0.8963690022955364,0.13575722106021842,54.0,4431.734030773707,49.0,8.0,41.0,16.0,0.0,0.10373421713134987,0.1136735579706743,-0.26245998836532713,-0.22293673025228689
B,sh000852,0.1,after_adj120,1580177.58098186,0.09536150449094938,125.5,-0.3034204286605961,0.45567839105756813,0.06239061614204204,0.517427325891219,0.8972399404998146,0.155466360734159,101.0,7285.942579271474,82.0,26.5,84.5,40.0,0.0,0.08802035075380485,0.10959634321698862,-0.31690525383445073,-0.2880037374462962
F,sh000852,0.1,after_adj120,4630680.012142607,0.104126372928809,182.5,-0.30129346348703445,0.3397354312573425,0.06131897162238746,0.4003473798145895,0.8976336149338713,0.14684084053883462,156.0,25172.5415859894,131.5,34.0,126.0,56.0,0.0,0.0995895684330603,0.1070234185960923,-0.31935143029111224,-0.2812836698523985
A,sh000852,0.2,after_adj120,1622081.19614616,0.10383291249615201,57.0,-0.1979447911029109,0.20841044474983117,0.0411410341249999,0.24892329650868625,0.8946866820696211,0.12291255062801915,44.0,3332.2581182176973,49.0,8.0,41.0,16.0,0.0,0.09743041814644353,0.10846248855106871,-0.24506016702427547,-0.19506013740588274
B,sh000852,0.2,after_adj120,1596263.9390787256,0.09640562142613385,125.0,-0.28629838008020736,0.45810577135617825,0.03386713594216477,0.4909640261340932,0.8957603172806149,0.14652414064518993,66.5,5182.81232355715,82.0,26.0,85.0,39.5,0.0,0.0884587542753285,0.11166077090522356,-0.29493147636399464,-0.26612633147844456
F,sh000852,0.2,after_adj120,4350559.210834997,0.10078673573688346,183.0,-0.27660934471449394,0.34071188849009937,0.036583903142001606,0.3758292721849301,0.8974439235326065,0.13586977376724452,107.5,17115.64440508945,132.0,34.0,126.0,56.0,0.0,0.0973876202512975,0.10446183656772175,-0.2974136109380543,-0.2624511209280891
A,sh000852,0.3,after_adj120,1571872.2176364646,0.10039237908659304,58.0,-0.1824476619419041,0.21001879663432885,0.02591627623087444,0.2356209081761692,0.8960473475871619,0.11265794164959025,31.5,2240.4846919054653,50.5,8.0,42.0,16.0,0.0,0.09263491580572733,0.10566624262962987,-0.24511532996257684,-0.1666330909323684
B,sh000852,0.3,after_adj120,1620697.7637586081,0.09797717094489622,125.5,-0.2845615832303458,0.4597344218149742,0.019566026176458653,0.4778645935378609,0.8980135738718492,0.1422735052775767,37.5,3496.4031324533344,82.0,26.0,86.0,40.0,0.0,0.09038431304754171,0.11251019187664152,-0.2924110612014292,-0.25398438934581197
F,sh000852,0.3,after_adj120,4274159.087027837,0.09985028646295646,183.0,-0.2673874311809398,0.33944928422936127,0.022222608618916756,0.36117972170612844,0.8991232580414577,0.12946413949692492,72.5,11315.89939281529,132.0,34.0,126.0,56.0,0.0,0.09554841889588697,0.10364781746790741,-0.2947880440991322,-0.2524383372292758
A,sh000852,0.5,after_adj120,1456359.3299232016,0.09207957837270941,58.0,-0.17700939442492386,0.20964416538373404,0.009676674351834603,0.21932080765293266,0.8946486862875169,0.09904802962932703,14.0,1002.7353944074163,50.5,8.0,42.0,16.0,0.0,0.08347919203306879,0.09837509819771144,-0.24494147720122073,-0.15361322645917927
B,sh000852,0.5,after_adj120,1719636.6779801603,0.10411430593769044,126.0,-0.2848328001015828,0.45338333824940547,0.002820382506911804,0.45556355133130355,0.8984021535719664,0.13826459827288726,16.0,1049.4419985831682,83.5,26.0,86.0,40.0,0.0,0.09413567452962582,0.11677266436029338,-0.29269554000960785,-0.2541812899809913
F,sh000852,0.5,after_adj120,4089294.811749476,0.0974925006824564,183.0,-0.26687374212434295,0.3398960883151967,0.006168285288216606,0.3458299252311655,0.897458330971587,0.12163766425661579,31.0,3381.203905836397,132.0,34.5,126.0,57.0,0.0,0.09282747582486253,0.10091427670430016,-0.2950694383610375,-0.25271515179524306
A,sh000852,0.0,after_adj250,2332276.3206892284,0.1443788704088591,57.0,-0.250267970469328,0.20498609777782179,0.1767773772739123,0.3802617379203047,0.8970897763885587,0.17396277081094175,69.5,6924.192890414821,49.0,8.0,41.0,16.0,0.0,0.13820059123674416,0.14933308403015216,-0.2911100423527657,-0.25026560394665703
B,sh000852,0.0,after_adj250,1415466.8795504877,0.08408197526610617,123.0,-0.34009884097578685,0.4554978662530554,0.20338498378666287,0.657414990230599,0.8960635876073626,0.18716627442137324,140.0,8638.189479006614,80.5,26.5,83.0,40.0,0.0,0.08002906054281703,0.09841840060047075,-0.3539330332610709,-0.32454421300186564
F,sh000852,0.0,after_adj250,5662523.075131497,0.11494904107547022,180.5,-0.3382930098248181,0.33584030621843886,0.18884434897439908,0.5242085212963616,0.8989561473095666,0.18099091225621022,210.5,40868.30905213277,130.0,34.0,124.0,56.0,0.0,0.10887395284574161,0.11918302353497245,-0.355772604271592,-0.32390684856932045
A,sh000852,0.1,after_adj250,2128902.959735657,0.1340541666148165,57.0,-0.22293908860362355,0.20644103080967227,0.13879347845761147,0.34378103196734716,0.8963690022955364,0.1562345935625776,61.5,5929.743663612642,49.0,8.0,41.0,16.0,0.0,0.12820938336529641,0.1389923064057086,-0.26245998836532713,-0.22293673025228689
B,sh000852,0.1,after_adj250,1431020.683762901,0.08519704977534204,124.5,-0.30434858972444445,0.45705125747177766,0.14493682767437732,0.5989390413041656,0.8919986588587593,0.16948688807145246,133.5,7786.221013070657,81.5,26.0,84.0,40.0,0.0,0.07836466454029975,0.09873548392313922,-0.31934738396371803,-0.28839731016922826
F,sh000852,0.1,after_adj250,5147100.810464311,0.10980323859760643,182.0,-0.30224068971739887,0.33851890547792396,0.139073406213952,0.47745100041940325,0.8971228455123056,0.1632977752432126,196.5,33798.04392739941,130.5,34.0,125.5,56.0,0.0,0.10442575216915331,0.11473829224356649,-0.3193514302911121,-0.2876837402238349
A,sh000852,0.2,after_adj250,1978302.4975273067,0.12581844154554944,57.0,-0.19794479110291086,0.2076501845587592,0.10534757945711243,0.31282274024406653,0.894686682069621,0.14042284851921824,53.0,4699.455065914954,49.0,8.0,41.0,16.0,0.0,0.11969749168792405,0.13080999788398423,-0.24506016702427547,-0.19506013740588274
B,sh000852,0.2,after_adj250,1454639.416629468,0.0868622197139981,125.0,-0.2864565205108464,0.4584788811333883,0.09452968840698908,0.5500492374424342,0.8964174260316642,0.15638061502164435,99.0,6117.449652191919,82.0,27.0,84.5,40.5,0.0,0.08029386817637452,0.10224190496491473,-0.296089308574061,-0.26846547222719225
F,sh000852,0.2,after_adj250,4899259.703208837,0.10715154144763284,182.0,-0.2813672108012275,0.3396135314556398,0.0988998365375999,0.437670021959781,0.8979560415254451,0.14902419031472253,150.5,24507.2799857988,131.0,34.0,126.0,56.0,0.0,0.09910663318314236,0.1102532164792398,-0.297413610938054,-0.2664746494043467
A,sh000852,0.3,after_adj250,1857090.1333575747,0.11877086536739823,58.0,-0.18244766194190387,0.20946654033550455,0.07873131605510691,0.2869651386984403,0.896047347587162,0.12662642932510546,41.0,3475.839048111733,50.5,8.0,42.0,16.0,0.0,0.1115551242340943,0.12413383920163445,-0.24511532996257668,-0.1666330909323684
B,sh000852,0.3,after_adj250,1487016.9519114085,0.0891222877168445,124.5,-0.2845615832303458,0.4595326311278978,0.06043573393393187,0.5179749134521288,0.8983451453862059,0.14869889851905152,69.0,4366.934322728577,81.5,26.5,84.5,40.0,0.0,0.08232447690758131,0.10466759137277006,-0.29461802519868757,-0.25398438934581197
F,sh000852,0.3,after_adj250,4724115.100028166,0.10519938392777184,182.5,-0.26796487738556385,0.33926436945195715,0.06831636524474005,0.4075081805229482,0.8983795524283387,0.13894643703262838,112.0,16650.969422307815,131.5,34.0,125.0,56.0,0.0,0.09939481688943866,0.10808867918507245,-0.2947880440991325,-0.2528032980094154
A,sh000852,0.5,after_adj250,1625021.5161193097,0.10403375306128027,58.0,-0.17700939442492403,0.2093877636825603,0.041483238779643605,0.2511428546119891,0.8946486862875169,0.10648790468137981,23.0,1830.6277474405106,50.5,8.0,42.0,16.0,0.0,0.0958871377614637,0.1105128000073701,-0.24494147720122056,-0.1536132264591795
B,sh000852,0.5,after_adj250,1658027.1489687301,0.10033147521909569,126.0,-0.2848328001015828,0.4543552504555469,0.010780218776085503,0.4644206643983945,0.8982522248013889,0.13922499588325826,32.0,1476.237368408821,83.5,26.0,86.0,40.0,0.0,0.09144635246077767,0.11314277505160636,-0.29269554000960785,-0.2541812899809913
F,sh000852,0.5,after_adj250,4463762.914474741,0.10216546319983388,183.0,-0.26687374212434295,0.34012269532412576,0.02552912192922243,0.36383242449123787,0.8982003152569402,0.1253989915439338,53.0,5699.787367623521,132.0,34.5,126.0,57.0,0.0,0.09712610767878868,0.10536532595560968,-0.2950694383610373,-0.2527151517952432
A,sh000852,0.0,ma60,18354000.301661037,0.404649920892014,57.0,-0.28586882802763836,0.20681115886553636,0.5103030670724141,0.7168594613389458,0.8968724256880543,0.24732764221331552,153.0,428443.0652197134,49.0,8.0,41.0,16.0,0.0,0.3949094587190509,0.41313637678871995,-0.3105358566932283,-0.28338346768108647
B,sh000852,0.0,ma60,1181339.7833133969,0.06579975485796596,124.5,-0.3625233094428839,0.4608481713006596,0.26037678861594726,0.7211719476586096,0.894738038067161,0.1889548908489112,241.0,59431.52539180864,81.5,26.0,83.0,40.5,0.0,0.05632081973779142,0.07839455114351736,-0.37817652288916825,-0.32551806563053276
F,sh000852,0.0,ma60,36282104.278023794,0.2199937754766328,180.5,-0.47835950280771167,0.34104734888656163,0.37902265659451095,0.7222322101635158,0.8982873083036313,0.21967744355203717,392.5,2203298.9434185363,130.0,34.0,124.0,57.0,0.0,0.21555303326099234,0.22420850020339028,-0.5044338167638243,-0.4618227558389233
A,sh000852,0.1,ma60,14560912.971759386,0.3727165592626498,57.0,-0.25669733300841635,0.20918040745674255,0.45146384203437745,0.6597044858952245,0.8966498596694623,0.22723049806321233,144.0,300571.1707741113,49.0,8.0,41.0,16.0,0.0,0.36581566447058256,0.3820549927589872,-0.28866447248384747,-0.25669719031066973
B,sh000852,0.1,ma60,1225758.2351051117,0.06950595477459798,125.5,-0.3381556346901073,0.4611316038152079,0.212978667608041,0.6731989977516165,0.8983801324858613,0.17569976455063027,234.5,49799.385996951896,82.0,26.0,84.5,40.0,0.0,0.05889160457916363,0.08178357756098877,-0.35535472214453767,-0.30010852384186
F,sh000852,0.1,ma60,29351087.64703229,0.2075222841968628,182.0,-0.4409175695157635,0.34391347715642906,0.3252119763735606,0.6693391938597326,0.8988199654159483,0.20273411170269667,376.0,1464234.4814894653,131.0,34.0,126.0,56.0,0.0,0.20316723549391763,0.2130988071569293,-0.46911216777719034,-0.4242140608703981
A,sh000852,0.2,ma60,11557282.266086852,0.34157320644273637,57.0,-0.24009443832673905,0.20848569948379242,0.3954014313762656,0.6034119605094723,0.8929430008263471,0.20746179614398913,132.0,207455.70688006928,49.0,8.0,41.0,16.0,0.0,0.33349519246456444,0.3506403733195062,-0.26887523707013644,-0.24009443832673905
B,sh000852,0.2,ma60,1278866.6840528972,0.07378256977104192,125.5,-0.31816855508938263,0.4594119849267555,0.16872395329309053,0.6276530048276749,0.8970692363717474,0.16455092703143845,180.0,41142.14800970111,82.0,26.0,86.0,40.0,0.0,0.06320567367083711,0.0858793844809324,-0.33582945193019315,-0.2795492607380415
F,sh000852,0.2,ma60,24225970.92989125,0.19634078272576272,182.0,-0.40260905231807365,0.34242414817978395,0.2765413680723656,0.6183819925228287,0.8956383464079855,0.18696622697720408,310.5,980895.1986717088,131.5,34.0,126.0,56.0,0.0,0.19226760097236442,0.201572630459911,-0.4361585300396362,-0.3868368063071637
A,sh000852,0.3,ma60,9176358.902271599,0.31118105048203715,58.0,-0.2280561914574506,0.2088928108542111,0.34174460580422694,0.549999947142365,0.8880118572829817,0.18832977088861713,116.0,139267.01482439588,50.5,8.0,42.0,16.0,0.0,0.30362368622705405,0.31958781631649,-0.2551047591490451,-0.2280561914574506
B,sh000852,0.3,ma60,1315455.112679935,0.07663253866793562,125.5,-0.30187075592252677,0.4586006133927877,0.13008615244200708,0.5876510309201997,0.8953616423446898,0.155899320565536,156.0,33120.93818253471,81.5,26.0,85.0,40.0,0.0,0.06740563816954251,0.09038835411348532,-0.31995380052179984,-0.2577218955860924
F,sh000852,0.3,ma60,20417818.90491322,0.18646509468091554,182.0,-0.36830185330630927,0.3415990872499117,0.23125326559039,0.572269496345063,0.8962450947939417,0.1728873466096414,272.5,635365.5899970311,131.0,34.0,126.0,56.0,0.0,0.18143680993524908,0.18962361598352023,-0.40480768543179707,-0.3487032077473248
A,sh000852,0.5,ma60,5367455.3136281185,0.2431608158863331,58.0,-0.20064610460991317,0.20956209796934538,0.2394319050437967,0.4494157212123606,0.8959867242383095,0.15207412326295805,81.0,58315.417524917764,50.5,8.0,42.0,16.0,0.0,0.23456416437435823,0.25156999151061593,-0.24555335430786304,-0.20064362397576505
B,sh000852,0.5,ma60,1457002.2818498039,0.08702853446365688,125.5,-0.2807225914834339,0.4560194292293953,0.06516586211400802,0.5209901807506561,0.8984442602495943,0.14416434697064986,104.0,19029.190654515183,81.5,26.0,85.0,40.0,0.0,0.0764182426593015,0.10062898482824742,-0.2927930062201779,-0.25416377410832386
F,sh000852,0.5,ma60,12999751.161705915,0.16078082048991282,182.5,-0.2998713260884082,0.3405467993599307,0.1491874732118264,0.489090326999499,0.8981951810001989,0.1484467363809575,185.5,218578.31181948824,131.5,34.5,126.0,56.0,0.0,0.15581430325919904,0.16393545204677326,-0.34032928524305345,-0.27814937690795055
A,sh000852,0.0,ma120,10640384.253433187,0.3306018511906126,57.5,-0.5088152484451569,0.2041202980621762,0.5536953052890194,0.7567485819447528,0.8925706960810944,0.26358203139085523,132.0,347925.2322535339,49.5,8.0,41.0,15.5,0.0,0.3244089025703224,0.33493604254548387,-0.508815248445157,-0.5088152484451567
B,sh000852,0.0,ma120,997509.9410898489,0.04897335544202064,124.5,-0.32240973618752833,0.4635693462965068,0.2644327557914302,0.7258396589164444,0.8936984092650118,0.194944437914285,177.5,39228.92370812436,81.5,26.5,84.0,40.0,0.0,0.04374829558912343,0.06583039872615029,-0.33996792694271405,-0.30593675897729555
F,sh000852,0.0,ma120,20188811.26161674,0.18581656381770484,181.5,-0.6221829857802489,0.34019364260043317,0.4033982320097239,0.7436947023552718,0.8973779994094838,0.23035560844769343,307.5,1074627.7804081277,131.0,34.0,125.0,56.0,0.0,0.1813901896951598,0.18915129039619313,-0.6440312309352288,-0.6104562886672147
A,sh000852,0.1,ma120,9073307.788140267,0.3097075634209224,57.0,-0.4665490790065221,0.20530352548256053,0.4932529337060496,0.6987984064501903,0.8970936368568205,0.24343577236089337,124.5,258914.41003041342,49.0,8.0,41.0,16.0,0.0,0.30307161435698715,0.3170432856340378,-0.466694991778442,-0.4644895284033895
B,sh000852,0.1,ma120,1044012.503403727,0.05347913490085254,125.0,-0.30794354195239254,0.4637723579971804,0.21887823006966056,0.6800293858915363,0.8955685180766971,0.1814805943923734,172.0,33621.33358485579,81.5,26.0,85.0,40.0,0.0,0.04711494469633659,0.07054031290142296,-0.32587706348377127,-0.2676739159172999
F,sh000852,0.1,ma120,17717569.196836624,0.17833461679363694,181.5,-0.5841526074350387,0.34219314559053093,0.3494116673945211,0.6921850884182736,0.8998722010553932,0.21323436609431795,295.5,781197.2544227148,130.5,34.0,125.0,56.0,0.0,0.17434682249302874,0.18251731196664797,-0.6090298462243929,-0.5718950390075934
A,sh000852,0.2,ma120,7726738.453026406,0.2889763010040036,57.0,-0.4182057233459356,0.20750889226259578,0.4337299336908137,0.6412954293200369,0.8939698521604332,0.2231239693139474,114.5,187472.20898007063,49.0,8.0,41.0,16.0,0.0,0.282341116451039,0.29661019094639596,-0.41820583352134444,-0.4182056202623257
B,sh000852,0.2,ma120,1110422.1071843929,0.05960751302231915,125.0,-0.2933176858114381,0.4626554200028327,0.1752172614229155,0.6355402755695128,0.8963404391801741,0.1695447747000599,157.0,28424.442448164307,81.5,26.0,85.0,40.0,0.0,0.05127626525723872,0.0762207796947825,-0.31162918400751527,-0.2544577759712491
F,sh000852,0.2,ma120,15690379.002554819,0.1714093531627151,182.5,-0.5421995887704472,0.3424976396923069,0.2983330535454257,0.6410296885462964,0.8989242149131307,0.19685053594228943,267.0,560506.7291485278,131.0,34.0,126.0,56.0,0.0,0.16795455633678646,0.17597782357816089,-0.5686682501758197,-0.5279915658277307
A,sh000852,0.3,ma120,6519960.1257557515,0.2674154407592325,58.0,-0.36993294454597025,0.20914966093116522,0.37680181766245047,0.5852046373106582,0.8890127528349832,0.20333336738666447,100.5,132855.8374070513,50.5,8.0,42.0,16.0,0.0,0.25917479928542037,0.27546054067435055,-0.36993305453705067,-0.36993284928328085
B,sh000852,0.3,ma120,1210294.4756257397,0.06822855683176632,125.5,-0.2809247839651001,0.4599310042335452,0.13420902989924016,0.5927470931556046,0.8985600105551441,0.15968421882223233,146.5,23411.346003284918,81.5,26.0,86.0,40.0,0.0,0.05845504910192216,0.08286754646356455,-0.29722501139157365,-0.25442943653137706
F,sh000852,0.3,ma120,14207947.103130076,0.16579290233068822,182.5,-0.49863610458301716,0.3410861068570068,0.24999726665774227,0.5915987410731582,0.9004820333521453,0.1820166990784064,242.0,387162.9072381195,132.0,34.0,126.0,56.0,0.0,0.16099656403133264,0.169523779616226,-0.5276207746465978,-0.483076729994238
A,sh000852,0.5,ma120,4319127.485732191,0.2166137394726796,58.0,-0.26727423380593773,0.20936200023648033,0.2701808335817492,0.480725780033295,0.8950296419858546,0.16514536916567493,79.0,60817.38644084854,50.5,8.0,42.0,16.0,0.0,0.20795726894605082,0.22529156383278312,-0.26727431546948544,-0.26727411852066263
B,sh000852,0.5,ma120,1416148.2237850942,0.08413113256216564,125.5,-0.28495979675168165,0.4582753643742029,0.06332354747609518,0.5204476983926185,0.8954153489746395,0.14528061802131428,97.0,12941.839662778146,82.0,26.0,86.0,40.0,0.0,0.0740970554332078,0.09814500936481095,-0.29288453715432694,-0.25429871130967474
F,sh000852,0.5,ma120,10785276.68160921,0.1503205623854773,183.0,-0.4039562402122888,0.3407104147326929,0.162972881273297,0.5022240071191693,0.897753669136883,0.15535583184981405,171.5,149919.89934385044,131.5,34.0,126.0,56.0,0.0,0.14423957555185254,0.15249312244487,-0.43852563524961125,-0.3854601512058303
A,sh000852,0.0,ma200,10892258.2221339,0.3336914004392795,58.0,-0.48458188693509535,0.2064310525153235,0.6007469568523233,0.8066584084965599,0.8961824186868174,0.27989806020105296,103.0,282133.30500693776,50.5,8.0,42.0,16.0,0.0,0.3244098828619302,0.3433513160253634,-0.4845818869350955,-0.4845818869350952
B,sh000852,0.0,ma200,1215111.8115045442,0.06862932110161513,125.0,-0.33564455433112556,0.45886852780549603,0.27286771880069643,0.7301772258242631,0.894307853435154,0.1944050344253797,169.5,34959.52541144338,82.0,27.0,84.5,40.0,0.0,0.06312641889615409,0.08788989829109571,-0.3528538601774989,-0.293623938799177
F,sh000852,0.0,ma200,22799931.087209806,0.19282823618223366,182.0,-0.6127103198137337,0.34123735552496837,0.4308665883336952,0.7715645213025137,0.8994208236449488,0.24026700832342596,272.0,909535.5105302294,131.0,34.0,126.0,56.0,0.0,0.18568321845109462,0.19751417378932554,-0.6350958301017938,-0.6006942885830066
A,sh000852,0.1,ma200,9457983.497700341,0.31511635204187916,58.0,-0.44054230803010314,0.20770951362529932,0.5410406295077481,0.748402418767548,0.8958742621227198,0.2600435658056619,96.0,221554.8780088423,50.5,8.0,42.0,16.0,0.0,0.30621841571367525,0.32468066305218274,-0.4407033218969724,-0.4400179167691524
B,sh000852,0.1,ma200,1243432.642487302,0.07094653119721805,124.5,-0.3215120515787132,0.4600646681164264,0.22660833422447824,0.6831645210606023,0.8976189873876511,0.18161027523193335,166.0,29901.484819396937,81.0,26.5,84.0,40.0,0.0,0.06581554815354103,0.09052250850696984,-0.33908732058281227,-0.2785992027670736
F,sh000852,0.1,ma200,20459666.376348633,0.18658269272222971,182.0,-0.571801941969922,0.34080734946329055,0.37778530348981826,0.7187983862310815,0.8991303402106671,0.2236023326987029,262.0,686285.080792441,131.5,34.0,126.0,56.0,0.0,0.18244438651262654,0.19178034698292795,-0.5977563990966663,-0.559682653078958
A,sh000852,0.2,ma200,8267597.366140094,0.2976616265167824,58.0,-0.3895969278975651,0.20870497299250562,0.48439764839305555,0.6908920198717734,0.8955938683171736,0.2406808097337482,88.5,171803.0538660644,50.5,8.0,42.0,16.0,0.0,0.2885600107233826,0.30710597734302675,-0.38959707463068183,-0.3895967929818985
B,sh000852,0.2,ma200,1281600.7719442656,0.07399774704644868,125.5,-0.3071332663903184,0.4612115247228755,0.1814064071070633,0.639029810740078,0.8978721298511062,0.16959024713579918,154.0,24500.56628187989,81.5,26.0,85.0,40.0,0.0,0.069579518958336,0.09318166509755176,-0.3250808495407045,-0.26331272536731815
F,sh000852,0.2,ma200,18414636.999764413,0.18054089184649325,182.0,-0.5266650948454744,0.34295554814769347,0.32580991229440925,0.6668282189712764,0.8983051588846365,0.20764575021365647,239.0,506014.4313097201,131.5,34.0,126.0,56.0,0.0,0.17597931665092154,0.18508237742183614,-0.5540220119443556,-0.5119793818996717
A,sh000852,0.3,ma200,7125771.333097806,0.278648610225121,58.0,-0.3410187136033491,0.20901384961020172,0.42688366522884413,0.6345754198951254,0.8954084061977625,0.22175045882100913,81.5,129475.3579414268,50.5,8.0,42.0,16.0,0.0,0.26987589690434943,0.2879593345888865,-0.34232136471334496,-0.34101863675404676
B,sh000852,0.3,ma200,1352594.2354214333,0.07944738016698782,125.5,-0.29250465308269846,0.45957241940482585,0.13868691091707958,0.5938062835701917,0.8975910685832114,0.15961150011164021,145.0,19464.715000391636,81.5,26.0,86.0,40.0,0.0,0.07287626497915986,0.09653709901998492,-0.3108309923904447,-0.254190921785179
F,sh000852,0.3,ma200,16439904.693288594,0.17406736349369856,182.5,-0.4817008611965013,0.34019471812672175,0.2766755297248417,0.6164194767753949,0.8981174503744044,0.19286781022586214,224.0,356853.2386152521,131.5,34.0,126.0,56.0,0.0,0.16912528957496564,0.17797089190536072,-0.5116552916577404,-0.46562007773846875
A,sh000852,0.5,ma200,4965231.868350834,0.23357553247549157,58.0,-0.2836188880405919,0.2093135792456654,0.31634230184336876,0.5266476107025997,0.8950435252804151,0.18463490212405045,70.0,64614.30150167983,50.5,8.0,42.0,16.0,0.0,0.2251465928284214,0.24240798040446976,-0.2920889691250454,-0.2836188880405919
B,sh000852,0.5,ma200,1501499.1208223496,0.09011566645187996,125.5,-0.28542266848020575,0.45651331410053375,0.06178729034199674,0.5170877819532392,0.8958076965142557,0.1441408312867863,95.5,10191.505782934779,82.0,26.0,86.0,40.0,0.0,0.08164938241447847,0.10478993267554927,-0.29278814687274834,-0.2541867467738014
F,sh000852,0.5,ma200,12563937.21945618,0.15886433408748502,183.0,-0.38660006657238466,0.3404203853597314,0.1850953364416224,0.5235876728517379,0.8981318246687947,0.1659369199701603,164.0,148339.28491618365,131.5,34.5,126.0,56.0,0.0,0.15309540252892653,0.16153703348054568,-0.422047670617128,-0.3675687372409128
A,sh000852,0.0,ma250,10697060.630628487,0.33129309253129013,58.0,-0.49688931936616076,0.20568360633571303,0.6129921799196925,0.8181249019269418,0.895362604784379,0.28242649040291823,83.0,149629.84441230842,50.5,8.0,42.0,16.0,0.0,0.3221524831837554,0.34074698375608975,-0.4968893193661609,-0.49688931936616054
B,sh000852,0.0,ma250,1019648.1892520769,0.05114040614171378,124.0,-0.3793410057672324,0.4597817721849664,0.28201380196570713,0.7404276124643683,0.8925842812482043,0.19771742850135005,149.0,26045.773349232688,81.5,27.0,84.5,39.5,0.0,0.04534997856240595,0.06881419312990417,-0.3954039224966185,-0.3401294256624074
F,sh000852,0.0,ma250,20290580.928381123,0.1861056060378069,182.0,-0.6279876353389634,0.3391179811384736,0.44190713669336595,0.7818978120917808,0.8981282445475609,0.24203974981906218,229.0,630550.0818115282,131.0,34.0,125.5,56.0,0.0,0.1792831991553478,0.19151927960999188,-0.649465787737948,-0.616454585661499
A,sh000852,0.1,ma250,9238694.18543106,0.31205052453624027,58.0,-0.4526073187310046,0.20703729786965547,0.5509398266501088,0.757608015670735,0.8948922703172976,0.2612121666900129,75.0,117680.57666238351,50.5,8.0,42.0,16.0,0.0,0.3033317959426733,0.3213561752150329,-0.4527504984593198,-0.4524397902381768
B,sh000852,0.1,ma250,1066770.2235037948,0.055621600679457095,124.5,-0.36042977764261463,0.4584202500535337,0.23457024250970132,0.6917132543589299,0.8916344307420176,0.18379097434494945,145.0,22895.93026315041,81.5,27.0,84.5,40.0,0.0,0.05057643215923287,0.07411662793028634,-0.3769836798922693,-0.32001979311303985
F,sh000852,0.1,ma250,18383024.590343073,0.1804418726329785,182.0,-0.5861861911949262,0.3404220635737877,0.3854936540382803,0.7274220297415375,0.8980627133487382,0.22451720607219927,218.0,478493.7739435452,131.0,34.0,125.5,56.0,0.0,0.17330842658854473,0.18567016112795304,-0.6102087262842872,-0.5734350356569969
A,sh000852,0.2,ma250,7997096.871084385,0.29337825608285506,58.0,-0.4011726444618179,0.20813128495513278,0.4901819633098819,0.6983402267855108,0.8947910851451859,0.24080269293244155,69.0,92280.58485383645,50.5,8.0,42.0,16.0,0.0,0.28480336738341033,0.3025159805959904,-0.40117278337695594,-0.40117249450723663
B,sh000852,0.2,ma250,1122048.0760847707,0.06064943788294286,124.5,-0.3410600445970689,0.45782546644665656,0.18763118032866877,0.6431824744896572,0.8957014206952334,0.17146843774230552,137.5,19605.46231441476,81.5,26.5,84.5,40.0,0.0,0.055645742208527006,0.07924264721892525,-0.358116854029935,-0.2994225588039388
F,sh000852,0.2,ma250,16606906.529898204,0.17464139442645443,182.0,-0.5395389008625091,0.34112208278380196,0.33277412043928223,0.6735523930699772,0.8985289606535207,0.20788145505724298,203.0,355763.84750947554,131.5,34.0,126.0,56.0,0.0,0.1707914564309668,0.18000148075056005,-0.5661283533283575,-0.5252612612062864
A,sh000852,0.3,ma250,6846439.595328594,0.27357853969128143,58.0,-0.3525157499676384,0.20855009844665032,0.4326234695712282,0.6397450271836804,0.8947193272815239,0.22099773042649978,63.5,70336.5935484219,50.5,8.0,42.0,16.0,0.0,0.26534291715124264,0.2826440073019853,-0.3525158749046024,-0.3525156027237311
B,sh000852,0.3,ma250,1186294.532515835,0.06621986404718105,125.5,-0.3212231577892215,0.46059294989829136,0.1434416141623706,0.5989654345633063,0.8986401799295319,0.16139893804192468,130.5,16335.96307146753,81.5,26.0,85.5,40.0,0.0,0.06159348887466667,0.08440809907248849,-0.33879502094936187,-0.27832852503335687
F,sh000852,0.3,ma250,15015166.337661402,0.16891966734106512,182.5,-0.49223801651818905,0.34254236415787925,0.280989807443914,0.6217158653797434,0.898965799568999,0.19263044133020601,191.0,253590.07896920526,131.5,34.0,126.0,56.0,0.0,0.16408196350813226,0.17290030918948823,-0.5215612939770446,-0.47649235125513845
A,sh000852,0.5,ma250,4722487.112399656,0.22744757390586212,58.0,-0.299088139047722,0.2090676637507104,0.31837327367304247,0.5284488958206597,0.8945768278909034,0.18318169069295986,51.5,37269.35239822669,50.5,8.0,42.0,16.0,0.0,0.2192879965452419,0.23614172202668152,-0.29908860787033864,-0.29908536578361755
B,sh000852,0.5,ma250,1364393.0954404264,0.08031791466094251,125.5,-0.2855196018555884,0.45714010991888554,0.06417625729710477,0.5190197081813437,0.8953906640284647,0.145099209701295,98.0,9181.805351564002,82.0,26.0,86.0,40.0,0.0,0.07385084365964009,0.09656943844688858,-0.2987520422836876,-0.25395915412930226
F,sh000852,0.5,ma250,11639189.141927365,0.15457551145056325,183.0,-0.39368369328579844,0.3406223123284118,0.18688418552090563,0.5250851780352972,0.8972689211123668,0.16522703363761138,143.5,106683.30898365397,132.0,34.0,126.0,56.0,0.0,0.14854906984344246,0.15675927360783093,-0.4287040592159308,-0.3748787532748618
A,sh000852,0.0,dd20,615700.6139401422,0.002566799404571163,57.0,-0.6223360785195313,0.20864772060541387,0.21556130629856635,0.424069987479582,0.896638008307693,0.2531435650294443,101.0,31026.9060720086,49.0,8.0,41.0,16.0,0.0,-0.0017560726618397245,0.0074491222253953585,-0.622336681045828,-0.6223325655032681
B,sh000852,0.0,dd20,1837515.5760488547,0.11101691914247003,125.5,-0.33526551468965826,0.4505124335095919,0.12541111725236626,0.5744506832624787,0.8946905472520512,0.18680945642642366,178.5,49762.754522912954,82.0,26.5,84.0,41.0,0.0,0.10145524379285327,0.12410035196033577,-0.3495699204644306,-0.31606702959489036
F,sh000852,0.0,dd20,2580476.8704197593,0.07326972513926966,181.5,-0.6223360785195313,0.3389226737220345,0.1660035756361221,0.5044463299648861,0.8975913662684174,0.2183574708119312,277.0,99606.02175849697,130.5,34.0,125.0,56.5,0.0,0.06707710563067848,0.07817882054677791,-0.622336681045828,-0.6223325655032681
A,sh000852,0.1,dd20,686649.9772364026,0.013485534712646463,57.5,-0.5744810596561242,0.21042593269799936,0.18252378917294032,0.3930445573723218,0.8935169190273038,0.22640396096302,95.0,28128.53887087514,49.0,8.0,41.0,16.0,0.0,0.009048056042071905,0.018831898960995845,-0.5744813868942501,-0.5744782395781248
B,sh000852,0.1,dd20,1800907.4947275636,0.1089204690989739,125.5,-0.30233296394768167,0.45287650967994786,0.09641400421401405,0.5496939688016729,0.8972705219402509,0.17294993023896382,162.5,41786.70989144383,82.5,26.5,84.5,41.0,0.0,0.10045844009087046,0.12325785873773726,-0.3160734023993619,-0.2843561611387884
F,sh000852,0.1,dd20,2798175.466018391,0.07749565553434734,182.0,-0.5744810596561242,0.33890559517318897,0.13552974482346386,0.4751024623983521,0.8988785583644396,0.19829549138247832,256.5,89778.32133285538,131.5,34.0,125.0,56.5,0.0,0.0702992190268595,0.08126473385759916,-0.5744813868942501,-0.5744782395781248
A,sh000852,0.2,dd20,759067.0391332668,0.023633268793431195,57.5,-0.522521332482628,0.20898847968650963,0.15405118761619752,0.3624117361629201,0.8925474697340259,0.20156682042537816,85.5,25064.145062420175,49.5,8.0,41.0,16.0,0.0,0.017779888898952788,0.028529778362987403,-0.5225216870624241,-0.5225192572696136
B,sh000852,0.2,dd20,1799806.0631786897,0.1088545901897795,126.0,-0.28752752675414384,0.4520022596164053,0.0765892992072669,0.529394374242845,0.8989071666611013,0.16300423214069054,117.0,33710.81297451501,83.5,26.0,85.0,41.0,0.0,0.10229495015276557,0.12332468258447928,-0.29760081265906724,-0.26779899598551377
F,sh000852,0.2,dd20,2902735.842609465,0.07941272015613676,183.5,-0.522521332482628,0.3381101470768344,0.11156709741071015,0.44929943043536386,0.9002312781833711,0.18067145313988853,200.0,77211.25117992598,132.0,34.0,125.0,57.0,0.0,0.07524409792770659,0.08337259665064749,-0.5225216870624241,-0.5225192572696136
A,sh000852,0.3,dd20,826331.9906652318,0.03230388422639352,57.0,-0.4664726081477565,0.2104284694728003,0.12887285996520947,0.3385981026532446,0.8975473267455694,0.17915931475279695,82.0,21855.59401852148,49.0,8.0,41.0,16.0,0.0,0.02587687776906398,0.037713072241620155,-0.46647299099487805,-0.46647036355446336
B,sh000852,0.3,dd20,1796814.0965168504,0.10868313892740344,126.0,-0.28561631540735355,0.4518974881404779,0.06360560879026005,0.5155180983373915,0.9006301603965103,0.15660390972184174,92.5,27166.230428201117,83.0,26.0,84.5,41.0,0.0,0.10116984743974386,0.12234501876304539,-0.2933493116801587,-0.2549295092711881
F,sh000852,0.3,dd20,3078423.8143872563,0.08249194644290248,183.0,-0.4664726081477565,0.3393121294117288,0.09313227090070765,0.4320055171159443,0.9010165835833407,0.16623917779714747,172.0,66184.61848311621,131.5,34.0,126.0,57.0,0.0,0.07732451756854777,0.08686717783189983,-0.46647299099487805,-0.46647036355446336
A,sh000852,0.5,dd20,971194.2094729529,0.04899953495131304,58.0,-0.3412321067724377,0.21044449123305298,0.08329284331942961,0.2937374470071883,0.8877267820962014,0.13937701630588,71.0,15561.566737810499,50.5,8.0,42.0,16.0,0.0,0.04047054942581452,0.05501786403961859,-0.34123254973998485,-0.3412295005045669
B,sh000852,0.5,dd20,1796780.2221497898,0.10868004459244274,126.0,-0.28555896304077855,0.4527083840728634,0.04064895103897115,0.49335733511183455,0.8991704047083023,0.1465397799890419,77.0,15474.551157843907,83.5,26.0,85.0,40.0,0.0,0.09896602547248504,0.1212889384639429,-0.2933326612535371,-0.25488345262390644
F,sh000852,0.5,dd20,3299523.4084371068,0.08613776803230022,183.0,-0.3412321067724377,0.3400110774503161,0.05990096510592138,0.3999826718092583,0.8991020856392874,0.14245304893515398,144.5,42918.06773207431,132.0,34.0,126.5,57.0,0.0,0.08216011133299364,0.0906754958769371,-0.34123254973998485,-0.3412295005045669
A,sh000852,0.0,dd30,1011606.9611853238,0.05325725124787817,59.0,-0.5800797529027325,0.20994905251631524,0.13650622633538975,0.3457235582759929,0.8933848367001436,0.2216696473089566,95.5,28508.989226371,51.0,8.0,43.0,16.0,0.0,0.045334104862359156,0.059196078224385044,-0.5800804228449139,-0.5800758468196426
B,sh000852,0.0,dd30,1631601.4418067043,0.09866609275643856,125.0,-0.313864418452407,0.45097295430505246,0.0568595217443406,0.5080797191049278,0.8971363013475538,0.17150371094975142,46.5,4945.290659541211,82.0,26.0,84.5,40.0,0.0,0.08974697877460995,0.11174845233773578,-0.32453764058598766,-0.28391029248592015
F,sh000852,0.0,dd30,3691885.046807638,0.092069957674622,183.0,-0.5800797529027325,0.33922688640817256,0.0922446003140096,0.4321593089267034,0.8964440442349705,0.19391681779517994,140.0,37322.33291444657,132.5,34.5,127.0,56.5,0.0,0.08735176018491657,0.0963523140593487,-0.5800804228449139,-0.5800758468196426
A,sh000852,0.1,dd30,1028648.1354698827,0.05500546447379839,58.0,-0.533885121611633,0.21080606521838385,0.1172153340202298,0.328016595626758,0.8950702269958126,0.20050912874051985,88.5,24525.75587102353,50.5,8.0,42.0,16.0,0.0,0.04674056187320952,0.06135865429916889,-0.533885480069345,-0.5338820324890471
B,sh000852,0.1,dd30,1638477.1917302827,0.0991045643572096,125.0,-0.29334153353217535,0.4574295868681444,0.045158404462146834,0.5023058915650924,0.8983495966255206,0.16329263474571984,37.5,3859.829308977512,82.0,27.0,85.0,40.0,0.0,0.08831772626119623,0.11298839663587913,-0.3054450834806658,-0.26404392528410225
F,sh000852,0.1,dd30,3668554.9923868356,0.09173368185950981,183.0,-0.533885121611633,0.3407036957473584,0.0772585049512802,0.4181759123086265,0.898324211507304,0.17922072867949249,123.5,30863.436050950288,132.5,34.5,127.0,57.0,0.0,0.0856785708239061,0.09609461470302809,-0.533885480069345,-0.5338820324890471
A,sh000852,0.2,dd30,1049882.101966259,0.05714880570228931,58.0,-0.48411930709323814,0.21072277217372753,0.09885013346294039,0.309014476352766,0.8892089455705099,0.18040345119368092,75.0,20980.447204493037,50.5,8.0,42.0,16.0,0.0,0.04919238839456959,0.06354051599037969,-0.4841196901906578,-0.484117064978056
B,sh000852,0.2,dd30,1657466.2168914238,0.1002961364072763,125.5,-0.2868360399695607,0.45052335505160396,0.03681648584334583,0.4874926284736013,0.8984473396827066,0.15641739491878454,21.0,2862.270286109252,83.0,26.0,85.0,40.5,0.0,0.09158239146172023,0.11355699308689166,-0.29670667034777765,-0.25661787041452955
F,sh000852,0.2,dd30,3647718.9237907883,0.09143318545570867,183.0,-0.48411930709323814,0.33962077715641403,0.06428933016225022,0.40385171292475996,0.8982234200547607,0.16593459684448109,91.5,25223.533783326246,132.5,34.0,127.0,57.0,0.0,0.08682748219880279,0.0957914387502822,-0.4841196901906578,-0.484117064978056
A,sh000852,0.3,dd30,1079730.8324881652,0.06009699036735683,58.0,-0.4308540045764509,0.21027768743890107,0.08243743402681089,0.29235271163621535,0.8871370941368542,0.16195288950058795,65.0,18094.95856639736,50.5,8.0,42.0,16.0,0.0,0.051820128330700224,0.06605623909497234,-0.4308544129826066,-0.4308516101331955
B,sh000852,0.3,dd30,1666036.7568343026,0.100829414626329,125.0,-0.28479604856514107,0.4518197215516757,0.03146545303493174,0.48322009225659784,0.8989565248191163,0.15194965249807113,11.0,2255.764896161543,83.0,26.0,84.5,41.0,0.0,0.09183742249703519,0.11378105273305195,-0.2925349693605181,-0.2541463410970791
F,sh000852,0.3,dd30,3640195.6089141015,0.09132395671167859,183.0,-0.4308540045764509,0.33969017740118657,0.05402687667046346,0.39352733474170565,0.899015198055658,0.15483156638023135,74.0,21283.972999063,132.5,34.0,126.5,57.0,0.0,0.08701778390059325,0.09562793103300757,-0.4308544129826066,-0.4308516101331955
A,sh000852,0.5,dd30,1142034.3217668175,0.06602086972735166,58.0,-0.3130771810117252,0.2104632305584674,0.0525547008959462,0.2630180413961576,0.8883012685212001,0.1289170485846285,53.0,12769.751221989185,50.5,8.0,42.0,16.0,0.0,0.05721953388380361,0.07214026239600435,-0.31307764291103135,-0.3130744633559593
B,sh000852,0.5,dd30,1677280.1181028418,0.10152603662819526,125.5,-0.2848313149955303,0.45207121033600195,0.021716326828456076,0.47379042144674605,0.8988972035737959,0.14514124581615767,11.0,1433.1609350426247,83.0,26.0,85.0,40.0,0.0,0.09251189028113675,0.11445819054166308,-0.2926086292686879,-0.2541803186788776
F,sh000852,0.5,dd30,3593230.3013815265,0.09063558764410096,183.0,-0.3130771810117252,0.3405520029465802,0.03514785115953369,0.37568144234260537,0.8986000867586514,0.13665954169538236,62.0,14551.191892740766,132.0,34.0,126.0,57.0,0.0,0.08691381747432232,0.09552504928048282,-0.31307764291103135,-0.3130744633559593
A,g2000p,0.0,always,6849515.075551892,0.2736347841294008,57.0,-0.7080690599981032,0.2029070760366915,0.7964714556454029,0.9995324083642614,0.8939281046149608,0.34143928910827903,112.0,20684.801611551826,49.0,8.0,41.0,16.0,0.0,0.2674046825674761,0.27977804224201486,-0.7080695257457115,-0.7080663444669613
B,g2000p,0.0,always,953625.6916726145,0.04454676461592755,124.0,-0.4812665569788178,0.44755619847726935,0.5519973363549265,0.9995071026097916,0.8898896909413472,0.2456066730554651,219.5,6468.26007555186,81.5,26.5,85.0,38.0,0.0,0.04013642773095345,0.05720161145092851,-0.49534058856225166,-0.46005121654622827
F,g2000p,0.0,always,14804731.531224191,0.16811998445984677,180.5,-0.7080690599981032,0.3338597630287552,0.6658354086170348,0.999683436859407,0.894912749438876,0.2938657844788265,329.0,103857.76490333228,131.0,34.0,126.5,54.5,0.0,0.16125729794005522,0.17393862005583213,-0.7080695257457115,-0.7080663444669613
A,g2000p,0.1,always,6008895.653203797,0.2571776136268984,57.5,-0.6811509719879282,0.20675056301936084,0.705438236705606,0.9125648238811537,0.8919168710413157,0.31308611397430364,100.0,17330.917857860914,49.0,8.0,41.0,16.0,0.0,0.2496168798103498,0.26313657344123353,-0.6811512171934624,-0.6811488588515237
B,g2000p,0.1,always,991780.8733521509,0.04840874945324569,122.0,-0.4352997883347332,0.4504573059398941,0.44802790166816164,0.8982135553821223,0.8934812352478958,0.22027450844345947,202.5,6685.017528264955,80.0,26.0,83.5,39.5,0.0,0.04376210749774254,0.0577068476444164,-0.45193116974514486,-0.40395620851803243
F,g2000p,0.1,always,13202108.301721022,0.16165100919250952,179.0,-0.6811509719879282,0.3370923769860064,0.5684343965177678,0.905439181973977,0.8970677923704901,0.2678771461973119,299.5,91511.62786941745,129.0,34.0,123.0,55.0,0.0,0.1547316075670814,0.16578055093175703,-0.6811512171934624,-0.6811488588515237
A,g2000p,0.2,always,5293422.975220785,0.24143965198295125,57.5,-0.6512574771314972,0.2067703288656459,0.6244181852369459,0.8324480092051638,0.8929085248302164,0.2862308906979615,86.5,14389.588971453413,49.5,8.0,41.0,16.0,0.0,0.23222221920480624,0.2500785773910746,-0.6512577361108562,-0.6512559614293616
B,g2000p,0.2,always,1038927.4470441178,0.05299913647431875,123.0,-0.4015569424097632,0.4540152427531493,0.35294915706676083,0.8077047363637865,0.8919339748435309,0.1990600584333191,168.5,6001.164784271795,81.5,26.5,83.5,39.0,0.0,0.04567759915202467,0.06263667461999173,-0.4169491025673372,-0.3661389744932596
F,g2000p,0.2,always,11484302.516390841,0.1538280329738685,180.0,-0.6512574771314972,0.33778325438494416,0.48316008975679947,0.8203687897793033,0.8978034163618693,0.24374875780146432,251.5,70142.51650782005,130.0,34.0,124.0,55.0,0.0,0.15064819118705167,0.16049271741233356,-0.6512577361108562,-0.6512559614293616
A,g2000p,0.3,always,4635521.460933428,0.22518887376840369,57.0,-0.6178145790954783,0.20874899786502282,0.5465720099866059,0.755910432599207,0.8976612037035736,0.26034570140584545,74.5,11287.3965624175,49.0,8.0,41.0,16.0,0.0,0.22018620698751695,0.23393565667603392,-0.6178148533432353,-0.6178129712090135
B,g2000p,0.3,always,1102754.425599634,0.05892125807664461,124.5,-0.3760943983219943,0.4545434591512375,0.27308800035574354,0.7294779641121281,0.8916967606964313,0.1813557018797714,136.5,5034.251706334504,81.5,26.5,85.0,39.0,0.0,0.053554181396060344,0.07155066594985879,-0.39231560321688397,-0.3364530205872454
F,g2000p,0.3,always,10728156.963656854,0.15002503899191932,181.0,-0.6178145790954783,0.33916421127186736,0.403648724517566,0.7434908045713393,0.8995033329278301,0.22244558840584128,211.0,52310.96095666809,131.0,34.0,126.0,55.5,0.0,0.14349257826072132,0.15368363590862977,-0.6178148533432353,-0.6178129712090135
A,g2000p,0.5,always,3426305.69871141,0.18894126908599262,58.0,-0.535211426493996,0.20992797142669706,0.3996994274989215,0.6086422755616875,0.8887254401460488,0.21161854621302145,55.0,6679.06505283331,50.5,8.0,42.0,16.0,0.0,0.18246241027564722,0.19743032280193232,-0.535211739026869,-0.5352095876585183
B,g2000p,0.5,always,1300320.0192100832,0.07545879777844555,125.5,-0.3248686306459616,0.4562988292909771,0.1402385896790088,0.5956311038230157,0.8968235402866471,0.1548739409211684,83.0,3102.992880314524,82.0,26.0,86.0,39.5,0.0,0.06939223448848256,0.08957075588583457,-0.3424007337310294,-0.28204271332056846
F,g2000p,0.5,always,8769361.910118481,0.13883772684408235,183.0,-0.535211426493996,0.33963988331434836,0.26566741022949514,0.6036865550395634,0.8989584888401934,0.18441046419252216,138.5,23861.479051817867,132.0,34.0,126.0,56.0,0.0,0.13366710973619406,0.14106629244270827,-0.535211739026869,-0.5352095876585183
A,g2000p,0.0,quiet5,7226120.712312816,0.28042753860045033,57.5,-0.6855029422578879,0.2038140684388312,0.7873487773698957,0.9910263031214175,0.8898876494660155,0.33912885806518656,122.0,27236.58904240136,49.0,8.0,41.0,15.0,0.0,0.27453140035271095,0.2858045052934812,-0.6855033430493642,-0.6855001682662272
B,g2000p,0.0,quiet5,897577.6731375498,0.03861261031079877,122.0,-0.4852555650000125,0.4513675344881981,0.5344006066289366,0.9857080349294827,0.896326584100408,0.2410738364979433,210.5,7252.138306303788,80.0,26.5,83.0,38.0,0.0,0.03324786411863152,0.04696982991777267,-0.49803268830558073,-0.46600541579045257
F,g2000p,0.0,quiet5,14623034.80829821,0.16742000972007343,179.0,-0.6855029422578879,0.33523575367533476,0.6533869182747798,0.9884128942211716,0.8968831425173989,0.29089356969413127,331.5,127589.87239551972,130.0,34.0,125.0,54.0,0.0,0.16127166297551276,0.17122704046585618,-0.6855033430493642,-0.6855001682662272
A,g2000p,0.1,quiet5,6300391.884914063,0.26310764874556536,57.5,-0.6621555804891206,0.2059657517228777,0.7024577565523463,0.9089733789751391,0.8932337617927826,0.31181363188286154,104.0,19957.864858792986,49.0,8.0,41.0,16.0,0.0,0.2569484027139611,0.27016677168301023,-0.6621558248896184,-0.6621534666281834
B,g2000p,0.1,quiet5,963607.5065266322,0.045569020374078395,123.5,-0.44122998122016444,0.4527217841158495,0.4397937916481086,0.8925216623268131,0.8953856630075365,0.2182236224109349,190.5,6678.571057088029,81.0,26.5,84.0,39.0,0.0,0.039715014402071036,0.054350732127398216,-0.4548223563664938,-0.419163395885668
F,g2000p,0.1,quiet5,13231999.34189156,0.16177760967617527,180.0,-0.6621555804891206,0.33694611340155817,0.5639802655980559,0.9008326690875543,0.8945195342028253,0.26612051597722286,293.0,97963.62734413984,130.0,34.0,125.5,54.5,0.0,0.15628285252602003,0.1668096804600674,-0.6621558248896184,-0.6621534666281834
A,g2000p,0.2,quiet5,5523600.068359062,0.24669946189554048,57.5,-0.6364060334122243,0.20600679024295193,0.6231039252040813,0.8303962840122521,0.8929085248309322,0.28540014573556904,87.0,15630.212354876749,49.5,8.0,41.0,16.0,0.0,0.2374434562063577,0.2554377819482233,-0.6364062916927589,-0.6364045170811468
B,g2000p,0.2,quiet5,1039853.0143007495,0.053087357991481676,123.0,-0.40432594555482493,0.45498127893623797,0.3509737064337919,0.806607380692782,0.8922770736101209,0.19868040551907656,157.5,5854.271589251237,81.5,26.5,83.5,39.0,0.0,0.04553934508895967,0.06230428002225178,-0.4196554539211232,-0.36997045076169194
F,g2000p,0.2,quiet5,11976709.899224237,0.15617843116179198,180.0,-0.6364060334122243,0.33694000701378723,0.4820459617881171,0.818820749122015,0.898420273865131,0.24318054580623538,242.0,72302.75712449418,130.0,34.0,124.0,55.0,0.0,0.15285726309334546,0.16272015294832246,-0.6364062916927589,-0.6364045170811468
A,g2000p,0.3,quiet5,4759467.675718796,0.2284044670664691,57.0,-0.6077704985865053,0.20826691416037685,0.5456852902057971,0.7545416300283466,0.8976612037037414,0.2597994425027793,74.5,11970.141091425183,49.0,8.0,41.0,16.0,0.0,0.22338865757386928,0.23717420700332212,-0.6077707722555461,-0.6077688901791959
B,g2000p,0.3,quiet5,1107845.4662547258,0.059380142873773356,124.5,-0.37751576610765203,0.45469223730184016,0.2723343447181773,0.7286459249651283,0.8911426079981085,0.18124800609547956,131.5,5029.403704728722,81.5,26.5,85.0,39.0,0.0,0.05410578413033449,0.07195879809941864,-0.393704452377135,-0.33343368495713716
F,g2000p,0.3,quiet5,11066018.239426527,0.15175487723668513,181.0,-0.6077704985865053,0.3390074665828286,0.4028632848198013,0.7425505121567366,0.8995033329279942,0.22207742551457352,206.0,54050.0199195391,130.5,34.0,126.0,55.5,0.0,0.1452139104518581,0.15546224573191555,-0.6077707722555461,-0.6077688901791959
A,g2000p,0.5,quiet5,3415829.9895164147,0.18857968188875363,58.0,-0.5367840132532721,0.2099650843591851,0.399556729312163,0.6085366900118776,0.8887254401460329,0.21160256545576578,54.0,6656.241489416025,50.5,8.0,42.0,16.0,0.0,0.1821027940185785,0.19706615304242808,-0.5367843254965992,-0.5367821741572032
B,g2000p,0.5,quiet5,1304512.516779474,0.07578393736402333,125.5,-0.32493721690398786,0.456296610212379,0.13995536253149188,0.5953830134566263,0.897006272910829,0.15481070686381052,81.5,3115.3389532824085,82.0,26.0,86.0,39.5,0.0,0.0695566472678757,0.08996608680704682,-0.3424677754266908,-0.28211505738530923
F,g2000p,0.5,quiet5,8757416.194596179,0.13876188547395962,183.0,-0.5367840132532721,0.33966647868774724,0.2654730978622256,0.6034852284794467,0.8991178416389474,0.18437334038100472,134.5,23807.757447058564,132.0,34.0,126.0,56.0,0.0,0.13364713096063285,0.141157946985066,-0.5367843254965992,-0.5367821741572032
A,g2000p,0.0,quiet0,5415133.450738831,0.24424458935441473,57.0,-0.6537234168535114,0.20492397309726884,0.6825962002948147,0.8877324045376014,0.8931116151581258,0.31606741275950445,92.0,81548.86098635901,49.0,8.0,41.0,16.0,0.0,0.23986138751227132,0.25402867147398306,-0.6537235229439,-0.6537219739346267
B,g2000p,0.0,quiet0,1176957.6586668822,0.06542566301823749,122.5,-0.4255875558991144,0.45187792658460324,0.38398402570104095,0.8360820706203598,0.8926346319163193,0.21638474651354972,154.0,20655.464697213993,80.0,26.5,83.0,39.0,0.0,0.05897440791496089,0.0772303180544247,-0.4412049078025682,-0.40359027710227335
F,g2000p,0.0,quiet0,14569961.684313085,0.16721560552076986,180.5,-0.6537235523256582,0.33606562756579866,0.5260614664089701,0.8622487009011919,0.8935258150361725,0.26747716666848753,244.0,320141.3398360325,129.5,34.0,126.0,55.0,0.0,0.1635620949679438,0.17318169970381297,-0.6584707812002356,-0.6537220484378091
A,g2000p,0.1,quiet0,5078547.277620291,0.23634713627115467,57.5,-0.6344889265868632,0.20637949487153057,0.6146724968652604,0.8228134987983392,0.8892377878960991,0.2925924668298152,70.0,63227.98773142749,49.0,8.0,41.0,16.0,0.0,0.22866874353191777,0.24448579222278352,-0.6344890346029345,-0.6344873659527044
B,g2000p,0.1,quiet0,1211747.0570426327,0.06834958078527642,123.0,-0.3953125930798756,0.45605415611128514,0.3191775471894922,0.7741716624055566,0.8916026572711391,0.1986083459545288,119.0,17806.238276421056,81.0,26.0,83.0,39.5,0.0,0.06163975440169263,0.08250743317793555,-0.411063457205794,-0.36717918443355635
F,g2000p,0.1,quiet0,13376082.712717572,0.16238839953006556,180.5,-0.6344889265868632,0.33737707070076506,0.46062364618205043,0.7986950190616952,0.8998983646377492,0.2470252600133691,187.5,244652.31320345338,130.5,34.5,124.0,56.0,0.0,0.15910752142749965,0.16820259366761775,-0.6344890346029345,-0.6344873659527044
A,g2000p,0.2,quiet0,4670196.745076926,0.2260957395631049,57.0,-0.6134365612878987,0.2081893169037723,0.5526495413513233,0.7608363059160486,0.8928019914415256,0.27021013740437055,64.0,48457.3245436961,49.0,8.0,41.0,16.0,0.0,0.21970159135282577,0.234472671104963,-0.6134366754390704,-0.6134349120006793
B,g2000p,0.2,quiet0,1261405.197963846,0.07239462903314886,124.0,-0.36727893495034564,0.4533559185528343,0.2598041886386366,0.713479369008013,0.8924083893601653,0.18273415863762799,108.0,14508.620041572522,81.5,26.0,84.0,40.0,0.0,0.06589884982392336,0.08652336399964192,-0.3836636770716975,-0.3323652028323928
F,g2000p,0.2,quiet0,12388046.24453504,0.158071713292828,181.5,-0.6134365612878987,0.3385740681385767,0.39883075780916355,0.7374629045472466,0.9003691454414122,0.22792150088228602,169.0,179727.59075877338,130.0,34.0,125.0,56.5,0.0,0.15451808914213175,0.16402589128710063,-0.6134366754390704,-0.6134349120006793
A,g2000p,0.3,quiet0,4221377.880795278,0.2138518968294184,57.5,-0.5903570642378002,0.2080281571893831,0.490112897790561,0.6977342666838617,0.8937024768238353,0.24842302055907062,58.0,35908.04296536144,49.0,8.0,41.5,16.0,0.0,0.20751399243924523,0.22218067066365865,-0.5903573377198115,-0.5903554465942602
B,g2000p,0.3,quiet0,1332201.6934268512,0.07791739856345736,124.5,-0.34612966074635815,0.45261673665367746,0.20501710282071112,0.656379135755188,0.891587129564026,0.16945025186444054,89.0,11542.210751086803,81.5,27.0,84.5,40.0,0.0,0.07187715739782677,0.09136550221776128,-0.3630969986953789,-0.3046895228686651
F,g2000p,0.3,quiet0,11544059.93493819,0.15411718686828635,182.5,-0.5903570642378002,0.33800787132294036,0.3399318326015128,0.6784721094343611,0.8991267910751641,0.2105564208489336,147.5,127704.45550771765,130.5,34.0,125.0,57.0,0.0,0.14732889008959632,0.15846672536326353,-0.5903573377198115,-0.5903554465942602
A,g2000p,0.5,quiet0,3151338.2230714248,0.1791051709901882,58.0,-0.5346628923898433,0.20961623940827034,0.3654610090805027,0.5743000476497744,0.8874807948623835,0.20573955291342513,47.0,17147.71355462727,50.5,8.0,42.0,16.0,0.0,0.1729968074684861,0.18733977488537942,-0.5346632042861768,-0.5346610474839946
B,g2000p,0.5,quiet0,1450494.953904714,0.08657535319788956,126.0,-0.3051074893235159,0.45528168097628363,0.10841349425732097,0.562371705424745,0.8982426336690701,0.14997113905236664,58.5,5811.957307330688,81.5,26.0,86.0,40.0,0.0,0.07918467654559283,0.10197246158053569,-0.32312824438839644,-0.2611024609063608
F,g2000p,0.5,quiet0,8984873.053774206,0.14017584945104455,183.0,-0.5346628923898433,0.3388204418348756,0.2316080688950406,0.569298403854201,0.898258262426531,0.17891273271460878,103.5,49001.433302250894,131.0,34.0,126.0,56.0,0.0,0.1353577146475224,0.14282537152341038,-0.5346632042861768,-0.5346610474839946
A,g2000p,0.0,after_panic60,1346058.5471811423,0.08357107383648388,58.0,-0.1878632823417234,0.20913771232604925,0.011684882479463511,0.22097875946733384,0.8937385675524048,0.10051188922511997,11.0,1266.759271477048,50.5,8.0,42.0,16.0,0.0,0.07679516377635187,0.09013307767486216,-0.2532546236610064,-0.15449634544973034
B,g2000p,0.0,after_panic60,1649421.542300777,0.0997919707875774,125.0,-0.3332719663958908,0.4526352710114777,0.03244547319912214,0.48580855321941285,0.893209687576517,0.14903884422265642,37.5,2811.840472671176,82.5,26.5,85.0,40.0,0.0,0.09035937985318923,0.11337076799063142,-0.3467210938407404,-0.3271643052549915
F,g2000p,0.0,after_panic60,3682174.940939189,0.09193069765918227,183.0,-0.33023194328480593,0.3385773607625125,0.02270674928241924,0.36079202516221665,0.8960425881888399,0.1285080103364221,49.0,7694.225001242357,133.0,34.0,128.0,56.0,0.0,0.08892202424401352,0.09552646191766571,-0.34869601326529415,-0.32724025604693363
A,g2000p,0.1,after_panic60,1314378.664797319,0.08101062260964231,58.0,-0.18273576424525245,0.20940157706880175,0.00560960143013938,0.2150280134742959,0.8949687892359572,0.09755202741454097,11.0,873.3288224678198,50.0,8.0,42.0,16.0,0.0,0.0736060561557351,0.08758435059868071,-0.24778977160753776,-0.15605931619759192
B,g2000p,0.1,after_panic60,1673923.67886612,0.10131965346516925,125.0,-0.30125221598590446,0.45714345242689003,0.015829391490232433,0.47109763633380164,0.8982754395716739,0.1432797765550768,32.0,1923.8676280870482,82.0,26.0,84.5,40.0,0.0,0.09218184109348142,0.11543789550663203,-0.31393665472621574,-0.2859192112885057
F,g2000p,0.1,after_panic60,3609609.0355570335,0.09087727560096859,183.0,-0.29853317488472064,0.3405478009459221,0.011352881200892118,0.3507284759424152,0.8987402437130124,0.12322360078669649,45.0,5208.400750919462,132.0,34.5,127.0,56.0,0.0,0.08751434735082164,0.09606612776365578,-0.31635806335416194,-0.27911671514541503
A,g2000p,0.2,after_panic60,1312367.4659780464,0.08084412191622214,58.0,-0.17760217781421722,0.21001656664603657,0.0011388839209279344,0.21105572214565083,0.8950502637556742,0.09541853958931298,6.5,524.993792585214,50.5,8.0,42.0,16.0,0.0,0.07202191073411371,0.08652761869615225,-0.24315683071552197,-0.1538980135789667
B,g2000p,0.2,after_panic60,1694651.2530544898,0.10259462936436681,125.5,-0.2868957935462895,0.45457651217781414,0.006032910342382082,0.46126002028954416,0.8966484081676656,0.13884946760000266,17.5,1073.1770524153349,83.0,26.0,85.5,40.0,0.0,0.09377743163248722,0.11841680575597405,-0.2952140375220045,-0.2644742764035629
F,g2000p,0.2,after_panic60,3651238.783899367,0.09148025699648432,183.0,-0.27576335930828355,0.338651500929669,0.0034789188021720372,0.3420029711452058,0.8973419036827722,0.12031182607897836,22.5,2798.3614779183736,132.5,34.0,126.5,56.5,0.0,0.08759012303756833,0.09570551193577412,-0.29768393638177165,-0.2596610948267243
A,g2000p,0.3,after_panic60,1313007.5507740993,0.0808966780640481,58.0,-0.17728821840744413,0.20989793867030032,0.00015501093610425327,0.21027961051429267,0.8949547725955835,0.09420268513730637,3.0,201.5672510378152,50.5,8.0,42.0,16.0,0.0,0.07203283924487983,0.08719490125364589,-0.2449811689068029,-0.1538066610030377
B,g2000p,0.3,after_panic60,1700765.317644019,0.10296838253042384,126.0,-0.2848366619213874,0.45347092360216135,0.002077053338020756,0.4560630531154935,0.8979631788727225,0.13791897868495692,6.0,506.15831628013143,83.5,26.0,86.0,40.0,0.0,0.09499593369992487,0.1179198939002808,-0.292699792490523,-0.25418504434149647
F,g2000p,0.3,after_panic60,3706938.5955387177,0.09227979757028637,183.0,-0.2663071918154598,0.33859991683122365,0.0010417201820375908,0.3398662580467242,0.8972726302071048,0.11974047836412814,9.0,1118.8321615934587,132.0,34.0,126.0,57.0,0.0,0.0872684494092411,0.09621848193943172,-0.2950736511478169,-0.25271902432221094
A,g2000p,0.5,after_panic60,1315589.0980202095,0.08110748464840567,58.0,-0.17700939442492403,0.2097619405441023,0.0,0.2097619405441023,0.8946486862875169,0.09414121356805974,0.0,0.0,50.5,8.0,42.0,16.0,0.0,0.07217893967486158,0.08731386301043083,-0.24494147720122056,-0.15361322645917938
B,g2000p,0.5,after_panic60,1722407.9733791377,0.10428140439510358,126.0,-0.2848366619213874,0.45319172632414295,0.00010109179808812896,0.4533116075862853,0.8990126362407956,0.13771460316141126,1.0,27.035843924225105,83.5,26.0,85.5,40.0,0.0,0.09561789831592578,0.11731277238617807,-0.292699792490523,-0.25418504434149647
F,g2000p,0.5,after_panic60,3681530.0791034736,0.09192085702326569,183.0,-0.26687761153829825,0.34040536488754614,0.0,0.34040536488754614,0.8975034809093896,0.11927889125899602,0.0,0.0,132.0,34.5,126.0,57.0,0.0,0.08778661567054662,0.09666542442363948,-0.2950736511478169,-0.2527190243222109
A,g2000p,0.0,after_panic120,1288255.9120259685,0.07885717342151366,57.0,-0.21229650702988417,0.20714478385119736,0.02825928353863575,0.23576767023534173,0.8930233961238048,0.10741444797024502,25.0,1401.6966877178645,49.0,8.0,41.0,16.0,0.0,0.07149930401746984,0.08396200170468353,-0.26783787954893,-0.18819552206932294
B,g2000p,0.0,after_panic120,1558668.0008040303,0.09394843856302848,125.0,-0.33385969113704317,0.45793057834871664,0.05454128503925085,0.5109491506861996,0.895424395675311,0.154026618986275,55.0,3087.916819522314,81.5,26.0,84.5,39.5,0.0,0.08652533345195745,0.11028515674364572,-0.3474854729898868,-0.31716815519664315
F,g2000p,0.0,after_panic120,3342658.2768392246,0.0868191653031517,181.5,-0.3299968767026653,0.3387070956748024,0.04269512052240109,0.38082004056121804,0.8956017508845096,0.1340450541480358,79.5,7989.197575069879,130.5,34.0,125.0,56.0,0.0,0.08301575767976302,0.09126867492119824,-0.3494540011893805,-0.31066126576939257
A,g2000p,0.1,after_panic120,1273757.9547477488,0.07764493511376136,57.0,-0.20088591261819455,0.20852262497514967,0.01699105728918207,0.22408251742203267,0.8937017848761368,0.1019407270125348,22.0,1038.943979400399,49.0,8.0,41.0,16.0,0.0,0.06975119041168847,0.08279458325418254,-0.257469684095231,-0.17850346411148407
B,g2000p,0.1,after_panic120,1583022.496057614,0.0955506796029324,125.5,-0.3013234522569071,0.4563266619280154,0.03007361187012037,0.4853633305360043,0.8945772754205363,0.14527377107756118,51.0,2579.5904114649848,82.0,26.0,85.0,39.0,0.0,0.08740293210669547,0.11264311315349723,-0.3142161240137164,-0.2843394975560587
F,g2000p,0.1,after_panic120,3363388.5722062234,0.08714802124125887,182.5,-0.29714145463294656,0.34111943028871683,0.02381729142762707,0.3635490819963796,0.8969830193391302,0.12711015430386186,73.0,6471.0105706185095,131.5,34.0,126.0,56.0,0.0,0.08396564994597397,0.09207204305273267,-0.3166350349470714,-0.2775089387934856
A,g2000p,0.2,after_panic120,1278041.4299448985,0.07800355681121496,57.5,-0.1890013982814152,0.20889648864353955,0.007671535316718787,0.215415434495489,0.8924957368566031,0.09749119014885507,17.0,681.9665776884235,50.0,8.0,42.0,16.0,0.0,0.07043325642498917,0.08322925293756199,-0.2447162457759516,-0.1665554594418431
B,g2000p,0.2,after_panic120,1615064.7694525672,0.09761760533396469,125.0,-0.2868957935462895,0.45220475150107536,0.015199470173107221,0.4683101174132285,0.8979355676938082,0.14093500095402778,30.0,1623.612290503159,82.5,26.0,85.0,40.0,0.0,0.09054556668902185,0.11489941524247718,-0.2952140375220045,-0.2647892068918944
F,g2000p,0.2,after_panic120,3474984.6428165324,0.08886742645695889,183.0,-0.27523498368166366,0.34121621733174357,0.011129841617874215,0.3505493349770653,0.8999249979275021,0.12262707115992302,44.5,3976.2513546167565,132.0,34.0,127.0,56.5,0.0,0.0846809665404535,0.09282012125905911,-0.2976839363817716,-0.2624742998606298
A,g2000p,0.3,after_panic120,1299818.3845659727,0.07981516366557206,58.0,-0.1816169616357926,0.21081701165119396,0.002774648637983086,0.21301105114889157,0.8963457833800726,0.09550418466461401,8.0,273.9485083960413,50.5,8.0,42.0,16.0,0.0,0.0717616342229844,0.08560725062815747,-0.2450548243017274,-0.1552186040375733
B,g2000p,0.3,after_panic120,1658541.071525517,0.10036367970986204,126.0,-0.2848366619213874,0.4546631789759215,0.007239931366509005,0.4621904433038249,0.8993816525895613,0.13905809504770117,13.0,908.5390746828255,83.0,26.0,85.5,40.0,0.0,0.09197887802059941,0.11510770918697534,-0.292699792490523,-0.25418504434149647
F,g2000p,0.3,after_panic120,3606450.9008418582,0.0908271593724912,183.0,-0.26736771218995997,0.3394572516827032,0.0048444012840190825,0.3443884450442203,0.899949374567454,0.12095374182515348,22.5,2161.8295144266986,132.0,34.0,126.0,57.0,0.0,0.0854505562847275,0.09450903512597005,-0.2950736511478168,-0.2527190243222109
A,g2000p,0.5,after_panic120,1315589.0980202095,0.08110748464840567,58.0,-0.17700939442492403,0.2097619405441023,0.0,0.2097619405441023,0.8946486862875169,0.09414121356805974,0.0,0.0,50.5,8.0,42.0,16.0,0.0,0.07217893967486158,0.08731386301043083,-0.24494147720122056,-0.15361322645917938
B,g2000p,0.5,after_panic120,1721682.5466093887,0.10423770727058468,126.0,-0.2848366619213874,0.45333584149072004,0.0006822716436916314,0.4540382102314585,0.8983963445453709,0.13754359572089644,4.0,110.82063991028713,83.5,26.0,86.0,40.0,0.0,0.09547718180060656,0.11727655114139955,-0.292699792490523,-0.25418504434149647
F,g2000p,0.5,after_panic120,3675903.869511761,0.09183948176050294,183.0,-0.26687761153829825,0.3397222839474762,0.0003092832796244061,0.3401805451437407,0.8975034809093896,0.11935656427929364,4.0,253.9051450701901,132.0,34.5,126.0,57.0,0.0,0.087702535142786,0.09623666937146669,-0.2950736511478169,-0.2527190243222109
A,g2000p,0.0,after_panic250,1313543.8230475953,0.08094218180381141,57.0,-0.23781886045106682,0.20600164136394084,0.04996323826352361,0.25665107592824865,0.8924221279710278,0.1154389314343279,41.5,2053.1332321274776,49.0,8.0,41.0,16.0,0.0,0.07503572974609632,0.0849311997344944,-0.2841738387154193,-0.2106576291178438
B,g2000p,0.0,after_panic250,1427401.644032632,0.08493854896087061,125.0,-0.33385969113704317,0.4618194603728282,0.11650473375285916,0.5737842348445441,0.8952693865113314,0.17558319295964703,90.0,4760.903169272093,81.5,26.0,84.0,39.5,0.0,0.07697254705191721,0.10004669928237755,-0.3474854729898868,-0.31716815519664315
F,g2000p,0.0,after_panic250,3141426.301646117,0.08355579159345583,181.0,-0.32999687670266536,0.3387917987835554,0.0849556488847127,0.4248674315930061,0.8953200533361092,0.14948926441234245,130.5,12200.76605462477,130.0,34.0,125.0,56.0,0.0,0.08012933774937803,0.08610066380653514,-0.3494540011893804,-0.31066126576939246
A,g2000p,0.1,after_panic250,1289568.816949703,0.07896608392071047,57.0,-0.2108501116019852,0.20751837781237292,0.029013559429008743,0.2374998357126259,0.8929834790953437,0.10646800614732303,37.0,1818.4637689490887,49.0,8.0,41.0,16.0,0.0,0.07215418782582309,0.08300216226803914,-0.26040282133707543,-0.18351598899521507
B,g2000p,0.1,after_panic250,1423937.8126884163,0.08468705633013407,125.5,-0.3013234522569071,0.4610538988050181,0.07487854230854435,0.5339634879244359,0.8961139102303985,0.16097207272253367,86.0,4147.530678810164,82.0,26.5,84.5,40.0,0.0,0.07672630223428871,0.10084277119841302,-0.3142161240137164,-0.2843394975560587
F,g2000p,0.1,after_panic250,3098307.045485311,0.0828278406266808,182.5,-0.29714145463294644,0.3406339793274312,0.053336965734140596,0.39542003225189293,0.8957868563555031,0.13730195227920622,124.5,10730.59144211767,131.5,34.0,126.0,56.0,0.0,0.0799984001503948,0.08574327169135518,-0.31663503494707135,-0.2775089387934855
A,g2000p,0.2,after_panic250,1287960.6696109986,0.07883110197986676,57.5,-0.19150731458289594,0.2087540439209836,0.014034104667213101,0.2222710764185604,0.8924957368566031,0.09986439095227662,29.5,1361.078737043324,50.0,8.0,42.0,16.0,0.0,0.07128459047888495,0.08404827629795289,-0.24473329594098275,-0.1679859732148039
B,g2000p,0.2,after_panic250,1459314.858621526,0.08718872112748088,125.5,-0.2868957935462895,0.4618953123167867,0.04461113869207339,0.503155537752213,0.8972756743287583,0.15089408536125665,62.0,2950.2581151345894,82.0,26.5,85.0,40.0,0.0,0.07888859705680532,0.10432930681865073,-0.2952140375220045,-0.2647892068918944
F,g2000p,0.2,after_panic250,3166716.389265732,0.08397725433053704,183.0,-0.2752349836816637,0.3437253612304183,0.03037633087943085,0.37181886679829557,0.8998056932652114,0.12890188689558646,91.0,7652.800372091615,132.0,34.0,127.0,56.0,0.0,0.08121115752782253,0.0868797806865578,-0.2976839363817713,-0.26513382328120394
A,g2000p,0.3,after_panic250,1302914.4221412921,0.08007001394669833,58.0,-0.1817152102041681,0.21078096778221986,0.005006469829332217,0.21508071902691636,0.8963199072826342,0.09631110956193768,15.5,645.7955641170752,50.5,8.0,42.0,16.0,0.0,0.0718108173737062,0.08555953255821017,-0.24507515210721303,-0.1552186040375733
B,g2000p,0.3,after_panic250,1532935.4284709995,0.09224219286614199,125.5,-0.2848366619213874,0.4632115091888722,0.02499000148466138,0.4846971604167523,0.8980518822975145,0.14492576117939968,40.0,1898.3890583707507,82.0,26.0,85.0,40.0,0.0,0.08281308691151916,0.1072622815525843,-0.292699792490523,-0.2542583622372243
F,g2000p,0.3,after_panic250,3363541.5786905205,0.08714884461510941,183.0,-0.26736771218996,0.34295737795011205,0.01613426127381718,0.3578270357782757,0.8997822267210432,0.1242727200695078,59.5,4905.566571515461,132.0,34.0,126.0,56.0,0.0,0.08307934736718887,0.08986061694856862,-0.2950736511478171,-0.25307995451098875
A,g2000p,0.5,after_panic250,1315589.0980202095,0.08110748464840567,58.0,-0.17700939442492403,0.2097619405441023,0.0,0.2097619405441023,0.8946486862875169,0.09414121356805974,0.0,0.0,50.5,8.0,42.0,16.0,0.0,0.07208111341823402,0.08730423481523411,-0.24494147720122056,-0.15361322645917938
B,g2000p,0.5,after_panic250,1702141.4480702654,0.10305276834734689,126.0,-0.2848366619213874,0.45364749387268455,0.0030358684348134445,0.45651634829142534,0.8985236579553568,0.1384949076890104,14.0,361.1583512794124,83.5,26.0,86.0,40.0,0.0,0.09242827290721518,0.1161116220552001,-0.292699792490523,-0.25418504434149647
F,g2000p,0.5,after_panic250,3641308.765206394,0.0913394794216722,183.0,-0.26687761153829825,0.3400665433470511,0.001210046585189852,0.34154266713040027,0.897458330971587,0.11991382956658427,13.0,569.4654468489725,132.0,34.5,126.0,57.0,0.0,0.0871485723144578,0.09490064944145586,-0.2950736511478169,-0.2527190243222109
A,g2000p,0.0,after_adj60,1360964.5718963598,0.08475722805227393,58.0,-0.2502679350919633,0.20887068843311435,0.039771745081803644,0.2490466627629797,0.8922301689766767,0.12804768443895764,32.0,3222.6877969500993,50.0,8.0,42.0,16.0,0.0,0.0777324097113786,0.09058523599701296,-0.27068203439656496,-0.2502635221353232
B,g2000p,0.0,after_adj60,1757592.6952515836,0.10638307470830921,124.5,-0.33421926916529243,0.44948230475772755,0.0537094463623376,0.5028960310145965,0.8904245471252806,0.1576193642203211,78.5,7487.177724935358,81.0,26.0,84.0,40.0,0.0,0.0965692206511932,0.11876374144254619,-0.3478769802368087,-0.3175219945604927
F,g2000p,0.0,after_adj60,3985196.6663117413,0.09612253217123512,183.0,-0.33036034439872075,0.3378608614195451,0.04755814132467745,0.38270758157872486,0.8939628126274037,0.144299286233533,112.0,20236.365589861594,132.0,34.5,126.0,56.0,0.0,0.09029377260725054,0.10001833849529994,-0.349829667680554,-0.3110320720941378
A,g2000p,0.1,after_adj60,1323893.999607765,0.08178557366840011,58.0,-0.22293907226918563,0.20847823126231785,0.023470769044744048,0.23208348319459426,0.895079382144744,0.11752974301243169,31.0,2455.2016493204537,50.0,8.0,42.0,16.0,0.0,0.07532514358158784,0.08815217859619365,-0.25034979731512924,-0.22293463564795482
B,g2000p,0.1,after_adj60,1751602.3267710425,0.10601298173986307,125.0,-0.30159044733200757,0.4510848175841652,0.026364489868507663,0.4749161492824279,0.8980313387749119,0.14653307952215022,74.0,5805.55685776381,82.0,26.5,84.0,40.0,0.0,0.09539436901827551,0.11637297923622103,-0.3145026198629006,-0.28459845344238227
F,g2000p,0.1,after_adj60,3741853.7923718076,0.0927809347613977,182.5,-0.29740645268489463,0.33981375960676236,0.025156786190949406,0.3638994537571252,0.8989157423657623,0.1338027021544073,106.5,15346.07842531864,132.0,34.5,127.0,56.5,0.0,0.08958963116740389,0.09767915516928172,-0.3169193337158742,-0.27777426353554485
A,g2000p,0.2,after_adj60,1323184.9161732632,0.08172541810684564,58.0,-0.19506248728236164,0.2107833282892257,0.012452528562209903,0.22252819354799946,0.8950502637556741,0.10892544026793258,20.0,1559.0378740306721,50.5,8.0,42.0,16.0,0.0,0.07278870201214627,0.08780650885873882,-0.2431568307155221,-0.19506013740588274
B,g2000p,0.2,after_adj60,1706307.9457218326,0.10330640525295365,125.0,-0.286377251448587,0.4541587850465647,0.009064388582478485,0.46407292393443234,0.8984105950433652,0.14071009035531784,40.0,3628.413443019662,83.0,26.0,84.0,40.0,0.0,0.09552622444715601,0.11653534185088538,-0.2947515332329764,-0.2677922331034635
F,g2000p,0.2,after_adj60,3675223.574038855,0.09182957024527771,182.5,-0.27795056519533295,0.34078063580258494,0.010475217523946301,0.35046145413705515,0.89776618328011,0.12642121613725438,59.0,9591.912466404563,132.0,34.5,126.0,57.0,0.0,0.089346265778705,0.09654601708476576,-0.29722940474773174,-0.2584951422598601
A,g2000p,0.3,after_adj60,1316181.856414053,0.08115725240675686,58.0,-0.17728821840744402,0.21023830966267565,0.0068682138965494716,0.21699611128251362,0.8949547725955835,0.10226182601627193,14.5,976.7865651428046,50.5,8.0,42.0,16.0,0.0,0.07242925168241938,0.0878764762732144,-0.24498116890680302,-0.1666328270811782
B,g2000p,0.3,after_adj60,1697625.8665746201,0.10277373650140864,126.0,-0.284601043697593,0.4533019668320096,0.003722970516446681,0.4571228773730238,0.8985837463869546,0.1383026956732621,16.0,2228.4640055612354,83.5,26.0,85.5,40.0,0.0,0.0949480339682645,0.1159474830869033,-0.2924524507722609,-0.25394995572649054
F,g2000p,0.3,after_adj60,3711939.1671555573,0.09235092602843653,183.0,-0.26731602705762,0.3398840558676259,0.005096788521936849,0.34429240513602083,0.8977691264682118,0.1230820462358467,31.5,5855.339204396114,132.0,34.5,126.0,57.0,0.0,0.08746782501998,0.09653823050325841,-0.29482901808611284,-0.25247801740736275
A,g2000p,0.5,after_adj60,1319494.069646536,0.08142581897998091,58.0,-0.17700939442492386,0.20974554359798278,0.0007489042516800278,0.21049452528679305,0.8946486862875168,0.09470952023463064,7.0,299.4025865612855,50.5,8.0,42.0,16.0,0.0,0.07231494282002808,0.08763399879962172,-0.24494147720122061,-0.15361322645917946
B,g2000p,0.5,after_adj60,1715863.192992205,0.10388611133155545,126.0,-0.2848347304186256,0.4531791929330128,0.00036412887455758176,0.45360174189254676,0.8990109122931049,0.13776778029096484,6.0,716.4572909153633,83.5,26.0,85.5,40.0,0.0,0.09526013827879438,0.11691271873362012,-0.29269759620881725,-0.25418318045945193
F,g2000p,0.5,after_adj60,3676381.0727520697,0.09184714757492096,183.0,-0.26687567414465424,0.34040120274291796,0.0005144027811010191,0.34087303936617247,0.8975036572858813,0.11951704916367904,12.0,1804.9307272753817,132.0,34.5,126.0,57.0,0.0,0.08777183892316773,0.09669486614988496,-0.29507147440794795,-0.2527170908002324
A,g2000p,0.0,after_adj120,1836924.9845061377,0.11755808194457484,57.0,-0.25026797046932825,0.20541176609255452,0.08873078171411033,0.2948062733562706,0.891919013528329,0.1500071493189435,60.5,5384.820889916053,49.0,8.0,41.0,16.0,0.0,0.11015506455093468,0.12143329773305417,-0.285782420933665,-0.25026560394665726
B,g2000p,0.0,after_adj120,1709398.4380906066,0.10349411196995084,124.0,-0.33421926916529243,0.4532781519433945,0.10013093444307355,0.552403348203979,0.891129787464717,0.17105760776001006,104.5,8826.971487529903,81.0,26.5,84.0,40.0,0.0,0.0959375542703643,0.11568842184517131,-0.3478769802368087,-0.3175219945604927
F,g2000p,0.0,after_adj120,5304578.751356583,0.11142566733022541,182.0,-0.3303603443987208,0.335636336140817,0.09428247359705064,0.4289148552449907,0.8937743808452044,0.16119520577505136,166.0,32041.92229841095,130.0,34.0,125.5,56.5,0.0,0.10460699192048824,0.11614214478261584,-0.349829667680554,-0.311032072094138
A,g2000p,0.1,after_adj120,1720872.9584388607,0.11033680828429238,57.0,-0.22293908860362355,0.206911503408735,0.06210281221432459,0.26971057663049613,0.8931594947719781,0.13552436923654615,54.0,4447.4708667302475,49.0,8.0,41.0,16.0,0.0,0.10284039068377693,0.11434033685717895,-0.26040767875728377,-0.222936730252287
B,g2000p,0.1,after_adj120,1659756.3401127434,0.10043904730170439,125.5,-0.30159044733200757,0.4534572120718109,0.06129019501621959,0.5161676927475576,0.8958218455367317,0.1557829737333051,100.5,7470.831866008571,82.0,26.5,84.5,40.0,0.0,0.0922441221526693,0.11348698907332781,-0.3145026198629006,-0.28459845344238227
F,g2000p,0.1,after_adj120,4837683.993281111,0.10646857712617519,182.5,-0.2974064526848946,0.3388051345727168,0.061507474850303445,0.399188718246995,0.8974664091492528,0.14693172460732856,155.0,25786.85475532709,131.0,34.0,126.0,56.0,0.0,0.09840280706908114,0.11066178088304555,-0.31691933371587433,-0.27777426353554474
A,g2000p,0.2,after_adj120,1640214.1775247206,0.1050527049081944,57.5,-0.19688207696542454,0.20818320621601363,0.04111989086900873,0.24893737794448162,0.8924957368566031,0.1227767749667118,45.5,3369.811192996505,50.0,8.0,42.0,16.0,0.0,0.09759792472785205,0.1102387098655258,-0.24473329594098298,-0.19506013740588274
B,g2000p,0.2,after_adj120,1652252.1423265846,0.09997045526296089,125.0,-0.286377251448587,0.4585133052617195,0.03353971660612561,0.4918698929426637,0.8973713646434471,0.14700719930921874,66.5,5217.446263366966,82.0,26.0,85.0,40.0,0.0,0.09135190222829323,0.11448993410149352,-0.2947515332329764,-0.2677922331034635
F,g2000p,0.2,after_adj120,4484029.394071374,0.1024031527498186,183.0,-0.2779505651953328,0.33995381642126643,0.03648946434709235,0.3748550274346997,0.8968550072207926,0.13591243668331,109.0,17555.122895826273,132.0,34.0,126.0,57.0,0.0,0.09878663528013272,0.10612097077138198,-0.2972294047477318,-0.26117643904930066
A,g2000p,0.3,after_adj120,1572756.3408633932,0.10045371363809241,58.0,-0.18171521020416803,0.21057220020061929,0.025944864824628544,0.23556971113548586,0.8963199072826342,0.11261314172079143,31.5,2242.412950440513,50.5,8.0,42.0,16.0,0.0,0.09277343772474186,0.10592767594554693,-0.24507515210721303,-0.16663302761551424
B,g2000p,0.3,after_adj120,1678141.1134721239,0.10157993621127193,125.5,-0.284601043697593,0.45892210838207326,0.01920607645891638,0.4772311480461786,0.8971986333409316,0.14262103481839725,38.0,3573.3806018598702,82.0,26.0,86.0,40.0,0.0,0.092338079480021,0.11449359289853742,-0.2924524507722609,-0.2540231887280671
F,g2000p,0.3,after_adj120,4349999.781103507,0.10078838751241459,183.0,-0.2673160270576199,0.33821414657830706,0.022276327750392434,0.3602622966631837,0.8983401822990543,0.1295307097604907,72.5,11467.038411395624,132.0,34.0,126.0,56.0,0.0,0.09643960625062067,0.1048175428848106,-0.2948290180861128,-0.2525892374025947
A,g2000p,0.5,after_adj120,1456359.3299232016,0.09207957837270941,58.0,-0.17700939442492386,0.20964416538373404,0.0096766743518346,0.21932080765293266,0.8946486862875168,0.0990480296293271,14.0,1002.7353944074159,50.5,8.0,42.0,16.0,0.0,0.08349648044790152,0.09837301298792948,-0.24494147720122073,-0.15361322645917927
B,g2000p,0.5,after_adj120,1723127.835171448,0.10432496064000008,126.0,-0.2848347304186256,0.4532775309147464,0.002846912506743698,0.4552451308091955,0.8981012917875317,0.13821779598525585,16.0,1055.071147700011,83.5,26.0,86.0,40.0,0.0,0.09459100195991876,0.11733980646276382,-0.29269759620881725,-0.25418318045945193
F,g2000p,0.5,after_adj120,4107843.052085625,0.09773342627870962,183.0,-0.26687567414465424,0.3398562385877457,0.006174863949007955,0.345794497633065,0.897458330971587,0.12163020183415281,31.0,3389.67781811637,132.0,34.5,126.0,57.0,0.0,0.09304929560222441,0.10108113617697304,-0.2950714744079478,-0.2527170908002322
A,g2000p,0.0,after_adj250,2404331.552357239,0.14784249152979412,57.0,-0.25026797046932825,0.20376282659253425,0.17763949773806986,0.37999666630662565,0.8919190135283293,0.17329173299071668,69.5,6993.693036301775,49.0,8.0,41.0,16.0,0.0,0.14137805656350227,0.15259918876979964,-0.2857824209336652,-0.25026560394665726
B,g2000p,0.0,after_adj250,1604396.6668592696,0.09693357739673203,124.5,-0.33421926916529243,0.4553787233777067,0.20264894731318206,0.6559926766399095,0.8930186987147448,0.1891700888829795,140.5,9636.608270113496,81.0,27.0,83.5,40.0,0.0,0.09180522593131638,0.10904936293536643,-0.3478769802368087,-0.3178556292717676
F,g2000p,0.0,after_adj250,6624320.592808296,0.12345982586896731,181.5,-0.3303603443987208,0.33365038070326414,0.1898240184764447,0.5240937120704269,0.8939628126274037,0.18145347611282564,210.0,45646.08203571729,130.5,34.0,125.0,56.0,0.0,0.11843939551761584,0.12746883753027727,-0.349829667680554,-0.31576689283570314
A,g2000p,0.1,after_adj250,2177801.2292005466,0.1366146668464947,57.0,-0.22293908860362355,0.205542231274696,0.13942061810200285,0.34360656803926815,0.8931594947719781,0.15580091183474243,61.5,5968.786538719409,49.0,8.0,41.0,16.0,0.0,0.1299233368702066,0.14138012060107785,-0.2604076787572839,-0.222936730252287
B,g2000p,0.1,after_adj250,1566589.6592501537,0.09447400456197674,125.5,-0.3020216346273171,0.4552148440972754,0.14396299194138173,0.5984455383004375,0.8939600498808804,0.17087797502195948,134.5,8355.850744217867,82.0,26.5,84.5,40.0,0.0,0.08885381153699043,0.10847604995942305,-0.3145026198629006,-0.28497460112375855
F,g2000p,0.1,after_adj250,5851868.729332622,0.11672826015805238,182.5,-0.29740645268489463,0.33924188866504096,0.13968077306633517,0.4770237085252367,0.8948314710690963,0.1636081697265015,197.0,36544.46722335512,130.5,34.0,126.0,56.0,0.0,0.1086891886653391,0.12156076728961321,-0.3169193337158742,-0.28425241739470847
A,g2000p,0.2,after_adj250,2015244.998702711,0.12789079826937833,57.5,-0.19688207696542454,0.20711225747730888,0.10650459877141019,0.31237794215360076,0.8924957368566031,0.14005560628125316,53.0,4739.333908300449,50.0,8.0,42.0,16.0,0.0,0.12110593940899872,0.13353246924691006,-0.24473329594098286,-0.19506013740588274
B,g2000p,0.2,after_adj250,1557853.0425043846,0.09390028782561943,125.5,-0.286377251448587,0.456778865794571,0.09373789471909832,0.5501037093435328,0.8973615386100557,0.15780576758148157,98.0,6431.722433954408,82.0,26.0,84.5,40.5,0.0,0.08760331818773433,0.10999611755065877,-0.2958315088331477,-0.2680427167893774
F,g2000p,0.2,after_adj250,5346528.685145153,0.1118499103466416,182.5,-0.277950565195333,0.3406424451579272,0.09989407461683175,0.4375391462514443,0.9006336734719176,0.14931828049731893,150.0,25633.529345722127,131.5,34.0,126.0,56.5,0.0,0.1074744456309065,0.11627774016263323,-0.29722940474773185,-0.26431366688913344
A,g2000p,0.3,after_adj250,1870981.622235144,0.11959909190178464,58.0,-0.1817152102041681,0.20995344322691217,0.07891332305038443,0.2875544824721953,0.8963199072826342,0.1264894030124304,40.5,3488.596685652563,50.5,8.0,42.0,16.0,0.0,0.11307013356920352,0.1254531938206515,-0.24507515210721292,-0.16663302761551424
B,g2000p,0.3,after_adj250,1545813.452917418,0.09309977627151167,125.5,-0.284601043697593,0.45780902768022624,0.05907386917811477,0.5156234069274865,0.8974757742121495,0.14907915179106734,70.0,4453.391202576359,82.0,26.0,85.0,40.0,0.0,0.08736510351305307,0.11008837938909752,-0.2928153234955636,-0.2540231887280671
F,g2000p,0.3,after_adj250,4966274.977214639,0.1078786199244175,183.0,-0.26790808827657453,0.3414018401966501,0.06787817286452112,0.40698459365986217,0.9003958316689811,0.13908006574130274,112.0,17137.774654452423,132.0,34.0,126.0,56.0,0.0,0.10299353927353112,0.11190966670333151,-0.2948290180861128,-0.25284240748372383
A,g2000p,0.5,after_adj250,1627093.9794035126,0.10417376061131611,58.0,-0.17700939442492403,0.20935700813706662,0.04151452971604367,0.2511334500890265,0.8946486862875169,0.10646600417476382,23.0,1829.1874324033502,50.5,8.0,42.0,16.0,0.0,0.09636646959037613,0.11066586019934861,-0.24494147720122056,-0.1536132264591795
B,g2000p,0.5,after_adj250,1678340.445372514,0.10159082283039333,126.0,-0.2848347304186256,0.4540439479125293,0.011052685858365784,0.46421718543901935,0.8985204570710816,0.13928657752205081,32.0,1495.6493943041337,83.5,26.0,86.0,40.0,0.0,0.09262571592042239,0.11400022122970542,-0.29269759620881725,-0.25418318045945193
F,g2000p,0.5,after_adj250,4519784.000947533,0.10283287530371055,183.0,-0.26687567414465435,0.34000233636799504,0.02561520707274862,0.363759960669109,0.8976037157383754,0.12540270329447123,53.0,5747.746110212028,132.0,34.5,126.0,57.0,0.0,0.09779864944587142,0.10583308793558974,-0.2950714744079477,-0.2527170908002324
A,g2000p,0.0,ma60,16357402.729568237,0.38867226050469417,57.0,-0.33663218888054547,0.20487666683487304,0.5202913442195076,0.7249716133317607,0.8969342919674588,0.2485603170661544,166.0,470670.43252228294,49.0,8.0,41.0,16.0,0.0,0.381999965581286,0.39789228312407665,-0.37448489617613595,-0.30097301258457454
B,g2000p,0.0,ma60,1106167.589852373,0.05922516437769665,126.0,-0.37467137643148907,0.46104526484982433,0.2769450950046558,0.7368238121347253,0.8997463562843857,0.19407533916625358,232.5,60759.56434027213,82.0,26.0,84.0,40.0,0.0,0.050789669264950564,0.07115517920363032,-0.3909684195011812,-0.3340575600822503
F,g2000p,0.0,ma60,34141375.82881473,0.2164037992679707,181.5,-0.47221114737042846,0.3387225828653552,0.39441429831199043,0.7331738979266236,0.900051781713141,0.221397791057939,393.0,2262259.173919009,130.5,34.0,125.0,56.0,0.0,0.21090325348883335,0.2216970551337894,-0.502366207789559,-0.45627356854470497
A,g2000p,0.1,ma60,13210092.96100413,0.35950490344234365,57.0,-0.2940946324038407,0.20664520797916247,0.4598552921260705,0.6658653394354688,0.8969684799614064,0.22830332180930407,154.5,335963.8750787751,49.0,8.0,41.0,16.0,0.0,0.3509534341141922,0.36807171019541773,-0.3502505045553529,-0.27737380315681437
B,g2000p,0.1,ma60,1143477.526027835,0.06253750684730708,126.0,-0.3519627617866365,0.4607459590961409,0.22627405954731492,0.6865061718477541,0.900255679048113,0.18005405836060667,229.5,51735.07428324217,82.0,26.0,85.0,40.0,0.0,0.05406596188306097,0.07477451800418888,-0.3687831749522942,-0.3147922712673273
F,g2000p,0.1,ma60,28438866.663972177,0.2056754464213919,182.0,-0.4382759814910598,0.3428785043427802,0.3355577288696381,0.679204080964634,0.898689489785484,0.20435911678184066,380.0,1504372.9676153571,131.0,34.0,125.0,56.0,0.0,0.20009992221975087,0.20977497025280328,-0.4702838683204344,-0.42350824161291295
A,g2000p,0.2,ma60,10617563.580892194,0.3303191711382055,57.0,-0.26935792709783446,0.2086352518633197,0.40184176688043727,0.6097414109750611,0.8959168161497131,0.20840686143909015,141.0,232831.53615144693,49.0,8.0,41.0,16.0,0.0,0.32393448173541095,0.33910863392546503,-0.3242464633060522,-0.25713278169371984
B,g2000p,0.2,ma60,1194746.636035079,0.0669260434633927,125.5,-0.3314718370014066,0.4595197094861961,0.1789518927205518,0.6378693311063084,0.8936095549725451,0.16740295894969268,190.0,41976.53972787652,82.0,26.0,85.0,40.0,0.0,0.05837223174972852,0.08147697429112756,-0.3487943171862552,-0.29113074913468745
F,g2000p,0.2,ma60,23534744.88377049,0.19466399468927786,182.0,-0.40196364022281894,0.3425496358694055,0.2841348993475902,0.6263134491566773,0.897570734007648,0.18823164529524322,324.0,992359.943474638,131.5,34.0,126.0,56.0,0.0,0.18935346975110692,0.19854909054160644,-0.43753839496818536,-0.3861887719819665
A,g2000p,0.3,ma60,8518669.210712701,0.3015303930735709,58.0,-0.24494302639413934,0.20775898702734572,0.34818219020981556,0.554885246839206,0.8908331918495147,0.18924152154193394,124.0,158937.41233776466,50.0,8.0,42.0,16.0,0.0,0.2944837246584854,0.3099652464163002,-0.303032893411475,-0.23608075101336928
B,g2000p,0.3,ma60,1253886.6775005898,0.0717876262781364,125.5,-0.31260190790279385,0.45862379143884613,0.13713086772548966,0.5956320934039463,0.894935959960101,0.15819885628265287,168.5,33897.89920163753,81.5,26.0,86.0,40.0,0.0,0.06345038580926851,0.08603205051196719,-0.33041238621409325,-0.26911680216217626
F,g2000p,0.3,ma60,19626170.76459509,0.18419274042135636,182.0,-0.3697429493800971,0.3413087480794611,0.23739575368792906,0.5783694817072109,0.896809296192602,0.17387465141606823,287.5,634106.9969282642,131.0,34.0,126.0,56.0,0.0,0.17961452403760253,0.18711195205550285,-0.4061776794801283,-0.35018362837886374
A,g2000p,0.5,ma60,5068957.696063853,0.23611332535253582,58.0,-0.20153581074326432,0.20891017389846778,0.24292557705352097,0.4511582977472544,0.8842316369704757,0.15288756006290333,88.0,66915.04898690828,50.5,8.0,42.0,16.0,0.0,0.22952034778545108,0.244774908911748,-0.2608440379121853,-0.20064362397576538
B,g2000p,0.5,ma60,1420275.4550736463,0.08442547090183627,125.5,-0.28084595540215557,0.4555962278695853,0.06975115563917281,0.5247735065849521,0.8991930988462726,0.1453463258403797,112.5,18561.20037322404,81.5,26.0,85.0,40.0,0.0,0.07336942497855539,0.09753718114313115,-0.294326393728996,-0.2542824509079842
F,g2000p,0.5,ma60,12734719.504656274,0.1596230208137518,183.0,-0.30174369177494137,0.3404994386581527,0.1526483236306045,0.4918476778670552,0.8971914287680389,0.1489725530796076,196.0,212770.25373002677,131.0,34.0,126.0,56.0,0.0,0.15482164673033583,0.1625975786321496,-0.34210241959858495,-0.2800758876629904
A,g2000p,0.0,ma120,11777678.055715699,0.3440901053328136,57.5,-0.4981642000838019,0.2035144064869376,0.5623865402887196,0.764701350519732,0.8934718706561542,0.26396667521119394,132.0,343440.4929833214,49.0,8.0,41.0,15.5,0.0,0.337820894673064,0.3491303670968394,-0.498164200083802,-0.4981642000838017
B,g2000p,0.0,ma120,925917.2296260591,0.04165105456559126,124.0,-0.37596970879257,0.45964275897126655,0.2935045886931288,0.7521853045252456,0.8889798336252839,0.19779900825658725,194.0,47565.379276885236,81.0,27.0,84.5,39.0,0.0,0.034676060451035176,0.056899528625045555,-0.39213444179563894,-0.33649758067642693
F,g2000p,0.0,ma120,20277857.43344767,0.18606916411872831,181.0,-0.643816152184372,0.3391371808731881,0.42052812763078523,0.7611034991410713,0.8967386570832752,0.2318065076719029,323.5,1324600.917107585,131.0,34.0,125.5,55.0,0.0,0.1783192626558941,0.1896390478391139,-0.6659286539683413,-0.634432864271333
A,g2000p,0.1,ma120,9912819.05523989,0.32126601783681363,57.5,-0.4562666976541954,0.20333583303839017,0.5028652617030107,0.7057788697996854,0.8930673201939114,0.2438669818723236,124.0,254231.2372324027,49.0,8.0,41.0,16.0,0.0,0.3105947431423313,0.3296431315920788,-0.45640046806885315,-0.45617951212778834
B,g2000p,0.1,ma120,970134.2330606355,0.04623117953144673,125.0,-0.356910100373072,0.46036836673067083,0.24327624017737248,0.7030731980815816,0.8929817271939543,0.18396440691146004,192.0,41766.13533366305,82.0,27.0,85.0,39.0,0.0,0.03983862197747856,0.06193251154195735,-0.37356848813335625,-0.3162340687324629
F,g2000p,0.1,ma120,17538397.309442952,0.17775040608885584,181.0,-0.6059541924166422,0.340123855215995,0.36450277153192945,0.7071098537146017,0.8976080679746848,0.2146724909656138,314.0,962972.5898228271,130.5,34.0,125.0,56.0,0.0,0.17024387947936967,0.1822412511746962,-0.6305337437438846,-0.5956485037191636
A,g2000p,0.2,ma120,8324324.466326632,0.29854990122053293,57.0,-0.4067542941786318,0.20721906831901252,0.44036802353789384,0.6481341279164679,0.8952672015486874,0.22352048218715914,110.5,182695.9360476316,49.0,8.0,41.0,16.0,0.0,0.29310348943310555,0.30697945623173356,-0.4067544068311867,-0.4067541786564969
B,g2000p,0.2,ma120,1019703.9780316371,0.051150282395086455,124.0,-0.3374591611149472,0.4623834637642775,0.19444417592407554,0.6538774645240026,0.8948413070476628,0.17157086324298038,178.5,35199.15161332975,81.0,26.5,84.0,39.5,0.0,0.0447958164756465,0.06802995149975369,-0.3546212984334584,-0.2955546549018963
F,g2000p,0.2,ma120,15619379.053332444,0.1711548839473177,181.5,-0.563235268004104,0.342120520951871,0.31161071632389914,0.653104861555592,0.8965511288081669,0.19799308203982963,285.0,692674.0318255797,131.0,34.0,125.5,56.0,0.0,0.16636063444586383,0.17650608255684527,-0.5884797405415464,-0.5496842739327725
A,g2000p,0.3,ma120,6993478.801552234,0.2762726878177165,58.0,-0.3585957690908771,0.2091193117890418,0.3827332377508418,0.5907782949039682,0.8895174494133962,0.20368825775047256,101.0,129562.36386788455,50.5,8.0,42.0,16.0,0.0,0.269065567670243,0.2841752383076619,-0.3585958826463453,-0.35859566801526593
B,g2000p,0.3,ma120,1112360.6830794718,0.0597850879370907,125.0,-0.31761617752618654,0.4599242838517621,0.15081312107485106,0.6074535105073731,0.8944437431591616,0.16082878721638647,163.0,29591.63307229711,81.5,26.0,85.0,40.0,0.0,0.05196588734523209,0.07525934199029952,-0.3352921756332296,-0.27445858737273876
F,g2000p,0.3,ma120,14079293.712547679,0.16527876158463028,182.0,-0.5181082348822117,0.34273535754852247,0.2606678343052098,0.6025796156154174,0.9010935883631652,0.18290551884478995,260.0,480137.554940626,131.5,34.0,126.0,56.0,0.0,0.1609309184410604,0.16918399986662955,-0.5459597085018534,-0.5031570826104041
A,g2000p,0.5,ma120,4535083.800081861,0.22252094032885805,58.0,-0.26019212532483427,0.20923309600575385,0.2737286679355002,0.4839973709030921,0.894923819531705,0.16535019290938718,77.0,57698.751696235646,50.5,8.0,42.0,16.0,0.0,0.21436236841153575,0.23147469534214055,-0.26019212532483427,-0.26019212532483427
B,g2000p,0.5,ma120,1340354.0672246981,0.0785348386331457,125.5,-0.28074831857744925,0.4563207901515452,0.07354013094226852,0.5295024795689509,0.8957950079686552,0.14512361857997563,118.0,18076.225649623528,81.5,26.0,86.0,40.0,0.0,0.0690155462163959,0.09201240003580426,-0.2954871916288288,-0.25418775481322536
F,g2000p,0.5,ma120,10711182.62016506,0.14993679731839948,182.5,-0.41833784611404673,0.34075811587484955,0.16981678735686234,0.5091707307402225,0.8980993356911462,0.15580609065230677,190.0,192461.30064124175,131.5,34.0,126.0,56.0,0.0,0.1444834850288716,0.15228014649000687,-0.4519523877367404,-0.4002912050334496
A,g2000p,0.0,ma200,13166740.385465901,0.35904518198117696,58.0,-0.4802186437146111,0.2046349326501231,0.6138709484976019,0.8177465787945106,0.892104869258969,0.2794164254156624,92.0,247387.2392520612,50.5,8.0,42.0,16.0,0.0,0.3503061805722188,0.36873552284265687,-0.4802186437146113,-0.480218643714611
B,g2000p,0.0,ma200,1006940.5693007272,0.04990561944383343,123.5,-0.4116942969107297,0.46052552216611603,0.3139528995212526,0.7730141967155233,0.8963204362527848,0.20253467782989684,180.0,34626.65870467102,81.0,26.5,83.5,40.0,0.0,0.042525432331729784,0.06639728542948556,-0.4269283646572304,-0.3744969801481551
F,g2000p,0.0,ma200,25102848.309837352,0.19840412706714328,182.0,-0.6426887477455674,0.3379735395145301,0.4587719234765328,0.7979566816177848,0.8983321919758611,0.24282406454535926,268.0,1039107.4475618761,131.5,34.5,125.5,56.0,0.0,0.19232347529832533,0.20453653558515153,-0.6648626728037685,-0.6332787356009791
A,g2000p,0.1,ma200,11074227.499054665,0.33587962334104515,58.0,-0.43786899488427644,0.2064549804793962,0.5520234541733475,0.757935738911266,0.8944096707882014,0.2590817682417561,85.0,190362.1523887809,50.5,8.0,42.0,16.0,0.0,0.32759197427912173,0.3454665737997343,-0.43797989137525695,-0.4377438970483325
B,g2000p,0.1,ma200,1054860.7630263858,0.054506293661936156,125.0,-0.38999854487071195,0.45811120758896506,0.2622726398468925,0.7197388036396144,0.8941854223088428,0.1882212991166084,178.5,30259.70876690522,81.0,27.0,84.5,40.0,0.0,0.04892127625682137,0.07100362762147597,-0.4057950116508436,-0.3514292000011695
F,g2000p,0.1,ma200,22045605.369745694,0.1908845516642127,182.5,-0.60409829475105,0.33855536828076754,0.40060706959879266,0.7414622700326936,0.8981480294146922,0.22532143553187695,259.0,765391.6371764306,132.0,34.0,126.0,56.0,0.0,0.18328293510361454,0.19649695931748878,-0.6287986125431678,-0.5937615281815474
A,g2000p,0.2,ma200,9385642.327899683,0.31411180806834127,58.0,-0.38712779410316994,0.2077946603893842,0.4934905823702489,0.6987955589075769,0.8945805262588197,0.2390546405455205,79.0,145424.61032654898,50.5,8.0,42.0,16.0,0.0,0.3061148617595126,0.32351375775702584,-0.3871279033522842,-0.38712767799368036
B,g2000p,0.2,ma200,1107275.3896554732,0.05932772202063452,125.0,-0.36769655593417616,0.4578004594155703,0.21051876034699413,0.6667591193367688,0.8977283965202172,0.17476093386417707,168.0,25537.151375069807,82.0,26.5,84.5,40.0,0.0,0.053623471504940935,0.07623161050099256,-0.38407110893267377,-0.32771695579236404
F,g2000p,0.2,ma200,19257310.7944044,0.1831043230878172,182.0,-0.5600382468321627,0.33943243454185695,0.34527168578337286,0.6856696817389833,0.8977948343153135,0.20844762593744193,242.0,549714.2689106241,131.0,34.0,125.5,56.0,0.0,0.17628054299155982,0.18918259998064285,-0.5854597682115686,-0.546391298964181
A,g2000p,0.3,ma200,7905076.446269133,0.29189650560178815,58.0,-0.33955994338533185,0.20828879000701284,0.43424852302118655,0.6409853054009857,0.8945378252226863,0.2199329731252817,71.5,107906.07056048387,50.5,8.0,42.0,16.0,0.0,0.28408900280751825,0.3011335807902371,-0.33956006052741,-0.33955983498060416
B,g2000p,0.3,ma200,1161914.552987342,0.06413914299392764,125.5,-0.3447777752013076,0.4602956259647174,0.16316133673995212,0.6187816117710565,0.8998527251036251,0.16364148260041717,156.5,20423.95008370094,81.5,26.0,85.0,40.0,0.0,0.05907267234643783,0.0815347814788399,-0.36174637315447405,-0.3033490322770193
F,g2000p,0.3,ma200,17115014.177375898,0.1763601797005213,182.0,-0.514554697224241,0.3403384758468213,0.2921449231191062,0.6322881097277958,0.8979395061712079,0.19302163786592907,218.0,375030.57959678356,131.5,34.0,126.0,56.0,0.0,0.17172357679078537,0.18163284173498778,-0.5426042731884366,-0.49949633651796943
A,g2000p,0.5,ma200,5281874.680356389,0.24117102415516256,58.0,-0.2836188880405919,0.20894585348008293,0.3205638880461116,0.5305305466028744,0.8944528662600426,0.18303470870117422,59.0,54043.804291857494,50.5,8.0,42.0,16.0,0.0,0.23338813325759764,0.25000971648042664,-0.2836188880405919,-0.2836188880405919
B,g2000p,0.5,ma200,1366320.695581025,0.08048266441261565,125.5,-0.2970477186681557,0.4561775059625671,0.07794362659590334,0.533581222408217,0.8953672616341175,0.1462683118835201,97.5,10745.566047894841,81.5,26.0,86.0,40.0,0.0,0.0717175143005295,0.09385834538225704,-0.3152533660786127,-0.25410132021568327
F,g2000p,0.5,ma200,12878284.49912557,0.16024957928014383,182.0,-0.4147144378019257,0.3405119915474869,0.19511807392184488,0.5334439019467347,0.8970240271782626,0.16567972651451926,153.5,142846.97953432426,131.5,34.0,126.0,56.0,0.0,0.15467777535674865,0.1631919669435161,-0.44853252421717504,-0.3965578261327453
A,g2000p,0.0,ma250,13154012.06450601,0.35891319575240255,58.0,-0.4847141206687219,0.20491498323500487,0.6186141718168087,0.8228190658732601,0.8944344731565224,0.280898987998473,79.0,146134.00626041787,50.5,8.0,42.0,16.0,0.0,0.3500791454214846,0.3688307499397799,-0.484714120668722,-0.48471412066872177
B,g2000p,0.0,ma250,1160806.0367758032,0.06404363266741409,123.5,-0.3057348826805597,0.46193723199423187,0.32095827411148997,0.7800452417575165,0.8957977149669782,0.20254277587168662,171.0,33703.6699597791,81.5,26.0,84.0,39.5,0.0,0.056863169720707485,0.07949426465531316,-0.3303822847801959,-0.279928723545165
F,g2000p,0.0,ma250,27850988.860450923,0.20445540332676204,181.0,-0.5318151047004589,0.3384654496425582,0.4648211656092567,0.8041163293868387,0.8993879698284437,0.24314309412359678,248.0,911756.3851405,130.0,34.5,124.5,56.0,0.0,0.19836160000132003,0.21090279777957788,-0.5589559615320955,-0.517290590463696
A,g2000p,0.1,ma250,11047901.279609058,0.3355641887733368,58.0,-0.44237685113959063,0.20649432688498587,0.5560526598313691,0.7620603531533217,0.8945963996375161,0.26022640637205197,71.0,112923.23620911039,50.5,8.0,42.0,16.0,0.0,0.3271569641031131,0.3453146003859999,-0.44250521818731875,-0.44223217983913166
B,g2000p,0.1,ma250,1208219.0459858784,0.06805801262123601,123.5,-0.295382161697857,0.4602710281655727,0.26969038273892887,0.7272334836865537,0.8993474480759305,0.18785736448680262,169.0,28210.323325543886,81.0,27.0,84.0,39.5,0.0,0.06161919419060415,0.08379582208839663,-0.3075176461550115,-0.2586268406169574
F,g2000p,0.1,ma250,24479270.644728303,0.1969435826231083,182.0,-0.4932258415083953,0.3385849149793785,0.4085985002479093,0.7470926838013128,0.8986357589412387,0.22570445611951276,236.5,643570.005775579,131.5,34.0,125.5,56.0,0.0,0.19048010128246387,0.20332172448170288,-0.5227613847706666,-0.47759581491175923
A,g2000p,0.2,ma250,9315244.246180002,0.31312874315702177,58.0,-0.3913872124244361,0.2077556881819268,0.4948501501709157,0.7025343416336791,0.8945907034596081,0.24013319875166925,65.0,87530.01192149206,50.5,8.0,42.0,16.0,0.0,0.30525191689130715,0.3225143752670481,-0.39138733453219005,-0.39138707663607036
B,g2000p,0.2,ma250,1257571.1446694299,0.07208782816428616,124.5,-0.2850479963329008,0.4586581986777063,0.21663056309242873,0.6736632514165579,0.8988268702526652,0.17449069608560752,155.5,22667.169292852654,81.5,27.0,85.0,40.0,0.0,0.06575611147964573,0.08831749699860729,-0.2982588843062507,-0.2542079908514068
F,g2000p,0.2,ma250,21157561.860371437,0.1885136035145103,182.0,-0.4491886235527034,0.33949235366801844,0.34944571192746465,0.690614770674403,0.8991837855252779,0.20888350012970203,214.5,438576.83576780715,131.0,34.0,125.5,56.0,0.0,0.18178475985140924,0.19438420207345136,-0.48112026425523935,-0.43210040381690834
A,g2000p,0.3,ma250,7801840.306413688,0.29021038587564163,58.0,-0.34393461794635916,0.20828497651241343,0.4368733226272533,0.6436281709025187,0.8945466803322697,0.22060188819296403,59.5,65830.65043979904,50.5,8.0,42.0,16.0,0.0,0.28238076086657243,0.2994088661688407,-0.3439347509411423,-0.3439344948934019
B,g2000p,0.3,ma250,1299733.8217203775,0.07541713031485997,124.5,-0.28479207965224107,0.4576225185408845,0.166740836276642,0.6219952475314102,0.90000470861093,0.16282300060156163,140.5,17036.615621018493,81.5,26.5,85.0,40.0,0.0,0.06946092897947795,0.09241442895463242,-0.2936971549507815,-0.25421505149850565
F,g2000p,0.3,ma250,18504461.810945325,0.180819541733663,182.5,-0.4071426687923294,0.3404002222660848,0.2954851641684023,0.6358703375497106,0.8991173720695178,0.19327902311925071,194.5,290942.31246675877,132.0,34.0,126.0,56.0,0.0,0.17580344895715455,0.18548722167504988,-0.441512151000861,-0.38874982665533353
A,g2000p,0.5,ma250,5154826.755681663,0.23817283561695757,58.0,-0.29908813904772197,0.2089452506754051,0.321671700300202,0.5316378111770864,0.8944590257853862,0.1831345633179301,47.0,34010.59360051865,50.5,8.0,42.0,16.0,0.0,0.2304088201560605,0.24699025925737483,-0.29908860787033864,-0.29908536578361744
B,g2000p,0.5,ma250,1492578.3996190978,0.0895043432169671,125.5,-0.28480534615350445,0.45953819568738985,0.07902823779918577,0.534744990168281,0.8978911176227921,0.14596141777841615,94.0,8133.871295642342,82.0,26.0,86.0,40.0,0.0,0.08078007660089306,0.10268689397139844,-0.29267933740772734,-0.2541546338054105
F,g2000p,0.5,ma250,13478212.0540064,0.1628156813686732,183.0,-0.32515954952601983,0.33873153878495077,0.19633661084628187,0.5342539867353439,0.8970884867960902,0.165564717918659,138.0,99535.40922557467,132.0,34.0,126.0,56.0,0.0,0.15703559722531685,0.16567034651904464,-0.36428253074395717,-0.3042228499450011
A,g2000p,0.0,dd20,749508.6580285805,0.02234623948956893,57.0,-0.6223360785195312,0.21182040654015777,0.20942454413328346,0.41972429621965185,0.8927696067473161,0.24781690116551852,103.5,31737.283614583583,49.0,8.0,41.0,16.0,0.0,0.015749335021965738,0.02705449372938245,-0.622336681045828,-0.6223325655032681
B,g2000p,0.0,dd20,1518227.180200351,0.09125210116557037,124.5,-0.3293739384948839,0.4498205583458783,0.08974273142715926,0.5387007934432423,0.8930798381045506,0.18273365699113403,120.0,20120.347657447426,82.0,26.5,84.0,40.0,0.0,0.08546062494061393,0.10460328603957755,-0.34319287445725427,-0.30883747266966693
F,g2000p,0.0,dd20,2585391.1218304755,0.07337082335779577,181.0,-0.6223360785195312,0.3363193369053579,0.1443244142269516,0.4806547629403357,0.8952492626227997,0.21332907442553775,222.0,64313.893457507016,131.0,34.5,125.0,56.0,0.0,0.06758518708599529,0.07735943504101504,-0.622336681045828,-0.6223325655032681
A,g2000p,0.1,dd20,816371.3812316897,0.031061426166225536,57.0,-0.5744810596561243,0.21080019202244138,0.17758672839185546,0.3871977537561694,0.8942257834340266,0.22193702557227965,96.5,28480.79527981157,49.5,8.0,41.0,16.0,0.0,0.025276280973195165,0.0355568915946612,-0.5744813868942502,-0.5744782395781249
B,g2000p,0.1,dd20,1519341.131956062,0.09132709995053612,125.5,-0.2999178752437911,0.4560948540294926,0.06747597211028003,0.5219586289914069,0.895603408006036,0.17002256040428965,113.0,16485.33611855087,82.0,27.0,84.0,40.0,0.0,0.08514309960027966,0.10463358549046313,-0.31277573607372167,-0.2790621489139894
F,g2000p,0.1,dd20,2712179.941537504,0.07586613800817077,182.0,-0.5744810596561243,0.34011127681649056,0.11765236810968555,0.4579157689002301,0.8971987544530408,0.19423283325029575,209.0,56002.78934824547,131.0,34.0,125.0,57.0,0.0,0.0703203827337799,0.08015692613793626,-0.5744813868942502,-0.5744782395781249
A,g2000p,0.2,dd20,870211.5940773599,0.03762336921162579,57.0,-0.5225213324826281,0.21028219201924755,0.14939810060679676,0.3583875017820445,0.8977921448458066,0.19786608560906538,86.0,25223.993768749362,49.0,8.0,41.0,16.0,0.0,0.032004468033832834,0.0428987951974938,-0.5225216870624242,-0.5225192572696138
B,g2000p,0.2,dd20,1551114.3541250485,0.09345412525606445,126.0,-0.288140005151836,0.4538082763546865,0.05237529087216163,0.5061394873768208,0.8979936334833327,0.16002740990247416,72.0,13060.773977103394,83.5,26.0,85.0,40.0,0.0,0.0866517442528932,0.10722688711729093,-0.296475596751361,-0.26568828251254584
F,g2000p,0.2,dd20,2846933.828780392,0.07839253674779145,182.0,-0.5225213324826281,0.3405396561097418,0.09688317406979702,0.4376019505716131,0.8993039302146955,0.17745150641236,154.0,47580.36619741095,131.5,34.0,126.0,57.0,0.0,0.07355491919876586,0.08299811293990893,-0.5225216870624242,-0.5225192572696138
A,g2000p,0.3,dd20,938677.6467113991,0.04545726051149679,58.0,-0.46647260814775665,0.20939672380917063,0.12490344857860797,0.33333444464888257,0.892440806189563,0.17591445443133702,82.0,21917.52523566918,50.0,8.0,42.0,16.0,0.0,0.0378242547235764,0.0507514436498971,-0.46647299099487827,-0.4664703635544636
B,g2000p,0.3,dd20,1578972.556626975,0.09528625939836344,126.0,-0.2861032842845043,0.45389269436890917,0.043602994601436976,0.49766687511426394,0.8982495332306986,0.1540971684661231,50.0,10534.238286890308,83.5,26.0,85.5,40.0,0.0,0.08742294030113558,0.10941769511472299,-0.2939544603867494,-0.2553955639135349
F,g2000p,0.3,dd20,3028413.897318869,0.08163226210800467,183.0,-0.46647260814775665,0.3410066829256364,0.08089749930055531,0.4216260347977542,0.8984631430840224,0.16352133629883864,129.0,40499.12108862518,132.0,34.0,126.0,57.0,0.0,0.07655127938919441,0.0855453988297508,-0.46647299099487827,-0.4664703635544636
A,g2000p,0.5,dd20,1049842.580050619,0.05714501986058396,58.0,-0.34123210677243776,0.20977359738484733,0.08074390847596116,0.290517618308896,0.8846280273271971,0.13742989863977145,70.0,15385.608336661244,50.5,8.0,42.0,16.0,0.0,0.04854368223299064,0.06321234863575667,-0.34123254973998496,-0.341229500504567
B,g2000p,0.5,dd20,1630415.762495555,0.09859451154252186,126.0,-0.28583803424720433,0.452747633413051,0.028599959158475387,0.4814153828588257,0.8977053600972579,0.14564566255809563,40.0,6356.1924260351025,83.5,26.0,85.5,40.0,0.0,0.08971255496105475,0.11184616963875317,-0.29369362930560017,-0.25514931949652686
F,g2000p,0.5,dd20,3210808.5550756846,0.08470371180413439,182.5,-0.34123210677243776,0.3405537264291778,0.05243542128195851,0.3929532170767998,0.8970888631917587,0.14095561620066582,108.0,26861.448700513072,131.5,34.0,126.0,57.0,0.0,0.08027596665366248,0.08935831017678623,-0.34123254973998496,-0.341229500504567
A,g2000p,0.0,dd30,1057574.9218678437,0.05791677372347137,58.5,-0.5800797529027325,0.20997033232274057,0.12787626756585233,0.33763769841281144,0.8938322392247906,0.215835671161348,88.0,31591.572168942395,50.0,8.0,42.5,16.0,0.0,0.04997667755190023,0.0648821227005647,-0.580080422844914,-0.5800758468196427
B,g2000p,0.0,dd30,1637115.0036482322,0.09901831435404718,126.0,-0.30512180465573113,0.45460324556652965,0.054433591597271895,0.5093786805014452,0.8982135043339933,0.16918583459842673,53.0,6686.641991011682,82.5,26.5,85.0,40.0,0.0,0.09000426120739391,0.11341976945638448,-0.3129394713726778,-0.2722296530226657
F,g2000p,0.0,dd30,3876608.1842019483,0.09465760372385013,184.0,-0.5800797529027325,0.3396208329505581,0.08676512885555965,0.42667487611912613,0.8970411904404192,0.1895361871962916,139.0,44569.99759293348,133.5,34.5,128.0,57.0,0.0,0.09022672736958955,0.09869180009115759,-0.580080422844914,-0.5800758468196427
A,g2000p,0.1,dd30,1079521.6885328754,0.06007729671614581,58.0,-0.533885121611633,0.2108109648996038,0.111080059478856,0.3216314698453482,0.8961331632016464,0.1958214164044697,81.0,27423.973383968958,50.0,8.0,42.0,16.0,0.0,0.05152286678075213,0.06701927216431203,-0.5338854800693449,-0.5338820324890471
B,g2000p,0.1,dd30,1648368.8935596934,0.09972701225549407,125.5,-0.29172162526914575,0.4550402805852497,0.043122063659409904,0.4982697816054476,0.897551646400645,0.16094073513188445,42.5,4286.370913643812,83.0,26.0,85.0,40.5,0.0,0.0910209331724839,0.11320662370343001,-0.3004317047832385,-0.259202532131656
F,g2000p,0.1,dd30,3813065.706398706,0.09378085970658401,183.0,-0.533885121611633,0.3408812632537111,0.0733130748073402,0.41368581253676034,0.8981885314247934,0.17591203788009513,125.0,34923.55838747523,132.0,34.5,127.0,56.5,0.0,0.08796697988982294,0.09790578197619837,-0.5338854800693449,-0.5338820324890471
A,g2000p,0.2,dd30,1101732.7212516086,0.062222239527168655,58.0,-0.484119307093238,0.2106020438822831,0.09469424298974688,0.3053265696796656,0.8944000588084304,0.17650695580753473,71.5,23690.617811370146,50.5,8.0,42.0,16.0,0.0,0.05318199459310684,0.06850556986752827,-0.4841196901906577,-0.4841170649780559
B,g2000p,0.2,dd30,1655461.1083846032,0.10017122985530269,125.5,-0.2868536172852484,0.4507574650972894,0.03544401229861681,0.4862435941986897,0.8983583640977335,0.15482787028453499,18.5,2872.0304301685164,83.0,26.0,85.0,40.5,0.0,0.09149131079415182,0.11349683367861813,-0.29670911097582786,-0.25508296103962125
F,g2000p,0.2,dd30,3751560.0250930497,0.09291915025723219,183.0,-0.484119307093238,0.3394442984595148,0.06152114332124638,0.4009654417807612,0.8971509830693403,0.16328188522215736,88.5,28089.0093686245,132.0,34.0,126.5,57.0,0.0,0.08867392351669083,0.09722355341568742,-0.4841196901906577,-0.4841170649780559
A,g2000p,0.3,dd30,1121131.7202239279,0.06406655551861551,58.0,-0.43085400457645084,0.21064598412060648,0.0794586499024744,0.2901104901566789,0.8879200743235043,0.15869942181466953,66.0,20206.698467180682,50.5,8.0,42.0,16.0,0.0,0.05514243405360084,0.0703364401487746,-0.4308544129826066,-0.4308516101331955
B,g2000p,0.3,dd30,1664780.079998543,0.10075147481063917,125.0,-0.28481030917048356,0.4515653079820451,0.030291531692493164,0.4818573611213347,0.8991006017544803,0.1508113790020797,9.0,2248.9698432736986,83.0,26.0,85.0,41.0,0.0,0.09176742005297409,0.11363632238306443,-0.2925553783743115,-0.25416013044414204
F,g2000p,0.3,dd30,3708040.475818975,0.0923011797567731,183.0,-0.43085400457645084,0.3395681420040281,0.051998787025774304,0.3915125361052401,0.898649119542978,0.15287318498510077,73.0,23470.2977507799,132.5,34.0,126.5,57.0,0.0,0.08835524788403579,0.09699036030387646,-0.4308544129826066,-0.4308516101331955
A,g2000p,0.5,dd30,1167989.7186070792,0.06840322230970575,58.0,-0.3130771810117252,0.21028741639624177,0.050895458883204854,0.26118298522143696,0.8956501876946397,0.12722663777395887,55.0,14233.003281059035,50.5,8.0,42.0,16.0,0.0,0.05958081924181324,0.07453690323819114,-0.31307764291103135,-0.3130744633559593
B,g2000p,0.5,dd30,1678240.9461955973,0.1015855930720756,125.5,-0.2848393819907776,0.4521797344119393,0.021024610991539704,0.47320504925546125,0.8990795606586077,0.14462511160299735,9.0,1425.2978910188663,83.0,26.0,85.0,40.0,0.0,0.09253463796314684,0.11445862908924229,-0.29262096225120054,-0.2541881148887467
F,g2000p,0.5,dd30,3649754.3936204314,0.0914611629765224,183.0,-0.3130771810117252,0.34076985190132414,0.034009620513861624,0.3747775233609697,0.8987331704206691,0.13571055856453113,62.0,16028.601678137524,132.0,34.5,126.0,57.0,0.0,0.08777738663988685,0.09636889852199604,-0.31307764291103135,-0.3130744633559593
B,sz399006,0.0,always,1349293.1031163365,0.07921065424983531,123.5,-0.4877649537379604,0.4475638320799713,0.5519600502203073,0.9995220520500167,0.8963470008664154,0.2542310401647346,218.0,7911.706948494706,81.0,27.0,84.0,39.0,0.0,0.07142253875484905,0.08915536260830287,-0.5025316602996771,-0.4568983112218472
B,sz399006,0.1,always,1355737.4556747293,0.07969446862762697,125.0,-0.44175522346249,0.4517555345288362,0.44592444391296193,0.8978804839733017,0.891936122595292,0.22728527300595497,205.5,7800.718014881671,81.5,27.0,85.0,39.0,0.0,0.07146160882718891,0.08897178258165152,-0.45804684886279384,-0.4085808560916635
B,sz399006,0.2,always,1375909.798416696,0.08119521327779566,124.5,-0.40602713378061356,0.4534907993758988,0.35305078244657895,0.8071250114137626,0.8916056550933652,0.20493524867322577,166.5,6859.540966328841,81.5,27.0,84.0,40.0,0.0,0.07617221884914911,0.09042363779127596,-0.42127093549039235,-0.37085272593720836
B,sz399006,0.3,always,1411944.9703606933,0.08382800351159059,125.0,-0.3783154720755135,0.4520593080187171,0.2762593570721516,0.7281572762309168,0.8898826476807313,0.18555300943433445,133.5,5645.784490870485,82.5,27.0,84.0,40.0,0.0,0.07650326538671767,0.09315455798831787,-0.39443611731848793,-0.33894796963363905
B,sz399006,0.5,always,1511140.2810507738,0.09077210906375555,125.5,-0.3217227142923879,0.45634500980584597,0.13927169957526975,0.5961869205576257,0.8966354027122323,0.1572107866476349,85.5,3344.6069713646293,82.5,27.0,86.0,41.0,0.0,0.08305209986743174,0.10479476073455199,-0.33930655876568655,-0.27879026768526477
B,sz399006,0.0,quiet5,1357484.3201394333,0.07982279902049383,124.0,-0.4954777636033447,0.44918038504847213,0.5363121407950469,0.9858617289079374,0.8927603230170802,0.25053962433183385,212.0,8849.001689380231,80.5,27.0,84.5,39.5,0.0,0.07132278931712918,0.09085296175197691,-0.5085221823919205,-0.47709251402019076
B,sz399006,0.1,quiet5,1377518.2444717798,0.0813143747219367,124.0,-0.4464634420499513,0.45004760033724267,0.4426576524795067,0.8920381145456873,0.8902088227288991,0.22546291825514128,192.0,7886.456923530549,81.5,27.0,85.0,39.5,0.0,0.07331279178984831,0.09061058739241629,-0.4614771280990732,-0.42750827685401255
B,sz399006,0.2,quiet5,1412444.7776440107,0.0838638331758138,124.5,-0.408962130072559,0.4545961143669747,0.35068353539560326,0.8056179810108515,0.8923804382466866,0.20404513489274767,156.0,6787.714170336067,81.5,27.0,84.0,40.0,0.0,0.07859596827679072,0.09456486231076307,-0.424142456087097,-0.37643547578506287
B,sz399006,0.3,quiet5,1447731.383258544,0.08638225665877863,125.0,-0.37932665389685916,0.4528310361151502,0.274850186801132,0.7276206961031652,0.8909994606144602,0.1851416523755141,128.5,5677.842972509885,82.5,27.0,84.0,40.0,0.0,0.07928429423113321,0.09597717503435295,-0.39542402723971987,-0.3400185005287968
B,sz399006,0.5,quiet5,1526549.6010528635,0.09181355793237755,125.5,-0.32156540569256414,0.45630189275426136,0.139041877488843,0.5954838101026046,0.8957179317310615,0.15697679112141355,82.5,3368.2500649437015,82.5,27.0,86.0,41.0,0.0,0.0841006081604575,0.10623675996631639,-0.3391527870594527,-0.2786243595397332
B,sz399006,0.0,quiet0,1534908.776306981,0.09237449435114786,124.0,-0.49201828876947756,0.4493961204712095,0.38719116943608556,0.8367577008039073,0.8881624700048745,0.22419926506095136,155.5,20525.523835036354,81.5,27.0,83.5,39.5,0.0,0.087229352201407,0.10354386720407706,-0.5055413406073903,-0.4732194673715189
B,sz399006,0.1,quiet0,1543023.6883970953,0.09291321088202786,124.0,-0.45455815631740365,0.45047623579050844,0.32215830103696896,0.7730357895181494,0.8903732424996499,0.20431019799932204,119.5,17553.8346461209,82.0,27.0,84.0,40.0,0.0,0.08663275983589329,0.10229739558169869,-0.46702893144481017,-0.43270575366245
B,sz399006,0.2,quiet0,1527574.3241802044,0.09188231948788372,125.0,-0.4192520474648228,0.4559424971349656,0.25831619760126223,0.7132554756794314,0.8911587520807369,0.18675560362079724,103.5,14223.055243707277,82.0,27.0,84.0,40.5,0.0,0.08635651201191581,0.10736306182474298,-0.43427029249459065,-0.3870778396553448
B,sz399006,0.3,quiet0,1535338.9808251977,0.09240109044455169,126.0,-0.3902765419915061,0.4546309395229847,0.20275466948191423,0.6563474707344994,0.892520910681195,0.17246499672941107,86.0,11322.143900488763,82.5,27.0,85.0,41.0,0.0,0.08683442379269293,0.11026153790224483,-0.4060918563659559,-0.3516555249614087
B,sz399006,0.5,quiet0,1586435.077062671,0.09576955193380177,126.0,-0.3301559435603694,0.45572361148908547,0.10624757536716697,0.562017197291596,0.8998069523747543,0.1518328399670379,58.5,5593.319877471327,82.0,26.5,86.0,41.0,0.0,0.08873671551462659,0.11058875555955522,-0.3475223567746193,-0.28775276733065
B,sz399006,0.0,after_panic60,1612552.5671554736,0.09745632479833366,124.5,-0.3351402885314114,0.45719576875870704,0.031435850762293785,0.4871714141257902,0.8991007076818391,0.14844527544862693,36.0,2713.469578948604,81.5,26.0,83.5,40.0,0.0,0.08839683556174531,0.10990496834971121,-0.34562977023252733,-0.31980201796309665
B,sz399006,0.1,after_panic60,1612548.7691536157,0.09745673352503303,125.0,-0.30033593762700916,0.45531420352912366,0.016764187668688573,0.47096654404333826,0.8946197849046758,0.142255037825134,32.0,2001.3449757622757,82.0,26.0,85.0,39.0,0.0,0.08849119278767674,0.11505088799470119,-0.3121832181589375,-0.2846013807203053
B,sz399006,0.2,after_panic60,1657698.6958937522,0.10031077744985695,125.5,-0.2863152084728372,0.4550511791815782,0.006275262116484555,0.46176921601933085,0.8979108486760756,0.13883134229562588,18.5,1115.4971715358965,82.5,26.0,85.0,40.0,0.0,0.09249356709227022,0.11650990886517038,-0.29402295218545244,-0.26443040947798685
B,sz399006,0.3,after_panic60,1696058.64889781,0.10268085033784768,126.0,-0.2848366619213874,0.4540350423612586,0.002045201731705893,0.4565741737633763,0.8993816525895613,0.13800196113136465,5.5,499.6557505470636,83.5,26.0,86.0,40.0,0.0,0.09452861389255482,0.11649306536837062,-0.292699792490523,-0.25418504434149647
B,sz399006,0.5,after_panic60,1722407.9733791377,0.10428140439510358,126.0,-0.2848366619213874,0.4531974075159505,9.964934847597593e-05,0.45331676655411834,0.8990126362407956,0.13771445789562697,1.0,26.816160800502985,83.5,26.0,85.5,40.0,0.0,0.09561789831592578,0.11729661761950361,-0.292699792490523,-0.25418504434149647
B,sz399006,0.0,after_panic120,1471530.9591053063,0.08804839294926325,124.5,-0.33278365652150765,0.4592508038048476,0.05610325707921106,0.5143693313645052,0.8961365365552503,0.15309547415991093,55.0,2985.2354636435643,80.5,27.0,84.0,40.0,0.0,0.08004977810039793,0.10459421406551493,-0.34434134414331025,-0.3165654758837922
B,sz399006,0.1,after_panic120,1534743.8825104027,0.09235985898528565,125.5,-0.2993610741378617,0.4572984561008134,0.03142580469371327,0.4870590574685174,0.894790015920276,0.1451863750916212,50.5,2527.0266473944457,82.0,27.0,85.0,40.0,0.0,0.08438179599076685,0.10938229261270047,-0.3117093748656464,-0.28213547775813375
B,sz399006,0.2,after_panic120,1591977.1106782416,0.09613212449145991,125.0,-0.2863152084728372,0.45546477413533604,0.015165324778387092,0.4704814126023489,0.896078611859048,0.1404603865977455,28.5,1635.4392343833272,81.5,27.0,84.0,41.0,0.0,0.08735235716117581,0.11273544509453971,-0.29402295218545244,-0.26732462120926825
B,sz399006,0.3,after_panic120,1627498.883727104,0.09840682741761053,125.0,-0.2848366619213874,0.45522198080899,0.007159287232111262,0.4626124043575587,0.8990793675253214,0.13884113452263797,13.0,916.2627816195173,82.5,26.0,85.0,40.0,0.0,0.09170343661558769,0.11417306072352472,-0.292699792490523,-0.25418504434149647
B,sz399006,0.5,after_panic120,1722380.9876439306,0.10427983982067546,126.0,-0.2848366619213874,0.4533706544621233,0.0006758970173682351,0.45405357425758197,0.8983963445453709,0.13752761183491716,4.0,111.21224762824554,83.5,26.0,86.0,40.0,0.0,0.0954172100876878,0.11741090123548438,-0.292699792490523,-0.25418504434149647
B,sz399006,0.0,after_panic250,1276106.2724812888,0.07356304443753225,122.0,-0.3369105192108569,0.4631188944712669,0.11723983622415882,0.5750579125150642,0.8987497687024937,0.1755920278842512,88.0,4434.96698082502,79.5,26.5,82.0,40.0,0.0,0.06393846753170007,0.08743503284745677,-0.35915469485518003,-0.31681327889626254
B,sz399006,0.1,after_panic250,1343460.744930562,0.07876945085902587,124.0,-0.30803730929564416,0.4624771755245284,0.07662446811874968,0.5335094340957431,0.8982275549666046,0.15972364302838515,84.0,4116.106968817357,82.0,26.0,84.0,40.0,0.0,0.06765245776584057,0.09057266362643872,-0.33279244596289764,-0.28238191509304594
B,sz399006,0.2,after_panic250,1430286.6636892487,0.08513265448925544,124.5,-0.29062468694020455,0.46174126491271095,0.04430358884033781,0.5019285424497596,0.8962209539854997,0.15001937279534852,60.5,3000.3858951661146,82.0,26.0,84.0,40.0,0.0,0.07671661767072649,0.09637978374608977,-0.3072708695759047,-0.2675242146494045
B,sz399006,0.3,after_panic250,1511541.3491243948,0.09079906198509702,125.0,-0.2851826528732111,0.4606896736884334,0.0248762517158471,0.482455706306725,0.8986065900664997,0.14414483837681089,39.5,1889.7401082184003,82.0,26.5,84.5,40.0,0.0,0.08143983151163266,0.10556794792587526,-0.29490474360631674,-0.2542583622372243
B,sz399006,0.5,after_panic250,1699743.8649935941,0.1029064793604536,126.0,-0.2848366619213874,0.45380619973370795,0.0030237872503719324,0.456370373422447,0.8985296553085437,0.13844822974835977,14.0,361.8672799666223,83.5,26.0,86.0,40.0,0.0,0.09290941155449628,0.11580886227166592,-0.292699792490523,-0.25418504434149647
B,sz399006,0.0,after_adj60,1611359.6073556347,0.09737954572879437,124.0,-0.3334897466667475,0.45878660038459634,0.05288775799744467,0.509338927763149,0.9005464142155156,0.15833965182961188,79.0,7274.052168855691,80.5,27.0,83.5,40.0,0.0,0.09033309226916073,0.112773740606078,-0.3449638975171201,-0.31726855897192663
B,sz399006,0.1,after_adj60,1648729.9013457058,0.09974975228560723,125.5,-0.2998273824308971,0.4530740554025108,0.02722220685333953,0.4801206809424612,0.8975211088273318,0.14622190726574685,76.0,5903.906611006867,82.5,26.0,85.5,40.0,0.0,0.09228190619499124,0.11284381884888267,-0.31215864386675835,-0.28407181114078195
B,sz399006,0.2,after_adj60,1649553.5204886324,0.09980140287834205,125.5,-0.2858132813549839,0.45507460024071583,0.0094682259785922,0.46529826799533364,0.8983367374849638,0.14047984053380524,40.0,3615.42090912441,83.5,26.0,85.0,40.0,0.0,0.09140519971588042,0.1140539243820751,-0.2934340500018305,-0.2676037533879081
B,sz399006,0.3,after_adj60,1658676.3306691912,0.10036585357140981,126.0,-0.2846492745254341,0.4541909111193658,0.003683135866441997,0.45794602138968277,0.899038852816084,0.13868497655034956,16.0,2196.0888224595146,83.5,26.0,86.0,40.0,0.0,0.09181786490648111,0.11408232042959951,-0.2925081418978335,-0.2539963149485258
B,sz399006,0.5,after_adj60,1700356.9180474146,0.10294395287952385,126.0,-0.284875725259964,0.4532489285857462,0.000358324381258782,0.4536650168464693,0.8990370979154857,0.1378689377115837,6.0,700.8694070976296,83.5,26.0,85.5,40.0,0.0,0.0944084715417314,0.11573196137611819,-0.2927412643063533,-0.2542233292407211
B,sz399006,0.0,after_adj120,1366387.6041868431,0.08048793403457277,123.0,-0.3334897466667475,0.4612756841074205,0.0993052376083178,0.5600899908250028,0.8909497685468319,0.1718593532839917,105.0,7567.519544600924,81.0,27.0,83.0,39.0,0.0,0.07439616319793323,0.09557420932297694,-0.3449638975171201,-0.31726855897192663
B,sz399006,0.1,after_adj120,1401105.4750406016,0.08304265977587455,125.0,-0.2998273824308971,0.460174063461367,0.061159471607917126,0.5193702747868227,0.8923017837794602,0.15684915243179937,100.5,6753.084893845789,82.0,27.0,85.5,39.0,0.0,0.07576442682807752,0.09708550044868583,-0.31215864386675835,-0.28407181114078195
B,sz399006,0.2,after_adj120,1448373.9704144392,0.08642120538297837,124.0,-0.2858132813549839,0.4598466106241016,0.032778543959249784,0.4922502142776852,0.8912843822166401,0.1473340791738277,63.5,4930.907033846997,81.5,26.5,84.5,40.0,0.0,0.07977450895910643,0.10168437290410821,-0.2934340500018305,-0.2676037533879081
B,sz399006,0.3,after_adj120,1513161.4957972274,0.09090677411747872,125.0,-0.2846492745254341,0.45306643858305173,0.019313082734985942,0.4708109499830302,0.8919914349105009,0.14232525309894967,37.0,3424.8430106991655,82.0,26.0,85.0,39.5,0.0,0.08371045446547576,0.10548278640460282,-0.2925081418978335,-0.25399918576763714
B,sz399006,0.5,after_adj120,1682384.467962782,0.10183740290346122,126.0,-0.284875725259964,0.453653572326265,0.0027824665496901917,0.45579724007296696,0.898590468573407,0.1383607796925979,16.0,1018.0827331034919,83.5,26.0,86.0,40.0,0.0,0.09230080085778485,0.1152673962942463,-0.2927412643063533,-0.2542233292407211
B,sz399006,0.0,after_adj250,1232568.5973666497,0.0700644257408144,122.0,-0.3363568800857373,0.45926282775611155,0.1973819190099051,0.6569624670093325,0.8996422069873502,0.1887250418880806,138.5,8322.42339642621,80.0,27.0,82.0,39.0,0.0,0.060723788762984655,0.08176618944398759,-0.34691221420670865,-0.3260780450971742
B,sz399006,0.1,after_adj250,1276292.2340074708,0.07357800898454425,123.0,-0.3077850061508415,0.4557679094047883,0.14117806394616725,0.5976096304357374,0.8963453947251583,0.17002078819152072,132.0,7553.468168996598,81.0,26.0,84.0,39.0,0.0,0.06736802648284132,0.08520009552542113,-0.3240090713932672,-0.28566199456691405
B,sz399006,0.2,after_adj250,1320522.4025317712,0.07702476536992542,123.0,-0.28979691243684147,0.45697017185928174,0.09222635081978872,0.5508618592342731,0.895805400821445,0.15651227355984665,94.0,5799.501227265146,81.0,26.0,83.5,39.5,0.0,0.07145367687228651,0.0909956040323526,-0.3203437945195179,-0.26780265527884095
B,sz399006,0.3,after_adj250,1414003.094179451,0.08397595431733984,124.5,-0.28670663271289143,0.4548860707905663,0.05994212687365859,0.5153225140941229,0.8990086102011532,0.14870482008109315,68.5,4304.745012560172,81.0,27.0,84.0,40.0,0.0,0.07434633227101377,0.09708796769990514,-0.3015618921480095,-0.25406956536607644
B,sz399006,0.5,after_adj250,1606949.99505903,0.0970929460164619,126.0,-0.284875725259964,0.45480643361540085,0.010485645461621836,0.4646882114277133,0.8987360572005938,0.1392570540308627,31.0,1464.2158545402497,83.5,26.0,86.0,40.0,0.0,0.09030158834028104,0.11113833425545146,-0.2927412643063533,-0.2542233292407211
B,sz399006,0.0,ma60,1571830.9143647694,0.09481978713556616,125.5,-0.4660098888349745,0.4542908135051405,0.26740688144002056,0.7219060150853005,0.8941914099200359,0.20037714454815214,233.5,64986.45972579732,83.0,27.0,83.0,41.0,0.0,0.0869616638781219,0.11073581942438286,-0.47903909804728345,-0.43101648142447513
B,sz399006,0.1,ma60,1527063.0399294966,0.09184812763568473,126.5,-0.4382170639359373,0.457105163566358,0.21959817588588973,0.6745994443606825,0.8955919115150527,0.18414059689755669,232.0,54174.803686644766,83.0,27.0,84.5,41.0,0.0,0.08426655771019627,0.10779500874853225,-0.4527839031890387,-0.40160386660202924
B,sz399006,0.2,ma60,1528289.815680339,0.09192891028306716,126.5,-0.4112361570730542,0.4564337752655866,0.1743511946853149,0.629298159818293,0.8963036113794303,0.17106690624410137,199.0,45450.68455980678,83.0,27.0,86.0,41.0,0.0,0.08352676427451586,0.10747213596796905,-0.42647623282619734,-0.3758937927935758
B,sz399006,0.3,ma60,1521127.045308277,0.09144771209112523,126.5,-0.3851279926244652,0.45651474915219337,0.13292631896071644,0.5890565584596937,0.8961356495129819,0.1605649767028331,174.0,37121.92926396891,83.0,26.5,86.0,41.0,0.0,0.08315180623852232,0.10521085486611292,-0.40104550535039174,-0.3462680688031659
B,sz399006,0.5,ma60,1522609.0935985483,0.0915481987385508,125.5,-0.32957248568440994,0.4534711135289926,0.06325112910632248,0.5209943901911533,0.8969647870266363,0.14586776844770077,130.5,21299.58505047096,83.0,26.0,85.0,40.0,0.0,0.08289904384821958,0.1047793443464602,-0.34693136056512264,-0.2871954467529438
B,sz399006,0.0,ma120,1772474.1478790743,0.10726185312427261,125.0,-0.3693738277299314,0.45177837296866497,0.2837313329286251,0.7327682121711101,0.9001587493131917,0.20482080160160893,192.0,52594.621702443,82.0,27.0,84.0,40.0,0.0,0.10119050753800896,0.12962127935965023,-0.38704404085642924,-0.3379189938181519
B,sz399006,0.1,ma120,1770301.5516958172,0.10713093975366061,125.0,-0.3428985313187267,0.4555233142805004,0.2289067939384582,0.6860439156180909,0.8938542732468326,0.18795342716107316,187.5,42735.56357610635,83.0,27.0,84.5,40.0,0.0,0.09989796897283434,0.12787052283090233,-0.3600081585085322,-0.3050032633217873
B,sz399006,0.2,ma120,1795874.0511746677,0.10862705895641744,126.0,-0.3208486494049605,0.45540200732112857,0.18453374244534937,0.6383720474253685,0.8936213456984187,0.17354924364036756,159.0,34151.68523062767,83.0,27.0,85.5,41.0,0.0,0.10013798024341344,0.12658871028888813,-0.33844604303068965,-0.2827334411128799
B,sz399006,0.3,ma120,1772806.844438193,0.10727997758447794,125.5,-0.3043695781457285,0.4547485030132383,0.13885455689522103,0.5947736053683202,0.8951287641766328,0.1626036273983503,136.0,27362.465738761814,82.5,27.0,86.0,41.0,0.0,0.09829857298164224,0.1238044328321591,-0.32239305582260214,-0.2603600460567952
B,sz399006,0.5,ma120,1669680.8931792704,0.10105678471396984,125.5,-0.28084190035955314,0.45496599742744925,0.06184188768127648,0.5220414613086604,0.895893865497746,0.14662921966736775,102.0,14731.545766182962,82.5,26.5,85.0,41.0,0.0,0.09369113758640694,0.11698896549886559,-0.2929046565700898,-0.25427644848674974
B,sz399006,0.0,ma200,2131334.338349617,0.12663221247155076,126.0,-0.34352482777009385,0.45295743678821565,0.27510155857844915,0.7267984257751249,0.8998110055768058,0.20654392830592638,157.5,29951.765846070914,83.0,27.0,86.0,40.0,0.0,0.11672684128629136,0.14417022557650078,-0.3619308668951289,-0.3106413178130537
B,sz399006,0.1,ma200,2078476.0475727138,0.12397376664109039,126.0,-0.3187362448338922,0.45802872982681664,0.2243669627568458,0.6790989301729535,0.8940257262046462,0.1903870665088691,154.5,24176.722430925798,82.5,27.0,85.0,40.5,0.0,0.11432920360612635,0.14138719190493207,-0.3364856306007707,-0.2793068418712064
B,sz399006,0.2,ma200,2013769.6041082009,0.12063434907224913,126.0,-0.2994418975711199,0.45750487406198886,0.1770956163294796,0.632167101147215,0.8929413368858194,0.1757710330206817,116.5,19563.54440827023,82.5,27.0,85.0,40.5,0.0,0.11162259492378046,0.1371047806758328,-0.31761404319327885,-0.2547021297093246
B,sz399006,0.3,ma200,1912048.9197807899,0.11518279832471168,126.0,-0.28519699959125183,0.4521834717360623,0.13395743393246753,0.5887516550939174,0.8923500340438095,0.163640659840457,103.0,15914.543805478275,83.0,27.0,86.0,41.0,0.0,0.10619311070093614,0.1316669848714914,-0.30373467742458915,-0.2534333754115099
B,sz399006,0.5,ma200,1743005.2160001893,0.10551690802049052,125.5,-0.2812239445884527,0.45437689907970313,0.056203036295949305,0.5165881473995544,0.8943311282570598,0.14655902662925813,76.0,9455.564069364409,82.5,27.0,85.0,41.0,0.0,0.09658688476167801,0.12130269499099687,-0.2933137176933095,-0.25464070738457156
B,sz399006,0.0,ma250,2550188.353728685,0.14580485678126642,125.5,-0.29657526853996224,0.4575043576286725,0.2470619143576498,0.703214892100966,0.8942971263186278,0.20648938931795602,146.0,23044.120785622377,82.0,27.0,84.0,41.0,0.0,0.13705797148970722,0.16296717312057918,-0.3121191891086444,-0.275258623650715
B,sz399006,0.1,ma250,2384005.938369965,0.13856663821248716,126.0,-0.2861518873819575,0.45797499004719366,0.20176316970277952,0.6562237724273274,0.8933239138442298,0.18962252677982508,143.0,18235.31010328613,82.5,27.0,85.0,40.5,0.0,0.13039683218126316,0.15704987297670808,-0.2998733212061379,-0.26398407843174265
B,sz399006,0.2,ma250,2264281.986937057,0.13306123616232968,126.0,-0.2812520303909039,0.4577945394534271,0.15708534789195883,0.6118304921345934,0.8926973787839796,0.1750446004166547,114.0,13631.830388667873,82.5,27.0,86.0,40.5,0.0,0.12466778865536379,0.1507659032256686,-0.2932964017142622,-0.2584395357247385
B,sz399006,0.3,ma250,2151280.440116765,0.1276187547012868,125.5,-0.2811792863139447,0.4522520729275581,0.11675691684563314,0.5714308556368481,0.893959002464443,0.16324576134207364,99.5,10014.862578040376,82.5,27.0,85.0,41.0,0.0,0.11771209608467317,0.14363111684653013,-0.29321170949068404,-0.25459935421637675
B,sz399006,0.5,ma250,1887988.5154390028,0.113856943482744,126.0,-0.28513256000508314,0.4542684914452171,0.044442224474050926,0.5047688364286242,0.895069317032386,0.14628384830195332,71.5,4531.477308765448,82.5,27.0,85.5,41.0,0.0,0.10612540836981861,0.13041841805196447,-0.29304425971654413,-0.2544638245947295
B,sz399006,0.0,dd20,1265470.845546609,0.07271790262121414,124.0,-0.3872088921363062,0.44979194832864167,0.21748468032353585,0.6674553953211206,0.8932025463411801,0.19592107058981664,200.5,37472.64924804904,81.0,27.0,84.0,39.0,0.0,0.06762989346845909,0.08139968434953405,-0.4032928233774748,-0.34394985920750487
B,sz399006,0.1,dd20,1275859.7037706235,0.07354110692185645,123.0,-0.3534224826856808,0.4521412397486181,0.17152103539215957,0.6278988653343959,0.8978189172436986,0.1818872012646189,181.5,30825.80740695433,80.5,27.0,83.0,40.0,0.0,0.06670092141545007,0.0847951339895855,-0.3710716195331215,-0.3177158038254754
B,sz399006,0.2,dd20,1312791.9788972659,0.07643026947212495,123.5,-0.3327037138007823,0.4548930473396521,0.1374073351808879,0.593741496828214,0.8958593344213459,0.17039649596000384,138.0,24240.375127820058,81.0,27.0,83.5,40.0,0.0,0.07001430758513763,0.08637735976208447,-0.34769973383414987,-0.28451970186347064
B,sz399006,0.3,dd20,1359101.1158038503,0.0799459984451526,125.0,-0.3121870024332249,0.4531557837734826,0.11035408652226691,0.5627614226403836,0.8968418560928839,0.16080765392740257,116.0,18465.922531283722,81.0,26.0,84.0,40.0,0.0,0.07522198198604162,0.09398736051961219,-0.32742606326080187,-0.2648905113695441
B,sz399006,0.5,dd20,1519172.3162746176,0.09131238303906652,126.5,-0.2846503742816134,0.4543496965018824,0.06239319675457496,0.5174706832429815,0.9000558843502545,0.14806524227954113,69.5,9045.140060986907,83.5,26.0,86.0,40.5,0.0,0.08409516210375775,0.10504927219763084,-0.29252477898731294,-0.25400744014304955
B,sz399006,0.0,dd30,1494801.775957569,0.0896565399407021,125.0,-0.3001322950022201,0.45765382852219566,0.06945346378205548,0.5269391006040084,0.8964100473899074,0.17435876468649186,83.5,14401.101381841103,82.0,27.0,85.0,40.5,0.0,0.07830694049569542,0.10318440767123854,-0.3091051335710297,-0.2702994540012502
B,sz399006,0.1,dd30,1488792.9747236571,0.08924379555687911,125.0,-0.2904903449025417,0.45622469591101916,0.056192289042408514,0.5128725623349404,0.8976703228262117,0.16511999899728835,74.0,11562.129447479987,83.0,26.0,85.0,40.5,0.0,0.08243472050741751,0.10365153262279114,-0.2999156691872979,-0.26045079899482504
B,sz399006,0.2,dd30,1513735.496818544,0.09094224016354513,125.5,-0.2865578537158133,0.45365389332034817,0.045440246590753866,0.4999068190961514,0.8989150970495352,0.1585048104993628,49.0,8765.486802972322,83.0,26.0,85.0,40.5,0.0,0.08313406822704295,0.10495471454477946,-0.2950300358620519,-0.2558634659531991
B,sz399006,0.3,dd30,1546647.8811456528,0.09315262095757837,125.5,-0.2849950341061305,0.4537043027033246,0.037828927915358815,0.49212685833656256,0.8976953955416866,0.1531491377148977,37.0,6759.743070051019,83.0,26.0,85.0,40.0,0.0,0.08482933233130836,0.1066754215407811,-0.2928032493343772,-0.2543388384106777
B,sz399006,0.5,dd30,1603475.3628236307,0.09687350673038009,126.0,-0.2849484900892411,0.453089315281353,0.02405873911159751,0.47735061600467393,0.8990256571428216,0.14493576764704397,26.5,3177.534047470443,83.5,26.0,85.5,40.0,0.0,0.08880834364018213,0.11022236968516708,-0.2927728426530488,-0.2542936398769071
