name,win,drop,final,cagr,max_dd,dd_p10,cagr_p10,avg_exp,n,n0,n1,n2,tr_mean,tr_hold,tp,sl,mh,pt_n,pt_mean,pt_med,pt_win,pt_hold_med,pt_hold_mean,pt_ret_per_yr
tp0.2_sl0.2_mhNone,A,,85.38289892897639,3.566632783613266,-12.722268624258854,-15.06928473002716,3.121568194498847,0.08906552190607353,68.0,41.0,27.0,0.0,0.06990166980548353,50.5,0.2,0.2,,127,0.10002096512563893,0.206070372656473,0.7244094488188977,39.0,77.03937007874016,0.3167875784253168
tp0.2_sl0.2_mhNone,B,,118.2307078670017,6.588223760553347,-19.513204313893112,-20.78470673828687,5.8719581535456795,0.22619594500283907,169.0,86.0,73.0,10.0,0.07608177128721973,50.5,0.2,0.2,,536,0.13424609049722866,0.21222058151420042,0.7779850746268657,28.5,53.64365671641791,0.6106229158553733
tp0.2_sl0.2_mh250,A,,84.9572077976035,3.5152171119253617,-12.635299508058567,-14.819333675620081,3.001943125103237,0.0869471673585768,70.0,42.0,28.0,0.0,0.0612316326889661,51.25,0.2,0.2,250.0,127,0.09000281579712437,0.2043984691530376,0.7007874015748031,39.0,70.5984251968504,0.31106482890043385
tp0.2_sl0.2_mh250,B,,119.50069216276174,6.695326230212617,-19.51217773607875,-20.784311318354813,6.236763316677012,0.2103819076856201,170.0,86.0,73.0,11.0,0.07444262204627863,50.75,0.2,0.2,250.0,536,0.13484350922207414,0.2115957008903716,0.7779850746268657,28.5,50.923507462686565,0.6461027114892743
tp0.2_sl0.2_mh500,A,,85.38289892897639,3.566632783613266,-12.722268624258854,-15.06928473002716,3.121568194498847,0.08906552190607353,68.0,41.0,27.0,0.0,0.06990166980548353,50.5,0.2,0.2,500.0,127,0.0994655307422254,0.20525061228052,0.7244094488188977,39.0,77.03149606299213,0.31506060172136163
tp0.2_sl0.2_mh500,B,,118.2307078670017,6.588223760553347,-19.513204313893112,-20.78470673828687,5.897997199312031,0.22619594500283907,169.0,86.0,73.0,10.0,0.07608177128721973,50.5,0.2,0.2,500.0,536,0.13459527383419342,0.21222058151420042,0.7779850746268657,28.5,53.53544776119403,0.6134486249566529
tp0.2_sl0.2_mh750,A,,85.38289892897639,3.566632783613266,-12.722268624258854,-15.06928473002716,3.121568194498847,0.08906552190607353,68.0,41.0,27.0,0.0,0.06990166980548353,50.5,0.2,0.2,750.0,127,0.10002096512563893,0.206070372656473,0.7244094488188977,39.0,77.03937007874016,0.3167875784253168
tp0.2_sl0.2_mh750,B,,118.2307078670017,6.588223760553347,-19.513204313893112,-20.78470673828687,5.8719581535456795,0.22619594500283907,169.0,86.0,73.0,10.0,0.07608177128721973,50.5,0.2,0.2,750.0,536,0.13424609049722866,0.21222058151420042,0.7779850746268657,28.5,53.64365671641791,0.6106229158553733
tp0.2_sl0.3_mhNone,A,,102.79317320238256,5.493453881441479,-13.906225440234715,-18.0623638334028,5.099789219350194,0.13077545656106254,66.0,43.0,23.0,0.0,0.11295828957025783,82.5,0.2,0.3,,127,0.13600477397768748,0.20926204323964637,0.84251968503937,47.0,108.92125984251969,0.3046711440772486
tp0.2_sl0.3_mhNone,B,,129.27788672838886,7.487596113751504,-21.792050800973833,-23.00088029775626,6.752853376081425,0.2698824315333991,154.0,88.0,64.0,3.0,0.09779901390443617,65.0,0.2,0.3,,536,0.15370060543969466,0.21526579115489075,0.8488805970149254,31.0,70.69029850746269,0.5305246762160207
tp0.2_sl0.3_mh250,A,,94.04559268520276,4.565558342539722,-13.188652545352003,-17.172624098149413,4.222672614641952,0.10555425838669798,66.0,43.0,23.0,0.0,0.07312915439814097,82.5,0.2,0.3,250.0,127,0.1095238312433131,0.20674134205777062,0.7716535433070866,47.0,89.08661417322834,0.29997564809685223
tp0.2_sl0.3_mh250,B,,129.06240943844622,7.470728164086871,-22.71657109651332,-24.547006372787322,6.981840604938168,0.24397000527531734,158.0,88.0,67.0,4.0,0.09362353850301264,65.0,0.2,0.3,250.0,536,0.15214339494595938,0.2141967899248889,0.8376865671641791,31.0,63.264925373134325,0.5867862507995385
tp0.2_sl0.3_mh500,A,,98.34331075843212,5.030727150639103,-13.906225440234715,-18.0623638334028,4.635489339221309,0.12739210123007555,66.0,43.0,23.0,0.0,0.09244224514846096,82.5,0.2,0.3,500.0,127,0.12463024506489816,0.20812197458073278,0.8188976377952756,47.0,106.7244094488189,0.28493743795713916
tp0.2_sl0.3_mh500,B,,130.2323164615482,7.561937997586298,-21.792050800973833,-23.00088029775626,6.87972625693785,0.2662335860441992,155.0,88.0,64.0,3.0,0.097686809298235,65.0,0.2,0.3,500.0,536,0.15352850247247332,0.21511023485122727,0.8488805970149254,31.0,69.3544776119403,0.5401375065196092
tp0.2_sl0.3_mh750,A,,102.79317320238256,5.493453881441479,-13.906225440234715,-18.0623638334028,5.099789219350194,0.13077545656106254,66.0,43.0,23.0,0.0,0.11295828957025783,82.5,0.2,0.3,750.0,127,0.13600477397768748,0.20926204323964637,0.84251968503937,47.0,108.92125984251969,0.3046711440772486
tp0.2_sl0.3_mh750,B,,128.59801229710743,7.434149037222626,-21.792050800973833,-23.00088029775626,6.750330080198285,0.2698824315333991,154.0,88.0,64.0,3.0,0.09747557918814988,65.0,0.2,0.3,750.0,536,0.1531485118353237,0.21526579115489075,0.8470149253731343,31.0,70.6231343283582,0.5291217565348701
tp0.2_sl0.4_mhNone,A,,103.2313280518191,5.538035287016852,-13.623296827386632,-17.172928048476415,4.922525870394949,0.14414063579634054,64.0,43.0,21.0,0.0,0.14143176471241592,95.0,0.2,0.4,,127,0.16673071848002474,0.21151287191094914,0.9133858267716536,53.0,132.4251968503937,0.3072096268437987
tp0.2_sl0.4_mhNone,B,,155.7598879690265,9.388347915112794,-22.744113254654373,-24.47051421635394,8.685994794378663,0.33369703202550094,145.5,88.0,56.5,1.0,0.13571424323435533,71.5,0.2,0.4,,536,0.1832803509588824,0.2189174047343878,0.914179104477612,33.0,90.81716417910448,0.4924223965612079
tp0.2_sl0.4_mh250,A,,94.91222878481236,4.660874997337072,-12.772116390947897,-16.09673599565223,4.140709703683447,0.10884889281068792,65.0,43.0,22.0,0.0,0.08541428471427084,92.0,0.2,0.4,250.0,127,0.11779896301033792,0.20716503437482947,0.7874015748031497,53.0,99.45669291338582,0.2889996251891656
tp0.2_sl0.4_mh250,B,,143.5936615869611,8.554717668613442,-22.369507077040566,-24.084263349787978,8.157460650132142,0.2553889392542135,151.0,88.0,61.0,2.0,0.11270112457887935,75.0,0.2,0.4,250.0,536,0.1711823346238176,0.21539439297294083,0.8768656716417911,33.0,72.21828358208955,0.5783644747072092
tp0.2_sl0.4_mh500,A,,98.94476142263163,5.094358784378283,-13.623296827386632,-17.172928048476415,4.464670732342797,0.1394833793413387,64.0,43.0,21.0,0.0,0.11518817690608402,95.0,0.2,0.4,500.0,127,0.14913478417200285,0.20947199246518178,0.8740157480314961,53.0,127.51181102362204,0.2853766019465249
tp0.2_sl0.4_mh500,B,,143.3486882472402,8.537239763990211,-22.74411325465437,-24.470514216353916,8.06513107615535,0.3123106734580965,147.0,88.0,59.0,1.0,0.12242838785367903,75.0,0.2,0.4,500.0,536,0.17832661465960337,0.21782852344422599,0.9011194029850746,33.0,85.26305970149254,0.5103229244795862
tp0.2_sl0.4_mh750,A,,103.2313280518191,5.538035287016852,-13.623296827386632,-17.172928048476415,4.922525870394949,0.14414063579634054,64.0,43.0,21.0,0.0,0.14143176471241592,95.0,0.2,0.4,750.0,127,0.16673071848002474,0.21151287191094914,0.9133858267716536,53.0,132.4251968503937,0.3072096268437987
tp0.2_sl0.4_mh750,B,,149.45292120434974,8.963867933768654,-22.744113254654373,-24.47051421635394,8.06299759384129,0.3287536579735363,145.5,88.0,56.5,1.0,0.1295866439289478,71.5,0.2,0.4,750.0,536,0.17994856619982527,0.21867853927504988,0.9067164179104478,33.0,89.4794776119403,0.4906985526131221
tp0.2_sl0.5_mhNone,A,,107.09234224453944,5.923681762980082,-14.07385794235419,-18.06777415112527,5.718815271960116,0.15028125730326297,63.0,42.0,21.0,0.0,0.14985584973852684,92.0,0.2,0.5,,127,0.18090192048356224,0.21202514265544314,0.9448818897637795,53.0,145.74015748031496,0.30286826473308265
tp0.2_sl0.5_mhNone,B,,152.2884340536841,9.156640921315983,-23.512334221218094,-24.895183262102666,8.531173630412384,0.3658509582283607,138.0,86.0,52.0,0.0,0.14135498810688113,78.0,0.2,0.5,,536,0.19637697559851375,0.2198255201571322,0.9402985074626866,33.5,107.96082089552239,0.4438275075029986
tp0.2_sl0.5_mh250,A,,93.7894997507532,4.53720137009479,-12.816643241589965,-16.58861771807572,4.184082615429026,0.1102125814952746,64.0,43.0,21.0,0.0,0.08243736725660786,95.0,0.2,0.5,250.0,127,0.11843520969267239,0.20716503437482947,0.7874015748031497,53.0,102.76377952755905,0.28120989027327653
tp0.2_sl0.5_mh250,B,,144.2016861068747,8.597865867434628,-22.364800139071654,-23.877734080945135,8.124784348239766,0.26097412069719544,148.0,88.0,60.0,1.0,0.11672564509794398,77.0,0.2,0.5,250.0,536,0.17909479278950094,0.21568193768913202,0.8824626865671642,33.5,77.47574626865672,0.5640362506365038
tp0.2_sl0.5_mh500,A,,99.10549851060864,5.111305698291002,-14.07385794235419,-18.06777415112527,4.886077868395422,0.14133650092168343,63.0,42.0,21.0,0.0,0.11517223142093139,92.0,0.2,0.5,500.0,127,0.15586917743626816,0.21094743494102475,0.889763779527559,53.0,137.1968503937008,0.27720810780504346
tp0.2_sl0.5_mh500,B,,137.97540184704673,8.147924514392779,-23.009044384256594,-24.253771766587047,7.561330499354265,0.32743472876668406,140.0,84.0,55.0,0.0,0.12581528333723493,78.0,0.2,0.5,500.0,536,0.18987893817628576,0.21867853927504988,0.9216417910447762,33.5,96.81716417910448,0.47853561202542405
tp0.2_sl0.5_mh750,A,,104.5728950472153,5.673484966605535,-14.07385794235419,-18.06777415112527,5.459340658779206,0.14929498522904436,63.0,42.0,21.0,0.0,0.14371266599415533,92.0,0.2,0.5,750.0,127,0.1775179087424287,0.21167294083468646,0.937007874015748,53.0,145.40944881889763,0.29787864602319714
tp0.2_sl0.5_mh750,B,,147.25006656195112,8.8117335041762,-23.316767892775438,-24.673647707982806,8.082276232681957,0.3607331050700041,138.0,86.0,52.0,0.0,0.1388219646136603,78.0,0.2,0.5,750.0,536,0.19291088918892935,0.2196147060837994,0.9309701492537313,33.5,104.74253731343283,0.449390077512111
tp0.2_sl0.6_mhNone,A,,110.90168416499719,6.292084127081954,-13.547923568904425,-16.377673339453125,6.122383961487681,0.15597451305290225,63.0,43.0,20.0,0.0,0.19646571334071583,100.0,0.2,0.6,,127,0.20293586943002462,0.21317844622642412,0.9763779527559056,56.0,163.54330708661416,0.30277210986507475
tp0.2_sl0.6_mhNone,B,,148.0686319689666,8.868388044073805,-23.786609674906135,-25.412323317066736,8.167678940389973,0.3900148051810105,130.5,85.0,46.0,0.0,0.15461921595716577,86.0,0.2,0.6,,536,0.20707842303374205,0.22103513906964578,0.957089552238806,33.5,118.47201492537313,0.4264900470550845
tp0.2_sl0.6_mh250,A,,94.31899630984964,4.595712984678113,-13.038173955217314,-16.484726225106915,4.087443783209952,0.11281448071106057,64.0,43.0,21.0,0.0,0.08962675372832771,101.0,0.2,0.6,250.0,127,0.12217756030147105,0.20716503437482947,0.7874015748031497,56.0,106.35433070866142,0.28030193519078883
tp0.2_sl0.6_mh250,B,,143.68279282757578,8.560987313181057,-22.364800139071654,-23.877734080945135,8.039405379939165,0.26304684646616333,148.0,88.0,60.0,0.0,0.11721266578276221,81.5,0.2,0.6,250.0,536,0.1821304638378985,0.2159919145282022,0.8861940298507462,33.5,78.85820895522389,0.5635409904082455
tp0.2_sl0.6_mh500,A,,101.82891215308449,5.3945728958165855,-13.54792356890443,-16.377673339453125,5.247158960731844,0.1448902678620845,63.0,43.0,20.0,0.0,0.14493067657433434,100.0,0.2,0.6,500.0,127,0.16997377015614062,0.2114187856423042,0.905511811023622,56.0,147.16535433070865,0.2818163290314867
tp0.2_sl0.6_mh500,B,,135.36014835547562,7.953437662296137,-23.237850151875406,-24.528327127712103,7.467004754100478,0.330319333964744,138.0,84.0,53.0,0.0,0.1264805929845851,79.75,0.2,0.6,500.0,536,0.194059137449647,0.2191707453784596,0.9272388059701493,33.5,100.07089552238806,0.473168839856345
tp0.2_sl0.6_mh750,A,,106.64005204354795,5.879154962706079,-13.54792356890443,-16.377673339453125,5.686217016373871,0.15399497707355786,63.0,43.0,20.0,0.0,0.17103088717417575,100.0,0.2,0.6,750.0,127,0.19012041549052713,0.21202514265544314,0.952755905511811,56.0,160.70078740157481,0.288669284885122
tp0.2_sl0.6_mh750,B,,147.37418805104244,8.820079012827742,-23.815536631545193,-25.198562535365397,8.084543148733973,0.37374242055836215,136.0,86.0,49.5,0.0,0.14225332201693094,85.25,0.2,0.6,750.0,536,0.19851141155076368,0.22004397532016928,0.9365671641791045,33.5,110.41417910447761,0.4386826475660687
tp0.2_slNone_mhNone,A,,112.29182477172316,6.423691232463568,-13.547201237461648,-16.376955221593327,6.255447025718981,0.1563116324645217,63.0,43.0,20.0,0.0,0.20986397384364358,100.0,0.2,,,127,0.21079074623521438,0.21320055210970246,0.984251968503937,56.0,168.251968503937,0.3056899870992523
tp0.2_slNone_mhNone,B,,152.18178612527,9.149484737357804,-23.815536631545193,-25.259974730471658,8.83665195778353,0.3993033176596119,128.0,85.0,44.0,0.0,0.17138957937709692,86.5,0.2,,,536,0.21133886403856691,0.2211436400293738,0.960820895522388,33.5,132.66417910447763,0.38870087745991927
tp0.2_slNone_mh250,A,,94.31899630984964,4.595712984678113,-13.038173955217314,-16.484726225106915,4.087443783209952,0.11281448071106057,64.0,43.0,21.0,0.0,0.08962675372832771,101.0,0.2,,250.0,127,0.12217756030147105,0.20716503437482947,0.7874015748031497,56.0,106.35433070866142,0.28030193519078883
tp0.2_slNone_mh250,B,,143.51484297157324,8.549044638902703,-22.364800139071654,-23.877734080945135,8.027521074615835,0.2633382784644383,148.0,88.0,60.0,0.0,0.11657279412620758,81.5,0.2,,250.0,536,0.1817368651033836,0.2159919145282022,0.8861940298507462,33.5,79.06902985074628,0.5608238164668347
tp0.2_slNone_mh500,A,,102.69695196041062,5.483480288547293,-13.547201237461659,-16.376955221593327,5.336950208406825,0.14518947699781193,63.0,43.0,20.0,0.0,0.1532430495736069,100.0,0.2,,500.0,127,0.17559870401077063,0.2114187856423042,0.905511811023622,56.0,149.48818897637796,0.2866185219850282
tp0.2_slNone_mh500,B,,136.0717695840866,8.006689963063751,-23.1380692328634,-24.58892262863849,7.4156381616781175,0.33382666784644377,137.0,84.0,52.0,0.0,0.1293702674661093,83.25,0.2,,500.0,536,0.19473134018907748,0.2191707453784596,0.9272388059701493,33.5,102.12126865671642,0.46527474277524
tp0.2_slNone_mh750,A,,108.02781057751598,6.01522722041421,-13.547201237461659,-16.376955221593327,5.824309899334625,0.15435496725806602,63.0,43.0,20.0,0.0,0.18440141009932798,100.0,0.2,,750.0,127,0.19804756356270034,0.2127660592718439,0.9606299212598425,56.0,165.33070866141733,0.2922845120579587
tp0.2_slNone_mh750,B,,148.19254790990342,8.87650426011215,-24.05418015754732,-25.255593675272113,8.126501721615364,0.3792383348791103,135.0,86.0,49.0,0.0,0.14938310043450698,83.5,0.2,,750.0,536,0.2009240479011162,0.22004397532016928,0.9384328358208955,33.5,115.45708955223881,0.4246206783663179
tp0.3_sl0.2_mhNone,A,,96.81658144947657,4.8674412804225025,-10.550736164609436,-13.300713779753782,4.270551212390396,0.12246016462668184,66.0,41.0,24.0,0.0,0.13073021810650412,76.0,0.3,0.2,,127,0.14120693345525098,0.30707732785579944,0.6535433070866141,85.0,138.14173228346456,0.24941407056038062
tp0.3_sl0.2_mhNone,B,,133.04427706973735,7.778307001467121,-19.086756632973724,-20.078989175970975,7.2576756638816615,0.30143113456655296,162.0,86.0,68.0,8.0,0.0913846690241726,72.25,0.3,0.2,,536,0.17125132345476407,0.3144074746646359,0.6940298507462687,65.5,92.5223880597015,0.4516239128631203
tp0.3_sl0.2_mh250,A,,90.17454082582042,4.129882339770729,-10.611289361535803,-13.191797918450307,3.8649050927532658,0.1107684480563095,67.0,42.0,25.0,0.0,0.08014648393703261,76.0,0.3,0.2,250.0,127,0.09378459038269624,0.1590100651628319,0.5905511811023622,85.0,112.55118110236221,0.20331585887638104
tp0.3_sl0.2_mh250,B,,133.80763449626127,7.835946953345962,-18.525508299663397,-20.811014375551995,7.189008787929255,0.26590565941878896,164.0,86.0,69.0,9.0,0.08679345417723695,72.25,0.3,0.2,250.0,536,0.1668687213441319,0.3118423712274936,0.6977611940298507,65.5,82.77425373134328,0.4918916954554273
tp0.3_sl0.2_mh500,A,,96.29939989118702,4.81165952482433,-10.55073616460943,-13.300713779753782,4.211799026660024,0.12074591603936775,66.0,41.0,24.0,0.0,0.12460566812785027,76.0,0.3,0.2,500.0,127,0.13362259146119848,0.30548292566494273,0.6456692913385826,85.0,135.10236220472441,0.2413274778062489
tp0.3_sl0.2_mh500,B,,132.70055332454822,7.751775533900118,-19.808097065415897,-20.8801617751052,7.109038577740015,0.30006814747730826,162.5,86.0,69.0,8.0,0.09234304113350109,72.0,0.3,0.2,500.0,536,0.17186263759275516,0.313953488372093,0.6977611940298507,65.5,90.55410447761194,0.46308760728786064
tp0.3_sl0.2_mh750,A,,96.47361392023198,4.8304798372859725,-10.550736164609436,-13.300713779753782,4.231623416413417,0.12216110143308148,66.0,41.0,24.0,0.0,0.1268113095635856,76.0,0.3,0.2,750.0,127,0.13916829667805944,0.30666667926652447,0.6535433070866141,85.0,137.76377952755905,0.2464876073079393
tp0.3_sl0.2_mh750,B,,133.72936547927824,7.830388387375931,-19.08675663297371,-20.078989175970975,7.3122643000876595,0.3003047267648696,162.0,86.0,68.0,8.0,0.09327184543199171,72.25,0.3,0.2,750.0,536,0.17200129504113384,0.3144074746646359,0.6977611940298507,65.5,91.65858208955224,0.45787655703677355
tp0.3_sl0.3_mhNone,A,,120.37577811818011,7.161111810671983,-11.781209602887671,-15.157467776771,6.722504414863866,0.16336524246975648,64.0,43.0,21.0,0.0,0.18945957107255837,108.0,0.3,0.3,,127,0.2141992796968425,0.31727936730992323,0.8188976377952756,112.0,181.15748031496062,0.28850381532775915
tp0.3_sl0.3_mhNone,B,,148.47838845816366,8.896790016886625,-22.29704228982474,-24.45877240683021,8.100634052458162,0.34051285295754496,146.0,88.0,59.0,0.0,0.12708858374048979,90.5,0.3,0.3,,536,0.21348446656515696,0.32042405331653157,0.8003731343283582,78.0,123.78171641791045,0.420823134056664
tp0.3_sl0.3_mh250,A,,105.14848211411797,5.731119243160787,-11.435911488847495,-14.462037382039819,5.239529626823707,0.1289466020221705,65.0,43.0,22.0,0.0,0.10022143724262637,107.5,0.3,0.3,250.0,127,0.12511904092170376,0.3028755556921785,0.6692913385826772,112.0,134.38582677165354,0.22717459659470066
tp0.3_sl0.3_mh250,B,,140.10089399674303,8.303564180589063,-22.310707185184114,-23.674089900063972,7.982326422674661,0.28661626352120423,150.0,88.0,62.0,1.0,0.10953811436530601,92.0,0.3,0.3,250.0,536,0.19705945468386543,0.31570267881073555,0.7779850746268657,78.0,102.22014925373135,0.47038188942096476
tp0.3_sl0.3_mh500,A,,113.21091082706428,6.509899868905167,-11.781209602887689,-15.157467776771,6.019606361091405,0.15818576038202234,64.0,43.0,21.0,0.0,0.15555111681673445,108.0,0.3,0.3,500.0,127,0.1890834606514235,0.31362469084577005,0.7874015748031497,112.0,174.48031496062993,0.26442160199766734
tp0.3_sl0.3_mh500,B,,152.28076666669125,9.156155199830652,-22.533736076310184,-24.432896016526524,8.537142792062768,0.3320733548984578,147.0,88.0,59.0,1.0,0.12692546173224975,90.75,0.3,0.3,500.0,536,0.21410263401465396,0.31987016738370067,0.8059701492537313,78.0,117.6473880597015,0.4440476202758132
tp0.3_sl0.3_mh750,A,,119.97316312393168,7.12545507781871,-11.781209602887671,-15.157467776771,6.685492972901523,0.1630777305011788,64.0,43.0,21.0,0.0,0.1853861222373968,108.0,0.3,0.3,750.0,127,0.21216064291965095,0.3168166999924029,0.8188976377952756,112.0,180.7795275590551,0.2863554162983642
tp0.3_sl0.3_mh750,B,,145.77565323849396,8.708729631427403,-23.19832405938587,-25.525077197598893,8.072962448161451,0.34434314256075427,146.5,88.0,59.0,1.0,0.12276652271279655,90.5,0.3,0.3,750.0,536,0.21319530958604838,0.32017460447063306,0.8003731343283582,78.0,121.17910447761194,0.42927908869475534
tp0.3_sl0.4_mhNone,A,,122.21742582287486,7.32286064901494,-11.844725942231749,-14.121643754344865,6.7379597818521955,0.1741088300556489,62.0,43.0,19.0,0.0,0.23578720219888386,117.5,0.3,0.4,,127,0.25459364465457585,0.318903180217746,0.8976377952755905,123.0,210.4724409448819,0.29514956455503166
tp0.3_sl0.4_mhNone,B,,163.0025081495359,9.856606091705157,-22.97211942745745,-25.219008721224583,9.217790998513916,0.39441373607536173,133.0,86.0,47.0,0.0,0.17004548826958354,113.0,0.3,0.4,,536,0.2583159865280595,0.32575489893764875,0.8805970149253731,90.5,151.71082089552237,0.41545553798204227
tp0.3_sl0.4_mh250,A,,105.77323516858196,5.7933418000480685,-10.999957615398854,-13.128642570333515,5.185170883248984,0.13088510846478854,63.0,43.0,20.0,0.0,0.11449356795299456,115.0,0.3,0.4,250.0,127,0.13469426824296052,0.3029702851088423,0.6850393700787402,123.0,146.90551181102362,0.2237179602461736
tp0.3_sl0.4_mh250,B,,148.1685269298463,8.874706002869315,-22.105740431654493,-26.092995319369667,8.083659825737747,0.29298578896842997,141.5,85.0,56.5,0.0,0.12451467546905282,112.5,0.3,0.4,250.0,536,0.21985910686155574,0.31760839350812,0.8227611940298507,90.5,113.3973880597015,0.47307634674950566
tp0.3_sl0.4_mh500,A,,116.22065023220568,6.787860749797392,-11.84472594223176,-14.121643754344838,6.0703059169037665,0.1667024675155071,62.0,43.0,19.0,0.0,0.19203850182514093,117.5,0.3,0.4,500.0,127,0.22123369140062704,0.31578948815119756,0.8503937007874016,123.0,200.04724409448818,0.26984136145487797
tp0.3_sl0.4_mh500,B,,156.92892520757218,9.464763242302865,-24.001353324047663,-26.457110517904198,8.266031492049782,0.35986066638583136,137.0,87.0,51.0,0.0,0.1579352819883928,110.0,0.3,0.4,500.0,536,0.24959630886884873,0.32229212383859485,0.8694029850746269,90.5,139.02798507462686,0.4380520895221824
tp0.3_sl0.4_mh750,A,,121.57577455639918,7.2667577602880895,-11.844725942231749,-14.121643754344875,6.678998651697039,0.1737202754926068,62.0,43.0,19.0,0.0,0.22935156359108108,117.5,0.3,0.4,750.0,127,0.2514235322553007,0.3181242564948772,0.8976377952755905,123.0,209.98425196850394,0.29215210805186953
tp0.3_sl0.4_mh750,B,,156.53214311653684,9.438497974642202,-22.972119427457464,-25.175876100946464,8.693603858891283,0.3840484678531385,133.5,86.5,47.0,0.0,0.16248772223893848,113.0,0.3,0.4,750.0,536,0.2532486366754288,0.3243177124833144,0.871268656716418,90.5,146.57835820895522,0.42156746810273243
tp0.3_sl0.5_mhNone,A,,126.79846738938284,7.7158843482570845,-12.387139138852538,-14.864574783949925,7.33269355446797,0.17844503818294916,61.0,42.0,19.0,0.0,0.24798482440170566,113.0,0.3,0.5,,127,0.27748559356306274,0.32118449995139575,0.937007874015748,123.0,226.88976377952756,0.29841136815312125
tp0.3_sl0.5_mhNone,B,,163.16110846402356,9.867007398493444,-24.753766641583212,-25.693829369881687,8.892909510698011,0.4244401960404095,126.0,84.5,41.5,0.0,0.1851028965680135,130.0,0.3,0.5,,536,0.28504856249246097,0.3287406792567428,0.9216417910447762,99.5,176.0634328358209,0.39503858426421545
tp0.3_sl0.5_mh250,A,,105.88462166660923,5.8044133202369,-11.286195244234543,-13.578577181326876,5.225240680675032,0.13331157767501645,63.0,43.0,20.0,0.0,0.11286203052972152,115.75,0.3,0.5,250.0,127,0.135330514925295,0.3029702851088423,0.6850393700787402,123.0,150.21259842519686,0.21982607309875987
tp0.3_sl0.5_mh250,B,,143.76496603753736,8.566888545877283,-24.705166963941615,-27.571201665397176,7.79505857293161,0.29699262504793633,138.0,85.0,53.0,0.0,0.12534407565604844,129.0,0.3,0.5,250.0,536,0.23376948328391361,0.3185384879349086,0.835820895522388,99.5,119.76679104477611,0.4762568440190569
tp0.3_sl0.5_mh500,A,,116.75141279918442,6.836204768279986,-12.387139138852532,-14.864574783949925,6.423487591235961,0.16768155482067504,61.0,42.0,19.0,0.0,0.19560272358690411,113.0,0.3,0.5,500.0,127,0.23213835849117453,0.3168166999924029,0.8661417322834646,123.0,211.77165354330708,0.26746620014591993
tp0.3_sl0.5_mh500,B,,147.24864802108854,8.811006182914394,-25.71520722068476,-27.25351897441342,8.069315762788083,0.388220382617127,130.0,83.0,46.0,0.0,0.15910157780705156,130.0,0.3,0.5,500.0,536,0.26899707800134554,0.32416763528072146,0.8973880597014925,99.5,153.8320895522388,0.42666837084105047
tp0.3_sl0.5_mh750,A,,124.13435009895674,7.4887650283960605,-12.387139138852538,-14.864574783949925,6.9874795866278605,0.17675861271115217,61.0,42.0,19.0,0.0,0.2338115895728799,113.0,0.3,0.5,750.0,127,0.2694401741107653,0.32065217391304346,0.9291338582677166,123.0,225.89763779527559,0.2910318280645682
tp0.3_sl0.5_mh750,B,,156.74657672223663,9.453344465099423,-24.770664299531187,-25.912749680001816,8.378593067563429,0.41330920411229455,128.0,85.0,43.5,0.0,0.17229792368280694,127.0,0.3,0.5,750.0,536,0.2772716599155594,0.3263767105929257,0.9067164179104478,99.5,166.65111940298507,0.4059635798533056
tp0.3_sl0.6_mhNone,A,,131.40833457468008,8.098654510507163,-11.492499645060516,-14.01043249653684,7.732662020591338,0.18514899452353056,61.0,43.0,18.0,0.0,0.30324111104834084,178.0,0.3,0.6,,127,0.3032241087420309,0.3252715928136143,0.968503937007874,169.0,249.62992125984252,0.29638547398347326
tp0.3_sl0.6_mhNone,B,,160.39387291704378,9.690150516728835,-25.50932434858052,-28.577469008177935,8.773410076030068,0.44939263312549876,118.0,82.0,36.0,0.0,0.2141335655663258,145.5,0.3,0.6,,536,0.30035644093335157,0.32951530398724616,0.9402985074626866,102.5,195.46455223880596,0.37493740296297046
tp0.3_sl0.6_mh250,A,,106.14374305964441,5.830082849426466,-11.243412682929932,-13.51347390125332,5.156097395736003,0.13497926229081125,63.0,43.0,20.0,0.0,0.1190770005473171,167.0,0.3,0.6,250.0,127,0.13907286553409365,0.3029702851088423,0.6850393700787402,169.0,153.8031496062992,0.22063123724827186
tp0.3_sl0.6_mh250,B,,144.62460707547973,8.627788389048485,-24.71189619493718,-27.5779799495166,7.855348974311271,0.29933310990037393,138.0,85.0,53.0,0.0,0.12671519778207127,132.25,0.3,0.6,250.0,536,0.2373549327719237,0.31895119715889575,0.8395522388059702,102.5,121.22388059701493,0.47774913087360366
tp0.3_sl0.6_mh500,A,,118.90873788868603,7.0306849122302895,-11.492499645060562,-14.010432496536856,6.6135586645522135,0.171950632294318,61.0,43.0,18.0,0.0,0.22641699182564712,178.0,0.3,0.6,500.0,127,0.2481195176553614,0.3168166999924029,0.8818897637795275,169.0,224.29133858267716,0.26992198044951166
tp0.3_sl0.6_mh500,B,,144.46999861665452,8.616863123990825,-25.758039880293126,-27.29716096263083,7.592195087331099,0.3894843586365483,127.0,82.5,44.5,0.0,0.15970870663271836,143.5,0.3,0.6,500.0,536,0.27444407864856674,0.3248277698649845,0.9029850746268657,102.5,158.5839552238806,0.42226437785407406
tp0.3_sl0.6_mh750,A,,126.28898937203965,7.672652206028941,-11.492499645060516,-14.01043249653683,7.197869990265934,0.18292113546892014,61.0,43.0,18.0,0.0,0.26530868772607236,178.0,0.3,0.6,750.0,127,0.2845600351152069,0.32108627890158803,0.9448818897637795,169.0,245.9763779527559,0.28227364410352546
tp0.3_sl0.6_mh750,B,,148.66946140283468,8.909996055291147,-25.374590737017172,-26.69178466722668,7.859541013640898,0.42026166892894923,124.0,85.5,39.0,0.0,0.177803581753937,136.0,0.3,0.6,750.0,536,0.28571627370423625,0.3266259169451088,0.9160447761194029,102.5,175.2742537313433,0.3977467842521298
tp0.3_slNone_mhNone,A,,133.09740204888885,8.235884003537997,-11.492499645060516,-14.009714867025036,7.876241038015401,0.1853099776853649,61.0,43.0,18.0,0.0,0.3191556240144232,178.0,0.3,,,127,0.31205882143963065,0.3261278300697177,0.9763779527559056,169.0,254.3464566929134,0.2993647067912598
tp0.3_slNone_mhNone,B,,165.76755928163976,10.03089453283479,-25.6661909081223,-26.901598579645324,9.084467613676523,0.46014903658061623,115.0,81.0,33.5,0.0,0.2367345422817468,152.0,0.3,,,536,0.30647352426659974,0.32978045408426016,0.9440298507462687,102.5,214.86380597014926,0.3480322783235039
tp0.3_slNone_mh250,A,,106.14374305964441,5.830082849426466,-11.243412682929932,-13.51347390125332,5.156097395736003,0.13497926229081125,63.0,43.0,20.0,0.0,0.1190770005473171,167.0,0.3,,250.0,127,0.13907286553409365,0.3029702851088423,0.6850393700787402,169.0,153.8031496062992,0.22063123724827186
tp0.3_slNone_mh250,B,,144.4485241772824,8.615341027956902,-24.71189619493718,-27.5779799495166,7.843136343621679,0.2996027079968431,138.0,85.0,53.0,0.0,0.12603389558660305,132.25,0.3,,250.0,536,0.2369613340374088,0.31895119715889575,0.8395522388059702,102.5,121.43470149253731,0.4761288560393995
tp0.3_slNone_mh500,A,,119.85887381900761,7.115333450268057,-11.492499645060555,-14.009714867025044,6.700806517363296,0.17219746757888385,61.0,43.0,18.0,0.0,0.2347974990298317,178.0,0.3,,500.0,127,0.2537444515099913,0.3168166999924029,0.8818897637795275,169.0,226.61417322834646,0.2732117117231275
tp0.3_slNone_mh500,B,,145.0408596029548,8.656981796945528,-25.758039880293126,-27.29716096263083,7.696386800402114,0.392425765280353,127.0,83.0,44.5,0.0,0.1623182959144326,143.5,0.3,,500.0,536,0.27499403193922173,0.3248277698649845,0.9029850746268657,102.5,161.02611940298507,0.41669354041407924
tp0.3_slNone_mh750,A,,128.01113129698254,7.8176178040761375,-11.492499645060516,-14.009714867025028,7.3480794704331736,0.18306427835319067,61.0,43.0,18.0,0.0,0.28109791161105224,178.0,0.3,,750.0,127,0.29346701907979017,0.32118449995139575,0.952755905511811,169.0,250.61417322834646,0.2857218797048051
tp0.3_slNone_mh750,B,,149.44098362603322,8.96303606224118,-25.29989149407781,-26.13541472632085,7.900253014355529,0.4195768933482244,122.0,85.0,38.0,0.0,0.18802580799497848,139.0,0.3,,750.0,536,0.28955262962266387,0.3270528213271271,0.917910447761194,102.5,181.64738805970148,0.388944990525872
tp0.4_sl0.2_mhNone,A,,100.60015876590752,5.266884153308715,-16.70153691833723,-22.094952500881405,4.635304214445464,0.17722045822273103,63.0,42.0,21.5,0.0,0.1870551477932944,103.25,0.4,0.2,,127,0.1940305678553453,0.41164388958440945,0.6299212598425197,124.0,187.59055118110237,0.25237656299116185
tp0.4_sl0.2_mhNone,B,,135.1080159895543,7.9344204321206036,-24.46051693600285,-25.426824510879563,6.733282154523272,0.3623596390611706,156.0,88.0,62.0,6.0,0.11454674095541972,85.5,0.4,0.2,,536,0.20956981890592216,0.4094277701755501,0.6380597014925373,83.5,127.08768656716418,0.402360269466553
tp0.4_sl0.2_mh250,A,,83.81071538729935,3.3755299814081985,-16.637770668877792,-21.825349079503024,2.624563617405038,0.13953321819253495,64.5,43.0,22.0,0.0,0.08851228266289492,106.5,0.4,0.2,250.0,127,0.10455970225379159,0.06288420601412059,0.5669291338582677,124.0,142.6220472440945,0.17888235264398464
tp0.4_sl0.2_mh250,B,,135.4991889466044,7.963773425207088,-23.925582797684587,-26.041240463225662,7.171149946356407,0.30815378160312723,158.0,86.0,64.0,8.0,0.10527879141472996,88.5,0.4,0.2,250.0,536,0.1952994936257763,0.40374357214442325,0.6548507462686567,83.5,108.19029850746269,0.440456095436343
tp0.4_sl0.2_mh500,A,,98.24626707449923,5.01928115451491,-16.701536918337233,-22.094952500881416,4.2011361415578286,0.17435673857277784,63.0,42.0,21.5,0.0,0.16881441712048312,103.25,0.4,0.2,500.0,127,0.1767988160638189,0.4062122608833203,0.6220472440944882,124.0,183.29133858267716,0.23535706298589312
tp0.4_sl0.2_mh500,B,,139.37562562579913,8.250658477252582,-24.33908248430972,-26.35844378082642,7.150979459697257,0.3623548332264713,156.0,86.0,64.0,6.0,0.11539396952290934,88.5,0.4,0.2,500.0,536,0.20848388848393432,0.40773674701793106,0.6417910447761194,83.5,124.38246268656717,0.40898103873588726
tp0.4_sl0.2_mh750,A,,100.0323033631834,5.207700296119122,-16.70153691833723,-22.094952500881405,4.572795263160303,0.17692204433684422,63.0,42.0,21.5,0.0,0.1802932294240956,103.25,0.4,0.2,750.0,127,0.1907765860500124,0.41095899838088346,0.6299212598425197,124.0,187.1968503937008,0.24866597326986561
tp0.4_sl0.2_mh750,B,,135.86557823981144,7.991200849963298,-24.46051693600285,-25.426824518920004,6.7888916738800456,0.3611422013361426,156.0,88.0,62.0,6.0,0.11650041933302029,85.5,0.4,0.2,750.0,536,0.2103197904922919,0.4094277701755501,0.6417910447761194,83.5,126.22388059701493,0.40656354912711223
tp0.4_sl0.3_mhNone,A,,123.26786646314619,7.414062348382078,-19.3045576137384,-24.52174301006701,6.578594018490216,0.20307435688632525,60.0,43.0,17.5,0.0,0.2478544284415501,132.0,0.4,0.3,,127,0.29371854256303737,0.41767088971300437,0.8110236220472441,191.0,241.01574803149606,0.2973553594349179
tp0.4_sl0.3_mhNone,B,,154.61908804583274,9.312635657273516,-26.84889445205625,-27.907656682148545,7.740175781976374,0.41399985545635304,137.0,86.0,52.0,0.0,0.1601440531666902,125.0,0.4,0.3,,536,0.2659219540367486,0.4211166613429367,0.7555970149253731,127.5,171.4384328358209,0.37847380958681626
tp0.4_sl0.3_mh250,A,,99.35309672935333,5.137260348741046,-18.550352163817944,-24.10789897617141,4.386246909681781,0.14411398593678099,61.5,43.0,18.5,0.0,0.11814236096555861,132.5,0.4,0.3,250.0,127,0.14433674710132038,0.15132633959897923,0.6535433070866141,191.0,165.91338582677164,0.21226838399581016
tp0.4_sl0.3_mh250,B,,147.404735431069,8.822339245882604,-26.41700462261161,-28.00670099634475,8.192762574263055,0.3199549675794944,143.0,87.0,56.0,0.0,0.13304861840086796,127.0,0.4,0.3,250.0,536,0.23512091813842356,0.4075727467417899,0.753731343283582,127.5,131.49067164179104,0.4363009429449281
tp0.4_sl0.3_mh500,A,,114.98890885743802,6.674891182355214,-19.3045576137384,-24.52174301006701,5.9715866188873274,0.193992387729043,60.0,43.0,17.5,0.0,0.20252982760454308,132.0,0.4,0.3,500.0,127,0.250607430166207,0.41214497374349857,0.7795275590551181,191.0,230.43307086614172,0.2653621406454954
tp0.4_sl0.3_mh500,B,,156.73321146698495,9.452386985591065,-26.286363471703623,-28.265625163182513,8.961200060691008,0.3974938908265898,139.0,86.0,53.0,0.0,0.1551953890605169,125.0,0.4,0.3,500.0,536,0.2624175853043858,0.418545708054721,0.7630597014925373,127.5,161.82089552238807,0.3956837008445028
tp0.4_sl0.3_mh750,A,,122.58626012652778,7.354915333585488,-19.3045576137384,-24.52174301006701,6.515095141459333,0.20277389465238188,60.0,43.0,17.5,0.0,0.24084904921184289,132.0,0.4,0.3,750.0,127,0.2904645607577045,0.4176071757406996,0.8110236220472441,191.0,240.6220472440945,0.2945422235269396
tp0.4_sl0.3_mh750,B,,153.98775281127197,9.27058232782042,-26.848894452056253,-27.907656682148545,7.68302518100649,0.4110478320798617,136.5,86.0,52.0,0.0,0.15574906545025552,125.0,0.4,0.3,750.0,536,0.26475534421584274,0.420932899818263,0.7555970149253731,127.5,168.4365671641791,0.3835289751880195
tp0.4_sl0.4_mhNone,A,,131.55890980202093,8.110748464840567,-17.700939442492402,-24.494147720122054,7.217893967486158,0.2097619405441023,58.0,42.0,16.0,0.0,0.31546232172105404,175.75,0.4,0.4,,127,0.3484563544037679,0.4220429589878776,0.8976377952755905,238.0,273.37007874015745,0.3110192266335607
tp0.4_sl0.4_mhNone,B,,172.24079733791376,10.428140439510358,-28.48366619213874,-29.2699792490523,9.561789831592577,0.45311611693008336,126.0,85.5,40.0,0.0,0.20998487238783425,162.0,0.4,0.4,,536,0.32424890765658787,0.4273597680843082,0.8451492537313433,152.0,215.50746268656715,0.36711830060045003
tp0.4_sl0.4_mh250,A,,101.72349537700788,5.38380351458152,-17.031667590767935,-23.67448595253224,4.544690730049061,0.14547127294970041,59.5,43.0,16.5,0.0,0.13905337502504375,182.5,0.4,0.4,250.0,127,0.15534774771524545,0.1590100651628319,0.6692913385826772,238.0,178.70078740157481,0.21211350545054092
tp0.4_sl0.4_mh250,B,,149.58256122452113,8.972754339916733,-28.085412337685906,-29.057665713596307,8.271358832002203,0.32258228038414416,137.5,88.0,50.0,0.0,0.14644415378372286,162.25,0.4,0.4,250.0,536,0.26260531289581096,0.4092935207615068,0.8022388059701493,152.0,144.64738805970148,0.44297859232778813
tp0.4_sl0.4_mh500,A,,119.84191328948415,7.113569079968308,-17.70093944249239,-24.494147720122054,6.282463300335301,0.19765363233647426,58.0,42.0,16.0,0.0,0.2490553674752609,175.75,0.4,0.4,500.0,127,0.28721046040582077,0.41381906771093724,0.84251968503937,238.0,256.503937007874,0.2732096557912443
tp0.4_sl0.4_mh500,B,,164.48634129548077,9.950642076604998,-29.19212562323295,-29.66327058917903,9.098027140442573,0.41554109155505314,131.0,87.0,44.5,0.0,0.1921382877171824,162.0,0.4,0.4,500.0,536,0.3087360617885356,0.42210773495003295,0.8339552238805971,152.0,190.11194029850745,0.39624864676105825
tp0.4_sl0.4_mh750,A,,130.395020102439,8.015356764036364,-17.70093944249239,-24.494147720122054,7.115018975274409,0.2092923230676025,58.0,42.0,16.0,0.0,0.30370387618439,175.75,0.4,0.4,750.0,127,0.3402674525505395,0.4197531255346518,0.8976377952755905,238.0,272.59055118110234,0.30457863657633427
tp0.4_sl0.4_mh750,B,,162.91771537393316,9.851618517957995,-28.483666192138728,-29.26997924905232,8.743577721300525,0.43838743828631954,127.0,85.5,41.0,0.0,0.19727630151527362,162.0,0.4,0.4,750.0,536,0.31661569957451385,0.42512618237390165,0.835820895522388,152.0,203.9757462686567,0.3787422382778281
tp0.4_sl0.5_mhNone,A,,136.68747207294388,8.52242402657769,-19.148290834966204,-24.718719362512974,7.967367541292505,0.21080748954687967,57.0,41.0,16.0,0.0,0.3339006967441017,194.75,0.4,0.5,,127,0.37644991580026743,0.4234548428385716,0.937007874015748,273.0,290.0866141732283,0.3166425990287638
tp0.4_sl0.5_mhNone,B,,158.6585199507616,9.577852787332786,-28.991750675029227,-29.343523832697777,8.483007379735811,0.48977900164031224,116.0,79.0,37.0,0.0,0.21120578998266443,177.0,0.4,0.5,,536,0.3563010218707785,0.4303668534666294,0.8880597014925373,166.5,245.38432835820896,0.3542909602994685
tp0.4_sl0.5_mh250,A,,101.5337597607437,5.364258322908066,-17.281916737957047,-24.235711833936772,4.529150373250652,0.14646319193681528,59.0,43.0,16.0,0.0,0.13689345884721538,207.0,0.4,0.5,250.0,127,0.15598399439757993,0.1590100651628319,0.6692913385826772,250.0,182.00787401574803,0.2091123520827258
tp0.4_sl0.5_mh250,B,,152.90213495709855,9.197968785008648,-29.144018778468478,-29.558044796536155,8.41292822829582,0.32524357109077273,132.0,83.0,49.0,0.0,0.1453899466168176,196.0,0.4,0.5,250.0,536,0.2765626027476389,0.41040297689276173,0.8152985074626866,166.5,151.40858208955223,0.44568989511117246
tp0.4_sl0.5_mh500,A,,121.0282925541296,7.218689078113538,-19.14829083496618,-24.718719362512985,6.468343281311757,0.19639263569792137,57.0,41.0,16.0,0.0,0.2575631957146848,194.75,0.4,0.5,500.0,127,0.2998857175024033,0.41450143842957354,0.8582677165354331,273.0,268.46456692913387,0.2725578124054692
tp0.4_sl0.5_mh500,B,,157.98073571076446,9.533842638657397,-29.58332666435287,-29.991735442907913,8.161210449537652,0.4319382773781631,123.0,80.0,42.5,0.0,0.1883089974328472,177.0,0.4,0.5,500.0,536,0.3316462084010035,0.4240846015098557,0.8619402985074627,166.5,206.42350746268656,0.3920177301728699
tp0.4_sl0.5_mh750,A,,132.2972946474382,8.170733041522983,-19.148290834966204,-24.718719362512974,7.507954520430253,0.20936907506368352,57.0,41.0,16.0,0.0,0.310960135421948,194.75,0.4,0.5,750.0,127,0.36080132320139324,0.4220429589878776,0.9291338582677166,273.0,288.755905511811,0.30487869228198006
tp0.4_sl0.5_mh750,B,,146.2142831076996,8.73954937090594,-28.99175067502923,-29.343523832697795,7.42281012858548,0.4684615194402909,118.0,79.0,38.0,0.0,0.1900250368993612,177.0,0.4,0.5,750.0,536,0.34571898843153964,0.4287126039818079,0.875,166.5,227.99253731343285,0.3699920803167694
tp0.4_sl0.6_mhNone,A,,141.69138810429607,8.910698048123889,-20.347732512934837,-24.974503558896753,8.46726628864561,0.21870634837973746,58.0,43.0,15.0,0.0,0.40052271066204626,280.25,0.4,0.6,,127,0.40581720505397956,0.4256333689943934,0.968503937007874,277.0,313.0314960629921,0.31632407370677196
tp0.4_sl0.6_mhNone,B,,157.88179162408994,9.527655389520062,-29.090339064968724,-29.76651427474698,8.66618880939826,0.506785318218304,106.5,74.0,32.0,0.0,0.24581273607736545,248.0,0.4,0.6,,536,0.37676198966524327,0.43152518182282285,0.9104477611940298,169.0,269.0149253731343,0.3417279742036949
tp0.4_sl0.6_mh250,A,,102.41732921540611,5.454980273283594,-17.016582040216623,-24.124242116018547,4.606841882066552,0.147343204256351,59.0,43.0,17.0,0.0,0.14580243317556765,250.0,0.4,0.6,250.0,127,0.15972634500637858,0.1590100651628319,0.6692913385826772,250.0,185.5984251968504,0.2099868473572466
tp0.4_sl0.6_mh250,B,,154.14040198008416,9.28079186135986,-29.150882553331286,-29.56481625373792,8.319306852507468,0.32763774032516435,131.0,82.0,49.0,0.0,0.14589004085411744,230.0,0.4,0.6,250.0,536,0.2804992841694427,0.41053118288109447,0.8190298507462687,169.0,153.06716417910448,0.44713590732797515
tp0.4_sl0.6_mh500,A,,124.12580030878112,7.48803498339724,-20.34773251293485,-24.974503558896753,6.752370606587135,0.20036824276346943,58.0,43.0,15.0,0.0,0.2936207362305956,280.25,0.4,0.6,500.0,127,0.31691897199388597,0.41482339520764877,0.8740157480314961,277.0,281.00787401574803,0.27518171665956453
tp0.4_sl0.6_mh500,B,,158.9872416895635,9.599484089392485,-29.67114732252874,-30.078374553741718,8.455679416956967,0.4279609963950747,120.5,79.0,41.0,0.0,0.1958049882732626,225.0,0.4,0.6,500.0,536,0.3396120410802873,0.4241425840459192,0.8694029850746269,169.0,211.75,0.39133571675839485
tp0.4_sl0.6_mh750,A,,134.0686053442803,8.31391516492368,-20.347732512934847,-24.974503558896753,7.818264091118459,0.21631305244088278,58.0,43.0,15.0,0.0,0.3506759575811642,280.25,0.4,0.6,750.0,127,0.3779917335030618,0.42249689319771955,0.9448818897637795,277.0,309.0236220472441,0.2984560933035948
tp0.4_sl0.6_mh750,B,,145.18688052789713,8.667301562721452,-29.07921610801692,-29.43028768074519,7.358035628733642,0.47157746000329587,113.0,78.0,36.0,0.0,0.19705013922168874,231.5,0.4,0.6,750.0,536,0.35835128898452556,0.42896313108385,0.8880597014925373,169.0,238.0,0.36738535509337916
tp0.4_slNone_mhNone,A,,143.76584106836472,9.068053621865701,-20.347032056855024,-24.973791358928203,8.347538040941938,0.2175973339408892,58.0,43.0,15.0,0.0,0.41943423621276377,280.25,0.4,,,127,0.41572806254387573,0.4264434245472033,0.9763779527559056,277.0,317.755905511811,0.319231351805467
tp0.4_slNone_mhNone,B,,172.388734338659,10.437071570310996,-29.090339064968717,-29.48177432934952,9.412303869432973,0.5109714614833567,103.0,74.0,29.0,0.0,0.29649435207817487,265.0,0.4,,,536,0.38710920350390365,0.4322382131685484,0.917910447761194,169.5,293.41977611940297,0.32190960985709266
tp0.4_slNone_mh250,A,,102.41732921540611,5.454980273283594,-17.016582040216623,-24.124242116018547,4.606841882066552,0.147343204256351,59.0,43.0,17.0,0.0,0.14580243317556765,250.0,0.4,,250.0,127,0.15972634500637858,0.1590100651628319,0.6692913385826772,250.0,185.5984251968504,0.2099868473572466
tp0.4_slNone_mh250,B,,153.9180287367141,9.265959970596837,-29.150882553331286,-29.56481625373792,8.302421427112181,0.32800590634915183,131.0,82.0,49.0,0.0,0.145175306109014,241.5,0.4,,250.0,536,0.28032480794319187,0.41053118288109447,0.8190298507462687,169.5,153.6212686567164,0.44524598537839477
tp0.4_slNone_mh500,A,,125.13089937741529,7.57418136123359,-20.347032056855035,-24.973791358928214,6.8440272149540595,0.20059534695271608,58.0,43.0,15.0,0.0,0.3024310742984979,280.25,0.4,,500.0,127,0.322543905848516,0.41482339520764877,0.8740157480314961,277.0,283.3307086614173,0.2777697955821864
tp0.4_slNone_mh500,B,,159.26853386358354,9.617503624666323,-29.67114732252874,-30.078374553741718,8.471434636377802,0.4328880348404761,120.0,79.0,40.5,0.0,0.19876681261539275,240.25,0.4,,500.0,536,0.34120856531629384,0.4241425840459192,0.8694029850746269,169.5,215.30410447761193,0.3866851035616593
tp0.4_slNone_mh750,A,,136.06244035618766,8.472829650835067,-20.347032056855024,-24.973791358928203,7.693822273593042,0.21518591391550632,58.0,43.0,15.0,0.0,0.36955736870810224,280.25,0.4,,750.0,127,0.3879748622599414,0.4227640527094785,0.952755905511811,277.0,313.6692913385827,0.3018015119919436
tp0.4_slNone_mh750,B,,151.11967722924362,9.077399884713566,-29.079216108016908,-29.43028768074518,7.853713485808293,0.4755749241657202,111.5,76.5,35.0,0.0,0.21640349754168609,262.0,0.4,,750.0,536,0.3634080887291524,0.42905452731426674,0.8899253731343284,169.5,246.205223880597,0.36015309607287843
tp0.5_sl0.2_mhNone,A,,102.26682378629829,5.439657424470978,-22.266339907679715,-23.83096329618644,4.999274629566317,0.219043305632104,60.0,40.5,19.5,0.0,0.22776016522606174,157.0,0.5,0.2,,127,0.24237932508849225,0.5106086497361786,0.6062992125984252,189.0,235.91338582677164,0.2506875780462
tp0.5_sl0.2_mhNone,B,,125.28452568500715,7.170785613821673,-25.756918274628315,-29.541819218008797,6.276908689328711,0.4122029437879621,149.0,87.0,55.0,6.0,0.13004640031195297,103.5,0.5,0.2,,536,0.23714275438166502,0.5093333080391004,0.5970149253731343,115.5,162.6082089552239,0.3558420109347585
tp0.5_sl0.2_mh250,A,,79.41475689440348,2.823750664023006,-21.980414353180517,-23.545756209485788,2.2349017881868227,0.15175945698416876,61.5,42.5,20.0,0.0,0.0892961827681673,139.75,0.5,0.2,250.0,127,0.10194797411278476,0.042840396231557554,0.5433070866141733,189.0,161.0,0.15450500424546262
tp0.5_sl0.2_mh250,B,,139.1379132279191,8.233314924275392,-23.48169469206783,-25.931984222538397,7.002446294025921,0.3342290868943192,153.0,86.0,58.0,9.0,0.12497832590935565,105.0,0.5,0.2,250.0,536,0.2110430310736069,0.23724779883423908,0.6343283582089553,115.5,128.75186567164178,0.39995148274812137
tp0.5_sl0.2_mh500,A,,93.92837487883507,4.5526044555357466,-22.266339907679722,-23.83096329618644,4.180338886332469,0.19880900149373115,60.0,40.5,19.5,0.0,0.18434243829878122,157.0,0.5,0.2,500.0,127,0.20417613331283896,0.40940324679472373,0.5905511811023622,189.0,220.54330708661416,0.22589203538499245
tp0.5_sl0.2_mh500,B,,127.1211536711558,7.317632176491262,-25.366784856510964,-28.504059943639966,6.279727862109157,0.40587325302699234,149.0,86.0,57.0,6.0,0.13055463524361982,104.75,0.5,0.2,500.0,536,0.2337637142666407,0.5056787424166411,0.6044776119402985,115.5,156.4962686567164,0.3644709664367604
tp0.5_sl0.2_mh750,A,,99.96444663760343,5.201433785293075,-22.266339907679715,-23.83096329618644,4.76975882890486,0.21806461601946292,60.0,40.5,19.5,0.0,0.21459405199133968,157.0,0.5,0.2,750.0,127,0.2357893867587292,0.5090708394053791,0.6062992125984252,189.0,235.33070866141733,0.24447557522934726
tp0.5_sl0.2_mh750,B,,123.0110613294872,6.986230486814559,-25.763071485632416,-29.556841243733018,6.0806520955097865,0.4110318676063861,149.0,87.0,55.0,6.0,0.1288330775571509,103.5,0.5,0.2,750.0,536,0.23582597491816423,0.5085260192662592,0.6007462686567164,115.5,161.47014925373134,0.35636021980516236
tp0.5_sl0.3_mhNone,A,,125.38909325663052,7.59625722076186,-24.312861029748777,-27.080643937214134,6.878600820101173,0.23969093946664005,55.5,40.0,16.0,0.0,0.3022475193464913,215.0,0.5,0.3,,127,0.36389899893771865,0.5179643181245106,0.7952755905511811,268.0,301.15748031496065,0.29483363869276086
tp0.5_sl0.3_mhNone,B,,143.96221793596484,8.580666502774381,-27.0365028027501,-27.964729796614513,7.256720220142592,0.45685590705109447,128.0,85.5,43.0,0.0,0.19275862119107756,146.0,0.5,0.3,,536,0.31599668946572884,0.520990738029492,0.7313432835820896,153.5,219.80037313432837,0.35078735822944734
tp0.5_sl0.3_mh250,A,,94.77265267452043,4.64548628285516,-23.718238104587495,-26.003955621046888,4.2754242899017765,0.15638793164420473,59.0,43.0,16.0,0.0,0.12280924451644327,215.0,0.5,0.3,250.0,127,0.1466147320650331,0.10487696523713486,0.6299212598425197,250.0,186.2204724409449,0.19210559480893213
tp0.5_sl0.3_mh250,B,,150.29014779836865,9.019801007258465,-26.302967143033662,-27.89457920698345,8.048230473438265,0.34041292917194327,138.0,87.0,51.0,0.0,0.15707659364390758,154.0,0.5,0.3,250.0,536,0.2541927314001192,0.34840381443053714,0.7406716417910447,153.5,155.05783582089552,0.39999930434519126
tp0.5_sl0.3_mh500,A,,114.2242354444921,6.604213587776464,-24.312861029748767,-27.08064393721411,5.986303054900259,0.21589105527958935,55.5,40.0,16.0,0.0,0.23598242945698103,215.0,0.5,0.3,500.0,127,0.28772649582173304,0.5090708394053791,0.7480314960629921,268.0,276.15748031496065,0.25422184798482733
tp0.5_sl0.3_mh500,B,,152.8891903568203,9.196139660254088,-26.171513160714056,-28.153165823308818,8.118574975012224,0.4277719232943813,132.0,86.0,45.0,0.0,0.1836157349491656,144.75,0.5,0.3,500.0,536,0.30270539214945613,0.5156255972054099,0.7388059701492538,153.5,202.6082089552239,0.3645465110487713
tp0.5_sl0.3_mh750,A,,122.13098618667202,7.315232786980319,-24.312861029748777,-27.080643937214134,6.632189867390095,0.23905217283227553,55.5,40.0,16.0,0.0,0.29308313156241367,215.0,0.5,0.3,750.0,127,0.3573090606079556,0.5166999952140066,0.7952755905511811,268.0,300.5748031496063,0.2900556196819566
tp0.5_sl0.3_mh750,B,,142.81676376723166,8.499176389880114,-27.0365028027501,-28.15574207556843,7.30211356667991,0.45469919575172446,128.0,86.0,42.0,0.0,0.1871351610877179,146.75,0.5,0.3,750.0,536,0.31037348358331857,0.5200137245761923,0.7313432835820896,153.5,215.93283582089552,0.3507161368322165
tp0.5_sl0.4_mhNone,A,,136.48516344653834,8.50645372024209,-23.27679150695933,-24.690536468882097,7.995161399971069,0.24979813122063213,54.5,40.0,14.0,0.0,0.40017728715853396,241.0,0.5,0.4,,127,0.4340151389108189,0.5266387865205571,0.889763779527559,303.0,338.8267716535433,0.3125481890862043
tp0.5_sl0.4_mhNone,B,,167.8855992865901,10.161941990112322,-28.367887645400103,-29.153711655515085,9.158931412561532,0.4911301006724047,118.5,84.0,34.5,0.0,0.2514876267446397,179.0,0.5,0.4,,536,0.38991190229742084,0.5279076484693831,0.8283582089552238,184.0,271.1529850746269,0.350866519630557
tp0.5_sl0.4_mh250,A,,97.20204497355552,4.9090131605247445,-22.336057152501038,-23.82718005801875,4.488155406511436,0.15904393002270345,58.0,43.0,15.0,0.0,0.1496042533707383,250.0,0.5,0.4,250.0,127,0.15969765495623223,0.11526469674365081,0.6456692913385826,250.0,199.25984251968504,0.19555484595683728
tp0.5_sl0.4_mh250,B,,153.60697334061348,9.245217785532711,-27.968571557316572,-28.94221662420963,8.289692907469574,0.3412483453923808,131.0,85.0,46.0,0.0,0.17019507673136208,186.0,0.5,0.4,250.0,536,0.2873867168164779,0.5008238614795538,0.792910447761194,184.0,168.88059701492537,0.41521856354536285
tp0.5_sl0.4_mh500,A,,117.91683707028693,6.941642825688799,-23.276791506959317,-24.690536468882108,5.980122076627072,0.21819095787573922,55.0,40.0,14.5,0.0,0.2938917192807253,241.0,0.5,0.4,500.0,127,0.3306162211246354,0.5137614964908281,0.8110236220472441,303.0,304.8976377952756,0.26458177419064616
tp0.5_sl0.4_mh500,B,,159.9561198753005,9.662207495843766,-29.076387614010702,-29.54689628856471,8.217211237588144,0.4381910294727995,124.5,86.5,38.5,0.0,0.2254407787690345,179.75,0.5,0.4,500.0,536,0.3575498146076058,0.5222691264697128,0.8134328358208955,184.0,232.42537313432837,0.37535555429154854
tp0.5_sl0.4_mh750,A,,135.00769290846554,8.389202238090954,-23.27679150695933,-24.690536468882108,7.744212174683325,0.2490898816348116,54.5,40.0,14.0,0.0,0.3833761675855608,241.0,0.5,0.4,750.0,127,0.4214362812747989,0.5222603149216962,0.889763779527559,303.0,337.73228346456693,0.3044732697039883
tp0.5_sl0.4_mh750,B,,151.08787234163447,9.074859304399652,-28.367887645400092,-29.153711655515103,8.088514907702486,0.4779404561815727,121.0,86.5,34.5,0.0,0.23215891280989154,179.0,0.5,0.4,750.0,536,0.3740213465915418,0.5264362280359779,0.8171641791044776,184.0,254.93097014925374,0.35798400059006463
tp0.5_sl0.5_mhNone,A,,142.4748196077655,8.970371499713126,-22.349159041439272,-25.429614182486375,8.540974741260385,0.2514431824013195,55.0,42.0,13.0,0.0,0.4240395759893669,314.0,0.5,0.5,,127,0.466214136491843,0.5285005873086694,0.9291338582677166,335.0,359.0236220472441,0.3168489266955266
tp0.5_sl0.5_mhNone,B,,167.0434608759456,10.110159347776603,-28.874504812912814,-29.227218774764367,9.113395197538406,0.5148281956702045,112.0,81.0,30.5,0.0,0.2707242594541307,215.0,0.5,0.5,,536,0.4284324774916961,0.5305685490197005,0.871268656716418,202.0,307.1455223880597,0.3403517775391726
tp0.5_sl0.5_mh250,A,,97.32747041766078,4.922420667693894,-22.564569802683753,-24.312296407547702,4.478433333621021,0.15703711666646328,58.0,43.0,15.0,0.0,0.14972557695284844,250.0,0.5,0.5,250.0,127,0.16033390163856673,0.11526469674365081,0.6456692913385826,250.0,202.56692913385828,0.19312862255989682
tp0.5_sl0.5_mh250,B,,156.4300951322749,9.432537941732654,-29.027065140002485,-29.442664183478872,8.636267933068467,0.3422754218457778,128.0,84.0,44.0,0.0,0.1699657697978075,227.25,0.5,0.5,250.0,536,0.30119414210524376,0.5011494830959865,0.8059701492537313,202.0,175.73880597014926,0.41818521679362397
tp0.5_sl0.5_mh500,A,,118.34163468292542,6.979807925241987,-22.349159041439282,-25.429614182486375,6.202890993726619,0.2207686100266792,56.0,42.0,13.0,0.0,0.2979344754767933,312.5,0.5,0.5,500.0,127,0.3451690769003262,0.5141143171981366,0.8267716535433071,335.0,316.93700787401576,0.26573499676995127
tp0.5_sl0.5_mh500,B,,157.93312750740327,9.530849430484345,-29.46555149680935,-29.875544113681208,8.3348247378669,0.4517967674478238,120.0,83.0,37.0,0.0,0.22565861430634648,220.5,0.5,0.5,500.0,536,0.38267563574746044,0.5237843558510923,0.8414179104477612,202.0,250.46082089552237,0.3728042365609352
tp0.5_sl0.5_mh750,A,,135.17588217013926,8.40260261456921,-22.349159041439275,-25.429614182486375,7.974154948097315,0.24991133284173928,55.0,42.0,13.0,0.0,0.39258790201347715,314.0,0.5,0.5,750.0,127,0.4462598402062139,0.5259616256391761,0.9212598425196851,335.0,355.5511811023622,0.30624958317595297
tp0.5_sl0.5_mh750,B,,142.0117674515229,8.441265927579344,-28.874504812912814,-29.227218774764367,7.601902777586818,0.502490482921721,114.0,82.0,32.0,0.0,0.23436414892619098,213.0,0.5,0.5,750.0,536,0.4059439107601211,0.5279076484693831,0.8544776119402985,202.0,283.0130597014925,0.3499849594571454
tp0.5_sl0.6_mhNone,A,,149.92419886600686,9.523423744098148,-22.68089545905907,-25.711573100838446,8.963837447809764,0.26152783590134776,54.5,41.0,13.0,0.0,0.48202932665198683,345.5,0.5,0.6,,127,0.4917792845050375,0.5285005873086694,0.952755905511811,361.0,383.2283464566929,0.31311396071999387
tp0.5_sl0.6_mhNone,B,,168.94186651440612,10.227349434713318,-29.06734813235686,-29.5309593775731,9.255249477853402,0.5306508242492995,105.5,78.0,27.5,0.0,0.31026895667304566,266.5,0.5,0.6,,536,0.45093785723918056,0.5318271150140137,0.8936567164179104,205.5,331.26679104477614,0.3321456908473746
tp0.5_sl0.6_mh250,A,,97.91572184950749,4.985274808688988,-22.518209326102784,-24.19891157574603,4.513170560473785,0.1585300738276139,58.0,43.0,15.0,0.0,0.15671075469506365,250.0,0.5,0.6,250.0,127,0.16407625224736536,0.11526469674365081,0.6456692913385826,250.0,206.15748031496062,0.1941942901474814
tp0.5_sl0.6_mh250,B,,151.75261739318756,9.120492466278096,-29.03392891486528,-29.449435640680623,8.144856502967235,0.34382949234992005,125.0,81.0,44.0,0.0,0.16592432386846975,250.0,0.5,0.6,250.0,536,0.3051308235270476,0.5014106071216816,0.8097014925373134,205.5,177.39738805970148,0.4196900628296934
tp0.5_sl0.6_mh500,A,,122.80333017989727,7.373852855994789,-22.680895459059062,-25.711573100838457,6.552863892281294,0.22528569159780212,55.0,41.0,13.0,0.0,0.3375763481645305,340.25,0.5,0.6,500.0,127,0.3627701288700321,0.5144232076253625,0.84251968503937,361.0,329.48818897637796,0.2686466902479282
tp0.5_sl0.6_mh500,B,,157.6775355536114,9.514149758712964,-29.55337250474688,-29.962183570461864,8.30752375084598,0.4536845686057936,117.0,81.0,36.0,0.0,0.23519097245823906,269.5,0.5,0.6,500.0,536,0.3914395652968536,0.523979434598315,0.8488805970149254,205.5,255.80597014925374,0.3733738265635662
tp0.5_sl0.6_mh750,A,,141.22201693559782,8.874810632615793,-22.680895459059062,-25.711573100838454,8.367222350474545,0.2582957342766393,54.5,41.0,13.0,0.0,0.4319972742549881,345.5,0.5,0.6,750.0,127,0.464380442712404,0.5259616256391761,0.937007874015748,361.0,375.84251968503935,0.3014795348774821
tp0.5_sl0.6_mh750,B,,143.81383149441905,8.569888716482188,-28.972735492048884,-29.53392307902407,7.9187073532800145,0.49741598863103853,111.5,81.0,30.0,0.0,0.24704267125632545,265.0,0.5,0.6,750.0,536,0.4196916367143718,0.5283980065821625,0.8675373134328358,205.5,293.05037313432837,0.34944422101577216
tp0.5_slNone_mhNone,A,,152.07622292653375,9.678586900133713,-22.680198168491195,-25.710856610270966,9.099904206554047,0.25895989190256813,54.0,41.0,13.0,0.0,0.5016083383461662,345.5,0.5,,,127,0.5016901419949337,0.5285005873086694,0.9606299212598425,390.0,387.9527559055118,0.3155342829336108
tp0.5_slNone_mhNone,B,,184.59115727209115,11.149736420637568,-28.9727354920489,-29.33924216650876,10.024543571762818,0.5413658985758752,102.0,77.0,25.0,0.0,0.3609801449199329,296.0,0.5,,,536,0.4619119433755444,0.5319067584923485,0.9011194029850746,210.0,355.72574626865674,0.31683541426465345
tp0.5_slNone_mh250,A,,97.91572184950749,4.985274808688988,-22.518209326102784,-24.19891157574603,4.513170560473785,0.1585300738276139,58.0,43.0,15.0,0.0,0.15671075469506365,250.0,0.5,,250.0,127,0.16407625224736536,0.11526469674365081,0.6456692913385826,250.0,206.15748031496062,0.1941942901474814
tp0.5_slNone_mh250,B,,151.4858259542245,9.102432627751933,-29.03392891486528,-29.449435640680623,8.12693095467751,0.34408603014136735,125.0,81.0,44.0,0.0,0.16517559404634374,250.0,0.5,,250.0,536,0.3049563473007968,0.5014106071216816,0.8097014925373134,210.0,177.95149253731344,0.41814399913387645
tp0.5_slNone_mh500,A,,123.84824021808754,7.46426347424477,-22.680198168491184,-25.710856610270977,6.647441780648015,0.22542007196397618,55.0,41.0,13.0,0.0,0.34711415979690907,340.25,0.5,,500.0,127,0.3683950627246621,0.5144232076253625,0.84251968503937,390.0,331.81102362204723,0.2709023778764079
tp0.5_slNone_mh500,B,,153.6591723729854,9.247610742905898,-29.553372504746882,-29.962183570461864,8.352286214751176,0.4570009298664933,117.0,81.0,35.5,0.0,0.23309773730090963,298.5,0.5,,500.0,536,0.39303608953286,0.523979434598315,0.8488805970149254,210.0,259.3600746268657,0.3697593239205677
tp0.5_slNone_mh750,A,,142.2023371678304,8.949421770927746,-22.6801981684912,-25.710856610270966,8.538669287051837,0.2553598691725585,54.0,41.0,13.0,0.0,0.45236214358908755,345.5,0.5,,750.0,127,0.4743635714692836,0.5259616256391761,0.9448818897637795,390.0,380.48818897637796,0.30420053707814576
tp0.5_slNone_mh750,B,,150.7003368508213,9.04895648516243,-28.9727354920489,-29.491735024224496,7.648349703003476,0.5000967682108748,110.0,80.0,30.0,0.0,0.2639948368486542,285.0,0.5,,750.0,536,0.4249178861570736,0.5286593526454956,0.8694029850746269,210.0,301.2630597014925,0.3441509368093704
tp0.6_sl0.2_mhNone,A,,107.53572297823776,5.967162998147768,-21.76309070952587,-23.719535407081274,5.489729355377637,0.23373260003603297,59.0,42.0,18.0,0.0,0.2707275437299973,168.75,0.6,0.2,,127,0.29506888709413936,0.6111110586117037,0.5984251968503937,207.0,267.7165354330709,0.2689292550962703
tp0.6_sl0.2_mhNone,B,,115.52748857955044,6.356571646944631,-27.630566885323205,-30.37134701368631,5.30596158540571,0.465677660501992,142.0,87.0,50.5,5.0,0.12195706081965499,125.0,0.6,0.2,,536,0.2568300835215068,0.6028895568941837,0.5578358208955224,151.0,198.40858208955223,0.3158459161356385
tp0.6_sl0.2_mh250,A,,82.49641939522671,3.2134351661463945,-21.473446984684237,-23.434293177947847,2.568974466536953,0.15605400537732333,61.5,43.0,18.5,0.0,0.10967178065899433,169.5,0.6,0.2,250.0,127,0.11226611671509391,0.039879636693203935,0.5354330708661418,207.0,168.56692913385828,0.1625047844155143
tp0.6_sl0.2_mh250,B,,129.7684275995377,7.525891462138268,-28.424214424411094,-30.499432977197984,6.2962100770226055,0.36254322022557384,152.0,88.0,57.0,8.0,0.11631693841010729,126.0,0.6,0.2,250.0,536,0.2205163817254614,0.1969886386904549,0.621268656716418,151.0,145.2332089552239,0.3704799854529224
tp0.6_sl0.2_mh500,A,,98.35061860438638,5.031454335254571,-21.763054608695754,-23.719500264648477,4.288018607624853,0.21079117120351715,59.0,42.0,18.0,0.0,0.20984657373193158,168.75,0.6,0.2,500.0,127,0.23067998765664688,0.26776433030151203,0.5905511811023622,207.0,244.22834645669292,0.23046430852449215
tp0.6_sl0.2_mh500,B,,115.86520401267079,6.385034013000523,-29.10184442455515,-30.96642630039782,5.3488366242380785,0.451508254844757,147.0,88.0,54.0,6.0,0.1185995010725345,123.5,0.6,0.2,500.0,536,0.2524962868007948,0.5155295022338985,0.5764925373134329,151.0,185.77985074626866,0.33162419784445507
tp0.6_sl0.2_mh750,A,,104.87388325285438,5.703656613002384,-21.763090709525862,-23.719535407081274,5.055310164856282,0.23269498171677733,59.0,42.0,18.0,0.0,0.2530151162368537,168.75,0.6,0.2,750.0,127,0.2857399072368788,0.6104256093780558,0.5984251968503937,207.0,266.8582677165354,0.2612642956966864
tp0.6_sl0.2_mh750,B,,117.71191767705623,6.5441390384412434,-27.630566885323205,-29.02611167428147,5.744670778601386,0.4592776409252807,144.0,87.0,51.0,6.0,0.1256753092526028,125.0,0.6,0.2,750.0,536,0.255059840870064,0.6025438859498381,0.5615671641791045,151.0,194.28544776119404,0.3203255925209143
tp0.6_sl0.3_mhNone,A,,137.43317148299985,8.581090662954905,-24.195007055211715,-26.36041711994668,7.725407127505631,0.25136363772130454,55.0,39.0,15.0,0.0,0.3588834064534637,219.5,0.6,0.3,,127,0.43508158353371623,0.6206369939829814,0.7874015748031497,323.0,338.33858267716533,0.31376825410279036
tp0.6_sl0.3_mhNone,B,,129.13711034729187,7.476561823133487,-29.40630443498681,-30.32922736253652,6.142653284014985,0.5154105254003915,122.0,84.0,38.0,0.0,0.16495999169537673,166.5,0.6,0.3,,536,0.34400422389412705,0.6159625489452105,0.6884328358208955,194.0,271.00373134328356,0.3097264757725531
tp0.6_sl0.3_mh250,A,,100.33093259186751,5.239474675613609,-23.878992132815966,-26.408193193007268,4.82483240676171,0.16231692098998296,58.0,42.0,16.0,0.0,0.1534010763463653,221.0,0.6,0.3,250.0,127,0.1599380243853267,0.10081250438104417,0.6220472440944882,250.0,194.28346456692913,0.20086566830074185
tp0.6_sl0.3_mh250,B,,143.12108573025438,8.521030648020977,-29.030622053024018,-30.19085289790698,7.836847895258489,0.36899910878652664,137.0,86.0,51.0,0.0,0.1427234996099666,183.0,0.6,0.3,250.0,536,0.26374875085010147,0.2491814590269188,0.7257462686567164,194.0,173.03731343283582,0.37191224210958373
tp0.6_sl0.3_mh500,A,,122.97920411082485,7.38853390655626,-24.191664226297544,-26.357076198861407,6.459591582917971,0.22362501217706254,55.0,39.0,15.0,0.0,0.28639440269280425,219.5,0.6,0.3,500.0,127,0.3234673466800143,0.6028503235753018,0.7480314960629921,323.0,302.73228346456693,0.2607123088646782
tp0.6_sl0.3_mh500,B,,139.02149605232918,8.224800474180737,-29.576341294936093,-30.5472453411546,7.59860761829901,0.47286997179762547,128.0,84.0,44.0,0.0,0.16031352690055814,170.75,0.6,0.3,500.0,536,0.3249944146217647,0.6082789978992379,0.7089552238805971,194.0,238.07089552238807,0.3330883306575935
tp0.6_sl0.3_mh750,A,,132.11371061151567,8.156158750808885,-24.19477097988893,-26.360181184133275,7.4705826238536055,0.24986854559932953,55.0,39.0,15.0,0.0,0.343005180761002,219.5,0.6,0.3,750.0,127,0.4233627495412195,0.6187388051642404,0.7874015748031497,323.0,337.1968503937008,0.30635075851819793
tp0.6_sl0.3_mh750,B,,126.33604884480708,7.253772762179755,-29.406304434986808,-30.32922777160189,5.755999509185941,0.5023483105848214,123.0,84.0,40.0,0.0,0.16433271188301257,167.0,0.6,0.3,750.0,536,0.3377908938238543,0.6147921779447105,0.6884328358208955,194.0,258.81716417910445,0.31845251977177286
tp0.6_sl0.4_mhNone,A,,146.15678272104094,9.246890305707689,-22.614420163680286,-24.23874883413281,8.902856398043427,0.2639272798138746,52.5,39.0,14.0,0.0,0.4735173894054348,271.0,0.6,0.4,,127,0.5177686038406025,0.6245799712355118,0.8818897637795275,373.0,384.90551181102364,0.32822481222127503
tp0.6_sl0.4_mhNone,B,,140.90617754399736,8.36196705915656,-30.95483946206567,-31.584680380789713,6.850567876217413,0.5410740324379149,110.0,79.0,30.0,0.0,0.22211596854188667,287.5,0.6,0.4,,536,0.4330774385276143,0.6263940297894713,0.792910447761194,251.0,334.4160447761194,0.31598631899220353
tp0.6_sl0.4_mh250,A,,101.61912087977618,5.373123892146459,-22.194101974923015,-23.684344388821774,5.043609084501335,0.1655005156019841,58.0,43.0,15.0,0.0,0.1825028954913395,250.0,0.6,0.4,250.0,127,0.1749533738742567,0.10594736211782108,0.6377952755905512,250.0,207.45669291338584,0.20577125098172339
tp0.6_sl0.4_mh250,B,,142.9580947069141,8.509387314750827,-30.30346896428795,-30.8441640549927,7.896362157727846,0.36749592122888436,128.0,82.0,45.0,0.0,0.1479048785936442,250.0,0.6,0.4,250.0,536,0.298775789599054,0.28521262213360543,0.7779850746268657,250.0,187.07835820895522,0.3896831967102407
tp0.6_sl0.4_mh500,A,,122.70270028579186,7.364203403423764,-23.053360718644623,-24.37421781324553,6.594851796755577,0.2266246909572639,53.0,40.0,14.0,0.0,0.3226630615805288,271.0,0.6,0.4,500.0,127,0.3645320308494935,0.6050872402497942,0.8110236220472441,373.0,333.0314960629921,0.2670792900334343
tp0.6_sl0.4_mh500,B,,145.16642947010996,8.665997061845243,-30.929948731553342,-31.566601145974467,7.7110322205163975,0.4879067430933798,118.0,82.0,37.0,0.0,0.20633124223256014,302.0,0.6,0.4,500.0,536,0.3881229560806577,0.6146905975035569,0.789179104477612,251.0,271.00373134328356,0.3494490677832046
tp0.6_sl0.4_mh750,A,,141.54605391002517,8.899445441756482,-23.056493187128456,-24.379106369333275,8.356321749852217,0.25936916267075394,53.0,40.0,14.0,0.0,0.4323431788637587,271.0,0.6,0.4,750.0,127,0.48888617872631374,0.6235742195876779,0.8740157480314961,373.0,377.0866141732283,0.3163417186546463
tp0.6_sl0.4_mh750,B,,132.6214696813134,7.746079487696234,-30.95483946206567,-31.584680380789713,5.9597553103204355,0.515719668740279,112.0,79.5,31.5,0.0,0.2115811994680924,292.0,0.6,0.4,750.0,536,0.40894615088075403,0.622500230059318,0.7761194029850746,251.0,303.32089552238807,0.3289679751309419
tp0.6_sl0.5_mhNone,A,,154.3564320880672,9.840833817949978,-23.39132105889466,-25.068903995811876,9.165361085123457,0.2680854013172598,49.0,36.0,14.0,0.0,0.495979225121035,330.0,0.6,0.5,,127,0.5454500940611369,0.6261475913310253,0.9133858267716536,419.0,406.8267716535433,0.32714126066476684
tp0.6_sl0.5_mhNone,B,,137.094937221604,8.08281240827835,-30.859180399367315,-31.734009931586893,7.082886757479353,0.5661425316634515,101.0,75.5,25.0,0.0,0.2462033896319638,319.0,0.6,0.5,,536,0.477646730577669,0.6297498269921198,0.8395522388059702,271.0,376.3899253731343,0.309641131189719
tp0.6_sl0.5_mh250,A,,101.61598328176807,5.372807729356288,-22.337188047652884,-24.195516646861343,5.062758200403008,0.16707073862071534,58.0,43.0,15.0,0.0,0.18351643704118126,250.0,0.6,0.5,250.0,127,0.17558962055659116,0.10594736211782108,0.6377952755905512,250.0,210.76377952755905,0.2032790810254286
tp0.6_sl0.5_mh250,B,,146.24358133275845,8.741594352244809,-30.78502919886344,-31.698523672847646,8.366734235946458,0.35556653369166286,123.0,80.0,43.0,0.0,0.15863919674165405,250.0,0.6,0.5,250.0,536,0.31301301504873763,0.2920143139354612,0.7910447761194029,250.0,194.09888059701493,0.39348591520453396
tp0.6_sl0.5_mh500,A,,124.39103326848345,7.510976230692689,-23.634152822730982,-25.312225706518998,6.5023262272726745,0.22875509713989134,50.0,37.0,14.0,0.0,0.3278587987072429,336.0,0.6,0.5,500.0,127,0.379912363931383,0.6075129057829509,0.8267716535433071,419.0,345.53543307086613,0.2682752850421734
tp0.6_sl0.5_mh500,B,,141.54635847958545,8.407558309287634,-31.044492211675557,-31.948753069378434,7.57744066060467,0.48930371761864155,110.5,76.0,35.0,0.0,0.20560314643492716,326.5,0.6,0.5,500.0,536,0.41577106660912183,0.6156279123303472,0.8190298507462687,271.0,290.3115671641791,0.3494457394295076
tp0.6_sl0.5_mh750,A,,146.22986212368096,9.25124615717927,-23.640755050377727,-25.32022621930517,8.42098324388113,0.26585321864823863,50.0,37.0,14.0,0.0,0.4374363972203926,336.0,0.6,0.5,750.0,127,0.5086707690914513,0.6238929491959813,0.8976377952755905,419.0,396.54330708661416,0.3129939793214172
tp0.6_sl0.5_mh750,B,,124.82317185850228,7.133014203000787,-30.863436482654087,-31.734009931586893,5.527462481699581,0.5385410048218877,105.0,76.5,28.5,0.0,0.21452370099569507,320.0,0.6,0.5,750.0,536,0.44529506333492286,0.6246120985069699,0.8171641791044776,271.0,334.0186567164179,0.325287205576564
tp0.6_sl0.6_mhNone,A,,158.59978347828294,10.137134457818853,-23.221991455463503,-24.921524144398155,9.56136054123061,0.2744220250673514,47.5,34.5,14.0,0.0,0.5687798895642673,414.5,0.6,0.6,,127,0.5734827216827755,0.627369385589682,0.937007874015748,433.0,434.81102362204723,0.32181747124293014
tp0.6_sl0.6_mhNone,B,,145.14102633047762,8.664022149224493,-31.104865995503715,-31.836033156454352,8.060466468140417,0.5704802861483552,94.5,73.0,22.0,0.0,0.30755360891092687,365.0,0.6,0.6,,536,0.5006177859728695,0.6318482710706541,0.8600746268656716,283.5,405.30410447761193,0.30138046574884236
tp0.6_sl0.6_mh250,A,,101.76981794137957,5.388655265658803,-22.147027614220317,-24.082186656641348,5.095315873093538,0.16775327044861457,57.0,42.0,15.0,0.0,0.1874298051217417,250.0,0.6,0.6,250.0,127,0.17933197116538982,0.10594736211782108,0.6377952755905512,250.0,214.35433070866142,0.204133972099809
tp0.6_sl0.6_mh250,B,,139.56914778618562,8.264772875332671,-30.791859248590548,-31.70512891765005,7.824755900155811,0.35767658171700345,121.0,78.0,43.0,0.0,0.1499024266526956,250.0,0.6,0.6,250.0,536,0.31621688060472597,0.29309941997282474,0.7947761194029851,250.0,195.92910447761193,0.3938001915196298
tp0.6_sl0.6_mh500,A,,124.60286792066425,7.529147131913416,-23.88963666753976,-25.59412863662568,6.716220787548263,0.22769952545356154,48.5,35.5,14.0,0.0,0.3580097518601423,419.0,0.6,0.6,500.0,127,0.39551359870422154,0.6075129057829509,0.84251968503937,433.0,359.6692913385827,0.26831681327217516
tp0.6_sl0.6_mh500,B,,140.48413723892457,8.331075563177038,-31.132205255892586,-32.03358028678074,7.68631156592755,0.4892336705770737,108.0,75.0,33.0,0.0,0.21464061366408016,401.5,0.6,0.6,500.0,536,0.4238295664581259,0.6162948881145848,0.8246268656716418,283.5,296.1380597014925,0.34921014313399823
tp0.6_sl0.6_mh750,A,,147.30944419747797,9.332008708282313,-23.897154731193805,-25.60292570779798,8.589846628533671,0.2692106974853107,48.5,35.5,14.0,0.0,0.4648884634111218,419.0,0.6,0.6,750.0,127,0.5249548258551575,0.6238929491959813,0.9133858267716536,433.0,420.4251968503937,0.3046653208899805
tp0.6_sl0.6_mh750,B,,124.24286176323128,7.08587437572612,-31.104865995503705,-31.83603315645433,5.564294798376805,0.5310157487948408,101.0,75.0,27.0,0.0,0.22912719908114165,395.0,0.6,0.6,750.0,536,0.45889819284869565,0.6252456241105631,0.8283582089552238,283.5,344.9160447761194,0.3246330831833607
tp0.6_slNone_mhNone,A,,159.95051583078484,10.229953866194597,-23.221281598500603,-24.92080689612118,9.662582129125168,0.2718855877041638,47.0,34.0,14.0,0.0,0.5984361075246443,419.5,0.6,,,127,0.5848549569111196,0.6277173913043479,0.9448818897637795,443.0,439.5826771653543,0.3246365630387048
tp0.6_slNone_mhNone,B,,158.5625163949613,9.57171177932673,-31.168877702151022,-32.00428974721262,8.741302444176394,0.5877751198829498,90.0,71.0,20.0,0.0,0.3759880992043806,477.5,0.6,,,536,0.5150118458810103,0.6328300475329417,0.8694029850746269,288.5,435.69029850746267,0.28842251210423525
tp0.6_slNone_mh250,A,,101.76981794137957,5.388655265658803,-22.147027614220317,-24.082186656641348,5.095315873093538,0.16775327044861457,57.0,42.0,15.0,0.0,0.1874298051217417,250.0,0.6,,250.0,127,0.17933197116538982,0.10594736211782108,0.6377952755905512,250.0,214.35433070866142,0.204133972099809
tp0.6_slNone_mh250,B,,139.3345730917666,8.247643323292486,-30.791859248590548,-31.70512891765005,7.807390556217723,0.3579328948365427,121.0,78.0,43.0,0.0,0.14911977371740565,250.0,0.6,,250.0,536,0.31604240437847514,0.29309941997282474,0.7947761194029851,250.0,196.4832089552239,0.3924729603022788
tp0.6_slNone_mh500,A,,126.93700938854529,7.727566836194311,-23.888927556233174,-25.593412146058203,6.834789593876611,0.22967134741528694,48.0,35.0,14.0,0.0,0.3731925253230185,420.0,0.6,,500.0,127,0.40113853255885157,0.6075129057829509,0.84251968503937,443.0,361.99212598425197,0.2703865496472645
tp0.6_slNone_mh500,B,,141.0009272562126,8.368818822321023,-31.132205255892586,-32.03358028678074,7.626719414328717,0.4865607365120548,106.0,73.0,33.0,0.0,0.2121567003437425,478.0,0.6,,500.0,536,0.42589444561241396,0.6162948881145848,0.8246268656716418,288.5,300.01119402985074,0.3463812244255435
tp0.6_slNone_mh750,A,,149.3169382978874,9.478814792241364,-23.896442606877677,-25.60220618300089,8.699893690345117,0.26817079839632474,47.5,34.5,14.0,0.0,0.4902532536605566,426.0,0.6,,750.0,127,0.5363993323504849,0.6241317651701987,0.9212598425196851,443.0,425.11811023622045,0.3078707633057386
tp0.6_slNone_mh750,B,,129.5053299475804,7.502341315385841,-31.168877702151025,-32.004289747212596,6.174898496654013,0.5309601875966556,99.0,73.0,26.0,0.0,0.2501658307476369,473.25,0.6,,750.0,536,0.46458638862181795,0.6252456241105631,0.8302238805970149,288.5,354.3824626865672,0.31987778956201846
tp0.8_sl0.2_mhNone,A,,120.83588375759712,7.201749701062454,-23.37712263983666,-25.11366283572159,6.836790352884606,0.24443451173627667,56.0,41.0,16.0,0.0,0.37326007881458206,200.0,0.8,0.2,,127,0.41760647952675184,0.8070652173913044,0.5984251968503937,214.0,303.496062992126,0.3357407012135478
tp0.8_sl0.2_mhNone,B,,118.70994793903917,6.6285855161147715,-27.639962239467213,-30.21608752532699,5.734558829218404,0.5144762895693245,133.0,85.0,47.0,2.0,0.1598673636110612,153.5,0.8,0.2,,536,0.33349748528845113,0.1235569718775017,0.5317164179104478,179.5,245.00932835820896,0.33212362547850593
tp0.8_sl0.2_mh250,A,,84.93612110643124,3.5126746107151274,-23.185961583816994,-24.863606413261177,2.9588407788981663,0.15618943883851005,60.0,43.0,17.0,0.0,0.13621252512094398,203.75,0.8,0.2,250.0,127,0.1355370240837714,0.039879636693203935,0.5354330708661418,214.0,178.60629921259843,0.18516163216099762
tp0.8_sl0.2_mh250,B,,134.76114388592802,7.908322166999426,-28.495143276224805,-30.571222772793238,7.141435515463621,0.3841135141697182,151.0,88.0,56.0,7.0,0.1322161399014588,155.0,0.8,0.2,250.0,536,0.2516952586851805,0.1671241951443927,0.6138059701492538,179.5,163.1417910447761,0.3764433547399781
tp0.8_sl0.2_mh500,A,,105.09241363059715,5.724787898399919,-23.377072770295676,-25.113606356152214,4.8439345392040885,0.21328671182216402,56.0,41.0,16.0,0.0,0.2871752254514627,200.0,0.8,0.2,500.0,127,0.30131055996850353,0.26763032085769334,0.5905511811023622,214.0,266.59842519685037,0.2757697333659397
tp0.8_sl0.2_mh500,B,,116.13289468655924,6.408874422935851,-29.010334789197543,-30.87669846253992,5.67613534746974,0.4905712353510161,142.0,86.0,53.0,4.0,0.13785565528127028,153.5,0.8,0.2,500.0,536,0.3208595498805421,0.22615299329102578,0.5559701492537313,179.5,223.27238805970148,0.3506467183479855
tp0.8_sl0.2_mh750,A,,113.36562692747042,6.524348689933268,-23.37712263983666,-25.11366283572159,6.042507549482258,0.24174527390088257,56.0,41.0,16.0,0.0,0.34196285459256276,200.0,0.8,0.2,750.0,127,0.39440572951042374,0.8047327727498033,0.5984251968503937,214.0,301.1496062992126,0.3195587707490721
tp0.8_sl0.2_mh750,B,,118.13838517197073,6.580093002992815,-27.70114372727827,-30.65458947941621,5.4341944129171775,0.5051547353844594,136.0,85.0,48.0,3.0,0.15333449062987836,155.0,0.8,0.2,750.0,536,0.3267050739590147,0.1109525404663173,0.5373134328358209,179.5,238.63246268656715,0.33405362015101425
tp0.8_sl0.3_mhNone,A,,156.40514146214048,9.984596509698873,-24.94848072073661,-26.436452556483736,9.248120175423196,0.2753796607247888,54.0,40.0,14.0,0.0,0.4922898845006555,247.0,0.8,0.3,,127,0.5957695597588997,0.8194369720065808,0.7874015748031497,355.0,386.4488188976378,0.37616306603249416
tp0.8_sl0.3_mhNone,B,,136.614321825569,8.046184667421208,-29.809893989480337,-32.48399795674753,6.665199210060916,0.5559372575415916,116.0,81.0,35.0,0.0,0.21679225683704217,242.0,0.8,0.3,,536,0.43711179112599585,0.8134314994936762,0.6623134328358209,265.0,334.8488805970149,0.3185176454661673
tp0.8_sl0.3_mh250,A,,106.57006904819426,5.872247938623721,-25.016414204548994,-26.90124025002374,5.44924628466527,0.16395304987184395,55.0,40.0,15.0,0.0,0.2037882431844195,250.0,0.8,0.3,250.0,127,0.19135582515193134,0.09912898049148344,0.6220472440944882,250.0,205.30708661417322,0.22741943352796073
tp0.8_sl0.3_mh250,B,,143.00030388717587,8.512221952075706,-29.030622053024047,-30.19085289790695,7.881394355000282,0.3874840282666015,133.0,83.0,50.0,0.0,0.15055851792084746,250.0,0.8,0.3,250.0,536,0.29558626825136247,0.23316310140133545,0.7201492537313433,250.0,191.8712686567164,0.37589290964855354
tp0.8_sl0.3_mh500,A,,133.56903412188294,8.273824860661316,-25.723702030461915,-27.645021708880247,7.386915261657253,0.23497888537662664,53.0,39.0,14.0,0.0,0.3657184766778193,247.0,0.8,0.3,500.0,127,0.40720636676521427,0.4658824257801235,0.7480314960629921,355.0,329.45669291338584,0.301582440508603
tp0.8_sl0.3_mh500,B,,145.79100571464986,8.709648160012762,-29.576168255071593,-30.547075813781937,7.632319798846483,0.5124488785155967,124.0,82.0,42.0,0.0,0.18850520470399174,257.0,0.8,0.3,500.0,536,0.40218515114375886,0.800694898045224,0.6902985074626866,265.0,280.99626865671644,0.3492330248661171
tp0.8_sl0.3_mh750,A,,144.35703449522458,9.112511886322416,-25.714010716202285,-27.633568753902605,8.349173237289797,0.2777850004332576,53.0,39.0,14.0,0.0,0.44251303794878244,247.0,0.8,0.3,750.0,127,0.5615439708982334,0.8171818249537814,0.7874015748031497,355.0,380.9133858267717,0.35970573363226516
tp0.8_sl0.3_mh750,B,,131.58088174751484,7.666265590986143,-29.701357202301676,-30.855159978058484,6.431476703260107,0.5424375789138753,118.0,81.0,36.0,0.0,0.2055098707983308,249.5,0.8,0.3,750.0,536,0.4188865801885122,0.8086332731784164,0.6585820895522388,265.0,312.61380597014926,0.3269475743363574
tp0.8_sl0.4_mhNone,A,,168.41282887296063,10.795905124998328,-24.54931300851345,-26.406986824226287,10.507648617792764,0.2895695429267303,48.0,35.0,13.0,0.0,0.6068622766469293,302.75,0.8,0.4,,127,0.6972804646909746,0.8249513175622236,0.8818897637795275,453.0,435.31496062992125,0.3908352544061485
tp0.8_sl0.4_mhNone,B,,131.90664273217706,7.690217525933873,-31.190318490920383,-33.36905846016375,6.514719838787897,0.5930429934842374,101.0,76.0,24.5,0.0,0.26807955472143324,318.5,0.8,0.4,,536,0.5308990144827082,0.8209317406629852,0.7611940298507462,342.5,418.90485074626866,0.30923337197697665
tp0.8_sl0.4_mh250,A,,109.08499377037198,6.117769492389058,-23.091755464963406,-24.939054668381782,5.652229497315362,0.16598291524835823,55.0,41.0,14.0,0.0,0.2219701909015698,250.0,0.8,0.4,250.0,127,0.20694351032725886,0.10487696523713486,0.6377952755905512,250.0,218.51181102362204,0.23108232128647965
tp0.8_sl0.4_mh250,B,,149.8544239365638,8.991180835369594,-30.303468964287955,-30.844164054992735,8.484370580792799,0.3846406828332113,127.0,82.0,44.0,0.0,0.16977304425431425,250.0,0.8,0.4,250.0,536,0.32987319600638365,0.24850424066372534,0.7723880597014925,250.0,206.419776119403,0.38992901425781473
tp0.8_sl0.4_mh500,A,,135.3569027434843,8.417022176516243,-23.899742794940725,-25.654987436552616,7.168995831101613,0.24077131491858658,51.0,38.0,13.0,0.0,0.4125136670290394,340.25,0.8,0.4,500.0,127,0.4535855913302674,0.6797947757447254,0.8110236220472441,453.0,360.2992125984252,0.30717492687928505
tp0.8_sl0.4_mh500,B,,143.33673560196144,8.536263327687166,-30.929759092767505,-31.56640880789286,7.596040792096499,0.5177769677836249,113.0,77.5,35.0,0.0,0.21279801513945487,325.0,0.8,0.4,500.0,536,0.4653450242336424,0.8059051816176827,0.7667910447761194,342.5,318.6511194029851,0.3563275915231104
tp0.8_sl0.4_mh750,A,,158.51827529200528,10.131338446664163,-23.88756820630185,-25.636644626900416,9.44826099703104,0.2865574336397894,51.0,38.0,13.0,0.0,0.5405302602495989,340.25,0.8,0.4,750.0,127,0.6396480336833725,0.8189964843721826,0.8740157480314961,453.0,421.8582677165354,0.36996814371696934
tp0.8_sl0.4_mh750,B,,131.4823163442292,7.658513100428932,-31.056116975253385,-32.11281623182228,6.123161355062161,0.5538414597804632,108.0,78.5,30.0,0.0,0.23631602577581945,318.5,0.8,0.4,750.0,536,0.49094714289688135,0.8154413666571909,0.7388059701492538,342.5,366.13432835820896,0.3271780152492037
tp0.8_sl0.5_mhNone,A,,184.25617947169667,11.789859326224072,-24.730628992468795,-27.05079596689336,11.066003222619143,0.29558918558374236,51.0,38.0,13.0,0.0,0.6564197326459128,397.0,0.8,0.5,,127,0.7326496671301236,0.8284504129245163,0.9133858267716536,463.0,458.4488188976378,0.3899377889326945
tp0.8_sl0.5_mhNone,B,,128.58991939821402,7.433656200482908,-31.130220469230757,-32.06142665692044,6.3745959372850285,0.6130422938211761,91.5,70.0,21.0,0.0,0.31065351542991193,353.5,0.8,0.5,,536,0.5857624885113342,0.8264300403286129,0.8097014925373134,367.0,472.80223880597015,0.30229562270626203
tp0.8_sl0.5_mh250,A,,108.74027599552711,6.084367970863225,-23.39252632705881,-25.51024979078879,5.650270685193433,0.16800383451485018,55.0,41.0,14.0,0.0,0.22079446717117981,250.0,0.8,0.5,250.0,127,0.20757975700959333,0.10487696523713486,0.6377952755905512,250.0,221.8188976377953,0.22833699585436362
tp0.8_sl0.5_mh250,B,,154.36720904705072,9.295965033552523,-30.78502919886345,-31.698523672847656,8.91760602543739,0.37910928318515613,122.0,79.0,43.0,0.0,0.17910571878862253,250.0,0.8,0.5,250.0,536,0.34442642798856293,0.26162225571891673,0.7854477611940298,250.0,213.51305970149255,0.3936061267011195
tp0.8_sl0.5_mh500,A,,138.57331120559013,8.670062179836325,-24.3290992374736,-26.43962113659076,7.546613931748573,0.24417293894307343,50.0,37.0,13.0,0.0,0.4423947603759259,380.0,0.8,0.5,500.0,127,0.46910868015735635,0.7077411508242464,0.8267716535433071,463.0,373.7165354330709,0.3062816522842729
tp0.8_sl0.5_mh500,B,,146.75823446947152,8.777528470221174,-31.044283522401013,-31.948553829810827,7.165676806224856,0.5055774900084178,107.5,76.0,33.0,0.0,0.22843894123751338,363.0,0.8,0.5,500.0,536,0.494398875315282,0.8072449155248999,0.7985074626865671,367.0,339.36380597014926,0.35546903781347805
tp0.8_sl0.5_mh750,A,,164.01548670913664,10.505040003997157,-24.608304429012446,-26.69329838859259,9.580317847689264,0.28927226298047815,50.0,37.0,13.0,0.0,0.5559944631371876,380.0,0.8,0.5,750.0,127,0.6633252030655691,0.8194369720065808,0.8976377952755905,463.0,442.251968503937,0.3659708968521143
tp0.8_sl0.5_mh750,B,,125.25687849949102,7.166053911481052,-31.0000974213153,-31.96273011419591,5.269868477587171,0.5612321816365966,100.5,73.0,27.0,0.0,0.24451417851470963,367.0,0.8,0.5,750.0,536,0.5312962331041639,0.8184994622795557,0.7798507462686567,367.0,400.61380597014926,0.3235941421526434
tp0.8_sl0.6_mhNone,A,,188.2691714630154,12.029368101829096,-24.806504266401557,-27.080038365114735,11.305272879387447,0.30327472262692456,48.0,35.0,13.0,0.0,0.7307930845797551,454.0,0.8,0.6,,127,0.7656463104949657,0.8286713889673569,0.937007874015748,512.0,494.54330708661416,0.3777580185268839
tp0.8_sl0.6_mhNone,B,,143.22252452771775,8.528281665491743,-31.369113322407944,-33.40605564021411,7.808353895096298,0.6182183790697897,87.0,68.0,18.0,0.0,0.40978356064604793,480.75,0.8,0.6,,536,0.6178326064882547,0.8302455394966834,0.8339552238805971,380.5,505.375,0.2982956339018237
tp0.8_sl0.6_mh250,A,,108.90515602031164,6.100424462788013,-23.15822655908482,-25.270351479839054,5.636419413825862,0.1685607440273384,54.0,40.0,14.0,0.0,0.22744171333054702,250.0,0.8,0.6,250.0,127,0.21132210761839199,0.10487696523713486,0.6377952755905512,250.0,225.40944881889763,0.22875081115306284
tp0.8_sl0.6_mh250,B,,147.25395068481055,8.812030566485996,-30.79185924859056,-31.70512891765007,8.341192382834066,0.374457735447708,120.0,78.0,42.0,0.0,0.17018701441250222,250.0,0.8,0.6,250.0,536,0.3474448856025507,0.26336922868913815,0.789179104477612,250.0,215.42164179104478,0.39353776798922624
tp0.8_sl0.6_mh500,A,,140.40254825366773,8.81161503808725,-24.450968013224134,-26.553979791749626,7.617155186583117,0.24780572746178614,48.0,35.0,13.0,0.0,0.4733586826268763,458.5,0.8,0.6,500.0,127,0.4847099149301949,0.7077411508242464,0.84251968503937,500.0,387.8503937007874,0.30493515325449944
tp0.8_sl0.6_mh500,B,,143.72934746172461,8.56436235963386,-31.131995885319157,-32.033380383975555,7.456237407037161,0.5089302827832606,106.0,74.0,32.0,0.0,0.23571099496429446,494.75,0.8,0.6,500.0,536,0.5041166569939683,0.8077497903871358,0.8041044776119403,380.5,345.6026119402985,0.3559130054485144
tp0.8_sl0.6_mh750,A,,165.05868026230073,10.574656433528695,-24.409595110247473,-26.512006454039387,9.623786060816206,0.29851979792515354,48.0,35.0,13.0,0.0,0.5786868199715671,458.5,0.8,0.6,750.0,127,0.6777621430613388,0.8194369720065808,0.9133858267716536,512.0,467.61417322834643,0.3536547272834924
tp0.8_sl0.6_mh750,B,,122.54065255236048,6.94779557015297,-31.369113322407948,-32.32839047587828,5.90425689644386,0.5546600969939706,96.5,71.5,25.5,0.0,0.26315138354653467,497.5,0.8,0.6,750.0,536,0.54760436673064,0.8201894573192953,0.7910447761194029,380.5,412.87126865671644,0.3236250028174552
tp0.8_slNone_mhNone,A,,184.49490969167897,11.804236554357683,-24.80581707412371,-27.079321720808146,11.383961488496464,0.2979849949473038,47.0,35.0,12.0,0.0,0.7601430860205571,463.0,0.8,,,127,0.7780653784767856,0.8286713889673569,0.9448818897637795,518.0,499.40944881889766,0.38014489472981683
tp0.8_slNone_mhNone,B,,155.20355035445337,9.351512595510636,-31.166820782399274,-31.83418049455298,8.866286893505785,0.6287115768731439,82.0,66.0,17.0,0.0,0.4819797097689852,608.75,0.8,,,536,0.636993044647052,0.830596570929785,0.8451492537313433,390.5,536.6231343283582,0.2896377232942323
tp0.8_slNone_mh250,A,,108.90515602031164,6.100424462788013,-23.15822655908482,-25.270351479839054,5.636419413825862,0.1685607440273384,54.0,40.0,14.0,0.0,0.22744171333054702,250.0,0.8,,250.0,127,0.21132210761839199,0.10487696523713486,0.6377952755905512,250.0,225.40944881889763,0.22875081115306284
tp0.8_slNone_mh250,B,,144.86492485711648,8.644741607850737,-30.79185924859056,-31.70512891765007,8.178760732619194,0.3743842241305667,119.0,77.0,42.0,0.0,0.16400505201215512,250.0,0.8,,250.0,536,0.348400241135571,0.26336922868913815,0.789179104477612,250.0,216.28171641791045,0.39305060198810043
tp0.8_slNone_mh500,A,,141.56524995651782,8.900796179498805,-24.450253713089552,-26.553263301182156,7.841391964183328,0.2479007458567158,48.0,35.0,13.0,0.0,0.4838807614484555,469.5,0.8,,500.0,127,0.4903348487848249,0.7077411508242464,0.84251968503937,500.0,390.1732283464567,0.3066373969596415
tp0.8_slNone_mh500,B,,141.18233545589317,8.381643318947763,-31.131995885319157,-32.033380383975555,7.596746864190165,0.5063615767801098,106.0,75.0,31.0,0.0,0.23922144516752586,500.0,0.8,,500.0,536,0.5090527248978498,0.8078460365411511,0.8059701492537313,390.5,350.1865671641791,0.35469340209398176
tp0.8_slNone_mh750,A,,168.02794086734588,10.770664384611251,-24.408895456728487,-26.511304655398693,9.828932442936168,0.2977503317244463,48.0,35.0,13.0,0.0,0.6110460437264024,469.5,0.8,,750.0,127,0.6902534823101422,0.8200060213967699,0.9212598425196851,518.0,472.40157480314963,0.35652262538255997
tp0.8_slNone_mh750,B,,134.09589547140348,7.857907857132962,-31.227385162415,-33.090075141682256,6.696351823305173,0.5436022544717822,95.5,71.0,25.0,0.0,0.29020954080441835,551.5,0.8,,750.0,536,0.5565815293451377,0.8204393847777177,0.7947761194029851,390.5,423.09514925373134,0.3209819195510805
tp1.0_sl0.2_mhNone,A,,133.15671333197966,8.24067194614566,-23.377121243705908,-25.113661254489138,7.945183618660619,0.2558298326404358,56.0,41.0,16.0,0.0,0.4622982010062683,205.0,1.0,0.2,,127,0.525884534608545,1.0036439041393388,0.5984251968503937,267.0,339.1732283464567,0.3783194418676632
tp1.0_sl0.2_mhNone,B,,120.84115384515859,6.807334058257686,-27.646841750258034,-29.49456974461765,6.149966799449865,0.550456744855041,129.0,85.0,45.0,1.5,0.20106832528848578,155.0,1.0,0.2,,536,0.3845676025449809,0.07201695941853425,0.5149253731343284,230.0,281.5615671641791,0.33326457146141775
tp1.0_sl0.2_mh250,A,,85.77881198076633,3.614237875302173,-23.18596158381699,-24.86360641326117,3.042951710536297,0.15936691332948166,60.0,43.0,17.0,0.0,0.1368152691444937,205.0,1.0,0.2,250.0,127,0.13220982327709532,0.039879636693203935,0.5354330708661418,250.0,184.39370078740157,0.17494739105434412
tp1.0_sl0.2_mh250,B,,136.52917058547163,8.040342860964966,-28.495143276224816,-30.571222772793238,6.8155491154770775,0.3953907410058295,149.0,87.0,55.0,7.0,0.14308222249810976,167.5,1.0,0.2,250.0,536,0.2639441132192016,0.16189754466555717,0.6119402985074627,230.0,171.9365671641791,0.37457048659107256
tp1.0_sl0.2_mh500,A,,109.59635671534694,6.167066648768637,-23.377072770295644,-25.11360635615223,5.259253002726581,0.2203554179568124,56.0,41.0,16.0,0.0,0.3163006326939891,205.0,1.0,0.2,500.0,127,0.33155389109510436,0.25631534636678643,0.5905511811023622,267.0,289.21259842519686,0.27972207942431515
tp1.0_sl0.2_mh500,B,,128.6414597134971,7.437682137486556,-28.81683099597887,-30.86954052773958,7.011519296727997,0.5168095988999318,142.0,86.0,52.0,4.0,0.17589392866705544,155.0,1.0,0.2,500.0,536,0.370923472462108,0.14806566973267077,0.5466417910447762,230.0,248.36567164179104,0.3644035292094914
tp1.0_sl0.2_mh750,A,,123.94167808904666,7.47228750176715,-23.3771212437059,-25.113661254489138,6.964290535648984,0.2528046013395735,56.0,41.0,16.0,0.0,0.4142305798669953,205.0,1.0,0.2,750.0,127,0.48586423305905746,0.9639466083105594,0.5984251968503937,267.0,335.84251968503935,0.3529954246936621
tp1.0_sl0.2_mh750,B,,120.09652050633859,6.745278551535572,-27.741571911556168,-29.501690309317645,5.765225978414897,0.5369088894084699,133.0,85.0,46.0,3.0,0.1801506691583496,155.0,1.0,0.2,750.0,536,0.37492009062218606,0.08047882941458218,0.5242537313432836,230.0,270.83768656716416,0.33776873252507067
tp1.0_sl0.3_mhNone,A,,179.09246703663442,11.47447751512134,-24.8544955902669,-26.342482119292633,10.758586318293403,0.2977278943649271,54.0,40.0,14.0,0.0,0.6051240555368055,286.5,1.0,0.3,,127,0.7438153607375302,1.0173691584825155,0.7874015748031497,441.0,430.37007874015745,0.421709029008811
tp1.0_sl0.3_mhNone,B,,135.7837570952579,7.985114634810742,-29.79313381804236,-31.6983056415636,6.276483354218487,0.5915967932631195,110.5,78.0,33.0,0.0,0.2619786051972709,280.0,1.0,0.3,,536,0.5069293093232661,1.0068158446157534,0.6492537313432836,328.5,379.4664179104478,0.32595967821338895
tp1.0_sl0.3_mh250,A,,110.67599692141269,6.2705701724328655,-25.016414204548994,-26.901240250023754,5.846871719591486,0.1710468419188059,55.0,40.0,15.0,0.0,0.21551740248231627,250.0,1.0,0.3,250.0,127,0.1927313948154185,0.09912898049148344,0.6220472440944882,250.0,212.70866141732284,0.2210838995535718
tp1.0_sl0.3_mh250,B,,146.22910522884428,8.74057330962813,-29.030622053024047,-30.19085289790695,8.140310217808958,0.3902091990809743,132.0,84.0,48.0,0.0,0.17287160489300873,250.0,1.0,0.3,250.0,536,0.3104939689334305,0.2237575252878652,0.7182835820895522,250.0,200.85261194029852,0.3771946388343515
tp1.0_sl0.3_mh500,A,,142.66725504612694,8.98491271783194,-25.72370203046192,-27.645021708880247,8.090268583817313,0.24368922626169265,53.0,39.0,14.0,0.0,0.40501558121045933,286.0,1.0,0.3,500.0,127,0.4542091520727416,0.4271581474701691,0.7480314960629921,441.0,355.496062992126,0.31175319403805524
tp1.0_sl0.3_mh500,B,,162.8825776148418,9.849284170208684,-29.664501881484046,-30.55664032340959,8.720222714804256,0.5255149179685363,121.0,79.0,41.5,0.0,0.23317495030447882,297.25,1.0,0.3,500.0,536,0.4639417057880314,0.49682229943886125,0.6828358208955224,328.5,308.3973880597015,0.3670646399585114
tp1.0_sl0.3_mh750,A,,159.21752325797064,10.179691918056932,-25.714543175643513,-27.634198004935033,9.57569529005355,0.2906437911433164,53.0,39.0,14.0,0.0,0.5295085533577584,286.0,1.0,0.3,750.0,127,0.6796910356895138,1.0059883307780786,0.7874015748031497,441.0,422.86614173228344,0.3921917513396889
tp1.0_sl0.3_mh750,B,,135.73992300962607,7.9818691092523935,-29.421299340568474,-30.37908759025665,6.09632914997398,0.5623224216472651,115.0,80.0,36.0,0.0,0.24103322279722023,282.0,1.0,0.3,750.0,536,0.48048276307397886,1.0001166889588247,0.6473880597014925,328.5,349.07835820895525,0.33584950608674896
tp1.0_sl0.4_mhNone,A,,202.0134543475284,12.816236303438755,-24.4651250462336,-26.31767741894405,12.100922985038634,0.31394801631735725,48.0,34.5,14.0,0.0,0.7541926041029126,371.0,1.0,0.4,,127,0.8649425375009172,1.0252340987313815,0.8818897637795275,510.0,481.0866141732283,0.4386860347651056
tp1.0_sl0.4_mhNone,B,,120.77996271329847,6.802090979891773,-31.374344066380537,-33.22507290707411,5.38070076082694,0.642143137877712,91.5,70.0,21.0,0.0,0.2926666294187653,367.25,1.0,0.4,,536,0.6035267796052182,1.0173461181284853,0.7406716417910447,395.0,477.6380597014925,0.3083098828340983
tp1.0_sl0.4_mh250,A,,113.61139189220152,6.547200050702784,-23.09175546496339,-24.939054668381786,6.081201209690619,0.17380539830166664,55.0,41.0,14.0,0.0,0.23885659069243417,250.0,1.0,0.4,250.0,127,0.21064892631789822,0.10167818298287545,0.6377952755905512,250.0,226.53543307086613,0.22688873579211088
tp1.0_sl0.4_mh250,B,,146.70916237641222,8.774027180302223,-30.30346896428795,-30.844164054992735,8.477070933596027,0.38538144500707106,123.0,80.0,43.0,0.0,0.17463373206314506,250.0,1.0,0.4,250.0,536,0.3428804152502369,0.2420758260825081,0.7705223880597015,250.0,215.69962686567163,0.38786725103219283
tp1.0_sl0.4_mh500,A,,143.7404791694822,9.066103183011453,-23.899742794940725,-25.654987436552616,7.93104955157368,0.24915422691629724,51.0,38.0,13.0,0.0,0.4596696973298734,373.0,1.0,0.4,500.0,127,0.5078719491121694,0.5377776811788679,0.8110236220472441,500.0,387.8976377952756,0.3194676726770173
tp1.0_sl0.4_mh500,B,,163.60576449093853,9.894310315194787,-30.909034858667116,-31.545275928121914,8.63042236872863,0.5227307233866141,113.0,77.5,35.0,0.0,0.2588950850295323,361.0,1.0,0.4,500.0,536,0.5250571388655142,0.6172449917356768,0.7593283582089553,395.0,349.4514925373134,0.3666143788740745
tp1.0_sl0.4_mh750,A,,174.92700861559715,11.214331611362017,-23.888295275376475,-25.637740127874142,10.552134238205594,0.30301502128752766,51.0,38.0,13.0,0.0,0.6369749273584825,373.0,1.0,0.4,750.0,127,0.7713214780188431,1.012345897932125,0.8740157480314961,510.0,465.5748031496063,0.40423673996833837
tp1.0_sl0.4_mh750,B,,126.35976734735095,7.25700604040388,-30.981823214963818,-31.874977028692836,6.282712828719387,0.5750672342929715,104.5,76.0,28.5,0.0,0.2577472852928173,361.0,1.0,0.4,750.0,536,0.5558977542250157,1.0082286894989503,0.7257462686567164,395.0,408.60074626865674,0.3319598734695423
tp1.0_sl0.5_mhNone,A,,201.49978680455825,12.787708578631229,-24.646555458296998,-26.960550252108757,12.09281142087448,0.3191017840378494,49.0,36.5,12.5,0.0,0.7669454927166928,409.5,1.0,0.5,,127,0.8875625118927866,1.027069685263645,0.905511811023622,522.0,506.79527559055117,0.4273229513623304
tp1.0_sl0.5_mhNone,B,,126.8199852655317,7.293298459354691,-31.473734797638535,-32.87954240374256,6.53872854439613,0.6444037305366067,80.5,62.0,19.0,0.0,0.35280759626941394,423.5,1.0,0.5,,536,0.6658439707604945,1.0218834162672192,0.789179104477612,453.5,534.2779850746268,0.30408501455074505
tp1.0_sl0.5_mh250,A,,113.25583424144897,6.513984952604934,-23.3925263270588,-25.510249790788787,6.0796506669243655,0.17584175893776524,55.0,41.0,14.0,0.0,0.23768086696204416,250.0,1.0,0.5,250.0,127,0.21128517300023267,0.10167818298287545,0.6377952755905512,250.0,229.84251968503938,0.22429958687671156
tp1.0_sl0.5_mh250,B,,153.1825499214588,9.216578020267253,-30.78502919886345,-31.698523672847656,8.684080206999049,0.379534990468528,118.0,76.0,42.0,0.0,0.18549946693628117,250.0,1.0,0.5,250.0,536,0.35743364723241605,0.24329310597673592,0.7835820895522388,250.0,222.7929104477612,0.3914568455047798
tp1.0_sl0.5_mh500,A,,145.81088734298572,9.221144312926011,-24.329099237473596,-26.43962113659076,8.236527623830584,0.2526333721764825,50.0,37.0,13.0,0.0,0.4836062689978983,402.75,1.0,0.5,500.0,127,0.5219552765655339,0.5719752213040268,0.8267716535433071,500.0,401.7165354330709,0.3170322260812412
tp1.0_sl0.5_mh500,B,,151.17348263528064,9.08121669934726,-31.263791333445734,-32.16143636405045,8.118817613421092,0.5185850348562003,104.0,71.0,33.0,0.0,0.24978584889279376,470.0,1.0,0.5,500.0,536,0.5550128696699691,0.6825976463130425,0.7910447761194029,453.5,370.49626865671644,0.3655182296179853
tp1.0_sl0.5_mh750,A,,177.72580150062706,11.389689370964994,-24.61004879256466,-26.695069117534793,10.765927828447046,0.3054510730947634,50.0,37.0,13.0,0.0,0.6404905292417085,402.75,1.0,0.5,750.0,127,0.789795023412801,1.012688932822635,0.8976377952755905,522.0,487.251968503937,0.39550376020936756
tp1.0_sl0.5_mh750,B,,126.24909874205225,7.248158691911377,-31.033658257485175,-31.871996951168786,6.309823842605078,0.5754479131200875,96.0,70.0,27.0,0.0,0.27454576072708725,433.5,1.0,0.5,750.0,536,0.5976997974611354,1.012244156643781,0.7667910447761194,453.5,444.0839552238806,0.32840355717646647
tp1.0_sl0.6_mhNone,A,,197.32025886779542,12.553121154888425,-24.82240484852775,-27.094302347706,12.20642435803572,0.3202193205652256,46.5,34.5,12.0,0.0,0.8401712640323193,515.0,1.0,0.6,,127,0.915105387289689,1.0272835948199828,0.9212598425196851,558.0,544.7244094488188,0.4099058360990588
tp1.0_sl0.6_mhNone,B,,134.92732351286057,7.92090324443987,-31.575539273051433,-32.50087257961501,7.135198223763551,0.6448730592719154,74.0,59.0,15.5,0.0,0.44243447399110925,518.0,1.0,0.6,,536,0.6985860085529539,1.0236418506102067,0.8134328358208955,463.0,570.4757462686567,0.2987944486717015
tp1.0_sl0.6_mh250,A,,113.39679478366631,6.52723641561902,-23.158226559084838,-25.27035147983906,6.062745589043748,0.17637686056026192,54.0,40.0,14.0,0.0,0.24464082422864958,250.0,1.0,0.6,250.0,127,0.21502752360903132,0.10167818298287545,0.6377952755905512,250.0,233.43307086614172,0.22476127982178581
tp1.0_sl0.6_mh250,B,,149.305455312218,8.95374943906707,-30.79185924859056,-31.70512891765007,8.324962715349953,0.37819880526117977,119.0,78.0,41.0,0.0,0.1832829032354638,250.0,1.0,0.6,250.0,536,0.36045210484640394,0.24416664312862413,0.7873134328358209,250.0,224.70149253731344,0.3914095655947533
tp1.0_sl0.6_mh500,A,,146.9300534004067,9.30417244069286,-24.450968013224138,-26.553979791749626,8.254913748122968,0.2561351064726475,48.0,35.0,13.0,0.0,0.5131900997650098,500.0,1.0,0.6,500.0,127,0.5375565113383722,0.5719752213040268,0.84251968503937,500.0,415.8503937007874,0.315411000574735
tp1.0_sl0.6_mh500,B,,152.80815296936728,9.191663444957864,-31.35064824108374,-32.24543501256682,8.051168837588554,0.5151388990362853,103.0,70.0,33.0,0.0,0.2675043135336766,500.0,1.0,0.6,500.0,536,0.5659802203473875,0.7425035558514864,0.7966417910447762,463.0,376.8936567164179,0.3664141629973651
tp1.0_sl0.6_mh750,A,,178.28264370127394,11.424214691813006,-24.412044779367235,-26.514491656502614,10.793176053610027,0.3130247663664849,47.0,34.0,13.0,0.0,0.6706893847667198,515.0,1.0,0.6,750.0,127,0.8042319634085704,1.012688932822635,0.9133858267716536,558.0,512.6141732283464,0.3828075954979076
tp1.0_sl0.6_mh750,B,,134.4276759544539,7.882952633811335,-31.048985622860364,-31.974610439942385,6.701559157903287,0.5660077141890982,95.0,70.0,25.0,0.0,0.3115650930942946,505.0,1.0,0.6,750.0,536,0.6150743089385506,1.0133677072758227,0.7779850746268657,463.0,456.94962686567163,0.3284347388801445
tp1.0_slNone_mhNone,A,,200.9563835615489,12.757456829675796,-24.821717152782874,-27.09358511361325,12.285039748104024,0.3188525338008537,46.0,34.0,12.0,0.0,0.8568819199084443,525.5,1.0,,,127,0.9292454489974923,1.0290843982782412,0.9291338582677166,571.0,549.6141732283464,0.4125364675797523
tp1.0_slNone_mhNone,B,,145.36064533861767,8.679659079587076,-31.214897778401923,-32.26252586703297,8.007422293785785,0.6538058757189426,70.5,57.0,14.0,0.0,0.5067847914114416,642.0,1.0,,,536,0.721089126053536,1.0252787479893186,0.8246268656716418,484.5,603.6194029850747,0.29148457767752256
tp1.0_slNone_mh250,A,,113.39679478366631,6.52723641561902,-23.158226559084838,-25.27035147983906,6.062745589043748,0.17637686056026192,54.0,40.0,14.0,0.0,0.24464082422864958,250.0,1.0,,250.0,127,0.21502752360903132,0.10167818298287545,0.6377952755905512,250.0,233.43307086614172,0.22476127982178581
tp1.0_slNone_mh250,B,,146.09059149757002,8.7308934839478,-30.79185924859056,-31.70512891765007,8.106552487930466,0.3781204294715901,118.0,77.0,41.0,0.0,0.17433749953361344,250.0,1.0,,250.0,536,0.3614074603794241,0.24416664312862413,0.7873134328358209,250.0,225.5615671641791,0.3909505570529822
tp1.0_slNone_mh500,A,,150.34829213665068,9.554153481762008,-24.45025371308956,-26.553263301182156,8.501893042645248,0.2594965483026917,49.0,36.0,13.0,0.0,0.5337391619906149,500.0,1.0,,500.0,127,0.5431814451930023,0.5719752213040268,0.84251968503937,500.0,418.1732283464567,0.3169410752361368
tp1.0_slNone_mh500,B,,152.52717306355498,9.172018813831261,-31.35064824108374,-32.24543501256682,8.38167500852471,0.5158655998294203,102.5,70.0,32.0,0.0,0.2699883445939463,500.0,1.0,,500.0,536,0.5713157816125589,0.7587591705579595,0.7985074626865671,484.5,381.4850746268657,0.36541678819233997
tp1.0_slNone_mh750,A,,181.67996435137997,11.633392094567995,-24.41134425862938,-26.513788987966535,11.000997049510467,0.3129647400303606,48.0,35.0,13.0,0.0,0.6968108727128757,525.5,1.0,,750.0,127,0.8184442963833573,1.0135100546524782,0.9212598425196851,571.0,517.4251968503937,0.38595029684122584
tp1.0_slNone_mh750,B,,132.88425621711312,7.766144588852397,-31.0754681590177,-31.84632134476435,6.976209203941108,0.5658080118979445,93.0,68.5,24.0,0.0,0.32950377294622085,620.5,1.0,,750.0,536,0.6259367484474562,1.013422430982316,0.7835820895522388,484.5,467.77425373134326,0.3265005831400372
tpNone_sl0.2_mhNone,A,,134.22538754476062,8.326650500510624,-56.012940090607465,-60.21130952083408,7.4281757858931625,0.5134598301354553,42.0,28.0,14.0,0.0,0.623460911533066,736.5,,0.2,,127,0.7556878182788479,0.3483132498167194,0.5669291338582677,761.0,588.3700787401575,0.3133874993352106
tpNone_sl0.2_mhNone,B,,124.91004104823041,7.140590840528005,-36.47320043074416,-38.50450303895966,4.529954708339427,0.7524748660428289,69.0,53.5,16.0,0.0,0.5658825416603761,422.0,,0.2,,536,0.6638576526928056,-0.009628689960552994,0.498134328358209,581.0,513.7966417910447,0.3152633825950939
tpNone_sl0.2_mh250,A,,98.59838755757814,5.057753777446483,-23.185961583817004,-24.863606413261177,4.477690942776795,0.18556039378807054,60.0,43.0,17.0,0.0,0.2001231097687281,250.0,,0.2,250.0,127,0.17365707068754044,0.039879636693203935,0.5354330708661418,250.0,196.2755905511811,0.21588178707688463
tpNone_sl0.2_mh250,B,,127.98908762157782,7.386342992687823,-28.495143276224816,-30.571222772793238,6.7889782111543315,0.42616736207207784,148.0,87.0,56.0,5.0,0.1443479267032311,250.0,,0.2,250.0,536,0.2902002196880093,0.16075027311764478,0.6119402985074627,250.0,189.69589552238807,0.37327562311709245
tpNone_sl0.2_mh500,A,,141.6885962510651,8.910443309124306,-23.377072770295666,-25.113606356152214,8.39150196150715,0.2993045402194817,53.0,37.0,16.0,0.0,0.4977152122928893,484.0,,0.2,500.0,127,0.45163457040884664,0.23838996179284666,0.5826771653543307,500.0,343.07086614173227,0.32121303804978973
tpNone_sl0.2_mh500,B,,161.8924304349715,9.786393424355333,-27.664544880100532,-29.756199880208793,8.972404631018701,0.5891945293745883,130.0,81.5,48.0,0.5,0.2787547494517155,278.0,,0.2,500.0,536,0.5799925841576434,0.11067696950811956,0.539179104477612,500.0,336.3600746268657,0.4207342107753287
tpNone_sl0.2_mh750,A,,171.83898188675025,11.0177757768416,-27.763403905042466,-29.778366445692516,9.900056908412704,0.433170689521567,52.0,36.0,16.0,0.0,0.5986455677247735,521.0,,0.2,750.0,127,0.7218670991829892,0.40952379902873703,0.5905511811023622,750.0,481.46456692913387,0.36583288636186295
tpNone_sl0.2_mh750,B,,140.99711420318172,8.36853777065768,-28.78450253383711,-31.796786676155186,7.1325482480351905,0.6524418038781279,112.0,74.0,37.0,0.0,0.3068947222878281,322.75,,0.2,750.0,536,0.6190237269389396,0.020005979371169436,0.5111940298507462,581.0,415.0223880597015,0.3639364856417666
tpNone_sl0.3_mhNone,A,,139.19156036757096,8.718294401629878,-54.052982483541136,-54.86730324517889,8.371317615644147,0.6103363668825053,33.0,26.0,7.0,0.0,0.8308026471614556,983.0,,0.3,,127,0.978635772723015,0.6096694390431214,0.7480314960629921,838.0,781.1338582677165,0.30569296928693185
tpNone_sl0.3_mhNone,B,,106.06789240700598,5.505137889831202,-39.1969662185739,-42.7696552677752,3.9244087754782093,0.7571160493814195,53.5,41.0,13.0,0.0,0.6078110350922536,520.25,,0.3,,536,0.781483891810808,0.25041396228118584,0.625,609.0,668.6287313432836,0.2851837808685763
tpNone_sl0.3_mh250,A,,122.61054469340239,7.3571109835087745,-25.016414204548976,-26.90124025002373,6.928085289735095,0.2020018150306103,55.0,40.0,15.0,0.0,0.28240225278706954,250.0,,0.3,250.0,127,0.23162799786477584,0.09912898049148344,0.6220472440944882,250.0,226.9448818897638,0.24903505647885896
tpNone_sl0.3_mh250,B,,147.8990967940523,8.85675624833777,-29.030622053024047,-30.19085289790695,8.201450352444555,0.42076267943127343,131.0,82.0,49.0,0.0,0.17650539450467775,250.0,,0.3,250.0,536,0.3321530341179727,0.22006993006993003,0.7182835820895522,250.0,219.31902985074626,0.369531729097741
tpNone_sl0.3_mh500,A,,202.77230190742517,12.857345270946984,-25.723702030461936,-27.645021708880265,11.750332097050938,0.35434343844674954,48.0,34.0,14.0,0.0,0.6614703412819507,500.0,,0.3,500.0,127,0.620275462292252,0.4123007503159286,0.7401574803149606,500.0,425.9448818897638,0.3553211207230299
tpNone_sl0.3_mh500,B,,202.49753075393815,12.119298467771811,-29.75152474295789,-30.26033726171408,10.16486497211511,0.6038405907636815,111.5,73.0,39.0,0.0,0.39770691294050786,500.0,,0.3,500.0,536,0.6888849042100739,0.36226536746570215,0.6772388059701493,500.0,407.0279850746269,0.4129640289879327
tpNone_sl0.3_mh750,A,,224.30218739915364,13.99496238360516,-31.80464548894355,-33.92425480322809,13.235889327655737,0.5120832024288391,46.5,32.5,14.0,0.0,0.7823903205831992,750.0,,0.3,750.0,127,0.9523114820829,0.8023769768010065,0.7795275590551181,750.0,611.7874015748032,0.3798116813620205
tpNone_sl0.3_mh750,B,,127.72014168123431,7.36509610517192,-30.52830875661794,-31.770700658851368,6.4562050160492355,0.6377780217640536,92.5,63.5,28.0,0.0,0.3763255279014429,476.5,,0.3,750.0,536,0.739591910725039,0.25812685111610534,0.6324626865671642,609.0,516.3544776119403,0.34948941868677336
tpNone_sl0.4_mhNone,A,,150.374168119616,9.556040723299454,-55.3932758508317,-56.36393674472057,9.422313114496946,0.6191709622183506,31.0,25.0,6.0,0.0,1.2175714921203933,1034.0,,0.4,,127,1.1427416415273186,0.7089041494069785,0.8267716535433071,857.0,877.0866141732283,0.31790356394333913
tpNone_sl0.4_mhNone,B,,99.30830609784441,4.853463984339779,-41.55592305959073,-44.277412122054066,4.149661561192046,0.7547632278480234,39.0,29.5,10.0,0.0,0.764677311420322,1183.0,,0.4,,536,0.8715351683597715,0.3689315696567206,0.7126865671641791,609.0,808.1828358208955,0.2631268218704306
tpNone_sl0.4_mh250,A,,125.16974255693168,7.57757538336582,-23.09175546496339,-24.939054668381786,7.106256312104961,0.2045736844253765,55.0,41.0,14.0,0.0,0.3006991323556928,250.0,,0.4,250.0,127,0.24781388618607011,0.10167818298287545,0.6377952755905512,250.0,241.0708661417323,0.2508249511736981
tpNone_sl0.4_mh250,B,,147.81541764838025,8.850634370301002,-30.30346896428795,-30.844164054992735,8.21979936857642,0.4042364289268424,124.0,82.0,42.0,0.0,0.18745085316062987,250.0,,0.4,250.0,536,0.36373404341549714,0.23699606354446223,0.7705223880597015,250.0,234.3097014925373,0.3787769180193676
tpNone_sl0.4_mh500,A,,199.55249768538724,12.678939537270839,-23.899742794940725,-25.654987436552606,11.58589830656316,0.35352057355091554,44.0,31.0,13.0,0.0,0.7529081274094152,500.0,,0.4,500.0,127,0.6894467982476636,0.4423654994027695,0.8031496062992126,500.0,462.8503937007874,0.3634544143462046
tpNone_sl0.4_mh500,B,,179.6585646173612,10.865606738992263,-30.653670458270838,-31.349994969041393,9.721549051225605,0.584878368660889,105.5,72.0,33.0,0.0,0.41442691450863794,500.0,,0.4,500.0,536,0.7605066669674473,0.44631345060964533,0.7555970149253731,500.0,452.1063432835821,0.41044243129246033
tpNone_sl0.4_mh750,A,,243.05455676972335,14.907720427509618,-32.12803754992792,-34.47447182673968,14.445307954921718,0.5152333683233363,41.0,27.0,14.0,0.0,0.9580573891330085,750.0,,0.4,750.0,127,1.0680301591634507,0.857137195456938,0.8582677165354331,750.0,670.4330708661417,0.38870301922787026
tpNone_sl0.4_mh750,B,,129.97523325770564,7.541836531470736,-31.74309113204522,-33.98189440588867,6.660369956626807,0.6248675412709157,90.0,67.0,23.0,0.0,0.4235400730257991,742.25,,0.4,750.0,536,0.8094620101877619,0.3455719209548751,0.7145522388059702,609.0,587.7089552238806,0.3360655452503278
tpNone_sl0.5_mhNone,A,,149.9993157943958,9.528882089060264,-55.32793611074583,-56.31156309150005,9.394289322115581,0.6199217178130015,31.0,25.0,6.0,0.0,1.206872289754992,1034.0,,0.5,,127,1.1751537740026818,0.738251259256127,0.8503937007874016,968.0,907.8425196850394,0.3158450002497494
tpNone_sl0.5_mhNone,B,,111.91030428034864,6.038804809272125,-40.463217678116465,-42.679492494427556,5.549228556727317,0.7528583243531407,29.0,20.0,9.0,0.0,0.9437210510368199,1671.5,,0.5,,536,0.9312452934750043,0.44545424618761875,0.7630597014925373,610.0,886.723880597015,0.2562509667100827
tpNone_sl0.5_mh250,A,,124.79201427376,7.5452378889996785,-23.39252632705882,-25.5102497907888,7.105889528951373,0.206653800732918,55.0,41.0,14.0,0.0,0.2995234086253028,250.0,,0.5,250.0,127,0.2484501328684046,0.10167818298287545,0.6377952755905512,250.0,244.3779527559055,0.24806588211516048
tpNone_sl0.5_mh250,B,,154.88443724225235,9.330360947937477,-30.78502919886345,-31.698523672847656,8.721657400636115,0.40121388268343566,120.0,79.0,41.0,0.0,0.2024197313239458,250.0,,0.5,250.0,536,0.37828830758115733,0.2407601578697618,0.7835820895522388,250.0,241.43283582089552,0.382310661000047
tpNone_sl0.5_mh500,A,,201.457420581269,12.78493839381214,-24.329099237473606,-26.439621136590763,11.561385557032358,0.35379419552792357,43.0,30.0,13.0,0.0,0.7765240074816382,500.0,,0.5,500.0,127,0.703530125701028,0.45060028215096204,0.8188976377952756,500.0,476.6692913385827,0.36012672473402146
tpNone_sl0.5_mh500,B,,171.2561397977681,10.36861835289522,-30.639753978405032,-31.53895394811344,9.707708311347144,0.5717150506773738,97.0,65.0,32.0,0.0,0.4069184791803889,500.0,,0.5,500.0,536,0.7923260099428134,0.4714527908256453,0.7873134328358209,500.0,474.26119402985074,0.4076393954633323
tpNone_sl0.5_mh750,A,,249.13320245381175,15.190293634869445,-32.45885756953395,-34.99895228441651,14.388522217881958,0.5152160491056388,40.0,26.0,14.0,0.0,0.9625092004561202,750.0,,0.5,750.0,127,1.0949954298995406,0.860958798167089,0.8818897637795275,750.0,693.9055118110236,0.3850364067554066
tpNone_sl0.5_mh750,B,,137.9340165863567,8.144884724013647,-31.955430067098835,-37.149709618833086,5.729571033389043,0.6283931512616199,78.0,56.0,22.0,0.0,0.4570757473618927,750.0,,0.5,750.0,536,0.8466259148900607,0.37445667411596273,0.7555970149253731,610.0,626.5820895522388,0.3296882031543487
tpNone_sl0.6_mhNone,A,,152.03418262067126,9.67558319106171,-54.775164343094175,-55.8112975023334,9.539970721594333,0.6228661068073766,28.0,22.0,6.0,0.0,1.3831668937290558,1435.5,,0.6,,127,1.190678084026322,0.738251259256127,0.8661417322834646,982.0,949.2755905511812,0.3060496397402716
tpNone_sl0.6_mhNone,B,,125.8140122774389,7.2133455496323435,-41.73553572617733,-42.964951877359574,6.3876070200735855,0.745478795084975,26.0,18.0,8.0,0.0,1.3981260405846334,2062.5,,0.6,,536,0.9586537554540564,0.45406294290282223,0.7873134328358209,610.0,933.1567164179105,0.25066691608747255
tpNone_sl0.6_mh250,A,,124.90560211562222,7.555048935490715,-23.158226559084827,-25.27035147983907,7.08519767333409,0.20707796818361113,54.0,40.0,14.0,0.0,0.3076285981449315,250.0,,0.6,250.0,127,0.2521924834772032,0.10167818298287545,0.6377952755905512,250.0,247.96850393700788,0.24815637869908463
tpNone_sl0.6_mh250,B,,153.16334947564206,9.215494097435784,-30.79185924859056,-31.70512891765007,8.594300274559982,0.40171038908089285,119.0,78.0,41.0,0.0,0.1985438873950156,250.0,,0.6,250.0,536,0.3813067651951451,0.2420758260825081,0.7873134328358209,250.0,243.34141791044777,0.38233873833123916
tpNone_sl0.6_mh500,A,,202.93135277049086,12.866629694797826,-24.450968013224166,-26.553979791749615,11.62713268260297,0.3520087826214725,41.0,28.0,13.0,0.0,0.823296682141107,500.0,,0.6,500.0,127,0.7191313604738667,0.45060028215096204,0.8346456692913385,500.0,490.8031496062992,0.35751207402881635
tpNone_sl0.6_mh500,B,,171.26573647331213,10.369200891526775,-30.725625989557336,-31.622058255705742,9.906167918604043,0.5754786945921562,99.0,68.0,31.0,0.0,0.42291350027070734,500.0,,0.6,500.0,536,0.8055650528026786,0.4841234691910453,0.792910447761194,500.0,481.625,0.40811393279803504
tpNone_sl0.6_mh750,A,,247.9987043714449,15.138104853850454,-31.81480881518396,-33.8142717038675,14.188259560963507,0.515414292345383,41.0,28.0,13.0,0.0,1.0174445763265028,750.0,,0.6,750.0,127,1.1094323698953104,0.860958798167089,0.8976377952755905,750.0,719.2677165354331,0.37635708100228665
tpNone_sl0.6_mh750,B,,115.48828159242366,6.350023498741497,-31.765725765112542,-35.09143300971623,5.618614811869345,0.6133231962903909,77.0,55.0,22.0,0.0,0.39707479097773746,750.0,,0.6,750.0,536,0.862139373243581,0.38815446828235933,0.7667910447761194,610.0,641.4496268656717,0.327947820469286
tpNone_slNone_mhNone,A,,152.3614526689652,9.699012038946863,-54.89047316402328,-55.90947039798429,9.563663800617146,0.6218398440953417,28.0,22.0,6.0,0.0,1.3913168563226923,1444.5,,,,127,1.199297485775601,0.738251259256127,0.8740157480314961,982.0,958.6456692913385,0.30525208208113747
tpNone_slNone_mhNone,B,,122.30912261332027,6.9287665473485305,-42.63618939215895,-43.80612783996274,6.759897495044849,0.7470619156061165,21.0,13.0,8.0,0.0,1.338083977062654,2065.0,,,,536,0.9758595112188887,0.47539600395351345,0.7947761194029851,610.0,970.9067164179105,0.24524469417195638
tpNone_slNone_mh250,A,,124.90560211562222,7.555048935490715,-23.158226559084827,-25.27035147983907,7.08519767333409,0.20707796818361113,54.0,40.0,14.0,0.0,0.3076285981449315,250.0,,,250.0,127,0.2521924834772032,0.10167818298287545,0.6377952755905512,250.0,247.96850393700788,0.24815637869908463
tpNone_slNone_mh250,B,,150.9854613892605,9.068465613190103,-30.79185924859056,-31.70512891765007,8.451959440506645,0.39972140498281405,118.0,77.0,41.0,0.0,0.19241859057508492,250.0,,,250.0,536,0.38226212072816534,0.2420758260825081,0.7873134328358209,250.0,244.20149253731344,0.3819467133003726
tpNone_slNone_mh500,A,,206.66873039358273,13.07143303351539,-24.45025371308958,-26.553263301182145,11.853280055660782,0.3555549439131688,42.0,29.0,13.0,0.0,0.836407661228123,500.0,,,500.0,127,0.7247562943284966,0.45060028215096204,0.8346456692913385,500.0,493.12598425196853,0.3586112706764088
tpNone_slNone_mh500,B,,166.6061627556665,10.082285014424752,-30.725625989557336,-31.622058255705742,9.416843451053207,0.5732555515232689,101.0,71.0,30.0,0.0,0.397651358969829,500.0,,,500.0,536,0.8109082966324903,0.48718932651816893,0.7947761194029851,500.0,486.2705223880597,0.4068961931038617
tpNone_slNone_mh750,A,,249.60432969321516,15.211937684886866,-31.81446498256843,-33.81392787360793,14.26783195015659,0.5156130120410776,41.0,28.0,13.0,0.0,1.0468327972334661,750.0,,,750.0,127,1.1201941476102777,0.860958798167089,0.905511811023622,750.0,725.5275590551181,0.3767291381362168
tpNone_slNone_mh750,B,,127.47610419868913,7.34577436554984,-31.955280708033325,-35.461535843375856,5.798585481700593,0.6099643449898408,75.0,53.0,22.0,0.0,0.4304603613935796,750.0,,,750.0,536,0.8730018127524866,0.40026510378372715,0.7723880597014925,610.0,652.5298507462686,0.3264409161787681
