k,cap,borrow,sizing,win,final,cagr,n_trades,max_dd,avg_exposure,max_exposure,min_mr,max_debt_eq,avg_debt_eq,days_borrow,min_eq,vol,n_mc,n_tp,n_sl,n_panic,mean_log,cagr_p10,dd_p10,dd_worst,min_mr_worst,mc_any,final_min
0.5,0.9,0.06,cost,A,1150476.0036338754,0.066803037536182,73.0,-0.17915459711155673,0.17019166978775074,0.8931285512212042,inf,0.0,0.0,0.0,0.9968534763382491,0.07784206819415435,0.0,64.0,9.0,0.0,0.6465245786033709,0.06424980288249764,-0.17916575365303283,-0.17916805515949197,inf,0.0,1122726.3608377606
0.5,0.9,0.06,cost,B,1602101.7182073777,0.0967859862967595,162.0,-0.26028168203281765,0.37907304715719703,0.8850696112765207,inf,0.0,0.0,0.0,0.8240538590714617,0.11574022131078182,0.0,114.0,30.0,0.0,0.9816725271948119,0.09662262509642164,-0.26028464322183187,-0.26028547357841303,inf,0.0,1599561.92429677
0.5,0.9,0.06,cost,F,3066141.4646028075,0.08228294948480785,235.0,-0.2602806728410114,0.27848378074816404,0.8931285512212042,inf,0.0,0.0,0.0,0.9968534763382491,0.09955351680447098,0.0,178.0,39.0,0.0,1.6267877022408694,0.08105652903730387,-0.2602837318287665,-0.2602843601695026,inf,0.0,2989616.985257826
0.5,0.9,0.06,mtm,A,1146361.0060754903,0.0664234000060383,72.0,-0.18376987610297657,0.170213544983614,0.8936394114922197,inf,0.0,0.0,0.0,0.9969376995342198,0.07822377609978146,0.0,63.0,9.0,0.0,0.6433347469102244,0.06409979843018707,-0.18378097124305376,-0.183783311055851,inf,0.0,1121177.9091808072
0.5,0.9,0.06,mtm,B,1591685.788449774,0.09611326517368601,162.0,-0.2592612835336795,0.3708817095252306,0.9024332990249359,inf,0.0,0.0,0.0,0.8251175983905703,0.11405853202143248,0.0,114.0,30.0,0.0,0.9766459986583896,0.09604311912168687,-0.25926280020030007,-0.25926361023730793,inf,0.0,1590568.1075718766
0.5,0.9,0.06,mtm,F,3039640.457317218,0.08182763624939593,234.0,-0.25926061731022315,0.2755379934368225,0.9026008462522828,inf,0.0,0.0,0.0,0.9969376995342198,0.09855506757748547,0.0,177.0,39.0,0.0,1.6190212046787416,0.08072133459824879,-0.25926229478368956,-0.25926357745777207,inf,0.0,2974992.914146976
0.5,1.0,0.06,cost,A,1175990.539305022,0.06913003082366331,75.0,-0.19522115076441726,0.18149877864082864,0.967296878015615,inf,0.0,0.0,0.0,0.9968534763382491,0.08271727230163761,0.0,66.0,9.0,0.0,0.6687446724669937,0.06669136243181317,-0.1989592889223355,-0.1989751138860466,inf,0.0,1148959.244280891
0.5,1.0,0.06,cost,B,1651973.8231550402,0.0999531104447321,164.0,-0.27366146174576605,0.39295730665964856,0.9963691837445883,inf,0.0,0.0,0.0,0.8091478113820763,0.1206744176993269,0.0,116.0,30.0,0.0,1.0132908412634598,0.09982389903064108,-0.2736631672338135,-0.2736638484414905,inf,0.0,1649877.1836502042
0.5,1.0,0.06,cost,F,3236544.7901977412,0.08512417330000521,239.0,-0.2736608260315997,0.2910039739159176,0.9963602608172384,inf,0.0,0.0,0.0,0.9968534763382491,0.10418028142991301,0.0,182.0,39.0,0.0,1.681155237702015,0.0839493758262854,-0.27366243623762243,-0.27366383844711917,inf,0.0,3164147.614265202
0.5,1.0,0.06,mtm,A,1179743.715005679,0.06946848424750163,76.0,-0.19741218421741696,0.18072317952350825,0.9880943397720292,inf,0.0,0.0,0.0,0.9969376995342198,0.08264970901067242,0.0,67.0,9.0,0.0,0.6721583837732739,0.06730010646588644,-0.20511977393067266,-0.20573961039926336,inf,0.0,1155248.5329555993
0.5,1.0,0.06,mtm,B,1633375.2896118546,0.09878227038506371,166.0,-0.27464508224356043,0.3893578362433135,0.9939698453278449,inf,0.0,0.0,0.0,0.8079814307481965,0.11975154962486141,0.0,118.0,30.0,0.0,1.001890453039562,0.09871178138336759,-0.27464657685916416,-0.27464736849244453,inf,0.0,1632225.6904478539
0.5,1.0,0.06,mtm,F,3209733.7518502492,0.0846867157324599,242.0,-0.27464440956021285,0.2890666890771434,0.9940655085260696,inf,0.0,0.0,0.0,0.9969376995342198,0.10353944012841709,0.0,185.0,39.0,0.0,1.673081024220248,0.0836520643701834,-0.27464604964020667,-0.274647344565495,inf,0.0,3145423.493649855
0.5,1.2,0.05,cost,A,1244125.0372167598,0.07512817978774622,80.0,-0.22581763051905007,0.1972941272555639,1.1925786833316199,6.192682714052038,0.19257868333161982,0.005035121755317574,0.03839869281045752,0.9968534763382491,0.09165881026129227,0.0,71.0,9.0,0.0,0.7251242528830283,0.07275190366091759,-0.2258290047573991,-0.2258306952662783,6.191758846367959,0.0,1216390.0669388904
0.5,1.2,0.08,cost,A,1242894.5365080563,0.07502250433752133,80.0,-0.226340278346443,0.19741350907659805,1.1933180329703441,6.1728231695006555,0.19331803297034408,0.005064929609289132,0.03839869281045752,0.9968534763382491,0.09170559033355974,0.0,71.0,9.0,0.0,0.7241275981942645,0.07264258503209726,-0.22635171901670242,-0.2263534651836573,6.171901082184332,0.0,1215142.6103502545
0.5,1.2,0.05,cost,B,1656524.4324546074,0.10023776659693517,170.0,-0.31962223997343997,0.42318629521523293,1.2226789895367034,5.490769434921422,0.22267898953670323,0.009341690353280637,0.06269349845201239,0.7579473780513702,0.1318244038042936,0.0,120.0,32.0,0.0,1.015398602895482,0.1000215520866933,-0.31962427726966325,-0.3196246454120999,5.4490451536345,0.0,1652917.781324401
0.5,1.2,0.08,cost,B,1653290.106440994,0.10003552081972134,170.0,-0.32048171735126824,0.4234558005582421,1.2254917996819352,5.434751070421877,0.22549179968193506,0.009430552893120038,0.06269349845201239,0.7569899132568911,0.13193386598788054,0.0,120.0,32.0,0.0,1.013430151492243,0.0998118531971218,-0.3204837742608225,-0.32048414347223864,5.39348397340603,0.0,1649671.2951624838
0.5,1.2,0.05,cost,F,3431806.385519054,0.08820988744773117,250.0,-0.31962157912668404,0.3143712242478428,1.2220857419193503,5.5027654249500415,0.22208574191935027,0.007078537033793941,0.05006981847197287,0.9968534763382491,0.11425638052526083,0.0,191.0,41.0,0.0,1.7397461018223859,0.08710841686200962,-0.31962311576992875,-0.3196249124665075,5.45696428916688,0.0,3353698.072600062
0.5,1.2,0.08,cost,F,3421426.5866173543,0.08805011130775497,250.0,-0.3204810557928187,0.3145683478225278,1.2248901025039727,5.44661632038828,0.22489010250397282,0.00713512758283654,0.05006981847197287,0.9968534763382491,0.11433798981527897,0.0,191.0,41.0,0.0,1.7368372999555413,0.08696361455781487,-0.3204825839667123,-0.32048439001665274,5.401316289768837,0.0,3343468.482321253
0.5,1.2,0.05,mtm,A,1242143.2561113155,0.07495795463914812,81.0,-0.22272901876250523,0.19660403216780475,1.1979446071272024,6.05191838564765,0.19794460712720224,0.004747156240469513,0.036968954248366014,0.9969376995342198,0.09144251875139896,0.0,72.0,9.0,0.0,0.721080853898582,0.07281368727683932,-0.22274033668498536,-0.22274200288371404,6.051088198490509,0.0,1217070.2189370908
0.5,1.2,0.08,mtm,A,1240914.3278103247,0.07485226400405787,81.0,-0.22317828757277464,0.19672019443834196,1.1985563994684099,6.036352405481493,0.19855639946840975,0.004772458229255155,0.036968954248366014,0.9969376995342198,0.09148654648479132,0.0,72.0,9.0,0.0,0.7201143318475542,0.07270730173423615,-0.2231896728799856,-0.22319139507052044,6.0355227743023,0.0,1215855.4811410762
0.5,1.2,0.05,mtm,B,1623086.379061447,0.0981293499314767,168.0,-0.30998434348149506,0.4096401241358104,1.1783480353233293,6.607015712161488,0.1783480353233292,0.006032382562604268,0.06037151702786378,0.7686167817876337,0.1275038938193576,0.0,118.0,32.0,0.0,0.9952252546451416,0.09806622273541925,-0.30998612506041145,-0.3099868018099987,6.550914811335806,0.0,1620154.6613732704
0.5,1.2,0.08,mtm,B,1621084.7987373518,0.09800189682032223,168.0,-0.3105332723538828,0.4098075729856841,1.1796911132707606,6.56517734685394,0.1796911132707606,0.006084374869564209,0.06037151702786378,0.7680053232803681,0.12756911532063708,0.0,118.0,32.0,0.0,0.9938897779764929,0.0979178534483817,-0.3105350639602862,-0.3105357520356279,6.492305041082209,0.0,1617826.187104287
0.5,1.2,0.05,mtm,F,3353821.7622136166,0.08699804622148644,252.0,-0.3099837985355981,0.3070859113804618,1.1979446071272024,6.05191838564765,0.19794460712720224,0.0056383077074600215,0.04967085577498504,0.9969376995342198,0.11145883796550782,0.0,193.0,41.0,0.0,1.7154472321241023,0.08604584824830838,-0.30998534086043966,-0.30998692917016146,6.051088198490509,0.0,3286091.132630857
0.5,1.2,0.08,mtm,F,3345681.4378296426,0.08687000804767997,252.0,-0.3105327122195174,0.30723425479716143,1.1985563994684099,6.036352405481493,0.19855639946840975,0.005677768631617291,0.04967085577498504,0.9969376995342198,0.1115193267629915,0.0,193.0,41.0,0.0,1.713132972239806,0.08592706959451717,-0.3105342590944137,-0.31053585526594774,6.0355227743023,0.0,3278084.6325752093
0.5,1.5,0.05,cost,A,1322482.32147654,0.08167093755876853,88.0,-0.22581763051905007,0.2205578616726154,1.544445778532722,2.83673020556891,0.544445778532722,0.011902072211221075,0.05718954248366013,0.9968534763382491,0.10154850438456525,0.0,78.0,10.0,0.0,0.7857661242091398,0.07941056564122177,-0.2258290047573991,-0.2258306952662783,2.833750395016018,0.0,1293640.790886463
0.5,1.5,0.08,cost,A,1318877.205348176,0.08137767593193512,88.0,-0.226340278346443,0.22091937957042196,1.54555052441712,2.8330108064285984,0.5455505244171199,0.012014643315609443,0.05718954248366013,0.9968534763382491,0.10167758266310803,0.0,78.0,10.0,0.0,0.7831527273055829,0.07911937040166879,-0.22635171901670242,-0.2263534651836573,2.8300364868124586,0.0,1289813.4069361319
0.5,1.5,0.05,cost,B,1791709.2502504513,0.1083866228547985,177.0,-0.31962223997343997,0.42857109620417805,1.5577448843746318,2.7929344186119183,0.5577448843746318,0.015939359265206142,0.06540247678018576,0.7579473780513702,0.13645023254606253,0.0,127.0,32.0,0.0,1.0939981644259842,0.10838604479381815,-0.31962427726966325,-0.3196246454120999,2.7929099469936567,0.0,1791695.5560028614
0.5,1.5,0.08,cost,B,1785808.5290974886,0.10804274800626557,177.0,-0.32048171735126824,0.42903425793753824,1.5594619580855,2.7874316306010165,0.5594619580855,0.0160886668676926,0.06540247678018576,0.7569899132568911,0.13662181673881124,0.0,127.0,32.0,0.0,1.0906993933880735,0.1080421665382427,-0.3204837742608225,-0.32048414347223864,2.7874070838059697,0.0,1785794.7517333403
0.5,1.5,0.05,cost,F,3944569.2169352374,0.09558028222227433,265.0,-0.31962157912668415,0.32861648475682753,1.5577422667556302,2.7929428332856494,0.5577422667556302,0.014028197627872245,0.061639736684619986,0.9968534763382491,0.120956898407558,0.0,205.0,42.0,0.0,1.8785925319209877,0.09446211126193578,-0.3196231157699286,-0.31962491246650726,2.7929142893656365,0.0,3858491.9494448174
0.5,1.5,0.08,cost,F,3920853.013812033,0.09526006676821586,265.0,-0.32048105579281844,0.3290317621070771,1.5594592957490696,2.787440136571663,0.5594592957490695,0.014160137941814095,0.061639736684619986,0.9968534763382491,0.12110955057703751,0.0,205.0,42.0,0.0,1.8726803959225609,0.09414287355771038,-0.32048258396671225,-0.3204843900166521,2.787411478733306,0.0,3834406.455846113
0.5,1.5,0.05,mtm,A,1313707.939164477,0.08095591513594569,89.0,-0.22272901876250523,0.21568058726623301,1.5131019582655822,2.9489303949790857,0.513101958265582,0.011016460026222882,0.056576797385620915,0.9969376995342198,0.09958490827457682,0.0,79.0,10.0,0.0,0.7795371475570085,0.07889678670984637,-0.22274033668498536,-0.22274200288371404,2.94522520358836,0.0,1287315.9836791784
0.5,1.5,0.08,mtm,A,1310521.7383178151,0.08069520764382565,89.0,-0.22317828757277464,0.21598413233456998,1.5140109714807912,2.94548376915884,0.5140109714807912,0.01111852348589636,0.056576797385620915,0.9969376995342198,0.09969722596020641,0.0,79.0,10.0,0.0,0.7771956784676631,0.07864064289402098,-0.2231896728799856,-0.22319139507052044,2.9417848355708776,0.0,1284246.1428816824
0.5,1.5,0.05,mtm,B,1745656.5658325749,0.1056751088208594,177.0,-0.30998434348149506,0.4260455066833825,1.4970387746902278,3.0119154700219046,0.49703877469022767,0.0145929467155392,0.06540247678018576,0.7686167817876337,0.13468708487618752,0.0,126.0,33.0,0.0,1.0677359297738522,0.10560787968901238,-0.30998612506041145,-0.3099868018099987,3.0118866033558844,0.0,1744518.5454742312
0.5,1.5,0.08,mtm,B,1740330.9535338082,0.10535737604916129,177.0,-0.3105332723538828,0.4264615009006051,1.4981975021868428,3.0072360772795785,0.49819750218684267,0.014717682773112773,0.06540247678018576,0.7680053232803681,0.13483543681826407,0.0,126.0,33.0,0.0,1.0646790922147291,0.10528973973837866,-0.3105350639602862,-0.3105357520356279,3.0072070806502045,0.0,1739189.34020028
0.5,1.5,0.05,mtm,F,3815583.960779003,0.09381610880708358,269.0,-0.309983798535598,0.3217667350663846,1.5131019582655822,2.9489303949790857,0.513101958265582,0.01288833390198165,0.0611410333133852,0.9969376995342198,0.11863184509161855,0.0,208.0,43.0,0.0,1.8457737242910723,0.09281406063968663,-0.30998534086043966,-0.3099869291701616,2.94522520358836,0.0,3740264.049295066
0.5,1.5,0.08,mtm,F,3794182.3852716256,0.09351791612318205,269.0,-0.31053271221951745,0.3221129884971905,1.5140109714807912,2.94548376915884,0.5140109714807912,0.013002186029601261,0.0611410333133852,0.9969376995342198,0.11876519263644031,0.0,208.0,43.0,0.0,1.840379166088352,0.09252583121990314,-0.3105342590944137,-0.3105358552659474,2.9417848355708776,0.0,3719977.5260298164
0.5,2.0,0.05,cost,A,1406554.1657396455,0.08831342157086841,96.0,-0.22581763051905007,0.23207898785202613,1.9087174798308413,2.1004520350894467,0.9087174798308412,0.019691570823729895,0.0690359477124183,0.9968534763382491,0.1084400446080598,0.0,85.0,11.0,0.0,0.851968832569475,0.08831301392877011,-0.2258290047573991,-0.2258306952662783,2.1004117054197033,0.0,1406546.7169622977
0.5,2.0,0.08,cost,A,1400675.634922024,0.0878607515755252,96.0,-0.226340278346443,0.232646038586651,1.9100660265645395,2.09882137208899,0.9100660265645395,0.019932137563697452,0.0690359477124183,0.9968534763382491,0.10865287465746921,0.0,85.0,11.0,0.0,0.8477807700535427,0.08786037231749917,-0.22635171901670242,-0.2263534651836573,2.098780869220887,0.0,1400668.087211428
0.5,2.0,0.05,cost,B,1842065.6664758867,0.11128019938750255,183.0,-0.31962223997343997,0.444854789474015,1.746471360694867,2.339636123573876,0.746471360694867,0.023545256276755244,0.0661764705882353,0.7579473780513702,0.14411358587971934,0.0,131.0,34.0,0.0,1.1217157050539643,0.11127961792925609,-0.31962427726966325,-0.3196246454120999,2.3396228484035713,0.0,1842051.617103443
0.5,2.0,0.08,cost,B,1833277.8277613574,0.11078043684336703,183.0,-0.32048171735126824,0.44555970023684344,1.7485730197399882,2.3358750230505603,0.7485730197399882,0.02377076001480611,0.0661764705882353,0.7569899132568911,0.1443771188901391,0.0,131.0,34.0,0.0,1.1169336537754984,0.1107798517683662,-0.3204837742608225,-0.32048414347223864,2.3358616947248367,0.0,1833263.7086767226
0.5,2.0,0.05,cost,F,4313231.236355673,0.1003355477446849,279.0,-0.31962157912668376,0.34263545407112683,1.9087174798308413,2.1004520350894467,0.9087174798308412,0.021752543033097257,0.06782365848793138,0.9968534763382491,0.12823793187692079,0.0,216.0,45.0,0.0,1.9725127761586516,0.10033506218795507,-0.3196231157699286,-0.3196249124665076,2.1004117054197033,0.0,4313185.502969357
0.5,2.0,0.08,cost,F,4274714.1280792225,0.09985720961018196,279.0,-0.3204810557928185,0.3432757091145897,1.9100660265645395,2.09882137208899,0.9100660265645395,0.021986256173729467,0.06782365848793138,0.9968534763382491,0.12847842356662417,0.0,216.0,45.0,0.0,1.9635426938440699,0.09985670744888434,-0.3204825839667124,-0.32048439001665263,2.098780869220887,0.0,4274669.376774922
0.5,2.0,0.05,mtm,A,1378566.1637174834,0.0861427722519651,96.0,-0.22272901876250523,0.2254956411985593,1.806571017948452,2.2398164299845202,0.806571017948452,0.016784270222200637,0.060866013071895424,0.9969376995342198,0.10519618087122513,0.0,85.0,11.0,0.0,0.8318698158219748,0.08614224540856563,-0.22274033668498536,-0.22274200288371404,2.2397678216206534,0.0,1378557.280825147
0.5,2.0,0.08,mtm,A,1373625.653446857,0.08575548817518353,96.0,-0.22317828757277464,0.225962969366179,1.807646324691274,2.2381657285249528,0.807646324691274,0.01695613322582457,0.061683006535947715,0.9969376995342198,0.10537000409005576,0.0,85.0,11.0,0.0,0.8282796674028408,0.08575498136406987,-0.2231896728799856,-0.22319139507052044,2.2381169284962037,0.0,1373616.8133754584
0.5,2.0,0.05,mtm,B,1745207.6391842356,0.10564835920544502,179.0,-0.30998434348149506,0.42858751762327857,1.5704262665845194,2.7530749521540616,0.5704262665845196,0.016756921271411908,0.06540247678018576,0.7686167817876337,0.13692833212350958,0.0,127.0,34.0,0.0,1.0677020350394035,0.10564778695926261,-0.30998612506041145,-0.3099868018099987,2.753055535492128,0.0,1745193.8578744752
0.5,2.0,0.08,mtm,B,1739084.615337371,0.10528289075597519,179.0,-0.3105332723538828,0.4290702584464769,1.571647951502346,2.749328406359149,0.571647951502346,0.01690132201029135,0.06540247678018576,0.7680053232803681,0.1371024092112022,0.0,127.0,34.0,0.0,1.0641873945585436,0.10528232324669592,-0.3105350639602862,-0.3105357520356279,2.749308837201569,0.0,1739070.7988708895
0.5,2.0,0.05,mtm,F,4043566.7316878377,0.09689745634227831,279.0,-0.3099837985355981,0.331227020891931,1.806571017948452,2.2398164299845202,0.806571017948452,0.017483248080093605,0.06343506882106523,0.9969376995342198,0.12304872375359649,0.0,216.0,45.0,0.0,1.9079525090233964,0.0968969671259488,-0.30998534086043944,-0.3099869291701616,2.2397678216206534,0.0,4043522.6951508
0.5,2.0,0.08,mtm,F,4013976.193188973,0.09650699514902494,279.0,-0.31053271221951734,0.33172033195718165,1.807646324691274,2.2381657285249528,0.807646324691274,0.01764757967531351,0.06383403151805306,0.9969376995342198,0.12322809787864293,0.0,216.0,45.0,0.0,1.9006077079676047,0.09650649189718177,-0.3105342590944138,-0.3105358552659474,2.2381169284962037,0.0,4013933.163137567
0.75,0.9,0.06,cost,A,1224415.6513087498,0.07342355196073835,64.0,-0.18833632344863693,0.19803172067367372,0.899519121516229,inf,0.0,0.0,0.0,0.9693466088068583,0.08939873608852494,0.0,55.0,9.0,0.0,0.7127018695720507,0.06997452272073638,-0.21836076188993214,-0.24975087885017033,inf,0.0,1143722.3835110886
0.75,0.9,0.06,cost,B,1749373.1494036936,0.10589595199462576,146.0,-0.28242569447265464,0.4411709879649205,0.8949382960257285,inf,0.0,0.0,0.0,0.8258727205826242,0.1338122893938954,0.0,99.0,29.0,0.0,1.0725487940333815,0.1022979875272497,-0.28542269130489895,-0.2854250070854091,inf,0.0,1665925.571923818
0.75,0.9,0.06,cost,F,3585512.731259333,0.09052341077067061,210.0,-0.2689853160844477,0.3242978515919565,0.899519121516229,inf,0.0,0.0,0.0,0.9693466088068583,0.11433730443594183,0.0,154.5,38.0,0.0,1.7877186944634729,0.08829866438578304,-0.285413820155595,-0.28541790371214937,inf,0.0,3319735.642972042
0.75,0.9,0.06,mtm,A,1215002.9137517633,0.07260125110022764,65.0,-0.18656861625245236,0.19668654523888204,0.8966113194071085,inf,0.0,0.0,0.0,0.9695364482111613,0.0889337515390126,0.0,56.0,9.0,0.0,0.71175261551101,0.07116055069117429,-0.21770799085949927,-0.24963929912794658,inf,0.0,1146416.0909956307
0.75,0.9,0.06,mtm,B,1762039.9489704582,0.10664674301922517,148.0,-0.2807106313693693,0.44300768557808334,0.9008890777281456,inf,0.0,0.0,0.0,0.8276871459440209,0.13421630676500307,0.0,101.0,29.5,0.0,1.0752401502907998,0.10303724259623832,-0.28071414759616087,-0.28071652202335784,inf,0.0,1663279.3848974342
0.75,0.9,0.06,mtm,F,3564382.193364368,0.09021113546009785,213.0,-0.2807092077457885,0.3254218505791068,0.9031280431033675,inf,0.0,0.0,0.0,0.9695364482111613,0.11470061180344993,0.0,157.0,38.0,0.0,1.7873922470333479,0.08876617435589018,-0.2807139228862832,-0.28071523883435145,inf,0.0,3390752.4834503965
0.75,1.0,0.06,cost,A,1267652.99878866,0.07713085054597046,66.0,-0.2156054783580641,0.21267096097741023,0.9965980763114082,inf,0.0,0.0,0.0,0.9693466088068583,0.09740796186866833,0.0,57.0,9.0,0.0,0.7386030356374735,0.07337289982206766,-0.23023968929030328,-0.257179208432473,inf,0.0,1203408.1609285453
0.75,1.0,0.06,cost,B,1928540.4612037865,0.1160860229274332,152.0,-0.30066867056297736,0.4781431374724914,0.9944596431853909,inf,0.0,0.0,0.0,0.8048797863769113,0.14496805989523892,0.0,105.0,30.0,0.0,1.1604282213914912,0.10851873431435939,-0.3066474667377973,-0.30664923502965324,inf,0.0,1775421.3802988892
0.75,1.0,0.06,cost,F,4010207.785034405,0.09645706320960146,217.5,-0.2983094211222259,0.35153803925389054,0.9966457447688662,inf,0.0,0.0,0.0,0.9693466088068583,0.12491290438106487,0.0,161.0,39.0,0.0,1.8979094722983256,0.0942361451296601,-0.30325657082997326,-0.3066443936387352,inf,0.0,3692711.5994275403
0.75,1.0,0.06,mtm,A,1277385.207246135,0.07794944598438147,68.0,-0.2142724069887948,0.2133083857591365,0.9980088302470445,inf,0.0,0.0,0.0,0.9695364482111613,0.09776482884985188,0.0,59.0,9.0,0.0,0.7411566006961726,0.07434014110506612,-0.22928741103250747,-0.25542276962616695,inf,0.0,1199286.426158831
0.75,1.0,0.06,mtm,B,1899167.997594092,0.11447594659514138,152.5,-0.3076271597161506,0.4711013307046157,0.999200343753907,inf,0.0,0.0,0.0,0.7967104284759938,0.14453110449677628,0.0,105.0,30.0,0.0,1.1488431991265462,0.10935124343458144,-0.31172833532628164,-0.31549716775324244,inf,0.0,1777305.990288661
0.75,1.0,0.06,mtm,F,4002199.0534967403,0.09635074397377019,219.5,-0.3078952180522781,0.34932081322804254,0.9992707675130843,inf,0.0,0.0,0.0,0.9695364482111613,0.12436971585978855,0.0,162.5,39.0,0.0,1.8897414598150744,0.09359952370125435,-0.31142771137781916,-0.3154938830336408,inf,0.0,3689346.907610989
0.75,1.2,0.05,cost,A,1354456.699405176,0.08424086842210599,71.0,-0.24386876659775797,0.240139491217484,1.2256210852925307,5.432209865385042,0.22562108529253067,0.00989810833557539,0.0718954248366013,0.9693466088068583,0.10944281827706984,0.0,62.0,9.0,0.0,0.8079193551276237,0.08068084629975122,-0.2507047405604412,-0.2507108977016792,5.406226557404586,0.0,1307394.646476269
0.75,1.2,0.08,cost,A,1351736.0556506645,0.08402433642012352,71.0,-0.24524032629523623,0.2404165882483022,1.2276242251359974,5.393205509969823,0.22762422513599767,0.009994557492424557,0.0718954248366013,0.9693466088068583,0.10955135953229289,0.0,62.0,9.0,0.0,0.8058186266016445,0.08044801457707655,-0.25207606332923194,-0.25208248205301487,5.367408016830869,0.0,1304504.015925208
0.75,1.2,0.05,cost,B,2084494.812315104,0.12427977914964594,158.0,-0.3463746254030909,0.5273387753838419,1.1957079939198398,6.1096537272141695,0.19570799391983973,0.014492610720097714,0.11726006191950464,0.7522742976929893,0.16149732834898495,0.0,110.0,30.0,0.0,1.2551777364206398,0.12369658586758477,-0.3494373403791048,-0.352819366112777,6.0573233809375235,0.0,2068837.770127296
0.75,1.2,0.08,cost,B,2078363.0130614382,0.12396827507801245,158.0,-0.34741414311337065,0.5277658867915581,1.1984148111978061,6.039946740452855,0.19841481119780613,0.014611967599919227,0.11726006191950464,0.7510779367197203,0.16163440828220665,0.0,110.0,30.0,0.0,1.252004089219279,0.12334152491659918,-0.350476920335656,-0.3538588663942548,5.988196280949322,0.0,2061902.724142649
0.75,1.2,0.05,cost,F,4695460.2851650175,0.10487368957209975,229.0,-0.34877937113590646,0.3901042375927311,1.2256210852925307,5.432209865385042,0.22562108529253067,0.012414114713191447,0.09854378615599442,0.9693466088068583,0.13971115880476062,0.0,172.0,39.0,0.0,2.0639716680799287,0.10416794337558981,-0.35310454255595,-0.35311230272883787,5.406226557404586,0.0,4529140.80412325
0.75,1.2,0.08,cost,F,4670420.578844026,0.10458735431092558,229.0,-0.34981888424369256,0.3904708180001146,1.2276242251359974,5.393205509969823,0.22762422513599767,0.01252568400929474,0.09854378615599442,0.9693466088068583,0.13984157465463615,0.0,172.0,39.0,0.0,2.058633375576071,0.10388161749695454,-0.3541439975674331,-0.35415185729609655,5.367408016830869,0.0,4504185.3229414495
0.75,1.2,0.05,mtm,A,1336459.1650830898,0.08280113122077348,71.0,-0.24103356177402724,0.23582298704505628,1.1966220360568804,6.085899946485012,0.1966220360568805,0.008368344748392683,0.0718954248366013,0.9695364482111613,0.10757819485501985,0.0,62.0,9.0,0.0,0.7954663609602981,0.07961914081123755,-0.2476449085758783,-0.24765094512620311,6.083218436922994,0.0,1294985.767729451
0.75,1.2,0.08,mtm,A,1334153.62453453,0.08261543631195911,71.0,-0.2422439479283272,0.23605357873891786,1.19749694427417,6.063369493331074,0.19749694427417,0.008445994130211238,0.0718954248366013,0.9695364482111613,0.10766855025098415,0.0,62.0,9.0,0.0,0.7936858551619544,0.07942439807707322,-0.2488549593092774,-0.2488612436117872,6.060697452907548,0.0,1292622.4207211793
0.75,1.2,0.05,mtm,B,2070933.0928596444,0.12358971427715137,160.0,-0.3519277858688182,0.5224563556937571,1.202032806383988,5.949692300802369,0.2020328063839879,0.01387650270970274,0.11068111455108359,0.7457371730539131,0.16039689578646715,0.0,112.0,30.0,0.0,1.2412720198087916,0.12298318830681239,-0.3556243283660594,-0.35562905919764953,5.929572914580791,0.0,2059026.927891675
0.75,1.2,0.08,mtm,B,2064489.844128461,0.12326042146337113,160.0,-0.3530496015870441,0.5228773614891054,1.2036214090462378,5.91107605773939,0.20362140904623793,0.014000497658786687,0.11068111455108359,0.744446298882553,0.16053943509528207,0.0,112.0,30.0,0.0,1.2382280088262725,0.1226539328650413,-0.35674608371128735,-0.3567508673034966,5.891066311868029,0.0,2052618.6699861686
0.75,1.2,0.05,mtm,F,4605881.252067429,0.10384254789020064,231.0,-0.35181299609720057,0.3845155222260418,1.2020215312031088,5.949968770025177,0.2020215312031089,0.011139784739354744,0.0921603830041891,0.9695364482111613,0.13754412280297373,0.0,174.0,39.0,0.0,2.033389088534725,0.10227649477368499,-0.355623169997436,-0.3556290353286713,5.929738250113795,0.0,4438829.087668211
0.75,1.2,0.08,mtm,F,4583623.1267983,0.1035833744494673,231.0,-0.35293517448055467,0.38484496206139923,1.2036100272402672,5.911350804169766,0.2036100272402671,0.011236934833740043,0.0921603830041891,0.9695364482111613,0.13766433368776515,0.0,174.0,39.0,0.0,2.028534300897604,0.10201231586551954,-0.35674493004269353,-0.35675083458219214,5.891230708875981,0.0,4416937.933130999
0.75,1.5,0.05,cost,A,1438902.445293344,0.09077428930421927,75.0,-0.29531431077609854,0.2627974712388741,1.541834693845807,2.845582907464024,0.541834693845807,0.026298168048422436,0.0988562091503268,0.9693466088068583,0.12298255102586914,0.0,66.0,9.0,0.0,0.8709181778897171,0.08770805969663872,-0.30686385669650595,-0.3077905879589362,2.837942876891528,0.0,1397285.322597739
0.75,1.5,0.08,cost,A,1431266.8199919139,0.09019794119913016,75.0,-0.2985814653495632,0.26360986591867985,1.5461381327906194,2.8310387217902404,0.5461381327906195,0.026715487913556428,0.0988562091503268,0.9693466088068583,0.12332706610189031,0.0,66.0,9.0,0.0,0.8656346884667036,0.08719170730817305,-0.31011123826347464,-0.31103623277583925,2.816061517965339,0.0,1390076.4387059414
0.75,1.5,0.05,cost,B,2292892.584453169,0.13440214043846188,164.0,-0.4066769054154155,0.5727929066535813,1.6265440435397824,2.5960569896694965,0.6265440435397827,0.0402854616781154,0.15479876160990713,0.6828703595950438,0.17996262546287045,0.0,116.0,30.0,0.0,1.3406455269113977,0.1344007926170749,-0.4066810403509834,-0.40668228589661637,2.596005998717221,0.0,2292856.2056994354
0.75,1.5,0.08,cost,B,2274142.2991156215,0.13352629363174873,164.0,-0.40999372602894996,0.5741920168387871,1.640823880614331,2.5604911587730976,0.6408238806143309,0.04083555050140272,0.15479876160990713,0.6790529736893476,0.1804824581537786,0.0,116.0,30.0,0.0,1.3324345875027441,0.13352494919977792,-0.40999791816312503,-0.4099991215013499,2.5604406899362466,0.0,2274105.921656978
0.75,1.5,0.05,cost,F,5492241.263928888,0.11330027126804909,239.0,-0.40667541109238375,0.4235830736733811,1.6265394150158257,2.596068780405269,0.6265394150158259,0.03360778315577869,0.12806702573309395,0.9693466088068583,0.15516647763276745,0.0,182.0,39.0,0.0,2.2103927093900175,0.11177323515700255,-0.40667879638041154,-0.4066823700632789,2.596003623521836,0.0,5333518.1177274035
0.75,1.5,0.08,cost,F,5418420.283148477,0.11257023873696281,239.0,-0.4099921716217924,0.4247009568877722,1.6408191690877447,2.560502632004119,0.6408191690877448,0.034095119630325174,0.12806702573309395,0.9693466088068583,0.15561044137437613,0.0,182.0,39.0,0.0,2.1968983006267093,0.1110733441779872,-0.4099956301660936,-0.4099991985420278,2.560438513651407,0.0,5262611.516025749
0.75,1.5,0.05,mtm,A,1418472.3445400682,0.08922595558548674,75.0,-0.29049326690036753,0.25745322004289395,1.5070580888366278,2.9721615985513794,0.5070580888366278,0.023709828198081484,0.0923202614379085,0.9695364482111613,0.12062447074727103,0.0,66.0,9.0,0.0,0.8569419408755165,0.0866245876917138,-0.30150102089970243,-0.3023841481614158,2.9667344538356795,0.0,1383285.4187421096
0.75,1.5,0.08,mtm,A,1411607.7336375848,0.0887011999177959,75.0,-0.2935300962768925,0.258170261206223,1.5106460322758577,2.9583046346891546,0.5106460322758576,0.024049412257763754,0.0923202614379085,0.9695364482111613,0.12093007344489952,0.0,66.0,9.0,0.0,0.8521585958731084,0.08615738866795879,-0.3045194157321124,-0.3054009484858299,2.952910892281403,0.0,1376879.725035898
0.75,1.5,0.05,mtm,B,2193055.1504972707,0.12966166630250575,161.0,-0.4008495228028514,0.5584999750541697,1.526554953399509,2.8991370104932934,0.5265549533995089,0.033129256419017705,0.13080495356037153,0.6894430731813829,0.17466604539729066,0.0,113.0,30.0,0.0,1.2961272598796014,0.12966028866421914,-0.4008529270259447,-0.40085454828143763,2.8990495675146186,0.0,2193017.118417095
0.75,1.5,0.08,mtm,B,2178119.730121565,0.12893575659143153,161.0,-0.4039779065899944,0.5596795606295071,1.5344696607309718,2.871013592599528,0.5344696607309718,0.03357997660318275,0.13080495356037153,0.6858432997938966,0.17511691653876893,0.0,113.0,30.0,0.0,1.2892937830048994,0.12893438867369295,-0.4039813399199466,-0.4039829331176982,2.8709277492216585,0.0,2178081.764472912
0.75,1.5,0.05,mtm,F,5178570.952666102,0.11013120198202131,236.0,-0.40084807548940454,0.41360607810415523,1.5265494029417601,2.899157029573368,0.5265494029417601,0.028655139817549857,0.11250748055056853,0.9695364482111613,0.15108917011095027,0.0,179.0,39.0,0.0,2.15189842249422,0.10883720476014343,-0.40085150171467493,-0.4008545830622813,2.899079296145259,0.0,5050173.450320765
0.75,1.5,0.08,mtm,F,5118412.965521183,0.10950259947967345,236.0,-0.4039763982613289,0.4145642420525215,1.5344639814099903,2.8710334742778563,0.5344639814099903,0.029053298352952762,0.11250748055056853,0.9695364482111613,0.15147686943675473,0.0,179.0,39.0,0.0,2.140281618603915,0.10823736646236089,-0.40397986003590824,-0.40398296153005486,2.870957043991162,0.0,4992553.027568925
0.75,2.0,0.05,cost,A,1584205.615976431,0.10124785586766927,84.0,-0.33350563726304644,0.30481225790702315,2.242909827676929,1.8045635956306845,1.2429098276769288,0.053356232411408515,0.13112745098039216,0.9693466088068583,0.1436881584896621,0.0,74.0,10.0,0.0,0.9709091918697877,0.10124668868341476,-0.333529289780714,-0.33353372240098644,1.8045013241761003,0.0,1584185.2543811558
0.75,2.0,0.08,cost,A,1567640.9981937993,0.10009863023619092,84.0,-0.3376242520917003,0.3065490707973835,2.2534372690819793,1.7978061803865018,1.2534372690819793,0.05451700651813764,0.13112745098039216,0.9693466088068583,0.1444128346701216,0.0,74.0,10.0,0.0,0.9603976927037822,0.10009733754746128,-0.3376481993063726,-0.3376529016396528,1.797743740544626,0.0,1567620.93992394
0.75,2.0,0.05,cost,B,2386836.4163383236,0.13869499542830455,172.0,-0.47407365739617946,0.6210546635667515,2.350198454250081,1.7406318775720653,1.350198454250081,0.06842505003943244,0.1540247678018576,0.605302270756107,0.20290191122522422,0.0,122.0,32.0,0.0,1.380852067369672,0.13857054935966057,-0.4740782682500672,-0.4740787266238743,1.739305826664898,0.0,2379771.628550322
0.75,2.0,0.08,cost,B,2355905.908935822,0.13729876326057366,172.0,-0.47909704002720893,0.6238213093163281,2.369010146283741,1.7304547881163814,1.3690101462837412,0.0696068889055172,0.1540247678018576,0.5995207085214458,0.2040695031230286,0.0,122.0,32.0,0.0,1.3676410476310406,0.13712399685827847,-0.4791016642362573,-0.47910214962209763,1.7291435309385004,0.0,2348036.002346129
0.75,2.0,0.05,cost,F,6299131.643555911,0.12072229643404442,256.0,-0.47407230585335164,0.4693720719621816,2.350278977184529,1.7405877003537595,1.3502789771845292,0.06106503789272626,0.14342708956712547,0.9693466088068583,0.17699581736586723,0.0,196.0,42.0,0.0,2.350831786227574,0.12055056428305719,-0.47407537529596927,-0.4740796841049685,1.7393019533994865,0.0,6279144.336927296
0.75,2.0,0.08,cost,F,6153325.671548706,0.11945076065463767,256.0,-0.4790956870605538,0.47167007713068376,2.369091702835047,1.7304112649884735,1.369091702835047,0.06224179056497632,0.14342708956712547,0.9693466088068583,0.1779707369450803,0.0,196.0,42.0,0.0,2.327139925003543,0.11925105185545415,-0.4790988007129535,-0.47910306884019094,1.729139718415599,0.0,6130614.756379166
0.75,2.0,0.05,mtm,A,1549032.8200371703,0.09879450785649313,84.0,-0.3269114225758698,0.2938555875142921,2.04194984681173,1.9597390958972714,1.0419498468117303,0.04727328003346037,0.13031045751633988,0.9695364482111613,0.13886109066072866,0.0,74.0,10.0,0.0,0.9545257849853603,0.09815066758011133,-0.326934931548474,-0.3269392665081158,1.955887557350171,0.0,1527931.927240872
0.75,2.0,0.08,mtm,A,1518892.5728919972,0.09665193551047013,83.0,-0.3307621462347971,0.29280420466598345,1.9881223280175417,2.012020461772504,0.988122328017542,0.047994533023552,0.13071895424836602,0.9695364482111613,0.1388870639487111,0.0,73.0,10.0,0.0,0.9364617080811731,0.09626717288676068,-0.33078580790622436,-0.33079041522496344,2.006494862440295,0.0,1508628.167517002
0.75,2.0,0.05,mtm,B,2218524.7309172964,0.13088930214900263,173.0,-0.4530492074088939,0.6034827664778566,2.0950785352226813,1.9131765157280347,1.095078535222681,0.05805490266981926,0.13583591331269348,0.6293770001539084,0.19340588097562167,0.0,122.0,33.0,0.0,1.3113546833712504,0.13066829063612861,-0.45305317009580776,-0.45305439240899714,1.8998894694407638,0.0,2213283.2166326637
0.75,2.0,0.08,mtm,B,2186161.092635414,0.12932715069313727,173.0,-0.4573665458195663,0.6046773025407439,2.014994696011769,1.9852270826015015,1.0149946960117684,0.05677801337881122,0.13815789473684212,0.624408973708676,0.19342949046154478,0.0,122.0,33.0,0.0,1.2959079735645567,0.12911068855351238,-0.4573705598455738,-0.45737180137421707,1.8852470805444554,0.0,2180059.926329016
0.75,2.0,0.05,mtm,F,5725406.199066903,0.11554627908116788,257.0,-0.4530479632570044,0.4520849713676489,2.090223299320908,1.9172435855757075,1.090223299320908,0.05305476667197261,0.13385198483941751,0.9695364482111613,0.16931316277099395,0.0,196.0,43.0,0.0,2.2619540297868683,0.1150567871480308,-0.4530511720641539,-0.45305486782560755,1.9036667570551467,0.0,5648467.944218728
0.75,2.0,0.08,mtm,F,5625258.634793043,0.11459245297288001,256.0,-0.4573652908213859,0.4513008801214411,2.0114651568570494,1.988666216207077,1.0114651568570494,0.05249015506063816,0.1348493915818871,0.9695364482111613,0.16881052729614265,0.0,196.0,42.0,0.0,2.2356397076118077,0.11347604022920618,-0.45736850408501595,-0.4573722247321801,1.8839413460137167,0.0,5497027.078396927
1.0,0.9,0.06,cost,A,1315589.0980202095,0.08110748464840567,58.0,-0.17700939442492403,0.2097619405441023,0.8946486862875169,inf,0.0,0.0,0.0,0.9418468521897021,0.09414121356805974,0.0,50.5,8.0,0.0,0.7717405657418865,0.07217893967486158,-0.24494147720122056,-0.25453450847427106,inf,0.0,1165467.2808041319
1.0,0.9,0.06,cost,B,1722407.9733791377,0.10428140439510358,126.0,-0.2848366619213874,0.45311611693008336,0.8990126362407956,inf,0.0,0.0,0.0,0.8213541749033202,0.13763894120234782,0.0,83.5,26.0,0.0,1.0709377613252784,0.09561789831592578,-0.292699792490523,-0.29507137197619226,inf,0.0,1509472.9406766996
1.0,0.9,0.06,cost,F,3686040.2741897507,0.09198591915800303,183.0,-0.26687761153829825,0.34040536488754614,0.8975034809093896,inf,0.0,0.0,0.0,0.9418468521897021,0.11925108635986365,0.0,132.0,34.5,0.0,1.8145513667557651,0.08778661567054662,-0.2950736511478169,-0.2987376072030461,inf,0.0,2922695.726730326
1.0,0.9,0.06,mtm,A,1295955.2665290865,0.07949556898662613,59.0,-0.20733620770825006,0.2107707338183275,0.9008560089431289,inf,0.0,0.0,0.0,0.9421849429001514,0.09625063020724389,0.0,51.0,8.0,0.0,0.7655532786705016,0.07178734975915109,-0.24475284338022182,-0.27210341661017834,inf,0.0,1199720.022955666
1.0,0.9,0.06,mtm,B,1727158.9150690953,0.10456769774968844,128.0,-0.2832812409699573,0.4563503438851826,0.9017607674746242,inf,0.0,0.0,0.0,0.8191968846467754,0.13910797685219473,0.0,85.0,27.0,0.0,1.0801126342854621,0.09899228241523043,-0.2919293090738494,-0.3078173554544116,inf,0.0,1603522.1963544327
1.0,0.9,0.06,mtm,F,3689575.968186693,0.09203694187288147,188.0,-0.26718747992829567,0.34117420172463564,0.9021392485179263,inf,0.0,0.0,0.0,0.9421849429001514,0.12036886163680402,0.0,136.0,34.0,0.0,1.8381475637841664,0.08765237476092938,-0.2917134896186737,-0.31347309362996933,inf,0.0,3238792.9074621336
1.0,1.0,0.06,cost,A,1334915.3949542334,0.08267654756718146,60.0,-0.22166409750948302,0.23082630625650985,0.98425354849932,inf,0.0,0.0,0.0,0.9418468521897021,0.10352709042778084,0.0,52.0,8.0,0.0,0.7968820966544948,0.07535214877989553,-0.25874857923689704,-0.289286336235397,inf,0.0,1229009.2469143437
1.0,1.0,0.06,cost,B,1887378.7532156277,0.11382298733262208,133.5,-0.3042837424102735,0.49875153091277064,0.9949013040322846,inf,0.0,0.0,0.0,0.8169980005980433,0.15189061454063385,0.0,89.0,27.5,0.0,1.1589988536443243,0.10654508985104871,-0.32510709846126357,-0.32815528982727027,29699.12260627449,0.0,1721438.0213627515
1.0,1.0,0.06,cost,F,4299165.867623037,0.10016132035411174,192.0,-0.2979369067419896,0.3682643593195156,0.9949179010852547,inf,0.0,0.0,0.0,0.9418468521897021,0.13081303925029258,0.0,140.0,35.5,0.0,1.957433823635252,0.09633135533301959,-0.32838012188834403,-0.3304093109346945,inf,0.0,3672707.199156609
1.0,1.0,0.06,mtm,A,1352983.5750796932,0.08412366772770563,60.0,-0.2034892084666971,0.2275887483167896,0.9943530705003125,inf,0.0,0.0,0.0,0.9421849429001514,0.10358831849196574,0.0,52.0,8.0,0.0,0.805048883607675,0.07777287517429365,-0.25619021336256564,-0.2750503654176334,inf,0.0,1225467.599977744
1.0,1.0,0.06,mtm,B,1893356.9924841146,0.11415461193117582,136.0,-0.3005147766491182,0.49856034163124824,0.9972572266415928,inf,0.0,0.0,0.0,0.8209330701419866,0.15127114855193052,0.0,92.0,27.5,0.0,1.1716935533459847,0.10940938027636371,-0.32485215580988186,-0.3421909921358327,inf,0.0,1720298.2104911015
1.0,1.0,0.06,mtm,F,4313751.2163161915,0.10034067890371634,195.0,-0.2962809141815146,0.3666802489770472,0.9983437178336197,inf,0.0,0.0,0.0,0.9421849429001514,0.13110588347868543,0.0,142.5,36.0,0.0,1.9693214046375285,0.09648335599392015,-0.33332037663464065,-0.3421905105917509,inf,0.0,3916546.727388063
1.0,1.2,0.05,cost,A,1421784.348544126,0.08947725902277537,64.0,-0.24595066431647683,0.26017231031273713,1.2226169530470608,5.492025111486302,0.22261695304706075,0.012186013884588134,0.0892565359477124,0.9418468521897021,0.1186614693442978,0.0,55.0,9.0,0.0,0.8692793103822016,0.08687004399669498,-0.2874845874925241,-0.32526466584201696,5.087910245828875,0.0,1305548.5414647956
1.0,1.2,0.08,cost,A,1417701.676529523,0.08916604677940909,64.0,-0.2475545487647668,0.2604224609822365,1.22439132640377,5.456500679103623,0.22439132640377002,0.012331652128899376,0.0892565359477124,0.9418468521897021,0.1188061236888446,0.0,55.0,9.0,0.0,0.8662357396045357,0.08652180073022046,-0.2874445765353833,-0.3270629263959094,5.3212412594421625,0.0,1302142.9697617295
1.0,1.2,0.05,cost,B,2224608.938228823,0.1311806116609584,145.0,-0.36995107361036206,0.5789838406419394,1.2375466792486178,5.209719939151224,0.2375466792486179,0.026256683994702816,0.19910990712074303,0.7484058922759083,0.17879900820173417,0.0,98.0,29.5,0.0,1.3141165055903226,0.12583136387833133,-0.37383607301507693,-0.3738400953144503,5.091610230132589,0.0,2090907.0900429522
1.0,1.2,0.08,cost,B,2211771.4483036217,0.13056499761488305,145.0,-0.3708970806126437,0.5798132827334757,1.2413655109419368,5.143100414084219,0.24136551094193676,0.026562515893141153,0.1996904024767802,0.7471551627515138,0.1790717766628801,0.0,98.0,29.5,0.0,1.308273121207212,0.12518867275079953,-0.37478216258484726,-0.3747861561926892,5.040728755215881,0.0,2077895.6831334296
1.0,1.2,0.05,cost,F,5327476.570624022,0.11165774781297089,209.0,-0.3525408160447729,0.4264449516162983,1.2373397977319591,5.213369187275184,0.2373397977319593,0.01889520572515331,0.14532216237781767,0.9418468521897021,0.15223637139712115,0.0,153.5,38.0,0.0,2.1789958342670177,0.10912277062415057,-0.373819468487926,-0.37382736365362423,5.087910245828875,0.0,5054288.087382207
1.0,1.2,0.08,cost,F,5284444.817092712,0.11122081483483648,209.0,-0.35348730986379223,0.42701162867843245,1.240096752787333,5.1649948878649905,0.24009675278733306,0.019104432532675877,0.1457211250748055,0.9418468521897021,0.15246186173965529,0.0,153.5,38.0,0.0,2.170164611375845,0.10851773126474917,-0.37476522052425865,-0.3747732800573219,5.0683599374473705,0.0,5006725.424209995
1.0,1.2,0.05,mtm,A,1401547.6181572247,0.08792736264001455,65.0,-0.2432256405489523,0.2562259755074442,1.2120334364907719,5.716283925667005,0.21203343649077197,0.010546116508421138,0.08272058823529412,0.9421849429001514,0.11697473247843204,0.0,56.0,9.0,0.0,0.8558269673278579,0.08631177189664012,-0.2827875939952374,-0.32254888022649764,5.4640954887360795,0.0,1298983.3306071653
1.0,1.2,0.08,mtm,A,1399265.3376362054,0.08775152217006099,65.0,-0.24468771880960288,0.2565303281335697,1.2136558267902755,5.680447349425144,0.21365582679027537,0.010939999917646853,0.0843545751633987,0.9421849429001514,0.11719315086859167,0.0,56.0,9.0,0.0,0.8536329141504198,0.08604719097772076,-0.28449681548614053,-0.324257308243989,5.428538223300343,0.0,1295733.1691321882
1.0,1.2,0.05,mtm,B,2196133.350232022,0.12981070522391758,147.0,-0.3639445969374995,0.5752888669687826,1.207116008541175,5.828245701029717,0.207116008541175,0.0234913654085534,0.1873065015479876,0.75528921407895,0.17651889643963026,0.0,100.0,30.0,0.0,1.3045337843952598,0.12704803499685452,-0.3639512302543711,-0.36395540318045594,5.5542256918943895,0.0,2085508.579517158
1.0,1.2,0.08,mtm,B,2184180.14544417,0.12923083764306975,147.0,-0.36514656684133545,0.5759750922074025,1.2101740742694305,5.7579872650847825,0.21017407426943027,0.02372827076598709,0.18962848297213622,0.7537383304073622,0.17674549536308687,0.0,100.0,30.0,0.0,1.2990696023383161,0.12645542150517783,-0.3651532510643725,-0.3651573999774601,5.495090199733818,0.0,2073913.77790712
1.0,1.2,0.05,mtm,F,5245641.787898425,0.11082389500156631,212.0,-0.3639420568163045,0.4224735248962083,1.2148436536163107,5.654564692073924,0.2148436536163107,0.017569245721970432,0.1393377219230002,0.9421849429001514,0.1503362539389587,0.0,156.0,38.0,0.0,2.1647711888803585,0.10775594180160548,-0.3639507856234115,-0.36395331842110534,5.4640954887360795,0.0,4873197.025621823
1.0,1.2,0.08,mtm,F,5208452.576345038,0.11044086265345732,212.0,-0.3651439237990894,0.42234370798614884,1.2152071074078765,5.646803892746235,0.21520710740787657,0.01765916516683967,0.1405346100139637,0.9421849429001514,0.15046623141927237,0.0,156.0,38.0,0.0,2.1565625507763775,0.1072112166741179,-0.36515274802526887,-0.3651552997199945,5.428538223300343,0.0,4808062.7967821
1.0,1.5,0.05,cost,A,1541677.4317405883,0.0982751239387506,69.0,-0.30667830580447425,0.29880459302270096,1.592660397284542,2.687306937636877,0.5926603972845419,0.04002663139665365,0.16748366013071894,0.9418468521897021,0.13798271170443688,0.0,60.0,9.0,0.0,0.9382844398175434,0.09383210124284602,-0.32020550782698454,-0.3202511351872148,2.6853765315707565,0.0,1476154.884497571
1.0,1.5,0.08,cost,A,1528248.846110398,0.09732111127145471,69.0,-0.31187679975150157,0.30021117085731686,1.5999192402383637,2.666891029538503,0.5999192402383637,0.0411009297305234,0.16748366013071894,0.9418468521897021,0.13855233666760114,0.0,60.0,9.0,0.0,0.9297034559888322,0.09287217502367669,-0.3253856316304234,-0.325432372888397,2.6649777175464013,0.0,1462740.0181427393
1.0,1.5,0.05,cost,B,2724668.696613758,0.1529626594440322,157.0,-0.4341357578862232,0.6720460316100428,1.6457935701425201,2.548482756754919,0.6457935701425199,0.07515452314294611,0.22329721362229102,0.6721627783290867,0.2098745279867057,0.0,109.0,30.0,0.0,1.5138353543558436,0.151206750127799,-0.44023240240131645,-0.44512126709242295,2.4894817601620365,0.0,2658225.5342416847
1.0,1.5,0.08,cost,B,2667478.0038561807,0.1506643071278584,156.0,-0.4374787903903247,0.6743011926265796,1.6339209757804687,2.5774849353694433,0.6339209757804686,0.07602281020261631,0.22329721362229102,0.66807818110926,0.2107514139449212,0.0,108.0,30.0,0.0,1.4925504756748185,0.1487936110738836,-0.4435750654170089,-0.4484633503999138,2.4530994101591936,0.0,2596932.72691159
1.0,1.5,0.05,cost,F,6968075.931520795,0.12621867561652522,226.0,-0.4365686269283786,0.49140261564767984,1.652666146118193,2.53217728443696,0.6526661461181931,0.05847258821301006,0.19609016556951925,0.9418468521897021,0.18012228956467333,0.0,169.0,39.0,0.0,2.4483989812903837,0.12492095269113757,-0.44491195764656655,-0.44513029466223863,2.4893836526208726,0.0,6543338.013651789
1.0,1.5,0.08,cost,F,6768956.835291825,0.1246370389043715,225.0,-0.4399114272958335,0.49362499043621216,1.6398489121181208,2.562868976430167,0.6398489121181207,0.059399915816071014,0.196688609615001,0.9418468521897021,0.18073615147183197,0.0,168.0,39.0,0.0,2.4184313063295484,0.12324768714176901,-0.4482539512326346,-0.44847248160203523,2.452995232880597,0.0,6334435.576085699
1.0,1.5,0.05,mtm,A,1516497.0949900826,0.09648001149990681,69.0,-0.3024052793130913,0.292181645351258,1.5555359463845417,2.800063536059524,0.5555359463845417,0.03606958611700023,0.1488970588235294,0.9421849429001514,0.1354228947977138,0.0,60.0,9.0,0.0,0.9221141769153949,0.092620842554288,-0.31534822256690775,-0.315393455522192,2.798883142122044,0.0,1458849.8393581319
1.0,1.5,0.08,mtm,A,1504906.9577019347,0.09564470909655587,69.0,-0.3072182403384306,0.293424616632083,1.5620492447792858,2.7792035294879645,0.5620492447792858,0.03699998955881984,0.15155228758169934,0.9421849429001514,0.13593519424452805,0.0,60.0,9.0,0.0,0.9143153338435589,0.0917580240324614,-0.32014282642155584,-0.32018889285182195,2.7780267320842738,0.0,1447039.7640914526
1.0,1.5,0.05,mtm,B,2566383.749041923,0.1464901403151927,157.0,-0.420060645498652,0.6448470276951015,1.493866882961301,3.0248412461806353,0.4938668829613012,0.0594094460572412,0.21478328173374614,0.6886503724921949,0.1993537473225776,0.0,109.0,30.0,0.0,1.4543898976478287,0.14475533118767753,-0.4254081104849442,-0.42971963856709017,2.9824589282443403,0.0,2503041.061651468
1.0,1.5,0.08,mtm,B,2533303.5522442153,0.14509187743968932,157.0,-0.4228698243904255,0.6467847256846868,1.4995647055533203,3.001744447631696,0.49956470555332033,0.06021870901897519,0.21478328173374614,0.6852021096255428,0.20000797436670192,0.0,109.0,30.0,0.0,1.4415412269284178,0.1432976632896917,-0.428215819677604,-0.4325261270661138,2.943204827595277,0.0,2468121.4302934255
1.0,1.5,0.05,mtm,F,6446338.315131297,0.12197792941942653,226.0,-0.4221749518572703,0.47431546693424487,1.5555359463845417,2.800063536059524,0.5555359463845417,0.04833988662671831,0.18112906443247556,0.9421849429001514,0.1727008579698332,0.0,169.0,39.0,0.0,2.3724265338714243,0.12083581122411483,-0.4295711328228155,-0.42972902104400135,2.798883142122044,0.0,6095028.687525653
1.0,1.5,0.08,mtm,F,6314872.699217882,0.12085788401267217,226.0,-0.4249831983006101,0.47592516731407103,1.5620492447792858,2.7792035294879645,0.5620492447792858,0.04921283823394094,0.1832236185916617,0.9421849429001514,0.17330517930015368,0.0,169.0,39.0,0.0,2.3516605502648313,0.11970266473781517,-0.4323780786762533,-0.432535617230576,2.7780267320842738,0.0,5961241.421304689
1.0,2.0,0.05,cost,A,1748115.1502389745,0.11207078192842157,76.0,-0.38501464108440553,0.3484661007877098,2.300011479728539,1.769223976820413,1.3000114797285391,0.08258071244204221,0.17197712418300654,0.9418468521897021,0.16489472278633027,0.0,67.0,9.0,0.0,1.0634269286983091,0.10835013138107959,-0.39990507186957286,-0.4010977010773008,1.7499220436466636,0.0,1685509.521201285
1.0,2.0,0.08,cost,A,1693145.65857431,0.10854698318691824,75.0,-0.39313916844700697,0.34591309723458286,2.221124921029685,1.8189170356230555,1.221124921029685,0.07921613789713697,0.1809640522875817,0.9418468521897021,0.16473593335384593,0.0,66.0,9.0,0.0,1.033005602786699,0.10512079444282971,-0.40795050149210815,-0.40913654027566104,1.798186752295793,0.0,1635112.2079117019
1.0,2.0,0.05,cost,B,3050564.3893675487,0.1652808956961549,161.0,-0.530112343651775,0.7469610585935029,2.5640789982151446,1.639353895263327,1.5640789982151446,0.12257781738313567,0.24303405572755418,0.558159497355825,0.24171075429047523,0.0,113.0,30.0,0.0,1.6263339386492177,0.16526876555503078,-0.530120275692775,-0.5301220637435765,1.6393250267934287,0.0,3050211.0564166685
1.0,2.0,0.08,cost,B,2965445.4872099487,0.16218310549292192,160.0,-0.5369697560939026,0.751888485416286,2.6017740246184777,1.6243077891387103,1.6017740246184777,0.12435332673435312,0.24303405572755418,0.5499205704180181,0.24344617414744998,0.0,112.0,30.0,0.0,1.5978628937702468,0.16218064450981803,-0.5369777237345126,-0.5369794445483342,1.6242793938517635,0.0,2965364.5288211075
1.0,2.0,0.05,cost,F,8881325.25816504,0.13954152804777042,237.0,-0.5301099618236893,0.5551907574561182,2.564065910174012,1.639359245348422,1.5640659101740115,0.10349470587347753,0.2092559345701177,0.9418468521897021,0.20830089350303643,0.0,180.0,39.0,0.0,2.6886605583031007,0.13765180194278098,-0.5301158921251166,-0.5301224028904157,1.6393305260847997,0.0,8559391.188320106
1.0,2.0,0.08,cost,F,8358232.582328498,0.13619331245902255,235.0,-0.5369672074957764,0.5564870557434289,2.6017603878440836,1.6243131042527017,1.601760387844084,0.10278468700927582,0.21364452423698385,0.9418468521897021,0.2092728228356341,0.0,178.0,39.0,0.0,2.629698577438716,0.13448067043801687,-0.5369732081428831,-0.5369797765557727,1.6242848023973848,0.0,8072095.952017528
1.0,2.0,0.05,mtm,A,1662279.2490397098,0.1065228804944457,74.0,-0.37691441409495074,0.33044565141154725,2.104501622391038,1.9053857241095886,1.1045016223910384,0.06974625972899431,0.15543300653594772,0.9421849429001514,0.15817201224248587,0.0,65.0,9.0,0.0,1.0239390596729594,0.10611862181820823,-0.3908942546047902,-0.39201400284838694,1.8836908099274192,0.0,1654649.484155076
1.0,2.0,0.08,mtm,A,1640675.7706012127,0.10508596221746491,74.0,-0.3845202742377048,0.3329486589703754,2.1296280427255083,1.8852471462996694,1.1296280427255083,0.0706201134895921,0.15604575163398693,0.9421849429001514,0.15884899704750005,0.0,65.0,9.0,0.0,1.0085682247719827,0.10453912025400738,-0.3984252835775706,-0.39953898910323227,1.8638824994510026,0.0,1630979.3114531972
1.0,2.0,0.05,mtm,B,2744980.2298990693,0.15376841826635435,159.0,-0.5197133691326393,0.7172466525488398,2.3764722220394736,1.7264948641813804,1.3764722220394736,0.10456794018038673,0.22987616099071206,0.5703197443043486,0.2303142595171304,0.0,110.0,31.0,0.0,1.522879945729827,0.15297409573161222,-0.5268230979775128,-0.5268254555296349,1.7230070403884408,0.0,2724826.6129739163
1.0,2.0,0.08,mtm,B,2669332.2089864146,0.15073952956593717,158.0,-0.5260590570161371,0.7214812754720957,2.407986920504405,1.710233870384082,1.4079869205044047,0.10626101780759084,0.22987616099071206,0.562692177961686,0.23190941406110327,0.0,109.0,31.0,0.0,1.498462611966952,0.15050414843860702,-0.5331186320272866,-0.5331209999676668,1.7067790535593355,0.0,2663502.236247346
1.0,2.0,0.05,mtm,F,7671606.990203638,0.13148196205220586,233.0,-0.5197095146927605,0.5330587001701426,2.376454293834981,1.7265043267210243,1.3764542938349809,0.08718438776442705,0.19469379613006185,0.9421849429001514,0.19854958329834663,0.0,175.5,40.0,0.0,2.546615896875277,0.1303806997225014,-0.5268192080303229,-0.5268267184397228,1.7230148741543447,0.0,7513963.045192074
1.0,2.0,0.08,mtm,F,7359031.909405446,0.12920267285124842,232.0,-0.5260551203706019,0.5364834064677508,2.4079680969963793,1.710243365697211,1.4079680969963793,0.08912416030492341,0.19469379613006185,0.9421849429001514,0.20000908057467415,0.0,174.0,40.0,0.0,2.5072220796807207,0.12842047813372579,-0.5331146317217192,-0.5331221790931218,1.7067865942007476,0.0,7239520.085711598
1.25,0.9,0.06,cost,A,1352385.49281662,0.08407592950508658,53.0,-0.20780929676507492,0.21490277134072963,0.8979127562579312,inf,0.0,0.0,0.0,0.9143542056894943,0.10058880761876773,0.0,45.0,8.0,0.0,0.8217170328694914,0.0768239427146313,-0.24822523416743417,-0.26929779281828625,inf,0.0,1216579.6531757298
1.25,0.9,0.06,cost,B,1659570.1010463897,0.10042361989164561,110.0,-0.26556838622446644,0.4700345437658652,0.8980827365359423,inf,0.0,0.0,0.0,0.8460192463052975,0.13948482493827477,0.0,71.0,25.0,0.0,1.0166454516868257,0.08215739504586157,-0.27069101817536173,-0.2860586030555716,inf,0.0,1380203.2702075297
1.25,0.9,0.06,cost,F,3753841.4892172846,0.09295111866629424,162.5,-0.26574646171205907,0.34636197790021095,0.8986509331574927,inf,0.0,0.0,0.0,0.9143542056894943,0.12320850705386056,0.0,116.0,32.0,0.0,1.8428782809995727,0.08571613901305104,-0.27800006034906954,-0.3013502245105041,inf,0.0,2825340.793497161
1.25,0.9,0.06,mtm,A,1387599.036728953,0.08684691514669751,55.0,-0.20487891991359491,0.21944474356972718,0.8941142874375934,inf,0.0,0.0,0.0,0.9148834058337663,0.1003365120135852,0.0,47.0,8.0,0.0,0.8272055148236406,0.0774285476426099,-0.24539366280392558,-0.2659513550187693,inf,0.0,1229622.7251822008
1.25,0.9,0.06,mtm,B,1624028.2057322487,0.09818344856965389,114.5,-0.2666019561721523,0.4701181121151097,0.9033192456252301,inf,0.0,0.0,0.0,0.8441336672755722,0.14099646793987267,0.0,75.0,25.0,0.0,1.006121933245109,0.08565661441890637,-0.27079220433384876,-0.27079544459973803,inf,0.0,1375435.4053162278
1.25,0.9,0.06,mtm,F,3826558.1469357987,0.09396578493224161,167.0,-0.26660274064681827,0.3480732861863114,0.9033187792763302,inf,0.0,0.0,0.0,0.9148834058337663,0.1233853202310857,0.0,121.0,32.0,0.0,1.8542878977474078,0.08523280040459773,-0.2765836608460528,-0.27668461177167103,inf,0.0,2940600.417381877
1.25,1.0,0.06,cost,A,1410836.6245397003,0.08863123552162,55.5,-0.21660820756420335,0.23537551899976672,0.9958681632478229,inf,0.0,0.0,0.0,0.9143542056894943,0.10834787400781261,0.0,47.5,8.0,0.0,0.8570599230984266,0.07975834026227735,-0.28752315998654987,-0.29058500166774914,inf,0.0,1260966.4974967765
1.25,1.0,0.06,cost,B,1838122.8315681964,0.11105608601389849,116.0,-0.30560792507154483,0.5086606657174397,0.9983196045090013,inf,0.0,0.0,0.0,0.8079291851058341,0.15399761202540152,0.0,76.0,26.0,0.0,1.111957749748419,0.09277789244424968,-0.3219789112326275,-0.3250627873871238,inf,0.0,1462917.3362096848
1.25,1.0,0.06,cost,F,4292457.56253793,0.1000770910880705,171.5,-0.3097146955297489,0.37704080217035385,0.9988690608404781,inf,0.0,0.0,0.0,0.9143542056894943,0.13547785229687187,0.0,124.0,33.0,0.0,1.9775470904432395,0.09362161448797415,-0.3217037753511935,-0.32170820668804,inf,0.0,3053082.180257493
1.25,1.0,0.06,mtm,A,1404516.7953900946,0.08814314507482723,57.0,-0.21366768264403457,0.23088842379434563,0.9924298786775407,inf,0.0,0.0,0.0,0.9148834058337663,0.10734846419108562,0.0,48.5,8.0,0.0,0.856238965997816,0.07981560686646264,-0.2847724973570441,-0.2874037742650728,inf,0.0,1263594.9238838763
1.25,1.0,0.06,mtm,B,1836149.174508299,0.11094349694864447,120.0,-0.2997337468797684,0.5120395300378782,0.9975109204557387,inf,0.0,0.0,0.0,0.8115482260802619,0.1537495964529349,0.0,78.0,26.0,0.0,1.126826260525433,0.09414316664212086,-0.3152566084121373,-0.3203722800023112,inf,0.0,1538795.5976383707
1.25,1.0,0.06,mtm,F,4328002.683168465,0.10051758905559283,175.5,-0.3090665558301914,0.37616373902759104,0.9981832630146776,inf,0.0,0.0,0.0,0.9148834058337663,0.13463596316886203,0.0,127.5,33.5,0.0,1.9855385974296964,0.09451582188149084,-0.32036909465576313,-0.3277244226698096,inf,0.0,3340298.8539350466
1.25,1.2,0.05,cost,A,1546808.7478783932,0.09863763933941871,60.0,-0.23334923558981635,0.2701408240624861,1.2223924857982782,5.496618040647115,0.222392485798278,0.012269553950128215,0.09722222222222221,0.9143542056894943,0.1243118227028557,0.0,52.0,8.0,0.0,0.9193675412007188,0.08563116719511295,-0.3171646817109283,-0.36040407833542965,5.183107140846041,0.0,1324327.4683544126
1.25,1.2,0.08,cost,A,1542088.3758511548,0.09830418141544195,60.0,-0.23477662583322506,0.27044222630900017,1.2242995909942476,5.458458539176071,0.2242995909942477,0.012437347653525641,0.09722222222222221,0.9143542056894943,0.12447821741044401,0.0,52.0,8.0,0.0,0.9164150500429548,0.08519801370559474,-0.31923227091179796,-0.3624647769755265,5.102294164463515,0.0,1318171.1447985172
1.25,1.2,0.05,cost,B,2173787.875992994,0.1287231140009899,129.5,-0.36783829060022133,0.5987053673027964,1.2431254266983027,5.113211092432402,0.24312542669830278,0.028936965566942238,0.22194272445820434,0.7607420392274404,0.18354675080163751,0.0,85.5,27.0,0.0,1.3190001033679395,0.11779411731651299,-0.4024408403479798,-0.407376298794335,4.637683229634136,0.0,1909115.233102927
1.25,1.2,0.08,cost,B,2159844.992071307,0.12804015647942757,129.5,-0.3687497944905919,0.5985004828051191,1.2452921594384456,5.076938387717191,0.24529215943844562,0.029280134050273944,0.22232972136222912,0.7591315009384525,0.18381631750269,0.0,85.5,27.0,0.0,1.3108456966637658,0.11701094556961575,-0.4047692950767615,-0.40969487630586376,4.552079212557717,0.0,1880326.5345972371
1.25,1.2,0.05,cost,F,5601035.089519931,0.11434908941820032,189.0,-0.35804677263739254,0.4449926378269554,1.2421424848861722,5.129800600939907,0.24214248488617218,0.02100230640019038,0.1642728904847397,0.9143542056894943,0.15969208697874607,0.0,138.0,35.0,0.0,2.228713471587132,0.11033619048400076,-0.40755511858548726,-0.40917386053937077,4.691515476963955,0.0,4747813.517259052
1.25,1.2,0.08,cost,F,5522490.27046901,0.11359065443104999,188.5,-0.3592318070027405,0.44566637968247474,1.2426193998796173,5.121774008388002,0.24261939987961742,0.021275291302522505,0.1651705565529623,0.9143542056894943,0.15975999749161895,0.0,137.5,35.0,0.0,2.217709658595383,0.10944603586839671,-0.4098708753784068,-0.4114645624385339,4.605581388942523,0.0,4695654.604717561
1.25,1.2,0.05,mtm,A,1522602.2912343224,0.09691622521996535,60.5,-0.2310346565593296,0.2680769007633524,1.2186025857093181,5.574551119301971,0.21860258570931795,0.011258563251992704,0.096609477124183,0.9148834058337663,0.12251759158937343,0.0,53.0,8.0,0.0,0.9053381770052343,0.08496422796100585,-0.3118374905503828,-0.35392041792405093,5.304954669236609,0.0,1303953.1102590556
1.25,1.2,0.08,mtm,A,1518404.3784811883,0.0966157000908251,60.5,-0.23231947767243383,0.26838606842341617,1.221312781925925,5.518549083758707,0.221312781925925,0.011410880494332849,0.09681372549019607,0.9148834058337663,0.12265557599975496,0.0,53.0,8.0,0.0,0.9016791006203164,0.08455855913982288,-0.31363175690396244,-0.35577278429989234,5.268414282229411,0.0,1307226.73095831
1.25,1.2,0.05,mtm,B,2110012.132991929,0.1255671951377786,133.0,-0.3598274233359893,0.589892363412954,1.2116359173628968,5.725152036189797,0.21163591736289666,0.0240670716829327,0.2163312693498452,0.7689426943737807,0.18040479502799867,0.0,89.0,27.5,0.0,1.2880785602861753,0.11212573817271843,-0.39631777593202405,-0.4006428180730972,5.103487344718733,0.0,1775252.7696003763
1.25,1.2,0.08,mtm,B,2093812.5533894594,0.12475153902609626,133.0,-0.36227600206622795,0.5909796891293733,1.2124454982915884,5.707517259965218,0.21244549829158837,0.023528905956074674,0.21517027863777088,0.7676642545810055,0.18144827058725022,0.0,88.5,27.5,0.0,1.2819753054429737,0.11495386094928177,-0.3984163068178815,-0.4027150862478176,5.018867094743359,0.0,1850816.038825635
1.25,1.2,0.05,mtm,F,5419754.066553518,0.1125822417535095,191.0,-0.35592474330938023,0.4388127588872375,1.2261865692954657,5.421137328524241,0.22618656929546552,0.018903107966342685,0.16028326351486136,0.9148834058337663,0.1572725578530103,0.0,139.0,35.0,0.0,2.1877092207782547,0.10703041072980216,-0.40087167385408173,-0.40293979180209205,5.200282722484687,0.0,4801341.248462359
1.25,1.2,0.08,mtm,F,5337819.480231937,0.11176227391538474,190.5,-0.3553975438780475,0.4404948304561871,1.2254530186851467,5.4355872590076775,0.22545301868514658,0.01917373463446384,0.15818870935567525,0.9148834058337663,0.15713993686292763,0.0,139.0,35.0,0.0,2.1737602736971073,0.10587759795082234,-0.4029423922112714,-0.40499688181677507,5.114752537848362,0.0,4354759.659030824
1.25,1.5,0.05,cost,A,1602402.70617402,0.10249793054726564,64.0,-0.30217582538461385,0.32034852212053333,1.6027323809181038,2.6593538384460143,0.6027323809181039,0.04599106496387238,0.16441993464052287,0.9143542056894943,0.14770999841049076,0.0,55.0,9.0,0.0,0.9998682667666611,0.1000439674274671,-0.3523492170375866,-0.3985324802619431,2.5315902959774235,0.0,1470857.4554039799
1.25,1.5,0.08,cost,A,1611893.0897066756,0.1031421104941822,64.0,-0.30738337169108937,0.3222327258937082,1.5922568981571952,2.6884580851870785,0.5922568981571952,0.04721251326277431,0.16094771241830064,0.9143542056894943,0.14824665824961458,0.0,55.0,9.0,0.0,0.9947245931291697,0.10003662218449685,-0.35797454324827116,-0.4053359915560162,2.576799281939997,0.0,1455547.5962492647
1.25,1.5,0.05,cost,B,2752198.961625265,0.15405348303672672,145.5,-0.45548954227924987,0.724277435499487,1.6306307939514735,2.585718325402772,0.6306307939514734,0.09743899851742063,0.27979876160990713,0.6666984257049022,0.2258476285670834,0.0,99.0,30.0,0.0,1.5279893744179591,0.14950016660850124,-0.4602071407760445,-0.4602133913965889,2.4220013036577184,0.0,2605290.801543848
1.25,1.5,0.08,cost,B,2691683.954455153,0.15164248129254398,145.5,-0.4599153430354413,0.7280369162092473,1.6472178320832414,2.545076787677699,0.6472178320832414,0.09922197855380832,0.27979876160990713,0.6607544089289669,0.22712731109509982,0.0,99.0,30.0,0.0,1.5059173826351957,0.14704970781911364,-0.46462622554428257,-0.46463250427131586,2.384370308834423,0.0,2548845.9414383327
1.25,1.5,0.05,cost,F,7529878.137619479,0.13045963578761077,210.0,-0.4343637876093031,0.5289100250301422,1.636828946258094,2.5702804024834327,0.636828946258094,0.07260610763150008,0.22880510672252144,0.9143542056894943,0.19124748294418842,0.0,154.0,38.0,0.0,2.532001226949686,0.12753189966874745,-0.46018012904680466,-0.4601933277801433,2.4515323119498884,0.0,6844893.848733355
1.25,1.5,0.08,cost,F,7392631.221951788,0.1294515730673118,210.0,-0.4388220541694054,0.5291359358364056,1.6563665720708367,2.523541892873885,0.6563665720708367,0.07378951108175698,0.22880510672252144,0.9143542056894943,0.19220321751054636,0.0,154.0,38.0,0.0,2.504838848696853,0.1264641743875165,-0.4645982594147409,-0.46461194038460063,2.413154875420408,0.0,6628963.573096111
1.25,1.5,0.05,mtm,A,1572244.1587475697,0.10041883642998195,64.0,-0.30815837521595607,0.3092966648685146,1.5762457930362035,2.7353917896937703,0.5762457930362035,0.040755225244388,0.15236928104575165,0.9148834058337663,0.14475349791223588,0.0,55.0,9.0,0.0,0.9770984012558424,0.09802880425852764,-0.3470539318599456,-0.39400161166833236,2.6563533935826986,0.0,1457910.82428275
1.25,1.5,0.08,mtm,A,1559600.8111407408,0.09953642785193029,64.0,-0.31540546673954595,0.30846019634708777,1.5847034402674613,2.7102694385690698,0.5847034402674616,0.04159721060917019,0.15298202614379086,0.9148834058337663,0.14543437064635595,0.0,55.0,9.0,0.0,0.969726454294881,0.09674979993224449,-0.35320621398028124,-0.3983321736051908,2.6369922172887263,0.0,1435917.8131205249
1.25,1.5,0.05,mtm,B,2620263.3160543772,0.1487326744954236,147.0,-0.4447065989100407,0.7034720389961616,1.571327250221606,2.750311193436015,0.571327250221606,0.08349036460248149,0.28463622291021673,0.67954964919936,0.2170191455775673,0.0,99.0,30.0,0.0,1.4847930067675528,0.14531575355561152,-0.4487156764072596,-0.44872218151179366,2.6985842207453805,0.0,2479565.4684445383
1.25,1.5,0.08,mtm,B,2563047.908364551,0.1463498785011832,146.5,-0.4486801846522898,0.7070436238698481,1.5851708650857257,2.708902631276092,0.5851708650857257,0.08493080239280566,0.29276315789473684,0.6741599726550644,0.21804051006870928,0.0,99.0,30.0,0.0,1.4628977521226258,0.14312276891579284,-0.45268173445912596,-0.45268828487817736,2.606623288773262,0.0,2431762.5927678165
1.25,1.5,0.05,mtm,F,7084183.678642547,0.12712106537440948,211.0,-0.42679062670953516,0.5141627233098355,1.5799513676766819,2.7242971756839554,0.5799513676766817,0.06332711025595066,0.21982844604029522,0.9148834058337663,0.18498679935861928,0.0,154.5,38.0,0.0,2.467339895740083,0.12301383939405855,-0.44869047424111225,-0.4487024699825951,2.6563533935826986,0.0,6389443.158527562
1.25,1.5,0.08,mtm,F,6861945.78814997,0.12538108901354073,210.0,-0.4308004894456463,0.5164648638009357,1.591527907481459,2.690541787619833,0.591527907481459,0.06399177109700654,0.2220227408737283,0.9148834058337663,0.18562637202741405,0.0,154.0,38.0,0.0,2.4390306346975192,0.12140659444676478,-0.4526556426378086,-0.45266807490721583,2.6369922172887263,0.0,6208342.411610552
1.25,2.0,0.05,cost,A,1841275.9958486403,0.11782108066742614,69.0,-0.39465930935877097,0.38215257715513173,2.287381933258998,1.7767702608872438,1.2873819332589984,0.1035076137046953,0.18790849673202614,0.9143542056894943,0.1807598422404108,0.0,60.0,9.0,0.0,1.1157564403898421,0.11284210086004579,-0.3947167103814447,-0.3947306990258185,1.7765850110992072,0.0,1760288.4301324678
1.25,2.0,0.08,cost,A,1822499.678516355,0.11668354987847096,71.0,-0.40026459900100053,0.3883846366605718,2.286854427855207,1.7770886732583788,1.2868544278552072,0.10621167477067031,0.18790849673202614,0.9143542056894943,0.1817492839233425,0.0,62.0,9.0,0.0,1.101487535186229,0.11123019144661239,-0.4109299099447639,-0.4109495104899321,1.768552212034783,0.0,1726382.6090563452
1.25,2.0,0.05,cost,B,3569766.0340194246,0.18263678804043015,156.0,-0.5581487583674014,0.8583240149511282,2.5735942825040024,1.635515983126544,1.5735942825040021,0.18640654491580946,0.36726006191950467,0.5410054398179143,0.27546609808114675,0.0,108.0,30.0,0.0,1.7880010624735996,0.18161558800137179,-0.5629623780313034,-0.5682792255147859,1.6209587636242424,0.0,3527472.9243288725
1.25,2.0,0.08,cost,B,3417657.8434030963,0.17780264813536506,155.0,-0.5629488364977148,0.8624076865875496,2.5603068595752134,1.6409284947497493,1.560306859575213,0.1898238746176012,0.37267801857585137,0.5347035286049799,0.27715311968546047,0.0,107.0,30.0,0.0,1.7447711612553936,0.17669977273903387,-0.5677546624237074,-0.5730623405354218,1.626111948577157,0.0,3367685.78199099
1.25,2.0,0.05,cost,F,10934473.123205457,0.15108739448090558,225.0,-0.5619269678147917,0.628045211840178,2.587108793804313,1.6300766598208996,1.5871087938043131,0.14457253129918707,0.2824655894673848,0.9143542056894943,0.23482086240908528,0.0,168.0,39.0,0.0,2.9045320174116562,0.14864614469243764,-0.5687230918446183,-0.5687454484158851,1.6202697658278449,0.0,10337278.016374405
1.25,2.0,0.08,cost,F,10364904.01770024,0.14810639063237452,226.0,-0.5667207663435947,0.6327028458772148,2.5738304323146797,1.6353925996128396,1.5738304323146797,0.1497125978779349,0.2863554757630161,0.9143542056894943,0.23617974484913182,0.0,169.0,39.0,0.0,2.8472626047332503,0.14563077895243787,-0.5735052771242217,-0.5735282389566217,1.62540928709571,0.0,9684214.78721314
1.25,2.0,0.05,mtm,A,1775658.8914589505,0.11379909585422554,69.0,-0.38943593519855463,0.36629811561647735,2.2442896652132207,1.8036713865378906,1.2442896652132207,0.09266431938719508,0.17197712418300654,0.9148834058337663,0.17462995481932908,0.0,60.0,9.0,0.0,1.0854992421637935,0.11379357434417643,-0.3894854887665822,-0.38952699510782474,1.8033655780431423,0.0,1775537.5565187316
1.25,2.0,0.08,mtm,A,1732782.0551790914,0.11109802174957406,68.0,-0.3991102977691604,0.370009390213912,2.267623553585078,1.7888777371602158,1.2676235535850782,0.09530755163363928,0.17483660130718953,0.9148834058337663,0.17623980351859667,0.0,59.0,9.0,0.0,1.0610657543196889,0.11109184698528356,-0.3991618519677387,-0.3992047302994781,1.7885728107987564,0.0,1732662.7244117002
1.25,2.0,0.05,mtm,B,3244770.917169707,0.17206554628921022,154.0,-0.5319671658346916,0.809393510267111,2.2109539899870967,1.825795448057748,1.210953989987097,0.1526345671821152,0.30495356037151705,0.5727624031518328,0.25585533308846553,0.0,106.0,30.0,0.0,1.6946603335004362,0.1712034955096501,-0.5347540665699151,-0.5393140233267578,1.805347118201453,0.0,3211153.353827268
1.25,2.0,0.08,mtm,B,3141557.959452644,0.16850705933885046,154.0,-0.537561034383758,0.8155765418956149,2.2343773058646237,1.8101442847958606,1.2343773058646232,0.15594703968908907,0.33746130030959753,0.5654749644793307,0.25806219113702766,0.0,106.0,30.0,0.0,1.661116193227599,0.1676011750213688,-0.5416630828465817,-0.5462132882689139,1.795588153693079,0.0,3102497.0748611763
1.25,2.0,0.05,mtm,F,9657095.91990912,0.14417668294617425,223.0,-0.5338919065461398,0.5971912867985301,2.2442896652132207,1.8036713865378906,1.2442896652132207,0.12388980503265451,0.2573309395571514,0.9148834058337663,0.22044546223751144,0.0,166.0,39.0,0.0,2.780609416391785,0.14328804002589177,-0.5397214313225464,-0.5397413403093294,1.8033655780431423,0.0,9503279.3951469
1.25,2.0,0.08,mtm,F,9078065.032268405,0.14075246012402243,222.0,-0.5408028329651166,0.6012978283102551,2.267623553585078,1.7888777371602158,1.2676235535850782,0.1265021244832405,0.2619190105725115,0.9148834058337663,0.22239098000134883,0.0,165.0,39.0,0.0,2.7230277815705266,0.14012289058370636,-0.5466200686470206,-0.5466404740090945,1.7885728107987564,0.0,8960217.48854204
1.5,0.9,0.06,cost,A,1408068.9448426617,0.08842443675543865,52.0,-0.20286910167021077,0.22555836101418442,0.8954679889817243,inf,0.0,0.0,0.0,0.8868686685090406,0.10735565986661869,0.0,44.0,8.0,0.0,0.856959308179961,0.08097063335512247,-0.24192463817110857,-0.26314716583799613,inf,0.0,1247969.5220781344
1.5,0.9,0.06,cost,B,1625130.175395375,0.09825517511999704,101.0,-0.2900808394815637,0.4798799302503364,0.8987702190083062,inf,0.0,0.0,0.0,0.8781111541711453,0.1410375204657302,0.0,65.5,24.0,0.0,0.9832711709078709,0.0721333551149664,-0.29427736837092683,-0.29427753461231687,inf,0.0,1194526.4940356992
1.5,0.9,0.06,cost,F,3771039.3697943054,0.09319359211158496,153.5,-0.27870968328029544,0.356225561464177,0.8987911017597976,inf,0.0,0.0,0.0,0.8868686685090406,0.12658852112681018,0.0,110.5,31.0,0.0,1.8360152944095074,0.08330060224395952,-0.29427753461231676,-0.31119054351835995,inf,0.0,2710978.577495832
1.5,0.9,0.06,mtm,A,1408323.6004539896,0.08844933979446834,53.0,-0.20081089676302682,0.22783404502919472,0.8976734641464494,inf,0.0,0.0,0.0,0.887632058454096,0.10635038106988232,0.0,46.0,7.5,0.0,0.8634567210270501,0.07865373440405757,-0.24424735440642883,-0.2647904903159066,inf,0.0,1248700.7765151777
1.5,0.9,0.06,mtm,B,1612953.9387450442,0.0974821325860794,105.5,-0.2840240815858034,0.4806036589823819,0.899953199102574,inf,0.0,0.0,0.0,0.8774310697337393,0.14124215274508042,0.0,69.0,24.0,0.0,1.007433760206281,0.07779303892066466,-0.291286398098367,-0.3237588861979003,inf,0.0,1263263.2416520186
1.5,0.9,0.06,mtm,F,3891283.199606744,0.09485750142417904,156.0,-0.2808588339249631,0.35664847476955713,0.9051539401323665,inf,0.0,0.0,0.0,0.887632058454096,0.12779322558693784,0.0,113.0,31.0,0.0,1.8606738559488036,0.08255768926204536,-0.291286398098367,-0.3278876316266204,inf,0.0,2907489.4482294978
1.5,1.0,0.06,cost,A,1469842.9086519894,0.09308186428713927,53.5,-0.23302452829278514,0.24588112893451267,0.9958816566250219,inf,0.0,0.0,0.0,0.8868686685090406,0.11567287495945838,0.0,46.0,8.0,0.0,0.8978297395273266,0.08109185681851405,-0.27871256613460527,-0.30998023546289244,inf,0.0,1279782.3933961203
1.5,1.0,0.06,cost,B,1782153.4082952593,0.10782107279123954,105.0,-0.2716442495332661,0.5166400859735819,0.9953156710853772,inf,0.0,0.0,0.0,0.8441558251608565,0.1560715390666605,0.0,68.0,25.0,0.0,1.0801803739977738,0.09016701889278493,-0.2984932946894248,-0.33048380595388194,inf,0.0,1432629.5407340752
1.5,1.0,0.06,cost,F,4422861.037091602,0.10167439163269432,158.5,-0.27557473246079006,0.3867680538682198,0.9968322309951998,inf,0.0,0.0,0.0,0.8868686685090406,0.1386813314479918,0.0,114.5,32.0,0.0,1.9786555133373362,0.0910854035793135,-0.3108536052770455,-0.31904622731683474,inf,0.0,3204718.5062471274
1.5,1.0,0.06,mtm,A,1464670.5149373866,0.09269900937561759,54.0,-0.22922722415969699,0.24921455588700708,0.9913663165554062,inf,0.0,0.0,0.0,0.887632058454096,0.11451014227092532,0.0,46.0,7.5,0.0,0.8926808011826278,0.08095093024250746,-0.27414738804621885,-0.3068634551848157,inf,0.0,1282043.3579363888
1.5,1.0,0.06,mtm,B,1793286.7660398379,0.10847630049981172,110.0,-0.2790358221432953,0.5215763841668491,0.9971078334433889,inf,0.0,0.0,0.0,0.8412507814745533,0.15692259465528682,0.0,72.5,25.0,0.0,1.0929273724322255,0.08996901447094101,-0.2970168637742895,-0.318585278329221,inf,0.0,1423825.78488085
1.5,1.0,0.06,mtm,F,4508537.447943557,0.10269991869286066,164.0,-0.2795226540874742,0.38921677135781874,0.9971204157611046,inf,0.0,0.0,0.0,0.887632058454096,0.13883372067466848,0.0,119.0,32.0,0.0,2.0058002602556044,0.08940119963080653,-0.3069444084302271,-0.3080853222259303,inf,0.0,3470817.916219944
1.5,1.2,0.05,cost,A,1580571.0299089828,0.10098013053889798,55.5,-0.25950019789032874,0.2787195782657578,1.2247151138881396,5.450145286332665,0.22471511388813942,0.013459946269545803,0.10477941176470588,0.8868686685090406,0.130250033896602,0.0,47.5,8.0,0.0,0.9687258601114598,0.09053734112430738,-0.34162750223092797,-0.34628322738089656,4.94511500453749,0.0,1383004.6766405469
1.5,1.2,0.08,cost,A,1576719.2207068657,0.10071270590895409,55.5,-0.2614539922475307,0.2790790944775422,1.2264943938542023,5.415162229394973,0.22649439385420242,0.013645733876907946,0.10559640522875817,0.8868686685090406,0.13046336567771946,0.0,47.5,8.0,0.0,0.9657514278742667,0.0902362702667884,-0.34362996518968236,-0.3486708710545835,4.87002011297934,0.0,1377125.088441972
1.5,1.2,0.05,cost,B,2129633.216143451,0.12654583501220507,116.0,-0.36061993074377185,0.6062913079539207,1.2420090490505928,5.132118785165845,0.24200904905059295,0.029947729874525795,0.22948916408668732,0.7590620969847698,0.185631976478734,0.0,76.0,26.0,0.0,1.2764029853599759,0.10852792117007601,-0.3822485501517544,-0.38778689932903343,4.6048555556923665,0.0,1600823.419303358
1.5,1.2,0.08,cost,B,2114249.4715353977,0.1257778640970787,116.0,-0.36300000148500444,0.6072770341150979,1.2426443949950092,5.12129066700761,0.2426443949950093,0.030403088560188148,0.22948916408668732,0.756029496745033,0.1859825550915939,0.0,76.0,26.0,0.0,1.266473330428186,0.10770906507769666,-0.3851095127561988,-0.3899237879679609,4.519727988087689,0.0,1587729.839502704
1.5,1.2,0.05,cost,F,5529884.65523568,0.11366894784872505,172.0,-0.36642073598087627,0.4536151831148785,1.2467287415793211,5.053036275672223,0.2467287415793212,0.022944859096070445,0.17215240375024934,0.8868686685090406,0.16345311249306482,0.0,123.5,34.0,0.0,2.239998612613081,0.10709488961416638,-0.38399988438830085,-0.38400627586611447,4.694655736162506,0.0,3735166.4830175205
1.5,1.2,0.08,cost,F,5474518.697932864,0.11312580221802682,172.0,-0.3668192525502497,0.4531366672047866,1.2486314859782903,5.022196267167725,0.24863148597829035,0.023105781637661867,0.17145421903052066,0.8868686685090406,0.1636450897398965,0.0,123.5,34.0,0.0,2.225613581933227,0.10642240626952573,-0.3863871324914695,-0.38639359088778014,4.607792119649781,0.0,3662102.1437004292
1.5,1.2,0.05,mtm,A,1566661.7203132142,0.1000136256928773,56.5,-0.2548612514342531,0.2748078160200036,1.2149930532926727,5.651370411298103,0.21499305329267274,0.011692431314490584,0.10130718954248366,0.887632058454096,0.1283241508217709,0.0,48.5,8.0,0.0,0.9609881196990688,0.0893343639277326,-0.33484602502545147,-0.33913855392633463,5.261105628203429,0.0,1355848.4337174904
1.5,1.2,0.08,mtm,A,1556448.7018862213,0.09929074346384026,56.5,-0.2565962505320501,0.27511165394665016,1.2150949599988132,5.649151350565572,0.21509495999881317,0.011668332189281053,0.10130718954248366,0.887632058454096,0.12846259406942367,0.0,48.5,8.0,0.0,0.9578835798431063,0.08907027556390354,-0.3365340965200061,-0.34130637235785055,5.391107287098173,0.0,1349025.3626246047
1.5,1.2,0.05,mtm,B,2083488.214607112,0.12422772162188045,119.0,-0.35423492253606725,0.6006062090776811,1.2124011370461392,5.708076845118862,0.2124011370461391,0.026236567550373145,0.22213622291021673,0.7639956223195374,0.1838158197928647,0.0,77.5,26.0,0.0,1.2667386858313814,0.10681864673303212,-0.37215404031721094,-0.3803976005537223,5.201167354612563,0.0,1663935.7812430004
1.5,1.2,0.08,mtm,B,2070576.3572138543,0.12357039311617257,119.0,-0.3563440376324998,0.6013512079350587,1.2155509857841933,5.639287906458614,0.2155509857841934,0.02657442401935057,0.225812693498452,0.7612246159536364,0.18409626399442347,0.0,77.5,26.0,0.0,1.2595701614383972,0.10610648918640864,-0.374195105342608,-0.3822353260330372,5.1135052657570945,0.0,1652462.5569611257
1.5,1.2,0.05,mtm,F,5547520.999669321,0.11384085516403353,176.0,-0.3610979523423087,0.44356221508991567,1.2269580429924805,5.4061662056551425,0.2269580429924805,0.020016214888024124,0.16606822262118492,0.887632058454096,0.16074429213147132,0.0,127.0,33.5,0.0,2.2412271696102746,0.1067044342073606,-0.37721878737971365,-0.37722487357643886,5.073859664674989,0.0,3962967.306646443
1.5,1.2,0.08,mtm,F,5464149.840850089,0.1130228182234374,175.0,-0.3630449035703032,0.4436943705366001,1.2226995876703937,5.490355493137392,0.22269958767039377,0.02007429384950308,0.16606822262118492,0.887632058454096,0.16089035702114668,0.0,126.5,33.5,0.0,2.2279219444325347,0.10614231097234601,-0.3793229813407751,-0.3793291281302408,5.04982338966664,0.0,3870642.8580582156
1.5,1.5,0.05,cost,A,1772529.6181864573,0.11360396211392187,60.0,-0.30040322458550267,0.3364915159681373,1.615480369792431,2.624749414596387,0.6154803697924308,0.048635790245777605,0.17054738562091504,0.8868686685090406,0.15558960539625366,0.0,52.0,8.0,0.0,1.0578460700936099,0.09834351750066886,-0.3794503496683404,-0.39896942640920496,2.4863584857814756,0.0,1518496.1638708906
1.5,1.5,0.08,cost,A,1690520.1852081441,0.10837584853131776,60.0,-0.32494269959041133,0.33857338523731023,1.6139872027660327,2.628710350874597,0.6139872027660327,0.04924501050527458,0.17197712418300654,0.8868686685090406,0.15403322177179532,0.0,52.0,8.0,0.0,1.0387978087127532,0.10127776306788476,-0.3741385847317493,-0.407701279410283,2.4817057029539593,0.0,1497282.901501279
1.5,1.5,0.05,cost,B,2816240.936261477,0.1565508081822231,134.0,-0.44054138767488277,0.7373276907987313,1.665168272034864,2.5033838872425207,0.6651682720348642,0.10287529672398259,0.29373065015479877,0.6932550249624478,0.22863745721123246,0.0,89.0,27.0,0.0,1.5736553818725982,0.14635860090701536,-0.478645042405611,-0.48506535007994844,2.383649044155123,0.0,2507345.273228409
1.5,1.5,0.08,cost,B,2750930.142129766,0.15400054487487513,133.0,-0.4451810642531384,0.737056884882416,1.6584070651848117,2.518875375694126,0.6584070651848117,0.10385272768886823,0.29450464396284826,0.6870340246350992,0.22991525199130614,0.0,88.5,27.5,0.0,1.5432488646789313,0.14190810962819014,-0.48449888422341186,-0.49093689975293187,2.2803696234344524,0.0,2312571.5036335983
1.5,1.5,0.05,cost,F,8319991.134083947,0.13594075043158627,191.5,-0.43012471999215873,0.545469745448103,1.668040155559197,2.4969259596608833,0.668040155559197,0.07924215433132906,0.22970277279074408,0.8868686685090406,0.19786171186236462,0.0,139.5,36.0,0.0,2.6098152128677716,0.13021056869673142,-0.4851642696824246,-0.48606816014387355,2.3898289540003113,0.0,7280909.780999349
1.5,1.5,0.08,cost,F,7780541.687866066,0.13225534332399913,192.0,-0.4349222130163841,0.547465394231388,1.6696006413586806,2.493446167945382,0.6696006413586806,0.0786420593980123,0.23349291841212846,0.8868686685090406,0.1985539550979606,0.0,140.0,36.0,0.0,2.567040896836018,0.12755837963801922,-0.4910274080745652,-0.49185607895515093,2.3800418284474296,0.0,7027130.316543003
1.5,1.5,0.05,mtm,A,1735395.557672881,0.11126417546448863,60.0,-0.29689749624671297,0.3284656531129576,1.5882656567132802,2.6999130218943588,0.5882656567132802,0.04601778820517598,0.17136437908496732,0.887632058454096,0.15284500305953214,0.0,52.0,8.0,0.0,1.037544366643986,0.0969057585926321,-0.37181619828703405,-0.3984222766121741,2.5252654457030244,0.0,1493985.1529312185
1.5,1.5,0.08,mtm,A,1709054.6511390032,0.1095772550914369,60.0,-0.3007212377134865,0.32638552803167276,1.5868230793305735,2.704115141632286,0.5868230793305738,0.042996692648164865,0.16809640522875818,0.887632058454096,0.15358023775626056,0.0,52.0,8.0,0.0,1.0258185656763465,0.0953815145442037,-0.3789105741663298,-0.4068836701359234,2.4672201787464316,0.0,1474803.0204842228
1.5,1.5,0.05,mtm,B,2656044.4309377014,0.15019527805278599,133.0,-0.4285327872195005,0.7176533411469932,1.5689371422555736,2.757667649391477,0.5689371422555735,0.08776835757741858,0.2774767801857585,0.7038596373940269,0.22132373608951222,0.0,88.5,28.0,0.0,1.4978495082778767,0.1371405315453793,-0.47005440084253836,-0.47560473586528873,2.534981092961943,0.0,2290557.6896379204
1.5,1.5,0.08,mtm,B,2603312.9470804753,0.14802793180871499,132.5,-0.4324968461460655,0.7227635000384333,1.5695572493180363,2.7557755993686683,0.5695572493180363,0.08820008332590656,0.2757352941176471,0.700320755170698,0.22211284645632226,0.0,88.0,28.0,0.0,1.4683373202742547,0.13439906149585487,-0.4751103261521766,-0.4763845921591866,2.4893562033441587,0.0,2075835.0459106013
1.5,1.5,0.05,mtm,F,7607538.935431529,0.1310219652194774,192.0,-0.4245855282250776,0.5303293808913037,1.5898608073400675,2.695315274324225,0.5898608073400675,0.06796902722993245,0.2246159984041492,0.887632058454096,0.1912261955984691,0.0,139.5,36.0,0.0,2.523258531166939,0.12547766171232788,-0.475775758696652,-0.4773269684511231,2.5252654457030244,0.0,6512982.95202043
1.5,1.5,0.08,mtm,F,7356555.746134467,0.12918433542745766,192.0,-0.4258760126659139,0.5301461980876248,1.600878702280921,2.664249038603165,0.600878702280921,0.06794103623802542,0.2244165170556553,0.887632058454096,0.1916926051455487,0.0,139.5,36.0,0.0,2.49130566294959,0.12354563878633903,-0.47702352268485154,-0.48278639109966714,2.4672201787464316,0.0,6279556.847180073
1.5,2.0,0.05,cost,A,1996338.747579304,0.1268345991294092,68.0,-0.40360921011137485,0.41021296116678674,2.298627100561789,1.7700440082701692,1.2986271005617889,0.12153548536545067,0.19240196078431374,0.8868686685090406,0.1939689481873684,0.0,59.0,9.0,0.0,1.1747687378173732,0.11755807065635318,-0.43344145159432396,-0.4867952056816395,1.6726304306016089,0.0,1784866.212826737
1.5,2.0,0.08,cost,A,1905298.2425136068,0.1216227574498423,67.0,-0.4168578592749362,0.41202955766718485,2.3014249734413763,1.768388521293541,1.3014249734413763,0.11941009266192952,0.1909722222222222,0.8868686685090406,0.19428183331359694,0.0,58.0,9.0,0.0,1.1337143962056102,0.11394597145631816,-0.44576076887892874,-0.4994312126176722,1.6638189839276147,0.0,1728513.590996861
1.5,2.0,0.05,cost,B,3928926.152706429,0.19334946714566525,149.0,-0.5645412039126825,0.917803281356288,2.519113606224748,1.6583038786443656,1.5191136062247481,0.23270751355372746,0.4013157894736842,0.5491898337780339,0.294782190483505,0.0,101.0,30.0,0.0,1.8749115505489484,0.18513716369515423,-0.5754969425790314,-0.5755073774814631,1.5918844682124575,0.0,3425916.3384656883
1.5,2.0,0.08,cost,B,3701130.1898873905,0.1866631359544635,148.0,-0.5740860783854864,0.9289444426201978,2.5746035681311046,1.635080833592165,1.5746035681311048,0.23834796702393507,0.40460526315789475,0.5364004695389817,0.29825206252541503,0.0,100.0,30.0,0.0,1.8147911186657915,0.1779530013610389,-0.5850030132050273,-0.5850138413984711,1.5977055677913707,0.0,3200993.379024355
1.5,2.0,0.05,cost,F,12776755.281134471,0.15980762291352923,216.0,-0.560231358886093,0.6778891175209394,2.5706010475201433,1.6369176385930446,1.570601047520143,0.17935580235019222,0.2979253939756633,0.8868686685090406,0.2525930466927494,0.0,159.5,39.0,0.0,3.047737411997049,0.1555938247301887,-0.5692853205672814,-0.5754842552506388,1.5870391312275118,0.0,11201901.089238936
1.5,2.0,0.08,cost,F,11651295.536502294,0.15463587300668513,214.0,-0.5697923096081969,0.6831728517922347,2.6021129483504684,1.6241757183749528,1.6021129483504684,0.18351284905955662,0.2974266906044285,0.8868686685090406,0.2552545437923448,0.0,158.0,39.0,0.0,2.949662144229962,0.15047378286983712,-0.5788132365381132,-0.5849895735934334,1.6024591120183485,0.0,10166948.615697024
1.5,2.0,0.05,mtm,A,1897982.8946409123,0.12119424104308996,65.0,-0.41832346776197293,0.38556915127939567,2.27846840161423,1.7821933811471047,1.27846840161423,0.10223644804698218,0.18790849673202614,0.887632058454096,0.1866641551757346,0.0,56.0,9.0,0.0,1.133240357718504,0.11198678373479909,-0.4355118960447183,-0.4762742575273129,1.7235211650918951,0.0,1707274.5613620114
1.5,2.0,0.08,mtm,A,1860083.731271521,0.11895008861329981,66.5,-0.40890605224087906,0.39599369453323663,2.216842999593982,1.8217987505919053,1.216842999593982,0.10664045711947606,0.18790849673202614,0.887632058454096,0.18715000364059853,0.0,58.0,9.0,0.0,1.1064349133927567,0.10924225780579828,-0.4401628152499797,-0.4907532881040054,1.68903499074874,0.0,1700178.9733113793
1.5,2.0,0.05,mtm,B,3609171.0106904623,0.18385865411737135,151.0,-0.52627528900194,0.8673360302919687,2.167098391788712,1.8568257933073158,1.167098391788712,0.18928759138011506,0.3511996904024768,0.5970048812992688,0.2728277127292912,0.0,103.0,30.0,0.0,1.8000215429723838,0.1813154035965598,-0.5262914607978171,-0.5263007058156297,1.7804756315669052,0.0,3518725.442024324
1.5,2.0,0.08,mtm,B,3403889.783823508,0.17735474370118887,150.0,-0.534318163781825,0.8750373913219274,2.200886611893277,1.8327182117854444,1.200886611893277,0.19313371807426583,0.36339009287925694,0.5860586026366073,0.27532438755747835,0.0,102.0,30.0,0.0,1.749100927708644,0.17563911627088807,-0.5343347306520254,-0.534344035937282,1.798048964729282,0.0,3336870.9123467575
1.5,2.0,0.05,mtm,F,11281835.216980647,0.15283373534592193,215.0,-0.5262699864294471,0.6374588754530739,2.27846840161423,1.7821933811471047,1.27846840161423,0.15081680916939305,0.27149411530021944,0.887632058454096,0.237912486213552,0.0,159.0,39.0,0.0,2.930791635087375,0.14981205909129466,-0.5262905920902119,-0.5262969080003218,1.7235211650918951,0.0,10504401.447432222
1.5,2.0,0.08,mtm,F,10499360.015096786,0.14882394231679497,215.0,-0.534312674565063,0.6468402647481952,2.225825252023032,1.8157849580577299,1.2258252520230317,0.1552611672827229,0.28136844205066824,0.887632058454096,0.23956145225350933,0.0,159.0,39.0,0.0,2.853145382210292,0.14578960639369357,-0.5343338278604811,-0.534340229704206,1.68903499074874,0.0,9598967.660854792
1.75,0.9,0.06,cost,A,1459558.9862301853,0.0923197837275802,46.0,-0.20241176151075668,0.2309592488926236,0.8983795239249622,inf,0.0,0.0,0.0,0.8593902398512399,0.11243709548867213,0.0,40.0,7.0,0.0,0.8695234707298821,0.08309323297656872,-0.246326529463019,-0.272929734297891,inf,0.0,1216770.0840702981
1.75,0.9,0.06,cost,B,1570089.2053704793,0.09470483992019418,94.0,-0.2763818559749779,0.49468752293275353,0.8932787613049253,inf,0.0,0.0,0.0,0.8148272681650135,0.14294238032266682,0.0,60.0,23.0,0.0,0.9467131682714378,0.07397124925587555,-0.28558357946942164,-0.29975215085181584,inf,0.0,1219417.6967962205
1.75,0.9,0.06,cost,F,3682004.3585994095,0.09192824192611293,140.0,-0.27637791495391145,0.3627263899731078,0.8983800919704737,inf,0.0,0.0,0.0,0.8593902398512399,0.12949735331151066,0.0,99.0,30.0,0.0,1.8071324856607223,0.08235557584049054,-0.2799115886688828,-0.2981484569083255,inf,0.0,2643000.3377503767
1.75,0.9,0.06,mtm,A,1451192.112008051,0.09169581631376966,47.0,-0.1987531558477008,0.23119737314154676,0.9004452007127917,inf,0.0,0.0,0.0,0.8604311214128164,0.1120684628983694,0.0,40.5,7.0,0.0,0.8636435247970203,0.08293678354400429,-0.24825726555206085,-0.27335756684368895,inf,0.0,1211648.7509422707
1.75,0.9,0.06,mtm,B,1630324.5163489892,0.09857220511599873,96.0,-0.2940777244385669,0.4985956886929615,0.9032874227127855,inf,0.0,0.0,0.0,0.8074409379430916,0.14516528133978263,0.0,61.5,23.0,1.0,0.9885354985308508,0.07501314059540994,-0.2998495862841559,-0.3197636831803795,inf,0.0,1252942.325945798
1.75,0.9,0.06,mtm,F,3649296.688117669,0.09145602328091851,142.5,-0.2940792682673437,0.3635981399315603,0.9060059908152749,inf,0.0,0.0,0.0,0.8604311214128164,0.13004345486221824,0.0,102.0,30.0,1.0,1.8189998676745653,0.0804118248123626,-0.3062709791474012,-0.35163180388386417,inf,0.0,2755007.627651506
1.75,1.0,0.06,cost,A,1578891.081328952,0.10088031637459749,52.0,-0.22872445447542405,0.2519307605111354,0.9932604147697128,inf,0.0,0.0,0.0,0.8593902398512399,0.12168885062541636,0.0,44.0,7.0,1.0,0.9527997211239555,0.09050586800837783,-0.2800378048073669,-0.30474510963300927,inf,0.0,1343286.5617297494
1.75,1.0,0.06,cost,B,1693649.6843830203,0.10253012875650425,97.0,-0.3132836918775499,0.528026630002814,0.9972785131721102,inf,0.0,0.0,0.0,0.866922992071558,0.15845711774947202,0.0,63.0,23.0,0.0,1.0370265451709313,0.0792849547768729,-0.32974016194809674,-0.3516911377166223,inf,0.0,1167099.9818151484
1.75,1.0,0.06,cost,F,4334733.492309026,0.10060068065411387,147.0,-0.3240051303068426,0.39825678363943584,0.9972922306651171,inf,0.0,0.0,0.0,0.8593902398512399,0.1434137631252886,0.0,105.0,31.0,1.0,1.9673800403187554,0.08630281693769075,-0.3256244026734449,-0.3411852877338527,inf,0.0,3140848.5185884903
1.75,1.0,0.06,mtm,A,1535897.1341907885,0.09786511717960922,52.0,-0.2303160781666057,0.25319677732869583,0.9978565365557919,inf,0.0,0.0,0.0,0.8604311214128164,0.12175369628668342,0.0,44.0,7.0,0.0,0.9399061825693176,0.08805389970751101,-0.2708714062510857,-0.3011302352906128,inf,0.0,1324997.3635753004
1.75,1.0,0.06,mtm,B,1738408.5627426123,0.10524110761890448,100.0,-0.3162662378040062,0.5309128134763182,0.9960531233710941,inf,0.0,0.0,0.0,0.8638916698531502,0.15795000048003466,0.0,65.0,24.0,0.0,1.0317608471546718,0.0728290823320586,-0.3243365124043282,-0.3243367343744272,inf,0.0,1175557.3903109014
1.75,1.0,0.06,mtm,F,4466315.956771406,0.10218357946814449,152.0,-0.31273010957023456,0.3943643346451856,0.9979233730394301,inf,0.0,0.0,0.0,0.8604311214128164,0.1426654233928203,0.0,109.0,31.0,0.0,1.9758435973628579,0.08957116091852042,-0.32433540488142637,-0.32433673437442745,15293.429932602152,0.0,2879716.1990309963
1.75,1.2,0.05,cost,A,1643527.645759984,0.10527519742789226,54.0,-0.27177662427454097,0.2930227529865384,1.2253739551507914,5.439724323820268,0.2253739551507914,0.014446564078490607,0.12663398692810457,0.8593902398512399,0.1362200048747671,0.0,47.0,7.5,0.0,1.0107619491201874,0.090935192116308,-0.32942845984644653,-0.36697945883610006,5.079060965555325,0.0,1433859.7198572056
1.75,1.2,0.08,cost,A,1623263.7075889336,0.10391398097806992,53.5,-0.27181885686008317,0.29294207970868846,1.2132157834247015,5.690112843239279,0.21321578342470143,0.014141444095862689,0.11213235294117647,0.8593902398512399,0.1363391227986714,0.0,46.0,8.0,0.0,0.9996881079222982,0.09393833561579885,-0.3273475635946445,-0.36500642871119915,5.040579324568661,0.0,1438905.1810709366
1.75,1.2,0.05,cost,B,2100526.6241611233,0.12509027618042368,108.0,-0.3349686062108062,0.6262758868351816,1.2434673073280318,5.107368180488374,0.24346730732803168,0.0317881341739895,0.24787151702786378,0.7961531802393982,0.18856200624374025,0.0,69.5,25.0,0.0,1.2343955730035263,0.10198737432063046,-0.3706984866727233,-0.37725608973096825,4.757188139620374,0.0,1583656.1488905062
1.75,1.2,0.08,cost,B,2086076.9918582735,0.12435982775585142,108.0,-0.3377311032392053,0.6271974317025693,1.247428339761838,5.041625317552953,0.24742833976183787,0.03223760306998701,0.24787151702786378,0.7939985110356599,0.188858926396816,0.0,69.5,25.0,0.0,1.226933734830689,0.10119674013660748,-0.3730258654649891,-0.3800093895437904,4.67334146985398,0.0,1571115.6716494085
1.75,1.2,0.05,cost,F,5976193.585903313,0.11786679310068005,163.5,-0.3286913099392425,0.4631813288191078,1.2421767316428745,5.129215861429823,0.2421767316428743,0.023521636314456928,0.18212647117494513,0.8593902398512399,0.16642688215291693,0.0,118.0,32.0,0.0,2.286768308721226,0.10136011642402562,-0.3670111814263235,-0.37546145039406875,4.777602004107038,0.0,4329134.422960617
1.75,1.2,0.08,cost,F,5808167.300321548,0.11631953554613805,162.5,-0.3284041672165185,0.4609569763088558,1.2455187471463707,5.073008734293028,0.2455187471463709,0.02342615814910004,0.17933373229603033,0.8593902398512399,0.16629462335437434,0.0,117.0,32.0,0.0,2.2685923742430907,0.10250517350562834,-0.36762603940981864,-0.37758167865161796,4.717416669854465,0.0,4293026.314192503
1.75,1.2,0.05,mtm,A,1647066.7548616389,0.10547049906064732,55.0,-0.2706030314293142,0.28805126464672204,1.2028958309035471,5.928641512461688,0.20289583090354707,0.013139066023934906,0.10927287581699346,0.8604311214128164,0.13447875363039835,0.0,47.0,8.0,0.0,0.9988194990287322,0.08933033337400835,-0.3226181036832214,-0.3594773853688106,5.371089921210944,0.0,1384861.4590592817
1.75,1.2,0.08,mtm,A,1642671.7551812863,0.10517727057503301,55.0,-0.27211938652341866,0.2885655437909156,1.2055105970668007,5.865930046803241,0.20551059706680092,0.01330734778100736,0.1170343137254902,0.8604311214128164,0.1343090713933648,0.0,47.0,8.0,0.0,0.9995617098584013,0.09209823455849134,-0.32513836201780205,-0.36196592163667796,5.302625987761911,0.0,1396386.9537999318
1.75,1.2,0.05,mtm,B,2082520.7812097673,0.12417457460892711,111.0,-0.32527094112840177,0.6080300075416994,1.2098499668467815,5.765353190361227,0.20984996684678142,0.024067173328552946,0.22871517027863777,0.8045467899723968,0.1836823319582921,0.0,73.0,25.0,0.0,1.2607822469906513,0.11144737032339258,-0.3549301924009607,-0.3733998128618232,5.0825104217579895,0.0,1752479.1886069565
1.75,1.2,0.08,mtm,B,2071384.4369771045,0.123608044682892,111.0,-0.3273000134374402,0.6087383252016654,1.2102268185816814,5.756792368004753,0.2102268185816814,0.024273115360809255,0.2285216718266254,0.8028378360926867,0.18388404759381888,0.0,73.0,25.0,0.0,1.2538813223313976,0.11082033829914047,-0.3570779350227775,-0.3757541478126232,5.127941366140571,0.0,1743887.0516546823
1.75,1.2,0.05,mtm,F,5894439.838080272,0.11712014404295834,163.5,-0.3226697572253213,0.4520065692801334,1.2194536541488712,5.556983610164882,0.21945365414887125,0.020043113163328737,0.18043087971274685,0.8604311214128164,0.16307173636018696,0.0,118.5,32.0,0.0,2.2564370610322877,0.10272758584929118,-0.3694826532190305,-0.39085225733298723,5.018162260576175,0.0,4122889.768410914
1.75,1.2,0.08,mtm,F,5845929.603071092,0.11667274070682965,163.5,-0.32497679997957896,0.45231752949619625,1.2199524678289628,5.546536078217025,0.219952467828963,0.020298362404832987,0.1810293237582286,0.8604311214128164,0.16328390088416853,0.0,118.5,32.0,0.0,2.2501518401334537,0.1022766823896923,-0.3699408055452341,-0.3934775398399478,4.937457754642776,0.0,4081562.982882623
1.75,1.5,0.05,cost,A,1868113.5778209772,0.11941575755800837,57.0,-0.3142399461799191,0.3442217859634469,1.5974608213104795,2.673756357353385,0.5974608213104794,0.05216357358537686,0.1636029411764706,0.8593902398512399,0.1604114668157372,0.0,49.0,8.0,0.0,1.1067323162314433,0.10233726483359154,-0.3998600060805628,-0.40925035962016953,2.4907042705016083,0.0,1523473.8346484303
1.75,1.5,0.08,cost,A,1814105.9361396413,0.11617118600006593,57.0,-0.32107346843906426,0.3461359266359455,1.6126228092737223,2.6323580438600347,0.6126228092737224,0.05352611777047038,0.16523692810457516,0.8593902398512399,0.16103646811641584,0.0,49.0,8.0,0.0,1.0910450844608017,0.10109698302286521,-0.4068816084467932,-0.4176674975034028,2.4482837808898985,0.0,1485944.479890475
1.75,1.5,0.05,cost,B,2762342.996227964,0.1544529279147211,122.0,-0.43824416326003773,0.7480761584146848,1.6880339455547029,2.4534179059305847,0.6880339455547029,0.10911994965283048,0.2945046439628483,0.6812941606191619,0.2346021214006923,0.0,81.0,26.0,0.0,1.5486102864839775,0.13481694450620235,-0.4514361818204969,-0.4558009680763604,2.3227670921212673,0.0,2230956.3530074204
1.75,1.5,0.08,cost,B,2633044.4660935015,0.1492588774168493,120.5,-0.4461641099756826,0.7497396354593111,1.7022742222628862,2.423967230075837,0.7022742222628862,0.11065914730638067,0.2943111455108359,0.6737291258809435,0.23605851798060706,0.0,80.0,26.0,0.0,1.5139086849571122,0.13187821188784404,-0.459878318155929,-0.47767743215333847,2.2496156571165513,0.0,2149713.10163993
1.75,1.5,0.05,cost,F,8323788.277721899,0.13596491649387943,178.5,-0.4414279823729205,0.5566442304889867,1.6774145070781519,2.4762013471644426,0.6774145070781519,0.08126001383233974,0.23668461998803111,0.8593902398512399,0.20181386707720883,0.0,130.0,34.0,0.0,2.6364918312482453,0.13157766150299635,-0.4540441353529195,-0.45405282882985165,2.418583493026205,0.0,5155543.981077419
1.75,1.5,0.08,cost,F,8196081.848156053,0.13511004373249558,178.0,-0.44616756416098186,0.5589790369106891,1.6893938879417716,2.4505531090763535,0.6893938879417717,0.08281718796918622,0.23778176740474766,0.8593902398512399,0.20249927082763577,0.0,130.0,34.0,0.0,2.597871900829095,0.12765772179731583,-0.45944814081623525,-0.45945692769481006,2.3754953975882316,0.0,4856034.8967211675
1.75,1.5,0.05,mtm,A,1791344.6100953792,0.11477194700535376,57.0,-0.3070874989899282,0.33722945397343673,1.57368761750584,2.7432354900170504,0.5736876175058401,0.046765047959350055,0.1605392156862745,0.8604311214128164,0.1570841941584877,0.0,49.0,8.0,0.0,1.0794385467881429,0.09898673942645482,-0.3884508379424661,-0.40112370917842644,2.530851021620667,0.0,1515525.7056371893
1.75,1.5,0.08,mtm,A,1797557.9969173972,0.1151518079955417,57.0,-0.31330085548124637,0.3390756847359786,1.5809355381656727,2.7213795692624787,0.5809355381656724,0.04796709679050194,0.16237745098039216,0.8604311214128164,0.15769866373190522,0.0,49.0,8.0,0.0,1.0695951749795947,0.09788309439371498,-0.3947655689678378,-0.4089504689231408,2.517127285527178,0.0,1483098.8236599534
1.75,1.5,0.05,mtm,B,2508910.449597653,0.14404994378422498,119.0,-0.4499289658449249,0.7314567205836321,1.6009116479943888,2.66413952045901,0.6009116479943889,0.09802443507863084,0.28405572755417957,0.6747411926132791,0.23296648352175636,0.0,78.0,26.5,0.0,1.4608577262964872,0.13211822006084206,-0.4584051847604225,-0.47517681532563816,2.524620169607203,0.0,1921145.1294676457
1.75,1.5,0.08,mtm,B,2422245.7165574823,0.14027317457050026,119.0,-0.45635555321034643,0.7334641922655734,1.614310066604955,2.6278431573003322,0.6143100666049549,0.09860568577820403,0.28753869969040247,0.6658994572578426,0.23352306647452659,0.0,78.0,26.5,0.0,1.4277638340265286,0.12866963270961745,-0.4678951548237028,-0.47640849161647225,2.47748783727834,0.0,1876133.4544344165
1.75,1.5,0.05,mtm,F,7673957.000348225,0.13149642741351109,179.0,-0.4135530933498528,0.546754310536923,1.6054505341882646,2.651751903351833,0.6054505341882646,0.07346506388958231,0.22890484739676842,0.8604311214128164,0.19893858845482953,0.0,129.5,34.0,0.0,2.5234503220762217,0.12103705356503514,-0.4656650661841678,-0.4751763994861301,2.5270593508516717,0.0,4827083.65833231
1.75,1.5,0.08,mtm,F,7401602.928191775,0.1295180433404456,179.0,-0.4180809687431774,0.5482407600049362,1.6025137886078327,2.659725990614094,0.6025137886078327,0.07501895542366846,0.23089966088170755,0.8604311214128164,0.19968387988557873,0.0,129.0,34.0,0.0,2.4956770002275226,0.11901489303982622,-0.4716687308627223,-0.48047340026592344,2.483256952183556,0.0,5326252.4979562275
1.75,2.0,0.05,cost,A,2066654.776776527,0.13071663051921545,63.5,-0.37613890035750125,0.42260159433288635,2.260512598848564,1.7933294773782187,1.260512598848564,0.11997059951481097,0.19240196078431374,0.8593902398512399,0.19664712830466102,0.0,55.0,9.0,0.0,1.2182570155859325,0.12075758032525123,-0.5108416069046947,-0.5243959932137943,1.6385453684710158,0.0,1636074.1236485075
1.75,2.0,0.08,cost,A,2010977.9515010768,0.12765270383386762,63.0,-0.3869448737566476,0.4257601856319389,2.2824106657883814,1.7797912021436118,1.2824106657883811,0.1224719911099802,0.19240196078431374,0.8593902398512399,0.19740215968159275,0.0,54.0,9.0,0.0,1.1849727794401832,0.11710777467662661,-0.5229119074992311,-0.5406648858035379,1.6375398071058886,0.0,1586351.4700917287
1.75,2.0,0.05,cost,B,3749564.578345244,0.18811466131369703,142.0,-0.5862314290662923,0.9615280350244488,2.5723017114437083,1.636010679127418,1.5723017114437081,0.25716536674929025,0.42221362229102166,0.5371246272075545,0.30879774214816086,0.0,95.0,29.0,0.0,1.839027459415112,0.17983046382896853,-0.6079473585911476,-0.6079762557088286,1.6020128645138396,0.0,3415087.036538741
1.75,2.0,0.08,cost,B,3522534.161199866,0.1811558664198667,141.0,-0.5967798741499926,0.9705830556577473,2.500449866735403,1.666477921558727,1.5004498667354027,0.2600557997541897,0.42743808049535603,0.5223885076688962,0.3106902197398261,0.0,94.5,29.0,0.0,1.778778160399747,0.17604434041055336,-0.6183827083136298,-0.618412563356032,1.6006747663360357,0.0,3349206.855989069
1.75,2.0,0.05,cost,F,13205126.798733953,0.1616635016488538,205.0,-0.5862180549724907,0.7125328077447618,2.5674422860399613,1.6379825191919748,1.5674422860399615,0.19229037137731936,0.3291442250149611,0.8593902398512399,0.261646293574883,0.0,150.0,38.0,0.0,3.061945471389277,0.1544642715376988,-0.6079339455324797,-0.6079728156107713,1.6016809086608133,0.0,11033282.557279246
1.75,2.0,0.08,cost,F,11895472.663975649,0.1557972579029172,204.0,-0.5967658814975474,0.7166266029652669,2.531187558941917,1.653088693901875,1.5311875589419173,0.19839119111230485,0.3309395571514063,0.8593902398512399,0.2636099119155672,0.0,149.0,38.0,0.0,2.96969563378896,0.15025768255512073,-0.6183689899189742,-0.6184091130857492,1.6086006349483937,0.0,10006811.389394922
1.75,2.0,0.05,mtm,A,1970563.901802548,0.12537916426104578,61.5,-0.40918825185253244,0.40934765243633475,2.2539312517519132,1.79749303468302,1.2539312517519137,0.11314007784767878,0.18790849673202614,0.8604311214128164,0.19532694040669168,0.0,53.0,9.0,0.0,1.1806941060718228,0.11672992121668194,-0.497264164710729,-0.5215300154462037,1.6884073668513788,0.0,1715290.1007797793
1.75,2.0,0.08,mtm,A,1900136.313431087,0.12131975895391967,63.0,-0.4179298904653718,0.4135526190466016,2.2741380681750956,1.7848454460360297,1.2741380681750958,0.11647665895212117,0.1895424836601307,0.8604311214128164,0.1976356001394287,0.0,54.0,9.0,0.0,1.1444645018422577,0.10742656179991775,-0.49347239237511076,-0.5097534843203959,1.6475381042662813,0.0,1653363.4626935169
1.75,2.0,0.05,mtm,B,3323706.3632871155,0.1747184377309231,139.0,-0.5684570912409884,0.9234326066357392,2.2278341439932046,1.8144424981364033,1.2278341439932046,0.21981256282869305,0.41563467492260064,0.5596425668293721,0.29211679067103485,0.0,92.0,29.5,0.0,1.713374723565515,0.16675143274734114,-0.5820343149205262,-0.5820620323851351,1.7415831486440494,0.0,3020145.1165513536
1.75,2.0,0.08,mtm,B,3154694.434523356,0.16896542213191756,138.5,-0.5746850015402246,0.9312199003508004,2.275663007902603,1.78390637329291,1.2756630079026028,0.22303031946450624,0.4086687306501548,0.5504819192900448,0.2934159013905768,0.0,91.5,29.5,0.0,1.6588362062699709,0.16031383014625383,-0.5918193204433614,-0.5918479729367734,1.7185495947594873,0.0,2849187.685874219
1.75,2.0,0.05,mtm,F,11370333.06827373,0.15326931574026192,200.0,-0.5684436438320295,0.6773900019720174,2.2879437648056165,1.7765314243912382,1.2879437648056165,0.1713530918910118,0.31926989826451224,0.8604311214128164,0.25115643991581754,0.0,146.0,38.0,0.0,2.925160147347496,0.1469033527947476,-0.5820216053549934,-0.5820586746483801,1.6884073668513788,0.0,9299471.396760434
1.75,2.0,0.08,mtm,F,10379828.802025612,0.14818650502945274,199.0,-0.5746708527421576,0.6855267862668688,2.322345082877195,1.7562322605843297,1.3223450828771952,0.17569406739305318,0.3040095751047277,0.8604311214128164,0.25296233391526696,0.0,145.0,38.0,0.0,2.8323207775459758,0.14093665806828276,-0.5918063289040396,-0.5918446035238921,1.6475381042662813,0.0,8107465.102506552
2.0,0.9,0.06,cost,A,1430939.027578,0.09017313075584754,45.0,-0.20107696760251792,0.23308007703334677,0.9051423899258211,inf,0.0,0.0,0.0,0.8776336848713447,0.11105209284081924,0.0,37.5,7.0,0.0,0.8704744098077724,0.07925869706153348,-0.2455071923413208,-0.274340429427372,inf,0.0,1287040.2479896278
2.0,0.9,0.06,cost,B,1594811.470221946,0.09629215424746562,90.0,-0.2700612875310542,0.491808855957672,0.8946361147733303,inf,0.0,0.0,0.0,0.8317425572103984,0.14300672352958846,0.0,57.5,22.0,1.0,0.9684548440559245,0.07390865504225037,-0.29756391346816624,-0.3012711727893119,inf,0.0,1257086.1025210086
2.0,0.9,0.06,cost,F,3413079.985927906,0.08792108071729188,132.5,-0.28477626260344885,0.36793346945524363,0.9051423899258211,inf,0.0,0.0,0.0,0.8776336848713447,0.1285923857345518,0.0,92.5,29.0,1.0,1.777193424699678,0.08053987835860348,-0.2963403145658333,-0.2989277265302551,inf,0.0,2720499.874375088
2.0,0.9,0.06,mtm,A,1411188.2935306348,0.0886690349038115,46.0,-0.19665361381471008,0.23049270970289237,0.8956036319977851,inf,0.0,0.0,0.0,0.8791925926491327,0.1094811776709442,0.0,39.5,7.0,0.0,0.8688279367744217,0.07895575017099765,-0.23870796704416658,-0.2674892179390711,inf,0.0,1282113.7189827682
2.0,0.9,0.06,mtm,B,1667463.0491004856,0.10064902412166354,93.0,-0.2902180538564488,0.497469777367638,0.9032444015805913,inf,0.0,0.0,0.0,0.8313641970011363,0.14417649335388133,0.0,59.5,23.0,1.0,0.9957928866281828,0.07439758622366417,-0.32653597931709544,-0.3560382195820856,inf,0.0,1244577.5762226137
2.0,0.9,0.06,mtm,F,3535253.959636214,0.08977543414537315,135.5,-0.28816136692580635,0.36696707333303924,0.9086328019934138,inf,0.0,0.0,0.0,0.8791925926491327,0.12898180637809126,0.0,96.0,29.0,1.0,1.8015268797199329,0.07963015211090008,-0.30684418310545847,-0.3527829806726659,inf,0.0,2619120.5884001325
2.0,1.0,0.06,cost,A,1568950.6739036923,0.10018968710024012,49.0,-0.21840932278887626,0.25309179884549277,0.9847084197946074,inf,0.0,0.0,0.0,0.8776336848713447,0.11963857214061675,0.0,42.0,7.0,1.0,0.9509576260396336,0.0901159342583645,-0.2805251747868712,-0.29531676014508823,inf,0.0,1346630.3261991616
2.0,1.0,0.06,cost,B,1645576.6205572677,0.09955125355578764,90.5,-0.31497125580781615,0.549068649207983,0.996480693056887,inf,0.0,0.0,0.0,0.7799253351391278,0.16398181100270337,0.0,57.5,23.0,0.0,0.9817017550044074,0.07375808891593386,-0.3465318675355556,-0.36500450630223746,15313.937799607567,0.0,1171997.0920404366
2.0,1.0,0.06,cost,F,4104451.204799959,0.09769210602326805,139.0,-0.31497146700117434,0.4039585497637386,0.9964807098623357,inf,0.0,0.0,0.0,0.8776336848713447,0.14396698311253003,0.0,99.0,30.0,1.0,1.9497788206896107,0.0897728558870902,-0.33191887395034053,-0.33469588567312525,inf,0.0,3173069.7723956616
2.0,1.0,0.06,mtm,A,1522175.3533438516,0.0968794578806832,46.0,-0.22280906076475587,0.2549781085676477,0.9930195295511618,inf,0.0,0.0,0.0,0.8358836304330184,0.1246899321729113,0.0,39.0,7.0,0.0,0.92553979996872,0.0896830059375721,-0.27309601818725865,-0.3014935281518103,145201.6722715241,0.0,1265510.4356044391
2.0,1.0,0.06,mtm,B,1617035.8394323806,0.09774199758636104,95.0,-0.31518571611121976,0.5489421911399597,0.9994999899715655,inf,0.0,0.0,0.0,0.778331684133884,0.16095635282096263,0.0,60.5,23.0,0.0,1.0032976617597666,0.0781674554239465,-0.3309839337199648,-0.3689819966486013,inf,0.0,1273812.7931741925
2.0,1.0,0.06,mtm,F,4100685.230036175,0.0976424933895198,141.0,-0.31518574554086565,0.40273450640678676,0.9995004698910678,inf,0.0,0.0,0.0,0.8358836304330184,0.14337563590710267,0.0,99.5,30.0,0.0,1.9312623682010472,0.08822957344026863,-0.31953162307647387,-0.3322338840306216,145201.6722715241,0.0,2903801.182176614
2.0,1.2,0.05,cost,A,1698045.7281350659,0.10886460970760103,52.0,-0.26582091432548977,0.2947904877216759,1.226353197293546,5.418269395308917,0.22635319729354586,0.01644140414239099,0.14195261437908496,0.8319084650750106,0.14332866794206633,0.0,44.5,8.0,0.0,1.0474166201136508,0.10150913108011801,-0.31729912557422596,-0.3485010607437975,5.004582532027175,0.0,1505404.609785307
2.0,1.2,0.08,cost,A,1690667.4609176682,0.10838511855085053,52.0,-0.26765904314658057,0.2951956207780837,1.2283069647551774,5.380352599905727,0.2283069647551773,0.016717736419466042,0.14195261437908496,0.8318989434368014,0.14348392951957273,0.0,44.5,8.0,0.0,1.0438242798746924,0.10107278195355915,-0.3199247727802284,-0.3512769334752617,4.91352152900956,0.0,1498593.900918719
2.0,1.2,0.05,cost,B,2056847.9803321955,0.12286858246387822,101.0,-0.3679001852602624,0.6347471905443464,1.2524832446123446,4.96065886090703,0.2524832446123446,0.029991055395439725,0.23587461300309598,0.8161800833135544,0.18932834255999037,0.0,65.0,24.0,0.0,1.2168829490026305,0.09920585388725177,-0.3899708240543229,-0.38997113168634423,4.754674770373338,0.0,1356329.4056473847
2.0,1.2,0.08,cost,B,2036058.8533286832,0.1217961089278713,101.0,-0.3703440993233578,0.6350775208291447,1.239405665555176,5.1770105983446655,0.2394056655551759,0.02949477457701922,0.23587461300309598,0.8260479480528613,0.18897971137839714,0.0,65.0,24.0,0.0,1.2063507513680323,0.0983424930434605,-0.3814158853727506,-0.3833015786938413,4.679062952341005,0.0,1345989.8671849552
2.0,1.2,0.05,cost,F,5637555.675552044,0.11471018731459293,153.5,-0.36923140820335965,0.4698621098145721,1.250036190493512,4.999803967912817,0.25003619049351206,0.023571186154508095,0.18591661679632954,0.8319084650750106,0.1695695650032608,0.0,110.0,31.0,0.0,2.2602173198339495,0.10514377714310148,-0.3903893515091144,-0.40516994967444886,4.717779714981542,0.0,3704184.1218819115
2.0,1.2,0.08,cost,F,5569306.614375168,0.11405199793920973,153.0,-0.36634173226582933,0.47163701270202435,1.2399460200812316,5.167604028862263,0.23994602008123145,0.023502878898125294,0.18591661679632954,0.8318989434368014,0.1694129619299056,0.0,109.5,31.0,0.0,2.2468953718114113,0.10454843677726307,-0.38300220027284565,-0.4076274571161276,4.650893932135102,0.0,3660076.7910470474
2.0,1.2,0.05,mtm,A,1683477.0479811025,0.10791655904360631,53.5,-0.2616266679320163,0.2949949549701498,1.203513485633158,5.913692802185109,0.20351348563315796,0.0142299583687844,0.12888071895424835,0.833278992738673,0.1402011138544129,0.0,46.0,8.0,0.0,1.0385466057503447,0.09741865214960284,-0.3156306434435712,-0.34560637017875995,5.311820208205013,0.0,1476297.7474446176
2.0,1.2,0.08,mtm,A,1677325.7662759318,0.10751376184312544,53.5,-0.2631506825305621,0.2953205991630029,1.2045259759665585,5.889543504349664,0.2045259759665586,0.014233720115573766,0.13071895424836602,0.8332773335684921,0.14030443549703264,0.0,45.5,8.0,0.0,1.0349472094807757,0.09715425638325328,-0.3180960161215198,-0.3481730874178248,5.248062929171901,0.0,1470140.0648358671
2.0,1.2,0.05,mtm,B,1972194.7616035924,0.11843671514978982,104.5,-0.3766220981352217,0.6242959381724205,1.2162379509986834,5.624728522536731,0.2162379509986833,0.026038423661927372,0.233359133126935,0.8243282434993748,0.18629465390482675,0.0,67.5,24.0,0.0,1.219063907368132,0.09517001016260204,-0.3779520368451004,-0.38965207217235787,4.970195244730561,0.0,1486138.8829692402
2.0,1.2,0.08,mtm,B,1958154.119090675,0.11768617433376971,104.5,-0.37845868542105454,0.6250213392113073,1.2202687573159676,5.539965284201367,0.2202687573159675,0.02549517032207758,0.22910216718266255,0.8226736553302065,0.18679795443031233,0.0,67.5,24.0,0.0,1.2130401416205683,0.09434589975184263,-0.38035028636622276,-0.39204394295956946,4.889535694675284,0.0,1475958.9544885394
2.0,1.2,0.05,mtm,F,6010985.651318822,0.11815530059903845,155.5,-0.3727131773903176,0.4648180429135166,1.216704011454723,5.614733380683935,0.2167040114547228,0.020662679046937256,0.18801117095551567,0.833278992738673,0.1682973646211079,0.0,113.0,31.0,0.5,2.2691560043140484,0.1029891510229564,-0.37716328762142615,-0.3868403175916758,5.149925680892475,0.0,4202460.6749819545
2.0,1.2,0.08,mtm,F,5920538.642186368,0.11734243236549513,155.5,-0.3746325466804634,0.46488984741638495,1.2188640226303225,5.569057337829958,0.2188640226303224,0.020302834806863464,0.18541791342509475,0.8332773335684921,0.1685034218312536,0.0,112.5,31.0,0.5,2.2642091347699096,0.102518195912968,-0.37846493293993366,-0.3885281801327234,5.0675682738936265,0.0,4157488.4334170297
2.0,1.5,0.05,cost,A,1836108.8815477402,0.11750908434499252,56.0,-0.3240745253512349,0.3583093831701207,1.614955719851941,2.626175247175517,0.6149557198519412,0.05732421694041788,0.19158496732026142,0.8319084650750106,0.16988028581015704,0.0,47.5,8.0,0.0,1.1583973034818793,0.10750434799482615,-0.4254695105736292,-0.44244731077912625,2.386367195675461,0.0,1601157.3327044987
2.0,1.5,0.08,cost,A,1806659.906985403,0.11571368452078401,55.5,-0.3284056828008572,0.35892474052292217,1.6127933842192301,2.63187199344625,0.6127933842192301,0.05784649210388442,0.190359477124183,0.8318989434368014,0.16986588297209226,0.0,47.0,8.0,0.0,1.1242135826714377,0.10002144444214142,-0.4307815679095795,-0.44794519531996013,2.4518976940212425,0.0,1551179.8293897666
2.0,1.5,0.05,cost,B,2662821.7926409496,0.15047498832923645,112.5,-0.42768229759780474,0.7810107362166228,1.6903773055791862,2.4485491152300813,0.6903773055791863,0.11716215083493206,0.3212074303405573,0.7004135229701107,0.23842139378513072,0.0,73.0,25.0,0.0,1.4869356053292506,0.12252109897990701,-0.43839467546509026,-0.44609809226217767,2.37537924044151,0.0,1887402.9296540923
2.0,1.5,0.08,cost,B,2597808.054972695,0.1478017946156639,112.5,-0.4342556709916212,0.7858782115386814,1.7118404438262087,2.404875947711107,0.7118404438262087,0.1197834899265201,0.3219814241486068,0.6921153149491676,0.24007595501358675,0.0,73.0,25.0,0.0,1.4582504620160104,0.11941993711020264,-0.446884183599467,-0.45448631195481903,2.343176834561244,0.0,1833844.775370516
2.0,1.5,0.05,cost,F,9053278.391245186,0.14060101016131255,169.0,-0.42648221290016186,0.5704231574339618,1.6930689093672737,2.4428582548052784,0.6930689093672736,0.08551792432314914,0.2528426092160383,0.8319084650750106,0.20825725130041287,0.0,122.0,32.0,0.0,2.704427605535721,0.13019429419818643,-0.4428729657122633,-0.4864203755926596,2.262915280898581,0.0,5970524.094806683
2.0,1.5,0.08,cost,F,8090633.042001393,0.1344020838943406,168.0,-0.4339261838839344,0.5708074104140635,1.7090064362314323,2.410426769356957,0.7090064362314321,0.08720532860011972,0.2513464991023339,0.8318989434368014,0.20915670955876484,0.0,121.0,32.0,0.0,2.649270468857838,0.1301063596948465,-0.44808632277763527,-0.4843365782889728,2.344743985252766,0.0,5587489.486746855
2.0,1.5,0.05,mtm,A,1777354.6961266368,0.11390414756587797,55.0,-0.3337909133212375,0.35058706369363213,1.577960797627742,2.730263032561214,0.5779607976277419,0.051534016373475634,0.18178104575163398,0.833278992738673,0.1663059959573262,0.0,47.0,8.0,0.0,1.1165655133497054,0.10095492919366152,-0.41543737069838343,-0.4316632208931357,2.5137580197384364,0.0,1546672.0022502434
2.0,1.5,0.08,mtm,A,1775396.487318763,0.11378031852472548,55.0,-0.3373579547903358,0.35112923404610474,1.5840528502598672,2.7122014987523024,0.5840528502598672,0.052487377302281306,0.18382352941176472,0.8332773335684921,0.16711560123511543,0.0,47.0,8.0,0.0,1.1055559621298812,0.0995322847532919,-0.42356993826204314,-0.44004662377876513,2.453700174331825,0.0,1542300.565906185
2.0,1.5,0.05,mtm,B,2438868.281410547,0.14099965077483956,113.5,-0.4167134704804207,0.7374188217971691,1.589208960474001,2.6972261192631946,0.5892089604740007,0.09588458066101763,0.29721362229102166,0.719735202683836,0.23038085449968077,0.0,73.0,26.0,0.0,1.450297768941251,0.12377688896706678,-0.43142503117059744,-0.45131149508378066,2.559756984914777,0.0,2032231.1963022992
2.0,1.5,0.08,mtm,B,2381346.915757642,0.13843719422484257,113.0,-0.42221550220241183,0.7409109841963979,1.593930534026462,2.683921386614694,0.5939305340264622,0.09716636005725972,0.29992260061919507,0.7123190562924009,0.23132961254962686,0.0,73.0,26.0,0.0,1.426899724017802,0.12127731237620269,-0.43746551768877795,-0.4574418970650137,2.5128833819665854,0.0,1980743.5400048
2.0,1.5,0.05,mtm,F,8095634.161448767,0.13442851090318797,169.0,-0.41015244411766466,0.551154069698766,1.6147098711919652,2.6267990700645685,0.614709871191965,0.07570930119363693,0.23857969279872332,0.833278992738673,0.2020132202164635,0.0,122.0,33.0,0.0,2.610888091724987,0.12477058180699496,-0.4341999059264988,-0.46252902252685635,2.5137580197384364,0.0,5336216.589473066
2.0,1.5,0.08,mtm,F,7768703.214979338,0.1321684710274127,169.0,-0.41600517966756506,0.5526317746249008,1.6264040362696357,2.5964137391354694,0.6264040362696357,0.07676598681125553,0.24286854179134248,0.8332773335684921,0.20199423990201348,0.0,121.5,33.0,0.0,2.574186461561125,0.12292485416488277,-0.4410617180061011,-0.4696864172815438,2.453700174331825,0.0,5054685.06625574
2.0,2.0,0.05,cost,A,2216110.705828652,0.13858624248213303,60.0,-0.38624731674160656,0.4409100046716997,2.32597462276485,1.7541629034983364,1.32597462276485,0.12785964278382175,0.2107843137254902,0.8319084650750106,0.20631070980670757,0.0,52.0,8.0,0.0,1.2832198070087255,0.12488898066301166,-0.48998270702042185,-0.510115476514001,1.640566181092284,0.0,1831545.6585491213
2.0,2.0,0.08,cost,A,2150751.7459392855,0.13520545234287762,60.0,-0.40007176565535724,0.44668479348281553,2.3313925741118275,1.7511063107026226,1.3313925741118278,0.13005551357799705,0.2107843137254902,0.8318989434368014,0.20882296239417883,0.0,52.0,8.0,0.0,1.2520224067178762,0.12036210899806035,-0.5051536941202251,-0.5273735437027985,1.6089613890950345,0.0,1758121.656234895
2.0,2.0,0.05,cost,B,3873739.97496415,0.19175940212317177,131.0,-0.5662273523027168,0.9797519429105883,2.520134117590173,1.6578413816628847,1.5201341175901728,0.26406983690716446,0.44330495356037153,0.5665544607620925,0.3107824054598327,0.0,87.0,27.5,0.0,1.884835983572049,0.17844473902068353,-0.613193314248136,-0.6228330496789165,1.55109240419848,0.0,3290724.7962912987
2.0,2.0,0.08,cost,B,3631955.217513378,0.18455865142252414,129.0,-0.5732258406988833,0.986312372796297,2.570712166012635,1.6366547738650379,1.5707121660126349,0.27104732138566423,0.4537538699690402,0.5582202486452112,0.3136109727970604,0.0,85.0,27.5,0.0,1.812715857031612,0.1663409746086132,-0.6257450651300748,-0.6354803978501333,1.5421274458218635,0.0,2915041.199553054
2.0,2.0,0.05,cost,F,14071482.70214109,0.16524694369291348,189.0,-0.552712207454002,0.7156155528232533,2.499907883116404,1.6667119834970654,1.4999078831164039,0.19504207632075896,0.34161180929583085,0.8319084650750106,0.26576874815721013,0.0,137.5,36.0,0.0,3.1522712674677003,0.15824932157919253,-0.6215841655613006,-0.62283094498509,1.5749935775335258,0.0,12146219.193658503
2.0,2.0,0.08,cost,F,12715415.831603702,0.1595375218982955,186.5,-0.5563989022757655,0.7243765033267315,2.592073463650774,1.6281126956351786,1.5920734636507743,0.20118500006586507,0.3492918412128466,0.8318989434368014,0.2695659709595555,0.0,136.0,36.0,0.0,3.047300006785491,0.15279932139473418,-0.6339978023010325,-0.6354782188376025,1.505712285046215,0.0,9782534.836501002
2.0,2.0,0.05,mtm,A,2098938.731513513,0.13245894326863228,60.5,-0.381956628358136,0.42302404149641426,2.2476881436504454,1.801486963438485,1.2476881436504454,0.11903754516502439,0.20179738562091504,0.833278992738673,0.20024483817647223,0.0,52.0,8.0,0.0,1.2408682404901064,0.11694345616020085,-0.4770246181492725,-0.5095847898433705,1.644677409150715,0.0,1767931.3380559566
2.0,2.0,0.08,mtm,A,2028126.9517376577,0.1286044928496698,60.0,-0.3937036484438457,0.42681905967695205,2.2724611066031546,1.785883155202688,1.2724611066031546,0.11502494255636715,0.20016339869281047,0.8332773335684921,0.20144612155359026,0.0,51.5,8.0,0.0,1.2057401662070137,0.11466625115750491,-0.49149289035635685,-0.5185134408581409,1.6423297089583826,0.0,1645990.3077066503
2.0,2.0,0.05,mtm,B,3502157.812858632,0.180452538576243,128.5,-0.5436477927475358,0.9240517392154537,2.3261826379058084,1.7540530348740235,1.3261826379058081,0.22133890935364436,0.42685758513931893,0.5939057242541997,0.2951714800684792,0.0,85.5,27.5,0.0,1.7653849353939761,0.159265901314892,-0.5797194617555028,-0.5886437604187547,1.7004122102533512,0.0,2711034.04084006
2.0,2.0,0.08,mtm,B,3337687.232151122,0.17512104769673575,127.5,-0.5515568869583878,0.927676381298351,2.347870279052633,1.742044874724427,1.347870279052633,0.2261179349214436,0.42724458204334365,0.5810385006679233,0.296068652210571,0.0,84.5,28.0,0.0,1.6999171669385216,0.1507233495318,-0.5907824740283252,-0.5963111675551834,1.6766621223699496,0.0,2638115.3585464046
2.0,2.0,0.05,mtm,F,12031594.372349365,0.1564345151350055,190.0,-0.5278395374527742,0.6855343108906233,2.3231177527204796,1.7558509725013596,1.3231177527204796,0.17188386316398857,0.32076600837821667,0.833278992738673,0.25333354366943595,0.0,138.0,36.0,0.0,2.9988943655984577,0.14748159857956922,-0.5883153105757758,-0.5886418563452727,1.644677409150715,0.0,9789259.459038125
2.0,2.0,0.08,mtm,F,11008253.664705647,0.15146238974893556,188.0,-0.5353646006418655,0.689675874219331,2.35779167422014,1.7366429782298907,1.35779167422014,0.17318948723791008,0.32625174546179936,0.8332773335684921,0.2545549521270464,0.0,136.0,36.0,0.0,2.9099044112398733,0.14161709620589327,-0.5966414797143085,-0.5996361682008013,1.6423297089583826,0.0,8973467.00099117
2.5,0.9,0.06,cost,A,1422542.5560511695,0.08953602600355803,38.0,-0.20080643375940332,0.2338203242552839,0.8824174724862475,inf,0.0,0.0,0.0,0.885861872186936,0.10860493444617238,0.0,31.5,6.0,0.0,0.8754764816208308,0.08240514278428371,-0.23067837922294468,-0.29547241812614733,inf,0.0,1213972.3889545656
2.5,0.9,0.06,cost,B,1436200.342332148,0.08555382779687393,81.0,-0.306527591208,0.5158492075963219,0.9012291386667519,inf,0.0,0.0,0.0,0.8402633347275913,0.14745819411373068,0.0,49.0,22.0,1.0,0.8850596764514952,0.06950512503258721,-0.3178428064972302,-0.3367261178957457,inf,0.0,1193838.4656217755
2.5,0.9,0.06,cost,F,3480464.6854396025,0.08894832068884706,119.5,-0.30657367959058907,0.3768626642857343,0.9015061888728971,inf,0.0,0.0,0.0,0.885861872186936,0.12999301713052913,0.0,82.0,28.0,1.0,1.7548078816799417,0.0781458710813221,-0.3209476719981654,-0.337219952913427,inf,0.0,2550359.9350889293
2.5,0.9,0.06,mtm,A,1431422.2287000408,0.09020933922645602,40.0,-0.20490842850043434,0.23622992961118713,0.9068674880899126,inf,0.0,0.0,0.0,0.8885414030603305,0.10889631088069694,0.0,33.5,6.0,0.0,0.8801034050444898,0.08301214678198421,-0.23321090207742287,-0.2958948650348747,inf,0.0,1228401.8353786625
2.5,0.9,0.06,mtm,B,1621697.970963239,0.09803291724984475,86.0,-0.26667047413983985,0.503151755164829,0.9050750252793078,inf,0.0,0.0,0.0,0.8392703524873921,0.14110132226735236,0.0,55.0,21.5,2.0,0.9803822374610496,0.07541226818768676,-0.30673805582151265,-0.36334197578962424,inf,0.0,1169007.8694905268
2.5,0.9,0.06,mtm,F,3543579.1944172373,0.08989844131133029,125.5,-0.28565631779297457,0.3763003971359491,0.9068685573899098,inf,0.0,0.0,0.0,0.8885414030603305,0.1270647964479138,0.0,87.5,28.0,2.0,1.7968754808804934,0.08051496111248821,-0.30323286654972365,-0.30712118451778214,inf,0.0,2958021.2622581045
2.5,1.0,0.06,cost,A,1504427.968307273,0.09561006229560731,42.0,-0.21209889674145066,0.25431334190254523,0.9777978193249415,inf,0.0,0.0,0.0,0.885861872186936,0.11597883100775586,0.0,35.5,7.0,0.0,0.9311626712155576,0.08928992307441766,-0.24171734688552496,-0.3065721958498465,inf,0.0,1289270.2093286703
2.5,1.0,0.06,cost,B,1700771.8189657533,0.10296913884964898,84.5,-0.31501868871901867,0.5531211083628857,0.9989010726219041,inf,0.0,0.0,0.0,0.79225937043638,0.1594308591427315,0.0,53.0,22.0,0.0,1.0176834263163443,0.07982135981544895,-0.3258868130094112,-0.4031138045088223,inf,0.0,1314180.57561641
2.5,1.0,0.06,cost,F,3774342.058547076,0.09323984565009502,125.5,-0.3228673820785746,0.41299874732165553,0.998894497000644,inf,0.0,0.0,0.0,0.885861872186936,0.14343431182395833,0.0,88.0,28.5,0.0,1.900099832069825,0.08557978631263041,-0.35364126745583313,-0.41050675778716794,inf,0.0,3112810.639765705
2.5,1.0,0.06,mtm,A,1548487.688705444,0.09874146686890017,43.5,-0.2283085050011915,0.2613982372473399,0.9933015299529102,inf,0.0,0.0,0.0,0.8885414030603305,0.11887102578943602,0.0,37.5,7.0,1.0,0.9635954376515837,0.09038753825252173,-0.2713863765659237,-0.3209452450126088,inf,0.0,1354074.0991451405
2.5,1.0,0.06,mtm,B,1584251.73179708,0.0955511041478666,85.0,-0.3165358296655443,0.5556852595108195,0.9935176921888007,inf,0.0,0.0,0.0,0.8008359029185288,0.1645837227376161,0.0,54.0,22.0,0.0,0.9841928304865986,0.0777493054938588,-0.34759660583123486,-0.3609435681623654,inf,0.0,1312099.3514238577
2.5,1.0,0.06,mtm,F,4041524.894172105,0.09687024705535352,129.0,-0.31683666218373646,0.41291409792741085,0.998067923123027,inf,0.0,0.0,0.0,0.8885414030603305,0.14396075794548596,0.0,91.5,29.0,1.0,1.9500249490277324,0.0874643876537281,-0.34761535029594276,-0.3628348533304414,inf,0.0,3263560.047863784
2.5,1.2,0.05,cost,A,1693235.8257885696,0.10855281843832498,49.0,-0.25152489440386083,0.3044867802832062,1.220109357714112,5.543240753881303,0.220109357714112,0.01246390472495258,0.11785130718954248,0.8339454702894201,0.14258912967482384,0.0,41.0,7.0,0.0,1.054841734150806,0.09559528812570532,-0.3049598227277616,-0.3397895331969035,5.135381027348537,0.0,1496468.4670408787
2.5,1.2,0.08,cost,A,1688176.999669773,0.10822338277843824,49.0,-0.25270497039244083,0.3049679844212758,1.222536536983799,5.49376539682029,0.22253653698379897,0.012575745123100064,0.11785130718954248,0.8337849391616619,0.1426788442887627,0.0,41.0,7.0,0.0,1.0520595599362137,0.09522449648488489,-0.30654095852170915,-0.34143254441584836,5.0809018848047085,0.0,1491111.9962126974
2.5,1.2,0.05,cost,B,2008857.753232093,0.12037737890965905,89.5,-0.38278951773618186,0.6637843641301382,1.2549000795418288,4.923105876615052,0.2549000795418287,0.031948523426073606,0.2294891640866873,0.7180083715730614,0.1993298937741237,0.0,56.5,23.0,1.0,1.1654686953258415,0.08646809270790139,-0.4095673713598534,-0.41578081054982663,4.782772633703629,0.0,1359826.619832466
2.5,1.2,0.08,cost,B,1967984.0777688113,0.1182131499097423,88.5,-0.38521106408684685,0.6655691365297413,1.2591256446220567,4.859131740738077,0.2591256446220567,0.03181310960759542,0.2292956656346749,0.7149970920041727,0.19975607396298073,0.0,55.5,23.0,1.0,1.1435294784008618,0.08423932219118395,-0.41183273703662576,-0.41846703607215086,4.699351479852767,0.0,1329223.9031610603
2.5,1.2,0.05,cost,F,5246599.969146909,0.11083235331739505,137.5,-0.3827809990713593,0.48482408234958,1.2549001009933447,4.9231055464596905,0.2549001009933447,0.023255418914341,0.1843207660083782,0.8339454702894201,0.17347871843357496,0.0,98.0,30.0,0.0,2.212675257357892,0.10110804439075356,-0.3829204439457631,-0.39247320664389074,4.500843396259001,0.0,3854917.0177819375
2.5,1.2,0.08,cost,F,5115726.632505406,0.10947258946858296,136.5,-0.38520257268328706,0.48603421242580014,1.2591256664810664,4.859131415193847,0.2591256664810664,0.023235279739538078,0.18452024735687214,0.8337849391616619,0.17376990227133565,0.0,97.0,30.0,0.0,2.186955466886366,0.09958618572362701,-0.3854617269219281,-0.39466923488948824,4.4250219442815055,0.0,3757923.747544873
2.5,1.2,0.05,mtm,A,1768034.1000481825,0.11332179456993363,47.0,-0.2592719011808088,0.3011455724444537,1.21432119593647,5.665905211773716,0.21432119593646992,0.018240064590718304,0.15359477124183007,0.8364327813164952,0.1434527401869032,0.0,40.0,7.0,1.0,1.0550593502511494,0.09826917249006573,-0.3327884500936256,-0.3497424204707884,5.445681339279547,0.0,1424901.0043468066
2.5,1.2,0.08,mtm,A,1761568.3235231317,0.1129169000987007,46.0,-0.26144513544240466,0.30176410898162387,1.2123907357216428,5.708306529024133,0.21239073572164296,0.01793666878726432,0.15359477124183007,0.8363171971195298,0.14364121758193685,0.0,39.5,7.0,1.0,1.050085974510903,0.09777676550707845,-0.3354518233509307,-0.35235930328066345,5.385800957735091,0.0,1417197.9710324123
2.5,1.2,0.05,mtm,B,1861471.8620887436,0.11237407864328364,91.0,-0.37041773235481734,0.6501765589164172,1.2045602520946102,5.888538804446858,0.20456025209461023,0.02597340275760014,0.20859133126934987,0.7304735922217985,0.19419666637711325,0.0,58.0,23.0,0.0,1.1109177841916391,0.08097882855267738,-0.40137684402815743,-0.41529510006474646,5.268444194312975,0.0,1218226.6736191767
2.5,1.2,0.08,mtm,B,1848763.105359238,0.11165742673153234,91.0,-0.37232796116087485,0.6510867839186447,1.2077758640506,5.812888691701328,0.2077758640506001,0.026322834466653816,0.20859133126934987,0.7280891145982776,0.19453553555816192,0.0,58.0,23.0,0.0,1.104006172521768,0.08033404541363734,-0.4037520550403936,-0.4170956226802871,5.175514479229718,0.0,1210492.0990766315
2.5,1.2,0.05,mtm,F,5046169.610939924,0.10873831218021912,137.0,-0.3704148921086,0.47969669418035366,1.2236184461258959,5.47205857869659,0.22361844612589576,0.02350831591729792,0.19259924197087572,0.8364327813164952,0.17242394771740893,0.0,97.0,30.0,1.0,2.1752113687488794,0.09958891161014796,-0.3893160604275458,-0.3942760588061437,4.871276510695659,0.0,3734300.282626629
2.5,1.2,0.08,mtm,F,4975000.2156240195,0.10797471401063441,137.0,-0.3723251310283015,0.48025745484755644,1.225345626961078,5.4377564886679455,0.22534562696107793,0.023515919772450662,0.19180131657690005,0.8363171971195298,0.17238969195506693,0.0,96.5,30.0,1.0,2.1630399543332226,0.09894600555211572,-0.39224592848442524,-0.3963570863191902,4.9090498251326515,0.0,3689224.9428612287
2.5,1.5,0.05,cost,A,1999703.0013859877,0.12702340211176189,52.0,-0.3270002087339769,0.3701637738770146,1.6024402290093542,2.6599158041588042,0.6024402290093542,0.0637112184709483,0.2062908496732026,0.7761274904143929,0.17879088294874815,0.0,44.5,8.0,0.0,1.213769477645613,0.11671291613086451,-0.3866442785176594,-0.4287866217244315,2.5227580507195784,0.0,1709374.816652017
2.5,1.5,0.08,cost,A,1969548.66227706,0.12532356103705367,52.0,-0.3329417840142583,0.37229418582661733,1.6164987882180544,2.6220634146188506,0.6164987882180544,0.06533834191795049,0.2062908496732026,0.7753330627996073,0.17957443807941603,0.0,44.5,8.0,0.0,1.1979919836275312,0.11386556203491811,-0.39464691504863786,-0.4374144453691504,2.462641703738255,0.0,1682093.8838141111
2.5,1.5,0.05,cost,B,2428070.6693742312,0.140428464596009,101.0,-0.4654069010220787,0.7958281624254253,1.6741562602061384,2.4837280239008304,0.6741562602061385,0.1139674407307101,0.3593266253869969,0.7644394321358078,0.24307171814210027,0.0,65.0,24.0,0.0,1.423139406657954,0.11006127039686123,-0.4724902924128619,-0.5360786358299872,2.2751999907846865,0.0,1511262.6659266376
2.5,1.5,0.08,cost,B,2297436.4241933813,0.13447649049058052,99.0,-0.473011803212487,0.793243122483358,1.6809273266121652,2.4685873246187473,0.6809273266121652,0.11585351979551142,0.3568111455108359,0.7569761454283757,0.24183226474387198,0.0,63.0,24.0,0.0,1.3830315197839966,0.1104724205148434,-0.47851502666017276,-0.5343892808760146,2.2315962126656554,0.0,1420667.5573442942
2.5,1.5,0.05,cost,F,8346062.072759938,0.13606194174057584,152.0,-0.45114516805717836,0.5865471238205822,1.6715114096519597,2.489178197692829,0.6715114096519597,0.08936059619746639,0.28206662677039696,0.7761274904143929,0.2138737827033181,0.0,109.5,31.0,0.0,2.637498397395116,0.12245688377359747,-0.47249029241286206,-0.4888089512785605,2.299756888074776,0.0,4713545.195121201
2.5,1.5,0.08,cost,F,7964718.645455172,0.13350982496702957,152.5,-0.45795748979490736,0.590318585631807,1.6904405889986305,2.4483566953704705,0.6904405889986303,0.09158923465895477,0.28426092160383004,0.7753330627996073,0.2144993190124932,0.0,108.5,31.0,0.0,2.5838940132477455,0.11792366446173423,-0.47861373836712673,-0.5030323572816785,2.265906513638632,0.0,4429753.447000851
2.5,1.5,0.05,mtm,A,1973617.7992661349,0.12554961210576143,52.0,-0.3183775801292207,0.36342851664514964,1.548346543378883,2.8236652191571325,0.548346543378883,0.056281204797826306,0.20404411764705882,0.7783077679126967,0.17356825071869064,0.0,45.0,8.0,0.0,1.2010224086979475,0.11145447723095163,-0.3868722348594238,-0.42718230288039327,2.484211884877709,0.0,1685302.224066232
2.5,1.5,0.08,mtm,A,1947087.570302812,0.1240377183907786,52.0,-0.3236725811205986,0.3598938625282443,1.5613367362096335,2.781469688077798,0.5613367362096336,0.05763341863947612,0.20241013071895425,0.7775543292444711,0.17409532742610323,0.0,44.5,8.0,0.0,1.183906575923718,0.11017312556313383,-0.39452364886332075,-0.43536477087428405,2.4301888666152816,0.0,1659099.7905687178
2.5,1.5,0.05,mtm,B,2306170.404005945,0.13496096738342633,101.0,-0.4553931717160966,0.7728354395044201,1.628419963568323,2.5912926931057823,0.6284199635683231,0.10118629621826852,0.3378482972136223,0.7624985222383969,0.23654164679416284,0.0,65.5,24.0,0.0,1.384418645350203,0.1120941807027109,-0.4615666255073944,-0.46565818631933464,2.473949096685573,0.0,1632389.738511319
2.5,1.5,0.08,mtm,B,2234321.2919339687,0.13156455753663288,101.5,-0.460721117804581,0.7748035065729117,1.6449428552959802,2.5505336444043856,0.6449428552959802,0.10247667796811347,0.3384287925696594,0.7556515218199413,0.2354496709581147,0.0,66.0,24.0,0.0,1.353019985840924,0.1075996278648877,-0.461823956049254,-0.4728326901282093,2.4324850956080666,0.0,1538333.2588135155
2.5,1.5,0.05,mtm,F,8178748.998295465,0.13499748224792385,153.5,-0.4412860185301328,0.571686422419974,1.627618244953469,2.5933322005154866,0.6276182449534691,0.07869583283294719,0.2722920406941951,0.7783077679126967,0.20940790156593622,0.0,111.0,31.0,0.0,2.6047851642098876,0.11524947442991992,-0.45624951109648143,-0.4709364214156525,2.484211884877709,0.0,5493567.730867151
2.5,1.5,0.08,mtm,F,7742309.023132395,0.13198171082440702,154.0,-0.46071955331788805,0.5724737292984499,1.6274926839190567,2.594501187384759,0.6274926839190567,0.07893502316537102,0.25802912427688013,0.7775543292444711,0.2105544142351126,0.0,110.5,31.0,0.0,2.556644588139279,0.11279374847447736,-0.4683786836918208,-0.4775661543105001,2.4301888666152816,0.0,5124509.97294522
2.5,2.0,0.05,cost,A,2364809.6153914877,0.14589439290672745,56.5,-0.42164337681487024,0.4593857859636403,2.3899306129844273,1.7196685123369502,1.3899306129844273,0.13724578299378232,0.2455065359477124,0.7761274904143929,0.21999967700716153,0.0,48.0,8.0,0.0,1.3712599824627756,0.12608547970061812,-0.5412342589682073,-0.5493775428349179,1.5790723188339735,0.0,1871521.6787525949
2.5,2.0,0.08,cost,A,2296161.1317524808,0.14256358104332179,56.0,-0.43191034159337904,0.4621027047089292,2.4310337029293727,1.6988062966815538,1.431033702929373,0.13633733864110703,0.23978758169934639,0.7753330627996073,0.2225992754742045,0.0,47.5,8.0,0.0,1.3332926650606798,0.11679658053410054,-0.5558967687833349,-0.5658253659473687,1.5504443235003451,0.0,1779252.7838023966
2.5,2.0,0.05,cost,B,3580992.587968559,0.18298494341383775,112.5,-0.5805211652950288,1.0169932157324157,2.7460480079443323,1.5727239796745685,1.7460480079443323,0.2895085052656992,0.47271671826625383,0.5423778389049809,0.3300224976430768,0.0,73.0,26.0,0.0,1.812484462470976,0.15318465491447242,-0.5931754855290039,-0.5978728196699682,1.5188835959937927,0.0,2587486.7900146903
2.5,2.0,0.08,cost,B,3308294.855681767,0.17420438296233864,112.0,-0.594556432610432,1.031053909323432,2.766942334549059,1.5660224626156243,1.7669423345490585,0.29989541445063206,0.48606811145510836,0.5242200336539531,0.3337823676826731,0.0,72.0,26.0,0.0,1.7388144135514767,0.14576578667796353,-0.6034797975779921,-0.6096560013290353,1.4931569538019565,0.0,2419211.1802506153
2.5,2.0,0.05,cost,F,13945487.690808877,0.16473935852880128,169.0,-0.5790968284537817,0.7477502431772758,2.694518824979097,1.5901574658087867,1.694518824979097,0.21680451620900043,0.37472571314582087,0.7761274904143929,0.2832537683624413,0.0,121.0,34.0,0.0,3.1744619749880205,0.15376373789499412,-0.5966166500380079,-0.5966334390982706,1.5114061821035463,0.0,8622354.210928027
2.5,2.0,0.08,cost,F,12513098.59899168,0.15863648706202005,167.0,-0.5905354611545298,0.7549987375532492,2.762760328522859,1.5673045543867548,1.762760328522859,0.22278067134865898,0.3754238978655496,0.7753330627996073,0.28629276107516705,0.0,119.0,34.0,0.0,3.0661054292703063,0.14870943490430127,-0.604346088500448,-0.604362973414438,1.5061983503186511,0.0,7121217.948493863
2.5,2.0,0.05,mtm,A,2295001.110873743,0.142538368744766,56.5,-0.4088998159093253,0.44125070195526606,2.3040304154628437,1.7672199609578052,1.304030415462844,0.12268735081720991,0.2230392156862745,0.7783077679126967,0.21303512136013397,0.0,49.0,8.0,0.0,1.325585021776313,0.11928872484539128,-0.5250782471185178,-0.5353746763236739,1.6306934845237921,0.0,1837650.4381771903
2.5,2.0,0.08,mtm,A,2209475.9287973475,0.13820454115634162,55.5,-0.4195496761477501,0.44622909969745717,2.316969513141961,1.7593576172395808,1.3169695131419612,0.12764304054761288,0.2238562091503268,0.7775543292444711,0.2152250774069959,0.0,48.0,8.0,0.0,1.2951631045464995,0.11577300734399751,-0.5387308204729128,-0.5511807722250532,1.5947207603949105,0.0,1758499.868939769
2.5,2.0,0.05,mtm,B,3160644.419751046,0.1691704909204792,111.0,-0.5460831897763139,0.9616454469011406,2.3982193871958293,1.715243617437368,1.3982193871958293,0.2425709556440523,0.44794891640866874,0.5837749670163263,0.3076486174937159,0.0,71.0,26.0,0.0,1.689446541552788,0.14166689396109286,-0.5543840030463348,-0.568799927642859,1.643701421102091,0.0,2275501.816448262
2.5,2.0,0.08,mtm,B,2947985.1212123074,0.16153146881890024,110.5,-0.5590768464276765,0.9697886115888636,2.4322160037792204,1.6982235921959066,1.4322160037792204,0.2506909442144374,0.4564628482972136,0.5671333671850329,0.31012417895482414,0.0,70.5,26.0,0.0,1.622367380077512,0.13418182074150248,-0.5690473384133137,-0.5806389394779664,1.6383729142520207,0.0,2119134.781044111
2.5,2.0,0.05,mtm,F,12498181.876693254,0.15856675499400896,169.5,-0.5490775421768772,0.7108625760604761,2.3767781230492124,1.72633349885315,1.3767781230492124,0.18849814944008883,0.3428086973867943,0.7783077679126967,0.26615180371850583,0.0,121.5,33.5,0.0,3.052501632739373,0.1500689082567378,-0.559539415081113,-0.5595554361171209,1.6306934845237921,0.0,7099795.75527264
2.5,2.0,0.08,mtm,F,10993982.641269024,0.15139025919985305,167.5,-0.5569778772445848,0.7195386179499952,2.416564159832979,1.7059733727926527,1.4165641598329788,0.19239083788241668,0.3622581288649511,0.7775543292444711,0.26937477573402197,0.0,119.5,33.5,0.0,2.9491270550867834,0.14459773430881293,-0.5718452608331582,-0.571861466072014,1.5947207603949105,0.0,6283092.779283013
3.0,0.9,0.06,cost,A,1430739.4555992484,0.09015803726494576,35.0,-0.21409291736385672,0.24372271011849878,0.8819809210646177,inf,0.0,0.0,0.0,0.8361165482409691,0.11377145664271524,0.0,30.0,6.0,0.0,0.8874526456665098,0.08713825969720793,-0.23436978698490446,-0.2700683858321741,inf,0.0,1372114.8051638969
3.0,0.9,0.06,cost,B,1567489.7918383144,0.09453429812669212,79.0,-0.28064397173276046,0.5306081053780467,0.8984868437364991,inf,0.0,0.0,0.0,0.8407043192556396,0.14704998573355027,0.0,50.0,20.5,1.0,0.9393654254571061,0.07595722372228482,-0.29904974980372734,-0.3365979440904593,inf,0.0,1291425.7438547723
3.0,0.9,0.06,cost,F,3708202.943637583,0.09230356517737737,115.0,-0.27613872951434826,0.39110365296300054,0.9020584436009875,inf,0.0,0.0,0.0,0.8361165482409691,0.1324979784003238,0.0,80.0,26.5,1.0,1.8113838809392484,0.08344796832958115,-0.2990495957608239,-0.3065437303974512,inf,0.0,2653288.056968731
3.0,0.9,0.06,mtm,A,1442704.647418447,0.09106024650982592,37.0,-0.21002717430935758,0.24834849767010603,0.9084680350029462,inf,0.0,0.0,0.0,0.840439430678565,0.11265769534335561,0.0,32.0,6.0,0.0,0.8909101264869672,0.0887806007748497,-0.22697212658910973,-0.2607295407036947,inf,0.0,1391467.432941404
3.0,0.9,0.06,mtm,B,1473486.8170038513,0.08818603036698947,79.5,-0.2889688122203278,0.529628801853008,0.9076573925328424,inf,0.0,0.0,0.0,0.8467190794130586,0.14767573618847957,0.0,50.5,20.0,1.0,0.9196207384886979,0.06991125252585004,-0.29996499524969467,-0.33124916306544216,inf,0.0,1134537.6697199761
3.0,0.9,0.06,mtm,F,3490274.7822110634,0.08910119545842565,118.0,-0.2893796598130048,0.3923215986192074,0.9094713242705538,inf,0.0,0.0,0.0,0.840439430678565,0.1320292296184437,0.0,83.5,27.0,0.5,1.779838848268771,0.08199685548578217,-0.30886010038568845,-0.3302045748607887,inf,0.0,2584687.3821739713
3.0,1.0,0.06,cost,A,1553453.1896842741,0.09910542514566856,40.0,-0.2205930087249356,0.2707219604842995,0.9970896121762662,inf,0.0,0.0,0.0,0.8361165482409691,0.12398587581456263,0.0,33.5,6.5,1.0,0.9693337267122457,0.09588486350818222,-0.28270248778360085,-0.30166963962544635,inf,0.0,1485686.3249543456
3.0,1.0,0.06,cost,B,1554583.7014559442,0.09368344453166522,79.5,-0.30652551247010407,0.5634585185285927,0.9988541289667738,inf,0.0,0.0,0.0,0.8320614448481946,0.158577080867427,0.0,50.0,21.5,1.0,0.9788605287653465,0.07562899473120954,-0.36979069676424553,-0.40533156062435116,inf,0.0,1186094.7443637701
3.0,1.0,0.06,cost,F,4118955.5539655145,0.09787945350338512,121.0,-0.30652447691222334,0.4160147008366582,0.9988541287076542,inf,0.0,0.0,0.0,0.8361165482409691,0.14320890267459652,0.0,85.0,28.0,2.0,1.9367732820581072,0.08889072895880816,-0.36613205749817096,-0.4054138819897726,inf,0.0,2769158.59179147
3.0,1.0,0.06,mtm,A,1517811.4331080304,0.09657396272384744,38.0,-0.21746300654973033,0.2672808651675397,0.9992183074432696,inf,0.0,0.0,0.0,0.8605584122837953,0.12161639693380275,0.0,31.0,6.0,1.0,0.959195195913799,0.09341257720849294,-0.27354613901685954,-0.29842285254215006,inf,0.0,1427523.7906280742
3.0,1.0,0.06,mtm,B,1609338.3226440225,0.09725102931573215,80.5,-0.30696440726204155,0.5697279007832818,0.9942442834971711,inf,0.0,0.0,0.0,0.8256015181512096,0.16390681250080014,0.0,51.0,22.0,1.0,0.9896459977161737,0.08380686737574787,-0.3579092178749114,-0.4026181976470241,inf,0.0,1306029.8701255464
3.0,1.0,0.06,mtm,F,3873604.5515655978,0.09460816386991044,117.5,-0.3493758495328272,0.4239280463658409,0.9992183074432696,inf,0.0,0.0,0.0,0.8605584122837953,0.14522634298882647,0.0,80.5,28.0,1.0,1.876576594763539,0.08359951364461485,-0.36416588652774956,-0.4024989546763422,inf,0.0,2722790.5477497373
3.0,1.2,0.05,cost,A,1695288.5262705674,0.1086862782767789,42.0,-0.254035050137486,0.3057911942808307,1.2160704847890897,5.628120368317429,0.21607048478908972,0.01416673887611045,0.11499183006535948,0.8526198062945949,0.13973065037129995,0.0,35.5,7.0,0.0,1.0579982568238016,0.10184579480170546,-0.2908650724629662,-0.3651531468597542,5.00870827143095,0.0,1418963.8529168852
3.0,1.2,0.08,cost,A,1689973.7042009435,0.10834052291694152,42.0,-0.25508973600152396,0.30599237757209796,1.2186198086890905,5.574152850971462,0.21861980868909042,0.014331567388089276,0.11499183006535948,0.8525462494328773,0.13979719384245087,0.0,35.5,7.0,0.0,1.055426224275568,0.10160655284044737,-0.2924973529018203,-0.3667068332050749,4.959832728276099,0.0,1413550.8531920759
3.0,1.2,0.05,cost,B,1990716.8406980524,0.11941218738702064,85.0,-0.3774677669451556,0.6598033026365273,1.2517402411427179,4.972348621979721,0.251740241142718,0.026693075294856858,0.21613777089783281,0.7346921107359208,0.19160430087571106,0.0,54.0,22.0,0.0,1.153034307663003,0.08738605264777159,-0.3885715128822957,-0.4244851250905878,4.658501658501273,0.0,1448465.6945980012
3.0,1.2,0.08,cost,B,1977426.3272749563,0.11870645058695639,85.0,-0.3796946278898139,0.6596095788719052,1.2533412496351444,4.947245075330818,0.2533412496351442,0.02612942559865843,0.21439628482972134,0.7318819945895231,0.19178565753825683,0.0,54.0,22.0,0.0,1.1467602136792483,0.0866151124410579,-0.39401231062755365,-0.42753458045051607,4.808847547393266,0.0,1436762.6456653138
3.0,1.2,0.05,cost,F,4899476.498990042,0.10714885829834997,127.0,-0.38255541958185324,0.49073030144302243,1.2527551368666603,4.95646212496319,0.2527551368666603,0.022335435057600536,0.17763814083383203,0.8526198062945949,0.1701608860289153,0.0,89.5,28.0,0.0,2.1688085390047633,0.09851049997822973,-0.389181865891032,-0.4046459862355829,4.693103329832432,0.0,3745733.337672082
3.0,1.2,0.08,cost,F,4846432.0961504495,0.1065664709948354,127.0,-0.3847989041799246,0.49113034880892703,1.256306533974327,4.902100608516376,0.25630653397432707,0.022524591493506364,0.1779373628565729,0.8525462494328773,0.17042621302259175,0.0,89.5,28.0,0.0,2.1575239750037194,0.09657242782939959,-0.3913926756420298,-0.4072771750889145,4.592341709256386,0.0,3701121.8609733526
3.0,1.2,0.05,mtm,A,1743506.3707033116,0.11175838017641027,43.0,-0.2667980008280537,0.3097135940337722,1.2095181106800879,5.772858387156111,0.20951811068008802,0.017024698573301515,0.14705882352941177,0.856545820726289,0.14165529040151592,0.0,37.5,7.0,1.0,1.0754602648965141,0.101157352035539,-0.3204430451280713,-0.37471696629413465,5.429339021331906,0.0,1432123.0400954033
3.0,1.2,0.08,mtm,A,1737024.8423168221,0.11134666685828942,43.0,-0.268750062712698,0.3102285054302989,1.2118535233300642,5.720405702045277,0.21185352333006438,0.017302440278016015,0.14705882352941177,0.8565370761723676,0.14146921707422638,0.0,37.5,7.0,1.0,1.0701613889878219,0.09963259345961484,-0.323023822894457,-0.3771089118492329,5.360028802729162,0.0,1403421.2778763922
3.0,1.2,0.05,mtm,B,1914009.599801574,0.11528952891718791,86.0,-0.36861252325175886,0.6562558877403026,1.2095563353646641,5.772031511450683,0.20955633536466406,0.025588509400764667,0.204140866873065,0.7478952461593719,0.19058029747766111,0.0,54.5,22.0,1.0,1.1326428025144886,0.08585243959777719,-0.38407096473255936,-0.3932224128694387,4.944735504414658,0.0,1435250.0402789912
3.0,1.2,0.08,mtm,B,1901121.4875044443,0.11458114077933845,86.0,-0.37046347067954105,0.6571868053517875,1.2047937770116341,5.884133082028892,0.20479377701163426,0.025952300467523216,0.204140866873065,0.7457543769177157,0.19086483173163632,0.0,54.5,22.0,1.0,1.1245473805139388,0.08516550826258114,-0.3824413432378162,-0.3881785305597413,4.995071950056361,0.0,1427701.2311450513
3.0,1.2,0.05,mtm,F,5037121.809936618,0.10864189984119899,129.0,-0.3727154710848358,0.48727452767912843,1.2176962280363295,5.593557140026869,0.21769622803632932,0.021316899226165767,0.1791342509475364,0.856545820726289,0.1714649556934959,0.0,91.5,29.0,2.0,2.1945622083294483,0.10270854323083896,-0.40328113834112983,-0.42464705280586446,4.974012036503324,0.0,4317151.937838032
3.0,1.2,0.08,mtm,F,4986377.566575672,0.10809789482457177,129.0,-0.37440137600068335,0.48607014626063894,1.2211658077677117,5.52164690446713,0.2211658077677116,0.02165465923755317,0.1803311390384999,0.8565370761723676,0.17170359958687514,0.0,91.5,29.0,2.0,2.1835932025065814,0.1021521905214728,-0.405736554241875,-0.4273696490439278,4.890345523911713,0.0,4203373.346944761
3.0,1.5,0.05,cost,A,2102909.108151137,0.13266458012010107,48.0,-0.319024878826574,0.37984829586146185,1.6173411967879714,2.619850735433651,0.6173411967879713,0.06735519588073587,0.2062908496732026,0.7897218660456415,0.18035672766726502,0.0,41.0,7.0,1.0,1.2420166414844853,0.11739478111788429,-0.40654347455540535,-0.4276686012146217,2.537730025998062,0.0,1638241.2072243576
3.0,1.5,0.08,cost,A,2060039.4440145849,0.13035462061855774,48.0,-0.32521635824768197,0.3811449793967616,1.6303243187126104,2.586566578082198,0.6303243187126105,0.06819754146656487,0.2099673202614379,0.7888932213564741,0.18113207114897062,0.0,41.0,7.0,1.0,1.2283539180478782,0.11546357638883128,-0.41447958964778286,-0.4356545985908229,2.491577027800476,0.0,1660134.4212110213
3.0,1.5,0.05,cost,B,2263340.978075489,0.13294467415780986,91.0,-0.4582652145875332,0.8175431944493985,1.6653242128686983,2.503035118277859,0.6653242128686985,0.11302457862123991,0.33088235294117646,0.6436410479310837,0.24147628241742558,0.0,58.0,23.0,0.0,1.3232068619717565,0.10174355453857153,-0.47974247918607343,-0.5088455455277916,2.162266289493104,0.0,1506747.3668702198
3.0,1.5,0.08,cost,B,2120483.4446551166,0.1260914613821127,90.5,-0.4643492208786486,0.8247392332049182,1.6766568806718023,2.4781149594138077,0.6766568806718023,0.11643872980698536,0.34423374613003094,0.635973560253358,0.24791323981657296,0.0,56.5,23.0,0.0,1.2495933095840515,0.09325589493417649,-0.49410296758892946,-0.5175233771455969,2.1207033341691304,0.0,1417306.7114478527
3.0,1.5,0.05,cost,F,7712700.964894099,0.13177388230363973,139.0,-0.4582647216208185,0.6041236006848538,1.6935360435313411,2.44446605517812,0.6935360435313412,0.09432475518927183,0.27518452024735685,0.7897218660456415,0.21684625076061603,0.0,98.0,30.0,1.0,2.547728014289039,0.11717171503509863,-0.4985212477679901,-0.5367166802581942,2.160315710553846,0.0,4729064.242879584
3.0,1.5,0.08,cost,F,7445297.460225954,0.12984084624568082,137.5,-0.46434865278073045,0.602376030439026,1.6737369750561988,2.4843660517492827,0.6737369750561988,0.09340716914185762,0.27518452024735685,0.7888932213564741,0.2173673519764006,0.0,97.5,30.0,1.0,2.516978331939661,0.11458926564245417,-0.5027020257663901,-0.5095686687903005,2.117774738968839,0.0,4695759.2893805485
3.0,1.5,0.05,mtm,A,1996725.9564689482,0.1268327082943087,44.0,-0.32253007847551296,0.37535747915921625,1.6507448849532411,2.536700515243934,0.6507448849532411,0.06928588158095064,0.20669934640522875,0.7270577467031425,0.18747729413931305,0.0,37.0,7.0,0.0,1.1879600236655152,0.11489273633626629,-0.3975961243826128,-0.43331046019110697,2.536690222566205,0.0,1576732.3022251257
3.0,1.5,0.08,mtm,A,1968744.8117054761,0.12525292866833349,44.0,-0.32769136439705526,0.37396813351210295,1.6541733049152605,2.5286469082254808,0.6541733049152606,0.07066386489644823,0.2062908496732026,0.7255512970269014,0.1877026660710005,0.0,37.0,7.0,0.0,1.1742545570055638,0.11146841830538687,-0.4053422707352628,-0.4410813187081868,2.4859956394535643,0.0,1551348.0624499153
3.0,1.5,0.05,mtm,B,2223149.6388756223,0.13111083691132952,94.0,-0.4408947870462111,0.7885254514634021,1.5826016689732463,2.716929112028117,0.5826016689732463,0.09840488690434188,0.3239164086687306,0.6617802641602923,0.23777481342815265,0.0,60.0,23.0,0.0,1.3125801791752139,0.10438219620224147,-0.4580724277822491,-0.49144654340551486,2.437055441294028,0.0,1513873.7474258023
3.0,1.5,0.08,mtm,B,2161072.005850278,0.12810144846261973,94.0,-0.4462489722417956,0.7921913805105673,1.6110604661812866,2.636499632325129,0.6110604661812867,0.10057332412715551,0.32991486068111453,0.6550278560927869,0.2394508473607849,0.0,59.5,23.0,0.0,1.2840457158166063,0.10160752675680389,-0.46489084978786344,-0.5021479893822169,2.3934283344935987,0.0,1480510.240543763
3.0,1.5,0.05,mtm,F,7228674.265559703,0.12820416484484132,137.5,-0.4408958709385082,0.5931936205524327,1.6507451074524058,2.5366999898239797,0.650745107452406,0.08686182622452199,0.27588270496708556,0.7270577467031425,0.21525874373205145,0.0,95.5,30.0,0.0,2.4544563953379877,0.10770572360889044,-0.4623780284655102,-0.5035533327919357,2.528087282646881,0.0,4578856.042974223
3.0,1.5,0.08,mtm,F,6995753.942096191,0.1264230164763821,137.5,-0.4462495899127296,0.5899127352873117,1.6541747926439596,2.528643431763664,0.6541747926439596,0.0879965240741242,0.27438659485338124,0.7255512970269014,0.21629623515959182,0.0,95.5,30.0,0.0,2.4219554682622513,0.10626799179581015,-0.4695191983489993,-0.5103081585894931,2.4859956394535643,0.0,4378285.698785748
3.0,2.0,0.05,cost,A,2661185.9740417553,0.15946923143431213,54.0,-0.4398179756511821,0.47782016490303403,2.376373673066715,1.7269270354831292,1.3763736730667149,0.14935037621662886,0.24611928104575165,0.7203650105245057,0.22968762591351388,0.0,47.0,8.0,1.0,1.4667084995252246,0.1389340235901922,-0.4976307543366942,-0.5596735033433649,1.6293949485895018,0.0,2188793.022650686
3.0,2.0,0.08,cost,A,2568595.4372079247,0.15538515467347447,53.5,-0.4487161141197628,0.4802963572283294,2.404735474930427,1.711878873618531,1.404735474930427,0.1503776392374192,0.24611928104575165,0.7187766387222119,0.23158090875518458,0.0,46.0,7.0,1.0,1.4270886415964497,0.1344216916233283,-0.5119350314499577,-0.5733644867344319,1.6070322246584647,0.0,2105535.0464193197
3.0,2.0,0.05,cost,B,3411444.5253441837,0.17760062890360184,103.0,-0.5372342322177792,1.0331938281352508,2.708504276448868,1.585365905413942,1.7085042764488683,0.2972303429217842,0.49438854489164086,0.6224679823225608,0.32819641146600587,0.0,65.0,25.0,0.0,1.722672211952934,0.14231221301052854,-0.58519900294316,-0.6244071543614259,1.5279285771475508,0.0,2288991.154996406
3.0,2.0,0.08,cost,B,3176344.9614152918,0.16971766669197352,103.0,-0.5554716469408454,1.0429240824789616,2.6955084917612573,1.5898006199659753,1.6955084917612573,0.3088176208435666,0.4955495356037152,0.6051312384649244,0.3301877632052218,0.0,66.0,25.0,0.0,1.6571659905022347,0.12664577626345963,-0.607606724619719,-0.6275347797556737,1.4804052798847298,0.0,2068519.918049932
3.0,2.0,0.05,cost,F,15177959.61788699,0.1695249598961015,157.0,-0.5457623273750788,0.7675489139259806,2.7250323453736898,1.5797721282815258,1.7250323453736898,0.23108863492369963,0.3665469778575703,0.7203650105245057,0.28684267378646566,0.0,113.0,32.0,1.0,3.241953891043208,0.1503226045479224,-0.585425856591986,-0.5958869863851157,1.5165169453563307,0.0,9466999.679014444
3.0,2.0,0.08,cost,F,13324408.06945502,0.16216969295745598,155.5,-0.5559986798221621,0.7726270654882843,2.7250499332640605,1.579694009255931,1.7250499332640605,0.23989896673655814,0.3646519050468781,0.7187766387222119,0.2896408004546439,0.0,112.0,31.5,1.0,3.1261962240481753,0.1441931826210296,-0.6017829532862,-0.6130864527970652,1.5234574245814616,0.0,7429636.852281421
3.0,2.0,0.05,mtm,A,2372350.053946447,0.1463124332819873,53.0,-0.4375302837957185,0.46787136278441,2.3035860825008365,1.7672776363212819,1.3035860825008367,0.14742986475403988,0.22487745098039214,0.7235184539404422,0.22834263933332788,0.0,45.5,8.0,0.0,1.385070759623141,0.12660645555065048,-0.5154137003935262,-0.5660300188895444,1.5898353007318045,0.0,1945115.473286447
3.0,2.0,0.08,mtm,A,2297548.973412061,0.14267263213003878,53.0,-0.45085577486311135,0.47043177245748075,2.360955425904386,1.734952838649943,1.3609554259043861,0.15130374564687546,0.22712418300653595,0.7219920426046795,0.2293361750487527,0.0,45.5,7.5,0.0,1.3462133390801987,0.12318536936752673,-0.5319238380384246,-0.5830214305278284,1.551702283151736,0.0,1882693.7884624277
3.0,2.0,0.05,mtm,B,3153010.0987879117,0.16885235740222837,105.0,-0.5093393090954341,0.9773792239042124,2.384430761997519,1.7223411007272218,1.384430761997519,0.24770331279263286,0.46420278637770895,0.6598537405813498,0.30532165786861054,0.0,66.5,25.0,0.0,1.678169362792309,0.13852631629673606,-0.5391523895016501,-0.5817694254381511,1.6577826435897398,0.0,2161272.899454891
3.0,2.0,0.08,mtm,B,2855417.4862438347,0.15805594608203755,103.0,-0.5230352468557775,0.9882629041612099,2.3925601672845556,1.7181239795872383,1.3925601672845556,0.2590548794258406,0.4936145510835913,0.6365732606776153,0.3090973309078663,0.0,65.0,25.0,0.0,1.5767407877095443,0.12652564408438788,-0.5661150911281776,-0.5705225754478473,1.6378130067081744,0.0,1945197.1677833844
3.0,2.0,0.05,mtm,F,13493074.654459428,0.16287920145431056,157.0,-0.5109092944301457,0.7269470056761111,2.4332476508200678,1.6977164539020961,1.4332476508200676,0.19753399077047418,0.3493915818870935,0.7235184539404422,0.2709266229810523,0.0,112.0,32.0,0.0,3.0842330654753165,0.1379134198598933,-0.5623118819451516,-0.5660300188895444,1.5898353007318045,0.0,7904673.538404762
3.0,2.0,0.08,mtm,F,12064932.658279661,0.15659005582068264,156.0,-0.527183165012836,0.7339032803487235,2.452895888203938,1.688366940556127,1.4528958882039378,0.2006878154550193,0.3526830241372432,0.7219920426046795,0.27436762750712446,0.0,111.0,32.0,0.0,2.965835138153399,0.1319052346916643,-0.564347418222761,-0.5830214305278284,1.551702283151736,0.0,6997321.229820269
3.5,0.9,0.06,cost,A,1461845.3105435395,0.09248878668620186,36.0,-0.22256926116268766,0.2500712954518975,0.8871352052461021,inf,0.0,0.0,0.0,0.8747662227310375,0.10870416774263142,0.0,30.5,6.0,1.0,0.8961029657454794,0.08803667372156387,-0.2503114702397094,-0.25039508542235667,inf,0.0,1396431.4417443012
3.5,0.9,0.06,cost,B,1522956.733682826,0.0915716502360393,72.0,-0.29361708604633147,0.5241848075459374,0.8867866540379321,inf,0.0,0.0,0.0,0.8940140325766123,0.14134838491184687,0.0,46.0,20.0,1.0,0.9295584048639304,0.08329250790109274,-0.3359593852946586,-0.3459659130335976,inf,0.0,1281979.752883738
3.5,0.9,0.06,cost,F,3698121.6029360583,0.09215942745462713,108.5,-0.2900888382296445,0.39418198572061597,0.8938942718580488,inf,0.0,0.0,0.0,0.8747662227310375,0.12782142905929034,0.0,76.0,26.0,2.0,1.819477726733498,0.08698570884048484,-0.335960685753693,-0.3459690743017544,inf,0.0,3105026.8071625032
3.5,0.9,0.06,mtm,A,1448701.0976333278,0.09150983245572908,31.0,-0.2444206467976593,0.2569277669697544,0.9193187567794929,inf,0.0,0.0,0.0,0.8060880470631557,0.12131384771952035,0.0,26.0,6.0,0.0,0.894444713422506,0.08666723398252547,-0.2455879032608541,-0.28616163040908404,inf,0.0,1359289.3688144598
3.5,0.9,0.06,mtm,B,1435530.7860467718,0.08502487521867619,77.0,-0.25887372940082504,0.5261244299824867,0.8941504795201124,inf,0.0,0.0,0.0,0.8808439249877373,0.13878963706543113,0.0,48.0,21.0,0.0,0.8614845409641726,0.0716991079081996,-0.2697928819390143,-0.26979397260524207,inf,0.0,1252721.2197879737
3.5,0.9,0.06,mtm,F,3221661.03808426,0.08485307146042387,109.5,-0.2697916228691263,0.40124116873185744,0.9193187567794929,inf,0.0,0.0,0.0,0.8060880470631557,0.13019470532890162,0.0,75.0,27.0,0.0,1.7333261266661424,0.07959634048949782,-0.2697930362573784,-0.28616163040908404,inf,0.0,2848815.455248082
3.5,1.0,0.06,cost,A,1524648.843221387,0.09706405606826829,33.0,-0.24993374071617236,0.2704980274830296,0.9928258119192899,inf,0.0,0.0,0.0,0.8002096480728796,0.12770894955382134,0.0,28.0,6.0,0.0,0.9427757144691096,0.09155116758198859,-0.257368586398311,-0.29802767678795505,inf,0.0,1393322.1174312665
3.5,1.0,0.06,cost,B,1550786.093450733,0.09343185319237168,76.0,-0.35795142964827625,0.5781552332441049,0.9906772561451332,inf,0.0,0.0,0.0,0.850490591649181,0.1632168353454167,0.0,47.0,21.5,1.0,0.9728119436040332,0.082270682033821,-0.3629559825485103,-0.37174910379571047,3653.246567252012,0.0,1161977.069635898
3.5,1.0,0.06,cost,F,4162105.683217434,0.09843202525239436,110.0,-0.35964271955031024,0.4316241801657015,0.9932196063326508,inf,0.0,0.0,0.0,0.8002096480728796,0.14699598928252777,0.0,75.0,27.0,1.0,1.9057233784034213,0.08528837801304841,-0.36173171049238806,-0.3648223012182825,3409.248946218804,0.0,2801041.857230665
3.5,1.0,0.06,mtm,A,1531767.94165269,0.09757184712951017,35.0,-0.24442183954121244,0.27292177079528407,0.9858610799702222,inf,0.0,0.0,0.0,0.8060880470631557,0.12767579054792688,0.0,30.0,6.0,0.0,0.9515254418969545,0.0946611667372625,-0.26566049368169115,-0.30035763411677074,inf,0.0,1467083.0690134987
3.5,1.0,0.06,mtm,B,1801341.8818731005,0.10891359853076166,81.5,-0.2942957193661605,0.5604817798477976,0.9924086433226136,inf,0.0,0.0,0.0,0.8549608432596346,0.1562004843695171,0.0,51.5,21.0,2.0,1.0942529102696192,0.08964355891935281,-0.3204504975971179,-0.4182646954581962,31797.275936772596,0.0,1252935.3008951924
3.5,1.0,0.06,mtm,F,4442240.934996337,0.10190817426372689,115.5,-0.3038240596005576,0.4258156378451484,0.9936405605586822,inf,0.0,0.0,0.0,0.8060880470631557,0.14262029288509928,0.0,81.0,26.5,2.0,1.9729399688472213,0.08814164961285283,-0.31758551104800614,-0.4202119995938062,inf,0.0,2882277.4457729897
3.5,1.2,0.05,cost,A,1728852.2706605336,0.11084712361854465,38.0,-0.25832618555519027,0.3172060768333218,1.224325007118614,5.457817756676768,0.22432500711861403,0.01795396016582492,0.14665032679738563,0.8241851874082318,0.14468667806008217,0.0,31.0,7.0,1.0,1.0986005182971854,0.10831718558252716,-0.329474517137081,-0.3494157067495507,5.296085139094119,0.0,1633068.4926166658
3.5,1.2,0.08,cost,A,1722290.266002349,0.11042761475883989,38.0,-0.26010158604974837,0.31768048428742207,1.2249407287090688,5.445615543876755,0.22494072870906867,0.017901864160509925,0.14665032679738563,0.8235865678774781,0.14483278073873407,0.0,31.0,7.0,1.0,1.0941177792453403,0.10787839217308741,-0.33128969999472985,-0.35116430373957863,5.226518469228544,0.0,1626595.7020054343
3.5,1.2,0.05,cost,B,1887615.7392466434,0.11383439345397262,79.5,-0.372076571793811,0.6788456904826301,1.236381414822573,5.230451030807971,0.23638141482257288,0.027040636763472722,0.21710526315789475,0.773882037291136,0.1951210008836181,0.0,50.0,21.0,1.0,1.1454474607344374,0.10136878621074588,-0.39638915341855846,-0.43132286113786156,4.693810393027951,0.0,1421328.4496038065
3.5,1.2,0.08,cost,B,1878514.701711183,0.11332811183219815,79.5,-0.3736710827080259,0.6797622372769672,1.2390670089290503,5.182927642255537,0.23906700892905022,0.027388038073968113,0.21962074303405574,0.7718814099138864,0.1953790506982268,0.0,50.0,21.0,1.0,1.1379471495581597,0.10083296951035152,-0.399240228085808,-0.43361090828764337,4.617004894274308,0.0,1411407.3133302375
3.5,1.2,0.05,cost,F,5288307.496181879,0.11125892678007498,119.5,-0.3720751611741397,0.5035420227581824,1.236120873948035,5.235124158319044,0.23612087394803494,0.022570707209131704,0.18152802712946342,0.8241851874082318,0.17237325351680305,0.0,82.5,28.0,2.0,2.2093510215748013,0.10139068167661407,-0.4066482676831453,-0.45495631703500095,4.334380713610642,0.0,3943599.574740595
3.5,1.2,0.08,cost,F,5229034.193226034,0.11065205159389857,119.5,-0.3736696715999435,0.5042416739955259,1.2390668124106465,5.182931080715184,0.2390668124106466,0.022875794218567586,0.18202673050069818,0.8235865678774781,0.1726222315003575,0.0,82.5,28.0,2.0,2.1982956760086108,0.10075006080979525,-0.40988154707943436,-0.4587588828485447,4.2309801828658165,0.0,3893606.394711123
3.5,1.2,0.05,mtm,A,1643909.4829369334,0.10530181339822053,36.5,-0.26518490658397026,0.31046666553336594,1.2025233590451174,5.937992915901417,0.20252335904511737,0.017976556376030725,0.1527777777777778,0.8287849336800395,0.1451592121656274,0.0,30.0,7.0,0.0,1.028304072551531,0.09825158634269737,-0.30463441996120844,-0.383985658805179,5.553011643796666,0.0,1327174.5689501038
3.5,1.2,0.08,mtm,A,1636307.1229798722,0.10479303860628852,36.5,-0.26737227606783637,0.31101865623824654,1.2024957710400623,5.938589687629932,0.20249577104006228,0.018276218575195187,0.1527777777777778,0.8282812696942297,0.14498925911619565,0.0,30.0,7.0,0.0,1.0227963342208761,0.09716864487347039,-0.3073216479185808,-0.3860885519306344,5.4888776688518615,0.0,1320934.1616402287
3.5,1.2,0.05,mtm,B,1697000.5192398853,0.10273778236887754,80.5,-0.3843123989443855,0.6771116325805251,1.2218762356588189,5.507425114152392,0.22187623565881887,0.024228024485066772,0.20472136222910217,0.7856702861773892,0.1939068160606462,0.0,50.5,22.0,0.0,1.0371663103517852,0.08560039222641842,-0.4114475173914075,-0.4645690910824605,4.982199525700603,0.0,1402371.4812734576
3.5,1.2,0.08,mtm,B,1686939.7143521926,0.1021209190080028,80.5,-0.3868257808100662,0.6778917504044089,1.2266021545090062,5.413421294373843,0.22660215450900617,0.024608853299589364,0.206656346749226,0.7842842730134266,0.19416849954298376,0.0,50.5,22.0,0.0,1.0314373643667758,0.08492802185121709,-0.4139910698808721,-0.46645676882340814,4.914217071674503,0.0,1394528.2783950726
3.5,1.2,0.05,mtm,F,4893913.633408451,0.10709245710682835,118.5,-0.40211273147264964,0.4985994346389875,1.2155697273631452,5.639048652037236,0.21556972736314517,0.020641093999769784,0.1803311390384999,0.8287849336800395,0.17216176431217722,0.0,82.5,28.0,0.0,2.090705491832242,0.09170476726293326,-0.4257711122380651,-0.4643239106059178,4.986244757335111,0.0,3399622.170494701
3.5,1.2,0.08,mtm,F,4798073.538928051,0.10603149624253994,118.5,-0.4045222057057361,0.49922800832545394,1.218043784137497,5.586249025017821,0.21804378413749687,0.020827884783751444,0.17903451027328943,0.8282812696942297,0.17229670965164384,0.0,82.5,28.0,0.0,2.0796079201455244,0.09119587352801732,-0.428356572300659,-0.4662077636438998,4.907532320764829,0.0,3363103.711526815
3.5,1.5,0.05,cost,A,2040835.043310502,0.12927840841384142,42.0,-0.3304858596016325,0.388706611685921,1.6117645041365858,2.634616483935692,0.6117645041365857,0.06937157833148028,0.1962826797385621,0.7508135528076936,0.18743894911882564,0.0,34.5,7.0,0.0,1.2230171117269126,0.1162044456134734,-0.3992585755086338,-0.4467918603620311,2.424897360288178,0.0,1684642.3503883162
3.5,1.5,0.08,cost,A,1929786.8526791867,0.12304632331375576,42.0,-0.3340641401380563,0.3868291023026327,1.6129533500125037,2.631445525357943,0.6129533500125037,0.07092899850815321,0.19873366013071897,0.7493272330068873,0.1883456434152695,0.0,34.5,7.0,0.0,1.1873688450575095,0.10617182790822788,-0.40155968347229365,-0.4492647783478334,2.580721755723474,0.0,1547705.3513373942
3.5,1.5,0.05,cost,B,2305607.4413586007,0.13498813761431727,85.5,-0.46687474057640516,0.8299811646808731,1.6712980649984752,2.489651247583153,0.6712980649984751,0.12148987435256672,0.37886996904024767,0.6573681288398541,0.24228283811735835,0.0,54.0,22.0,1.0,1.3283708922006272,0.1046956471940681,-0.4822588797817348,-0.49678374674442516,2.2184679715408695,0.0,1416995.46673206
3.5,1.5,0.08,cost,B,2239764.2767878217,0.13189748035380378,85.5,-0.4727062511593763,0.8351020494714602,1.6749332545304245,2.4816415301747035,0.6749332545304245,0.12459702558185626,0.3796439628482972,0.6500826846974714,0.2439201622181114,0.0,54.0,22.0,1.0,1.296549591690307,0.09853158861138085,-0.4885482450122092,-0.5069006369494746,2.160162784785417,0.0,1380250.388126819
3.5,1.5,0.05,cost,F,7218653.5627623405,0.12814195775221426,127.0,-0.46687562373759584,0.6140445708460931,1.6713026142211282,2.4896411526169144,0.6713026142211282,0.09555916054269925,0.29134250947536405,0.7508135528076936,0.22172255433213803,0.0,88.0,29.0,1.0,2.5217989455406777,0.1177990019850812,-0.49105023438263923,-0.4997716909561355,2.1762282005302116,0.0,5785985.457398432
3.5,1.5,0.08,cost,F,6888394.675587663,0.12558001325439527,126.5,-0.4727071349854359,0.6169333467916958,1.6835024953141942,2.4632927325950815,0.6835024953141942,0.09746378546910037,0.293836026331538,0.7493272330068873,0.22284858554206938,0.0,88.0,29.0,1.0,2.45862297315565,0.1138777503183186,-0.4984741286582209,-0.5099082147302814,2.137682862005239,0.0,5015212.355183115
3.5,1.5,0.05,mtm,A,1946234.804884311,0.12399298814820925,42.0,-0.32085458759888363,0.37942719739303266,1.5768421667017,2.7335764579684305,0.5768421667017002,0.06576742395945412,0.1968954248366013,0.7546030071553954,0.18397512934805693,0.0,34.0,7.0,0.0,1.174866419380013,0.1068645730911075,-0.3952640138647372,-0.4279602852860671,2.4407695940540894,0.0,1556432.8273751417
3.5,1.5,0.08,mtm,A,1911001.2481851936,0.12195563040030433,42.0,-0.3270063538976585,0.3789730136498136,1.578297610135238,2.7292134404128614,0.578297610135238,0.06705509420143729,0.193218954248366,0.753201487368119,0.18353552997133654,0.0,34.5,7.0,0.0,1.1699450324304412,0.1051920844517626,-0.3914902244692377,-0.4353846263629174,2.579859041437172,0.0,1580435.9541576032
3.5,1.5,0.05,mtm,B,1836556.3503007777,0.11092739017981323,85.0,-0.4644212098783216,0.8412845130352495,1.5965352304708142,2.6764472014017664,0.5965352304708141,0.11073649985663743,0.3993808049535604,0.6483809702840341,0.2434415393045245,0.0,52.5,23.0,1.0,1.1170118063537446,0.08153757001476733,-0.48291626054078285,-0.5203104911268721,2.4589009719932413,0.0,1287958.5788638021
3.5,1.5,0.08,mtm,B,1776498.75555343,0.10745577826685415,85.0,-0.47116300852226417,0.8468065908861085,1.6171395052746846,2.620446840642865,0.6171395052746846,0.11440491754405051,0.4020897832817337,0.6399632073299109,0.243972808042623,0.0,52.5,23.0,1.0,1.0852350002131126,0.07868098035220097,-0.48954351818736164,-0.526138070183899,2.414698225792793,0.0,1247327.7955348233
3.5,1.5,0.05,mtm,F,6032459.060946519,0.11837039468112454,127.0,-0.4644362351461074,0.6075455382651387,1.5918412258245396,2.6898085149858892,0.5918412258245396,0.0870685922869707,0.2909435467783762,0.7546030071553954,0.21589167445609608,0.0,86.5,30.0,1.0,2.2912827598694343,0.10099135173913047,-0.4834836405014009,-0.4933086525656123,2.4407695940540894,0.0,4218409.895146287
3.5,1.5,0.08,mtm,F,5292994.093434719,0.11130719621274598,127.0,-0.4714453320940212,0.6109963821996476,1.5944376843892503,2.6822671596382786,0.5944376843892502,0.08895513660356169,0.2945342110512667,0.753201487368119,0.21716323941716703,0.0,86.5,29.5,1.0,2.2497563676616057,0.10090863936721091,-0.49475711345322104,-0.49999117850231867,2.481145029851799,0.0,4187727.285083273
3.5,2.0,0.05,cost,A,2651346.3626572574,0.15904831948826803,50.5,-0.4301241674640592,0.5056906709297266,2.4523269297529593,1.6885606066421524,1.4523269297529593,0.1719993922408477,0.23284313725490197,0.6646098403740868,0.2494389401075882,0.0,43.5,7.0,1.0,1.4926787836042448,0.14511521993591006,-0.5164599149198369,-0.5730059523523247,1.6317137121072127,0.0,2004200.3077896175
3.5,2.0,0.08,cost,A,2525350.8556676414,0.1534540715350151,50.0,-0.4409445456041966,0.5050894418300245,2.4082710839367087,1.7101173594030268,1.4082710839367087,0.16711557113333692,0.23243464052287582,0.662208267146382,0.24964310183677324,0.0,42.5,7.0,1.0,1.4505149124276637,0.1394273000602409,-0.5344910731131847,-0.5906947140057099,1.5903299134949231,0.0,1931650.4734615786
3.5,2.0,0.05,cost,B,3267136.6569597335,0.17272086887206828,95.5,-0.5972639686365746,1.0647602626808546,2.7644308850654724,1.5667549851140206,1.7644308850654724,0.3117652625405253,0.5019349845201238,0.6518641581858329,0.32820248347455616,0.0,60.5,23.5,0.0,1.6323632179689362,0.11394862401882684,-0.634006888808582,-0.6589400287780988,1.4980060560108974,0.0,1453117.5030192928
3.5,2.0,0.08,cost,B,3025354.4091214286,0.16417573269474395,94.5,-0.6166157098866003,1.0835079519796955,2.8739161599460243,1.5336418039261712,1.8739161599460246,0.32528325062477836,0.5085139318885449,0.6338579452566294,0.33468913814464596,0.0,59.5,23.5,0.0,1.5525321709803002,0.09684759478362881,-0.6477653163381796,-0.6513455143144258,1.5055825441042578,0.0,1552240.38727544
3.5,2.0,0.05,cost,F,13306702.04626607,0.16209509281440493,144.5,-0.6011550020585763,0.7949581984489447,2.7644138265284406,1.5667604646133468,1.7644138265284406,0.25006269480599236,0.3655495711151008,0.6646098403740868,0.2979372975393292,0.0,103.0,30.5,1.0,3.160140469211086,0.1446386389222324,-0.6338117593495604,-0.6338175538569216,1.5100885406549498,0.0,6705810.050318844
3.5,2.0,0.08,cost,F,11749137.251415119,0.1551037514228618,143.0,-0.6477374373795242,0.8020149550967819,2.873916159946025,1.533641803926171,1.873916159946025,0.2556517827829844,0.3749251944943148,0.662208267146382,0.3038105271932958,0.0,101.5,31.0,1.0,3.019870210591901,0.13323474095662038,-0.6477653163381798,-0.648250231730692,1.4068835588549167,0.0,5737066.4926809715
3.5,2.0,0.05,mtm,A,2511448.6311016898,0.15282265776001114,49.5,-0.41439774468945906,0.4771115020740512,2.280995635619993,1.7806429774886552,1.2809956356199934,0.14972598209166896,0.22508169934640523,0.6728153159758257,0.23758582641064452,0.0,42.0,7.0,1.0,1.4158672123327354,0.1396782607947268,-0.5166673346939527,-0.5491448657901055,1.580839066713485,0.0,1904075.0524917687
3.5,2.0,0.08,mtm,A,2443288.375291449,0.14967659510362918,49.0,-0.4240865746313634,0.4797561543598875,2.3222113059232856,1.7563087672232602,1.3222113059232856,0.15506589438663224,0.22508169934640523,0.6705163755417818,0.23942753228381636,0.0,41.5,7.0,1.0,1.3881074502423905,0.13460215895069524,-0.5201303367280599,-0.5650898345710758,1.591371605385898,0.0,1843012.190861694
3.5,2.0,0.05,mtm,B,2913617.2877233895,0.16017043797487696,97.0,-0.559803620493603,1.0012071816552017,2.3465123954346208,1.7427018131312009,1.3465123954346208,0.2600122130313562,0.4839396284829721,0.6822667058625879,0.3067036839523159,0.0,61.5,24.0,0.0,1.5403791435280554,0.10481863048532587,-0.5812810348020873,-0.633889874689459,1.674264481393471,0.0,1336033.238433626
3.5,2.0,0.08,mtm,B,2642760.13498416,0.14952572867776948,96.0,-0.5743913460777732,1.009950054420497,2.414150230066416,1.7071470064480467,1.414150230066416,0.2679186183545236,0.4839396284829721,0.6664267827383166,0.3111508552155446,0.0,61.5,24.0,0.0,1.4715707856011886,0.09609717280415564,-0.5880721183228863,-0.6555009862509678,1.640519913764777,0.0,1441782.1412417323
3.5,2.0,0.05,mtm,F,11394566.17894129,0.1533894875364925,145.0,-0.5629280000772197,0.7550299655022108,2.4217832219144393,1.7034374682653732,1.4217832219144393,0.21537208725468415,0.3597646120087772,0.6728153159758257,0.28172621439013634,0.0,102.0,31.0,1.0,2.990377386673594,0.13174050288987055,-0.5690543790311169,-0.5784546070802261,1.580839066713485,0.0,5877767.41216825
3.5,2.0,0.08,mtm,F,10344106.428761452,0.14799216458196862,143.5,-0.5712335937504593,0.7595658622425817,2.469164745127456,1.6806595722436826,1.4691647451274559,0.2164029156942852,0.360163574705765,0.6705163755417818,0.2842984537912681,0.0,100.5,31.0,2.0,2.9049762871355873,0.12945896798163942,-0.5810095737885741,-0.5933369644840338,1.591371605385898,0.0,5028755.671237997
4.0,0.9,0.06,cost,A,1396533.1096103806,0.08753896404722539,33.0,-0.23393060052085357,0.2542277158501194,0.8946795986266907,inf,0.0,0.0,0.0,0.8495067137075638,0.10935571036229544,0.0,27.0,6.0,0.0,0.8533638734191735,0.0860276075702261,-0.23393209777996904,-0.23393209777996915,inf,0.0,1320676.5242318225
4.0,0.9,0.06,cost,B,1581342.473749239,0.09544127574672656,67.0,-0.29890508648241026,0.5529604530510814,0.8996623797810668,inf,0.0,0.0,0.0,0.8813193678868162,0.14938309972323371,0.0,42.0,18.0,1.0,0.9889548508721522,0.09172879257256213,-0.3201855236487781,-0.3307850101947668,inf,0.0,1520267.0393004566
4.0,0.9,0.06,cost,F,3832644.131305483,0.09405267299935016,101.0,-0.2951394244304441,0.40758707434803687,0.8996624508726989,inf,0.0,0.0,0.0,0.8495067137075638,0.13099891862959934,0.0,70.0,24.0,1.0,1.8673288739691383,0.09093984739776251,-0.3201861738011809,-0.32428417804973575,inf,0.0,3310933.8943202207
4.0,0.9,0.06,mtm,A,1462775.5197143238,0.09255866576541905,35.0,-0.2309466320525334,0.2652183832367362,0.8914501992810555,inf,0.0,0.0,0.0,0.8542507743646439,0.11209455331867535,0.0,30.0,5.0,0.0,0.8807429392124277,0.08807817967121004,-0.23094806997243356,-0.23094806997243356,inf,0.0,1401237.3656177802
4.0,0.9,0.06,mtm,B,1531617.8031338253,0.09215397300796113,68.0,-0.2984945172322507,0.5521017691818946,0.8983661665432436,inf,0.0,0.0,0.0,0.8844186484379207,0.15060037678530297,0.0,43.0,18.0,0.5,0.877528558815597,0.0626292457776079,-0.34438950882422076,-0.3546908889946905,inf,0.0,1141098.6048619647
4.0,0.9,0.06,mtm,F,3707165.8443425708,0.09228862825575457,104.5,-0.29709317145627234,0.41550992039246853,0.9055819156464174,inf,0.0,0.0,0.0,0.8542507743646439,0.13104745825762298,0.0,73.5,24.0,0.0,1.807649419824634,0.08399223328569079,-0.3516433874406405,-0.35469052369081655,inf,0.0,2879418.616120455
4.0,1.0,0.06,cost,A,1538688.3539634622,0.09806341842573352,35.0,-0.24789402091569812,0.2817728054885561,0.9982603219034535,inf,0.0,0.0,0.0,0.8495067137075638,0.12294463416086199,0.0,29.0,6.0,1.0,0.9528684959952456,0.09196329854831498,-0.27923367284863954,-0.2806413787582692,inf,0.0,1449704.336594355
4.0,1.0,0.06,cost,B,1707468.172153525,0.10337003101347864,72.0,-0.3249587952102243,0.5830844598904041,0.995697128243028,inf,0.0,0.0,0.0,0.8696241950439367,0.15869195726376747,0.0,46.0,19.5,0.0,0.9864585339098577,0.07475536249471322,-0.3769015768729507,-0.37690344542741483,inf,0.0,1249915.8109509589
4.0,1.0,0.06,cost,F,4470998.525422502,0.10225333342387433,109.0,-0.31624825682687124,0.43666768884467355,0.9982661577580652,inf,0.0,0.0,0.0,0.8495067137075638,0.1419647413622418,0.0,76.0,25.5,2.0,1.9802457058825862,0.09299843812336808,-0.3769029476120806,-0.3769045144451979,inf,0.0,3747284.1554400604
4.0,1.0,0.06,mtm,A,1548273.0813491396,0.09873695365759505,36.0,-0.2507419910789831,0.2811350414729398,0.9706163019088857,inf,0.0,0.0,0.0,0.8542507743646439,0.11992604735122384,0.0,30.5,6.0,1.0,0.9579182925443538,0.09334543953252006,-0.27766274310541744,-0.27996474153491524,inf,0.0,1470198.3269152537
4.0,1.0,0.06,mtm,B,1284731.5342551523,0.07424480842761616,73.0,-0.3728732040840499,0.6043611845999761,0.9984374951359456,inf,0.0,0.0,0.0,0.8551717350549961,0.16595926303004221,0.0,45.0,21.0,0.0,0.8426620219354556,0.07108497059841726,-0.3795996636501919,-0.37960045620431027,inf,0.0,1239336.3363613586
4.0,1.0,0.06,mtm,F,3835137.8921258515,0.09408713396130397,109.0,-0.37348857763933535,0.44340928480964037,0.9984374951359456,inf,0.0,0.0,0.0,0.8542507743646439,0.14561133480138155,0.0,75.5,26.0,1.0,1.8430442158852371,0.08532465822914179,-0.3796000723606203,-0.37960043581103375,inf,0.0,3150727.199605127
4.0,1.2,0.05,cost,A,1725802.525583235,0.11065263899729849,35.0,-0.2857046672007071,0.3248658593575462,1.2277188210579506,5.39138054321636,0.22771882105795072,0.016467898617469362,0.13357843137254902,0.7641681586308229,0.15284528116166174,0.0,30.0,6.0,0.0,1.0698112398395905,0.10675524317730531,-0.3135367904965611,-0.35684116555341694,5.061903634270376,0.0,1635439.155677888
4.0,1.2,0.08,cost,A,1719979.0183114647,0.11027979709433455,35.0,-0.28583290367688463,0.325234688117525,1.23058215066044,5.336849132734864,0.23058215066044002,0.016732591191649725,0.13725490196078433,0.7640309698652394,0.15295004653470284,0.0,30.0,6.0,0.0,1.066492826999538,0.10639657075867175,-0.31538821631520647,-0.3584102431847679,5.010633372708917,0.0,1629255.1670186336
4.0,1.2,0.05,cost,B,1822105.026228181,0.11010022762863914,78.5,-0.3792709822018805,0.7038413517119775,1.24578770463125,5.068551767063685,0.24578770463125016,0.030990618500246064,0.2389705882352941,0.7615278489737258,0.19626495811303582,0.0,49.0,20.5,1.0,1.1143308202755575,0.09172665811523151,-0.39925027916555084,-0.4367920662458581,4.860067325834406,0.0,1025664.751895403
4.0,1.2,0.08,cost,B,1845908.1903741723,0.11147806739882382,78.0,-0.37283769031760644,0.7062384494515892,1.250700814334846,4.988818315780819,0.2507008143348459,0.03124955494091048,0.24361455108359134,0.758154198152957,0.19669109099086962,0.0,48.5,20.5,1.0,1.1036149339945927,0.09052011292354019,-0.40179607918799215,-0.4393853138130205,4.790874240819778,0.0,1015559.9058815233
4.0,1.2,0.05,cost,F,5081292.095154222,0.10911119356002419,114.0,-0.39718548993101405,0.5231007798293752,1.2457878575494294,5.068549235794857,0.24578785754942958,0.02385042934641083,0.19040494713744266,0.7641681586308229,0.17687543416371426,0.0,79.0,27.0,1.0,2.1296535469363818,0.09225521349494734,-0.4171122362741328,-0.4480761959432038,4.86006904367992,0.0,3376050.899571675
4.0,1.2,0.08,cost,F,5020414.662166526,0.10846334136581182,114.0,-0.392398758776623,0.5238546670605686,1.2507009707745893,4.988815826722547,0.2507009707745895,0.024172558836550027,0.19279872331936965,0.7640309698652394,0.17714955601572502,0.0,79.0,27.0,1.0,2.1318110467305726,0.09747952853293332,-0.4196274048595012,-0.447587598979575,4.790875932130944,0.0,3332087.6326493374
4.0,1.2,0.05,mtm,A,1682849.8694023497,0.1078746018139013,35.0,-0.27843929342062257,0.325336003046778,1.2090061085712605,5.784856741997389,0.20900610857126056,0.015876538823717055,0.14869281045751634,0.7719364091085689,0.14976450101326166,0.0,30.0,6.0,0.0,1.0435421984498967,0.10094170344161846,-0.30030065677718104,-0.3353558724648613,5.003649737002888,0.0,1571663.2665697266
4.0,1.2,0.08,mtm,A,1677000.0603190223,0.10749131172096293,35.0,-0.27848429738919056,0.32567281608909293,1.2102531504386354,5.75656988973553,0.21025315043863535,0.016135731966362997,0.14869281045751634,0.7718882618857359,0.14987066236513114,0.0,30.0,6.0,0.0,1.0412145719321955,0.10100703831597972,-0.3021535690596351,-0.33696193376662786,4.974776695920552,0.0,1573819.7985670352
4.0,1.2,0.05,mtm,B,1706057.125326971,0.10329113131782452,80.0,-0.38008045565781057,0.6875317682205256,1.199026594956565,6.024465633408689,0.19902659495656516,0.023062765083290346,0.20394736842105265,0.7732901203711011,0.19142365321328267,0.0,50.5,21.0,0.0,1.0925654846789512,0.08754022330663362,-0.43091623419096703,-0.4520437504756959,4.918657071211637,0.0,1231020.2741563767
4.0,1.2,0.08,mtm,B,1693498.7947895126,0.10252471696123422,80.0,-0.3820185054993641,0.6882536305181686,1.20120355732796,5.970528432682121,0.20120355732795991,0.023341852766851037,0.20394736842105265,0.7706548151071927,0.19164485236943596,0.0,50.5,21.0,0.0,1.0862780225506004,0.08693415215869718,-0.4334875167735196,-0.4550655395229396,4.811337696570081,0.0,1220949.4945361372
4.0,1.2,0.05,mtm,F,5219879.588666807,0.11055856051386281,116.5,-0.3800804556578107,0.5072886630029889,1.2140689348242497,5.671397024682752,0.21406893482424966,0.021062495491863346,0.19010572511470175,0.7719364091085689,0.17446588075470304,0.0,82.0,27.0,0.5,2.123722391775306,0.09481695519453699,-0.42316403840204303,-0.44562947828719135,5.003649737002888,0.0,3151323.474757538
4.0,1.2,0.08,mtm,F,5174626.140168351,0.11008989957422999,116.5,-0.38201850549936417,0.5083606723214117,1.2172184311448084,5.603661128097029,0.21721843114480838,0.02133572476239682,0.1928984639936166,0.7718882618857359,0.1742458133858452,0.0,82.0,27.0,0.5,2.114796435900314,0.09421154796809625,-0.4251843150284303,-0.44799346902819015,4.974776695920552,0.0,3232928.7158958656
4.0,1.5,0.05,cost,A,1945600.086175756,0.12395729648259357,39.5,-0.32947467912630996,0.3890122515619441,1.5964307385730026,2.676642216469518,0.5964307385730026,0.06716753959879941,0.2048611111111111,0.7851080570669966,0.18274455865079367,0.0,33.0,7.0,0.0,1.2105328060849263,0.11633779478160476,-0.3832119823734013,-0.4723135803596423,2.4368029526973367,0.0,1541075.0578859686
4.0,1.5,0.08,cost,A,1938551.7571181774,0.12354548261067322,39.0,-0.3351192792236862,0.3892988148495844,1.6097955217517286,2.6398994814341084,0.6097955217517286,0.06775356998429206,0.20383986928104575,0.7839088032245027,0.18287626615940977,0.0,32.5,6.0,0.0,1.2047971926207706,0.11529133475595836,-0.3907546526707935,-0.47955324272990674,2.3871732973388933,0.0,1512499.2626701114
4.0,1.5,0.05,cost,B,2251093.017634834,0.13244057260512276,85.0,-0.4635338856595742,0.7999498016647091,1.6489350859437826,2.541038863948203,0.6489350859437826,0.1064607554753096,0.33533281733746134,0.6848702344648387,0.23581571235290172,0.0,53.5,22.0,2.0,1.3601018652889678,0.10257569485478005,-0.5119247719509838,-0.5461859464743928,2.243660379918851,0.0,1521048.9583848137
4.0,1.5,0.08,cost,B,2186473.198420451,0.12934198779863737,84.5,-0.4675684588532742,0.802695515125321,1.6575991802453698,2.520684165673246,0.6575991802453698,0.10851646180733397,0.3378482972136223,0.6766894652163923,0.2348987506408401,0.0,53.5,22.0,2.0,1.3441066103264117,0.10587455921970117,-0.4965832203701022,-0.5559820701782878,2.2034545156870426,0.0,1585730.3853051672
4.0,1.5,0.05,cost,F,7014351.108668707,0.1265588236268116,123.5,-0.46253098573285056,0.6113471108479505,1.6595177234636578,2.5162639784630576,0.6595177234636578,0.09502066864334287,0.2969279872331937,0.7851080570669966,0.2129229073180885,0.0,86.0,29.0,2.0,2.4847347409152465,0.10836686932339194,-0.5030804277158663,-0.5123995620003028,2.2922306635931804,0.0,4160555.2454211046
4.0,1.5,0.08,cost,F,6676017.497847651,0.12388320944936448,123.0,-0.4697807779645798,0.6143084575238009,1.6637751789766946,2.5066205193125186,0.6637751789766947,0.0973877836947879,0.3038100937562338,0.7839088032245027,0.21393195566840978,0.0,85.5,28.0,2.0,2.4463089884721496,0.10776607603880965,-0.5128833321562432,-0.5223581485585672,2.226273904116203,0.0,4155377.822835192
4.0,1.5,0.05,mtm,A,1911764.9142942056,0.12200032121613358,40.0,-0.31937606898555654,0.3779824560023414,1.5230195864781373,2.911974421097943,0.5230195864781375,0.05698164174361243,0.1875,0.7920917180177619,0.17461558997758003,0.0,33.5,7.0,0.0,1.1819295516727364,0.11259805293268502,-0.3675465043629224,-0.44833523136327935,2.5461205179632356,0.0,1455940.5956892224
4.0,1.5,0.08,mtm,A,1863980.0806688587,0.11918217692065913,40.0,-0.3238721622358055,0.3780355511036236,1.5325118839198693,2.877895149057827,0.5325118839198693,0.05757171551314212,0.1875,0.7910228837172125,0.1755243072261486,0.0,33.5,7.0,0.0,1.167660116029174,0.1110959081747878,-0.37449086297777423,-0.4541093442304953,2.502200912210944,0.0,1468659.4732006574
4.0,1.5,0.05,mtm,B,2125515.3100045905,0.12633761736901938,85.0,-0.4494347522047882,0.8092019648859956,1.560307542770837,2.7855719637008667,0.560307542770837,0.09914161556852671,0.3519736842105263,0.6716199082754022,0.23786643019822107,0.0,54.0,22.0,0.0,1.2804673680305498,0.09584439913824397,-0.47794058244219634,-0.5176907669371782,2.4976773899166527,0.0,1439281.8272862174
4.0,1.5,0.08,mtm,B,2070203.650465968,0.12355020060925703,85.0,-0.4556790930007261,0.8127919195580304,1.563905417644834,2.7733470344172555,0.5639054176448342,0.10128129555475923,0.3568111455108359,0.6634376514404021,0.23872160235524315,0.0,54.0,22.0,0.0,1.251414042014622,0.09248298641668488,-0.48721681822441865,-0.5270930109608021,2.467398069049922,0.0,1389798.4129700314
4.0,1.5,0.05,mtm,F,6248331.329442887,0.12028209007509816,124.5,-0.46138850154866823,0.6047198929563934,1.577091247151091,2.732924963461354,0.577091247151091,0.08521256466506694,0.27219230001994815,0.7920917180177619,0.21220020248405463,0.0,86.5,28.0,0.5,2.3914847167861093,0.10537514566203923,-0.4945322823401201,-0.515199649658574,2.435445546831194,0.0,4357203.5916978335
4.0,1.5,0.08,mtm,F,5924693.888228319,0.11739763403090797,124.0,-0.4677388626906018,0.6064117089156842,1.5928604046157626,2.6868664298976896,0.5928604046157626,0.0867349094694449,0.27219230001994815,0.7910228837172125,0.21309579786063532,0.0,86.0,28.0,0.0,2.3518888744496165,0.10331281577995766,-0.5176929325194062,-0.5378624119336249,2.4444344038640597,0.0,4184706.875805357
4.0,2.0,0.05,cost,A,2717383.282255571,0.1618700233392556,48.0,-0.4136460295955934,0.5051046294210789,2.418252728717528,1.705157742647775,1.4182527287175277,0.16635230451866595,0.23978758169934639,0.7012910905126476,0.2429771549100104,0.0,41.0,7.0,1.0,1.500883963167978,0.14289534389340497,-0.5265498292211972,-0.5512873499693476,1.5904345863812495,0.0,2075248.2395617827
4.0,2.0,0.08,cost,A,2645224.328753344,0.15878171580881573,47.0,-0.424196327634586,0.5058054615004208,2.44112024956189,1.6939200799443648,1.4411202495618902,0.16576873460628933,0.24366830065359477,0.6990849740508639,0.24352888154900454,0.0,40.5,7.0,1.0,1.4617671472287892,0.13641452619301458,-0.5387965889135395,-0.5625952685552178,1.6105420719367622,0.0,1957543.5193301777
4.0,2.0,0.05,cost,B,2888574.28877405,0.15929802708403806,89.5,-0.6031211757638382,1.0942208461193101,2.5211685990454464,1.6574134077175944,1.5211685990454464,0.31728669575496815,0.5924922600619196,0.4914546992348252,0.33209634639743224,0.0,56.0,23.0,0.0,1.5457617709537346,0.10802669329193604,-0.6119175536300873,-0.6324591196888623,1.5284718880438002,0.0,1595591.515792057
4.0,2.0,0.08,cost,B,2477040.9526240276,0.1426751882187689,88.0,-0.6163167029509335,1.1205084413643092,2.59888286542233,1.625444479018086,1.5988828654223295,0.33833777589306857,0.5959752321981424,0.474405551125435,0.3456722758870095,0.0,54.0,23.0,0.0,1.4482188969851146,0.10864399840650181,-0.6277252816968512,-0.6730416013777354,1.4449124812308292,0.0,1714680.1677885703
4.0,2.0,0.05,cost,F,13412164.286076024,0.16253260834773342,135.0,-0.6031213035472671,0.8022045391604731,2.60831026495934,1.6219646443333589,1.6083102649593402,0.23975278025145774,0.3983642529423499,0.7012910905126476,0.2949514091662561,0.0,95.0,30.0,1.0,3.0665778631385145,0.14480999174741138,-0.6140479794972591,-0.6491618126609834,1.5078925819315476,0.0,6657163.1735508535
4.0,2.0,0.08,cost,F,12166805.790859386,0.15705763337713963,135.5,-0.6163168299290906,0.8127927959374863,2.6395688419392846,1.6100405120124681,1.6395688419392846,0.24732598373163195,0.4042489527229204,0.6990849740508639,0.29815177947536486,0.0,96.0,30.0,1.0,2.94526452464111,0.12864473856928776,-0.6315661198434172,-0.6651009683512191,1.47319948144235,0.0,5717456.8382989615
4.0,2.0,0.05,mtm,A,2523590.8252883162,0.15335365642013776,44.0,-0.4220711853885025,0.4922112154929142,2.5742348971259092,1.6352292163288547,1.5742348971259088,0.16193186434161966,0.22508169934640523,0.618722755295091,0.2536589209650482,0.0,37.0,7.0,0.0,1.4208113638533209,0.13751413794956602,-0.5074837082868014,-0.5501271433812751,1.6248130545294175,0.0,1856012.4795765704
4.0,2.0,0.08,mtm,A,2430460.644932878,0.14906531342250495,43.0,-0.42962594007851523,0.49582270860576705,2.5871023831249884,1.630079074073362,1.5871023831249884,0.1668085673085717,0.22426470588235295,0.6156358106172264,0.2550517160028306,0.0,37.0,7.0,0.0,1.389584325922082,0.13507816360938568,-0.5195914799717636,-0.5661525549225934,1.5862495555174254,0.0,1786189.9642299616
4.0,2.0,0.05,mtm,B,2372544.276999185,0.13802136234722928,85.0,-0.6167534867672948,1.124972806485398,2.4739553607742417,1.6784465979214707,1.4739553607742413,0.3474540563667112,0.5888157894736843,0.47094644293557086,0.34300677349432185,0.0,52.0,23.0,1.0,1.317377608561385,0.09164503272667375,-0.6292041411028183,-0.6292087426169521,1.6188866302343699,0.0,1025631.9824934375
4.0,2.0,0.08,mtm,B,1982432.9525830904,0.11892696634846023,84.0,-0.6318647193177955,1.1398696924630802,2.578508146241102,1.6335095592551605,1.5785081462411017,0.3533079448726786,0.6190015479876161,0.4518224489664282,0.35089739140637266,0.0,50.0,23.0,1.0,1.182965246687663,0.08007120032871373,-0.6439281963975144,-0.6439328701330057,1.6297075588763759,0.0,1037086.0106843072
4.0,2.0,0.05,mtm,F,9265131.752953466,0.1418804644207351,131.0,-0.622960162128025,0.8076388437235767,2.5742348971259092,1.6352292163288547,1.5742348971259088,0.24753288714807486,0.39896269698783166,0.618722755295091,0.30214311911449343,0.0,89.0,30.5,1.0,2.7570507395898014,0.12533092766676823,-0.6292071115439984,-0.629208742616952,1.6248130545294175,0.0,5914743.041867277
4.0,2.0,0.08,mtm,F,8068421.281927217,0.1342362318495809,126.0,-0.6378780250919613,0.8184176521020889,2.5879170019163817,1.6297558367279343,1.5879170019163822,0.2558204795342523,0.40843806104129265,0.6156358106172264,0.30674836545412565,0.0,86.5,30.0,1.0,2.578633420381853,0.11187655595161043,-0.6439312368008436,-0.6439328701330058,1.5862495555174254,0.0,5030913.557281374
