L,borrow,win,drop,final,cagr,n_trades,max_dd,avg_exposure,max_exposure,min_mr,max_debt_eq,avg_debt_eq,days_borrow,min_eq,vol,n_mc,n_tp,n_sl,n_panic,mean_log,cagr_p10,dd_p10,dd_worst,min_mr_worst,mc_any,final_min
0.5,0.05,A,,977794.8592075377,0.049707183521838005,58.0,-0.09214107505670721,0.10458023799682022,0.45914627149828846,inf,0.0,0.0,0.0,0.9968538548854781,0.04679882358688764,0.0,50.0,8.0,0.0,0.4944509125467403,0.04610992313473818,-0.12230835336019497,-0.12952459983739129,inf,0.0,925749.1751472317
0.5,0.05,A,2012-01,979348.2603498297,0.049873105230072934,56.0,-0.0646991026890621,0.08780218680999594,0.45715000257570754,inf,0.0,0.0,0.0,0.9968538548854781,0.04063793638939196,0.0,48.0,8.0,3.0,0.4874461058391173,0.04709548937217376,-0.06470040109709145,-0.06470074180172791,inf,0.0,953573.9400478108
0.5,0.05,B,,1143919.7264843425,0.0625780864350548,124.0,-0.13580989032175794,0.23256387535999484,0.455764171747546,inf,0.0,0.0,0.0,0.9495115322734937,0.0692216096944309,0.0,82.0,26.0,0.0,0.6499313487516393,0.05718633692878119,-0.14844413218206806,-0.15011419299106732,inf,0.0,1055071.6212982803
0.5,0.05,B,2024-02,1146959.3066875935,0.06284336825281267,124.5,-0.1358096557167378,0.22682127394290952,0.4551912054568541,inf,0.0,0.0,0.0,0.9495115322734937,0.06803059472389326,0.0,82.0,26.0,0.0,0.6518723885102793,0.05825901803919555,-0.14844413218206806,-0.15011419299106732,inf,0.0,1057352.262456781
0.5,0.05,B,2018-02,1144418.380914501,0.06262165431802469,114.0,-0.11491094667133006,0.22637017869612924,0.4599348777439151,inf,0.0,0.0,0.0,0.9397274075629238,0.06567729620174512,0.0,73.0,24.0,2.0,0.6400055630799514,0.05687111876947024,-0.12796956681834942,-0.14410701278811966,inf,0.0,1013657.0883370072
0.5,0.05,B,2022-05,1112645.9641594272,0.05981111422864305,122.0,-0.13580989032175794,0.22489767034221902,0.4544420359091789,inf,0.0,0.0,0.0,0.9495115322734937,0.06930032404803912,0.0,79.0,26.0,0.0,0.6155613713004188,0.054149150708334995,-0.14844413218206806,-0.15011419299106732,inf,0.0,1036561.7614955567
0.5,0.05,B,2022-10,1105780.3681968213,0.05919424963003084,120.0,-0.1358096557167378,0.21855655934531806,0.45576064668498845,inf,0.0,0.0,0.0,0.9495115322734937,0.06648239186101579,0.0,78.0,26.0,0.0,0.6080662470603487,0.054429489587379656,-0.14844413218206806,-0.15011419299106732,inf,0.0,1031772.4114497234
0.5,0.05,F,,1884602.766385423,0.057048210445657443,182.0,-0.14037635793677417,0.16949527807308384,0.4617531478566891,inf,0.0,0.0,0.0,0.9968538548854781,0.05946989027694641,0.0,132.0,34.0,0.0,1.151014128999313,0.0542074589708099,-0.14998025925837957,-0.1501141446914075,inf,0.0,1662003.2080513828
0.5,0.05,F,2024-02,1889767.8343560759,0.05718846141841505,182.0,-0.14037635793677417,0.1674146588259786,0.4617531478566891,inf,0.0,0.0,0.0,0.9968538548854781,0.05874514285911271,0.0,132.0,34.0,0.0,1.1523602501649735,0.05463278905357176,-0.14998025925837957,-0.1501141446914075,inf,0.0,1688717.9647049005
0.5,0.05,F,2012-01,1882556.1674655764,0.0569925196299953,180.5,-0.1357680883652599,0.1617293134333781,0.4571501831836564,inf,0.0,0.0,0.0,0.9968538548854781,0.05705403092076002,0.0,130.0,34.0,3.0,1.1418047380157665,0.05447293293032211,-0.1480931895559929,-0.1501132001313764,inf,0.0,1712213.4898284867
0.5,0.05,F,2018-02,1868429.4313688548,0.05660665417341215,171.0,-0.12036132921871068,0.1677897190396608,0.46270968304157956,inf,0.0,0.0,0.0,0.9968538548854781,0.05780936646634563,0.0,122.0,32.0,2.0,1.136399742338591,0.05348576185880514,-0.13036093029024712,-0.1420024664393713,inf,0.0,1659363.9119377711
0.5,0.05,F,2022-05,1827922.3661487468,0.05548467991443218,179.0,-0.14111512445522767,0.16734456673007006,0.4615665774437523,inf,0.0,0.0,0.0,0.9968538548854781,0.05944354377381443,0.0,129.0,35.0,0.0,1.1112501493625473,0.05243289269880165,-0.14998025925837957,-0.1501141446914075,inf,0.0,1660582.0745591538
0.5,0.05,F,2022-10,1800059.8932483194,0.05469910001357392,178.0,-0.14037635793677417,0.16373542043491723,0.4620189654335989,inf,0.0,0.0,0.0,0.9968538548854781,0.05769581001857911,0.0,128.0,34.0,0.0,1.1046638856483217,0.052696701536588605,-0.14998025925837957,-0.1501141446914075,inf,0.0,1663866.7930456402
0.5,0.08,A,,977794.8592075377,0.049707183521838005,58.0,-0.09214107505670721,0.10458023799682022,0.45914627149828846,inf,0.0,0.0,0.0,0.9968538548854781,0.04679882358688764,0.0,50.0,8.0,0.0,0.4944509125467403,0.04610992313473818,-0.12230835336019497,-0.12952459983739129,inf,0.0,925749.1751472317
0.5,0.08,A,2012-01,979348.2603498297,0.049873105230072934,56.0,-0.0646991026890621,0.08780218680999594,0.45715000257570754,inf,0.0,0.0,0.0,0.9968538548854781,0.04063793638939196,0.0,48.0,8.0,3.0,0.4874461058391173,0.04709548937217376,-0.06470040109709145,-0.06470074180172791,inf,0.0,953573.9400478108
0.5,0.08,B,,1143919.7264843425,0.0625780864350548,124.0,-0.13580989032175794,0.23256387535999484,0.455764171747546,inf,0.0,0.0,0.0,0.9495115322734937,0.0692216096944309,0.0,82.0,26.0,0.0,0.6499313487516393,0.05718633692878119,-0.14844413218206806,-0.15011419299106732,inf,0.0,1055071.6212982803
0.5,0.08,B,2024-02,1146959.3066875935,0.06284336825281267,124.5,-0.1358096557167378,0.22682127394290952,0.4551912054568541,inf,0.0,0.0,0.0,0.9495115322734937,0.06803059472389326,0.0,82.0,26.0,0.0,0.6518723885102793,0.05825901803919555,-0.14844413218206806,-0.15011419299106732,inf,0.0,1057352.262456781
0.5,0.08,B,2018-02,1144418.380914501,0.06262165431802469,114.0,-0.11491094667133006,0.22637017869612924,0.4599348777439151,inf,0.0,0.0,0.0,0.9397274075629238,0.06567729620174512,0.0,73.0,24.0,2.0,0.6400055630799514,0.05687111876947024,-0.12796956681834942,-0.14410701278811966,inf,0.0,1013657.0883370072
0.5,0.08,B,2022-05,1112645.9641594272,0.05981111422864305,122.0,-0.13580989032175794,0.22489767034221902,0.4544420359091789,inf,0.0,0.0,0.0,0.9495115322734937,0.06930032404803912,0.0,79.0,26.0,0.0,0.6155613713004188,0.054149150708334995,-0.14844413218206806,-0.15011419299106732,inf,0.0,1036561.7614955567
0.5,0.08,B,2022-10,1105780.3681968213,0.05919424963003084,120.0,-0.1358096557167378,0.21855655934531806,0.45576064668498845,inf,0.0,0.0,0.0,0.9495115322734937,0.06648239186101579,0.0,78.0,26.0,0.0,0.6080662470603487,0.054429489587379656,-0.14844413218206806,-0.15011419299106732,inf,0.0,1031772.4114497234
0.5,0.08,F,,1884602.766385423,0.057048210445657443,182.0,-0.14037635793677417,0.16949527807308384,0.4617531478566891,inf,0.0,0.0,0.0,0.9968538548854781,0.05946989027694641,0.0,132.0,34.0,0.0,1.151014128999313,0.0542074589708099,-0.14998025925837957,-0.1501141446914075,inf,0.0,1662003.2080513828
0.5,0.08,F,2024-02,1889767.8343560759,0.05718846141841505,182.0,-0.14037635793677417,0.1674146588259786,0.4617531478566891,inf,0.0,0.0,0.0,0.9968538548854781,0.05874514285911271,0.0,132.0,34.0,0.0,1.1523602501649735,0.05463278905357176,-0.14998025925837957,-0.1501141446914075,inf,0.0,1688717.9647049005
0.5,0.08,F,2012-01,1882556.1674655764,0.0569925196299953,180.5,-0.1357680883652599,0.1617293134333781,0.4571501831836564,inf,0.0,0.0,0.0,0.9968538548854781,0.05705403092076002,0.0,130.0,34.0,3.0,1.1418047380157665,0.05447293293032211,-0.1480931895559929,-0.1501132001313764,inf,0.0,1712213.4898284867
0.5,0.08,F,2018-02,1868429.4313688548,0.05660665417341215,171.0,-0.12036132921871068,0.1677897190396608,0.46270968304157956,inf,0.0,0.0,0.0,0.9968538548854781,0.05780936646634563,0.0,122.0,32.0,2.0,1.136399742338591,0.05348576185880514,-0.13036093029024712,-0.1420024664393713,inf,0.0,1659363.9119377711
0.5,0.08,F,2022-05,1827922.3661487468,0.05548467991443218,179.0,-0.14111512445522767,0.16734456673007006,0.4615665774437523,inf,0.0,0.0,0.0,0.9968538548854781,0.05944354377381443,0.0,129.0,35.0,0.0,1.1112501493625473,0.05243289269880165,-0.14998025925837957,-0.1501141446914075,inf,0.0,1660582.0745591538
0.5,0.08,F,2022-10,1800059.8932483194,0.05469910001357392,178.0,-0.14037635793677417,0.16373542043491723,0.4620189654335989,inf,0.0,0.0,0.0,0.9968538548854781,0.05769581001857911,0.0,128.0,34.0,0.0,1.1046638856483217,0.052696701536588605,-0.14998025925837957,-0.1501141446914075,inf,0.0,1663866.7930456402
0.75,0.05,A,,1136276.855032457,0.06548732402140789,58.0,-0.1403931281466415,0.15461619655123798,0.6713189423771972,inf,0.0,0.0,0.0,0.9693474604500555,0.06987448696506021,0.0,50.0,8.0,0.0,0.6395664226586245,0.05958455938707421,-0.1842921707261287,-0.19495940583555893,inf,0.0,1035068.8022286986
0.75,0.05,A,2012-01,1126349.9616118274,0.06455955158444127,56.0,-0.09891209476641327,0.12963600788511204,0.6812901989881894,inf,0.0,0.0,0.0,0.9693474604500555,0.060451960337312455,0.0,48.0,8.0,3.0,0.626449119353047,0.060663309361105,-0.09891510933831195,-0.0989158216437831,inf,0.0,1085529.216531534
0.75,0.05,B,,1413723.2121701296,0.0839560633389419,124.0,-0.2038732070595633,0.34188623688383246,0.67643672533119,inf,0.0,0.0,0.0,0.8978362006592361,0.1030759256707297,0.0,82.0,26.0,0.0,0.8621507542769736,0.07513801370771737,-0.22316751040932456,-0.22545277562758825,inf,0.0,1249130.4559444769
0.75,0.05,B,2024-02,1411058.3875097453,0.0837639767474897,125.0,-0.20360184285914035,0.33609831835178117,0.674321627899192,inf,0.0,0.0,0.0,0.8978362006592361,0.10167228518895477,0.0,83.0,26.0,0.0,0.8634625291385468,0.07654575857296311,-0.22316751040932456,-0.22545277562758825,inf,0.0,1249212.3973712379
0.75,0.05,B,2018-02,1404621.0188595746,0.08329787468855576,112.0,-0.1755524331482119,0.3346796886451149,0.6760735607730772,inf,0.0,0.0,0.0,0.8836764364809144,0.09891300284593188,0.0,72.0,24.0,2.0,0.8521914141546281,0.07574709314157702,-0.19537690557635112,-0.23318843753891227,inf,0.0,1217316.2338754996
0.75,0.05,B,2022-05,1345494.0998076648,0.07892453774251174,122.0,-0.2038732070595633,0.3321316353208511,0.675406702550183,inf,0.0,0.0,0.0,0.8978362006592361,0.10321249687800724,0.0,79.0,26.0,0.0,0.807791801716377,0.0705948343412254,-0.22316751040932456,-0.22545277562758825,inf,0.0,1207985.6866496801
0.75,0.05,B,2022-10,1341352.82576,0.07861173681627187,120.0,-0.20360184285914035,0.32329538586454654,0.6781903211889674,inf,0.0,0.0,0.0,0.8978362006592361,0.09898456233274738,0.0,79.0,26.0,0.0,0.7983007253676797,0.07103083509391403,-0.22316751040932456,-0.22545277562758825,inf,0.0,1205416.7258325252
0.75,0.05,F,,2691236.1579965735,0.07546241800552134,183.0,-0.21078885816313014,0.25195206724674046,0.6808859073499587,inf,0.0,0.0,0.0,0.9693474604500555,0.08853534165026672,0.0,133.0,34.0,0.0,1.511156517149979,0.07157772399675891,-0.22545032715713947,-0.22577801020312593,inf,0.0,2240574.0393889276
0.75,0.05,F,2024-02,2691012.777254946,0.07545809258021763,183.0,-0.21078885816313014,0.24802918773298235,0.6803070293851872,inf,0.0,0.0,0.0,0.9693474604500555,0.08788784967682237,0.0,132.0,34.0,0.0,1.5109808537395615,0.0716795012175749,-0.22545032715713947,-0.22577801020312593,inf,0.0,2291588.486588132
0.75,0.05,F,2012-01,2682431.781295169,0.07529161317063637,181.0,-0.203690844871238,0.23875096221479725,0.6812902989004008,inf,0.0,0.0,0.0,0.9693474604500555,0.08512129370344165,0.0,130.0,34.0,3.0,1.4962671140060606,0.07122896921698474,-0.22294283739738352,-0.22577770637106853,inf,0.0,2320067.002398293
0.75,0.05,F,2018-02,2681596.132142706,0.07527530726390963,171.0,-0.18094793799794834,0.24724062892904408,0.6766348923919419,inf,0.0,0.0,0.0,0.9693474604500555,0.08619478171823411,0.0,121.5,32.0,2.0,1.4963070144359831,0.06994668195293537,-0.19614097155163765,-0.20804699262344828,inf,0.0,2280011.748995934
0.75,0.05,F,2022-05,2571813.4055864243,0.07309879841049982,180.0,-0.21078885816313014,0.2475935437624027,0.6793567646269929,inf,0.0,0.0,0.0,0.9693474604500555,0.08855745011405436,0.0,130.0,35.0,0.0,1.4500980075928918,0.06832384638001394,-0.22545032715713947,-0.22577801020312593,inf,0.0,2224016.7197978115
0.75,0.05,F,2022-10,2534709.951289976,0.07234307371267124,179.0,-0.21078885816313014,0.24314771902374357,0.6793833734444468,inf,0.0,0.0,0.0,0.9693474604500555,0.08604742388795455,0.0,128.5,34.0,0.0,1.442562672898207,0.068789369843092,-0.22545032715713947,-0.22577801020312593,inf,0.0,2225912.0779850995
0.75,0.08,A,,1136276.855032457,0.06548732402140789,58.0,-0.1403931281466415,0.15461619655123798,0.6713189423771972,inf,0.0,0.0,0.0,0.9693474604500555,0.06987448696506021,0.0,50.0,8.0,0.0,0.6395664226586245,0.05958455938707421,-0.1842921707261287,-0.19495940583555893,inf,0.0,1035068.8022286986
0.75,0.08,A,2012-01,1126349.9616118274,0.06455955158444127,56.0,-0.09891209476641327,0.12963600788511204,0.6812901989881894,inf,0.0,0.0,0.0,0.9693474604500555,0.060451960337312455,0.0,48.0,8.0,3.0,0.626449119353047,0.060663309361105,-0.09891510933831195,-0.0989158216437831,inf,0.0,1085529.216531534
0.75,0.08,B,,1413723.2121701296,0.0839560633389419,124.0,-0.2038732070595633,0.34188623688383246,0.67643672533119,inf,0.0,0.0,0.0,0.8978362006592361,0.1030759256707297,0.0,82.0,26.0,0.0,0.8621507542769736,0.07513801370771737,-0.22316751040932456,-0.22545277562758825,inf,0.0,1249130.4559444769
0.75,0.08,B,2024-02,1411058.3875097453,0.0837639767474897,125.0,-0.20360184285914035,0.33609831835178117,0.674321627899192,inf,0.0,0.0,0.0,0.8978362006592361,0.10167228518895477,0.0,83.0,26.0,0.0,0.8634625291385468,0.07654575857296311,-0.22316751040932456,-0.22545277562758825,inf,0.0,1249212.3973712379
0.75,0.08,B,2018-02,1404621.0188595746,0.08329787468855576,112.0,-0.1755524331482119,0.3346796886451149,0.6760735607730772,inf,0.0,0.0,0.0,0.8836764364809144,0.09891300284593188,0.0,72.0,24.0,2.0,0.8521914141546281,0.07574709314157702,-0.19537690557635112,-0.23318843753891227,inf,0.0,1217316.2338754996
0.75,0.08,B,2022-05,1345494.0998076648,0.07892453774251174,122.0,-0.2038732070595633,0.3321316353208511,0.675406702550183,inf,0.0,0.0,0.0,0.8978362006592361,0.10321249687800724,0.0,79.0,26.0,0.0,0.807791801716377,0.0705948343412254,-0.22316751040932456,-0.22545277562758825,inf,0.0,1207985.6866496801
0.75,0.08,B,2022-10,1341352.82576,0.07861173681627187,120.0,-0.20360184285914035,0.32329538586454654,0.6781903211889674,inf,0.0,0.0,0.0,0.8978362006592361,0.09898456233274738,0.0,79.0,26.0,0.0,0.7983007253676797,0.07103083509391403,-0.22316751040932456,-0.22545277562758825,inf,0.0,1205416.7258325252
0.75,0.08,F,,2691236.1579965735,0.07546241800552134,183.0,-0.21078885816313014,0.25195206724674046,0.6808859073499587,inf,0.0,0.0,0.0,0.9693474604500555,0.08853534165026672,0.0,133.0,34.0,0.0,1.511156517149979,0.07157772399675891,-0.22545032715713947,-0.22577801020312593,inf,0.0,2240574.0393889276
0.75,0.08,F,2024-02,2691012.777254946,0.07545809258021763,183.0,-0.21078885816313014,0.24802918773298235,0.6803070293851872,inf,0.0,0.0,0.0,0.9693474604500555,0.08788784967682237,0.0,132.0,34.0,0.0,1.5109808537395615,0.0716795012175749,-0.22545032715713947,-0.22577801020312593,inf,0.0,2291588.486588132
0.75,0.08,F,2012-01,2682431.781295169,0.07529161317063637,181.0,-0.203690844871238,0.23875096221479725,0.6812902989004008,inf,0.0,0.0,0.0,0.9693474604500555,0.08512129370344165,0.0,130.0,34.0,3.0,1.4962671140060606,0.07122896921698474,-0.22294283739738352,-0.22577770637106853,inf,0.0,2320067.002398293
0.75,0.08,F,2018-02,2681596.132142706,0.07527530726390963,171.0,-0.18094793799794834,0.24724062892904408,0.6766348923919419,inf,0.0,0.0,0.0,0.9693474604500555,0.08619478171823411,0.0,121.5,32.0,2.0,1.4963070144359831,0.06994668195293537,-0.19614097155163765,-0.20804699262344828,inf,0.0,2280011.748995934
0.75,0.08,F,2022-05,2571813.4055864243,0.07309879841049982,180.0,-0.21078885816313014,0.2475935437624027,0.6793567646269929,inf,0.0,0.0,0.0,0.9693474604500555,0.08855745011405436,0.0,130.0,35.0,0.0,1.4500980075928918,0.06832384638001394,-0.22545032715713947,-0.22577801020312593,inf,0.0,2224016.7197978115
0.75,0.08,F,2022-10,2534709.951289976,0.07234307371267124,179.0,-0.21078885816313014,0.24314771902374357,0.6793833734444468,inf,0.0,0.0,0.0,0.9693474604500555,0.08604742388795455,0.0,128.5,34.0,0.0,1.442562672898207,0.068789369843092,-0.22545032715713947,-0.22577801020312593,inf,0.0,2225912.0779850995
1.0,0.05,A,,1306599.618059563,0.08037349576315211,58.0,-0.18634671466934682,0.20357609004628158,0.8935538838506615,inf,0.0,0.0,0.0,0.9418483660654972,0.09272618570879376,0.0,50.0,8.0,0.0,0.7765724733357252,0.07222402324099712,-0.24196701078311023,-0.255590758297646,inf,0.0,1155317.681334445
1.0,0.05,A,2012-01,1284585.5195374382,0.07855150509641795,56.0,-0.1349298090980483,0.17034691122553294,0.9025924629886377,inf,0.0,0.0,0.0,0.9418483660654972,0.08004650726956572,0.0,48.0,8.0,3.0,0.7572518426187159,0.07367218633593868,-0.13493511140715408,-0.13493636576673018,inf,0.0,1227262.749290227
1.0,0.05,B,,1735429.669338437,0.10506306184925918,125.0,-0.2681628433240249,0.45623584673638395,0.8986124121153556,inf,0.0,0.0,0.0,0.8455430675259639,0.1377060127212052,0.0,83.0,26.0,0.0,1.067328036035836,0.09065594620720038,-0.29488445792861356,-0.2950769347379555,inf,0.0,1462727.938665065
1.0,0.05,B,2024-02,1746441.4262795,0.1057218595754682,126.0,-0.2681628433240249,0.4468346634359158,0.8983963445453709,inf,0.0,0.0,0.0,0.8455430675259639,0.13581594411530912,0.0,83.0,26.0,0.0,1.0708681871459511,0.09249507175242833,-0.29488445792861356,-0.2950769347379555,inf,0.0,1449373.5843923432
1.0,0.05,B,2018-02,1783805.2917217002,0.10792572709224513,113.5,-0.2300227610371846,0.43889004718373753,0.8989610883265466,inf,0.0,0.0,0.0,0.8273577449039884,0.1314209186494321,0.0,73.0,24.0,2.0,1.0779064875860922,0.09692553665966967,-0.2538319443448198,-0.2852622290201754,inf,0.0,1473349.7898074898
1.0,0.05,B,2022-05,1621502.2688143495,0.09802847678851989,122.0,-0.26828425658595756,0.43917829109121376,0.8946226823067323,inf,0.0,0.0,0.0,0.8455430675259639,0.13679288374979992,0.0,80.0,26.0,0.0,0.9902596764004592,0.08569098899199157,-0.29488445792861356,-0.2950769347379555,inf,0.0,1388324.6031545417
1.0,0.05,B,2022-10,1592303.2185939245,0.09615324594949348,121.0,-0.2681628433240249,0.4250158937022219,0.8954587644040419,inf,0.0,0.0,0.0,0.8455430675259639,0.13110546210592522,0.0,79.0,26.0,0.0,0.9768174171750583,0.08659889591837795,-0.29488445792861356,-0.2950769347379555,inf,0.0,1383328.9507992389
1.0,0.05,F,,3826618.471385981,0.09396913078579872,184.0,-0.27701190488316346,0.3330018233732518,0.8976047541487039,inf,0.0,0.0,0.0,0.9418483660654972,0.11822700132829134,0.0,133.0,34.5,0.0,1.8580116801486994,0.0875634136966112,-0.29507266771682295,-0.29873996877551656,inf,0.0,2922695.726730326
1.0,0.05,F,2024-02,3853971.233698969,0.09434693883099177,184.0,-0.27701190488316346,0.3295490615149602,0.8976047541487039,inf,0.0,0.0,0.0,0.9418483660654972,0.1173118847605552,0.0,133.0,34.0,0.0,1.8588456658875188,0.08805796995775268,-0.29507266771682295,-0.29873996877551656,inf,0.0,3006708.2286130255
1.0,0.05,F,2012-01,3802031.5389333055,0.09362746468659022,181.5,-0.2678046754823294,0.31633707000453276,0.9025924752811054,inf,0.0,0.0,0.0,0.9418483660654972,0.11324103417896425,0.0,131.0,34.0,3.0,1.8391577539463704,0.08795835951312211,-0.29269851096431315,-0.2987394270599959,inf,0.0,3093031.9558390593
1.0,0.05,F,2018-02,3800936.2821878577,0.09361218067926191,171.0,-0.23522703448806603,0.3256948903714642,0.898651395318611,inf,0.0,0.0,0.0,0.9418483660654972,0.11464406980946519,0.0,122.0,32.0,2.0,1.845733822524877,0.08660860082472684,-0.2561266301610331,-0.285174050917656,inf,0.0,3047252.332620586
1.0,0.05,F,2022-05,3536760.986139979,0.08980006338811197,181.0,-0.27701190488316346,0.32644413769893854,0.8962337566550544,inf,0.0,0.0,0.0,0.9418483660654972,0.11709474772563236,0.0,130.0,35.0,0.0,1.7651478055299719,0.08354197643849393,-0.29507266771682295,-0.29873996877551656,inf,0.0,2910993.888243001
1.0,0.05,F,2022-10,3456094.628577307,0.08858183143075793,179.0,-0.27701190488316346,0.31970343807579493,0.8964367924507302,inf,0.0,0.0,0.0,0.9418483660654972,0.11419417158935014,0.0,129.0,34.0,0.0,1.7550412893215284,0.08349740056551877,-0.29507266771682295,-0.29873996877551656,inf,0.0,2899586.7080607526
1.0,0.08,A,,1306599.618059563,0.08037349576315211,58.0,-0.18634671466934682,0.20357609004628158,0.8935538838506615,inf,0.0,0.0,0.0,0.9418483660654972,0.09272618570879376,0.0,50.0,8.0,0.0,0.7765724733357252,0.07222402324099712,-0.24196701078311023,-0.255590758297646,inf,0.0,1155317.681334445
1.0,0.08,A,2012-01,1284585.5195374382,0.07855150509641795,56.0,-0.1349298090980483,0.17034691122553294,0.9025924629886377,inf,0.0,0.0,0.0,0.9418483660654972,0.08004650726956572,0.0,48.0,8.0,3.0,0.7572518426187159,0.07367218633593868,-0.13493511140715408,-0.13493636576673018,inf,0.0,1227262.749290227
1.0,0.08,B,,1735429.669338437,0.10506306184925918,125.0,-0.2681628433240249,0.45623584673638395,0.8986124121153556,inf,0.0,0.0,0.0,0.8455430675259639,0.1377060127212052,0.0,83.0,26.0,0.0,1.067328036035836,0.09065594620720038,-0.29488445792861356,-0.2950769347379555,inf,0.0,1462727.938665065
1.0,0.08,B,2024-02,1746441.4262795,0.1057218595754682,126.0,-0.2681628433240249,0.4468346634359158,0.8983963445453709,inf,0.0,0.0,0.0,0.8455430675259639,0.13581594411530912,0.0,83.0,26.0,0.0,1.0708681871459511,0.09249507175242833,-0.29488445792861356,-0.2950769347379555,inf,0.0,1449373.5843923432
1.0,0.08,B,2018-02,1783805.2917217002,0.10792572709224513,113.5,-0.2300227610371846,0.43889004718373753,0.8989610883265466,inf,0.0,0.0,0.0,0.8273577449039884,0.1314209186494321,0.0,73.0,24.0,2.0,1.0779064875860922,0.09692553665966967,-0.2538319443448198,-0.2852622290201754,inf,0.0,1473349.7898074898
1.0,0.08,B,2022-05,1621502.2688143495,0.09802847678851989,122.0,-0.26828425658595756,0.43917829109121376,0.8946226823067323,inf,0.0,0.0,0.0,0.8455430675259639,0.13679288374979992,0.0,80.0,26.0,0.0,0.9902596764004592,0.08569098899199157,-0.29488445792861356,-0.2950769347379555,inf,0.0,1388324.6031545417
1.0,0.08,B,2022-10,1592303.2185939245,0.09615324594949348,121.0,-0.2681628433240249,0.4250158937022219,0.8954587644040419,inf,0.0,0.0,0.0,0.8455430675259639,0.13110546210592522,0.0,79.0,26.0,0.0,0.9768174171750583,0.08659889591837795,-0.29488445792861356,-0.2950769347379555,inf,0.0,1383328.9507992389
1.0,0.08,F,,3826618.471385981,0.09396913078579872,184.0,-0.27701190488316346,0.3330018233732518,0.8976047541487039,inf,0.0,0.0,0.0,0.9418483660654972,0.11822700132829134,0.0,133.0,34.5,0.0,1.8580116801486994,0.0875634136966112,-0.29507266771682295,-0.29873996877551656,inf,0.0,2922695.726730326
1.0,0.08,F,2024-02,3853971.233698969,0.09434693883099177,184.0,-0.27701190488316346,0.3295490615149602,0.8976047541487039,inf,0.0,0.0,0.0,0.9418483660654972,0.1173118847605552,0.0,133.0,34.0,0.0,1.8588456658875188,0.08805796995775268,-0.29507266771682295,-0.29873996877551656,inf,0.0,3006708.2286130255
1.0,0.08,F,2012-01,3802031.5389333055,0.09362746468659022,181.5,-0.2678046754823294,0.31633707000453276,0.9025924752811054,inf,0.0,0.0,0.0,0.9418483660654972,0.11324103417896425,0.0,131.0,34.0,3.0,1.8391577539463704,0.08795835951312211,-0.29269851096431315,-0.2987394270599959,inf,0.0,3093031.9558390593
1.0,0.08,F,2018-02,3800936.2821878577,0.09361218067926191,171.0,-0.23522703448806603,0.3256948903714642,0.898651395318611,inf,0.0,0.0,0.0,0.9418483660654972,0.11464406980946519,0.0,122.0,32.0,2.0,1.845733822524877,0.08660860082472684,-0.2561266301610331,-0.285174050917656,inf,0.0,3047252.332620586
1.0,0.08,F,2022-05,3536760.986139979,0.08980006338811197,181.0,-0.27701190488316346,0.32644413769893854,0.8962337566550544,inf,0.0,0.0,0.0,0.9418483660654972,0.11709474772563236,0.0,130.0,35.0,0.0,1.7651478055299719,0.08354197643849393,-0.29507266771682295,-0.29873996877551656,inf,0.0,2910993.888243001
1.0,0.08,F,2022-10,3456094.628577307,0.08858183143075793,179.0,-0.27701190488316346,0.31970343807579493,0.8964367924507302,inf,0.0,0.0,0.0,0.9418483660654972,0.11419417158935014,0.0,129.0,34.0,0.0,1.7550412893215284,0.08349740056551877,-0.29507266771682295,-0.29873996877551656,inf,0.0,2899586.7080607526
1.25,0.05,A,,1470818.5081914077,0.09315380329062406,59.0,-0.23167184690271592,0.2555159035306462,1.1358881943735442,8.35899102242794,0.1358881943735441,0.005191542402213258,0.06862745098039216,0.9143565708758226,0.11604118462959168,0.0,50.5,8.0,0.0,0.9048732527573875,0.08434080985776582,-0.29880371791266475,-0.3166291425910035,7.905416188304045,0.0,1279733.83425157
1.25,0.05,A,2012-01,1471538.1663664915,0.09320704670907809,58.0,-0.16472478779417932,0.2154402366837212,1.105997314114328,10.434201313076732,0.105997314114328,0.002365141076100118,0.03431372549019608,0.9143565708758226,0.09876951262634548,0.0,50.0,8.0,3.0,0.8836436685345348,0.08745441093680724,-0.17667843986464038,-0.17668441863235373,10.345954222716305,0.0,1389318.6213156744
1.25,0.05,B,,2125757.2191643314,0.1263513138799568,125.0,-0.3332934183309475,0.5629662152468488,1.1492679375578057,7.6994039553833655,0.14926793755780543,0.013483490898636383,0.18575851393188855,0.7918473901564256,0.17306324736434736,0.0,82.0,26.0,0.0,1.2580615872877354,0.10860874394688969,-0.36457400030226084,-0.36493575212008045,7.095304454062718,0.0,1695587.9703577727
1.25,0.05,B,2024-02,2112295.58479457,0.12568158178221223,125.0,-0.33112312336508976,0.5561761303601396,1.1449004868011652,7.901433558770344,0.14490048680116516,0.011392000761555648,0.1602167182662539,0.7918473901564256,0.17167565850186983,0.0,83.0,26.0,0.0,1.2601592948650606,0.11082382395623244,-0.36457400030226084,-0.36493575212008045,7.351692379406476,0.0,1665359.777189882
1.25,0.05,B,2018-02,2162552.0702172723,0.12817430006439545,111.5,-0.2879798416715076,0.5446708825498431,1.1473735001110645,7.785485780727612,0.1473735001110644,0.015719628919818825,0.18440402476780185,0.7770148876153109,0.16553845039412504,0.0,71.0,24.0,2.0,1.2673082506206643,0.11437449914445588,-0.32319337052533526,-0.35067133086100977,6.911317979092465,0.0,1705325.8201713997
1.25,0.05,B,2022-05,1930890.8627173086,0.1162138891179566,122.0,-0.33112312336508976,0.5445266536299044,1.148629043919121,7.728160079889618,0.14862904391912085,0.0125034519489036,0.16911764705882354,0.7918473901564256,0.1713882258820177,0.0,79.0,26.0,0.0,1.1610768634028397,0.1007570347612968,-0.36457400030226084,-0.36493575212008045,7.219433712840512,0.0,1596758.8595251562
1.25,0.05,B,2022-10,1890505.6275701097,0.11399679899830939,121.0,-0.33111880276178973,0.5267537054907003,1.1412054917117287,8.08187764863305,0.1412054917117287,0.011911327184524471,0.14996130030959753,0.7918473901564256,0.16441055809280644,0.0,78.0,26.0,0.0,1.1456763758100847,0.10203187437198388,-0.36457400030226084,-0.36493575212008045,7.372118866523748,0.0,1588356.9069109086
1.25,0.05,F,,5290189.187846156,0.11127932607928503,184.0,-0.34598667334190647,0.41335940172455254,1.1503518381198359,7.6511579812624655,0.15035183811983588,0.009713795875753998,0.13275483742270097,0.9143565708758226,0.14898129565923468,0.0,133.0,34.0,0.0,2.179259800104266,0.10269662513940754,-0.3649293323083899,-0.3698312177682709,7.166412920653777,0.0,4231030.333140145
1.25,0.05,F,2024-02,5339185.352823062,0.11177600876428939,184.0,-0.3426933330086909,0.40954060653873703,1.1443315390754782,7.928598081111392,0.1443315390754783,0.008677416378517943,0.1236784360662278,0.9143565708758226,0.1477145532046275,0.0,133.0,34.0,0.0,2.1833267664480154,0.10372982400719555,-0.3649293323083899,-0.3698312177682709,7.204390297974154,0.0,4374591.28752236
1.25,0.05,F,2012-01,5230129.502672415,0.11066444669424491,183.0,-0.336544158508606,0.39466295565202125,1.1497636867203958,7.677186051566448,0.14976368672039556,0.00850094157260986,0.1142030720127668,0.9143565708758226,0.14239588081427484,0.0,132.5,35.0,3.0,2.1570573542764206,0.10396652144159488,-0.36277732858451506,-0.36983036934466795,7.046303221140624,0.0,4121593.393310445
1.25,0.05,F,2018-02,5232235.984795531,0.11068583773372631,171.0,-0.2920729920715161,0.40524642560859964,1.1431021058912325,7.988041031448082,0.14310210589123246,0.010314619398278758,0.12776780371035307,0.9143565708758226,0.14304575273029074,0.0,122.0,32.0,2.0,2.1696233369191082,0.10353593765573821,-0.3197331137233589,-0.34688677237464816,7.164835506726434,0.0,4290546.61108161
1.25,0.05,F,2022-05,4754262.274887504,0.10553995528538762,181.0,-0.3426933330086909,0.40477194305897024,1.1427562356430605,8.004949277886277,0.14275623564306056,0.009008208196420626,0.12218232595252343,0.9143565708758226,0.14701473482587185,0.0,130.5,35.0,0.0,2.0677385048941614,0.09837386862997066,-0.3649293323083899,-0.3698312177682709,7.294185101867087,0.0,3748673.6277305507
1.25,0.05,F,2022-10,4625103.861096866,0.10406522419049602,180.0,-0.3426933330086909,0.39729800491865386,1.1415139366789286,8.0664546410616,0.1415139366789286,0.00849832951009023,0.11440255336126073,0.9143565708758226,0.14307503370216662,0.0,129.0,34.0,0.0,2.0529764381320406,0.09787318963198588,-0.3649293323083899,-0.3698312177682709,7.349716784106696,0.0,3752147.190853682
1.25,0.08,A,,1469085.6360645313,0.09302585403490582,58.0,-0.23238809986698672,0.25524954027629937,1.1365368174500412,8.32403193578118,0.1365368174500412,0.005096436022850299,0.06801470588235295,0.9143565708758226,0.11600725333720663,0.0,50.5,8.0,0.0,0.9034678122871529,0.08421882338184947,-0.2997409436222072,-0.3176014574403181,7.921691822552734,0.0,1278139.7341709782
1.25,0.08,A,2012-01,1470776.02605139,0.09315079137129623,58.0,-0.16511458813936103,0.21548971597870217,1.1063904350254634,10.399341207324337,0.10639043502546333,0.002374129144139701,0.03431372549019608,0.9143565708758226,0.09879025809318218,0.0,50.0,8.0,3.0,0.8831255898338828,0.08739798119636295,-0.17706824021105966,-0.1770742189899106,10.311385633767069,0.0,1388589.8591115377
1.25,0.08,B,,2117626.38432569,0.12594476331209137,125.0,-0.3349314368963996,0.5625696037913168,1.146313231643235,7.834651946768153,0.14631323164323493,0.013298945507825958,0.18866099071207432,0.7911274612871664,0.17313221276788504,0.0,82.0,26.0,0.0,1.2536459920618457,0.1082484245619932,-0.3653278509925234,-0.3659429413783769,6.9674803336646844,0.0,1690250.2049553948
1.25,0.08,B,2024-02,2100470.4849545714,0.12508744730417576,125.0,-0.33164660047849337,0.5558514145412395,1.1410836355907978,8.08799427029323,0.14108363559079787,0.011395633189046885,0.15982972136222912,0.7911274612871664,0.17113254314662718,0.0,82.0,26.0,0.0,1.2563821662977337,0.11035661885929367,-0.3653278509925234,-0.3659429413783769,7.265428525073032,0.0,1659238.797356951
1.25,0.08,B,2018-02,2154886.401401445,0.12779749338569502,112.0,-0.2878958446767641,0.5452364240811758,1.145787256859888,7.859344546423167,0.14578725685988786,0.015804550767691914,0.18459752321981424,0.7761675358824525,0.1653732064174761,0.0,71.0,24.0,2.0,1.2633740902093709,0.11392970598169982,-0.32496592151521825,-0.35217126534127463,6.784898882995583,0.0,1699588.7628525917
1.25,0.08,B,2022-05,1923960.6687051828,0.11583644839956009,122.0,-0.33164660047849337,0.5441325732784377,1.1410836355907978,8.08799427029323,0.14108363559079787,0.012418984572118392,0.16911764705882354,0.7911274612871664,0.17151729121714682,0.0,79.0,26.0,0.0,1.156997790835716,0.10044123793683843,-0.3653278509925234,-0.3659429413783769,7.251811563377396,0.0,1577630.5861219035
1.25,0.08,B,2022-10,1885896.2775231162,0.11374103591241058,121.0,-0.3316421783476163,0.526882033611592,1.1407103121830913,8.106815764109147,0.14071031218309127,0.011856200788113778,0.15286377708978327,0.7911274612871664,0.16430435372230293,0.0,78.0,26.0,0.0,1.141770948347656,0.10175994974916039,-0.3653278509925234,-0.3659429413783769,7.273756182168611,0.0,1581254.8459544482
1.25,0.08,F,,5241905.660181474,0.1107854305040451,183.5,-0.3449005986155335,0.41365909217753083,1.1448822607380693,7.90215853941455,0.14488226073806926,0.009545395022303203,0.1324556153999601,0.9143565708758226,0.1490287063860119,0.0,133.0,34.0,0.0,2.17411262730335,0.1024115062299833,-0.3659366143766462,-0.3705910912697524,7.120694832962788,0.0,4206868.022848291
1.25,0.08,F,2024-02,5317494.9945773035,0.11155659719113775,184.0,-0.3410302218175811,0.40978351221721765,1.1423545631099579,8.024713370795563,0.14235456310995803,0.008713870192246256,0.12417713943746259,0.9143565708758226,0.14739599020652278,0.0,133.0,34.0,0.0,2.1781951877063035,0.10278371569435249,-0.3659366143766462,-0.3705910912697524,7.120694832962788,0.0,4354049.619844432
1.25,0.08,F,2012-01,5196701.978336639,0.11031897457743445,183.0,-0.3340972367413148,0.3949127378502714,1.1489702302779012,7.7127508611673505,0.14897023027790113,0.008422421217972799,0.11430281268701377,0.9143565708758226,0.1424861922498785,0.0,132.0,35.0,3.0,2.1519374985117823,0.10376905871082678,-0.3637703028373641,-0.3705902426162989,6.917193656006507,0.0,4106106.6796547472
1.25,0.08,F,2018-02,5209561.620072419,0.1104520254131347,171.0,-0.2927478225003658,0.40503873956906156,1.1427964046553751,8.002977444811318,0.14279640465537502,0.010338184341644779,0.12736884101336526,0.9143565708758226,0.14316073555463357,0.0,122.0,32.0,2.0,2.1644110399666423,0.1033140029490374,-0.32011575600978087,-0.3488923976415198,7.134224691750247,0.0,4266302.567697792
1.25,0.08,F,2022-05,4758580.024787842,0.10558906670356727,181.0,-0.3410302218175811,0.40497171024638956,1.1419647583021924,8.044001811361007,0.14196475830219235,0.009040652261790705,0.12208258527827648,0.9143565708758226,0.1467770014403995,0.0,130.0,35.0,0.0,2.062648440677464,0.09790207736384282,-0.3659366143766462,-0.3705910912697524,7.198649158642119,0.0,3730967.5625284263
1.25,0.08,F,2022-10,4621315.010546766,0.10402156189853984,180.0,-0.3410302218175811,0.3957207116535894,1.1406967819975595,8.107513044816667,0.14069678199755958,0.008495176346604887,0.11410333133851985,0.9143565708758226,0.14294973813128053,0.0,129.0,34.0,0.0,2.0488973053862383,0.09740514447184696,-0.3659366143766462,-0.3705910912697524,7.2982412343798435,0.0,3735461.117169229
1.5,0.05,A,,1676109.9231486248,0.10743391858769669,58.0,-0.27583591496663906,0.3028928789077042,1.406066721671492,3.4626495211361945,0.4060667216714918,0.0257780858475068,0.1315359477124183,0.8868720740251499,0.13928140018396287,0.0,51.0,8.0,0.0,1.0237548954077504,0.09553001411039083,-0.35474114077674673,-0.37438870167847305,3.211352056402066,0.0,1391883.1212362705
1.5,0.05,A,2012-01,1653608.5008540812,0.10594819275875478,58.0,-0.2001965258169892,0.25494295871269756,1.3601720695562174,3.776450714882383,0.3601720695562173,0.012455208806001646,0.05800653594771242,0.8868720740251499,0.11811379897572483,0.0,50.0,8.0,3.0,0.9988554171081507,0.09940992747775919,-0.21439584712965662,-0.21440441254279208,3.7448342029474913,0.0,1548863.1958185136
1.5,0.05,B,,2518500.269679684,0.14446079449924754,124.5,-0.40154433945657647,0.6706919251628567,1.4493823827200372,3.2252766052083057,0.44938238272003717,0.06543248820340566,0.26160990712074306,0.7349941310925894,0.2092240670715887,0.0,82.0,26.0,0.0,1.437868503247325,0.1251129821437837,-0.43033521961073895,-0.43425001139105945,2.894044441661593,0.0,1930018.8266319511
1.5,0.05,B,2024-02,2511095.6053533563,0.1441410520339208,124.5,-0.39766823235582055,0.6660191377078459,1.4493823827200372,3.2252766052083057,0.44938238272003717,0.06325122506924719,0.2561919504643963,0.7349941310925894,0.2071502303698758,0.0,82.0,26.0,0.0,1.4386016302349613,0.12515533670771836,-0.43033521961073895,-0.43425001139105945,3.054647086528748,0.0,1877571.4333110896
1.5,0.05,B,2018-02,2608747.7930254806,0.14825713882922453,112.0,-0.3440987383953879,0.6492326060356353,1.451849001607165,3.2131375269817215,0.451849001607165,0.06410335218265639,0.24109907120743035,0.7194817702484742,0.19958035647604194,0.0,72.0,24.0,2.0,1.4520099809190192,0.1294416982244392,-0.3832724416452091,-0.4168828972886327,2.877932479761692,0.0,1975999.5130444933
1.5,0.05,B,2022-05,2252166.63789672,0.1324913570793812,122.0,-0.3938144644809822,0.6473297509822669,1.4389987029131714,3.277911382430755,0.43899870291317133,0.06144829549422762,0.24496904024767802,0.7349941310925894,0.20738464003503987,0.0,79.0,26.0,0.0,1.3221845863425457,0.11776373779721376,-0.43033521961073895,-0.43425001139105945,3.0326697965643503,0.0,1775867.0426789233
1.5,0.05,B,2022-10,2207743.260804428,0.13037119832582278,121.0,-0.3938080989261225,0.6267495908109983,1.4270477518779063,3.341658511010227,0.42704775187790633,0.05545460936561472,0.22561919504643962,0.7349941310925894,0.19837054328079887,0.0,78.0,26.0,0.0,1.304997022289689,0.1148862891846985,-0.43033521961073895,-0.43425001139105945,3.121930353374356,0.0,1764383.56409678
1.5,0.05,F,,7104370.941033253,0.12727667452763114,183.5,-0.413872908689249,0.4925567547277279,1.451439100082901,3.2151447033773493,0.4514391000829011,0.046820878690774136,0.19968082984240976,0.8868720740251499,0.17877488476662085,0.0,133.0,35.0,0.0,2.468131478491018,0.11628144633390032,-0.4305481929843632,-0.4410253010478443,2.918985983402548,0.0,5139771.656225137
1.5,0.05,F,2024-02,7149779.568266572,0.1276236669597649,184.0,-0.40384308728653046,0.48815614571245225,1.446961547418196,3.2373339804116186,0.44696154741819594,0.044461275137325715,0.19698783163774186,0.8868720740251499,0.17745034955924888,0.0,133.0,34.0,0.0,2.476159485794327,0.11664815671612812,-0.4305481929843632,-0.4410253010478443,3.0514931095646585,0.0,5487540.685733273
1.5,0.05,F,2012-01,7011214.56270771,0.1265556560221145,182.0,-0.3946558858242437,0.47008906797711725,1.4538033823983998,3.2035975638621443,0.4538033823983998,0.03984462772337344,0.1625772990225414,0.8868720740251499,0.17111011137265025,0.0,132.0,35.0,3.0,2.4474504261189707,0.11783798738432769,-0.43247007896847484,-0.4410240763615815,2.9561032939731393,0.0,4899203.544735676
1.5,0.05,F,2018-02,7073737.89689685,0.12704053440542074,171.0,-0.3563165255944343,0.48123122704472165,1.4593995019049704,3.1767546688063364,0.45939950190497025,0.045635408578543535,0.18950728106922005,0.8868720740251499,0.17321069988276439,0.0,122.0,32.0,2.0,2.4689460031468737,0.11875379770316156,-0.3859958215927862,-0.40507742868147467,2.9116658713108636,0.0,5337929.092157639
1.5,0.05,F,2022-05,6287988.637653196,0.12062611529023082,181.0,-0.40384308728653046,0.4828410892925274,1.4455439671529935,3.244447469595005,0.44554396715299344,0.04470543859271735,0.19489327747855578,0.8868720740251499,0.1772793481821155,0.0,130.0,35.0,0.0,2.3435702783191075,0.1104496096963086,-0.4305481929843632,-0.4410253010478443,3.021388938640129,0.0,4694550.388120673
1.5,0.05,F,2022-10,6155191.659520676,0.11946715676534614,180.0,-0.40384308728653046,0.4743642812052344,1.4273652420421017,3.339919104214958,0.4273652420421017,0.041390202065769155,0.18172750847795732,0.8868720740251499,0.17207430950067035,0.0,129.0,34.0,0.0,2.32712785898834,0.11028087479443616,-0.4305481929843632,-0.4410253010478443,3.1583411905843963,0.0,4655974.846485024
1.5,0.08,A,,1642375.727717189,0.1051996025859101,58.0,-0.2790444351877445,0.304434285904308,1.411042317674584,3.432839532788652,0.411042317674584,0.026122076307955086,0.13337418300653595,0.8868720740251499,0.1394407796843132,0.0,51.0,8.0,0.0,1.0163006201526517,0.09468672049192246,-0.358637424140886,-0.37931032926298547,3.1655225968607046,0.0,1381565.2728422852
1.5,0.08,A,2012-01,1649217.115156293,0.1056561003895814,58.0,-0.20224648200495066,0.2552359779203956,1.3628374315729572,3.7560552274468213,0.3628374315729572,0.012561853632028651,0.05800653594771242,0.8868720740251499,0.1182463272111908,0.0,50.0,8.0,3.0,0.9962219844098504,0.09911453076171313,-0.21644580325451357,-0.21645440872030253,3.7245941580138595,0.0,1544322.6991763592
1.5,0.08,B,,2469228.539760595,0.14233413038467058,124.0,-0.4042728249301423,0.6720077795753159,1.4565682025775117,3.1902610630168553,0.45656820257751163,0.06633863053331236,0.2633513931888545,0.7312032359050229,0.20956270984803144,0.0,82.0,26.0,0.0,1.419794506053491,0.12330253613861034,-0.434569268240106,-0.43823068022497846,2.87740171900959,0.0,1899626.7091569381
1.5,0.08,B,2024-02,2473818.4802575447,0.14253193792054508,124.5,-0.4007776930527894,0.6681010487244818,1.4544610143445857,3.200408958249802,0.45446101434458563,0.06373099916749872,0.25677244582043346,0.7312032359050229,0.20790289617147828,0.0,82.0,26.0,0.0,1.4225002744634392,0.12330462137137807,-0.434569268240106,-0.43823068022497846,3.0177537717601632,0.0,1850036.6558274806
1.5,0.08,B,2018-02,2572784.973510366,0.14675880738150704,112.0,-0.3480778635347223,0.6507812804952058,1.4535296991022875,3.204928494641389,0.45352969910228746,0.0649518141255031,0.23955108359133126,0.7166850370434767,0.20017215545873454,0.0,72.0,24.0,2.0,1.4386814826792018,0.12858739526146956,-0.38789246690431484,-0.4212779044021022,2.8578592788355435,0.0,1946447.4413963477
1.5,0.08,B,2022-05,2214174.957081744,0.13068049080620114,122.0,-0.39661409862683766,0.6496623522658065,1.4405808708715733,3.2697421547576395,0.44058087087157327,0.062418160856097984,0.24554953560371517,0.7312032359050229,0.20799067244769476,0.0,79.0,26.0,0.0,1.3055873775444724,0.11627434644559835,-0.434569268240106,-0.43823068022497846,2.9753106049740676,0.0,1748160.695249645
1.5,0.08,B,2022-10,2179032.817647205,0.1289802564806346,121.0,-0.3966074491606264,0.6289535512026405,1.4311645562148319,3.31930021440545,0.431164556214832,0.0560016606875986,0.225812693498452,0.7312032359050229,0.1987323499161397,0.0,78.0,26.0,0.0,1.2889825395226038,0.11350196471217659,-0.434569268240106,-0.43823068022497846,3.1261699364538558,0.0,1737811.3711394786
1.5,0.08,F,,6933887.178280238,0.125950193484355,183.0,-0.4181794521864023,0.49301508470509553,1.4528579792875673,3.2081998647118763,0.4528579792875673,0.04734737996209517,0.20147616197885498,0.8868720740251499,0.17907887055024047,0.0,132.5,34.0,0.0,2.444527405566825,0.11506801343218442,-0.4347627529548258,-0.4450085004527178,2.8911446419552504,0.0,4977735.315212957
1.5,0.08,F,2024-02,6956679.591672093,0.12612872307968648,183.0,-0.4073962618994758,0.4892885043516233,1.4489454875848462,3.2274428945030778,0.4489454875848462,0.04501823305583123,0.19878316377418712,0.8868720740251499,0.17801343037274894,0.0,133.0,34.0,0.0,2.452157232102268,0.1154227882422055,-0.4347627529548258,-0.4450085004527178,3.0644755217000235,0.0,5395002.5698308535
1.5,0.08,F,2012-01,6890819.291657042,0.12561018519690348,182.0,-0.39766546146285836,0.4708272485956183,1.453818186813428,3.203526664529341,0.4538181868134278,0.04040897613035111,0.1625772990225414,0.8868720740251499,0.17159192894824,0.0,132.0,35.0,3.0,2.4263820188028005,0.1168866541339412,-0.4365085941027686,-0.44500727416992714,2.903686337804609,0.0,4763910.767422887
1.5,0.08,F,2018-02,6897527.815736434,0.12566302768620152,170.0,-0.36039801853919884,0.48272016164682774,1.4659949512550106,3.1459541478491295,0.46599495125501067,0.04617510601863754,0.19110313185717134,0.8868720740251499,0.17347406755145986,0.0,121.5,32.0,2.0,2.444809216720767,0.11761415452174648,-0.3870552376348946,-0.4114877083623232,2.8531122948184096,0.0,5212507.291368295
1.5,0.08,F,2022-05,6167904.614529846,0.1195791778044818,180.0,-0.4073962618994758,0.48424032723679333,1.446578493508718,3.239249450145529,0.44657849350871803,0.04515761027898779,0.19549172152403752,0.8868720740251499,0.17779273033242793,0.0,130.0,35.0,0.0,2.3186483170015406,0.10952917620146137,-0.4347627529548258,-0.4450085004527178,2.950975590496682,0.0,4586443.717481
1.5,0.08,F,2022-10,6033141.124707421,0.11838091847438859,180.0,-0.4073962618994758,0.47430266289595296,1.4325891648098086,3.3116657759811328,0.4325891648098087,0.04191120609983911,0.18262517454617994,0.8868720740251499,0.17261361900735445,0.0,129.0,34.0,0.0,2.3056931810464647,0.1099371221239985,-0.4347627529548258,-0.4450085004527178,3.1269172579575293,0.0,4561901.444200641
1.75,0.05,A,,1872229.9115175335,0.11967371653534498,58.0,-0.3189621636738464,0.3509147633553581,1.6972826133655836,2.434154042154523,0.6972826133655836,0.05524359254740639,0.17197712418300654,0.8593948746576995,0.16214480338171117,0.0,51.0,8.0,0.0,1.1342749851060447,0.10594533830454451,-0.40921577918939117,-0.4316862876522074,2.228605026856765,0.0,1516651.3185365305
1.75,0.05,A,2012-01,1846409.5629194288,0.1181302700560023,58.0,-0.2352328579787506,0.29369525871215846,1.6277414568181365,2.593012519945394,0.6277414568181366,0.024921582103827354,0.08129084967320262,0.8593948746576995,0.13749212084912957,0.0,50.0,8.0,3.0,1.1076104854019662,0.11073238339102749,-0.2516322360497403,-0.2516437764136431,2.5713469374131,0.0,1714801.6975732043
1.75,0.05,B,,2980984.414955063,0.1627543240556497,124.0,-0.46063002381910145,0.7819600943901646,1.801124996538188,2.2482469786823587,0.8011249965381877,0.12971900644241052,0.3128869969040248,0.6767303347655216,0.24737712489554614,0.0,82.0,26.0,0.0,1.599972288470903,0.13684607659859122,-0.49667431690073216,-0.49729118597420396,2.0996828003877535,0.0,2119086.3546889513
1.75,0.05,B,2024-02,2983540.132310982,0.16284634523130126,124.0,-0.4568904079641988,0.7729222750764115,1.7979690828112607,2.253181919927874,0.7979690828112604,0.12568106965558495,0.30050309597523217,0.6767303347655216,0.2450384768727411,0.0,82.0,26.0,0.0,1.6027549609823848,0.13857728040377468,-0.49667431690073216,-0.49729118597420396,2.1595658410009495,0.0,2119091.202779333
1.75,0.05,B,2018-02,3066178.855370095,0.1658406176612387,111.0,-0.40432789018610227,0.7534005839020472,1.8159384606457976,2.2255873728840534,0.8159384606457977,0.12268127352989833,0.29760061919504643,0.6616828153051129,0.23592922649274434,0.0,71.0,24.0,2.0,1.6110103198463979,0.14436983844091422,-0.4428542356302484,-0.4945985392299731,2.056159563504983,0.0,2360984.684639684
1.75,0.05,B,2022-05,2623420.3906587027,0.14886224485995248,121.5,-0.45479396906558395,0.75299315334597,1.776161212043623,2.288393107531496,0.776161212043623,0.11904744808418083,0.2805727554179567,0.6767303347655216,0.24434188843146507,0.0,79.0,26.0,0.0,1.4690344638449733,0.1300588575076458,-0.49667431690073216,-0.49729118597420396,2.127332483890769,0.0,1972406.8513499163
1.75,0.05,B,2022-10,2584732.536392795,0.14725867667618164,120.0,-0.4547853161656247,0.7273688753587453,1.7547808533981875,2.3248879814845473,0.7547808533981875,0.1090475268494763,0.2610294117647059,0.6767303347655216,0.23313493648646688,0.0,78.0,26.0,0.0,1.4564100465320293,0.1280424221166857,-0.49667431690073216,-0.49729118597420396,2.20566096699674,0.0,1958391.7650784405
1.75,0.05,F,,9442335.28061553,0.14292998659246903,183.0,-0.4767350331239612,0.5712848336188229,1.7974541311351662,2.2539962564866904,0.7974541311351662,0.09202387255047575,0.2400758029124277,0.8593948746576995,0.2092472619914391,0.0,132.0,35.0,0.0,2.7442644356826174,0.1304614912533465,-0.49668459566657114,-0.5057026061509908,2.1105980475059747,0.0,6688330.178085038
1.75,0.05,F,2024-02,9507489.306591779,0.14331106545447514,183.0,-0.4767350331239612,0.5660550485768459,1.7867821315857464,2.2710077801423396,0.7867821315857464,0.09177536650489275,0.23818073010173546,0.8593948746576995,0.20826293929384593,0.0,133.0,34.0,0.0,2.7538874797726622,0.1303433371341011,-0.49668459566657114,-0.5057026061509908,2.1105980475059747,0.0,6885932.309971357
1.75,0.05,F,2012-01,9002020.015232675,0.14028726512600753,182.0,-0.45164035457781126,0.543306159696279,1.7955352306623735,2.257015361819752,0.7955352306623735,0.0779904367155862,0.196688609615001,0.8593948746576995,0.2007902020594483,0.0,132.0,35.0,3.0,2.715047815842037,0.13108308951153874,-0.49635829440084855,-0.5057009381781963,2.0805714846692034,0.0,6023033.326527164
1.75,0.05,F,2018-02,9385014.41150507,0.14259272228071718,170.0,-0.407733338085227,0.5575199348618505,1.8037511982428147,2.2441661085166147,0.8037511982428147,0.08938294856103224,0.2319968082984241,0.8593948746576995,0.20297600610533045,0.0,121.0,32.0,2.0,2.746358308689029,0.13065009773640376,-0.43979144708706663,-0.48371717512038237,2.0880430069948206,0.0,6660814.379396733
1.75,0.05,F,2022-05,8070512.083060436,0.13426562286447863,180.0,-0.4663282791615152,0.5610565951435581,1.7861086817155432,2.2720887613829257,0.7861086817155432,0.089240258206648,0.2270097745860762,0.8593948746576995,0.20782459196489617,0.0,130.0,35.0,0.0,2.5961885322982767,0.12548467802082242,-0.49668459566657114,-0.5057026061509908,2.1205582286916154,0.0,5717318.711582402
1.75,0.05,F,2022-10,8090679.025103128,0.13440259020821832,180.0,-0.4663282791615152,0.5484818173566393,1.7602643940352838,2.3153318872982176,0.7602643940352838,0.08288433454577061,0.21663674446439257,0.8593948746576995,0.2016042007406748,0.0,129.0,34.0,0.0,2.5922958948035677,0.1243030063733642,-0.49668459566657114,-0.5057026061509908,2.2060945400549286,0.0,5773171.476096921
1.75,0.08,A,,1846478.6793977898,0.11813441215052489,58.0,-0.3255661374697673,0.35316414289448744,1.7115927688159693,2.405298960970999,0.7115927688159692,0.056763958746250946,0.17238562091503268,0.8593948746576995,0.16285347794880983,0.0,51.0,8.0,0.0,1.121029606034799,0.10522215524357015,-0.41675914772293754,-0.4406251243535554,2.191993297198301,0.0,1493104.3409340095
1.75,0.08,A,2012-01,1836980.788282705,0.11756178765114755,58.0,-0.23905408053741356,0.29438377869991805,1.6339941604885215,2.5773015941180075,0.6339941604885215,0.025195396066880028,0.08129084967320262,0.8593948746576995,0.13777672395794957,0.0,50.0,8.0,3.0,1.1022001532886363,0.11000980321472138,-0.2554532582197422,-0.25546485259038665,2.5557471322381518,0.0,1702759.182795478
1.75,0.08,B,,2858972.3844403587,0.15819268993818036,123.0,-0.4702430102779166,0.7854673597804107,1.8208215376632215,2.218292506274386,0.8208215376632216,0.13154049591695122,0.31327399380804954,0.6691414700407756,0.2488795324512369,0.0,81.0,26.0,0.0,1.561258927646222,0.13135433659895301,-0.4962177549384309,-0.50438364478681,2.057214624949956,0.0,2054367.9819716474
1.75,0.08,B,2024-02,2838995.594112559,0.15742805360673484,123.0,-0.46383399782326656,0.7770125703975719,1.8117622609331026,2.231897748328419,0.8117622609331027,0.12637932547815475,0.3039860681114551,0.6691414700407756,0.24638995781776865,0.0,81.0,26.0,0.0,1.5667495480777391,0.13286223468939043,-0.4962177549384309,-0.50438364478681,2.1315368992768207,0.0,2054372.6850333544
1.75,0.08,B,2018-02,3000989.7988165254,0.163485741707324,111.0,-0.41176825961221875,0.75611175853528,1.8220201180556432,2.2165153202782575,0.822020118055643,0.12446282786346463,0.29876160990712075,0.6569299749125477,0.23658255170315712,0.0,71.0,24.0,2.0,1.5796891796250445,0.140341803372636,-0.4515449445406909,-0.5059772125365194,2.0300241277014526,0.0,2291643.8055374785
1.75,0.08,B,2022-05,2536802.1700376924,0.1452404707060797,121.0,-0.46037216056001845,0.7566792908725242,1.792135507955487,2.2624150753371,0.792135507955487,0.11979624981943904,0.28134674922600617,0.6691414700407756,0.24535235153793933,0.0,78.0,26.0,0.0,1.435056233012213,0.12692687246689832,-0.4962177549384309,-0.50438364478681,2.0862878131550975,0.0,1884165.7380072009
1.75,0.08,B,2022-10,2498544.7216588096,0.14360455919139414,120.0,-0.4603631176829586,0.7304541133819172,1.750005178149192,2.3333278199492433,0.7500051781491921,0.10959582523235309,0.26722136222910214,0.6691414700407756,0.23376905805775133,0.0,77.0,26.0,0.0,1.4230555662663562,0.12425894084729991,-0.4962177549384309,-0.50438364478681,2.1718274570687766,0.0,1902771.8769027474
1.75,0.08,F,,8856450.85715456,0.13938601750659851,182.0,-0.4853091652976556,0.5749143086541213,1.8085080080390061,2.236850227098646,0.8085080080390061,0.09325558319623295,0.24396568920805906,0.8593948746576995,0.2102789710485355,0.0,132.0,35.0,0.0,2.693108530820351,0.1275512154336767,-0.496947240117991,-0.5128313287011923,2.072404300648875,0.0,6409877.862972793
1.75,0.08,F,2024-02,9029273.136450544,0.14045449294873402,183.0,-0.47721234338489715,0.5680241592306644,1.8019434900101858,2.2469706671270977,0.8019434900101858,0.09276186161262395,0.24107320965489726,0.8593948746576995,0.20942911767538935,0.0,133.0,34.0,0.0,2.702781371813683,0.12743931465093528,-0.496947240117991,-0.5128313287011923,2.1406245600757825,0.0,6516595.4108510045
1.75,0.08,F,2012-01,8759253.55859596,0.1387770738894365,182.0,-0.4595237214446888,0.5451036083444445,1.8044375406109043,2.2431046605819143,0.8044375406109043,0.0784844483101283,0.19758627568322362,0.8593948746576995,0.2014978362689117,0.0,131.5,35.0,3.0,2.6761526823665416,0.12871300322686802,-0.5035190454577441,-0.5128296568947477,2.0884928816982073,0.0,5807328.13684694
1.75,0.08,F,2018-02,8993735.036892666,0.14023611204465802,170.0,-0.41475483966573734,0.5604738159775114,1.815530835600719,2.226195535848787,0.8155308356007189,0.09120890770297908,0.23209654897267107,0.8593948746576995,0.20378708935609752,0.0,121.0,32.0,2.0,2.707883797606511,0.13071569985778042,-0.44894627071189075,-0.4684819494654485,2.049833424249787,0.0,6322875.397516724
1.75,0.08,F,2022-05,7741409.04099394,0.13197887418701004,180.0,-0.47347150326464504,0.5638666380380408,1.7905396582861963,2.2649601416186727,0.7905396582861962,0.09070181800493737,0.22880510672252147,0.8593948746576995,0.20906744446586567,0.0,129.0,35.0,0.0,2.549179572969819,0.12038991578803368,-0.496947240117991,-0.5128313287011923,2.0639466406850233,0.0,5438486.794698708
1.75,0.08,F,2022-10,7740861.390974069,0.13197496298613465,180.0,-0.47347150326464504,0.5504829938912699,1.7586534929935036,2.318125387996038,0.7586534929935034,0.08436087240562115,0.21923000199481346,0.8593948746576995,0.20271173661111988,0.0,128.0,34.0,0.0,2.5477643106344474,0.12108742008847759,-0.496947240117991,-0.5128313287011923,2.172516090595288,0.0,5481168.722328667
2.0,0.05,A,,2084663.7408003504,0.13169152503931436,59.0,-0.3639943217279436,0.3983857849430319,2.016509711187256,1.9837591306032714,1.0165097111872559,0.08912038370377781,0.2079248366013072,0.8319145180737177,0.18532949049130332,0.0,51.0,8.0,0.0,1.2425996596796272,0.11722349584322962,-0.46093033385106663,-0.4863961166244547,1.8125382934371561,0.0,1645584.6866536383
2.0,0.05,A,2012-01,2048613.881769679,0.12973228556909233,58.0,-0.2696894230061056,0.3322848754357341,1.9096429243916446,2.0993324668235935,0.9096429243916446,0.042412256476617206,0.13970588235294118,0.8319145180737177,0.15690163974771665,0.0,50.0,8.0,3.0,1.2104031211218031,0.12159331280369408,-0.2882445663018113,-0.28825948782758903,2.08180849845271,0.0,1888271.0868306495
2.0,0.05,B,,3429548.6388353677,0.1781873197978714,122.5,-0.513549626356701,0.8932751393383823,2.2220007746274235,1.8183308095127266,1.2220007746274235,0.1978850039143872,0.38409442724458204,0.6178590030043718,0.28463092832171494,0.0,80.0,26.5,0.0,1.7457001304201012,0.1471117539326854,-0.5518760107888079,-0.5566031583009025,1.700189271108451,0.0,2348603.211779672
2.0,0.05,B,2024-02,3484905.8988417056,0.17996220043154798,123.0,-0.513549626356701,0.8839684277245011,2.2039740914560406,1.8305836653244616,1.2039740914560406,0.19554418669279316,0.3804179566563467,0.6178590030043718,0.28400167275484633,0.0,81.0,26.0,0.0,1.752074883326094,0.14757969561741136,-0.5518760107888079,-0.5566031583009025,1.7290359915075881,0.0,2348610.1971633546
2.0,0.05,B,2018-02,3571937.099744389,0.18270435198317492,110.0,-0.4586191543244847,0.8604946197093872,2.233092837856666,1.8109690614992706,1.2330928378566661,0.18884305264586632,0.34829721362229105,0.6035835971511961,0.2718200422317816,0.0,70.0,24.0,2.0,1.7711467586627854,0.15954750352392105,-0.5026917489338628,-0.5552828609625113,1.6814737893144596,0.0,2623021.9555705525
2.0,0.05,B,2022-05,3010066.2070866106,0.16381690711668073,120.0,-0.5150378767195638,0.8590899655020461,2.1649392225737465,1.8584165657611593,1.1649392225737465,0.18344327450505088,0.3506191950464396,0.6178590030043718,0.2823607604125882,0.0,78.0,26.0,0.0,1.6006438057979282,0.142967601277112,-0.5518760107888079,-0.5566031583009025,1.7261873435467794,0.0,2134063.0157894716
2.0,0.05,B,2022-10,2983636.9654050954,0.1628506482163875,119.0,-0.513549626356701,0.8312763478132108,2.1077773276723715,1.902720081149949,1.1077773276723715,0.16748517687128886,0.3281733746130031,0.6178590030043718,0.2692741354955292,0.0,77.0,26.0,0.0,1.5908969722825568,0.13833819888826643,-0.5518760107888079,-0.5566031583009025,1.7996523400781796,0.0,2118458.4611785533
2.0,0.05,F,,12279374.356848782,0.1575775856728947,182.0,-0.5355065521904779,0.6516215808204349,2.1862496541888174,1.8429939970311437,1.1862496541888174,0.1459476435689936,0.29792539397566326,0.8319145180737177,0.24269189203981628,0.0,131.5,35.0,0.0,3.0057547321099607,0.1431322675659813,-0.5523442040366786,-0.5667021588965906,1.722656887625035,0.0,8624516.278504461
2.0,0.05,F,2024-02,12268511.788446497,0.15752855736429705,182.0,-0.5355065521904779,0.6470373580140848,2.18147325876385,1.8464009115808429,1.1814732587638503,0.14446072165848842,0.29353680430879714,0.8319145180737177,0.2407852151826031,0.0,132.0,34.0,0.0,3.0123805365250513,0.14406492871946458,-0.5523442040366786,-0.5667021588965906,1.7387034612671814,0.0,8343052.073077003
2.0,0.05,F,2012-01,11789144.498297416,0.15529435383779533,181.0,-0.5138023308761095,0.617470540866434,2.1802419812591696,1.8472870275291093,1.1802419812591696,0.12162578932508905,0.25743068023139837,0.8319145180737177,0.23115712593960971,0.0,131.0,35.0,3.0,2.9839524125997046,0.1438765602220535,-0.5565849181085385,-0.5666999810575012,1.7212164091226234,0.0,8172529.588380967
2.0,0.05,F,2018-02,12190954.45098079,0.1571727689303941,169.0,-0.46693335199593594,0.6329707440865732,2.1987886404642882,1.8341754888607826,1.1987886404642882,0.13876897746086098,0.2715938559744664,0.8319145180737177,0.23325523411352148,0.0,120.0,32.0,2.0,3.0139999761108904,0.14500620973215878,-0.5031603529305285,-0.5255309038886625,1.7172766630832619,0.0,8412918.876408877
2.0,0.05,F,2022-05,10122124.42498356,0.14678752689181052,179.0,-0.5268108891562809,0.6404489753829682,2.1816057773808133,1.8463059619975475,1.1816057773808133,0.14015621156436095,0.27638140833832037,0.8319145180737177,0.23973720193464249,0.0,128.0,35.0,0.0,2.828682837127702,0.13443041388200733,-0.5523442040366786,-0.5667021588965906,1.711970636995413,0.0,6985661.321978814
2.0,0.05,F,2022-10,10374481.681244027,0.14815779613977864,179.0,-0.5268108891562809,0.6235166693041377,2.120169395174905,1.8927223183810669,1.120169395174905,0.13122571364311614,0.2676042290045881,0.8319145180737177,0.23213263509043247,0.0,128.0,34.0,0.0,2.8347049336074552,0.13535990199335537,-0.5523442040366786,-0.5667021588965906,1.8001850586269,0.0,6808047.972731005
2.0,0.08,A,,2034560.6428850074,0.12896007755740635,58.0,-0.37229344554206556,0.4008339695911327,2.0361944189421175,1.9650945466973857,1.036194418942117,0.0918842325140273,0.21058006535947713,0.8319049964355085,0.1867486087433551,0.0,51.0,8.0,0.0,1.2182400202360728,0.11388751479816475,-0.4709720401714063,-0.4955964411464583,1.8253108209078324,0.0,1588115.7833557713
2.0,0.08,A,2012-01,2031053.2899219987,0.12876660487928748,58.0,-0.2752481182147717,0.33358865269355953,1.9208283832889137,2.085978688480915,0.9208283832889137,0.043270117811814945,0.14052287581699346,0.8319049964355085,0.1574041972649714,0.0,50.0,8.0,3.0,1.2014554440161316,0.12038965601058067,-0.29380279550785643,-0.293817786917966,2.0685420875566525,0.0,1866272.7193808437
2.0,0.08,B,,3230398.3088710583,0.1715762153318222,123.0,-0.5234306823975743,0.8982548747311918,2.2271175888100667,1.8149184270228678,1.2271175888100667,0.20124581842560113,0.38680340557275544,0.612859839686576,0.28635537224637275,0.0,81.0,26.5,0.0,1.6940934410619632,0.14312538070515712,-0.5624313761017139,-0.5669133640407078,1.6653334720352253,0.0,2200761.2803634447
2.0,0.08,B,2024-02,3310917.0377257853,0.17428896153551754,123.0,-0.517599083513963,0.8872902945901162,2.227948157891858,1.8143666539601626,1.2279481578918578,0.19786409883873024,0.38660990712074306,0.612859839686576,0.2851889042084499,0.0,81.0,26.0,0.0,1.698556743347592,0.14182316498324954,-0.5624313761017139,-0.5669133640407078,1.717754808172864,0.0,2200767.832765243
2.0,0.08,B,2018-02,3407246.6821493227,0.17746442072086865,110.0,-0.47007085339071747,0.8641950643208203,2.25304521676979,1.7980558091543166,1.2530452167697896,0.1943161465897983,0.35042569659442724,0.5968338643483048,0.2752729835238473,0.0,70.0,24.0,2.0,1.7256506554297044,0.15352068994863938,-0.5105355231347238,-0.5725620252576256,1.677607645701125,0.0,2510626.2711222307
2.0,0.08,B,2022-05,2809100.250214874,0.15627706014247966,120.0,-0.5248898013723473,0.86603694034909,2.1813258495227954,1.8465114888171272,1.1813258495227954,0.18433741964016184,0.3535216718266254,0.612859839686576,0.2834304122856002,0.0,77.5,26.0,0.0,1.544982167138822,0.13171246876182924,-0.5624313761017139,-0.5669133640407078,1.6821261802602612,0.0,2026799.4726064547
2.0,0.08,B,2022-10,2785118.36630503,0.15534493721665277,119.0,-0.5167885628948741,0.8347955168019111,2.1109084324578133,1.9001641996621177,1.1109084324578133,0.1700594213696805,0.3320433436532508,0.612859839686576,0.2708217793174234,0.0,76.0,26.0,0.0,1.5401821768657697,0.1329602366045571,-0.5624313761017139,-0.5669133640407078,1.7831449082437065,0.0,2018374.8372246518
2.0,0.08,F,,11372712.1634041,0.15328166066859872,182.0,-0.5424141405251759,0.6529419194679413,2.208251633005649,1.8276487714131595,1.208251633005649,0.14827092990761032,0.3021145022940355,0.8319049964355085,0.2434100312305814,0.0,131.0,35.0,0.0,2.9265696053312626,0.1382396320773939,-0.5628740300073174,-0.576897869260051,1.6945182868586297,0.0,7814725.117922793
2.0,0.08,F,2024-02,11298942.254108783,0.15291790713958497,182.0,-0.5424141405251759,0.6484745421094209,2.2084778206009883,1.8274874177161708,1.2084778206009885,0.14552122479417606,0.2958308398164772,0.8319049964355085,0.2422556022607692,0.0,132.0,34.0,0.0,2.9332540524008857,0.13919758900351414,-0.5628740300073174,-0.576897869260051,1.697880120636002,0.0,7653727.398284192
2.0,0.08,F,2012-01,11049101.321569242,0.15166946671049097,181.0,-0.5220339028713235,0.6202766238939212,2.1999813690813106,1.8333462964620892,1.1999813690813108,0.12412700178614418,0.258328346299621,0.8319049964355085,0.23183917088649156,0.0,131.0,35.0,3.0,2.9155879236946305,0.1390966112329311,-0.5668949950390946,-0.5768956843262614,1.6769406252891423,0.0,7683058.793333223
2.0,0.08,F,2018-02,11498688.97535483,0.15389819083840217,168.5,-0.4729414816048794,0.6368679435069613,2.2262437954531444,1.815498519728862,1.2262437954531449,0.14211882911162932,0.2776780371035308,0.8319049964355085,0.23453865275121888,0.0,120.0,32.0,2.0,2.9497660066390368,0.14108785202146978,-0.5124534772337179,-0.5410165917119787,1.6564706192905736,0.0,7630366.229680328
2.0,0.08,F,2022-05,9399732.139113573,0.14267950041513744,179.0,-0.5340912632073695,0.644254823522298,2.2007345439824944,1.8328236359739298,1.200734543982494,0.14190117271456582,0.2793736285657291,0.8319049964355085,0.24236044245249921,0.0,127.5,35.0,0.0,2.7562387028754363,0.1316930721226462,-0.5628740300073174,-0.576897869260051,1.676742106815171,0.0,6422391.504711537
2.0,0.08,F,2022-10,9645832.517116431,0.14411195362791152,178.0,-0.5322280842704583,0.6271281110083058,2.1209762807063033,1.8920805348100016,1.1209762807063033,0.13306936027774197,0.2692000797925394,0.8319049964355085,0.23317523871931467,0.0,127.5,34.0,0.0,2.7642517001615365,0.13091941195522272,-0.5628740300073174,-0.576897869260051,1.7903432727664963,0.0,6276275.837373998
2.25,0.05,A,,2304016.3667143686,0.14299426252245784,59.0,-0.40298520485580486,0.4440000975347166,2.363737119499394,1.733281463159864,1.3637371194993937,0.1259482651215637,0.21200980392156862,0.8040260398393474,0.20813608750395868,0.0,51.0,8.0,0.0,1.3400056243851939,0.1268418138318752,-0.5100088029399055,-0.5374753144217337,1.5826847180543815,0.0,1756922.9119201137
2.25,0.05,A,2012-01,2259825.0630094623,0.14079764729426902,58.0,-0.30358212057459116,0.37100189877526835,2.2071354928747122,1.828407420627424,1.2071354928747122,0.06536707971045036,0.15073529411764705,0.8040260398393474,0.17633107023805306,0.0,50.0,8.0,3.0,1.3077441346142158,0.13200722248239743,-0.32424987763314866,-0.3242685741027659,1.8131544087417941,0.0,2069491.4658684225
2.25,0.05,B,,3954473.1967118233,0.19407722984359077,122.0,-0.568380797637939,1.0026275555692068,2.737047949892005,1.5756929510701743,1.7370479498920048,0.2796025336193257,0.47639318885448917,0.5655445247141148,0.32525124839715436,0.0,80.0,26.0,0.0,1.8894813527501566,0.16147653031245074,-0.6125621611744685,-0.6137486550092286,1.4800357406387037,0.0,2497610.18097976
2.25,0.05,B,2024-02,3973313.0870419974,0.19461018573313227,122.0,-0.568380797637939,0.99564993860805,2.7040650207072225,1.5868337569266702,1.7040650207072225,0.2752422345878002,0.4723297213622291,0.5655445247141148,0.325546078607887,0.0,80.0,26.0,0.0,1.8913139705408124,0.16147667439335744,-0.6125621611744685,-0.6137486550092286,1.5144177489501323,0.0,2497619.5395491472
2.25,0.05,B,2018-02,4175664.5500852563,0.20020601735423194,110.0,-0.5156065956463356,0.9585854916796057,2.7363768639557815,1.5759122559972232,1.7363768639557815,0.26269853811374244,0.40789473684210525,0.5452208610435557,0.3098837384486408,0.0,70.0,24.0,2.0,1.9366564656711822,0.17671740212369003,-0.5575135419476037,-0.5855934424447112,1.491915495166758,0.0,2891233.9619751805
2.25,0.05,B,2022-05,3422754.981835298,0.17796770842222875,119.0,-0.571056263258782,0.9697601083425016,2.610387538714712,1.6209685912261893,1.6103875387147122,0.2611720241198643,0.4405959752321982,0.5655445247141148,0.3209109665886711,0.0,77.0,26.0,0.0,1.7228065058469493,0.1486656086575907,-0.6125621611744685,-0.6137486550092286,1.5205131198218909,0.0,2194619.106733458
2.25,0.05,B,2022-10,3388456.0954017686,0.1768522831476761,118.0,-0.5661323708274355,0.9321182944706455,2.502176648133859,1.6657024942965521,1.502176648133859,0.2387947215959152,0.39821981424148606,0.5655445247141148,0.3068859681763072,0.0,75.0,26.0,0.0,1.7130382647721945,0.14730378791728857,-0.6125621611744685,-0.6137486550092286,1.5736211368765787,0.0,2273373.3145388006
2.25,0.05,F,,15655696.180719431,0.17128921090552107,181.0,-0.5894254325545425,0.7313707580286929,2.6520037633029423,1.6053254975692561,1.6520037633029423,0.2071262519539451,0.3423099940155595,0.8040260398393474,0.2750170752823374,0.0,131.0,34.5,0.0,3.236214804954372,0.15364573367809428,-0.6126778100528161,-0.6211335274703254,1.5117703936976312,0.0,10258651.072148867
2.25,0.05,F,2024-02,15487056.015377946,0.1706744503463702,181.0,-0.5894254325545425,0.72747945984064,2.657596980721026,1.6032833404873092,1.6575969807210262,0.20411739110171434,0.3408138839018552,0.8040260398393474,0.27394835617510843,0.0,132.0,34.0,0.0,3.2398992225691985,0.15411749124464247,-0.6126778100528161,-0.6211335274703254,1.5146146314423592,0.0,10482794.930399466
2.25,0.05,F,2012-01,15174253.064644095,0.1695169472716166,181.0,-0.5744025724586944,0.695564318829587,2.6934260343297867,1.5905208626328333,1.693426034329787,0.17727161753362047,0.3116896070217434,0.8040260398393474,0.26315083298527864,0.0,130.0,35.0,3.0,3.2093244663199934,0.154485942417615,-0.6125441635977374,-0.6211307766946255,1.4981239001677877,0.0,9841883.97374578
2.25,0.05,F,2018-02,15610306.444674887,0.17112385393217688,168.5,-0.5183663923599336,0.7136182593867646,2.72772097991208,1.5787972912350958,1.7277209799120798,0.19818863355460825,0.31627767803710355,0.8040260398393474,0.2663534112957939,0.0,120.0,32.0,2.0,3.266650852987623,0.15714523357083843,-0.5637054871979826,-0.5974411736676868,1.4929467018031046,0.0,10910519.548087712
2.25,0.05,F,2022-05,12405562.316222548,0.1581519681316501,178.0,-0.5843222856872223,0.7204093102777891,2.6517795215545643,1.605407682749238,1.6517795215545639,0.19707702842685326,0.3353281468182725,0.8040260398393474,0.27351545503995794,0.0,127.0,35.0,0.0,3.0380324523566515,0.1442604594082653,-0.6126778100528161,-0.6211335274703254,1.4921352334843656,0.0,8497580.031901749
2.25,0.05,F,2022-10,12825788.745640403,0.160018718270443,178.0,-0.5808072320328888,0.7008893140599171,2.5524797101862737,1.644130978080025,1.5524797101862735,0.18474255423755165,0.3147815679233992,0.8040260398393474,0.26298170220330375,0.0,127.0,34.0,0.0,3.0497109442480945,0.14483544010432686,-0.6126778100528161,-0.6211335274703254,1.5779097772610953,0.0,8034083.524046752
2.25,0.08,A,,2229838.6807105197,0.13928488395059313,58.0,-0.413805265564384,0.4489635329788451,2.3878512967883516,1.7205386777148917,1.3878512967883518,0.1292102757315785,0.21691176470588236,0.8036276680779288,0.21104838038705503,0.0,51.0,8.0,0.0,1.3087787060371376,0.1222976316115804,-0.5233583595775485,-0.5509416970302697,1.5819636245271764,0.0,1700249.535084053
2.25,0.08,A,2012-01,2230866.1080035577,0.1393370423906075,58.0,-0.31084482142962466,0.3730652661933239,2.224836922026852,1.8164352184496178,1.224836922026852,0.06679595230111102,0.15073529411764705,0.8036276680779288,0.177121622190636,0.0,50.0,8.0,3.0,1.2945562242112842,0.1302337679665086,-0.33151179224064237,-0.3315305763410932,1.8012543143632112,0.0,2034561.0684384904
2.25,0.08,B,,3627583.5866364557,0.18442544233589464,121.0,-0.588652044528275,1.0039570421027488,2.7666862216095462,1.566033712341786,1.7666862216095462,0.28272633477258924,0.4756191950464396,0.5504124352384925,0.3284181890273352,0.0,78.5,26.0,0.0,1.8123285246960084,0.15168427534561352,-0.6190763109649493,-0.6241985287854572,1.4645606638873643,0.0,2312502.5216116295
2.25,0.08,B,2024-02,3685891.20809869,0.18620316623277233,121.0,-0.588652044528275,1.0053086235108897,2.7422737788665703,1.5739664097752786,1.74227377886657,0.28272633685023874,0.46845975232198145,0.5504124352384925,0.3284807106987858,0.0,79.0,26.0,0.0,1.8144119939951096,0.1516845492609337,-0.6190763109649493,-0.6241985287854572,1.497283448461881,0.0,2312511.197961226
2.25,0.08,B,2018-02,3874749.2552573113,0.19179187037581302,109.0,-0.523885016460897,0.9751831952400822,2.823119657526175,1.5485103492093018,1.8231196575261752,0.2736085556906905,0.4195046439628483,0.5364647921304821,0.3158012041634541,0.0,69.0,24.0,2.0,1.860168715061602,0.1678731671086224,-0.5777358188958498,-0.6082939161561056,1.4598874491536222,0.0,2774022.206210729
2.25,0.08,B,2022-05,3168543.5817840155,0.16944732848334754,118.0,-0.5864252046420577,0.9738161798313967,2.6443851206378826,1.6081316164681765,1.6443851206378823,0.26414168096026525,0.4353715170278638,0.5504124352384925,0.3225835827471599,0.0,76.0,26.0,0.0,1.651120200756567,0.13833540448599152,-0.6190763109649493,-0.6241985287854572,1.4644174438421098,0.0,2116160.7778306296
2.25,0.08,B,2022-10,3096136.456987884,0.166905714862583,117.0,-0.5755361045488245,0.9363050860684912,2.558846320259626,1.6415001328607834,1.5588463202596259,0.24174514488651005,0.391640866873065,0.5504124352384925,0.3081359385095287,0.0,74.0,26.0,0.0,1.6456416993668483,0.13938465155571078,-0.6190763109649493,-0.6241985287854572,1.547414999233362,0.0,2111299.384343403
2.25,0.08,F,,14119862.039364005,0.16544141286670078,179.5,-0.6051570441638814,0.7367923308571154,2.69709924408905,1.5892432097082823,1.6970992440890498,0.21100461250623248,0.34460402952323954,0.8036276680779288,0.2771064564335609,0.0,129.0,35.0,0.0,3.1349130280907676,0.14696674893934197,-0.6194667484421493,-0.634780553764694,1.474572888437291,0.0,9221394.577438114
2.25,0.08,F,2024-02,14009035.456862906,0.1649955229544655,180.0,-0.6051570441638814,0.7303116388634556,2.688072127248822,1.5923921480440384,1.6880721272488222,0.2081100259181771,0.34270895671254736,0.8036276680779288,0.27583980663878654,0.0,130.0,34.0,0.0,3.1392792600553165,0.1499130068602357,-0.6194667484421493,-0.634780553764694,1.4822847674026143,0.0,8870439.635070551
2.25,0.08,F,2012-01,13912035.30844976,0.16460411315010826,180.0,-0.5800103776604109,0.7000987958573057,2.7209056276475674,1.5810943135730824,1.7209056276475672,0.18071941662459923,0.3101934969080391,0.8036276680779288,0.2640549972252818,0.0,129.0,35.0,3.0,3.1260202282566354,0.14925070622040565,-0.6241758797185869,-0.6347777911741932,1.486486700613652,0.0,8903116.724054145
2.25,0.08,F,2018-02,14047021.40560098,0.16514937319472844,167.0,-0.5352137835514281,0.7189486192792116,2.7918438059756894,1.5580867569007109,1.7918438059756894,0.2010523472884525,0.3225613405146619,0.8036276680779288,0.26871205869831527,0.0,118.0,32.0,2.0,3.166562552165684,0.15197020105681414,-0.5737071455439786,-0.6036645696673331,1.4666449979040461,0.0,9087407.60114608
2.25,0.08,F,2022-05,11310302.950239314,0.15297414118897446,177.0,-0.5997147096257507,0.7253746162992716,2.6872408053993193,1.5926840478882274,1.6872408053993193,0.20217923423572576,0.33612607221224816,0.8036276680779288,0.2754532833117599,0.0,126.0,35.0,0.0,2.9428711870994833,0.14009580202190486,-0.6194667484421493,-0.634780553764694,1.4816149867920623,0.0,7617456.037669286
2.25,0.08,F,2022-10,11679430.02178016,0.1547708555127708,177.0,-0.5925889216611759,0.7065471128957652,2.576558246489493,1.6342966429190544,1.5765582464894934,0.18924647217979673,0.31318571713544785,0.8036276680779288,0.2649894341379186,0.0,126.0,34.0,0.0,2.956589048593634,0.13947525491445148,-0.6194667484421493,-0.634780553764694,1.5501300448714752,0.0,7227368.778782339
2.5,0.05,A,,2544791.2696548128,0.1543351762737296,59.0,-0.4404250909152473,0.4904297757254924,2.742591556727402,1.5738580291653652,1.7425915567274022,0.16521258294025365,0.2455065359477124,0.7761369462686397,0.23210558343625115,0.0,51.0,8.0,0.0,1.4360879285999082,0.13649065050510095,-0.5555049670329795,-0.5871870788125413,1.4368843644960867,0.0,1891346.9212920186
2.5,0.05,A,2012-01,2481265.0509666745,0.1514402316670691,58.0,-0.3369443160593785,0.4093583446642919,2.5216629708168625,1.6571757473097173,1.5216629708168625,0.09007940899655002,0.1772875816993464,0.7761369462686397,0.19573872785245194,0.0,50.0,8.0,3.0,1.400611420892402,0.14205632443814176,-0.3596821608560083,-0.35970501358577367,1.6433578662468444,0.0,2257642.584759343
2.5,0.05,B,,4486073.852871789,0.20832851974310773,121.0,-0.6217969088917025,1.1148527437673115,3.3111261543904957,1.432690806108158,2.3111261543904957,0.3741660793273446,0.5288312693498451,0.5062687624821638,0.3677509787525477,0.0,79.0,26.0,0.0,2.015681089880739,0.17292530236801035,-0.6630803625076553,-0.6649030772862143,1.368610696643354,0.0,2676861.4692055853
2.5,0.05,B,2024-02,4513439.743605897,0.20901993928683027,121.0,-0.6217969088917025,1.1100334199184714,3.2544199382643253,1.4435730824200859,2.2544199382643253,0.36868963447290465,0.5218653250773994,0.5062687624821638,0.3675457141619223,0.0,79.0,26.0,0.0,2.0180917225835158,0.17350058333951848,-0.6630803625076553,-0.6649030772862143,1.368610696643354,0.0,2676873.79468534
2.5,0.05,B,2018-02,4901846.286322346,0.21844464909234285,109.0,-0.5731484149352788,1.0589687188217394,3.4267387755759393,1.4120756672668382,2.4267387755759393,0.3390078416725517,0.4622678018575851,0.48660280033048076,0.3505727883169497,0.0,69.0,24.0,2.0,2.0913803423323167,0.18833906037401077,-0.6082837821084497,-0.6387832024358749,1.3631585765745564,0.0,3391913.6869490365
2.5,0.05,B,2022-05,3822699.704395933,0.19027670688678366,118.0,-0.6210792181322473,1.0756782811295098,3.1723453115918154,1.4603330971107846,2.1723453115918154,0.3461020923925008,0.4938080495356037,0.5062687624821638,0.3619794310018943,0.0,75.0,26.5,0.0,1.8278758309471201,0.15918099835416513,-0.6630803625076553,-0.6649030772862143,1.3795731708441552,0.0,2328657.1588068274
2.5,0.05,B,2022-10,3695911.650907435,0.18650626066344056,116.0,-0.6190841077819371,1.0364123463181965,3.0740894915258608,1.4821392732086345,2.0740894915258608,0.31791570333013375,0.4467879256965944,0.5062687624821638,0.34544398367494344,0.0,74.0,26.0,0.0,1.8204710486447155,0.154339038063603,-0.6630803625076553,-0.6649030772862143,1.4222599870226253,0.0,2423766.5850194576
2.5,0.05,F,,19608972.348576173,0.18414265330953594,180.0,-0.6450299233150915,0.8119338615657421,3.2542907748614285,1.443598497215282,2.2542907748614285,0.2723649001404067,0.38519848394175144,0.7761369462686397,0.3103159323159276,0.0,129.5,34.0,0.0,3.4542065159922317,0.16433157731220355,-0.663266860096367,-0.6729291138731689,1.3641863284172853,0.0,11817745.65605662
2.5,0.05,F,2024-02,19471868.203217734,0.18373963452093411,180.0,-0.6450299233150915,0.8090982531147068,3.254393932071493,1.4435781989013199,2.254393932071493,0.2702807446591939,0.3816078196688609,0.7761369462686397,0.30906020941965134,0.0,130.0,34.0,0.0,3.4582228717222625,0.1643314760835765,-0.663266860096367,-0.6729291138731689,1.3641863284172853,0.0,11817705.115223804
2.5,0.05,F,2012-01,18900426.086021733,0.1820317976012652,179.0,-0.6295323030793667,0.7721975311159172,3.2835293616580747,1.4379186914011024,2.2835293616580747,0.23529844892469115,0.3548773189706762,0.7761369462686397,0.29497458264984167,0.0,129.0,35.0,3.0,3.4289626931662007,0.16502008222895428,-0.6630717033315542,-0.6729257267320274,1.3574964166965107,0.0,11464857.264561925
2.5,0.05,F,2018-02,19353097.778045006,0.18338887723558894,168.0,-0.573166163879233,0.791105493481123,3.410287676141497,1.4148882350943204,2.410287676141497,0.258058194791962,0.36345501695591464,0.7761369462686397,0.30067049186859157,0.0,119.0,32.0,2.0,3.5071284193547014,0.17024415701430884,-0.6114195890048703,-0.6582112254811283,1.3554127905278415,0.0,13237346.791505106
2.5,0.05,F,2022-05,15039607.611004073,0.16901197980647853,177.0,-0.6405881914152598,0.7990752118622195,3.219689497815726,1.450513461933504,2.219689497815726,0.2617472108980585,0.37402752842609216,0.7761369462686397,0.3072010576005233,0.0,126.0,35.0,0.0,3.251852953069374,0.15808933331648198,-0.663266860096367,-0.6729291138731689,1.3751440448320567,0.0,9898554.970335843
2.5,0.05,F,2022-10,15957663.626970112,0.1723735457651212,176.5,-0.6363578428827108,0.7790174890221229,3.0834540699926887,1.4799733262317676,2.0834540699926887,0.24317504194715955,0.3494913225613405,0.7761369462686397,0.2954055306823359,0.0,126.0,34.0,0.0,3.254070987707921,0.15404594543454125,-0.663266860096367,-0.6729291138731689,1.4237710556650154,0.0,9347643.817056892
2.5,0.08,A,,2432208.6538184374,0.14915843805521023,58.0,-0.4530788850201147,0.4973917180177054,2.765154010268422,1.566553672988297,1.7651540102684218,0.17050775223994794,0.2455065359477124,0.7753425186538543,0.23387819077176927,0.0,51.0,8.0,0.0,1.395415531285517,0.13179485401823218,-0.5707891242191103,-0.6039052064887045,1.4294570993946683,0.0,1813869.717396024
2.5,0.08,A,2012-01,2437962.8908038246,0.14942830511466842,58.0,-0.34589429055480597,0.41228766254441773,2.5477766426806716,1.6460880545839882,1.5477766426806716,0.09247749645990772,0.18627450980392157,0.7753425186538543,0.19689489302894286,0.0,50.0,8.0,3.0,1.3829400557881313,0.13970066613138316,-0.3686305548385646,-0.3686535143447671,1.6323313993900885,0.0,2206723.375524066
2.5,0.08,B,,4122786.234134846,0.19876806416467774,120.0,-0.6440159161919277,1.1252296377553739,3.3791287863872133,1.420321954548141,2.3791287863872133,0.3832505167820853,0.5288312693498451,0.48739048614010605,0.37290008969687416,0.0,78.0,26.0,0.0,1.9264595197397125,0.16150816208403368,-0.678556682642125,-0.6813615316113802,1.3466521774305527,0.0,2403653.111060687
2.5,0.08,B,2024-02,4124264.022122246,0.19880843685653526,120.0,-0.6424095418993359,1.1252603425388499,3.340369938964255,1.4272831207105956,2.340369938964255,0.38343571603766113,0.5261222910216719,0.48739048614010605,0.3742382968085933,0.0,78.0,26.0,0.0,1.928034636266922,0.16161365371905057,-0.678556682642125,-0.6813615316113802,1.3503172283116431,0.0,2403664.196797174
2.5,0.08,B,2018-02,4516956.016984355,0.20910689534485427,109.0,-0.5824444997829659,1.0772284205492615,3.5068753893696787,1.3989029548881584,2.5068753893696787,0.3541622988171764,0.46962074303405577,0.4758360012290149,0.3568366343238888,0.0,69.0,24.0,2.0,2.006491904911317,0.18051709411082564,-0.6369981282744587,-0.6642087220554258,1.332813797719566,0.0,2929823.2762961783
2.5,0.08,B,2022-05,3481796.7492535277,0.17986422922750878,117.0,-0.6395578132965475,1.087379493719626,3.2617567471902413,1.4421353511303163,2.2617567471902413,0.35909427902724556,0.4988390092879257,0.48739048614010605,0.3670119638634133,0.0,74.5,26.0,0.0,1.7436188468623086,0.14729567852649006,-0.678556682642125,-0.6813615316113802,1.3636508896906223,0.0,2163933.4836605783
2.5,0.08,B,2022-10,3419907.622095512,0.17787454251584245,116.0,-0.6322470732370964,1.048747096671212,3.1906937512071645,1.4564764014073335,2.1906937512071645,0.32943629940233116,0.456656346749226,0.48739048614010605,0.3519301502281918,0.0,73.0,26.0,0.0,1.7378046952233948,0.14649134282033333,-0.678556682642125,-0.6813615316113802,1.4047246709130468,0.0,2162177.6390055595
2.5,0.08,F,,17033506.95202612,0.1760874204412176,178.0,-0.6570493407232433,0.8236873583448258,3.3445779827886195,1.4265162529385833,2.3445779827886195,0.2815554924305523,0.3911829243965689,0.7753425186538543,0.31426700489023013,0.0,128.0,34.0,0.0,3.3189927805529065,0.1554568629118751,-0.6788335542391271,-0.6888122737205726,1.3442358088361768,0.0,10252615.73566227
2.5,0.08,F,2024-02,16759791.486082241,0.17516468306213528,178.0,-0.6570493407232433,0.8202365047251293,3.3206458834200503,1.4309148079327716,2.3206458834200503,0.27711282289571626,0.3881907041691602,0.7753425186538543,0.31318696116471023,0.0,128.5,34.0,0.0,3.3250588673396377,0.15567946003536812,-0.6788335542391271,-0.6888122737205726,1.3442358088361768,0.0,10252580.509931523
2.5,0.08,F,2012-01,16880742.25495324,0.1755742062595388,178.5,-0.6346169449219294,0.7826664476439739,3.378817216785607,1.4203769826742236,2.378817216785607,0.24335247215361827,0.3613604627967285,0.7753425186538543,0.2988392522980622,0.0,128.0,35.0,3.0,3.3168602399067844,0.15855077591913153,-0.6785347774689676,-0.6961557639020082,1.3287024551857263,0.0,10153888.696462438
2.5,0.08,F,2018-02,17224865.62233895,0.17672390094806456,167.0,-0.5902800894733612,0.8022147444713872,3.497882919821735,1.4003390206823425,2.497882919821735,0.2690507552994064,0.36475164572112506,0.7753425186538543,0.3047616292871179,0.0,118.5,32.0,2.0,3.390888825469868,0.16140635801429676,-0.628721385389955,-0.6580318000886791,1.3459207149859471,0.0,12128116.145163558
2.5,0.08,F,2022-05,13162571.124840783,0.16147898805493688,176.0,-0.6504157812515248,0.8097318513658167,3.3259533915854362,1.4299317529236601,2.3259533915854362,0.2708934011247458,0.3812088569718731,0.7753425186538543,0.3113666256804031,0.0,124.0,35.0,0.0,3.1237586006654303,0.14993848737389376,-0.6788335542391271,-0.6888122737205726,1.3321675114408695,0.0,8606104.069578351
2.5,0.08,F,2022-10,14071034.091524243,0.16524578631995968,175.0,-0.6460358449709643,0.7862963767638919,3.1319981187422896,1.4690436997881902,2.1319981187422896,0.25003913992461324,0.35248354278874927,0.7753425186538543,0.29826616950810514,0.0,125.0,34.0,0.0,3.1338923835562627,0.1471917970810574,-0.6788335542391271,-0.6888122737205726,1.4044944284333827,0.0,8180093.87389678
3.0,0.05,A,,3083396.575202847,0.17656019605863238,59.0,-0.48407590165275005,0.5785049458730619,3.580022359727599,1.3875944412456465,2.580022359727599,0.24082682152160545,0.26062091503267976,0.7203786241380177,0.2814552547157755,0.0,50.0,8.0,0.0,1.6377447476462836,0.15495528830894587,-0.6400908366098991,-0.6804144411051546,1.2623862316362318,0.0,2173407.1026630406
3.0,0.05,A,2012-01,2952181.0077263108,0.1714886796271562,58.0,-0.40231464004305423,0.4855574627834713,3.208974629151656,1.4526987258264978,2.208974629151656,0.14895276916680447,0.24223856209150327,0.7203786241380177,0.23583722156577336,0.0,50.0,8.0,3.0,1.574117024170754,0.16115479121142073,-0.4290633977098719,-0.42909565347951295,1.4405961380914474,0.0,2659477.2172885356
3.0,0.05,B,,5674370.313653855,0.23533390532710186,120.0,-0.7482236270665499,1.355924314023438,5.025981439351929,1.248386640130743,4.025981439351929,0.584315683591939,0.6066176470588236,0.38593517099448965,0.4684069787124762,0.0,77.5,27.0,0.0,2.2626067977210083,0.19365512069692917,-0.7706681502999166,-0.7718390437255247,1.178161211802892,0.0,3067872.6434772164
3.0,0.05,B,2024-02,5808770.995528912,0.2380569719857113,120.0,-0.7482236270665499,1.3481504978740455,5.025844621573716,1.248395080886704,4.025844621573716,0.5802000476424951,0.6056501547987616,0.38593517099448965,0.46610872951496657,0.0,78.0,26.5,0.0,2.2684768655133736,0.19747142438228554,-0.7706681502999166,-0.7718390437255247,1.178161211802892,0.0,3067892.797573926
3.0,0.05,B,2018-02,6582632.2454751935,0.2527076489993456,108.5,-0.6864800818852559,1.2930962497516747,5.538319718768012,1.2203458685520996,4.538319718768012,0.5352821493109308,0.5590170278637772,0.36861200665373567,0.44541352107260535,0.0,69.0,24.0,2.0,2.399257492409351,0.22448866303911566,-0.7139604917751511,-0.7598633639593664,1.1835357483392086,0.0,4050436.464370941
3.0,0.05,B,2022-05,4775851.144545211,0.21545560940132547,117.0,-0.722788862698504,1.3063035639571985,4.933281490870238,1.2542408703963601,3.933281490870238,0.5476147304406389,0.5743034055727554,0.38593517099448965,0.45680090903821524,0.0,74.0,26.0,0.0,2.0424690946263744,0.17343875462760389,-0.7706681502999166,-0.7718390437255247,1.2114188608582084,0.0,2657124.4103319203
3.0,0.05,B,2022-10,4579081.0718477685,0.2106629716217766,115.0,-0.7218395073665407,1.261529502637629,4.828493566727294,1.2611993419459746,3.828493566727294,0.5078282016494062,0.5340557275541795,0.38593517099448965,0.44030285721016443,0.0,73.0,26.0,0.0,2.0315650145766133,0.1717637005045966,-0.7706681502999166,-0.7718390437255247,1.2377445537768752,0.0,2744966.003914441
3.0,0.05,F,,30650094.54899373,0.21005973124138289,179.0,-0.7472291747206088,0.9774450427842196,5.02610496491635,1.2483790191775288,4.02610496491635,0.4161972724341842,0.43546778376221823,0.7203786241380177,0.38629196292726764,0.0,129.0,34.0,0.0,3.906349338721962,0.1876147724592785,-0.7707912735783654,-0.7810539646932864,1.1985041947984596,0.0,16715767.305926114
3.0,0.05,F,2024-02,30768865.768619657,0.21028586811170313,179.0,-0.7472291747206088,0.9737653604008081,5.013220678982347,1.2491764379054326,4.013220678982347,0.4153259741077131,0.43377219230001995,0.7203786241380177,0.3858315232498782,0.0,129.0,34.0,0.0,3.908041035787633,0.1871350851866002,-0.7707912735783654,-0.7810539646932864,1.1985041947984596,0.0,16715683.658922942
3.0,0.05,F,2012-01,29039922.953201003,0.2068985890826598,178.0,-0.7255077774918862,0.9284669396455063,5.063838062030719,1.2460746058281686,4.063838062030719,0.36926010046619373,0.4220027927388789,0.7203786241380177,0.3704517904469721,0.0,128.0,35.0,3.0,3.8531477087975867,0.1868655274218727,-0.7706558905507662,-0.7810491060681302,1.1849806763213906,0.0,16716555.118383482
3.0,0.05,F,2018-02,33390832.104216013,0.21509355639345518,168.0,-0.6856618833033952,0.9492085694286194,5.382416793996622,1.2281876320102492,4.382416793996622,0.3937882241076563,0.41262716935966487,0.7203786241380177,0.37533996404677095,0.0,119.0,32.0,2.0,4.0206985026716255,0.19784006352962608,-0.7104650132842227,-0.7574196650472129,1.1885949920430583,0.0,20841789.71444978
3.0,0.05,F,2022-05,21978909.382153817,0.19070979470303617,175.0,-0.738461016690851,0.9632588964566324,5.000125244389103,1.2499921725620147,4.000125244389103,0.40195118015033576,0.4300817873528825,0.7203786241380177,0.3833219356743206,0.0,124.0,35.0,0.0,3.6596262180259274,0.17886736958222363,-0.7707912735783654,-0.7810539646932864,1.2239212221688032,0.0,13455300.936266772
3.0,0.05,F,2022-10,23828903.752287768,0.19538356306925897,175.0,-0.738461016690851,0.9319029117272885,4.81567821727313,1.2620766068511968,3.8156782172731303,0.3756564476773101,0.39936165968481946,0.7203786241380177,0.3676502375822313,0.0,124.0,34.0,0.0,3.668677788762339,0.17256771229173617,-0.7707912735783654,-0.7810539646932864,1.2377462707134206,0.0,12518810.918311775
3.0,0.08,A,,2869885.4487144956,0.16820330347738,58.0,-0.5285194713903549,0.5956310401395802,3.6853310271891138,1.372394387576519,2.6853310271891138,0.2597056813668306,0.2667483660130719,0.7187897722197593,0.28493184075952394,0.0,51.0,8.0,0.0,1.559231102489991,0.14842786637348276,-0.6627176831082305,-0.7032968765190302,1.2487795590590338,0.0,2027139.0220766522
3.0,0.08,A,2012-01,2798564.7212699074,0.16528671945723095,57.0,-0.4147533083202489,0.4669021642116865,3.127753131256111,1.469979334214282,2.127753131256111,0.12994282965020554,0.24387254901960784,0.7187902523357238,0.231962234303866,0.0,49.0,8.0,3.0,1.5253231828912324,0.15555431599352745,-0.44149214955384325,-0.4415245476022055,1.4669181620816159,0.0,2495223.9418647964
3.0,0.08,B,,4983778.225097285,0.22034292781208265,119.0,-0.7604038751740948,1.393599939881252,5.423050419151274,1.2260883876255035,4.423050419151274,0.6214621079385994,0.6201625386996904,0.3701112083423018,0.47813668257449177,0.0,77.0,27.0,0.0,2.1226066380717525,0.17615297110385372,-0.782604011879674,-0.7932881602758846,1.1641353632792857,0.0,2667344.4904580573
3.0,0.08,B,2024-02,5051977.587346351,0.2219058338090697,119.0,-0.7604038751740948,1.3853612809750666,5.370090287717283,1.2288294891208045,4.370090287717283,0.6155536882923103,0.6118421052631579,0.3701112083423018,0.47862158699561796,0.0,77.0,26.5,0.0,2.130759572087452,0.17816284270273158,-0.782604011879674,-0.7932881602758846,1.1641353632792857,0.0,2680571.5305069727
3.0,0.08,B,2018-02,5855755.814037852,0.23899559963376815,108.0,-0.7015554870247958,1.3237471037679898,5.793345538488844,1.2086231757229506,4.793345538488844,0.5578883638506036,0.569078947368421,0.35381104509173117,0.4559855148958625,0.0,68.0,24.0,2.0,2.275872099807517,0.21043906400085322,-0.7491316989529507,-0.8180711116405092,1.1583932594516695,0.0,3507880.416637702
3.0,0.08,B,2022-05,4188362.0440434744,0.2005488465809967,116.0,-0.7470897280675537,1.3358373958088925,5.140338357773928,1.241537621220442,4.140338357773928,0.5713184881659923,0.5903637770897833,0.3701112083423018,0.46697758425709457,0.0,73.0,26.0,0.0,1.9200118573380665,0.15730236431007866,-0.7808375383644287,-0.7932881602758846,1.1812170362996484,0.0,2284614.1154697775
3.0,0.08,B,2022-10,4121162.0264251092,0.19872367386480583,115.0,-0.7324126587191767,1.2853300733020936,4.998517679210575,1.25009287729777,3.9985176792105754,0.5263233139087481,0.5464396284829721,0.3701112083423018,0.44770730425891836,0.0,72.0,26.0,0.0,1.9172244071883413,0.15784320204671357,-0.7808375383644287,-0.7932881602758846,1.2107997576853315,0.0,2406045.6726877787
3.0,0.08,F,,25427395.10833347,0.1991517606336175,177.0,-0.7603850301185486,1.0029885831691057,5.272998668220256,1.2340291843293423,4.272998668220256,0.4369139559950428,0.44434470377019747,0.7187897722197593,0.39482637315984026,0.0,127.5,34.0,0.0,3.6937386915915313,0.17285056873248433,-0.7883540650167874,-0.7932833959020285,1.175845389599455,0.0,12621302.614432966
3.0,0.08,F,2024-02,25029070.351445504,0.19823093942923165,177.0,-0.7603850301185486,1.0001128092194864,5.185482482189675,1.2389246945075807,4.185482482189675,0.43779373791927795,0.4398563734290844,0.7187897722197593,0.3949126348544753,0.0,127.5,34.0,0.0,3.6976155009680234,0.17315575942744763,-0.7883540650167874,-0.7932833959020285,1.175845389599455,0.0,12621240.755117971
3.0,0.08,F,2012-01,24363288.681200787,0.19666903165752714,176.0,-0.7523750850896009,0.9330616316466586,5.169001919422396,1.2398655650495223,4.169001919422396,0.3717685062220669,0.43237582286056253,0.7187902523357238,0.37212812455301647,0.0,126.0,34.0,3.0,3.6645613761610347,0.17355493498763935,-0.7865439227161576,-0.8051547367618637,1.1625534867669804,0.0,13241364.258360123
3.0,0.08,F,2018-02,26494515.92593248,0.20154381084516781,167.0,-0.7012532762225385,0.9708213565967994,5.728704612740165,1.2114819814093782,4.728704612740165,0.4151138041539952,0.417115499700778,0.7187897722197593,0.38328887984508586,0.0,118.0,32.0,2.0,3.822732649553127,0.18771228886541869,-0.739491786524864,-0.7993698660842036,1.153619693151949,0.0,17402258.129221436
3.0,0.08,F,2022-05,18159250.97231324,0.1797418687411796,174.0,-0.7568140143213384,0.9831227407196678,5.157385916965579,1.2405357785412272,4.157385916965579,0.4186368665419632,0.43636544983044084,0.7187897722197593,0.3908202571971363,0.0,123.0,35.0,0.0,3.460629752697225,0.16735722893810306,-0.7883540650167874,-0.7932833959020285,1.1904925981799162,0.0,10715580.83285503
3.0,0.08,F,2022-10,20067032.24342805,0.18546847658776355,173.5,-0.7472144657000785,0.9507864180130398,4.8435960664906865,1.260173170862708,3.8435960664906874,0.3904155898411077,0.4094354677837622,0.7187897722197593,0.3717688256960303,0.0,123.0,34.0,0.0,3.4770025401424673,0.1623457371135435,-0.7883540650167874,-0.7932833959020285,1.2108001180045784,0.0,10217442.955634609
3.5,0.05,A,,3666764.1350787077,0.1969868020655654,59.0,-0.5464306123942624,0.6711281693419711,4.497672270875086,1.285905454482848,3.4976722708750847,0.3233006420951535,0.2679738562091503,0.6646277132350606,0.332608073553211,0.0,50.0,8.0,0.0,1.8064120944491404,0.17224450060311366,-0.7171412397970917,-0.7662491713393174,1.1615709395965932,0.0,2443603.4175864607
3.5,0.05,A,2012-01,3463887.5924902065,0.19023830178037704,58.0,-0.46655695693690824,0.5600683223953651,3.9899867226818255,1.334449645683732,2.9899867226818255,0.21328121408406442,0.28431372549019607,0.6646283661814958,0.27568559305889223,0.0,50.0,8.0,3.0,1.733448413162865,0.17904345223477539,-0.49712502037828693,-0.49716802026691065,1.32334378849249,0.0,3093811.623112875
3.5,0.05,B,,7202545.076895497,0.263357693957751,119.0,-0.8388264923996589,1.6223159060711114,8.686249349495958,1.1301025653419303,7.686249349495958,0.8370017280263182,0.6520897832817337,0.27547350441289675,0.5884631514496623,0.0,77.0,27.0,0.0,2.4946621362303447,0.21582965001333956,-0.8622115130880571,-0.8778026310856981,1.0838959419550371,0.0,3853844.5509468676
3.5,0.05,B,2024-02,7355445.296304055,0.26585661311549325,120.0,-0.8388264923996589,1.6198487256340302,8.673342920267697,1.1303213822314329,7.673342920267697,0.8347189068951145,0.6445433436532508,0.27547350441289675,0.5882264720664645,0.0,78.0,27.0,0.0,2.502952303783199,0.21563810233691,-0.8622115130880571,-0.8778026310856981,1.0838959419550371,0.0,3972420.4199914634
3.5,0.05,B,2018-02,8889185.015995054,0.28861018736687305,110.0,-0.7968819915353826,1.5242539044854555,9.754950199542993,1.1142440172141193,8.754950199542993,0.7454436617491331,0.6101006191950464,0.24962271517165024,0.5588912368373901,0.0,70.0,24.0,2.0,2.686225805155773,0.25414599106064995,-0.8201529403366123,-0.8779845184516292,1.0731326915587698,0.0,5747852.333815833
3.5,0.05,B,2022-05,5823196.678628042,0.23834467562924588,116.0,-0.819474785217817,1.558130176119798,8.381482928570655,1.1354765642305322,7.381482928570655,0.7786954241432236,0.6356424148606812,0.27547350441289675,0.5741687237755388,0.0,73.0,26.0,0.0,2.235369341822218,0.19007959751993897,-0.8622115130880571,-0.8778026310856981,1.102095825339994,0.0,2969080.3559583095
3.5,0.05,B,2022-10,5662120.851719383,0.23508263486298608,115.0,-0.8096150399157942,1.5040629602191353,8.163951698930042,1.1396311369799474,7.163951698930042,0.7217226615334724,0.5996517027863777,0.27547350441289675,0.552390435668441,0.0,72.0,26.0,0.0,2.2367783749172476,0.1892996566151796,-0.8622115130880571,-0.8778026310856981,1.102095825339994,0.0,3424058.967677796
3.5,0.05,F,,45162504.232150555,0.2330056565157569,178.0,-0.8388033135271832,1.1642291788700645,8.617009577663787,1.1312893617590463,7.617009577663787,0.5870935338443256,0.47047676042290043,0.6646277132350606,0.4791536314264287,0.0,128.0,34.0,0.0,4.2995471509453544,0.20544038322816702,-0.8730669447348607,-0.88397249408425,1.0750851170980793,0.0,20989087.598572403
3.5,0.05,F,2024-02,45206081.62129542,0.2330693789864905,178.0,-0.8388033135271832,1.1566383743206257,8.514871585215023,1.133069472950163,7.514871585215022,0.5817221076901948,0.46568920805904646,0.6646277132350606,0.47647584639230406,0.0,128.0,34.0,0.0,4.302645995215615,0.20570671807471075,-0.8730669447348607,-0.88397249408425,1.0750851170980793,0.0,20988945.965146076
3.5,0.05,F,2012-01,43098164.67017616,0.23021819681865097,178.0,-0.824626259117967,1.1011519907930922,8.66582608342606,1.1304490852664966,7.66582608342606,0.5220315734192877,0.47027727907440653,0.6646283661814958,0.4599735573859509,0.0,127.0,35.0,3.0,4.241034732845072,0.20548064444448078,-0.8679162953726542,-0.877791959857395,1.092310525935399,0.0,21924166.413734198
3.5,0.05,F,2018-02,52438712.0245132,0.2419721570291865,168.5,-0.7805658520734162,1.1147577003106695,9.162080874376795,1.122517776475203,8.162080874376795,0.5428153015031594,0.4459405545581488,0.6646277132350606,0.46073803588404844,0.0,119.0,32.0,2.0,4.4828333323626905,0.22371484925830903,-0.8201098544094552,-0.841015043863035,1.0881475825963884,0.0,31968815.02161901
3.5,0.05,F,2022-05,31555529.599684604,0.21176858767157725,174.0,-0.8292282438864119,1.1400549236975874,8.429176410484615,1.1346050249869144,7.429176410484615,0.5637439589787556,0.4615998404149212,0.6646277132350606,0.47151562380595613,0.0,123.0,35.0,0.0,4.022902237307486,0.19730712333414668,-0.8725121041514182,-0.877795952734226,1.1020985497134592,0.0,17679278.627987996
3.5,0.05,F,2022-10,35485172.40601043,0.21868203246937756,174.0,-0.8281175414925854,1.1025886961846467,8.33004861928525,1.1364255575518771,7.33004861928525,0.527746607545958,0.4374625972471574,0.6646277132350606,0.45092933569749505,0.0,123.0,34.0,0.0,4.03928341720337,0.19103276573234423,-0.8725121041514182,-0.877795952734226,1.1020985497134592,0.0,15485958.724963725
3.5,0.08,A,,3422807.952474463,0.18882860841321192,59.0,-0.577974503853694,0.6936439882673493,4.64161986152137,1.2746038480343047,3.64161986152137,0.3424824693420324,0.2798202614379085,0.6622246773973035,0.3406695723657651,0.0,50.0,8.0,0.0,1.731508568602559,0.16023311431536608,-0.7472574814834284,-0.7948669688350826,1.1446276403016389,0.0,2249970.840477971
3.5,0.08,A,2012-01,3245496.2591412906,0.18256357773083431,57.0,-0.4831796022782732,0.5404446938064986,3.8889200694075434,1.3461501100767208,2.8889200694075434,0.19286062558147227,0.28431372549019607,0.6622267929537909,0.27473825570837385,0.0,49.0,8.0,3.0,1.672672451894627,0.17222669882566352,-0.5136962192040809,-0.5137393551795708,1.3441551195976895,0.0,2864964.8989878907
3.5,0.08,B,,5690926.735352574,0.23566915446390246,118.0,-0.8571190353572748,1.6750526087857645,9.662449589662028,1.1154407872391912,8.662449589662028,0.8824966166345398,0.660797213622291,0.24175689075589896,0.612051999776186,0.0,75.5,27.0,0.0,2.296243520047248,0.18742207338394487,-0.8781705447841124,-0.9063032189326418,1.0548248773419495,0.0,2858471.018389485
3.5,0.08,B,2024-02,5942715.472453749,0.2407067910766344,118.0,-0.8571190353572748,1.671648046916631,9.662449589662028,1.1154407872391912,8.662449589662028,0.8782553966981022,0.6501547987616099,0.24175689075589896,0.6119051594744106,0.0,76.0,26.5,0.0,2.3062933939345727,0.18991823023776894,-0.8781705447841124,-0.9063032189326418,1.0548248773419495,0.0,3044278.0429686494
3.5,0.08,B,2018-02,7747292.384962637,0.27205167955064813,108.0,-0.8154903958807729,1.5720998260297065,10.852674079352564,1.101495359157718,9.852674079352564,0.7928117801206993,0.6207430340557275,0.2307616591350061,0.5794337449515807,0.0,69.0,24.0,2.0,2.545215547302049,0.2344063541650638,-0.8575169309978734,-0.9205342974381222,1.049054900251171,0.0,5008540.356412082
3.5,0.08,B,2022-05,4761422.271300945,0.2151071037615998,115.0,-0.8426674331439592,1.6080883210222134,8.959352538196917,1.1256396128510793,7.959352538196916,0.8237130904772022,0.6385448916408669,0.24175689075589896,0.595519497926118,0.0,72.0,26.0,0.0,2.0601276148287413,0.16650281392176938,-0.8724326935414926,-0.8883600106208986,1.078637837096019,0.0,2457838.430644982
3.5,0.08,B,2022-10,4720995.3811193295,0.21414059259037577,112.5,-0.8322698396185413,1.5524441664721307,8.741540523385527,1.1291732571055157,7.7415405233855275,0.7647066055530322,0.6056501547987616,0.24175689075589896,0.5722367743847192,0.0,70.0,26.0,0.0,2.06392498954661,0.16839410400691426,-0.8720746987166696,-0.8883600106208986,1.0952849174004284,0.0,2586570.0100475936
3.5,0.08,F,,35143497.57132772,0.21811085273562192,176.0,-0.850602569491929,1.2007504747563122,9.201696874738253,1.1219271101848354,8.201696874738253,0.6227738703281144,0.4764612008777179,0.6622246773973035,0.4934301377997195,0.0,126.0,34.0,0.0,4.034959766891896,0.18790157646049926,-0.8816661880706053,-0.8883613681163985,1.0797759437631447,0.0,16328860.505546944
3.5,0.08,F,2024-02,35414318.61838898,0.21856252647915242,175.0,-0.850602569491929,1.1946380359005861,9.166977890956117,1.122444491245969,8.166977890956117,0.6176968545248908,0.4747656094155196,0.6622246773973035,0.4948342986185265,0.0,125.5,34.0,0.0,4.033366246874637,0.1890881290255093,-0.8816661880706053,-0.8883613681163985,1.0797759437631447,0.0,16328750.015155507
3.5,0.08,F,2012-01,34008714.89666386,0.2161743248240967,175.0,-0.8506240679917981,1.1162805791932693,9.190856266507767,1.122089455117906,8.190856266507767,0.5367686554550364,0.473967684021544,0.6622267929537909,0.46628054321159695,0.0,125.0,34.0,3.0,3.988830942793051,0.188898432684103,-0.8781746622254056,-0.9181406505396543,1.054888665828766,0.0,16432054.355327278
3.5,0.08,F,2018-02,41825680.813297205,0.22843256538405599,168.0,-0.8135938937890406,1.1539834458885476,10.186886617076771,1.1088825764849242,9.186886617076771,0.5779375512153213,0.45222421703570714,0.6622246773973035,0.4825227101158235,0.0,119.0,32.0,2.0,4.257954614074388,0.2099171797320622,-0.8391766983798856,-0.8855252165003145,1.0633418634377112,0.0,25746855.754636034
3.5,0.08,F,2022-05,24760228.092609834,0.19760717334568767,172.5,-0.8506104475340539,1.177191445045357,9.154741971959211,1.1226280370129096,8.154741971959211,0.6005578261695055,0.4686814282864552,0.6622246773973035,0.489351913474358,0.0,121.0,35.0,0.0,3.7677653877539483,0.18277938771771032,-0.8816661880706053,-0.8883613681163985,1.0846943097016999,0.0,13083883.095034646
3.5,0.08,F,2022-10,26667173.296394,0.2019221148224407,172.0,-0.8414605992098485,1.1322412342187032,8.758507703692029,1.128890767934814,7.758507703692027,0.5562436081231023,0.4429483343307401,0.6622246773973035,0.4637346137894526,0.0,121.0,34.0,0.0,3.7929383439695963,0.17509644347463987,-0.8816661880706053,-0.8883613681163985,1.0952837002979263,0.0,12706354.323273025
4.0,0.05,A,,4315559.227857444,0.21651543913393945,59.0,-0.6061275242357456,0.771204253431414,5.719224958629615,1.211906650879556,4.719224958629615,0.4180840127145797,0.2881944444444444,0.6089073111464388,0.38476585744923114,0.0,50.0,8.0,0.0,1.9787377636498615,0.1888067469150634,-0.7915697922810402,-0.8455874012196004,1.091499159558399,0.0,2757375.3318989696
4.0,0.05,A,2012-01,3885043.275946208,0.20388201213801938,57.0,-0.529442577046576,0.6063816095645955,4.7070384853707505,1.2697571131098546,3.707038485370751,0.25091307160249476,0.28431372549019607,0.6089100735259446,0.31544956076003167,0.0,49.0,8.0,3.0,1.8538064081281145,0.19293975849611697,-0.5636424818810182,-0.5636974582496859,1.2622519343481429,0.0,3426152.8015426793
4.0,0.05,B,,8722029.111063547,0.2863084316092859,119.0,-0.9186662206310956,1.9678826231072581,18.806319112228746,1.0561607126094825,17.806319112228746,1.15910925164335,0.6892414860681114,0.15208080516524147,0.7725652922634327,0.0,76.5,27.0,0.0,2.7035640597458213,0.2395700473190005,-0.9547823743987356,-0.9790536151044313,1.0144989860909317,0.0,4445779.991309879
4.0,0.05,B,2024-02,9002749.887289273,0.2901482534924287,119.0,-0.9186662206310956,1.9460300343568857,18.806319112228746,1.0561607126094825,17.806319112228746,1.1497262609831416,0.6830495356037152,0.15208080516524147,0.7856359918510203,0.0,77.0,27.0,0.0,2.710863557473423,0.23233514709145195,-0.9547823743987356,-0.9790536151044313,1.0144989860909317,0.0,4506750.998123554
4.0,0.05,B,2018-02,11718432.8492429,0.3225434588087751,110.0,-0.9070582943834621,1.8064448441518808,23.54995403880823,1.0443534514263058,22.54995403880823,1.003228584992319,0.674342105263158,0.12951449843713353,0.7310988302325806,0.0,70.0,24.0,2.0,2.9616332142922634,0.2849973681217493,-0.9333230823263674,-0.9777798574613169,1.0105549837860945,0.0,7039734.413059578
4.0,0.05,B,2022-05,7044334.350987574,0.2607208831747533,115.0,-0.9018863794573799,1.8492559309773335,18.008945121472827,1.0587926131743766,17.008945121472827,1.0547164702792156,0.6700851393188854,0.15208080516524147,0.7389802915368087,0.0,73.0,26.0,0.0,2.428624767124277,0.2053717045404233,-0.9547823743987356,-0.9790536151044313,1.0144989860909317,0.0,3290255.321124707
4.0,0.05,B,2022-10,6830795.771413,0.257075700877903,113.0,-0.8990983178201291,1.7725529093214494,15.770632225114028,1.0677062738188756,14.770632225114028,0.967080894675826,0.6497678018575851,0.15208080516524147,0.6874825908595172,0.0,71.0,26.0,0.0,2.421521835979061,0.20527160409224782,-0.9547823743987356,-0.9790536151044313,1.0144989860909317,0.0,3654195.345347355
4.0,0.05,F,,66343930.00031641,0.2562131424139801,178.0,-0.9165070287519426,1.3831646421442012,18.1282912850741,1.0583829402058937,17.1282912850741,0.7957276119663259,0.49650907640135644,0.6088804857876208,0.6104512509962099,0.0,128.0,35.0,0.0,4.687327130771477,0.22401729379339083,-0.9570076941786184,-0.9790448610724235,1.01277716294597,0.0,25534601.294219706
4.0,0.05,F,2024-02,66180311.07631487,0.25606314098006866,178.0,-0.9165070287519426,1.3735175611173538,18.1282912850741,1.0583829402058937,17.1282912850741,0.7857230592418448,0.49022541392379815,0.6088804857876208,0.6060748868256274,0.0,128.0,35.0,0.0,4.6829974703954855,0.22401803815918606,-0.9570076941786184,-0.9790448610724235,1.01277716294597,0.0,25534378.346785016
4.0,0.05,F,2012-01,61008283.826753825,0.25111824743978717,176.5,-0.9076464182174062,1.2880453776670162,18.120583447177808,1.0584092244032843,17.120583447177808,0.6967011686802529,0.492918412128466,0.6088831191794715,0.5874893793797646,0.0,126.5,34.5,3.0,4.560203805906022,0.219474987037755,-0.9650584049921311,-0.9790397082378718,1.0145077065683634,0.0,24376225.65821321
4.0,0.05,F,2018-02,82721292.41674879,0.2697192745986018,170.0,-0.8869222653518265,1.2861247060163912,20.24011832676598,1.0519747323283901,19.24011832676598,0.7058241542008178,0.4825453820067824,0.6088868366946733,0.585947409982324,0.0,120.5,32.0,2.0,4.929431074482092,0.24652249773175766,-0.9317461553301677,-0.9333481403716938,1.0306327848889107,0.0,48101865.05304015
4.0,0.05,F,2022-05,44618256.087706104,0.2322856558653974,174.0,-0.9144093749773895,1.3470932083872365,18.117263954405498,1.058420551691212,17.117263954405498,0.7566418338993757,0.49002593257530425,0.6088804857876208,0.5927208466681317,0.0,122.0,35.0,0.0,4.367573321717604,0.21303582039434854,-0.9548048553694082,-0.9790448610724235,1.0145046249580145,0.0,21238602.355082367
4.0,0.05,F,2022-10,47529377.026939645,0.23606831979909948,173.0,-0.9106292889836931,1.2915678032701732,18.06774327357835,1.0585904971028537,17.06774327357835,0.7056555042441914,0.4734689806503092,0.6088804857876208,0.5606964615922734,0.0,123.0,34.0,0.0,4.383940799609481,0.2059978231277133,-0.9548048553694082,-0.9790448610724235,1.0145046249580145,0.0,20032603.305204738
4.0,0.08,A,,4028361.770884501,0.20822095424039977,59.0,-0.6414435947848408,0.7867130598417662,5.899959061531733,1.2040842816546489,4.899959061531733,0.43087367085549266,0.2875816993464052,0.6056951347894769,0.39541153750064717,0.0,50.0,8.0,0.0,1.8847620652058878,0.1743548691556758,-0.8214133141078019,-0.8795394533564714,1.072376030599221,0.0,2465690.416584834
4.0,0.08,A,2012-01,3721383.726889469,0.19874618754726714,57.0,-0.5506207054863548,0.6163623508771672,4.782745684158934,1.2643582422652653,3.782745684158934,0.26025716147079814,0.28431372549019607,0.6056978970152136,0.32051456964739067,0.0,49.0,8.0,3.0,1.8086058840470565,0.18779029629036473,-0.5846916695060802,-0.5847467097617146,1.248372485257096,0.0,3256764.7500334983
4.0,0.08,B,,6693062.188069649,0.2546631447534059,116.5,-0.9535179192319805,2.0933122555429144,33.47979960661168,1.0307992149371707,32.47979960661168,1.2836579530680443,0.696013931888545,0.08877485918058432,0.8809350153317251,0.0,74.5,27.0,0.0,2.4207442795602985,0.18738556107924675,-0.98453592660371,-1.0101952765706488,0.9949526272522731,0.0,2599286.5912874527
4.0,0.08,B,2024-02,6792791.540306987,0.25641575165407227,116.0,-0.9535179192319805,2.0871762463836694,33.47979960661168,1.0307992149371707,32.47979960661168,1.2850378582023922,0.6919504643962848,0.08877485918058432,0.8766576242567965,0.0,74.0,26.5,0.0,2.429375197321884,0.1866084729811442,-0.98453592660371,-1.0101952765706488,0.9949526272522731,0.0,2916143.4778109198
4.0,0.08,B,2018-02,9752404.467459712,0.2998928964137412,108.5,-0.9272422840369816,1.8683265171343915,31.169293155252287,1.0331462889608707,30.169293155252287,1.0671030964703605,0.6873065015479876,0.10644029879202388,0.7884845410117521,0.0,69.0,24.0,2.0,2.770267519490048,0.2596427318662976,-0.9604022262581475,-1.0351535565339416,0.9826002505829871,0.0,5575815.753387914
4.0,0.08,B,2022-05,5427898.863501977,0.23018313506520982,113.0,-0.9331547407592271,1.9772456233201765,29.503172231659015,1.0350844273807978,28.503172231659015,1.1682544963889785,0.6784055727554179,0.1287839564056516,0.8324695539346771,0.0,71.0,26.0,0.0,2.165980235583065,0.16069733233602296,-0.9742833166634488,-0.9931708024984597,1.0048103956049974,0.0,2418073.9252596204
4.0,0.08,B,2022-10,5423347.919428231,0.2300826110003129,111.0,-0.9105631288040668,1.8940127157853182,17.90057206515029,1.0591826456724391,16.90057206515029,1.0917647867413094,0.6575077399380805,0.13418248837411656,0.728672780496445,0.0,69.0,26.0,0.0,2.1550057119397237,0.1638573966890901,-0.9741706298714241,-0.9931708024984597,1.0048103956049974,0.0,2537150.666132837
4.0,0.08,F,,49220440.77771269,0.23816386579339033,175.0,-0.9483714975821981,1.4466955983437702,29.67596682533965,1.034875811605968,28.67596682533965,0.8561043138248646,0.4982046678635548,0.4708187851852691,0.6596216272742894,0.0,124.5,34.0,0.0,4.3249396470363894,0.19662329413711238,-0.9852543004162967,-0.9931726102770209,1.0048091184772439,0.0,16956348.351954203
4.0,0.08,F,2024-02,47503853.028823406,0.23602665131983214,174.0,-0.9483714975821981,1.4420368508181691,29.67596682533965,1.034875811605968,28.67596682533965,0.8517453065705671,0.4969080390983443,0.4708187851852691,0.663133445382788,0.0,124.5,34.0,0.0,4.315226646703944,0.19616713654999662,-0.9852543004162967,-0.9931726102770209,1.0048091184772439,0.0,16956199.78891762
4.0,0.08,F,2012-01,46389663.889256485,0.23461509127509528,174.0,-0.9483679479222569,1.3526027186578093,29.378821591505947,1.0352375457629588,28.378821591505947,0.763677750060757,0.497606223818073,0.6056645919154573,0.6442609858521469,0.0,124.0,34.0,3.0,4.250619174452999,0.19973048640287125,-0.9791965018367905,-1.0241002873547955,0.9863653181478507,0.0,16019780.95785188
4.0,0.08,F,2018-02,60818482.38901374,0.25092876621787363,167.0,-0.9184576266794535,1.351299176934742,25.09711877825214,1.041514377285,24.09711877825214,0.7639114547258148,0.48962696987831633,0.605665547051153,0.6272888632405738,0.0,118.0,32.0,2.0,4.644207941693631,0.2298306336822807,-0.9534476463790733,-0.9855532965034226,1.0069022450723166,0.0,34925247.288712956
4.0,0.08,F,2022-05,33175615.444535516,0.2147114306677551,170.0,-0.9483603932794205,1.4308323407743575,29.363916193012756,1.0352560625988518,28.363916193012756,0.8393300077554215,0.4914223020147616,0.47426934742410587,0.6537571920255159,0.0,119.0,35.0,0.0,4.016579693609829,0.1869823403590966,-0.9846770440455551,-0.9931726102770209,1.0048091184772439,0.0,13562280.295520848
4.0,0.08,F,2022-10,35319090.87750536,0.21840445694400956,171.0,-0.9347798907584912,1.3451645972905157,25.242599947494313,1.0424698439114484,24.242599947494313,0.7520536006296403,0.47686016357470573,0.47426934742410587,0.5999206553551462,0.0,120.0,34.0,0.0,4.047557902418676,0.18203754510535547,-0.9846770440455551,-0.9931726102770209,1.0048091184772439,0.0,11373965.890405534
5.0,0.05,A,,5885205.11858074,0.2545855277253223,60.0,-0.7173921175000938,0.9567229302371183,8.960521279325233,1.125620774980794,7.960521279325233,0.5889522602617272,0.28921568627450983,0.49753305860316616,0.5020710289269665,0.0,51.0,8.0,0.0,2.280467428704369,0.21966241057767796,-0.9258621511838625,-0.987692771188875,1.0057775856113476,0.0,3404309.180771294
5.0,0.05,A,2012-01,5077556.273878012,0.23632414271531554,57.0,-0.6496618981573656,0.7572103293983194,7.322964397816982,1.1581536660787228,6.322964397816982,0.38816938743843854,0.2949346405228758,0.4975693507577262,0.4110957839491354,0.0,49.0,8.0,3.0,2.1201699502993465,0.22443818061467996,-0.6906545186028719,-0.6907368745252958,1.1395994808836636,0.0,4419933.2372527765
5.0,0.05,B,,12731723.249796225,0.33289936692643673,115.5,-1.086048016178049,2.552487917239193,213.34219852387434,0.957972378619369,212.34219852387434,1.7280241969132373,0.7261996904024768,-0.17546136505538423,18.96820870895693,0.0,73.5,27.0,0.0,3.013010367027417,0.24928233426874774,-1.1206930900278882,-1.144936366778282,0.9217117219712545,0.0,3710310.6400302886
5.0,0.05,B,2024-02,12560769.149007145,0.3311850783424567,115.0,-1.086048016178049,2.589338003570386,200.889974905008,0.957972378619369,199.889974905008,1.7705422702033358,0.7254256965944272,-0.16974078338138682,18.967456418976298,0.0,74.0,27.0,0.0,3.0086016713327033,0.24239967690704847,-1.1206930900278882,-1.144936366778282,0.9217117219712545,0.0,4151418.6631008233
5.0,0.05,B,2018-02,19567841.258899167,0.3878910250941039,111.0,-1.0973199606108972,2.2756629182798607,277.65699610533073,0.9663594594238952,276.65699610533073,1.4508470590671194,0.7174922600619195,-0.14957713398568412,18.879106305340976,0.0,70.0,24.0,2.0,3.4543063063274415,0.3371920447884349,-1.1528356476964245,-1.1540271123534194,0.9386527207903653,0.0,11266806.76311916
5.0,0.05,B,2022-05,9604590.45300288,0.29801253753576373,112.0,-1.081946787125432,2.4726471336031572,181.18256355447545,0.9634233598491662,180.18256355447545,1.6452634898071479,0.7252321981424149,-0.1564510542264247,18.645672125102294,0.0,69.5,26.5,0.0,2.6787898984740806,0.20394888859178067,-1.1206304557555191,-1.143292245070699,0.9217117219712545,0.0,3352161.827495144
5.0,0.05,B,2022-10,9359187.705426197,0.2948676472247709,111.0,-1.0619446939251667,2.3484713485034603,113.04177217297823,0.9715902198742281,112.04177217297823,1.522982543354927,0.715750773993808,-0.10311304908440545,13.72972437973603,0.0,68.5,26.0,0.0,2.658483639768945,0.20661078020909557,-1.1206226191896633,-1.143292245070699,0.9217117219712545,0.0,3443386.446170118
5.0,0.05,F,,126569044.41070044,0.29616803296150185,176.0,-1.0860285322811625,1.8842950597065782,236.26765528689535,0.9539724356212069,235.26765528689535,1.2810444506840124,0.5200478755236385,-1.381959929456829,14.411450160669721,0.0,125.5,34.5,0.0,5.282751624079173,0.2467710772993416,-1.133683435855506,-1.146786876758628,0.9149308189734232,0.0,34546919.619731754
5.0,0.05,F,2024-02,127488156.06998223,0.29662244628299617,175.0,-1.0860285322811625,1.8539037877429536,210.82641335961412,0.9539724356212069,209.82641335961412,1.2496696421107374,0.5186515060841812,-1.355531069438563,14.455758227393313,0.0,125.0,34.5,0.0,5.269484892921881,0.24544186863545164,-1.133683435855506,-1.146786876758628,0.9149308189734232,0.0,34546456.952196844
5.0,0.05,F,2012-01,114794903.40428364,0.29004864155580734,175.0,-1.0493511575251246,1.7434157380270647,197.95879463112823,0.978144832423073,196.95879463112823,1.1357269111153734,0.5181528027129463,-1.3563889449178241,14.311703752986663,0.0,124.0,34.0,3.0,5.175791078791432,0.24381193566596882,-1.1210324114285153,-1.1432336512829961,0.9149387649117255,0.0,33236794.350126978
5.0,0.05,F,2018-02,185826307.14954162,0.32052228822440587,171.0,-1.0973290196202838,1.6467357046226954,283.51940639528794,0.9663560328398132,282.51940639528794,1.0403794875516916,0.5121683622581288,-1.4083536305239392,14.3940981204413,0.0,122.0,32.0,2.0,5.745463285376428,0.2951617098663116,-1.152045534502083,-1.1540167486072157,0.9467615775453773,0.0,93498310.7691183
5.0,0.05,F,2022-05,79843851.72407284,0.26754281162033156,170.0,-1.0856715563755897,1.8391764666324102,234.94327775708229,0.9590158705006959,233.94327775708229,1.2313837224827702,0.5184520247356872,-1.442812322891938,14.446312931644833,0.0,119.5,35.0,0.0,4.905768773302203,0.23228824151731575,-1.1329800903324403,-1.143295092623128,0.9149308189734232,0.0,23846728.60726107
5.0,0.05,F,2022-10,83109043.88443762,0.2700078992325522,171.0,-1.0819422264035536,1.682884207982224,177.36563552460137,0.9590158705006959,176.36563552460137,1.078143802134168,0.5075802912427687,-1.0624889845190477,13.976864672333669,0.0,119.5,34.0,0.0,4.921495799595166,0.22304737429216365,-1.1329800903324403,-1.143295092623128,0.9149308189734232,0.0,19332001.2872807
5.0,0.08,A,,5318876.230331561,0.24203828375841452,59.0,-0.7571376067802862,0.9816317590561038,9.91646917430105,1.112152389312703,8.91646917430105,0.6112796251161174,0.28921568627450983,0.4927038155129767,0.5172380777282382,0.0,50.0,8.0,0.0,2.1519105223364194,0.2007623462100022,-0.9642797632167706,-1.0312167937382422,0.9851704401423604,0.0,2945306.681849932
5.0,0.08,A,2012-01,4725688.135721033,0.22753578982129496,56.0,-0.676518084846736,0.7604107877015094,7.64224361026684,1.1505515402633353,6.64224361026684,0.39051950502969934,0.2949346405228758,0.4927437563256512,0.4170333652585869,0.0,48.0,8.0,3.0,2.0476205575316975,0.21593759049381334,-0.7172387686584721,-0.7173664345100275,1.1315175585511437,0.0,4072171.6824077647
5.0,0.08,B,,8323475.430843903,0.2806612554079533,114.0,-1.1244272005703935,2.715447880913053,417.49912230917244,0.9381117547952833,416.49912230917244,1.8896231578399711,0.7310371517027864,-0.2425176300306302,19.71377283068511,0.0,72.0,26.0,0.0,2.620159340109239,0.188303423735577,-1.1623628439939977,-1.2246173420019713,0.9091853745573643,0.0,2424089.5022076354
5.0,0.08,B,2024-02,8278727.833167061,0.2800058089690356,113.5,-1.1244272005703935,2.782395607007887,428.22097031830873,0.9381117547952833,427.22097031830873,1.9611020446694798,0.7316176470588236,-0.2425176300306302,19.785557347758896,0.0,71.5,26.0,0.0,2.611722885751156,0.18830198689370042,-1.1623628439939977,-1.2246173420019713,0.9091853745573643,0.0,2547773.634092974
5.0,0.08,B,2018-02,15712058.310186174,0.3595315060964922,110.0,-1.1491058517550508,2.43229630031499,532.8298471568324,0.9488122505864709,531.8298471568324,1.609446659017343,0.7256191950464397,-0.4006991182990574,19.760614764037594,0.0,70.0,24.0,2.0,3.2233739021294325,0.30601601569014664,-1.180995214630138,-1.228726642574821,0.9106551151590473,0.0,7935272.499558748
5.0,0.08,B,2022-05,6555407.5914533995,0.25214466038000505,110.5,-1.1230079075020352,2.697914246053367,313.4353875011911,0.953187605700958,312.4353875011911,1.879134103849509,0.7229102167182663,-0.2205597639444288,19.249838875454607,0.0,68.5,26.0,0.0,2.3106962197685235,0.16131140495113877,-1.1622407258010268,-1.1627989344875327,0.9091853745573643,0.0,2241694.899430434
5.0,0.08,B,2022-10,6235605.451230478,0.2463380162198543,109.5,-1.0794279308990335,2.551380200630767,264.86961877172405,0.9578707046556114,263.86961877172405,1.7227209366455662,0.7145897832817338,-0.19678454390401795,13.942550145000615,0.0,68.0,26.0,0.0,2.278391250100075,0.14872487250519284,-1.1622407258010268,-1.1627989344875327,0.9091853745573643,0.0,1887176.3970252245
5.0,0.08,F,,73922420.01687431,0.26279048321721343,171.5,-1.1244409706670115,1.9052294904885954,480.4561000810195,0.9349729379718119,479.4561000810195,1.2992140962158265,0.5226411330540595,-2.3296869280120376,15.021674872629095,0.0,121.0,34.0,0.0,4.7722668461107105,0.2126268669128923,-1.1622876903658808,-1.2254165841044318,0.8916285890362233,0.0,18786339.205249373
5.0,0.08,F,2024-02,72878594.9224411,0.26193493197292506,169.0,-1.1244409706670115,1.9845625538578764,418.34151897169147,0.9349729379718119,417.34151897169147,1.3772454699197958,0.5220426890085776,-2.31540377469621,15.021674874861294,0.0,120.5,34.0,0.0,4.76596000672818,0.2128089129242836,-1.1622876903658808,-1.2254165841044318,0.8916285890362233,0.0,18786086.435184013
5.0,0.08,F,2012-01,70487434.56060675,0.25990714292764305,172.0,-1.115827107431676,1.8484994668791774,407.3663494554079,0.9548162122832076,406.3663494554079,1.2429695909535108,0.5234390584480351,-1.8449032380185244,15.1865205159379,0.0,122.0,34.0,3.0,4.69120795876185,0.20815287616571948,-1.1627004206376812,-1.2148129933263938,0.891636332876417,0.0,16510364.871270662
5.0,0.08,F,2018-02,125753752.23282568,0.2957629792369656,168.0,-1.1246514872753544,1.8617473437531733,667.5012698852631,0.9572004296746501,666.5012698852631,1.2558337174978655,0.5167564332734889,-2.244363765459399,15.147392914951002,0.0,119.0,32.0,2.0,5.362241771241713,0.26868805859575084,-1.179247794600168,-1.188620439262951,0.9302276591700471,0.0,63639649.734470636
5.0,0.08,F,2022-05,49523724.87310313,0.2385297225708929,166.5,-1.124398138623914,1.9639795389407462,317.4102837445236,0.9353614776683328,316.4102837445236,1.3585635367191706,0.5177538400159585,-1.8389554205967813,15.057505193679539,0.0,116.0,34.0,0.0,4.413363569990135,0.20175347213965591,-1.1622876903658808,-1.1743988323274974,0.8916285890362233,0.0,13350577.701599043
5.0,0.08,F,2022-10,54164304.372115515,0.24392250699268314,167.0,-1.1119614200061334,1.7983186867111314,223.62960279762189,0.9464008718340879,222.62960279762189,1.196573159206677,0.5113704368641532,-1.3893258819286805,10.602498555768591,0.0,117.0,34.0,0.0,4.4361267877098545,0.1913674279033548,-1.1622655504076163,-1.1743988323274974,0.8916285890362233,0.0,9210868.403785551
