L,borrow,var,win,final,cagr,n_trades,max_dd,avg_exposure,max_exposure,min_mr,max_debt_eq,avg_debt_eq,days_borrow,min_eq,vol,n_mc,n_tp,n_sl,n_panic,mean_log,cagr_p10,dd_p10,dd_worst,min_mr_worst,mc_any,final_min
0.5,0.05,cost,A,977794.8592075377,0.049707183521838005,58.0,-0.09214107505670721,0.10458023799682022,0.45914627149828846,inf,0.0,0.0,0.0,0.9968538548854781,0.04679882358688764,0.0,50.0,8.0,0.0,0.4944509125467403,0.04610992313473818,-0.12230835336019497,-0.12952459983739129,inf,0.0,925749.1751472317
0.5,0.05,cost,B,1143919.7264843425,0.0625780864350548,124.0,-0.13580989032175794,0.23256387535999484,0.455764171747546,inf,0.0,0.0,0.0,0.9495115322734937,0.0692216096944309,0.0,82.0,26.0,0.0,0.6499313487516393,0.05718633692878119,-0.14844413218206806,-0.15011419299106732,inf,0.0,1055071.6212982803
0.5,0.05,cost,F,1884602.766385423,0.057048210445657443,182.0,-0.14037635793677417,0.16949527807308384,0.4617531478566891,inf,0.0,0.0,0.0,0.9968538548854781,0.05946989027694641,0.0,132.0,34.0,0.0,1.151014128999313,0.0542074589708099,-0.14998025925837957,-0.1501141446914075,inf,0.0,1662003.2080513828
0.5,0.05,cost_mc,A,977794.8592075377,0.049707183521838005,58.0,-0.09214107505670721,0.10458023799682022,0.45914627149828846,inf,0.0,0.0,0.0,0.9968538548854781,0.04679882358688764,0.0,50.0,8.0,0.0,0.4944509125467403,0.04610992313473818,-0.12230835336019497,-0.12952459983739129,inf,0.0,925749.1751472317
0.5,0.05,cost_mc,B,1143919.7264843425,0.0625780864350548,124.0,-0.13580989032175794,0.23256387535999484,0.455764171747546,inf,0.0,0.0,0.0,0.9495115322734937,0.0692216096944309,0.0,82.0,26.0,0.0,0.6499313487516393,0.05718633692878119,-0.14844413218206806,-0.15011419299106732,inf,0.0,1055071.6212982803
0.5,0.05,cost_mc,F,1884602.766385423,0.057048210445657443,182.0,-0.14037635793677417,0.16949527807308384,0.4617531478566891,inf,0.0,0.0,0.0,0.9968538548854781,0.05946989027694641,0.0,132.0,34.0,0.0,1.151014128999313,0.0542074589708099,-0.14998025925837957,-0.1501141446914075,inf,0.0,1662003.2080513828
0.5,0.05,mtm_mc,A,986085.9355415993,0.05058836463329153,59.0,-0.10715474384137907,0.1097981866010226,0.47864879892951584,inf,0.0,0.0,0.0,0.9969380787533464,0.049128528935490925,0.0,51.0,8.0,0.0,0.4983787542129356,0.047352750844993706,-0.12483051780277428,-0.1399794113668862,inf,0.0,931349.0185102476
0.5,0.05,mtm_mc,B,1165110.1856420618,0.0644142697797957,128.0,-0.13931815457957547,0.24013070382294818,0.47373975272392976,inf,0.0,0.0,0.0,0.9486347319500874,0.07120134092980565,0.0,85.0,27.0,0.0,0.6647173402957696,0.05889090652406701,-0.1536144168132732,-0.1579519806703198,inf,0.0,1057193.8482097278
0.5,0.05,mtm_mc,F,1922062.8382058246,0.058057161004521074,187.0,-0.14210806777900908,0.1758893256045584,0.4794196680490056,inf,0.0,0.0,0.0,0.9969380787533464,0.061284233947905296,0.0,136.0,34.0,0.0,1.170202124021281,0.055566860169698695,-0.1525072582463337,-0.15934219901903524,inf,0.0,1732586.773672977
0.5,0.05,fixed_mc,A,973939.3355716576,0.049295394232835354,62.0,-0.09262316902100903,0.10312138365441148,0.47608840847927947,inf,0.0,0.0,0.0,0.9994169044469023,0.04753463766490352,0.0,53.0,9.0,0.0,0.4860590297296518,0.04727472616778583,-0.1186378871317605,-0.13457160222399045,inf,0.0,922907.3433570986
0.5,0.05,fixed_mc,B,1146490.1426747274,0.06280246731498063,142.0,-0.14516836872841532,0.2311849390318667,0.4745382770885801,inf,0.0,0.0,0.0,0.9423656399625739,0.06835855652548813,0.0,95.0,28.0,0.0,0.6437411689570642,0.05816688729927588,-0.15958067443380974,-0.17070604252383648,inf,0.0,1073253.7796479105
0.5,0.05,fixed_mc,F,1744097.9136537416,0.053085671624861774,221.5,-0.13971914811064534,0.14802798714831666,0.4763527869336892,inf,0.0,0.0,0.0,0.9994169044469023,0.05242494444915116,0.0,165.0,39.0,0.0,1.0675978423331374,0.052203507656599625,-0.14296977651337078,-0.1451750828016245,inf,0.0,1673721.138042018
0.5,0.08,cost,A,977794.8592075377,0.049707183521838005,58.0,-0.09214107505670721,0.10458023799682022,0.45914627149828846,inf,0.0,0.0,0.0,0.9968538548854781,0.04679882358688764,0.0,50.0,8.0,0.0,0.4944509125467403,0.04610992313473818,-0.12230835336019497,-0.12952459983739129,inf,0.0,925749.1751472317
0.5,0.08,cost,B,1143919.7264843425,0.0625780864350548,124.0,-0.13580989032175794,0.23256387535999484,0.455764171747546,inf,0.0,0.0,0.0,0.9495115322734937,0.0692216096944309,0.0,82.0,26.0,0.0,0.6499313487516393,0.05718633692878119,-0.14844413218206806,-0.15011419299106732,inf,0.0,1055071.6212982803
0.5,0.08,cost,F,1884602.766385423,0.057048210445657443,182.0,-0.14037635793677417,0.16949527807308384,0.4617531478566891,inf,0.0,0.0,0.0,0.9968538548854781,0.05946989027694641,0.0,132.0,34.0,0.0,1.151014128999313,0.0542074589708099,-0.14998025925837957,-0.1501141446914075,inf,0.0,1662003.2080513828
0.5,0.08,cost_mc,A,977794.8592075377,0.049707183521838005,58.0,-0.09214107505670721,0.10458023799682022,0.45914627149828846,inf,0.0,0.0,0.0,0.9968538548854781,0.04679882358688764,0.0,50.0,8.0,0.0,0.4944509125467403,0.04610992313473818,-0.12230835336019497,-0.12952459983739129,inf,0.0,925749.1751472317
0.5,0.08,cost_mc,B,1143919.7264843425,0.0625780864350548,124.0,-0.13580989032175794,0.23256387535999484,0.455764171747546,inf,0.0,0.0,0.0,0.9495115322734937,0.0692216096944309,0.0,82.0,26.0,0.0,0.6499313487516393,0.05718633692878119,-0.14844413218206806,-0.15011419299106732,inf,0.0,1055071.6212982803
0.5,0.08,cost_mc,F,1884602.766385423,0.057048210445657443,182.0,-0.14037635793677417,0.16949527807308384,0.4617531478566891,inf,0.0,0.0,0.0,0.9968538548854781,0.05946989027694641,0.0,132.0,34.0,0.0,1.151014128999313,0.0542074589708099,-0.14998025925837957,-0.1501141446914075,inf,0.0,1662003.2080513828
0.5,0.08,mtm_mc,A,986085.9355415993,0.05058836463329153,59.0,-0.10715474384137907,0.1097981866010226,0.47864879892951584,inf,0.0,0.0,0.0,0.9969380787533464,0.049128528935490925,0.0,51.0,8.0,0.0,0.4983787542129356,0.047352750844993706,-0.12483051780277428,-0.1399794113668862,inf,0.0,931349.0185102476
0.5,0.08,mtm_mc,B,1165110.1856420618,0.0644142697797957,128.0,-0.13931815457957547,0.24013070382294818,0.47373975272392976,inf,0.0,0.0,0.0,0.9486347319500874,0.07120134092980565,0.0,85.0,27.0,0.0,0.6647173402957696,0.05889090652406701,-0.1536144168132732,-0.1579519806703198,inf,0.0,1057193.8482097278
0.5,0.08,mtm_mc,F,1922062.8382058246,0.058057161004521074,187.0,-0.14210806777900908,0.1758893256045584,0.4794196680490056,inf,0.0,0.0,0.0,0.9969380787533464,0.061284233947905296,0.0,136.0,34.0,0.0,1.170202124021281,0.055566860169698695,-0.1525072582463337,-0.15934219901903524,inf,0.0,1732586.773672977
0.5,0.08,fixed_mc,A,973939.3355716576,0.049295394232835354,62.0,-0.09262316902100903,0.10312138365441148,0.47608840847927947,inf,0.0,0.0,0.0,0.9994169044469023,0.04753463766490352,0.0,53.0,9.0,0.0,0.4860590297296518,0.04727472616778583,-0.1186378871317605,-0.13457160222399045,inf,0.0,922907.3433570986
0.5,0.08,fixed_mc,B,1146490.1426747274,0.06280246731498063,142.0,-0.14516836872841532,0.2311849390318667,0.4745382770885801,inf,0.0,0.0,0.0,0.9423656399625739,0.06835855652548813,0.0,95.0,28.0,0.0,0.6437411689570642,0.05816688729927588,-0.15958067443380974,-0.17070604252383648,inf,0.0,1073253.7796479105
0.5,0.08,fixed_mc,F,1744097.9136537416,0.053085671624861774,221.5,-0.13971914811064534,0.14802798714831666,0.4763527869336892,inf,0.0,0.0,0.0,0.9994169044469023,0.05242494444915116,0.0,165.0,39.0,0.0,1.0675978423331374,0.052203507656599625,-0.14296977651337078,-0.1451750828016245,inf,0.0,1673721.138042018
0.75,0.05,cost,A,1136276.855032457,0.06548732402140789,58.0,-0.1403931281466415,0.15461619655123798,0.6713189423771972,inf,0.0,0.0,0.0,0.9693474604500555,0.06987448696506021,0.0,50.0,8.0,0.0,0.6395664226586245,0.05958455938707421,-0.1842921707261287,-0.19495940583555893,inf,0.0,1035068.8022286986
0.75,0.05,cost,B,1413723.2121701296,0.0839560633389419,124.0,-0.2038732070595633,0.34188623688383246,0.67643672533119,inf,0.0,0.0,0.0,0.8978362006592361,0.1030759256707297,0.0,82.0,26.0,0.0,0.8621507542769736,0.07513801370771737,-0.22316751040932456,-0.22545277562758825,inf,0.0,1249130.4559444769
0.75,0.05,cost,F,2691236.1579965735,0.07546241800552134,183.0,-0.21078885816313014,0.25195206724674046,0.6808859073499587,inf,0.0,0.0,0.0,0.9693474604500555,0.08853534165026672,0.0,133.0,34.0,0.0,1.511156517149979,0.07157772399675891,-0.22545032715713947,-0.22577801020312593,inf,0.0,2240574.0393889276
0.75,0.05,cost_mc,A,1136276.855032457,0.06548732402140789,58.0,-0.1403931281466415,0.15461619655123798,0.6713189423771972,inf,0.0,0.0,0.0,0.9693474604500555,0.06987448696506021,0.0,50.0,8.0,0.0,0.6395664226586245,0.05958455938707421,-0.1842921707261287,-0.19495940583555893,inf,0.0,1035068.8022286986
0.75,0.05,cost_mc,B,1413723.2121701296,0.0839560633389419,124.0,-0.2038732070595633,0.34188623688383246,0.67643672533119,inf,0.0,0.0,0.0,0.8978362006592361,0.1030759256707297,0.0,82.0,26.0,0.0,0.8621507542769736,0.07513801370771737,-0.22316751040932456,-0.22545277562758825,inf,0.0,1249130.4559444769
0.75,0.05,cost_mc,F,2691236.1579965735,0.07546241800552134,183.0,-0.21078885816313014,0.25195206724674046,0.6808859073499587,inf,0.0,0.0,0.0,0.9693474604500555,0.08853534165026672,0.0,133.0,34.0,0.0,1.511156517149979,0.07157772399675891,-0.22545032715713947,-0.22577801020312593,inf,0.0,2240574.0393889276
0.75,0.05,mtm_mc,A,1138112.3925867013,0.06565869757889553,59.0,-0.15981102076639553,0.1613936453136015,0.6966765469238463,inf,0.0,0.0,0.0,0.9695373021086632,0.07250150590976806,0.0,51.0,8.0,0.0,0.6409108499732555,0.060708836213613025,-0.1838134423970953,-0.20837471600427793,inf,0.0,1047318.7877376718
0.75,0.05,mtm_mc,B,1430923.5270437656,0.08519012626802658,128.5,-0.20900517837179367,0.3504396284632163,0.6926167602419002,inf,0.0,0.0,0.0,0.8905467494517111,0.10507368894047421,0.0,85.0,27.0,0.0,0.8854355366794973,0.07769268844387882,-0.22364931399841126,-0.2360093645440694,inf,0.0,1282673.0479991357
0.75,0.05,mtm_mc,F,2798528.56908393,0.07750235349979073,188.0,-0.2101602377769224,0.25879462622639005,0.6978952680828802,inf,0.0,0.0,0.0,0.9695373021086632,0.0911006728986417,0.0,137.0,34.0,0.0,1.5393833552304912,0.07298015803092398,-0.22860697387110035,-0.23829062757439734,inf,0.0,2415388.7709334865
0.75,0.05,fixed_mc,A,1111335.0513029285,0.06314133613306816,63.0,-0.1474345246353752,0.15310247120543857,0.6961883424690319,inf,0.0,0.0,0.0,0.9731810830036776,0.0711279409089838,0.0,54.0,9.0,0.0,0.6167204474934767,0.05970294944202483,-0.17888859623243375,-0.19074177248119972,inf,0.0,1035862.3137239257
0.75,0.05,fixed_mc,B,1376238.569973902,0.08121986521244784,143.0,-0.2187115575576004,0.32906499042824966,0.69284221810224,inf,0.0,0.0,0.0,0.8881525259360873,0.09801258730886808,0.0,97.0,29.0,0.0,0.8289988485164571,0.07697320110090233,-0.23734925260775863,-0.2396571663344137,inf,0.0,1290174.1909940557
0.75,0.05,fixed_mc,F,2227001.2865503123,0.06563672092125372,225.0,-0.20045306720861433,0.20111711492604434,0.6972818884066865,inf,0.0,0.0,0.0,0.9731810830036776,0.07330039895996981,0.0,168.0,39.0,0.0,1.3128809831096162,0.06436749383317908,-0.20399400346254545,-0.2070458132463524,inf,0.0,2118389.1332853413
0.75,0.08,cost,A,1136276.855032457,0.06548732402140789,58.0,-0.1403931281466415,0.15461619655123798,0.6713189423771972,inf,0.0,0.0,0.0,0.9693474604500555,0.06987448696506021,0.0,50.0,8.0,0.0,0.6395664226586245,0.05958455938707421,-0.1842921707261287,-0.19495940583555893,inf,0.0,1035068.8022286986
0.75,0.08,cost,B,1413723.2121701296,0.0839560633389419,124.0,-0.2038732070595633,0.34188623688383246,0.67643672533119,inf,0.0,0.0,0.0,0.8978362006592361,0.1030759256707297,0.0,82.0,26.0,0.0,0.8621507542769736,0.07513801370771737,-0.22316751040932456,-0.22545277562758825,inf,0.0,1249130.4559444769
0.75,0.08,cost,F,2691236.1579965735,0.07546241800552134,183.0,-0.21078885816313014,0.25195206724674046,0.6808859073499587,inf,0.0,0.0,0.0,0.9693474604500555,0.08853534165026672,0.0,133.0,34.0,0.0,1.511156517149979,0.07157772399675891,-0.22545032715713947,-0.22577801020312593,inf,0.0,2240574.0393889276
0.75,0.08,cost_mc,A,1136276.855032457,0.06548732402140789,58.0,-0.1403931281466415,0.15461619655123798,0.6713189423771972,inf,0.0,0.0,0.0,0.9693474604500555,0.06987448696506021,0.0,50.0,8.0,0.0,0.6395664226586245,0.05958455938707421,-0.1842921707261287,-0.19495940583555893,inf,0.0,1035068.8022286986
0.75,0.08,cost_mc,B,1413723.2121701296,0.0839560633389419,124.0,-0.2038732070595633,0.34188623688383246,0.67643672533119,inf,0.0,0.0,0.0,0.8978362006592361,0.1030759256707297,0.0,82.0,26.0,0.0,0.8621507542769736,0.07513801370771737,-0.22316751040932456,-0.22545277562758825,inf,0.0,1249130.4559444769
0.75,0.08,cost_mc,F,2691236.1579965735,0.07546241800552134,183.0,-0.21078885816313014,0.25195206724674046,0.6808859073499587,inf,0.0,0.0,0.0,0.9693474604500555,0.08853534165026672,0.0,133.0,34.0,0.0,1.511156517149979,0.07157772399675891,-0.22545032715713947,-0.22577801020312593,inf,0.0,2240574.0393889276
0.75,0.08,mtm_mc,A,1138112.3925867013,0.06565869757889553,59.0,-0.15981102076639553,0.1613936453136015,0.6966765469238463,inf,0.0,0.0,0.0,0.9695373021086632,0.07250150590976806,0.0,51.0,8.0,0.0,0.6409108499732555,0.060708836213613025,-0.1838134423970953,-0.20837471600427793,inf,0.0,1047318.7877376718
0.75,0.08,mtm_mc,B,1430923.5270437656,0.08519012626802658,128.5,-0.20900517837179367,0.3504396284632163,0.6926167602419002,inf,0.0,0.0,0.0,0.8905467494517111,0.10507368894047421,0.0,85.0,27.0,0.0,0.8854355366794973,0.07769268844387882,-0.22364931399841126,-0.2360093645440694,inf,0.0,1282673.0479991357
0.75,0.08,mtm_mc,F,2798528.56908393,0.07750235349979073,188.0,-0.2101602377769224,0.25879462622639005,0.6978952680828802,inf,0.0,0.0,0.0,0.9695373021086632,0.0911006728986417,0.0,137.0,34.0,0.0,1.5393833552304912,0.07298015803092398,-0.22860697387110035,-0.23829062757439734,inf,0.0,2415388.7709334865
0.75,0.08,fixed_mc,A,1111335.0513029285,0.06314133613306816,63.0,-0.1474345246353752,0.15310247120543857,0.6961883424690319,inf,0.0,0.0,0.0,0.9731810830036776,0.0711279409089838,0.0,54.0,9.0,0.0,0.6167204474934767,0.05970294944202483,-0.17888859623243375,-0.19074177248119972,inf,0.0,1035862.3137239257
0.75,0.08,fixed_mc,B,1376238.569973902,0.08121986521244784,143.0,-0.2187115575576004,0.32906499042824966,0.69284221810224,inf,0.0,0.0,0.0,0.8881525259360873,0.09801258730886808,0.0,97.0,29.0,0.0,0.8289988485164571,0.07697320110090233,-0.23734925260775863,-0.2396571663344137,inf,0.0,1290174.1909940557
0.75,0.08,fixed_mc,F,2227001.2865503123,0.06563672092125372,225.0,-0.20045306720861433,0.20111711492604434,0.6972818884066865,inf,0.0,0.0,0.0,0.9731810830036776,0.07330039895996981,0.0,168.0,39.0,0.0,1.3128809831096162,0.06436749383317908,-0.20399400346254545,-0.2070458132463524,inf,0.0,2118389.1332853413
1.0,0.05,cost,A,1306599.618059563,0.08037349576315211,58.0,-0.18634671466934682,0.20357609004628158,0.8935538838506615,inf,0.0,0.0,0.0,0.9418483660654972,0.09272618570879376,0.0,50.0,8.0,0.0,0.7765724733357252,0.07222402324099712,-0.24196701078311023,-0.255590758297646,inf,0.0,1155317.681334445
1.0,0.05,cost,B,1735429.669338437,0.10506306184925918,125.0,-0.2681628433240249,0.45623584673638395,0.8986124121153556,inf,0.0,0.0,0.0,0.8455430675259639,0.1377060127212052,0.0,83.0,26.0,0.0,1.067328036035836,0.09065594620720038,-0.29488445792861356,-0.2950769347379555,inf,0.0,1462727.938665065
1.0,0.05,cost,F,3826618.471385981,0.09396913078579872,184.0,-0.27701190488316346,0.3330018233732518,0.8976047541487039,inf,0.0,0.0,0.0,0.9418483660654972,0.11822700132829134,0.0,133.0,34.5,0.0,1.8580116801486994,0.0875634136966112,-0.29507266771682295,-0.29873996877551656,inf,0.0,2922695.726730326
1.0,0.05,cost_mc,A,1306599.618059563,0.08037349576315211,58.0,-0.18634671466934682,0.20357609004628158,0.8935538838506615,inf,0.0,0.0,0.0,0.9418483660654972,0.09272618570879376,0.0,50.0,8.0,0.0,0.7765724733357252,0.07222402324099712,-0.24196701078311023,-0.255590758297646,inf,0.0,1155317.681334445
1.0,0.05,cost_mc,B,1735429.669338437,0.10506306184925918,125.0,-0.2681628433240249,0.45623584673638395,0.8986124121153556,inf,0.0,0.0,0.0,0.8455430675259639,0.1377060127212052,0.0,83.0,26.0,0.0,1.067328036035836,0.09065594620720038,-0.29488445792861356,-0.2950769347379555,inf,0.0,1462727.938665065
1.0,0.05,cost_mc,F,3826618.471385981,0.09396913078579872,184.0,-0.27701190488316346,0.3330018233732518,0.8976047541487039,inf,0.0,0.0,0.0,0.9418483660654972,0.11822700132829134,0.0,133.0,34.5,0.0,1.8580116801486994,0.0875634136966112,-0.29507266771682295,-0.29873996877551656,inf,0.0,2922695.726730326
1.0,0.05,mtm_mc,A,1299283.6551277319,0.0797710736518703,59.0,-0.2077380474145148,0.20827426904631893,0.9012550067794378,inf,0.0,0.0,0.0,0.9421864620878706,0.09480413430411647,0.0,51.0,8.0,0.0,0.7717135756275961,0.07132865812090272,-0.24078740427545586,-0.27210341661017834,inf,0.0,1154756.263411836
1.0,0.05,mtm_mc,B,1731164.1952807358,0.10480839354399407,128.5,-0.26844707308303034,0.4553017011797674,0.9019348834694657,inf,0.0,0.0,0.0,0.8520286565232731,0.13833063887407548,0.0,85.0,27.0,0.0,1.0808319053740638,0.09608657426840062,-0.29095935781135707,-0.3078173554544116,inf,0.0,1516618.956286363
1.0,0.05,mtm_mc,F,3897379.003805516,0.09494128923007028,188.0,-0.27537372749984057,0.33636533890685094,0.9024245091907122,inf,0.0,0.0,0.0,0.9421864620878706,0.11977408577447374,0.0,137.0,34.0,0.0,1.8666422353477337,0.08893330174710742,-0.29848300547922474,-0.31347309362996933,inf,0.0,3238792.9074621336
1.0,0.05,fixed_mc,A,1257873.5097299723,0.0763019977000916,65.0,-0.1872877716796577,0.19569200797641853,0.9037133597114447,inf,0.0,0.0,0.0,0.9469452615604527,0.09197116504599862,0.0,56.0,9.0,0.0,0.7421220383429686,0.07185272028186898,-0.22615898012013574,-0.24966669680703246,inf,0.0,1176742.8694385553
1.0,0.05,fixed_mc,B,1656242.398773835,0.10022007354457474,146.0,-0.2845182866354684,0.41438769380175383,0.9015167181227934,inf,0.0,0.0,0.0,0.8352180550523027,0.12425636082743022,0.0,99.0,29.0,0.0,0.9971901201987345,0.09323409847042885,-0.31319449658905985,-0.3154844224937675,inf,0.0,1482682.9596915634
1.0,0.05,fixed_mc,F,2758055.0491365874,0.07674172442188743,228.0,-0.25231878516712575,0.24555532813762895,0.9062714512688996,inf,0.0,0.0,0.0,0.9469452615604527,0.09240853054424661,0.0,171.0,39.0,0.0,1.524435466884396,0.07508460768356931,-0.25363787410928657,-0.2572169448665701,inf,0.0,2616231.7000748026
1.0,0.08,cost,A,1306599.618059563,0.08037349576315211,58.0,-0.18634671466934682,0.20357609004628158,0.8935538838506615,inf,0.0,0.0,0.0,0.9418483660654972,0.09272618570879376,0.0,50.0,8.0,0.0,0.7765724733357252,0.07222402324099712,-0.24196701078311023,-0.255590758297646,inf,0.0,1155317.681334445
1.0,0.08,cost,B,1735429.669338437,0.10506306184925918,125.0,-0.2681628433240249,0.45623584673638395,0.8986124121153556,inf,0.0,0.0,0.0,0.8455430675259639,0.1377060127212052,0.0,83.0,26.0,0.0,1.067328036035836,0.09065594620720038,-0.29488445792861356,-0.2950769347379555,inf,0.0,1462727.938665065
1.0,0.08,cost,F,3826618.471385981,0.09396913078579872,184.0,-0.27701190488316346,0.3330018233732518,0.8976047541487039,inf,0.0,0.0,0.0,0.9418483660654972,0.11822700132829134,0.0,133.0,34.5,0.0,1.8580116801486994,0.0875634136966112,-0.29507266771682295,-0.29873996877551656,inf,0.0,2922695.726730326
1.0,0.08,cost_mc,A,1306599.618059563,0.08037349576315211,58.0,-0.18634671466934682,0.20357609004628158,0.8935538838506615,inf,0.0,0.0,0.0,0.9418483660654972,0.09272618570879376,0.0,50.0,8.0,0.0,0.7765724733357252,0.07222402324099712,-0.24196701078311023,-0.255590758297646,inf,0.0,1155317.681334445
1.0,0.08,cost_mc,B,1735429.669338437,0.10506306184925918,125.0,-0.2681628433240249,0.45623584673638395,0.8986124121153556,inf,0.0,0.0,0.0,0.8455430675259639,0.1377060127212052,0.0,83.0,26.0,0.0,1.067328036035836,0.09065594620720038,-0.29488445792861356,-0.2950769347379555,inf,0.0,1462727.938665065
1.0,0.08,cost_mc,F,3826618.471385981,0.09396913078579872,184.0,-0.27701190488316346,0.3330018233732518,0.8976047541487039,inf,0.0,0.0,0.0,0.9418483660654972,0.11822700132829134,0.0,133.0,34.5,0.0,1.8580116801486994,0.0875634136966112,-0.29507266771682295,-0.29873996877551656,inf,0.0,2922695.726730326
1.0,0.08,mtm_mc,A,1299283.6551277319,0.0797710736518703,59.0,-0.2077380474145148,0.20827426904631893,0.9012550067794378,inf,0.0,0.0,0.0,0.9421864620878706,0.09480413430411647,0.0,51.0,8.0,0.0,0.7717135756275961,0.07132865812090272,-0.24078740427545586,-0.27210341661017834,inf,0.0,1154756.263411836
1.0,0.08,mtm_mc,B,1731164.1952807358,0.10480839354399407,128.5,-0.26844707308303034,0.4553017011797674,0.9019348834694657,inf,0.0,0.0,0.0,0.8520286565232731,0.13833063887407548,0.0,85.0,27.0,0.0,1.0808319053740638,0.09608657426840062,-0.29095935781135707,-0.3078173554544116,inf,0.0,1516618.956286363
1.0,0.08,mtm_mc,F,3897379.003805516,0.09494128923007028,188.0,-0.27537372749984057,0.33636533890685094,0.9024245091907122,inf,0.0,0.0,0.0,0.9421864620878706,0.11977408577447374,0.0,137.0,34.0,0.0,1.8666422353477337,0.08893330174710742,-0.29848300547922474,-0.31347309362996933,inf,0.0,3238792.9074621336
1.0,0.08,fixed_mc,A,1257873.5097299723,0.0763019977000916,65.0,-0.1872877716796577,0.19569200797641853,0.9037133597114447,inf,0.0,0.0,0.0,0.9469452615604527,0.09197116504599862,0.0,56.0,9.0,0.0,0.7421220383429686,0.07185272028186898,-0.22615898012013574,-0.24966669680703246,inf,0.0,1176742.8694385553
1.0,0.08,fixed_mc,B,1656242.398773835,0.10022007354457474,146.0,-0.2845182866354684,0.41438769380175383,0.9015167181227934,inf,0.0,0.0,0.0,0.8352180550523027,0.12425636082743022,0.0,99.0,29.0,0.0,0.9971901201987345,0.09323409847042885,-0.31319449658905985,-0.3154844224937675,inf,0.0,1482682.9596915634
1.0,0.08,fixed_mc,F,2758055.0491365874,0.07674172442188743,228.0,-0.25231878516712575,0.24555532813762895,0.9062714512688996,inf,0.0,0.0,0.0,0.9469452615604527,0.09240853054424661,0.0,171.0,39.0,0.0,1.524435466884396,0.07508460768356931,-0.25363787410928657,-0.2572169448665701,inf,0.0,2616231.7000748026
1.25,0.05,cost,A,1470818.5081914077,0.09315380329062406,59.0,-0.23167184690271592,0.2555159035306462,1.1358881943735442,8.35899102242794,0.1358881943735441,0.005191542402213258,0.06862745098039216,0.9143565708758226,0.11604118462959168,0.0,50.5,8.0,0.0,0.9048732527573875,0.08434080985776582,-0.29880371791266475,-0.3166291425910035,7.905416188304045,0.0,1279733.83425157
1.25,0.05,cost,B,2125757.2191643314,0.1263513138799568,125.0,-0.3332934183309475,0.5629662152468488,1.1492679375578057,7.6994039553833655,0.14926793755780543,0.013483490898636383,0.18575851393188855,0.7918473901564256,0.17306324736434736,0.0,82.0,26.0,0.0,1.2580615872877354,0.10860874394688969,-0.36457400030226084,-0.36493575212008045,7.095304454062718,0.0,1695587.9703577727
1.25,0.05,cost,F,5290189.187846156,0.11127932607928503,184.0,-0.34598667334190647,0.41335940172455254,1.1503518381198359,7.6511579812624655,0.15035183811983588,0.009713795875753998,0.13275483742270097,0.9143565708758226,0.14898129565923468,0.0,133.0,34.0,0.0,2.179259800104266,0.10269662513940754,-0.3649293323083899,-0.3698312177682709,7.166412920653777,0.0,4231030.333140145
1.25,0.05,cost_mc,A,1470818.5081914077,0.09315380329062406,59.0,-0.23167184690271592,0.2555159035306462,1.1358881943735442,8.35899102242794,0.1358881943735441,0.005191542402213258,0.06862745098039216,0.9143565708758226,0.11604118462959168,0.0,50.5,8.0,0.0,0.9048732527573875,0.08434080985776582,-0.29880371791266475,-0.3166291425910035,7.905416188304045,0.0,1279733.83425157
1.25,0.05,cost_mc,B,2125757.2191643314,0.1263513138799568,125.0,-0.3332934183309475,0.5629662152468488,1.1492679375578057,7.6994039553833655,0.14926793755780543,0.013483490898636383,0.18575851393188855,0.7918473901564256,0.17306324736434736,0.0,82.0,26.0,0.0,1.2580615872877354,0.10860874394688969,-0.36457400030226084,-0.36493575212008045,7.095304454062718,0.0,1695587.9703577727
1.25,0.05,cost_mc,F,5290189.187846156,0.11127932607928503,184.0,-0.34598667334190647,0.41335940172455254,1.1503518381198359,7.6511579812624655,0.15035183811983588,0.009713795875753998,0.13275483742270097,0.9143565708758226,0.14898129565923468,0.0,133.0,34.0,0.0,2.179259800104266,0.10269662513940754,-0.3649293323083899,-0.3698312177682709,7.166412920653777,0.0,4231030.333140145
1.25,0.05,mtm_mc,A,1471273.0950882314,0.09318737378807651,59.0,-0.2535476065540216,0.2542744459830494,1.124157080701547,9.054399327509294,0.12415708070154707,0.006224226650105122,0.07618464052287582,0.9148857813332575,0.11729182574032959,0.0,51.0,8.0,0.0,0.8916065786452265,0.08201831321526618,-0.2943531028439723,-0.33111978115787943,8.016625521676913,0.0,1276339.2015275606
1.25,0.05,mtm_mc,B,2082255.7611484365,0.12416613254646858,128.0,-0.33257854560541966,0.5592565677615318,1.1282057734224227,8.799969570937169,0.12820577342242262,0.012223719239787132,0.17472910216718265,0.8023426885704692,0.17132215821234908,0.0,85.0,27.0,0.0,1.2584245565020578,0.1100288430789105,-0.35920206655616993,-0.35966346948369154,7.549383991487099,0.0,1734026.4910267554
1.25,0.05,mtm_mc,F,5194510.940049123,0.11029658885219196,188.0,-0.3395190513112042,0.4119516112449959,1.1306211360173608,8.65574844649634,0.13062113601736075,0.009302381788240244,0.12617195292240174,0.9148857813332575,0.1478252936230236,0.0,137.0,35.0,0.0,2.159014864589323,0.10302951803850044,-0.3596571248057816,-0.36378671244149074,7.663246548417038,0.0,4052190.700246199
1.25,0.05,fixed_mc,A,1430110.049658119,0.09011038890965783,67.0,-0.23676997901567365,0.24075808204837865,1.122946469613097,9.13364144501383,0.12294646961309702,0.005795584922288419,0.06372549019607843,0.9207094401172276,0.1139123602103444,0.0,58.0,9.0,0.0,0.8540824830950651,0.08301384185889871,-0.2786585922105945,-0.30047491320511166,8.130906425384184,0.0,1293917.0638964837
1.25,0.05,fixed_mc,B,1908540.517684917,0.1149921493547208,146.0,-0.34846737926238647,0.49238313763569075,1.1288114094470119,8.763287462601369,0.128811409447012,0.007247374542887002,0.09926470588235295,0.78392301236599,0.14795647628965308,0.0,100.0,29.0,0.0,1.1401875838845936,0.10704686987232115,-0.38249020857734295,-0.38448845878355586,8.264051929441441,0.0,1681168.2814187207
1.25,0.05,fixed_mc,F,3245992.083649624,0.0852774971166973,233.0,-0.3079337072942798,0.29059436942665573,1.1264061507101877,8.911007785807026,0.12640615071018768,0.005433696576008007,0.06263714342708956,0.9207094401172276,0.11190147378014259,0.0,175.0,40.0,0.0,1.6871955796807225,0.08400230524517756,-0.3124093491304445,-0.3138931662131772,8.130906425384184,0.0,3100488.9616707433
1.25,0.08,cost,A,1469085.6360645313,0.09302585403490582,58.0,-0.23238809986698672,0.25524954027629937,1.1365368174500412,8.32403193578118,0.1365368174500412,0.005096436022850299,0.06801470588235295,0.9143565708758226,0.11600725333720663,0.0,50.5,8.0,0.0,0.9034678122871529,0.08421882338184947,-0.2997409436222072,-0.3176014574403181,7.921691822552734,0.0,1278139.7341709782
1.25,0.08,cost,B,2117626.38432569,0.12594476331209137,125.0,-0.3349314368963996,0.5625696037913168,1.146313231643235,7.834651946768153,0.14631323164323493,0.013298945507825958,0.18866099071207432,0.7911274612871664,0.17313221276788504,0.0,82.0,26.0,0.0,1.2536459920618457,0.1082484245619932,-0.3653278509925234,-0.3659429413783769,6.9674803336646844,0.0,1690250.2049553948
1.25,0.08,cost,F,5241905.660181474,0.1107854305040451,183.5,-0.3449005986155335,0.41365909217753083,1.1448822607380693,7.90215853941455,0.14488226073806926,0.009545395022303203,0.1324556153999601,0.9143565708758226,0.1490287063860119,0.0,133.0,34.0,0.0,2.17411262730335,0.1024115062299833,-0.3659366143766462,-0.3705910912697524,7.120694832962788,0.0,4206868.022848291
1.25,0.08,cost_mc,A,1469085.6360645313,0.09302585403490582,58.0,-0.23238809986698672,0.25524954027629937,1.1365368174500412,8.32403193578118,0.1365368174500412,0.005096436022850299,0.06801470588235295,0.9143565708758226,0.11600725333720663,0.0,50.5,8.0,0.0,0.9034678122871529,0.08421882338184947,-0.2997409436222072,-0.3176014574403181,7.921691822552734,0.0,1278139.7341709782
1.25,0.08,cost_mc,B,2117626.38432569,0.12594476331209137,125.0,-0.3349314368963996,0.5625696037913168,1.146313231643235,7.834651946768153,0.14631323164323493,0.013298945507825958,0.18866099071207432,0.7911274612871664,0.17313221276788504,0.0,82.0,26.0,0.0,1.2536459920618457,0.1082484245619932,-0.3653278509925234,-0.3659429413783769,6.9674803336646844,0.0,1690250.2049553948
1.25,0.08,cost_mc,F,5241905.660181474,0.1107854305040451,183.5,-0.3449005986155335,0.41365909217753083,1.1448822607380693,7.90215853941455,0.14488226073806926,0.009545395022303203,0.1324556153999601,0.9143565708758226,0.1490287063860119,0.0,133.0,34.0,0.0,2.17411262730335,0.1024115062299833,-0.3659366143766462,-0.3705910912697524,7.120694832962788,0.0,4206868.022848291
1.25,0.08,mtm_mc,A,1469031.230618024,0.09302173203936581,59.0,-0.25432681722818745,0.2544140148376975,1.124411330644346,9.037882959263133,0.12441133064434592,0.006300388574180369,0.07618464052287582,0.9148857813332575,0.11735939090474935,0.0,51.0,8.0,0.0,0.8900125298995905,0.08183643285495774,-0.29556600056838583,-0.33235392559606236,7.948353115577521,0.0,1273958.2832425728
1.25,0.08,mtm_mc,B,2076459.4390086695,0.12387140495922522,128.0,-0.33388065302037406,0.5601618895620133,1.1291668309766647,8.741925635542998,0.1291668309766647,0.012330077157403627,0.17472910216718265,0.801915802128189,0.17144754657438366,0.0,85.0,27.0,0.0,1.2531242082683942,0.10958376969181069,-0.3597766505468505,-0.3604750542230366,7.43238724337486,0.0,1648746.0100358378
1.25,0.08,mtm_mc,F,5171179.045731402,0.11005431334044435,188.0,-0.3406932579824629,0.4122213482159462,1.1317187108572018,8.591935869145473,0.13171871085720194,0.009406976975696176,0.1265709156193896,0.9148857813332575,0.1479239305481745,0.0,137.0,35.0,0.0,2.1537046334349363,0.10258842658992737,-0.36046880319199304,-0.3643534986387884,7.547544347218644,0.0,4035728.3624627525
1.25,0.08,fixed_mc,A,1428981.2936266898,0.0900248891446751,67.0,-0.2376828232019591,0.2407187063454655,1.123473384809918,9.098912887443255,0.12347338480991818,0.0058570139128113815,0.06372549019607843,0.9207094401172276,0.11391805488458359,0.0,58.0,9.0,0.0,0.8534075781841054,0.08287271963469674,-0.27992944100869255,-0.30151076053129056,8.055999065868836,0.0,1292058.843417172
1.25,0.08,fixed_mc,B,1904817.3229238384,0.11478736673883927,146.0,-0.34920660883360144,0.49176855035821404,1.1270458675898893,8.871172978471465,0.12704586758988926,0.007356470745432921,0.09945820433436532,0.78296359992697,0.1483854894315863,0.0,100.0,29.0,0.0,1.1375689485910794,0.10692400059268095,-0.38374483174317464,-0.38572881933348035,8.241758028847395,0.0,1679010.9682523482
1.25,0.08,fixed_mc,F,3242928.246035506,0.08522781428291148,233.0,-0.3088401418790212,0.2908184432896505,1.1280820271956105,8.80749740438215,0.12808202719561046,0.005468026029285545,0.06273688410133652,0.9207094401172276,0.11198564851021264,0.0,175.0,40.0,0.0,1.6858888426143388,0.08394032021312536,-0.31315812664801124,-0.31493999529116357,8.055999065868836,0.0,3095565.154160741
1.5,0.05,cost,A,1676109.9231486248,0.10743391858769669,58.0,-0.27583591496663906,0.3028928789077042,1.406066721671492,3.4626495211361945,0.4060667216714918,0.0257780858475068,0.1315359477124183,0.8868720740251499,0.13928140018396287,0.0,51.0,8.0,0.0,1.0237548954077504,0.09553001411039083,-0.35474114077674673,-0.37438870167847305,3.211352056402066,0.0,1391883.1212362705
1.5,0.05,cost,B,2518500.269679684,0.14446079449924754,124.5,-0.40154433945657647,0.6706919251628567,1.4493823827200372,3.2252766052083057,0.44938238272003717,0.06543248820340566,0.26160990712074306,0.7349941310925894,0.2092240670715887,0.0,82.0,26.0,0.0,1.437868503247325,0.1251129821437837,-0.43033521961073895,-0.43425001139105945,2.894044441661593,0.0,1930018.8266319511
1.5,0.05,cost,F,7104370.941033253,0.12727667452763114,183.5,-0.413872908689249,0.4925567547277279,1.451439100082901,3.2151447033773493,0.4514391000829011,0.046820878690774136,0.19968082984240976,0.8868720740251499,0.17877488476662085,0.0,133.0,35.0,0.0,2.468131478491018,0.11628144633390032,-0.4305481929843632,-0.4410253010478443,2.918985983402548,0.0,5139771.656225137
1.5,0.05,cost_mc,A,1676109.9231486248,0.10743391858769669,58.0,-0.27583591496663906,0.3028928789077042,1.406066721671492,3.4626495211361945,0.4060667216714918,0.0257780858475068,0.1315359477124183,0.8868720740251499,0.13928140018396287,0.0,51.0,8.0,0.0,1.0237548954077504,0.09553001411039083,-0.35474114077674673,-0.37438870167847305,3.211352056402066,0.0,1391883.1212362705
1.5,0.05,cost_mc,B,2518500.269679684,0.14446079449924754,124.5,-0.40154433945657647,0.6706919251628567,1.4493823827200372,3.2252766052083057,0.44938238272003717,0.06543248820340566,0.26160990712074306,0.7349941310925894,0.2092240670715887,0.0,82.0,26.0,0.0,1.437868503247325,0.1251129821437837,-0.43033521961073895,-0.43425001139105945,2.894044441661593,0.0,1930018.8266319511
1.5,0.05,cost_mc,F,7104370.941033253,0.12727667452763114,183.5,-0.413872908689249,0.4925567547277279,1.451439100082901,3.2151447033773493,0.4514391000829011,0.046820878690774136,0.19968082984240976,0.8868720740251499,0.17877488476662085,0.0,133.0,35.0,0.0,2.468131478491018,0.11628144633390032,-0.4305481929843632,-0.4410253010478443,2.918985983402548,0.0,5139771.656225137
1.5,0.05,mtm_mc,A,1639381.2554341857,0.10499930186526707,58.5,-0.29807671612150066,0.2996461903641211,1.3789536857708202,3.638845393612905,0.37895368577082034,0.02676039437169481,0.1352124183006536,0.887635481684849,0.13973823541101538,0.0,51.0,8.0,0.0,1.00363127798299,0.09178528580389536,-0.34635144842558396,-0.38806453175411826,3.3087424173445426,0.0,1384194.7161908362
1.5,0.05,mtm_mc,B,2410329.006592165,0.13974451936723675,126.0,-0.39887308782342884,0.664353465922672,1.4037329374776868,3.4768853245383893,0.4037329374776868,0.060958101920042154,0.2610294117647059,0.7502974424489828,0.20614431739190334,0.0,84.0,27.0,0.0,1.4108660359534677,0.12197491766188515,-0.423434079499158,-0.42665911362707953,3.2053786572603515,0.0,1773686.8511362781
1.5,0.05,mtm_mc,F,6696081.924680473,0.12404696132545312,186.0,-0.40231024356661915,0.48741089662330517,1.4052020445711197,3.4679047480540506,0.40520204457111964,0.04433832630074858,0.199082385796928,0.887635481684849,0.17773797184432233,0.0,135.0,35.0,0.0,2.4221883695501805,0.1146570899818921,-0.4235066314871015,-0.43246967811328263,3.1579052315109215,0.0,4744602.050600375
1.5,0.05,fixed_mc,A,1570705.9833608218,0.10031209581362621,67.0,-0.27801635128868274,0.2771113796452428,1.4000411929218843,3.4997425707488805,0.40004119292188434,0.022070636742473802,0.10457516339869281,0.8944736186740025,0.13394117960770094,0.0,58.0,9.0,0.0,0.9565858717110232,0.09393547977795547,-0.32151644817444547,-0.3566144480203518,3.2592742953649316,0.0,1463367.7349263497
1.5,0.05,fixed_mc,B,2156592.6303876103,0.1278814959223804,148.0,-0.3936692136443522,0.5580266627030999,1.364411294978893,3.744153123579343,0.3644112949788929,0.03106931764657772,0.15286377708978327,0.7447304641078759,0.17065967512960512,0.0,101.0,29.0,0.0,1.2511089064383705,0.11904708656587518,-0.4420401638606789,-0.449218996371907,3.5533460464444824,0.0,1876075.1525426153
1.5,0.05,fixed_mc,F,3741200.5564673822,0.09277276664814438,236.0,-0.34901923170179683,0.3279404986173077,1.4000411929218843,3.4997425707488805,0.40004119292188434,0.019541938319071195,0.08537801715539597,0.8944736186740025,0.12891642615216586,0.0,177.0,41.0,0.0,1.8243315050875086,0.09042795804423875,-0.36787646913181665,-0.37048009545556604,3.2592742953649316,0.0,3549097.4609410274
1.5,0.08,cost,A,1642375.727717189,0.1051996025859101,58.0,-0.2790444351877445,0.304434285904308,1.411042317674584,3.432839532788652,0.411042317674584,0.026122076307955086,0.13337418300653595,0.8868720740251499,0.1394407796843132,0.0,51.0,8.0,0.0,1.0163006201526517,0.09468672049192246,-0.358637424140886,-0.37931032926298547,3.1655225968607046,0.0,1381565.2728422852
1.5,0.08,cost,B,2469228.539760595,0.14233413038467058,124.0,-0.4042728249301423,0.6720077795753159,1.4565682025775117,3.1902610630168553,0.45656820257751163,0.06633863053331236,0.2633513931888545,0.7312032359050229,0.20956270984803144,0.0,82.0,26.0,0.0,1.419794506053491,0.12330253613861034,-0.434569268240106,-0.43823068022497846,2.87740171900959,0.0,1899626.7091569381
1.5,0.08,cost,F,6933887.178280238,0.125950193484355,183.0,-0.4181794521864023,0.49301508470509553,1.4528579792875673,3.2081998647118763,0.4528579792875673,0.04734737996209517,0.20147616197885498,0.8868720740251499,0.17907887055024047,0.0,132.5,34.0,0.0,2.444527405566825,0.11506801343218442,-0.4347627529548258,-0.4450085004527178,2.8911446419552504,0.0,4977735.315212957
1.5,0.08,cost_mc,A,1642375.727717189,0.1051996025859101,58.0,-0.2790444351877445,0.304434285904308,1.411042317674584,3.432839532788652,0.411042317674584,0.026122076307955086,0.13337418300653595,0.8868720740251499,0.1394407796843132,0.0,51.0,8.0,0.0,1.0163006201526517,0.09468672049192246,-0.358637424140886,-0.37931032926298547,3.1655225968607046,0.0,1381565.2728422852
1.5,0.08,cost_mc,B,2469228.539760595,0.14233413038467058,124.0,-0.4042728249301423,0.6720077795753159,1.4565682025775117,3.1902610630168553,0.45656820257751163,0.06633863053331236,0.2633513931888545,0.7312032359050229,0.20956270984803144,0.0,82.0,26.0,0.0,1.419794506053491,0.12330253613861034,-0.434569268240106,-0.43823068022497846,2.87740171900959,0.0,1899626.7091569381
1.5,0.08,cost_mc,F,6933887.178280238,0.125950193484355,183.0,-0.4181794521864023,0.49301508470509553,1.4528579792875673,3.2081998647118763,0.4528579792875673,0.04734737996209517,0.20147616197885498,0.8868720740251499,0.17907887055024047,0.0,132.5,34.0,0.0,2.444527405566825,0.11506801343218442,-0.4347627529548258,-0.4450085004527178,2.8911446419552504,0.0,4977735.315212957
1.5,0.08,mtm_mc,A,1631331.6523814108,0.10445915270121853,58.0,-0.30106040608097795,0.3002375342331194,1.378896671203992,3.6392420781626162,0.37889667120399223,0.02733887408499935,0.1352124183006536,0.887635481684849,0.13937051968638137,0.0,50.0,8.0,0.0,0.9954293551851086,0.0909579385295203,-0.35109003837722225,-0.3927625362045204,3.2914323200278592,0.0,1371244.366387544
1.5,0.08,mtm_mc,B,2380211.3203043393,0.1383972212116379,126.0,-0.4038988880411547,0.6664348487290255,1.406410983653509,3.4605707460299007,0.40641098365350925,0.06180481128434244,0.2631578947368421,0.7470559722600364,0.2071805478369082,0.0,83.0,27.0,0.0,1.3936212984701886,0.12048598722473061,-0.4273790002646778,-0.43033893386567135,3.149916305991403,0.0,1828633.8195903972
1.5,0.08,mtm_mc,F,6513315.429785794,0.1225402277160027,185.0,-0.4066183468875007,0.4879895361672456,1.4023594334629401,3.485361714842065,0.4023594334629401,0.04484402986406616,0.199082385796928,0.887635481684849,0.17783604340976913,0.0,135.0,35.0,0.0,2.401192691596365,0.1135691840421326,-0.42742905211734994,-0.43612589467977114,3.253391644556874,0.0,5111534.646879838
1.5,0.08,fixed_mc,A,1562748.553731341,0.09975710824816153,67.0,-0.27948388809496033,0.27833660379134956,1.4001087207325678,3.499322119997503,0.40010872073256787,0.022271307110085944,0.1111111111111111,0.8944736186740025,0.13373560428575287,0.0,58.0,9.0,0.0,0.949520582365101,0.09368461048690682,-0.3236521015603422,-0.3473336186640179,3.2116217880593547,0.0,1452118.3239333667
1.5,0.08,fixed_mc,B,2149793.739089119,0.12754654801153276,148.0,-0.39672144063561454,0.5614103585372248,1.371779083106787,3.6897693965014358,0.3717790831067871,0.031525177354427975,0.15654024767801858,0.7406190012855862,0.1714141367732768,0.0,101.0,29.0,0.0,1.2466300402870734,0.11843544913922202,-0.44643736990085725,-0.4490499732305556,3.5145324231637805,0.0,1864008.039505219
1.5,0.08,fixed_mc,F,3721026.146904355,0.09248638544987231,236.0,-0.35244853204062787,0.32887850648325445,1.4001087207325678,3.499322119997503,0.40010872073256787,0.019566732855004234,0.0888689407540395,0.8944736186740025,0.12919209610490806,0.0,177.0,41.0,0.0,1.8179510269480623,0.0903523288821215,-0.3689339981130235,-0.3744730477602154,3.2116217880593547,0.0,3523515.126085711
1.75,0.05,cost,A,1872229.9115175335,0.11967371653534498,58.0,-0.3189621636738464,0.3509147633553581,1.6972826133655836,2.434154042154523,0.6972826133655836,0.05524359254740639,0.17197712418300654,0.8593948746576995,0.16214480338171117,0.0,51.0,8.0,0.0,1.1342749851060447,0.10594533830454451,-0.40921577918939117,-0.4316862876522074,2.228605026856765,0.0,1516651.3185365305
1.75,0.05,cost,B,2980984.414955063,0.1627543240556497,124.0,-0.46063002381910145,0.7819600943901646,1.801124996538188,2.2482469786823587,0.8011249965381877,0.12971900644241052,0.3128869969040248,0.6767303347655216,0.24737712489554614,0.0,82.0,26.0,0.0,1.599972288470903,0.13684607659859122,-0.49667431690073216,-0.49729118597420396,2.0996828003877535,0.0,2119086.3546889513
1.75,0.05,cost,F,9442335.28061553,0.14292998659246903,183.0,-0.4767350331239612,0.5712848336188229,1.7974541311351662,2.2539962564866904,0.7974541311351662,0.09202387255047575,0.2400758029124277,0.8593948746576995,0.2092472619914391,0.0,132.0,35.0,0.0,2.7442644356826174,0.1304614912533465,-0.49668459566657114,-0.5057026061509908,2.1105980475059747,0.0,6688330.178085038
1.75,0.05,cost_mc,A,1872229.9115175335,0.11967371653534498,58.0,-0.3189621636738464,0.3509147633553581,1.6972826133655836,2.434154042154523,0.6972826133655836,0.05524359254740639,0.17197712418300654,0.8593948746576995,0.16214480338171117,0.0,51.0,8.0,0.0,1.1342749851060447,0.10594533830454451,-0.40921577918939117,-0.4316862876522074,2.228605026856765,0.0,1516651.3185365305
1.75,0.05,cost_mc,B,2980984.414955063,0.1627543240556497,124.0,-0.46063002381910145,0.7819600943901646,1.801124996538188,2.2482469786823587,0.8011249965381877,0.12971900644241052,0.3128869969040248,0.6767303347655216,0.24737712489554614,0.0,82.0,26.0,0.0,1.599972288470903,0.13684607659859122,-0.49667431690073216,-0.49729118597420396,2.0996828003877535,0.0,2119086.3546889513
1.75,0.05,cost_mc,F,9442335.28061553,0.14292998659246903,183.0,-0.4767350331239612,0.5712848336188229,1.7974541311351662,2.2539962564866904,0.7974541311351662,0.09202387255047575,0.2400758029124277,0.8593948746576995,0.2092472619914391,0.0,132.0,35.0,0.0,2.7442644356826174,0.1304614912533465,-0.49668459566657114,-0.5057026061509908,2.1105980475059747,0.0,6688330.178085038
1.75,0.05,mtm_mc,A,1821428.8748526836,0.11661835753298,58.0,-0.34531445544514827,0.345170168080287,1.659483864744554,2.5163379809136925,0.6594838647445538,0.056699683630797526,0.16850490196078433,0.8604357841805039,0.1619887246872792,0.0,50.0,8.0,0.0,1.1078148287528715,0.10146233659596489,-0.39913652314384457,-0.44388557961133945,2.2694626952000307,0.0,1491721.883231351
1.75,0.05,mtm_mc,B,2751553.0039329166,0.15402726437636705,124.0,-0.437221850813994,0.761813215193301,1.6949929225015863,2.4388657318880345,0.6949929225015863,0.11570983546936052,0.3041795665634675,0.6976318086429797,0.23891543500724216,0.0,81.0,27.0,0.0,1.5463954859789606,0.13669794251011438,-0.47550075060303854,-0.48590997225116606,2.296499832002131,0.0,2004280.1042064452
1.75,0.05,mtm_mc,F,8499349.02492052,0.13711579986239197,184.0,-0.45382959926406086,0.557765852393916,1.6979168930798663,2.4328365049352394,0.6979168930798663,0.08678975475677185,0.23838021145022942,0.8604357841805039,0.2050002316975902,0.0,133.0,35.0,0.0,2.6668545237725825,0.12645776200941827,-0.47635148952033995,-0.4931662134550575,2.2694626952000307,0.0,6165053.724045592
1.75,0.05,fixed_mc,A,1730947.648972032,0.11098112355407441,67.0,-0.3261094996811748,0.31927761477814626,1.6814851186400657,2.4673840623989687,0.6814851186400658,0.04984101789558466,0.16952614379084968,0.8682377972307778,0.15592378387471773,0.0,58.0,9.0,0.0,1.053935722313728,0.10591850028135918,-0.350470188630243,-0.3964688502552933,2.4162740789057766,0.0,1597841.2536275883
1.75,0.05,fixed_mc,B,2379429.988914122,0.13836216161010695,146.0,-0.448421612270488,0.6224944818777032,1.6361072128006866,2.572062035890376,0.6361072128006866,0.058507859982252886,0.16679566563467493,0.6933295266759105,0.19257239700481343,0.0,99.0,29.0,0.0,1.3489794949752412,0.12851620919181417,-0.4965626744551187,-0.4974751186313997,2.4964290172787806,0.0,2071697.7010507253
1.75,0.05,fixed_mc,F,4275483.817671554,0.09986680835232853,239.0,-0.3689658286542598,0.35896294876669527,1.6814851186400657,2.4673840623989687,0.6814851186400658,0.03784932043752472,0.11749451426291642,0.8682377972307778,0.14579785419836716,0.0,179.0,42.0,0.0,1.9659957039854188,0.09876653048770856,-0.3857745218691476,-0.3986445208198246,2.4162740789057766,0.0,4082661.3395464034
1.75,0.08,cost,A,1846478.6793977898,0.11813441215052489,58.0,-0.3255661374697673,0.35316414289448744,1.7115927688159693,2.405298960970999,0.7115927688159692,0.056763958746250946,0.17238562091503268,0.8593948746576995,0.16285347794880983,0.0,51.0,8.0,0.0,1.121029606034799,0.10522215524357015,-0.41675914772293754,-0.4406251243535554,2.191993297198301,0.0,1493104.3409340095
1.75,0.08,cost,B,2858972.3844403587,0.15819268993818036,123.0,-0.4702430102779166,0.7854673597804107,1.8208215376632215,2.218292506274386,0.8208215376632216,0.13154049591695122,0.31327399380804954,0.6691414700407756,0.2488795324512369,0.0,81.0,26.0,0.0,1.561258927646222,0.13135433659895301,-0.4962177549384309,-0.50438364478681,2.057214624949956,0.0,2054367.9819716474
1.75,0.08,cost,F,8856450.85715456,0.13938601750659851,182.0,-0.4853091652976556,0.5749143086541213,1.8085080080390061,2.236850227098646,0.8085080080390061,0.09325558319623295,0.24396568920805906,0.8593948746576995,0.2102789710485355,0.0,132.0,35.0,0.0,2.693108530820351,0.1275512154336767,-0.496947240117991,-0.5128313287011923,2.072404300648875,0.0,6409877.862972793
1.75,0.08,cost_mc,A,1846478.6793977898,0.11813441215052489,58.0,-0.3255661374697673,0.35316414289448744,1.7115927688159693,2.405298960970999,0.7115927688159692,0.056763958746250946,0.17238562091503268,0.8593948746576995,0.16285347794880983,0.0,51.0,8.0,0.0,1.121029606034799,0.10522215524357015,-0.41675914772293754,-0.4406251243535554,2.191993297198301,0.0,1493104.3409340095
1.75,0.08,cost_mc,B,2858972.3844403587,0.15819268993818036,123.0,-0.4702430102779166,0.7854673597804107,1.8208215376632215,2.218292506274386,0.8208215376632216,0.13154049591695122,0.31327399380804954,0.6691414700407756,0.2488795324512369,0.0,81.0,26.0,0.0,1.561258927646222,0.13135433659895301,-0.4962177549384309,-0.50438364478681,2.057214624949956,0.0,2054367.9819716474
1.75,0.08,cost_mc,F,8856450.85715456,0.13938601750659851,182.0,-0.4853091652976556,0.5749143086541213,1.8085080080390061,2.236850227098646,0.8085080080390061,0.09325558319623295,0.24396568920805906,0.8593948746576995,0.2102789710485355,0.0,132.0,35.0,0.0,2.693108530820351,0.1275512154336767,-0.496947240117991,-0.5128313287011923,2.072404300648875,0.0,6409877.862972793
1.75,0.08,mtm_mc,A,1796200.0110642738,0.11507218123995377,58.0,-0.3462187684622539,0.3477018475417601,1.661386560431152,2.5119752593145446,0.6613865604311522,0.058230533324537107,0.17197712418300654,0.8604357841805039,0.16283829337524525,0.0,50.0,8.0,0.0,1.091511729869858,0.09996257373219113,-0.40622462755316235,-0.45236223845158585,2.2711943737180875,0.0,1455339.2914028298
1.75,0.08,mtm_mc,B,2664850.287903158,0.15055763254743548,123.5,-0.442190094443596,0.7663960313635203,1.6982536471733236,2.432147176185466,0.6982536471733236,0.11796199438073039,0.30514705882352944,0.6908073202876682,0.24006582541825977,0.0,81.0,27.0,0.0,1.516962469594041,0.13378480415415533,-0.4823092426299863,-0.49244315002905503,2.2533663476280794,0.0,1939324.8732681759
1.75,0.08,mtm_mc,F,8127058.906356748,0.13464960793034275,183.0,-0.46367663769521794,0.5615231026895586,1.6969746522163756,2.4347724118414362,0.6969746522163756,0.08835718328247906,0.2400758029124277,0.8604357841805039,0.2063309637609138,0.0,132.5,35.0,0.0,2.617642711072351,0.1240783373702159,-0.48278422306638746,-0.4961994063713224,2.2711943737180875,0.0,5695507.754157348
1.75,0.08,fixed_mc,A,1710423.7549284915,0.10966556747261347,66.0,-0.3335372667145915,0.3165759217449674,1.6854695081065367,2.4588540966064074,0.6854695081065367,0.04960394737348556,0.16748366013071894,0.8682377972307778,0.15598870119583047,0.0,57.0,9.0,0.0,1.04174203637883,0.10400890742750346,-0.3555211326492685,-0.40416577039241275,2.378103883585487,0.0,1584233.4224543164
1.75,0.08,fixed_mc,B,2361173.851601811,0.1375377324447209,146.0,-0.45189424426656033,0.6293264589024478,1.6394579621623575,2.56383455042702,0.6394579621623575,0.06041553121004564,0.17008513931888544,0.685559657890862,0.1946178561522024,0.0,99.0,29.0,0.0,1.3374356061144277,0.1274602111812227,-0.5037115695106186,-0.5045137508426258,2.472238883993022,0.0,2015508.6374741714
1.75,0.08,fixed_mc,F,4285746.699354706,0.09999463833557265,237.0,-0.3755670675001652,0.3554833963325042,1.6854695081065367,2.4588540966064074,0.6854695081065367,0.03810590198266931,0.11649710752044684,0.8682377972307778,0.14556210027782557,0.0,178.0,41.0,0.0,1.958021358521707,0.09749529166746644,-0.395132684963592,-0.40502624726081393,2.378103883585487,0.0,3952389.382985506
2.0,0.05,cost,A,2084663.7408003504,0.13169152503931436,59.0,-0.3639943217279436,0.3983857849430319,2.016509711187256,1.9837591306032714,1.0165097111872559,0.08912038370377781,0.2079248366013072,0.8319145180737177,0.18532949049130332,0.0,51.0,8.0,0.0,1.2425996596796272,0.11722349584322962,-0.46093033385106663,-0.4863961166244547,1.8125382934371561,0.0,1645584.6866536383
2.0,0.05,cost,B,3429548.6388353677,0.1781873197978714,122.5,-0.513549626356701,0.8932751393383823,2.2220007746274235,1.8183308095127266,1.2220007746274235,0.1978850039143872,0.38409442724458204,0.6178590030043718,0.28463092832171494,0.0,80.0,26.5,0.0,1.7457001304201012,0.1471117539326854,-0.5518760107888079,-0.5566031583009025,1.700189271108451,0.0,2348603.211779672
2.0,0.05,cost,F,12279374.356848782,0.1575775856728947,182.0,-0.5355065521904779,0.6516215808204349,2.1862496541888174,1.8429939970311437,1.1862496541888174,0.1459476435689936,0.29792539397566326,0.8319145180737177,0.24269189203981628,0.0,131.5,35.0,0.0,3.0057547321099607,0.1431322675659813,-0.5523442040366786,-0.5667021588965906,1.722656887625035,0.0,8624516.278504461
2.0,0.05,cost_mc,A,2084663.7408003504,0.13169152503931436,59.0,-0.3639943217279436,0.3983857849430319,2.016509711187256,1.9837591306032714,1.0165097111872559,0.08912038370377781,0.2079248366013072,0.8319145180737177,0.18532949049130332,0.0,51.0,8.0,0.0,1.2425996596796272,0.11722349584322962,-0.46093033385106663,-0.4863961166244547,1.8125382934371561,0.0,1645584.6866536383
2.0,0.05,cost_mc,B,3429548.6388353677,0.1781873197978714,122.5,-0.513549626356701,0.8932751393383823,2.2220007746274235,1.8183308095127266,1.2220007746274235,0.1978850039143872,0.38409442724458204,0.6178590030043718,0.28463092832171494,0.0,80.0,26.5,0.0,1.7457001304201012,0.1471117539326854,-0.5518760107888079,-0.5566031583009025,1.700189271108451,0.0,2348603.211779672
2.0,0.05,cost_mc,F,12279374.356848782,0.1575775856728947,182.0,-0.5355065521904779,0.6516215808204349,2.1862496541888174,1.8429939970311437,1.1862496541888174,0.1459476435689936,0.29792539397566326,0.8319145180737177,0.24269189203981628,0.0,131.5,35.0,0.0,3.0057547321099607,0.1431322675659813,-0.5523442040366786,-0.5667021588965906,1.722656887625035,0.0,8624516.278504461
2.0,0.05,mtm_mc,A,2036717.3143061665,0.1290777141610484,57.0,-0.39206285752753056,0.38398861545898083,1.9869360912310734,2.0132375507443996,0.9869360912310733,0.08542840205519635,0.19321895424836602,0.8332850874923659,0.18533462717424495,0.0,49.0,8.0,0.0,1.2125358889099271,0.1107328665152975,-0.45177079226487915,-0.49645795652350333,1.82950499436244,0.0,1599607.508625332
2.0,0.05,mtm_mc,B,3113431.186639556,0.1675179405729771,122.5,-0.4913344918425541,0.8595228314028164,2.020625987323596,1.9797910664400398,1.0206259873235963,0.17406660657992243,0.37074303405572756,0.6506178873508845,0.2724701550836772,0.0,80.0,27.0,0.0,1.6671677434691634,0.14701882254910487,-0.5304723568531958,-0.5358356209030961,1.8605942002873552,0.0,2162102.6221124255
2.0,0.05,mtm_mc,F,10665125.591314813,0.14969551959260596,181.0,-0.5084498166636129,0.6268873300422737,2.041909986663767,1.959775813287368,1.041909986663767,0.13190171381021631,0.2834629962098544,0.8332850874923659,0.23445479206369674,0.0,131.0,35.0,0.0,2.8876574422140653,0.13819035587391676,-0.5315946275795159,-0.5361060509643681,1.82950499436244,0.0,7344710.297411041
2.0,0.05,fixed_mc,A,1860007.9237654037,0.11894555881568514,66.0,-0.38975896388880327,0.34977807401071165,1.996354730846271,2.0036586057564385,0.9963547308462709,0.07509693134115644,0.16584967320261437,0.8420019757875531,0.17720147050455784,0.0,57.0,9.0,0.0,1.1314063715709533,0.11894555881568514,-0.38975896388880327,-0.38975896388880327,2.0036586057564385,0.0,1860007.9237654037
2.0,0.05,fixed_mc,B,2573536.381949873,0.14678992533322344,145.0,-0.5008374940574314,0.688071659748054,1.9157861360367259,2.091958272627539,0.9157861360367259,0.08847426688428095,0.1946594427244582,0.635702179614184,0.2159988547054822,0.0,98.0,29.0,0.0,1.4323612974424065,0.1366589212044218,-0.5459206664874593,-0.5549665274142146,1.989908467254838,0.0,2230672.228294967
2.0,0.05,fixed_mc,F,4924732.363885301,0.10742993597085237,239.0,-0.39164287676240606,0.3770737521580796,1.996354730846271,2.0036586057564385,0.9963547308462709,0.0551609870314719,0.11609814482345901,0.8420019757875531,0.16059457725316312,0.0,180.0,41.0,0.0,2.104301995676466,0.1070313804429539,-0.39164287676240606,-0.39164287676240606,2.0036586057564385,0.0,4881842.939052287
2.0,0.08,cost,A,2034560.6428850074,0.12896007755740635,58.0,-0.37229344554206556,0.4008339695911327,2.0361944189421175,1.9650945466973857,1.036194418942117,0.0918842325140273,0.21058006535947713,0.8319049964355085,0.1867486087433551,0.0,51.0,8.0,0.0,1.2182400202360728,0.11388751479816475,-0.4709720401714063,-0.4955964411464583,1.8253108209078324,0.0,1588115.7833557713
2.0,0.08,cost,B,3230398.3088710583,0.1715762153318222,123.0,-0.5234306823975743,0.8982548747311918,2.2271175888100667,1.8149184270228678,1.2271175888100667,0.20124581842560113,0.38680340557275544,0.612859839686576,0.28635537224637275,0.0,81.0,26.5,0.0,1.6940934410619632,0.14312538070515712,-0.5624313761017139,-0.5669133640407078,1.6653334720352253,0.0,2200761.2803634447
2.0,0.08,cost,F,11372712.1634041,0.15328166066859872,182.0,-0.5424141405251759,0.6529419194679413,2.208251633005649,1.8276487714131595,1.208251633005649,0.14827092990761032,0.3021145022940355,0.8319049964355085,0.2434100312305814,0.0,131.0,35.0,0.0,2.9265696053312626,0.1382396320773939,-0.5628740300073174,-0.576897869260051,1.6945182868586297,0.0,7814725.117922793
2.0,0.08,cost_mc,A,2034560.6428850074,0.12896007755740635,58.0,-0.37229344554206556,0.4008339695911327,2.0361944189421175,1.9650945466973857,1.036194418942117,0.0918842325140273,0.21058006535947713,0.8319049964355085,0.1867486087433551,0.0,51.0,8.0,0.0,1.2182400202360728,0.11388751479816475,-0.4709720401714063,-0.4955964411464583,1.8253108209078324,0.0,1588115.7833557713
2.0,0.08,cost_mc,B,3230398.3088710583,0.1715762153318222,123.0,-0.5234306823975743,0.8982548747311918,2.2271175888100667,1.8149184270228678,1.2271175888100667,0.20124581842560113,0.38680340557275544,0.612859839686576,0.28635537224637275,0.0,81.0,26.5,0.0,1.6940934410619632,0.14312538070515712,-0.5624313761017139,-0.5669133640407078,1.6653334720352253,0.0,2200761.2803634447
2.0,0.08,cost_mc,F,11372712.1634041,0.15328166066859872,182.0,-0.5424141405251759,0.6529419194679413,2.208251633005649,1.8276487714131595,1.208251633005649,0.14827092990761032,0.3021145022940355,0.8319049964355085,0.2434100312305814,0.0,131.0,35.0,0.0,2.9265696053312626,0.1382396320773939,-0.5628740300073174,-0.576897869260051,1.6945182868586297,0.0,7814725.117922793
2.0,0.08,mtm_mc,A,1977381.2509434836,0.12576774195257934,58.0,-0.40045623251923484,0.38979644466235397,1.9889080375630557,2.011224337930844,0.9889080375630558,0.09158040335326771,0.20016339869281047,0.8332834285671129,0.18595908702724556,0.0,50.0,8.0,0.0,1.1838827199862139,0.10737407134220882,-0.4612297165736538,-0.5070172059506094,1.8008477232645348,0.0,1549678.9849050203
2.0,0.08,mtm_mc,B,2990739.278563853,0.1631119130693749,122.0,-0.4962575856878535,0.8583089380498656,2.033974467409461,1.9671467633045467,1.033974467409461,0.17555288503388178,0.37151702786377705,0.6402482829940314,0.2733359312734797,0.0,80.0,27.0,0.0,1.6233609059045129,0.14131772198932482,-0.5312333106821905,-0.5396982960986517,1.8476888392369746,0.0,2096659.4157052825
2.0,0.08,mtm_mc,F,9780135.242786348,0.14487894755914554,180.0,-0.5161549777733213,0.6313333597501407,2.0636411455556516,1.9401668790335258,1.0636411455556511,0.1343361327650675,0.2864552164372631,0.8332834285671129,0.23574932077241556,0.0,130.0,35.0,0.0,2.80714192833789,0.13430697202224548,-0.5316305193662983,-0.5451173859036368,1.8008477232645348,0.0,6584602.125796659
2.0,0.08,fixed_mc,A,1852115.3047695248,0.11847297316670102,68.0,-0.38096242303060224,0.35917618438862625,1.9506069264258583,2.0519595136549786,0.9506069264258584,0.07966240634117434,0.1801470588235294,0.8420019757875531,0.1772528187980658,0.0,59.0,9.0,0.0,1.1236624211927848,0.11794361516917884,-0.38096242303060224,-0.38096242303060224,2.0519595136549786,0.0,1764353.0320531176
2.0,0.08,fixed_mc,B,2563326.81048403,0.14636161385779878,145.0,-0.5054051149203835,0.6969834944325465,1.9057911443734696,2.1040072606270557,0.9057911443734696,0.09016464965398646,0.20626934984520123,0.6353146826865645,0.21751470077300872,0.0,98.0,29.0,0.0,1.413057880362662,0.13508710685291384,-0.555991193846859,-0.5559992387682716,1.9708782541292635,0.0,2100649.7486815653
2.0,0.08,fixed_mc,F,4752965.446689267,0.10552582319577197,241.0,-0.3961034560701592,0.39502328121566577,1.9506069264258583,2.0519595136549786,0.9506069264258584,0.057874522383084465,0.12327947336923997,0.8420019757875531,0.16278868883735342,0.0,181.0,42.0,0.0,2.068626400469314,0.10537996970521282,-0.39796291311598664,-0.4153966432301197,2.0519595136549786,0.0,4653577.659860024
2.25,0.05,cost,A,2304016.3667143686,0.14299426252245784,59.0,-0.40298520485580486,0.4440000975347166,2.363737119499394,1.733281463159864,1.3637371194993937,0.1259482651215637,0.21200980392156862,0.8040260398393474,0.20813608750395868,0.0,51.0,8.0,0.0,1.3400056243851939,0.1268418138318752,-0.5100088029399055,-0.5374753144217337,1.5826847180543815,0.0,1756922.9119201137
2.25,0.05,cost,B,3954473.1967118233,0.19407722984359077,122.0,-0.568380797637939,1.0026275555692068,2.737047949892005,1.5756929510701743,1.7370479498920048,0.2796025336193257,0.47639318885448917,0.5655445247141148,0.32525124839715436,0.0,80.0,26.0,0.0,1.8894813527501566,0.16147653031245074,-0.6125621611744685,-0.6137486550092286,1.4800357406387037,0.0,2497610.18097976
2.25,0.05,cost,F,15655696.180719431,0.17128921090552107,181.0,-0.5894254325545425,0.7313707580286929,2.6520037633029423,1.6053254975692561,1.6520037633029423,0.2071262519539451,0.3423099940155595,0.8040260398393474,0.2750170752823374,0.0,131.0,34.5,0.0,3.236214804954372,0.15364573367809428,-0.6126778100528161,-0.6211335274703254,1.5117703936976312,0.0,10258651.072148867
2.25,0.05,cost_mc,A,2304016.3667143686,0.14299426252245784,59.0,-0.40298520485580486,0.4440000975347166,2.363737119499394,1.733281463159864,1.3637371194993937,0.1259482651215637,0.21200980392156862,0.8040260398393474,0.20813608750395868,0.0,51.0,8.0,0.0,1.3400056243851939,0.1268418138318752,-0.5100088029399055,-0.5374753144217337,1.5826847180543815,0.0,1756922.9119201137
2.25,0.05,cost_mc,B,3954473.1967118233,0.19407722984359077,122.0,-0.568380797637939,1.0026275555692068,2.737047949892005,1.5756929510701743,1.7370479498920048,0.2796025336193257,0.47639318885448917,0.5655445247141148,0.32525124839715436,0.0,80.0,26.0,0.0,1.8894813527501566,0.16147653031245074,-0.6125621611744685,-0.6137486550092286,1.4800357406387037,0.0,2497610.18097976
2.25,0.05,cost_mc,F,15655696.180719431,0.17128921090552107,181.0,-0.5894254325545425,0.7313707580286929,2.6520037633029423,1.6053254975692561,1.6520037633029423,0.2071262519539451,0.3423099940155595,0.8040260398393474,0.2750170752823374,0.0,131.0,34.5,0.0,3.236214804954372,0.15364573367809428,-0.6126778100528161,-0.6211335274703254,1.5117703936976312,0.0,10258651.072148867
2.25,0.05,mtm_mc,A,2228589.701868121,0.13922149188426047,58.0,-0.4121298194425913,0.42928211000195604,2.3124104699826042,1.761957267170808,1.3124104699826042,0.12172562579285157,0.20710784313725492,0.8057891035111044,0.20887448104278084,0.0,50.0,8.0,0.0,1.302535837388172,0.11921444550625437,-0.4945685662444348,-0.5446707257239347,1.6119164818347789,0.0,1708735.0584240444
2.25,0.05,mtm_mc,B,3508902.2325124014,0.18072528727172787,120.0,-0.5393832593364667,0.9491235158900829,2.3657710883434486,1.7321871708037322,1.3657710883434486,0.23881273960646612,0.43982198142414863,0.5990671564930454,0.3056284611777622,0.0,78.0,26.5,0.0,1.776279260235695,0.15547519528567594,-0.5725847738492366,-0.5808644011071351,1.6199547795987252,0.0,2330203.9937294815
2.25,0.05,mtm_mc,F,13177450.380877664,0.1615457239123841,178.0,-0.5571130653096636,0.6984363905684696,2.4054828731892606,1.7114992427923306,1.4054828731892608,0.18217888777315827,0.322262118491921,0.8057891035111044,0.26312480400828786,0.0,128.0,35.0,0.0,3.083139179218725,0.14751304481554792,-0.5734165851413969,-0.59169623284856,1.6119164818347789,0.0,8575825.39396687
2.25,0.05,fixed_mc,A,2013483.547690252,0.12779286562543501,68.0,-0.40573074195472747,0.3906275662318469,2.263490943940781,1.7914579877248962,1.2634909439407809,0.10525241330661851,0.19117647058823528,0.8155093625435789,0.19512709660992686,0.0,59.0,9.0,0.0,1.2104279000398512,0.1274695397462604,-0.42178919218794275,-0.42178919218794275,1.7904489600234237,0.0,2007679.9376455473
2.25,0.05,fixed_mc,B,2795434.502549615,0.15574680521006257,145.0,-0.5489710452339187,0.7459748864207976,2.181229776317171,1.8465753404200427,1.181229776317171,0.11884718823254266,0.26199690402476783,0.5957770321804903,0.23795644593999507,0.0,99.0,29.0,0.0,1.5027698253558086,0.14168588977757834,-0.6050022233890153,-0.6058684105001346,1.7186837046640635,0.0,2331977.3902799156
2.25,0.05,fixed_mc,F,5558267.793809935,0.11394535787212456,244.0,-0.40641966064582524,0.4047356154776939,2.263490943940781,1.7914579877248962,1.2634909439407809,0.07480378688824912,0.12906443247556354,0.8155093625435789,0.1745245930996669,0.0,185.0,41.0,0.0,2.2180594872724457,0.11261837677669169,-0.42178919218794275,-0.42178919218794275,1.7904489600234237,0.0,5404167.786296819
2.25,0.08,cost,A,2229838.6807105197,0.13928488395059313,58.0,-0.413805265564384,0.4489635329788451,2.3878512967883516,1.7205386777148917,1.3878512967883518,0.1292102757315785,0.21691176470588236,0.8036276680779288,0.21104838038705503,0.0,51.0,8.0,0.0,1.3087787060371376,0.1222976316115804,-0.5233583595775485,-0.5509416970302697,1.5819636245271764,0.0,1700249.535084053
2.25,0.08,cost,B,3627583.5866364557,0.18442544233589464,121.0,-0.588652044528275,1.0039570421027488,2.7666862216095462,1.566033712341786,1.7666862216095462,0.28272633477258924,0.4756191950464396,0.5504124352384925,0.3284181890273352,0.0,78.5,26.0,0.0,1.8123285246960084,0.15168427534561352,-0.6190763109649493,-0.6241985287854572,1.4645606638873643,0.0,2312502.5216116295
2.25,0.08,cost,F,14119862.039364005,0.16544141286670078,179.5,-0.6051570441638814,0.7367923308571154,2.69709924408905,1.5892432097082823,1.6970992440890498,0.21100461250623248,0.34460402952323954,0.8036276680779288,0.2771064564335609,0.0,129.0,35.0,0.0,3.1349130280907676,0.14696674893934197,-0.6194667484421493,-0.634780553764694,1.474572888437291,0.0,9221394.577438114
2.25,0.08,cost_mc,A,2229838.6807105197,0.13928488395059313,58.0,-0.413805265564384,0.4489635329788451,2.3878512967883516,1.7205386777148917,1.3878512967883518,0.1292102757315785,0.21691176470588236,0.8036276680779288,0.21104838038705503,0.0,51.0,8.0,0.0,1.3087787060371376,0.1222976316115804,-0.5233583595775485,-0.5509416970302697,1.5819636245271764,0.0,1700249.535084053
2.25,0.08,cost_mc,B,3627583.5866364557,0.18442544233589464,121.0,-0.588652044528275,1.0039570421027488,2.7666862216095462,1.566033712341786,1.7666862216095462,0.28272633477258924,0.4756191950464396,0.5504124352384925,0.3284181890273352,0.0,78.5,26.0,0.0,1.8123285246960084,0.15168427534561352,-0.6190763109649493,-0.6241985287854572,1.4645606638873643,0.0,2312502.5216116295
2.25,0.08,cost_mc,F,14119862.039364005,0.16544141286670078,179.5,-0.6051570441638814,0.7367923308571154,2.69709924408905,1.5892432097082823,1.6970992440890498,0.21100461250623248,0.34460402952323954,0.8036276680779288,0.2771064564335609,0.0,129.0,35.0,0.0,3.1349130280907676,0.14696674893934197,-0.6194667484421493,-0.634780553764694,1.474572888437291,0.0,9221394.577438114
2.25,0.08,mtm_mc,A,2170863.35072185,0.13625551761779808,58.0,-0.4403891762863867,0.4351538858699078,2.3174357430145225,1.7590522012791756,1.3174357430145225,0.12339738768049788,0.20710784313725492,0.8054239126065621,0.20930150110315493,0.0,49.0,8.0,0.0,1.269544491682155,0.11496538340322651,-0.510652648718245,-0.5591258394110399,1.5860959480859178,0.0,1654417.043874133
2.25,0.08,mtm_mc,B,3291173.1037410186,0.17363034853896908,119.0,-0.5497188830067825,0.9581033458217324,2.436831995182109,1.6959755976500075,1.436831995182109,0.24322893379868055,0.4454334365325077,0.5918281552304605,0.3095951453082134,0.0,77.0,27.0,0.0,1.7083324026106268,0.14539437258850735,-0.5850732655168179,-0.592516106918571,1.6072963455710525,0.0,2202043.2754009385
2.25,0.08,mtm_mc,F,11762484.306927767,0.1551675829245881,177.0,-0.5688027934191991,0.7056312764960915,2.4620305935940747,1.683981089097324,1.4620305935940747,0.18788906722661886,0.3282465589467385,0.8054239126065621,0.2657843600588178,0.0,127.0,34.0,0.0,2.9850620495622118,0.14142093944087647,-0.5854336698174031,-0.5992665754805929,1.5860959480859178,0.0,7724076.015381041
2.25,0.08,fixed_mc,A,1971586.679827199,0.12543963753405385,67.0,-0.4174925146824797,0.3967142151173457,2.3052989754700604,1.766108009576797,1.3052989754700601,0.10986167397142818,0.1940359477124183,0.815274903564826,0.19734736011776777,0.0,58.0,9.0,0.0,1.1884056511255703,0.12471024379457041,-0.43361135565199405,-0.43361135565199405,1.7651132600947181,0.0,1958760.9105519543
2.25,0.08,fixed_mc,B,2763561.535682846,0.1545008219412496,143.0,-0.5592385835974742,0.762809311847247,2.19422250286138,1.837364894401153,1.1942225028613802,0.12467322910401468,0.28405572755417957,0.5813347717765186,0.24133301720072506,0.0,97.0,29.0,0.0,1.4794585484685139,0.13897584835885235,-0.617883937606894,-0.6189765743771519,1.7023637829398426,0.0,2222398.5993401124
2.25,0.08,fixed_mc,F,5423712.296546852,0.11262288900961348,242.0,-0.41813297179774744,0.41345282738114375,2.3052989754700604,1.766108009576797,1.3052989754700601,0.07771924705447411,0.13085976461200877,0.815274903564826,0.1771929317420483,0.0,183.0,41.0,0.0,2.190488139888817,0.11071564246825327,-0.43361135565199405,-0.43361135565199405,1.7651132600947181,0.0,5223374.950078232
2.5,0.05,cost,A,2544791.2696548128,0.1543351762737296,59.0,-0.4404250909152473,0.4904297757254924,2.742591556727402,1.5738580291653652,1.7425915567274022,0.16521258294025365,0.2455065359477124,0.7761369462686397,0.23210558343625115,0.0,51.0,8.0,0.0,1.4360879285999082,0.13649065050510095,-0.5555049670329795,-0.5871870788125413,1.4368843644960867,0.0,1891346.9212920186
2.5,0.05,cost,B,4486073.852871789,0.20832851974310773,121.0,-0.6217969088917025,1.1148527437673115,3.3111261543904957,1.432690806108158,2.3111261543904957,0.3741660793273446,0.5288312693498451,0.5062687624821638,0.3677509787525477,0.0,79.0,26.0,0.0,2.015681089880739,0.17292530236801035,-0.6630803625076553,-0.6649030772862143,1.368610696643354,0.0,2676861.4692055853
2.5,0.05,cost,F,19608972.348576173,0.18414265330953594,180.0,-0.6450299233150915,0.8119338615657421,3.2542907748614285,1.443598497215282,2.2542907748614285,0.2723649001404067,0.38519848394175144,0.7761369462686397,0.3103159323159276,0.0,129.5,34.0,0.0,3.4542065159922317,0.16433157731220355,-0.663266860096367,-0.6729291138731689,1.3641863284172853,0.0,11817745.65605662
2.5,0.05,cost_mc,A,2544791.2696548128,0.1543351762737296,59.0,-0.4404250909152473,0.4904297757254924,2.742591556727402,1.5738580291653652,1.7425915567274022,0.16521258294025365,0.2455065359477124,0.7761369462686397,0.23210558343625115,0.0,51.0,8.0,0.0,1.4360879285999082,0.13649065050510095,-0.5555049670329795,-0.5871870788125413,1.4368843644960867,0.0,1891346.9212920186
2.5,0.05,cost_mc,B,4486073.852871789,0.20832851974310773,121.0,-0.6217969088917025,1.1148527437673115,3.3111261543904957,1.432690806108158,2.3111261543904957,0.3741660793273446,0.5288312693498451,0.5062687624821638,0.3677509787525477,0.0,79.0,26.0,0.0,2.015681089880739,0.17292530236801035,-0.6630803625076553,-0.6649030772862143,1.368610696643354,0.0,2676861.4692055853
2.5,0.05,cost_mc,F,19608972.348576173,0.18414265330953594,180.0,-0.6450299233150915,0.8119338615657421,3.2542907748614285,1.443598497215282,2.2542907748614285,0.2723649001404067,0.38519848394175144,0.7761369462686397,0.3103159323159276,0.0,129.5,34.0,0.0,3.4542065159922317,0.16433157731220355,-0.663266860096367,-0.6729291138731689,1.3641863284172853,0.0,11817745.65605662
2.5,0.05,mtm_mc,A,2435616.550354901,0.14931781697344537,58.0,-0.442124573937295,0.4765792955992716,2.658364837240104,1.6030036450814196,1.658364837240104,0.1563896089185629,0.2267156862745098,0.7783173076141702,0.23243498121514067,0.0,50.0,8.0,0.0,1.389689610630278,0.1265072295498731,-0.5399564765863943,-0.590648377710681,1.471661618447779,0.0,1834523.0714133081
2.5,0.05,mtm_mc,B,3894869.092586069,0.19237254131562476,118.0,-0.5843605483367655,1.0511391800448942,2.81710384746163,1.5503328797427653,1.8171038474616303,0.31584062663715295,0.5021284829721362,0.5630100715667081,0.3431959179281297,0.0,76.0,26.5,0.0,1.8730767547793647,0.1601474181145606,-0.6273623671801024,-0.6314903032293251,1.4674076429737215,0.0,2420060.706179008
2.5,0.05,mtm_mc,F,15841833.846891277,0.17196047265654335,177.0,-0.606098795081579,0.7703976138615123,2.861407692272969,1.5372297807525346,1.861407692272969,0.23925035732144795,0.3653500897666068,0.7783173076141702,0.2937664377533077,0.0,127.0,34.0,0.0,3.2700711393020754,0.1563061423366533,-0.6288263092293987,-0.6369853621410678,1.454841223218255,0.0,9752177.614321973
2.5,0.05,fixed_mc,A,2184454.4788882188,0.1369601694297422,68.0,-0.4430418654096788,0.43645294282157054,2.6259177637927253,1.6150372560462913,1.6259177637927253,0.13872087331213998,0.2222222222222222,0.7888578567983641,0.21805225047915883,0.0,59.0,9.0,0.0,1.2923135198347986,0.13670571344768145,-0.4541612949890158,-0.4541612949890158,1.6132377196738557,0.0,2179537.784486459
2.5,0.05,fixed_mc,B,3001441.194945915,0.1635028262528504,144.0,-0.5944095985921307,0.8045277805976486,2.538611463453043,1.6499366628633723,1.5386114634530428,0.15470491183830046,0.30727554179566563,0.5428182228882509,0.26084074347228403,0.0,97.0,29.0,0.0,1.5673990006876601,0.1488143219726689,-0.6616123296937144,-0.6636371313663646,1.5496958809294403,0.0,2253396.2414326156
2.5,0.05,fixed_mc,F,6157657.016199963,0.11948894586407022,247.0,-0.4430418654096788,0.43272799773917325,2.6259177637927253,1.6150372560462913,1.6259177637927253,0.0949963916698765,0.14422501496110113,0.7888578567983641,0.18996991543778885,0.0,187.0,42.0,0.0,2.3266706359999345,0.118912636412974,-0.4541612949890158,-0.4541612949890158,1.6132377196738557,0.0,6092591.393467611
2.5,0.08,cost,A,2432208.6538184374,0.14915843805521023,58.0,-0.4530788850201147,0.4973917180177054,2.765154010268422,1.566553672988297,1.7651540102684218,0.17050775223994794,0.2455065359477124,0.7753425186538543,0.23387819077176927,0.0,51.0,8.0,0.0,1.395415531285517,0.13179485401823218,-0.5707891242191103,-0.6039052064887045,1.4294570993946683,0.0,1813869.717396024
2.5,0.08,cost,B,4122786.234134846,0.19876806416467774,120.0,-0.6440159161919277,1.1252296377553739,3.3791287863872133,1.420321954548141,2.3791287863872133,0.3832505167820853,0.5288312693498451,0.48739048614010605,0.37290008969687416,0.0,78.0,26.0,0.0,1.9264595197397125,0.16150816208403368,-0.678556682642125,-0.6813615316113802,1.3466521774305527,0.0,2403653.111060687
2.5,0.08,cost,F,17033506.95202612,0.1760874204412176,178.0,-0.6570493407232433,0.8236873583448258,3.3445779827886195,1.4265162529385833,2.3445779827886195,0.2815554924305523,0.3911829243965689,0.7753425186538543,0.31426700489023013,0.0,128.0,34.0,0.0,3.3189927805529065,0.1554568629118751,-0.6788335542391271,-0.6888122737205726,1.3442358088361768,0.0,10252615.73566227
2.5,0.08,cost_mc,A,2432208.6538184374,0.14915843805521023,58.0,-0.4530788850201147,0.4973917180177054,2.765154010268422,1.566553672988297,1.7651540102684218,0.17050775223994794,0.2455065359477124,0.7753425186538543,0.23387819077176927,0.0,51.0,8.0,0.0,1.395415531285517,0.13179485401823218,-0.5707891242191103,-0.6039052064887045,1.4294570993946683,0.0,1813869.717396024
2.5,0.08,cost_mc,B,4122786.234134846,0.19876806416467774,120.0,-0.6440159161919277,1.1252296377553739,3.3791287863872133,1.420321954548141,2.3791287863872133,0.3832505167820853,0.5288312693498451,0.48739048614010605,0.37290008969687416,0.0,78.0,26.0,0.0,1.9264595197397125,0.16150816208403368,-0.678556682642125,-0.6813615316113802,1.3466521774305527,0.0,2403653.111060687
2.5,0.08,cost_mc,F,17033506.95202612,0.1760874204412176,178.0,-0.6570493407232433,0.8236873583448258,3.3445779827886195,1.4265162529385833,2.3445779827886195,0.2815554924305523,0.3911829243965689,0.7753425186538543,0.31426700489023013,0.0,128.0,34.0,0.0,3.3189927805529065,0.1554568629118751,-0.6788335542391271,-0.6888122737205726,1.3442358088361768,0.0,10252615.73566227
2.5,0.08,mtm_mc,A,2363737.0301177218,0.14590338938454517,58.0,-0.47265730149455626,0.4775415367752449,2.6732352648773694,1.5976455158158074,1.6732352648773692,0.15627326043915848,0.2267156862745098,0.7775638724185245,0.23198011715523248,0.0,49.0,8.0,0.0,1.3488201693222586,0.12157776280202981,-0.5552946588227865,-0.6056185589290928,1.4474205701027452,0.0,1742960.7324775537
2.5,0.08,mtm_mc,B,3503929.660639489,0.18056702210069941,117.0,-0.605995040564288,1.0666214588850655,2.9054994181394833,1.524799145801842,1.9054994181394833,0.3314901558247585,0.5110294117647058,0.5357917652674504,0.3496999731984163,0.0,76.0,27.0,0.0,1.7772534445121841,0.148501989312248,-0.642275666167046,-0.6442718459162414,1.4525215148743478,0.0,2234274.848674434
2.5,0.08,mtm_mc,F,13888010.364285741,0.16450655867738873,175.0,-0.6252550631611813,0.782017496992484,2.9201733132143413,1.5207869325340375,1.9201733132143413,0.24909261639176802,0.37472571314582087,0.7775638724185245,0.2979753179177986,0.0,125.0,34.0,0.0,3.1394554519392726,0.1475545414525933,-0.6424713096561617,-0.6518329390906339,1.4474205701027452,0.0,8403934.317406744
2.5,0.08,fixed_mc,A,2135946.8256555363,0.1344268381966891,67.0,-0.46926548305209115,0.42580589083031645,2.6650780465868777,1.6005724488709865,1.665078046586878,0.13634374977381358,0.2128267973856209,0.7882438468940327,0.21831437960926467,0.0,58.0,9.0,0.0,1.2668766076474787,0.13332783373721946,-0.48392970608146746,-0.48392970608146746,1.598758586489929,0.0,2115206.757790156
2.5,0.08,fixed_mc,B,2945339.2949825795,0.16143961607328028,142.0,-0.6032402780620474,0.8219159988592684,2.5461197945546203,1.6467804134724648,1.5461197945546206,0.16416139889816628,0.3208204334365325,0.5321858035720223,0.2662613918340173,0.0,95.0,29.0,0.0,1.5357059628550263,0.1421797359666712,-0.6773668337648442,-0.6796951177925317,1.5172844329704085,0.0,2135546.5015063593
2.5,0.08,fixed_mc,F,5950157.2276846655,0.11763032648559035,244.0,-0.46926548305209115,0.4391327823544495,2.6650780465868777,1.6005724488709865,1.665078046586878,0.09463648381930317,0.1400359066427289,0.7882438468940327,0.1925546398531704,0.0,184.0,42.0,0.0,2.293099823484785,0.11733080911143165,-0.48392970608146746,-0.48392970608146746,1.598758586489929,0.0,5902149.614941364
3.0,0.05,cost,A,3083396.575202847,0.17656019605863238,59.0,-0.48407590165275005,0.5785049458730619,3.580022359727599,1.3875944412456465,2.580022359727599,0.24082682152160545,0.26062091503267976,0.7203786241380177,0.2814552547157755,0.0,50.0,8.0,0.0,1.6377447476462836,0.15495528830894587,-0.6400908366098991,-0.6804144411051546,1.2623862316362318,0.0,2173407.1026630406
3.0,0.05,cost,B,5674370.313653855,0.23533390532710186,120.0,-0.7482236270665499,1.355924314023438,5.025981439351929,1.248386640130743,4.025981439351929,0.584315683591939,0.6066176470588236,0.38593517099448965,0.4684069787124762,0.0,77.5,27.0,0.0,2.2626067977210083,0.19365512069692917,-0.7706681502999166,-0.7718390437255247,1.178161211802892,0.0,3067872.6434772164
3.0,0.05,cost,F,30650094.54899373,0.21005973124138289,179.0,-0.7472291747206088,0.9774450427842196,5.02610496491635,1.2483790191775288,4.02610496491635,0.4161972724341842,0.43546778376221823,0.7203786241380177,0.38629196292726764,0.0,129.0,34.0,0.0,3.906349338721962,0.1876147724592785,-0.7707912735783654,-0.7810539646932864,1.1985041947984596,0.0,16715767.305926114
3.0,0.05,cost_mc,A,3083396.575202847,0.17656019605863238,59.0,-0.48407590165275005,0.579224859931522,3.580022359727599,1.3875944412456465,2.580022359727599,0.24208850524639536,0.26062091503267976,0.7203783840776219,0.28110195103223273,0.0,50.0,8.0,0.0,1.6088895904327996,0.14520874423242028,-0.6400908366098991,-0.716029207977743,1.3002131683223082,0.1,1296475.3582883182
3.0,0.05,cost_mc,B,3842614.80664602,0.19085801753869835,127.0,-0.7223639832509217,1.281313848854187,4.239212054296828,1.3087170539687705,3.2392120542968277,0.5167620732760714,0.5876547987616099,0.3851728324083914,0.4308158811954693,2.0,73.5,24.0,0.0,1.9196136893905078,0.14369298566614566,-0.7511812871847525,-0.7515398028018674,1.300049794965233,0.9,1767161.461091379
3.0,0.05,cost_mc,F,20704574.178480595,0.18726719534442104,186.0,-0.7266078528026277,0.939693899922756,4.238767225073868,1.3087594628297698,3.2387672250738677,0.38109703696217734,0.42848593656493117,0.7203783840776219,0.3694110633271208,2.0,123.0,32.0,0.0,3.5411057856095214,0.16218440515559124,-0.751186171796842,-0.769454601559936,1.3002131683223082,0.9875,9360043.273318807
3.0,0.05,mtm_mc,A,2891060.0596849527,0.1690566237666109,58.0,-0.5022717615411794,0.5647795766206456,3.4076262338337218,1.4153523454864707,2.4076262338337218,0.2340869016959281,0.24591503267973855,0.7235322107177136,0.27680594903693434,0.0,50.0,8.0,0.0,1.5511155923974673,0.14207765771961978,-0.6208495744867528,-0.673074267465793,1.3016687610862991,0.0125,2067917.772325565
3.0,0.05,mtm_mc,B,4577763.573606307,0.21062944398096828,118.0,-0.7141792271736984,1.272597687723508,4.016170335675108,1.3315462618846197,3.016170335675108,0.5070775648634606,0.5890092879256966,0.4612469466833634,0.4258679671464742,0.0,74.0,26.0,0.0,2.0067807796300543,0.15990016000087484,-0.736110748551762,-0.7802713103432617,1.3002581170334375,0.1875,1643240.2820022132
3.0,0.05,mtm_mc,F,21105557.095805258,0.18837125459446724,175.0,-0.7167467107671843,0.9324263400836746,4.05073314890037,1.3277908699128247,3.050733148900371,0.3750191965844646,0.4245960502692998,0.7235322107177136,0.36292717362969107,0.0,125.0,34.0,0.0,3.561080504112462,0.16519949075467044,-0.7361239327779208,-0.7455165493306866,1.3016687610862991,0.1125,6819590.290446261
3.0,0.05,fixed_mc,A,2557782.8417934137,0.15491936126462558,68.0,-0.5207718862282995,0.49163154657472224,3.3897617608112802,1.4184517538101866,2.3897617608112802,0.19392775101583218,0.2222222222222222,0.7355548453079359,0.2580554968999764,0.0,59.0,9.0,0.0,1.4499664295712755,0.15491936126462558,-0.5207718862282995,-0.5207718862282995,1.4184517538101866,0.0,2557782.8417934137
3.0,0.05,fixed_mc,B,3392257.301868539,0.17697646509190768,141.0,-0.672335507804504,0.923853617479406,3.4335365657233665,1.4109245836224988,2.4335365657233665,0.23495981842637706,0.36958204334365324,0.4660730439398525,0.30783455408747334,0.0,95.0,29.0,0.0,1.6498033515236536,0.14927940468116047,-0.7684322950269906,-0.7751270279012469,1.3023899654068196,0.3,1762179.9074886327
3.0,0.05,fixed_mc,F,7450906.9442937635,0.1298821072959928,251.0,-0.5207718862282995,0.4695100803434188,3.3897617608112802,1.4184517538101866,2.3897617608112802,0.12665735187911778,0.14542190305206462,0.7355548453079359,0.2174827754284511,0.0,190.0,43.0,0.0,2.519161386237148,0.1298821072959928,-0.5207718862282995,-0.5207718862282995,1.4184517538101866,0.0,7450906.9442937635
3.0,0.08,cost,A,2869885.4487144956,0.16820330347738,58.0,-0.5285194713903549,0.5956310401395802,3.6853310271891138,1.372394387576519,2.6853310271891138,0.2597056813668306,0.2667483660130719,0.7187897722197593,0.28493184075952394,0.0,51.0,8.0,0.0,1.559231102489991,0.14842786637348276,-0.6627176831082305,-0.7032968765190302,1.2487795590590338,0.0,2027139.0220766522
3.0,0.08,cost,B,4983778.225097285,0.22034292781208265,119.0,-0.7604038751740948,1.393599939881252,5.423050419151274,1.2260883876255035,4.423050419151274,0.6214621079385994,0.6201625386996904,0.3701112083423018,0.47813668257449177,0.0,77.0,27.0,0.0,2.1226066380717525,0.17615297110385372,-0.782604011879674,-0.7932881602758846,1.1641353632792857,0.0,2667344.4904580573
3.0,0.08,cost,F,25427395.10833347,0.1991517606336175,177.0,-0.7603850301185486,1.0029885831691057,5.272998668220256,1.2340291843293423,4.272998668220256,0.4369139559950428,0.44434470377019747,0.7187897722197593,0.39482637315984026,0.0,127.5,34.0,0.0,3.6937386915915313,0.17285056873248433,-0.7883540650167874,-0.7932833959020285,1.175845389599455,0.0,12621302.614432966
3.0,0.08,cost_mc,A,2835481.2894707182,0.16680110033591644,60.0,-0.5285194713903549,0.5956310401395802,3.6853310271891138,1.372394387576519,2.6853310271891138,0.2597056813668306,0.2667483660130719,0.7187900122777415,0.28416964039062576,0.0,50.5,8.0,0.0,1.496517112960189,0.12653470363201086,-0.6633017414484389,-0.810253857757907,1.3005743196050903,0.2,662215.4836654402
3.0,0.08,cost_mc,B,3250240.6362213837,0.17224650426164223,126.5,-0.7197992084411704,1.2886286367945514,4.225225677003067,1.3100558224932612,3.2252256770030674,0.5248220812986504,0.5940402476780186,0.3875153304753224,0.43431537937426434,2.0,71.0,23.0,0.0,1.7355069099377676,0.12463484693813416,-0.7589832776103166,-0.7728526941574551,1.30031344864254,0.925,1495969.2397396713
3.0,0.08,cost_mc,F,15475038.559371542,0.17062983889357985,185.0,-0.7362734702260654,0.9513266664927363,4.253863499728781,1.3073269669141159,3.253863499728781,0.393960926255678,0.43357271095152605,0.7187900122777415,0.3709366315617064,2.0,120.0,32.0,0.0,3.258182079836106,0.14599714373997,-0.7728038702622051,-0.8591279183279827,1.3000307887868894,0.9875,4122606.535869635
3.0,0.08,mtm_mc,A,2709791.501692415,0.16155499529597261,58.0,-0.5501569422079029,0.5606092011325479,3.530138558768818,1.3952368476101147,2.530138558768818,0.22942604192477423,0.24591503267973855,0.7220058053563732,0.28052938989035414,0.0,49.0,8.0,0.0,1.4857038062978032,0.13419169115590562,-0.640518027060235,-0.6964689452924865,1.3026474378877597,0.05,1586254.3535348736
3.0,0.08,mtm_mc,B,3322986.6089286194,0.17469417295210554,118.0,-0.7282339867195673,1.2642791905606061,4.218457047568048,1.310707891187906,3.218457047568048,0.5042009314723246,0.5888157894736843,0.4576858472516965,0.4263797359948974,1.0,71.0,26.0,0.0,1.7153802966896603,0.10953948286410117,-0.7576238729773784,-0.7786957719608096,1.3001607961511128,0.5125,976213.850243936
3.0,0.08,mtm_mc,F,16544400.564852636,0.17442769688577442,174.0,-0.7279172763269427,0.9270417496248378,4.205583942262226,1.311955643032869,3.2055839422622263,0.3765119757189398,0.42429682824655895,0.7220058053563732,0.3640435398569384,0.0,121.0,34.0,0.0,3.2413230017467156,0.1403901324144663,-0.7576472845463593,-0.7812765913342854,1.300152413921135,0.4875,3999076.792437374
3.0,0.08,fixed_mc,A,2449034.0278558517,0.14994574168262664,69.0,-0.5196432667951234,0.5107763671648269,3.3503258859413054,1.425472912493367,2.3503258859413054,0.20545731007439785,0.2267156862745098,0.7341817335524475,0.25962074229296317,0.0,60.0,9.0,0.0,1.40651929623151,0.14994574168262664,-0.5196432667951234,-0.5196432667951234,1.425472912493367,0.0,2449034.0278558517
3.0,0.08,fixed_mc,B,3319518.7917821114,0.1745791678482902,139.0,-0.6739279302731256,0.9551487323462284,3.3684365394680467,1.4222194613770824,2.3684365394680467,0.25384781891656266,0.3846749226006192,0.452274977385276,0.31524198488852284,0.0,93.0,28.0,0.0,1.5928167441102121,0.13212797061085993,-0.7763088034182563,-0.7778204089646791,1.3018270649414805,0.325,1569333.888866278
3.0,0.08,fixed_mc,F,7197018.173409259,0.1279848942573194,251.0,-0.5196432667951234,0.4904754651669003,3.3503258859413054,1.425472912493367,2.3503258859413054,0.1359010192216977,0.14801516058248554,0.7341817335524475,0.2218974264987348,0.0,190.0,43.0,0.0,2.4844924214252297,0.1279848942573194,-0.5196432667951234,-0.5196432667951234,1.425472912493367,0.0,7197018.173409259
3.5,0.05,cost,A,3666764.1350787077,0.1969868020655654,59.0,-0.5464306123942624,0.6711281693419711,4.497672270875086,1.285905454482848,3.4976722708750847,0.3233006420951535,0.2679738562091503,0.6646277132350606,0.332608073553211,0.0,50.0,8.0,0.0,1.8064120944491404,0.17224450060311366,-0.7171412397970917,-0.7662491713393174,1.1615709395965932,0.0,2443603.4175864607
3.5,0.05,cost,B,7202545.076895497,0.263357693957751,119.0,-0.8388264923996589,1.6223159060711114,8.686249349495958,1.1301025653419303,7.686249349495958,0.8370017280263182,0.6520897832817337,0.27547350441289675,0.5884631514496623,0.0,77.0,27.0,0.0,2.4946621362303447,0.21582965001333956,-0.8622115130880571,-0.8778026310856981,1.0838959419550371,0.0,3853844.5509468676
3.5,0.05,cost,F,45162504.232150555,0.2330056565157569,178.0,-0.8388033135271832,1.1642291788700645,8.617009577663787,1.1312893617590463,7.617009577663787,0.5870935338443256,0.47047676042290043,0.6646277132350606,0.4791536314264287,0.0,128.0,34.0,0.0,4.2995471509453544,0.20544038322816702,-0.8730669447348607,-0.88397249408425,1.0750851170980793,0.0,20989087.598572403
3.5,0.05,cost_mc,A,3496088.32241401,0.19132957561646402,61.0,-0.5565759813150767,0.6498851581215475,4.21360357695628,1.3111794158517953,3.21360357695628,0.30394353571843097,0.28308823529411764,0.6646280397082782,0.322794597873181,1.0,45.0,7.0,0.0,1.6839837282515604,0.13747352862230758,-0.7067040709964039,-0.783658787404308,1.279884049014643,0.625,1199446.7679422598
3.5,0.05,cost_mc,B,3308609.5832198425,0.17420773840619208,134.0,-0.7502946360190104,1.327570690233612,4.301367798302546,1.302904777297187,3.301367798302546,0.5814667435280461,0.5468266253869969,0.3626082765365225,0.4578994008399119,4.0,68.5,19.0,0.0,1.6651818383795458,0.09885311428192792,-0.8407821768434067,-0.8734176095824733,1.2657120250882872,1.0,919184.1480777428
3.5,0.05,cost_mc,F,17422003.04042933,0.1773659537392871,195.0,-0.7589948306668617,1.0048104964636202,4.310884600637942,1.3020340859058164,3.3108846006379418,0.44948826897416816,0.4083383203670457,0.6646277132350606,0.4009867406286586,5.0,114.0,26.0,0.0,3.3233553276656616,0.13740136116695204,-0.8384301723154955,-0.8663336461934634,1.2627263552729804,1.0,3823893.9889764353
3.5,0.05,mtm_mc,A,3102501.226618267,0.17728175356670628,60.0,-0.5824886754450468,0.6228934072195478,4.17422321255272,1.3150381339970307,3.174223212552719,0.28565319747730206,0.26062091503267976,0.6689342352362948,0.3160279957449631,1.0,46.0,8.0,0.0,1.5766303661798033,0.12501463271243102,-0.67572665877756,-0.7533047014556538,1.3005807430293292,0.5875,1046000.5203102238
3.5,0.05,mtm_mc,B,3207315.8717634305,0.170786185679612,128.0,-0.7601704740916451,1.3367651019330058,4.282227975547157,1.3046711043881887,3.2822279755471566,0.576504274060046,0.5799148606811146,0.39503769785058523,0.46202002007657117,3.0,68.0,21.0,2.0,1.6277601960868942,0.1003446463716322,-0.8054378836682339,-0.846079350211855,1.3001073571021913,1.0,1223182.7297613027
3.5,0.05,mtm_mc,F,15228666.115903018,0.16971875341040266,187.0,-0.7611549529638608,0.991572481139651,4.290629120590536,1.3038932570644353,3.290629120590536,0.4370235528962869,0.4245960502692998,0.6689342352362948,0.4002861922731285,4.0,113.5,29.0,2.0,3.2664708349376723,0.13803977917229998,-0.8053596312700741,-0.8415220678883256,1.3002681144218502,1.0,6268722.374886464
3.5,0.05,fixed_mc,A,2889713.0502960547,0.16900255078500992,70.0,-0.563225733556985,0.5499904409933121,4.093511734526704,1.3232572189201657,3.093511734526704,0.24362781710779405,0.22794117647058823,0.6822276004995264,0.2914311054464702,0.0,61.0,9.0,0.0,1.5719828304056997,0.16900255078500992,-0.563225733556985,-0.563225733556985,1.3232572189201657,0.0,2889713.0502960547
3.5,0.05,fixed_mc,B,3583998.3941486925,0.1830795072409621,140.0,-0.7292543722594655,1.0655580919378917,4.233065065245527,1.3093041423857399,3.233065065245527,0.3357524746755224,0.42221362229102166,0.39907867039469963,0.35552972555851353,1.0,91.0,28.0,0.0,1.7296842849683465,0.15755659200508337,-0.8089740275202629,-0.8573999728696471,1.3006002977916638,0.5125,1842584.6257882281
3.5,0.05,fixed_mc,F,8576043.975563498,0.13761106227590658,253.0,-0.563225733556985,0.50390439070667,4.093511734526704,1.3232572189201657,3.093511734526704,0.15352070956531672,0.14841412327947337,0.6822276004995264,0.23929090765775793,0.0,192.0,43.0,0.0,2.6597983558289,0.13761106227590658,-0.563225733556985,-0.563225733556985,1.3232572189201657,0.0,8576043.975563498
3.5,0.08,cost,A,3422807.952474463,0.18882860841321192,59.0,-0.577974503853694,0.6936439882673493,4.64161986152137,1.2746038480343047,3.64161986152137,0.3424824693420324,0.2798202614379085,0.6622246773973035,0.3406695723657651,0.0,50.0,8.0,0.0,1.731508568602559,0.16023311431536608,-0.7472574814834284,-0.7948669688350826,1.1446276403016389,0.0,2249970.840477971
3.5,0.08,cost,B,5690926.735352574,0.23566915446390246,118.0,-0.8571190353572748,1.6750526087857645,9.662449589662028,1.1154407872391912,8.662449589662028,0.8824966166345398,0.660797213622291,0.24175689075589896,0.612051999776186,0.0,75.5,27.0,0.0,2.296243520047248,0.18742207338394487,-0.8781705447841124,-0.9063032189326418,1.0548248773419495,0.0,2858471.018389485
3.5,0.08,cost,F,35143497.57132772,0.21811085273562192,176.0,-0.850602569491929,1.2007504747563122,9.201696874738253,1.1219271101848354,8.201696874738253,0.6227738703281144,0.4764612008777179,0.6622246773973035,0.4934301377997195,0.0,126.0,34.0,0.0,4.034959766891896,0.18790157646049926,-0.8816661880706053,-0.8883613681163985,1.0797759437631447,0.0,16328860.505546944
3.5,0.08,cost_mc,A,3129411.29213263,0.1782892007468173,61.0,-0.5901885750665679,0.653290627200611,4.233101244351005,1.3093005894335907,3.2331012443510043,0.3081392814046584,0.2875816993464052,0.6622261400695142,0.32703832033327274,1.0,45.0,7.0,0.0,1.5746262691624007,0.12008277797310443,-0.7231552414879864,-0.7923510473027972,1.2734124084082823,0.7625,1167103.6252748691
3.5,0.08,cost_mc,B,2778916.595225404,0.1551015559819129,133.0,-0.7392746682081979,1.3488638145405782,4.301132166254993,1.302926375515935,3.301132166254993,0.5963166416919456,0.559984520123839,0.3871547861420006,0.4612606424444914,4.0,68.0,18.0,0.0,1.52126845433568,0.08048984009014618,-0.844378334025511,-0.8705662137778444,1.270859451156893,1.0,1023495.7819542817
3.5,0.08,cost_mc,F,14058270.009716356,0.16519341853936154,193.0,-0.7678361492295852,1.0222551661459847,4.31821140917281,1.3013671755489313,3.31821140917281,0.464379703123052,0.42070616397366845,0.6622254087334088,0.40571120695618546,5.0,113.0,25.5,0.0,3.1052950374734247,0.1231706009430085,-0.8364494734618086,-0.8811537046360091,1.2653264385875986,1.0,4106303.7568132975
3.5,0.08,mtm_mc,A,2839638.87799049,0.16696306326090826,59.0,-0.6087887429287291,0.6256160907432677,4.199238202924061,1.3125747367674112,3.199238202924061,0.28783684926055364,0.26062091503267976,0.6666171412512009,0.3168915742711601,1.0,44.0,8.0,0.0,1.4853442225355447,0.11850760250133832,-0.7010608839437347,-0.7720404473423419,1.3000703092809878,0.6375,888788.0436408594
3.5,0.08,mtm_mc,B,2561074.874699087,0.1462637770227766,126.0,-0.7697396536463251,1.35724231065953,4.27926203225518,1.3049466743349354,3.27926203225518,0.5897684574910238,0.600812693498452,0.3935065387599496,0.4663684372508001,3.0,67.5,22.0,2.0,1.487713986068317,0.09190960964253461,-0.814485491336202,-0.8524370657503149,1.3000028936437973,1.0,1012539.5349425033
3.5,0.08,mtm_mc,F,11127031.146091573,0.1520530288702674,185.0,-0.769057134168899,1.0057138636026992,4.289201389163033,1.3040251686346314,3.2892013891630336,0.4440928887560741,0.4349690803909835,0.6666171412512009,0.4009615426672941,4.0,111.0,29.0,2.0,2.94911471234657,0.11779004589533137,-0.8255141386737773,-0.8480470661690198,1.3000166671761306,1.0,2098592.6286595888
3.5,0.08,fixed_mc,A,2380952.468251841,0.14672979876609826,73.0,-0.5918235786062691,0.5495157977881264,4.249589149340423,1.3077312097139948,3.2495891493404234,0.23875085683870145,0.22732843137254902,0.6800731866260487,0.29270881035974694,1.0,53.0,9.0,0.0,1.362081778542812,0.13769941925851426,-0.59184694331882,-0.5918677810770887,1.3077312097139946,1.0,2088718.008486533
3.5,0.08,fixed_mc,B,3406209.532464863,0.1774309666690833,138.5,-0.7350842068862182,1.1082348970782605,4.139083047978523,1.3185643656812363,3.1390830479785232,0.3634169680691636,0.4729102167182663,0.38438799066123913,0.3659317857246958,1.0,88.0,27.0,0.0,1.6617905895140943,0.15066608598394196,-0.8233909875546246,-0.8490263591499472,1.3025924138154814,0.6375,1579120.314064913
3.5,0.08,fixed_mc,F,7474007.478264891,0.13005166330251106,251.0,-0.5918238919713225,0.5570428347445944,4.249589149340423,1.3077312097139948,3.2495891493404234,0.16829144613825522,0.15918611609814481,0.6800731866260487,0.2574933058319084,1.0,179.0,43.0,0.0,2.5094852421645206,0.12582841392275984,-0.5918508232153893,-0.6020539980148756,1.3077312097139946,1.0,6596636.887093869
4.0,0.05,cost,A,4315559.227857444,0.21651543913393945,59.0,-0.6061275242357456,0.771204253431414,5.719224958629615,1.211906650879556,4.719224958629615,0.4180840127145797,0.2881944444444444,0.6089073111464388,0.38476585744923114,0.0,50.0,8.0,0.0,1.9787377636498615,0.1888067469150634,-0.7915697922810402,-0.8455874012196004,1.091499159558399,0.0,2757375.3318989696
4.0,0.05,cost,B,8722029.111063547,0.2863084316092859,119.0,-0.9186662206310956,1.9678826231072581,18.806319112228746,1.0561607126094825,17.806319112228746,1.15910925164335,0.6892414860681114,0.15208080516524147,0.7725652922634327,0.0,76.5,27.0,0.0,2.7035640597458213,0.2395700473190005,-0.9547823743987356,-0.9790536151044313,1.0144989860909317,0.0,4445779.991309879
4.0,0.05,cost,F,66343930.00031641,0.2562131424139801,178.0,-0.9165070287519426,1.3831646421442012,18.1282912850741,1.0583829402058937,17.1282912850741,0.7957276119663259,0.49650907640135644,0.6088804857876208,0.6104512509962099,0.0,128.0,35.0,0.0,4.687327130771477,0.22401729379339083,-0.9570076941786184,-0.9790448610724235,1.01277716294597,0.0,25534601.294219706
4.0,0.05,cost_mc,A,2679583.8260835125,0.16026769686611875,68.0,-0.664079143637133,0.688672210256095,4.535883557496373,1.2828157770099846,3.5358835574963727,0.3350150656626433,0.28880718954248363,0.6089073111464388,0.3585338991429892,3.0,42.0,6.0,4.0,1.5202193192067122,0.10771559332341904,-0.7506635761526017,-0.8160151635038521,1.2234253452361277,1.0,1201477.2329968794
4.0,0.05,cost_mc,B,2223575.9167230553,0.13113111082124018,147.0,-0.8108124691677254,1.3613595631336857,4.69708412357884,1.2704882880445196,3.697084123578839,0.624843063011195,0.5137383900928794,0.2847569308331245,0.4797162166254858,8.0,68.0,15.0,1.0,1.27981990168747,0.05959332631240346,-0.8702400752189093,-0.9042034566168687,1.2177413253470946,1.0,584665.494380635
4.0,0.05,cost_mc,F,10671806.340255614,0.14973098951178065,215.5,-0.8306883381549237,1.0307650929444065,4.874772806451418,1.2580802955923143,3.8747728064514178,0.4814122370683345,0.40115699182126474,0.6088868366946733,0.4269690883108914,11.0,109.0,21.5,5.0,2.8549025640089014,0.11537732318356216,-0.8683181784973206,-0.8957610655813206,1.1992508522047645,1.0,2299056.1512190253
4.0,0.05,mtm_mc,A,2502695.8062359,0.15242314082251884,68.0,-0.6814102103084861,0.6395756272094901,4.288303711929167,1.3041081630134899,3.288303711929167,0.2905609672209669,0.28513071895424835,0.6145409584987465,0.34474133635262005,3.0,42.0,6.0,4.0,1.4849806747566112,0.11951531903383858,-0.758261504619516,-0.8400848124503942,1.300039922417809,1.0,1404410.1081423464
4.0,0.05,mtm_mc,B,2430966.8764191465,0.1406567405885949,137.0,-0.7705237019602312,1.383305624107377,4.288043986393014,1.304132265543278,3.2880439863930144,0.6395829015971211,0.5174148606811145,0.35457164964178917,0.4888410061653038,5.0,67.5,19.0,3.0,1.4195073836548229,0.08434331490253798,-0.8621194018284979,-0.8754698701278707,1.3000152772683347,1.0,931293.8802758608
4.0,0.05,mtm_mc,F,11512742.644846663,0.15396592461280834,205.0,-0.7896763445759389,1.0296544519861301,4.313794057816193,1.3017689038759066,3.3137940578161933,0.4746626327562491,0.4061440255336126,0.6145409584987465,0.4276459103479321,8.0,110.0,25.0,6.0,2.9149645061323968,0.11096122216523825,-0.8576590875068979,-0.8743474664392847,1.300011204705231,1.0,3547575.895931995
4.0,0.05,fixed_mc,A,2752678.006671907,0.16337449587756003,80.0,-0.6351774480166006,0.5635777764825545,4.21777421179285,1.3107738548947279,3.2177742117928503,0.25116994919801916,0.21650326797385622,0.6288955562092517,0.31745745683508986,2.0,51.0,7.0,0.0,1.5122912792245224,0.15636814364580726,-0.6448822252879671,-0.657355899010163,1.3001980649932048,1.0,2491444.253751899
4.0,0.05,fixed_mc,B,3329084.457160917,0.1748971325905918,139.0,-0.7646177571555597,1.1842773224323502,4.238459037451151,1.3087888370473433,3.2384590374511513,0.43222350826917116,0.5208978328173375,0.359186549673743,0.4052587699375545,2.0,82.5,26.5,0.0,1.63003452429584,0.12682500189462406,-0.8708451098143628,-0.898291222184512,1.3000458468379998,1.0,697419.7589992542
4.0,0.05,fixed_mc,F,9121001.677633643,0.14101340139162988,263.0,-0.6351774480166006,0.5496267047654753,4.219337490074073,1.3106229260014528,3.219337490074073,0.17402814518102028,0.14462397765808896,0.6288955562092517,0.26928554391647647,2.0,182.0,41.0,0.0,2.709767064382404,0.13855480803733625,-0.6448822252879671,-0.657355899010163,1.3001980649932048,1.0,8424144.852381025
4.0,0.08,cost,A,4028361.770884501,0.20822095424039977,59.0,-0.6414435947848408,0.7867130598417662,5.899959061531733,1.2040842816546489,4.899959061531733,0.43087367085549266,0.2875816993464052,0.6056951347894769,0.39541153750064717,0.0,50.0,8.0,0.0,1.8847620652058878,0.1743548691556758,-0.8214133141078019,-0.8795394533564714,1.072376030599221,0.0,2465690.416584834
4.0,0.08,cost,B,6693062.188069649,0.2546631447534059,116.5,-0.9535179192319805,2.0933122555429144,33.47979960661168,1.0307992149371707,32.47979960661168,1.2836579530680443,0.696013931888545,0.08877485918058432,0.8809350153317251,0.0,74.5,27.0,0.0,2.4207442795602985,0.18738556107924675,-0.98453592660371,-1.0101952765706488,0.9949526272522731,0.0,2599286.5912874527
4.0,0.08,cost,F,49220440.77771269,0.23816386579339033,175.0,-0.9483714975821981,1.4466955983437702,29.67596682533965,1.034875811605968,28.67596682533965,0.8561043138248646,0.4982046678635548,0.4708187851852691,0.6596216272742894,0.0,124.5,34.0,0.0,4.3249396470363894,0.19662329413711238,-0.9852543004162967,-0.9931726102770209,1.0048091184772439,0.0,16956348.351954203
4.0,0.08,cost_mc,A,2484388.3662861995,0.15158325537995787,67.0,-0.6778898329013266,0.6829260836811968,4.59142343375507,1.2784464839013028,3.5914234337550694,0.3349560235711102,0.28880718954248363,0.6056951347894769,0.3607432451900305,3.0,40.5,6.0,4.0,1.4053494402417068,0.10117387031460989,-0.7722964813682468,-0.8204650357075743,1.2223604256543663,1.0,946132.2993125023
4.0,0.08,cost_mc,B,1756701.225769487,0.10633006642359577,147.0,-0.826458954701556,1.3692727397294804,4.77890092682014,1.2646313724081906,3.77890092682014,0.6315980426250081,0.5178018575851393,0.26050885952309655,0.4810253431897326,8.0,67.0,15.0,1.0,1.0729103354763676,0.0531043968314318,-0.8662204901430867,-0.9088072902744183,1.21839962912183,1.0,664546.4310006785
4.0,0.08,cost_mc,F,7381753.816156845,0.12936603396040824,214.5,-0.8332455185809448,1.0366555612893134,4.904575369204286,1.2561128605698748,3.904575369204286,0.48300104272141536,0.4023538799122282,0.6056746601839423,0.42549096791628976,12.0,107.5,21.5,5.0,2.487242758100334,0.09323306126296574,-0.8739141621685269,-0.9128433523139627,1.188099480682486,1.0,1643574.5914765128
4.0,0.08,mtm_mc,A,2341825.496655523,0.1448437598380775,67.0,-0.7029941906235468,0.6551112405713702,4.286609958285132,1.304264915724554,3.2866099582851316,0.30190757402014945,0.28880718954248363,0.6114285573282686,0.34977322184546134,3.0,42.0,6.0,4.0,1.4095961404997168,0.10992362683307011,-0.7735195133682968,-0.8042976259648862,1.3000378872090812,1.0,1433960.404008946
4.0,0.08,mtm_mc,B,1820163.216594818,0.11002512552810773,135.0,-0.787064376999399,1.396938584018912,4.303019204722627,1.3027533343570001,3.3030192047226263,0.6444918684348775,0.5481811145510835,0.3581468630669549,0.4929877972243079,5.0,67.0,19.0,3.0,1.1962000720234067,0.06143830212137367,-0.8688378382359493,-0.8902858232802384,1.3000162972012996,1.0,685404.206963482
4.0,0.08,mtm_mc,F,8764200.205559311,0.13879332700994018,203.0,-0.8015887735461558,1.0313083804414127,4.318674305732449,1.3013251418239453,3.318674305732449,0.48101255598485193,0.40913624576102137,0.6114285573282686,0.4280665212585664,8.0,110.0,25.0,6.5,2.6222259587325736,0.1012490714576467,-0.8666896715130906,-0.8887598156542956,1.3000378872090812,1.0,2659030.1917939335
4.0,0.08,fixed_mc,A,2576557.2343490766,0.15575866493571666,80.0,-0.6490555453947937,0.5654789744247879,4.151216677790597,1.3173377467337877,3.1512166777905968,0.2533921227938851,0.21650326797385622,0.6259554433878431,0.3202101820531547,2.0,49.0,6.0,0.0,1.4502883469718078,0.14927012798560324,-0.662780319445449,-0.6718640128455386,1.3002642758322374,1.0,2354381.247580629
4.0,0.08,fixed_mc,B,3409182.5774566336,0.17752759061135193,138.0,-0.8029787694665971,1.2291947310514724,4.274153147174783,1.3054224879074106,3.2741531471747822,0.47864193919268544,0.5305727554179567,0.2945923249241031,0.41941831150386566,2.0,84.0,25.0,0.0,1.5849731155325366,0.09907397428770486,-0.8704238272109098,-0.9013134300162723,1.3001512650403177,1.0,681075.5202686974
4.0,0.08,fixed_mc,F,8511256.994301971,0.1371929743813899,260.0,-0.6490555453947937,0.5754963098751524,4.246652658783436,1.3080095646589385,3.2466526587834355,0.18424069759592304,0.15938559744663874,0.6259554433878431,0.278687025603374,2.0,177.0,40.0,0.0,2.6162904405632688,0.1263883525842311,-0.662780319445449,-0.6718640128455386,1.3002642758322374,1.0,6552443.553587392
5.0,0.05,cost,A,5885205.11858074,0.2545855277253223,60.0,-0.7173921175000938,0.9567229302371183,8.960521279325233,1.125620774980794,7.960521279325233,0.5889522602617272,0.28921568627450983,0.49753305860316616,0.5020710289269665,0.0,51.0,8.0,0.0,2.280467428704369,0.21966241057767796,-0.9258621511838625,-0.987692771188875,1.0057775856113476,0.0,3404309.180771294
5.0,0.05,cost,B,12731723.249796225,0.33289936692643673,115.5,-1.086048016178049,2.552487917239193,213.34219852387434,0.957972378619369,212.34219852387434,1.7280241969132373,0.7261996904024768,-0.17546136505538423,18.96820870895693,0.0,73.5,27.0,0.0,3.013010367027417,0.24928233426874774,-1.1206930900278882,-1.144936366778282,0.9217117219712545,0.0,3710310.6400302886
5.0,0.05,cost,F,126569044.41070044,0.29616803296150185,176.0,-1.0860285322811625,1.8842950597065782,236.26765528689535,0.9539724356212069,235.26765528689535,1.2810444506840124,0.5200478755236385,-1.381959929456829,14.411450160669721,0.0,125.5,34.5,0.0,5.282751624079173,0.2467710772993416,-1.133683435855506,-1.146786876758628,0.9149308189734232,0.0,34546919.619731754
5.0,0.05,cost_mc,A,2272219.982123442,0.1414170461997759,86.0,-0.6768263185002847,0.7367224336937365,5.726550650394176,1.2115708513106287,4.726550650394176,0.37282192026496674,0.28921568627450983,0.4975693507577262,0.4041849308422,7.0,35.0,6.0,10.0,1.3288069262256776,0.09471328311179619,-0.783080096087864,-0.8309718052911612,1.1689031295360037,1.0,987943.6627756912
5.0,0.05,cost_mc,B,4137601.954531463,0.19915463735599104,179.0,-0.8578377108229882,1.3146145027502305,5.772439169635216,1.2095374573069484,4.772439169635216,0.6001228052255937,0.4315015479876161,0.22871664114593723,0.49965858509897604,15.0,63.0,7.0,18.0,1.930421404366178,0.1321037728566206,-0.8882813371141005,-0.9081796488334473,1.1778634322895094,1.0,1301568.172552281
5.0,0.05,cost_mc,F,17707059.41324275,0.17829937602388657,264.5,-0.858856312065027,1.0383567016272737,5.932704988591546,1.2027292781362608,4.932704988591546,0.49376098607954433,0.3561739477358867,0.49756503728101653,0.4580853512785202,22.0,98.0,13.0,28.5,3.2480181897558653,0.131197126916417,-0.8952841052742709,-0.9255635633284117,1.1689031295360037,1.0,2819547.6134870574
5.0,0.05,mtm_mc,A,2297926.974457768,0.14269356676409317,77.0,-0.7201922428971755,0.7395440072654107,4.465058373976461,1.288595483489647,3.4650583739764613,0.3835379757541745,0.28921568627450983,0.5064441761180402,0.4053819784297077,6.0,35.0,6.0,6.0,1.2422837856481366,0.08016552572220628,-0.792413771478412,-0.8207995334411797,1.2856005832399713,1.0,898492.403977576
5.0,0.05,mtm_mc,B,4132609.884514752,0.19900648468195747,182.0,-0.8473271332223011,1.3221026655925041,4.486415102591527,1.2868275780652298,3.4864151025915278,0.6101926941745964,0.4371130030959752,0.2449711760197884,0.5106173467461765,15.0,61.5,10.0,21.5,1.915633791539713,0.1335162555827631,-0.8874668109211663,-0.9390869231060525,1.2855798481419403,1.0,669318.2110312517
5.0,0.05,mtm_mc,F,14055909.968792776,0.16516101624156743,263.0,-0.8558051389266348,1.0509902305378254,4.490804067267098,1.2864669516648908,3.4908040672670984,0.509314150468696,0.3626570915619389,0.5064424391571158,0.46657385944529817,22.0,96.0,16.0,31.5,3.0965153159612298,0.12430080509621484,-0.897144466974301,-0.9319227932977296,1.2856005832399713,1.0,3219909.9462007065
5.0,0.05,fixed_mc,A,2664846.5957630156,0.1596332262599831,87.0,-0.6176043116615656,0.607697333566927,4.405031491551746,1.2936830542164897,3.405031491551747,0.28457791899367235,0.24060457516339867,0.5222314676287012,0.35540287951418975,3.0,44.0,7.0,1.0,1.4826377278062797,0.15019138217599112,-0.6397357649568238,-0.6775222187924008,1.2856470881386883,1.0,2184576.2230017004
5.0,0.05,fixed_mc,B,3568226.7202835837,0.18258799759777367,155.0,-0.8812230221042168,1.3142008216123413,4.479917202618564,1.2873631700799524,3.479917202618565,0.5656368641636589,0.5344427244582044,0.19714639385942934,0.4643506119915336,11.0,69.0,16.0,3.0,1.413981968128598,0.04932858942113323,-0.918841279242353,-0.9773985382904189,1.28524806208668,1.0,103286.75513830368
5.0,0.05,fixed_mc,F,7371345.489016527,0.1292941593341539,269.0,-0.6592585747677273,0.6282711821361123,4.452218155072915,1.289668848004876,3.4522181550729147,0.20769136637636135,0.1876122082585278,0.5222314676287012,0.3088225764630071,5.0,146.0,39.0,1.0,2.5548614012147675,0.12334717050619477,-0.6901813781799552,-0.7312911079357165,1.2856470881386883,1.0,6117146.86083943
5.0,0.08,cost,A,5318876.230331561,0.24203828375841452,59.0,-0.7571376067802862,0.9816317590561038,9.91646917430105,1.112152389312703,8.91646917430105,0.6112796251161174,0.28921568627450983,0.4927038155129767,0.5172380777282382,0.0,50.0,8.0,0.0,2.1519105223364194,0.2007623462100022,-0.9642797632167706,-1.0312167937382422,0.9851704401423604,0.0,2945306.681849932
5.0,0.08,cost,B,8323475.430843903,0.2806612554079533,114.0,-1.1244272005703935,2.715447880913053,417.49912230917244,0.9381117547952833,416.49912230917244,1.8896231578399711,0.7310371517027864,-0.2425176300306302,19.71377283068511,0.0,72.0,26.0,0.0,2.620159340109239,0.188303423735577,-1.1623628439939977,-1.2246173420019713,0.9091853745573643,0.0,2424089.5022076354
5.0,0.08,cost,F,73922420.01687431,0.26279048321721343,171.5,-1.1244409706670115,1.9052294904885954,480.4561000810195,0.9349729379718119,479.4561000810195,1.2992140962158265,0.5226411330540595,-2.3296869280120376,15.021674872629095,0.0,121.0,34.0,0.0,4.7722668461107105,0.2126268669128923,-1.1622876903658808,-1.2254165841044318,0.8916285890362233,0.0,18786339.205249373
5.0,0.08,cost_mc,A,2133472.524884291,0.13429371882503316,86.0,-0.6944721659306382,0.7361442848788403,5.682367522771695,1.2135671781215143,4.682367522771695,0.37557313932653097,0.28921568627450983,0.4927430919740353,0.40679718026770295,7.0,35.0,6.0,10.0,1.231336997540431,0.08082714368596951,-0.7861181905968319,-0.8522779876622973,1.1709980627854804,1.0,717695.1149454769
5.0,0.08,cost_mc,B,3504781.3592556845,0.1805913404850077,179.0,-0.8612835883748166,1.3224816294952206,5.749685455775225,1.2105402660800573,4.749685455775225,0.6076263305262394,0.42879256965944273,0.2227604343653946,0.5043636670225525,15.0,63.0,7.0,18.0,1.7602886380639284,0.12266414109605397,-0.8963850737336961,-0.9293385567994822,1.1782877316384395,1.0,808964.6611317587
5.0,0.08,cost_mc,F,10505234.434830314,0.1488515963546997,264.0,-0.8686108652676823,1.037189883298032,5.804668116568312,1.2081309821466297,4.804668116568312,0.4962894683146627,0.3537801715539597,0.4927044798645928,0.4613667122848373,23.0,96.0,13.0,28.0,2.885364469752345,0.10974594018611523,-0.9072261992666911,-0.9417352249119344,1.1709980627854804,1.0,1644645.585504903
5.0,0.08,mtm_mc,A,1891403.975471247,0.12080719225798153,77.5,-0.7499486644436607,0.7276739387435776,4.442332954829928,1.290500699433926,3.4423329548299284,0.3705267017572561,0.28921568627450983,0.501790907000255,0.4059390942120178,6.0,35.0,6.0,6.0,1.0942252009201883,0.06413746965167463,-0.8068312962568767,-0.8291144307098319,1.2856957647974785,1.0,736069.7797668095
5.0,0.08,mtm_mc,B,3120234.7213031235,0.16775871400608333,187.0,-0.8743513455858325,1.3293317633440664,4.483589865010824,1.2870601994412896,3.483589865010824,0.6157072702739884,0.43479102167182665,0.20663864657942999,0.5189339965342213,16.0,60.0,10.0,26.0,1.6190069992739555,0.1014724021058168,-0.9084006791158514,-0.9267884249582962,1.2856455332665122,1.0,526097.3430602762
5.0,0.08,mtm_mc,F,9385545.483875459,0.14259044525768616,263.0,-0.8659029184779792,1.0512247056629267,4.488506606877804,1.2866556165964804,3.488506606877804,0.5049999887551027,0.3657490524635947,0.5017466864654702,0.4686892870304894,23.0,94.0,16.0,31.0,2.7340551103401993,0.10206116369366235,-0.8967856182888684,-0.9316557507576286,1.2856388158025562,1.0,3169402.2696663584
5.0,0.08,fixed_mc,A,2511155.163554523,0.15281062739105522,87.0,-0.6285687447008546,0.625018075049613,4.393571418264962,1.2946750324435157,3.393571418264962,0.3021446188877886,0.2434640522875817,0.5177199569114319,0.3628181916830027,3.0,44.0,8.0,2.0,1.4100598288471586,0.14075199515417572,-0.6835514832611161,-0.7594498393825703,1.2856645122933403,1.0,1383071.6578887403
5.0,0.08,fixed_mc,B,3366946.717754908,0.1761462398865018,154.0,-0.8877439981377546,1.3266533211608569,4.4756922129427394,1.2877124724997264,3.475692212942739,0.58324934129298,0.5344427244582044,0.18513622394049561,0.4789845498926047,11.0,68.0,14.5,4.0,1.342438247327369,0.035810760436231576,-0.919470169646468,-0.9654625660142677,1.285403422617234,1.0,176939.2590134536
5.0,0.08,fixed_mc,F,6687138.024415494,0.12397427914974535,268.5,-0.691457351721706,0.655367897733585,4.441064897047721,1.2906077181089155,3.4410648970477213,0.22536787416820608,0.2068621583881907,0.5177199569114319,0.317000182495663,6.0,138.5,39.0,2.0,2.429431982751672,0.11989794222888454,-0.722890879936066,-0.8199466499420363,1.285643702793422,1.0,4726360.364581184
6.0,0.05,cost,A,7715094.87528527,0.2887834060530122,60.0,-0.8125086435729243,1.1397700346756376,15.391069079885671,1.0694926944626995,14.391069079885671,0.7605724813585077,0.29411764705882354,0.3862979431327374,0.6398147076282477,0.0,51.0,8.0,0.0,2.5451130583465376,0.24701342966586334,-1.0430560887481113,-1.1115749793228786,0.9556745278058869,0.0,4084872.9290478905
6.0,0.05,cost,B,16965289.180258337,0.3692208330152321,114.5,-1.2298305040577757,3.670114455448715,1435.055705390897,0.9113099452657196,1434.055705390897,2.8344916915683918,0.743421052631579,-1.030821403530864,34.67622902065318,0.0,72.0,26.0,0.0,3.3340322893500227,0.27520539587565473,-1.2800329545843723,-1.381019595269325,0.8681750221216107,0.0,5047217.6882232195
6.0,0.05,cost,F,215871607.8797589,0.3301514509910909,173.5,-1.2298731001494403,2.54212123809599,1501.0789941036844,0.8966330082886516,1500.0789941036844,1.9231644362534088,0.5296229802513465,-9.200258985252454,27.942110688106,0.0,123.0,34.0,0.0,5.840823542172676,0.27344157593303703,-1.2801102379581069,-1.2990973169881557,0.8467481625701204,0.0,38675146.64385496
6.0,0.05,cost_mc,A,1557262.4684921168,0.09936926187396644,94.0,-0.7230786859460581,0.7537021214208959,7.072559480316391,1.1646752986177051,6.072559480316391,0.38314665672214887,0.29411764705882354,0.4707138654327937,0.4198046588951787,10.0,28.0,5.0,13.0,0.902614656888374,0.035958341195022746,-0.8096592968301943,-0.8615998365577492,1.1411207675161974,1.0,665086.4335133447
6.0,0.05,cost_mc,B,6683219.699286966,0.2544917510295669,253.5,-0.89785003462449,1.3460835304184815,7.370821728169245,1.1569657765580372,6.370821728169245,0.5858682596547047,0.4742647058823529,0.18194750788475816,0.5438179090026962,28.0,59.0,6.0,85.0,2.318066640762693,0.14282750580552678,-0.9179075560173211,-0.9326020635026779,1.1492900966716852,1.0,836213.3882023669
6.0,0.05,cost_mc,F,14993362.307136474,0.16883371647173329,347.0,-0.8905025036105789,1.0623339741235607,7.392085293435806,1.1564434770301932,6.392085293435806,0.4932827179506023,0.3854977059644923,0.44673481126373094,0.4889250410614543,38.0,85.0,11.0,98.0,3.1314443729554524,0.11590833910918423,-0.9126543800226627,-0.9251520185081343,1.1411207675161974,1.0,1390633.796894211
6.0,0.05,mtm_mc,A,1571014.6676822486,0.10033316290068062,92.0,-0.7289167233085667,0.7388790695468938,5.301768226433364,1.2324625474041073,4.301768226433364,0.36616660330620454,0.2908496732026144,0.4802902341588289,0.40397978299643267,10.0,28.0,5.0,12.0,0.9384837027934513,0.060549455614118466,-0.7963308916478975,-0.8414700903010353,1.227393618557808,1.0,642241.8852278627
6.0,0.05,mtm_mc,B,7150171.517426712,0.2624903823573148,257.0,-0.8719758285610975,1.2962205979575379,5.369275446720794,1.228870899202671,4.369275446720794,0.5714147687755218,0.4396284829721362,0.2168545512104359,0.5410061518250426,29.0,56.0,6.0,89.0,2.4576966612537214,0.19869468122845751,-0.9035410966925324,-0.9216015494665285,1.2271732237173953,1.0,2075200.6933633012
6.0,0.05,mtm_mc,F,19218434.262005635,0.1829809158747031,350.0,-0.8727351657332785,1.0341297865989878,5.380012759455072,1.2283098378513249,4.380012759455072,0.47472324050003395,0.37073608617594256,0.4597867000398763,0.48270972863959605,38.0,84.5,12.0,101.0,3.4661137242706404,0.1379050612036096,-0.901280203612126,-0.9103477729526734,1.2271696079508272,1.0,2281727.9072151277
6.0,0.05,fixed_mc,A,1811789.8824617695,0.11602977781776558,98.0,-0.6932088987794186,0.6427980169541616,5.278849297499196,1.233707806458924,4.278849297499196,0.3057436759826603,0.27941176470588236,0.4944337418122708,0.3813172077251519,8.0,30.0,5.5,10.0,1.0888441853197968,0.08233626425169678,-0.7699974862807606,-0.8083673672209036,1.227397941473496,1.0,853228.8068094114
6.0,0.05,fixed_mc,B,4343123.806553578,0.2046533262373521,196.0,-0.8834778860581292,1.320978285404471,5.366746963836618,1.2290034225205946,4.366746963836618,0.555331706614959,0.5669504643962848,0.20359979523794974,0.470849338967792,19.0,69.5,13.0,33.5,1.877092704269311,0.14553670679207958,-0.9147867351405423,-0.9428616417269935,1.2268590203551384,1.0,284718.93258732616
6.0,0.05,fixed_mc,F,6108568.441616323,0.1190546878141715,280.0,-0.7705487776679041,0.7888790655619023,5.322259194257823,1.2313604938283653,4.322259194257823,0.3035012617489783,0.29772591262716935,0.4944337418122708,0.3586592119763107,14.0,116.0,32.0,10.0,2.332829629217419,0.11128485326393618,-0.8389403003925187,-0.9289892558344524,1.227397941473496,1.0,4259525.831989876
6.0,0.08,cost,A,6783817.692769609,0.2724195052531879,59.0,-0.859251711075906,1.1805993867516884,19.411298215734334,1.054316555716256,18.411298215734334,0.8031913046781664,0.29411764705882354,0.37986123261708105,0.6856035542679424,0.0,50.0,8.0,0.0,2.4052246855466017,0.22304934882276353,-1.0896831441299564,-1.163391374740597,0.9343533748411884,0.0,3433087.482758407
6.0,0.08,cost,B,10937699.54921709,0.31398162333611634,111.0,-1.2877124297708393,2.6827341904817494,2262.8983995583835,0.8880885027451466,2261.8983995583835,1.8501176268786346,0.7469040247678018,-0.9525005727136523,41.34498324509107,0.0,69.5,26.0,0.0,2.855578021400777,0.2004145177810762,-1.3349783013976289,-1.3979423746757311,0.8480707786984839,0.0,3319278.4183222977
6.0,0.08,cost,F,117505718.68121788,0.291506845671883,167.0,-1.282041633572933,2.062077607199431,2390.8659360678766,0.877254911866597,2389.8659360678766,1.439840129346032,0.5349092359864354,-8.597549509059663,32.312888341260475,0.0,118.0,34.0,0.0,5.190510518105458,0.22593882548362648,-1.3329930883964465,-1.3908034037258568,0.825660380537733,0.0,18342065.228317752
6.0,0.08,cost_mc,A,1380772.0664970512,0.0863148981011087,93.0,-0.7295824595742073,0.7671684469668594,7.026353588440614,1.1659400388653207,6.026353588440614,0.3938510905514552,0.29411764705882354,0.4663846627640874,0.4236508748258644,10.0,28.0,5.0,13.0,0.8198321773757831,0.03434168650483398,-0.8041478139319472,-0.8727054559708912,1.1393405093228437,1.0,624065.9654940397
6.0,0.08,cost_mc,B,5228922.18615813,0.2258698348064152,253.0,-0.8922355353533407,1.3357345078575071,6.971505731147905,1.1674619509844613,5.971505731147905,0.5843879151597493,0.4649767801857585,0.17928035067999587,0.5446925122506787,28.0,58.0,6.0,85.0,2.1867447250633605,0.11599057008490687,-0.9258358369090297,-0.9410358174147827,1.149422755882185,1.0,793074.5480930287
6.0,0.08,cost_mc,F,12030228.413774673,0.15642855500434827,347.0,-0.8919746718238228,1.06506664678656,7.338761763556846,1.1577629456222018,6.338761763556846,0.4942658956509258,0.38330341113105926,0.40449034048126153,0.49062257703448886,38.0,84.0,11.0,98.0,2.9066213996814616,0.09515119998598034,-0.9147887546251386,-0.9253575111668014,1.1393405093228437,1.0,1819312.5900807418
6.0,0.08,mtm_mc,A,1333043.7126725724,0.08252593730483737,92.0,-0.7353161959389758,0.7377388252572361,5.332234059861836,1.230827787185817,4.332234059861836,0.36683396071251534,0.2908496732026144,0.4534017364499122,0.40748662455551643,10.0,28.0,5.0,12.0,0.8361431408684747,0.0467666884784,-0.8073259031136216,-0.8543926344742316,1.2272991482088413,1.0,771816.5481207656
6.0,0.08,mtm_mc,B,6007449.232059913,0.24196435543308614,257.0,-0.8778130506569588,1.2997187504296464,5.3760146137692395,1.22851843257369,4.3760146137692395,0.580924882133373,0.44136996904024767,0.2075519573965241,0.5424756918238207,29.0,56.0,7.0,89.0,2.3138758885459163,0.17338669195401893,-0.9104373106001831,-0.926364566968006,1.2271731857563362,1.0,1690004.6868632578
6.0,0.08,mtm_mc,F,15384924.947715161,0.1702990095168222,350.0,-0.8726136375847908,1.0373129166092068,5.381299196569303,1.2282428022204819,4.381299196569303,0.4772969327188174,0.37133453022142426,0.44657468021642854,0.48235978808160673,38.5,84.0,11.0,101.0,3.221572118200979,0.12367975491936198,-0.9048508967887868,-0.917547261367126,1.2271913045795038,1.0,3324756.875399017
6.0,0.08,fixed_mc,A,1716824.7991157344,0.11007737647469806,98.5,-0.7050347578080098,0.6516700135678228,5.285819007316952,1.2333276585331254,4.285819007316952,0.31141856614573804,0.28880718954248363,0.48960834660697494,0.3847129618539278,9.0,30.0,5.0,10.5,1.0050647881726795,0.07002090941892099,-0.7850835362768072,-0.8535085607244496,1.227274502062964,1.0,789382.2370423145
6.0,0.08,fixed_mc,B,4130086.898407411,0.19896759930449126,195.0,-0.8821563967605779,1.3458408762036553,5.372357443893329,1.2287095720860275,4.372357443893329,0.5864394506720515,0.5677244582043344,0.20752397134827338,0.4812318692098697,20.5,69.0,12.0,34.0,1.5921490929746338,0.06613353558437873,-0.9219218196660987,-0.987114698753964,1.2265736827535134,1.0,12347.469725229766
6.0,0.08,fixed_mc,F,5672341.500919335,0.11504285983275309,280.0,-0.8026326645756339,0.8385415660633551,5.333508498565076,1.2307600896707978,4.333508498565076,0.32983249884572463,0.33961699581089166,0.48960834660697494,0.36822017899390447,15.5,116.0,31.0,12.5,2.253725158474754,0.10743876266583315,-0.8655181624489364,-0.9122912046791276,1.227274502062964,1.0,4204665.222806925
